image_path,split,bbox_x,bbox_y,bbox_w,bbox_h,category,lower_subtype,pant_leg_shape,pant_length,lower_detail,sleeve_length,sleeve_shape,upper_length,lower_length,neckline,collar,upper_fit,lower_fit,silhouette,pattern,material,detail
fashionpedia_seed/images/99601fa457d157b81154d089966c2e3a.jpg,val,392.0,407.0,241.0,274.0,코트,,,,,긴팔,기본 소매,,,,,레귤러핏,,,무지,,지퍼|후드
fashionpedia_seed/images/0309e132bc5fbc75f977005b2d4a79e3.jpg,train,58.0,183.0,323.0,632.0,코트,,,,,긴팔,,,,,,레귤러핏,,,무지,퍼·플리스,
fashionpedia_seed/images/0309e132bc5fbc75f977005b2d4a79e3.jpg,train,164.0,250.0,127.0,653.0,점프수트,,,,,,,,롱·긴바지 기장,,,,,,,,
fashionpedia_seed/images/bfabcacd46568489e6ae0d4952ecccf9.jpg,train,228.0,444.0,185.0,476.0,팬츠,,,,,,,,롱·긴바지 기장,,,,슬림핏,,무지,,
fashionpedia_seed/images/bfabcacd46568489e6ae0d4952ecccf9.jpg,train,138.0,144.0,365.0,612.0,코트,,,,,7부 소매,,,,,라펠 칼라,여유핏,,,무지,,
fashionpedia_seed/images/bfabcacd46568489e6ae0d4952ecccf9.jpg,train,259.0,307.0,197.0,141.0,티셔츠,,,,,긴팔,,크롭 기장,,,,레귤러핏,,,무지,,
fashionpedia_seed/images/c2d80480b743d45143725a5c223c16d9.jpg,train,93.0,389.0,473.0,631.0,스커트,,,,,,,,롱·긴바지 기장,,,,,,무지,,지퍼
fashionpedia_seed/images/c2d80480b743d45143725a5c223c16d9.jpg,train,224.0,213.0,457.0,319.0,티셔츠,,,,,긴팔,기본 소매,크롭 기장,,,,슬림핏,,,플로럴,,
fashionpedia_seed/images/d67ad10df9224b51361c9dfb18f5a9ef.jpg,train,170.0,529.0,214.0,389.0,팬츠,,,,,,,,롱·긴바지 기장,,,,,,무지,,
fashionpedia_seed/images/d67ad10df9224b51361c9dfb18f5a9ef.jpg,train,97.0,162.0,336.0,400.0,셔츠,,,,,긴팔,벌룬 소매,기본 기장,,,셔츠 칼라,레귤러핏,,,카모,,단추
fashionpedia_seed/images/d67ad10df9224b51361c9dfb18f5a9ef.jpg,train,164.0,179.0,215.0,378.0,베스트,,,,,,,크롭 기장,,,라펠 칼라,레귤러핏,,,무지,,단추
fashionpedia_seed/images/2e783ef225f6afd2c16ceac5482d955c.jpg,train,467.0,207.0,90.0,133.0,티셔츠,,,,,반팔,기본 소매,기본 기장,,,,슬림핏,,,무지,,
fashionpedia_seed/images/2e783ef225f6afd2c16ceac5482d955c.jpg,train,452.0,330.0,147.0,226.0,팬츠,,,,,,,,롱·긴바지 기장,,,,슬림핏,,무지,,
fashionpedia_seed/images/c47f02a61808cde22c26d21fb035da83.jpg,train,74.0,182.0,507.0,693.0,원피스,,,,,긴팔,기본 소매,,롱·긴바지 기장,,,,,A라인,플로럴,,지퍼|프릴·러플
fashionpedia_seed/images/4454d33644695b5b14cffba84ceb8066.jpg,train,204.0,628.0,122.0,284.0,팬츠,,,,,,,,롱·긴바지 기장,,,,슬림핏,,무지,,
fashionpedia_seed/images/4454d33644695b5b14cffba84ceb8066.jpg,train,141.0,155.0,256.0,503.0,원피스,,,,,긴팔,기본 소매,,쇼츠·미니 기장,터틀넥,,,,,무지,,지퍼
fashionpedia_seed/images/5fc499c60fc95671180347cf63b6f31a.jpg,val,237.0,215.0,186.0,280.0,탑,,,,,,,기본 기장,,,,슬림핏,,,무지,,
fashionpedia_seed/images/5fc499c60fc95671180347cf63b6f31a.jpg,val,237.0,457.0,185.0,426.0,청바지,,,,,,,,롱·긴바지 기장,,,,슬림핏,,무지,데님,
fashionpedia_seed/images/790cc5b2e3f130e9f45cde050b74c055.jpg,train,478.0,163.0,99.0,239.0,셔츠,,,,,,,,,,스탠드 칼라,레귤러핏,,,무지,,단추
fashionpedia_seed/images/790cc5b2e3f130e9f45cde050b74c055.jpg,train,395.0,180.0,249.0,388.0,가디건,,,,,긴팔,기본 소매,,,,,여유핏,,,무지,니트,단추|포켓
fashionpedia_seed/images/790cc5b2e3f130e9f45cde050b74c055.jpg,train,342.0,398.0,256.0,552.0,청바지,,,,,,,,롱·긴바지 기장,,,,,,무지,데님,
fashionpedia_seed/images/5b7dfd2d006e7f0dd2bd673dd009d413.jpg,train,170.0,240.0,258.0,345.0,점프수트,,,,,긴팔,기본 소매,,쇼츠·미니 기장,,라펠 칼라,슬림핏,,,무지,,
fashionpedia_seed/images/c091531b2b5cb6a6c8ad2ce197d530f4.jpg,train,522.0,122.0,340.0,364.0,원피스,,,,,,,,미디·7부 기장,스퀘어넥,,,,X라인,무지,,지퍼|프릴·러플
fashionpedia_seed/images/7f7cbaa6ea88b24f0e81c06355b380dc.jpg,train,217.0,169.0,263.0,466.0,원피스,,,,,긴팔,벨 소매,,쇼츠·미니 기장,,,,,A라인,무지,,
fashionpedia_seed/images/6c8834c6e3dfa2b294971d118eb505e8.jpg,val,116.0,273.0,582.0,749.0,원피스,,,,,,벨 소매,,롱·긴바지 기장,,,,,H라인,무지,,지퍼
fashionpedia_seed/images/76865174d4c6dd61ba58e6ed3413295f.jpg,val,152.0,189.0,289.0,318.0,원피스,,,,,긴팔,기본 소매,,,,,,,H라인,무지,,
fashionpedia_seed/images/dad3059af72872890ea3be6112567861.jpg,train,453.0,273.0,154.0,399.0,원피스,,,,,,,,,,,,,,그래픽,,지퍼
fashionpedia_seed/images/98bc03e3db325b0031a15378e3f1e7e8.jpg,train,245.0,170.0,224.0,452.0,원피스,,,,,긴팔,,,쇼츠·미니 기장,,셔츠 칼라,,,H라인,도트,,벨트
fashionpedia_seed/images/25fb92c0d8ca2d4d159bfcd674b484d8.jpg,train,388.0,207.0,292.0,466.0,티셔츠,,,,,반팔,기본 소매,크롭 기장,,,,여유핏,,,무지,,
fashionpedia_seed/images/9466c1ebff0cc438549ceae3e46a14f5.jpg,train,624.0,356.0,118.0,315.0,티셔츠,,,,,,,기본 기장,,V넥,,슬림핏,,,,,
fashionpedia_seed/images/9466c1ebff0cc438549ceae3e46a14f5.jpg,train,483.0,302.0,402.0,379.0,블레이저,,,,,긴팔,기본 소매,,,,라펠 칼라,레귤러핏,,,무지,,단추|지퍼
fashionpedia_seed/images/0544acba02e8776a56fde74f83633c21.jpg,train,332.0,353.0,85.0,37.0,쇼츠,,,,,,,,쇼츠·미니 기장,,,,,,무지,,
fashionpedia_seed/images/0544acba02e8776a56fde74f83633c21.jpg,train,317.0,204.0,132.0,161.0,블레이저,,,,,7부 소매,벨 소매,크롭 기장,,,,레귤러핏,,,무지,,
fashionpedia_seed/images/0544acba02e8776a56fde74f83633c21.jpg,train,337.0,211.0,87.0,156.0,탑,,,,,,,기본 기장,,라운드넥,,여유핏,,,,,
fashionpedia_seed/images/473ca12a9a40ada656994abef67bf900.jpg,train,248.0,381.0,200.0,283.0,스커트,,,,,,,,쇼츠·미니 기장,,,,,비대칭,무지,,지퍼
fashionpedia_seed/images/473ca12a9a40ada656994abef67bf900.jpg,train,183.0,177.0,264.0,229.0,탑,,,,,반팔,기본 소매,크롭 기장,,라운드넥,,슬림핏,,,무지|플로럴,,
fashionpedia_seed/images/2a191fe07d0c2f63c5192d7effcec0c1.jpg,train,206.0,259.0,213.0,355.0,원피스,,,,,긴팔,기본 소매,,쇼츠·미니 기장,,,,,,무지,,
fashionpedia_seed/images/c0516e19209daa9918403bf876011f1a.jpg,train,233.0,187.0,200.0,417.0,원피스,,,,,,,,쇼츠·미니 기장,,,,,H라인,무지,,플리츠|지퍼
fashionpedia_seed/images/77e9eefca9b24d5d5b2ca7a43d1fc1ce.jpg,val,237.0,250.0,148.0,173.0,탑,,,,,,,크롭 기장,,,,슬림핏,,,무지,,
fashionpedia_seed/images/77e9eefca9b24d5d5b2ca7a43d1fc1ce.jpg,val,223.0,416.0,179.0,265.0,스커트,,,,,,,,쇼츠·미니 기장,,,,스트레이트핏,H라인,무지,,지퍼
fashionpedia_seed/images/330629f6ea12a084fa484a2ae181d1ab.jpg,train,260.0,626.0,213.0,264.0,팬츠,,,,,,,,롱·긴바지 기장,,,,와이드핏,,무지,,
fashionpedia_seed/images/330629f6ea12a084fa484a2ae181d1ab.jpg,train,203.0,158.0,328.0,482.0,코트,,,,,긴팔,기본 소매,,,,라펠 칼라,레귤러핏,,,무지,,단추|포켓|벨트
fashionpedia_seed/images/330629f6ea12a084fa484a2ae181d1ab.jpg,train,315.0,172.0,70.0,127.0,셔츠,,,,,,,,,,셔츠 칼라,,,,플로럴,,단추
fashionpedia_seed/images/035b280e6bfd861226dbd2d1c8f89873.jpg,train,190.0,393.0,170.0,380.0,블레이저,,,,,긴팔,,기본 기장,,,라펠 칼라,레귤러핏,,,무지,,단추
fashionpedia_seed/images/035b280e6bfd861226dbd2d1c8f89873.jpg,train,190.0,368.0,147.0,314.0,셔츠,,,,,긴팔,,,,,셔츠 칼라,레귤러핏,,,그래픽,,단추
fashionpedia_seed/images/035b280e6bfd861226dbd2d1c8f89873.jpg,train,193.0,603.0,167.0,420.0,팬츠,,,,,,,,롱·긴바지 기장,,,,,,무지,,
fashionpedia_seed/images/035b280e6bfd861226dbd2d1c8f89873.jpg,train,154.0,371.0,353.0,556.0,코트,,,,,,기본 소매,,,,,레귤러핏,,,무지,,단추|포켓
fashionpedia_seed/images/3fcfa9cf841c43da1cf40ff998939b21.jpg,train,279.0,319.0,216.0,513.0,원피스,,,,,반팔,퍼프 소매,,쇼츠·미니 기장,,,레귤러핏,,,무지|플로럴,,
fashionpedia_seed/images/a2f2fb31d3d5ee496df28eb7c43304da.jpg,train,221.0,243.0,202.0,298.0,탑,,,,,,,기본 기장,,라운드넥,,레귤러핏,,비대칭,,,
fashionpedia_seed/images/a2f2fb31d3d5ee496df28eb7c43304da.jpg,train,218.0,510.0,174.0,358.0,팬츠,,,,,,,,롱·긴바지 기장,,,,스트레이트핏,H라인,무지,,
fashionpedia_seed/images/9edbd54a4c03d778b681d78f52a98fb2.jpg,train,335.0,206.0,228.0,295.0,티셔츠,,,,,반팔,기본 소매,크롭 기장,,터틀넥,,레귤러핏,,,무지,,리본
fashionpedia_seed/images/9edbd54a4c03d778b681d78f52a98fb2.jpg,train,259.0,484.0,553.0,538.0,스커트,,,,,,,,롱·긴바지 기장,,,,,,무지,,지퍼|프릴·러플
fashionpedia_seed/images/1dffba470396e2e75841783f4584ed86.jpg,train,612.0,92.0,335.0,359.0,티셔츠,,,,,긴팔,기본 소매,크롭 기장,,,,레귤러핏,,비대칭,무지,,
fashionpedia_seed/images/1dffba470396e2e75841783f4584ed86.jpg,train,725.0,151.0,152.0,268.0,탑,,,,,,,기본 기장,,,,,,,무지,,
fashionpedia_seed/images/1dffba470396e2e75841783f4584ed86.jpg,train,660.0,347.0,155.0,138.0,쇼츠,,,,,,,,쇼츠·미니 기장,,,,,,무지,,
fashionpedia_seed/images/6de0db96e14807a6824c20a3e4985fa9.jpg,train,185.0,458.0,317.0,532.0,원피스,,,,,,,,쇼츠·미니 기장,,,,,A라인,무지,,지퍼
fashionpedia_seed/images/500b11585be57e3a6392ccca2b946872.jpg,train,275.0,392.0,181.0,299.0,스커트,,,,,,,,쇼츠·미니 기장,,,,,,체크,,지퍼
fashionpedia_seed/images/500b11585be57e3a6392ccca2b946872.jpg,train,315.0,216.0,106.0,190.0,티셔츠,,,,,,,크롭 기장,,,,슬림핏,,,무지,,
fashionpedia_seed/images/500b11585be57e3a6392ccca2b946872.jpg,train,184.0,184.0,326.0,372.0,코트,,,,,긴팔,기본 소매,,,,,레귤러핏,,,무지,퍼·플리스,지퍼|포켓|벨트
fashionpedia_seed/images/8d246107cf4c81dad01bc57c980dcb11.jpg,train,236.0,175.0,234.0,452.0,원피스,,,,,긴팔,기본 소매,,쇼츠·미니 기장,,,,,,무지,,지퍼
fashionpedia_seed/images/bf916c006f8adb3c0a45b5a7bfe4d782.jpg,train,253.0,174.0,207.0,428.0,원피스,,,,,,,,쇼츠·미니 기장,라운드넥,,,,,무지,,지퍼|벨트
fashionpedia_seed/images/d7054d8a639b2385be571b5795d183cb.jpg,train,23.0,169.0,602.0,821.0,원피스,,,,,,,,롱·긴바지 기장,홀터넥,,,,,플로럴,,지퍼
fashionpedia_seed/images/8a3628a193ab4f72edae6d793a61e649.jpg,val,198.0,459.0,312.0,564.0,원피스,,,,,,,,,,,,,H라인,무지,,지퍼
fashionpedia_seed/images/12b3bdbd6cc7f9a136903bdf8c868d1a.jpg,val,169.0,194.0,185.0,405.0,원피스,,,,,,,,쇼츠·미니 기장,보트넥,,,,비대칭,무지,,
fashionpedia_seed/images/469a44a83fb852b12df0254a0bd57746.jpg,train,114.0,271.0,326.0,583.0,원피스,,,,,7부 소매,기본 소매,,쇼츠·미니 기장,보트넥,,,,A라인,플로럴,,지퍼
fashionpedia_seed/images/517a8397f4b67050adbbb77fc38d94f3.jpg,train,124.0,393.0,204.0,189.0,스커트,,,,,,,,쇼츠·미니 기장,,,,플레어핏,,스트라이프,,
fashionpedia_seed/images/517a8397f4b67050adbbb77fc38d94f3.jpg,train,136.0,256.0,175.0,151.0,티셔츠,,,,,7부 소매,기본 소매,크롭 기장,,,,슬림핏,,,무지,,
fashionpedia_seed/images/3eb7a0ff606c78fe102f35a98f08573c.jpg,train,264.0,216.0,169.0,241.0,탑,,,,,,,기본 기장,,보트넥,,여유핏,,,플로럴,,
fashionpedia_seed/images/3eb7a0ff606c78fe102f35a98f08573c.jpg,train,236.0,418.0,193.0,177.0,쇼츠,,,,,,,,쇼츠·미니 기장,,,,,,무지,,
fashionpedia_seed/images/3eb7a0ff606c78fe102f35a98f08573c.jpg,train,197.0,186.0,287.0,421.0,코트,,,,,7부 소매,기본 소매,,,,,레귤러핏,,,무지,,
fashionpedia_seed/images/f34e07c4b4f56e31d7ccc19ad83de29b.jpg,train,269.0,145.0,349.0,506.0,코트,,,,,긴팔,기본 소매,,,,셔츠 칼라,레귤러핏,,,무지,,단추|포켓|벨트
fashionpedia_seed/images/f34e07c4b4f56e31d7ccc19ad83de29b.jpg,train,356.0,636.0,158.0,340.0,청바지,,,,,,,,롱·긴바지 기장,,,,,,무지,데님,
fashionpedia_seed/images/03fc99c4deaf14724ef6277dec16b8e8.jpg,train,204.0,130.0,330.0,467.0,코트,,,,,긴팔,기본 소매,,,,셔츠 칼라,레귤러핏,,,무지,,포켓
fashionpedia_seed/images/03fc99c4deaf14724ef6277dec16b8e8.jpg,train,277.0,160.0,195.0,483.0,원피스,,,,,,,,무릎 기장,라운드넥,,,,H라인,무지,,벨트
fashionpedia_seed/images/6d734ccae856df8a0bf85bb3f658bbbb.jpg,train,265.0,232.0,123.0,347.0,원피스,,,,,,,,쇼츠·미니 기장,,,,,A라인,무지,,지퍼
fashionpedia_seed/images/6d734ccae856df8a0bf85bb3f658bbbb.jpg,train,171.0,185.0,281.0,433.0,코트,,,,,긴팔,,,,,,슬림핏,,,무지,,벨트
fashionpedia_seed/images/c49c54015b966bc7220c18569088e5ea.jpg,val,141.0,490.0,378.0,312.0,청바지,,,,,,,,롱·긴바지 기장,,,,슬림핏,,무지,데님,포켓
fashionpedia_seed/images/c49c54015b966bc7220c18569088e5ea.jpg,val,351.0,396.0,171.0,251.0,탑,,,,,,,기본 기장,,,,슬림핏,,,애니멀,,
fashionpedia_seed/images/9cd3cff73af684ecd82abd69080a7a2b.jpg,val,160.0,394.0,191.0,223.0,스커트,,,,,,,,쇼츠·미니 기장,,,,플레어핏,,플로럴,,
fashionpedia_seed/images/9cd3cff73af684ecd82abd69080a7a2b.jpg,val,196.0,180.0,141.0,231.0,티셔츠,,,,,,,크롭 기장,,,,슬림핏,,,무지,,
fashionpedia_seed/images/5f1a6fc913ba40dee4d94b3428afba15.jpg,train,389.0,293.0,240.0,378.0,원피스,,,,,긴팔,기본 소매,,쇼츠·미니 기장,,,,,H라인,무지,,
fashionpedia_seed/images/d36482dcef46afcfcb7d96013c0715c2.jpg,train,260.0,210.0,154.0,320.0,탑,,,,,,,,,,,여유핏,,,무지,,
fashionpedia_seed/images/d36482dcef46afcfcb7d96013c0715c2.jpg,train,274.0,519.0,129.0,235.0,청바지,,,,,,,,롱·긴바지 기장,,,,스트레이트핏,H라인,무지,데님,
fashionpedia_seed/images/60d05fa8bc73b960e13f73cb8a312b0e.jpg,val,147.0,269.0,203.0,447.0,원피스,,,,,,,,쇼츠·미니 기장,,,여유핏,,,무지,,
fashionpedia_seed/images/60d05fa8bc73b960e13f73cb8a312b0e.jpg,val,27.0,208.0,547.0,782.0,코트,,,,,긴팔,기본 소매,,,,라펠 칼라,여유핏,,,무지,,
fashionpedia_seed/images/4e989be425f62825e162da25987cd683.jpg,train,180.0,207.0,174.0,285.0,탑,,,,,,,기본 기장,,,,레귤러핏,,,무지,,
fashionpedia_seed/images/4e989be425f62825e162da25987cd683.jpg,train,172.0,470.0,179.0,366.0,팬츠,,,,,,,,롱·긴바지 기장,,,,슬림핏,,무지,,
fashionpedia_seed/images/4e989be425f62825e162da25987cd683.jpg,train,144.0,182.0,283.0,343.0,블레이저,,,,,긴팔,기본 소매,크롭 기장,,,,레귤러핏,,,,,단추
fashionpedia_seed/images/cf8fbb58ce182fb9976486509e220efd.jpg,train,127.0,192.0,372.0,713.0,원피스,,,,,긴팔,벨 소매,,롱·긴바지 기장,,,,,A라인,무지,,
fashionpedia_seed/images/7229de52add8dfb593d50f63cc39df10.jpg,train,223.0,211.0,205.0,766.0,원피스,,,,,,,,롱·긴바지 기장,,,,,비대칭,무지,,지퍼
fashionpedia_seed/images/72a138c47a27759553ebb2b2c1a94707.jpg,val,411.0,402.0,229.0,549.0,팬츠,,,,,,,,롱·긴바지 기장,,,,와이드핏,,플로럴,,
fashionpedia_seed/images/72a138c47a27759553ebb2b2c1a94707.jpg,val,453.0,198.0,260.0,298.0,셔츠,,,,,긴팔,기본 소매,,,,셔츠 칼라,레귤러핏,,,무지,,단추
fashionpedia_seed/images/72a138c47a27759553ebb2b2c1a94707.jpg,val,435.0,199.0,276.0,344.0,블레이저,,,,,긴팔,기본 소매,기본 기장,,,,레귤러핏,,,무지,,단추
fashionpedia_seed/images/4c528816dbb9d5ba947d10b145fcb5f1.jpg,train,221.0,214.0,281.0,554.0,원피스,,,,,반팔,벨 소매,,미디·7부 기장,,,여유핏,,비대칭,무지,,리본
fashionpedia_seed/images/84a4f4463d6e730c24bc14c5db844e0f.jpg,train,244.0,519.0,173.0,72.0,스커트,,,,,,,,쇼츠·미니 기장,,,,플레어핏,,무지,,플리츠
fashionpedia_seed/images/84a4f4463d6e730c24bc14c5db844e0f.jpg,train,207.0,224.0,262.0,352.0,재킷,,,,,긴팔,기본 소매,기본 기장,,,,레귤러핏,,,무지,퍼·플리스,단추
fashionpedia_seed/images/84a4f4463d6e730c24bc14c5db844e0f.jpg,train,305.0,234.0,103.0,289.0,후드티,,,,,긴팔,기본 소매,기본 기장,,,,레귤러핏,,,스트라이프,,후드
fashionpedia_seed/images/d9ff0d53e1e06bdb6e954700cbaea4c1.jpg,train,613.0,240.0,197.0,231.0,탑,,,,,,,크롭 기장,,,,여유핏,,,무지,,
fashionpedia_seed/images/d9ff0d53e1e06bdb6e954700cbaea4c1.jpg,train,530.0,443.0,252.0,292.0,쇼츠,,,,,,,,쇼츠·미니 기장,,,,,,,,
fashionpedia_seed/images/d596ec2c155fd18bb532077bf035701f.jpg,train,259.0,367.0,191.0,515.0,팬츠,,,,,,,,롱·긴바지 기장,,,,,,무지,,포켓|벨트
fashionpedia_seed/images/d596ec2c155fd18bb532077bf035701f.jpg,train,190.0,198.0,301.0,280.0,탑,,,,,긴팔,,크롭 기장,,,,여유핏,,,무지,,포켓
fashionpedia_seed/images/0e4ccb9ca5528265c8330c043604b0c7.jpg,train,451.0,115.0,118.0,395.0,원피스,,,,,7부 소매,기본 소매,,무릎 기장,,,,,A라인,무지,,
fashionpedia_seed/images/0d8803f0181d1d5e0b8d55d886a40c3d.jpg,train,622.0,251.0,143.0,170.0,탑,,,,,,,크롭 기장,,,,슬림핏,,,무지,,
fashionpedia_seed/images/0d8803f0181d1d5e0b8d55d886a40c3d.jpg,train,636.0,419.0,118.0,63.0,쇼츠,,,,,,,,쇼츠·미니 기장,,,,슬림핏,,무지,,
fashionpedia_seed/images/0d8803f0181d1d5e0b8d55d886a40c3d.jpg,train,596.0,441.0,174.0,240.0,셔츠,,,,,,,,,,,,,,체크,,
fashionpedia_seed/images/12416f707a0428adc08bc899bc6d84c8.jpg,train,121.0,286.0,491.0,737.0,원피스,,,,,반팔,벨 소매,,,,,,,,무지,,벨트
fashionpedia_seed/images/05d26dad11c6bca43d37df0c16d91bc9.jpg,train,212.0,380.0,145.0,381.0,원피스,,,,,,,,미디·7부 기장,,,,,,플로럴,,지퍼
fashionpedia_seed/images/138d25e69ff93fda0643ced2fa7feafb.jpg,train,230.0,208.0,268.0,444.0,코트,,,,,긴팔,기본 소매,,,,,여유핏,,,무지,퍼·플리스,단추
fashionpedia_seed/images/138d25e69ff93fda0643ced2fa7feafb.jpg,train,259.0,268.0,111.0,375.0,원피스,,,,,,,,쇼츠·미니 기장,라운드넥,,,,A라인,무지,,스팽글|지퍼
fashionpedia_seed/images/e62cfb6d44074f383e700cd57554431a.jpg,train,196.0,193.0,262.0,414.0,원피스,,,,,긴팔,기본 소매,,쇼츠·미니 기장,,,,,A라인,무지,,지퍼
fashionpedia_seed/images/3c2ec192793fd46391289d2ba4527c09.jpg,val,222.0,431.0,137.0,130.0,스커트,,,,,,,,쇼츠·미니 기장,,,,,,체크,,플리츠
fashionpedia_seed/images/3c2ec192793fd46391289d2ba4527c09.jpg,val,214.0,308.0,145.0,189.0,셔츠,,,,,긴팔,기본 소매,,,,셔츠 칼라,레귤러핏,,,무지,,
fashionpedia_seed/images/8f691c0c5426690c44b91691db150c9c.jpg,train,451.0,121.0,130.0,228.0,셔츠,,,,,,,크롭 기장,,,,레귤러핏,,,무지,,단추
fashionpedia_seed/images/8f691c0c5426690c44b91691db150c9c.jpg,train,321.0,307.0,279.0,295.0,스커트,,,,,,,,무릎 기장,,,,플레어핏,,무지,,
fashionpedia_seed/images/fac06865b4cba1c6f61a48a75848b626.jpg,train,20.0,312.0,526.0,679.0,스커트,,,,,,,,롱·긴바지 기장,,,,,,무지,,지퍼|프릴·러플
fashionpedia_seed/images/fac06865b4cba1c6f61a48a75848b626.jpg,train,216.0,168.0,183.0,151.0,티셔츠,,,,,반팔,캡 소매,크롭 기장,,,,레귤러핏,,,플로럴,,
fashionpedia_seed/images/0c6cf79ffbf7f14a266d0f0f21219447.jpg,train,206.0,248.0,189.0,393.0,원피스,,,,,,,,쇼츠·미니 기장,,,,,,무지,,
fashionpedia_seed/images/0c6cf79ffbf7f14a266d0f0f21219447.jpg,train,176.0,190.0,267.0,284.0,재킷,,,,,7부 소매,기본 소매,크롭 기장,,,라펠 칼라,레귤러핏,,,무지,,
fashionpedia_seed/images/3053bb1873f4e80de9e7c5c912b98ae0.jpg,train,184.0,196.0,317.0,476.0,원피스,,,,,7부 소매,기본 소매,,쇼츠·미니 기장,라운드넥,,,,X라인,무지,,
fashionpedia_seed/images/fcc71ab647c43d3bdae6ba5e9349464d.jpg,train,401.0,252.0,221.0,250.0,블레이저,,,,,긴팔,기본 소매,크롭 기장,,,라펠 칼라,레귤러핏,,,무지,,
fashionpedia_seed/images/fcc71ab647c43d3bdae6ba5e9349464d.jpg,train,439.0,308.0,151.0,178.0,니트,,,,,,,기본 기장,,V넥,,레귤러핏,,,무지,니트,
fashionpedia_seed/images/fcc71ab647c43d3bdae6ba5e9349464d.jpg,train,435.0,316.0,161.0,193.0,탑,,,,,,,기본 기장,,,,슬림핏,,,무지,,
fashionpedia_seed/images/fcc71ab647c43d3bdae6ba5e9349464d.jpg,train,444.0,499.0,152.0,179.0,청바지,,,,,,,,,,,,슬림핏,,무지,데님,
fashionpedia_seed/images/3990300351c44307a56a9263b1d9f346.jpg,train,225.0,277.0,235.0,415.0,원피스,,,,,,기본 소매,,쇼츠·미니 기장,,셔츠 칼라,,,H라인,무지,,단추|포켓
fashionpedia_seed/images/466e69961de78100fddae84c64fbf542.jpg,train,310.0,154.0,240.0,288.0,티셔츠,,,,,반팔,캡 소매,크롭 기장,,라운드넥,,슬림핏,,,무지,,프릴·러플|벨트
fashionpedia_seed/images/466e69961de78100fddae84c64fbf542.jpg,train,306.0,424.0,208.0,194.0,스커트,,,,,,,,,,,,,,스트라이프,,지퍼
fashionpedia_seed/images/bcdfe9978dc95b41eada90b84fa0741c.jpg,train,145.0,394.0,262.0,629.0,원피스,,,,,반팔,벨 소매,,,,,,,,무지,,리본|프릴·러플
fashionpedia_seed/images/1133c832005b9620ab89eee82ba1c4a2.jpg,train,216.0,198.0,241.0,254.0,재킷,,,,,7부 소매,기본 소매,크롭 기장,,,라펠 칼라,슬림핏,,,무지,,
fashionpedia_seed/images/1133c832005b9620ab89eee82ba1c4a2.jpg,train,262.0,272.0,159.0,156.0,탑,,,,,,,크롭 기장,,,,레귤러핏,,,무지,,
fashionpedia_seed/images/1133c832005b9620ab89eee82ba1c4a2.jpg,train,258.0,417.0,174.0,173.0,스커트,,,,,,,,쇼츠·미니 기장,,,,스트레이트핏,H라인,,,지퍼
fashionpedia_seed/images/7fc8a54146a81b33f348f21ad07fa141.jpg,train,84.0,219.0,745.0,463.0,블레이저,,,,,긴팔,기본 소매,,,,라펠 칼라,레귤러핏,,,체크,,단추|포켓|벨트
fashionpedia_seed/images/7fc8a54146a81b33f348f21ad07fa141.jpg,train,226.0,210.0,194.0,472.0,셔츠,,,,,,,크롭 기장,,,셔츠 칼라,슬림핏,,,무지,,단추|리본
fashionpedia_seed/images/4aa6626a5183e3072b74ee07f75e07b6.jpg,train,302.0,463.0,170.0,354.0,팬츠,,,,,,,,미디·7부 기장,,,,슬림핏,,무지,,
fashionpedia_seed/images/4aa6626a5183e3072b74ee07f75e07b6.jpg,train,253.0,215.0,261.0,266.0,탑,,,,,반팔,기본 소매,기본 기장,,오프숄더,,레귤러핏,,비대칭,무지,,리본
fashionpedia_seed/images/3a87ce99efb87686869fdb390cc5ef0c.jpg,train,508.0,290.0,220.0,245.0,탑,,,,,,,크롭 기장,,오프숄더,,여유핏,,,플로럴,,
fashionpedia_seed/images/3a87ce99efb87686869fdb390cc5ef0c.jpg,train,493.0,494.0,212.0,152.0,스커트,,,,,,,,쇼츠·미니 기장,,,,,A라인,무지,,단추
fashionpedia_seed/images/324c81a1ee14142e21e1377e1680a5f7.jpg,train,185.0,261.0,144.0,122.0,쇼츠,,,,,,,,쇼츠·미니 기장,,,,,,플로럴,,
fashionpedia_seed/images/324c81a1ee14142e21e1377e1680a5f7.jpg,train,194.0,148.0,109.0,123.0,탑,,,,,,,크롭 기장,,,,레귤러핏,,,무지,,
fashionpedia_seed/images/c1df3b91dde14c0937a259345d5c7ca7.jpg,val,288.0,490.0,153.0,240.0,팬츠,,,,,,,,미디·7부 기장,,,,와이드핏,,무지,,
fashionpedia_seed/images/c1df3b91dde14c0937a259345d5c7ca7.jpg,val,294.0,326.0,133.0,211.0,티셔츠,,,,,반팔,캡 소매,크롭 기장,,V넥,,슬림핏,,비대칭,스트라이프,,
fashionpedia_seed/images/01d0251b5bc5a41f93c86042c56258d3.jpg,train,319.0,234.0,185.0,218.0,셔츠,,,,,반팔,기본 소매,크롭 기장,,,라펠 칼라,레귤러핏,,,무지,,단추|리본
fashionpedia_seed/images/01d0251b5bc5a41f93c86042c56258d3.jpg,train,350.0,443.0,170.0,159.0,쇼츠,,,,,,,,쇼츠·미니 기장,,,,,,무지,,포켓|지퍼
fashionpedia_seed/images/54cc806a05ebd88048485d929f91fe7c.jpg,train,198.0,302.0,322.0,439.0,니트,,,,,긴팔,,기본 기장,,,,여유핏,,,스트라이프,니트,
fashionpedia_seed/images/54cc806a05ebd88048485d929f91fe7c.jpg,train,270.0,682.0,260.0,341.0,팬츠,,,,,,,,,,,,스트레이트핏,H라인,무지,,포켓
fashionpedia_seed/images/39598903e7ffcd5d5ce5354c3a4d2764.jpg,val,217.0,223.0,252.0,433.0,원피스,,,,,,,,쇼츠·미니 기장,홀터넥,,,,X라인,무지,,벨트
fashionpedia_seed/images/39598903e7ffcd5d5ce5354c3a4d2764.jpg,val,258.0,614.0,198.0,85.0,쇼츠,,,,,,,,쇼츠·미니 기장,,,,,,무지,,
fashionpedia_seed/images/06e324f9ef2c3bc1cc2573562e498499.jpg,val,363.0,151.0,236.0,317.0,원피스,,,,,,,,무릎 기장,홀터넥,,,,X라인,도트,,지퍼
fashionpedia_seed/images/6c25f5b9177191c25b74f167d361e114.jpg,train,207.0,399.0,276.0,520.0,스커트,,,,,,,,롱·긴바지 기장,,,,플레어핏,,무지,,
fashionpedia_seed/images/6c25f5b9177191c25b74f167d361e114.jpg,train,356.0,310.0,39.0,86.0,탑,,,,,,,크롭 기장,,,,,,,,,
fashionpedia_seed/images/6c25f5b9177191c25b74f167d361e114.jpg,train,145.0,183.0,384.0,411.0,코트,,,,,긴팔,기본 소매,,,,,여유핏,,,카모,퍼·플리스,지퍼
fashionpedia_seed/images/9797ab044e643d98dce52db59e6625f7.jpg,train,56.0,43.0,896.0,849.0,니트,,,,,긴팔,기본 소매,기본 기장,,보트넥,,여유핏,,,,니트,
fashionpedia_seed/images/9797ab044e643d98dce52db59e6625f7.jpg,train,234.0,732.0,462.0,165.0,쇼츠,,,,,,,,쇼츠·미니 기장,,,,,,체크,,
fashionpedia_seed/images/08ce85240ea476099fa8e4528b4b8e23.jpg,train,189.0,257.0,254.0,338.0,탑,,,,,,,크롭 기장,,홀터넥,,슬림핏,,,,,
fashionpedia_seed/images/08ce85240ea476099fa8e4528b4b8e23.jpg,train,199.0,570.0,290.0,451.0,팬츠,,,,,,,,,,,,와이드핏,,무지,,
fashionpedia_seed/images/e4198845aa3c0139539ddf8714f9ecf8.jpg,train,301.0,141.0,115.0,165.0,탑,,,,,,,크롭 기장,,홀터넥,,슬림핏,,,무지,,
fashionpedia_seed/images/e4198845aa3c0139539ddf8714f9ecf8.jpg,train,172.0,280.0,307.0,300.0,스커트,,,,,,,,롱·긴바지 기장,,,,플레어핏,,플로럴,,
fashionpedia_seed/images/657d7fe5de48897db7ceb4891853830e.jpg,val,264.0,387.0,167.0,290.0,원피스,,,,,,,,쇼츠·미니 기장,,,,,,무지,,
fashionpedia_seed/images/b57c1abdc520418a85d2c94514304670.jpg,train,193.0,193.0,210.0,375.0,탑,,,,,,,기본 기장,,,,레귤러핏,,,플로럴,,
fashionpedia_seed/images/b57c1abdc520418a85d2c94514304670.jpg,train,204.0,476.0,163.0,406.0,청바지,,,,,,,,롱·긴바지 기장,,,,슬림핏,,무지,데님,
fashionpedia_seed/images/053888747fe4d05e64411e7454b10881.jpg,train,368.0,263.0,183.0,417.0,원피스,,,,,,,,롱·긴바지 기장,,,,,,무지,,지퍼
fashionpedia_seed/images/eb920929bad2610918b0ca9e8236d058.jpg,val,238.0,406.0,179.0,506.0,팬츠,,,,,,,,롱·긴바지 기장,,,,,,무지,,플리츠
fashionpedia_seed/images/eb920929bad2610918b0ca9e8236d058.jpg,val,196.0,225.0,256.0,314.0,셔츠,,,,,긴팔,기본 소매,,,,피터팬 칼라,레귤러핏,,,스트라이프,,단추
fashionpedia_seed/images/af525e61e3575651154f2b0e9772f48c.jpg,val,344.0,225.0,206.0,342.0,티셔츠,,,,,반팔,기본 소매,기본 기장,,라운드넥,,레귤러핏,,,무지,,
fashionpedia_seed/images/af525e61e3575651154f2b0e9772f48c.jpg,val,371.0,548.0,138.0,110.0,쇼츠,,,,,,,,쇼츠·미니 기장,,,,,,무지,,포켓
fashionpedia_seed/images/708b614476f051e6a165f1f124a269a8.jpg,train,290.0,467.0,248.0,374.0,원피스,,,,,,,,쇼츠·미니 기장,,,,,,무지,,벨트
fashionpedia_seed/images/4dfb4420e88d33d4d1fe455ad77d7901.jpg,train,194.0,246.0,158.0,472.0,원피스,,,,,,,,롱·긴바지 기장,보트넥,,,,,무지,,지퍼
fashionpedia_seed/images/b56a57edff4230c68e1d4296cc345718.jpg,train,233.0,296.0,337.0,385.0,블레이저,,,,,7부 소매,기본 소매,크롭 기장,,,라펠 칼라,슬림핏,,,무지,,지퍼
fashionpedia_seed/images/b56a57edff4230c68e1d4296cc345718.jpg,train,264.0,418.0,255.0,363.0,탑,,,,,,,기본 기장,,,,레귤러핏,,,,,지퍼
fashionpedia_seed/images/b56a57edff4230c68e1d4296cc345718.jpg,train,226.0,718.0,309.0,188.0,스커트,,,,,,,,쇼츠·미니 기장,,,,플레어핏,,,,
fashionpedia_seed/images/e2f1a9a76fd07686fb708f0c7e1e3532.jpg,train,387.0,127.0,154.0,265.0,원피스,,,,,,,,쇼츠·미니 기장,,,,,H라인,무지,,
fashionpedia_seed/images/734203a8661cedf46872cb8f86998fe7.jpg,train,111.0,250.0,342.0,773.0,원피스,,,,,,,,,라운드넥,,,,,무지,,지퍼|프릴·러플
fashionpedia_seed/images/6729287d748766fc0730d981cc3e2b26.jpg,val,271.0,552.0,292.0,471.0,원피스,,,,,,,,,,,,,H라인,,,지퍼|벨트
fashionpedia_seed/images/e8ba08760f890218971b282215d816dc.jpg,val,211.0,214.0,240.0,698.0,원피스,,,,,,,,롱·긴바지 기장,,,,,,무지,,지퍼
fashionpedia_seed/images/6eba429572feb4a28320f7f8d2710fe4.jpg,train,163.0,245.0,251.0,405.0,원피스,,,,,반팔,,,쇼츠·미니 기장,,,,,비대칭,플로럴,,지퍼|프릴·러플
fashionpedia_seed/images/69b505aa605512169cdbf485fc8b9718.jpg,train,421.0,278.0,179.0,352.0,원피스,,,,,긴팔,기본 소매,,롱·긴바지 기장,,,,,,무지,,지퍼
fashionpedia_seed/images/db85f62492da69d793339b2c124e7abb.jpg,train,152.0,206.0,272.0,476.0,원피스,,,,,,,,쇼츠·미니 기장,,,,,H라인,무지,,지퍼
fashionpedia_seed/images/db85f62492da69d793339b2c124e7abb.jpg,train,142.0,670.0,274.0,43.0,쇼츠,,,,,,,,쇼츠·미니 기장,,,,,,무지,,프릴·러플
fashionpedia_seed/images/b3727cc1c8c81af2822bc1750c6d7b74.jpg,train,157.0,371.0,165.0,119.0,쇼츠,,,,,,,,쇼츠·미니 기장,,,,슬림핏,,무지,,포켓
fashionpedia_seed/images/b3727cc1c8c81af2822bc1750c6d7b74.jpg,train,251.0,212.0,196.0,192.0,탑,,,,,,,크롭 기장,,,,슬림핏,,,무지,,
fashionpedia_seed/images/0ebe6d8449aed07be683fd778a4092d1.jpg,train,121.0,380.0,446.0,625.0,원피스,,,,,긴팔,,,쇼츠·미니 기장,라운드넥,,,,,무지,,플리츠|프릴·러플
fashionpedia_seed/images/07ca8557b287c88d68ad06b4fe42776b.jpg,train,127.0,415.0,383.0,572.0,스커트,,,,,,,,롱·긴바지 기장,,,,,,스트라이프,,포켓
fashionpedia_seed/images/07ca8557b287c88d68ad06b4fe42776b.jpg,train,164.0,233.0,370.0,318.0,티셔츠,,,,,긴팔,기본 소매,,,,,레귤러핏,,,무지,,
fashionpedia_seed/images/9a7743d3ea701eb05c5529810f2243a7.jpg,train,221.0,215.0,297.0,547.0,코트,,,,,긴팔,기본 소매,,,,셔츠 칼라,레귤러핏,,,무지,퍼·플리스,단추
fashionpedia_seed/images/9a7743d3ea701eb05c5529810f2243a7.jpg,train,295.0,258.0,163.0,493.0,원피스,,,,,,,,무릎 기장,,칼라 없음,,,H라인,무지,,지퍼
fashionpedia_seed/images/9a7743d3ea701eb05c5529810f2243a7.jpg,train,332.0,745.0,92.0,128.0,팬츠,,,,,,,,롱·긴바지 기장,,,,슬림핏,,무지,,
fashionpedia_seed/images/e712b9ad744015f1208a2b6eee27afcf.jpg,train,341.0,346.0,189.0,150.0,셔츠,,,,,긴팔,기본 소매,,,,셔츠 칼라,레귤러핏,,,무지,,단추
fashionpedia_seed/images/e712b9ad744015f1208a2b6eee27afcf.jpg,train,343.0,467.0,166.0,147.0,스커트,,,,,,,,쇼츠·미니 기장,,,,,A라인,무지,,플리츠|지퍼
fashionpedia_seed/images/60b18000fbe38a3e0efc55e8ab5656da.jpg,train,325.0,314.0,241.0,307.0,탑,,,,,,,크롭 기장,,라운드넥,,여유핏,,,무지,,
fashionpedia_seed/images/60b18000fbe38a3e0efc55e8ab5656da.jpg,train,272.0,586.0,290.0,256.0,스커트,,,,,,,,쇼츠·미니 기장,,,,,A라인,플로럴,,
fashionpedia_seed/images/53299262e048171c51fb3673c5b85a08.jpg,train,291.0,146.0,56.0,93.0,티셔츠,,,,,,,,,터틀넥,,,,,무지,,
fashionpedia_seed/images/53299262e048171c51fb3673c5b85a08.jpg,train,134.0,172.0,365.0,413.0,코트,,,,,긴팔,기본 소매,,,,라펠 칼라,레귤러핏,,,무지,,벨트
fashionpedia_seed/images/53299262e048171c51fb3673c5b85a08.jpg,train,248.0,569.0,126.0,275.0,팬츠,,,,,,,,롱·긴바지 기장,,,,슬림핏,,무지,,
fashionpedia_seed/images/33a7c42db78149d76d89e444a3a3ee8b.jpg,train,304.0,450.0,172.0,237.0,원피스,,,,,반팔,기본 소매,,쇼츠·미니 기장,,,,,,무지,,단추|리본
fashionpedia_seed/images/33a7c42db78149d76d89e444a3a3ee8b.jpg,train,318.0,449.0,127.0,202.0,베스트,,,,,,,크롭 기장,,,라펠 칼라,레귤러핏,,,무지,,지퍼
fashionpedia_seed/images/33a7c42db78149d76d89e444a3a3ee8b.jpg,train,322.0,639.0,105.0,187.0,팬츠,,,,,,,,롱·긴바지 기장,,,,슬림핏,,무지,,
fashionpedia_seed/images/33a5bdedbd732f7fdd89d558b78707ef.jpg,val,105.0,219.0,323.0,339.0,원피스,,,,,7부 소매,벌룬 소매,,,오프숄더,,오버핏,,,무지,,지퍼
fashionpedia_seed/images/33a5bdedbd732f7fdd89d558b78707ef.jpg,val,148.0,500.0,183.0,64.0,쇼츠,,,,,,,,쇼츠·미니 기장,,,,,,무지,,
fashionpedia_seed/images/3a363533069e4150d6fd215abb73dd08.jpg,train,179.0,206.0,251.0,231.0,재킷,,,,,7부 소매,,크롭 기장,,,라펠 칼라,레귤러핏,,,무지,,지퍼
fashionpedia_seed/images/3a363533069e4150d6fd215abb73dd08.jpg,train,202.0,399.0,187.0,219.0,스커트,,,,,,,,쇼츠·미니 기장,,,,,,무지,,
fashionpedia_seed/images/85aa83033214755fefff61b7615c7a48.jpg,val,249.0,344.0,416.0,512.0,원피스,,,,,,,,쇼츠·미니 기장,,,,,,무지,,지퍼|프릴·러플
fashionpedia_seed/images/12da876e7f7a7e754f0ffe635dfb79f0.jpg,val,414.0,236.0,177.0,462.0,원피스,,,,,,,,쇼츠·미니 기장,,,,,A라인,무지,,
fashionpedia_seed/images/5048b43266b5bcda8b56e559bd845636.jpg,val,177.0,335.0,305.0,688.0,원피스,,,,,,,,,,,,,A라인,무지,,지퍼
fashionpedia_seed/images/5048b43266b5bcda8b56e559bd845636.jpg,val,127.0,295.0,396.0,450.0,블레이저,,,,,,기본 소매,크롭 기장,,,셔츠 칼라,,,,무지,,지퍼|벨트
fashionpedia_seed/images/4f9742189256a459260eb22543154825.jpg,train,217.0,402.0,162.0,386.0,스커트,,,,,,,,미디·7부 기장,,,,,A라인,무지,,지퍼|포켓
fashionpedia_seed/images/4f9742189256a459260eb22543154825.jpg,train,229.0,230.0,149.0,184.0,탑,,,,,,,크롭 기장,,,,레귤러핏,,,무지,,
fashionpedia_seed/images/4f9742189256a459260eb22543154825.jpg,train,163.0,230.0,306.0,555.0,코트,,,,,7부 소매,기본 소매,,,,라펠 칼라,레귤러핏,,,무지,,포켓
fashionpedia_seed/images/02916664cd606bb5486353f200a475a3.jpg,train,337.0,439.0,251.0,532.0,청바지,,,,,,,,롱·긴바지 기장,,,,와이드핏,,무지,데님,지퍼
fashionpedia_seed/images/02916664cd606bb5486353f200a475a3.jpg,train,331.0,228.0,116.0,190.0,탑,,,,,,,크롭 기장,,홀터넥,,슬림핏,,,체크,,
fashionpedia_seed/images/548cf1c7f88c44f0acc7bf68885b6d31.jpg,train,261.0,226.0,187.0,327.0,원피스,,,,,긴팔,,,롱·긴바지 기장,라운드넥,,,,,,,
fashionpedia_seed/images/19b88ca66e3ab754d3b6aa7d5e2f0a83.jpg,val,96.0,215.0,466.0,454.0,원피스,,,,,7부 소매,벨 소매,,,,,,,A라인,무지,,
fashionpedia_seed/images/7ecf591cf3e21e72ea2718e3869f5768.jpg,train,126.0,533.0,148.0,88.0,쇼츠,,,,,,,,쇼츠·미니 기장,,,,슬림핏,,무지,,
fashionpedia_seed/images/7ecf591cf3e21e72ea2718e3869f5768.jpg,train,120.0,286.0,266.0,280.0,티셔츠,,,,,반팔,기본 소매,크롭 기장,,라운드넥,,레귤러핏,,,무지,,
fashionpedia_seed/images/39fc64de6a2304536b0cf18e4de97f98.jpg,train,205.0,482.0,167.0,404.0,팬츠,,,,,,,,롱·긴바지 기장,,,,슬림핏,,무지,,
fashionpedia_seed/images/39fc64de6a2304536b0cf18e4de97f98.jpg,train,150.0,190.0,237.0,330.0,티셔츠,,,,,반팔,캡 소매,기본 기장,,라운드넥,,레귤러핏,,,무지,,
fashionpedia_seed/images/50e763ae42f2872db7567e607005d3b1.jpg,train,560.0,274.0,214.0,219.0,스커트,,,,,,,,쇼츠·미니 기장,,,,,,무지,,
fashionpedia_seed/images/50e763ae42f2872db7567e607005d3b1.jpg,train,330.0,198.0,235.0,265.0,탑,,,,,반팔,퍼프 소매,크롭 기장,,,,슬림핏,,,무지,,리본
fashionpedia_seed/images/f0ac4ba410f7dd70272184ff5fe4b5ce.jpg,train,263.0,770.0,210.0,204.0,쇼츠,,,,,,,,쇼츠·미니 기장,,,,,,무지,,
fashionpedia_seed/images/f0ac4ba410f7dd70272184ff5fe4b5ce.jpg,train,116.0,408.0,343.0,510.0,탑,,,,,,,기본 기장,,,,슬림핏,,,무지,,
fashionpedia_seed/images/51c2e1d3765b48227cc474513f6efc59.jpg,val,98.0,287.0,346.0,453.0,원피스,,,,,,,,쇼츠·미니 기장,,,,,,무지,,
fashionpedia_seed/images/e772cd6c7cfa25d259f5979012dcf71d.jpg,train,266.0,301.0,177.0,387.0,원피스,,,,,,,,쇼츠·미니 기장,라운드넥,,,,H라인,무지,,지퍼
fashionpedia_seed/images/99e98d14f5c0dcc16a0fd5f3016a7a45.jpg,val,228.0,203.0,261.0,384.0,원피스,,,,,긴팔,기본 소매,,쇼츠·미니 기장,,,,,H라인,무지,,지퍼
fashionpedia_seed/images/d42681a6b954af2d04e2aaaf9c1bba84.jpg,val,173.0,399.0,270.0,342.0,원피스,,,,,,,,쇼츠·미니 기장,,,,,X라인,체크,,플리츠|지퍼
fashionpedia_seed/images/f57152e44f9348050d59a71f9ca7f220.jpg,train,132.0,137.0,250.0,458.0,원피스,,,,,7부 소매,벨 소매,,쇼츠·미니 기장,,,,,,무지,,지퍼
fashionpedia_seed/images/8d6cc2330f9c370096ac3f33147b2b83.jpg,train,57.0,230.0,475.0,698.0,원피스,,,,,긴팔,기본 소매,,롱·긴바지 기장,V넥,,,,X라인,무지|플로럴,,지퍼
fashionpedia_seed/images/df9a2621439cbb8c39ed47a9072864c4.jpg,train,223.0,244.0,175.0,442.0,원피스,,,,,,,,쇼츠·미니 기장,V넥,,,,H라인,도트,,지퍼
fashionpedia_seed/images/2bac65b52a54381bcae0b0c817fc3ebf.jpg,train,300.0,566.0,106.0,182.0,팬츠,,,,,,,,롱·긴바지 기장,,,,슬림핏,,무지,,
fashionpedia_seed/images/2bac65b52a54381bcae0b0c817fc3ebf.jpg,train,256.0,198.0,207.0,436.0,원피스,,,,,긴팔,기본 소매,,미디·7부 기장,,,,,H라인,무지,,
fashionpedia_seed/images/e91677348e11b75ee3ccdb9c8fd78032.jpg,val,112.0,267.0,480.0,755.0,원피스,,,,,긴팔,,,,,피터팬 칼라,,,,플로럴,,
fashionpedia_seed/images/e91677348e11b75ee3ccdb9c8fd78032.jpg,val,94.0,270.0,407.0,648.0,블레이저,,,,,긴팔,기본 소매,크롭 기장,,,라펠 칼라,레귤러핏,,,무지,,포켓
fashionpedia_seed/images/7edab506f7628da58ac683b6b9554d2d.jpg,train,281.0,317.0,127.0,180.0,탑,,,,,,,크롭 기장,,,,슬림핏,,,스트라이프,,
fashionpedia_seed/images/7edab506f7628da58ac683b6b9554d2d.jpg,train,282.0,472.0,209.0,194.0,스커트,,,,,,,,쇼츠·미니 기장,,,,플레어핏,,무지,,지퍼
fashionpedia_seed/images/614e7297f89c14e73b691d7f76ed77f4.jpg,train,313.0,444.0,267.0,240.0,점프수트,,,,,긴팔,벨 소매,,쇼츠·미니 기장,V넥,,여유핏,,H라인,플로럴,,벨트
fashionpedia_seed/images/368ff65f97b6488254686dcb4ed7196e.jpg,train,220.0,159.0,406.0,807.0,원피스,,,,,,,,롱·긴바지 기장,,,,,A라인,무지|플로럴,,지퍼
fashionpedia_seed/images/d04d3562eaabdfd4b6ce70b26c079c8b.jpg,train,92.0,327.0,313.0,489.0,원피스,,,,,,,,롱·긴바지 기장,,,,,,플로럴,,지퍼
fashionpedia_seed/images/2782426d99e5e0ab2555378e29953c9e.jpg,val,128.0,534.0,176.0,296.0,청바지,,,,,,,,롱·긴바지 기장,,,,슬림핏,,무지,데님,
fashionpedia_seed/images/2782426d99e5e0ab2555378e29953c9e.jpg,val,147.0,294.0,196.0,264.0,티셔츠,,,,,반팔,기본 소매,기본 기장,,라운드넥,,레귤러핏,,,그래픽,,
fashionpedia_seed/images/d32d4af30a095bfe47c8cb3c0e09935a.jpg,train,192.0,199.0,289.0,325.0,재킷,,,,,긴팔,,크롭 기장,,,,슬림핏,,,무지,,지퍼
fashionpedia_seed/images/d32d4af30a095bfe47c8cb3c0e09935a.jpg,train,248.0,380.0,188.0,128.0,탑,,,,,,,기본 기장,,,,슬림핏,,,무지,,
fashionpedia_seed/images/d32d4af30a095bfe47c8cb3c0e09935a.jpg,train,244.0,480.0,199.0,369.0,팬츠,,,,,,,,롱·긴바지 기장,,,,슬림핏,,무지,,
fashionpedia_seed/images/9e35bff1f530e353ce2844823e27fe28.jpg,train,276.0,363.0,205.0,432.0,원피스,,,,,반팔,퍼프 소매,,,,,,,비대칭,무지,,
fashionpedia_seed/images/6df68986984a942712bff893699d9167.jpg,val,219.0,242.0,252.0,490.0,원피스,,,,,,,,쇼츠·미니 기장,스퀘어넥,,,,,무지,,
fashionpedia_seed/images/e9276aedf39f09ebe6ded9e203982fea.jpg,train,86.0,404.0,265.0,282.0,스커트,,,,,,,,무릎 기장,,,,,,,,벨트
fashionpedia_seed/images/e9276aedf39f09ebe6ded9e203982fea.jpg,train,147.0,212.0,172.0,207.0,탑,,,,,,,크롭 기장,,,,슬림핏,,,,,
fashionpedia_seed/images/6c91cc6e1c07e9336e3c00d1569ac1c5.jpg,train,405.0,148.0,126.0,299.0,원피스,,,,,반팔,캡 소매,,무릎 기장,스퀘어넥,,,,,도트,,지퍼|벨트
fashionpedia_seed/images/240bd00f12d515296843b780abb6ffc7.jpg,train,286.0,203.0,130.0,146.0,티셔츠,,,,,,,,,,,레귤러핏,,,무지,,플리츠
fashionpedia_seed/images/240bd00f12d515296843b780abb6ffc7.jpg,train,184.0,193.0,334.0,493.0,코트,,,,,반팔,퍼프 소매,,,,칼라 없음,슬림핏,,,,,리본
fashionpedia_seed/images/240bd00f12d515296843b780abb6ffc7.jpg,train,257.0,339.0,179.0,239.0,스커트,,,,,,,,쇼츠·미니 기장,,,,,,무지,,
fashionpedia_seed/images/16b7202138bdbb600ee49eadfe63f5f6.jpg,train,37.0,205.0,519.0,799.0,원피스,,,,,긴팔,기본 소매,,롱·긴바지 기장,,,,,,플로럴,,지퍼
fashionpedia_seed/images/e6468d04328e93755f40b49190b3f801.jpg,val,377.0,230.0,239.0,449.0,원피스,,,,,,,,,스퀘어넥,,,,X라인,도트,,지퍼|포켓|벨트
fashionpedia_seed/images/1851ff9e83b22cbaa4fac6880ddbdc66.jpg,train,460.0,300.0,288.0,621.0,원피스,,,,,긴팔,기본 소매,,롱·긴바지 기장,V넥,,,,,무지,,
fashionpedia_seed/images/d2eb58326f2ae516be70ba3132c4fd59.jpg,train,205.0,456.0,174.0,183.0,스커트,,,,,,,,쇼츠·미니 기장,,,,스트레이트핏,H라인,,,스팽글
fashionpedia_seed/images/d2eb58326f2ae516be70ba3132c4fd59.jpg,train,224.0,257.0,183.0,213.0,탑,,,,,,,크롭 기장,,,,레귤러핏,,,무지,,
fashionpedia_seed/images/c8b21201adefc9832068416f76773cf5.jpg,train,331.0,403.0,308.0,409.0,탑,,,,,,,크롭 기장,,,,슬림핏,,,,,
fashionpedia_seed/images/634b8e06e0d3bc3b8258cdef7ea56251.jpg,train,590.0,419.0,77.0,75.0,스커트,,,,,,,,쇼츠·미니 기장,,,,,A라인,무지,,플리츠
fashionpedia_seed/images/634b8e06e0d3bc3b8258cdef7ea56251.jpg,train,543.0,358.0,134.0,72.0,셔츠,,,,,7부 소매,기본 소매,,,,셔츠 칼라,슬림핏,,,무지,,단추
fashionpedia_seed/images/d941732e5b6c817f7981cf6831c103a0.jpg,train,648.0,203.0,103.0,210.0,재킷,,,,,,,크롭 기장,,,,,,,무지,,지퍼|포켓|후드
fashionpedia_seed/images/d941732e5b6c817f7981cf6831c103a0.jpg,train,606.0,217.0,187.0,185.0,재킷,,,,,긴팔,기본 소매,크롭 기장,,,셔츠 칼라,레귤러핏,,,무지,,단추
fashionpedia_seed/images/d941732e5b6c817f7981cf6831c103a0.jpg,train,660.0,208.0,89.0,192.0,티셔츠,,,,,,,크롭 기장,,라운드넥,,레귤러핏,,,무지,,포켓
fashionpedia_seed/images/d941732e5b6c817f7981cf6831c103a0.jpg,train,654.0,396.0,94.0,238.0,청바지,,,,,,,,롱·긴바지 기장,,,,스트레이트핏,H라인,무지,데님,포켓
fashionpedia_seed/images/deab9c33ce187b69cff3e1b226ddd8ac.jpg,train,165.0,192.0,220.0,727.0,원피스,,,,,,,,롱·긴바지 기장,,,,,A라인,무지,,
fashionpedia_seed/images/492c43f88806dc6beb84ed534f0fc001.jpg,val,404.0,419.0,168.0,313.0,스커트,,,,,,,,무릎 기장,,,,,,무지,,
fashionpedia_seed/images/492c43f88806dc6beb84ed534f0fc001.jpg,val,330.0,204.0,258.0,301.0,티셔츠,,,,,긴팔,기본 소매,크롭 기장,,보트넥,,레귤러핏,,,무지|스트라이프|플로럴,,
fashionpedia_seed/images/9998cd8c040a202d3ff1019be96ab38c.jpg,train,65.0,235.0,227.0,417.0,원피스,,,,,,,,쇼츠·미니 기장,라운드넥,,,,X라인,플로럴,,플리츠|지퍼
fashionpedia_seed/images/9606b2f07120decea19e5cfc6e003585.jpg,train,240.0,201.0,195.0,334.0,티셔츠,,,,,,,기본 기장,,라운드넥,,여유핏,,,무지,,지퍼
fashionpedia_seed/images/9606b2f07120decea19e5cfc6e003585.jpg,train,248.0,503.0,186.0,381.0,팬츠,,,,,,,,롱·긴바지 기장,,,,스트레이트핏,H라인,카모,,
fashionpedia_seed/images/9606b2f07120decea19e5cfc6e003585.jpg,train,170.0,167.0,344.0,342.0,재킷,,,,,긴팔,기본 소매,크롭 기장,,,,레귤러핏,,,,,지퍼
fashionpedia_seed/images/c2c99badba75ede1d3612cfbd7aee9aa.jpg,val,213.0,0.0,368.0,431.0,티셔츠,,,,,긴팔,기본 소매,크롭 기장,,라운드넥,,레귤러핏,,,무지|그래픽,,
fashionpedia_seed/images/c2c99badba75ede1d3612cfbd7aee9aa.jpg,val,223.0,403.0,311.0,475.0,청바지,,,,,,,,롱·긴바지 기장,,,,,,무지,데님,
fashionpedia_seed/images/fb8c9b2e3aa874455182d777418321da.jpg,train,274.0,225.0,183.0,314.0,탑,,,,,,,기본 기장,,,,레귤러핏,,,그래픽,,
fashionpedia_seed/images/fb8c9b2e3aa874455182d777418321da.jpg,train,266.0,496.0,191.0,264.0,팬츠,,,,,,,,,,,,,,무지,,
fashionpedia_seed/images/fb8c9b2e3aa874455182d777418321da.jpg,train,277.0,233.0,151.0,71.0,탑,,,,,,,,,,,슬림핏,,,무지,,
fashionpedia_seed/images/f7d42de488267872bad676577e46b027.jpg,train,246.0,420.0,194.0,550.0,스커트,,,,,,,,롱·긴바지 기장,,,,,A라인,무지,,지퍼
fashionpedia_seed/images/f7d42de488267872bad676577e46b027.jpg,train,249.0,233.0,225.0,249.0,탑,,,,,민소매,캡 소매,크롭 기장,,라운드넥,,슬림핏,,,무지,,
fashionpedia_seed/images/5dbc92d79e36f8af3824a776b28b97d0.jpg,val,380.0,525.0,180.0,317.0,스커트,,,,,,,,미디·7부 기장,,,,플레어핏,,,,
fashionpedia_seed/images/5dbc92d79e36f8af3824a776b28b97d0.jpg,val,342.0,421.0,135.0,116.0,탑,,,,,반팔,퍼프 소매,크롭 기장,,오프숄더,,레귤러핏,,,플로럴,,
fashionpedia_seed/images/8dd3fc43988364a48cd559387c10e029.jpg,train,323.0,241.0,107.0,183.0,탑,,,,,,,크롭 기장,,,,슬림핏,,,무지,,
fashionpedia_seed/images/8dd3fc43988364a48cd559387c10e029.jpg,train,257.0,407.0,189.0,181.0,스커트,,,,,,,,쇼츠·미니 기장,,,,스트레이트핏,비대칭,,,벨트
fashionpedia_seed/images/8dd3fc43988364a48cd559387c10e029.jpg,train,245.0,139.0,277.0,360.0,베스트,,,,,,,크롭 기장,,,,레귤러핏,,,무지,퍼·플리스,
fashionpedia_seed/images/1ee26a858200fa98bef04c950dad233a.jpg,train,256.0,360.0,184.0,309.0,원피스,,,,,7부 소매,기본 소매,,쇼츠·미니 기장,,,,,,애니멀,,단추
fashionpedia_seed/images/3e57b446b927f69e56d46f3e5db68b37.jpg,train,137.0,283.0,360.0,467.0,티셔츠,,,,,,,크롭 기장,,,,여유핏,,,무지,,포켓
fashionpedia_seed/images/3e57b446b927f69e56d46f3e5db68b37.jpg,train,128.0,728.0,131.0,137.0,쇼츠,,,,,,,,쇼츠·미니 기장,,,,슬림핏,,무지,,
fashionpedia_seed/images/ec83daef3597c9591605493556a4fc73.jpg,train,284.0,302.0,142.0,126.0,탑,,,,,,,크롭 기장,,,,슬림핏,,,,,
fashionpedia_seed/images/ec83daef3597c9591605493556a4fc73.jpg,train,275.0,429.0,171.0,518.0,팬츠,,,,,,,,롱·긴바지 기장,,,,,,,,지퍼
fashionpedia_seed/images/8937a7dafd3f090901d5bda9aee1ccca.jpg,val,175.0,197.0,179.0,657.0,점프수트,,,,,,,,롱·긴바지 기장,,,여유핏,,,무지,,
fashionpedia_seed/images/8937a7dafd3f090901d5bda9aee1ccca.jpg,val,137.0,172.0,240.0,141.0,셔츠,,,,,반팔,기본 소매,,,,셔츠 칼라,레귤러핏,,,무지,,단추
fashionpedia_seed/images/f26668b06a110a0066ed30209c418807.jpg,train,272.0,348.0,158.0,270.0,티셔츠,,,,,,,크롭 기장,,,,슬림핏,,,무지,,
fashionpedia_seed/images/f26668b06a110a0066ed30209c418807.jpg,train,220.0,605.0,277.0,389.0,스커트,,,,,,,,쇼츠·미니 기장,,,,,,,,
fashionpedia_seed/images/f26668b06a110a0066ed30209c418807.jpg,train,160.0,332.0,372.0,628.0,코트,,,,,7부 소매,,,,,칼라 없음,슬림핏,,,무지,,포켓
fashionpedia_seed/images/4872c05863d20208e9d4c59587261de2.jpg,val,257.0,605.0,111.0,270.0,팬츠,,,,,,,,롱·긴바지 기장,,,,,,플로럴,,
fashionpedia_seed/images/4872c05863d20208e9d4c59587261de2.jpg,val,216.0,362.0,210.0,286.0,티셔츠,,,,,긴팔,기본 소매,기본 기장,,V넥,,레귤러핏,,,무지,,
fashionpedia_seed/images/4d200cb316a6260257ce84b37e25161c.jpg,val,215.0,199.0,262.0,615.0,원피스,,,,,,,,미디·7부 기장,보트넥,,,,X라인,무지,,지퍼|벨트
fashionpedia_seed/images/db754979155507a6528eeb152a0adaf9.jpg,train,266.0,224.0,111.0,83.0,티셔츠,,,,,,,,,터틀넥,,,,,무지,,
fashionpedia_seed/images/db754979155507a6528eeb152a0adaf9.jpg,train,53.0,263.0,532.0,623.0,티셔츠,,,,,긴팔,,크롭 기장,,라운드넥,,레귤러핏,,,무지,,
fashionpedia_seed/images/db754979155507a6528eeb152a0adaf9.jpg,train,56.0,245.0,524.0,651.0,셔츠,,,,,긴팔,,,,,셔츠 칼라,슬림핏,,,무지,,단추
fashionpedia_seed/images/ba8652e2b71e0be6567767d256fa600e.jpg,train,150.0,224.0,344.0,522.0,원피스,,,,,반팔,퍼프 소매,,무릎 기장,,,,,A라인,무지,,벨트
fashionpedia_seed/images/eb5165caf84a1a737f36bfa47a06c053.jpg,train,326.0,139.0,279.0,542.0,코트,,,,,긴팔,기본 소매,,,,,레귤러핏,,,무지,,포켓
fashionpedia_seed/images/643befc8433653bd7647f45c3c89b02f.jpg,val,198.0,244.0,279.0,399.0,원피스,,,,,긴팔,기본 소매,,쇼츠·미니 기장,,칼라 없음,,,,무지,,지퍼|프릴·러플
fashionpedia_seed/images/dd705f8d03d3937ebce0f547737b5bb1.jpg,val,276.0,540.0,220.0,291.0,팬츠,,,,,,,,롱·긴바지 기장,,,,슬림핏,,무지,,
fashionpedia_seed/images/dd705f8d03d3937ebce0f547737b5bb1.jpg,val,258.0,461.0,184.0,91.0,니트,,,,,,,,,,,여유핏,,,,니트,
fashionpedia_seed/images/dd705f8d03d3937ebce0f547737b5bb1.jpg,val,194.0,216.0,287.0,294.0,재킷,,,,,긴팔,기본 소매,크롭 기장,,,,레귤러핏,,,무지,퍼·플리스,지퍼
fashionpedia_seed/images/cef7317d699eb4899f181a570b1502e0.jpg,val,306.0,245.0,105.0,261.0,원피스,,,,,,,,쇼츠·미니 기장,,,,,,,,지퍼
fashionpedia_seed/images/d71f379a691017d51634b13d7abc1350.jpg,val,275.0,280.0,216.0,415.0,원피스,,,,,긴팔,퍼프 소매,,쇼츠·미니 기장,보트넥,,,,,그래픽,,지퍼
fashionpedia_seed/images/3d2c62435d6f70d51721670bc5e60ad2.jpg,val,541.0,131.0,278.0,387.0,원피스,,,,,반팔,기본 소매,,미디·7부 기장,라운드넥,,,,X라인,무지|플로럴,,지퍼
fashionpedia_seed/images/a9004798c12909fa5899900577bb45a2.jpg,train,244.0,197.0,206.0,328.0,원피스,,,,,,,,쇼츠·미니 기장,,,,,X라인,,,플리츠
fashionpedia_seed/images/216d717f1360e765cdc3e6d4321b2270.jpg,train,234.0,236.0,181.0,183.0,티셔츠,,,,,민소매,캡 소매,크롭 기장,,V넥,,슬림핏,,,그래픽,,
fashionpedia_seed/images/216d717f1360e765cdc3e6d4321b2270.jpg,train,252.0,414.0,149.0,439.0,팬츠,,,,,,,,롱·긴바지 기장,,,,슬림핏,,그래픽,,지퍼
fashionpedia_seed/images/976f38b9efb4a6c8d089bdd2e1e5ab02.jpg,train,473.0,258.0,111.0,311.0,원피스,,,,,반팔,벨 소매,,롱·긴바지 기장,V넥,,,,,무지,,리본
fashionpedia_seed/images/c31564bf88c1d02aa8cb1e886ccaadef.jpg,train,421.0,255.0,235.0,152.0,쇼츠,,,,,,,,쇼츠·미니 기장,,,,,,무지,,
fashionpedia_seed/images/c31564bf88c1d02aa8cb1e886ccaadef.jpg,train,499.0,135.0,318.0,221.0,블레이저,,,,,긴팔,퍼프 소매,크롭 기장,,,,레귤러핏,,,무지,,포켓
fashionpedia_seed/images/c31564bf88c1d02aa8cb1e886ccaadef.jpg,train,595.0,159.0,96.0,117.0,탑,,,,,,,크롭 기장,,,,슬림핏,,,무지,,
fashionpedia_seed/images/bd9c22e3a70ec0d7b77d3c4d10551241.jpg,train,271.0,471.0,188.0,334.0,청바지,,,,,,,,롱·긴바지 기장,,,,슬림핏,,무지,데님,포켓|지퍼
fashionpedia_seed/images/bd9c22e3a70ec0d7b77d3c4d10551241.jpg,train,356.0,315.0,115.0,163.0,탑,,,,,,,크롭 기장,,,,슬림핏,,,무지,,
fashionpedia_seed/images/0b3e3fbcd4ba937b59837f20e2f0888a.jpg,val,291.0,342.0,172.0,271.0,블레이저,,,,,긴팔,기본 소매,크롭 기장,,,라펠 칼라,슬림핏,,,스트라이프,,단추
fashionpedia_seed/images/0b3e3fbcd4ba937b59837f20e2f0888a.jpg,val,238.0,546.0,299.0,383.0,팬츠,,,,,,,,롱·긴바지 기장,,,,슬림핏,,,,
fashionpedia_seed/images/a81789ee4548b9ea8aafde83cc5eaccc.jpg,train,231.0,550.0,182.0,362.0,팬츠,,,,,,,,롱·긴바지 기장,,,,,,무지,,포켓
fashionpedia_seed/images/a81789ee4548b9ea8aafde83cc5eaccc.jpg,train,190.0,210.0,290.0,354.0,셔츠,,,,,반팔,기본 소매,기본 기장,,,셔츠 칼라,여유핏,,,,,단추
fashionpedia_seed/images/86184f05dab0caa5e96ab1db699e91e7.jpg,train,290.0,210.0,197.0,276.0,티셔츠,,,,,,,크롭 기장,,라운드넥,,레귤러핏,,,무지,,프릴·러플
fashionpedia_seed/images/86184f05dab0caa5e96ab1db699e91e7.jpg,train,286.0,461.0,180.0,188.0,청바지,,,,,,,,,,,,슬림핏,,무지,데님,포켓
fashionpedia_seed/images/54b5226293d7cf8eabc1421062284a05.jpg,val,202.0,286.0,160.0,185.0,탑,,,,,,,기본 기장,,,,슬림핏,,비대칭,플로럴,,벨트
fashionpedia_seed/images/54b5226293d7cf8eabc1421062284a05.jpg,val,139.0,380.0,240.0,348.0,스커트,,,,,,,,무릎 기장,,,,,O라인,무지,,플리츠
fashionpedia_seed/images/041a6b43ed7ddfa1ec6040d27e5ce9a8.jpg,train,132.0,337.0,490.0,556.0,티셔츠,,,,,긴팔,기본 소매,크롭 기장,,,,슬림핏,,,무지,,
fashionpedia_seed/images/041a6b43ed7ddfa1ec6040d27e5ce9a8.jpg,train,333.0,840.0,256.0,183.0,쇼츠,,,,,,,,쇼츠·미니 기장,,,,,,무지,,포켓|벨트
fashionpedia_seed/images/627bfa841f072062e0cbeeff330787eb.jpg,train,256.0,603.0,175.0,165.0,쇼츠,,,,,,,,쇼츠·미니 기장,,,,,,무지,,포켓
fashionpedia_seed/images/627bfa841f072062e0cbeeff330787eb.jpg,train,252.0,374.0,186.0,261.0,티셔츠,,,,,긴팔,기본 소매,기본 기장,,,,여유핏,,,무지,,포켓
fashionpedia_seed/images/3c77bfcabe3495c954793a8f4696be5f.jpg,train,143.0,180.0,199.0,316.0,코트,,,,,긴팔,기본 소매,,,,,레귤러핏,,,무지,,포켓
fashionpedia_seed/images/3c77bfcabe3495c954793a8f4696be5f.jpg,train,194.0,616.0,62.0,62.0,팬츠,,,,,,,,,,,,슬림핏,,무지,,
fashionpedia_seed/images/d5d759731757fdef16a804321d4375ae.jpg,train,525.0,200.0,143.0,121.0,탑,,,,,반팔,캡 소매,크롭 기장,,라운드넥,,슬림핏,,,무지,,
fashionpedia_seed/images/d5d759731757fdef16a804321d4375ae.jpg,train,510.0,330.0,203.0,240.0,팬츠,,,,,,,,미디·7부 기장,,,,,,무지,,
fashionpedia_seed/images/b7e37d461b7abbe7af0bb979742b2a77.jpg,train,607.0,150.0,119.0,188.0,탑,,,,,,,크롭 기장,,,,레귤러핏,,,,,스팽글
fashionpedia_seed/images/b7e37d461b7abbe7af0bb979742b2a77.jpg,train,611.0,317.0,108.0,154.0,스커트,,,,,,,,무릎 기장,,,,,,무지,,플리츠|지퍼
fashionpedia_seed/images/6499b518ea551522410fc199dc73a159.jpg,val,257.0,177.0,171.0,249.0,셔츠,,,,,,,크롭 기장,,,,여유핏,,비대칭,무지,,단추
fashionpedia_seed/images/6499b518ea551522410fc199dc73a159.jpg,val,191.0,157.0,278.0,280.0,블레이저,,,,,7부 소매,벌룬 소매,크롭 기장,,,셔츠 칼라,슬림핏,,,무지,,
fashionpedia_seed/images/6499b518ea551522410fc199dc73a159.jpg,val,236.0,399.0,197.0,577.0,팬츠,,,,,,,,롱·긴바지 기장,,,,와이드핏,,무지,,포켓
fashionpedia_seed/images/fd860a8100f35a28da87cec4c565ecdd.jpg,train,261.0,693.0,396.0,330.0,청바지,,,,,,,,,,,,슬림핏,,무지,데님,포켓
fashionpedia_seed/images/fd860a8100f35a28da87cec4c565ecdd.jpg,train,293.0,219.0,451.0,504.0,니트,,,,,긴팔,기본 소매,기본 기장,,라운드넥,,레귤러핏,,,무지,니트,
fashionpedia_seed/images/9ac4f47132fe867a5bef9e999fe562fd.jpg,train,60.0,290.0,461.0,418.0,니트,,,,,반팔,벌룬 소매,크롭 기장,,보트넥,,여유핏,,,무지,니트,리본
fashionpedia_seed/images/9ac4f47132fe867a5bef9e999fe562fd.jpg,train,209.0,652.0,308.0,371.0,팬츠,,,,,,,,,,,,와이드핏,,무지,,지퍼
fashionpedia_seed/images/d8b36f1be818f71a0ab4224b829c1210.jpg,train,264.0,270.0,95.0,88.0,탑,,,,,,,크롭 기장,,,,슬림핏,,,,,
fashionpedia_seed/images/d8b36f1be818f71a0ab4224b829c1210.jpg,train,181.0,240.0,303.0,576.0,코트,,,,,긴팔,기본 소매,,,,라펠 칼라,여유핏,,,,가죽,벨트
fashionpedia_seed/images/d8b36f1be818f71a0ab4224b829c1210.jpg,train,245.0,382.0,142.0,461.0,팬츠,,,,,,,,롱·긴바지 기장,,,,스트레이트핏,H라인,무지,,
fashionpedia_seed/images/a3c6c961d4529f272f9efe3ff180abd7.jpg,train,235.0,350.0,200.0,408.0,원피스,,,,,,,,쇼츠·미니 기장,,,,,H라인,무지,,
fashionpedia_seed/images/926e547ae973c4ff47a63ac941fe6be1.jpg,train,247.0,215.0,199.0,412.0,원피스,,,,,,,,쇼츠·미니 기장,V넥,,,,X라인,플로럴,,지퍼
fashionpedia_seed/images/dd5a9faddbee8afb6adc6c741da8c914.jpg,train,217.0,328.0,352.0,695.0,원피스,,,,,,,,,,,,,,무지,,지퍼
fashionpedia_seed/images/1b84aa501066599f1332ff4551d9a1b3.jpg,train,100.0,316.0,491.0,706.0,원피스,,,,,긴팔,벨 소매,,,,,,,A라인,그래픽,,벨트
fashionpedia_seed/images/51e89e8be69cb38428e949cdfe811ff3.jpg,train,185.0,218.0,236.0,369.0,원피스,,,,,반팔,기본 소매,,쇼츠·미니 기장,,,,,H라인,무지,,리본
fashionpedia_seed/images/b2c35c8f0ca1e87a90dbe33a0c62d87e.jpg,train,197.0,215.0,181.0,457.0,원피스,,,,,,,,쇼츠·미니 기장,,,,,,무지,,지퍼
fashionpedia_seed/images/19dd339879e0b1efdda6a92bbd2c754d.jpg,train,211.0,222.0,282.0,316.0,티셔츠,,,,,긴팔,기본 소매,기본 기장,,라운드넥,,레귤러핏,,,무지,,포켓
fashionpedia_seed/images/19dd339879e0b1efdda6a92bbd2c754d.jpg,train,237.0,490.0,215.0,431.0,팬츠,,,,,,,,롱·긴바지 기장,,,,,,무지,,
fashionpedia_seed/images/b4968dc30b419476fcc4a72938113609.jpg,train,192.0,297.0,235.0,716.0,원피스,,,,,,,,롱·긴바지 기장,,,,,,무지,,지퍼
fashionpedia_seed/images/a419c030ecf1f588302b7db62ee2bb21.jpg,train,270.0,540.0,203.0,158.0,니트,,,,,긴팔,기본 소매,크롭 기장,,,,레귤러핏,,,무지,니트,
fashionpedia_seed/images/a419c030ecf1f588302b7db62ee2bb21.jpg,train,317.0,675.0,100.0,89.0,쇼츠,,,,,,,,쇼츠·미니 기장,,,,,,스트라이프,,포켓
fashionpedia_seed/images/07a7bc9429c23e4704ab97898de75030.jpg,train,273.0,220.0,199.0,573.0,원피스,,,,,,,,미디·7부 기장,,,,,A라인,플로럴,,
fashionpedia_seed/images/8bdb5ea143c004026146f13b79935ba7.jpg,val,273.0,222.0,192.0,351.0,원피스,,,,,,,,쇼츠·미니 기장,라운드넥,,,,A라인,무지,,
fashionpedia_seed/images/3ad8d42ba64449a7617160489b43cffb.jpg,train,245.0,197.0,284.0,428.0,원피스,,,,,긴팔,,,쇼츠·미니 기장,,,,,비대칭,,,
fashionpedia_seed/images/44a33562cc61058bfadb2164c829156b.jpg,train,204.0,291.0,258.0,388.0,원피스,,,,,,,,쇼츠·미니 기장,V넥,,,,X라인,스트라이프,,지퍼
fashionpedia_seed/images/9103fb4292a60db77d999f0838c4e562.jpg,val,334.0,204.0,251.0,792.0,원피스,,,,,,,,롱·긴바지 기장,V넥,,,,,그래픽,,지퍼
fashionpedia_seed/images/68aefbd5faf3d79453eee3593e815d32.jpg,train,186.0,208.0,263.0,330.0,재킷,,,,,긴팔,기본 소매,크롭 기장,,,스탠드 칼라,레귤러핏,,,무지,,지퍼
fashionpedia_seed/images/68aefbd5faf3d79453eee3593e815d32.jpg,train,251.0,296.0,184.0,278.0,원피스,,,,,,,,쇼츠·미니 기장,,,,,H라인,무지,,지퍼
fashionpedia_seed/images/68aefbd5faf3d79453eee3593e815d32.jpg,train,257.0,557.0,174.0,327.0,팬츠,,,,,,,,롱·긴바지 기장,,,,슬림핏,,무지,,
fashionpedia_seed/images/992c89a774b9f246db9ab54865273b26.jpg,train,30.0,315.0,651.0,708.0,티셔츠,,,,,반팔,기본 소매,기본 기장,,라운드넥,,레귤러핏,,,그래픽,,
fashionpedia_seed/images/fa9077a968d2fd593b3999aad7f54231.jpg,train,310.0,372.0,138.0,287.0,원피스,,,,,,,,쇼츠·미니 기장,V넥,,,,,무지,,
fashionpedia_seed/images/d50d3a6538824799818bb76fd16dbeef.jpg,train,225.0,230.0,243.0,766.0,원피스,,,,,,,,롱·긴바지 기장,V넥,,,,,무지,,지퍼|벨트
fashionpedia_seed/images/ce25fc2ea56c29c024e96686099373b5.jpg,train,600.0,339.0,61.0,51.0,쇼츠,,,,,,,,쇼츠·미니 기장,,,,,,무지,,
fashionpedia_seed/images/ce25fc2ea56c29c024e96686099373b5.jpg,train,436.0,155.0,280.0,197.0,셔츠,,,,,,,,,,셔츠 칼라,여유핏,,,무지,,단추
fashionpedia_seed/images/ae97534d312305c3b2ce4c956d54d3a9.jpg,train,229.0,252.0,160.0,199.0,티셔츠,,,,,,,크롭 기장,,라운드넥,,슬림핏,,,무지|플로럴,,
fashionpedia_seed/images/ae97534d312305c3b2ce4c956d54d3a9.jpg,train,178.0,439.0,355.0,570.0,스커트,,,,,,,,롱·긴바지 기장,,,,,,무지,,프릴·러플
fashionpedia_seed/images/545342e1ff1fbecc6cf069bd3ebf7e1a.jpg,train,188.0,177.0,272.0,475.0,원피스,,,,,긴팔,기본 소매,,쇼츠·미니 기장,보트넥,,,,비대칭,무지,,지퍼
fashionpedia_seed/images/7307f9bf5fa04f47361d0dd86d8c73d9.jpg,train,235.0,88.0,422.0,707.0,점프수트,,,,,반팔,벨 소매,,쇼츠·미니 기장,홀터넥,,여유핏,,,플로럴,,
fashionpedia_seed/images/05bfc7156bc37ce44207ca814f1b3737.jpg,train,175.0,251.0,370.0,421.0,티셔츠,,,,,긴팔,,,,라운드넥,,레귤러핏,,,스트라이프,,포켓|지퍼
fashionpedia_seed/images/05bfc7156bc37ce44207ca814f1b3737.jpg,train,168.0,185.0,469.0,487.0,재킷,,,,,긴팔,기본 소매,,,,,레귤러핏,,,무지,,단추|지퍼|포켓
fashionpedia_seed/images/88383c53ef2404f1596e41e45ebe5ddd.jpg,train,206.0,284.0,251.0,606.0,원피스,,,,,반팔,벨 소매,,롱·긴바지 기장,,,,,,무지,,리본
fashionpedia_seed/images/05488fcc74f81ae452dd55229003f58f.jpg,train,290.0,121.0,185.0,275.0,탑,,,,,,,크롭 기장,,라운드넥,,슬림핏,,,무지,,
fashionpedia_seed/images/05488fcc74f81ae452dd55229003f58f.jpg,train,265.0,355.0,264.0,401.0,스커트,,,,,,,,미디·7부 기장,,,,,,무지,,플리츠|벨트
fashionpedia_seed/images/6ff1187d58522da123a25c0e8354f29f.jpg,train,226.0,187.0,177.0,184.0,원피스,,,,,,,,롱·긴바지 기장,보트넥,,,,,스트라이프,,지퍼
fashionpedia_seed/images/6ff1187d58522da123a25c0e8354f29f.jpg,train,168.0,348.0,370.0,616.0,스커트,,,,,,,,롱·긴바지 기장,,,,,,무지,,플리츠
fashionpedia_seed/images/8fd977cccd42dde5ebe8785b3929f801.jpg,train,296.0,419.0,97.0,203.0,재킷,,,,,긴팔,기본 소매,크롭 기장,,,,레귤러핏,,,무지,,포켓
fashionpedia_seed/images/8fd977cccd42dde5ebe8785b3929f801.jpg,train,298.0,599.0,98.0,172.0,팬츠,,,,,,,,미디·7부 기장,,,,,,무지,,
fashionpedia_seed/images/c67f567b2bcd6a7204842d1019a0287d.jpg,train,207.0,250.0,179.0,344.0,탑,,,,,반팔,캡 소매,,,V넥,,슬림핏,,,무지,,
fashionpedia_seed/images/c67f567b2bcd6a7204842d1019a0287d.jpg,train,167.0,529.0,210.0,386.0,청바지,,,,,,,,롱·긴바지 기장,,,,스트레이트핏,H라인,무지,데님,
fashionpedia_seed/images/872fc33127ea1bff445f180e91ea979f.jpg,train,428.0,317.0,325.0,275.0,원피스,,,,,7부 소매,벨 소매,,쇼츠·미니 기장,,,,,H라인,무지,,
fashionpedia_seed/images/0617757485dad98ded988c6e101c8bf2.jpg,train,263.0,525.0,308.0,309.0,청바지,,,,,,,,롱·긴바지 기장,,,,슬림핏,,무지,데님,포켓
fashionpedia_seed/images/0617757485dad98ded988c6e101c8bf2.jpg,train,374.0,243.0,274.0,337.0,재킷,,,,,긴팔,기본 소매,크롭 기장,,,셔츠 칼라,여유핏,,,무지,,단추
fashionpedia_seed/images/0617757485dad98ded988c6e101c8bf2.jpg,train,439.0,146.0,160.0,320.0,후드티,,,,,,,,,,,레귤러핏,,,무지,,후드
fashionpedia_seed/images/13bd73c2068bc2705f3a0b65e425b965.jpg,train,220.0,648.0,387.0,375.0,청바지,,,,,,,,,,,,슬림핏,,무지,데님,포켓
fashionpedia_seed/images/13bd73c2068bc2705f3a0b65e425b965.jpg,train,220.0,243.0,300.0,478.0,티셔츠,,,,,반팔,퍼프 소매,크롭 기장,,라운드넥,,레귤러핏,,,무지,,리본
fashionpedia_seed/images/8cd47ea6b100369f44879e44ba5950c7.jpg,train,289.0,283.0,345.0,398.0,원피스,,,,,긴팔,,,,라운드넥,,,,H라인,,,지퍼|벨트
fashionpedia_seed/images/afb8182ab6475db9830b0afafb442f55.jpg,train,381.0,508.0,186.0,315.0,청바지,,,,,,,,롱·긴바지 기장,,,,스트레이트핏,H라인,무지,데님,포켓
fashionpedia_seed/images/afb8182ab6475db9830b0afafb442f55.jpg,train,442.0,254.0,104.0,263.0,티셔츠,,,,,,,크롭 기장,,라운드넥,,레귤러핏,,,스트라이프,,
fashionpedia_seed/images/afb8182ab6475db9830b0afafb442f55.jpg,train,337.0,188.0,284.0,373.0,재킷,,,,,긴팔,기본 소매,크롭 기장,,,,레귤러핏,,,무지,퍼·플리스,지퍼|포켓
fashionpedia_seed/images/ac14ee8a27be712ac0123b69d376b0be.jpg,val,297.0,153.0,190.0,318.0,탑,,,,,,,크롭 기장,,,,슬림핏,,,무지,,
fashionpedia_seed/images/ac14ee8a27be712ac0123b69d376b0be.jpg,val,136.0,414.0,390.0,339.0,스커트,,,,,,,,무릎 기장,,,,,,무지,,
fashionpedia_seed/images/320e6497373a2f91a108044407c69a9e.jpg,val,233.0,484.0,190.0,437.0,팬츠,,,,,,,,롱·긴바지 기장,,,,슬림핏,,무지,,
fashionpedia_seed/images/320e6497373a2f91a108044407c69a9e.jpg,val,187.0,209.0,290.0,325.0,블레이저,,,,,7부 소매,기본 소매,크롭 기장,,,라펠 칼라,슬림핏,,,그래픽,,단추
fashionpedia_seed/images/9947f3f56aa4fab3b07bca98b09d7bfe.jpg,train,202.0,10.0,366.0,251.0,티셔츠,,,,,반팔,기본 소매,,,,,레귤러핏,,,,,
fashionpedia_seed/images/9947f3f56aa4fab3b07bca98b09d7bfe.jpg,train,252.0,0.0,282.0,281.0,베스트,,,,,,,크롭 기장,,라운드넥,셔츠 칼라,레귤러핏,,,무지,,단추|포켓
fashionpedia_seed/images/9947f3f56aa4fab3b07bca98b09d7bfe.jpg,train,189.0,269.0,449.0,318.0,청바지,,,,,,,,롱·긴바지 기장,,,,,,무지,데님,포켓
fashionpedia_seed/images/263b6dd877a80699f43aef905d7ea37e.jpg,val,270.0,493.0,171.0,443.0,청바지,,,,,,,,롱·긴바지 기장,,,,슬림핏,,무지,데님,포켓
fashionpedia_seed/images/263b6dd877a80699f43aef905d7ea37e.jpg,val,270.0,272.0,198.0,233.0,티셔츠,,,,,반팔,캡 소매,크롭 기장,,,,레귤러핏,,,무지,,
fashionpedia_seed/images/e2a1712cc3928d83e0339e5cb3832fec.jpg,train,281.0,196.0,160.0,254.0,탑,,,,,,,크롭 기장,,,,레귤러핏,,,무지,,
fashionpedia_seed/images/e2a1712cc3928d83e0339e5cb3832fec.jpg,train,271.0,438.0,175.0,425.0,스커트,,,,,,,,미디·7부 기장,,,,스트레이트핏,H라인,,,
fashionpedia_seed/images/cdd60a254cc0a2ad373d5b2cd32b0247.jpg,train,189.0,220.0,276.0,336.0,블레이저,,,,,긴팔,기본 소매,크롭 기장,,,,레귤러핏,,,무지,,플리츠
fashionpedia_seed/images/cdd60a254cc0a2ad373d5b2cd32b0247.jpg,train,209.0,302.0,239.0,331.0,원피스,,,,,,,,쇼츠·미니 기장,,,,,X라인,도트,,
fashionpedia_seed/images/e1f4adf88b71b15a4aaa6a32c6fa0d4a.jpg,val,254.0,196.0,153.0,143.0,베스트,,,,,,,크롭 기장,,라운드넥,,슬림핏,,,체크,,단추
fashionpedia_seed/images/e1f4adf88b71b15a4aaa6a32c6fa0d4a.jpg,val,211.0,204.0,222.0,342.0,원피스,,,,,반팔,퍼프 소매,,쇼츠·미니 기장,,,여유핏,,,무지,,리본
fashionpedia_seed/images/75ec98a0e2afc332e276815266db0a4a.jpg,train,138.0,308.0,232.0,333.0,블레이저,,,,,긴팔,기본 소매,크롭 기장,,,라펠 칼라,슬림핏,,,무지,,지퍼
fashionpedia_seed/images/75ec98a0e2afc332e276815266db0a4a.jpg,train,234.0,483.0,327.0,437.0,팬츠,,,,,,,,롱·긴바지 기장,,,,슬림핏,,무지,,지퍼
fashionpedia_seed/images/75ec98a0e2afc332e276815266db0a4a.jpg,train,171.0,312.0,119.0,104.0,티셔츠,,,,,,,,,라운드넥,,슬림핏,,,,,
fashionpedia_seed/images/f71e5303f0a10b85bf4bbc6c9cbee1ab.jpg,train,189.0,205.0,276.0,288.0,블레이저,,,,,7부 소매,기본 소매,크롭 기장,,,라펠 칼라,슬림핏,,,무지,,벨트
fashionpedia_seed/images/f71e5303f0a10b85bf4bbc6c9cbee1ab.jpg,train,229.0,380.0,161.0,207.0,스커트,,,,,,,,쇼츠·미니 기장,,,,스트레이트핏,H라인,무지,,지퍼
fashionpedia_seed/images/05b5e806121325fe0b9879c18f146f39.jpg,val,353.0,457.0,196.0,340.0,재킷,,,,,,,크롭 기장,,,,레귤러핏,,,무지,,
fashionpedia_seed/images/05b5e806121325fe0b9879c18f146f39.jpg,val,328.0,512.0,78.0,439.0,팬츠,,,,,,,,롱·긴바지 기장,,,,슬림핏,,무지,,
fashionpedia_seed/images/05b5e806121325fe0b9879c18f146f39.jpg,val,242.0,229.0,213.0,657.0,원피스,,,,,,,,미디·7부 기장,,셔츠 칼라,,,H라인,체크,,단추|포켓
fashionpedia_seed/images/014eadcd4cf28a669232d4b6470e4e01.jpg,train,249.0,305.0,128.0,321.0,원피스,,,,,,,,쇼츠·미니 기장,,,,,H라인,도트,,지퍼
fashionpedia_seed/images/899f2cf99bf2589cb5f037792f6f35ae.jpg,train,137.0,195.0,206.0,674.0,원피스,,,,,,,,롱·긴바지 기장,,,,,H라인,무지,,
fashionpedia_seed/images/899f2cf99bf2589cb5f037792f6f35ae.jpg,train,97.0,183.0,260.0,358.0,티셔츠,,,,,긴팔,기본 소매,,,라운드넥,,,,,무지,,포켓
fashionpedia_seed/images/84e8048def1e6bbfd0c8558a949ef76d.jpg,train,294.0,333.0,73.0,94.0,티셔츠,,,,,,,,,라운드넥,,,,,무지,,프릴·러플
fashionpedia_seed/images/84e8048def1e6bbfd0c8558a949ef76d.jpg,train,265.0,349.0,151.0,263.0,재킷,,,,,긴팔,퍼프 소매,크롭 기장,,,,슬림핏,,,무지,,
fashionpedia_seed/images/84e8048def1e6bbfd0c8558a949ef76d.jpg,train,247.0,534.0,248.0,399.0,팬츠,,,,,,,,롱·긴바지 기장,,,,,,무지,,플리츠|지퍼
fashionpedia_seed/images/c829a692db2ec7013e3eb242b430a2d8.jpg,train,102.0,278.0,477.0,472.0,원피스,,,,,,,,무릎 기장,,,,,X라인,무지,,지퍼
fashionpedia_seed/images/c829a692db2ec7013e3eb242b430a2d8.jpg,train,167.0,188.0,342.0,339.0,블레이저,,,,,긴팔,기본 소매,크롭 기장,,,셔츠 칼라,슬림핏,,,무지,,지퍼
fashionpedia_seed/images/8b0f9bec3b8c5793bf116e1e5e502072.jpg,train,247.0,339.0,178.0,181.0,쇼츠,,,,,,,,쇼츠·미니 기장,,,,,,무지,,플리츠
fashionpedia_seed/images/8b0f9bec3b8c5793bf116e1e5e502072.jpg,train,191.0,196.0,310.0,359.0,재킷,,,,,긴팔,기본 소매,크롭 기장,,,,레귤러핏,,,무지,퍼·플리스,
fashionpedia_seed/images/8b0f9bec3b8c5793bf116e1e5e502072.jpg,train,285.0,200.0,140.0,157.0,탑,,,,,,,,,,,레귤러핏,,,무지,,
fashionpedia_seed/images/3b090c8c5228647a7c486ed9f1b14309.jpg,train,197.0,201.0,99.0,98.0,셔츠,,,,,,,,,,피터팬 칼라,레귤러핏,,,무지,,단추
fashionpedia_seed/images/3b090c8c5228647a7c486ed9f1b14309.jpg,train,146.0,265.0,182.0,431.0,원피스,,,,,,,,쇼츠·미니 기장,,,,,H라인,무지,,
fashionpedia_seed/images/3b090c8c5228647a7c486ed9f1b14309.jpg,train,106.0,224.0,244.0,363.0,가디건,,,,,긴팔,기본 소매,기본 기장,,,,레귤러핏,,,무지,니트,단추
fashionpedia_seed/images/b00ba458be2f204c127cbd76d7410a84.jpg,train,294.0,618.0,91.0,97.0,쇼츠,,,,,,,,쇼츠·미니 기장,,,,,,무지,,
fashionpedia_seed/images/b00ba458be2f204c127cbd76d7410a84.jpg,train,358.0,445.0,38.0,175.0,셔츠,,,,,,,,,,셔츠 칼라,,,,,,
fashionpedia_seed/images/b00ba458be2f204c127cbd76d7410a84.jpg,train,242.0,429.0,242.0,334.0,재킷,,,,,긴팔,기본 소매,기본 기장,,,라펠 칼라,여유핏,,,무지,퍼·플리스,지퍼|벨트
fashionpedia_seed/images/d02c51d1bad4d2c2c7d53564537c6d04.jpg,train,561.0,291.0,145.0,351.0,원피스,,,,,,,,무릎 기장,,,,,H라인,무지,,지퍼
fashionpedia_seed/images/ac251d77cc42ec66b128c80048e10bef.jpg,train,136.0,519.0,161.0,162.0,티셔츠,,,,,반팔,기본 소매,크롭 기장,,,,레귤러핏,,,무지,,
fashionpedia_seed/images/37370ccfad7a49a1121ad83eb0a39b87.jpg,val,230.0,186.0,218.0,526.0,원피스,,,,,반팔,,,무릎 기장,,,,,,무지,,지퍼
fashionpedia_seed/images/90e29b1a604c8046f96b0a52e2cc7399.jpg,train,228.0,476.0,182.0,416.0,팬츠,,,,,,,,롱·긴바지 기장,,,,슬림핏,,스트라이프,,지퍼
fashionpedia_seed/images/90e29b1a604c8046f96b0a52e2cc7399.jpg,train,209.0,192.0,246.0,333.0,블레이저,,,,,긴팔,퍼프 소매,크롭 기장,,,,슬림핏,,비대칭,스트라이프,,
fashionpedia_seed/images/fb81f1a32e154a77e683f309cdf0794a.jpg,train,142.0,386.0,430.0,637.0,탑,,,,,,,,,,,레귤러핏,,,그래픽,,
fashionpedia_seed/images/f8e06447cc09b99b019e6115ac68d633.jpg,train,305.0,237.0,49.0,96.0,셔츠,,,,,,,,,,셔츠 칼라,,,,,,단추
fashionpedia_seed/images/f8e06447cc09b99b019e6115ac68d633.jpg,train,216.0,237.0,219.0,302.0,블레이저,,,,,긴팔,기본 소매,크롭 기장,,,라펠 칼라,레귤러핏,,,,,단추|포켓
fashionpedia_seed/images/f8e06447cc09b99b019e6115ac68d633.jpg,train,242.0,489.0,152.0,174.0,스커트,,,,,,,,쇼츠·미니 기장,,,,스트레이트핏,H라인,,,지퍼
fashionpedia_seed/images/8b5635d5a5331e26d0e5135a068976ee.jpg,train,64.0,432.0,617.0,591.0,티셔츠,,,,,긴팔,,,,,,레귤러핏,,,무지,,
fashionpedia_seed/images/563f37df673fa80cfc369fbcf4a9869a.jpg,train,43.0,563.0,489.0,460.0,가디건,,,,,,,,,,,,,,무지,니트,
fashionpedia_seed/images/563f37df673fa80cfc369fbcf4a9869a.jpg,train,111.0,308.0,367.0,715.0,원피스,,,,,,,,,V넥,,,,A라인,무지,,지퍼
fashionpedia_seed/images/a3f881917b1e3e8875dfe97f9ae98bee.jpg,train,314.0,181.0,664.0,842.0,니트,,,,,긴팔,기본 소매,,,터틀넥,,여유핏,,,무지,니트,
fashionpedia_seed/images/8bca1e53faf0293e78a2bc23cc27d9f6.jpg,val,241.0,317.0,204.0,263.0,원피스,,,,,긴팔,기본 소매,,쇼츠·미니 기장,,,,,H라인,무지,,지퍼
fashionpedia_seed/images/df079613f0d10e3e2778b0dba7809686.jpg,train,255.0,483.0,143.0,280.0,원피스,,,,,,,,쇼츠·미니 기장,,,,,A라인,무지,,지퍼
fashionpedia_seed/images/bba3aec79e766cc1375de76bbe6493bb.jpg,train,527.0,225.0,137.0,321.0,원피스,,,,,,,,롱·긴바지 기장,,,,,,무지,,지퍼|프릴·러플
fashionpedia_seed/images/7e99694263e60924945921f8ea6b3671.jpg,train,157.0,224.0,397.0,451.0,원피스,,,,,,,,쇼츠·미니 기장,,,,,,무지,,지퍼
fashionpedia_seed/images/b5afca4e7afe32cd8d4e7ba62da456bd.jpg,train,253.0,277.0,276.0,668.0,원피스,,,,,,,,쇼츠·미니 기장,라운드넥,,,,H라인,무지,,지퍼
fashionpedia_seed/images/b5afca4e7afe32cd8d4e7ba62da456bd.jpg,train,227.0,268.0,370.0,663.0,재킷,,,,,반팔,캡 소매,크롭 기장,,,,슬림핏,,,무지,,벨트
fashionpedia_seed/images/53f850b18b5101f28b6a279bcd546161.jpg,train,395.0,473.0,75.0,183.0,블레이저,,,,,,,크롭 기장,,,,레귤러핏,,,무지,,
fashionpedia_seed/images/53f850b18b5101f28b6a279bcd546161.jpg,train,464.0,445.0,131.0,183.0,팬츠,,,,,,,,롱·긴바지 기장,,,,슬림핏,,무지,,
fashionpedia_seed/images/53f850b18b5101f28b6a279bcd546161.jpg,train,433.0,323.0,171.0,145.0,탑,,,,,긴팔,기본 소매,기본 기장,,V넥,,여유핏,,,무지|플로럴,,
fashionpedia_seed/images/94351b1b66b1e37756eef9206883dd83.jpg,train,666.0,420.0,189.0,221.0,쇼츠,,,,,,,,쇼츠·미니 기장,,,,,,무지,,
fashionpedia_seed/images/94351b1b66b1e37756eef9206883dd83.jpg,train,664.0,201.0,138.0,216.0,탑,,,,,반팔,캡 소매,크롭 기장,,V넥,,슬림핏,,,무지,,
fashionpedia_seed/images/8e13b4bba964e3d1fc2eba6e30975f06.jpg,train,412.0,183.0,399.0,477.0,원피스,,,,,반팔,캡 소매,,롱·긴바지 기장,,,,,,무지|플로럴,,지퍼
fashionpedia_seed/images/70eafbe28f1ce1a955c1acf2913ade0e.jpg,val,698.0,275.0,125.0,269.0,원피스,,,,,,기본 소매,,무릎 기장,,,오버핏,,,무지,,플리츠
fashionpedia_seed/images/8cca49fbcf6adea78b6fe875c06edf48.jpg,val,228.0,166.0,179.0,363.0,원피스,,,,,,,,쇼츠·미니 기장,,,,,,무지,,지퍼
fashionpedia_seed/images/8cca49fbcf6adea78b6fe875c06edf48.jpg,val,198.0,171.0,310.0,518.0,코트,,,,,긴팔,기본 소매,,,,라펠 칼라,여유핏,,,무지,,
fashionpedia_seed/images/301550866f92b82ff7c831e6efdaf531.jpg,val,151.0,297.0,320.0,645.0,원피스,,,,,,,,쇼츠·미니 기장,,,,,,무지,,지퍼
fashionpedia_seed/images/91d63e4fe4777e2d1a6e7f9e6f93de2d.jpg,train,493.0,359.0,74.0,215.0,티셔츠,,,,,,,크롭 기장,,라운드넥,,레귤러핏,,,무지,,
fashionpedia_seed/images/91d63e4fe4777e2d1a6e7f9e6f93de2d.jpg,train,435.0,333.0,180.0,282.0,셔츠,,,,,긴팔,기본 소매,기본 기장,,,셔츠 칼라,여유핏,,,무지,,단추|포켓
fashionpedia_seed/images/b0ed46a2ed52c32e7a1c2c47cebf3f70.jpg,train,231.0,230.0,263.0,349.0,셔츠,,,,,긴팔,,기본 기장,,,셔츠 칼라,오버핏,,,무지,,단추|포켓
fashionpedia_seed/images/b0ed46a2ed52c32e7a1c2c47cebf3f70.jpg,train,278.0,475.0,156.0,234.0,쇼츠,,,,,,,,쇼츠·미니 기장,,,,,,플로럴,,
fashionpedia_seed/images/ac0bb60c85a2a9a02d525f900316cda2.jpg,val,220.0,208.0,226.0,468.0,원피스,,,,,반팔,기본 소매,,쇼츠·미니 기장,라운드넥,,,,H라인,,,지퍼|프릴·러플
fashionpedia_seed/images/123318217b814f567b34b30bc843680f.jpg,val,272.0,331.0,195.0,273.0,셔츠,,,,,긴팔,벌룬 소매,기본 기장,,,셔츠 칼라,여유핏,,,도트|플로럴,,단추
fashionpedia_seed/images/123318217b814f567b34b30bc843680f.jpg,val,300.0,571.0,116.0,249.0,팬츠,,,,,,,,롱·긴바지 기장,,,,슬림핏,,무지,,
fashionpedia_seed/images/fa8cbbf127e163a2f512399049509d90.jpg,train,211.0,256.0,220.0,270.0,코트,,,,,긴팔,기본 소매,,,,셔츠 칼라,레귤러핏,,,무지,,단추|포켓|벨트
fashionpedia_seed/images/fa8cbbf127e163a2f512399049509d90.jpg,train,221.0,499.0,108.0,144.0,청바지,,,,,,,,롱·긴바지 기장,,,,슬림핏,,무지,데님,
fashionpedia_seed/images/3641da2171647a07f88dae8d53c9a6a3.jpg,train,267.0,182.0,193.0,348.0,원피스,,,,,7부 소매,퍼프 소매,,쇼츠·미니 기장,,셔츠 칼라,,,,무지,,단추|벨트
fashionpedia_seed/images/8c54a0c4b1c47d32a13f2bcc0f4c24bb.jpg,val,270.0,364.0,152.0,412.0,청바지,,,,,,,,롱·긴바지 기장,,,,슬림핏,,무지,데님,포켓
fashionpedia_seed/images/8c54a0c4b1c47d32a13f2bcc0f4c24bb.jpg,val,278.0,204.0,127.0,176.0,탑,,,,,,,크롭 기장,,,,슬림핏,,,무지,,
fashionpedia_seed/images/ada83e10834aa11414790cb9b9955aea.jpg,train,302.0,207.0,250.0,514.0,원피스,,,,,반팔,퍼프 소매,,무릎 기장,스퀘어넥,,,,,무지,,단추
fashionpedia_seed/images/bb53273302796bb80db3e12ddbb6d12d.jpg,train,77.0,359.0,546.0,664.0,티셔츠,,,,,반팔,캡 소매,기본 기장,,,,슬림핏,,,무지,,
fashionpedia_seed/images/f6890fd9ddbb8cf2d17a332eb72e0ea2.jpg,train,255.0,217.0,162.0,157.0,탑,,,,,,,크롭 기장,,,,레귤러핏,,,그래픽,,
fashionpedia_seed/images/f6890fd9ddbb8cf2d17a332eb72e0ea2.jpg,train,253.0,354.0,194.0,385.0,스커트,,,,,,,,미디·7부 기장,,,,,,무지,,지퍼
fashionpedia_seed/images/320930dcc25cc8552bba966eff2d06c4.jpg,train,288.0,318.0,199.0,355.0,티셔츠,,,,,반팔,기본 소매,크롭 기장,,라운드넥,,여유핏,,,무지,,
fashionpedia_seed/images/320930dcc25cc8552bba966eff2d06c4.jpg,train,227.0,657.0,199.0,366.0,청바지,,,,,,,,,,,,슬림핏,,무지,데님,포켓|벨트
fashionpedia_seed/images/ba230c5008aba14a031f540a7d601c57.jpg,val,112.0,242.0,544.0,718.0,원피스,,,,,반팔,,,롱·긴바지 기장,오프숄더,,,,,무지,,플리츠|지퍼
fashionpedia_seed/images/338e3b7d82fb18e09d546dd3056184e4.jpg,val,236.0,208.0,203.0,780.0,원피스,,,,,,,,롱·긴바지 기장,,,,,,무지,,플리츠|지퍼
fashionpedia_seed/images/25b6a7dad9c5df5d9b36d681541500bf.jpg,train,213.0,405.0,250.0,559.0,스커트,,,,,,,,롱·긴바지 기장,,,,스트레이트핏,H라인,무지,,
fashionpedia_seed/images/25b6a7dad9c5df5d9b36d681541500bf.jpg,train,160.0,176.0,304.0,217.0,탑,,,,,반팔,래글런 소매,크롭 기장,,보트넥,,슬림핏,,,,,
fashionpedia_seed/images/629df21f84ffc47d37ab1e3818dfad7a.jpg,train,178.0,206.0,80.0,263.0,원피스,,,,,,,,쇼츠·미니 기장,,,,,H라인,무지,,벨트
fashionpedia_seed/images/629df21f84ffc47d37ab1e3818dfad7a.jpg,train,89.0,136.0,227.0,433.0,코트,,,,,긴팔,기본 소매,,,,라펠 칼라,레귤러핏,,,무지,퍼·플리스,단추|포켓|벨트
fashionpedia_seed/images/5cba4260eab80d368b662a6348ab47ad.jpg,val,205.0,228.0,232.0,319.0,티셔츠,,,,,긴팔,,기본 기장,,,,슬림핏,,,무지|플로럴,,
fashionpedia_seed/images/5cba4260eab80d368b662a6348ab47ad.jpg,val,204.0,208.0,232.0,316.0,재킷,,,,,긴팔,기본 소매,크롭 기장,,터틀넥,셔츠 칼라,레귤러핏,,,무지,,지퍼
fashionpedia_seed/images/5cba4260eab80d368b662a6348ab47ad.jpg,val,251.0,485.0,168.0,393.0,팬츠,,,,,,,,롱·긴바지 기장,,,,슬림핏,,무지,,지퍼
fashionpedia_seed/images/26759016fd26e02207463675219f7fef.jpg,train,223.0,214.0,209.0,431.0,원피스,,,,,긴팔,기본 소매,,쇼츠·미니 기장,라운드넥,,,,H라인,,,지퍼
fashionpedia_seed/images/8d9db596f429d1ce75c6c163ae9d987c.jpg,train,232.0,219.0,308.0,647.0,탑,,,,,,,,,터틀넥,,여유핏,,,무지,,
fashionpedia_seed/images/8d9db596f429d1ce75c6c163ae9d987c.jpg,train,243.0,637.0,367.0,385.0,팬츠,,,,,,,,,,,,,,무지,,
fashionpedia_seed/images/9c740b226f9ffe7eca197ade2f554fe9.jpg,train,146.0,595.0,234.0,355.0,청바지,,,,,,,,롱·긴바지 기장,,,,스트레이트핏,H라인,무지,데님,
fashionpedia_seed/images/9c740b226f9ffe7eca197ade2f554fe9.jpg,train,119.0,239.0,261.0,366.0,티셔츠,,,,,반팔,기본 소매,기본 기장,,라운드넥,,레귤러핏,,,무지,,
fashionpedia_seed/images/ef9dae290756a8dbcb1cde404da00a1a.jpg,train,246.0,182.0,234.0,296.0,재킷,,,,,긴팔,기본 소매,크롭 기장,,,셔츠 칼라,레귤러핏,,,무지,,단추|포켓|벨트
fashionpedia_seed/images/ef9dae290756a8dbcb1cde404da00a1a.jpg,train,261.0,446.0,196.0,373.0,팬츠,,,,,,,,롱·긴바지 기장,,,,,,무지,,
fashionpedia_seed/images/03549b86fb916d9fc725d816c94d0a3c.jpg,train,185.0,368.0,325.0,480.0,원피스,,,,,반팔,래글런 소매,,쇼츠·미니 기장,,,,,A라인,무지|플로럴,,
fashionpedia_seed/images/016247873d36ee0ea830a3827107d52c.jpg,train,238.0,354.0,142.0,245.0,셔츠,,,,,,,기본 기장,,,,레귤러핏,,,무지,,단추
fashionpedia_seed/images/016247873d36ee0ea830a3827107d52c.jpg,train,196.0,329.0,227.0,277.0,재킷,,,,,긴팔,기본 소매,크롭 기장,,,스탠드 칼라,레귤러핏,,,무지,,지퍼|포켓
fashionpedia_seed/images/016247873d36ee0ea830a3827107d52c.jpg,train,228.0,541.0,158.0,52.0,재킷,,,,,,,크롭 기장,,,,레귤러핏,,,무지,,
fashionpedia_seed/images/016247873d36ee0ea830a3827107d52c.jpg,train,240.0,570.0,138.0,53.0,쇼츠,,,,,,,,쇼츠·미니 기장,,,,,,무지,,
fashionpedia_seed/images/65cb75a24d64e835888e2824b1baaacc.jpg,val,378.0,265.0,323.0,365.0,티셔츠,,,,,반팔,기본 소매,기본 기장,,라운드넥,,레귤러핏,,,무지,,
fashionpedia_seed/images/65cb75a24d64e835888e2824b1baaacc.jpg,val,432.0,579.0,193.0,103.0,쇼츠,,,,,,,,쇼츠·미니 기장,,,,슬림핏,,무지,,
fashionpedia_seed/images/65cb75a24d64e835888e2824b1baaacc.jpg,val,255.0,494.0,194.0,92.0,티셔츠,,,,,,,,,,,,,,무지,,
fashionpedia_seed/images/356a5d0bd91c5f2ea94140f4e4ab24fc.jpg,train,260.0,250.0,186.0,310.0,원피스,,,,,,,,쇼츠·미니 기장,,,,,H라인,무지,,지퍼
fashionpedia_seed/images/3a8a2d38d8e3d16b2ca9dff94be6e9ed.jpg,train,230.0,420.0,170.0,451.0,팬츠,,,,,,,,롱·긴바지 기장,,,,슬림핏,,무지,,
fashionpedia_seed/images/3a8a2d38d8e3d16b2ca9dff94be6e9ed.jpg,train,209.0,185.0,259.0,359.0,코트,,,,,반팔,기본 소매,,,,스탠드 칼라,슬림핏,,,무지,,단추|리본
fashionpedia_seed/images/3a8a2d38d8e3d16b2ca9dff94be6e9ed.jpg,train,185.0,370.0,301.0,152.0,티셔츠,,,,,긴팔,기본 소매,,,,,,,,무지,,
fashionpedia_seed/images/7c3c0cd188f831a4533f8aa2f5902b64.jpg,train,230.0,228.0,247.0,415.0,원피스,,,,,반팔,캡 소매,,쇼츠·미니 기장,라운드넥,,,,X라인,무지|플로럴,,지퍼
fashionpedia_seed/images/a38445479f8dcc4074a291d8eb99e97a.jpg,train,219.0,179.0,185.0,520.0,원피스,,,,,,,,미디·7부 기장,라운드넥,,,,H라인,,,
fashionpedia_seed/images/17ee456175e872cf0dea3dee46e06568.jpg,train,205.0,334.0,476.0,672.0,원피스,,,,,,,,롱·긴바지 기장,,,,,,무지,,지퍼
fashionpedia_seed/images/e52ca16be4561e44d5f1322468cee6ec.jpg,train,265.0,319.0,599.0,703.0,원피스,,,,,,,,,오프숄더,,,,H라인,무지,,지퍼|프릴·러플
fashionpedia_seed/images/fa798612385be732aa8a70fb56d8bed0.jpg,train,220.0,228.0,206.0,375.0,원피스,,,,,,,,쇼츠·미니 기장,라운드넥,,,,H라인,무지,,지퍼
fashionpedia_seed/images/d820769755b90d8b834942d3f87a0439.jpg,val,238.0,361.0,237.0,243.0,스커트,,,,,,,,쇼츠·미니 기장,,,,,,스트라이프,,
fashionpedia_seed/images/d820769755b90d8b834942d3f87a0439.jpg,val,200.0,176.0,320.0,247.0,티셔츠,,,,,7부 소매,기본 소매,크롭 기장,,,,슬림핏,,,무지,,
fashionpedia_seed/images/cade19169e79b91b610ce5a6f7576a5b.jpg,val,226.0,619.0,258.0,403.0,팬츠,,,,,,,,,,,,,,무지,,플리츠|지퍼
fashionpedia_seed/images/cade19169e79b91b610ce5a6f7576a5b.jpg,val,163.0,190.0,413.0,698.0,코트,,,,,긴팔,기본 소매,,,,라펠 칼라,레귤러핏,,,,,
fashionpedia_seed/images/cade19169e79b91b610ce5a6f7576a5b.jpg,val,253.0,203.0,175.0,424.0,티셔츠,,,,,,,크롭 기장,,터틀넥,,레귤러핏,,,무지,,
fashionpedia_seed/images/26a82d34b44654c6812863ecacb3f3fc.jpg,train,247.0,541.0,180.0,149.0,스커트,,,,,,,,쇼츠·미니 기장,,,,,A라인,카모,,플리츠|프릴·러플
fashionpedia_seed/images/26a82d34b44654c6812863ecacb3f3fc.jpg,train,262.0,221.0,150.0,322.0,탑,,,,,,,크롭 기장,,,,슬림핏,,,무지,,
fashionpedia_seed/images/c891be8bf301ed615ca18b5b71380794.jpg,train,223.0,275.0,180.0,367.0,원피스,,,,,,,,쇼츠·미니 기장,,,,,A라인,그래픽,,지퍼
fashionpedia_seed/images/fa9d0d5edd31d61640e21fafc6aaa2c2.jpg,train,244.0,386.0,236.0,198.0,쇼츠,,,,,,,,쇼츠·미니 기장,,,,,,무지,,벨트
fashionpedia_seed/images/fa9d0d5edd31d61640e21fafc6aaa2c2.jpg,train,227.0,175.0,264.0,224.0,탑,,,,,7부 소매,기본 소매,크롭 기장,,,,레귤러핏,,,플로럴,,
fashionpedia_seed/images/6612b7476f511c5cd1eb1086f2b7ba39.jpg,val,183.0,679.0,259.0,313.0,쇼츠,,,,,,,,쇼츠·미니 기장,,,,,,카모,,포켓|벨트
fashionpedia_seed/images/6612b7476f511c5cd1eb1086f2b7ba39.jpg,val,241.0,429.0,232.0,337.0,탑,,,,,,,,,,,슬림핏,,,무지,,
fashionpedia_seed/images/b17d79fdd2bf0062d63674fa366293b5.jpg,train,259.0,236.0,247.0,381.0,원피스,,,,,,,,쇼츠·미니 기장,,,,,A라인,무지,,지퍼
fashionpedia_seed/images/1918cddd5d05e007637c1b635eb683f5.jpg,train,165.0,303.0,181.0,191.0,탑,,,,,민소매,캡 소매,크롭 기장,,라운드넥,,슬림핏,,,무지,,
fashionpedia_seed/images/1918cddd5d05e007637c1b635eb683f5.jpg,train,180.0,490.0,141.0,174.0,쇼츠,,,,,,,,쇼츠·미니 기장,,,,슬림핏,,무지,,포켓|지퍼
fashionpedia_seed/images/cb49b883e995b9102d831e4640c0d195.jpg,train,457.0,189.0,98.0,64.0,탑,,,,,,,크롭 기장,,,,슬림핏,,,무지,,프릴·러플
fashionpedia_seed/images/cb49b883e995b9102d831e4640c0d195.jpg,train,436.0,236.0,139.0,155.0,스커트,,,,,,,,쇼츠·미니 기장,,,,,비대칭,무지,,단추|프릴·러플
fashionpedia_seed/images/38ce0a95a84489c35fc8f5e145205584.jpg,val,285.0,144.0,117.0,252.0,폴로 셔츠,,,,,,,크롭 기장,,,셔츠 칼라,슬림핏,,,무지,,
fashionpedia_seed/images/38ce0a95a84489c35fc8f5e145205584.jpg,val,196.0,143.0,257.0,391.0,블레이저,,,,,긴팔,기본 소매,기본 기장,,,라펠 칼라,레귤러핏,,,무지,,단추|포켓
fashionpedia_seed/images/38ce0a95a84489c35fc8f5e145205584.jpg,val,234.0,391.0,190.0,619.0,팬츠,,,,,,,,롱·긴바지 기장,,,,스트레이트핏,H라인,무지,,
fashionpedia_seed/images/c61d5cca2c2a6e5f06a6ff26689e8f89.jpg,train,288.0,225.0,162.0,380.0,원피스,,,,,,,,쇼츠·미니 기장,,피터팬 칼라,,,H라인,체크|플로럴,,지퍼|벨트
fashionpedia_seed/images/dc930ab2bd268b01b3ffd6c44e897e8f.jpg,val,291.0,313.0,132.0,193.0,탑,,,,,,,크롭 기장,,라운드넥,,슬림핏,,,스트라이프,,
fashionpedia_seed/images/dc930ab2bd268b01b3ffd6c44e897e8f.jpg,val,289.0,497.0,189.0,155.0,쇼츠,,,,,,,,쇼츠·미니 기장,,,,,,무지,,포켓
fashionpedia_seed/images/b24d298f9856f105bb3f3bb645b59dd9.jpg,train,136.0,265.0,380.0,625.0,원피스,,,,,,,,쇼츠·미니 기장,라운드넥,,,,H라인,무지|스트라이프,니트,
fashionpedia_seed/images/67ec64b00cd3aa7ab1d92c59e5d8fd85.jpg,train,209.0,236.0,246.0,708.0,원피스,,,,,반팔,퍼프 소매,,롱·긴바지 기장,라운드넥,,,,A라인,무지,,지퍼|프릴·러플
fashionpedia_seed/images/4cea97e3bd3c0e426073cf4fe482b9ad.jpg,train,165.0,193.0,205.0,313.0,탑,,,,,,,크롭 기장,,라운드넥,,레귤러핏,,,무지,,
fashionpedia_seed/images/4cea97e3bd3c0e426073cf4fe482b9ad.jpg,train,170.0,460.0,181.0,186.0,스커트,,,,,,,,쇼츠·미니 기장,,,,스트레이트핏,H라인,무지,,
fashionpedia_seed/images/90ffd404d1eb433fc6bb4065d9c96a37.jpg,train,58.0,393.0,478.0,630.0,원피스,,,,,,,,,,,,,,무지,,지퍼
fashionpedia_seed/images/0229bef01efc25f915374d55f59cbfdd.jpg,train,465.0,393.0,456.0,374.0,티셔츠,,,,,반팔,,,,라운드넥,,레귤러핏,,,무지,,
fashionpedia_seed/images/f8a4762ebff45ddd567bdb9dbb41d0b6.jpg,val,230.0,231.0,247.0,406.0,원피스,,,,,긴팔,기본 소매,,무릎 기장,,,,,X라인,,,지퍼
fashionpedia_seed/images/ebb38e79797679a23f7959ebbe0337a0.jpg,train,301.0,332.0,82.0,134.0,티셔츠,,,,,,,,,라운드넥,,,,,무지,,
fashionpedia_seed/images/ebb38e79797679a23f7959ebbe0337a0.jpg,train,108.0,333.0,468.0,508.0,재킷,,,,,7부 소매,기본 소매,크롭 기장,,,,레귤러핏,,,무지,,지퍼|후드
fashionpedia_seed/images/ebb38e79797679a23f7959ebbe0337a0.jpg,train,122.0,409.0,344.0,614.0,원피스,,,,,,,,,,,,,A라인,무지,,
fashionpedia_seed/images/88baae46c4883251a3430a88966aca9a.jpg,train,355.0,549.0,215.0,184.0,스커트,,,,,,,,쇼츠·미니 기장,,,,플레어핏,,무지,,
fashionpedia_seed/images/88baae46c4883251a3430a88966aca9a.jpg,train,414.0,423.0,126.0,121.0,탑,,,,,,,크롭 기장,,V넥,,슬림핏,,,무지,,
fashionpedia_seed/images/8894e8a608e0fc8b08f4f529b75a13b0.jpg,train,147.0,308.0,172.0,285.0,티셔츠,,,,,7부 소매,기본 소매,크롭 기장,,,,슬림핏,,,무지,,
fashionpedia_seed/images/8894e8a608e0fc8b08f4f529b75a13b0.jpg,train,149.0,505.0,188.0,448.0,스커트,,,,,,,,,,,,,,플로럴,,
fashionpedia_seed/images/1eaa797678050a918a706a2fc232697c.jpg,train,245.0,220.0,193.0,714.0,원피스,,,,,,,,롱·긴바지 기장,,,,,H라인,무지,,지퍼
fashionpedia_seed/images/cd30c3a3d2eae0659013f8e27938c805.jpg,train,500.0,204.0,145.0,257.0,원피스,,,,,긴팔,기본 소매,,쇼츠·미니 기장,오프숄더,,,,X라인,무지,,지퍼
fashionpedia_seed/images/2ab8deb3a77d67416d2a5eeebd6a4d72.jpg,train,175.0,304.0,352.0,700.0,원피스,,,,,,,,쇼츠·미니 기장,,,,,비대칭,무지,,지퍼
fashionpedia_seed/images/77435fc234059dcb9e0bb3d73382bcc7.jpg,val,544.0,300.0,124.0,192.0,재킷,,,,,긴팔,기본 소매,크롭 기장,,,셔츠 칼라,레귤러핏,,,무지,,벨트
fashionpedia_seed/images/77435fc234059dcb9e0bb3d73382bcc7.jpg,val,468.0,464.0,212.0,221.0,청바지,,,,,,,,롱·긴바지 기장,,,,스트레이트핏,H라인,무지,데님,포켓
fashionpedia_seed/images/dcbbdfd8befcde17f00c35877fb20277.jpg,val,109.0,382.0,444.0,641.0,원피스,,,,,,,,,V넥,,,,X라인,무지,,지퍼
fashionpedia_seed/images/ebf78f93576a0c6222dc50801fd113c6.jpg,val,395.0,489.0,216.0,129.0,쇼츠,,,,,,,,쇼츠·미니 기장,,,,,,,,
fashionpedia_seed/images/ebf78f93576a0c6222dc50801fd113c6.jpg,val,353.0,255.0,314.0,365.0,코트,,,,,7부 소매,벌룬 소매,,,,,레귤러핏,,,플로럴,,
fashionpedia_seed/images/28cc10255347d209843aa9a595eaed69.jpg,train,286.0,228.0,229.0,284.0,티셔츠,,,,,반팔,기본 소매,기본 기장,,라운드넥,,레귤러핏,,,플로럴,,
fashionpedia_seed/images/28cc10255347d209843aa9a595eaed69.jpg,train,322.0,501.0,155.0,338.0,팬츠,,,,,,,,롱·긴바지 기장,,,,스트레이트핏,H라인,무지,,
fashionpedia_seed/images/7364f45820e10eb53b3b6827c2b08516.jpg,train,683.0,399.0,286.0,226.0,티셔츠,,,,,반팔,기본 소매,크롭 기장,,라운드넥,,슬림핏,,,무지,,
fashionpedia_seed/images/c87fb99e4cbb5a408e8fa1f4d86f9204.jpg,train,197.0,199.0,295.0,347.0,재킷,,,,,긴팔,기본 소매,크롭 기장,,,셔츠 칼라,레귤러핏,,,무지,,단추|포켓
fashionpedia_seed/images/c87fb99e4cbb5a408e8fa1f4d86f9204.jpg,train,260.0,237.0,178.0,332.0,티셔츠,,,,,,,기본 기장,,라운드넥,,레귤러핏,,,무지,,포켓
fashionpedia_seed/images/c87fb99e4cbb5a408e8fa1f4d86f9204.jpg,train,240.0,543.0,188.0,157.0,쇼츠,,,,,,,,쇼츠·미니 기장,,,,,,무지,,
fashionpedia_seed/images/65aba1fc79c8b44c66e8f75be8b7633e.jpg,train,172.0,456.0,179.0,147.0,쇼츠,,,,,,,,쇼츠·미니 기장,,,,슬림핏,,무지,,포켓|지퍼
fashionpedia_seed/images/65aba1fc79c8b44c66e8f75be8b7633e.jpg,train,218.0,264.0,135.0,190.0,탑,,,,,,,크롭 기장,,,,슬림핏,,,무지,,
fashionpedia_seed/images/e0c0f2e8c0739f4be05015fa22e38c16.jpg,train,188.0,309.0,297.0,459.0,코트,,,,,7부 소매,기본 소매,,,,스탠드 칼라,레귤러핏,,,무지,,
fashionpedia_seed/images/e0c0f2e8c0739f4be05015fa22e38c16.jpg,train,262.0,502.0,154.0,411.0,팬츠,,,,,,,,미디·7부 기장,,,,와이드핏,,무지,,
fashionpedia_seed/images/c0e497b92b65779f0c2491827d3e0060.jpg,train,486.0,318.0,87.0,105.0,재킷,,,,,긴팔,기본 소매,크롭 기장,,,셔츠 칼라,여유핏,,,무지,,
fashionpedia_seed/images/c0e497b92b65779f0c2491827d3e0060.jpg,train,509.0,407.0,54.0,12.0,티셔츠,,,,,,,크롭 기장,,,,,,,무지,,포켓
fashionpedia_seed/images/c0e497b92b65779f0c2491827d3e0060.jpg,train,504.0,411.0,59.0,119.0,청바지,,,,,,,,롱·긴바지 기장,,,,슬림핏,,무지,데님,포켓
fashionpedia_seed/images/5e9bc1602c42a055f7e8626fc23776a8.jpg,train,205.0,239.0,178.0,568.0,원피스,,,,,,,,미디·7부 기장,,,,,,플로럴,,지퍼
fashionpedia_seed/images/5e9bc1602c42a055f7e8626fc23776a8.jpg,train,143.0,162.0,308.0,321.0,재킷,,,,,반팔,,크롭 기장,,,,여유핏,,,무지,퍼·플리스,리본
fashionpedia_seed/images/d96606ae95730d706916c376ede63c28.jpg,train,427.0,487.0,144.0,195.0,팬츠,,,,,,,,,,,,슬림핏,,무지,,
fashionpedia_seed/images/d96606ae95730d706916c376ede63c28.jpg,train,350.0,251.0,263.0,278.0,재킷,,,,,긴팔,기본 소매,크롭 기장,,,,슬림핏,,,무지,,지퍼
fashionpedia_seed/images/1b94b1ccf1076bf96d656a870f559d0e.jpg,train,211.0,192.0,257.0,404.0,원피스,,,,,긴팔,,,쇼츠·미니 기장,,,,,H라인,무지|스트라이프,,
fashionpedia_seed/images/b4f6d9c2696573ff0cfc05070d17b5b6.jpg,train,405.0,285.0,52.0,42.0,티셔츠,,,,,,,,,라운드넥,,,,,무지,,
fashionpedia_seed/images/b4f6d9c2696573ff0cfc05070d17b5b6.jpg,train,368.0,240.0,160.0,439.0,셔츠,,,,,,,기본 기장,,,셔츠 칼라,레귤러핏,,,체크,,단추|포켓|지퍼
fashionpedia_seed/images/b4f6d9c2696573ff0cfc05070d17b5b6.jpg,train,231.0,253.0,472.0,426.0,재킷,,,,,긴팔,래글런 소매,크롭 기장,,,,레귤러핏,,,무지,,지퍼|포켓|후드
fashionpedia_seed/images/85b908aa7e3e26a871fd720919fa2a38.jpg,train,79.0,373.0,169.0,615.0,원피스,,,,,민소매,캡 소매,,롱·긴바지 기장,,,,,비대칭,무지|스트라이프,,스팽글|지퍼|플리츠
fashionpedia_seed/images/3c8169ca77a76890f83af2cc72ec4f24.jpg,train,274.0,230.0,189.0,305.0,원피스,,,,,,,,쇼츠·미니 기장,,,,,H라인,무지,,지퍼
fashionpedia_seed/images/76fd87d84ee7cdffcb33e05d74bb663c.jpg,train,672.0,209.0,205.0,191.0,탑,,,,,,,,,라운드넥,,슬림핏,,,무지,,
fashionpedia_seed/images/76fd87d84ee7cdffcb33e05d74bb663c.jpg,train,409.0,201.0,413.0,591.0,청바지,,,,,,,,미디·7부 기장,,,,스트레이트핏,H라인,무지,데님,
fashionpedia_seed/images/f8ae096bdaa82b15d61981380993c560.jpg,train,355.0,245.0,239.0,422.0,코트,,,,,긴팔,퍼프 소매,,,,셔츠 칼라,레귤러핏,,,무지,,단추|벨트
fashionpedia_seed/images/845197179e9ea35e1dd58144a1e03f36.jpg,train,175.0,280.0,224.0,655.0,원피스,,,,,반팔,기본 소매,,롱·긴바지 기장,,,,,H라인,무지,,지퍼|리본
fashionpedia_seed/images/f7f6ae15cf7b430b2bfb95eff751232b.jpg,train,277.0,306.0,111.0,154.0,탑,,,,,,,크롭 기장,,홀터넥,,슬림핏,,,무지|플로럴,,
fashionpedia_seed/images/f7f6ae15cf7b430b2bfb95eff751232b.jpg,train,263.0,461.0,214.0,320.0,스커트,,,,,,,,무릎 기장,,,,플레어핏,비대칭,무지,,지퍼
fashionpedia_seed/images/a89e8cd2564a7e5050c8aa5c5c24c18d.jpg,train,228.0,668.0,149.0,213.0,청바지,,,,,,,,,,,,슬림핏,,무지,데님,
fashionpedia_seed/images/a89e8cd2564a7e5050c8aa5c5c24c18d.jpg,train,290.0,407.0,59.0,264.0,티셔츠,,,,,긴팔,,,,,,,,,무지,,
fashionpedia_seed/images/a89e8cd2564a7e5050c8aa5c5c24c18d.jpg,train,173.0,344.0,336.0,517.0,코트,,,,,긴팔,래글런 소매,,,,라펠 칼라,레귤러핏,,,무지,,벨트
fashionpedia_seed/images/7d9a766f0de2a8aab3004ac1bee9768f.jpg,train,259.0,284.0,140.0,190.0,탑,,,,,,,크롭 기장,,라운드넥,,여유핏,,,,,
fashionpedia_seed/images/7d9a766f0de2a8aab3004ac1bee9768f.jpg,train,215.0,460.0,258.0,313.0,스커트,,,,,,,,무릎 기장,,,,,,,,
fashionpedia_seed/images/b5c8c768b2bc55ca312ffcbdabbc4acd.jpg,train,491.0,460.0,251.0,131.0,청바지,,,,,,,,롱·긴바지 기장,,,,슬림핏,,무지,데님,
fashionpedia_seed/images/b5c8c768b2bc55ca312ffcbdabbc4acd.jpg,train,523.0,377.0,226.0,205.0,티셔츠,,,,,반팔,퍼프 소매,기본 기장,,,,,,,무지,,리본
fashionpedia_seed/images/de699dedf1aade91f713ea59f187f74f.jpg,train,178.0,392.0,199.0,186.0,쇼츠,,,,,,,,쇼츠·미니 기장,,,,,,무지,,포켓
fashionpedia_seed/images/de699dedf1aade91f713ea59f187f74f.jpg,train,216.0,201.0,162.0,213.0,탑,,,,,,,크롭 기장,,,,슬림핏,,,무지,,
fashionpedia_seed/images/de699dedf1aade91f713ea59f187f74f.jpg,train,158.0,190.0,108.0,418.0,재킷,,,,,,,,,,,,,,무지,,
fashionpedia_seed/images/7e0ecb32e5d2a65ad101c8e8a0dc5e7d.jpg,val,372.0,294.0,148.0,308.0,원피스,,,,,,,,쇼츠·미니 기장,V넥,,,,H라인,무지,,플리츠|지퍼
fashionpedia_seed/images/6eb416609af49947f1ef307d2ee14dbd.jpg,train,107.0,188.0,384.0,557.0,코트,,,,,긴팔,벌룬 소매,,,,,여유핏,,,무지,퍼·플리스,
fashionpedia_seed/images/c0a478558194a03c19b1ac9d61d5777c.jpg,train,238.0,715.0,337.0,123.0,쇼츠,,,,,,,,쇼츠·미니 기장,,,,슬림핏,,무지,,
fashionpedia_seed/images/c0a478558194a03c19b1ac9d61d5777c.jpg,train,232.0,336.0,322.0,431.0,탑,,,,,,,기본 기장,,,,슬림핏,,,무지,,
fashionpedia_seed/images/c9d696c1abd41188c49b0a88ed46161e.jpg,train,224.0,727.0,198.0,204.0,스커트,,,,,,,,쇼츠·미니 기장,,,,스트레이트핏,H라인,무지,,
fashionpedia_seed/images/c9d696c1abd41188c49b0a88ed46161e.jpg,train,232.0,519.0,181.0,223.0,탑,,,,,,,크롭 기장,,,,,,,무지,,
fashionpedia_seed/images/c9d696c1abd41188c49b0a88ed46161e.jpg,train,188.0,423.0,267.0,370.0,블레이저,,,,,긴팔,기본 소매,크롭 기장,,,라펠 칼라,슬림핏,,,무지,,벨트
fashionpedia_seed/images/e9e47b85d533b0dd11b3a383444cad18.jpg,train,157.0,194.0,372.0,429.0,코트,,,,,긴팔,래글런 소매,,,,라펠 칼라,레귤러핏,,,무지,,단추|포켓
fashionpedia_seed/images/e9e47b85d533b0dd11b3a383444cad18.jpg,train,359.0,198.0,147.0,429.0,티셔츠,,,,,,,,,,,레귤러핏,,,무지,,
fashionpedia_seed/images/e9e47b85d533b0dd11b3a383444cad18.jpg,train,230.0,601.0,234.0,344.0,청바지,,,,,,,,롱·긴바지 기장,,,,슬림핏,,,데님,
fashionpedia_seed/images/ee79928543ad42dafc984a30277d264e.jpg,train,76.0,247.0,605.0,666.0,원피스,,,,,,,,롱·긴바지 기장,,,,,X라인,,,플리츠|지퍼
fashionpedia_seed/images/aa436971de7a39708edbc4d5e9e969cc.jpg,train,246.0,204.0,279.0,359.0,블레이저,,,,,7부 소매,래글런 소매,크롭 기장,,,라펠 칼라,슬림핏,,,스트라이프,,단추
fashionpedia_seed/images/aa436971de7a39708edbc4d5e9e969cc.jpg,train,343.0,306.0,31.0,39.0,탑,,,,,,,,,,,슬림핏,,,무지,,
fashionpedia_seed/images/aa436971de7a39708edbc4d5e9e969cc.jpg,train,266.0,485.0,199.0,507.0,팬츠,,,,,,,,롱·긴바지 기장,,,,슬림핏,,무지,,
fashionpedia_seed/images/33a60f6f6d0abe76697705b61564ad30.jpg,val,293.0,240.0,215.0,340.0,셔츠,,,,,,,,,,셔츠 칼라,레귤러핏,,,무지,,단추
fashionpedia_seed/images/33a60f6f6d0abe76697705b61564ad30.jpg,val,205.0,567.0,400.0,455.0,스커트,,,,,,,,,,,,,A라인,무지,,지퍼
fashionpedia_seed/images/33a60f6f6d0abe76697705b61564ad30.jpg,val,205.0,268.0,441.0,596.0,재킷,,,,,긴팔,,크롭 기장,,,,레귤러핏,,,무지,,지퍼
fashionpedia_seed/images/4f2a2c16e1c284c1dc11cb987c9f5ca0.jpg,train,224.0,236.0,238.0,427.0,원피스,,,,,반팔,기본 소매,,쇼츠·미니 기장,,셔츠 칼라,,,H라인,무지,,단추|포켓|리본
fashionpedia_seed/images/cc8f9e9034b24e6ce636b6b4694ef261.jpg,train,233.0,387.0,206.0,250.0,탑,,,,,,,크롭 기장,,,,슬림핏,,,무지,,
fashionpedia_seed/images/cc8f9e9034b24e6ce636b6b4694ef261.jpg,train,228.0,695.0,251.0,273.0,쇼츠,,,,,,,,쇼츠·미니 기장,,,,,,무지,,포켓
fashionpedia_seed/images/176c976ed8edcf21eebef9de662adc18.jpg,train,220.0,233.0,272.0,243.0,탑,,,,,반팔,래글런 소매,크롭 기장,,,,여유핏,,,무지,,플리츠|리본
fashionpedia_seed/images/176c976ed8edcf21eebef9de662adc18.jpg,train,278.0,445.0,147.0,152.0,쇼츠,,,,,,,,쇼츠·미니 기장,,,,슬림핏,,무지,,포켓
fashionpedia_seed/images/0301f50a3cd73f13cd9e1125d8ef38bd.jpg,train,299.0,288.0,304.0,374.0,셔츠,,,,,,,,,,스탠드 칼라,레귤러핏,,,무지,,단추
fashionpedia_seed/images/0301f50a3cd73f13cd9e1125d8ef38bd.jpg,train,234.0,641.0,424.0,322.0,스커트,,,,,,,,쇼츠·미니 기장,,,,,,무지,,벨트
fashionpedia_seed/images/54758e3c78368fec8f3dced455305249.jpg,train,189.0,551.0,322.0,362.0,탑,,,,,,,크롭 기장,,,,슬림핏,,,무지,,
fashionpedia_seed/images/54758e3c78368fec8f3dced455305249.jpg,train,41.0,836.0,386.0,187.0,스커트,,,,,,,,,,,,,,도트,,
fashionpedia_seed/images/a62022b349b66f249a0ffbc07f9aa013.jpg,train,201.0,259.0,191.0,428.0,팬츠,,,,,,,,롱·긴바지 기장,,,,슬림핏,,,,
fashionpedia_seed/images/a62022b349b66f249a0ffbc07f9aa013.jpg,train,166.0,132.0,298.0,188.0,탑,,,,,긴팔,기본 소매,크롭 기장,,라운드넥,,슬림핏,,,무지,,
fashionpedia_seed/images/8595caaaab337a576a90e7676f192f63.jpg,train,145.0,278.0,331.0,635.0,원피스,,,,,,,,롱·긴바지 기장,,,,,,무지,,지퍼|프릴·러플
fashionpedia_seed/images/e3336eb784f1530704eebfbd1fc94f07.jpg,train,386.0,285.0,226.0,382.0,코트,,,,,긴팔,기본 소매,,,,라펠 칼라,레귤러핏,,,무지,,포켓
fashionpedia_seed/images/dd4525a10b6110df29f0a6b19e6b924b.jpg,train,521.0,125.0,231.0,520.0,원피스,,,,,,,,롱·긴바지 기장,V넥,,,,,무지,,플리츠|지퍼|벨트|프릴·러플
fashionpedia_seed/images/6b4ee84a44b076120d58c0ebb74f313a.jpg,train,142.0,367.0,225.0,400.0,원피스,,,,,반팔,,,쇼츠·미니 기장,,,,,,스트라이프,니트,리본
fashionpedia_seed/images/6b4ee84a44b076120d58c0ebb74f313a.jpg,train,210.0,697.0,91.0,196.0,팬츠,,,,,,,,롱·긴바지 기장,,,,슬림핏,,무지,,
fashionpedia_seed/images/1050585bd1104969bc175e8bcdfd5311.jpg,train,260.0,238.0,201.0,318.0,점프수트,,,,,,,,쇼츠·미니 기장,,,레귤러핏,,,,,벨트
fashionpedia_seed/images/ebe5e781a398df8c599047d5bf319c2e.jpg,train,129.0,222.0,503.0,690.0,원피스,,,,,,,,롱·긴바지 기장,,,,,비대칭,무지,,지퍼
fashionpedia_seed/images/1fc67fcf2301de07315b2b1eae7d1e87.jpg,val,275.0,313.0,251.0,337.0,팬츠,,,,,,,,,,,,와이드핏,,무지,,
fashionpedia_seed/images/1fc67fcf2301de07315b2b1eae7d1e87.jpg,val,321.0,129.0,169.0,241.0,티셔츠,,,,,민소매,캡 소매,기본 기장,,라운드넥,,레귤러핏,,비대칭,무지,,플리츠|리본|지퍼
fashionpedia_seed/images/6804c0168b384deb92f498ba8ed5ca4a.jpg,train,218.0,215.0,259.0,304.0,티셔츠,,,,,긴팔,기본 소매,크롭 기장,,,,슬림핏,,,플로럴,,
fashionpedia_seed/images/6804c0168b384deb92f498ba8ed5ca4a.jpg,train,293.0,441.0,166.0,278.0,스커트,,,,,,,,무릎 기장,,,,스트레이트핏,H라인,무지,,
fashionpedia_seed/images/6804c0168b384deb92f498ba8ed5ca4a.jpg,train,292.0,217.0,160.0,235.0,셔츠,,,,,,,크롭 기장,,V넥,,레귤러핏,,,무지,,단추
fashionpedia_seed/images/ca2e0ac1b45a396c7040b135deff7d66.jpg,val,127.0,418.0,389.0,605.0,원피스,,,,,,,,,V넥,,,,A라인,무지,,벨트
fashionpedia_seed/images/ca2e0ac1b45a396c7040b135deff7d66.jpg,val,120.0,269.0,492.0,733.0,원피스,,,,,반팔,,,쇼츠·미니 기장,,셔츠 칼라,오버핏,,,무지,,단추|리본
fashionpedia_seed/images/b246457b56c522682a2400286ca834ec.jpg,val,102.0,201.0,267.0,413.0,코트,,,,,긴팔,기본 소매,,,,라펠 칼라,레귤러핏,,,무지,,지퍼
fashionpedia_seed/images/0f89611061b52ccbf2dde820554de1df.jpg,train,190.0,356.0,269.0,666.0,원피스,,,,,긴팔,기본 소매,,무릎 기장,라운드넥,,,,,무지,,벨트
fashionpedia_seed/images/09524f427576768e445b55a1975b9d7f.jpg,train,360.0,240.0,186.0,191.0,티셔츠,,,,,,,,,,,여유핏,,,스트라이프,,지퍼
fashionpedia_seed/images/09524f427576768e445b55a1975b9d7f.jpg,train,327.0,410.0,188.0,441.0,스커트,,,,,,,,미디·7부 기장,,,,,,무지,,플리츠|지퍼
fashionpedia_seed/images/a60133a38ac550ddd48b3d25965d2c80.jpg,train,122.0,254.0,312.0,184.0,셔츠,,,,,반팔,기본 소매,크롭 기장,,,셔츠 칼라,여유핏,,,무지,,단추|포켓|리본
fashionpedia_seed/images/a60133a38ac550ddd48b3d25965d2c80.jpg,train,280.0,412.0,133.0,159.0,쇼츠,,,,,,,,쇼츠·미니 기장,,,,,,무지,,포켓
fashionpedia_seed/images/8d7cda12d54f825d1074ec6591264e80.jpg,train,234.0,535.0,224.0,319.0,팬츠,,,,,,,,롱·긴바지 기장,,,,스트레이트핏,H라인,무지,,
fashionpedia_seed/images/8d7cda12d54f825d1074ec6591264e80.jpg,train,252.0,273.0,203.0,288.0,코트,,,,,긴팔,기본 소매,,,,라펠 칼라,레귤러핏,,,무지,,단추|포켓|벨트
fashionpedia_seed/images/a7cd14255a4b949380f8068a77e98a9a.jpg,val,292.0,178.0,185.0,320.0,원피스,,,,,긴팔,벨 소매,,미디·7부 기장,,,,,H라인,,,지퍼
fashionpedia_seed/images/552700b156b4012a7367ff18ec79cf65.jpg,train,224.0,168.0,231.0,542.0,원피스,,,,,반팔,퍼프 소매,,쇼츠·미니 기장,,라펠 칼라,,,H라인,도트|플로럴,,지퍼
fashionpedia_seed/images/c5e12ba6c5f039031bd14b4670d581c3.jpg,train,413.0,491.0,230.0,188.0,쇼츠,,,,,,,,쇼츠·미니 기장,,,,슬림핏,,무지,,포켓|벨트|지퍼
fashionpedia_seed/images/c5e12ba6c5f039031bd14b4670d581c3.jpg,train,382.0,281.0,179.0,175.0,탑,,,,,,,크롭 기장,,,,여유핏,,,플로럴,,
fashionpedia_seed/images/c5e12ba6c5f039031bd14b4670d581c3.jpg,train,232.0,246.0,205.0,433.0,가디건,,,,,7부 소매,벨 소매,,,,,여유핏,,,,니트,
fashionpedia_seed/images/dbf96873bc9183c44f618edc3771dfb4.jpg,train,242.0,211.0,201.0,547.0,원피스,,,,,,,,무릎 기장,,,,,비대칭,무지,,
fashionpedia_seed/images/b84ba0c1bb7cd0ad837ae77665e9a784.jpg,train,333.0,296.0,125.0,85.0,탑,,,,,,,크롭 기장,,,,슬림핏,,,무지,,
fashionpedia_seed/images/b84ba0c1bb7cd0ad837ae77665e9a784.jpg,train,102.0,372.0,468.0,636.0,스커트,,,,,,,,롱·긴바지 기장,,,,,,무지,,지퍼
fashionpedia_seed/images/44e72ecbd53c71e3762350a33de162ce.jpg,train,422.0,238.0,279.0,443.0,티셔츠,,,,,,,크롭 기장,,,,레귤러핏,,,무지,,
fashionpedia_seed/images/44e72ecbd53c71e3762350a33de162ce.jpg,train,165.0,220.0,814.0,461.0,재킷,,,,,긴팔,기본 소매,,,,,레귤러핏,,,무지,,지퍼
fashionpedia_seed/images/5b119f366a58e6706b6c721fb0c52d9d.jpg,train,186.0,333.0,359.0,650.0,원피스,,,,,,,,쇼츠·미니 기장,,,,,H라인,무지,,지퍼
fashionpedia_seed/images/9cfc91967c94eeb7e8a6db3e59f28d7f.jpg,train,158.0,339.0,451.0,684.0,원피스,,,,,긴팔,기본 소매,,,,,,,H라인,무지,,지퍼
fashionpedia_seed/images/3dc0b2b41d54c1b702e908f8aa5b4e04.jpg,val,111.0,218.0,311.0,774.0,원피스,,,,,반팔,캡 소매,,롱·긴바지 기장,오프숄더,,,,A라인,플로럴,,지퍼
fashionpedia_seed/images/d14c29b741ec264a1bc7ea1918898a99.jpg,val,245.0,629.0,232.0,218.0,쇼츠,,,,,,,,쇼츠·미니 기장,,,,,,무지,,포켓
fashionpedia_seed/images/d14c29b741ec264a1bc7ea1918898a99.jpg,val,185.0,278.0,319.0,396.0,셔츠,,,,,반팔,기본 소매,기본 기장,,,셔츠 칼라,슬림핏,,,체크,,단추
fashionpedia_seed/images/90b68fc59a4b48dad4be10eeaef7205f.jpg,val,333.0,276.0,168.0,406.0,티셔츠,,,,,,,,,라운드넥,,레귤러핏,,,무지,,지퍼
fashionpedia_seed/images/90b68fc59a4b48dad4be10eeaef7205f.jpg,val,87.0,236.0,501.0,446.0,재킷,,,,,긴팔,기본 소매,크롭 기장,,,,레귤러핏,,,무지,,지퍼|포켓|후드
fashionpedia_seed/images/63428001d1dead4d5afcbabfc9777c67.jpg,train,156.0,243.0,327.0,537.0,원피스,,,,,,벨 소매,,롱·긴바지 기장,스퀘어넥,,,,비대칭,무지,,지퍼
fashionpedia_seed/images/1bfa6210a0974e1218e74f6c7d8258ca.jpg,train,613.0,214.0,226.0,465.0,원피스,,,,,,,,,,,,,H라인,플로럴,,
fashionpedia_seed/images/9078e17f7b8381d1600608b588ccbd45.jpg,train,234.0,214.0,198.0,738.0,원피스,,,,,,,,롱·긴바지 기장,,,,,비대칭,무지,,
fashionpedia_seed/images/91d2989ccce4a5b3e4789f48b4e05a68.jpg,train,148.0,425.0,326.0,570.0,원피스,,,,,반팔,캡 소매,,쇼츠·미니 기장,,,,,H라인,무지,니트,프릴·러플
fashionpedia_seed/images/91d2989ccce4a5b3e4789f48b4e05a68.jpg,train,142.0,649.0,381.0,374.0,스커트,,,,,,,,,,,,,,도트,,단추|벨트
fashionpedia_seed/images/c727d3096d448818302663fda2fedb2c.jpg,train,148.0,204.0,362.0,781.0,원피스,,,,,반팔,,,롱·긴바지 기장,보트넥,,오버핏,,,무지,,리본
fashionpedia_seed/images/18fda96dc0831e40bcaf6c68f4b54455.jpg,train,632.0,273.0,189.0,406.0,원피스,,,,,,,,쇼츠·미니 기장,,,,,H라인,무지|스트라이프,,
fashionpedia_seed/images/29548961c91191c37d36a5fa7a991d5d.jpg,val,276.0,399.0,183.0,167.0,스커트,,,,,,,,쇼츠·미니 기장,,,,스트레이트핏,H라인,무지,,포켓|벨트
fashionpedia_seed/images/29548961c91191c37d36a5fa7a991d5d.jpg,val,190.0,129.0,325.0,368.0,티셔츠,,,,,긴팔,,,,터틀넥,,슬림핏,,,무지,,
fashionpedia_seed/images/29548961c91191c37d36a5fa7a991d5d.jpg,val,200.0,164.0,309.0,299.0,티셔츠,,,,,7부 소매,,크롭 기장,,,,여유핏,,,체크,,
fashionpedia_seed/images/bb15dcde4531031ea13c8e630b9d404f.jpg,train,221.0,205.0,297.0,745.0,원피스,,,,,,,,롱·긴바지 기장,,,,,,무지,,
fashionpedia_seed/images/bb15dcde4531031ea13c8e630b9d404f.jpg,train,186.0,156.0,311.0,311.0,재킷,,,,,7부 소매,기본 소매,크롭 기장,,V넥,라펠 칼라,레귤러핏,,,무지,퍼·플리스,단추
fashionpedia_seed/images/0a45b6b033bf0077a15f484e98f3dbfe.jpg,train,170.0,209.0,328.0,378.0,셔츠,,,,,긴팔,기본 소매,,,,셔츠 칼라,레귤러핏,,,체크,,단추
fashionpedia_seed/images/0a45b6b033bf0077a15f484e98f3dbfe.jpg,train,232.0,499.0,243.0,463.0,청바지,,,,,,,,롱·긴바지 기장,,,,스트레이트핏,H라인,무지,데님,포켓|벨트
fashionpedia_seed/images/b66643e09504500db84e3d75535a8273.jpg,val,269.0,183.0,274.0,334.0,탑,,,,,반팔,,기본 기장,,,,슬림핏,,,무지,,리본
fashionpedia_seed/images/b66643e09504500db84e3d75535a8273.jpg,val,203.0,367.0,338.0,370.0,팬츠,,,,,,,,미디·7부 기장,,,,와이드핏,,무지,,
fashionpedia_seed/images/4ec22d53051a9c25a134fb154e6ea3b0.jpg,train,231.0,225.0,189.0,436.0,원피스,,,,,,,,쇼츠·미니 기장,,,,,H라인,무지,,지퍼
fashionpedia_seed/images/feaf57ce6d6018c613fc1e6646eb8d61.jpg,train,404.0,38.0,265.0,358.0,스커트,,,,,,,,무릎 기장,,,,,A라인,체크,,플리츠
fashionpedia_seed/images/feaf57ce6d6018c613fc1e6646eb8d61.jpg,train,397.0,0.0,279.0,242.0,셔츠,,,,,7부 소매,,,,,,여유핏,,,스트라이프,,단추
fashionpedia_seed/images/feaf57ce6d6018c613fc1e6646eb8d61.jpg,train,412.0,0.0,257.0,115.0,블레이저,,,,,7부 소매,,크롭 기장,,,,레귤러핏,,,체크,,
fashionpedia_seed/images/f33e666940ab7cb29212a29d4feda8ad.jpg,train,170.0,207.0,216.0,419.0,코트,,,,,긴팔,기본 소매,,,,,레귤러핏,,,무지,,후드|벨트
fashionpedia_seed/images/9595f24dbd770431ef76c8d4e4007d87.jpg,train,199.0,238.0,224.0,649.0,원피스,,,,,반팔,캡 소매,,롱·긴바지 기장,,,,,비대칭,,,스팽글|지퍼
fashionpedia_seed/images/54c1a7bfcfd8d0c31311a061ee5a0f8c.jpg,train,204.0,542.0,308.0,462.0,스커트,,,,,,,,쇼츠·미니 기장,,,,,,무지,,
fashionpedia_seed/images/54c1a7bfcfd8d0c31311a061ee5a0f8c.jpg,train,199.0,274.0,343.0,270.0,티셔츠,,,,,민소매,캡 소매,크롭 기장,,라운드넥,,슬림핏,,,그래픽,,
fashionpedia_seed/images/eb001cb29f156112d158a52621e70964.jpg,train,140.0,356.0,367.0,526.0,티셔츠,,,,,,,크롭 기장,,라운드넥,,슬림핏,,,무지,,
fashionpedia_seed/images/eb001cb29f156112d158a52621e70964.jpg,train,0.0,579.0,446.0,444.0,청바지,,,,,,,,,,,,,,무지,데님,벨트
fashionpedia_seed/images/bc6426e3f3df37ba4b2a84b808c20152.jpg,train,215.0,258.0,255.0,388.0,원피스,,,,,반팔,래글런 소매,,쇼츠·미니 기장,라운드넥,,,,H라인,무지,,플리츠
fashionpedia_seed/images/9741b2e57b9b0156a12b4cd50a7b895e.jpg,train,150.0,452.0,292.0,558.0,원피스,,,,,,,,롱·긴바지 기장,,,,,,,,
fashionpedia_seed/images/7cc001c4460c9b8959fc6f607944bdca.jpg,train,529.0,237.0,65.0,198.0,티셔츠,,,,,,,,,터틀넥,,,,,무지,,
fashionpedia_seed/images/7cc001c4460c9b8959fc6f607944bdca.jpg,train,517.0,556.0,146.0,86.0,스커트,,,,,,,,쇼츠·미니 기장,,,,,,무지,,
fashionpedia_seed/images/7cc001c4460c9b8959fc6f607944bdca.jpg,train,443.0,246.0,291.0,376.0,코트,,,,,긴팔,기본 소매,,,,라펠 칼라,레귤러핏,,,무지,,단추|포켓
fashionpedia_seed/images/33e7a5f7f47b7bb2bf6d3549eedde5fd.jpg,train,533.0,250.0,263.0,424.0,원피스,,,,,,,,쇼츠·미니 기장,,,,,H라인,무지,,
fashionpedia_seed/images/a4222aa94c4ed6f7e3a36f553505249b.jpg,train,518.0,229.0,180.0,361.0,티셔츠,,,,,7부 소매,기본 소매,크롭 기장,,라운드넥,,레귤러핏,,,무지,,
fashionpedia_seed/images/7802244651c1fd5b38a364dddc367f7c.jpg,train,211.0,208.0,225.0,404.0,원피스,,,,,긴팔,기본 소매,,쇼츠·미니 기장,,,,,A라인,무지,,지퍼
fashionpedia_seed/images/219a6c846e208bbad39f71ddab96408a.jpg,train,191.0,402.0,123.0,377.0,스커트,,,,,,,,무릎 기장,,,,,,무지,,벨트
fashionpedia_seed/images/219a6c846e208bbad39f71ddab96408a.jpg,train,131.0,243.0,274.0,456.0,코트,,,,,긴팔,,,,,라펠 칼라,레귤러핏,,,무지,,포켓
fashionpedia_seed/images/219a6c846e208bbad39f71ddab96408a.jpg,train,200.0,235.0,125.0,177.0,탑,,,,,,,크롭 기장,,라운드넥,,슬림핏,,,무지,,
fashionpedia_seed/images/1f0d72ecd966170babc209b45abe8983.jpg,train,268.0,146.0,215.0,334.0,티셔츠,,,,,,,기본 기장,,,,레귤러핏,,,무지,,
fashionpedia_seed/images/1f0d72ecd966170babc209b45abe8983.jpg,train,247.0,104.0,305.0,352.0,베스트,,,,,,,크롭 기장,,,,레귤러핏,,,무지,,
fashionpedia_seed/images/1f0d72ecd966170babc209b45abe8983.jpg,train,242.0,411.0,254.0,166.0,쇼츠,,,,,,,,쇼츠·미니 기장,,,,,,무지,,포켓
fashionpedia_seed/images/6350070620d5693afb9a6d58943381f2.jpg,train,126.0,205.0,349.0,521.0,원피스,,,,,,,,무릎 기장,,,,,X라인,스트라이프,,지퍼|벨트
fashionpedia_seed/images/3d1a8d1323ab2feae0530606f883e2c7.jpg,train,335.0,495.0,181.0,275.0,스커트,,,,,,,,무릎 기장,,,,스트레이트핏,H라인,무지,,
fashionpedia_seed/images/3d1a8d1323ab2feae0530606f883e2c7.jpg,train,359.0,294.0,198.0,230.0,티셔츠,,,,,반팔,기본 소매,크롭 기장,,라운드넥,,레귤러핏,,,무지,,
fashionpedia_seed/images/e3f702de1a68d8039e2020cbcf7575d2.jpg,train,259.0,205.0,162.0,362.0,원피스,,,,,7부 소매,,,쇼츠·미니 기장,V넥,,,,,무지,,벨트
fashionpedia_seed/images/de3b47ed616028f8ca462583f6f30059.jpg,train,202.0,196.0,269.0,316.0,티셔츠,,,,,긴팔,,크롭 기장,,보트넥,,여유핏,,,무지,,
fashionpedia_seed/images/de3b47ed616028f8ca462583f6f30059.jpg,train,222.0,189.0,236.0,538.0,원피스,,,,,,,,무릎 기장,,,,,,스트라이프|그래픽,,
fashionpedia_seed/images/19a3e67782134960f8aad30e24e2a303.jpg,train,145.0,404.0,289.0,619.0,원피스,,,,,,,,,,,,,H라인,무지,,플리츠|지퍼|벨트
fashionpedia_seed/images/6205f4229badeebe2a4108454210809f.jpg,train,101.0,324.0,507.0,602.0,재킷,,,,,긴팔,기본 소매,크롭 기장,,,셔츠 칼라,슬림핏,,,무지,,
fashionpedia_seed/images/6205f4229badeebe2a4108454210809f.jpg,train,176.0,835.0,324.0,122.0,티셔츠,,,,,,,크롭 기장,,,,레귤러핏,,,무지,,
fashionpedia_seed/images/b71711424f189b2279045ba925231bc8.jpg,train,176.0,274.0,359.0,416.0,원피스,,,,,,,,쇼츠·미니 기장,,,,,X라인,무지|플로럴,,스팽글|지퍼|플리츠|벨트
fashionpedia_seed/images/f4d657db6102c49c49b84840ab166ac0.jpg,train,214.0,271.0,205.0,618.0,원피스,,,,,,,,롱·긴바지 기장,,,,,,무지,,지퍼
fashionpedia_seed/images/6c1cf70085fef21a41cb374e84bfd6c3.jpg,train,272.0,481.0,142.0,330.0,팬츠,,,,,,,,롱·긴바지 기장,,,,슬림핏,,그래픽,,
fashionpedia_seed/images/6c1cf70085fef21a41cb374e84bfd6c3.jpg,train,273.0,277.0,141.0,231.0,티셔츠,,,,,,,기본 기장,,V넥,,슬림핏,,,그래픽,,
fashionpedia_seed/images/6c1cf70085fef21a41cb374e84bfd6c3.jpg,train,219.0,261.0,231.0,224.0,블레이저,,,,,7부 소매,기본 소매,크롭 기장,,,라펠 칼라,슬림핏,,,무지,,
fashionpedia_seed/images/3be4a0ddad745d76116775dbb474cd3f.jpg,train,239.0,195.0,676.0,370.0,재킷,,,,,긴팔,기본 소매,크롭 기장,,,라펠 칼라,슬림핏,,,무지,,지퍼
fashionpedia_seed/images/3be4a0ddad745d76116775dbb474cd3f.jpg,train,534.0,241.0,373.0,340.0,티셔츠,,,,,,,크롭 기장,,,,레귤러핏,,,무지,,지퍼
fashionpedia_seed/images/9f8e805a62be868379e13cfa24658106.jpg,train,225.0,465.0,225.0,484.0,팬츠,,,,,,,,롱·긴바지 기장,,,,슬림핏,,무지,,
fashionpedia_seed/images/9f8e805a62be868379e13cfa24658106.jpg,train,239.0,149.0,269.0,377.0,블레이저,,,,,긴팔,기본 소매,크롭 기장,,,셔츠 칼라,레귤러핏,,,무지,,
fashionpedia_seed/images/2f7129e13432dae85d1378fffaae0a75.jpg,train,617.0,283.0,272.0,370.0,원피스,,,,,,,,쇼츠·미니 기장,,,,,H라인,체크,,지퍼
fashionpedia_seed/images/474d53c6c7a10c536cb49d55104211bf.jpg,val,141.0,734.0,286.0,289.0,팬츠,,,,,,,,,,,,스트레이트핏,H라인,무지,,
fashionpedia_seed/images/474d53c6c7a10c536cb49d55104211bf.jpg,val,137.0,292.0,405.0,504.0,티셔츠,,,,,반팔,벨 소매,기본 기장,,,,슬림핏,,,무지,,벨트
fashionpedia_seed/images/fc9a327bebcf15c590090192a6ff09bf.jpg,train,318.0,657.0,312.0,365.0,팬츠,,,,,,,,,,,,스트레이트핏,H라인,플로럴,,지퍼
fashionpedia_seed/images/fc9a327bebcf15c590090192a6ff09bf.jpg,train,303.0,288.0,261.0,410.0,탑,,,,,,,크롭 기장,,,,레귤러핏,,,무지,,
fashionpedia_seed/images/a6507cc61e40a08435a5a210450a47c1.jpg,train,191.0,173.0,316.0,589.0,팬츠,,,,,,,,롱·긴바지 기장,,,,스트레이트핏,H라인,무지,,
fashionpedia_seed/images/a6507cc61e40a08435a5a210450a47c1.jpg,train,275.0,160.0,174.0,49.0,티셔츠,,,,,,,기본 기장,,,,,,,무지,,
fashionpedia_seed/images/a6507cc61e40a08435a5a210450a47c1.jpg,train,226.0,0.0,246.0,245.0,재킷,,,,,긴팔,기본 소매,크롭 기장,,,,여유핏,,,무지,,포켓|지퍼
fashionpedia_seed/images/4d41de545cfaf48804ea579802168dc4.jpg,train,347.0,281.0,321.0,336.0,원피스,,,,,,,,롱·긴바지 기장,,,,,,무지|플로럴,,플리츠|프릴·러플
fashionpedia_seed/images/47c2e3e2ff0bfcacd0b42339314862d3.jpg,train,167.0,275.0,324.0,386.0,탑,,,,,긴팔,,크롭 기장,,V넥,,슬림핏,,,무지,,
fashionpedia_seed/images/47c2e3e2ff0bfcacd0b42339314862d3.jpg,train,173.0,574.0,280.0,449.0,팬츠,,,,,,,,,,,,,,무지,,
fashionpedia_seed/images/47c2e3e2ff0bfcacd0b42339314862d3.jpg,train,73.0,188.0,507.0,835.0,코트,,,,,긴팔,기본 소매,,,,라펠 칼라,여유핏,,,무지,,단추|포켓|벨트
fashionpedia_seed/images/73d2b7e13c0b34f9d0572b57ea56be63.jpg,train,247.0,445.0,175.0,368.0,팬츠,,,,,,,,미디·7부 기장,,,,슬림핏,,무지,,
fashionpedia_seed/images/73d2b7e13c0b34f9d0572b57ea56be63.jpg,train,196.0,222.0,266.0,323.0,탑,,,,,긴팔,기본 소매,크롭 기장,,라운드넥,,슬림핏,,,무지,,
fashionpedia_seed/images/27023eed1274dd51e91924ea631b1ab1.jpg,val,426.0,233.0,228.0,193.0,탑,,,,,반팔,기본 소매,크롭 기장,,라운드넥,,레귤러핏,,,무지,,
fashionpedia_seed/images/27023eed1274dd51e91924ea631b1ab1.jpg,val,422.0,412.0,138.0,270.0,팬츠,,,,,,,,,,,,,,무지,,
fashionpedia_seed/images/5ada94993430e73f1e6967d5ce2aecad.jpg,train,293.0,295.0,150.0,178.0,탑,,,,,,,크롭 기장,,라운드넥,,슬림핏,,,,,
fashionpedia_seed/images/5ada94993430e73f1e6967d5ce2aecad.jpg,train,259.0,480.0,235.0,224.0,스커트,,,,,,,,쇼츠·미니 기장,,,,,,,,플리츠|프릴·러플
fashionpedia_seed/images/5ada94993430e73f1e6967d5ce2aecad.jpg,train,193.0,255.0,333.0,404.0,재킷,,,,,긴팔,기본 소매,크롭 기장,,,,레귤러핏,,,무지,,지퍼|포켓
fashionpedia_seed/images/201ed1164d3ebb6acaa419e5f8328368.jpg,train,612.0,257.0,186.0,303.0,팬츠,,,,,,,,미디·7부 기장,,,,,,체크,,
fashionpedia_seed/images/201ed1164d3ebb6acaa419e5f8328368.jpg,train,594.0,107.0,97.0,192.0,티셔츠,,,,,민소매,캡 소매,크롭 기장,,V넥,,슬림핏,,,무지,,
fashionpedia_seed/images/1b392a7577346eb050da07a9b7ea3c72.jpg,train,234.0,276.0,408.0,642.0,원피스,,,,,긴팔,퍼프 소매,,쇼츠·미니 기장,,,,,H라인,무지,,지퍼
fashionpedia_seed/images/5446d1fd42c4c2baac5bc3ae647b2f7d.jpg,train,388.0,322.0,231.0,195.0,티셔츠,,,,,반팔,기본 소매,크롭 기장,,라운드넥,,레귤러핏,,,무지,,
fashionpedia_seed/images/5446d1fd42c4c2baac5bc3ae647b2f7d.jpg,train,432.0,493.0,161.0,231.0,청바지,,,,,,,,,,,,스트레이트핏,H라인,무지,데님,포켓
fashionpedia_seed/images/1e0e966a4adcdb640396d54816534876.jpg,train,254.0,710.0,281.0,313.0,팬츠,,,,,,,,,,,,슬림핏,,무지,,
fashionpedia_seed/images/1e0e966a4adcdb640396d54816534876.jpg,train,271.0,517.0,183.0,189.0,탑,,,,,,,크롭 기장,,,,슬림핏,,,플로럴,,
fashionpedia_seed/images/05bf5bc41fc3f6e18507faac19298273.jpg,train,250.0,193.0,209.0,254.0,재킷,,,,,긴팔,기본 소매,크롭 기장,,,,슬림핏,,,무지,,지퍼
fashionpedia_seed/images/05bf5bc41fc3f6e18507faac19298273.jpg,train,251.0,427.0,148.0,102.0,스커트,,,,,,,,쇼츠·미니 기장,,,,스트레이트핏,H라인,무지,,
fashionpedia_seed/images/3bf082a96a03a1c8f75e1d1d0ebf42d2.jpg,train,239.0,425.0,206.0,335.0,코트,,,,,긴팔,기본 소매,,,,,레귤러핏,,,무지,,포켓|후드
fashionpedia_seed/images/3bf082a96a03a1c8f75e1d1d0ebf42d2.jpg,train,306.0,487.0,72.0,133.0,티셔츠,,,,,,,크롭 기장,,,,레귤러핏,,,무지,,
fashionpedia_seed/images/3bf082a96a03a1c8f75e1d1d0ebf42d2.jpg,train,303.0,605.0,92.0,135.0,쇼츠,,,,,,,,쇼츠·미니 기장,,,,,,체크,,
fashionpedia_seed/images/443afe5ce1fe775cd6f04c359e122f4b.jpg,train,420.0,261.0,173.0,355.0,팬츠,,,,,,,,롱·긴바지 기장,,,,와이드핏,,무지,,지퍼
fashionpedia_seed/images/443afe5ce1fe775cd6f04c359e122f4b.jpg,train,456.0,117.0,189.0,204.0,블레이저,,,,,긴팔,기본 소매,크롭 기장,,,라펠 칼라,슬림핏,,,무지,,벨트
fashionpedia_seed/images/3a251a0d83018173d9eb85dd2f7c64f1.jpg,train,476.0,250.0,360.0,325.0,청바지,,,,,,,,롱·긴바지 기장,,,,슬림핏,,무지,데님,
fashionpedia_seed/images/3a251a0d83018173d9eb85dd2f7c64f1.jpg,train,301.0,132.0,360.0,239.0,재킷,,,,,긴팔,벌룬 소매,크롭 기장,,,,레귤러핏,,,무지,,지퍼|포켓
fashionpedia_seed/images/3a251a0d83018173d9eb85dd2f7c64f1.jpg,train,415.0,156.0,98.0,133.0,탑,,,,,,,크롭 기장,,라운드넥,,슬림핏,,,무지,,
fashionpedia_seed/images/01a64310ea9205193295869fcae93f90.jpg,train,357.0,301.0,208.0,378.0,원피스,,,,,반팔,캡 소매,,쇼츠·미니 기장,보트넥,,,,O라인,무지,,지퍼
fashionpedia_seed/images/f06777ee045a0762aad3a7ec3111b864.jpg,train,316.0,452.0,125.0,182.0,셔츠,,,,,반팔,기본 소매,기본 기장,,,셔츠 칼라,레귤러핏,,,스트라이프,,단추|리본|포켓
fashionpedia_seed/images/f06777ee045a0762aad3a7ec3111b864.jpg,train,339.0,610.0,106.0,195.0,청바지,,,,,,,,롱·긴바지 기장,,,,스트레이트핏,H라인,무지,데님,포켓
fashionpedia_seed/images/1639f0d883677382b8d728af247c834a.jpg,val,115.0,415.0,441.0,570.0,재킷,,,,,긴팔,기본 소매,크롭 기장,,,라펠 칼라,레귤러핏,,,무지,,지퍼|포켓
fashionpedia_seed/images/fb728e9a01a63307de0851c307316f9d.jpg,train,240.0,301.0,172.0,324.0,원피스,,,,,,,,쇼츠·미니 기장,,,,,,무지,,지퍼|플리츠
fashionpedia_seed/images/e58b172581a1b2e4d7ed70620b23d2be.jpg,val,141.0,311.0,313.0,419.0,티셔츠,,,,,반팔,,기본 기장,,,,여유핏,,,무지,,
fashionpedia_seed/images/e58b172581a1b2e4d7ed70620b23d2be.jpg,val,173.0,687.0,266.0,336.0,청바지,,,,,,,,,,,,슬림핏,,무지,데님,
fashionpedia_seed/images/48acf4105e66abe3ae57901e15d08e25.jpg,train,441.0,401.0,115.0,91.0,쇼츠,,,,,,,,쇼츠·미니 기장,,,,,,무지,,포켓
fashionpedia_seed/images/48acf4105e66abe3ae57901e15d08e25.jpg,train,406.0,228.0,178.0,221.0,셔츠,,,,,반팔,,크롭 기장,,,셔츠 칼라,레귤러핏,,,무지|도트,,단추
fashionpedia_seed/images/9f2b43ca80f1efb145dc87cb63efbb85.jpg,train,284.0,509.0,249.0,261.0,스커트,,,,,,,,쇼츠·미니 기장,,,,플레어핏,,플로럴,,지퍼
fashionpedia_seed/images/9f2b43ca80f1efb145dc87cb63efbb85.jpg,train,309.0,300.0,214.0,224.0,티셔츠,,,,,반팔,,크롭 기장,,라운드넥,,레귤러핏,,,무지,,
fashionpedia_seed/images/1c3c10b47057091f4b524f0128280b51.jpg,train,162.0,341.0,314.0,682.0,원피스,,,,,,,,,,,,,,플로럴,,지퍼
fashionpedia_seed/images/cf7bd43e4005602bc0ba4e2b5763e3a0.jpg,train,190.0,282.0,231.0,422.0,탑,,,,,,,크롭 기장,,,,슬림핏,,,무지,,
fashionpedia_seed/images/cf7bd43e4005602bc0ba4e2b5763e3a0.jpg,train,160.0,642.0,234.0,156.0,쇼츠,,,,,,,,쇼츠·미니 기장,,,,슬림핏,,무지,,포켓
fashionpedia_seed/images/c59652d40810f10a443756d41bfa1287.jpg,train,126.0,212.0,487.0,806.0,원피스,,,,,반팔,기본 소매,,롱·긴바지 기장,보트넥,,,,,무지,,지퍼|리본|벨트
fashionpedia_seed/images/12bf6fb74bf3a422429b71f23210d5fa.jpg,train,129.0,233.0,280.0,334.0,티셔츠,,,,,긴팔,,기본 기장,,라운드넥,,레귤러핏,,,스트라이프,,
fashionpedia_seed/images/12bf6fb74bf3a422429b71f23210d5fa.jpg,train,189.0,532.0,169.0,312.0,팬츠,,,,,,,,롱·긴바지 기장,,,,스트레이트핏,H라인,,,
fashionpedia_seed/images/c080362228fa5ea2bd57f38ab6f950e2.jpg,train,306.0,147.0,204.0,307.0,베스트,,,,,,,크롭 기장,,,라펠 칼라,레귤러핏,,,무지,,단추|지퍼
fashionpedia_seed/images/c080362228fa5ea2bd57f38ab6f950e2.jpg,train,293.0,148.0,227.0,316.0,셔츠,,,,,민소매,캡 소매,기본 기장,,,,레귤러핏,,,무지,,단추
fashionpedia_seed/images/c080362228fa5ea2bd57f38ab6f950e2.jpg,train,295.0,447.0,216.0,134.0,스커트,,,,,,,,쇼츠·미니 기장,,,,,A라인,무지,,
fashionpedia_seed/images/590d516a191a9f1013976798dda97d36.jpg,train,416.0,252.0,416.0,764.0,원피스,,,,,반팔,,,쇼츠·미니 기장,보트넥,,,,H라인,,,지퍼|리본|벨트
fashionpedia_seed/images/cd9737f2cf0967f12cc001d57568e913.jpg,train,529.0,191.0,231.0,217.0,티셔츠,,,,,반팔,기본 소매,크롭 기장,,라운드넥,,슬림핏,,,무지,,
fashionpedia_seed/images/cd9737f2cf0967f12cc001d57568e913.jpg,train,527.0,365.0,128.0,121.0,쇼츠,,,,,,,,쇼츠·미니 기장,,,,슬림핏,,무지,,포켓
fashionpedia_seed/images/7f5cd5f13122b4bc95fe1a7bf0df56aa.jpg,train,295.0,748.0,146.0,275.0,재킷,,,,,,,크롭 기장,,,,,,,무지,,
fashionpedia_seed/images/7f5cd5f13122b4bc95fe1a7bf0df56aa.jpg,train,133.0,743.0,200.0,280.0,팬츠,,,,,,,,,,,,와이드핏,,스트라이프,,
fashionpedia_seed/images/7f5cd5f13122b4bc95fe1a7bf0df56aa.jpg,train,176.0,480.0,172.0,312.0,탑,,,,,,,크롭 기장,,,,슬림핏,,,무지,,
fashionpedia_seed/images/2c84341d97e5702d0a565db2c6a2a815.jpg,train,211.0,215.0,270.0,400.0,원피스,,,,,,,,쇼츠·미니 기장,,,,,A라인,무지,,지퍼
fashionpedia_seed/images/dcbc290593fde91a59d83ec39a4243e7.jpg,train,300.0,444.0,180.0,175.0,스커트,,,,,,,,쇼츠·미니 기장,,,,,,플로럴,,프릴·러플
fashionpedia_seed/images/dcbc290593fde91a59d83ec39a4243e7.jpg,train,336.0,268.0,168.0,205.0,티셔츠,,,,,,,크롭 기장,,,,레귤러핏,,,무지,,
fashionpedia_seed/images/4d64871e6fe3f3050fe1717551c3cedd.jpg,train,207.0,225.0,230.0,658.0,원피스,,,,,,,,무릎 기장,,,,,,무지,,지퍼
fashionpedia_seed/images/de92afe62c9c4670a48c6c3e43440323.jpg,train,494.0,182.0,79.0,99.0,탑,,,,,,,크롭 기장,,,,슬림핏,,,,,
fashionpedia_seed/images/de92afe62c9c4670a48c6c3e43440323.jpg,train,478.0,276.0,109.0,87.0,쇼츠,,,,,,,,쇼츠·미니 기장,,,,슬림핏,,무지,,포켓
fashionpedia_seed/images/25d4e40003f6739349121db096771d58.jpg,train,296.0,256.0,264.0,712.0,원피스,,,,,,,,롱·긴바지 기장,,,,,,,,플리츠|지퍼
fashionpedia_seed/images/1f6b96f7f298903a77fa747ea4fe8840.jpg,train,108.0,183.0,280.0,453.0,원피스,,,,,긴팔,기본 소매,,쇼츠·미니 기장,라운드넥,,,,O라인,무지,,플리츠|지퍼
fashionpedia_seed/images/218f45327eead3c64b19e3ddee2ec238.jpg,train,373.0,62.0,247.0,342.0,재킷,,,,,긴팔,기본 소매,기본 기장,,,,레귤러핏,,,무지,,지퍼|후드
fashionpedia_seed/images/218f45327eead3c64b19e3ddee2ec238.jpg,train,442.0,381.0,123.0,205.0,청바지,,,,,,,,롱·긴바지 기장,,,,슬림핏,,무지,데님,
fashionpedia_seed/images/112a9c9b9c7a97f3f632b2ec7fd064e5.jpg,train,218.0,136.0,293.0,378.0,재킷,,,,,긴팔,기본 소매,크롭 기장,,,,슬림핏,,,무지,,단추|포켓|벨트
fashionpedia_seed/images/112a9c9b9c7a97f3f632b2ec7fd064e5.jpg,train,243.0,408.0,232.0,339.0,스커트,,,,,,,,무릎 기장,,,,,A라인,무지,,
fashionpedia_seed/images/112a9c9b9c7a97f3f632b2ec7fd064e5.jpg,train,296.0,225.0,58.0,195.0,탑,,,,,,,크롭 기장,,,,슬림핏,,,,,
fashionpedia_seed/images/aa8e34255bae5532e3c45385009a8d9a.jpg,train,554.0,435.0,206.0,247.0,팬츠,,,,,,,,,,,,슬림핏,,무지,,
fashionpedia_seed/images/aa8e34255bae5532e3c45385009a8d9a.jpg,train,527.0,172.0,209.0,442.0,코트,,,,,긴팔,기본 소매,,,,,여유핏,,,무지,,지퍼|포켓|후드
fashionpedia_seed/images/5f5e8dd2003101a233a31bfc1b940085.jpg,train,253.0,149.0,197.0,510.0,원피스,,,,,,,,쇼츠·미니 기장,,스탠드 칼라,,,,,,지퍼
fashionpedia_seed/images/165fc69c577be6c18128e057487cf489.jpg,val,239.0,190.0,133.0,286.0,탑,,,,,,,크롭 기장,,,,슬림핏,,,그래픽,,포켓
fashionpedia_seed/images/165fc69c577be6c18128e057487cf489.jpg,val,231.0,448.0,166.0,234.0,청바지,,,,,,,,,,,,,,무지,데님,포켓
fashionpedia_seed/images/45225483e305abaac3bc54c3dce0723e.jpg,train,210.0,233.0,187.0,370.0,원피스,,,,,,,,쇼츠·미니 기장,,,,,,무지,,지퍼|포켓|벨트
fashionpedia_seed/images/537ecc29cbe6e09d8eb0038a0dc7edbe.jpg,train,221.0,576.0,238.0,300.0,팬츠,,,,,,,,롱·긴바지 기장,,,,스트레이트핏,H라인,,,
fashionpedia_seed/images/537ecc29cbe6e09d8eb0038a0dc7edbe.jpg,train,219.0,208.0,264.0,380.0,코트,,,,,긴팔,기본 소매,,,,라펠 칼라,레귤러핏,,,무지,,단추
fashionpedia_seed/images/537ecc29cbe6e09d8eb0038a0dc7edbe.jpg,train,229.0,222.0,161.0,328.0,셔츠,,,,,긴팔,,,,,셔츠 칼라,,,,무지,,단추
fashionpedia_seed/images/2adffb322a52bb5e4111ff76b9883f36.jpg,train,290.0,338.0,145.0,82.0,탑,,,,,,,크롭 기장,,,,슬림핏,,,무지,,
fashionpedia_seed/images/2adffb322a52bb5e4111ff76b9883f36.jpg,train,248.0,418.0,256.0,420.0,스커트,,,,,,,,무릎 기장,,,,,,플로럴,,
fashionpedia_seed/images/88c840fa10f5ee1ac241b8097df3574e.jpg,val,245.0,172.0,250.0,350.0,블레이저,,,,,,기본 소매,크롭 기장,,,,슬림핏,,,무지,,포켓
fashionpedia_seed/images/88c840fa10f5ee1ac241b8097df3574e.jpg,val,243.0,264.0,255.0,411.0,원피스,,,,,,,,쇼츠·미니 기장,,,,,,무지,,지퍼
fashionpedia_seed/images/6cbc18fcb13a5381bf4eeebaea71ec43.jpg,train,325.0,314.0,133.0,178.0,탑,,,,,,,크롭 기장,,홀터넥,,슬림핏,,,무지,,
fashionpedia_seed/images/6cbc18fcb13a5381bf4eeebaea71ec43.jpg,train,302.0,490.0,180.0,101.0,쇼츠,,,,,,,,쇼츠·미니 기장,,,,슬림핏,,무지,,포켓|지퍼
fashionpedia_seed/images/030cfd158b49ff622c71bdf9aa30f39a.jpg,train,285.0,442.0,158.0,302.0,팬츠,,,,,,,,무릎 기장,,,,와이드핏,,무지,,지퍼
fashionpedia_seed/images/030cfd158b49ff622c71bdf9aa30f39a.jpg,train,275.0,306.0,153.0,155.0,탑,,,,,,,크롭 기장,,,,레귤러핏,,,무지,,
fashionpedia_seed/images/296dee66e4ef01a6453434cdd7062b25.jpg,val,137.0,185.0,144.0,395.0,셔츠,,,,,긴팔,,,,,셔츠 칼라,여유핏,,,무지,,
fashionpedia_seed/images/296dee66e4ef01a6453434cdd7062b25.jpg,val,162.0,200.0,263.0,712.0,코트,,,,,,,,,,,오버핏,,,무지,,
fashionpedia_seed/images/d680b56c59f41348dcaf98fefe05f7d8.jpg,train,190.0,251.0,171.0,281.0,원피스,,,,,,,,쇼츠·미니 기장,,,,,,무지,,지퍼
fashionpedia_seed/images/e9e415310c10ee05c1ebbf0f013c9269.jpg,train,197.0,245.0,422.0,180.0,원피스,,,,,,,,쇼츠·미니 기장,,,,,,무지,,
fashionpedia_seed/images/55cd7f4f81847745f62b4bc59df3df1f.jpg,train,243.0,223.0,292.0,471.0,코트,,,,,긴팔,기본 소매,,,,라펠 칼라,여유핏,,,플로럴,,단추
fashionpedia_seed/images/d7f4d06c3226febd8569d92476c19ef1.jpg,val,148.0,227.0,217.0,403.0,원피스,,,,,,,,쇼츠·미니 기장,라운드넥,,,,,,,지퍼|벨트
fashionpedia_seed/images/856299572eafa93c80b15e6587779553.jpg,train,225.0,281.0,360.0,736.0,원피스,,,,,,,,롱·긴바지 기장,,,,,,애니멀|플로럴,,지퍼|플리츠
fashionpedia_seed/images/22cdabf1fc70b949b8bd3a37d93ecf05.jpg,train,260.0,576.0,224.0,335.0,팬츠,,,,,,,,롱·긴바지 기장,,,,슬림핏,,무지,,
fashionpedia_seed/images/22cdabf1fc70b949b8bd3a37d93ecf05.jpg,train,333.0,314.0,126.0,275.0,블레이저,,,,,긴팔,기본 소매,기본 기장,,,,레귤러핏,,,무지,,
fashionpedia_seed/images/ffebe7df5bfb5974878870b8cb3ebed4.jpg,train,127.0,156.0,437.0,815.0,원피스,,,,,반팔,캡 소매,,롱·긴바지 기장,라운드넥,,,,,무지,,지퍼|프릴·러플
fashionpedia_seed/images/f19900e56c52d4736c9ddf371d9181cc.jpg,train,111.0,190.0,321.0,334.0,티셔츠,,,,,7부 소매,,기본 기장,,라운드넥,,레귤러핏,,,,,
fashionpedia_seed/images/f19900e56c52d4736c9ddf371d9181cc.jpg,train,166.0,501.0,174.0,284.0,스커트,,,,,,,,미디·7부 기장,,,,,,무지,,
fashionpedia_seed/images/f9c5f3efdae7ce33986891e0ba2f0a9c.jpg,val,207.0,453.0,176.0,409.0,청바지,,,,,,,,롱·긴바지 기장,,,,스트레이트핏,H라인,무지,데님,
fashionpedia_seed/images/f9c5f3efdae7ce33986891e0ba2f0a9c.jpg,val,166.0,181.0,249.0,283.0,티셔츠,,,,,반팔,캡 소매,크롭 기장,,,,레귤러핏,,,,,
fashionpedia_seed/images/733c7993cb2b7f5abd3fe0ec9988137f.jpg,val,176.0,256.0,436.0,741.0,원피스,,,,,반팔,캡 소매,,,,,,,H라인,무지,,
fashionpedia_seed/images/f084bd0f4fe67b11b0e3a8a64db58e7f.jpg,train,190.0,201.0,241.0,371.0,탑,,,,,긴팔,기본 소매,크롭 기장,,V넥,,레귤러핏,,,무지,,
fashionpedia_seed/images/f084bd0f4fe67b11b0e3a8a64db58e7f.jpg,train,237.0,423.0,180.0,177.0,쇼츠,,,,,,,,쇼츠·미니 기장,,,,,,무지,,포켓
fashionpedia_seed/images/491cb7a45cc0f231fac998814d9a10f2.jpg,val,171.0,692.0,273.0,331.0,청바지,,,,,,,,,,,,슬림핏,,무지,데님,포켓
fashionpedia_seed/images/491cb7a45cc0f231fac998814d9a10f2.jpg,val,93.0,294.0,401.0,490.0,티셔츠,,,,,긴팔,기본 소매,,,라운드넥,,레귤러핏,,,무지,,
fashionpedia_seed/images/f94d9c70da577d48906186b22cf7133d.jpg,train,83.0,326.0,400.0,697.0,원피스,,,,,,,,,,,,,A라인,무지,,지퍼
fashionpedia_seed/images/53638f7d3a9adcd5e93a4ade8f1ed552.jpg,train,9.0,295.0,557.0,579.0,원피스,,,,,,,,롱·긴바지 기장,,,,,,무지,,
fashionpedia_seed/images/6096b12d8fc996b65b4b9947b18502ca.jpg,val,152.0,462.0,179.0,446.0,청바지,,,,,,,,롱·긴바지 기장,,,,스트레이트핏,H라인,무지,데님,포켓
fashionpedia_seed/images/6096b12d8fc996b65b4b9947b18502ca.jpg,val,157.0,193.0,180.0,299.0,베스트,,,,,,,크롭 기장,,,,슬림핏,,,체크,,단추|포켓
fashionpedia_seed/images/6096b12d8fc996b65b4b9947b18502ca.jpg,val,129.0,175.0,273.0,270.0,셔츠,,,,,긴팔,기본 소매,,,,셔츠 칼라,레귤러핏,,,무지,,단추
fashionpedia_seed/images/009b107156c1ee41b03c5b35a82e7232.jpg,train,244.0,320.0,230.0,242.0,티셔츠,,,,,반팔,래글런 소매,,,,,레귤러핏,,,무지,,
fashionpedia_seed/images/9be97731b91f50cb1fabfa8d6d1bf441.jpg,train,261.0,181.0,236.0,342.0,티셔츠,,,,,긴팔,래글런 소매,,,,,,,,무지,,
fashionpedia_seed/images/9be97731b91f50cb1fabfa8d6d1bf441.jpg,train,291.0,181.0,173.0,341.0,베스트,,,,,,,크롭 기장,,라운드넥,스탠드 칼라,레귤러핏,,,무지,,단추|포켓
fashionpedia_seed/images/9be97731b91f50cb1fabfa8d6d1bf441.jpg,train,292.0,491.0,168.0,397.0,팬츠,,,,,,,,롱·긴바지 기장,,,,스트레이트핏,H라인,무지,,
fashionpedia_seed/images/cf2b90efe608a262ab09c367feddc352.jpg,train,384.0,464.0,170.0,179.0,스커트,,,,,,,,쇼츠·미니 기장,,,,,A라인,무지,,지퍼|포켓
fashionpedia_seed/images/cf2b90efe608a262ab09c367feddc352.jpg,train,406.0,292.0,143.0,185.0,티셔츠,,,,,,,크롭 기장,,라운드넥,,레귤러핏,,,무지,,
fashionpedia_seed/images/cf2b90efe608a262ab09c367feddc352.jpg,train,337.0,228.0,353.0,299.0,블레이저,,,,,긴팔,기본 소매,크롭 기장,,,라펠 칼라,슬림핏,,,무지,,단추
fashionpedia_seed/images/d286a435e6e15637c797d692d07fd385.jpg,train,466.0,430.0,97.0,159.0,코트,,,,,긴팔,기본 소매,,,,라펠 칼라,슬림핏,,,무지,,단추|포켓
fashionpedia_seed/images/d286a435e6e15637c797d692d07fd385.jpg,train,454.0,583.0,107.0,38.0,청바지,,,,,,,,롱·긴바지 기장,,,,슬림핏,,무지,데님,
fashionpedia_seed/images/d47fd4ffb3f8559ed563d59f03507e98.jpg,val,379.0,207.0,279.0,696.0,점프수트,,,,,긴팔,기본 소매,,롱·긴바지 기장,,,레귤러핏,,H라인,무지,,단추|포켓|벨트
fashionpedia_seed/images/7c1c1c9c7a065b576f648e94d5a65c51.jpg,train,172.0,240.0,251.0,691.0,원피스,,,,,반팔,,,롱·긴바지 기장,V넥,,,,,플로럴,,리본
fashionpedia_seed/images/32a9113ae978781167bebd03f8c61438.jpg,train,138.0,211.0,242.0,263.0,재킷,,,,,7부 소매,기본 소매,크롭 기장,,,,슬림핏,,,무지,,지퍼
fashionpedia_seed/images/32a9113ae978781167bebd03f8c61438.jpg,train,166.0,267.0,194.0,403.0,원피스,,,,,,,,쇼츠·미니 기장,,,,,,무지,,지퍼
fashionpedia_seed/images/463c8ac180902e0814b6869716576eb5.jpg,train,192.0,186.0,186.0,366.0,원피스,,,,,반팔,기본 소매,,쇼츠·미니 기장,,스탠드 칼라,,,H라인,무지,,지퍼
fashionpedia_seed/images/654de01ca8c6c182ffde9a511c091dd8.jpg,train,545.0,378.0,242.0,248.0,점프수트,,,,,,,,쇼츠·미니 기장,,,여유핏,,,무지,,
fashionpedia_seed/images/a99f0561c41b1b00721572e7b3ec9c38.jpg,train,209.0,346.0,188.0,367.0,원피스,,,,,긴팔,기본 소매,,쇼츠·미니 기장,,,,,,무지,,지퍼
fashionpedia_seed/images/e4dc2ffc35e68dd07dd67e7f575281b9.jpg,val,133.0,320.0,354.0,701.0,원피스,,,,,반팔,,,무릎 기장,보트넥,,,,,체크,니트,지퍼|리본
fashionpedia_seed/images/558aa27776a2fb39d148328b7c818b60.jpg,train,132.0,197.0,204.0,750.0,원피스,,,,,,,,롱·긴바지 기장,,,,,비대칭,플로럴,,지퍼
fashionpedia_seed/images/317eb8142316b0f17e44fbbb5a8f3667.jpg,train,194.0,455.0,231.0,367.0,팬츠,,,,,,,,롱·긴바지 기장,,,,슬림핏,,무지,,
fashionpedia_seed/images/317eb8142316b0f17e44fbbb5a8f3667.jpg,train,193.0,366.0,135.0,237.0,티셔츠,,,,,,,,,라운드넥,,레귤러핏,,,무지,,
fashionpedia_seed/images/742ca0ded538281bfd2d1f3ea331773e.jpg,train,255.0,283.0,225.0,465.0,원피스,,,,,,,,쇼츠·미니 기장,홀터넥,,,,A라인,,,지퍼
fashionpedia_seed/images/7142d1327caccda7fbfc2835521ee4e5.jpg,val,261.0,361.0,178.0,333.0,원피스,,,,,반팔,캡 소매,,쇼츠·미니 기장,,,,,X라인,,,지퍼
fashionpedia_seed/images/b23b002bed11cb4c1b8acaca75a88d71.jpg,val,273.0,366.0,264.0,305.0,탑,,,,,,,크롭 기장,,,,슬림핏,,,무지,,
fashionpedia_seed/images/b23b002bed11cb4c1b8acaca75a88d71.jpg,val,275.0,691.0,271.0,332.0,청바지,,,,,,,,,,,,슬림핏,,무지,데님,단추|포켓
fashionpedia_seed/images/0ba0216e6879f8b433d0897a77cff984.jpg,train,433.0,233.0,205.0,214.0,셔츠,,,,,반팔,기본 소매,,,,셔츠 칼라,레귤러핏,,,무지,,단추|리본|포켓
fashionpedia_seed/images/0ba0216e6879f8b433d0897a77cff984.jpg,train,541.0,404.0,172.0,198.0,쇼츠,,,,,,,,쇼츠·미니 기장,,,,,,무지,,벨트
fashionpedia_seed/images/0046f98599f05fd7233973e430d6d04d.jpg,train,202.0,227.0,455.0,681.0,원피스,,,,,,,,무릎 기장,,,,,,플로럴,,지퍼
fashionpedia_seed/images/4e872a7fcd5c125164305d750c8688b6.jpg,train,202.0,381.0,450.0,642.0,원피스,,,,,,,,,,,,,,,,지퍼
fashionpedia_seed/images/05418f9e1940094003b16deb58b3a01d.jpg,train,162.0,378.0,469.0,645.0,코트,,,,,긴팔,기본 소매,,,,,레귤러핏,,,무지,,후드
fashionpedia_seed/images/8f9f0279df604ce012c8a9d454ab430f.jpg,val,167.0,35.0,643.0,487.0,셔츠,,,,,긴팔,기본 소매,크롭 기장,,,셔츠 칼라,레귤러핏,,,체크,,단추
fashionpedia_seed/images/8f9f0279df604ce012c8a9d454ab430f.jpg,val,483.0,20.0,206.0,467.0,탑,,,,,,,기본 기장,,,,레귤러핏,,,무지,,
fashionpedia_seed/images/8f9f0279df604ce012c8a9d454ab430f.jpg,val,357.0,449.0,319.0,232.0,청바지,,,,,,,,,,,,슬림핏,H라인,무지,데님,포켓
fashionpedia_seed/images/991f69fa4b82fcbaffef48c86e595065.jpg,train,197.0,255.0,235.0,308.0,코트,,,,,긴팔,기본 소매,,,,라펠 칼라,레귤러핏,,,체크,,단추|포켓
fashionpedia_seed/images/991f69fa4b82fcbaffef48c86e595065.jpg,train,242.0,553.0,143.0,240.0,스커트,,,,,,,,쇼츠·미니 기장,,,,스트레이트핏,H라인,무지,,
fashionpedia_seed/images/116c0fd0c6d963e7b68e7af47c4e8cc7.jpg,train,302.0,328.0,107.0,115.0,셔츠,,,,,,,,,,셔츠 칼라,레귤러핏,,,체크,,단추
fashionpedia_seed/images/116c0fd0c6d963e7b68e7af47c4e8cc7.jpg,train,262.0,365.0,207.0,259.0,탑,,,,,,,크롭 기장,,,,여유핏,,,무지,,
fashionpedia_seed/images/116c0fd0c6d963e7b68e7af47c4e8cc7.jpg,train,240.0,600.0,251.0,423.0,팬츠,,,,,,,,,,,,,,무지,,플리츠|포켓|벨트
fashionpedia_seed/images/116c0fd0c6d963e7b68e7af47c4e8cc7.jpg,train,200.0,267.0,329.0,526.0,코트,,,,,긴팔,기본 소매,,,,셔츠 칼라,레귤러핏,,,무지,,지퍼
fashionpedia_seed/images/3023783645f6b5b3ddd20648231f85aa.jpg,train,151.0,201.0,182.0,583.0,원피스,,,,,,,,롱·긴바지 기장,,,,,A라인,무지,,포켓|벨트
fashionpedia_seed/images/3023783645f6b5b3ddd20648231f85aa.jpg,train,128.0,202.0,251.0,237.0,티셔츠,,,,,긴팔,기본 소매,,,라운드넥,,레귤러핏,,,무지,,
fashionpedia_seed/images/6216b46eeada317d0fbac617c2f09a2f.jpg,train,226.0,563.0,143.0,297.0,팬츠,,,,,,,,롱·긴바지 기장,,,,슬림핏,,무지,,
fashionpedia_seed/images/6216b46eeada317d0fbac617c2f09a2f.jpg,train,157.0,167.0,269.0,448.0,코트,,,,,긴팔,기본 소매,,,,,슬림핏,,,무지,,
fashionpedia_seed/images/a5faa285a9bdc4fd48c22381fd2d4108.jpg,train,306.0,452.0,146.0,269.0,원피스,,,,,긴팔,기본 소매,,쇼츠·미니 기장,라운드넥,,,,,무지,니트,포켓
fashionpedia_seed/images/bf08a1955bfce99f913046ef11600913.jpg,val,228.0,194.0,270.0,432.0,원피스,,,,,7부 소매,,,무릎 기장,오프숄더,,,,X라인,무지,,지퍼
fashionpedia_seed/images/72091ddbd23f86835c16053c1604b9e9.jpg,train,84.0,391.0,189.0,315.0,스커트,,,,,,,,무릎 기장,,,,스트레이트핏,H라인,무지,,지퍼
fashionpedia_seed/images/72091ddbd23f86835c16053c1604b9e9.jpg,train,61.0,163.0,258.0,406.0,블레이저,,,,,긴팔,,크롭 기장,,라운드넥,,슬림핏,,,무지,,플리츠|벨트
fashionpedia_seed/images/a4f806e6b45ed0ac339db298ee287b44.jpg,val,179.0,0.0,350.0,533.0,원피스,,,,,반팔,캡 소매,,쇼츠·미니 기장,,,,,O라인,무지,,지퍼|벨트
fashionpedia_seed/images/0349e23c22d9ab9a482ac3d38ec315d5.jpg,train,293.0,160.0,235.0,498.0,원피스,,,,,,,,쇼츠·미니 기장,,,,,,,,지퍼|플리츠
fashionpedia_seed/images/6765044e8079cfe42ae6cac73cbf79c4.jpg,train,139.0,207.0,367.0,647.0,점프수트,,,,,,,,롱·긴바지 기장,,,여유핏,,,무지,,
fashionpedia_seed/images/0146a53e12d690914995248fb6872121.jpg,train,176.0,160.0,285.0,402.0,티셔츠,,,,,반팔,기본 소매,기본 기장,,라운드넥,,여유핏,,,무지,,
fashionpedia_seed/images/0146a53e12d690914995248fb6872121.jpg,train,185.0,183.0,203.0,116.0,티셔츠,,,,,반팔,,,,라운드넥,,,,,무지,,
fashionpedia_seed/images/0146a53e12d690914995248fb6872121.jpg,train,163.0,550.0,377.0,403.0,팬츠,,,,,,,,롱·긴바지 기장,,,,,,무지,,
fashionpedia_seed/images/ba49f22a7e2927ec0df677e4d199c93d.jpg,val,227.0,229.0,69.0,126.0,탑,,,,,,,,,,,,,,,,
fashionpedia_seed/images/ba49f22a7e2927ec0df677e4d199c93d.jpg,val,122.0,181.0,261.0,325.0,블레이저,,,,,긴팔,기본 소매,크롭 기장,,,라펠 칼라,슬림핏,,,스트라이프,,단추|포켓
fashionpedia_seed/images/ba49f22a7e2927ec0df677e4d199c93d.jpg,val,166.0,452.0,159.0,403.0,팬츠,,,,,,,,롱·긴바지 기장,,,,슬림핏,,스트라이프,,지퍼
fashionpedia_seed/images/8d7d73888f69989aa8f72013f945ff50.jpg,val,165.0,296.0,496.0,727.0,원피스,,,,,,,,,,,,,A라인,무지,,지퍼
fashionpedia_seed/images/3ce04e48660ed6d21aee863f674486b7.jpg,train,212.0,170.0,266.0,451.0,코트,,,,,긴팔,기본 소매,,,,,레귤러핏,,,무지,,단추|포켓
fashionpedia_seed/images/3ce04e48660ed6d21aee863f674486b7.jpg,train,289.0,408.0,142.0,462.0,팬츠,,,,,,,,롱·긴바지 기장,,,,슬림핏,,무지,,
fashionpedia_seed/images/3ce04e48660ed6d21aee863f674486b7.jpg,train,308.0,227.0,103.0,190.0,셔츠,,,,,,,크롭 기장,,,,슬림핏,,,무지,,지퍼
fashionpedia_seed/images/768acaf9c9e2b1230016fa2924ce42aa.jpg,train,138.0,652.0,231.0,323.0,탑,,,,,,,크롭 기장,,,,슬림핏,,,무지,,
fashionpedia_seed/images/768acaf9c9e2b1230016fa2924ce42aa.jpg,train,0.0,549.0,537.0,474.0,가디건,,,,,반팔,기본 소매,,,,,여유핏,,,무지,니트,리본
fashionpedia_seed/images/15e1718954473a29738aa932ba31719c.jpg,train,296.0,566.0,94.0,251.0,팬츠,,,,,,,,롱·긴바지 기장,,,,,,무지,,
fashionpedia_seed/images/15e1718954473a29738aa932ba31719c.jpg,train,264.0,295.0,162.0,314.0,원피스,,,,,,,,쇼츠·미니 기장,,,,,A라인,무지,,플리츠|지퍼
fashionpedia_seed/images/caa1a9bff740cfbf913f07ef4a045484.jpg,train,447.0,259.0,121.0,216.0,원피스,,,,,7부 소매,기본 소매,,쇼츠·미니 기장,,,,,A라인,무지|플로럴,,지퍼
fashionpedia_seed/images/caa1a9bff740cfbf913f07ef4a045484.jpg,train,461.0,455.0,67.0,142.0,팬츠,,,,,,,,롱·긴바지 기장,,,,슬림핏,,무지,,
fashionpedia_seed/images/5c0eaf59c2eaf693980708f24a6b818a.jpg,train,60.0,417.0,621.0,606.0,블레이저,,,,,,기본 소매,,,,라펠 칼라,,,,무지,,단추|포켓
fashionpedia_seed/images/5c0eaf59c2eaf693980708f24a6b818a.jpg,train,266.0,457.0,198.0,566.0,티셔츠,,,,,,,,,라운드넥,,레귤러핏,,,무지,,
fashionpedia_seed/images/2d3c87a230e6e06e383db8feed2b7c5f.jpg,train,466.0,274.0,91.0,118.0,탑,,,,,,,크롭 기장,,,,레귤러핏,,,스트라이프,,
fashionpedia_seed/images/2d3c87a230e6e06e383db8feed2b7c5f.jpg,train,464.0,384.0,98.0,125.0,스커트,,,,,,,,쇼츠·미니 기장,,,,,,무지,,지퍼
fashionpedia_seed/images/eda89dd86ee5917472dca45f33a70d08.jpg,train,252.0,349.0,201.0,226.0,재킷,,,,,긴팔,기본 소매,크롭 기장,,,,레귤러핏,,,무지,,단추|후드
fashionpedia_seed/images/eda89dd86ee5917472dca45f33a70d08.jpg,train,330.0,363.0,55.0,205.0,니트,,,,,,,크롭 기장,,,,레귤러핏,,,스트라이프,니트,
fashionpedia_seed/images/eda89dd86ee5917472dca45f33a70d08.jpg,train,256.0,565.0,190.0,102.0,스커트,,,,,,,,,,,,,A라인,무지,,단추|포켓
fashionpedia_seed/images/7e726464437432e79c18a5dba42562f8.jpg,train,238.0,282.0,188.0,336.0,가디건,,,,,긴팔,,,,,,여유핏,,,무지,니트,단추|포켓
fashionpedia_seed/images/7e726464437432e79c18a5dba42562f8.jpg,train,217.0,278.0,267.0,448.0,원피스,,,,,긴팔,,,무릎 기장,라운드넥,,,,,도트,,지퍼
fashionpedia_seed/images/f6199582b266562fc8fb77d7ed18c068.jpg,train,161.0,53.0,320.0,490.0,후드티,,,,,반팔,기본 소매,기본 기장,,,,슬림핏,,,무지,,후드
fashionpedia_seed/images/f6199582b266562fc8fb77d7ed18c068.jpg,train,209.0,242.0,108.0,102.0,티셔츠,,,,,,,,,,,슬림핏,,,무지,,
fashionpedia_seed/images/7fbd864b06b76fda165ca6d60c5cf879.jpg,train,260.0,408.0,190.0,348.0,스커트,,,,,,,,무릎 기장,,,,스트레이트핏,비대칭,무지,,지퍼
fashionpedia_seed/images/7fbd864b06b76fda165ca6d60c5cf879.jpg,train,223.0,152.0,247.0,412.0,니트,,,,,긴팔,,크롭 기장,,,,오버핏,,,무지,니트,
fashionpedia_seed/images/8e87687c1064403a1cd1500b516a7ad8.jpg,val,608.0,273.0,109.0,245.0,니트,,,,,,,크롭 기장,,,,레귤러핏,,,무지,니트,
fashionpedia_seed/images/8e87687c1064403a1cd1500b516a7ad8.jpg,val,497.0,256.0,319.0,415.0,코트,,,,,긴팔,기본 소매,,,,라펠 칼라,레귤러핏,,,무지,,단추|포켓|지퍼
fashionpedia_seed/images/bcb708e46152e97a939f51acde40bfbe.jpg,train,227.0,247.0,185.0,632.0,원피스,,,,,,,,롱·긴바지 기장,,,,,,무지,,지퍼
fashionpedia_seed/images/bcb708e46152e97a939f51acde40bfbe.jpg,train,203.0,216.0,269.0,336.0,재킷,,,,,긴팔,기본 소매,크롭 기장,,라운드넥,라펠 칼라,레귤러핏,,,무지,,단추
fashionpedia_seed/images/a93069c5bcf17729bce9cab2513a3f67.jpg,train,260.0,419.0,132.0,440.0,팬츠,,,,,,,,미디·7부 기장,,,,슬림핏,,무지,,지퍼
fashionpedia_seed/images/a93069c5bcf17729bce9cab2513a3f67.jpg,train,259.0,154.0,147.0,275.0,탑,,,,,,,크롭 기장,,,셔츠 칼라,레귤러핏,,,무지,,
fashionpedia_seed/images/b2686172341f1d7a8b36b72194aad82e.jpg,train,438.0,194.0,185.0,240.0,셔츠,,,,,반팔,기본 소매,기본 기장,,,셔츠 칼라,레귤러핏,,,,,단추|포켓
fashionpedia_seed/images/b2686172341f1d7a8b36b72194aad82e.jpg,train,493.0,221.0,66.0,195.0,티셔츠,,,,,,,크롭 기장,,V넥,,레귤러핏,,,무지,,포켓
fashionpedia_seed/images/b2686172341f1d7a8b36b72194aad82e.jpg,train,470.0,413.0,130.0,233.0,팬츠,,,,,,,,롱·긴바지 기장,,,,,,무지,,포켓
fashionpedia_seed/images/62c2a58de9a97c754cde718fb409402e.jpg,train,153.0,235.0,303.0,342.0,블레이저,,,,,긴팔,기본 소매,크롭 기장,,,,슬림핏,,,무지,,단추
fashionpedia_seed/images/62c2a58de9a97c754cde718fb409402e.jpg,train,246.0,256.0,91.0,288.0,베스트,,,,,,,크롭 기장,,V넥,,슬림핏,,,무지,,단추
fashionpedia_seed/images/62c2a58de9a97c754cde718fb409402e.jpg,train,182.0,234.0,213.0,325.0,셔츠,,,,,긴팔,,,,,라펠 칼라,레귤러핏,,,무지,,단추|포켓
fashionpedia_seed/images/62c2a58de9a97c754cde718fb409402e.jpg,train,192.0,527.0,185.0,375.0,팬츠,,,,,,,,롱·긴바지 기장,,,,,,무지,,포켓
fashionpedia_seed/images/ac4aa8f399c1cf0440c03a13bb571660.jpg,train,205.0,165.0,313.0,373.0,티셔츠,,,,,긴팔,,기본 기장,,터틀넥,,레귤러핏,,,무지|체크,,
fashionpedia_seed/images/ac4aa8f399c1cf0440c03a13bb571660.jpg,train,255.0,527.0,213.0,399.0,팬츠,,,,,,,,롱·긴바지 기장,,,,,,무지,,
fashionpedia_seed/images/31140648986fc92f80f858c6b2b59304.jpg,val,208.0,220.0,237.0,737.0,원피스,,,,,긴팔,기본 소매,,롱·긴바지 기장,라운드넥,,,,H라인,,,지퍼
fashionpedia_seed/images/3ad847bd01f73476418f50f8419bf644.jpg,train,227.0,726.0,207.0,239.0,팬츠,,,,,,,,롱·긴바지 기장,,,,슬림핏,,무지,,
fashionpedia_seed/images/3ad847bd01f73476418f50f8419bf644.jpg,train,183.0,183.0,296.0,625.0,원피스,,,,,긴팔,,,무릎 기장,라운드넥,,,,비대칭,무지,,
fashionpedia_seed/images/fd5e95a00bcee9d241c1bca1bf4c16c0.jpg,train,135.0,444.0,305.0,255.0,탑,,,,,,,,,,,슬림핏,,,무지,,
fashionpedia_seed/images/fd5e95a00bcee9d241c1bca1bf4c16c0.jpg,train,98.0,675.0,392.0,348.0,스커트,,,,,,,,,,,,,,무지,,플리츠|벨트
fashionpedia_seed/images/c8bb6c6fde01f900ab9534e214f30de4.jpg,train,228.0,194.0,273.0,328.0,블레이저,,,,,긴팔,기본 소매,크롭 기장,,,라펠 칼라,레귤러핏,,,무지,,
fashionpedia_seed/images/c8bb6c6fde01f900ab9534e214f30de4.jpg,train,236.0,488.0,174.0,394.0,팬츠,,,,,,,,롱·긴바지 기장,,,,,,무지,,지퍼
fashionpedia_seed/images/2c606f99f02e408b00ed4cfb5317c4e1.jpg,train,239.0,167.0,256.0,360.0,탑,,,,,긴팔,기본 소매,,,V넥,,레귤러핏,,,무지,,
fashionpedia_seed/images/2c606f99f02e408b00ed4cfb5317c4e1.jpg,train,247.0,350.0,200.0,342.0,스커트,,,,,,,,쇼츠·미니 기장,,,,,,무지,,지퍼
fashionpedia_seed/images/88594d2c3e6bc16310571a20f9e13791.jpg,train,321.0,399.0,387.0,624.0,원피스,,,,,,,,,,,,,X라인,플로럴,,지퍼
fashionpedia_seed/images/e5b237935c0a652dc6585eea57e61dc8.jpg,train,250.0,192.0,230.0,496.0,코트,,,,,긴팔,기본 소매,,,,라펠 칼라,레귤러핏,,,무지,,단추|포켓
fashionpedia_seed/images/e5b237935c0a652dc6585eea57e61dc8.jpg,train,322.0,447.0,91.0,403.0,팬츠,,,,,,,,롱·긴바지 기장,,,,슬림핏,,무지,,
fashionpedia_seed/images/e5b237935c0a652dc6585eea57e61dc8.jpg,train,339.0,225.0,56.0,223.0,셔츠,,,,,,,,,,칼라 없음,,,,무지,,단추
fashionpedia_seed/images/679ab015b49cb5b53d168d3efd956fad.jpg,train,137.0,202.0,344.0,703.0,원피스,,,,,반팔,캡 소매,,롱·긴바지 기장,라운드넥,,,,비대칭,무지,,리본
fashionpedia_seed/images/2310f7efadf3407b64a2a4532a1d2ee7.jpg,val,227.0,202.0,229.0,286.0,티셔츠,,,,,7부 소매,캡 소매,크롭 기장,,,,여유핏,,,스트라이프,,
fashionpedia_seed/images/2310f7efadf3407b64a2a4532a1d2ee7.jpg,val,233.0,451.0,196.0,428.0,팬츠,,,,,,,,롱·긴바지 기장,,,,,,스트라이프,,지퍼
fashionpedia_seed/images/6385040ca90ec396e37c2a25c2aafc31.jpg,val,368.0,259.0,57.0,189.0,티셔츠,,,,,,,크롭 기장,,,,,,,무지,,
fashionpedia_seed/images/6385040ca90ec396e37c2a25c2aafc31.jpg,val,305.0,249.0,132.0,312.0,셔츠,,,,,,,,,,셔츠 칼라,레귤러핏,,,체크,,단추|포켓
fashionpedia_seed/images/6385040ca90ec396e37c2a25c2aafc31.jpg,val,218.0,238.0,250.0,305.0,재킷,,,,,긴팔,기본 소매,크롭 기장,,,라펠 칼라,레귤러핏,,,무지,,지퍼
fashionpedia_seed/images/6385040ca90ec396e37c2a25c2aafc31.jpg,val,281.0,446.0,147.0,393.0,청바지,,,,,,,,롱·긴바지 기장,,,,슬림핏,,무지,데님,
fashionpedia_seed/images/ceba33cb9d3468560844583f709d5961.jpg,train,426.0,229.0,333.0,348.0,재킷,,,,,긴팔,기본 소매,크롭 기장,,,라펠 칼라,레귤러핏,,,무지,,지퍼|포켓
fashionpedia_seed/images/ceba33cb9d3468560844583f709d5961.jpg,train,534.0,281.0,91.0,244.0,티셔츠,,,,,,,크롭 기장,,,,슬림핏,,,무지,,
fashionpedia_seed/images/ceba33cb9d3468560844583f709d5961.jpg,train,474.0,493.0,251.0,165.0,쇼츠,,,,,,,,쇼츠·미니 기장,,,,,,무지,,
fashionpedia_seed/images/2ed6ea0b7ce46f8d5fc6608776152d5d.jpg,val,220.0,184.0,264.0,437.0,원피스,,,,,긴팔,기본 소매,,쇼츠·미니 기장,,셔츠 칼라,,,A라인,무지,,단추|포켓
fashionpedia_seed/images/2ed6ea0b7ce46f8d5fc6608776152d5d.jpg,val,278.0,579.0,148.0,394.0,팬츠,,,,,,,,롱·긴바지 기장,,,,,,무지,,
fashionpedia_seed/images/28772cc5485a105f5bf8bfafedfc66b6.jpg,train,198.0,178.0,255.0,475.0,원피스,,,,,7부 소매,,,쇼츠·미니 기장,보트넥,,,,,스트라이프,,지퍼
fashionpedia_seed/images/84fae07c92d39a7347fadf145330f4bc.jpg,train,149.0,197.0,168.0,207.0,탑,,,,,,,크롭 기장,,라운드넥,,슬림핏,,,,,
fashionpedia_seed/images/84fae07c92d39a7347fadf145330f4bc.jpg,train,118.0,396.0,200.0,500.0,스커트,,,,,,,,롱·긴바지 기장,,,,,비대칭,무지,,
fashionpedia_seed/images/838933e4c25036538e2051f23155eb4d.jpg,train,91.0,212.0,436.0,579.0,원피스,,,,,반팔,기본 소매,,,V넥,,,,,무지,,리본|벨트
fashionpedia_seed/images/c4495c86c19fedfdf2fefb74d43fdd6d.jpg,train,211.0,312.0,112.0,189.0,셔츠,,,,,,,,,,셔츠 칼라,레귤러핏,,,도트,,단추
fashionpedia_seed/images/c4495c86c19fedfdf2fefb74d43fdd6d.jpg,train,156.0,488.0,305.0,307.0,팬츠,,,,,,,,롱·긴바지 기장,,,,스트레이트핏,H라인,무지,,
fashionpedia_seed/images/c4495c86c19fedfdf2fefb74d43fdd6d.jpg,train,47.0,299.0,382.0,302.0,블레이저,,,,,긴팔,기본 소매,크롭 기장,,,라펠 칼라,레귤러핏,,,무지,,단추|포켓
fashionpedia_seed/images/843bd5d77fbfebe568d2f99893455190.jpg,train,549.0,544.0,144.0,137.0,쇼츠,,,,,,,,쇼츠·미니 기장,,,,,,무지,,포켓
fashionpedia_seed/images/843bd5d77fbfebe568d2f99893455190.jpg,train,513.0,328.0,213.0,229.0,티셔츠,,,,,반팔,기본 소매,크롭 기장,,라운드넥,,레귤러핏,,,무지,,
fashionpedia_seed/images/d5c1ce96e0780de7d0255958db531baf.jpg,train,217.0,296.0,161.0,209.0,탑,,,,,긴팔,기본 소매,크롭 기장,,V넥,,레귤러핏,,,무지,,
fashionpedia_seed/images/d5c1ce96e0780de7d0255958db531baf.jpg,train,263.0,480.0,129.0,75.0,쇼츠,,,,,,,,쇼츠·미니 기장,,,,,,플로럴,,
fashionpedia_seed/images/a0157697c907f7fb762702ca3e9ab259.jpg,train,207.0,197.0,203.0,401.0,원피스,,,,,,,,쇼츠·미니 기장,,,,,H라인,,,
fashionpedia_seed/images/96efe0543a0aa8e37634431177a3e43b.jpg,val,180.0,404.0,294.0,619.0,원피스,,,,,긴팔,기본 소매,,,라운드넥,,,,,무지,,지퍼
fashionpedia_seed/images/7eefb98ba73c8eae29d8c7933ce8af10.jpg,val,107.0,353.0,312.0,670.0,원피스,,,,,,,,,,,,,,,,지퍼
fashionpedia_seed/images/d2577921e35bba15a9a907544b492ec8.jpg,train,272.0,209.0,140.0,459.0,원피스,,,,,,,,무릎 기장,,,,,,무지,,지퍼
fashionpedia_seed/images/d2577921e35bba15a9a907544b492ec8.jpg,train,166.0,205.0,298.0,450.0,코트,,,,,긴팔,기본 소매,,,라운드넥,,여유핏,,,도트,,
fashionpedia_seed/images/f89405533537dc196ae40e5ec36b2b08.jpg,train,144.0,284.0,381.0,536.0,코트,,,,,긴팔,기본 소매,,,,,레귤러핏,,,무지,,단추
fashionpedia_seed/images/f89405533537dc196ae40e5ec36b2b08.jpg,train,264.0,290.0,129.0,289.0,티셔츠,,,,,,,크롭 기장,,라운드넥,,레귤러핏,,,무지,,
fashionpedia_seed/images/f89405533537dc196ae40e5ec36b2b08.jpg,train,195.0,570.0,278.0,264.0,쇼츠,,,,,,,,쇼츠·미니 기장,,,,,,무지,,포켓
fashionpedia_seed/images/d3288584fffb4caeb8a392304b09ce93.jpg,val,493.0,293.0,141.0,96.0,쇼츠,,,,,,,,쇼츠·미니 기장,,,,,,무지,,
fashionpedia_seed/images/d3288584fffb4caeb8a392304b09ce93.jpg,val,445.0,126.0,202.0,218.0,티셔츠,,,,,반팔,캡 소매,크롭 기장,,라운드넥,,여유핏,,,무지,,
fashionpedia_seed/images/1e54ccbc575eac627de68b221913fc52.jpg,train,439.0,313.0,172.0,513.0,스커트,,,,,,,,롱·긴바지 기장,,,,,,무지|스트라이프,,
fashionpedia_seed/images/1e54ccbc575eac627de68b221913fc52.jpg,train,476.0,229.0,134.0,80.0,탑,,,,,,,크롭 기장,,,,슬림핏,,,무지,,
fashionpedia_seed/images/89f6e3ad94e5493906b4f3d0e16bdae1.jpg,train,45.0,347.0,587.0,523.0,티셔츠,,,,,반팔,,크롭 기장,,,,여유핏,,,,,리본
fashionpedia_seed/images/04f6e414deea516f05612aa595c7a65e.jpg,train,246.0,305.0,296.0,635.0,원피스,,,,,반팔,캡 소매,,롱·긴바지 기장,라운드넥,,,,,,,단추|벨트
fashionpedia_seed/images/557b6301ca3fefdf29d0609dfe8a74fd.jpg,train,190.0,203.0,325.0,476.0,코트,,,,,긴팔,기본 소매,,,,,여유핏,,,무지,,포켓
fashionpedia_seed/images/557b6301ca3fefdf29d0609dfe8a74fd.jpg,train,256.0,564.0,156.0,201.0,팬츠,,,,,,,,,,,,슬림핏,,무지,,
fashionpedia_seed/images/6505460537d204e3cc8c6339180aa301.jpg,val,146.0,146.0,337.0,810.0,원피스,,,,,긴팔,,,롱·긴바지 기장,,셔츠 칼라,,,,무지,,지퍼|플리츠|프릴·러플
fashionpedia_seed/images/1b8c03a610d653da2492f3c8235e36a5.jpg,train,228.0,469.0,176.0,369.0,팬츠,,,,,,,,롱·긴바지 기장,,,,스트레이트핏,H라인,무지,,포켓
fashionpedia_seed/images/1b8c03a610d653da2492f3c8235e36a5.jpg,train,233.0,230.0,168.0,279.0,티셔츠,,,,,,,기본 기장,,라운드넥,,레귤러핏,,,무지,,
fashionpedia_seed/images/1b8c03a610d653da2492f3c8235e36a5.jpg,train,187.0,193.0,277.0,325.0,셔츠,,,,,,기본 소매,기본 기장,,,셔츠 칼라,레귤러핏,,,스트라이프,,단추
fashionpedia_seed/images/2f103ab523c1808e842eead692ec5c40.jpg,train,12.0,369.0,451.0,643.0,원피스,,,,,,,,,,,,,,,,지퍼
fashionpedia_seed/images/8dfb0daa689c59460fc5a65f27a66ff1.jpg,train,257.0,273.0,329.0,712.0,원피스,,,,,,,,쇼츠·미니 기장,,,,,H라인,,,지퍼
fashionpedia_seed/images/17e3e8454e1addcf98b2449ccb96d3a9.jpg,train,240.0,477.0,170.0,390.0,청바지,,,,,,,,롱·긴바지 기장,,,,스트레이트핏,H라인,무지,데님,포켓
fashionpedia_seed/images/17e3e8454e1addcf98b2449ccb96d3a9.jpg,train,208.0,214.0,232.0,282.0,티셔츠,,,,,반팔,캡 소매,크롭 기장,,라운드넥,,레귤러핏,,,,,포켓
fashionpedia_seed/images/8be355cc27de8de90e70100fd6d9c242.jpg,train,204.0,331.0,239.0,692.0,원피스,,,,,,,,롱·긴바지 기장,,,,,,도트,,지퍼
fashionpedia_seed/images/923f3b3e01d45b726bc4da95adab9e08.jpg,train,150.0,231.0,321.0,792.0,원피스,,,,,,,,,,,,,,무지,,스팽글|지퍼
fashionpedia_seed/images/9f6a012fdb962c60a7f95bb7472a3c6c.jpg,train,557.0,360.0,82.0,112.0,스커트,,,,,,,,쇼츠·미니 기장,,,,,,스트라이프,,지퍼
fashionpedia_seed/images/9f6a012fdb962c60a7f95bb7472a3c6c.jpg,train,549.0,287.0,100.0,76.0,티셔츠,,,,,반팔,기본 소매,크롭 기장,,V넥,,슬림핏,,,무지,,
fashionpedia_seed/images/b2006174759a811aca6bd63e861dc741.jpg,train,236.0,208.0,236.0,338.0,코트,,,,,긴팔,기본 소매,,,,라펠 칼라,여유핏,,,무지,,단추|포켓
fashionpedia_seed/images/b2006174759a811aca6bd63e861dc741.jpg,train,338.0,269.0,18.0,29.0,티셔츠,,,,,,,,,,,,,,무지,,
fashionpedia_seed/images/b2006174759a811aca6bd63e861dc741.jpg,train,281.0,515.0,128.0,116.0,스커트,,,,,,,,쇼츠·미니 기장,,,,,,무지,,
fashionpedia_seed/images/33846044d27032d3988b9b4b7e22e252.jpg,val,244.0,485.0,161.0,359.0,팬츠,,,,,,,,미디·7부 기장,,,,와이드핏,,무지,,
fashionpedia_seed/images/33846044d27032d3988b9b4b7e22e252.jpg,val,207.0,159.0,239.0,440.0,원피스,,,,,긴팔,기본 소매,,쇼츠·미니 기장,,셔츠 칼라,,,,무지,,지퍼
fashionpedia_seed/images/5ab87e352be3b0c045cf417957013ecc.jpg,train,376.0,138.0,162.0,185.0,탑,,,,,7부 소매,기본 소매,크롭 기장,,,,슬림핏,,,플로럴,,
fashionpedia_seed/images/5ab87e352be3b0c045cf417957013ecc.jpg,train,418.0,266.0,388.0,379.0,스커트,,,,,,,,무릎 기장,,,,스트레이트핏,H라인,플로럴,,지퍼
fashionpedia_seed/images/5a26b076ff580f5b9979ec8371483494.jpg,train,151.0,302.0,349.0,721.0,원피스,,,,,,,,,,,,,,무지,,플리츠|지퍼
fashionpedia_seed/images/1dc3829659f97c1cff867ef710ece470.jpg,val,291.0,230.0,209.0,193.0,티셔츠,,,,,반팔,캡 소매,크롭 기장,,,,슬림핏,,,그래픽,,
fashionpedia_seed/images/1dc3829659f97c1cff867ef710ece470.jpg,val,265.0,406.0,236.0,302.0,스커트,,,,,,,,쇼츠·미니 기장,,,,플레어핏,,무지,,
fashionpedia_seed/images/f184df3bcf321ef5d3e4d5a513ade947.jpg,train,199.0,197.0,239.0,215.0,티셔츠,,,,,7부 소매,기본 소매,크롭 기장,,보트넥,,슬림핏,,,무지,,
fashionpedia_seed/images/f184df3bcf321ef5d3e4d5a513ade947.jpg,train,239.0,329.0,191.0,379.0,스커트,,,,,,,,무릎 기장,,,,,,무지,,프릴·러플
fashionpedia_seed/images/e9394b022e6a183812ed55e48292048f.jpg,train,242.0,458.0,164.0,376.0,팬츠,,,,,,,,,,,,,,무지,,포켓
fashionpedia_seed/images/e9394b022e6a183812ed55e48292048f.jpg,train,254.0,192.0,136.0,331.0,티셔츠,,,,,,,기본 기장,,라운드넥,,레귤러핏,,,무지,,
fashionpedia_seed/images/e9394b022e6a183812ed55e48292048f.jpg,train,191.0,161.0,289.0,479.0,코트,,,,,긴팔,기본 소매,,,,라펠 칼라,여유핏,,,,,
fashionpedia_seed/images/9085ccba6fd779e3d5fffc61deda567e.jpg,train,280.0,237.0,138.0,121.0,탑,,,,,,,크롭 기장,,,,슬림핏,,,무지,,
fashionpedia_seed/images/9085ccba6fd779e3d5fffc61deda567e.jpg,train,283.0,335.0,157.0,161.0,스커트,,,,,,,,쇼츠·미니 기장,,,,스트레이트핏,H라인,무지,,
fashionpedia_seed/images/551e65e41de6a13025f2542b4886d8f0.jpg,train,232.0,139.0,134.0,274.0,원피스,,,,,반팔,캡 소매,,쇼츠·미니 기장,,,,,H라인,무지,,지퍼|벨트
fashionpedia_seed/images/5519b067d1037167b0acd664fcbb918e.jpg,train,121.0,179.0,232.0,747.0,점프수트,,,,,반팔,기본 소매,,롱·긴바지 기장,,셔츠 칼라,여유핏,,,체크,,단추|리본|포켓
fashionpedia_seed/images/43778dff8bac7d13784527fdba344468.jpg,train,222.0,460.0,242.0,352.0,팬츠,,,,,,,,롱·긴바지 기장,,,,슬림핏,,무지,,포켓
fashionpedia_seed/images/43778dff8bac7d13784527fdba344468.jpg,train,305.0,198.0,152.0,283.0,티셔츠,,,,,반팔,캡 소매,크롭 기장,,V넥,,레귤러핏,,,무지,,
fashionpedia_seed/images/bfdb81a5f9bebef69b5cda7f59a8daab.jpg,train,379.0,413.0,247.0,268.0,재킷,,,,,긴팔,기본 소매,크롭 기장,,,,레귤러핏,,,무지,,
fashionpedia_seed/images/badb9c0f2ba832076e6a6c52bf2e570a.jpg,train,335.0,293.0,291.0,719.0,코트,,,,,긴팔,기본 소매,,,,라펠 칼라,슬림핏,,,무지,,
fashionpedia_seed/images/badb9c0f2ba832076e6a6c52bf2e570a.jpg,train,434.0,950.0,211.0,73.0,팬츠,,,,,,,,,,,,슬림핏,,무지,,
fashionpedia_seed/images/0205895cfbb5348d94fda8ce32272fa5.jpg,val,282.0,217.0,334.0,405.0,원피스,,,,,,,,쇼츠·미니 기장,스퀘어넥,,,,H라인,스트라이프|도트,,
fashionpedia_seed/images/2e0668607ef88383e3fae4925b12cef8.jpg,train,233.0,222.0,218.0,469.0,원피스,,,,,긴팔,기본 소매,,쇼츠·미니 기장,,라펠 칼라,,,,무지,,리본
fashionpedia_seed/images/2e0668607ef88383e3fae4925b12cef8.jpg,train,238.0,230.0,258.0,402.0,코트,,,,,긴팔,,,,,,여유핏,,,무지,,
fashionpedia_seed/images/2e0668607ef88383e3fae4925b12cef8.jpg,train,330.0,661.0,103.0,187.0,팬츠,,,,,,,,롱·긴바지 기장,,,,,,,,
fashionpedia_seed/images/2064125f44bafe6b58a8b62750c96e5e.jpg,train,177.0,299.0,480.0,541.0,원피스,,,,,반팔,,,쇼츠·미니 기장,,,,,,무지,,플리츠|지퍼|벨트|프릴·러플
fashionpedia_seed/images/c650f80f25497fb2b0f1231d1e487878.jpg,val,266.0,162.0,305.0,461.0,원피스,,,,,,,,쇼츠·미니 기장,,,,,A라인,체크,,지퍼
fashionpedia_seed/images/dcee0c0b136a4e8a004fef599a4c96f3.jpg,train,245.0,248.0,196.0,504.0,원피스,,,,,,,,무릎 기장,,,,,,무지,,
fashionpedia_seed/images/43b336366b1c4d87732c522242f7e966.jpg,train,254.0,212.0,243.0,556.0,원피스,,,,,,,,미디·7부 기장,V넥,,,,,무지,,지퍼|벨트
fashionpedia_seed/images/ce07236c7bdb9f4d04df57c3a7967959.jpg,train,43.0,254.0,348.0,262.0,티셔츠,,,,,긴팔,기본 소매,크롭 기장,,,,슬림핏,,,무지,,
fashionpedia_seed/images/ce07236c7bdb9f4d04df57c3a7967959.jpg,train,174.0,458.0,212.0,501.0,팬츠,,,,,,,,롱·긴바지 기장,,,,와이드핏,,플로럴,,
fashionpedia_seed/images/d94ce4e0c5ce05803cf589dbcfa81d15.jpg,train,213.0,300.0,216.0,471.0,원피스,,,,,반팔,캡 소매,,미디·7부 기장,,,,,비대칭,무지,,
fashionpedia_seed/images/d992775287c798c35aa862953d8e064d.jpg,train,230.0,286.0,400.0,736.0,원피스,,,,,,,,,,,,,비대칭,무지,,지퍼
fashionpedia_seed/images/bedd4c227a48bc3f89431058fa77c82b.jpg,train,172.0,304.0,278.0,535.0,원피스,,,,,,,,미디·7부 기장,,,,,,플로럴|그래픽,,지퍼
fashionpedia_seed/images/6469f5b56cb9ab713851fcd9116923c1.jpg,train,44.0,180.0,408.0,370.0,원피스,,,,,7부 소매,기본 소매,,쇼츠·미니 기장,라운드넥,,,,H라인,애니멀,,
fashionpedia_seed/images/47a6e8d14d0e8c92f3759036b8541cf9.jpg,train,172.0,187.0,280.0,715.0,원피스,,,,,,,,롱·긴바지 기장,,,,,,무지,,지퍼
fashionpedia_seed/images/2aa229d7589a06e59c4eb1f05162f9ab.jpg,train,389.0,147.0,193.0,275.0,티셔츠,,,,,반팔,기본 소매,기본 기장,,,,레귤러핏,,,무지,,
fashionpedia_seed/images/2b2de1517e4ce95fc961f0be4d0a41e9.jpg,train,347.0,203.0,187.0,549.0,원피스,,,,,,,,미디·7부 기장,보트넥,,,,,무지,,지퍼
fashionpedia_seed/images/136ac2a820e9718e52835f815428be82.jpg,val,398.0,344.0,270.0,362.0,탑,,,,,,,크롭 기장,,스퀘어넥,,슬림핏,,,무지,,
fashionpedia_seed/images/136ac2a820e9718e52835f815428be82.jpg,val,390.0,673.0,246.0,350.0,청바지,,,,,,,,,,,,스트레이트핏,H라인,무지,데님,포켓
fashionpedia_seed/images/136ac2a820e9718e52835f815428be82.jpg,val,322.0,357.0,410.0,644.0,재킷,,,,,긴팔,,크롭 기장,,,,레귤러핏,,,카모,,단추
fashionpedia_seed/images/cf9ee579dfff83db95d3ad350557245a.jpg,train,353.0,377.0,247.0,341.0,티셔츠,,,,,,,,,라운드넥,,레귤러핏,,,무지,,
fashionpedia_seed/images/cf9ee579dfff83db95d3ad350557245a.jpg,train,203.0,217.0,558.0,513.0,재킷,,,,,긴팔,기본 소매,크롭 기장,,,셔츠 칼라,레귤러핏,,,무지,,단추|포켓
fashionpedia_seed/images/5fc2853754a2d370b75869fe467672a5.jpg,val,287.0,532.0,150.0,427.0,팬츠,,,,,,,,롱·긴바지 기장,,,,와이드핏,,플로럴,,지퍼
fashionpedia_seed/images/5fc2853754a2d370b75869fe467672a5.jpg,val,332.0,341.0,51.0,129.0,티셔츠,,,,,,,,,라운드넥,,슬림핏,,,무지,,
fashionpedia_seed/images/5fc2853754a2d370b75869fe467672a5.jpg,val,264.0,300.0,220.0,324.0,블레이저,,,,,긴팔,기본 소매,크롭 기장,,,스탠드 칼라,슬림핏,,,플로럴,,단추
fashionpedia_seed/images/cfe1c4de7beeb5eef7cdc05e8be73d57.jpg,train,181.0,282.0,136.0,394.0,원피스,,,,,,,,쇼츠·미니 기장,,셔츠 칼라,,,H라인,스트라이프,,포켓|벨트
fashionpedia_seed/images/cfe1c4de7beeb5eef7cdc05e8be73d57.jpg,train,80.0,304.0,306.0,218.0,재킷,,,,,긴팔,기본 소매,크롭 기장,,,,레귤러핏,,,무지,,단추
fashionpedia_seed/images/a95fbf0046baf4bb406f4f9e27a70454.jpg,train,0.0,160.0,682.0,767.0,티셔츠,,,,,긴팔,기본 소매,크롭 기장,,라운드넥,,레귤러핏,,,플로럴,,
fashionpedia_seed/images/4326995f16fdd834b4d56c175fdb2f2d.jpg,train,244.0,220.0,179.0,450.0,원피스,,,,,,,,무릎 기장,,,,,,체크,,지퍼
fashionpedia_seed/images/b66d836caa14d17a8b7de99d0a4e8a5d.jpg,train,243.0,274.0,248.0,492.0,원피스,,,,,7부 소매,기본 소매,,무릎 기장,보트넥,,,,,스트라이프,니트,지퍼
fashionpedia_seed/images/ef9f506c8d4345edbb63f7fb54bb2cf5.jpg,train,173.0,311.0,287.0,383.0,셔츠,,,,,,,크롭 기장,,라운드넥,,레귤러핏,,,무지,,단추
fashionpedia_seed/images/ef9f506c8d4345edbb63f7fb54bb2cf5.jpg,train,130.0,646.0,292.0,196.0,쇼츠,,,,,,,,쇼츠·미니 기장,,,,,,무지,,
fashionpedia_seed/images/5a6a709cdd926e51bdbaba834d0c7207.jpg,train,520.0,180.0,332.0,351.0,원피스,,,,,,,,무릎 기장,,,,,X라인,,,지퍼|프릴·러플
fashionpedia_seed/images/f24b318fd05a1bc7099f0bd83dce9a90.jpg,train,157.0,381.0,390.0,605.0,원피스,,,,,,,,쇼츠·미니 기장,,,,,,애니멀,,지퍼
fashionpedia_seed/images/7a2ef4e4f9ecd5180e2dac23764704b3.jpg,train,363.0,195.0,152.0,486.0,원피스,,,,,,,,무릎 기장,라운드넥,셔츠 칼라,,,H라인,무지,,
fashionpedia_seed/images/7a2ef4e4f9ecd5180e2dac23764704b3.jpg,train,334.0,220.0,234.0,316.0,원피스,,,,,긴팔,기본 소매,,쇼츠·미니 기장,,,,,A라인,무지,니트,
fashionpedia_seed/images/1894401d7f537c348a237a8043630521.jpg,train,493.0,319.0,108.0,166.0,탑,,,,,,,크롭 기장,,,,레귤러핏,,,무지,,
fashionpedia_seed/images/1894401d7f537c348a237a8043630521.jpg,train,475.0,480.0,136.0,57.0,쇼츠,,,,,,,,쇼츠·미니 기장,,,,슬림핏,,무지,,
fashionpedia_seed/images/15b762ffae2204c3554787051c72670a.jpg,train,254.0,326.0,349.0,591.0,원피스,,,,,,,,롱·긴바지 기장,,,,,,무지,,플리츠|지퍼
fashionpedia_seed/images/6f19aee196965eac33ddd9bda38a68e7.jpg,train,266.0,278.0,284.0,745.0,원피스,,,,,,,,,,,,,A라인,도트|스트라이프,,
fashionpedia_seed/images/f417b7fde41f52411bd9b4eca0e65db4.jpg,train,218.0,483.0,173.0,408.0,팬츠,,,,,,,,,,,,슬림핏,,무지,,포켓
fashionpedia_seed/images/f417b7fde41f52411bd9b4eca0e65db4.jpg,train,176.0,163.0,276.0,369.0,재킷,,,,,긴팔,기본 소매,크롭 기장,,,셔츠 칼라,레귤러핏,,,무지,,단추|포켓
fashionpedia_seed/images/1ca6fb4b937bb1f34797d3315266a546.jpg,train,282.0,303.0,442.0,378.0,셔츠,,,,,긴팔,기본 소매,,,,셔츠 칼라,레귤러핏,,,스트라이프,,단추
fashionpedia_seed/images/1ca6fb4b937bb1f34797d3315266a546.jpg,train,358.0,340.0,304.0,341.0,베스트,,,,,,,,,,,레귤러핏,,,무지,,지퍼|포켓
fashionpedia_seed/images/201a00e2624e8befe10480933714e626.jpg,val,196.0,275.0,350.0,706.0,원피스,,,,,,,,롱·긴바지 기장,,,,,,무지,,플리츠|지퍼
fashionpedia_seed/images/fdfd9c12594a8637cb113859561c8202.jpg,train,121.0,201.0,476.0,741.0,원피스,,,,,긴팔,,,쇼츠·미니 기장,V넥,,,,비대칭,무지,,벨트
fashionpedia_seed/images/391df2b8f3a2f020392fd8d621a016c7.jpg,train,210.0,721.0,193.0,302.0,팬츠,,,,,,,,,,,,스트레이트핏,H라인,무지,,포켓
fashionpedia_seed/images/391df2b8f3a2f020392fd8d621a016c7.jpg,train,254.0,468.0,192.0,359.0,재킷,,,,,긴팔,기본 소매,크롭 기장,,,,레귤러핏,,,무지,,포켓|지퍼
fashionpedia_seed/images/ceda0fb843f97259cad42ea47d14fe48.jpg,train,218.0,391.0,316.0,478.0,원피스,,,,,,,,쇼츠·미니 기장,,,,,,무지,,
fashionpedia_seed/images/0fd47405bde971ea795259fa8790ef40.jpg,val,185.0,189.0,497.0,799.0,원피스,,,,,반팔,기본 소매,,쇼츠·미니 기장,,,,,A라인,체크,,지퍼|벨트
fashionpedia_seed/images/7a65f8ca901b6307715350452dff10b6.jpg,train,324.0,222.0,191.0,538.0,원피스,,,,,,,,무릎 기장,보트넥,,,,,플로럴,,지퍼|벨트
fashionpedia_seed/images/56de0257f498e65810f31c1bba98b058.jpg,train,581.0,145.0,103.0,145.0,티셔츠,,,,,,,크롭 기장,,라운드넥,,슬림핏,,,,,
fashionpedia_seed/images/56de0257f498e65810f31c1bba98b058.jpg,train,563.0,269.0,134.0,114.0,쇼츠,,,,,,,,쇼츠·미니 기장,,,,,,,,포켓
fashionpedia_seed/images/113dcdc48d04076928f65df1bc941917.jpg,train,458.0,282.0,101.0,276.0,원피스,,,,,,,,,라운드넥,,,,H라인,스트라이프,,지퍼
fashionpedia_seed/images/70b7d4241e6f6c096e856561174cffe4.jpg,train,34.0,172.0,314.0,483.0,원피스,,,,,,,,쇼츠·미니 기장,보트넥,,,,,도트,,지퍼
fashionpedia_seed/images/08680e1257c83a5a603ae3ef67ef3dde.jpg,train,303.0,532.0,168.0,355.0,팬츠,,,,,,,,롱·긴바지 기장,,,,슬림핏,,무지,,
fashionpedia_seed/images/08680e1257c83a5a603ae3ef67ef3dde.jpg,train,302.0,329.0,145.0,230.0,탑,,,,,,,기본 기장,,,,레귤러핏,,,무지,,
fashionpedia_seed/images/05ac586e0bd29fdf12a9506bf05b280b.jpg,train,169.0,421.0,417.0,602.0,원피스,,,,,,,,,,,,,,무지,,플리츠|지퍼
fashionpedia_seed/images/c035ab1c7504b8e89f22f3b2f06abec4.jpg,train,490.0,321.0,39.0,33.0,탑,,,,,,,,,,,레귤러핏,,,무지,,
fashionpedia_seed/images/c035ab1c7504b8e89f22f3b2f06abec4.jpg,train,429.0,489.0,195.0,115.0,쇼츠,,,,,,,,쇼츠·미니 기장,,,,,,무지,,포켓
fashionpedia_seed/images/c035ab1c7504b8e89f22f3b2f06abec4.jpg,train,379.0,293.0,240.0,366.0,티셔츠,,,,,긴팔,,기본 기장,,,,여유핏,,비대칭,무지,,
fashionpedia_seed/images/f4ffe227f128ce8aa508f300c03966b7.jpg,train,229.0,264.0,230.0,369.0,원피스,,,,,긴팔,기본 소매,,쇼츠·미니 기장,,,,,A라인,,,지퍼
fashionpedia_seed/images/b95dae1ed0c598a38d17906e9b27dabe.jpg,train,218.0,86.0,276.0,510.0,재킷,,,,,긴팔,기본 소매,기본 기장,,,,여유핏,,,무지,,지퍼|후드
fashionpedia_seed/images/b95dae1ed0c598a38d17906e9b27dabe.jpg,train,276.0,212.0,152.0,386.0,티셔츠,,,,,,,,,라운드넥,,여유핏,,,무지,,
fashionpedia_seed/images/b95dae1ed0c598a38d17906e9b27dabe.jpg,train,273.0,554.0,163.0,286.0,팬츠,,,,,,,,롱·긴바지 기장,,,,스트레이트핏,H라인,무지,,플리츠|포켓
fashionpedia_seed/images/50ebf72d1294ac64c8ff95ba81d05be7.jpg,train,222.0,235.0,211.0,341.0,티셔츠,,,,,긴팔,,,,오프숄더,,여유핏,,비대칭,무지,,
fashionpedia_seed/images/5fd78b0a8107415548b93f29bb5210f1.jpg,val,272.0,437.0,205.0,575.0,원피스,,,,,,,,무릎 기장,,,,,,무지,,지퍼
fashionpedia_seed/images/80b493e0dccaca4fcb11fe5d81c47e83.jpg,train,226.0,277.0,186.0,384.0,원피스,,,,,,,,쇼츠·미니 기장,라운드넥,,,,H라인,무지,,
fashionpedia_seed/images/80b493e0dccaca4fcb11fe5d81c47e83.jpg,train,144.0,268.0,386.0,522.0,코트,,,,,긴팔,,,,,,여유핏,,,,,
fashionpedia_seed/images/80b493e0dccaca4fcb11fe5d81c47e83.jpg,train,238.0,657.0,263.0,217.0,청바지,,,,,,,,미디·7부 기장,,,,와이드핏,,무지,데님,
fashionpedia_seed/images/0d5d5e00e589fe5641b919179794994b.jpg,train,659.0,450.0,102.0,123.0,쇼츠,,,,,,,,쇼츠·미니 기장,,,,,,무지,,
fashionpedia_seed/images/0d5d5e00e589fe5641b919179794994b.jpg,train,692.0,315.0,124.0,255.0,티셔츠,,,,,반팔,기본 소매,기본 기장,,라운드넥,,레귤러핏,,,무지,,
fashionpedia_seed/images/3b8e5457c9419df3a67ed590cbb46b56.jpg,train,257.0,193.0,167.0,402.0,원피스,,,,,,,,쇼츠·미니 기장,,,,,,무지,,지퍼
fashionpedia_seed/images/3dda4e48dc4aaf7cb08016c5ae77a8fb.jpg,train,350.0,183.0,195.0,214.0,탑,,,,,,,크롭 기장,,,,슬림핏,,,무지,,
fashionpedia_seed/images/3dda4e48dc4aaf7cb08016c5ae77a8fb.jpg,train,334.0,453.0,253.0,173.0,쇼츠,,,,,,,,쇼츠·미니 기장,,,,슬림핏,,스트라이프,,
fashionpedia_seed/images/ee95f14ac534d52c329935bddf2d6e91.jpg,train,330.0,298.0,140.0,196.0,티셔츠,,,,,반팔,기본 소매,기본 기장,,,,레귤러핏,,,무지,,
fashionpedia_seed/images/ebd81bb9fb007fec37ab093678f48b21.jpg,train,192.0,397.0,181.0,389.0,스커트,,,,,,,,미디·7부 기장,,,,스트레이트핏,H라인,,,
fashionpedia_seed/images/ebd81bb9fb007fec37ab093678f48b21.jpg,train,153.0,238.0,271.0,326.0,셔츠,,,,,긴팔,벌룬 소매,크롭 기장,,V넥,,여유핏,,,무지,,단추
fashionpedia_seed/images/21dd915650694b8a5b17aa9e442bb079.jpg,train,549.0,332.0,121.0,146.0,스커트,,,,,,,,쇼츠·미니 기장,,,,,A라인,무지,,플리츠
fashionpedia_seed/images/21dd915650694b8a5b17aa9e442bb079.jpg,train,487.0,185.0,167.0,208.0,니트,,,,,긴팔,기본 소매,크롭 기장,,보트넥,,레귤러핏,,,,니트,
fashionpedia_seed/images/4caf9a623b8931bf6b2f6107af4381fb.jpg,train,177.0,117.0,288.0,431.0,재킷,,,,,긴팔,기본 소매,크롭 기장,,,라펠 칼라,레귤러핏,,,무지,,단추|포켓
fashionpedia_seed/images/4caf9a623b8931bf6b2f6107af4381fb.jpg,train,305.0,164.0,83.0,82.0,셔츠,,,,,,,,,,셔츠 칼라,,,,무지|스트라이프,,단추
fashionpedia_seed/images/4caf9a623b8931bf6b2f6107af4381fb.jpg,train,235.0,479.0,198.0,411.0,팬츠,,,,,,,,롱·긴바지 기장,,,,스트레이트핏,H라인,체크,,
fashionpedia_seed/images/b75c28867e64db0d890e186710005eeb.jpg,val,209.0,115.0,294.0,521.0,코트,,,,,긴팔,기본 소매,,,,라펠 칼라,슬림핏,,,무지,,단추|포켓|벨트
fashionpedia_seed/images/b75c28867e64db0d890e186710005eeb.jpg,val,279.0,246.0,163.0,406.0,원피스,,,,,,,,쇼츠·미니 기장,,,,,H라인,무지,,
fashionpedia_seed/images/b75c28867e64db0d890e186710005eeb.jpg,val,285.0,635.0,165.0,238.0,팬츠,,,,,,,,롱·긴바지 기장,,,,,,무지,,
fashionpedia_seed/images/ba8439f18a33ea4063ab92b3a4ced530.jpg,train,293.0,149.0,159.0,320.0,원피스,,,,,,,,쇼츠·미니 기장,라운드넥,,,,,플로럴,,지퍼
fashionpedia_seed/images/bbd80ae0b10ae91b4f1f900484d36e8a.jpg,train,169.0,495.0,200.0,176.0,스커트,,,,,,,,쇼츠·미니 기장,,,,,,무지,,지퍼
fashionpedia_seed/images/bbd80ae0b10ae91b4f1f900484d36e8a.jpg,train,107.0,198.0,311.0,314.0,티셔츠,,,,,긴팔,기본 소매,기본 기장,,보트넥,,여유핏,,,애니멀,,
fashionpedia_seed/images/fb24ea2a89e0ec6dc4b093ccbb2fc743.jpg,train,263.0,193.0,155.0,189.0,탑,,,,,,,,,,,여유핏,,,무지,,
fashionpedia_seed/images/fb24ea2a89e0ec6dc4b093ccbb2fc743.jpg,train,251.0,372.0,190.0,221.0,스커트,,,,,,,,쇼츠·미니 기장,,,,스트레이트핏,H라인,,,
fashionpedia_seed/images/2907c60baee70f30b349de950935bdd4.jpg,train,233.0,296.0,248.0,727.0,원피스,,,,,,,,,,,,,,무지,,
fashionpedia_seed/images/e57c17d89b576bfd05ccce0c247dc6bd.jpg,train,118.0,253.0,280.0,559.0,원피스,,,,,,,,쇼츠·미니 기장,,라펠 칼라,,,,무지,,단추|벨트|프릴·러플
fashionpedia_seed/images/de90e3f82e7a96e74dfc900b07caf5ab.jpg,train,70.0,193.0,434.0,766.0,원피스,,,,,,,,롱·긴바지 기장,,,,,,도트|플로럴,,지퍼
fashionpedia_seed/images/f17fd9050a7d16a084f93c11b8506bb5.jpg,train,269.0,130.0,176.0,284.0,티셔츠,,,,,,,크롭 기장,,오프숄더,,오버핏,,,스트라이프,,
fashionpedia_seed/images/f17fd9050a7d16a084f93c11b8506bb5.jpg,train,223.0,413.0,213.0,535.0,팬츠,,,,,,,,롱·긴바지 기장,,,,,,무지,,포켓
fashionpedia_seed/images/552abb540dabe8fabad26affaf1e7916.jpg,val,87.0,292.0,144.0,192.0,셔츠,,,,,긴팔,기본 소매,기본 기장,,,셔츠 칼라,레귤러핏,,,체크,,단추
fashionpedia_seed/images/552abb540dabe8fabad26affaf1e7916.jpg,val,149.0,317.0,35.0,135.0,티셔츠,,,,,,,,,,,레귤러핏,,,무지,,
fashionpedia_seed/images/552abb540dabe8fabad26affaf1e7916.jpg,val,138.0,439.0,151.0,183.0,청바지,,,,,,,,롱·긴바지 기장,,,,스트레이트핏,H라인,무지,데님,포켓
fashionpedia_seed/images/82d90f72c9745665b559a423f5e4e101.jpg,train,161.0,177.0,165.0,300.0,탑,,,,,,,기본 기장,,,,슬림핏,,,그래픽,,
fashionpedia_seed/images/82d90f72c9745665b559a423f5e4e101.jpg,train,153.0,459.0,249.0,416.0,팬츠,,,,,,,,롱·긴바지 기장,,,,슬림핏,,무지,,
fashionpedia_seed/images/381c2a1a91bfd7966a5b50ca82706ddf.jpg,train,284.0,355.0,159.0,287.0,원피스,,,,,,,,무릎 기장,,,,,,도트,,지퍼
fashionpedia_seed/images/3cc19299f6a1bd07ce4bb07dfe2a6112.jpg,train,249.0,405.0,186.0,259.0,스커트,,,,,,,,쇼츠·미니 기장,,,,,,,,플리츠|지퍼
fashionpedia_seed/images/3cc19299f6a1bd07ce4bb07dfe2a6112.jpg,train,272.0,191.0,149.0,235.0,탑,,,,,,,크롭 기장,,V넥,,레귤러핏,,,무지,,프릴·러플
fashionpedia_seed/images/3c9135567d29729161aa465507e5efad.jpg,train,165.0,437.0,457.0,586.0,재킷,,,,,긴팔,기본 소매,크롭 기장,,,셔츠 칼라,레귤러핏,,,무지,,단추|포켓|벨트
fashionpedia_seed/images/3c9135567d29729161aa465507e5efad.jpg,train,246.0,502.0,121.0,398.0,티셔츠,,,,,,,크롭 기장,,라운드넥,,레귤러핏,,,무지,,
fashionpedia_seed/images/3c9135567d29729161aa465507e5efad.jpg,train,198.0,883.0,182.0,140.0,팬츠,,,,,,,,,,,,스트레이트핏,H라인,무지,,
fashionpedia_seed/images/228d6f335e7c88d524d4bd4c8bdebd1d.jpg,train,159.0,208.0,136.0,195.0,티셔츠,,,,,반팔,,크롭 기장,,오프숄더,,슬림핏,,,무지,,
fashionpedia_seed/images/228d6f335e7c88d524d4bd4c8bdebd1d.jpg,train,148.0,364.0,171.0,220.0,스커트,,,,,,,,쇼츠·미니 기장,,,,스트레이트핏,H라인,무지,,지퍼|포켓
fashionpedia_seed/images/bafce6a94544af54357177ff7bbd7453.jpg,train,519.0,222.0,90.0,147.0,티셔츠,,,,,,,,,,,슬림핏,,,무지,,
fashionpedia_seed/images/bafce6a94544af54357177ff7bbd7453.jpg,train,502.0,340.0,113.0,101.0,쇼츠,,,,,,,,쇼츠·미니 기장,,,,,,무지,,포켓|지퍼|벨트
fashionpedia_seed/images/bafce6a94544af54357177ff7bbd7453.jpg,train,465.0,200.0,194.0,207.0,재킷,,,,,긴팔,,크롭 기장,,,,레귤러핏,,,무지,,지퍼|포켓
fashionpedia_seed/images/b12947ba09cb3967e074fa4ad878c1d6.jpg,train,174.0,165.0,224.0,284.0,탑,,,,,,,크롭 기장,,,,슬림핏,,,그래픽,,
fashionpedia_seed/images/b12947ba09cb3967e074fa4ad878c1d6.jpg,train,162.0,413.0,374.0,480.0,청바지,,,,,,,,롱·긴바지 기장,,,,,,무지,데님,포켓
fashionpedia_seed/images/b12947ba09cb3967e074fa4ad878c1d6.jpg,train,147.0,163.0,244.0,114.0,티셔츠,,,,,반팔,캡 소매,,,,,레귤러핏,,,무지,,
fashionpedia_seed/images/02182c58daf61dc5c5c64bb112b1f826.jpg,train,225.0,155.0,304.0,454.0,원피스,,,,,,,,쇼츠·미니 기장,,스탠드 칼라,,,,무지,,단추
fashionpedia_seed/images/c7154df1a2a7d442ba4a2f9579622a31.jpg,train,237.0,281.0,223.0,260.0,티셔츠,,,,,긴팔,,크롭 기장,,,,여유핏,,,무지,,
fashionpedia_seed/images/c7154df1a2a7d442ba4a2f9579622a31.jpg,train,272.0,479.0,175.0,142.0,쇼츠,,,,,,,,쇼츠·미니 기장,,,,,,무지,,포켓
fashionpedia_seed/images/00e45dd233e31906f538ba17dd45bf29.jpg,train,8.0,282.0,490.0,741.0,원피스,,,,,반팔,캡 소매,,,,셔츠 칼라,,,,무지,,포켓|벨트
fashionpedia_seed/images/18c07033fd67225df16d98e9f6975fc9.jpg,val,235.0,460.0,211.0,110.0,스커트,,,,,,,,쇼츠·미니 기장,,,,스트레이트핏,H라인,무지,,지퍼
fashionpedia_seed/images/18c07033fd67225df16d98e9f6975fc9.jpg,val,248.0,208.0,239.0,283.0,셔츠,,,,,긴팔,기본 소매,기본 기장,,,셔츠 칼라,레귤러핏,,비대칭,무지,,단추|포켓
fashionpedia_seed/images/18c07033fd67225df16d98e9f6975fc9.jpg,val,322.0,369.0,28.0,105.0,탑,,,,,,,크롭 기장,,,,레귤러핏,,,무지,,
fashionpedia_seed/images/50ab7c8b2848817931e5879671e234ae.jpg,val,566.0,372.0,49.0,79.0,쇼츠,,,,,,,,쇼츠·미니 기장,,,,,,무지,,포켓
fashionpedia_seed/images/50ab7c8b2848817931e5879671e234ae.jpg,val,565.0,257.0,47.0,132.0,티셔츠,,,,,,,크롭 기장,,,,슬림핏,,,그래픽,,
fashionpedia_seed/images/50ab7c8b2848817931e5879671e234ae.jpg,val,537.0,214.0,286.0,302.0,코트,,,,,긴팔,,,,,셔츠 칼라,레귤러핏,,,체크,,단추|포켓
fashionpedia_seed/images/42fcd15111e080373a8c07201a539ca1.jpg,val,232.0,445.0,154.0,363.0,팬츠,,,,,,,,롱·긴바지 기장,,,,슬림핏,,무지,가죽|스웨이드,
fashionpedia_seed/images/42fcd15111e080373a8c07201a539ca1.jpg,val,285.0,203.0,59.0,121.0,티셔츠,,,,,,,,,라운드넥,,레귤러핏,,,무지,,
fashionpedia_seed/images/2cb78f57e5a856474f48fa3b581766aa.jpg,val,342.0,230.0,253.0,474.0,원피스,,,,,,,,쇼츠·미니 기장,,,,,,,,지퍼
fashionpedia_seed/images/91eeab2f8925619cbcaae92a12d83bc8.jpg,val,150.0,165.0,242.0,383.0,코트,,,,,긴팔,,,,,라펠 칼라,여유핏,,,무지,,단추|포켓|후드
fashionpedia_seed/images/dd8239e8b7b5f3c9b86babc9754cf4a5.jpg,val,330.0,141.0,187.0,326.0,원피스,,,,,,,,무릎 기장,오프숄더,,,,,무지,,지퍼|리본
fashionpedia_seed/images/c1cd92903be0c82b188fb8d191770887.jpg,train,209.0,364.0,151.0,174.0,스커트,,,,,,,,쇼츠·미니 기장,,,,스트레이트핏,H라인,그래픽,,지퍼
fashionpedia_seed/images/c1cd92903be0c82b188fb8d191770887.jpg,train,264.0,232.0,54.0,122.0,탑,,,,,,,크롭 기장,,라운드넥,,레귤러핏,,,무지,,
fashionpedia_seed/images/c1cd92903be0c82b188fb8d191770887.jpg,train,160.0,218.0,199.0,249.0,재킷,,,,,긴팔,기본 소매,크롭 기장,,,스탠드 칼라,레귤러핏,,,무지,,지퍼
fashionpedia_seed/images/f6d5d138127a985997df20d4cad1b276.jpg,train,57.0,267.0,439.0,625.0,원피스,,,,,,,,롱·긴바지 기장,,,,,,무지,,지퍼|플리츠
fashionpedia_seed/images/b110cb98c64f949796705e916be76c8e.jpg,val,302.0,175.0,204.0,526.0,원피스,,,,,,,,무릎 기장,,,,,H라인,무지,,지퍼
fashionpedia_seed/images/b110cb98c64f949796705e916be76c8e.jpg,val,220.0,179.0,328.0,341.0,재킷,,,,,긴팔,기본 소매,크롭 기장,,,,슬림핏,,,무지,,지퍼
fashionpedia_seed/images/292ebab1191c45465fddac3b9612f4f2.jpg,train,242.0,273.0,328.0,283.0,티셔츠,,,,,반팔,기본 소매,크롭 기장,,,,레귤러핏,,,무지,,리본
fashionpedia_seed/images/292ebab1191c45465fddac3b9612f4f2.jpg,train,106.0,587.0,347.0,435.0,팬츠,,,,,,,,,,,,와이드핏,,무지,,플리츠
fashionpedia_seed/images/a3068422b4e9c7f37d6cf45f44d1d8eb.jpg,train,402.0,221.0,457.0,396.0,폴로 셔츠,,,,,7부 소매,기본 소매,,,,피터팬 칼라,레귤러핏,,,무지,,
fashionpedia_seed/images/9ad7fa911ef3602db892724c8cd679ee.jpg,train,193.0,234.0,218.0,406.0,원피스,,,,,7부 소매,기본 소매,,쇼츠·미니 기장,스퀘어넥,,,,,,,
fashionpedia_seed/images/e10a8dac9a4b0e4bb4424593fe187953.jpg,train,195.0,303.0,292.0,703.0,원피스,,,,,반팔,,,쇼츠·미니 기장,,,,,,스트라이프,,지퍼|리본|프릴·러플|벨트
fashionpedia_seed/images/1dfe4eb7f1f6a38b6871f0f166d1f4e4.jpg,train,109.0,274.0,439.0,676.0,원피스,,,,,,,,롱·긴바지 기장,,,,,,,,지퍼
fashionpedia_seed/images/75a0f33be128afba12be2f3441d138a0.jpg,val,106.0,346.0,357.0,677.0,원피스,,,,,,,,,,,,,,,,지퍼
fashionpedia_seed/images/e4ac5c7330f9bb07768b662af6abd8e7.jpg,val,233.0,192.0,168.0,631.0,원피스,,,,,,,,롱·긴바지 기장,V넥,,,,,,,지퍼|프릴·러플|스팽글
fashionpedia_seed/images/23791581c54542f3e761b0ff28c38e00.jpg,train,681.0,353.0,172.0,270.0,원피스,,,,,,,,쇼츠·미니 기장,,,,,,,,지퍼
fashionpedia_seed/images/0483fc73ee89d2e8c4b63aeb3af0542c.jpg,train,57.0,298.0,474.0,613.0,원피스,,,,,반팔,기본 소매,,쇼츠·미니 기장,,,,,A라인,플로럴,,플리츠|단추|리본|벨트
fashionpedia_seed/images/9245bd10e67b50de43ec468e89b5a9b3.jpg,val,253.0,679.0,215.0,106.0,쇼츠,,,,,,,,쇼츠·미니 기장,,,,,,무지,,플리츠
fashionpedia_seed/images/9245bd10e67b50de43ec468e89b5a9b3.jpg,val,200.0,256.0,309.0,466.0,티셔츠,,,,,긴팔,퍼프 소매,기본 기장,,라운드넥,,슬림핏,,,무지,,플리츠
fashionpedia_seed/images/22edb152f5dcafd163ccf1e70d005e38.jpg,train,153.0,227.0,349.0,778.0,원피스,,,,,,,,롱·긴바지 기장,,,,,비대칭,무지,,지퍼
fashionpedia_seed/images/9dd731f00f648ab2ce0f52747e26f539.jpg,train,524.0,208.0,126.0,220.0,원피스,,,,,,,,쇼츠·미니 기장,,,,,,무지,,지퍼
fashionpedia_seed/images/9dd731f00f648ab2ce0f52747e26f539.jpg,train,543.0,206.0,76.0,96.0,탑,,,,,,,,,,,레귤러핏,,,무지,,
fashionpedia_seed/images/8eacc19c92ca15c7d79d66bfb2626fe7.jpg,train,283.0,313.0,175.0,553.0,원피스,,,,,,,,롱·긴바지 기장,,,,,,무지,,플리츠|지퍼
fashionpedia_seed/images/200801ffb2c44d46b94454f1b6a278a6.jpg,train,221.0,173.0,209.0,333.0,탑,,,,,,,크롭 기장,,터틀넥,,레귤러핏,,,무지,,포켓
fashionpedia_seed/images/200801ffb2c44d46b94454f1b6a278a6.jpg,train,234.0,451.0,230.0,448.0,청바지,,,,,,,,롱·긴바지 기장,,,,,,무지,데님,포켓
fashionpedia_seed/images/985a2c07b12b20673074487049fdd68e.jpg,train,226.0,232.0,200.0,590.0,점프수트,,,,,,,,미디·7부 기장,V넥,,여유핏,,,무지,,
fashionpedia_seed/images/474e72f6ba85af2fd401bcf4aebb7475.jpg,train,221.0,193.0,277.0,770.0,원피스,,,,,,,,롱·긴바지 기장,라운드넥,,,,,무지,,지퍼|벨트
fashionpedia_seed/images/6ad46457d37e8ebd257eb54fb3ac4da3.jpg,train,71.0,232.0,478.0,771.0,원피스,,,,,,,,롱·긴바지 기장,,,,,,무지,,지퍼
fashionpedia_seed/images/09675496409c85adc6deba11277050e8.jpg,train,144.0,390.0,230.0,458.0,코트,,,,,긴팔,기본 소매,,,,,레귤러핏,,,무지,,벨트
fashionpedia_seed/images/5b1d263a42d5c7967665b08cd0eb7234.jpg,train,83.0,346.0,552.0,677.0,점프수트,,,,,긴팔,래글런 소매,,,터틀넥,,레귤러핏,,H라인,무지,,지퍼
fashionpedia_seed/images/dcad9d1fe5e077912fe84049c3e7076c.jpg,train,35.0,177.0,420.0,830.0,원피스,,,,,,,,롱·긴바지 기장,,,,,,무지,,지퍼
fashionpedia_seed/images/01c4698117bd9b3f99bc751da8dfd96c.jpg,train,642.0,165.0,97.0,157.0,티셔츠,,,,,반팔,기본 소매,크롭 기장,,라운드넥,,슬림핏,,,,,
fashionpedia_seed/images/01c4698117bd9b3f99bc751da8dfd96c.jpg,train,619.0,314.0,151.0,166.0,스커트,,,,,,,,무릎 기장,,,,,A라인,,,
fashionpedia_seed/images/5509cbf54887e59f33c40bcbbc78a15b.jpg,val,241.0,516.0,184.0,270.0,쇼츠,,,,,,,,쇼츠·미니 기장,,,,,,무지,,플리츠|포켓
fashionpedia_seed/images/5509cbf54887e59f33c40bcbbc78a15b.jpg,val,214.0,245.0,240.0,285.0,티셔츠,,,,,반팔,기본 소매,크롭 기장,,,,레귤러핏,,,무지,,
fashionpedia_seed/images/7f711b75dbc5b87fa5e6e3e0a9622132.jpg,train,238.0,235.0,177.0,418.0,원피스,,,,,,,,쇼츠·미니 기장,라운드넥,,,,H라인,무지,,지퍼
fashionpedia_seed/images/1c1b439e448879f805e8c827605ec96b.jpg,val,367.0,475.0,125.0,206.0,탑,,,,,,,크롭 기장,,,,슬림핏,,,무지,,
fashionpedia_seed/images/1c1b439e448879f805e8c827605ec96b.jpg,val,184.0,676.0,407.0,333.0,스커트,,,,,,,,쇼츠·미니 기장,,,,,A라인,무지,,지퍼|포켓
fashionpedia_seed/images/1c1b439e448879f805e8c827605ec96b.jpg,val,140.0,311.0,491.0,675.0,블레이저,,,,,긴팔,기본 소매,기본 기장,,,라펠 칼라,레귤러핏,,,무지,,단추
fashionpedia_seed/images/4ba624616f54007236995b5ed5d330e2.jpg,val,265.0,284.0,169.0,530.0,원피스,,,,,,,,미디·7부 기장,,,,,H라인,무지,,벨트
fashionpedia_seed/images/70e000fc740fd51671f257453e5d4ef1.jpg,train,340.0,301.0,248.0,293.0,탑,,,,,긴팔,,크롭 기장,,오프숄더,,슬림핏,,,무지,,포켓
fashionpedia_seed/images/70e000fc740fd51671f257453e5d4ef1.jpg,train,238.0,493.0,342.0,391.0,청바지,,,,,,,,롱·긴바지 기장,,,,슬림핏,,무지,데님,포켓
fashionpedia_seed/images/b9b9619a5fec071603e1b29a9772cefc.jpg,train,204.0,175.0,263.0,313.0,티셔츠,,,,,긴팔,기본 소매,크롭 기장,,라운드넥,,레귤러핏,,,무지,,
fashionpedia_seed/images/b9b9619a5fec071603e1b29a9772cefc.jpg,train,253.0,471.0,205.0,157.0,쇼츠,,,,,,,,쇼츠·미니 기장,,,,,,무지,,플리츠|포켓
fashionpedia_seed/images/59e06fb924b0f433d0aed18b3469beec.jpg,train,257.0,244.0,135.0,325.0,원피스,,,,,,,,쇼츠·미니 기장,,,,,A라인,무지,,
fashionpedia_seed/images/59e06fb924b0f433d0aed18b3469beec.jpg,train,253.0,248.0,108.0,103.0,티셔츠,,,,,반팔,퍼프 소매,,,라운드넥,,슬림핏,,,무지,,
fashionpedia_seed/images/33a3fc04da3b454d27f5fdc5e8bb0f53.jpg,train,334.0,460.0,379.0,348.0,청바지,,,,,,,,롱·긴바지 기장,,,,슬림핏,,무지,데님,
fashionpedia_seed/images/33a3fc04da3b454d27f5fdc5e8bb0f53.jpg,train,463.0,233.0,36.0,50.0,탑,,,,,,,,,,,슬림핏,,,무지,,
fashionpedia_seed/images/33a3fc04da3b454d27f5fdc5e8bb0f53.jpg,train,294.0,69.0,365.0,493.0,가디건,,,,,긴팔,벨 소매,,,,,여유핏,,비대칭,무지,니트,
fashionpedia_seed/images/d47f5c8a886204cd7b315af23ce90b4e.jpg,val,167.0,156.0,268.0,556.0,원피스,,,,,,,,무릎 기장,V넥,,,,,무지,,지퍼|프릴·러플
fashionpedia_seed/images/a2085bd21aaddd5c1f59d53fa670d8c6.jpg,val,466.0,195.0,107.0,240.0,원피스,,,,,,,,쇼츠·미니 기장,,,,,H라인,무지,,
fashionpedia_seed/images/a2085bd21aaddd5c1f59d53fa670d8c6.jpg,val,455.0,163.0,135.0,181.0,블레이저,,,,,긴팔,기본 소매,크롭 기장,,,라펠 칼라,레귤러핏,,,무지,,단추|포켓|지퍼
fashionpedia_seed/images/08a58fc63f2d38be5419ad16e7ced303.jpg,train,498.0,181.0,216.0,438.0,원피스,,,,,,,,,,,,,A라인,무지,,지퍼
fashionpedia_seed/images/96b202445bdc16ebc3e93ae5788ed63e.jpg,train,182.0,171.0,298.0,299.0,원피스,,,,,긴팔,기본 소매,,쇼츠·미니 기장,,,,,H라인,,,
fashionpedia_seed/images/114411003923c0d186c6a6d51009424f.jpg,train,80.0,174.0,285.0,468.0,원피스,,,,,,,,쇼츠·미니 기장,,,,,A라인,스트라이프,,플리츠|지퍼
fashionpedia_seed/images/81bff1603220ce6e7c218913df9cb8f9.jpg,train,63.0,322.0,534.0,701.0,원피스,,,,,반팔,,,,보트넥,,,,비대칭,무지,,리본
fashionpedia_seed/images/ca395e774bde006791482eba79226b7d.jpg,train,79.0,189.0,421.0,754.0,원피스,,,,,긴팔,기본 소매,,롱·긴바지 기장,보트넥,,,,,,,지퍼
fashionpedia_seed/images/6375bd30773a17a141a35eb4df0e4e16.jpg,train,199.0,175.0,265.0,397.0,셔츠,,,,,긴팔,,,,,셔츠 칼라,레귤러핏,,,체크,,단추
fashionpedia_seed/images/6375bd30773a17a141a35eb4df0e4e16.jpg,train,197.0,184.0,111.0,376.0,블레이저,,,,,긴팔,기본 소매,크롭 기장,,,,레귤러핏,,,무지,,단추|포켓
fashionpedia_seed/images/6375bd30773a17a141a35eb4df0e4e16.jpg,train,294.0,213.0,90.0,275.0,베스트,,,,,,,크롭 기장,,,라펠 칼라,레귤러핏,,,무지,,단추
fashionpedia_seed/images/6375bd30773a17a141a35eb4df0e4e16.jpg,train,251.0,478.0,193.0,433.0,팬츠,,,,,,,,롱·긴바지 기장,,,,스트레이트핏,H라인,무지,,
fashionpedia_seed/images/6375bd30773a17a141a35eb4df0e4e16.jpg,train,357.0,168.0,159.0,380.0,블레이저,,,,,긴팔,기본 소매,크롭 기장,,,,레귤러핏,,,무지,,단추|포켓
fashionpedia_seed/images/9737a08c0d581734111e8d0d60a8d6ec.jpg,train,467.0,170.0,191.0,206.0,원피스,,,,,긴팔,기본 소매,,쇼츠·미니 기장,,,,,,무지,,
fashionpedia_seed/images/94c3aa688e6f7e7c93287e541f726452.jpg,val,64.0,325.0,609.0,386.0,청바지,,,,,,,,롱·긴바지 기장,,,,,,무지,데님,
fashionpedia_seed/images/94c3aa688e6f7e7c93287e541f726452.jpg,val,463.0,307.0,491.0,385.0,티셔츠,,,,,긴팔,,기본 기장,,라운드넥,,,,,무지,,
fashionpedia_seed/images/8d1d4b14e598bafb3d718fa8c096e95e.jpg,train,264.0,495.0,165.0,254.0,탑,,,,,,,크롭 기장,,라운드넥,,슬림핏,,,무지,,
fashionpedia_seed/images/8d1d4b14e598bafb3d718fa8c096e95e.jpg,train,186.0,713.0,242.0,255.0,청바지,,,,,,,,롱·긴바지 기장,,,,슬림핏,,무지,데님,
fashionpedia_seed/images/693a69866e6d91826d18808121f711f9.jpg,train,208.0,217.0,205.0,396.0,원피스,,,,,,,,쇼츠·미니 기장,라운드넥,,,,,무지,,지퍼|플리츠
fashionpedia_seed/images/b0c2003291bafdda48c2cc3c229dfda0.jpg,train,69.0,119.0,474.0,503.0,탑,,,,,긴팔,,크롭 기장,,,,슬림핏,,,무지,,
fashionpedia_seed/images/b0c2003291bafdda48c2cc3c229dfda0.jpg,train,111.0,319.0,372.0,426.0,스커트,,,,,,,,쇼츠·미니 기장,,,,,A라인,무지,,지퍼
fashionpedia_seed/images/ac04434c447d537b797dcef55ad597a5.jpg,train,88.0,312.0,417.0,655.0,원피스,,,,,반팔,,,롱·긴바지 기장,오프숄더,,,,,무지,,리본
fashionpedia_seed/images/2e442d2b49f0c08838c96fa0de887956.jpg,train,628.0,273.0,151.0,358.0,원피스,,,,,,,,롱·긴바지 기장,,,,,,무지,,지퍼
fashionpedia_seed/images/2e442d2b49f0c08838c96fa0de887956.jpg,train,637.0,244.0,135.0,154.0,재킷,,,,,7부 소매,기본 소매,크롭 기장,,V넥,라펠 칼라,여유핏,,,무지,퍼·플리스,
fashionpedia_seed/images/9a755d94e00922406ee34010fac8eec5.jpg,val,248.0,210.0,177.0,668.0,점프수트,,,,,,,,롱·긴바지 기장,,,슬림핏,,,무지,,
fashionpedia_seed/images/16969a96d6b8f1c5f2f74805364bc19a.jpg,train,307.0,200.0,155.0,421.0,원피스,,,,,반팔,기본 소매,,쇼츠·미니 기장,라운드넥,,,,,무지,,
fashionpedia_seed/images/e73b13b557ab167a05cb10ed45decf52.jpg,val,212.0,299.0,400.0,632.0,원피스,,,,,,,,롱·긴바지 기장,,,,,,그래픽,,지퍼|프릴·러플|벨트
fashionpedia_seed/images/025c44ff30ea619abd1b1bb2df58bb8b.jpg,train,111.0,205.0,277.0,337.0,블레이저,,,,,긴팔,기본 소매,크롭 기장,,,,레귤러핏,,,무지,,단추|포켓
fashionpedia_seed/images/025c44ff30ea619abd1b1bb2df58bb8b.jpg,train,163.0,189.0,113.0,220.0,셔츠,,,,,,,,,,셔츠 칼라,레귤러핏,,,,,단추
fashionpedia_seed/images/025c44ff30ea619abd1b1bb2df58bb8b.jpg,train,147.0,405.0,178.0,473.0,팬츠,,,,,,,,롱·긴바지 기장,,,,스트레이트핏,H라인,무지,,
fashionpedia_seed/images/7bc3b6a20add1e0aae70f881dd37a2c2.jpg,train,416.0,255.0,156.0,244.0,셔츠,,,,,,,기본 기장,,,셔츠 칼라,레귤러핏,,,무지,,단추|포켓
fashionpedia_seed/images/7bc3b6a20add1e0aae70f881dd37a2c2.jpg,train,421.0,438.0,104.0,95.0,쇼츠,,,,,,,,쇼츠·미니 기장,,,,슬림핏,,무지,,포켓
fashionpedia_seed/images/8013b694ce0185715887693a5728c3aa.jpg,train,141.0,348.0,400.0,673.0,원피스,,,,,,,,,V넥,,,,,플로럴,,지퍼
fashionpedia_seed/images/a0aedf945aef6f2eb6578dd749e92545.jpg,train,207.0,223.0,345.0,497.0,원피스,,,,,,,,무릎 기장,스퀘어넥,,,,,무지,,플리츠|지퍼
fashionpedia_seed/images/563c45745e1775a74e3a5b2513079b9d.jpg,train,118.0,186.0,349.0,647.0,점프수트,,,,,반팔,,,미디·7부 기장,V넥,,오버핏,,,무지,,리본
fashionpedia_seed/images/2c0c4094e2c3988fd3be0146f2c2488f.jpg,train,365.0,269.0,238.0,190.0,탑,,,,,,,크롭 기장,,라운드넥,,슬림핏,,,무지|스트라이프|그래픽,,
fashionpedia_seed/images/2c0c4094e2c3988fd3be0146f2c2488f.jpg,train,290.0,442.0,390.0,581.0,스커트,,,,,,,,,,,,,,스트라이프,,벨트
fashionpedia_seed/images/2df8a3cbaf17a7e8441cf3f4bc73824c.jpg,val,488.0,434.0,59.0,88.0,티셔츠,,,,,반팔,기본 소매,,,라운드넥,,여유핏,,,무지,,리본
fashionpedia_seed/images/2df8a3cbaf17a7e8441cf3f4bc73824c.jpg,val,503.0,518.0,48.0,70.0,팬츠,,,,,,,,롱·긴바지 기장,,,,스트레이트핏,H라인,무지,,
fashionpedia_seed/images/3af3a8c1e0581011f46326d3b837a53d.jpg,train,223.0,260.0,151.0,177.0,탑,,,,,,,크롭 기장,,,,레귤러핏,,,무지,,
fashionpedia_seed/images/3af3a8c1e0581011f46326d3b837a53d.jpg,train,198.0,417.0,189.0,186.0,쇼츠,,,,,,,,쇼츠·미니 기장,,,,,,무지,,벨트
fashionpedia_seed/images/32e566cd7c0388f44f1a09e10e2ac96c.jpg,train,474.0,412.0,200.0,269.0,베스트,,,,,,,,,,,여유핏,,,무지,,
fashionpedia_seed/images/32e566cd7c0388f44f1a09e10e2ac96c.jpg,train,105.0,157.0,844.0,524.0,재킷,,,,,긴팔,,,,,셔츠 칼라,레귤러핏,,,무지,,지퍼|포켓
fashionpedia_seed/images/c4e7ac9027ce6e052eb110b1281a8638.jpg,train,51.0,171.0,248.0,231.0,탑,,,,,반팔,퍼프 소매,크롭 기장,,,,레귤러핏,,비대칭,,,리본
fashionpedia_seed/images/c4e7ac9027ce6e052eb110b1281a8638.jpg,train,135.0,382.0,198.0,518.0,스커트,,,,,,,,롱·긴바지 기장,,,,,,,,
fashionpedia_seed/images/303d796dda5fa9b61435004c9de4a4e8.jpg,train,244.0,272.0,357.0,409.0,티셔츠,,,,,7부 소매,래글런 소매,,,라운드넥,,레귤러핏,,,무지,,
fashionpedia_seed/images/480a63a89fa67f75333ac3e2ec709fde.jpg,train,549.0,295.0,86.0,55.0,티셔츠,,,,,반팔,기본 소매,,,,,레귤러핏,,,무지,,
fashionpedia_seed/images/480a63a89fa67f75333ac3e2ec709fde.jpg,train,556.0,294.0,97.0,182.0,점프수트,,,,,,,,쇼츠·미니 기장,,,레귤러핏,,,무지,,
fashionpedia_seed/images/7cec6c9dbd406032c6069f32381f2daa.jpg,train,187.0,678.0,298.0,265.0,쇼츠,,,,,,,,쇼츠·미니 기장,,,,슬림핏,,무지,,포켓
fashionpedia_seed/images/7cec6c9dbd406032c6069f32381f2daa.jpg,train,183.0,373.0,244.0,285.0,탑,,,,,,,크롭 기장,,,,슬림핏,,,무지,,
fashionpedia_seed/images/7cec6c9dbd406032c6069f32381f2daa.jpg,train,100.0,307.0,556.0,716.0,셔츠,,,,,,기본 소매,,,,칼라 없음,여유핏,,,스트라이프,,단추
fashionpedia_seed/images/99e576a9859dbbfa7bbf1ca6a8200960.jpg,train,497.0,222.0,144.0,155.0,티셔츠,,,,,긴팔,기본 소매,,,라운드넥,,슬림핏,,,무지,,
fashionpedia_seed/images/99e576a9859dbbfa7bbf1ca6a8200960.jpg,train,494.0,340.0,109.0,131.0,쇼츠,,,,,,,,쇼츠·미니 기장,,,,슬림핏,,,,포켓
fashionpedia_seed/images/4aa62ca489ce6e163ca8400d4c96b569.jpg,train,161.0,290.0,290.0,431.0,원피스,,,,,긴팔,,,무릎 기장,,,,,,무지,,
fashionpedia_seed/images/a2d2041ec86da596439a8fd74575ce0b.jpg,train,241.0,243.0,170.0,196.0,탑,,,,,,,크롭 기장,,,,여유핏,,,무지,,
fashionpedia_seed/images/a2d2041ec86da596439a8fd74575ce0b.jpg,train,246.0,407.0,167.0,369.0,청바지,,,,,,,,롱·긴바지 기장,,,,슬림핏,,무지,데님,포켓|지퍼
fashionpedia_seed/images/9fac627b1dc1153b5933ed3dc3020bac.jpg,val,192.0,284.0,272.0,227.0,티셔츠,,,,,긴팔,기본 소매,크롭 기장,,,,슬림핏,,,무지,,
fashionpedia_seed/images/9fac627b1dc1153b5933ed3dc3020bac.jpg,val,244.0,424.0,204.0,269.0,스커트,,,,,,,,무릎 기장,,,,플레어핏,비대칭,도트,,플리츠
fashionpedia_seed/images/906bc8a73ba1d28c2ae3793b54f57d20.jpg,train,515.0,510.0,146.0,171.0,청바지,,,,,,,,,,,,슬림핏,,무지,데님,포켓|벨트
fashionpedia_seed/images/906bc8a73ba1d28c2ae3793b54f57d20.jpg,train,498.0,357.0,138.0,155.0,티셔츠,,,,,긴팔,,크롭 기장,,라운드넥,,레귤러핏,,,무지,,포켓
fashionpedia_seed/images/906bc8a73ba1d28c2ae3793b54f57d20.jpg,train,476.0,345.0,222.0,251.0,재킷,,,,,긴팔,,크롭 기장,,,셔츠 칼라,레귤러핏,,,무지,,단추|포켓
fashionpedia_seed/images/e1c633bb82c74fbfc7504a7186c97751.jpg,val,260.0,253.0,145.0,352.0,원피스,,,,,,,,쇼츠·미니 기장,,,,,,,,
fashionpedia_seed/images/78f6d9e1d5339d5215b73d37a52c2837.jpg,train,86.0,388.0,449.0,635.0,원피스,,,,,,,,,,,,,,무지,,스팽글|지퍼
fashionpedia_seed/images/611939b9f3ac6aba96c64026edc11575.jpg,train,235.0,496.0,285.0,365.0,팬츠,,,,,,,,롱·긴바지 기장,,,,슬림핏,,무지,,
fashionpedia_seed/images/611939b9f3ac6aba96c64026edc11575.jpg,train,136.0,76.0,354.0,505.0,코트,,,,,긴팔,기본 소매,,,,라펠 칼라,슬림핏,,,무지,퍼·플리스,단추
fashionpedia_seed/images/3847d09a2d4cd130c008c60fdd7832a1.jpg,train,211.0,224.0,254.0,369.0,티셔츠,,,,,긴팔,,,,,,여유핏,,,무지,,
fashionpedia_seed/images/3847d09a2d4cd130c008c60fdd7832a1.jpg,train,271.0,497.0,159.0,346.0,팬츠,,,,,,,,롱·긴바지 기장,,,,와이드핏,,도트,,
fashionpedia_seed/images/609b9fc370f7c98fbb6a41baf72664a1.jpg,train,242.0,237.0,214.0,351.0,코트,,,,,긴팔,기본 소매,,,,셔츠 칼라,레귤러핏,,,무지,,
fashionpedia_seed/images/0e9775fcd1a3b1d95aed773e684b3f49.jpg,train,243.0,482.0,182.0,445.0,팬츠,,,,,,,,롱·긴바지 기장,,,,스트레이트핏,H라인,무지,,
fashionpedia_seed/images/0e9775fcd1a3b1d95aed773e684b3f49.jpg,train,317.0,209.0,57.0,275.0,티셔츠,,,,,,,크롭 기장,,V넥,,레귤러핏,,,무지,,
fashionpedia_seed/images/0e9775fcd1a3b1d95aed773e684b3f49.jpg,train,184.0,170.0,314.0,387.0,블레이저,,,,,긴팔,기본 소매,기본 기장,,,라펠 칼라,레귤러핏,,,무지,,단추|포켓|지퍼
fashionpedia_seed/images/f03e9cedb170c1d764705c994865af13.jpg,train,210.0,206.0,205.0,573.0,원피스,,,,,,,,무릎 기장,라운드넥,,,,,무지,,지퍼
fashionpedia_seed/images/ab52c9490015a4b79249fe7076319b54.jpg,train,155.0,209.0,188.0,438.0,원피스,,,,,,,,쇼츠·미니 기장,V넥,,,,,무지,,벨트
fashionpedia_seed/images/ef2f8ecfc123b4abde4e1441129384c2.jpg,train,0.0,301.0,427.0,722.0,원피스,,,,,,,,,,,,,,무지,,플리츠|지퍼
fashionpedia_seed/images/25d405f31851734c949c85172cd41f5b.jpg,train,451.0,260.0,288.0,388.0,원피스,,,,,,,,쇼츠·미니 기장,,,,,X라인,체크,,단추
fashionpedia_seed/images/b817d1607defe277ab41e880ca1c6763.jpg,train,285.0,226.0,190.0,268.0,셔츠,,,,,긴팔,기본 소매,,,,셔츠 칼라,레귤러핏,,,무지,,단추|포켓
fashionpedia_seed/images/b817d1607defe277ab41e880ca1c6763.jpg,train,291.0,385.0,161.0,217.0,스커트,,,,,,,,쇼츠·미니 기장,,,,,A라인,,,플리츠|지퍼
fashionpedia_seed/images/06cc4cc3fd423fb82ce78a63c903cc5b.jpg,val,664.0,249.0,142.0,336.0,원피스,,,,,,,,쇼츠·미니 기장,,,,,,무지,,
fashionpedia_seed/images/bf220f1c9ef47e7338d32cd082ecc15c.jpg,val,202.0,201.0,361.0,615.0,원피스,,,,,반팔,,,미디·7부 기장,,,,,X라인,무지,,플리츠|지퍼|리본
fashionpedia_seed/images/420f153001eb2e37269ae974b9f7665e.jpg,train,230.0,157.0,150.0,371.0,탑,,,,,,,크롭 기장,,,,슬림핏,,,스트라이프,,
fashionpedia_seed/images/420f153001eb2e37269ae974b9f7665e.jpg,train,200.0,314.0,257.0,391.0,스커트,,,,,,,,무릎 기장,,,,,A라인,무지,,플리츠|프릴·러플
fashionpedia_seed/images/981fa1400f6240e4a3d5082b95b667a2.jpg,train,95.0,153.0,287.0,356.0,코트,,,,,긴팔,기본 소매,,,,,레귤러핏,,,무지,,
fashionpedia_seed/images/981fa1400f6240e4a3d5082b95b667a2.jpg,train,141.0,319.0,171.0,355.0,원피스,,,,,,,,무릎 기장,,,,,,,,플리츠|지퍼
fashionpedia_seed/images/c5cbcc1459bb67f98ea6ef6e9b3311ab.jpg,val,234.0,233.0,204.0,259.0,탑,,,,,,,크롭 기장,,,,슬림핏,,비대칭,무지,,플리츠
fashionpedia_seed/images/c5cbcc1459bb67f98ea6ef6e9b3311ab.jpg,val,246.0,473.0,170.0,431.0,팬츠,,,,,,,,롱·긴바지 기장,,,,스트레이트핏,H라인,무지,,지퍼
fashionpedia_seed/images/387a049fc5d151a2c6c2444a44211d5c.jpg,train,217.0,309.0,358.0,714.0,원피스,,,,,,,,,,,,,,무지,,지퍼|프릴·러플
fashionpedia_seed/images/2e279590988cb29535739095a188cd0b.jpg,train,22.0,521.0,563.0,502.0,티셔츠,,,,,반팔,기본 소매,,,V넥,,슬림핏,,,무지,,
fashionpedia_seed/images/c7ab3258faa14bd182e8cb18d225b6f7.jpg,train,123.0,568.0,311.0,249.0,쇼츠,,,,,,,,쇼츠·미니 기장,,,,슬림핏,,무지,,포켓
fashionpedia_seed/images/c7ab3258faa14bd182e8cb18d225b6f7.jpg,train,119.0,227.0,415.0,551.0,티셔츠,,,,,반팔,기본 소매,크롭 기장,,,,레귤러핏,,,무지,,
fashionpedia_seed/images/20cce77f20aada8462856157a7957d8f.jpg,train,179.0,206.0,277.0,374.0,가디건,,,,,긴팔,,,,,라펠 칼라,여유핏,,,,니트,단추|포켓
fashionpedia_seed/images/20cce77f20aada8462856157a7957d8f.jpg,train,233.0,442.0,176.0,445.0,팬츠,,,,,,,,롱·긴바지 기장,,,,스트레이트핏,H라인,도트,,포켓
fashionpedia_seed/images/fd567ffad275955ac945eeeacc1fdac5.jpg,val,195.0,279.0,344.0,487.0,원피스,,,,,,,,미디·7부 기장,스퀘어넥,,,,,무지|플로럴,,지퍼|플리츠|스팽글
fashionpedia_seed/images/fd567ffad275955ac945eeeacc1fdac5.jpg,val,319.0,760.0,111.0,153.0,팬츠,,,,,,,,롱·긴바지 기장,,,,스트레이트핏,H라인,무지,,
fashionpedia_seed/images/a6f3960744c8db184ecb0f6112b7988e.jpg,train,333.0,214.0,174.0,373.0,원피스,,,,,,,,쇼츠·미니 기장,V넥,,,,,무지,,지퍼
fashionpedia_seed/images/e8a9349ee53c9e5bfd21102e8b6b52f9.jpg,train,111.0,238.0,486.0,212.0,탑,,,,,긴팔,,크롭 기장,,오프숄더,,슬림핏,,,무지,,
fashionpedia_seed/images/e8a9349ee53c9e5bfd21102e8b6b52f9.jpg,train,283.0,456.0,153.0,363.0,청바지,,,,,,,,롱·긴바지 기장,,,,슬림핏,,무지,데님,포켓
fashionpedia_seed/images/0420c7e0454fbbe11fadd23eb1f40d38.jpg,train,366.0,429.0,209.0,461.0,원피스,,,,,,,,미디·7부 기장,,,,,,무지,,지퍼|벨트|프릴·러플
fashionpedia_seed/images/128e563f37864265333bc9a3de7dccc6.jpg,val,167.0,301.0,220.0,400.0,원피스,,,,,긴팔,기본 소매,,쇼츠·미니 기장,보트넥,,,,,무지,,지퍼
fashionpedia_seed/images/5a7be1610d64e15581a3762ebca0e14f.jpg,train,199.0,196.0,296.0,237.0,셔츠,,,,,반팔,,크롭 기장,,,,슬림핏,,,무지,,단추|프릴·러플
fashionpedia_seed/images/5a7be1610d64e15581a3762ebca0e14f.jpg,train,245.0,422.0,192.0,457.0,팬츠,,,,,,,,롱·긴바지 기장,,,,,,무지,,포켓
fashionpedia_seed/images/9ce7b758976ec102f8c3ec502e523969.jpg,val,321.0,299.0,125.0,268.0,재킷,,,,,긴팔,기본 소매,크롭 기장,,,,슬림핏,,,무지,,지퍼
fashionpedia_seed/images/9ce7b758976ec102f8c3ec502e523969.jpg,val,202.0,285.0,413.0,467.0,원피스,,,,,,,,무릎 기장,,스탠드 칼라,,,,무지,,지퍼
fashionpedia_seed/images/c201083bb1f8b26dba075f380aa799bc.jpg,train,231.0,545.0,146.0,366.0,팬츠,,,,,,,,롱·긴바지 기장,,,,스트레이트핏,H라인,무지,,
fashionpedia_seed/images/c201083bb1f8b26dba075f380aa799bc.jpg,train,195.0,236.0,242.0,347.0,재킷,,,,,긴팔,기본 소매,크롭 기장,,,라펠 칼라,레귤러핏,,,무지,,단추|포켓|벨트
fashionpedia_seed/images/1c906b2d4f414e1e7ed064abc0606a0a.jpg,train,246.0,213.0,211.0,744.0,원피스,,,,,,,,롱·긴바지 기장,,,,,,무지,,플리츠|지퍼
fashionpedia_seed/images/155ea684f404a9b299b20ae06a64b813.jpg,val,84.0,259.0,338.0,660.0,원피스,,,,,,,,롱·긴바지 기장,라운드넥,,,,,무지|플로럴,,지퍼|프릴·러플
fashionpedia_seed/images/e7bd5aa16c1acc64616bf60ea3aa0c36.jpg,val,0.0,488.0,483.0,363.0,팬츠,,,,,,,,,,,,와이드핏,,무지,,
fashionpedia_seed/images/e7bd5aa16c1acc64616bf60ea3aa0c36.jpg,val,195.0,374.0,486.0,479.0,티셔츠,,,,,긴팔,기본 소매,기본 기장,,터틀넥,,여유핏,,,무지,,
fashionpedia_seed/images/c8183194c22ace7c7bbe6f224ea525bb.jpg,train,262.0,561.0,188.0,134.0,스커트,,,,,,,,쇼츠·미니 기장,,,,스트레이트핏,H라인,무지,,
fashionpedia_seed/images/c8183194c22ace7c7bbe6f224ea525bb.jpg,train,205.0,275.0,320.0,366.0,티셔츠,,,,,긴팔,,기본 기장,,보트넥,,여유핏,,,무지,,
fashionpedia_seed/images/8afcffb4c50974318288681ea6c1b5a8.jpg,train,313.0,403.0,195.0,286.0,스커트,,,,,,,,무릎 기장,,,,스트레이트핏,H라인,,,지퍼
fashionpedia_seed/images/8afcffb4c50974318288681ea6c1b5a8.jpg,train,265.0,174.0,255.0,260.0,티셔츠,,,,,7부 소매,기본 소매,크롭 기장,,V넥,,레귤러핏,,,무지,,지퍼
fashionpedia_seed/images/5c02879d04dacef50fe83f81243788df.jpg,val,229.0,188.0,249.0,269.0,재킷,,,,,긴팔,기본 소매,크롭 기장,,,,슬림핏,,,무지,,단추
fashionpedia_seed/images/5c02879d04dacef50fe83f81243788df.jpg,val,222.0,184.0,253.0,254.0,셔츠,,,,,긴팔,기본 소매,기본 기장,,,셔츠 칼라,슬림핏,,,무지,,단추|포켓
fashionpedia_seed/images/5c02879d04dacef50fe83f81243788df.jpg,val,295.0,421.0,162.0,401.0,청바지,,,,,,,,롱·긴바지 기장,,,,스트레이트핏,H라인,무지,데님,
fashionpedia_seed/images/4f23f05daee3cbdd96295f84825e3581.jpg,val,272.0,181.0,158.0,663.0,점프수트,,,,,,,,미디·7부 기장,,셔츠 칼라,레귤러핏,,,무지,,단추
fashionpedia_seed/images/4f23f05daee3cbdd96295f84825e3581.jpg,val,218.0,187.0,316.0,447.0,코트,,,,,긴팔,,,,,,레귤러핏,,,무지,,단추|포켓
fashionpedia_seed/images/637d4e5120ce4f3860de94d9727abc30.jpg,train,162.0,305.0,440.0,710.0,원피스,,,,,7부 소매,벨 소매,,쇼츠·미니 기장,라운드넥,,,,,무지,,단추|벨트
fashionpedia_seed/images/38f9af46bc5456b86585c68acbb089d3.jpg,train,168.0,270.0,271.0,622.0,원피스,,,,,,,,쇼츠·미니 기장,보트넥,,,,,,,지퍼
fashionpedia_seed/images/c0e92f68b8ce834a9929e537d5f8228c.jpg,train,329.0,248.0,163.0,376.0,원피스,,,,,,,,쇼츠·미니 기장,V넥,,,,,무지,,
fashionpedia_seed/images/236d3495722c76ba66121bdd9dc92d37.jpg,train,310.0,236.0,92.0,212.0,탑,,,,,,,크롭 기장,,,,레귤러핏,,,무지,,
fashionpedia_seed/images/236d3495722c76ba66121bdd9dc92d37.jpg,train,268.0,437.0,201.0,450.0,팬츠,,,,,,,,롱·긴바지 기장,,,,,,무지,,
fashionpedia_seed/images/6cbdfad69032913bb177428379ed137e.jpg,train,245.0,422.0,313.0,601.0,원피스,,,,,,,,,,,,,,무지,,지퍼|벨트
fashionpedia_seed/images/c658c6a2698fc988c5e25000814cb2b0.jpg,train,310.0,396.0,172.0,222.0,탑,,,,,,,크롭 기장,,,,슬림핏,,,무지,,
fashionpedia_seed/images/c71725f6c3b33f109c76c4d356efb90b.jpg,train,306.0,388.0,241.0,270.0,티셔츠,,,,,반팔,캡 소매,크롭 기장,,라운드넥,,슬림핏,,,무지,,
fashionpedia_seed/images/1a2e249b43d0234652e1e1afe9fcef61.jpg,train,65.0,226.0,409.0,435.0,원피스,,,,,,,,쇼츠·미니 기장,,,,,,무지|애니멀,,
fashionpedia_seed/images/e96499ab161b277c35c4db8bb820f070.jpg,train,244.0,496.0,190.0,136.0,쇼츠,,,,,,,,쇼츠·미니 기장,,,,,,무지,,
fashionpedia_seed/images/e96499ab161b277c35c4db8bb820f070.jpg,train,214.0,217.0,263.0,313.0,티셔츠,,,,,긴팔,벌룬 소매,크롭 기장,,,,레귤러핏,,,,,
fashionpedia_seed/images/00a1940434d687a785be0acf2b0fbff3.jpg,train,239.0,417.0,189.0,313.0,스커트,,,,,,,,무릎 기장,,,,,,무지,,
fashionpedia_seed/images/00a1940434d687a785be0acf2b0fbff3.jpg,train,184.0,174.0,278.0,339.0,블레이저,,,,,7부 소매,기본 소매,크롭 기장,,,라펠 칼라,레귤러핏,,,스트라이프,,단추|포켓
fashionpedia_seed/images/065fd62a332e15121c5f8713a5bc6bbc.jpg,train,531.0,199.0,112.0,145.0,티셔츠,,,,,,,크롭 기장,,오프숄더,,레귤러핏,,,무지,,
fashionpedia_seed/images/065fd62a332e15121c5f8713a5bc6bbc.jpg,train,605.0,341.0,52.0,103.0,쇼츠,,,,,,,,쇼츠·미니 기장,,,,,,,,
fashionpedia_seed/images/065fd62a332e15121c5f8713a5bc6bbc.jpg,train,486.0,32.0,247.0,434.0,가디건,,,,,긴팔,기본 소매,,,,,여유핏,,,스트라이프,니트,포켓
fashionpedia_seed/images/fa6fe8a772afec21850eaf4cf5fc72fd.jpg,train,204.0,192.0,214.0,247.0,셔츠,,,,,반팔,캡 소매,크롭 기장,,,스탠드 칼라,여유핏,,,무지,,단추
fashionpedia_seed/images/fa6fe8a772afec21850eaf4cf5fc72fd.jpg,train,231.0,412.0,187.0,119.0,쇼츠,,,,,,,,쇼츠·미니 기장,,,,,,무지,,포켓
fashionpedia_seed/images/99182c4ad8ec61c657126e02fb09524b.jpg,train,225.0,195.0,161.0,410.0,원피스,,,,,,,,무릎 기장,홀터넥,,,,,무지,,지퍼
fashionpedia_seed/images/99182c4ad8ec61c657126e02fb09524b.jpg,train,183.0,203.0,238.0,437.0,코트,,,,,,,,,,,레귤러핏,,,,,
fashionpedia_seed/images/46c1433283e5cfba916f741bc681b99b.jpg,train,0.0,137.0,667.0,654.0,셔츠,,,,,긴팔,기본 소매,크롭 기장,,,셔츠 칼라,슬림핏,,,무지,,단추
fashionpedia_seed/images/004e9e21cd1aca568a8ffc77a54638ce.jpg,train,171.0,384.0,250.0,441.0,팬츠,,,,,,,,미디·7부 기장,,,,와이드핏,,무지,,플리츠|지퍼
fashionpedia_seed/images/004e9e21cd1aca568a8ffc77a54638ce.jpg,train,175.0,147.0,308.0,357.0,셔츠,,,,,긴팔,벌룬 소매,크롭 기장,,,,여유핏,,,무지,,플리츠|단추
fashionpedia_seed/images/7064070549ca197a6bbf5be963dd3550.jpg,train,266.0,394.0,274.0,438.0,원피스,,,,,,,,쇼츠·미니 기장,,,,,,무지,,
fashionpedia_seed/images/c7a789f6eaa33502f0d3d17a69c07732.jpg,train,268.0,318.0,232.0,645.0,원피스,,,,,,,,롱·긴바지 기장,,,,,,무지,,벨트
fashionpedia_seed/images/30f78c0b40e3a0cdcd7274a7af53f2ce.jpg,train,175.0,223.0,285.0,292.0,탑,,,,,긴팔,기본 소매,크롭 기장,,,,레귤러핏,,,,,
fashionpedia_seed/images/30f78c0b40e3a0cdcd7274a7af53f2ce.jpg,train,203.0,451.0,173.0,419.0,스커트,,,,,,,,롱·긴바지 기장,,,,,,,,
fashionpedia_seed/images/ac453fbad1af6923ae38db5e33512e2b.jpg,train,333.0,245.0,249.0,339.0,티셔츠,,,,,반팔,기본 소매,크롭 기장,,라운드넥,,레귤러핏,,,무지,,
fashionpedia_seed/images/d56bf67bd74cb0f2128007818675a465.jpg,train,272.0,218.0,187.0,215.0,탑,,,,,,,크롭 기장,,라운드넥,,레귤러핏,,,플로럴,,
fashionpedia_seed/images/d56bf67bd74cb0f2128007818675a465.jpg,train,259.0,419.0,187.0,138.0,쇼츠,,,,,,,,쇼츠·미니 기장,,,,,,무지,,
fashionpedia_seed/images/5a45019f91a09b34caad0730b77f281d.jpg,train,508.0,204.0,248.0,299.0,재킷,,,,,긴팔,기본 소매,크롭 기장,,,라펠 칼라,레귤러핏,,,무지,,지퍼
fashionpedia_seed/images/5a45019f91a09b34caad0730b77f281d.jpg,train,512.0,171.0,201.0,323.0,티셔츠,,,,,긴팔,,크롭 기장,,터틀넥,,레귤러핏,,,무지,,지퍼
fashionpedia_seed/images/5a45019f91a09b34caad0730b77f281d.jpg,train,545.0,467.0,187.0,462.0,청바지,,,,,,,,롱·긴바지 기장,,,,슬림핏,,무지,데님,
fashionpedia_seed/images/265a6f3aee35666b2f62752c49f6dd63.jpg,val,236.0,274.0,254.0,359.0,셔츠,,,,,,,,,,셔츠 칼라,슬림핏,,,플로럴,,단추
fashionpedia_seed/images/265a6f3aee35666b2f62752c49f6dd63.jpg,val,260.0,608.0,232.0,68.0,팬츠,,,,,,,,,,,,슬림핏,,무지,,단추|벨트
fashionpedia_seed/images/265a6f3aee35666b2f62752c49f6dd63.jpg,val,233.0,637.0,313.0,386.0,팬츠,,,,,,,,,,,,슬림핏,,무지,,단추|포켓
fashionpedia_seed/images/aaf6934258f226a68996b5922fa3f038.jpg,val,211.0,379.0,250.0,497.0,원피스,,,,,반팔,캡 소매,,롱·긴바지 기장,V넥,,,,H라인,무지,,지퍼
fashionpedia_seed/images/efd0bee7ed5502dcf4e482ddd63c7042.jpg,train,219.0,447.0,246.0,214.0,쇼츠,,,,,,,,쇼츠·미니 기장,,,,,,무지,,포켓
fashionpedia_seed/images/efd0bee7ed5502dcf4e482ddd63c7042.jpg,train,249.0,170.0,227.0,316.0,베스트,,,,,,,크롭 기장,,,라펠 칼라,슬림핏,,,무지,,단추|벨트
fashionpedia_seed/images/bdf1b7cd23faf554bec077e59312de2e.jpg,train,231.0,505.0,164.0,361.0,팬츠,,,,,,,,롱·긴바지 기장,,,,슬림핏,,무지,,
fashionpedia_seed/images/bdf1b7cd23faf554bec077e59312de2e.jpg,train,231.0,303.0,171.0,241.0,원피스,,,,,,,,쇼츠·미니 기장,,,,,H라인,무지,,지퍼|벨트
fashionpedia_seed/images/f5473bcc572a3e98faefd27b1a4ab688.jpg,val,241.0,252.0,187.0,389.0,원피스,,,,,,,,쇼츠·미니 기장,스퀘어넥,,,,A라인,,,지퍼
fashionpedia_seed/images/6c5f2d5942192613d0e6e6340859e326.jpg,train,239.0,427.0,185.0,452.0,청바지,,,,,,,,롱·긴바지 기장,,,,슬림핏,,무지,데님,
fashionpedia_seed/images/6c5f2d5942192613d0e6e6340859e326.jpg,train,253.0,262.0,127.0,171.0,탑,,,,,,,,,,,슬림핏,,,무지,,
fashionpedia_seed/images/6c5f2d5942192613d0e6e6340859e326.jpg,train,207.0,217.0,249.0,291.0,블레이저,,,,,긴팔,기본 소매,크롭 기장,,,라펠 칼라,레귤러핏,,,체크,,단추|벨트
fashionpedia_seed/images/17952d2e204c49ddd4fcd63eef60480c.jpg,train,232.0,208.0,188.0,686.0,점프수트,,,,,,,,롱·긴바지 기장,,,레귤러핏,,,무지,,
fashionpedia_seed/images/17952d2e204c49ddd4fcd63eef60480c.jpg,train,196.0,195.0,278.0,347.0,블레이저,,,,,긴팔,기본 소매,크롭 기장,,V넥,라펠 칼라,레귤러핏,,,,,단추
fashionpedia_seed/images/bd4c2ae0478c2162033a02216e394604.jpg,val,377.0,587.0,361.0,435.0,팬츠,,,,,,,,,,,,슬림핏,,무지,,
fashionpedia_seed/images/bd4c2ae0478c2162033a02216e394604.jpg,val,347.0,211.0,181.0,382.0,셔츠,,,,,,,기본 기장,,,셔츠 칼라,레귤러핏,,,무지,,단추|리본
fashionpedia_seed/images/bd4c2ae0478c2162033a02216e394604.jpg,val,286.0,212.0,324.0,474.0,블레이저,,,,,긴팔,기본 소매,기본 기장,,,라펠 칼라,슬림핏,,,무지,가죽|스웨이드,
fashionpedia_seed/images/68d6747a3e74f059dddb6d75f624f21c.jpg,train,191.0,221.0,179.0,406.0,원피스,,,,,반팔,기본 소매,,무릎 기장,,,,,,무지,,지퍼|리본
fashionpedia_seed/images/ae214103040109df9e86f748c287472e.jpg,train,594.0,249.0,318.0,432.0,원피스,,,,,,,,,V넥,,,,,무지,,지퍼
fashionpedia_seed/images/2dfddd4c026c5dfbcf2556557e6290cc.jpg,train,225.0,672.0,265.0,351.0,청바지,,,,,,,,,,,,슬림핏,,,데님,
fashionpedia_seed/images/2dfddd4c026c5dfbcf2556557e6290cc.jpg,train,121.0,299.0,416.0,468.0,재킷,,,,,긴팔,기본 소매,크롭 기장,,,라펠 칼라,레귤러핏,,,무지,,지퍼|포켓
fashionpedia_seed/images/520460a9bf6b8159ae2f7dea934ce10e.jpg,train,212.0,401.0,469.0,621.0,원피스,,,,,,,,,,,,,,무지|플로럴,,지퍼
fashionpedia_seed/images/05df29d770955d6fe8d7873982aba082.jpg,train,236.0,520.0,151.0,355.0,팬츠,,,,,,,,롱·긴바지 기장,,,,슬림핏,,무지,,지퍼
fashionpedia_seed/images/05df29d770955d6fe8d7873982aba082.jpg,train,175.0,287.0,270.0,297.0,블레이저,,,,,긴팔,기본 소매,크롭 기장,,,라펠 칼라,레귤러핏,,,무지,,단추|포켓
fashionpedia_seed/images/2cf2e1a28edab787da3816136528c1aa.jpg,train,316.0,385.0,83.0,477.0,원피스,,,,,,,,쇼츠·미니 기장,,,,,,무지,,지퍼
fashionpedia_seed/images/2cf2e1a28edab787da3816136528c1aa.jpg,train,192.0,251.0,401.0,720.0,코트,,,,,긴팔,기본 소매,,,,스탠드 칼라,슬림핏,,,무지,,단추|포켓
fashionpedia_seed/images/58dab92d28967d705851b30cae50faa0.jpg,train,97.0,414.0,360.0,408.0,원피스,,,,,,,,미디·7부 기장,,,,,,무지,,플리츠|지퍼
fashionpedia_seed/images/fffea54b50ac7e4bf24688c8614a5f27.jpg,val,214.0,225.0,253.0,567.0,원피스,,,,,반팔,퍼프 소매,,무릎 기장,,,,,X라인,플로럴,,지퍼
fashionpedia_seed/images/ae82b7aaa8bd597b58f068fe184616f5.jpg,train,347.0,288.0,236.0,217.0,스커트,,,,,,,,롱·긴바지 기장,,,,,,무지,,
fashionpedia_seed/images/ae82b7aaa8bd597b58f068fe184616f5.jpg,train,426.0,223.0,82.0,73.0,탑,,,,,,,크롭 기장,,,,슬림핏,,,무지,,
fashionpedia_seed/images/ebe0b32ae754c3f79cc6f7d35498a5ad.jpg,train,210.0,221.0,260.0,504.0,원피스,,,,,긴팔,기본 소매,,무릎 기장,,,,,,,,지퍼
fashionpedia_seed/images/a4f8de55929c1ccdfa38c3091f9ea800.jpg,train,683.0,208.0,238.0,192.0,티셔츠,,,,,긴팔,기본 소매,크롭 기장,,,,,,,무지,,
fashionpedia_seed/images/a4f8de55929c1ccdfa38c3091f9ea800.jpg,train,732.0,227.0,181.0,334.0,청바지,,,,,,,,롱·긴바지 기장,,,,스트레이트핏,H라인,무지,데님,
fashionpedia_seed/images/97d77f8581dbbd6534ffd92e382b0700.jpg,train,84.0,267.0,549.0,374.0,셔츠,,,,,긴팔,기본 소매,,,라운드넥,셔츠 칼라,여유핏,,,도트|그래픽|체크|스트라이프,,단추
fashionpedia_seed/images/97d77f8581dbbd6534ffd92e382b0700.jpg,train,362.0,290.0,36.0,46.0,티셔츠,,,,,,,,,,,레귤러핏,,,무지,,
fashionpedia_seed/images/97d77f8581dbbd6534ffd92e382b0700.jpg,train,292.0,612.0,196.0,351.0,청바지,,,,,,,,롱·긴바지 기장,,,,,,무지,데님,
fashionpedia_seed/images/0ff1ad48b959df32af38f42cef26d361.jpg,train,210.0,369.0,252.0,250.0,스커트,,,,,,,,쇼츠·미니 기장,,,,플레어핏,,무지,,벨트
fashionpedia_seed/images/0ff1ad48b959df32af38f42cef26d361.jpg,train,198.0,223.0,277.0,316.0,티셔츠,,,,,긴팔,기본 소매,크롭 기장,,,,슬림핏,,,플로럴,,
fashionpedia_seed/images/2c93c741cc5e4e4fce6f7a7b0d46064e.jpg,train,187.0,211.0,280.0,456.0,원피스,,,,,,기본 소매,,쇼츠·미니 기장,라운드넥,,,,,무지,,지퍼
fashionpedia_seed/images/f94473431eecc5ca5f6434ee413fc2d0.jpg,val,236.0,325.0,191.0,235.0,재킷,,,,,긴팔,퍼프 소매,크롭 기장,,,,슬림핏,,비대칭,무지,,
fashionpedia_seed/images/f94473431eecc5ca5f6434ee413fc2d0.jpg,val,318.0,308.0,64.0,103.0,티셔츠,,,,,,,,,터틀넥,,슬림핏,,,무지,,
fashionpedia_seed/images/f94473431eecc5ca5f6434ee413fc2d0.jpg,val,190.0,485.0,224.0,325.0,팬츠,,,,,,,,롱·긴바지 기장,,,,,,무지,,지퍼|플리츠
fashionpedia_seed/images/f831ad98a4c687240c49c94830b92837.jpg,train,139.0,307.0,332.0,715.0,원피스,,,,,,,,롱·긴바지 기장,,,,,H라인,,,지퍼
fashionpedia_seed/images/7642e0c82d9c6230883fa6378932c869.jpg,train,66.0,260.0,373.0,718.0,원피스,,,,,,,,롱·긴바지 기장,,,,,,스트라이프,,지퍼
fashionpedia_seed/images/d451b646b79628026a369c045ed54462.jpg,val,223.0,197.0,248.0,313.0,재킷,,,,,긴팔,기본 소매,크롭 기장,,,,레귤러핏,,,무지,,지퍼|포켓
fashionpedia_seed/images/d451b646b79628026a369c045ed54462.jpg,val,246.0,409.0,185.0,467.0,팬츠,,,,,,,,롱·긴바지 기장,,,,,,무지,,
fashionpedia_seed/images/8075d3afc3d574f8cfd7c5400417d9fc.jpg,train,307.0,293.0,434.0,388.0,티셔츠,,,,,반팔,기본 소매,,,라운드넥,,레귤러핏,,,무지,,
fashionpedia_seed/images/8f378da3d84b17ec5740d5531f38f089.jpg,train,344.0,334.0,134.0,340.0,원피스,,,,,반팔,기본 소매,,쇼츠·미니 기장,터틀넥,,,,A라인,무지,,지퍼|리본
fashionpedia_seed/images/6beae9033a9244991b99ac04347ba917.jpg,train,55.0,150.0,180.0,326.0,탑,,,,,반팔,캡 소매,크롭 기장,,V넥,,슬림핏,,,무지,,
fashionpedia_seed/images/6beae9033a9244991b99ac04347ba917.jpg,train,42.0,438.0,187.0,129.0,쇼츠,,,,,,,,쇼츠·미니 기장,,,,,,체크,,포켓
fashionpedia_seed/images/386af7262a1ec8cf29374bbdba381018.jpg,train,133.0,502.0,451.0,322.0,팬츠,,,,,,,,롱·긴바지 기장,,,,,,무지,,
fashionpedia_seed/images/386af7262a1ec8cf29374bbdba381018.jpg,train,402.0,393.0,126.0,134.0,탑,,,,,,,크롭 기장,,,,슬림핏,,,무지,,
fashionpedia_seed/images/914d8db66c7d852b32df43fedfe1ed58.jpg,train,0.0,422.0,681.0,484.0,팬츠,,,,,,,,롱·긴바지 기장,,,,스트레이트핏,H라인,무지,,
fashionpedia_seed/images/914d8db66c7d852b32df43fedfe1ed58.jpg,train,109.0,141.0,507.0,514.0,셔츠,,,,,긴팔,벨 소매,,,,셔츠 칼라,레귤러핏,,,무지,,단추|포켓
fashionpedia_seed/images/110884e327a094ad86358ece522dddff.jpg,train,197.0,465.0,151.0,103.0,스커트,,,,,,,,쇼츠·미니 기장,,,,,,무지,,지퍼
fashionpedia_seed/images/110884e327a094ad86358ece522dddff.jpg,train,146.0,216.0,292.0,455.0,탑,,,,,,벨 소매,기본 기장,,보트넥,,오버핏,,비대칭,플로럴,,
fashionpedia_seed/images/6a0d484572ffd11cc5ea627df2c82b94.jpg,train,230.0,257.0,215.0,357.0,원피스,,,,,7부 소매,기본 소매,,쇼츠·미니 기장,보트넥,,,,A라인,무지,,지퍼
fashionpedia_seed/images/6a0d484572ffd11cc5ea627df2c82b94.jpg,train,281.0,585.0,107.0,264.0,팬츠,,,,,,,,롱·긴바지 기장,,,,,,플로럴,,
fashionpedia_seed/images/dae66883f57f31d10cc286784a042c35.jpg,train,240.0,239.0,171.0,473.0,원피스,,,,,,,,무릎 기장,라운드넥,,,,,무지,,지퍼
fashionpedia_seed/images/9c09e13e8d3b85d10cbdf08277af395e.jpg,train,203.0,228.0,275.0,539.0,탑,,,,,,,기본 기장,,,,슬림핏,,,플로럴,,
fashionpedia_seed/images/e2da13e8901b9733a8af384bf519762c.jpg,train,261.0,356.0,170.0,180.0,청바지,,,,,,,,롱·긴바지 기장,,,,스트레이트핏,H라인,무지,데님,포켓
fashionpedia_seed/images/e2da13e8901b9733a8af384bf519762c.jpg,train,260.0,262.0,138.0,115.0,셔츠,,,,,긴팔,기본 소매,,,,,,,,무지,,후드
fashionpedia_seed/images/c085fb2b093eeb52041884c9ea51cc65.jpg,train,235.0,600.0,199.0,205.0,탑,,,,,,,크롭 기장,,,,슬림핏,,,무지,,
fashionpedia_seed/images/c085fb2b093eeb52041884c9ea51cc65.jpg,train,137.0,744.0,330.0,278.0,스커트,,,,,,,,쇼츠·미니 기장,,,,,,무지,,플리츠
fashionpedia_seed/images/33cfdcbd48019b09e36a78c428bbae1d.jpg,train,234.0,194.0,295.0,309.0,셔츠,,,,,긴팔,기본 소매,,,,셔츠 칼라,레귤러핏,,,체크,,단추|포켓
fashionpedia_seed/images/33cfdcbd48019b09e36a78c428bbae1d.jpg,train,270.0,490.0,221.0,463.0,청바지,,,,,,,,롱·긴바지 기장,,,,스트레이트핏,H라인,무지,데님,포켓|벨트
fashionpedia_seed/images/cd49344a73f9e61527b4ef120e1ddfd0.jpg,train,35.0,285.0,352.0,517.0,원피스,,,,,,,,쇼츠·미니 기장,,,,,,무지,,플리츠
fashionpedia_seed/images/caa7c7b751d4acf2ef5a8aaf1896d3f0.jpg,train,238.0,357.0,263.0,403.0,베스트,,,,,,,,,V넥,,레귤러핏,,,무지,,
fashionpedia_seed/images/caa7c7b751d4acf2ef5a8aaf1896d3f0.jpg,train,337.0,532.0,36.0,54.0,스커트,,,,,,,,쇼츠·미니 기장,,,,,,무지,가죽|스웨이드,
fashionpedia_seed/images/75850809cabb412eb28ff5b9c732cc5e.jpg,train,290.0,531.0,140.0,354.0,청바지,,,,,,,,롱·긴바지 기장,,,,스트레이트핏,H라인,무지,데님,
fashionpedia_seed/images/75850809cabb412eb28ff5b9c732cc5e.jpg,train,178.0,403.0,145.0,298.0,코트,,,,,,,,,,,,,,무지,,
fashionpedia_seed/images/75850809cabb412eb28ff5b9c732cc5e.jpg,train,246.0,277.0,203.0,262.0,티셔츠,,,,,긴팔,기본 소매,크롭 기장,,라운드넥,,여유핏,,,스트라이프,,
fashionpedia_seed/images/de8af016793ce1f2170e1ae785ed78ee.jpg,val,442.0,119.0,299.0,371.0,재킷,,,,,7부 소매,기본 소매,크롭 기장,,,라펠 칼라,레귤러핏,,,무지,,단추
fashionpedia_seed/images/de8af016793ce1f2170e1ae785ed78ee.jpg,val,492.0,220.0,190.0,281.0,탑,,,,,,,크롭 기장,,라운드넥,,레귤러핏,,,무지,,포켓
fashionpedia_seed/images/de8af016793ce1f2170e1ae785ed78ee.jpg,val,464.0,448.0,227.0,524.0,청바지,,,,,,,,롱·긴바지 기장,,,,,,무지,데님,
fashionpedia_seed/images/77c90295a0c61308fbd2a3620f2b4a09.jpg,train,515.0,474.0,108.0,87.0,스커트,,,,,,,,쇼츠·미니 기장,,,,,A라인,무지,,포켓
fashionpedia_seed/images/77c90295a0c61308fbd2a3620f2b4a09.jpg,train,419.0,238.0,277.0,254.0,재킷,,,,,긴팔,기본 소매,크롭 기장,,,,레귤러핏,,,무지,,지퍼|후드
fashionpedia_seed/images/2bb3700b00be0b5dc63b73da24501546.jpg,train,382.0,293.0,129.0,338.0,탑,,,,,,,크롭 기장,,,셔츠 칼라,레귤러핏,,,,,
fashionpedia_seed/images/2bb3700b00be0b5dc63b73da24501546.jpg,train,255.0,266.0,256.0,536.0,코트,,,,,긴팔,기본 소매,,,,라펠 칼라,레귤러핏,,,스트라이프,,
fashionpedia_seed/images/2bb3700b00be0b5dc63b73da24501546.jpg,train,322.0,612.0,292.0,410.0,팬츠,,,,,,,,,,,,슬림핏,,무지,,
fashionpedia_seed/images/1f266a1dea53781e622b71a69496ee72.jpg,train,473.0,250.0,88.0,191.0,원피스,,,,,반팔,기본 소매,,미디·7부 기장,,,,,X라인,,,지퍼|리본|벨트
fashionpedia_seed/images/05df3749007ec999df0176b9db7c23e3.jpg,train,285.0,316.0,213.0,503.0,원피스,,,,,,,,미디·7부 기장,라운드넥,,,,A라인,무지,,지퍼
fashionpedia_seed/images/b18b32f6c5a2e6d494257521e752524e.jpg,train,238.0,245.0,179.0,276.0,탑,,,,,,,크롭 기장,,,,슬림핏,,,무지,,
fashionpedia_seed/images/b18b32f6c5a2e6d494257521e752524e.jpg,train,241.0,505.0,176.0,71.0,쇼츠,,,,,,,,쇼츠·미니 기장,,,,,,무지,,
fashionpedia_seed/images/de200aec795d128d7f09ac8e80368058.jpg,val,371.0,426.0,291.0,362.0,원피스,,,,,,,,쇼츠·미니 기장,,,,,,무지,,
fashionpedia_seed/images/06cbcf9a70a67f6f02990ab060e3bf16.jpg,train,120.0,569.0,373.0,368.0,쇼츠,,,,,,,,쇼츠·미니 기장,,,,,,무지,,포켓
fashionpedia_seed/images/06cbcf9a70a67f6f02990ab060e3bf16.jpg,train,215.0,218.0,272.0,417.0,셔츠,,,,,,,,,,피터팬 칼라,슬림핏,,,무지,,단추
fashionpedia_seed/images/3f18271f3f7d101e2f9a27b0b12b034b.jpg,train,167.0,459.0,223.0,458.0,팬츠,,,,,,,,롱·긴바지 기장,,,,슬림핏,,무지,,벨트
fashionpedia_seed/images/3f18271f3f7d101e2f9a27b0b12b034b.jpg,train,209.0,175.0,191.0,295.0,베스트,,,,,,,크롭 기장,,보트넥,,슬림핏,,,무지,,
fashionpedia_seed/images/9c2944165b3d4390a3aa62dc0a07fe7e.jpg,val,381.0,177.0,159.0,265.0,탑,,,,,,,,,,,레귤러핏,,,무지,,
fashionpedia_seed/images/9c2944165b3d4390a3aa62dc0a07fe7e.jpg,val,375.0,389.0,173.0,165.0,쇼츠,,,,,,,,쇼츠·미니 기장,,,,,,무지,,포켓|벨트
fashionpedia_seed/images/efbbe5ebcc3c3ab9c8cea01fbeefded5.jpg,train,282.0,530.0,147.0,361.0,팬츠,,,,,,,,롱·긴바지 기장,,,,스트레이트핏,H라인,무지,,
fashionpedia_seed/images/efbbe5ebcc3c3ab9c8cea01fbeefded5.jpg,train,269.0,248.0,173.0,341.0,원피스,,,,,,,,쇼츠·미니 기장,,,,,A라인,무지,니트,지퍼|벨트
fashionpedia_seed/images/efbbe5ebcc3c3ab9c8cea01fbeefded5.jpg,train,222.0,196.0,254.0,347.0,블레이저,,,,,긴팔,기본 소매,크롭 기장,,,라펠 칼라,슬림핏,,비대칭,무지,,단추
fashionpedia_seed/images/0b915f1e29a2e2dacf96aacd3cb6a3cc.jpg,train,360.0,519.0,210.0,163.0,청바지,,,,,,,,,,,,슬림핏,,무지,데님,포켓
fashionpedia_seed/images/0b915f1e29a2e2dacf96aacd3cb6a3cc.jpg,train,367.0,218.0,198.0,320.0,탑,,,,,,,크롭 기장,,,,슬림핏,,,무지,,
fashionpedia_seed/images/4d3fd642c9d08290f6262759a51d252f.jpg,train,255.0,479.0,183.0,447.0,청바지,,,,,,,,롱·긴바지 기장,,,,슬림핏,,무지,데님,포켓
fashionpedia_seed/images/4d3fd642c9d08290f6262759a51d252f.jpg,train,175.0,212.0,322.0,291.0,재킷,,,,,긴팔,기본 소매,크롭 기장,,,라펠 칼라,레귤러핏,,,무지,,지퍼|벨트
fashionpedia_seed/images/4d3fd642c9d08290f6262759a51d252f.jpg,train,253.0,373.0,194.0,141.0,티셔츠,,,,,,,크롭 기장,,,,레귤러핏,,,무지,,벨트
fashionpedia_seed/images/0d25b761d9b146cfa820b2a7364b5bf7.jpg,train,296.0,42.0,484.0,639.0,코트,,,,,긴팔,기본 소매,,,,,슬림핏,,,무지,,단추|포켓
fashionpedia_seed/images/0d25b761d9b146cfa820b2a7364b5bf7.jpg,train,325.0,153.0,293.0,266.0,니트,,,,,긴팔,,,,,,,,,무지,니트,벨트
fashionpedia_seed/images/0d25b761d9b146cfa820b2a7364b5bf7.jpg,train,507.0,509.0,107.0,172.0,청바지,,,,,,,,,,,,스트레이트핏,H라인,무지,데님,
fashionpedia_seed/images/56e5e99c58d6d12337e92e6a73f3c8d5.jpg,train,126.0,271.0,417.0,392.0,셔츠,,,,,긴팔,기본 소매,기본 기장,,,,레귤러핏,,,플로럴,,단추|포켓
fashionpedia_seed/images/56e5e99c58d6d12337e92e6a73f3c8d5.jpg,train,149.0,306.0,402.0,431.0,베스트,,,,,,,크롭 기장,,,,레귤러핏,,,무지,,단추
fashionpedia_seed/images/56e5e99c58d6d12337e92e6a73f3c8d5.jpg,train,214.0,263.0,316.0,421.0,베스트,,,,,,,,,,셔츠 칼라,,,,무지,,단추|후드|지퍼
fashionpedia_seed/images/56e5e99c58d6d12337e92e6a73f3c8d5.jpg,train,152.0,616.0,396.0,407.0,팬츠,,,,,,,,,,,,스트레이트핏,H라인,무지,,
fashionpedia_seed/images/8ffb6a0c280839553fa4025f3135d178.jpg,train,245.0,675.0,252.0,348.0,청바지,,,,,,,,,,,,스트레이트핏,H라인,무지,데님,포켓
fashionpedia_seed/images/8ffb6a0c280839553fa4025f3135d178.jpg,train,67.0,252.0,529.0,574.0,블레이저,,,,,긴팔,기본 소매,크롭 기장,,,,레귤러핏,,,무지,,단추
fashionpedia_seed/images/8ffb6a0c280839553fa4025f3135d178.jpg,train,62.0,241.0,532.0,542.0,셔츠,,,,,긴팔,기본 소매,,,,셔츠 칼라,슬림핏,,,무지,,단추|포켓|벨트
fashionpedia_seed/images/3c9745ee71fdc72c43f9baec5f9e27f0.jpg,train,248.0,381.0,189.0,185.0,스커트,,,,,,,,쇼츠·미니 기장,,,,,,무지,,지퍼
fashionpedia_seed/images/3c9745ee71fdc72c43f9baec5f9e27f0.jpg,train,254.0,539.0,171.0,332.0,팬츠,,,,,,,,롱·긴바지 기장,,,,슬림핏,,무지,,
fashionpedia_seed/images/3c9745ee71fdc72c43f9baec5f9e27f0.jpg,train,216.0,180.0,259.0,350.0,블레이저,,,,,긴팔,기본 소매,크롭 기장,,,,레귤러핏,,,무지,,
fashionpedia_seed/images/3c9745ee71fdc72c43f9baec5f9e27f0.jpg,train,320.0,274.0,72.0,116.0,탑,,,,,,,크롭 기장,,,,슬림핏,,,무지,,
fashionpedia_seed/images/347c5d77fb5cea10e3bb9d604b40e141.jpg,train,202.0,237.0,344.0,689.0,원피스,,,,,반팔,기본 소매,,롱·긴바지 기장,보트넥,,,,H라인,플로럴,,지퍼|벨트
fashionpedia_seed/images/e5aa91641399166c638e174814a95238.jpg,train,217.0,237.0,248.0,441.0,원피스,,,,,반팔,캡 소매,,무릎 기장,V넥,,,,,,,지퍼
fashionpedia_seed/images/fdcd3232350a031d96aae02b069b7f88.jpg,train,118.0,233.0,261.0,590.0,원피스,,,,,,,,쇼츠·미니 기장,라운드넥,,,,,무지,,
fashionpedia_seed/images/24de14c8095366da2ad9da3d0f8f827c.jpg,train,314.0,163.0,131.0,270.0,원피스,,,,,,,,무릎 기장,,,,,,무지,,지퍼
fashionpedia_seed/images/433bb776098fe3e3dbf85874bb97e06f.jpg,train,239.0,287.0,189.0,351.0,원피스,,,,,,,,쇼츠·미니 기장,,,,,X라인,무지,,지퍼
fashionpedia_seed/images/0e5ecf98835cbd0dddd1b45c788005c3.jpg,train,130.0,625.0,317.0,221.0,쇼츠,,,,,,,,쇼츠·미니 기장,,,,,,무지,,포켓|벨트
fashionpedia_seed/images/0e5ecf98835cbd0dddd1b45c788005c3.jpg,train,150.0,350.0,215.0,339.0,탑,,,,,,,크롭 기장,,,,슬림핏,,,무지,,
fashionpedia_seed/images/4a218fbe91f6d17267cdbb255d4d8900.jpg,train,489.0,401.0,93.0,176.0,쇼츠,,,,,,,,쇼츠·미니 기장,,,,,,,,
fashionpedia_seed/images/4a218fbe91f6d17267cdbb255d4d8900.jpg,train,488.0,204.0,84.0,228.0,티셔츠,,,,,,,크롭 기장,,,,레귤러핏,,,무지,,
fashionpedia_seed/images/4a218fbe91f6d17267cdbb255d4d8900.jpg,train,379.0,185.0,213.0,456.0,코트,,,,,긴팔,기본 소매,,,,라펠 칼라,레귤러핏,,,무지,,지퍼|단추
fashionpedia_seed/images/706d1795327d056a2b9aac1428027966.jpg,val,337.0,308.0,188.0,651.0,원피스,,,,,,,,롱·긴바지 기장,,,,,,,니트,지퍼
fashionpedia_seed/images/2551e47761b4dec0095aa9d1529385e0.jpg,val,80.0,270.0,529.0,726.0,원피스,,,,,,,,롱·긴바지 기장,,,,,,무지,,지퍼
fashionpedia_seed/images/2551e47761b4dec0095aa9d1529385e0.jpg,val,187.0,172.0,223.0,175.0,재킷,,,,,,,크롭 기장,,,,레귤러핏,,,플로럴,,
fashionpedia_seed/images/5285f0cc22e6b24ebf7597921f1e792f.jpg,train,234.0,380.0,512.0,643.0,재킷,,,,,긴팔,기본 소매,크롭 기장,,,,레귤러핏,,,,,스팽글|지퍼|포켓
fashionpedia_seed/images/5285f0cc22e6b24ebf7597921f1e792f.jpg,train,404.0,705.0,223.0,318.0,탑,,,,,,,크롭 기장,,,,레귤러핏,,,무지,,
fashionpedia_seed/images/1d75b2b3f72f3e67b0231ddd8e6a961d.jpg,train,213.0,257.0,225.0,461.0,원피스,,,,,반팔,,,무릎 기장,보트넥,,,,H라인,무지,,
fashionpedia_seed/images/1f1e21e9d1206809d4f20ef5e6d2ddef.jpg,val,166.0,445.0,208.0,267.0,팬츠,,,,,,,,,,,,슬림핏,,무지,,
fashionpedia_seed/images/1f1e21e9d1206809d4f20ef5e6d2ddef.jpg,val,167.0,183.0,170.0,324.0,탑,,,,,,,,,,,레귤러핏,,,,,포켓
fashionpedia_seed/images/1f1e21e9d1206809d4f20ef5e6d2ddef.jpg,val,135.0,88.0,331.0,419.0,재킷,,,,,긴팔,기본 소매,크롭 기장,,,,레귤러핏,,,,,스팽글|지퍼|포켓
fashionpedia_seed/images/cdd27e07ef7ddf8d413bb13936241ac4.jpg,train,86.0,662.0,595.0,360.0,스커트,,,,,,,,,,,,,,,,
fashionpedia_seed/images/cdd27e07ef7ddf8d413bb13936241ac4.jpg,train,117.0,386.0,290.0,337.0,탑,,,,,,,크롭 기장,,,,슬림핏,,,무지,,
fashionpedia_seed/images/2cf13e48204a0e45bb0a58cf05b53c06.jpg,train,262.0,612.0,114.0,258.0,팬츠,,,,,,,,롱·긴바지 기장,,,,,,무지,,지퍼
fashionpedia_seed/images/2cf13e48204a0e45bb0a58cf05b53c06.jpg,train,233.0,387.0,224.0,261.0,재킷,,,,,긴팔,기본 소매,기본 기장,,,,레귤러핏,,,무지,,지퍼|포켓
fashionpedia_seed/images/2cf13e48204a0e45bb0a58cf05b53c06.jpg,train,257.0,372.0,121.0,273.0,티셔츠,,,,,,,기본 기장,,터틀넥,셔츠 칼라,여유핏,,,,,
fashionpedia_seed/images/24f1db5265b04819c05c271ffb22a0ef.jpg,train,60.0,496.0,391.0,527.0,재킷,,,,,긴팔,기본 소매,,,,라펠 칼라,레귤러핏,,,무지,,단추|포켓
fashionpedia_seed/images/24f1db5265b04819c05c271ffb22a0ef.jpg,train,231.0,479.0,81.0,131.0,티셔츠,,,,,,,,,터틀넥,,,,,무지,,
fashionpedia_seed/images/841690826ff84fb6ca2f6ed238a6be77.jpg,train,272.0,296.0,131.0,402.0,셔츠,,,,,,,크롭 기장,,,셔츠 칼라,슬림핏,,,무지,,단추
fashionpedia_seed/images/841690826ff84fb6ca2f6ed238a6be77.jpg,train,71.0,283.0,558.0,683.0,재킷,,,,,긴팔,,크롭 기장,,,셔츠 칼라,레귤러핏,,,무지,,단추|포켓
fashionpedia_seed/images/0c19eca5f90b66b915e2f6cbd421574f.jpg,train,5.0,147.0,467.0,798.0,원피스,,,,,긴팔,기본 소매,,롱·긴바지 기장,,,,,,무지|플로럴,,지퍼|벨트
fashionpedia_seed/images/941fb0eae1c264c3b18aa7161929a4d8.jpg,train,700.0,555.0,188.0,80.0,쇼츠,,,,,,,,쇼츠·미니 기장,,,,,,플로럴,,
fashionpedia_seed/images/941fb0eae1c264c3b18aa7161929a4d8.jpg,train,687.0,308.0,229.0,262.0,티셔츠,,,,,반팔,기본 소매,크롭 기장,,,,레귤러핏,,,무지,,
fashionpedia_seed/images/219e070fdf1a306f0f229db82cd46c5c.jpg,train,408.0,205.0,180.0,270.0,원피스,,,,,긴팔,기본 소매,,쇼츠·미니 기장,보트넥,,,,,그래픽,,프릴·러플
fashionpedia_seed/images/35eb7f5fb76a9ed5aec684be53761cff.jpg,train,429.0,357.0,127.0,209.0,팬츠,,,,,,,,롱·긴바지 기장,,,,스트레이트핏,H라인,무지,,포켓
fashionpedia_seed/images/35eb7f5fb76a9ed5aec684be53761cff.jpg,train,467.0,180.0,44.0,182.0,티셔츠,,,,,,,크롭 기장,,라운드넥,,레귤러핏,,,무지,,
fashionpedia_seed/images/35eb7f5fb76a9ed5aec684be53761cff.jpg,train,343.0,174.0,312.0,215.0,셔츠,,,,,긴팔,기본 소매,기본 기장,,,,레귤러핏,,,무지,,단추|포켓
fashionpedia_seed/images/81d5078514e93327f0ef0461be35faa6.jpg,train,338.0,411.0,196.0,443.0,팬츠,,,,,,,,롱·긴바지 기장,,,,,,무지,,플리츠
fashionpedia_seed/images/81d5078514e93327f0ef0461be35faa6.jpg,train,251.0,212.0,255.0,293.0,블레이저,,,,,긴팔,기본 소매,크롭 기장,,,라펠 칼라,레귤러핏,,,체크,,단추
fashionpedia_seed/images/81d5078514e93327f0ef0461be35faa6.jpg,train,337.0,230.0,119.0,228.0,티셔츠,,,,,,,크롭 기장,,라운드넥,,레귤러핏,,,무지,,
fashionpedia_seed/images/0bbb948a0876edce2827a164c6783fbe.jpg,val,293.0,490.0,147.0,199.0,스커트,,,,,,,,쇼츠·미니 기장,,,,,A라인,무지,,
fashionpedia_seed/images/0bbb948a0876edce2827a164c6783fbe.jpg,val,307.0,325.0,95.0,179.0,티셔츠,,,,,반팔,기본 소매,크롭 기장,,,,레귤러핏,,,,,리본
fashionpedia_seed/images/e16c97099cd36459890698e521dff229.jpg,train,279.0,228.0,227.0,427.0,원피스,,,,,반팔,기본 소매,,쇼츠·미니 기장,보트넥,,,,X라인,무지,,플리츠|지퍼
fashionpedia_seed/images/858395fd6b5e8111aaa523922c1d68fb.jpg,train,283.0,438.0,120.0,323.0,스커트,,,,,,,,무릎 기장,,,,,,무지,,
fashionpedia_seed/images/858395fd6b5e8111aaa523922c1d68fb.jpg,train,277.0,248.0,147.0,250.0,블레이저,,,,,긴팔,기본 소매,크롭 기장,,,,레귤러핏,,,무지,,
fashionpedia_seed/images/858395fd6b5e8111aaa523922c1d68fb.jpg,train,330.0,237.0,60.0,26.0,탑,,,,,,,,,,,,,,무지,,
fashionpedia_seed/images/26168da8556dab9641084df526c39ced.jpg,train,202.0,230.0,204.0,489.0,원피스,,,,,반팔,캡 소매,,쇼츠·미니 기장,라운드넥,,,,,무지,,지퍼|벨트
fashionpedia_seed/images/1e1550d9c7268ebd65e25e94e8b72575.jpg,train,291.0,269.0,387.0,412.0,티셔츠,,,,,7부 소매,기본 소매,크롭 기장,,라운드넥,,레귤러핏,,,스트라이프,,
fashionpedia_seed/images/faef680c9ba90bd6852e6bc759341896.jpg,val,203.0,590.0,268.0,433.0,스커트,,,,,,,,,,,,,,무지,,
fashionpedia_seed/images/faef680c9ba90bd6852e6bc759341896.jpg,val,184.0,337.0,273.0,429.0,코트,,,,,,,,,,라펠 칼라,레귤러핏,,비대칭,무지,,벨트
fashionpedia_seed/images/faef680c9ba90bd6852e6bc759341896.jpg,val,308.0,385.0,55.0,91.0,탑,,,,,,,크롭 기장,,보트넥,,슬림핏,,,무지,,
fashionpedia_seed/images/97798485ca538a03284d8dbaceab92c4.jpg,train,223.0,253.0,182.0,255.0,원피스,,,,,긴팔,기본 소매,,쇼츠·미니 기장,라운드넥,,,,X라인,무지,,지퍼|플리츠
fashionpedia_seed/images/5d7f5a1b4d12d8931d03c3e7e1060689.jpg,train,323.0,234.0,23.0,50.0,셔츠,,,,,,,,,,,,,,무지,,
fashionpedia_seed/images/5d7f5a1b4d12d8931d03c3e7e1060689.jpg,train,229.0,213.0,231.0,296.0,재킷,,,,,긴팔,기본 소매,크롭 기장,,,,레귤러핏,,,무지,,지퍼|포켓
fashionpedia_seed/images/5d7f5a1b4d12d8931d03c3e7e1060689.jpg,train,292.0,291.0,116.0,201.0,니트,,,,,,,기본 기장,,,,레귤러핏,,,무지,니트,
fashionpedia_seed/images/5d7f5a1b4d12d8931d03c3e7e1060689.jpg,train,283.0,462.0,153.0,320.0,팬츠,,,,,,,,롱·긴바지 기장,,,,,,무지,,포켓
fashionpedia_seed/images/311db0d6f5b7be84ac3c952a443ef981.jpg,train,353.0,367.0,157.0,511.0,팬츠,,,,,,,,롱·긴바지 기장,,,,와이드핏,,스트라이프,,
fashionpedia_seed/images/311db0d6f5b7be84ac3c952a443ef981.jpg,train,342.0,251.0,188.0,153.0,티셔츠,,,,,반팔,,크롭 기장,,,,레귤러핏,,,스트라이프,,
fashionpedia_seed/images/6f7e3162e9690967035c75bdbb9b0aea.jpg,train,282.0,294.0,109.0,92.0,쇼츠,,,,,,,,쇼츠·미니 기장,,,,,,플로럴,,포켓|벨트
fashionpedia_seed/images/6f7e3162e9690967035c75bdbb9b0aea.jpg,train,263.0,154.0,150.0,151.0,탑,,,,,반팔,,크롭 기장,,,,레귤러핏,,,플로럴,,
fashionpedia_seed/images/93689df6d05b8406fcf9083057344e3e.jpg,train,206.0,200.0,243.0,555.0,원피스,,,,,,,,미디·7부 기장,,,,,비대칭,체크,,지퍼
fashionpedia_seed/images/aa2b2c6923621af9d2ba884f02006cd6.jpg,train,725.0,426.0,250.0,343.0,재킷,,,,,긴팔,기본 소매,기본 기장,,,,레귤러핏,,,무지,,포켓|지퍼
fashionpedia_seed/images/aa2b2c6923621af9d2ba884f02006cd6.jpg,train,602.0,580.0,161.0,233.0,청바지,,,,,,,,롱·긴바지 기장,,,,슬림핏,,무지,데님,
fashionpedia_seed/images/c20cd495aea72107c49299e4f957ef2b.jpg,train,501.0,534.0,190.0,295.0,청바지,,,,,,,,롱·긴바지 기장,,,,스트레이트핏,H라인,무지,데님,
fashionpedia_seed/images/c20cd495aea72107c49299e4f957ef2b.jpg,train,544.0,350.0,128.0,201.0,탑,,,,,,,크롭 기장,,,,레귤러핏,,,무지,,
fashionpedia_seed/images/c20cd495aea72107c49299e4f957ef2b.jpg,train,508.0,264.0,233.0,276.0,재킷,,,,,긴팔,퍼프 소매,크롭 기장,,,라펠 칼라,여유핏,,,무지,,지퍼
fashionpedia_seed/images/6b6582dc900f463d0fc31a95c3fbeb49.jpg,train,312.0,546.0,153.0,298.0,청바지,,,,,,,,롱·긴바지 기장,,,,스트레이트핏,H라인,무지,데님,
fashionpedia_seed/images/6b6582dc900f463d0fc31a95c3fbeb49.jpg,train,313.0,347.0,108.0,204.0,티셔츠,,,,,,,크롭 기장,,,,레귤러핏,,,무지,,
fashionpedia_seed/images/6b6582dc900f463d0fc31a95c3fbeb49.jpg,train,277.0,311.0,214.0,271.0,블레이저,,,,,긴팔,기본 소매,크롭 기장,,,라펠 칼라,레귤러핏,,,무지,,단추|포켓
fashionpedia_seed/images/5e9318c2b27f4b6894a5f98f92845bd8.jpg,train,212.0,210.0,151.0,324.0,셔츠,,,,,긴팔,,,,,스탠드 칼라,레귤러핏,,,무지,,단추
fashionpedia_seed/images/5e9318c2b27f4b6894a5f98f92845bd8.jpg,train,242.0,552.0,183.0,353.0,팬츠,,,,,,,,롱·긴바지 기장,,,,스트레이트핏,H라인,무지,,
fashionpedia_seed/images/5e9318c2b27f4b6894a5f98f92845bd8.jpg,train,177.0,209.0,288.0,405.0,재킷,,,,,긴팔,기본 소매,기본 기장,,,라펠 칼라,레귤러핏,,,무지,,단추|포켓
fashionpedia_seed/images/9746e5b820125c737e871fc2f8c50c42.jpg,val,253.0,318.0,399.0,578.0,원피스,,,,,반팔,래글런 소매,,쇼츠·미니 기장,,,,,H라인,스트라이프,니트,
fashionpedia_seed/images/f21917ca7be65a544416cca0921a6e89.jpg,train,283.0,384.0,155.0,152.0,스커트,,,,,,,,쇼츠·미니 기장,,,,,,무지|플로럴,,
fashionpedia_seed/images/9899405b768a99e31657ccf8d2931e92.jpg,train,351.0,152.0,132.0,345.0,원피스,,,,,,,,무릎 기장,,,,,A라인,무지,,단추
fashionpedia_seed/images/1744183e925250327f807fdb15907f6a.jpg,train,156.0,236.0,407.0,752.0,원피스,,,,,,,,롱·긴바지 기장,,,,,,무지,,지퍼|프릴·러플
fashionpedia_seed/images/d2de997caf5e97ad41d0b37174afa83d.jpg,train,195.0,216.0,316.0,348.0,원피스,,,,,7부 소매,기본 소매,,쇼츠·미니 기장,,,,,H라인,스트라이프,,지퍼
fashionpedia_seed/images/59972d4827e58fd77ceac9dd7f0b42c7.jpg,train,27.0,305.0,462.0,717.0,원피스,,,,,반팔,,,,,,,,H라인,무지,,지퍼|리본
fashionpedia_seed/images/59972d4827e58fd77ceac9dd7f0b42c7.jpg,train,38.0,197.0,338.0,588.0,베스트,,,,,,,기본 기장,,,,레귤러핏,,,무지,퍼·플리스,
fashionpedia_seed/images/b9d34d7ecfc267888ad6eb0f20af3792.jpg,train,77.0,176.0,339.0,367.0,재킷,,,,,긴팔,기본 소매,크롭 기장,,,라펠 칼라,슬림핏,,비대칭,무지,,지퍼|후드
fashionpedia_seed/images/b9d34d7ecfc267888ad6eb0f20af3792.jpg,train,114.0,474.0,188.0,161.0,스커트,,,,,,,,쇼츠·미니 기장,,,,,,무지,,지퍼
fashionpedia_seed/images/ee8429febbbf2ceb90270629d0ae0850.jpg,train,290.0,187.0,123.0,435.0,원피스,,,,,,,,쇼츠·미니 기장,,칼라 없음,,,A라인,무지,,지퍼
fashionpedia_seed/images/ee8429febbbf2ceb90270629d0ae0850.jpg,train,235.0,147.0,302.0,520.0,코트,,,,,긴팔,기본 소매,,,,,레귤러핏,,,무지,,단추
fashionpedia_seed/images/ab23d0c1ccdadcac2da79af78298ea8d.jpg,train,504.0,228.0,124.0,159.0,티셔츠,,,,,7부 소매,기본 소매,크롭 기장,,라운드넥,,레귤러핏,,,무지,,포켓
fashionpedia_seed/images/ab23d0c1ccdadcac2da79af78298ea8d.jpg,train,486.0,343.0,115.0,228.0,청바지,,,,,,,,롱·긴바지 기장,,,,슬림핏,,무지,데님,포켓
fashionpedia_seed/images/fad1a9c9583ecdcf383d47d322fbc53a.jpg,train,167.0,389.0,197.0,292.0,청바지,,,,,,,,,,,,슬림핏,,무지,데님,포켓
fashionpedia_seed/images/fad1a9c9583ecdcf383d47d322fbc53a.jpg,train,281.0,144.0,89.0,263.0,티셔츠,,,,,,,,,,,여유핏,,,무지,,
fashionpedia_seed/images/fad1a9c9583ecdcf383d47d322fbc53a.jpg,train,102.0,107.0,468.0,372.0,재킷,,,,,긴팔,기본 소매,크롭 기장,,,라펠 칼라,레귤러핏,,,무지,,지퍼
fashionpedia_seed/images/3628ba3d48dfc3c26103dd2056f47bc6.jpg,train,496.0,130.0,124.0,114.0,셔츠,,,,,반팔,캡 소매,,,,셔츠 칼라,슬림핏,,,무지,,단추
fashionpedia_seed/images/3628ba3d48dfc3c26103dd2056f47bc6.jpg,train,452.0,235.0,156.0,415.0,팬츠,,,,,,,,롱·긴바지 기장,,,,와이드핏,,무지,,플리츠|지퍼
fashionpedia_seed/images/8a0381caccced20a4f910443793a534b.jpg,train,146.0,235.0,249.0,283.0,티셔츠,,,,,반팔,캡 소매,크롭 기장,,V넥,,레귤러핏,,,무지,,
fashionpedia_seed/images/8a0381caccced20a4f910443793a534b.jpg,train,168.0,488.0,173.0,245.0,쇼츠,,,,,,,,쇼츠·미니 기장,,,,슬림핏,,무지,,
fashionpedia_seed/images/8248793dfb50ff3c8209cd0e44ddf9bf.jpg,train,285.0,227.0,296.0,365.0,셔츠,,,,,,,크롭 기장,,,셔츠 칼라,슬림핏,,,무지,,플리츠|단추
fashionpedia_seed/images/8248793dfb50ff3c8209cd0e44ddf9bf.jpg,train,135.0,427.0,449.0,566.0,청바지,,,,,,,,롱·긴바지 기장,,,,스트레이트핏,H라인,무지,데님,포켓
fashionpedia_seed/images/bd8d3293d99b77a3fa0ec0dd058235dc.jpg,train,274.0,248.0,137.0,432.0,원피스,,,,,,,,쇼츠·미니 기장,라운드넥,,,,H라인,,,
fashionpedia_seed/images/bd8d3293d99b77a3fa0ec0dd058235dc.jpg,train,211.0,231.0,252.0,436.0,코트,,,,,긴팔,기본 소매,,,,,레귤러핏,,,도트|체크,,
fashionpedia_seed/images/5c4ce383d7586b7babf9dc6ab79907bb.jpg,train,345.0,263.0,619.0,602.0,재킷,,,,,긴팔,기본 소매,크롭 기장,,,셔츠 칼라,레귤러핏,,,무지,,단추|포켓
fashionpedia_seed/images/5c4ce383d7586b7babf9dc6ab79907bb.jpg,train,509.0,283.0,189.0,408.0,셔츠,,,,,,,크롭 기장,,,셔츠 칼라,,,,무지,,
fashionpedia_seed/images/5c4ce383d7586b7babf9dc6ab79907bb.jpg,train,212.0,611.0,810.0,389.0,팬츠,,,,,,,,,,,,와이드핏,,무지,,
fashionpedia_seed/images/a92c830ce1c63bd3db9624337ce94c0a.jpg,val,248.0,172.0,203.0,796.0,원피스,,,,,,,,롱·긴바지 기장,,,,,,무지,,플리츠|지퍼
fashionpedia_seed/images/5d2a983e1bcdce687150ce6115212283.jpg,train,563.0,173.0,184.0,508.0,원피스,,,,,반팔,기본 소매,,,라운드넥,,,,X라인,플로럴,,벨트
fashionpedia_seed/images/28d0923aec82214d368745bd681ff6d5.jpg,train,223.0,207.0,243.0,317.0,티셔츠,,,,,반팔,캡 소매,크롭 기장,,,,슬림핏,,,무지,,
fashionpedia_seed/images/28d0923aec82214d368745bd681ff6d5.jpg,train,245.0,499.0,190.0,416.0,청바지,,,,,,,,롱·긴바지 기장,,,,스트레이트핏,H라인,무지,데님,
fashionpedia_seed/images/5abd76c03bfe9417a51ef66b920e6ad9.jpg,train,208.0,158.0,373.0,417.0,후드티,,,,,반팔,기본 소매,크롭 기장,,,,슬림핏,,,무지,,후드
fashionpedia_seed/images/5abd76c03bfe9417a51ef66b920e6ad9.jpg,train,129.0,541.0,431.0,206.0,청바지,,,,,,,,롱·긴바지 기장,,,,슬림핏,,무지,데님,
fashionpedia_seed/images/ac257ddc35bb18760df07544ca327129.jpg,train,170.0,168.0,267.0,505.0,원피스,,,,,반팔,기본 소매,,무릎 기장,,,,,A라인,체크,,지퍼|포켓
fashionpedia_seed/images/e2a1a7274d3839b1538e97d69107eb7c.jpg,val,94.0,174.0,684.0,443.0,원피스,,,,,긴팔,벨 소매,,쇼츠·미니 기장,V넥,,,,X라인,플로럴,,프릴·러플
fashionpedia_seed/images/300dcfff954898e161a61e37fca960b8.jpg,val,217.0,176.0,272.0,369.0,셔츠,,,,,반팔,,기본 기장,,,스탠드 칼라,여유핏,,,무지,,단추
fashionpedia_seed/images/300dcfff954898e161a61e37fca960b8.jpg,val,249.0,512.0,184.0,402.0,팬츠,,,,,,,,롱·긴바지 기장,,,,스트레이트핏,H라인,무지,,
fashionpedia_seed/images/4d6c4b89ddc23629a730a46aaba04903.jpg,train,211.0,180.0,219.0,420.0,원피스,,,,,,,,쇼츠·미니 기장,보트넥,,,,A라인,무지,,지퍼
fashionpedia_seed/images/a49b9f9ea8665f09f536d0f122a4776f.jpg,train,405.0,555.0,207.0,126.0,청바지,,,,,,,,,,,,스트레이트핏,H라인,무지,데님,
fashionpedia_seed/images/a49b9f9ea8665f09f536d0f122a4776f.jpg,train,431.0,146.0,229.0,420.0,티셔츠,,,,,긴팔,,,,V넥,,레귤러핏,,,무지,,포켓
fashionpedia_seed/images/a49b9f9ea8665f09f536d0f122a4776f.jpg,train,397.0,159.0,281.0,422.0,코트,,,,,긴팔,기본 소매,,,,,여유핏,,,무지,,단추
fashionpedia_seed/images/00a325fd4dc22079095ab46330abf7be.jpg,train,235.0,435.0,235.0,494.0,청바지,,,,,,,,롱·긴바지 기장,,,,,,무지,데님,포켓|지퍼
fashionpedia_seed/images/00a325fd4dc22079095ab46330abf7be.jpg,train,256.0,242.0,144.0,213.0,탑,,,,,,,크롭 기장,,,,슬림핏,,,무지,,
fashionpedia_seed/images/b3ab1b8ce56ff0d4415ec0e85202d98e.jpg,val,23.0,617.0,519.0,397.0,청바지,,,,,,,,롱·긴바지 기장,,,,슬림핏,,무지,데님,포켓
fashionpedia_seed/images/b3ab1b8ce56ff0d4415ec0e85202d98e.jpg,val,174.0,349.0,376.0,327.0,티셔츠,,,,,반팔,캡 소매,크롭 기장,,,,레귤러핏,,,무지,,
fashionpedia_seed/images/38dcf2091696c485cdaecf6faab193f3.jpg,train,324.0,258.0,195.0,396.0,원피스,,,,,,,,쇼츠·미니 기장,보트넥,,,,,,니트,지퍼
fashionpedia_seed/images/b2514d07946f182a890908a7ba436bd5.jpg,train,242.0,298.0,180.0,217.0,티셔츠,,,,,반팔,래글런 소매,크롭 기장,,라운드넥,,레귤러핏,,,무지,,
fashionpedia_seed/images/b2514d07946f182a890908a7ba436bd5.jpg,train,237.0,508.0,188.0,148.0,스커트,,,,,,,,쇼츠·미니 기장,,,,,A라인,,,플리츠
fashionpedia_seed/images/3109762baa95cfc50b5a454db19d4143.jpg,val,200.0,283.0,192.0,153.0,티셔츠,,,,,반팔,캡 소매,크롭 기장,,라운드넥,,슬림핏,,,무지,,
fashionpedia_seed/images/3109762baa95cfc50b5a454db19d4143.jpg,val,214.0,432.0,161.0,305.0,스커트,,,,,,,,무릎 기장,,,,,,,,지퍼
fashionpedia_seed/images/a8769fb3b98cdcf3cfaef9dcd329a8d1.jpg,train,596.0,409.0,181.0,194.0,쇼츠,,,,,,,,쇼츠·미니 기장,,,,슬림핏,,무지,,포켓
fashionpedia_seed/images/a8769fb3b98cdcf3cfaef9dcd329a8d1.jpg,train,511.0,229.0,224.0,200.0,티셔츠,,,,,반팔,기본 소매,,,보트넥,,슬림핏,,,무지,,
fashionpedia_seed/images/f1413790cd71f17dfb71065d96263992.jpg,train,307.0,499.0,251.0,425.0,청바지,,,,,,,,롱·긴바지 기장,,,,,,무지,데님,포켓|지퍼
fashionpedia_seed/images/f1413790cd71f17dfb71065d96263992.jpg,train,339.0,333.0,151.0,157.0,탑,,,,,,,크롭 기장,,,,슬림핏,,비대칭,스트라이프|도트,,
fashionpedia_seed/images/eba510e63e2da4c37277cec25cbd9772.jpg,train,152.0,648.0,317.0,265.0,스커트,,,,,,,,쇼츠·미니 기장,,,,스트레이트핏,H라인,,,
fashionpedia_seed/images/eba510e63e2da4c37277cec25cbd9772.jpg,train,160.0,288.0,331.0,428.0,재킷,,,,,긴팔,퍼프 소매,크롭 기장,,,,레귤러핏,,비대칭,무지,가죽|스웨이드,지퍼
fashionpedia_seed/images/eba510e63e2da4c37277cec25cbd9772.jpg,train,178.0,321.0,295.0,439.0,셔츠,,,,,,,기본 기장,,라운드넥,라펠 칼라,레귤러핏,,,스트라이프,,단추|지퍼
fashionpedia_seed/images/ec22e11763ab9cb30ba1fb4b0a945cd4.jpg,train,200.0,168.0,304.0,671.0,원피스,,,,,,기본 소매,,미디·7부 기장,,셔츠 칼라,,,,무지,,지퍼
fashionpedia_seed/images/42668f83c24465ba79d25eb2a8790050.jpg,train,324.0,309.0,209.0,252.0,스커트,,,,,,,,무릎 기장,,,,,A라인,무지,,단추|포켓
fashionpedia_seed/images/42668f83c24465ba79d25eb2a8790050.jpg,train,304.0,137.0,219.0,186.0,셔츠,,,,,긴팔,기본 소매,,,,셔츠 칼라,슬림핏,,,무지,,단추
fashionpedia_seed/images/fac6412c2873388612c4ec4cda414ac6.jpg,train,192.0,229.0,286.0,523.0,원피스,,,,,반팔,,,무릎 기장,V넥,,,,,무지,,지퍼|프릴·러플
fashionpedia_seed/images/490173ee33906243fa6610556d755c31.jpg,train,228.0,308.0,277.0,616.0,점프수트,,,,,긴팔,벨 소매,,무릎 기장,라운드넥,,여유핏,,비대칭,스트라이프,,포켓
fashionpedia_seed/images/a9c817161fda6df41766dfe80e939c6b.jpg,val,207.0,283.0,307.0,258.0,탑,,,,,긴팔,기본 소매,,,,피터팬 칼라,레귤러핏,,,무지,,
fashionpedia_seed/images/a9c817161fda6df41766dfe80e939c6b.jpg,val,160.0,322.0,365.0,341.0,원피스,,,,,,,,쇼츠·미니 기장,,,,,X라인,도트,,
fashionpedia_seed/images/227a61b64bca65ba3a3247a253d05fb1.jpg,train,352.0,211.0,269.0,392.0,원피스,,,,,7부 소매,,,쇼츠·미니 기장,V넥,,,,A라인,무지,,지퍼
fashionpedia_seed/images/ec3d4bc8f46f26f1012ea9f2f43060b0.jpg,train,423.0,212.0,303.0,637.0,코트,,,,,7부 소매,기본 소매,,,,라펠 칼라,레귤러핏,,,무지,,단추
fashionpedia_seed/images/ec3d4bc8f46f26f1012ea9f2f43060b0.jpg,train,423.0,823.0,259.0,200.0,청바지,,,,,,,,,,,,슬림핏,,무지,데님,
fashionpedia_seed/images/07729e318fa891baba6eb212220b95a6.jpg,val,557.0,161.0,243.0,303.0,원피스,,,,,,,,쇼츠·미니 기장,,,,,X라인,플로럴,,지퍼
fashionpedia_seed/images/42e223bd6f6a6b8dce57c4496ca4fcc2.jpg,train,254.0,334.0,170.0,280.0,스커트,,,,,,,,쇼츠·미니 기장,,,,,,무지,,단추
fashionpedia_seed/images/42e223bd6f6a6b8dce57c4496ca4fcc2.jpg,train,279.0,213.0,124.0,141.0,셔츠,,,,,,,,,,셔츠 칼라,,,,무지,,단추
fashionpedia_seed/images/42e223bd6f6a6b8dce57c4496ca4fcc2.jpg,train,265.0,187.0,236.0,258.0,재킷,,,,,긴팔,기본 소매,크롭 기장,,,,레귤러핏,,,무지,,
fashionpedia_seed/images/e4432c751c332f2f5829e6a1ebb7301d.jpg,train,180.0,322.0,501.0,543.0,티셔츠,,,,,반팔,퍼프 소매,크롭 기장,,보트넥,,여유핏,,,스트라이프,,리본
fashionpedia_seed/images/c691539200cdb7a04b1e993d7baa10f4.jpg,train,195.0,272.0,244.0,632.0,원피스,,,,,,,,롱·긴바지 기장,,,,,H라인,무지,,지퍼
fashionpedia_seed/images/8552ba7fcd321cb2677612ae5cab94c3.jpg,train,252.0,302.0,130.0,181.0,티셔츠,,,,,,,크롭 기장,,,,레귤러핏,,,스트라이프,,
fashionpedia_seed/images/8552ba7fcd321cb2677612ae5cab94c3.jpg,train,254.0,473.0,236.0,342.0,스커트,,,,,,,,롱·긴바지 기장,,,,,,무지,,프릴·러플
fashionpedia_seed/images/66944533f2aa560438fb0b83b33aa106.jpg,train,177.0,416.0,513.0,566.0,원피스,,,,,,,,롱·긴바지 기장,,,,,,무지,,지퍼
fashionpedia_seed/images/97cb9ef6e3eb1e4870201eb60ea875ac.jpg,val,264.0,500.0,166.0,371.0,팬츠,,,,,,,,롱·긴바지 기장,,,,스트레이트핏,H라인,무지,,
fashionpedia_seed/images/97cb9ef6e3eb1e4870201eb60ea875ac.jpg,val,285.0,190.0,115.0,318.0,티셔츠,,,,,,,크롭 기장,,터틀넥,,레귤러핏,,,무지,,
fashionpedia_seed/images/97cb9ef6e3eb1e4870201eb60ea875ac.jpg,val,208.0,202.0,266.0,333.0,재킷,,,,,긴팔,기본 소매,크롭 기장,,,셔츠 칼라,,,,무지,,단추|포켓
fashionpedia_seed/images/7296df63ead3a2e7252503d650a1116d.jpg,train,51.0,334.0,296.0,614.0,티셔츠,,,,,반팔,기본 소매,크롭 기장,,라운드넥,,레귤러핏,,,무지,,
fashionpedia_seed/images/15b3536fd4cd5f7c40b1ef1a611402e5.jpg,train,113.0,162.0,522.0,779.0,코트,,,,,긴팔,기본 소매,,,,라펠 칼라,슬림핏,,,무지,,단추|포켓
fashionpedia_seed/images/ff62c585aa0fd3f69a17717015e80fb6.jpg,train,203.0,240.0,317.0,645.0,원피스,,,,,,,,쇼츠·미니 기장,V넥,,,,H라인,무지|플로럴,,지퍼|프릴·러플
fashionpedia_seed/images/488d950965993b643ae18323acacc9d0.jpg,train,165.0,241.0,815.0,440.0,재킷,,,,,긴팔,기본 소매,,,,,여유핏,,,무지,,지퍼
fashionpedia_seed/images/488d950965993b643ae18323acacc9d0.jpg,train,421.0,238.0,278.0,443.0,티셔츠,,,,,,,,,라운드넥,,레귤러핏,,,무지,,
fashionpedia_seed/images/0094940c58c343b742f48ae26eb5e9fa.jpg,train,10.0,230.0,577.0,593.0,원피스,,,,,,,,미디·7부 기장,라운드넥,,,,,무지,,
fashionpedia_seed/images/aa95964ff3b249168fcda1504434d04b.jpg,train,230.0,236.0,189.0,341.0,탑,,,,,,,기본 기장,,,,레귤러핏,,,무지,,
fashionpedia_seed/images/aa95964ff3b249168fcda1504434d04b.jpg,train,168.0,204.0,287.0,303.0,가디건,,,,,7부 소매,,크롭 기장,,,,레귤러핏,,,무지,니트,단추
fashionpedia_seed/images/aa95964ff3b249168fcda1504434d04b.jpg,train,254.0,514.0,162.0,375.0,청바지,,,,,,,,롱·긴바지 기장,,,,스트레이트핏,H라인,무지,데님,
fashionpedia_seed/images/858f141535ac0b2aeef9278577da78b6.jpg,val,320.0,462.0,82.0,229.0,팬츠,,,,,,,,롱·긴바지 기장,,,,스트레이트핏,H라인,무지,,
fashionpedia_seed/images/858f141535ac0b2aeef9278577da78b6.jpg,val,320.0,322.0,82.0,149.0,티셔츠,,,,,,,크롭 기장,,보트넥,,레귤러핏,,,애니멀,,
fashionpedia_seed/images/858f141535ac0b2aeef9278577da78b6.jpg,val,286.0,312.0,159.0,237.0,가디건,,,,,긴팔,,,,,,여유핏,,,스트라이프,니트,
fashionpedia_seed/images/a7830bf408d9fb215c314b3fc77cb1d4.jpg,train,676.0,229.0,74.0,281.0,원피스,,,,,,,,롱·긴바지 기장,,,,,H라인,,,
fashionpedia_seed/images/cbe421f0f567af8dc6dee22ae239e846.jpg,val,265.0,509.0,175.0,413.0,청바지,,,,,,,,롱·긴바지 기장,,,,스트레이트핏,H라인,무지,데님,
fashionpedia_seed/images/cbe421f0f567af8dc6dee22ae239e846.jpg,val,217.0,187.0,266.0,337.0,티셔츠,,,,,반팔,기본 소매,크롭 기장,,라운드넥,,레귤러핏,,,무지,,
fashionpedia_seed/images/f45418c60458ab7fb38db597fb6c625e.jpg,val,209.0,237.0,302.0,674.0,원피스,,,,,7부 소매,기본 소매,,롱·긴바지 기장,,,,,X라인,,,플리츠|지퍼
fashionpedia_seed/images/8623733272199d95726231fd6dcdc7bf.jpg,train,257.0,211.0,213.0,479.0,원피스,,,,,,,,쇼츠·미니 기장,,스탠드 칼라,,,A라인,무지,,단추|포켓|벨트
fashionpedia_seed/images/ec87f9472aa1aa6a6fb6fa44add1357a.jpg,train,27.0,350.0,982.0,673.0,블레이저,,,,,7부 소매,기본 소매,,,,,레귤러핏,,,무지,,포켓
fashionpedia_seed/images/3b0e3da1465e802b7855e4c532638e7e.jpg,val,192.0,639.0,346.0,315.0,쇼츠,,,,,,,,쇼츠·미니 기장,,,,,,무지,,포켓
fashionpedia_seed/images/3b0e3da1465e802b7855e4c532638e7e.jpg,val,57.0,272.0,550.0,391.0,티셔츠,,,,,반팔,,크롭 기장,,라운드넥,,레귤러핏,,,무지,,리본
fashionpedia_seed/images/bf3ef97f28c83839cbf4da20ed9bd704.jpg,train,240.0,296.0,109.0,136.0,탑,,,,,,,크롭 기장,,,,슬림핏,,,플로럴,,
fashionpedia_seed/images/bf3ef97f28c83839cbf4da20ed9bd704.jpg,train,146.0,248.0,307.0,346.0,재킷,,,,,긴팔,기본 소매,크롭 기장,,,라펠 칼라,레귤러핏,,,무지,,지퍼
fashionpedia_seed/images/bf3ef97f28c83839cbf4da20ed9bd704.jpg,train,217.0,425.0,217.0,517.0,스커트,,,,,,,,롱·긴바지 기장,,,,,비대칭,,,
fashionpedia_seed/images/6c8b75eda84586938870b9715fd35181.jpg,train,246.0,258.0,226.0,405.0,원피스,,,,,긴팔,기본 소매,,쇼츠·미니 기장,V넥,,,,A라인,플로럴,,플리츠
fashionpedia_seed/images/dc04491259bc9802758a0ec781f3983c.jpg,val,197.0,224.0,167.0,489.0,점프수트,,,,,,,,롱·긴바지 기장,,라펠 칼라,여유핏,,,무지,,
fashionpedia_seed/images/09c1c65c2b742a710bc736a8fe566d11.jpg,train,109.0,278.0,318.0,442.0,탑,,,,,,,크롭 기장,,,,슬림핏,,,플로럴,,
fashionpedia_seed/images/09c1c65c2b742a710bc736a8fe566d11.jpg,train,119.0,657.0,378.0,366.0,팬츠,,,,,,,,,,,,,,무지,,
fashionpedia_seed/images/f514d2cbb63a5f19edd12218d3a9d311.jpg,train,198.0,260.0,177.0,560.0,원피스,,,,,,,,무릎 기장,,,,,,무지,,지퍼|프릴·러플
fashionpedia_seed/images/af496316395f8375383561f51fd5c731.jpg,train,168.0,196.0,255.0,472.0,원피스,,,,,,,,쇼츠·미니 기장,V넥,,,,,무지,,지퍼|벨트
fashionpedia_seed/images/e6e27f124b9b48926ea89258538f2cef.jpg,train,579.0,120.0,213.0,230.0,재킷,,,,,긴팔,기본 소매,기본 기장,,,,레귤러핏,,,무지,퍼·플리스,단추
fashionpedia_seed/images/e6e27f124b9b48926ea89258538f2cef.jpg,train,639.0,293.0,98.0,271.0,팬츠,,,,,,,,롱·긴바지 기장,,,,,,무지,,
fashionpedia_seed/images/e6e27f124b9b48926ea89258538f2cef.jpg,train,656.0,194.0,38.0,100.0,탑,,,,,,,크롭 기장,,,,슬림핏,,,무지,,
fashionpedia_seed/images/1fd63362ced55967a97a324928583339.jpg,train,363.0,264.0,43.0,145.0,티셔츠,,,,,,,,,터틀넥,,레귤러핏,,,무지,,
fashionpedia_seed/images/1fd63362ced55967a97a324928583339.jpg,train,264.0,275.0,217.0,424.0,코트,,,,,긴팔,기본 소매,,,,라펠 칼라,여유핏,,,무지,,포켓
fashionpedia_seed/images/1fd63362ced55967a97a324928583339.jpg,train,343.0,691.0,73.0,79.0,팬츠,,,,,,,,롱·긴바지 기장,,,,스트레이트핏,H라인,무지,,
fashionpedia_seed/images/3745efe8958e34ca0e5dbab9362a68da.jpg,train,328.0,244.0,38.0,108.0,셔츠,,,,,,,,,라운드넥,,,,,플로럴,,단추
fashionpedia_seed/images/3745efe8958e34ca0e5dbab9362a68da.jpg,train,220.0,230.0,250.0,328.0,코트,,,,,긴팔,기본 소매,,,,라펠 칼라,슬림핏,,,무지,,단추|포켓
fashionpedia_seed/images/3745efe8958e34ca0e5dbab9362a68da.jpg,train,265.0,462.0,166.0,499.0,팬츠,,,,,,,,롱·긴바지 기장,,,,,,무지,,
fashionpedia_seed/images/350932dd5559f9419cbd1fc1ae0e43e1.jpg,val,134.0,299.0,434.0,615.0,원피스,,,,,7부 소매,,,쇼츠·미니 기장,,,,,X라인,,,지퍼
fashionpedia_seed/images/559e02db49c2e81f6a6116b717beee9d.jpg,train,133.0,453.0,265.0,429.0,팬츠,,,,,,,,롱·긴바지 기장,,,,슬림핏,,무지,,
fashionpedia_seed/images/559e02db49c2e81f6a6116b717beee9d.jpg,train,149.0,237.0,153.0,167.0,탑,,,,,,,크롭 기장,,,,슬림핏,,,무지,,
fashionpedia_seed/images/a22769bf38c0acd680854bd5588e8075.jpg,train,246.0,309.0,184.0,384.0,원피스,,,,,반팔,,,쇼츠·미니 기장,,,,,비대칭,무지,,지퍼
fashionpedia_seed/images/6be62b6a8b3259257de85786c5fd4b76.jpg,train,283.0,208.0,175.0,265.0,티셔츠,,,,,,,,,,,여유핏,,,무지,,
fashionpedia_seed/images/6be62b6a8b3259257de85786c5fd4b76.jpg,train,340.0,258.0,112.0,199.0,스커트,,,,,,,,쇼츠·미니 기장,,,,스트레이트핏,H라인,무지,,
fashionpedia_seed/images/8d81e4ca92e63119e1ed5dacdddc0430.jpg,train,109.0,275.0,453.0,406.0,원피스,,,,,,,,,,,,,X라인,무지,,지퍼|프릴·러플
fashionpedia_seed/images/dbbc57a65ecd459890dfd87b72288f70.jpg,train,203.0,186.0,243.0,238.0,티셔츠,,,,,반팔,기본 소매,크롭 기장,,라운드넥,,레귤러핏,,,무지,,
fashionpedia_seed/images/dbbc57a65ecd459890dfd87b72288f70.jpg,train,249.0,407.0,161.0,384.0,팬츠,,,,,,,,롱·긴바지 기장,,,,스트레이트핏,H라인,무지,,포켓
fashionpedia_seed/images/f85cf6884f138a76a79ee883372007a8.jpg,val,343.0,692.0,162.0,273.0,청바지,,,,,,,,롱·긴바지 기장,,,,스트레이트핏,H라인,무지,데님,
fashionpedia_seed/images/f85cf6884f138a76a79ee883372007a8.jpg,val,283.0,378.0,226.0,356.0,셔츠,,,,,7부 소매,기본 소매,,,,,여유핏,,,체크,,단추
fashionpedia_seed/images/7be8af2ebbb6fa133131a2f42bdbe9f6.jpg,val,431.0,352.0,200.0,268.0,청바지,,,,,,,,롱·긴바지 기장,,,,슬림핏,,무지,데님,
fashionpedia_seed/images/7be8af2ebbb6fa133131a2f42bdbe9f6.jpg,val,434.0,217.0,147.0,194.0,후드티,,,,,긴팔,,크롭 기장,,,,여유핏,,,무지,,후드
fashionpedia_seed/images/e18e46ee82d41e1a8bad90e817212331.jpg,train,255.0,741.0,429.0,282.0,스커트,,,,,,,,,,,,,,무지,,
fashionpedia_seed/images/e18e46ee82d41e1a8bad90e817212331.jpg,train,234.0,274.0,557.0,507.0,티셔츠,,,,,반팔,기본 소매,크롭 기장,,라운드넥,,레귤러핏,,,무지,,
fashionpedia_seed/images/2ad4ef98177e257b8d57cdfa8e421bde.jpg,train,171.0,156.0,300.0,725.0,원피스,,,,,반팔,기본 소매,,롱·긴바지 기장,터틀넥,,,,,,,지퍼
fashionpedia_seed/images/32227cade6d3646824f9c0f3fa9dc9e7.jpg,train,99.0,208.0,226.0,336.0,가디건,,,,,7부 소매,기본 소매,크롭 기장,,,,슬림핏,,,도트|스트라이프,니트,단추
fashionpedia_seed/images/3421d3316a1b5e3e0eba67a600201806.jpg,train,299.0,475.0,83.0,170.0,재킷,,,,,긴팔,기본 소매,크롭 기장,,,스탠드 칼라,레귤러핏,,,무지,,지퍼|포켓
fashionpedia_seed/images/3421d3316a1b5e3e0eba67a600201806.jpg,train,301.0,623.0,83.0,68.0,티셔츠,,,,,,,,,,,,,,무지,,
fashionpedia_seed/images/3421d3316a1b5e3e0eba67a600201806.jpg,train,319.0,657.0,72.0,78.0,팬츠,,,,,,,,,,,,,,무지,,
fashionpedia_seed/images/b226932f31c134c6312e848a0c67037b.jpg,train,189.0,429.0,394.0,594.0,코트,,,,,긴팔,,,,,,여유핏,,,카모,퍼·플리스,지퍼|포켓
fashionpedia_seed/images/a37683e24561b78d8104637789731339.jpg,train,162.0,474.0,217.0,525.0,원피스,,,,,,,,롱·긴바지 기장,,,,,A라인,무지,,지퍼
fashionpedia_seed/images/dcbdac96042c96e1fcd4f5e344c3ea43.jpg,val,201.0,216.0,265.0,643.0,원피스,,,,,반팔,,,롱·긴바지 기장,V넥,,,,,,,지퍼
fashionpedia_seed/images/7be5e15df33ddfd91374e7f3236b0933.jpg,train,276.0,402.0,49.0,86.0,탑,,,,,,,크롭 기장,,라운드넥,,슬림핏,,,무지,,
fashionpedia_seed/images/7be5e15df33ddfd91374e7f3236b0933.jpg,train,163.0,350.0,257.0,204.0,재킷,,,,,긴팔,기본 소매,크롭 기장,,,라펠 칼라,레귤러핏,,,,퍼·플리스,
fashionpedia_seed/images/7be5e15df33ddfd91374e7f3236b0933.jpg,train,196.0,534.0,231.0,349.0,팬츠,,,,,,,,롱·긴바지 기장,,,,,,,,
fashionpedia_seed/images/ecb9073d265f18598c61f21d10098339.jpg,train,201.0,372.0,476.0,515.0,셔츠,,,,,반팔,기본 소매,기본 기장,,,셔츠 칼라,레귤러핏,,,체크,,단추|포켓|리본
fashionpedia_seed/images/ecb9073d265f18598c61f21d10098339.jpg,train,0.0,686.0,486.0,337.0,팬츠,,,,,,,,,,,,스트레이트핏,H라인,무지,,포켓
fashionpedia_seed/images/f8862ca9c428cccb7ad26b9f0ab16603.jpg,train,119.0,309.0,347.0,555.0,원피스,,,,,,,,쇼츠·미니 기장,,,,,X라인,무지,,지퍼
fashionpedia_seed/images/b1a6657a8d2f74010b28d8a9d47be111.jpg,train,103.0,137.0,210.0,440.0,원피스,,,,,,,,쇼츠·미니 기장,,,,,,무지,,
fashionpedia_seed/images/c9946804239bdb74aa23c4a56445b9a8.jpg,train,161.0,218.0,374.0,326.0,탑,,,,,반팔,벨 소매,크롭 기장,,라운드넥,,여유핏,,,무지,,리본
fashionpedia_seed/images/c9946804239bdb74aa23c4a56445b9a8.jpg,train,191.0,517.0,264.0,318.0,스커트,,,,,,,,쇼츠·미니 기장,,,,,,플로럴,,지퍼
fashionpedia_seed/images/947b6ea8d5e30914a55992708fbf5b99.jpg,train,136.0,210.0,226.0,791.0,원피스,,,,,,,,롱·긴바지 기장,스퀘어넥,,,,,무지,,지퍼
fashionpedia_seed/images/f180b6c2e6e17ad27fe3b30f37612b54.jpg,train,134.0,282.0,475.0,732.0,원피스,,,,,긴팔,,,쇼츠·미니 기장,,,,,A라인,애니멀,,지퍼
fashionpedia_seed/images/1c1484bd95e170ad133660f8a69419b1.jpg,val,339.0,505.0,126.0,235.0,팬츠,,,,,,,,미디·7부 기장,,,,,,,,
fashionpedia_seed/images/1c1484bd95e170ad133660f8a69419b1.jpg,val,301.0,329.0,202.0,218.0,티셔츠,,,,,긴팔,래글런 소매,크롭 기장,,라운드넥,,레귤러핏,,,,,
fashionpedia_seed/images/947ce93a6f64f79c5c29ef8e80abfe7b.jpg,train,200.0,474.0,160.0,168.0,스커트,,,,,,,,쇼츠·미니 기장,,,,,,무지,,지퍼
fashionpedia_seed/images/947ce93a6f64f79c5c29ef8e80abfe7b.jpg,train,211.0,264.0,131.0,234.0,티셔츠,,,,,,,크롭 기장,,V넥,,레귤러핏,,,무지,,
fashionpedia_seed/images/947ce93a6f64f79c5c29ef8e80abfe7b.jpg,train,184.0,243.0,175.0,239.0,베스트,,,,,,,크롭 기장,,,셔츠 칼라,슬림핏,,,무지,,단추
fashionpedia_seed/images/31bbe8edffb11d49563d77dd3fa29610.jpg,train,253.0,318.0,232.0,283.0,원피스,,,,,,,,쇼츠·미니 기장,,,,,,플로럴,,지퍼
fashionpedia_seed/images/d15a9ee27ee2180fee5ba2447d6c7939.jpg,train,464.0,179.0,265.0,417.0,니트,,,,,긴팔,기본 소매,,,라운드넥,,여유핏,,,무지,니트,
fashionpedia_seed/images/d15a9ee27ee2180fee5ba2447d6c7939.jpg,train,478.0,558.0,194.0,322.0,팬츠,,,,,,,,롱·긴바지 기장,,,,슬림핏,,무지,,
fashionpedia_seed/images/771969fa224f15b6514628d98b8e60d7.jpg,train,74.0,225.0,376.0,389.0,티셔츠,,,,,긴팔,기본 소매,,,라운드넥,,레귤러핏,,,무지,,
fashionpedia_seed/images/771969fa224f15b6514628d98b8e60d7.jpg,train,58.0,268.0,449.0,511.0,원피스,,,,,,,,쇼츠·미니 기장,,,,,,스트라이프,,
fashionpedia_seed/images/6ca502fc807f6f8e19ea48f1d88452a7.jpg,train,301.0,201.0,67.0,236.0,티셔츠,,,,,,,,,,,레귤러핏,,,무지,,
fashionpedia_seed/images/6ca502fc807f6f8e19ea48f1d88452a7.jpg,train,195.0,208.0,262.0,410.0,코트,,,,,긴팔,기본 소매,,,,라펠 칼라,레귤러핏,,,무지,,단추|포켓|벨트
fashionpedia_seed/images/6ca502fc807f6f8e19ea48f1d88452a7.jpg,train,260.0,429.0,147.0,460.0,팬츠,,,,,,,,롱·긴바지 기장,,,,스트레이트핏,H라인,무지,,
fashionpedia_seed/images/f79f1d0fc8dfae388e8a1887623228ea.jpg,train,429.0,150.0,203.0,205.0,블레이저,,,,,긴팔,기본 소매,기본 기장,,,라펠 칼라,레귤러핏,,,무지,,단추|포켓
fashionpedia_seed/images/f79f1d0fc8dfae388e8a1887623228ea.jpg,train,500.0,150.0,119.0,156.0,셔츠,,,,,긴팔,,,,,셔츠 칼라,,,,무지,,단추
fashionpedia_seed/images/f79f1d0fc8dfae388e8a1887623228ea.jpg,train,468.0,287.0,97.0,275.0,팬츠,,,,,,,,롱·긴바지 기장,,,,스트레이트핏,H라인,무지,,
fashionpedia_seed/images/f4c8049f436b7edcb26c01d3219e14c2.jpg,train,284.0,319.0,279.0,395.0,베스트,,,,,,,크롭 기장,,V넥,,레귤러핏,,,무지,,
fashionpedia_seed/images/f4c8049f436b7edcb26c01d3219e14c2.jpg,train,129.0,474.0,320.0,439.0,쇼츠,,,,,,,,쇼츠·미니 기장,,,,,,무지,,벨트
fashionpedia_seed/images/775c380cd79c0f3a3e34a41f89468022.jpg,val,647.0,434.0,226.0,228.0,쇼츠,,,,,,,,쇼츠·미니 기장,,,,,,무지|체크,,포켓
fashionpedia_seed/images/775c380cd79c0f3a3e34a41f89468022.jpg,val,582.0,168.0,261.0,288.0,탑,,,,,반팔,캡 소매,크롭 기장,,,,여유핏,,,무지,,
fashionpedia_seed/images/f64abd043fc1cbeda3ef97b762a4092f.jpg,train,175.0,177.0,311.0,360.0,티셔츠,,,,,긴팔,벨 소매,크롭 기장,,보트넥,,여유핏,,비대칭,무지,,플리츠
fashionpedia_seed/images/f64abd043fc1cbeda3ef97b762a4092f.jpg,train,183.0,467.0,186.0,242.0,스커트,,,,,,,,쇼츠·미니 기장,,,,,,무지,,지퍼
fashionpedia_seed/images/31376f97ef5d1d083e6f1092d5d33b7b.jpg,val,183.0,205.0,332.0,531.0,원피스,,,,,,,,롱·긴바지 기장,스퀘어넥,,,,,무지,,지퍼|스팽글
fashionpedia_seed/images/cdd175f26ac87c01ec64fb2f02268654.jpg,train,184.0,375.0,187.0,348.0,원피스,,,,,,,,쇼츠·미니 기장,V넥,,,,X라인,무지|플로럴,,지퍼
fashionpedia_seed/images/78c76bd3d70e760b4b59fde91b1cc03f.jpg,train,524.0,154.0,239.0,464.0,원피스,,,,,긴팔,기본 소매,,무릎 기장,,,,,H라인,스트라이프|플로럴,,지퍼
fashionpedia_seed/images/69640e5766614b3121e9d389350067c0.jpg,val,267.0,290.0,157.0,129.0,탑,,,,,,,크롭 기장,,,,슬림핏,,,무지,,
fashionpedia_seed/images/69640e5766614b3121e9d389350067c0.jpg,val,228.0,421.0,194.0,461.0,팬츠,,,,,,,,롱·긴바지 기장,,,,,,무지,,
fashionpedia_seed/images/b6b563c14cfb7911932d24d22ffe5041.jpg,train,180.0,403.0,192.0,546.0,스커트,,,,,,,,롱·긴바지 기장,,,,스트레이트핏,H라인,무지,,
fashionpedia_seed/images/b6b563c14cfb7911932d24d22ffe5041.jpg,train,206.0,189.0,155.0,212.0,탑,,,,,,,크롭 기장,,,,슬림핏,,,도트,,
fashionpedia_seed/images/ed25ee9ad312276a593ad8bd4c7cb66c.jpg,val,232.0,201.0,257.0,413.0,원피스,,,,,긴팔,벌룬 소매,,쇼츠·미니 기장,,,,,,애니멀,,
fashionpedia_seed/images/c042811268f9d093db4b97a63d2205b2.jpg,val,77.0,606.0,367.0,417.0,청바지,,,,,,,,,,,,슬림핏,,무지,데님,포켓|벨트
fashionpedia_seed/images/c042811268f9d093db4b97a63d2205b2.jpg,val,77.0,279.0,379.0,413.0,티셔츠,,,,,반팔,,크롭 기장,,오프숄더,,여유핏,,,무지,,리본
fashionpedia_seed/images/4258a57f9ae2b08fe1783858ff936596.jpg,train,665.0,484.0,144.0,300.0,팬츠,,,,,,,,,,,,와이드핏,,무지,,
fashionpedia_seed/images/4258a57f9ae2b08fe1783858ff936596.jpg,train,734.0,280.0,131.0,343.0,코트,,,,,긴팔,기본 소매,,,,,레귤러핏,,,무지,,단추|포켓
fashionpedia_seed/images/4258a57f9ae2b08fe1783858ff936596.jpg,train,614.0,299.0,92.0,326.0,코트,,,,,긴팔,기본 소매,,,,,레귤러핏,,,무지,,단추
fashionpedia_seed/images/1ed3961d0e80c5b7b8b09f9c1ce0662c.jpg,train,423.0,253.0,111.0,245.0,청바지,,,,,,,,롱·긴바지 기장,,,,슬림핏,,무지,데님,
fashionpedia_seed/images/1ed3961d0e80c5b7b8b09f9c1ce0662c.jpg,train,463.0,166.0,68.0,82.0,탑,,,,,,,크롭 기장,,홀터넥,,슬림핏,,,스트라이프,,
fashionpedia_seed/images/d4753f6c9f7c2f0efb5c33486ba2bd98.jpg,train,257.0,227.0,152.0,218.0,탑,,,,,,,크롭 기장,,,,슬림핏,,,무지,,
fashionpedia_seed/images/d4753f6c9f7c2f0efb5c33486ba2bd98.jpg,train,244.0,422.0,172.0,461.0,팬츠,,,,,,,,롱·긴바지 기장,,,,스트레이트핏,H라인,무지,,지퍼|포켓
fashionpedia_seed/images/733128db0ce4f09443fc561514458c7f.jpg,train,199.0,235.0,218.0,281.0,탑,,,,,반팔,퍼프 소매,크롭 기장,,V넥,,슬림핏,,,플로럴,,
fashionpedia_seed/images/733128db0ce4f09443fc561514458c7f.jpg,train,199.0,475.0,289.0,392.0,청바지,,,,,,,,롱·긴바지 기장,,,,스트레이트핏,H라인,무지,데님,
fashionpedia_seed/images/ee99633086f0bb34fa10d1cc1509e80f.jpg,train,257.0,707.0,255.0,161.0,쇼츠,,,,,,,,쇼츠·미니 기장,,,,슬림핏,,무지,,포켓
fashionpedia_seed/images/ee99633086f0bb34fa10d1cc1509e80f.jpg,train,229.0,497.0,229.0,263.0,탑,,,,,,,크롭 기장,,,,슬림핏,,,무지,,
fashionpedia_seed/images/65d0f53dfbc340ecc3ee3abd6da6b54c.jpg,train,223.0,175.0,456.0,733.0,코트,,,,,긴팔,기본 소매,,,,라펠 칼라,레귤러핏,,,무지,,벨트
fashionpedia_seed/images/65d0f53dfbc340ecc3ee3abd6da6b54c.jpg,train,352.0,451.0,35.0,36.0,스커트,,,,,,,,,,,,,,무지,,
fashionpedia_seed/images/65d0f53dfbc340ecc3ee3abd6da6b54c.jpg,train,295.0,199.0,88.0,210.0,티셔츠,,,,,,,,,,피터팬 칼라,레귤러핏,,,무지,,
fashionpedia_seed/images/65d0f53dfbc340ecc3ee3abd6da6b54c.jpg,train,290.0,178.0,93.0,276.0,티셔츠,,,,,7부 소매,,,,터틀넥,,슬림핏,,,무지,,
fashionpedia_seed/images/a116f2dc48597d4f5103ca7e87c59d83.jpg,val,214.0,280.0,189.0,385.0,원피스,,,,,,,,쇼츠·미니 기장,,,,,H라인,무지,,지퍼|포켓|벨트
fashionpedia_seed/images/a5ec3cfe2bc9cfb48dea272edef4adeb.jpg,train,60.0,234.0,310.0,641.0,원피스,,,,,,,,롱·긴바지 기장,,,,,,,,지퍼
fashionpedia_seed/images/15910ed48cbfceeff0e0b808694b732c.jpg,train,572.0,240.0,285.0,441.0,티셔츠,,,,,,,기본 기장,,라운드넥,,레귤러핏,,,무지,,지퍼
fashionpedia_seed/images/15910ed48cbfceeff0e0b808694b732c.jpg,train,520.0,222.0,411.0,412.0,재킷,,,,,긴팔,기본 소매,크롭 기장,,,칼라 없음,슬림핏,,,무지,,지퍼
fashionpedia_seed/images/84cb2045d51adaff87124e9dfb703c46.jpg,train,267.0,313.0,53.0,118.0,탑,,,,,,,크롭 기장,,,,슬림핏,,,무지,,
fashionpedia_seed/images/84cb2045d51adaff87124e9dfb703c46.jpg,train,217.0,422.0,147.0,298.0,팬츠,,,,,,,,,,,,슬림핏,,무지,,
fashionpedia_seed/images/cd0f34921f96592811ff3a3776fa0444.jpg,train,138.0,286.0,271.0,348.0,셔츠,,,,,반팔,기본 소매,기본 기장,,,셔츠 칼라,레귤러핏,,,무지,,단추
fashionpedia_seed/images/4c796269b7c4578353de5be59efbb9f9.jpg,train,223.0,288.0,222.0,504.0,원피스,,,,,반팔,,,미디·7부 기장,,,,,,무지,,지퍼|리본|벨트
fashionpedia_seed/images/b0ff6edc573ce8ec7e28b608c668a19d.jpg,train,260.0,631.0,256.0,255.0,쇼츠,,,,,,,,쇼츠·미니 기장,,,,,,무지,,포켓
fashionpedia_seed/images/b0ff6edc573ce8ec7e28b608c668a19d.jpg,train,341.0,385.0,201.0,273.0,탑,,,,,,,크롭 기장,,,,슬림핏,,,스트라이프,,
fashionpedia_seed/images/ad4eba200ce58dc412e938f25d2d3098.jpg,train,702.0,487.0,135.0,178.0,스커트,,,,,,,,쇼츠·미니 기장,,,,,,애니멀,,지퍼
fashionpedia_seed/images/ad4eba200ce58dc412e938f25d2d3098.jpg,train,553.0,237.0,300.0,290.0,재킷,,,,,긴팔,,크롭 기장,,,,레귤러핏,,,무지,퍼·플리스,지퍼
fashionpedia_seed/images/d23d0383fa7e5e512eba48cdf9b8f5cb.jpg,train,206.0,259.0,218.0,414.0,원피스,,,,,,,,쇼츠·미니 기장,,,,,H라인,,,지퍼
fashionpedia_seed/images/5d5d3fb33612b0794f06003d8abe2a3e.jpg,train,243.0,475.0,197.0,175.0,스커트,,,,,,,,쇼츠·미니 기장,,,,,A라인,무지,,
fashionpedia_seed/images/5d5d3fb33612b0794f06003d8abe2a3e.jpg,train,251.0,316.0,155.0,146.0,탑,,,,,,,크롭 기장,,보트넥,,레귤러핏,,,무지,,
fashionpedia_seed/images/daa5986d4a683b547328db6dce8d7817.jpg,train,332.0,457.0,38.0,156.0,티셔츠,,,,,,,크롭 기장,,라운드넥,,레귤러핏,,,무지,,
fashionpedia_seed/images/daa5986d4a683b547328db6dce8d7817.jpg,train,282.0,611.0,131.0,172.0,팬츠,,,,,,,,,,,,슬림핏,,무지,,
fashionpedia_seed/images/daa5986d4a683b547328db6dce8d7817.jpg,train,253.0,435.0,182.0,229.0,재킷,,,,,긴팔,,크롭 기장,,,라펠 칼라,레귤러핏,,,무지,,지퍼|포켓
fashionpedia_seed/images/0bbaa62211cc48b57957aab152fba023.jpg,val,68.0,301.0,458.0,447.0,원피스,,,,,,,,무릎 기장,,,,,X라인,스트라이프,,지퍼
fashionpedia_seed/images/06eca767af94ec50eb0503088708be13.jpg,val,373.0,286.0,205.0,308.0,탑,,,,,긴팔,기본 소매,,,,,레귤러핏,,,무지,,
fashionpedia_seed/images/06eca767af94ec50eb0503088708be13.jpg,val,422.0,549.0,139.0,328.0,팬츠,,,,,,,,롱·긴바지 기장,,,,슬림핏,,무지,,
fashionpedia_seed/images/2ceacea255bd16e687e26a83c5452255.jpg,train,231.0,451.0,183.0,330.0,쇼츠,,,,,,,,쇼츠·미니 기장,,,,,,무지,,포켓|벨트
fashionpedia_seed/images/2ceacea255bd16e687e26a83c5452255.jpg,train,232.0,251.0,169.0,217.0,탑,,,,,,,크롭 기장,,,,슬림핏,,,무지,,
fashionpedia_seed/images/d7da3cf290a8f293ed39dff8ed1ef376.jpg,train,151.0,396.0,182.0,225.0,스커트,,,,,,,,쇼츠·미니 기장,,,,플레어핏,,플로럴,,벨트
fashionpedia_seed/images/d7da3cf290a8f293ed39dff8ed1ef376.jpg,train,151.0,254.0,210.0,270.0,코트,,,,,7부 소매,기본 소매,,,터틀넥,,레귤러핏,,비대칭,무지,,
fashionpedia_seed/images/a8741d59e6609bfc5f6abfa00fd6b431.jpg,train,272.0,588.0,234.0,130.0,스커트,,,,,,,,쇼츠·미니 기장,,,,스트레이트핏,H라인,무지,,
fashionpedia_seed/images/a8741d59e6609bfc5f6abfa00fd6b431.jpg,train,190.0,192.0,376.0,496.0,재킷,,,,,긴팔,기본 소매,크롭 기장,,,,레귤러핏,,,,,후드
fashionpedia_seed/images/f4bf2404ce69fae4d8308a0c12c9c6fa.jpg,val,189.0,179.0,371.0,733.0,원피스,,,,,,,,롱·긴바지 기장,V넥,,,,X라인,무지,,지퍼|벨트
fashionpedia_seed/images/7b66a70eae5ccb7bf914f674b7153c5b.jpg,train,128.0,806.0,382.0,217.0,스커트,,,,,,,,쇼츠·미니 기장,,,,스트레이트핏,H라인,무지,,지퍼
fashionpedia_seed/images/7b66a70eae5ccb7bf914f674b7153c5b.jpg,train,0.0,88.0,634.0,838.0,재킷,,,,,긴팔,기본 소매,크롭 기장,,,,슬림핏,,,무지,,단추
fashionpedia_seed/images/3ae36909e5aa4ad018b2601797debf94.jpg,val,209.0,227.0,229.0,413.0,원피스,,,,,,,,쇼츠·미니 기장,,피터팬 칼라,,,X라인,무지,,단추
fashionpedia_seed/images/52df4fde942c5b69a757f82014af85e4.jpg,train,172.0,515.0,206.0,411.0,팬츠,,,,,,,,롱·긴바지 기장,,,,스트레이트핏,H라인,무지,,포켓
fashionpedia_seed/images/52df4fde942c5b69a757f82014af85e4.jpg,train,114.0,176.0,320.0,375.0,티셔츠,,,,,,,크롭 기장,,,,여유핏,,,무지,,
fashionpedia_seed/images/5335b8ea8a70be860bc310864bc7d8d1.jpg,val,389.0,106.0,229.0,377.0,원피스,,,,,,,,무릎 기장,,,,,H라인,스트라이프,,지퍼
fashionpedia_seed/images/5335b8ea8a70be860bc310864bc7d8d1.jpg,val,404.0,92.0,243.0,268.0,블레이저,,,,,긴팔,기본 소매,크롭 기장,,,라펠 칼라,슬림핏,,,무지,,포켓|벨트
fashionpedia_seed/images/9a886a145d0a9f81b15e79666a5c51b1.jpg,train,75.0,270.0,410.0,713.0,원피스,,,,,반팔,캡 소매,,쇼츠·미니 기장,V넥,,,,H라인,무지,,
fashionpedia_seed/images/06017096e7f209d3b23802f546830b40.jpg,val,439.0,51.0,270.0,631.0,코트,,,,,,,,,,,여유핏,,,무지,,
fashionpedia_seed/images/06017096e7f209d3b23802f546830b40.jpg,val,508.0,205.0,153.0,201.0,탑,,,,,,,크롭 기장,,홀터넥,,슬림핏,,,무지,,플리츠
fashionpedia_seed/images/06017096e7f209d3b23802f546830b40.jpg,val,480.0,493.0,193.0,185.0,쇼츠,,,,,,,,쇼츠·미니 기장,,,,,,무지,,포켓
fashionpedia_seed/images/1646a045268fa9848e2dad851f740452.jpg,train,455.0,152.0,449.0,665.0,원피스,,,,,반팔,,,롱·긴바지 기장,,,,,,,,지퍼
fashionpedia_seed/images/20bdefcd48f74c927cca2870e52176b1.jpg,train,397.0,230.0,148.0,205.0,원피스,,,,,,,,,,,,,,무지,,지퍼
fashionpedia_seed/images/20bdefcd48f74c927cca2870e52176b1.jpg,train,323.0,149.0,220.0,286.0,재킷,,,,,긴팔,,크롭 기장,,,스탠드 칼라,레귤러핏,,,무지,,단추|지퍼
fashionpedia_seed/images/d14b58173e059b7d5592cc3eb115e1a4.jpg,val,353.0,157.0,563.0,349.0,셔츠,,,,,반팔,기본 소매,,,,셔츠 칼라,슬림핏,,,무지,,단추|리본
fashionpedia_seed/images/d14b58173e059b7d5592cc3eb115e1a4.jpg,val,571.0,278.0,130.0,162.0,탑,,,,,,,크롭 기장,,,,슬림핏,,,무지,,
fashionpedia_seed/images/d14b58173e059b7d5592cc3eb115e1a4.jpg,val,498.0,476.0,237.0,189.0,쇼츠,,,,,,,,쇼츠·미니 기장,,,,,,무지,,포켓|지퍼|벨트
fashionpedia_seed/images/f43143d9807fbb2948474f68d8c6f550.jpg,train,337.0,259.0,74.0,45.0,티셔츠,,,,,,,,,라운드넥,,레귤러핏,,,,,
fashionpedia_seed/images/f43143d9807fbb2948474f68d8c6f550.jpg,train,238.0,232.0,352.0,267.0,후드티,,,,,긴팔,기본 소매,크롭 기장,,,,여유핏,,,무지,,후드
fashionpedia_seed/images/f43143d9807fbb2948474f68d8c6f550.jpg,train,236.0,317.0,336.0,509.0,청바지,,,,,,,,롱·긴바지 기장,,,,슬림핏,,무지,데님,
fashionpedia_seed/images/f4ff8848ec3b50fc969666ee2662bff7.jpg,val,238.0,195.0,232.0,326.0,재킷,,,,,긴팔,,크롭 기장,,,라펠 칼라,레귤러핏,,,무지,,지퍼|벨트
fashionpedia_seed/images/f4ff8848ec3b50fc969666ee2662bff7.jpg,val,260.0,236.0,187.0,652.0,원피스,,,,,,,,롱·긴바지 기장,,,,,X라인,무지,,지퍼
fashionpedia_seed/images/50589605133a0468feaea6dea39493a4.jpg,train,147.0,216.0,347.0,486.0,블레이저,,,,,긴팔,기본 소매,크롭 기장,,터틀넥,,슬림핏,,,무지,,
fashionpedia_seed/images/50589605133a0468feaea6dea39493a4.jpg,train,156.0,552.0,391.0,371.0,스커트,,,,,,,,무릎 기장,,,,,,무지,,지퍼|프릴·러플
fashionpedia_seed/images/14ce620645bc27f4710e2141432e7139.jpg,val,141.0,244.0,261.0,264.0,재킷,,,,,7부 소매,기본 소매,크롭 기장,,,,레귤러핏,,,무지,,지퍼
fashionpedia_seed/images/14ce620645bc27f4710e2141432e7139.jpg,val,175.0,229.0,200.0,303.0,셔츠,,,,,,,기본 기장,,,,오버핏,,,스트라이프,,단추|포켓|리본|벨트
fashionpedia_seed/images/14ce620645bc27f4710e2141432e7139.jpg,val,189.0,486.0,179.0,319.0,청바지,,,,,,,,롱·긴바지 기장,,,,슬림핏,,무지,데님,
fashionpedia_seed/images/f580bd3f0c42ec8305884c8a19c7a0d1.jpg,train,268.0,201.0,149.0,274.0,탑,,,,,,,크롭 기장,,,,슬림핏,,,무지,,
fashionpedia_seed/images/f580bd3f0c42ec8305884c8a19c7a0d1.jpg,train,255.0,458.0,185.0,420.0,팬츠,,,,,,,,롱·긴바지 기장,,,,스트레이트핏,H라인,스트라이프,,포켓
fashionpedia_seed/images/0f68960d855adfe019da1d4480770b17.jpg,train,263.0,363.0,191.0,397.0,원피스,,,,,,,,미디·7부 기장,라운드넥,,,,X라인,플로럴,,지퍼
fashionpedia_seed/images/ff6884bdb45a9aca6df20885e950eb1f.jpg,train,298.0,372.0,153.0,285.0,탑,,,,,,,,,스퀘어넥,,레귤러핏,,,무지,,
fashionpedia_seed/images/ff6884bdb45a9aca6df20885e950eb1f.jpg,train,189.0,766.0,354.0,257.0,청바지,,,,,,,,,,,,슬림핏,,무지,데님,포켓
fashionpedia_seed/images/ff6884bdb45a9aca6df20885e950eb1f.jpg,train,113.0,279.0,487.0,574.0,재킷,,,,,긴팔,기본 소매,크롭 기장,,,,레귤러핏,,,무지,,지퍼|포켓|후드
fashionpedia_seed/images/e4de7821071dd5b1baa80bb9813a8895.jpg,train,223.0,187.0,314.0,317.0,재킷,,,,,긴팔,기본 소매,크롭 기장,,,스탠드 칼라,레귤러핏,,,무지,,단추
fashionpedia_seed/images/e4de7821071dd5b1baa80bb9813a8895.jpg,train,118.0,349.0,450.0,323.0,스커트,,,,,,,,무릎 기장,,,,,,무지,,
fashionpedia_seed/images/cf0a241235163a9a66e5e27ee3e02674.jpg,train,176.0,329.0,260.0,518.0,원피스,,,,,,,,미디·7부 기장,보트넥,,,,X라인,무지,,지퍼
fashionpedia_seed/images/064c8022b32931e787260d81ed5aafe8.jpg,train,203.0,269.0,192.0,225.0,탑,,,,,,,크롭 기장,,,,레귤러핏,,,,,
fashionpedia_seed/images/064c8022b32931e787260d81ed5aafe8.jpg,train,217.0,469.0,187.0,377.0,팬츠,,,,,,,,롱·긴바지 기장,,,,슬림핏,,무지,,
fashionpedia_seed/images/de3856d93bf781545f6453afbbeef077.jpg,val,188.0,207.0,240.0,523.0,원피스,,,,,반팔,기본 소매,,무릎 기장,보트넥,,,,A라인,도트,,지퍼|리본
fashionpedia_seed/images/f767f960131554afda3064a73f90e9f8.jpg,train,252.0,184.0,405.0,463.0,원피스,,,,,긴팔,기본 소매,,쇼츠·미니 기장,라운드넥,,,,X라인,무지,,지퍼
fashionpedia_seed/images/124dc5471306edcadc0d89bfc7353939.jpg,train,164.0,756.0,359.0,229.0,쇼츠,,,,,,,,쇼츠·미니 기장,,,,슬림핏,,무지,,포켓|지퍼
fashionpedia_seed/images/124dc5471306edcadc0d89bfc7353939.jpg,train,308.0,368.0,68.0,406.0,티셔츠,,,,,,,크롭 기장,,라운드넥,,레귤러핏,,,스트라이프,,
fashionpedia_seed/images/124dc5471306edcadc0d89bfc7353939.jpg,train,123.0,306.0,504.0,505.0,재킷,,,,,긴팔,기본 소매,크롭 기장,,,스탠드 칼라,레귤러핏,,,무지,,지퍼|포켓
fashionpedia_seed/images/b1682bc7e7fb2a0d868f75a9fcc03b82.jpg,train,179.0,272.0,291.0,324.0,원피스,,,,,긴팔,,,쇼츠·미니 기장,V넥,,,,X라인,무지|스트라이프,,지퍼
fashionpedia_seed/images/4ba277c9a234db8eb76681da8ea065e4.jpg,train,278.0,279.0,156.0,498.0,원피스,,,,,,,,롱·긴바지 기장,보트넥,,,,비대칭,도트|무지,,지퍼
fashionpedia_seed/images/97431c84addb6dffd10e60658cbf00b8.jpg,train,271.0,461.0,183.0,396.0,팬츠,,,,,,,,롱·긴바지 기장,,,,,,무지,,
fashionpedia_seed/images/97431c84addb6dffd10e60658cbf00b8.jpg,train,268.0,189.0,189.0,324.0,탑,,,,,,,크롭 기장,,,,레귤러핏,,,무지,,
fashionpedia_seed/images/470281287b961aa83407820eaf2cbf5c.jpg,train,173.0,206.0,312.0,743.0,원피스,,,,,,,,롱·긴바지 기장,,,,,X라인,도트,,스팽글|지퍼
fashionpedia_seed/images/a07d21ff7436ded273fe71af64d05baf.jpg,train,184.0,185.0,284.0,355.0,니트,,,,,긴팔,기본 소매,기본 기장,,라운드넥,,여유핏,,,무지,니트,
fashionpedia_seed/images/a07d21ff7436ded273fe71af64d05baf.jpg,train,233.0,464.0,209.0,311.0,팬츠,,,,,,,,미디·7부 기장,,,,,,그래픽,,포켓
fashionpedia_seed/images/215ae3c02ff82ed943816a80204d7a41.jpg,train,221.0,153.0,250.0,602.0,원피스,,,,,긴팔,,,무릎 기장,,,,,,플로럴,,지퍼|벨트
fashionpedia_seed/images/4a093e8fa7c58644cb2ebcc953b16f14.jpg,train,687.0,222.0,109.0,163.0,탑,,,,,,,,,,,여유핏,,,무지,,
fashionpedia_seed/images/4a093e8fa7c58644cb2ebcc953b16f14.jpg,train,681.0,335.0,91.0,130.0,청바지,,,,,,,,,,,,슬림핏,,무지,데님,
fashionpedia_seed/images/eaac0d86af8296fe77b0cbaac0d04d93.jpg,val,167.0,197.0,258.0,763.0,원피스,,,,,,,,무릎 기장,홀터넥,,,,H라인,무지,,지퍼|벨트
fashionpedia_seed/images/fc3ee8e64072d2b42d6a8c2d1e52e2da.jpg,val,111.0,346.0,114.0,192.0,탑,,,,,,,크롭 기장,,,,슬림핏,,,무지,,
fashionpedia_seed/images/fc3ee8e64072d2b42d6a8c2d1e52e2da.jpg,val,120.0,542.0,182.0,374.0,청바지,,,,,,,,롱·긴바지 기장,,,,,,무지,데님,포켓|벨트
fashionpedia_seed/images/d0c4784dc3efc24c058fd0b9b533ca2d.jpg,train,201.0,172.0,275.0,292.0,후드티,,,,,반팔,,크롭 기장,,,,레귤러핏,,,무지,,후드|리본
fashionpedia_seed/images/d0c4784dc3efc24c058fd0b9b533ca2d.jpg,train,263.0,441.0,190.0,336.0,팬츠,,,,,,,,미디·7부 기장,,,,,,무지,,
fashionpedia_seed/images/3fe7ee5e245a4e4eaf88181e5186333a.jpg,train,177.0,361.0,295.0,429.0,원피스,,,,,반팔,기본 소매,,쇼츠·미니 기장,,,,,H라인,무지,,
fashionpedia_seed/images/80206b9ade4e359369a5b9c6bbdf4321.jpg,val,251.0,438.0,182.0,141.0,스커트,,,,,,,,쇼츠·미니 기장,,,,,A라인,체크,,플리츠
fashionpedia_seed/images/80206b9ade4e359369a5b9c6bbdf4321.jpg,val,244.0,200.0,200.0,248.0,티셔츠,,,,,반팔,캡 소매,크롭 기장,,라운드넥,,레귤러핏,,,,,
fashionpedia_seed/images/c23406e7d038f1d5b46c900bf9e3e309.jpg,val,104.0,257.0,393.0,648.0,청바지,,,,,,,,롱·긴바지 기장,,,,스트레이트핏,H라인,무지,데님,
fashionpedia_seed/images/c23406e7d038f1d5b46c900bf9e3e309.jpg,val,25.0,178.0,202.0,313.0,탑,,,,,,,크롭 기장,,,,슬림핏,,,무지,,포켓
fashionpedia_seed/images/70728a64bc4398b0f4204e8ad7b9bc06.jpg,val,212.0,243.0,255.0,530.0,원피스,,,,,반팔,기본 소매,,미디·7부 기장,,,,,,무지,,지퍼
fashionpedia_seed/images/70728a64bc4398b0f4204e8ad7b9bc06.jpg,val,283.0,766.0,85.0,147.0,팬츠,,,,,,,,롱·긴바지 기장,,,,슬림핏,,무지,,
fashionpedia_seed/images/db26dd4ab74b3f12041cc72ff6acb60d.jpg,val,296.0,453.0,307.0,456.0,팬츠,,,,,,,,롱·긴바지 기장,,,,슬림핏,,무지,,
fashionpedia_seed/images/db26dd4ab74b3f12041cc72ff6acb60d.jpg,val,295.0,163.0,247.0,348.0,티셔츠,,,,,,,크롭 기장,,,셔츠 칼라,여유핏,,,무지,,포켓
fashionpedia_seed/images/589d99e66e07d67bc0382fba2b95e426.jpg,train,175.0,267.0,313.0,419.0,원피스,,,,,,,,무릎 기장,,,,,,무지,,지퍼
fashionpedia_seed/images/2ede08066feaa38aa9127fccf570a4a9.jpg,train,173.0,295.0,361.0,633.0,원피스,,,,,반팔,캡 소매,,롱·긴바지 기장,라운드넥,,,,X라인,무지,,지퍼
fashionpedia_seed/images/6129a289fa99fd43988c56cf0271e345.jpg,train,220.0,760.0,182.0,102.0,쇼츠,,,,,,,,쇼츠·미니 기장,,,,,,무지,,포켓
fashionpedia_seed/images/6129a289fa99fd43988c56cf0271e345.jpg,train,211.0,388.0,245.0,407.0,티셔츠,,,,,반팔,기본 소매,기본 기장,,라운드넥,,,,,무지,,
fashionpedia_seed/images/42bd52d3882424b80d61a7e4f27f2529.jpg,train,148.0,442.0,171.0,440.0,팬츠,,,,,,,,롱·긴바지 기장,,,,슬림핏,,무지,,
fashionpedia_seed/images/42bd52d3882424b80d61a7e4f27f2529.jpg,train,160.0,248.0,158.0,215.0,탑,,,,,,,크롭 기장,,,,슬림핏,,,무지,,지퍼
fashionpedia_seed/images/42bd52d3882424b80d61a7e4f27f2529.jpg,train,113.0,183.0,249.0,350.0,블레이저,,,,,긴팔,기본 소매,크롭 기장,,,,레귤러핏,,,무지,,지퍼
fashionpedia_seed/images/02b4423e161fa2409974174ec53cdb2a.jpg,train,203.0,427.0,157.0,457.0,팬츠,,,,,,,,롱·긴바지 기장,,,,,,무지,,
fashionpedia_seed/images/02b4423e161fa2409974174ec53cdb2a.jpg,train,164.0,265.0,219.0,281.0,블레이저,,,,,긴팔,,크롭 기장,,,,레귤러핏,,,,,
fashionpedia_seed/images/dec4eb572fb1895c9e33373bfc1335b1.jpg,train,695.0,325.0,95.0,256.0,팬츠,,,,,,,,미디·7부 기장,,,,,,무지,,포켓
fashionpedia_seed/images/dec4eb572fb1895c9e33373bfc1335b1.jpg,train,692.0,164.0,102.0,189.0,탑,,,,,,,크롭 기장,,,,레귤러핏,,,무지,,포켓
fashionpedia_seed/images/eb20c87403d09323d402b3461afbdb0e.jpg,val,167.0,186.0,253.0,428.0,원피스,,,,,반팔,캡 소매,,쇼츠·미니 기장,라운드넥,,,,,무지,,지퍼
fashionpedia_seed/images/6e2652e279a03035a8a0190ba461d247.jpg,train,166.0,476.0,236.0,431.0,청바지,,,,,,,,롱·긴바지 기장,,,,슬림핏,,무지,데님,포켓|지퍼|스팽글
fashionpedia_seed/images/6e2652e279a03035a8a0190ba461d247.jpg,train,168.0,229.0,180.0,253.0,탑,,,,,,,크롭 기장,,,,슬림핏,,,무지,,포켓
fashionpedia_seed/images/6e2652e279a03035a8a0190ba461d247.jpg,train,173.0,210.0,205.0,253.0,베스트,,,,,,,크롭 기장,,,,레귤러핏,,,무지,,단추
fashionpedia_seed/images/9171c0d10e43e4b5987a705e552568d7.jpg,train,272.0,200.0,253.0,455.0,코트,,,,,7부 소매,,,,,라펠 칼라,오버핏,,,무지,,포켓
fashionpedia_seed/images/9171c0d10e43e4b5987a705e552568d7.jpg,train,356.0,196.0,64.0,93.0,티셔츠,,,,,,,,,터틀넥,,슬림핏,,,무지,,
fashionpedia_seed/images/a9241e7a983feabc10d4c1e548e9b286.jpg,train,234.0,421.0,212.0,201.0,스커트,,,,,,,,쇼츠·미니 기장,,,,플레어핏,,플로럴,,
fashionpedia_seed/images/a9241e7a983feabc10d4c1e548e9b286.jpg,train,266.0,263.0,204.0,182.0,티셔츠,,,,,반팔,,크롭 기장,,보트넥,,레귤러핏,,,무지,,
fashionpedia_seed/images/470040991c8127d65f1e328f3a952a75.jpg,train,253.0,232.0,174.0,366.0,원피스,,,,,,,,쇼츠·미니 기장,보트넥,,,,,무지,,지퍼|리본
fashionpedia_seed/images/6d095eb37a313bb784ad00ab53a0df05.jpg,train,250.0,581.0,180.0,190.0,원피스,,,,,,,,미디·7부 기장,,,,,O라인,플로럴,,지퍼
fashionpedia_seed/images/6d095eb37a313bb784ad00ab53a0df05.jpg,train,232.0,342.0,202.0,283.0,탑,,,,,7부 소매,,,,,,여유핏,,,무지,,
fashionpedia_seed/images/443f8997ca02a0a2a2dc1eb82f0a9f06.jpg,train,241.0,386.0,247.0,218.0,스커트,,,,,,,,쇼츠·미니 기장,,,,,A라인,애니멀,,플리츠|프릴·러플
fashionpedia_seed/images/443f8997ca02a0a2a2dc1eb82f0a9f06.jpg,train,225.0,229.0,195.0,174.0,티셔츠,,,,,반팔,캡 소매,크롭 기장,,라운드넥,,레귤러핏,,,무지,,
fashionpedia_seed/images/1ca4458d23522f006de2ffda045c3b44.jpg,train,382.0,253.0,247.0,318.0,원피스,,,,,,,,쇼츠·미니 기장,,,,,,무지|스트라이프,니트,
fashionpedia_seed/images/1bf4967e0da8ced7325d1e27e90927f0.jpg,train,316.0,165.0,258.0,547.0,원피스,,,,,,,,쇼츠·미니 기장,라운드넥,,,,A라인,,,지퍼
fashionpedia_seed/images/e636280e96f3863157a4398c92fc299e.jpg,train,150.0,88.0,302.0,674.0,코트,,,,,긴팔,,,,,,슬림핏,,,무지,,
fashionpedia_seed/images/73565a1d1eab156d8d17f9f481d7d54e.jpg,train,278.0,199.0,260.0,340.0,티셔츠,,,,,반팔,퍼프 소매,크롭 기장,,,,슬림핏,,,무지,,리본
fashionpedia_seed/images/73565a1d1eab156d8d17f9f481d7d54e.jpg,train,306.0,399.0,185.0,574.0,스커트,,,,,,,,롱·긴바지 기장,,,,스트레이트핏,H라인,무지,,
fashionpedia_seed/images/e778753e5302e8047fdddb88aeed0c37.jpg,train,386.0,211.0,276.0,534.0,원피스,,,,,반팔,캡 소매,,쇼츠·미니 기장,스퀘어넥,,,,,무지,,지퍼
fashionpedia_seed/images/3d2fa82ba639b9d0c3f223ce1d6222fc.jpg,train,258.0,183.0,165.0,648.0,원피스,,,,,,,,롱·긴바지 기장,,,,,,무지,,지퍼
fashionpedia_seed/images/163316c8653449a9af4e731ac3aedaf7.jpg,val,136.0,282.0,284.0,375.0,원피스,,,,,반팔,,,쇼츠·미니 기장,,,,,A라인,무지,,지퍼
fashionpedia_seed/images/89144779b3e40421facdb2eb70309356.jpg,train,107.0,248.0,244.0,462.0,원피스,,,,,,,,쇼츠·미니 기장,,,,,H라인,무지,,
fashionpedia_seed/images/37428aefea46fee89a2af9dc1ba086e1.jpg,train,221.0,544.0,187.0,389.0,팬츠,,,,,,,,롱·긴바지 기장,,,,스트레이트핏,H라인,체크,,포켓
fashionpedia_seed/images/37428aefea46fee89a2af9dc1ba086e1.jpg,train,187.0,275.0,271.0,315.0,블레이저,,,,,긴팔,기본 소매,크롭 기장,,,라펠 칼라,레귤러핏,,,체크,,단추|포켓
fashionpedia_seed/images/37428aefea46fee89a2af9dc1ba086e1.jpg,train,300.0,261.0,48.0,93.0,티셔츠,,,,,,,,,터틀넥,,레귤러핏,,,무지,,
fashionpedia_seed/images/0a4aae5ecd970a120bfcc6b377b6e187.jpg,val,703.0,136.0,167.0,392.0,원피스,,,,,,,,무릎 기장,,,,,H라인,무지,,지퍼
fashionpedia_seed/images/21c52aa89dbf9b2be2089c20cf1d987d.jpg,train,203.0,189.0,273.0,484.0,원피스,,,,,긴팔,,,쇼츠·미니 기장,,,,,H라인,,,지퍼
fashionpedia_seed/images/d143e41db607aaeff07a69ca9a5e704c.jpg,train,239.0,353.0,80.0,182.0,원피스,,,,,,,,쇼츠·미니 기장,라운드넥,,,,H라인,무지,,지퍼
fashionpedia_seed/images/9ad95d2490271aec9728b86fee44ccfc.jpg,train,265.0,467.0,178.0,413.0,팬츠,,,,,,,,롱·긴바지 기장,,,,슬림핏,,체크,,
fashionpedia_seed/images/9ad95d2490271aec9728b86fee44ccfc.jpg,train,184.0,205.0,268.0,302.0,셔츠,,,,,긴팔,,기본 기장,,,셔츠 칼라,여유핏,,,애니멀,,
fashionpedia_seed/images/c04e7cf82a3d0216dabe151f5fc05c24.jpg,train,235.0,604.0,146.0,284.0,팬츠,,,,,,,,롱·긴바지 기장,,,,슬림핏,,무지,,
fashionpedia_seed/images/c04e7cf82a3d0216dabe151f5fc05c24.jpg,train,222.0,288.0,204.0,335.0,원피스,,,,,,,,쇼츠·미니 기장,,,,,A라인,체크,,지퍼|벨트
fashionpedia_seed/images/c04e7cf82a3d0216dabe151f5fc05c24.jpg,train,119.0,247.0,393.0,257.0,재킷,,,,,긴팔,기본 소매,크롭 기장,,,,슬림핏,,,무지,,
fashionpedia_seed/images/045db5fc067cb10b5d705c2afefa5966.jpg,train,321.0,185.0,287.0,469.0,탑,,,,,,,기본 기장,,,,레귤러핏,,,무지,,
fashionpedia_seed/images/045db5fc067cb10b5d705c2afefa5966.jpg,train,317.0,550.0,239.0,126.0,쇼츠,,,,,,,,쇼츠·미니 기장,,,,슬림핏,,무지,,
fashionpedia_seed/images/8b95a6d4b56beeee01e7f74c76352b18.jpg,train,105.0,334.0,355.0,689.0,원피스,,,,,,,,쇼츠·미니 기장,라운드넥,,,,X라인,무지,,지퍼|벨트
fashionpedia_seed/images/21b019899232d2682e25237d3da5eefc.jpg,train,195.0,238.0,234.0,422.0,원피스,,,,,반팔,,,쇼츠·미니 기장,,,,,A라인,플로럴,,지퍼
fashionpedia_seed/images/410cd8277df1be20360c734a7b0ebe01.jpg,train,89.0,203.0,572.0,792.0,원피스,,,,,,,,롱·긴바지 기장,,,,,X라인,무지|도트,,지퍼
fashionpedia_seed/images/acdf7a78a6d3f26fda1709834155ede2.jpg,train,212.0,592.0,351.0,431.0,재킷,,,,,긴팔,,크롭 기장,,,셔츠 칼라,여유핏,,,무지,,
fashionpedia_seed/images/d683721cb2d79128cdb41958953d67c3.jpg,train,221.0,142.0,202.0,205.0,팬츠,,,,,,,,롱·긴바지 기장,,,,,,무지,,포켓
fashionpedia_seed/images/d683721cb2d79128cdb41958953d67c3.jpg,train,193.0,0.0,157.0,211.0,티셔츠,,,,,,,기본 기장,,,,레귤러핏,,,무지,,
fashionpedia_seed/images/d683721cb2d79128cdb41958953d67c3.jpg,train,90.0,0.0,273.0,185.0,재킷,,,,,긴팔,,크롭 기장,,,,레귤러핏,,,무지,,
fashionpedia_seed/images/0d32e0c44b492a04a01db6eaf11c7fc7.jpg,val,230.0,189.0,169.0,274.0,탑,,,,,,,크롭 기장,,,,레귤러핏,,,무지,,
fashionpedia_seed/images/0d32e0c44b492a04a01db6eaf11c7fc7.jpg,val,228.0,379.0,204.0,543.0,팬츠,,,,,,,,롱·긴바지 기장,,,,와이드핏,,무지,,벨트
fashionpedia_seed/images/18b2f32e876170304b2b6860ae127ba5.jpg,train,196.0,263.0,288.0,409.0,원피스,,,,,,,,무릎 기장,보트넥,,,,X라인,무지|도트,,지퍼
fashionpedia_seed/images/3ed12074817fa4dff22b8df5ba0ce3f5.jpg,train,37.0,263.0,469.0,633.0,티셔츠,,,,,긴팔,,크롭 기장,,스퀘어넥,,슬림핏,,,,,
fashionpedia_seed/images/3ed12074817fa4dff22b8df5ba0ce3f5.jpg,train,85.0,357.0,339.0,500.0,탑,,,,,,,크롭 기장,,,,슬림핏,,,무지,,
fashionpedia_seed/images/3ed12074817fa4dff22b8df5ba0ce3f5.jpg,train,35.0,818.0,485.0,205.0,팬츠,,,,,,,,,,,,,,무지,,포켓
fashionpedia_seed/images/ae8c7fa59cb054a8e15b2d6518c95ee3.jpg,train,172.0,263.0,348.0,495.0,원피스,,,,,,,,쇼츠·미니 기장,스퀘어넥,,,,,무지,,지퍼|프릴·러플
fashionpedia_seed/images/0a729bbbccaf081a46d72e5869838b45.jpg,train,278.0,255.0,178.0,631.0,원피스,,,,,긴팔,,,롱·긴바지 기장,,,,,H라인,무지,,지퍼
fashionpedia_seed/images/888ce4d1599f17c5b16537b13bad7fc3.jpg,train,502.0,52.0,205.0,247.0,티셔츠,,,,,반팔,,크롭 기장,,,,레귤러핏,,,무지,,
fashionpedia_seed/images/888ce4d1599f17c5b16537b13bad7fc3.jpg,train,482.0,247.0,307.0,310.0,팬츠,,,,,,,,롱·긴바지 기장,,,,와이드핏,,무지,,포켓
fashionpedia_seed/images/473b84b26a91ed22e0c0584cab355068.jpg,val,201.0,396.0,241.0,569.0,팬츠,,,,,,,,롱·긴바지 기장,,,,,,무지,,
fashionpedia_seed/images/473b84b26a91ed22e0c0584cab355068.jpg,val,240.0,181.0,190.0,346.0,셔츠,,,,,긴팔,,,,,피터팬 칼라,슬림핏,,,무지,,단추
fashionpedia_seed/images/473b84b26a91ed22e0c0584cab355068.jpg,val,210.0,172.0,301.0,376.0,재킷,,,,,긴팔,,크롭 기장,,,라펠 칼라,레귤러핏,,,무지,퍼·플리스,단추|벨트
fashionpedia_seed/images/750ff1f0bb17bd102b4e68e96684a2ee.jpg,train,280.0,158.0,173.0,378.0,원피스,,,,,,,,미디·7부 기장,,,,,,,,스팽글
fashionpedia_seed/images/069223d02dcbfbe69af905daeb7fae26.jpg,train,281.0,198.0,280.0,290.0,블레이저,,,,,,기본 소매,크롭 기장,,V넥,라펠 칼라,레귤러핏,,,무지,,포켓
fashionpedia_seed/images/069223d02dcbfbe69af905daeb7fae26.jpg,train,306.0,262.0,223.0,457.0,원피스,,,,,,,,쇼츠·미니 기장,,,,,H라인,애니멀,,지퍼
fashionpedia_seed/images/d3cf66e85e45aede8542d3c0d419b6ac.jpg,train,244.0,196.0,163.0,346.0,원피스,,,,,,,,쇼츠·미니 기장,스퀘어넥,,,,,,,지퍼
fashionpedia_seed/images/ad1a3b0fb188342ec29f22275b434f04.jpg,train,335.0,342.0,127.0,434.0,원피스,,,,,,,,롱·긴바지 기장,,,,,,무지,,지퍼
fashionpedia_seed/images/ad1a3b0fb188342ec29f22275b434f04.jpg,train,278.0,288.0,358.0,499.0,코트,,,,,7부 소매,기본 소매,,,,라펠 칼라,레귤러핏,,,무지,,단추
fashionpedia_seed/images/d2c69d175a69a01fe09597583fa740a3.jpg,train,3.0,188.0,632.0,743.0,원피스,,,,,반팔,캡 소매,,롱·긴바지 기장,라운드넥,,,,,무지,,지퍼
fashionpedia_seed/images/fa3e88c6a313433dd7884ce0abb5d27e.jpg,train,298.0,330.0,379.0,676.0,티셔츠,,,,,,,크롭 기장,,라운드넥,,레귤러핏,,,무지,,
fashionpedia_seed/images/fa3e88c6a313433dd7884ce0abb5d27e.jpg,train,191.0,271.0,772.0,752.0,블레이저,,,,,,기본 소매,,,,라펠 칼라,슬림핏,,,무지,,단추|벨트
fashionpedia_seed/images/13c2e7449a549d43161b95c9f1d68d40.jpg,train,195.0,225.0,231.0,446.0,원피스,,,,,반팔,기본 소매,,쇼츠·미니 기장,,셔츠 칼라,,,X라인,스트라이프,,단추
fashionpedia_seed/images/7f9007ed8484e01e26dee5e2e7a633bf.jpg,val,460.0,286.0,103.0,254.0,원피스,,,,,,,,롱·긴바지 기장,보트넥,,,,,무지,,지퍼|프릴·러플
fashionpedia_seed/images/1f4c2d7ddfaa4d7c5a88df6d04ec0512.jpg,val,166.0,232.0,197.0,460.0,원피스,,,,,,,,쇼츠·미니 기장,,,,,비대칭,무지,,지퍼
fashionpedia_seed/images/57774be0f5c323623cc8df37d812c033.jpg,train,55.0,225.0,518.0,755.0,원피스,,,,,7부 소매,기본 소매,,무릎 기장,라운드넥,,,,,무지,,지퍼
fashionpedia_seed/images/c7a1f147b628ca3258b1db974424454b.jpg,train,250.0,200.0,174.0,260.0,탑,,,,,,,크롭 기장,,,,슬림핏,,,무지,,
fashionpedia_seed/images/c7a1f147b628ca3258b1db974424454b.jpg,train,248.0,439.0,183.0,474.0,청바지,,,,,,,,롱·긴바지 기장,,,,슬림핏,,무지,데님,포켓
fashionpedia_seed/images/871b1533f5ecd9f4de3d7942ab3dfcc1.jpg,train,107.0,501.0,501.0,522.0,코트,,,,,긴팔,기본 소매,,,,라펠 칼라,여유핏,,,무지,,단추|포켓
fashionpedia_seed/images/871b1533f5ecd9f4de3d7942ab3dfcc1.jpg,train,294.0,479.0,195.0,518.0,니트,,,,,,,,,터틀넥,,레귤러핏,,,무지,니트,
fashionpedia_seed/images/73b8457583eb2fc453caef8b8307bff9.jpg,train,176.0,234.0,278.0,609.0,점프수트,,,,,,,,쇼츠·미니 기장,홀터넥,,레귤러핏,,,무지,,
fashionpedia_seed/images/f2cf1eff03298dcaf840385c787165f8.jpg,train,210.0,487.0,182.0,188.0,쇼츠,,,,,,,,쇼츠·미니 기장,,,,,,무지,,
fashionpedia_seed/images/f2cf1eff03298dcaf840385c787165f8.jpg,train,158.0,212.0,272.0,320.0,셔츠,,,,,반팔,기본 소매,기본 기장,,,셔츠 칼라,레귤러핏,,,무지,,단추
fashionpedia_seed/images/fc7ddf414e15c6b180b53e376e5622f3.jpg,train,220.0,353.0,149.0,252.0,팬츠,,,,,,,,,,,,와이드핏,,체크,,포켓
fashionpedia_seed/images/fc7ddf414e15c6b180b53e376e5622f3.jpg,train,181.0,153.0,191.0,230.0,티셔츠,,,,,긴팔,,크롭 기장,,,,레귤러핏,,,무지,,
fashionpedia_seed/images/e9d63492d0b43ec71ac6c9d8a6bb5b62.jpg,train,162.0,265.0,185.0,688.0,원피스,,,,,,,,롱·긴바지 기장,,,,,H라인,무지|플로럴,,지퍼
fashionpedia_seed/images/ad5d1fdf507a2775c8dd01f336f29ddf.jpg,val,175.0,211.0,207.0,451.0,원피스,,,,,,,,무릎 기장,,,,,A라인,무지,,지퍼|리본
fashionpedia_seed/images/af8be1edbef6e48a88325ebf63cb48f1.jpg,train,235.0,483.0,329.0,271.0,스커트,,,,,,,,쇼츠·미니 기장,,,,스트레이트핏,H라인,무지,,지퍼
fashionpedia_seed/images/af8be1edbef6e48a88325ebf63cb48f1.jpg,train,206.0,287.0,422.0,373.0,탑,,,,,긴팔,,크롭 기장,,라운드넥,,슬림핏,,,플로럴,,
fashionpedia_seed/images/a1678fa388b815b80f71ac94878eef47.jpg,train,108.0,198.0,278.0,324.0,니트,,,,,긴팔,기본 소매,크롭 기장,,보트넥,,슬림핏,,,,니트,
fashionpedia_seed/images/a1678fa388b815b80f71ac94878eef47.jpg,train,204.0,168.0,94.0,55.0,셔츠,,,,,,,,,,셔츠 칼라,슬림핏,,,,,단추
fashionpedia_seed/images/a1678fa388b815b80f71ac94878eef47.jpg,train,158.0,425.0,172.0,167.0,스커트,,,,,,,,쇼츠·미니 기장,,,,스트레이트핏,H라인,무지,,지퍼
fashionpedia_seed/images/25e92d53394ac92b6b9edbbfe7cb0e1e.jpg,train,59.0,262.0,403.0,656.0,원피스,,,,,,,,,,,,,,무지,,
fashionpedia_seed/images/3696956aa43b2641bdb8ee6fd0ea213f.jpg,train,155.0,202.0,199.0,246.0,티셔츠,,,,,반팔,캡 소매,크롭 기장,,라운드넥,,레귤러핏,,,무지,,
fashionpedia_seed/images/3696956aa43b2641bdb8ee6fd0ea213f.jpg,train,163.0,424.0,170.0,150.0,스커트,,,,,,,,쇼츠·미니 기장,,,,,,,,지퍼
fashionpedia_seed/images/86f139c6fe14c64090091230a78862fd.jpg,train,304.0,194.0,289.0,346.0,탑,,,,,반팔,퍼프 소매,크롭 기장,,오프숄더,,여유핏,,,플로럴,,리본
fashionpedia_seed/images/86f139c6fe14c64090091230a78862fd.jpg,train,344.0,413.0,243.0,142.0,스커트,,,,,,,,쇼츠·미니 기장,,,,스트레이트핏,H라인,무지,,
fashionpedia_seed/images/f9ee0a82d9419eaa76ead995add92565.jpg,train,249.0,230.0,175.0,248.0,원피스,,,,,,,,쇼츠·미니 기장,,,,,A라인,무지,,지퍼
fashionpedia_seed/images/8c6c8abea5d5a128ca8834600b2aeddc.jpg,train,316.0,130.0,358.0,443.0,원피스,,,,,반팔,퍼프 소매,,,,셔츠 칼라,,,,무지,,지퍼
fashionpedia_seed/images/255989bbfb631c18a52e16690eae4545.jpg,train,211.0,207.0,255.0,516.0,원피스,,,,,반팔,,,쇼츠·미니 기장,,,,,H라인,무지,,
fashionpedia_seed/images/255989bbfb631c18a52e16690eae4545.jpg,train,261.0,564.0,137.0,296.0,팬츠,,,,,,,,,,,,스트레이트핏,H라인,무지,,
fashionpedia_seed/images/e19d3c4f0e47e23f9f5021b62ac3e07e.jpg,train,258.0,289.0,331.0,672.0,원피스,,,,,,,,롱·긴바지 기장,,,,,,,,지퍼
fashionpedia_seed/images/6a2c490ed5f440ebeb12a9ac632ad9ed.jpg,train,508.0,148.0,259.0,366.0,티셔츠,,,,,긴팔,기본 소매,크롭 기장,,라운드넥,,레귤러핏,,,무지,,
fashionpedia_seed/images/6a2c490ed5f440ebeb12a9ac632ad9ed.jpg,train,628.0,491.0,131.0,124.0,쇼츠,,,,,,,,쇼츠·미니 기장,,,,슬림핏,,무지,,포켓|지퍼
fashionpedia_seed/images/7721da0f16c96201bd7c4369507b734d.jpg,val,119.0,260.0,324.0,678.0,원피스,,,,,긴팔,,,롱·긴바지 기장,,,,,비대칭,무지,,지퍼
fashionpedia_seed/images/aa32a735ab300f9420f9f8ce66cbd0d0.jpg,train,605.0,209.0,119.0,236.0,원피스,,,,,,,,쇼츠·미니 기장,,,,,X라인,,,지퍼
fashionpedia_seed/images/a9718c7da26a2118ce906a8561d79997.jpg,train,367.0,187.0,14.0,25.0,탑,,,,,,,,,스퀘어넥,,슬림핏,,,,,
fashionpedia_seed/images/a9718c7da26a2118ce906a8561d79997.jpg,train,315.0,143.0,124.0,216.0,원피스,,,,,,,,쇼츠·미니 기장,,라펠 칼라,,,A라인,무지,,단추
fashionpedia_seed/images/b22ea58665d776f693c9f13635499460.jpg,train,186.0,209.0,180.0,284.0,탑,,,,,,,크롭 기장,,,,슬림핏,,,플로럴,,
fashionpedia_seed/images/b22ea58665d776f693c9f13635499460.jpg,train,185.0,451.0,181.0,37.0,탑,,,,,,,크롭 기장,,,,슬림핏,,,무지,,
fashionpedia_seed/images/b22ea58665d776f693c9f13635499460.jpg,train,181.0,462.0,186.0,115.0,쇼츠,,,,,,,,쇼츠·미니 기장,,,,슬림핏,,무지,,
fashionpedia_seed/images/b22ea58665d776f693c9f13635499460.jpg,train,146.0,165.0,261.0,638.0,코트,,,,,반팔,,,,,,여유핏,,,애니멀,,리본
fashionpedia_seed/images/6661e2aa125fb543f39193e0d8423720.jpg,train,286.0,326.0,96.0,239.0,티셔츠,,,,,,,크롭 기장,,라운드넥,,레귤러핏,,,애니멀|스트라이프,,
fashionpedia_seed/images/6661e2aa125fb543f39193e0d8423720.jpg,train,269.0,532.0,144.0,348.0,청바지,,,,,,,,롱·긴바지 기장,,,,,,무지,데님,포켓
fashionpedia_seed/images/6661e2aa125fb543f39193e0d8423720.jpg,train,211.0,310.0,276.0,362.0,코트,,,,,긴팔,기본 소매,,,,셔츠 칼라,레귤러핏,,,무지,,단추
fashionpedia_seed/images/abe7f00720ada9f255b8d1355579dc0e.jpg,val,174.0,251.0,225.0,442.0,원피스,,,,,반팔,캡 소매,,쇼츠·미니 기장,,,,,A라인,,,지퍼|벨트
fashionpedia_seed/images/52a6dcf5c19a6f0f6033ebc8dd9f3078.jpg,train,140.0,334.0,383.0,376.0,탑,,,,,반팔,,크롭 기장,,오프숄더,,여유핏,,,무지,,
fashionpedia_seed/images/52a6dcf5c19a6f0f6033ebc8dd9f3078.jpg,train,200.0,672.0,295.0,274.0,스커트,,,,,,,,쇼츠·미니 기장,,,,,,애니멀,가죽,지퍼
fashionpedia_seed/images/67f807cdadb96ebc9e59beb2222e1d57.jpg,train,364.0,189.0,105.0,206.0,탑,,,,,,,크롭 기장,,,칼라 없음,슬림핏,,,무지,,
fashionpedia_seed/images/67f807cdadb96ebc9e59beb2222e1d57.jpg,train,365.0,370.0,192.0,487.0,팬츠,,,,,,,,롱·긴바지 기장,,,,스트레이트핏,H라인,무지,,지퍼
fashionpedia_seed/images/67f807cdadb96ebc9e59beb2222e1d57.jpg,train,342.0,210.0,273.0,489.0,코트,,,,,,,,,,,여유핏,,,무지,,
fashionpedia_seed/images/e14733841b04c64e75789a91fbe549b3.jpg,train,306.0,436.0,201.0,479.0,청바지,,,,,,,,롱·긴바지 기장,,,,스트레이트핏,H라인,무지,데님,플리츠|포켓|지퍼|벨트
fashionpedia_seed/images/7f5c5ed02e62a9afea01d6a60ac5e768.jpg,train,443.0,225.0,156.0,219.0,원피스,,,,,,,,쇼츠·미니 기장,,,,,X라인,도트,,플리츠|지퍼
fashionpedia_seed/images/d1e9977c8d5b658292c8be4aa054af35.jpg,train,223.0,279.0,316.0,427.0,탑,,,,,7부 소매,기본 소매,,,라운드넥,,레귤러핏,,,무지,,
fashionpedia_seed/images/d1e9977c8d5b658292c8be4aa054af35.jpg,train,162.0,532.0,282.0,491.0,스커트,,,,,,,,,,,,,비대칭,무지,,
fashionpedia_seed/images/923d9f0cbf8310c92e7949638ac59fdc.jpg,train,174.0,313.0,507.0,655.0,원피스,,,,,긴팔,기본 소매,,쇼츠·미니 기장,,,,,A라인,무지,,지퍼
fashionpedia_seed/images/68a8ab13c1413b5e8252fd7736e88860.jpg,train,233.0,514.0,116.0,294.0,팬츠,,,,,,,,롱·긴바지 기장,,,,슬림핏,,무지,,
fashionpedia_seed/images/68a8ab13c1413b5e8252fd7736e88860.jpg,train,98.0,223.0,317.0,579.0,코트,,,,,긴팔,,,,,,슬림핏,,,,퍼·플리스,후드
fashionpedia_seed/images/d2f3f13a7a3532cc905fe9f3bad10b8a.jpg,train,212.0,422.0,311.0,273.0,탑,,,,,반팔,,기본 기장,,,,슬림핏,,비대칭,애니멀|스트라이프,,리본
fashionpedia_seed/images/d2f3f13a7a3532cc905fe9f3bad10b8a.jpg,train,210.0,611.0,346.0,345.0,청바지,,,,,,,,롱·긴바지 기장,,,,스트레이트핏,H라인,무지,데님,
fashionpedia_seed/images/9eb8652e63ac33c79a9277fe0e115440.jpg,train,176.0,517.0,373.0,417.0,스커트,,,,,,,,쇼츠·미니 기장,,,,,,스트라이프,,
fashionpedia_seed/images/9eb8652e63ac33c79a9277fe0e115440.jpg,train,201.0,293.0,265.0,240.0,탑,,,,,,,크롭 기장,,,,슬림핏,,,스트라이프,,
fashionpedia_seed/images/88ed99e20253c0c56a6d70c8664d32ed.jpg,train,101.0,216.0,459.0,640.0,티셔츠,,,,,반팔,,기본 기장,,라운드넥,,레귤러핏,,,무지,,
fashionpedia_seed/images/458aec6dd827b8585dbfeeb7bd4cf4c9.jpg,train,326.0,659.0,157.0,152.0,청바지,,,,,,,,롱·긴바지 기장,,,,스트레이트핏,H라인,무지,데님,
fashionpedia_seed/images/458aec6dd827b8585dbfeeb7bd4cf4c9.jpg,train,343.0,530.0,140.0,133.0,티셔츠,,,,,반팔,캡 소매,기본 기장,,라운드넥,,레귤러핏,,,스트라이프,,포켓
fashionpedia_seed/images/166db2094576d8c91dd7b367e695e9a2.jpg,train,201.0,228.0,238.0,540.0,원피스,,,,,,,,미디·7부 기장,,,,,,무지,,지퍼|프릴·러플
fashionpedia_seed/images/8edb034e1536833519aa3ba46d0f8a4c.jpg,train,518.0,409.0,83.0,84.0,쇼츠,,,,,,,,쇼츠·미니 기장,,,,,,,,포켓
fashionpedia_seed/images/8edb034e1536833519aa3ba46d0f8a4c.jpg,train,524.0,290.0,76.0,162.0,셔츠,,,,,반팔,,크롭 기장,,,셔츠 칼라,여유핏,,,무지,,단추
fashionpedia_seed/images/2a2d4fb6f4a74ccbef9eb5410859cea8.jpg,train,256.0,458.0,181.0,444.0,청바지,,,,,,,,롱·긴바지 기장,,,,슬림핏,,무지,데님,포켓
fashionpedia_seed/images/2a2d4fb6f4a74ccbef9eb5410859cea8.jpg,train,255.0,276.0,184.0,207.0,탑,,,,,,,기본 기장,,,,슬림핏,,,무지,,
fashionpedia_seed/images/2a2d4fb6f4a74ccbef9eb5410859cea8.jpg,train,206.0,163.0,279.0,360.0,재킷,,,,,긴팔,기본 소매,크롭 기장,,,스탠드 칼라,레귤러핏,,,무지,,지퍼
fashionpedia_seed/images/28f3172e9e96bb17c1f9ec3697b175bc.jpg,train,158.0,420.0,152.0,174.0,쇼츠,,,,,,,,쇼츠·미니 기장,,,,슬림핏,,무지,,포켓|벨트
fashionpedia_seed/images/28f3172e9e96bb17c1f9ec3697b175bc.jpg,train,109.0,232.0,181.0,201.0,티셔츠,,,,,반팔,기본 소매,크롭 기장,,라운드넥,,슬림핏,,,무지,,리본
fashionpedia_seed/images/feea9874319fd9d25200c8127d01933d.jpg,train,205.0,243.0,205.0,302.0,원피스,,,,,반팔,캡 소매,,쇼츠·미니 기장,라운드넥,,,,A라인,무지,,단추|지퍼
fashionpedia_seed/images/d763f1b64e80e78559eb39998405ba64.jpg,train,449.0,467.0,224.0,120.0,팬츠,,,,,,,,롱·긴바지 기장,,,,슬림핏,,무지,,
fashionpedia_seed/images/d763f1b64e80e78559eb39998405ba64.jpg,train,437.0,221.0,233.0,357.0,재킷,,,,,긴팔,기본 소매,크롭 기장,,,,레귤러핏,,,무지,,지퍼|후드
fashionpedia_seed/images/2171b137ca967fb6540ce50fc824aaa4.jpg,val,305.0,653.0,51.0,93.0,스커트,,,,,,,,쇼츠·미니 기장,,,,플레어핏,,무지,,
fashionpedia_seed/images/2171b137ca967fb6540ce50fc824aaa4.jpg,val,308.0,506.0,47.0,154.0,셔츠,,,,,,,,,,셔츠 칼라,레귤러핏,,,스트라이프,,단추
fashionpedia_seed/images/2171b137ca967fb6540ce50fc824aaa4.jpg,val,242.0,491.0,179.0,308.0,코트,,,,,긴팔,,,,,라펠 칼라,여유핏,,,무지,,단추|포켓
fashionpedia_seed/images/0548e689638d1e559179b34bc895b72f.jpg,train,275.0,458.0,325.0,565.0,코트,,,,,긴팔,기본 소매,,,,,레귤러핏,,,무지,퍼·플리스,단추|지퍼|후드
fashionpedia_seed/images/4dc413ef5a47c5da696ba2f72835e6ed.jpg,val,213.0,204.0,254.0,356.0,블레이저,,,,,긴팔,기본 소매,기본 기장,,,라펠 칼라,레귤러핏,,,무지,,단추|포켓
fashionpedia_seed/images/4dc413ef5a47c5da696ba2f72835e6ed.jpg,val,292.0,225.0,61.0,224.0,니트,,,,,,,크롭 기장,,V넥,,,,,무지,니트,
fashionpedia_seed/images/4dc413ef5a47c5da696ba2f72835e6ed.jpg,val,284.0,194.0,88.0,52.0,폴로 셔츠,,,,,,,,,,폴로 칼라,,,,무지,,
fashionpedia_seed/images/4dc413ef5a47c5da696ba2f72835e6ed.jpg,val,180.0,446.0,267.0,494.0,팬츠,,,,,,,,롱·긴바지 기장,,,,와이드핏,,무지,,
fashionpedia_seed/images/4cf0603ca0e51e4ea465b2b9d5eea307.jpg,train,126.0,259.0,236.0,395.0,원피스,,,,,,,,쇼츠·미니 기장,오프숄더,,,,A라인,무지,,지퍼
fashionpedia_seed/images/f90c231e3eab5e147368c77592b6a7f7.jpg,val,273.0,519.0,133.0,66.0,스커트,,,,,,,,쇼츠·미니 기장,,,,,A라인,무지,,플리츠
fashionpedia_seed/images/f90c231e3eab5e147368c77592b6a7f7.jpg,val,263.0,215.0,143.0,320.0,니트,,,,,,,기본 기장,,터틀넥,,여유핏,,,무지,니트,
fashionpedia_seed/images/f90c231e3eab5e147368c77592b6a7f7.jpg,val,161.0,164.0,329.0,539.0,코트,,,,,긴팔,,,,,라펠 칼라,레귤러핏,,,무지,,단추|포켓
fashionpedia_seed/images/596b0afce8197d0db1a5431ae3697a1e.jpg,train,243.0,150.0,677.0,591.0,원피스,,,,,,,,롱·긴바지 기장,,,,,X라인,,,지퍼|프릴·러플
fashionpedia_seed/images/963999a4ce820148817057ade3cc956d.jpg,train,118.0,364.0,312.0,368.0,스커트,,,,,,,,무릎 기장,,,,,A라인,,,
fashionpedia_seed/images/963999a4ce820148817057ade3cc956d.jpg,train,130.0,204.0,264.0,155.0,티셔츠,,,,,반팔,캡 소매,크롭 기장,,터틀넥,,슬림핏,,,무지,,벨트
fashionpedia_seed/images/809906ce0fd1e001d613c9b13e7e8a4e.jpg,val,181.0,665.0,211.0,78.0,쇼츠,,,,,,,,쇼츠·미니 기장,,,,슬림핏,,무지,,포켓
fashionpedia_seed/images/809906ce0fd1e001d613c9b13e7e8a4e.jpg,val,102.0,286.0,446.0,577.0,블레이저,,,,,긴팔,기본 소매,크롭 기장,,,라펠 칼라,레귤러핏,,,스트라이프,,단추|포켓
fashionpedia_seed/images/809906ce0fd1e001d613c9b13e7e8a4e.jpg,val,199.0,331.0,159.0,357.0,티셔츠,,,,,,,크롭 기장,,보트넥,,레귤러핏,,,무지,,
fashionpedia_seed/images/bbb7c11a2a4fe731a371cdf9e223c360.jpg,train,233.0,550.0,187.0,329.0,청바지,,,,,,,,롱·긴바지 기장,,,,슬림핏,,무지,데님,
fashionpedia_seed/images/bbb7c11a2a4fe731a371cdf9e223c360.jpg,train,197.0,317.0,226.0,254.0,재킷,,,,,긴팔,기본 소매,크롭 기장,,,셔츠 칼라,레귤러핏,,,무지,,지퍼|포켓|벨트
fashionpedia_seed/images/95bca399ad3d4296c61863dadc45c82e.jpg,train,365.0,218.0,118.0,148.0,탑,,,,,긴팔,기본 소매,크롭 기장,,보트넥,,여유핏,,,플로럴,,
fashionpedia_seed/images/95bca399ad3d4296c61863dadc45c82e.jpg,train,354.0,282.0,133.0,314.0,스커트,,,,,,,,롱·긴바지 기장,,,,,비대칭,무지,,
fashionpedia_seed/images/cb43bd1cf64a15ba6d0bea9e343247ed.jpg,train,169.0,188.0,156.0,187.0,탑,,,,,,,,,V넥,,슬림핏,,,무지,,
fashionpedia_seed/images/cb43bd1cf64a15ba6d0bea9e343247ed.jpg,train,149.0,389.0,186.0,269.0,스커트,,,,,,,,무릎 기장,,,,,A라인,도트,,
fashionpedia_seed/images/35980d446169c38a1ebe02324dc0df36.jpg,train,387.0,375.0,226.0,293.0,티셔츠,,,,,반팔,캡 소매,,,,,레귤러핏,,,무지,,
fashionpedia_seed/images/35980d446169c38a1ebe02324dc0df36.jpg,train,458.0,639.0,181.0,174.0,쇼츠,,,,,,,,쇼츠·미니 기장,,,,,,무지,,포켓
fashionpedia_seed/images/a13f7be475e3cf371b342c0f2e320836.jpg,train,78.0,233.0,535.0,789.0,원피스,,,,,,기본 소매,,,보트넥,,,,,,,
fashionpedia_seed/images/05af199570c00b817102c3cb6834a6e4.jpg,train,153.0,188.0,259.0,354.0,니트,,,,,긴팔,,크롭 기장,,V넥,,여유핏,,,무지,니트,포켓
fashionpedia_seed/images/05af199570c00b817102c3cb6834a6e4.jpg,train,142.0,386.0,239.0,465.0,팬츠,,,,,,,,미디·7부 기장,,,,와이드핏,,무지,,플리츠
fashionpedia_seed/images/05af199570c00b817102c3cb6834a6e4.jpg,train,76.0,145.0,402.0,465.0,코트,,,,,긴팔,기본 소매,,,,라펠 칼라,레귤러핏,,,무지,,단추
fashionpedia_seed/images/35a40d006d7f633f12d86624236cf272.jpg,train,205.0,205.0,253.0,383.0,원피스,,,,,반팔,기본 소매,,쇼츠·미니 기장,,,,,A라인,무지|플로럴,,리본|벨트
fashionpedia_seed/images/a70857f8f76a18d097becc82eb33a9f1.jpg,train,131.0,195.0,247.0,286.0,티셔츠,,,,,반팔,기본 소매,기본 기장,,,,슬림핏,,,무지,,프릴·러플
fashionpedia_seed/images/a70857f8f76a18d097becc82eb33a9f1.jpg,train,172.0,453.0,179.0,208.0,스커트,,,,,,,,쇼츠·미니 기장,,,,스트레이트핏,H라인,무지,,
fashionpedia_seed/images/79a404d13384b4e687f5927f1d28e2e3.jpg,train,93.0,188.0,292.0,503.0,코트,,,,,7부 소매,기본 소매,,,,,여유핏,,,,,단추|포켓
fashionpedia_seed/images/79a404d13384b4e687f5927f1d28e2e3.jpg,train,95.0,177.0,258.0,688.0,점프수트,,,,,,,,롱·긴바지 기장,,셔츠 칼라,레귤러핏,,,플로럴,,
fashionpedia_seed/images/99027620fc97d34441847d380ea3b7aa.jpg,train,249.0,272.0,144.0,417.0,셔츠,,,,,,,기본 기장,,,셔츠 칼라,레귤러핏,,,도트,,단추
fashionpedia_seed/images/99027620fc97d34441847d380ea3b7aa.jpg,train,261.0,323.0,132.0,290.0,티셔츠,,,,,,,크롭 기장,,,,레귤러핏,,,무지,,
fashionpedia_seed/images/99027620fc97d34441847d380ea3b7aa.jpg,train,104.0,279.0,375.0,612.0,코트,,,,,긴팔,기본 소매,,,,,레귤러핏,,,무지,,지퍼|포켓
fashionpedia_seed/images/99027620fc97d34441847d380ea3b7aa.jpg,train,167.0,672.0,319.0,351.0,팬츠,,,,,,,,,,,,,,체크|도트,,
fashionpedia_seed/images/3b3fc92c529527b7c1dbe7d45c281beb.jpg,train,295.0,400.0,237.0,513.0,청바지,,,,,,,,롱·긴바지 기장,,,,,,무지,데님,포켓
fashionpedia_seed/images/3b3fc92c529527b7c1dbe7d45c281beb.jpg,train,305.0,166.0,187.0,242.0,탑,,,,,,,크롭 기장,,,,슬림핏,,,무지,,
fashionpedia_seed/images/e0ea97f3ac46d041519535fa3665080e.jpg,train,163.0,148.0,274.0,715.0,원피스,,,,,,,,롱·긴바지 기장,,,,,비대칭,도트,,지퍼
fashionpedia_seed/images/45f26491ce9c674b8a12cef0f31d715b.jpg,val,280.0,488.0,163.0,468.0,티셔츠,,,,,,,크롭 기장,,V넥,,슬림핏,,비대칭,무지,,
fashionpedia_seed/images/45f26491ce9c674b8a12cef0f31d715b.jpg,val,363.0,546.0,70.0,70.0,티셔츠,,,,,,,,,,,슬림핏,,,무지,,
fashionpedia_seed/images/45f26491ce9c674b8a12cef0f31d715b.jpg,val,267.0,732.0,210.0,291.0,팬츠,,,,,,,,,,,,슬림핏,,무지,,
fashionpedia_seed/images/45f26491ce9c674b8a12cef0f31d715b.jpg,val,190.0,483.0,371.0,435.0,블레이저,,,,,긴팔,기본 소매,기본 기장,,,라펠 칼라,레귤러핏,,,무지,,포켓
fashionpedia_seed/images/7450a0ad431b3446ab57608050095649.jpg,train,250.0,514.0,265.0,388.0,청바지,,,,,,,,롱·긴바지 기장,,,,슬림핏,H라인,무지,데님,
fashionpedia_seed/images/7450a0ad431b3446ab57608050095649.jpg,train,282.0,289.0,155.0,254.0,티셔츠,,,,,,,기본 기장,,,,여유핏,,,무지,,
fashionpedia_seed/images/7450a0ad431b3446ab57608050095649.jpg,train,234.0,201.0,223.0,374.0,셔츠,,,,,긴팔,,기본 기장,,,셔츠 칼라,여유핏,,,무지,,단추|포켓
fashionpedia_seed/images/b360c19580caf49e561173fab54bfdb2.jpg,val,204.0,518.0,236.0,351.0,팬츠,,,,,,,,롱·긴바지 기장,,,,,,무지,,포켓|벨트
fashionpedia_seed/images/b360c19580caf49e561173fab54bfdb2.jpg,val,189.0,217.0,274.0,358.0,셔츠,,,,,긴팔,기본 소매,기본 기장,,,셔츠 칼라,슬림핏,,,무지,,단추|포켓
fashionpedia_seed/images/0a563d036018e91cd9b5899adb50ec18.jpg,val,257.0,380.0,187.0,456.0,팬츠,,,,,,,,롱·긴바지 기장,,,,,,도트,,
fashionpedia_seed/images/0a563d036018e91cd9b5899adb50ec18.jpg,val,238.0,197.0,221.0,188.0,탑,,,,,반팔,캡 소매,크롭 기장,,라운드넥,,레귤러핏,,,무지,,
fashionpedia_seed/images/8e3d327c799e1a524cd9691b42964efa.jpg,val,215.0,236.0,159.0,331.0,티셔츠,,,,,,,기본 기장,,,,레귤러핏,,,스트라이프,,
fashionpedia_seed/images/8e3d327c799e1a524cd9691b42964efa.jpg,val,271.0,531.0,97.0,82.0,쇼츠,,,,,,,,쇼츠·미니 기장,,,,슬림핏,,무지,,
fashionpedia_seed/images/9888899a5551c6148dacc986272a4ff0.jpg,val,0.0,264.0,677.0,759.0,코트,,,,,,,,,,라펠 칼라,레귤러핏,,,애니멀,,단추
fashionpedia_seed/images/c289db2928b41ea6f09a2b7a1abe6ca5.jpg,train,215.0,203.0,93.0,79.0,티셔츠,,,,,,,,,라운드넥,,슬림핏,,,무지,,
fashionpedia_seed/images/c289db2928b41ea6f09a2b7a1abe6ca5.jpg,train,188.0,269.0,197.0,324.0,원피스,,,,,,,,쇼츠·미니 기장,,,,,H라인,무지,,지퍼
fashionpedia_seed/images/c289db2928b41ea6f09a2b7a1abe6ca5.jpg,train,25.0,147.0,222.0,330.0,재킷,,,,,긴팔,,크롭 기장,,,,레귤러핏,,,무지,퍼·플리스,단추
fashionpedia_seed/images/c289db2928b41ea6f09a2b7a1abe6ca5.jpg,train,299.0,154.0,235.0,340.0,재킷,,,,,긴팔,,크롭 기장,,,,레귤러핏,,,무지,퍼·플리스,단추
fashionpedia_seed/images/20f9819eaa83ce17d76baf30880cd99f.jpg,train,605.0,130.0,299.0,487.0,원피스,,,,,긴팔,벌룬 소매,,미디·7부 기장,,스탠드 칼라,,,X라인,,,지퍼
fashionpedia_seed/images/20f9819eaa83ce17d76baf30880cd99f.jpg,train,701.0,597.0,205.0,60.0,청바지,,,,,,,,롱·긴바지 기장,,,,슬림핏,,무지,데님,
fashionpedia_seed/images/d456b51deebc83e01cfef985d05e063e.jpg,train,377.0,178.0,293.0,358.0,티셔츠,,,,,긴팔,기본 소매,크롭 기장,,라운드넥,,레귤러핏,,,무지,,
fashionpedia_seed/images/d456b51deebc83e01cfef985d05e063e.jpg,train,439.0,406.0,233.0,523.0,스커트,,,,,,,,롱·긴바지 기장,,,,,,무지,,
fashion200k_supplement/images/91191384_0.jpeg,train,,,,,블라우스,,,,,,,,,,,,,,,,프릴·러플
fashion200k_supplement/images/91191864_0.jpeg,train,,,,,블라우스,,,,,,,,,,,,,,,,
fashion200k_supplement/images/91192398_0.jpeg,val,,,,,블라우스,,,,,,,,,,,,,,,실크·새틴|레이스,레이스
fashion200k_supplement/images/91192519_0.jpeg,train,,,,,블라우스,,,,,,,,,,,,,,,실크·새틴,
fashion200k_supplement/images/91193053_0.jpeg,train,,,,,블라우스,,,,,,,,,,,,,,체크,울,
fashion200k_supplement/images/91194504_0.jpeg,train,,,,,블라우스,,,,,민소매,,,,,,,,,플로럴,,
fashion200k_supplement/images/91195976_0.jpeg,train,,,,,블라우스,,,,,,,,,,,,,,,실크·새틴,
fashion200k_supplement/images/91196163_0.jpeg,train,,,,,블라우스,,,,,,,,,,,,,,,코튼,
fashion200k_supplement/images/91198587_0.jpeg,train,,,,,블라우스,,,,,,,,,,,,,,,,
fashion200k_supplement/images/91199622_0.jpeg,train,,,,,블라우스,,,,,,,,,,,,,,,실크·새틴,
fashion200k_supplement/images/91199655_0.jpeg,train,,,,,블라우스,,,,,,,,,,,,,,,,
fashion200k_supplement/images/91200284_0.jpeg,train,,,,,블라우스,,,,,긴팔,,,,,,,,,체크,,
fashion200k_supplement/images/91200920_0.jpeg,train,,,,,블라우스,,,,,,,,,,,,,,,실크·새틴,
fashion200k_supplement/images/91202544_0.jpeg,train,,,,,블라우스,,,,,,,,,,,,,,,실크·새틴,
fashion200k_supplement/images/91202986_0.jpeg,train,,,,,블라우스,,,,,,,,,,,,,,,,프릴·러플
fashion200k_supplement/images/91204925_0.jpeg,train,,,,,블라우스,,,,,,,,,,,오버핏,,,,레이스,레이스
fashion200k_supplement/images/91205540_0.jpeg,train,,,,,블라우스,,,,,,,,,,,,,,,,
fashion200k_supplement/images/91206392_0.jpeg,val,,,,,블라우스,,,,,,,,,,,,,,플로럴,레이스,레이스
fashion200k_supplement/images/91209185_0.jpeg,train,,,,,블라우스,,,,,,,,,,,,,,,시폰,
fashion200k_supplement/images/91210005_2.jpeg,val,,,,,블라우스,,,,,,,,,,,,,,,실크·새틴,
fashion200k_supplement/images/91212075_0.jpeg,train,,,,,블라우스,,,,,,,,,,,,,,,실크·새틴,
fashion200k_supplement/images/91212662_0.jpeg,train,,,,,블라우스,,,,,,,,,,,,,,,,
fashion200k_supplement/images/91214889_0.jpeg,train,,,,,블라우스,,,,,,,,,,,,,,,,
fashion200k_supplement/images/91215272_0.jpeg,train,,,,,블라우스,,,,,,,,,,,,,,,울,자수
fashion200k_supplement/images/91215410_0.jpeg,val,,,,,블라우스,,,,,,,,,,,,,,,시폰|실크·새틴,
fashion200k_supplement/images/91215515_0.jpeg,train,,,,,블라우스,,,,,,,,,,,,,,,울,
fashion200k_supplement/images/91216124_0.jpeg,train,,,,,블라우스,,,,,민소매,,,,,,,,,체크,실크·새틴,
fashion200k_supplement/images/91216131_0.jpeg,val,,,,,블라우스,,,,,민소매,,,,V넥,,,,,,,프릴·러플
fashion200k_supplement/images/91216719_0.jpeg,train,,,,,블라우스,,,,,,,,,,,,,,,데님,
fashion200k_supplement/images/91217043_0.jpeg,train,,,,,블라우스,,,,,,,,,,,,,,,,
fashion200k_supplement/images/91217121_0.jpeg,train,,,,,블라우스,,,,,,,,,,,,,,,실크·새틴,
fashion200k_supplement/images/91217162_0.jpeg,train,,,,,블라우스,,,,,,,,,,,,,,,실크·새틴,
fashion200k_supplement/images/91217469_0.jpeg,train,,,,,블라우스,,,,,,,크롭 기장,,,,,,,,,
fashion200k_supplement/images/91217855_0.jpeg,train,,,,,블라우스,,,,,,,,,,,,,,,레이스,레이스
fashion200k_supplement/images/91217860_0.jpeg,val,,,,,블라우스,,,,,,,,,,,,,,,실크·새틴,
fashion200k_supplement/images/91218173_0.jpeg,train,,,,,블라우스,,,,,,,,,,,,,,,시폰|실크·새틴,
fashion200k_supplement/images/91218349_0.jpeg,train,,,,,블라우스,,,,,,,,,,,,,,,실크·새틴,
fashion200k_supplement/images/91219451_0.jpeg,train,,,,,블라우스,,,,,,,,,,,,,,,,
fashion200k_supplement/images/91220541_1.jpeg,val,,,,,블라우스,,,,,,,,,,,,,,,울|실크·새틴,
fashion200k_supplement/images/91221322_0.jpeg,val,,,,,블라우스,,,,,,,,,,,,,,,레이스,레이스
fashion200k_supplement/images/91222300_0.jpeg,train,,,,,블라우스,,,,,,,,,,,,,,,시폰|실크·새틴,
fashion200k_supplement/images/91222961_0.jpeg,train,,,,,블라우스,,,,,,,,,,,,,,,,
fashion200k_supplement/images/91223130_0.jpeg,val,,,,,블라우스,,,,,,,,,,,,,,,시폰,
fashion200k_supplement/images/91223660_0.jpeg,train,,,,,폴로 셔츠,,,,,반팔,,,,,폴로 칼라,,,,,,
fashion200k_supplement/images/91224972_0.jpeg,train,,,,,블라우스,,,,,,,,,,,,,,,,
fashion200k_supplement/images/91225505_0.jpeg,train,,,,,블라우스,,,,,,,,,,,,,,,,
fashion200k_supplement/images/91226224_0.jpeg,train,,,,,블라우스,,,,,,,,,,,,,,,시폰,
fashion200k_supplement/images/91229535_0.jpeg,train,,,,,블라우스,,,,,,,,,,,,,,,,
fashion200k_supplement/images/91230303_0.jpeg,train,,,,,블라우스,,,,,,,,,,,,,,,,
fashion200k_supplement/images/91230448_0.jpeg,train,,,,,블라우스,,,,,,,,,,,,,,,,
fashion200k_supplement/images/91231190_0.jpeg,val,,,,,블라우스,,,,,,,,,,,,,,플로럴,,
fashion200k_supplement/images/91232657_0.jpeg,val,,,,,블라우스,,,,,,,,,,,,,,,,
fashion200k_supplement/images/91233364_1.jpeg,val,,,,,블라우스,,,,,,,,,,,,,,,실크·새틴,
fashion200k_supplement/images/91233493_0.jpeg,val,,,,,블라우스,,,,,,,,,,,,,,,,
fashion200k_supplement/images/91235634_0.jpeg,train,,,,,블라우스,,,,,,,,,,,,,,,,
fashion200k_supplement/images/91235676_0.jpeg,train,,,,,블라우스,,,,,긴팔,,,,,,,,,,메시,
fashion200k_supplement/images/91236787_0.jpeg,train,,,,,블라우스,,,,,,,,,,,,,,,레이스,레이스
fashion200k_supplement/images/91236850_0.jpeg,train,,,,,블라우스,,,,,,,,,,,,,,,,
fashion200k_supplement/images/91237224_0.jpeg,train,,,,,블라우스,,,,,,,,,,,,,,,,
fashion200k_supplement/images/91238053_0.jpeg,val,,,,,블라우스,,,,,,,,,,,,,,,,
fashion200k_supplement/images/91238393_0.jpeg,train,,,,,블라우스,,,,,,,,,,,,,,,,자수
fashion200k_supplement/images/91238859_0.jpeg,train,,,,,블라우스,,,,,,,롱 기장,,,,,,,,실크·새틴,
fashion200k_supplement/images/91240328_0.jpeg,val,,,,,블라우스,,,,,,,,,,,,,,,실크·새틴,
fashion200k_supplement/images/91240629_0.jpeg,train,,,,,블라우스,,,,,,,,,,,,,,,,
fashion200k_supplement/images/91241315_0.jpeg,train,,,,,블라우스,,,,,,,,,,,,,,,실크·새틴,
fashion200k_supplement/images/91241520_0.jpeg,val,,,,,블라우스,,,,,,,롱 기장,,,,,,,플로럴,실크·새틴,
fashion200k_supplement/images/91243357_0.jpeg,train,,,,,블라우스,,,,,,,,,,,,,,,,자수
fashion200k_supplement/images/91243717_0.jpeg,train,,,,,블라우스,,,,,,,,,,,,,,,,
fashion200k_supplement/images/91244029_1.jpeg,train,,,,,블라우스,,,,,,,,,오프숄더,,,,,,,
fashion200k_supplement/images/91244234_0.jpeg,train,,,,,블라우스,,,,,,,,,,,,,,,,자수
fashion200k_supplement/images/91244847_0.jpeg,train,,,,,블라우스,,,,,,,,,,,,,,,,
fashion200k_supplement/images/91244870_0.jpeg,train,,,,,블라우스,,,,,,,,,,,,,,,,
fashion200k_supplement/images/91245101_0.jpeg,val,,,,,블라우스,,,,,,,,,오프숄더,,,,,,,
fashion200k_supplement/images/91245852_0.jpeg,train,,,,,블라우스,,,,,,,,,,,,,,,,
fashion200k_supplement/images/91245956_0.jpeg,train,,,,,블라우스,,,,,,,,,,,,,,,레이스,레이스
fashion200k_supplement/images/91247706_0.jpeg,train,,,,,블라우스,,,,,,,,,,,,,,,,자수
fashion200k_supplement/images/91247746_0.jpeg,train,,,,,블라우스,,,,,,,,,,,,,,,,
fashion200k_supplement/images/91248500_1.jpeg,train,,,,,블라우스,,,,,,,,,,,,,,플로럴,,
fashion200k_supplement/images/91249137_0.jpeg,val,,,,,블라우스,,,,,,,,,,,,,,,메시,
fashion200k_supplement/images/91249770_0.jpeg,train,,,,,블라우스,,,,,,,,,,,,,,,,
fashion200k_supplement/images/91250489_0.jpeg,train,,,,,블라우스,,,,,,,,,,,,,,,,
fashion200k_supplement/images/91250663_0.jpeg,train,,,,,블라우스,,,,,,,롱 기장,,,,,,,,,포켓
fashion200k_supplement/images/91251173_0.jpeg,val,,,,,블라우스,,,,,,,,,,,,,,,울,
fashion200k_supplement/images/91252607_1.jpeg,train,,,,,블라우스,,,,,,,,,,,,,,,,리본
fashion200k_supplement/images/91253558_0.jpeg,train,,,,,블라우스,,,,,,,,,,,,,,,레이스,자수|레이스
fashion200k_supplement/images/91253700_0.jpeg,val,,,,,블라우스,,,,,,,,,,,,,,,실크·새틴,
fashion200k_supplement/images/91254119_0.jpeg,train,,,,,블라우스,,,,,,,,,,,,,,,실크·새틴,
fashion200k_supplement/images/91254406_0.jpeg,train,,,,,블라우스,,,,,,,,,,,,,,,,
fashion200k_supplement/images/91254486_0.jpeg,val,,,,,블라우스,,,,,민소매,,,,,,,,,체크,,
fashion200k_supplement/images/91254604_0.jpeg,val,,,,,블라우스,,,,,반팔,,,,,,,,,,,
fashion200k_supplement/images/91254827_0.jpeg,train,,,,,블라우스,,,,,,,,,,,,,,,,
fashion200k_supplement/images/91255905_0.jpeg,train,,,,,블라우스,,,,,,,,,,,,,,,실크·새틴,
fashion200k_supplement/images/91255958_0.jpeg,train,,,,,블라우스,,,,,,,크롭 기장,,,,,,,,,
fashion200k_supplement/images/91256534_0.jpeg,train,,,,,블라우스,,,,,,,,,V넥,,,,,,실크·새틴,
fashion200k_supplement/images/91256937_0.jpeg,train,,,,,블라우스,,,,,민소매,,,,,,,,,,,
fashion200k_supplement/images/91258127_0.jpeg,val,,,,,블라우스,,,,,,,,,,,,,,,,
fashion200k_supplement/images/91258175_0.jpeg,val,,,,,블라우스,,,,,,,,,,,,,,,,
fashion200k_supplement/images/91259434_0.jpeg,train,,,,,블라우스,,,,,,,,,,,,,,,레이스,레이스
fashion200k_supplement/images/91259669_0.jpeg,val,,,,,블라우스,,,,,긴팔,,,,,,,,,,,포켓
fashion200k_supplement/images/91259829_0.jpeg,train,,,,,블라우스,,,,,,,,,,,,,,,실크·새틴,자수
fashion200k_supplement/images/91259972_0.jpeg,train,,,,,블라우스,,,,,,,,,,,,,,,,
fashion200k_supplement/images/91260327_0.jpeg,train,,,,,블라우스,,,,,,,,,,,,,,,레이스,레이스
fashion200k_supplement/images/91260506_3.jpeg,train,,,,,블라우스,,,,,,,크롭 기장,,,,,,,,,프릴·러플
fashion200k_supplement/images/91261312_0.jpeg,train,,,,,블라우스,,,,,,,,,,,,,,도트,,
fashion200k_supplement/images/91262400_0.jpeg,train,,,,,블라우스,,,,,,,,,,,,,,,실크·새틴,
fashion200k_supplement/images/91262765_0.jpeg,val,,,,,블라우스,,,,,,,,,,,,,,,,
fashion200k_supplement/images/91263161_0.jpeg,train,,,,,블라우스,,,,,,,,,,,,,,,실크·새틴,
fashion200k_supplement/images/91263986_1.jpeg,train,,,,,블라우스,,,,,,,,,,,오버핏,,,,실크·새틴,
fashion200k_supplement/images/91264177_0.jpeg,val,,,,,블라우스,,,,,,,,,,,,,,,울|레이스,레이스
fashion200k_supplement/images/91264627_0.jpeg,val,,,,,블라우스,,,,,,,,,,,,,,,,
fashion200k_supplement/images/91265940_0.jpeg,train,,,,,블라우스,,,,,,,,,,,,,,,실크·새틴,
fashion200k_supplement/images/91268876_0.jpeg,val,,,,,블라우스,,,,,,,,,,,,,,체크,,
fashion200k_supplement/images/91269362_0.jpeg,train,,,,,블라우스,,,,,,,,,,,,,,,스웨이드,
fashion200k_supplement/images/91269538_0.jpeg,train,,,,,블라우스,,,,,민소매,,,,,,,,,,,자수
fashion200k_supplement/images/91269717_1.jpeg,train,,,,,블라우스,,,,,,,,,,,,,,,실크·새틴,프릴·러플
fashion200k_supplement/images/91269996_1.jpeg,train,,,,,블라우스,,,,,,,,,,,,,,,실크·새틴,
fashion200k_supplement/images/91270235_0.jpeg,val,,,,,블라우스,,,,,,,,,,,,,,,,
fashion200k_supplement/images/91271367_0.jpeg,train,,,,,폴로 셔츠,,,,,,,,,,폴로 칼라,,,,,,
fashion200k_supplement/images/91272486_1.jpeg,train,,,,,블라우스,,,,,,,,,,,,,,,시폰,
fashion200k_supplement/images/91273900_0.jpeg,train,,,,,블라우스,,,,,,,,,,,,,,플로럴,,
fashion200k_supplement/images/91274833_1.jpeg,train,,,,,블라우스,,,,,,,,,,,,,,,,리본
fashion200k_supplement/images/91275355_0.jpeg,val,,,,,블라우스,,,,,,,롱 기장,,,,,,,,,리본
fashion200k_supplement/images/91276720_0.jpeg,train,,,,,블라우스,,,,,,,,,,,,,,도트,,
fashion200k_supplement/images/91277625_0.jpeg,train,,,,,블라우스,,,,,,,,,,,,,,,,
fashion200k_supplement/images/91278089_0.jpeg,train,,,,,블라우스,,,,,,,,,,,,,,,,
fashion200k_supplement/images/91278695_0.jpeg,train,,,,,블라우스,,,,,,,,,,,,,,,코튼,
fashion200k_supplement/images/91279378_0.jpeg,train,,,,,블라우스,,,,,,,,,,,,,,,레이스,레이스
fashion200k_supplement/images/91279652_0.jpeg,val,,,,,블라우스,,,,,,,,,,,,,,,,
fashion200k_supplement/images/91281349_0.jpeg,train,,,,,블라우스,,,,,,,,,,,,,,,,
fashion200k_supplement/images/91281765_0.jpeg,val,,,,,블라우스,,,,,긴팔,,,,,,,,,,코튼,
fashion200k_supplement/images/91283666_0.jpeg,val,,,,,블라우스,,,,,,,,,,,,,,,,
fashion200k_supplement/images/91285042_0.jpeg,val,,,,,블라우스,,,,,,,,,,,,,,,시폰,리본
fashion200k_supplement/images/91286521_0.jpeg,train,,,,,블라우스,,,,,,,,,,,,,,,시폰,
fashion200k_supplement/images/91287058_0.jpeg,train,,,,,블라우스,,,,,,,,,,,,,,,실크·새틴,
fashion200k_supplement/images/91287553_0.jpeg,train,,,,,블라우스,,,,,,,,,,,,,,,,
fashion200k_supplement/images/91289353_0.jpeg,train,,,,,블라우스,,,,,,,,,,,,,,,시폰,자수
fashion200k_supplement/images/91289540_0.jpeg,train,,,,,블라우스,,,,,,,,,,,,,,,실크·새틴,
fashion200k_supplement/images/91289550_0.jpeg,train,,,,,블라우스,,,,,,,,,,,,,,,,
fashion200k_supplement/images/91289577_0.jpeg,train,,,,,블라우스,,,,,,,,,,,,,,,스웨이드,
fashion200k_supplement/images/91289597_0.jpeg,train,,,,,블라우스,,,,,,,,,,,,,,,,프릴·러플
fashion200k_supplement/images/91290318_0.jpeg,train,,,,,블라우스,,,,,,,,,,,,,,,,자수
fashion200k_supplement/images/91290814_0.jpeg,train,,,,,블라우스,,,,,,,,,,,,,,,레이스,레이스
fashion200k_supplement/images/91290847_0.jpeg,train,,,,,블라우스,,,,,,,롱 기장,,,,,,,,스웨이드,
fashion200k_supplement/images/91290937_0.jpeg,train,,,,,블라우스,,,,,,,,,,,,,,컬러 블록,실크·새틴|레이스,레이스
fashion200k_supplement/images/91290971_0.jpeg,train,,,,,블라우스,,,,,,,,,,,,,,플로럴,,
fashion200k_supplement/images/91291016_0.jpeg,train,,,,,블라우스,,,,,,,,,,,,,,,시폰,
fashion200k_supplement/images/91291190_0.jpeg,train,,,,,블라우스,,,,,,,,,,,,,,,,
fashion200k_supplement/images/91291550_0.jpeg,val,,,,,블라우스,,,,,,,,,,,,,,,,
fashion200k_supplement/images/91291587_0.jpeg,train,,,,,블라우스,,,,,긴팔,,,,,,,,,,,
fashion200k_supplement/images/91291714_0.jpeg,train,,,,,블라우스,,,,,,,,,,,,,,,실크·새틴,
fashion200k_supplement/images/91292155_0.jpeg,val,,,,,블라우스,,,,,,,,,,,,,,,,
fashion200k_supplement/images/91292743_0.jpeg,train,,,,,블라우스,,,,,,,,,,,,,,,,
fashion200k_supplement/images/91294539_0.jpeg,train,,,,,블라우스,,,,,,,,,,,,,,,실크·새틴,
fashion200k_supplement/images/91295480_0.jpeg,train,,,,,블라우스,,,,,,,,,,,,,,,,
fashion200k_supplement/images/91295895_0.jpeg,train,,,,,블라우스,,,,,,,,,,,,,,,,
fashion200k_supplement/images/91295953_0.jpeg,train,,,,,블라우스,,,,,,,,,,,,,,,실크·새틴,
fashion200k_supplement/images/91297175_0.jpeg,train,,,,,블라우스,,,,,,,,,,,,,,,실크·새틴|레이스,프릴·러플|레이스
fashion200k_supplement/images/91298210_0.jpeg,val,,,,,블라우스,,,,,,,,,,,,,,,레이스,레이스
fashion200k_supplement/images/91298954_0.jpeg,train,,,,,블라우스,,,,,,,,,,,,,,,실크·새틴,
fashion200k_supplement/images/91299146_0.jpeg,train,,,,,블라우스,,,,,민소매,,,,,,,,,,시폰,
fashion200k_supplement/images/91299195_0.jpeg,train,,,,,블라우스,,,,,,,,,,,,,,,실크·새틴,
fashion200k_supplement/images/91299956_0.jpeg,train,,,,,블라우스,,,,,,,,,,,,,,,,
fashion200k_supplement/images/91300454_0.jpeg,train,,,,,블라우스,,,,,,,,,,,,,,,,
fashion200k_supplement/images/91302659_0.jpeg,train,,,,,블라우스,,,,,,,,,,,,,,,실크·새틴,프릴·러플
fashion200k_supplement/images/91302756_0.jpeg,val,,,,,블라우스,,,,,,,,,,,,,,,레이스,레이스
fashion200k_supplement/images/91305412_0.jpeg,train,,,,,블라우스,,,,,,,,,,,,,,,,자수
fashion200k_supplement/images/91306086_0.jpeg,train,,,,,블라우스,,,,,,,,,,,,,,,실크·새틴,
fashion200k_supplement/images/91306342_0.jpeg,train,,,,,블라우스,,,,,,,,,V넥,,,,,,,
fashion200k_supplement/images/91307183_0.jpeg,train,,,,,블라우스,,,,,,,,,,,,,,,,
fashion200k_supplement/images/91307923_0.jpeg,val,,,,,블라우스,,,,,,,,,,,,,,,니트,
fashion200k_supplement/images/91308789_0.jpeg,val,,,,,블라우스,,,,,긴팔,,,,V넥,,,,,,,
fashion200k_supplement/images/91309703_0.jpeg,train,,,,,블라우스,,,,,,,,,,,,,,,,
fashion200k_supplement/images/91310326_0.jpeg,train,,,,,블라우스,,,,,,,,,,,,,,,,
fashion200k_supplement/images/91311534_0.jpeg,train,,,,,블라우스,,,,,,,,,,,,,,,실크·새틴,
fashion200k_supplement/images/91312038_0.jpeg,train,,,,,블라우스,,,,,,,,,,,,,,,실크·새틴,
fashion200k_supplement/images/91315019_0.jpeg,train,,,,,블라우스,,,,,,,,,,,,,,,,
fashion200k_supplement/images/91315253_0.jpeg,train,,,,,블라우스,,,,,,,,,,,,,,,실크·새틴,
fashion200k_supplement/images/91315418_0.jpeg,train,,,,,블라우스,,,,,,,,,,,,,,,,
fashion200k_supplement/images/91315821_0.jpeg,train,,,,,블라우스,,,,,,,,,,,,,,,,자수
fashion200k_supplement/images/91316327_0.jpeg,train,,,,,블라우스,,,,,,,,,,,,,,,실크·새틴,
fashion200k_supplement/images/91316446_0.jpeg,val,,,,,블라우스,,,,,,,,,,,,,,,실크·새틴,
fashion200k_supplement/images/91318143_0.jpeg,train,,,,,블라우스,,,,,,,,,,,,,,,실크·새틴,
fashion200k_supplement/images/91321533_0.jpeg,val,,,,,블라우스,,,,,,,,,,,,,,,실크·새틴,
fashion200k_supplement/images/91322160_1.jpeg,train,,,,,블라우스,,,,,,,,,,,,,,,실크·새틴,
fashion200k_supplement/images/91322221_0.jpeg,train,,,,,블라우스,,,,,,,,,,,,,,,,
fashion200k_supplement/images/91322314_0.jpeg,train,,,,,블라우스,,,,,민소매,,,,,,,,,,레이스,레이스
fashion200k_supplement/images/91323878_0.jpeg,val,,,,,블라우스,,,,,,,,,,,,,,,,
fashion200k_supplement/images/91323924_0.jpeg,train,,,,,블라우스,,,,,,,,,,,,,,,,
fashion200k_supplement/images/91326302_0.jpeg,train,,,,,블라우스,,,,,,,,,,,,,,,,
fashion200k_supplement/images/91326579_0.jpeg,train,,,,,블라우스,,,,,,,,,,,,,,,,
fashion200k_supplement/images/91326841_0.jpeg,val,,,,,블라우스,,,,,,,,,,,,,,,,
fashion200k_supplement/images/91327197_0.jpeg,val,,,,,블라우스,,,,,,,,,,,,,,,,
fashion200k_supplement/images/91327887_0.jpeg,val,,,,,블라우스,,,,,,,,,,,,,,,실크·새틴,
fashion200k_supplement/images/91328548_0.jpeg,train,,,,,블라우스,,,,,,,,,,,,,,,,
fashion200k_supplement/images/91330559_0.jpeg,train,,,,,블라우스,,,,,,,,,,,,,,플로럴,,
fashion200k_supplement/images/91330666_1.jpeg,train,,,,,블라우스,,,,,,,,,,,,,,,실크·새틴,리본
fashion200k_supplement/images/91330890_0.jpeg,train,,,,,블라우스,,,,,,,롱 기장,,,,,,,체크,울,
fashion200k_supplement/images/91331219_2.jpeg,train,,,,,블라우스,,,,,,,,,,,,,,,,
fashion200k_supplement/images/91332048_0.jpeg,val,,,,,블라우스,,,,,,,,,,,,,,,,
fashion200k_supplement/images/91332180_0.jpeg,train,,,,,블라우스,,,,,,,,,,,,,,,,
fashion200k_supplement/images/91333156_0.jpeg,train,,,,,블라우스,,,,,,,,,,,,,,플로럴,,
fashion200k_supplement/images/91334205_0.jpeg,train,,,,,블라우스,,,,,,,,,,,,,,,,
fashion200k_supplement/images/91334216_0.jpeg,train,,,,,블라우스,,,,,,,,,,,,,,,코튼,
fashion200k_supplement/images/91334226_1.jpeg,train,,,,,블라우스,,,,,,,,,,,,,,,,
fashion200k_supplement/images/91334321_0.jpeg,train,,,,,블라우스,,,,,,,,,,,,,,,,
fashion200k_supplement/images/91335210_0.jpeg,train,,,,,블라우스,,,,,,,,,,,,,,,코튼|레이스,레이스
fashion200k_supplement/images/91335982_0.jpeg,train,,,,,블라우스,,,,,,,,,,,,,,플로럴,,
fashion200k_supplement/images/91336243_0.jpeg,train,,,,,블라우스,,,,,,,크롭 기장,,,,,,,,,
fashion200k_supplement/images/91336493_0.jpeg,train,,,,,블라우스,,,,,,,,,,,,,,,,
fashion200k_supplement/images/91337187_0.jpeg,train,,,,,블라우스,,,,,,,,,V넥,,,,,,,
fashion200k_supplement/images/91337466_0.jpeg,train,,,,,블라우스,,,,,,,,,,,,,,,시폰|실크·새틴,
fashion200k_supplement/images/91338392_0.jpeg,val,,,,,블라우스,,,,,,,,,,,,,,,,
fashion200k_supplement/images/91338498_0.jpeg,train,,,,,블라우스,,,,,,,,,,,,,,,,
fashion200k_supplement/images/91338962_0.jpeg,train,,,,,블라우스,,,,,민소매,,,,,,,,,,,
fashion200k_supplement/images/91339358_0.jpeg,train,,,,,블라우스,,,,,,,,,,,,,,,레이스,레이스
fashion200k_supplement/images/91339458_1.jpeg,train,,,,,블라우스,,,,,,,,,,,,,,,,
fashion200k_supplement/images/91339975_0.jpeg,train,,,,,블라우스,,,,,,,,,,,,,,,레이스,레이스
fashion200k_supplement/images/91340179_0.jpeg,train,,,,,블라우스,,,,,,,,,,,,,,,코튼,
fashion200k_supplement/images/91340251_1.jpeg,train,,,,,블라우스,,,,,,,,,,,,,,,스웨이드,
fashion200k_supplement/images/91340313_0.jpeg,train,,,,,블라우스,,,,,,,,,,,,,,,실크·새틴,
fashion200k_supplement/images/91341041_0.jpeg,train,,,,,블라우스,,,,,민소매,,,,,,,,,,,
fashion200k_supplement/images/91341236_0.jpeg,val,,,,,블라우스,,,,,,,,,,,,,,,,
fashion200k_supplement/images/91341390_0.jpeg,train,,,,,블라우스,,,,,긴팔,,,,,,,,,,,스팽글
fashion200k_supplement/images/91341867_0.jpeg,train,,,,,블라우스,,,,,,,,,,,,,,,실크·새틴,
fashion200k_supplement/images/91342356_0.jpeg,train,,,,,블라우스,,,,,,,,,,,,,,,,
fashion200k_supplement/images/91342883_0.jpeg,train,,,,,블라우스,,,,,,,,,V넥,,,,,,시폰,
fashion200k_supplement/images/91343245_3.jpeg,train,,,,,블라우스,,,,,,,,,,,,,,,코튼,
fashion200k_supplement/images/91344594_0.jpeg,val,,,,,블라우스,,,,,,,,,,,,,,,,프릴·러플
fashion200k_supplement/images/91344949_0.jpeg,train,,,,,블라우스,,,,,,,,,,,,,,,,
fashion200k_supplement/images/91347518_0.jpeg,train,,,,,블라우스,,,,,,,,,,,,,,,,리본
fashion200k_supplement/images/91347565_0.jpeg,val,,,,,블라우스,,,,,,,,,,,,,,,,
fashion200k_supplement/images/91347839_0.jpeg,train,,,,,블라우스,,,,,,,,,,,,,,,,
fashion200k_supplement/images/91349620_0.jpeg,train,,,,,블라우스,,,,,,,,,,,,,,,실크·새틴,
fashion200k_supplement/images/91350943_0.jpeg,train,,,,,블라우스,,,,,,,,,,,,,,,시폰,
fashion200k_supplement/images/91351703_2.jpeg,train,,,,,블라우스,,,,,,,,,,,,,,,,
fashion200k_supplement/images/91352717_0.jpeg,train,,,,,블라우스,,,,,,,,,,,,,,,,
fashion200k_supplement/images/91353183_0.jpeg,train,,,,,블라우스,,,,,,,,,V넥,,,,,,,
fashion200k_supplement/images/91353340_0.jpeg,train,,,,,블라우스,,,,,,,,,,,,,,,,
fashion200k_supplement/images/91354753_0.jpeg,train,,,,,블라우스,,,,,,,,,,,,,,,,
fashion200k_supplement/images/91354831_1.jpeg,val,,,,,블라우스,,,,,,,,,,,,,,,레이스,레이스
fashion200k_supplement/images/91355943_0.jpeg,train,,,,,블라우스,,,,,,,,,,,,,,,시폰|실크·새틴,스팽글
fashion200k_supplement/images/91356573_0.jpeg,train,,,,,블라우스,,,,,,,,,,,,,,,,
fashion200k_supplement/images/91356598_0.jpeg,train,,,,,블라우스,,,,,,,,,,,,,,,,
fashion200k_supplement/images/91357728_0.jpeg,train,,,,,블라우스,,,,,,,,,,,,,,,실크·새틴,
fashion200k_supplement/images/91357947_0.jpeg,train,,,,,블라우스,,,,,,,,,,,,,,체크,,
fashion200k_supplement/images/91359785_0.jpeg,train,,,,,블라우스,,,,,긴팔,,,,,,,,,,,
fashion200k_supplement/images/91360118_0.jpeg,train,,,,,블라우스,,,,,,,,,,,,,,,,
fashion200k_supplement/images/91360334_0.jpeg,train,,,,,블라우스,,,,,,,,,,,,,,,,
fashion200k_supplement/images/91360563_0.jpeg,train,,,,,블라우스,,,,,,,,,,,,,,,실크·새틴,
fashion200k_supplement/images/91361495_0.jpeg,train,,,,,블라우스,,,,,,,,,,,,,,,,
fashion200k_supplement/images/91362377_0.jpeg,train,,,,,블라우스,,,,,,,롱 기장,,,,,,,,,
fashion200k_supplement/images/91362743_0.jpeg,train,,,,,블라우스,,,,,,,,,,,,,,,,리본
fashion200k_supplement/images/91363346_1.jpeg,train,,,,,블라우스,,,,,,,,,,,,,,,,지퍼
fashion200k_supplement/images/91363350_0.jpeg,train,,,,,블라우스,,,,,긴팔,,,,,,,,,,,
fashion200k_supplement/images/91364159_0.jpeg,train,,,,,블라우스,,,,,,,,,,,,,,,,
fashion200k_supplement/images/91365234_0.jpeg,train,,,,,블라우스,,,,,,,,,,,,,,,,
fashion200k_supplement/images/91365236_1.jpeg,train,,,,,블라우스,,,,,,,,,,,,,,,메시,자수
fashion200k_supplement/images/91365919_1.jpeg,train,,,,,블라우스,,,,,,,,,,,,,,,시폰|실크·새틴,
fashion200k_supplement/images/91366931_0.jpeg,train,,,,,블라우스,,,,,,,,,,,,,,스트라이프,,
fashion200k_supplement/images/91367068_0.jpeg,train,,,,,블라우스,,,,,,,,,,,,,,,레이스,레이스
fashion200k_supplement/images/91367091_0.jpeg,train,,,,,블라우스,,,,,,,,,,,,,,,시폰,
fashion200k_supplement/images/91367242_0.jpeg,train,,,,,블라우스,,,,,,,롱 기장,,,,,,,,,
fashion200k_supplement/images/91369868_0.jpeg,train,,,,,블라우스,,,,,,,,,,,,,,,레이스,레이스
fashion200k_supplement/images/91370216_0.jpeg,train,,,,,블라우스,,,,,,,,,,,,,,,,
fashion200k_supplement/images/91372188_0.jpeg,train,,,,,블라우스,,,,,,,,,,,,,,,,
fashion200k_supplement/images/91374319_0.jpeg,val,,,,,블라우스,,,,,,,,,,,,,,,,
fashion200k_supplement/images/91374722_0.jpeg,val,,,,,블라우스,,,,,,,,,,,,,,,,
fashion200k_supplement/images/91375153_0.jpeg,train,,,,,블라우스,,,,,,,,,,,,,,,,자수
fashion200k_supplement/images/91375180_0.jpeg,train,,,,,블라우스,,,,,,,,,V넥,,,,,,,
fashion200k_supplement/images/91375332_0.jpeg,train,,,,,블라우스,,,,,,,,,오프숄더,,,,,,,
fashion200k_supplement/images/91375715_0.jpeg,train,,,,,블라우스,,,,,,,크롭 기장,,,,,,,,실크·새틴,
fashion200k_supplement/images/91376197_0.jpeg,train,,,,,블라우스,,,,,민소매,,,,,,,,,,,자수
fashion200k_supplement/images/91376442_0.jpeg,train,,,,,블라우스,,,,,,,,,,,,,,,실크·새틴,
fashion200k_supplement/images/91376725_1.jpeg,train,,,,,블라우스,,,,,,,,,,,,,,,시폰|실크·새틴,
fashion200k_supplement/images/91377059_0.jpeg,val,,,,,블라우스,,,,,,,,,,,,,,,,
fashion200k_supplement/images/91377183_0.jpeg,train,,,,,블라우스,,,,,,,,,,,,,,,레이스,레이스
fashion200k_supplement/images/91377236_0.jpeg,train,,,,,블라우스,,,,,반팔,,,,,,,,,,메시,
fashion200k_supplement/images/91377914_0.jpeg,train,,,,,블라우스,,,,,,,,,,,,,,,,
fashion200k_supplement/images/91378243_0.jpeg,val,,,,,블라우스,,,,,,,,,,,,,,,,
fashion200k_supplement/images/91378388_0.jpeg,train,,,,,블라우스,,,,,,,,,,,,,,,실크·새틴,
fashion200k_supplement/images/91379246_0.jpeg,train,,,,,블라우스,,,,,,,,,,,,,,,실크·새틴,
fashion200k_supplement/images/91382448_1.jpeg,val,,,,,블라우스,,,,,민소매,,,,,,,,,,,
fashion200k_supplement/images/91383636_0.jpeg,train,,,,,블라우스,,,,,,,,,,,,,,,코튼,
fashion200k_supplement/images/91384342_0.jpeg,train,,,,,블라우스,,,,,,,,,,,,,,,,
fashion200k_supplement/images/91384354_0.jpeg,train,,,,,블라우스,,,,,,,,,,,,,,,,
fashion200k_supplement/images/91385266_1.jpeg,train,,,,,블라우스,,,,,,,,,,,,,,,시폰,
fashion200k_supplement/images/91386184_0.jpeg,train,,,,,블라우스,,,,,,,,,,,,,,,,프릴·러플
fashion200k_supplement/images/91386458_2.jpeg,train,,,,,블라우스,,,,,,,,,,,,,,,메시,자수
fashion200k_supplement/images/91387542_0.jpeg,train,,,,,블라우스,,,,,,,,,,,,,,,,자수
fashion200k_supplement/images/91388700_1.jpeg,train,,,,,블라우스,,,,,,,,,,,,,,,,
fashion200k_supplement/images/91389610_0.jpeg,train,,,,,블라우스,,,,,,,,,V넥,,,,,,,
fashion200k_supplement/images/91390648_0.jpeg,train,,,,,블라우스,,,,,,,,,,,,,,,,프릴·러플
fashion200k_supplement/images/91390806_0.jpeg,val,,,,,블라우스,,,,,,,,,,,,,,플로럴,,자수
fashion200k_supplement/images/91392661_0.jpeg,train,,,,,블라우스,,,,,,,,,,,,,,스트라이프,레이스,레이스
fashion200k_supplement/images/91395785_0.jpeg,train,,,,,블라우스,,,,,,,,,,,,,,,코튼,
fashion200k_supplement/images/91396083_1.jpeg,train,,,,,블라우스,,,,,,,,,,,,,,,,
fashion200k_supplement/images/91396814_0.jpeg,train,,,,,블라우스,,,,,민소매,,,,,,,,,,실크·새틴,
fashion200k_supplement/images/91397460_0.jpeg,train,,,,,블라우스,,,,,,,,,,,,,,,,
fashion200k_supplement/images/91401906_0.jpeg,train,,,,,블라우스,,,,,,,,,,,,,,,,
fashion200k_supplement/images/91402538_0.jpeg,train,,,,,블라우스,,,,,,,,,,,,,,,,
fashion200k_supplement/images/91402891_0.jpeg,train,,,,,블라우스,,,,,,,롱 기장,,,,,,,,,
fashion200k_supplement/images/91405168_0.jpeg,train,,,,,블라우스,,,,,,,,,,,,,,,,
fashion200k_supplement/images/91405284_0.jpeg,train,,,,,블라우스,,,,,,,,,,,,,,,,
fashion200k_supplement/images/91406742_0.jpeg,val,,,,,블라우스,,,,,,,,,,,,,,,가죽,
fashion200k_supplement/images/91406980_0.jpeg,val,,,,,블라우스,,,,,,,,,,,,,,,,
fashion200k_supplement/images/91407157_0.jpeg,train,,,,,블라우스,,,,,,,,,,,,,,체크,,
fashion200k_supplement/images/91407303_0.jpeg,train,,,,,블라우스,,,,,,,,,,,,,,,,
fashion200k_supplement/images/91407683_0.jpeg,val,,,,,블라우스,,,,,,,,,,,,,,,,
fashion200k_supplement/images/91407955_0.jpeg,train,,,,,블라우스,,,,,,,,,,,,,,,,
fashion200k_supplement/images/91409679_0.jpeg,train,,,,,블라우스,,,,,,,,,,,,,,,,
fashion200k_supplement/images/91410352_0.jpeg,train,,,,,블라우스,,,,,,,,,,,,,,,,
fashion200k_supplement/images/91411635_0.jpeg,train,,,,,블라우스,,,,,,,,,,,,,,,실크·새틴,
fashion200k_supplement/images/91412457_0.jpeg,train,,,,,블라우스,,,,,,,,,,,,,,,,
fashion200k_supplement/images/91412899_0.jpeg,train,,,,,블라우스,,,,,,,,,,,,,,,가죽,
fashion200k_supplement/images/91414591_0.jpeg,val,,,,,블라우스,,,,,,,,,,,,,,,,
fashion200k_supplement/images/91415491_0.jpeg,train,,,,,블라우스,,,,,,,,,,,,,,,메시,
fashion200k_supplement/images/91415946_0.jpeg,train,,,,,블라우스,,,,,,,,,,,,,,,,
fashion200k_supplement/images/91416091_0.jpeg,train,,,,,블라우스,,,,,,,,,,,,,,,,
fashion200k_supplement/images/91416312_0.jpeg,train,,,,,블라우스,,,,,,,,,,,,,,,울,
fashion200k_supplement/images/91416506_0.jpeg,train,,,,,블라우스,,,,,,,,,,,,,,,,프릴·러플
fashion200k_supplement/images/91416872_0.jpeg,train,,,,,블라우스,,,,,,,,,,,,,,,,
fashion200k_supplement/images/91417037_0.jpeg,train,,,,,블라우스,,,,,,,,,,,,,,,레이스,레이스
fashion200k_supplement/images/91418502_0.jpeg,train,,,,,블라우스,,,,,,,,,,,,,,,,
fashion200k_supplement/images/91419120_0.jpeg,train,,,,,블라우스,,,,,,,,,,,,,,,,
fashion200k_supplement/images/91419621_0.jpeg,train,,,,,블라우스,,,,,,,,,,,,,,,,
fashion200k_supplement/images/91421480_0.jpeg,train,,,,,블라우스,,,,,,,,,,,,,,,,
fashion200k_supplement/images/91422361_0.jpeg,train,,,,,블라우스,,,,,,,,,,,,,,,실크·새틴,
fashion200k_supplement/images/91422393_0.jpeg,val,,,,,블라우스,,,,,,,,,,,,,,,,
fashion200k_supplement/images/91422820_0.jpeg,train,,,,,블라우스,,,,,,,,,,,,,,플로럴,,
fashion200k_supplement/images/91423046_0.jpeg,train,,,,,블라우스,,,,,,,,,,,,,,,,프릴·러플
fashion200k_supplement/images/91423840_0.jpeg,train,,,,,블라우스,,,,,,,,,V넥,,,,,스트라이프,,
fashion200k_supplement/images/91424124_0.jpeg,train,,,,,블라우스,,,,,,,,,,,,,,,실크·새틴,
fashion200k_supplement/images/91424491_0.jpeg,train,,,,,블라우스,,,,,,,,,,,,,,,가죽,
fashion200k_supplement/images/91425535_0.jpeg,train,,,,,블라우스,,,,,,,,,,,,,,,실크·새틴,
fashion200k_supplement/images/91426291_0.jpeg,train,,,,,블라우스,,,,,,,,,V넥,,,,,,,
fashion200k_supplement/images/91426436_0.jpeg,val,,,,,블라우스,,,,,,,,,,,,,,,코튼,
fashion200k_supplement/images/91427589_1.jpeg,train,,,,,블라우스,,,,,,,,,,,,,,,,
fashion200k_supplement/images/91428675_0.jpeg,train,,,,,블라우스,,,,,,,,,,,,,,,,
fashion200k_supplement/images/91428845_0.jpeg,val,,,,,블라우스,,,,,,,,,,,,,,체크,,
fashion200k_supplement/images/91429186_0.jpeg,val,,,,,블라우스,,,,,,,,,,,,,,,실크·새틴,
fashion200k_supplement/images/91429251_0.jpeg,train,,,,,블라우스,,,,,,,,,,,,,,,,
fashion200k_supplement/images/91429578_0.jpeg,train,,,,,블라우스,,,,,,,,,,,,,,,실크·새틴,
fashion200k_supplement/images/91429917_1.jpeg,train,,,,,블라우스,,,,,,,,,,,,,,,,
fashion200k_supplement/images/91429939_0.jpeg,train,,,,,블라우스,,,,,,,,,,,,,,,,
fashion200k_supplement/images/91430345_0.jpeg,train,,,,,블라우스,,,,,,,,,,,,,,,,
fashion200k_supplement/images/91430617_0.jpeg,val,,,,,블라우스,,,,,,,,,,,,,,,,
fashion200k_supplement/images/91430638_0.jpeg,train,,,,,블라우스,,,,,,,,,,,,,,,,프릴·러플
fashion200k_supplement/images/91430849_0.jpeg,train,,,,,블라우스,,,,,,,,,,,,,,,,
fashion200k_supplement/images/91431943_0.jpeg,val,,,,,블라우스,,,,,,,,,,,,,,,,
fashion200k_supplement/images/91432472_0.jpeg,train,,,,,블라우스,,,,,,,,,,,,,,,,
fashion200k_supplement/images/91432501_0.jpeg,train,,,,,블라우스,,,,,,,,,,,,,,,,
fashion200k_supplement/images/91433466_0.jpeg,train,,,,,블라우스,,,,,,,,,,,,,,,시폰|실크·새틴,
fashion200k_supplement/images/91433933_0.jpeg,train,,,,,블라우스,,,,,,,,,,,오버핏,,,,,
fashion200k_supplement/images/91435689_0.jpeg,val,,,,,블라우스,,,,,민소매,,,,,,,,,,레이스,레이스
fashion200k_supplement/images/91435851_0.jpeg,train,,,,,블라우스,,,,,,,,,,,,,,,,
fashion200k_supplement/images/91436476_0.jpeg,val,,,,,블라우스,,,,,,,,,,,,,,,실크·새틴,
fashion200k_supplement/images/91437049_0.jpeg,train,,,,,블라우스,,,,,,,,,,,,,,,,
fashion200k_supplement/images/91437411_0.jpeg,train,,,,,블라우스,,,,,,,,,,,,,,,레이스,레이스
fashion200k_supplement/images/91438548_0.jpeg,train,,,,,블라우스,,,,,,,,,,,,,,,,
fashion200k_supplement/images/64727118_1.jpeg,train,,,,,탑,,,,,긴팔,,롱 기장,,,,,,,,메시,
fashion200k_supplement/images/66587287_0.jpeg,train,,,,,폴로 셔츠,,,,,긴팔,,,,,폴로 칼라,,,,,,
fashion200k_supplement/images/70474284_0.jpeg,train,,,,,탑,,,,,긴팔,,,,,,,,,,시폰|실크·새틴,
fashion200k_supplement/images/71696875_0.jpeg,train,,,,,탑,,,,,긴팔,,,,,,,,,,실크·새틴,
fashion200k_supplement/images/73048635_1.jpeg,train,,,,,탑,,,,,긴팔,,크롭 기장,,,,,,,,가죽,
fashion200k_supplement/images/74650526_0.jpeg,train,,,,,폴로 셔츠,,,,,긴팔,,,,,폴로 칼라,슬림핏,,,,,
fashion200k_supplement/images/78504326_2.jpeg,train,,,,,탑,,,,,긴팔,,,,,,,,,,레이스,레이스
fashion200k_supplement/images/83539759_3.jpeg,val,,,,,탑,,,,,긴팔,,,,,,,,,,메시,
fashion200k_supplement/images/83806642_0.jpeg,train,,,,,탑,,,,,긴팔,,,,,,,,,,실크·새틴,프릴·러플
fashion200k_supplement/images/83822871_1.jpeg,train,,,,,탑,,,,,긴팔,,,,,,,,,플로럴,시폰|실크·새틴|레이스,레이스
fashion200k_supplement/images/87786075_0.jpeg,train,,,,,탑,,,,,긴팔,,,,,,,,,,데님,
fashion200k_supplement/images/87950528_0.jpeg,val,,,,,탑,,,,,긴팔,,,,,,,,,,코튼,
fashion200k_supplement/images/88066562_1.jpeg,train,,,,,탑,,,,,긴팔,,,,,,,,,,코튼,
fashion200k_supplement/images/88274526_0.jpeg,train,,,,,탑,,,,,긴팔,,,,,,,,,,울|실크·새틴,
fashion200k_supplement/images/88304200_0.jpeg,train,,,,,탑,,,,,긴팔,,,,,,,,,스트라이프,니트,
fashion200k_supplement/images/88411066_0.jpeg,train,,,,,폴로 셔츠,,,,,긴팔,,,,,폴로 칼라,,,,스트라이프,,
fashion200k_supplement/images/88647802_0.jpeg,train,,,,,탑,,,,,긴팔,,,,,,,,,스트라이프,니트,
fashion200k_supplement/images/88666501_0.jpeg,val,,,,,탑,,,,,긴팔,,,,,,,,,스트라이프,코튼,
fashion200k_supplement/images/88765317_0.jpeg,train,,,,,탑,,,,,긴팔,,,,,,,,,,시폰,
fashion200k_supplement/images/88810786_0.jpeg,val,,,,,탑,,,,,긴팔,,,,,,,,,,시폰|레이스,레이스
fashion200k_supplement/images/88830803_3.jpeg,train,,,,,탑,,,,,긴팔,,,,,,,,,,니트,
fashion200k_supplement/images/88848276_0.jpeg,train,,,,,탑,,,,,긴팔,,,,,,,,,,실크·새틴,
fashion200k_supplement/images/89152278_0.jpeg,val,,,,,탑,,,,,긴팔,,,,,,,,,,니트,
fashion200k_supplement/images/89225403_1.jpeg,train,,,,,탑,,,,,긴팔,,,,,,,,,,데님,
fashion200k_supplement/images/89411494_0.jpeg,train,,,,,탑,,,,,긴팔,,,,,,,,,,레이스,레이스
fashion200k_supplement/images/89422120_0.jpeg,val,,,,,탑,,,,,긴팔,,,,,,,,,,메시,
fashion200k_supplement/images/89525111_0.jpeg,val,,,,,탑,,,,,긴팔,,,,,,,,,,니트,
fashion200k_supplement/images/89529352_0.jpeg,train,,,,,탑,,,,,긴팔,,,,,,,,,,레이스,레이스
fashion200k_supplement/images/89547612_3.jpeg,train,,,,,탑,,,,,긴팔,,,,,,,,,,메시,
fashion200k_supplement/images/89551124_0.jpeg,train,,,,,탑,,,,,긴팔,,,,,,,,,,시폰,
fashion200k_supplement/images/89557606_0.jpeg,train,,,,,탑,,,,,긴팔,,,,,,,,,,니트,
fashion200k_supplement/images/89607980_1.jpeg,train,,,,,탑,,,,,긴팔,,,,,,,,,,데님,
fashion200k_supplement/images/89656072_0.jpeg,train,,,,,폴로 셔츠,,,,,긴팔,,,,,폴로 칼라,슬림핏,,,,,
fashion200k_supplement/images/89663483_0.jpeg,val,,,,,탑,,,,,긴팔,,,,,,슬림핏,,,,데님,
fashion200k_supplement/images/89727944_0.jpeg,train,,,,,탑,,,,,긴팔,,,,,,,,,,가죽,
fashion200k_supplement/images/89845538_0.jpeg,val,,,,,탑,,,,,긴팔,,,,,,,,,,레이스,레이스
fashion200k_supplement/images/89950443_0.jpeg,train,,,,,탑,,,,,긴팔,,크롭 기장,,,,,,,,니트,
fashion200k_supplement/images/90039086_0.jpeg,val,,,,,탑,,,,,긴팔,,,,,,,,,스트라이프,울,
fashion200k_supplement/images/90055239_0.jpeg,train,,,,,탑,,,,,긴팔,,,,,,,,,,코튼|니트,
fashion200k_supplement/images/90157449_0.jpeg,val,,,,,탑,,,,,긴팔,,,,,,,,,,레이스,레이스
fashion200k_supplement/images/90171335_0.jpeg,train,,,,,탑,,,,,긴팔,,,,,,,,,,니트,
fashion200k_supplement/images/90171900_1.jpeg,train,,,,,탑,,,,,긴팔,,,,,,,,,,니트,
fashion200k_supplement/images/90176862_0.jpeg,train,,,,,탑,,,,,긴팔,,롱 기장,,,,,,,,레이스|니트,레이스
fashion200k_supplement/images/90184839_0.jpeg,train,,,,,탑,,,,,긴팔,,,,,,,,,스트라이프,코튼,
fashion200k_supplement/images/90224412_1.jpeg,val,,,,,탑,,,,,긴팔,,,,,,,,,,니트,
fashion200k_supplement/images/90259965_1.jpeg,train,,,,,탑,,,,,긴팔,,,,,,,,,,데님,
fashion200k_supplement/images/90333673_0.jpeg,train,,,,,탑,,,,,긴팔,,,,,,,,,,실크·새틴,
fashion200k_supplement/images/90391287_0.jpeg,train,,,,,탑,,,,,긴팔,,,,,,,,,,레이스,레이스
fashion200k_supplement/images/90466995_0.jpeg,val,,,,,탑,,,,,긴팔,,,,,,,,,스트라이프,코튼,
fashion200k_supplement/images/90467305_1.jpeg,train,,,,,폴로 셔츠,,,,,긴팔,,,,,폴로 칼라,,,,스트라이프,,
fashion200k_supplement/images/90492850_0.jpeg,train,,,,,탑,,,,,긴팔,,,,,,,,,,니트,
fashion200k_supplement/images/90505309_0.jpeg,train,,,,,탑,,,,,긴팔,,,,,,,,,,코튼,
fashion200k_supplement/images/90524081_0.jpeg,train,,,,,탑,,,,,긴팔,,롱 기장,,,,,,,,니트,
fashion200k_supplement/images/90542611_0.jpeg,train,,,,,탑,,,,,긴팔,,롱 기장,,,,,,,,니트,
fashion200k_supplement/images/90544384_0.jpeg,val,,,,,탑,,,,,긴팔,,롱 기장,,,,,,,,니트,
fashion200k_supplement/images/90550185_0.jpeg,val,,,,,탑,,,,,긴팔,,,,,,,,,,시폰,
fashion200k_supplement/images/90555610_0.jpeg,train,,,,,탑,,,,,긴팔,,,,,,,,,,시폰|실크·새틴,
fashion200k_supplement/images/90569998_0.jpeg,train,,,,,탑,,,,,긴팔,,,,,,,,,,니트,
fashion200k_supplement/images/90611026_0.jpeg,train,,,,,탑,,,,,긴팔,,,,,,,,,,레이스,레이스
fashion200k_supplement/images/90642545_0.jpeg,val,,,,,탑,,,,,긴팔,,,,,,,,,,시폰,
fashion200k_supplement/images/90698322_0.jpeg,train,,,,,탑,,,,,긴팔,,,,,,,,,,니트,
fashion200k_supplement/images/90744611_0.jpeg,train,,,,,탑,,,,,긴팔,,,,,,,,,,니트,
fashion200k_supplement/images/90788925_0.jpeg,train,,,,,탑,,,,,긴팔,,,,,,,,,,스웨이드,
fashion200k_supplement/images/90815945_0.jpeg,train,,,,,탑,,,,,긴팔,,,,,,,,,,코튼,
fashion200k_supplement/images/90817176_0.jpeg,train,,,,,탑,,,,,긴팔,,,,,,,,,,니트,
fashion200k_supplement/images/90822116_0.jpeg,val,,,,,탑,,,,,긴팔,,,,,,,,,,실크·새틴,
fashion200k_supplement/images/90840291_0.jpeg,train,,,,,탑,,,,,긴팔,,,,,,,,,,레이스,레이스
fashion200k_supplement/images/90859867_0.jpeg,train,,,,,탑,,,,,긴팔,,,,,,,,,,레이스,레이스
fashion200k_supplement/images/90877352_0.jpeg,train,,,,,탑,,,,,긴팔,,,,,,,,,,레이스,레이스
fashion200k_supplement/images/90917302_0.jpeg,train,,,,,탑,,,,,긴팔,,,,,,,,,,니트,
fashion200k_supplement/images/90925212_0.jpeg,train,,,,,탑,,,,,긴팔,,,,,,,,,,레이스,레이스
fashion200k_supplement/images/90926551_0.jpeg,train,,,,,탑,,,,,긴팔,,,,,,,,,,레이스,레이스
fashion200k_supplement/images/90965046_0.jpeg,train,,,,,탑,,,,,긴팔,,,,,,,,,,메시,
fashion200k_supplement/images/90986134_1.jpeg,train,,,,,탑,,,,,긴팔,,롱 기장,,,,,,,,데님,
fashion200k_supplement/images/90992664_0.jpeg,train,,,,,탑,,,,,긴팔,,,,,,,,,,울,
fashion200k_supplement/images/91002691_1.jpeg,val,,,,,탑,,,,,긴팔,,,,,,,,,,실크·새틴,
fashion200k_supplement/images/91058343_0.jpeg,train,,,,,탑,,,,,긴팔,,,,,,,,,,스웨이드,
fashion200k_supplement/images/91074638_0.jpeg,train,,,,,탑,,,,,긴팔,,,,,,,,,,코튼,
fashion200k_supplement/images/91113794_0.jpeg,train,,,,,탑,,,,,긴팔,,,,,,,,,,시폰,프릴·러플
fashion200k_supplement/images/91120146_0.jpeg,train,,,,,탑,,,,,긴팔,,,,,,,,,,시폰,프릴·러플
fashion200k_supplement/images/91120819_0.jpeg,train,,,,,탑,,,,,긴팔,,,,,,,,,스트라이프,시폰,
fashion200k_supplement/images/91126913_1.jpeg,train,,,,,탑,,,,,긴팔,,,,,,,,,,메시|가죽,
fashion200k_supplement/images/91143197_0.jpeg,train,,,,,탑,,,,,긴팔,,,,,,,,,,레이스,레이스
fashion200k_supplement/images/91172068_2.jpeg,val,,,,,탑,,,,,긴팔,,,,,,,,,,울,
fashion200k_supplement/images/91174520_0.jpeg,train,,,,,탑,,,,,긴팔,,,,,,,,,,니트,
fashion200k_supplement/images/91177597_0.jpeg,val,,,,,탑,,,,,긴팔,,,,,,,,,,메시,
fashion200k_supplement/images/91178647_0.jpeg,train,,,,,탑,,,,,긴팔,,,,,,,,,,퍼·플리스,
fashion200k_supplement/images/91180688_0.jpeg,train,,,,,탑,,,,,긴팔,,,,,,,,,,니트,
fashion200k_supplement/images/91182210_0.jpeg,train,,,,,탑,,,,,긴팔,,,,,,,,,,울,
fashion200k_supplement/images/91184021_0.jpeg,train,,,,,탑,,,,,긴팔,,롱 기장,,,,,,,,시폰,자수
fashion200k_supplement/images/91185381_0.jpeg,val,,,,,탑,,,,,긴팔,,,,,,,,,,니트,
fashion200k_supplement/images/91186240_0.jpeg,train,,,,,탑,,,,,긴팔,,,,,,,,,,메시,
fashion200k_supplement/images/91188494_1.jpeg,train,,,,,탑,,,,,긴팔,,크롭 기장,,,,,,,,실크·새틴,
fashion200k_supplement/images/91191332_0.jpeg,train,,,,,탑,,,,,긴팔,,,,,,,,,체크,니트,
fashion200k_supplement/images/91194609_0.jpeg,val,,,,,폴로 셔츠,,,,,긴팔,,,,,폴로 칼라,,,,,,자수
fashion200k_supplement/images/91203022_0.jpeg,train,,,,,탑,,,,,긴팔,,,,,,,,,,메시,
fashion200k_supplement/images/91203924_0.jpeg,train,,,,,탑,,,,,긴팔,,롱 기장,,,,오버핏,,,,울,
fashion200k_supplement/images/91206211_1.jpeg,train,,,,,탑,,,,,긴팔,,,,,,,,,,실크·새틴,
fashion200k_supplement/images/91207272_0.jpeg,train,,,,,탑,,,,,긴팔,,,,,,,,,,니트,
fashion200k_supplement/images/91209500_0.jpeg,train,,,,,탑,,,,,긴팔,,,,,,,,,,데님,
fashion200k_supplement/images/91209750_0.jpeg,train,,,,,탑,,,,,긴팔,,롱 기장,,,,,,,,코튼,
fashion200k_supplement/images/91211434_1.jpeg,train,,,,,탑,,,,,긴팔,,,,터틀넥,,,,,,울,
fashion200k_supplement/images/91218263_0.jpeg,train,,,,,탑,,,,,긴팔,,,,,,,,,,메시,
fashion200k_supplement/images/91220309_0.jpeg,train,,,,,탑,,,,,긴팔,,,,,,,,,,레이스,레이스
fashion200k_supplement/images/91223023_0.jpeg,train,,,,,탑,,,,,긴팔,,,,,,,,,,니트,
fashion200k_supplement/images/91232211_0.jpeg,val,,,,,탑,,,,,긴팔,,롱 기장,,,,,,,,가죽,
fashion200k_supplement/images/91232686_0.jpeg,train,,,,,탑,,,,,긴팔,,,,,,,,,,울,
fashion200k_supplement/images/91232913_0.jpeg,train,,,,,탑,,,,,긴팔,,,,,,,,,스트라이프,코튼|니트,
fashion200k_supplement/images/91235085_0.jpeg,val,,,,,탑,,,,,긴팔,,,,,,,,,,레이스,레이스
fashion200k_supplement/images/91236757_1.jpeg,val,,,,,탑,,,,,긴팔,,,,,,,,,,울,
fashion200k_supplement/images/91237197_0.jpeg,val,,,,,탑,,,,,긴팔,,,,,,,,,스트라이프,코튼|니트,
fashion200k_supplement/images/91238252_0.jpeg,train,,,,,탑,,,,,긴팔,,,,,,,,,,레이스,레이스
fashion200k_supplement/images/91238257_1.jpeg,train,,,,,탑,,,,,긴팔,,,,,,,,,,코튼|레이스,레이스
fashion200k_supplement/images/91246045_0.jpeg,train,,,,,탑,,,,,긴팔,,,,,,,,,,울|실크·새틴,
fashion200k_supplement/images/91246845_0.jpeg,val,,,,,탑,,,,,긴팔,,,,,,,,,,코튼|실크·새틴,
fashion200k_supplement/images/91247030_0.jpeg,train,,,,,탑,,,,,긴팔,,,,,,,,,,레이스,레이스
fashion200k_supplement/images/91251764_0.jpeg,train,,,,,탑,,,,,긴팔,,롱 기장,,,,,,,,울|니트,
fashion200k_supplement/images/91252304_0.jpeg,train,,,,,탑,,,,,긴팔,,롱 기장,,,,,,,,울,
fashion200k_supplement/images/91252897_0.jpeg,train,,,,,탑,,,,,긴팔,,,,,,,,,,니트,
fashion200k_supplement/images/91255020_0.jpeg,train,,,,,탑,,,,,긴팔,,,,,,,,,,울,
fashion200k_supplement/images/91259162_1.jpeg,train,,,,,탑,,,,,긴팔,,,,,,,,,,메시,
fashion200k_supplement/images/91259855_0.jpeg,train,,,,,탑,,,,,긴팔,,,,,,,,,,레이스,레이스
fashion200k_supplement/images/91260686_0.jpeg,train,,,,,탑,,,,,긴팔,,크롭 기장,,,,,,,,메시,
fashion200k_supplement/images/91265141_0.jpeg,train,,,,,탑,,,,,긴팔,,,,,,,,,,실크·새틴,
fashion200k_supplement/images/91269067_1.jpeg,train,,,,,탑,,,,,긴팔,,,,,,,,,,레이스|니트,레이스
fashion200k_supplement/images/91269107_0.jpeg,val,,,,,탑,,,,,긴팔,,,,,,,,,,니트,
fashion200k_supplement/images/91271010_0.jpeg,train,,,,,탑,,,,,긴팔,,,,,,,,,,울,
fashion200k_supplement/images/91273569_1.jpeg,train,,,,,탑,,,,,긴팔,,,,,,,,,,울|실크·새틴,
fashion200k_supplement/images/91273848_0.jpeg,train,,,,,탑,,,,,긴팔,,,,,,,,,,코튼,
fashion200k_supplement/images/91274190_0.jpeg,train,,,,,탑,,,,,긴팔,,,,,,,,,,메시,
fashion200k_supplement/images/91277223_0.jpeg,train,,,,,탑,,,,,긴팔,,,,,,,,,,시폰,자수
fashion200k_supplement/images/91277744_0.jpeg,train,,,,,폴로 셔츠,,,,,긴팔,,,,,폴로 칼라,,,,,,
fashion200k_supplement/images/91278271_0.jpeg,train,,,,,탑,,,,,긴팔,,,,,,,,,,메시,
fashion200k_supplement/images/91285685_0.jpeg,train,,,,,탑,,,,,긴팔,,,,,,,,,,코튼|니트,
fashion200k_supplement/images/91289520_1.jpeg,train,,,,,탑,,,,,긴팔,,,,,,,,,,메시,
fashion200k_supplement/images/91290677_0.jpeg,train,,,,,탑,,,,,긴팔,,,,,,,,,,레이스,레이스
fashion200k_supplement/images/91293195_0.jpeg,train,,,,,탑,,,,,긴팔,,,,,,,,,,실크·새틴|레이스,레이스
fashion200k_supplement/images/91295443_0.jpeg,train,,,,,탑,,,,,긴팔,,,,,,오버핏,,,체크,울,
fashion200k_supplement/images/91296526_0.jpeg,train,,,,,탑,,,,,긴팔,,,,,,,,,,가죽,
fashion200k_supplement/images/91299588_0.jpeg,train,,,,,탑,,,,,긴팔,,,,,,,,,,니트,
fashion200k_supplement/images/91305478_0.jpeg,train,,,,,탑,,,,,긴팔,,,,,,,,,,울,
fashion200k_supplement/images/91307177_0.jpeg,train,,,,,폴로 셔츠,,,,,긴팔,,,,,폴로 칼라,,,,,,
fashion200k_supplement/images/91308849_0.jpeg,train,,,,,탑,,,,,긴팔,,,,,,,,,,니트,
fashion200k_supplement/images/91315753_0.jpeg,train,,,,,탑,,,,,긴팔,,,,,,,,,,실크·새틴,프릴·러플
fashion200k_supplement/images/91317931_0.jpeg,train,,,,,탑,,,,,긴팔,,,,,,,,,,가죽,
fashion200k_supplement/images/91318627_0.jpeg,train,,,,,탑,,,,,긴팔,,,,,,,,,,니트,
fashion200k_supplement/images/91325561_0.jpeg,train,,,,,탑,,,,,긴팔,,,,,,,,,,울,
fashion200k_supplement/images/91325922_0.jpeg,val,,,,,탑,,,,,긴팔,,,,,,,,,,레이스,레이스
fashion200k_supplement/images/91329062_0.jpeg,val,,,,,탑,,,,,긴팔,,,,,,,,,,니트,
fashion200k_supplement/images/91329247_0.jpeg,train,,,,,탑,,,,,긴팔,,,,,,,,,,코튼,자수
fashion200k_supplement/images/91329556_0.jpeg,train,,,,,탑,,,,,긴팔,,,,,,,,,,코튼,자수
fashion200k_supplement/images/91332455_0.jpeg,val,,,,,탑,,,,,긴팔,,,,,,,,,,실크·새틴,
fashion200k_supplement/images/91334262_0.jpeg,train,,,,,탑,,,,,긴팔,,,,,,,,,플로럴,시폰,
fashion200k_supplement/images/91334543_0.jpeg,train,,,,,탑,,,,,긴팔,,,,,,,,,,스웨이드,
fashion200k_supplement/images/91335031_0.jpeg,val,,,,,탑,,,,,긴팔,,롱 기장,,,,,,,,시폰,
fashion200k_supplement/images/91335362_0.jpeg,train,,,,,탑,,,,,긴팔,,롱 기장,,,,,,,,시폰,
fashion200k_supplement/images/91337318_0.jpeg,train,,,,,탑,,,,,긴팔,,,,,,,,,,퍼·플리스,
fashion200k_supplement/images/91349389_0.jpeg,train,,,,,탑,,,,,긴팔,,,,,,,,,,코튼|메시,
fashion200k_supplement/images/91352085_0.jpeg,train,,,,,탑,,,,,긴팔,,,,,,,,,,니트,
fashion200k_supplement/images/91353076_0.jpeg,val,,,,,탑,,,,,긴팔,,,,,,,,,,울,
fashion200k_supplement/images/91353358_0.jpeg,train,,,,,탑,,,,,긴팔,,,,,,,,,,코튼,
fashion200k_supplement/images/91357350_0.jpeg,train,,,,,탑,,,,,긴팔,,,,,,,,,,레이스,레이스
fashion200k_supplement/images/91357834_0.jpeg,train,,,,,탑,,,,,긴팔,,,,,,,,,,시폰|실크·새틴,자수
fashion200k_supplement/images/91358094_0.jpeg,train,,,,,탑,,,,,긴팔,,,,,,,,,,코튼|데님,
fashion200k_supplement/images/91358685_1.jpeg,train,,,,,폴로 셔츠,,,,,긴팔,,,,,폴로 칼라,,,,,,
fashion200k_supplement/images/91364033_0.jpeg,val,,,,,탑,,,,,긴팔,,,,,,,,,,울,
fashion200k_supplement/images/91365780_0.jpeg,train,,,,,탑,,,,,긴팔,,,,,,,,,,실크·새틴,
fashion200k_supplement/images/91369462_0.jpeg,val,,,,,탑,,,,,긴팔,,,,,,,,,,레이스,지퍼|레이스
fashion200k_supplement/images/91373727_1.jpeg,train,,,,,탑,,,,,긴팔,,,,,,,,,,실크·새틴,
fashion200k_supplement/images/91377919_0.jpeg,train,,,,,탑,,,,,긴팔,,,,,,,,,,실크·새틴,
fashion200k_supplement/images/91380331_0.jpeg,train,,,,,탑,,,,,긴팔,,,,,,,,,,퍼·플리스,지퍼
fashion200k_supplement/images/91385794_0.jpeg,train,,,,,탑,,,,,긴팔,,,,,,,,,,코튼|메시,
fashion200k_supplement/images/91388315_0.jpeg,train,,,,,탑,,,,,긴팔,,롱 기장,,,,,,,,시폰,
fashion200k_supplement/images/91388756_0.jpeg,train,,,,,탑,,,,,긴팔,,,,,,,,,,니트,
fashion200k_supplement/images/91390362_0.jpeg,train,,,,,탑,,,,,긴팔,,,,,,,,,,코튼,
fashion200k_supplement/images/91396258_0.jpeg,val,,,,,탑,,,,,긴팔,,,,터틀넥,,,,,,니트,
fashion200k_supplement/images/91407892_0.jpeg,train,,,,,탑,,,,,긴팔,,,,,,,,,,스웨이드,
fashion200k_supplement/images/91408230_0.jpeg,train,,,,,탑,,,,,긴팔,,,,,,,,,,메시,
fashion200k_supplement/images/91408887_0.jpeg,train,,,,,탑,,,,,긴팔,,,,,,,,,,스웨이드,
fashion200k_supplement/images/91409168_0.jpeg,train,,,,,탑,,,,,긴팔,,,,,,,,,,울|시폰,
fashion200k_supplement/images/91409643_0.jpeg,train,,,,,탑,,,,,긴팔,,,,,,,,,,울,
fashion200k_supplement/images/91409861_0.jpeg,train,,,,,탑,,,,,긴팔,,,,,,,,,,니트,
fashion200k_supplement/images/91411164_0.jpeg,val,,,,,탑,,,,,긴팔,,,,,,,,,,레이스,레이스
fashion200k_supplement/images/91411518_0.jpeg,train,,,,,탑,,,,,긴팔,,,,,,,,,,울,
fashion200k_supplement/images/91416856_0.jpeg,train,,,,,탑,,,,,긴팔,,,,,,,,,,실크·새틴,
fashion200k_supplement/images/91417067_1.jpeg,train,,,,,탑,,,,,긴팔,,,,,,,,,,스웨이드,지퍼
fashion200k_supplement/images/91417694_0.jpeg,val,,,,,탑,,,,,긴팔,,,,,,,,,,메시,
fashion200k_supplement/images/91418048_0.jpeg,train,,,,,탑,,,,,긴팔,,,,,,,,,,레이스,레이스
fashion200k_supplement/images/91421637_0.jpeg,train,,,,,탑,,,,,긴팔,,,,V넥,,,,,,레이스,레이스
fashion200k_supplement/images/91426815_0.jpeg,val,,,,,탑,,,,,긴팔,,,,,,,,,,메시,
fashion200k_supplement/images/91427564_0.jpeg,train,,,,,탑,,,,,긴팔,,,,,,,,,,메시,
fashion200k_supplement/images/91436632_0.jpeg,val,,,,,탑,,,,,긴팔,,,,,,,,,,실크·새틴,
fashion200k_supplement/images/77513498_0.jpeg,train,,,,,셔츠,,,,,,,,,,,,,,,데님,
fashion200k_supplement/images/79907353_0.jpeg,train,,,,,셔츠,,,,,,,,,,,,,,,코튼|데님,
fashion200k_supplement/images/82165691_0.jpeg,train,,,,,폴로 셔츠,,,,,,,,,,폴로 칼라,,,,,코튼,
fashion200k_supplement/images/84349191_0.jpeg,train,,,,,셔츠,,,,,,,,,,,,,,,데님,
fashion200k_supplement/images/84351630_0.jpeg,train,,,,,셔츠,,,,,,,,,,,오버핏,,,,데님,
fashion200k_supplement/images/86628743_0.jpeg,train,,,,,셔츠,,,,,,,,,,,,,,,니트,
fashion200k_supplement/images/86878161_4.jpeg,train,,,,,셔츠,,,,,,,,,,,,,,,시폰,
fashion200k_supplement/images/86938444_0.jpeg,val,,,,,셔츠,,,,,,,,,,,,,,,니트,
fashion200k_supplement/images/87735984_2.jpeg,train,,,,,셔츠,,,,,,,,,,,,,,,데님,자수
fashion200k_supplement/images/87767881_0.jpeg,val,,,,,셔츠,,,,,,,,,,,,,,,코튼,
fashion200k_supplement/images/88065969_1.jpeg,train,,,,,셔츠,,,,,,,,,,,,,,,코튼|레이스,레이스
fashion200k_supplement/images/88813457_0.jpeg,train,,,,,셔츠,,,,,,,,,,,,,,,데님,
fashion200k_supplement/images/88820217_0.jpeg,train,,,,,폴로 셔츠,,,,,,,,,,폴로 칼라,,,,스트라이프,,
fashion200k_supplement/images/88943458_0.jpeg,train,,,,,셔츠,,,,,,,,,,,,,,,실크·새틴,
fashion200k_supplement/images/89003539_0.jpeg,val,,,,,폴로 셔츠,,,,,,,,,,폴로 칼라,,,,,,
fashion200k_supplement/images/89006725_1.jpeg,train,,,,,폴로 셔츠,,,,,,,,,,폴로 칼라,,,,,,
fashion200k_supplement/images/89058583_0.jpeg,train,,,,,폴로 셔츠,,,,,,,,,,폴로 칼라,슬림핏,,,,,
fashion200k_supplement/images/89102313_0.jpeg,train,,,,,셔츠,,,,,,,,,,,,,,,실크·새틴,
fashion200k_supplement/images/89243168_0.jpeg,train,,,,,폴로 셔츠,,,,,,,,,,폴로 칼라,,,,,,
fashion200k_supplement/images/89257660_0.jpeg,train,,,,,폴로 셔츠,,,,,,,,,,폴로 칼라,,,,,레이스,레이스
fashion200k_supplement/images/89271271_0.jpeg,train,,,,,폴로 셔츠,,,,,,,,,,폴로 칼라,,,,,,
fashion200k_supplement/images/89272267_0.jpeg,train,,,,,폴로 셔츠,,,,,,,,,,폴로 칼라,,,,,,
fashion200k_supplement/images/89280142_0.jpeg,train,,,,,셔츠,,,,,,,,,,,,,,,데님,
fashion200k_supplement/images/89285823_1.jpeg,train,,,,,셔츠,,,,,민소매,,,,,,,,,,실크·새틴,포켓
fashion200k_supplement/images/89291886_0.jpeg,train,,,,,셔츠,,,,,,,,,,,,,,,시폰|실크·새틴,
fashion200k_supplement/images/89355133_0.jpeg,train,,,,,폴로 셔츠,,,,,,,,,,폴로 칼라,,,,,,
fashion200k_supplement/images/89369615_0.jpeg,train,,,,,셔츠,,,,,,,,,,,,,,스트라이프,코튼,
fashion200k_supplement/images/89371712_0.jpeg,train,,,,,셔츠,,,,,,,,,,,,,,스트라이프,코튼,
fashion200k_supplement/images/89435830_1.jpeg,train,,,,,셔츠,,,,,민소매,,,,,,,,,,레이스,레이스
fashion200k_supplement/images/89609868_0.jpeg,train,,,,,셔츠,,,,,,,,,,,슬림핏,,,,데님,포켓
fashion200k_supplement/images/89663173_0.jpeg,train,,,,,폴로 셔츠,,,,,,,,,,폴로 칼라,슬림핏,,,,,
fashion200k_supplement/images/89689370_0.jpeg,train,,,,,셔츠,,,,,,,,,,,,,,플로럴,시폰|실크·새틴|레이스,레이스
fashion200k_supplement/images/89853130_2.jpeg,train,,,,,셔츠,,,,,,,,,,,,,,,데님,
fashion200k_supplement/images/89876982_0.jpeg,train,,,,,셔츠,,,,,,,,,,,,,,,코튼,
fashion200k_supplement/images/89977717_0.jpeg,train,,,,,셔츠,,,,,긴팔,,,,,,,,,,코튼|실크·새틴,
fashion200k_supplement/images/89978910_0.jpeg,train,,,,,셔츠,,,,,,,,,,,,,,,코튼|실크·새틴,
fashion200k_supplement/images/89988297_0.jpeg,val,,,,,셔츠,,,,,민소매,,,,,,,,,,코튼|레이스,레이스
fashion200k_supplement/images/90036506_0.jpeg,val,,,,,셔츠,,,,,,,,,,,,,,,스웨이드,
fashion200k_supplement/images/90055057_0.jpeg,val,,,,,셔츠,,,,,,,,,,,,,,,실크·새틴,
fashion200k_supplement/images/90071517_0.jpeg,val,,,,,셔츠,,,,,,,,,,,,,,,실크·새틴,
fashion200k_supplement/images/90078246_0.jpeg,train,,,,,셔츠,,,,,긴팔,,,,,,,,,,데님,자수
fashion200k_supplement/images/90079819_0.jpeg,train,,,,,셔츠,,,,,,,,,,,,,,,데님,
fashion200k_supplement/images/90102565_1.jpeg,val,,,,,폴로 셔츠,,,,,,,,,,폴로 칼라,,,,,,
fashion200k_supplement/images/90135049_0.jpeg,train,,,,,셔츠,,,,,,,,,,,,,,,코튼,
fashion200k_supplement/images/90145881_0.jpeg,train,,,,,셔츠,,,,,,,,,,,,,,,실크·새틴,
fashion200k_supplement/images/90159824_0.jpeg,train,,,,,폴로 셔츠,,,,,,,,,,폴로 칼라,슬림핏,,,,,
fashion200k_supplement/images/90248247_0.jpeg,train,,,,,셔츠,,,,,,,,,,,,,,,코튼,
fashion200k_supplement/images/90250516_0.jpeg,val,,,,,셔츠,,,,,,,,,,,,,,스트라이프,코튼,
fashion200k_supplement/images/90257383_0.jpeg,train,,,,,셔츠,,,,,,,,,,,,,,,실크·새틴,
fashion200k_supplement/images/90280443_0.jpeg,val,,,,,셔츠,,,,,,,,,,,,,,플로럴,시폰,
fashion200k_supplement/images/90294729_0.jpeg,val,,,,,셔츠,,,,,,,,,,,,,,,실크·새틴,
fashion200k_supplement/images/90308518_0.jpeg,train,,,,,셔츠,,,,,,,,,,,,,,,실크·새틴,
fashion200k_supplement/images/90323731_0.jpeg,train,,,,,셔츠,,,,,,,,,,,,,,,시폰,
fashion200k_supplement/images/90353378_0.jpeg,train,,,,,셔츠,,,,,,,,,,,,,,,실크·새틴,포켓
fashion200k_supplement/images/90368930_0.jpeg,val,,,,,셔츠,,,,,,,,,,,,,,스트라이프,실크·새틴,
fashion200k_supplement/images/90412228_0.jpeg,train,,,,,셔츠,,,,,,,,,,,,,,,코튼,
fashion200k_supplement/images/90429762_0.jpeg,train,,,,,셔츠,,,,,,,,,,,,,,체크,레이스,레이스
fashion200k_supplement/images/90456466_0.jpeg,val,,,,,셔츠,,,,,,,롱 기장,,,,,,,,코튼,
fashion200k_supplement/images/90533790_0.jpeg,train,,,,,셔츠,,,,,,,,,,,,,,,데님,
fashion200k_supplement/images/90538785_0.jpeg,train,,,,,셔츠,,,,,,,,,,,,,,,코튼,
fashion200k_supplement/images/90565714_0.jpeg,val,,,,,셔츠,,,,,민소매,,,,,,,,,,실크·새틴,
fashion200k_supplement/images/90572468_4.jpeg,train,,,,,셔츠,,,,,,,,,,,,,,,데님,
fashion200k_supplement/images/90612059_0.jpeg,val,,,,,셔츠,,,,,,,,,,,,,,,스웨이드,포켓
fashion200k_supplement/images/90634314_0.jpeg,train,,,,,폴로 셔츠,,,,,,,,,,폴로 칼라,,,,,메시,
fashion200k_supplement/images/90642298_0.jpeg,train,,,,,셔츠,,,,,,,,,,,,,,플로럴,울,
fashion200k_supplement/images/90645013_0.jpeg,val,,,,,폴로 셔츠,,,,,,,,,,폴로 칼라,,,,,,
fashion200k_supplement/images/90649938_3.jpeg,train,,,,,폴로 셔츠,,,,,,,크롭 기장,,,폴로 칼라,,,,플로럴,,
fashion200k_supplement/images/90696078_0.jpeg,val,,,,,셔츠,,,,,,,,,,,,,,,데님,
fashion200k_supplement/images/90741451_0.jpeg,train,,,,,셔츠,,,,,,,,,,,,,,,코튼,
fashion200k_supplement/images/90744059_0.jpeg,train,,,,,폴로 셔츠,,,,,,,,,,폴로 칼라,슬림핏,,,,,
fashion200k_supplement/images/90786190_0.jpeg,train,,,,,폴로 셔츠,,,,,,,,,,폴로 칼라,,,,스트라이프,울|메시,
fashion200k_supplement/images/90787597_0.jpeg,train,,,,,셔츠,,,,,,,,,,,,,,,실크·새틴,
fashion200k_supplement/images/90795960_0.jpeg,val,,,,,셔츠,,,,,,,롱 기장,,,,,,,체크,메시,
fashion200k_supplement/images/90897639_0.jpeg,train,,,,,셔츠,,,,,,,,,,,,,,,실크·새틴,
fashion200k_supplement/images/90914110_0.jpeg,train,,,,,셔츠,,,,,,,,,,,,,,,데님,
fashion200k_supplement/images/90951112_1.jpeg,train,,,,,셔츠,,,,,,,,,,,,,,,가죽,
fashion200k_supplement/images/90958498_0.jpeg,val,,,,,셔츠,,,,,,,,,,,,,,,울,
fashion200k_supplement/images/90960050_0.jpeg,train,,,,,셔츠,,,,,,,,,,,,,,,시폰,
fashion200k_supplement/images/90967074_0.jpeg,train,,,,,셔츠,,,,,,,롱 기장,,,,,,,,메시,
fashion200k_supplement/images/90975873_0.jpeg,train,,,,,셔츠,,,,,,,,,,,,,,,데님,
fashion200k_supplement/images/90983086_0.jpeg,train,,,,,폴로 셔츠,,,,,,,,,,폴로 칼라,,,,,메시,
fashion200k_supplement/images/90990588_0.jpeg,train,,,,,셔츠,,,,,,,,,,,,,,,실크·새틴,
fashion200k_supplement/images/90992931_0.jpeg,train,,,,,폴로 셔츠,,,,,,,,,,폴로 칼라,,,,,실크·새틴,
fashion200k_supplement/images/90996328_1.jpeg,train,,,,,셔츠,,,,,,,,,,,,,,,데님,
fashion200k_supplement/images/91008283_0.jpeg,train,,,,,셔츠,,,,,,,,,,,,,,,시폰|실크·새틴,
fashion200k_supplement/images/91011043_0.jpeg,train,,,,,셔츠,,,,,,,,,,,,,,,데님,포켓
fashion200k_supplement/images/91011944_0.jpeg,val,,,,,셔츠,,,,,,,,,,,,,,,울,
fashion200k_supplement/images/91015747_0.jpeg,val,,,,,셔츠,,,,,,,,,,,,,,,실크·새틴,
fashion200k_supplement/images/91015996_0.jpeg,val,,,,,폴로 셔츠,,,,,,,,,,폴로 칼라,,,,,,
fashion200k_supplement/images/91016617_0.jpeg,train,,,,,셔츠,,,,,,,,,,,,,,,레이스,레이스
fashion200k_supplement/images/91016935_0.jpeg,train,,,,,셔츠,,,,,,,,,,,,,,,실크·새틴,
fashion200k_supplement/images/91018231_1.jpeg,train,,,,,셔츠,,,,,,,,,,,,,,,메시,포켓
fashion200k_supplement/images/91022187_0.jpeg,train,,,,,셔츠,,,,,,,,,,,,,,체크,실크·새틴,
fashion200k_supplement/images/91023588_0.jpeg,train,,,,,폴로 셔츠,,,,,,,,,,폴로 칼라,,,,스트라이프,,
fashion200k_supplement/images/91027328_1.jpeg,train,,,,,셔츠,,,,,,,,,,,,,,,실크·새틴,
fashion200k_supplement/images/91037101_0.jpeg,train,,,,,셔츠,,,,,,,,,,,,,,,스웨이드,
fashion200k_supplement/images/91042340_0.jpeg,train,,,,,셔츠,,,,,,,,,,,,,,,데님,
fashion200k_supplement/images/91043125_0.jpeg,train,,,,,폴로 셔츠,,,,,,,,,,폴로 칼라,,,,,,
fashion200k_supplement/images/91044022_0.jpeg,train,,,,,셔츠,,,,,긴팔,,,,,,,,,,데님,포켓
fashion200k_supplement/images/91049521_1.jpeg,train,,,,,셔츠,,,,,,,,,,,,,,,데님,
fashion200k_supplement/images/91053214_0.jpeg,train,,,,,셔츠,,,,,,,,,,,,,,,가죽,
fashion200k_supplement/images/91054623_0.jpeg,train,,,,,셔츠,,,,,,,,,,,,,,,데님,
fashion200k_supplement/images/91057892_1.jpeg,train,,,,,셔츠,,,,,,,,,,,,,,,데님,
fashion200k_supplement/images/91057920_0.jpeg,train,,,,,폴로 셔츠,,,,,,,,,,폴로 칼라,,,,,,
fashion200k_supplement/images/91061463_1.jpeg,train,,,,,셔츠,,,,,,,,,,,슬림핏,,,,실크·새틴,
fashion200k_supplement/images/91062688_0.jpeg,train,,,,,셔츠,,,,,,,,,,,,,,스트라이프,실크·새틴,
fashion200k_supplement/images/91067240_0.jpeg,train,,,,,셔츠,,,,,,,,,,,,,,,울,
fashion200k_supplement/images/91073623_1.jpeg,train,,,,,폴로 셔츠,,,,,,,,,,폴로 칼라,,,,,,
fashion200k_supplement/images/91075151_0.jpeg,train,,,,,셔츠,,,,,,,,,,,,,,,울,
fashion200k_supplement/images/91075209_0.jpeg,val,,,,,셔츠,,,,,,,롱 기장,,,,,,,,메시,
fashion200k_supplement/images/91080516_0.jpeg,train,,,,,셔츠,,,,,,,,,,,,,,,실크·새틴,
fashion200k_supplement/images/91081800_0.jpeg,val,,,,,폴로 셔츠,,,,,,,,,,폴로 칼라,,,,,,
fashion200k_supplement/images/91082368_0.jpeg,train,,,,,셔츠,,,,,,,,,,,,,,,시폰,
fashion200k_supplement/images/91087482_1.jpeg,val,,,,,셔츠,,,,,,,,,,,,,,,코튼,포켓
fashion200k_supplement/images/91091701_0.jpeg,val,,,,,폴로 셔츠,,,,,,,,,,폴로 칼라,,,,,,
fashion200k_supplement/images/91096762_1.jpeg,train,,,,,셔츠,,,,,,,,,,,,,,,데님,
fashion200k_supplement/images/91100654_1.jpeg,train,,,,,셔츠,,,,,,,,,,,,,,,데님,
fashion200k_supplement/images/91109773_0.jpeg,train,,,,,셔츠,,,,,,,,,,,,,,도트,실크·새틴,
fashion200k_supplement/images/91111769_0.jpeg,val,,,,,셔츠,,,,,,,,,,,,,,,실크·새틴,프릴·러플
fashion200k_supplement/images/91114758_1.jpeg,train,,,,,셔츠,,,,,,,,,,,,,,,데님,
fashion200k_supplement/images/91116849_0.jpeg,train,,,,,셔츠,,,,,,,,,,,,,,,실크·새틴,
fashion200k_supplement/images/91117631_0.jpeg,train,,,,,셔츠,,,,,,,,,,,,,,,스웨이드,
fashion200k_supplement/images/91121164_0.jpeg,train,,,,,셔츠,,,,,,,,,,,,,,,레이스,레이스
fashion200k_supplement/images/91124834_2.jpeg,train,,,,,셔츠,,,,,,,,,,,,,,,코튼,
fashion200k_supplement/images/91126780_0.jpeg,val,,,,,셔츠,,,,,,,,,,,,,,,실크·새틴,
fashion200k_supplement/images/91127454_0.jpeg,train,,,,,셔츠,,,,,,,,,,,,,,,코튼,
fashion200k_supplement/images/91131215_1.jpeg,train,,,,,셔츠,,,,,,,,,,,,,,,실크·새틴,
fashion200k_supplement/images/91134693_0.jpeg,val,,,,,셔츠,,,,,,,,,,,,,,,코튼,
fashion200k_supplement/images/91146157_1.jpeg,train,,,,,셔츠,,,,,,,,,,,,,,,데님,프릴·러플
fashion200k_supplement/images/91149342_0.jpeg,val,,,,,셔츠,,,,,,,,,,,,,,,실크·새틴,포켓
fashion200k_supplement/images/91153123_0.jpeg,train,,,,,셔츠,,,,,,,,,,,오버핏,,,,실크·새틴,
fashion200k_supplement/images/91158132_1.jpeg,train,,,,,셔츠,,,,,,,,,,,,,,,데님,자수
fashion200k_supplement/images/91158297_0.jpeg,train,,,,,셔츠,,,,,,,,,,,,,,,실크·새틴,
fashion200k_supplement/images/91163420_0.jpeg,train,,,,,셔츠,,,,,,,,,,,,,,스트라이프,레이스,레이스
fashion200k_supplement/images/91171278_0.jpeg,train,,,,,셔츠,,,,,,,,,,,,,,,레이스,레이스
fashion200k_supplement/images/91173261_1.jpeg,train,,,,,셔츠,,,,,,,,,,,,,,,코튼,
fashion200k_supplement/images/91177549_0.jpeg,val,,,,,폴로 셔츠,,,,,,,,,,폴로 칼라,,,,,,
fashion200k_supplement/images/91177691_0.jpeg,val,,,,,폴로 셔츠,,,,,,,,,,폴로 칼라,,,,,,
fashion200k_supplement/images/91181621_0.jpeg,train,,,,,셔츠,,,,,,,,,,,,,,체크,울,
fashion200k_supplement/images/91185189_0.jpeg,train,,,,,폴로 셔츠,,,,,,,,,,폴로 칼라,,,,,,
fashion200k_supplement/images/91194364_0.jpeg,train,,,,,폴로 셔츠,,,,,,,,,,폴로 칼라,,,,,,
fashion200k_supplement/images/91194801_1.jpeg,train,,,,,셔츠,,,,,,,,,,,,,,,시폰,
fashion200k_supplement/images/91202703_0.jpeg,train,,,,,셔츠,,,,,,,,,,,,,,,실크·새틴,
fashion200k_supplement/images/91202856_0.jpeg,train,,,,,셔츠,,,,,반팔,,,,,,,,,,실크·새틴,
fashion200k_supplement/images/91203316_0.jpeg,val,,,,,셔츠,,,,,,,,,,,,,,,실크·새틴,
fashion200k_supplement/images/91206636_0.jpeg,train,,,,,셔츠,,,,,,,,,,,,,,,실크·새틴,
fashion200k_supplement/images/91213615_0.jpeg,train,,,,,셔츠,,,,,,,,,,,오버핏,,,,데님,
fashion200k_supplement/images/91221577_0.jpeg,train,,,,,셔츠,,,,,,,,,,,,,,,실크·새틴,
fashion200k_supplement/images/91224431_0.jpeg,train,,,,,셔츠,,,,,,,,,,,,,,,시폰|실크·새틴,
fashion200k_supplement/images/91226808_1.jpeg,train,,,,,셔츠,,,,,,,,,,,,,,,코튼,
fashion200k_supplement/images/91226899_0.jpeg,train,,,,,셔츠,,,,,,,,,,,,,,스트라이프,코튼,
fashion200k_supplement/images/91228143_0.jpeg,train,,,,,셔츠,,,,,,,,,,,,,,,실크·새틴,
fashion200k_supplement/images/91237591_0.jpeg,train,,,,,셔츠,,,,,,,,,,,,,,,데님,
fashion200k_supplement/images/91242625_0.jpeg,train,,,,,셔츠,,,,,,,,,,,,,,,코튼,
fashion200k_supplement/images/91243707_0.jpeg,train,,,,,셔츠,,,,,,,,,,,,,,플로럴,니트,
fashion200k_supplement/images/91250547_1.jpeg,val,,,,,셔츠,,,,,,,,,,,,,,,데님,
fashion200k_supplement/images/91259228_0.jpeg,train,,,,,셔츠,,,,,,,,,,,,,,,코튼,
fashion200k_supplement/images/91262105_0.jpeg,train,,,,,셔츠,,,,,,,,,,,,,,,데님,
fashion200k_supplement/images/91262425_0.jpeg,train,,,,,셔츠,,,,,,,,,,,,,,,코튼,
fashion200k_supplement/images/91278245_0.jpeg,train,,,,,폴로 셔츠,,,,,,,,,,폴로 칼라,,,,,,
fashion200k_supplement/images/91286407_0.jpeg,train,,,,,셔츠,,,,,,,,,,,,,,,시폰,
fashion200k_supplement/images/91289690_0.jpeg,val,,,,,셔츠,,,,,,,,,,,,,,,실크·새틴,
fashion200k_supplement/images/91292189_0.jpeg,train,,,,,셔츠,,,,,,,,,,,,,,,코튼,
fashion200k_supplement/images/91292379_0.jpeg,train,,,,,셔츠,,,,,긴팔,,롱 기장,,,,,,,스트라이프,코튼,
fashion200k_supplement/images/91293324_0.jpeg,val,,,,,셔츠,,,,,,,,,,,,,,,데님,
fashion200k_supplement/images/91294838_0.jpeg,train,,,,,셔츠,,,,,,,,,,,,,,스트라이프,코튼,
fashion200k_supplement/images/91296068_0.jpeg,val,,,,,셔츠,,,,,,,,,,,,,,,레이스,레이스
fashion200k_supplement/images/91299721_0.jpeg,train,,,,,셔츠,,,,,,,크롭 기장,,,,,,,,데님,
fashion200k_supplement/images/91299791_0.jpeg,train,,,,,셔츠,,,,,,,,,,,,,,,울,프릴·러플
fashion200k_supplement/images/91302800_0.jpeg,train,,,,,셔츠,,,,,,,,,,,,,,,울,
fashion200k_supplement/images/91305472_0.jpeg,train,,,,,셔츠,,,,,,,,,,,,,,,레이스|가죽,레이스
fashion200k_supplement/images/91310368_0.jpeg,train,,,,,폴로 셔츠,,,,,반팔,,,,,폴로 칼라,,,,스트라이프,,
fashion200k_supplement/images/91311823_0.jpeg,train,,,,,폴로 셔츠,,,,,,,,,,폴로 칼라,,,,스트라이프,,
fashion200k_supplement/images/91334566_0.jpeg,train,,,,,셔츠,,,,,,,,,,,,,,,레이스|가죽,레이스
fashion200k_supplement/images/91337600_0.jpeg,train,,,,,셔츠,,,,,,,,,,,,,,,데님,
fashion200k_supplement/images/91338235_0.jpeg,train,,,,,셔츠,,,,,,,,,,,,,,,실크·새틴,
fashion200k_supplement/images/91338419_0.jpeg,train,,,,,셔츠,,,,,,,,,,,,,,,시폰,
fashion200k_supplement/images/91353121_0.jpeg,train,,,,,폴로 셔츠,,,,,,,,,,폴로 칼라,,,,,,
fashion200k_supplement/images/91356088_0.jpeg,train,,,,,셔츠,,,,,긴팔,,,,,,,,,,실크·새틴,
fashion200k_supplement/images/91357242_0.jpeg,train,,,,,셔츠,,,,,,,,,,,오버핏,,,,코튼,
fashion200k_supplement/images/91358468_0.jpeg,train,,,,,셔츠,,,,,,,,,,,,,,,코튼,
fashion200k_supplement/images/91359583_1.jpeg,train,,,,,셔츠,,,,,,,,,,,,,,,실크·새틴,
fashion200k_supplement/images/91362747_1.jpeg,train,,,,,셔츠,,,,,,,,,,,,,,,가죽,
fashion200k_supplement/images/91367906_0.jpeg,train,,,,,셔츠,,,,,,,,,,,,,,,실크·새틴,
fashion200k_supplement/images/91370727_0.jpeg,train,,,,,셔츠,,,,,,,,,,,,,,,시폰,
fashion200k_supplement/images/91378970_0.jpeg,train,,,,,셔츠,,,,,,,,,,,,,,,레이스,레이스
fashion200k_supplement/images/91383458_1.jpeg,train,,,,,셔츠,,,,,,,,,,,,,,,실크·새틴,
fashion200k_supplement/images/91388651_0.jpeg,train,,,,,셔츠,,,,,,,롱 기장,,,,,,,,스웨이드,
fashion200k_supplement/images/91388654_0.jpeg,val,,,,,셔츠,,,,,,,,,,,,,,,실크·새틴,
fashion200k_supplement/images/91390739_0.jpeg,val,,,,,셔츠,,,,,민소매,,,,,,,,,,메시,
fashion200k_supplement/images/91391591_0.jpeg,train,,,,,셔츠,,,,,,,,,,,,,,,실크·새틴,
fashion200k_supplement/images/91392025_0.jpeg,train,,,,,셔츠,,,,,,,,,,,,,,,실크·새틴,
fashion200k_supplement/images/91397086_0.jpeg,train,,,,,셔츠,,,,,,,,,,,,,,,데님,
fashion200k_supplement/images/91399434_0.jpeg,train,,,,,셔츠,,,,,,,,,,,,,,,데님,
fashion200k_supplement/images/91403353_0.jpeg,train,,,,,폴로 셔츠,,,,,,,,,,폴로 칼라,,,,,,
fashion200k_supplement/images/91405457_0.jpeg,train,,,,,폴로 셔츠,,,,,,,,,,폴로 칼라,,,,,,
fashion200k_supplement/images/91405838_0.jpeg,val,,,,,폴로 셔츠,,,,,,,,,,폴로 칼라,,,,,,
fashion200k_supplement/images/91407698_0.jpeg,train,,,,,폴로 셔츠,,,,,,,,,,폴로 칼라,,,,,,
fashion200k_supplement/images/91409499_0.jpeg,train,,,,,셔츠,,,,,,,,,,,,,,,데님,
fashion200k_supplement/images/91410791_0.jpeg,train,,,,,셔츠,,,,,,,,,,,,,,플로럴,데님,
fashion200k_supplement/images/91411807_0.jpeg,val,,,,,셔츠,,,,,,,,,,,,,,,데님,
fashion200k_supplement/images/91429118_0.jpeg,train,,,,,셔츠,,,,,,,,,,,,,,,코튼,
fashion200k_supplement/images/91429684_0.jpeg,train,,,,,셔츠,,,,,,,,,,,,,,,울|니트,
fashion200k_supplement/images/91433227_0.jpeg,train,,,,,셔츠,,,,,,,,,,,,,,체크,레이스,레이스
fashion200k_supplement/images/91433240_0.jpeg,val,,,,,셔츠,,,,,,,,,,,,,,,데님,
fashion200k_supplement/images/91436935_0.jpeg,train,,,,,셔츠,,,,,,,,,,,,,,,울,
fashion200k_supplement/images/46326804_0.jpeg,train,,,,,탑,,,,,반팔,,,,,,,,,,코튼|레이스,레이스
fashion200k_supplement/images/46664934_1.jpeg,train,,,,,탑,,,,,반팔,,,,,,,,,,메시,
fashion200k_supplement/images/47345448_2.jpeg,train,,,,,탑,,,,,반팔,,,,,,,,,,가죽,
fashion200k_supplement/images/49986230_0.jpeg,val,,,,,폴로 셔츠,,,,,반팔,,,,,폴로 칼라,,,,,,
fashion200k_supplement/images/51669457_0.jpeg,train,,,,,탑,,,,,반팔,,,,,,,,,,레이스,레이스
fashion200k_supplement/images/54870014_0.jpeg,train,,,,,탑,,,,,반팔,,,,,,,,,,스웨이드|가죽|니트,
fashion200k_supplement/images/57013974_0.jpeg,train,,,,,폴로 셔츠,,,,,반팔,,,,,폴로 칼라,,,,플로럴,레이스,레이스
fashion200k_supplement/images/57037983_3.jpeg,train,,,,,탑,,,,,반팔,,,,,,,,,,가죽,
fashion200k_supplement/images/58746480_0.jpeg,train,,,,,탑,,,,,반팔,,,,,,,,,,시폰,
fashion200k_supplement/images/60511244_0.jpeg,train,,,,,탑,,,,,반팔,,크롭 기장,,,,,,,,가죽|니트,
fashion200k_supplement/images/61552469_0.jpeg,train,,,,,폴로 셔츠,,,,,,,,,,폴로 칼라,슬림핏,,,,,
fashion200k_supplement/images/62867993_0.jpeg,train,,,,,폴로 셔츠,,,,,반팔,,,,,폴로 칼라,,,,,,
fashion200k_supplement/images/63025800_1.jpeg,train,,,,,폴로 셔츠,,,,,반팔,,,,,폴로 칼라,,,,,,
fashion200k_supplement/images/71524926_0.jpeg,train,,,,,폴로 셔츠,,,,,반팔,,,,,폴로 칼라,,,,,,자수
fashion200k_supplement/images/71557445_0.jpeg,train,,,,,폴로 셔츠,,,,,반팔,,,,,폴로 칼라,,,,,,자수
fashion200k_supplement/images/72021525_1.jpeg,val,,,,,탑,,,,,반팔,,,,,,,,,,실크·새틴|레이스,레이스
fashion200k_supplement/images/72640772_0.jpeg,val,,,,,폴로 셔츠,,,,,반팔,,,,,폴로 칼라,,,,,,
fashion200k_supplement/images/73251806_0.jpeg,val,,,,,탑,,,,,반팔,,,,,,,,,,가죽,
fashion200k_supplement/images/75287319_1.jpeg,train,,,,,탑,,,,,반팔,,,,,,,,,,레이스,레이스
fashion200k_supplement/images/76071495_1.jpeg,train,,,,,탑,,,,,반팔,,크롭 기장,,,,,,,,코튼,
fashion200k_supplement/images/76416927_0.jpeg,train,,,,,탑,,,,,반팔,,,,,,,,,,니트,
fashion200k_supplement/images/78588936_0.jpeg,train,,,,,폴로 셔츠,,,,,반팔,,,,,폴로 칼라,,,,스트라이프,,
fashion200k_supplement/images/79207560_1.jpeg,train,,,,,탑,,,,,반팔,,롱 기장,,,,,,,,가죽,
fashion200k_supplement/images/79672722_2.jpeg,val,,,,,탑,,,,,반팔,,,,,,,,,,니트,
fashion200k_supplement/images/80758724_0.jpeg,train,,,,,폴로 셔츠,,,,,반팔,,,,,폴로 칼라,,,,,,
fashion200k_supplement/images/80760798_0.jpeg,train,,,,,폴로 셔츠,,,,,반팔,,,,,폴로 칼라,,,,,,
fashion200k_supplement/images/87000431_0.jpeg,train,,,,,폴로 셔츠,,,,,반팔,,,,,폴로 칼라,,,,,,
fashion200k_supplement/images/87576096_0.jpeg,train,,,,,폴로 셔츠,,,,,반팔,,,,,폴로 칼라,,,,,코튼,자수
fashion200k_supplement/images/87739980_0.jpeg,train,,,,,폴로 셔츠,,,,,반팔,,,,,폴로 칼라,오버핏,,,,코튼,
fashion200k_supplement/images/87918375_0.jpeg,train,,,,,탑,,,,,반팔,,,,,,,,,,레이스,레이스
fashion200k_supplement/images/88217773_0.jpeg,train,,,,,폴로 셔츠,,,,,반팔,,,,,폴로 칼라,,,,,,
fashion200k_supplement/images/88292411_0.jpeg,train,,,,,탑,,,,,반팔,,,,,,,,,,레이스,레이스
fashion200k_supplement/images/88299190_0.jpeg,val,,,,,탑,,,,,반팔,,,,,,,,,,코튼,
fashion200k_supplement/images/88587984_0.jpeg,val,,,,,폴로 셔츠,,,,,반팔,,,,,폴로 칼라,,,,,,
fashion200k_supplement/images/88616260_0.jpeg,train,,,,,폴로 셔츠,,,,,반팔,,,,,폴로 칼라,,,,스트라이프,,
fashion200k_supplement/images/88657798_0.jpeg,val,,,,,폴로 셔츠,,,,,반팔,,,,,폴로 칼라,슬림핏,,,,,
fashion200k_supplement/images/88676018_0.jpeg,train,,,,,폴로 셔츠,,,,,반팔,,,,,폴로 칼라,,,,,,
fashion200k_supplement/images/88730883_1.jpeg,train,,,,,폴로 셔츠,,,,,반팔,,,,,폴로 칼라,,,,,,
fashion200k_supplement/images/88754253_0.jpeg,train,,,,,탑,,,,,반팔,,,,,,,,,,코튼|레이스,레이스
fashion200k_supplement/images/88881905_0.jpeg,train,,,,,폴로 셔츠,,,,,반팔,,,,,폴로 칼라,,,,,,
fashion200k_supplement/images/88904375_0.jpeg,val,,,,,폴로 셔츠,,,,,반팔,,,,,폴로 칼라,레귤러핏,,,,,
fashion200k_supplement/images/88933498_1.jpeg,train,,,,,폴로 셔츠,,,,,반팔,,,,,폴로 칼라,,,,,,
fashion200k_supplement/images/88940971_0.jpeg,train,,,,,폴로 셔츠,,,,,반팔,,,,,폴로 칼라,,,,,,
fashion200k_supplement/images/88941441_0.jpeg,train,,,,,폴로 셔츠,,,,,반팔,,,,,폴로 칼라,,,,,,
fashion200k_supplement/images/88944899_0.jpeg,train,,,,,폴로 셔츠,,,,,반팔,,,,,폴로 칼라,레귤러핏,,,,,
fashion200k_supplement/images/89013123_0.jpeg,train,,,,,폴로 셔츠,,,,,반팔,,,,,폴로 칼라,,,,,,
fashion200k_supplement/images/89055089_0.jpeg,train,,,,,탑,,,,,반팔,,,,,,,,,,니트,
fashion200k_supplement/images/89056197_0.jpeg,train,,,,,폴로 셔츠,,,,,반팔,,,,라운드넥,폴로 칼라,,,,,코튼,
fashion200k_supplement/images/89125565_0.jpeg,train,,,,,폴로 셔츠,,,,,반팔,,,,,폴로 칼라,레귤러핏,,,,,
fashion200k_supplement/images/89127655_0.jpeg,train,,,,,폴로 셔츠,,,,,반팔,,,,,폴로 칼라,,,,스트라이프,,
fashion200k_supplement/images/89128191_0.jpeg,val,,,,,폴로 셔츠,,,,,반팔,,,,,폴로 칼라,,,,,,
fashion200k_supplement/images/89197313_0.jpeg,train,,,,,폴로 셔츠,,,,,반팔,,,,,폴로 칼라,슬림핏,,,,,
fashion200k_supplement/images/89244709_0.jpeg,train,,,,,탑,,,,,반팔,,,,,,,,,,레이스,레이스
fashion200k_supplement/images/89257796_0.jpeg,val,,,,,탑,,,,,반팔,,,,,,,,,,니트,
fashion200k_supplement/images/89276274_0.jpeg,train,,,,,폴로 셔츠,,,,,반팔,,,,,폴로 칼라,,,,,,
fashion200k_supplement/images/89291647_0.jpeg,train,,,,,폴로 셔츠,,,,,반팔,,,,,폴로 칼라,,,,스트라이프,,
fashion200k_supplement/images/89297524_0.jpeg,train,,,,,폴로 셔츠,,,,,반팔,,,,,폴로 칼라,,,,,,
fashion200k_supplement/images/89353003_1.jpeg,train,,,,,폴로 셔츠,,,,,반팔,,,,,폴로 칼라,,,,,,
fashion200k_supplement/images/89371461_0.jpeg,train,,,,,폴로 셔츠,,,,,반팔,,,,,폴로 칼라,슬림핏,,,,,
fashion200k_supplement/images/89399607_0.jpeg,train,,,,,폴로 셔츠,,,,,반팔,,,,,폴로 칼라,,,,,코튼,
fashion200k_supplement/images/89456903_1.jpeg,train,,,,,탑,,,,,반팔,,,,,,,,,,레이스,레이스
fashion200k_supplement/images/89462818_3.jpeg,train,,,,,폴로 셔츠,,,,,반팔,,,,,폴로 칼라,슬림핏,,,,,
fashion200k_supplement/images/89479245_0.jpeg,train,,,,,폴로 셔츠,,,,,반팔,,,,,폴로 칼라,슬림핏,,,,,
fashion200k_bottoms/images/10690635_0.jpeg,val,,,,,팬츠,하렘 팬츠,,,,,,,,,,,,,,,
fashion200k_bottoms/images/21313534_0.jpeg,train,,,,,팬츠,하렘 팬츠,,,,,,,,,,,,,,,
fashion200k_bottoms/images/25132417_0.jpeg,val,,,,,팬츠,하렘 팬츠,,,드로스트링,,,,,,,,,,,,
fashion200k_bottoms/images/27093790_0.jpeg,train,,,,,팬츠,하렘 팬츠,,,,,,,,,,,,,,,
fashion200k_bottoms/images/27533098_0.jpeg,train,,,,,팬츠,하렘 팬츠,,,,,,,,,,,,,,,
fashion200k_bottoms/images/29164036_0.jpeg,train,,,,,팬츠,하렘 팬츠,,,,,,,,,,,,,,,
fashion200k_bottoms/images/29502716_0.jpeg,train,,,,,팬츠,하렘 팬츠,,,,,,,,,,,,,,,
fashion200k_bottoms/images/29579404_1.jpeg,train,,,,,팬츠,하렘 팬츠,,,,,,,,,,,,,,,
fashion200k_bottoms/images/30215157_1.jpeg,val,,,,,팬츠,하렘 팬츠,테이퍼드,,,,,,,,,,테이퍼드핏,,,,
fashion200k_bottoms/images/30329124_0.jpeg,train,,,,,팬츠,하렘 팬츠,,,,,,,,,,,,,,,
fashion200k_bottoms/images/34159533_0.jpeg,train,,,,,팬츠,조거·스웨트팬츠,스트레이트,,,,,,,,,,스트레이트핏,,,,
fashion200k_bottoms/images/34454308_1.jpeg,train,,,,,팬츠,,페그,,,,,,,,,,테이퍼드핏,,,,
fashion200k_bottoms/images/35402230_0.jpeg,train,,,,,팬츠,트랙팬츠,,,,,,,,,,,,,,,
fashion200k_bottoms/images/36056077_0.jpeg,train,,,,,팬츠,,스트레이트,,,,,,,,,,스트레이트핏,,,,
fashion200k_bottoms/images/36184455_0.jpeg,train,,,,,팬츠,,스트레이트,,,,,,,,,,스트레이트핏,,,,
fashion200k_bottoms/images/36350107_0.jpeg,train,,,,,팬츠,,스트레이트,,,,,,,,,,스트레이트핏,,,,
fashion200k_bottoms/images/37190895_0.jpeg,train,,,,,청바지,청바지,스트레이트,,,,,,,,,,스트레이트핏,,,데님,
fashion200k_bottoms/images/37214250_0.jpeg,train,,,,,청바지,청바지,스트레이트,,,,,,,,,,스트레이트핏,,,데님,
fashion200k_bottoms/images/38497370_1.jpeg,train,,,,,팬츠,,스트레이트,,,,,,,,,,스트레이트핏,,,,
fashion200k_bottoms/images/39958704_0.jpeg,train,,,,,팬츠,치노 팬츠,스트레이트,,,,,,,,,,스트레이트핏,,,,
fashion200k_bottoms/images/40467438_0.jpeg,train,,,,,팬츠,하렘 팬츠,,,,,,,,,,,,,,,
fashion200k_bottoms/images/41878581_0.jpeg,train,,,,,팬츠,치노 팬츠,스트레이트,,,,,,,,,,스트레이트핏,,,,
fashion200k_bottoms/images/42365987_0.jpeg,train,,,,,팬츠,하렘 팬츠,,,,,,,,,,,,,,,
fashion200k_bottoms/images/42456891_0.jpeg,train,,,,,팬츠,하렘 팬츠,,,,,,,,,,,,,,,
fashion200k_bottoms/images/42471145_0.jpeg,train,,,,,팬츠,하렘 팬츠,스트레이트,,,,,,,,,,스트레이트핏,,,,
fashion200k_bottoms/images/42562545_1.jpeg,train,,,,,팬츠,,스트레이트,,플리츠·턱,,,,,,,,스트레이트핏,,,,
fashion200k_bottoms/images/42706991_0.jpeg,val,,,,,팬츠,,스트레이트,,,,,,,,,,스트레이트핏,,,,
fashion200k_bottoms/images/42840947_0.jpeg,train,,,,,팬츠,,스트레이트,,,,,,,,,,스트레이트핏,,,,
fashion200k_bottoms/images/43250881_0.jpeg,val,,,,,팬츠,,스트레이트,카프리·7부,,,,,미디·7부 기장,,,,스트레이트핏,,,,
fashion200k_bottoms/images/44454128_2.jpeg,train,,,,,팬츠,하렘 팬츠,,,,,,,,,,,,,,,
fashion200k_bottoms/images/44586706_0.jpeg,train,,,,,팬츠,,스키니,,,,,,,,,,슬림핏,,,,
fashion200k_bottoms/images/44646813_0.jpeg,train,,,,,팬츠,,스트레이트,,플리츠·턱,,,,,,,,스트레이트핏,,,,
fashion200k_bottoms/images/44743420_1.jpeg,val,,,,,팬츠,,스트레이트,,드로스트링,,,,,,,,스트레이트핏,,,,
fashion200k_bottoms/images/46432542_0.jpeg,train,,,,,청바지,청바지,스키니,,,,,,,,,,슬림핏,,,데님,
fashion200k_bottoms/images/46451695_0.jpeg,train,,,,,팬츠,하렘 팬츠,,,드로스트링,,,,,,,,,,,,
fashion200k_bottoms/images/47013892_0.jpeg,train,,,,,청바지,청바지,스키니,,,,,,,,,,슬림핏,,,데님,
fashion200k_bottoms/images/47099119_0.jpeg,train,,,,,팬츠,,테이퍼드,,,,,,,,,,테이퍼드핏,,,,
fashion200k_bottoms/images/47623450_0.jpeg,train,,,,,청바지,청바지,스키니,,,,,,,,,,슬림핏,,,데님,
fashion200k_bottoms/images/47626440_3.jpeg,train,,,,,팬츠,,스키니,,,,,,,,,,슬림핏,,,,
fashion200k_bottoms/images/48013958_0.jpeg,train,,,,,팬츠,,스트레이트,,,,,,,,,,스트레이트핏,,,,
fashion200k_bottoms/images/48692946_0.jpeg,train,,,,,팬츠,하렘 팬츠,,,,,,,,,,,,,,,
fashion200k_bottoms/images/49057825_1.jpeg,train,,,,,팬츠,,스트레이트,,드로스트링,,,,,,,,스트레이트핏,,,,
fashion200k_bottoms/images/49505814_0.jpeg,train,,,,,팬츠,레깅스,,,,,,,,,,,,,,,
fashion200k_bottoms/images/49732046_1.jpeg,train,,,,,팬츠,트랙팬츠,스트레이트,,,,,,,,,,스트레이트핏,,,,
fashion200k_bottoms/images/50102766_1.jpeg,train,,,,,팬츠,,플레어,,,,,,,,,,플레어핏,,,,
fashion200k_bottoms/images/50153631_2.jpeg,train,,,,,팬츠,카고 팬츠,스트레이트,,카고 포켓,,,,,,,,스트레이트핏,,,,
fashion200k_bottoms/images/50160096_0.jpeg,train,,,,,팬츠,,와이드,,플리츠·턱,,,,,,,,와이드핏,,,,
fashion200k_bottoms/images/50160652_0.jpeg,train,,,,,팬츠,,스키니,,5포켓,,,,,,,,슬림핏,,,,
fashion200k_bottoms/images/51278776_0.jpeg,train,,,,,팬츠,,스트레이트,,플리츠·턱,,,,,,,,스트레이트핏,,,,
fashion200k_bottoms/images/51444756_0.jpeg,train,,,,,팬츠,치노 팬츠,스트레이트,,,,,,,,,,스트레이트핏,,,,
fashion200k_bottoms/images/51524594_1.jpeg,train,,,,,팬츠,치노 팬츠,스트레이트,,,,,,,,,,스트레이트핏,,,,
fashion200k_bottoms/images/51541504_0.jpeg,train,,,,,팬츠,하렘 팬츠,테이퍼드,,,,,,,,,,테이퍼드핏,,,,
fashion200k_bottoms/images/51627097_0.jpeg,val,,,,,팬츠,,스키니,,5포켓,,,,,,,,슬림핏,,,,
fashion200k_bottoms/images/51644774_1.jpeg,train,,,,,팬츠,하렘 팬츠,,,,,,,,,,,,,,,
fashion200k_bottoms/images/51649756_0.jpeg,train,,,,,팬츠,슬랙스,스트레이트,,,,,,,,,,스트레이트핏,,,,
fashion200k_bottoms/images/51666151_0.jpeg,train,,,,,팬츠,,스트레이트,,,,,,,,,,스트레이트핏,,,,
fashion200k_bottoms/images/51720388_0.jpeg,train,,,,,청바지,청바지,와이드,,,,,,,,,,와이드핏,,,데님,
fashion200k_bottoms/images/51769682_0.jpeg,train,,,,,팬츠,트랙팬츠,,,,,,,,,,,,,,,
fashion200k_bottoms/images/52401718_0.jpeg,val,,,,,팬츠,,스트레이트,,,,,,,,,,스트레이트핏,,,,
fashion200k_bottoms/images/53251688_2.jpeg,train,,,,,팬츠,조거·스웨트팬츠,스트레이트,,,,,,,,,,스트레이트핏,,,,
fashion200k_bottoms/images/54615099_1.jpeg,train,,,,,청바지,청바지,플레어,,,,,,,,,,플레어핏,,,데님,
fashion200k_bottoms/images/54656507_0.jpeg,train,,,,,팬츠,,테이퍼드,,,,,,,,,,테이퍼드핏,,,,
fashion200k_bottoms/images/54789682_0.jpeg,train,,,,,팬츠,하렘 팬츠,,,,,,,,,,,,,,,
fashion200k_bottoms/images/55712557_0.jpeg,val,,,,,팬츠,,플레어,,,,,,,,,,플레어핏,,,,
fashion200k_bottoms/images/55723939_0.jpeg,val,,,,,청바지,청바지,스키니,,,,,,,,,,슬림핏,,,데님,
fashion200k_bottoms/images/56085565_2.jpeg,train,,,,,팬츠,,스트레이트,,플리츠·턱,,,,,,,,스트레이트핏,,,,
fashion200k_bottoms/images/56921338_0.jpeg,train,,,,,팬츠,,테이퍼드,,,,,,,,,,테이퍼드핏,,,,
fashion200k_bottoms/images/56926929_3.jpeg,train,,,,,팬츠,,와이드,,,,,,,,,,와이드핏,,,,
fashion200k_bottoms/images/56929995_1.jpeg,train,,,,,청바지,청바지,와이드,,,,,,,,,,와이드핏,,,데님,
fashion200k_bottoms/images/56930519_0.jpeg,train,,,,,청바지,청바지,스트레이트,,,,,,,,,,스트레이트핏,,,데님,
fashion200k_bottoms/images/56970502_0.jpeg,train,,,,,팬츠,카고 팬츠,와이드,,카고 포켓|드로스트링,,,,,,,,와이드핏,,,,
fashion200k_bottoms/images/57717842_1.jpeg,val,,,,,팬츠,,팔라초,,,,,,,,,,와이드핏,,,,
fashion200k_bottoms/images/57762633_0.jpeg,train,,,,,팬츠,,팔라초,,,,,,,,,,와이드핏,,,,
fashion200k_bottoms/images/58027909_0.jpeg,train,,,,,팬츠,,스트레이트,,플리츠·턱,,,,,,,,스트레이트핏,,,,
fashion200k_bottoms/images/58029774_0.jpeg,train,,,,,팬츠,카고 팬츠,스키니,,카고 포켓,,,,,,,,슬림핏,,,,
fashion200k_bottoms/images/58227075_0.jpeg,train,,,,,청바지,청바지,와이드,,,,,,,,,,와이드핏,,,데님,
fashion200k_bottoms/images/58609018_0.jpeg,train,,,,,팬츠,,스키니,,,,,,,,,,슬림핏,,,,
fashion200k_bottoms/images/59686758_2.jpeg,val,,,,,팬츠,트랙팬츠,,,,,,,,,,,,,,,
fashion200k_bottoms/images/59887934_0.jpeg,train,,,,,팬츠,,스트레이트,,,,,,,,,,스트레이트핏,,,,
fashion200k_bottoms/images/59904113_0.jpeg,train,,,,,팬츠,,스트레이트,,드로스트링,,,,,,,,스트레이트핏,,,,
fashion200k_bottoms/images/59906023_0.jpeg,val,,,,,팬츠,레깅스,,카프리·7부,,,,,미디·7부 기장,,,,,,,,
fashion200k_bottoms/images/59956067_0.jpeg,val,,,,,팬츠,,와이드,,,,,,,,,,와이드핏,,,,
fashion200k_bottoms/images/59970911_1.jpeg,train,,,,,팬츠,조거·스웨트팬츠,스트레이트,,,,,,,,,,스트레이트핏,,,,
fashion200k_bottoms/images/59979313_1.jpeg,train,,,,,팬츠,하렘 팬츠,,,,,,,,,,,,,,,
fashion200k_bottoms/images/60397962_0.jpeg,train,,,,,팬츠,,테이퍼드,,드로스트링,,,,,,,,테이퍼드핏,,,,
fashion200k_bottoms/images/61357893_0.jpeg,val,,,,,팬츠,,와이드,,,,,,,,,,와이드핏,,,,
fashion200k_bottoms/images/61433571_0.jpeg,train,,,,,청바지,청바지,플레어,,,,,,,,,,플레어핏,,,데님,
fashion200k_bottoms/images/61491352_0.jpeg,train,,,,,팬츠,,스트레이트,,,,,,,,,,스트레이트핏,,,,
fashion200k_bottoms/images/61503781_0.jpeg,val,,,,,팬츠,,와이드,,플리츠·턱,,,,,,,,와이드핏,,,,
fashion200k_bottoms/images/61573487_1.jpeg,val,,,,,청바지,청바지,와이드,,,,,,,,,,와이드핏,,,데님,
fashion200k_bottoms/images/62293480_1.jpeg,val,,,,,팬츠,하렘 팬츠,,,,,,,,,,,,,,,
fashion200k_bottoms/images/62294258_0.jpeg,train,,,,,팬츠,,테이퍼드,,,,,,,,,,테이퍼드핏,,,,
fashion200k_bottoms/images/62617378_0.jpeg,train,,,,,팬츠,,스키니,,,,,,,,,,슬림핏,,,,
fashion200k_bottoms/images/62629384_3.jpeg,train,,,,,팬츠,,플레어,,,,,,,,,,플레어핏,,,,
fashion200k_bottoms/images/62873212_2.jpeg,train,,,,,팬츠,하렘 팬츠,,,드로스트링,,,,,,,,,,,,
fashion200k_bottoms/images/62955760_0.jpeg,train,,,,,팬츠,,테이퍼드,,,,,,,,,,테이퍼드핏,,,,
fashion200k_bottoms/images/63424252_0.jpeg,train,,,,,청바지,청바지,스키니,,,,,,,,,,슬림핏,,,데님,
fashion200k_bottoms/images/63432739_0.jpeg,train,,,,,팬츠,,팔라초,,,,,,,,,,와이드핏,,,,
fashion200k_bottoms/images/63717663_0.jpeg,train,,,,,팬츠,,부츠컷,,,,,,,,,,플레어핏,,,,
fashion200k_bottoms/images/63801385_0.jpeg,train,,,,,팬츠,,부츠컷,,,,,,,,,,플레어핏,,,,
fashion200k_bottoms/images/63808834_0.jpeg,train,,,,,팬츠,,스트레이트,,,,,,,,,,스트레이트핏,,,,
fashion200k_bottoms/images/65070167_0.jpeg,train,,,,,팬츠,,스트레이트,,드로스트링,,,,,,,,스트레이트핏,,,,
fashion200k_bottoms/images/65088494_0.jpeg,train,,,,,팬츠,,플레어,,,,,,,,,,플레어핏,,,,
fashion200k_bottoms/images/65574912_0.jpeg,train,,,,,팬츠,조거·스웨트팬츠,,,,,,,,,,,,,,,
fashion200k_bottoms/images/65730867_0.jpeg,train,,,,,팬츠,하렘 팬츠,테이퍼드,,,,,,,,,,테이퍼드핏,,,,
fashion200k_bottoms/images/65763207_0.jpeg,train,,,,,팬츠,레깅스,,,사이드 스트라이프,,,,,,,,,,,,
fashion200k_bottoms/images/66071392_0.jpeg,val,,,,,팬츠,,와이드,,,,,,,,,,와이드핏,,,,
fashion200k_bottoms/images/66132226_2.jpeg,train,,,,,팬츠,하렘 팬츠,테이퍼드,,,,,,,,,,테이퍼드핏,,,,
fashion200k_bottoms/images/66153721_1.jpeg,train,,,,,팬츠,,와이드,,드로스트링,,,,,,,,와이드핏,,,,
fashion200k_bottoms/images/66223179_0.jpeg,train,,,,,청바지,청바지,스키니,,,,,,,,,,슬림핏,,,데님,
fashion200k_bottoms/images/67000568_0.jpeg,train,,,,,팬츠,,와이드,,,,,,,,,,와이드핏,,,,
fashion200k_bottoms/images/67008180_0.jpeg,train,,,,,팬츠,,스키니,,,,,,,,,,슬림핏,,,,
fashion200k_bottoms/images/67052031_2.jpeg,train,,,,,팬츠,하렘 팬츠,,,,,,,,,,,,,,,
fashion200k_bottoms/images/67174026_0.jpeg,train,,,,,팬츠,트랙팬츠,,,,,,,,,,,,,,,
fashion200k_bottoms/images/67174732_1.jpeg,train,,,,,팬츠,,플레어,,,,,,,,,,플레어핏,,,,
fashion200k_bottoms/images/67174832_0.jpeg,train,,,,,팬츠,트랙팬츠,와이드,,,,,,,,,,와이드핏,,,,
fashion200k_bottoms/images/67886542_0.jpeg,val,,,,,팬츠,하렘 팬츠,,,,,,,,,,,,,,,
fashion200k_bottoms/images/67961294_0.jpeg,val,,,,,청바지,청바지,스트레이트,,,,,,,,,,스트레이트핏,,,데님,
fashion200k_bottoms/images/67970518_0.jpeg,train,,,,,팬츠,,와이드,,,,,,,,,,와이드핏,,,,
fashion200k_bottoms/images/68000170_0.jpeg,train,,,,,팬츠,,부츠컷,,,,,,,,,,플레어핏,,,,
fashion200k_bottoms/images/68039061_3.jpeg,train,,,,,팬츠,,플레어,,,,,,,,,,플레어핏,,,,
fashion200k_bottoms/images/68042290_0.jpeg,train,,,,,팬츠,,스키니,,,,,,,,,,슬림핏,,,,
fashion200k_bottoms/images/68054399_0.jpeg,train,,,,,팬츠,,스키니,,5포켓,,,,,,,,슬림핏,,,,
fashion200k_bottoms/images/68077312_3.jpeg,train,,,,,팬츠,카고 팬츠,와이드,,카고 포켓,,,,,,,,와이드핏,,,,
fashion200k_bottoms/images/68080296_0.jpeg,train,,,,,청바지,청바지,스키니,,,,,,,,,,슬림핏,,,데님,
fashion200k_bottoms/images/68098915_0.jpeg,train,,,,,팬츠,레깅스,스키니,,,,,,,,,,슬림핏,,,,
fashion200k_bottoms/images/68101342_0.jpeg,train,,,,,팬츠,,스키니,,,,,,,,,,슬림핏,,,,
fashion200k_bottoms/images/68103231_0.jpeg,val,,,,,팬츠,하렘 팬츠,,,,,,,,,,,,,,,
fashion200k_bottoms/images/68108121_3.jpeg,train,,,,,팬츠,,플레어,,,,,,,,,,플레어핏,,,,
fashion200k_bottoms/images/68112297_0.jpeg,train,,,,,팬츠,,스트레이트,,,,,,,,,,스트레이트핏,,,,
fashion200k_bottoms/images/68137966_1.jpeg,train,,,,,청바지,청바지,스키니,,,,,,,,,,슬림핏,,,데님,
fashion200k_bottoms/images/68391978_0.jpeg,train,,,,,팬츠,,플레어,,,,,,,,,,플레어핏,,,,
fashion200k_bottoms/images/68393164_0.jpeg,train,,,,,팬츠,레깅스,스키니,,,,,,,,,,슬림핏,,,,
fashion200k_bottoms/images/68442220_0.jpeg,train,,,,,팬츠,,페그,,,,,,,,,,테이퍼드핏,,,,
fashion200k_bottoms/images/68507400_4.jpeg,train,,,,,팬츠,하렘 팬츠,,,,,,,,,,,,,,,
fashion200k_bottoms/images/68546146_0.jpeg,train,,,,,팬츠,,테이퍼드,,,,,,,,,,테이퍼드핏,,,,
fashion200k_bottoms/images/68845475_0.jpeg,train,,,,,팬츠,하렘 팬츠,스트레이트,,,,,,,,,,스트레이트핏,,,,
fashion200k_bottoms/images/68877367_0.jpeg,train,,,,,팬츠,조거·스웨트팬츠,스트레이트,,드로스트링,,,,,,,,스트레이트핏,,,,
fashion200k_bottoms/images/68879442_0.jpeg,train,,,,,팬츠,,스트레이트,,플리츠·턱,,,,,,,,스트레이트핏,,,,
fashion200k_bottoms/images/68919205_0.jpeg,train,,,,,팬츠,,스트레이트,,플리츠·턱,,,,,,,,스트레이트핏,,,,
fashion200k_bottoms/images/69299079_0.jpeg,train,,,,,팬츠,,테이퍼드,,,,,,,,,,테이퍼드핏,,,,
fashion200k_bottoms/images/69299305_0.jpeg,train,,,,,팬츠,,스트레이트,,,,,,,,,,스트레이트핏,,,,
fashion200k_bottoms/images/69404329_0.jpeg,train,,,,,청바지,청바지,플레어,,,,,,,,,,플레어핏,,,데님,
fashion200k_bottoms/images/69838498_1.jpeg,train,,,,,팬츠,,스트레이트,,,,,,,,,,스트레이트핏,,,,
fashion200k_bottoms/images/70204289_0.jpeg,train,,,,,팬츠,,스트레이트,,,,,,,,,,스트레이트핏,,,,
fashion200k_bottoms/images/70220931_2.jpeg,train,,,,,팬츠,,와이드,,,,,,,,,,와이드핏,,,,
fashion200k_bottoms/images/70280734_1.jpeg,train,,,,,팬츠,카고 팬츠,스트레이트,,카고 포켓,,,,,,,,스트레이트핏,,,,
fashion200k_bottoms/images/70454742_4.jpeg,train,,,,,팬츠,,스트레이트,,,,,,,,,,스트레이트핏,,,,
fashion200k_bottoms/images/70482432_0.jpeg,train,,,,,팬츠,카고 팬츠,,풀렝스,카고 포켓,,,,롱·긴바지 기장,,,,,,,,
fashion200k_bottoms/images/70620687_0.jpeg,train,,,,,팬츠,,스키니,,,,,,,,,,슬림핏,,,,
fashion200k_bottoms/images/70665892_0.jpeg,train,,,,,팬츠,,스트레이트,,,,,,,,,,스트레이트핏,,,,
fashion200k_bottoms/images/70667662_0.jpeg,train,,,,,청바지,청바지,스트레이트,,,,,,,,,,스트레이트핏,,,데님,
fashion200k_bottoms/images/70685806_0.jpeg,train,,,,,팬츠,,부츠컷,,,,,,,,,,플레어핏,,,,
fashion200k_bottoms/images/70861906_0.jpeg,val,,,,,팬츠,,부츠컷,,,,,,,,,,플레어핏,,,,
fashion200k_bottoms/images/70896110_0.jpeg,train,,,,,팬츠,,스키니,,,,,,,,,,슬림핏,,,,
fashion200k_bottoms/images/70926229_0.jpeg,train,,,,,팬츠,트랙팬츠,,,,,,,,,,,,,,,
fashion200k_bottoms/images/70967345_0.jpeg,train,,,,,팬츠,카고 팬츠,스트레이트,,카고 포켓,,,,,,,,스트레이트핏,,,,
fashion200k_bottoms/images/70968946_0.jpeg,val,,,,,팬츠,,스키니,,5포켓,,,,,,,,슬림핏,,,,
fashion200k_bottoms/images/71097976_0.jpeg,train,,,,,팬츠,,스키니,,,,,,,,,,슬림핏,,,,
fashion200k_bottoms/images/71100457_1.jpeg,train,,,,,팬츠,,플레어,,,,,,,,,,플레어핏,,,,
fashion200k_bottoms/images/71293140_0.jpeg,train,,,,,팬츠,,와이드,,,,,,,,,,와이드핏,,,,
fashion200k_bottoms/images/71304755_0.jpeg,train,,,,,팬츠,,팔라초,,,,,,,,,,와이드핏,,,,
fashion200k_bottoms/images/71375576_0.jpeg,train,,,,,팬츠,조거·스웨트팬츠,스키니,,,,,,,,,,슬림핏,,,,
fashion200k_bottoms/images/71383499_0.jpeg,val,,,,,팬츠,,스트레이트,,,,,,,,,,스트레이트핏,,,,
fashion200k_bottoms/images/71547218_0.jpeg,train,,,,,팬츠,슬랙스,테이퍼드,,,,,,,,,,테이퍼드핏,,,,
fashion200k_bottoms/images/71661656_0.jpeg,train,,,,,팬츠,요가 팬츠,스트레이트,,,,,,,,,,스트레이트핏,,,,
fashion200k_bottoms/images/71697415_0.jpeg,train,,,,,팬츠,하렘 팬츠,,,,,,,,,,,,,,,
fashion200k_bottoms/images/71753929_0.jpeg,train,,,,,팬츠,,와이드,,,,,,,,,,와이드핏,,,,
fashion200k_bottoms/images/71778972_0.jpeg,val,,,,,팬츠,카고 팬츠,스키니,,카고 포켓,,,,,,,,슬림핏,,,,
fashion200k_bottoms/images/72042658_0.jpeg,train,,,,,팬츠,트랙팬츠,스트레이트,,,,,,,,,,스트레이트핏,,,,
fashion200k_bottoms/images/72296847_0.jpeg,train,,,,,청바지,청바지,스키니,,,,,,,,,,슬림핏,,,데님,
fashion200k_bottoms/images/72316751_0.jpeg,train,,,,,팬츠,,스트레이트,,,,,,,,,,스트레이트핏,,,,
fashion200k_bottoms/images/72319235_0.jpeg,train,,,,,팬츠,하렘 팬츠,,,,,,,,,,,,,,,
fashion200k_bottoms/images/72329346_0.jpeg,train,,,,,팬츠,하렘 팬츠,,,,,,,,,,,,,,,
fashion200k_bottoms/images/72452897_0.jpeg,train,,,,,팬츠,,플레어,풀렝스,,,,,롱·긴바지 기장,,,,플레어핏,,,,
fashion200k_bottoms/images/72519862_0.jpeg,train,,,,,팬츠,트랙팬츠,,,,,,,,,,,,,,,
fashion200k_bottoms/images/72810974_0.jpeg,train,,,,,팬츠,트랙팬츠,,,,,,,,,,,,,,,
fashion200k_bottoms/images/73119246_0.jpeg,train,,,,,팬츠,하렘 팬츠,테이퍼드,,,,,,,,,,테이퍼드핏,,,,
fashion200k_bottoms/images/73249553_0.jpeg,train,,,,,팬츠,조거·스웨트팬츠,스키니,,,,,,,,,,슬림핏,,,,
fashion200k_bottoms/images/73681746_2.jpeg,train,,,,,팬츠,,와이드,,플리츠·턱,,,,,,,,와이드핏,,,,
fashion200k_bottoms/images/73924263_0.jpeg,train,,,,,팬츠,하렘 팬츠,,,밴딩 허리,,,,,,,,,,,,
fashion200k_bottoms/images/74060160_0.jpeg,train,,,,,팬츠,,와이드,,플리츠·턱,,,,,,,,와이드핏,,,,
fashion200k_bottoms/images/74134582_0.jpeg,train,,,,,팬츠,조거·스웨트팬츠,,카프리·7부,,,,,미디·7부 기장,,,,,,,,
fashion200k_bottoms/images/74229995_0.jpeg,train,,,,,팬츠,,스키니,,,,,,,,,,슬림핏,,,,
fashion200k_bottoms/images/74258540_0.jpeg,val,,,,,팬츠,하렘 팬츠,,,,,,,,,,,,,,,
fashion200k_bottoms/images/74287955_0.jpeg,train,,,,,팬츠,,팔라초,,,,,,,,,,와이드핏,,,,
fashion200k_bottoms/images/74396375_0.jpeg,train,,,,,청바지,청바지,와이드,,플리츠·턱,,,,,,,,와이드핏,,,데님,
fashion200k_bottoms/images/74547697_0.jpeg,train,,,,,팬츠,,스트레이트,,,,,,,,,,스트레이트핏,,,,
fashion200k_bottoms/images/74758961_0.jpeg,train,,,,,팬츠,,와이드,,,,,,,,,,와이드핏,,,,
fashion200k_bottoms/images/74983439_0.jpeg,val,,,,,팬츠,하렘 팬츠,,,,,,,,,,,,,,,
fashion200k_bottoms/images/75009071_0.jpeg,train,,,,,팬츠,슬랙스,스트레이트,,,,,,,,,,스트레이트핏,,,,
fashion200k_bottoms/images/75141792_0.jpeg,train,,,,,팬츠,,스트레이트,,,,,,,,,,스트레이트핏,,,,
fashion200k_bottoms/images/75279897_0.jpeg,train,,,,,팬츠,하렘 팬츠,,,드로스트링,,,,,,,,,,,,
fashion200k_bottoms/images/75450899_2.jpeg,train,,,,,팬츠,,와이드,,플리츠·턱,,,,,,,,와이드핏,,,,
fashion200k_bottoms/images/75474688_4.jpeg,train,,,,,팬츠,,플레어,,,,,,,,,,플레어핏,,,,
fashion200k_bottoms/images/75502835_0.jpeg,train,,,,,팬츠,트랙팬츠,스트레이트,,,,,,,,,,스트레이트핏,,,,
fashion200k_bottoms/images/75813592_0.jpeg,train,,,,,팬츠,,스트레이트,,,,,,,,,,스트레이트핏,,,,
fashion200k_bottoms/images/76091825_0.jpeg,val,,,,,팬츠,,페그,,,,,,,,,,테이퍼드핏,,,,
fashion200k_bottoms/images/76129040_0.jpeg,val,,,,,팬츠,,플레어,,,,,,,,,,플레어핏,,,,
fashion200k_bottoms/images/76219410_0.jpeg,train,,,,,팬츠,,플레어,,,,,,,,,,플레어핏,,,,
fashion200k_bottoms/images/76267504_0.jpeg,train,,,,,팬츠,,와이드,,,,,,,,,,와이드핏,,,,
fashion200k_bottoms/images/76274161_0.jpeg,train,,,,,팬츠,하렘 팬츠,,,,,,,,,,,,,,,
fashion200k_bottoms/images/76274215_0.jpeg,val,,,,,팬츠,카고 팬츠,스키니,,카고 포켓,,,,,,,,슬림핏,,,,
fashion200k_bottoms/images/76316743_0.jpeg,train,,,,,청바지,청바지,스키니,,,,,,,,,,슬림핏,,,데님,
fashion200k_bottoms/images/76640389_0.jpeg,train,,,,,팬츠,카고 팬츠,스키니,,카고 포켓,,,,,,,,슬림핏,,,,
fashion200k_bottoms/images/76640685_0.jpeg,train,,,,,팬츠,카고 팬츠,스키니,,카고 포켓,,,,,,,,슬림핏,,,,
fashion200k_bottoms/images/77190824_0.jpeg,train,,,,,팬츠,,와이드,,밑단 커프,,,,,,,,와이드핏,,,,
fashion200k_bottoms/images/77255435_0.jpeg,train,,,,,팬츠,,스트레이트,,,,,,,,,,스트레이트핏,,,,
fashion200k_bottoms/images/77255614_0.jpeg,train,,,,,팬츠,,스트레이트,,,,,,,,,,스트레이트핏,,,,
fashion200k_bottoms/images/77477603_0.jpeg,train,,,,,팬츠,카고 팬츠,,풀렝스,카고 포켓,,,,롱·긴바지 기장,,,,,,,,
fashion200k_bottoms/images/77803230_1.jpeg,train,,,,,팬츠,,부츠컷,,,,,,,,,,플레어핏,,,,
fashion200k_bottoms/images/77809332_0.jpeg,val,,,,,팬츠,하렘 팬츠,,,,,,,,,,,,,,,
fashion200k_bottoms/images/77830381_0.jpeg,train,,,,,팬츠,,스트레이트,,,,,,,,,,스트레이트핏,,,,
fashion200k_bottoms/images/77831157_0.jpeg,train,,,,,팬츠,,테이퍼드,,,,,,,,,,테이퍼드핏,,,,
fashion200k_bottoms/images/77864542_1.jpeg,train,,,,,팬츠,,스트레이트,,,,,,,,,,스트레이트핏,,,,
fashion200k_bottoms/images/77893407_6.jpeg,train,,,,,팬츠,,스트레이트,,플리츠·턱,,,,,,,,스트레이트핏,,,,
fashion200k_bottoms/images/77977323_0.jpeg,train,,,,,팬츠,,스트레이트,,,,,,,,,,스트레이트핏,,,,
fashion200k_bottoms/images/78261296_0.jpeg,train,,,,,팬츠,,와이드,,플리츠·턱,,,,,,,,와이드핏,,,,
fashion200k_bottoms/images/78382681_0.jpeg,train,,,,,팬츠,,플레어,,,,,,,,,,플레어핏,,,,
fashion200k_bottoms/images/78639775_0.jpeg,train,,,,,팬츠,,스트레이트,,,,,,,,,,스트레이트핏,,,,
fashion200k_bottoms/images/78714776_0.jpeg,val,,,,,청바지,청바지,스트레이트,,,,,,,,,,스트레이트핏,,,데님,
fashion200k_bottoms/images/78857419_0.jpeg,val,,,,,팬츠,,팔라초,풀렝스,,,,,롱·긴바지 기장,,,,와이드핏,,,,
fashion200k_bottoms/images/78946376_0.jpeg,train,,,,,팬츠,,스트레이트,,,,,,,,,,스트레이트핏,,,,
fashion200k_bottoms/images/79023074_0.jpeg,train,,,,,팬츠,슬랙스,스트레이트,,플리츠·턱,,,,,,,,스트레이트핏,,,,
fashion200k_bottoms/images/79170237_0.jpeg,val,,,,,팬츠,조거·스웨트팬츠,스트레이트,,,,,,,,,,스트레이트핏,,,,
fashion200k_bottoms/images/79191684_0.jpeg,train,,,,,팬츠,카고 팬츠,스키니,,카고 포켓,,,,,,,,슬림핏,,,,
fashion200k_bottoms/images/79220998_0.jpeg,val,,,,,팬츠,,스트레이트,,,,,,,,,,스트레이트핏,,,,
fashion200k_bottoms/images/79233333_0.jpeg,train,,,,,팬츠,,스트레이트,,,,,,,,,,스트레이트핏,,,,
fashion200k_bottoms/images/79234275_0.jpeg,train,,,,,팬츠,,스트레이트,,,,,,,,,,스트레이트핏,,,,
fashion200k_bottoms/images/79255898_0.jpeg,val,,,,,팬츠,트랙팬츠,스트레이트,,,,,,,,,,스트레이트핏,,,,
fashion200k_bottoms/images/79357989_0.jpeg,val,,,,,팬츠,,와이드,,,,,,,,,,와이드핏,,,,
fashion200k_bottoms/images/79402018_0.jpeg,train,,,,,팬츠,,와이드,,드로스트링,,,,,,,,와이드핏,,,,
fashion200k_bottoms/images/79420147_1.jpeg,val,,,,,팬츠,,와이드,,,,,,,,,,와이드핏,,,,
fashion200k_bottoms/images/79598023_0.jpeg,train,,,,,팬츠,,와이드,,,,,,,,,,와이드핏,,,,
fashion200k_bottoms/images/79598100_0.jpeg,train,,,,,팬츠,하렘 팬츠,,,,,,,,,,,,,,,
fashion200k_bottoms/images/79598335_0.jpeg,val,,,,,팬츠,하렘 팬츠,,,,,,,,,,,,,,,
fashion200k_bottoms/images/80030559_0.jpeg,train,,,,,팬츠,,와이드,,,,,,,,,,와이드핏,,,,
fashion200k_bottoms/images/80107518_0.jpeg,train,,,,,청바지,청바지,와이드,,,,,,,,,,와이드핏,,,데님,
fashion200k_bottoms/images/80115835_0.jpeg,train,,,,,팬츠,,스트레이트,,,,,,,,,,스트레이트핏,,,,
fashion200k_bottoms/images/80321539_0.jpeg,train,,,,,팬츠,,와이드,,플리츠·턱,,,,,,,,와이드핏,,,,
fashion200k_bottoms/images/80365354_0.jpeg,train,,,,,청바지,청바지,스키니,,,,,,,,,,슬림핏,,,데님,
fashion200k_bottoms/images/80383198_0.jpeg,train,,,,,팬츠,,스트레이트,,드로스트링,,,,,,,,스트레이트핏,,,,
fashion200k_bottoms/images/80387731_0.jpeg,train,,,,,팬츠,,스키니,,,,,,,,,,슬림핏,,,,
fashion200k_bottoms/images/80554769_1.jpeg,val,,,,,팬츠,,와이드,,,,,,,,,,와이드핏,,,,
fashion200k_bottoms/images/80560457_2.jpeg,train,,,,,팬츠,,와이드,,,,,,,,,,와이드핏,,,,
fashion200k_bottoms/images/80717075_1.jpeg,train,,,,,팬츠,,플레어,,,,,,,,,,플레어핏,,,,
fashion200k_bottoms/images/80754202_0.jpeg,train,,,,,청바지,청바지,스트레이트,,,,,,,,,,스트레이트핏,,,데님,
fashion200k_bottoms/images/80784161_0.jpeg,train,,,,,팬츠,슬랙스,스트레이트,,,,,,,,,,스트레이트핏,,,,
fashion200k_bottoms/images/80834904_0.jpeg,train,,,,,팬츠,,스키니,,,,,,,,,,슬림핏,,,,
fashion200k_bottoms/images/80844702_0.jpeg,train,,,,,팬츠,,스키니,,,,,,,,,,슬림핏,,,,
fashion200k_bottoms/images/81084949_0.jpeg,train,,,,,팬츠,,와이드,,,,,,,,,,와이드핏,,,,
fashion200k_bottoms/images/81203758_1.jpeg,train,,,,,팬츠,,플레어,풀렝스,,,,,롱·긴바지 기장,,,,플레어핏,,,,
fashion200k_bottoms/images/81304847_0.jpeg,train,,,,,팬츠,조거·스웨트팬츠,스트레이트,,,,,,,,,,스트레이트핏,,,,
fashion200k_bottoms/images/81420758_0.jpeg,train,,,,,팬츠,하렘 팬츠,,,,,,,,,,,,,,,
fashion200k_bottoms/images/81827871_2.jpeg,train,,,,,팬츠,하렘 팬츠,,,,,,,,,,,,,,,
fashion200k_bottoms/images/81831141_0.jpeg,train,,,,,팬츠,,스트레이트,,,,,,,,,,스트레이트핏,,,,
fashion200k_bottoms/images/82029614_0.jpeg,train,,,,,팬츠,,스트레이트,,플리츠·턱,,,,,,,,스트레이트핏,,,,
fashion200k_bottoms/images/82038264_0.jpeg,train,,,,,팬츠,,스키니,,,,,,,,,,슬림핏,,,,
fashion200k_bottoms/images/82068772_0.jpeg,train,,,,,팬츠,하렘 팬츠,,,,,,,,,,,,,,,
fashion200k_bottoms/images/82680270_0.jpeg,train,,,,,팬츠,,스트레이트,,,,,,,,,,스트레이트핏,,,,
fashion200k_bottoms/images/82901868_0.jpeg,train,,,,,팬츠,,페그,,,,,,,,,,테이퍼드핏,,,,
fashion200k_bottoms/images/82989816_0.jpeg,train,,,,,청바지,청바지,플레어,,,,,,,,,,플레어핏,,,데님,
fashion200k_bottoms/images/83163461_2.jpeg,val,,,,,팬츠,,플레어,,,,,,,,,,플레어핏,,,,
fashion200k_bottoms/images/83218636_1.jpeg,train,,,,,팬츠,,스트레이트,,,,,,,,,,스트레이트핏,,,,
fashion200k_bottoms/images/83244994_0.jpeg,train,,,,,팬츠,하렘 팬츠,,,,,,,,,,,,,,,
fashion200k_bottoms/images/83244998_0.jpeg,val,,,,,팬츠,하렘 팬츠,테이퍼드,,,,,,,,,,테이퍼드핏,,,,
fashion200k_bottoms/images/83339862_0.jpeg,train,,,,,팬츠,조거·스웨트팬츠,스트레이트,,,,,,,,,,스트레이트핏,,,,
fashion200k_bottoms/images/83341789_0.jpeg,train,,,,,팬츠,,스트레이트,,,,,,,,,,스트레이트핏,,,,
fashion200k_bottoms/images/83379468_0.jpeg,train,,,,,팬츠,하렘 팬츠,,,플리츠·턱,,,,,,,,,,,,
fashion200k_bottoms/images/83523941_1.jpeg,train,,,,,팬츠,하렘 팬츠,,,,,,,,,,,,,,,
fashion200k_bottoms/images/83802693_0.jpeg,train,,,,,팬츠,,스키니,,,,,,,,,,슬림핏,,,,
fashion200k_bottoms/images/83899561_0.jpeg,val,,,,,팬츠,,팔라초,풀렝스,,,,,롱·긴바지 기장,,,,와이드핏,,,,
fashion200k_bottoms/images/83911488_0.jpeg,train,,,,,팬츠,슬랙스,와이드,,,,,,,,,,와이드핏,,,,
fashion200k_bottoms/images/83911491_0.jpeg,val,,,,,팬츠,슬랙스,와이드,,,,,,,,,,와이드핏,,,,
fashion200k_bottoms/images/83986630_0.jpeg,train,,,,,팬츠,,스키니,,,,,,,,,,슬림핏,,,,
fashion200k_bottoms/images/84019378_0.jpeg,val,,,,,팬츠,,스트레이트,,,,,,,,,,스트레이트핏,,,,
fashion200k_bottoms/images/84093030_0.jpeg,train,,,,,팬츠,하렘 팬츠,,,,,,,,,,,,,,,
fashion200k_bottoms/images/84099921_0.jpeg,train,,,,,팬츠,,,풀렝스,,,,,롱·긴바지 기장,,,,,,,,
fashion200k_bottoms/images/84106492_0.jpeg,train,,,,,팬츠,,와이드,,,,,,,,,,와이드핏,,,,
fashion200k_bottoms/images/84107316_0.jpeg,train,,,,,팬츠,,플레어,,,,,,,,,,플레어핏,,,,
fashion200k_bottoms/images/84117275_0.jpeg,train,,,,,팬츠,세일러 팬츠,와이드,,,,,,,,,,와이드핏,,,,
fashion200k_bottoms/images/84150341_0.jpeg,train,,,,,팬츠,하렘 팬츠,,,,,,,,,,,,,,,
fashion200k_bottoms/images/84153430_0.jpeg,val,,,,,팬츠,,스키니,,,,,,,,,,슬림핏,,,,
fashion200k_bottoms/images/84160692_0.jpeg,val,,,,,팬츠,,와이드,,드로스트링,,,,,,,,와이드핏,,,,
fashion200k_bottoms/images/84415747_0.jpeg,train,,,,,팬츠,하렘 팬츠,,,,,,,,,,,,,,,
fashion200k_bottoms/images/84668028_0.jpeg,train,,,,,팬츠,카고 팬츠,와이드,,카고 포켓,,,,,,,,와이드핏,,,,
fashion200k_bottoms/images/84710303_2.jpeg,train,,,,,팬츠,트랙팬츠,스트레이트,,,,,,,,,,스트레이트핏,,,,
fashion200k_bottoms/images/84944622_1.jpeg,train,,,,,청바지,청바지,테이퍼드,,,,,,,,,,테이퍼드핏,,,데님,
fashion200k_bottoms/images/85086920_0.jpeg,train,,,,,청바지,청바지,스트레이트,,,,,,,,,,스트레이트핏,,,데님,
fashion200k_bottoms/images/85233390_0.jpeg,train,,,,,팬츠,,와이드,,,,,,,,,,와이드핏,,,,
fashion200k_bottoms/images/85253470_0.jpeg,train,,,,,팬츠,카고 팬츠,스키니,,카고 포켓,,,,,,,,슬림핏,,,,
fashion200k_bottoms/images/85256634_0.jpeg,val,,,,,팬츠,,,풀렝스,,,,,롱·긴바지 기장,,,,,,,,
fashion200k_bottoms/images/85257213_2.jpeg,train,,,,,팬츠,하렘 팬츠,테이퍼드,,,,,,,,,,테이퍼드핏,,,,
fashion200k_bottoms/images/85261324_1.jpeg,train,,,,,팬츠,하렘 팬츠,테이퍼드,,,,,,,,,,테이퍼드핏,,,,
fashion200k_bottoms/images/85265822_1.jpeg,train,,,,,팬츠,슬랙스,스트레이트,,,,,,,,,,스트레이트핏,,,,
fashion200k_bottoms/images/85384064_0.jpeg,train,,,,,팬츠,,페그,,,,,,,,,,테이퍼드핏,,,,
fashion200k_bottoms/images/85412380_0.jpeg,train,,,,,팬츠,,스키니,,,,,,,,,,슬림핏,,,,
fashion200k_bottoms/images/85498518_0.jpeg,val,,,,,팬츠,,스키니,,,,,,,,,,슬림핏,,,,
fashion200k_bottoms/images/86079174_2.jpeg,train,,,,,팬츠,카고 팬츠,와이드,,카고 포켓,,,,,,,,와이드핏,,,,
fashion200k_bottoms/images/86098145_2.jpeg,train,,,,,팬츠,,와이드,,,,,,,,,,와이드핏,,,,
fashion200k_bottoms/images/86109094_0.jpeg,train,,,,,팬츠,,플레어,풀렝스,,,,,롱·긴바지 기장,,,,플레어핏,,,,
fashion200k_bottoms/images/86389621_3.jpeg,train,,,,,청바지,청바지,플레어,,,,,,,,,,플레어핏,,,데님,
fashion200k_bottoms/images/86458674_2.jpeg,train,,,,,팬츠,하렘 팬츠,,,,,,,,,,,,,,,
fashion200k_bottoms/images/86462624_2.jpeg,val,,,,,팬츠,하렘 팬츠,,,,,,,,,,,,,,,
fashion200k_bottoms/images/86636101_0.jpeg,train,,,,,팬츠,하렘 팬츠,,,,,,,,,,,,,,,
fashion200k_bottoms/images/86637622_2.jpeg,train,,,,,팬츠,,와이드,,플리츠·턱,,,,,,,,와이드핏,,,,
fashion200k_bottoms/images/86806666_0.jpeg,train,,,,,팬츠,레깅스,,카프리·7부,,,,,미디·7부 기장,,,,,,,,
fashion200k_bottoms/images/86852545_0.jpeg,train,,,,,청바지,청바지,와이드,,,,,,,,,,와이드핏,,,데님,
fashion200k_bottoms/images/86943557_4.jpeg,train,,,,,팬츠,,와이드,,,,,,,,,,와이드핏,,,,
fashion200k_bottoms/images/86947506_0.jpeg,train,,,,,팬츠,,와이드,,,,,,,,,,와이드핏,,,,
fashion200k_bottoms/images/86967398_0.jpeg,train,,,,,팬츠,,와이드,,플리츠·턱,,,,,,,,와이드핏,,,,
fashion200k_bottoms/images/86968072_2.jpeg,val,,,,,팬츠,,와이드,,,,,,,,,,와이드핏,,,,
fashion200k_bottoms/images/86983571_1.jpeg,train,,,,,팬츠,하렘 팬츠,테이퍼드,,,,,,,,,,테이퍼드핏,,,,
fashion200k_bottoms/images/86995479_0.jpeg,train,,,,,팬츠,,테이퍼드,,,,,,,,,,테이퍼드핏,,,,
fashion200k_bottoms/images/87009198_1.jpeg,train,,,,,팬츠,하렘 팬츠,테이퍼드,,,,,,,,,,테이퍼드핏,,,,
fashion200k_bottoms/images/87025460_0.jpeg,train,,,,,팬츠,치노 팬츠,와이드,,,,,,,,,,와이드핏,,,,
fashion200k_bottoms/images/87094304_0.jpeg,train,,,,,팬츠,조거·스웨트팬츠,,,,,,,,,,,,,,,
fashion200k_bottoms/images/87125533_0.jpeg,val,,,,,팬츠,,와이드,,플리츠·턱,,,,,,,,와이드핏,,,,
fashion200k_bottoms/images/87134692_0.jpeg,train,,,,,팬츠,레깅스,,,스터럽,,,,,,,,,,,,
fashion200k_bottoms/images/87259557_0.jpeg,train,,,,,청바지,청바지,스트레이트,,,,,,,,,,스트레이트핏,,,데님,
fashion200k_bottoms/images/87463307_0.jpeg,train,,,,,팬츠,,스트레이트,,,,,,,,,,스트레이트핏,,,,
fashion200k_bottoms/images/87463374_0.jpeg,train,,,,,팬츠,,와이드,,,,,,,,,,와이드핏,,,,
fashion200k_bottoms/images/87546084_0.jpeg,train,,,,,팬츠,하렘 팬츠,,,,,,,,,,,,,,,
fashion200k_bottoms/images/87574933_0.jpeg,train,,,,,팬츠,,플레어,,,,,,,,,,플레어핏,,,,
fashion200k_bottoms/images/87589632_0.jpeg,train,,,,,청바지,청바지,스트레이트,,,,,,,,,,스트레이트핏,,,데님,
fashion200k_bottoms/images/87593755_0.jpeg,train,,,,,청바지,청바지,와이드,,,,,,,,,,와이드핏,,,데님,
fashion200k_bottoms/images/87607634_0.jpeg,train,,,,,팬츠,카고 팬츠,와이드,,카고 포켓,,,,,,,,와이드핏,,,,
fashion200k_bottoms/images/87615545_0.jpeg,val,,,,,팬츠,,스트레이트,,,,,,,,,,스트레이트핏,,,,
fashion200k_bottoms/images/87618017_0.jpeg,train,,,,,팬츠,,테이퍼드,,,,,,,,,,테이퍼드핏,,,,
fashion200k_bottoms/images/87652607_0.jpeg,train,,,,,팬츠,슬랙스,스키니,,,,,,,,,,슬림핏,,,,
fashion200k_bottoms/images/87678102_0.jpeg,train,,,,,팬츠,,스키니,,,,,,,,,,슬림핏,,,,
fashion200k_bottoms/images/87684835_0.jpeg,train,,,,,팬츠,하렘 팬츠,,,,,,,,,,,,,,,
fashion200k_bottoms/images/87687731_0.jpeg,train,,,,,팬츠,,와이드,,,,,,,,,,와이드핏,,,,
fashion200k_bottoms/images/87697636_0.jpeg,train,,,,,팬츠,,스키니,,,,,,,,,,슬림핏,,,,
fashion200k_bottoms/images/87700075_0.jpeg,train,,,,,팬츠,치노 팬츠,스트레이트,,,,,,,,,,스트레이트핏,,,,
fashion200k_bottoms/images/87712609_0.jpeg,train,,,,,팬츠,하렘 팬츠,,,,,,,,,,,,,,,
fashion200k_bottoms/images/87713437_1.jpeg,val,,,,,팬츠,,와이드,,,,,,,,,,와이드핏,,,,
fashion200k_bottoms/images/87713699_3.jpeg,train,,,,,팬츠,하렘 팬츠,,,,,,,,,,,,,,,
fashion200k_bottoms/images/87720967_3.jpeg,train,,,,,팬츠,,와이드,,,,,,,,,,와이드핏,,,,
fashion200k_bottoms/images/87725049_0.jpeg,train,,,,,청바지,청바지,스키니,,,,,,,,,,슬림핏,,,데님,
fashion200k_bottoms/images/87730484_1.jpeg,train,,,,,팬츠,,스키니,,,,,,,,,,슬림핏,,,,
fashion200k_bottoms/images/87736720_2.jpeg,train,,,,,팬츠,,팔라초,,,,,,,,,,와이드핏,,,,
fashion200k_bottoms/images/87738976_0.jpeg,val,,,,,팬츠,하렘 팬츠,,,,,,,,,,,,,,,
fashion200k_bottoms/images/87740641_0.jpeg,val,,,,,팬츠,,와이드,,,,,,,,,,와이드핏,,,,
fashion200k_bottoms/images/87743090_0.jpeg,train,,,,,팬츠,,,풀렝스,,,,,롱·긴바지 기장,,,,,,,,
fashion200k_bottoms/images/87743699_0.jpeg,train,,,,,팬츠,카고 팬츠,스트레이트,,카고 포켓,,,,,,,,스트레이트핏,,,,
fashion200k_bottoms/images/87746902_0.jpeg,train,,,,,팬츠,,와이드,,플리츠·턱,,,,,,,,와이드핏,,,,
fashion200k_bottoms/images/87746952_0.jpeg,train,,,,,팬츠,슬랙스,와이드,,,,,,,,,,와이드핏,,,,
fashion200k_bottoms/images/87747449_0.jpeg,train,,,,,팬츠,,스트레이트,,,,,,,,,,스트레이트핏,,,,
fashion200k_bottoms/images/87747863_2.jpeg,train,,,,,팬츠,하렘 팬츠,,,,,,,,,,,,,,,
fashion200k_bottoms/images/87752955_1.jpeg,train,,,,,팬츠,,팔라초,,,,,,,,,,와이드핏,,,,
fashion200k_bottoms/images/87773734_0.jpeg,train,,,,,청바지,청바지,플레어,,,,,,,,,,플레어핏,,,데님,
fashion200k_bottoms/images/87776108_0.jpeg,train,,,,,팬츠,,와이드,,,,,,,,,,와이드핏,,,,
fashion200k_bottoms/images/87782593_0.jpeg,train,,,,,팬츠,조거·스웨트팬츠,스트레이트,,,,,,,,,,스트레이트핏,,,,
fashion200k_bottoms/images/87783238_0.jpeg,train,,,,,청바지,청바지,스키니,,,,,,,,,,슬림핏,,,데님,
fashion200k_bottoms/images/87785884_0.jpeg,train,,,,,팬츠,치노 팬츠,스트레이트,,,,,,,,,,스트레이트핏,,,,
fashion200k_bottoms/images/87787774_0.jpeg,train,,,,,팬츠,,부츠컷,,,,,,,,,,플레어핏,,,,
fashion200k_bottoms/images/87788261_0.jpeg,train,,,,,팬츠,레깅스,,카프리·7부,,,,,미디·7부 기장,,,,,,,,
fashion200k_bottoms/images/87807612_0.jpeg,val,,,,,청바지,청바지,플레어,,,,,,,,,,플레어핏,,,데님,
fashion200k_bottoms/images/87807744_2.jpeg,val,,,,,팬츠,,팔라초,,,,,,,,,,와이드핏,,,,
fashion200k_bottoms/images/87814283_0.jpeg,train,,,,,팬츠,,테이퍼드,,,,,,,,,,테이퍼드핏,,,,
fashion200k_bottoms/images/87814688_0.jpeg,train,,,,,팬츠,,페그,,,,,,,,,,테이퍼드핏,,,,
fashion200k_bottoms/images/87819048_1.jpeg,train,,,,,팬츠,,테이퍼드,,,,,,,,,,테이퍼드핏,,,,
fashion200k_bottoms/images/87820791_1.jpeg,train,,,,,팬츠,,와이드,,,,,,,,,,와이드핏,,,,
fashion200k_bottoms/images/87823302_0.jpeg,train,,,,,청바지,청바지,스키니,,,,,,,,,,슬림핏,,,데님,
fashion200k_bottoms/images/87829649_0.jpeg,val,,,,,팬츠,레깅스,,,,,,,,,,,,,,,
fashion200k_bottoms/images/87834948_0.jpeg,train,,,,,팬츠,하렘 팬츠,부츠컷,,,,,,,,,,플레어핏,,,,
fashion200k_bottoms/images/87841768_0.jpeg,train,,,,,팬츠,,스트레이트,,,,,,,,,,스트레이트핏,,,,
fashion200k_bottoms/images/87842973_1.jpeg,val,,,,,팬츠,,스트레이트,,,,,,,,,,스트레이트핏,,,,
fashion200k_bottoms/images/87843531_0.jpeg,train,,,,,팬츠,카고 팬츠,스키니,,카고 포켓,,,,,,,,슬림핏,,,,
fashion200k_bottoms/images/87846449_0.jpeg,train,,,,,팬츠,,와이드,,,,,,,,,,와이드핏,,,,
fashion200k_bottoms/images/87848843_0.jpeg,train,,,,,팬츠,치노 팬츠,스트레이트,,,,,,,,,,스트레이트핏,,,,
fashion200k_bottoms/images/87849538_0.jpeg,val,,,,,팬츠,,스트레이트,,,,,,,,,,스트레이트핏,,,,
fashion200k_bottoms/images/87850417_0.jpeg,val,,,,,팬츠,하렘 팬츠,,,,,,,,,,,,,,,
fashion200k_bottoms/images/87852796_0.jpeg,train,,,,,팬츠,,와이드,,플리츠·턱,,,,,,,,와이드핏,,,,
fashion200k_bottoms/images/87854414_0.jpeg,train,,,,,팬츠,,스키니,,,,,,,,,,슬림핏,,,,
fashion200k_bottoms/images/87855445_0.jpeg,train,,,,,팬츠,,스트레이트,,,,,,,,,,스트레이트핏,,,,
fashion200k_bottoms/images/87857861_0.jpeg,train,,,,,팬츠,,스키니,,,,,,,,,,슬림핏,,,,
fashion200k_bottoms/images/87857899_0.jpeg,train,,,,,팬츠,레깅스,스키니,,,,,,,,,,슬림핏,,,,
fashion200k_bottoms/images/87858051_1.jpeg,train,,,,,팬츠,,스키니,,,,,,,,,,슬림핏,,,,
fashion200k_bottoms/images/87858101_0.jpeg,train,,,,,팬츠,,스키니,카프리·7부,,,,,미디·7부 기장,,,,슬림핏,,,,
fashion200k_bottoms/images/87858852_0.jpeg,val,,,,,팬츠,,와이드,,드로스트링,,,,,,,,와이드핏,,,,
fashion200k_bottoms/images/87858885_2.jpeg,train,,,,,팬츠,,팔라초,,,,,,,,,,와이드핏,,,,
fashion200k_bottoms/images/87866825_0.jpeg,train,,,,,팬츠,치노 팬츠,스키니,,,,,,,,,,슬림핏,,,,
fashion200k_bottoms/images/87867017_0.jpeg,train,,,,,팬츠,,부츠컷,풀렝스,,,,,롱·긴바지 기장,,,,플레어핏,,,,
fashion200k_bottoms/images/87867066_0.jpeg,train,,,,,청바지,청바지,스트레이트,,,,,,,,,,스트레이트핏,,,데님,
fashion200k_bottoms/images/87867511_0.jpeg,train,,,,,청바지,청바지,스트레이트,,,,,,,,,,스트레이트핏,,,데님,
fashion200k_bottoms/images/87867574_0.jpeg,train,,,,,팬츠,,스트레이트,,,,,,,,,,스트레이트핏,,,,
fashion200k_bottoms/images/87867922_0.jpeg,train,,,,,팬츠,하렘 팬츠,테이퍼드,,,,,,,,,,테이퍼드핏,,,,
fashion200k_bottoms/images/87870510_0.jpeg,train,,,,,팬츠,,스키니,,,,,,,,,,슬림핏,,,,
fashion200k_bottoms/images/87871476_0.jpeg,train,,,,,팬츠,,스키니,,,,,,,,,,슬림핏,,,,
fashion200k_bottoms/images/87875859_0.jpeg,train,,,,,팬츠,,테이퍼드,,,,,,,,,,테이퍼드핏,,,,
fashion200k_bottoms/images/87888903_2.jpeg,train,,,,,팬츠,,팔라초,,,,,,,,,,와이드핏,,,,
fashion200k_bottoms/images/87890430_3.jpeg,val,,,,,팬츠,,와이드,,,,,,,,,,와이드핏,,,,
fashion200k_bottoms/images/87902365_0.jpeg,train,,,,,팬츠,,테이퍼드,,,,,,,,,,테이퍼드핏,,,,
fashion200k_bottoms/images/87904132_2.jpeg,train,,,,,팬츠,,스키니,,,,,,,,,,슬림핏,,,,
fashion200k_bottoms/images/87906615_0.jpeg,train,,,,,팬츠,,스트레이트,,,,,,,,,,스트레이트핏,,,,
fashion200k_bottoms/images/87912648_0.jpeg,train,,,,,팬츠,치노 팬츠,스트레이트,카프리·7부,,,,,미디·7부 기장,,,,스트레이트핏,,,,
fashion200k_bottoms/images/87920983_1.jpeg,train,,,,,팬츠,하렘 팬츠,,,,,,,,,,,,,,,
fashion200k_bottoms/images/87924654_0.jpeg,train,,,,,팬츠,,팔라초,,,,,,,,,,와이드핏,,,,
fashion200k_bottoms/images/87926712_0.jpeg,val,,,,,팬츠,,스키니,카프리·7부,,,,,미디·7부 기장,,,,슬림핏,,,,
fashion200k_bottoms/images/87930832_0.jpeg,train,,,,,청바지,청바지,스트레이트,,,,,,,,,,스트레이트핏,,,데님,
fashion200k_bottoms/images/87936601_0.jpeg,train,,,,,팬츠,,와이드,,드로스트링,,,,,,,,와이드핏,,,,
fashion200k_bottoms/images/87936749_0.jpeg,val,,,,,팬츠,하렘 팬츠,,,드로스트링,,,,,,,,,,,,
fashion200k_bottoms/images/87937017_0.jpeg,train,,,,,팬츠,,스트레이트,,드로스트링,,,,,,,,스트레이트핏,,,,
fashion200k_bottoms/images/87937228_0.jpeg,train,,,,,팬츠,,스트레이트,,드로스트링,,,,,,,,스트레이트핏,,,,
fashion200k_bottoms/images/87937257_0.jpeg,train,,,,,팬츠,,스트레이트,,드로스트링,,,,,,,,스트레이트핏,,,,
fashion200k_bottoms/images/87955360_0.jpeg,val,,,,,팬츠,치노 팬츠,스트레이트,,,,,,,,,,스트레이트핏,,,,
fashion200k_bottoms/images/87959774_0.jpeg,train,,,,,청바지,청바지,스키니,,,,,,,,,,슬림핏,,,데님,
fashion200k_bottoms/images/87961684_0.jpeg,train,,,,,팬츠,하렘 팬츠,,,,,,,,,,,,,,,
fashion200k_bottoms/images/87982464_0.jpeg,train,,,,,팬츠,,스트레이트,,밑단 커프,,,,,,,,스트레이트핏,,,,
fashion200k_bottoms/images/87986331_0.jpeg,train,,,,,팬츠,레깅스,스키니,,,,,,,,,,슬림핏,,,,
fashion200k_bottoms/images/88002382_0.jpeg,train,,,,,팬츠,,스트레이트,,,,,,,,,,스트레이트핏,,,,
fashion200k_bottoms/images/88014518_0.jpeg,train,,,,,팬츠,,와이드,,,,,,,,,,와이드핏,,,,
fashion200k_bottoms/images/88014522_2.jpeg,train,,,,,팬츠,,팔라초,,,,,,,,,,와이드핏,,,,
fashion200k_bottoms/images/88014607_3.jpeg,val,,,,,팬츠,치노 팬츠,스트레이트,,,,,,,,,,스트레이트핏,,,,
fashion200k_bottoms/images/88014704_0.jpeg,train,,,,,팬츠,,스트레이트,,플리츠·턱,,,,,,,,스트레이트핏,,,,
fashion200k_bottoms/images/88021160_0.jpeg,val,,,,,팬츠,하렘 팬츠,테이퍼드,,,,,,,,,,테이퍼드핏,,,,
fashion200k_bottoms/images/88027611_0.jpeg,train,,,,,팬츠,,테이퍼드,,,,,,,,,,테이퍼드핏,,,,
fashion200k_bottoms/images/88029162_0.jpeg,train,,,,,팬츠,치노 팬츠,스트레이트,,,,,,,,,,스트레이트핏,,,,
fashion200k_bottoms/images/88040050_0.jpeg,train,,,,,팬츠,슬랙스,스트레이트,,,,,,,,,,스트레이트핏,,,,
fashion200k_bottoms/images/88064198_1.jpeg,train,,,,,팬츠,카고 팬츠,스트레이트,,카고 포켓,,,,,,,,스트레이트핏,,,,
fashion200k_bottoms/images/88064698_0.jpeg,train,,,,,팬츠,,테이퍼드,,,,,,,,,,테이퍼드핏,,,,
fashion200k_bottoms/images/88066007_0.jpeg,val,,,,,팬츠,,플레어,,플리츠·턱,,,,,,,,플레어핏,,,,
fashion200k_bottoms/images/88101052_1.jpeg,train,,,,,청바지,청바지,와이드,,,,,,,,,,와이드핏,,,데님,
fashion200k_bottoms/images/88112284_1.jpeg,val,,,,,팬츠,,와이드,,플리츠·턱,,,,,,,,와이드핏,,,,
fashion200k_bottoms/images/88112750_0.jpeg,train,,,,,팬츠,조거·스웨트팬츠,와이드,,,,,,,,,,와이드핏,,,,
fashion200k_bottoms/images/88115073_2.jpeg,train,,,,,팬츠,세일러 팬츠,와이드,,,,,,,,,,와이드핏,,,,
fashion200k_bottoms/images/88117225_0.jpeg,val,,,,,팬츠,,스트레이트,,,,,,,,,,스트레이트핏,,,,
fashion200k_bottoms/images/88130814_0.jpeg,train,,,,,팬츠,,플레어,,,,,,,,,,플레어핏,,,,
fashion200k_bottoms/images/88138460_0.jpeg,train,,,,,팬츠,,스트레이트,,,,,,,,,,스트레이트핏,,,,
fashion200k_bottoms/images/88143867_0.jpeg,val,,,,,팬츠,,스트레이트,,,,,,,,,,스트레이트핏,,,,
fashion200k_bottoms/images/88152821_0.jpeg,train,,,,,팬츠,치노 팬츠,,풀렝스,,,,,롱·긴바지 기장,,,,,,,,
fashion200k_bottoms/images/88154851_2.jpeg,val,,,,,팬츠,,팔라초,,,,,,,,,,와이드핏,,,,
fashion200k_bottoms/images/88158335_0.jpeg,train,,,,,팬츠,슬랙스,,풀렝스,,,,,롱·긴바지 기장,,,,,,,,
fashion200k_bottoms/images/88159969_0.jpeg,train,,,,,팬츠,레깅스,스키니,,,,,,,,,,슬림핏,,,,
fashion200k_bottoms/images/88160595_0.jpeg,val,,,,,팬츠,,와이드,,드로스트링,,,,,,,,와이드핏,,,,
fashion200k_bottoms/images/88167327_0.jpeg,train,,,,,팬츠,,플레어,,,,,,,,,,플레어핏,,,,
fashion200k_bottoms/images/88168212_0.jpeg,train,,,,,팬츠,,플레어,풀렝스,,,,,롱·긴바지 기장,,,,플레어핏,,,,
fashion200k_bottoms/images/88175479_0.jpeg,train,,,,,팬츠,,와이드,,,,,,,,,,와이드핏,,,,
fashion200k_bottoms/images/88175707_0.jpeg,train,,,,,팬츠,,팔라초,,,,,,,,,,와이드핏,,,,
fashion200k_bottoms/images/88180047_0.jpeg,val,,,,,청바지,청바지,스키니,,,,,,,,,,슬림핏,,,데님,
fashion200k_bottoms/images/88186325_0.jpeg,val,,,,,팬츠,카고 팬츠,스키니,,카고 포켓,,,,,,,,슬림핏,,,,
fashion200k_bottoms/images/88193275_0.jpeg,train,,,,,팬츠,하렘 팬츠,,,,,,,,,,,,,,,
fashion200k_bottoms/images/88199573_0.jpeg,val,,,,,팬츠,,스트레이트,,밑단 커프,,,,,,,,스트레이트핏,,,,
fashion200k_bottoms/images/88201290_3.jpeg,train,,,,,팬츠,,플레어,풀렝스,,,,,롱·긴바지 기장,,,,플레어핏,,,,
fashion200k_bottoms/images/88206901_0.jpeg,train,,,,,팬츠,,스트레이트,,드로스트링,,,,,,,,스트레이트핏,,,,
fashion200k_bottoms/images/88216247_0.jpeg,train,,,,,팬츠,슬랙스,스트레이트,,,,,,,,,,스트레이트핏,,,,
fashion200k_bottoms/images/88226778_0.jpeg,val,,,,,팬츠,슬랙스,스트레이트,,,,,,,,,,스트레이트핏,,,,
fashion200k_bottoms/images/88227311_0.jpeg,train,,,,,팬츠,,스트레이트,,,,,,,,,,스트레이트핏,,,,
fashion200k_bottoms/images/88227984_0.jpeg,train,,,,,팬츠,치노 팬츠,스트레이트,,,,,,,,,,스트레이트핏,,,,
fashion200k_bottoms/images/88228009_0.jpeg,train,,,,,팬츠,치노 팬츠,스트레이트,,,,,,,,,,스트레이트핏,,,,
fashion200k_bottoms/images/88228409_0.jpeg,train,,,,,팬츠,,스트레이트,,,,,,,,,,스트레이트핏,,,,
fashion200k_bottoms/images/88243256_0.jpeg,train,,,,,팬츠,슬랙스,스키니,,,,,,,,,,슬림핏,,,,
fashion200k_bottoms/images/88248027_0.jpeg,train,,,,,팬츠,슬랙스,스트레이트,,,,,,,,,,스트레이트핏,,,,
fashion200k_bottoms/images/88259036_2.jpeg,train,,,,,팬츠,,팔라초,,,,,,,,,,와이드핏,,,,
fashion200k_bottoms/images/88266235_0.jpeg,train,,,,,청바지,청바지,와이드,,,,,,,,,,와이드핏,,,데님,
fashion200k_bottoms/images/88266698_0.jpeg,train,,,,,팬츠,,스키니,,드로스트링,,,,,,,,슬림핏,,,,
fashion200k_bottoms/images/88272222_2.jpeg,train,,,,,팬츠,,,풀렝스,플리츠·턱,,,,롱·긴바지 기장,,,,,,,,
fashion200k_bottoms/images/88272475_0.jpeg,val,,,,,팬츠,세일러 팬츠,와이드,,,,,,,,,,와이드핏,,,,
fashion200k_bottoms/images/88273966_1.jpeg,train,,,,,팬츠,치노 팬츠,스트레이트,,,,,,,,,,스트레이트핏,,,,
fashion200k_bottoms/images/88274268_2.jpeg,train,,,,,청바지,청바지,플레어,,,,,,,,,,플레어핏,,,데님,
fashion200k_bottoms/images/88278876_1.jpeg,train,,,,,팬츠,,테이퍼드,,플리츠·턱,,,,,,,,테이퍼드핏,,,,
fashion200k_bottoms/images/88279049_0.jpeg,train,,,,,팬츠,슬랙스,스트레이트,,,,,,,,,,스트레이트핏,,,,
fashion200k_bottoms/images/88279367_2.jpeg,train,,,,,팬츠,,와이드,,플리츠·턱,,,,,,,,와이드핏,,,,
fashion200k_bottoms/images/88279774_0.jpeg,train,,,,,팬츠,,팔라초,,,,,,,,,,와이드핏,,,,
fashion200k_bottoms/images/88279927_0.jpeg,train,,,,,팬츠,,스트레이트,,,,,,,,,,스트레이트핏,,,,
fashion200k_bottoms/images/88283555_1.jpeg,val,,,,,팬츠,트랙팬츠,,풀렝스,,,,,롱·긴바지 기장,,,,,,,,
fashion200k_bottoms/images/88286728_0.jpeg,train,,,,,팬츠,하렘 팬츠,,,,,,,,,,,,,,,
fashion200k_bottoms/images/88288278_0.jpeg,val,,,,,팬츠,,스키니,,,,,,,,,,슬림핏,,,,
fashion200k_bottoms/images/88292880_0.jpeg,train,,,,,팬츠,,팔라초,,플리츠·턱,,,,,,,,와이드핏,,,,
fashion200k_bottoms/images/88295842_0.jpeg,train,,,,,팬츠,,팔라초,,,,,,,,,,와이드핏,,,,
fashion200k_bottoms/images/88297391_0.jpeg,train,,,,,팬츠,,와이드,,플리츠·턱,,,,,,,,와이드핏,,,,
fashion200k_bottoms/images/88298290_0.jpeg,val,,,,,청바지,청바지,스키니,,,,,,,,,,슬림핏,,,데님,
fashion200k_bottoms/images/88316441_0.jpeg,train,,,,,팬츠,트랙팬츠,와이드,,,,,,,,,,와이드핏,,,,
fashion200k_bottoms/images/88317579_1.jpeg,train,,,,,팬츠,,와이드,,,,,,,,,,와이드핏,,,,
fashion200k_bottoms/images/88317808_0.jpeg,train,,,,,팬츠,,팔라초,,,,,,,,,,와이드핏,,,,
fashion200k_bottoms/images/88318579_1.jpeg,train,,,,,팬츠,,와이드,,플리츠·턱,,,,,,,,와이드핏,,,,
fashion200k_bottoms/images/88318922_0.jpeg,train,,,,,팬츠,,팔라초,,플리츠·턱,,,,,,,,와이드핏,,,,
fashion200k_bottoms/images/88353917_0.jpeg,val,,,,,팬츠,레깅스,,카프리·7부,,,,,미디·7부 기장,,,,,,,,
fashion200k_bottoms/images/88369883_0.jpeg,train,,,,,팬츠,,,풀렝스,플리츠·턱,,,,롱·긴바지 기장,,,,,,,,
fashion200k_bottoms/images/88389260_0.jpeg,train,,,,,팬츠,,와이드,,플리츠·턱,,,,,,,,와이드핏,,,,
fashion200k_bottoms/images/88394355_0.jpeg,train,,,,,팬츠,하렘 팬츠,,,,,,,,,,,,,,,
fashion200k_bottoms/images/88396129_0.jpeg,train,,,,,팬츠,,페그,풀렝스,,,,,롱·긴바지 기장,,,,테이퍼드핏,,,,
fashion200k_bottoms/images/88400775_0.jpeg,val,,,,,팬츠,,와이드,,,,,,,,,,와이드핏,,,,
fashion200k_bottoms/images/88404897_0.jpeg,train,,,,,팬츠,,부츠컷,,,,,,,,,,플레어핏,,,,
fashion200k_bottoms/images/88406768_1.jpeg,val,,,,,팬츠,하렘 팬츠,,,,,,,,,,,,,,,
fashion200k_bottoms/images/88412705_0.jpeg,train,,,,,팬츠,조거·스웨트팬츠,스키니,,,,,,,,,,슬림핏,,,,
fashion200k_bottoms/images/88412866_0.jpeg,val,,,,,팬츠,하렘 팬츠,,,,,,,,,,,,,,,
fashion200k_bottoms/images/88412981_0.jpeg,train,,,,,팬츠,조거·스웨트팬츠,,풀렝스,사이드 스트라이프,,,,롱·긴바지 기장,,,,,,,,
fashion200k_bottoms/images/88416506_0.jpeg,train,,,,,팬츠,,와이드,,플리츠·턱,,,,,,,,와이드핏,,,,
fashion200k_bottoms/images/88420836_0.jpeg,train,,,,,팬츠,레깅스,,카프리·7부,,,,,미디·7부 기장,,,,,,,,
fashion200k_bottoms/images/88428378_0.jpeg,train,,,,,청바지,청바지,스트레이트,,,,,,,,,,스트레이트핏,,,데님,
fashion200k_bottoms/images/88482743_0.jpeg,train,,,,,팬츠,하렘 팬츠,,,,,,,,,,,,,,,
fashion200k_bottoms/images/88484473_0.jpeg,val,,,,,팬츠,,스키니,,,,,,,,,,슬림핏,,,,
fashion200k_bottoms/images/88557602_0.jpeg,val,,,,,팬츠,하렘 팬츠,,,,,,,,,,,,,,,
fashion200k_bottoms/images/88561751_0.jpeg,train,,,,,팬츠,,와이드,,,,,,,,,,와이드핏,,,,
fashion200k_bottoms/images/88567991_1.jpeg,train,,,,,팬츠,,와이드,,,,,,,,,,와이드핏,,,,
fashion200k_bottoms/images/88569793_1.jpeg,val,,,,,팬츠,,플레어,,,,,,,,,,플레어핏,,,,
fashion200k_bottoms/images/88571725_2.jpeg,train,,,,,팬츠,슬랙스,와이드,,플리츠·턱,,,,,,,,와이드핏,,,,
fashion200k_bottoms/images/88580242_0.jpeg,val,,,,,팬츠,,스키니,,,,,,,,,,슬림핏,,,,
fashion200k_bottoms/images/88596171_0.jpeg,train,,,,,팬츠,레깅스,,카프리·7부,,,,,미디·7부 기장,,,,,,,,
fashion200k_bottoms/images/88601504_0.jpeg,train,,,,,팬츠,,와이드,,,,,,,,,,와이드핏,,,,
fashion200k_bottoms/images/88602996_1.jpeg,train,,,,,팬츠,,와이드,풀렝스,플리츠·턱,,,,롱·긴바지 기장,,,,와이드핏,,,,
fashion200k_bottoms/images/88604998_2.jpeg,train,,,,,팬츠,,플레어,풀렝스,,,,,롱·긴바지 기장,,,,플레어핏,,,,
fashion200k_bottoms/images/88606379_0.jpeg,val,,,,,팬츠,,스트레이트,,,,,,,,,,스트레이트핏,,,,
fashion200k_bottoms/images/88612473_0.jpeg,val,,,,,팬츠,,플레어,,,,,,,,,,플레어핏,,,,
fashion200k_bottoms/images/88612865_0.jpeg,train,,,,,팬츠,,플레어,,,,,,,,,,플레어핏,,,,
fashion200k_bottoms/images/88613389_0.jpeg,train,,,,,팬츠,,플레어,풀렝스,,,,,롱·긴바지 기장,,,,플레어핏,,,,
fashion200k_bottoms/images/88613562_0.jpeg,train,,,,,팬츠,하렘 팬츠,플레어,,,,,,,,,,플레어핏,,,,
fashion200k_bottoms/images/88620151_0.jpeg,train,,,,,팬츠,,팔라초,,,,,,,,,,와이드핏,,,,
fashion200k_bottoms/images/88621214_0.jpeg,train,,,,,팬츠,,,풀렝스,드로스트링,,,,롱·긴바지 기장,,,,,,,,
fashion200k_bottoms/images/88625238_0.jpeg,val,,,,,팬츠,,와이드,,,,,,,,,,와이드핏,,,,
fashion200k_bottoms/images/88630807_4.jpeg,train,,,,,팬츠,슬랙스,스트레이트,,,,,,,,,,스트레이트핏,,,,
fashion200k_bottoms/images/88631801_0.jpeg,train,,,,,팬츠,하렘 팬츠,테이퍼드,,,,,,,,,,테이퍼드핏,,,,
fashion200k_bottoms/images/88632595_0.jpeg,val,,,,,팬츠,,와이드,,드로스트링,,,,,,,,와이드핏,,,,
fashion200k_bottoms/images/88633901_0.jpeg,train,,,,,팬츠,,와이드,,,,,,,,,,와이드핏,,,,
fashion200k_bottoms/images/88634025_0.jpeg,train,,,,,팬츠,,스키니,카프리·7부,,,,,미디·7부 기장,,,,슬림핏,,,,
fashion200k_bottoms/images/88635573_0.jpeg,val,,,,,청바지,청바지,와이드,,,,,,,,,,와이드핏,,,데님,
fashion200k_bottoms/images/88646399_0.jpeg,train,,,,,팬츠,,스키니,,,,,,,,,,슬림핏,,,,
fashion200k_bottoms/images/88647457_0.jpeg,val,,,,,팬츠,,스키니,,,,,,,,,,슬림핏,,,,
fashion200k_bottoms/images/88652246_0.jpeg,val,,,,,팬츠,,와이드,,사이드 스트라이프,,,,,,,,와이드핏,,,,
fashion200k_bottoms/images/88655009_0.jpeg,train,,,,,팬츠,,페그,,,,,,,,,,테이퍼드핏,,,,
fashion200k_bottoms/images/88664167_0.jpeg,val,,,,,팬츠,,와이드,,플리츠·턱,,,,,,,,와이드핏,,,,
fashion200k_bottoms/images/88666829_0.jpeg,val,,,,,팬츠,,와이드,,밴딩 허리,,,,,,,,와이드핏,,,,
fashion200k_bottoms/images/88667990_1.jpeg,val,,,,,팬츠,,팔라초,풀렝스,,,,,롱·긴바지 기장,,,,와이드핏,,,,
fashion200k_bottoms/images/88670952_0.jpeg,train,,,,,팬츠,하렘 팬츠,테이퍼드,,,,,,,,,,테이퍼드핏,,,,
fashion200k_bottoms/images/88677167_3.jpeg,train,,,,,팬츠,,와이드,,,,,,,,,,와이드핏,,,,
fashion200k_bottoms/images/88678411_2.jpeg,val,,,,,팬츠,하렘 팬츠,,,,,,,,,,,,,,,
fashion200k_bottoms/images/88680203_2.jpeg,train,,,,,팬츠,하렘 팬츠,,,,,,,,,,,,,,,
fashion200k_bottoms/images/88693596_0.jpeg,train,,,,,팬츠,카고 팬츠,,,카고 포켓,,,,,,,,,,,,
fashion200k_bottoms/images/88699314_0.jpeg,train,,,,,팬츠,하렘 팬츠,,,,,,,,,,,,,,,
fashion200k_bottoms/images/88703775_0.jpeg,train,,,,,팬츠,,와이드,,드로스트링,,,,,,,,와이드핏,,,,
fashion200k_bottoms/images/88705845_2.jpeg,train,,,,,팬츠,하렘 팬츠,,,,,,,,,,,,,,,
fashion200k_bottoms/images/88710328_0.jpeg,train,,,,,팬츠,조거·스웨트팬츠,스트레이트,,,,,,,,,,스트레이트핏,,,,
fashion200k_bottoms/images/88711892_0.jpeg,train,,,,,팬츠,조거·스웨트팬츠,스트레이트,,,,,,,,,,스트레이트핏,,,,
fashion200k_bottoms/images/88712016_0.jpeg,train,,,,,팬츠,조거·스웨트팬츠,스트레이트,,,,,,,,,,스트레이트핏,,,,
fashion200k_bottoms/images/88718511_2.jpeg,train,,,,,팬츠,,와이드,,드로스트링,,,,,,,,와이드핏,,,,
fashion200k_bottoms/images/88745525_0.jpeg,train,,,,,청바지,청바지,스키니,카프리·7부,,,,,미디·7부 기장,,,,슬림핏,,,데님,
fashion200k_bottoms/images/88753436_0.jpeg,val,,,,,팬츠,,스트레이트,,드로스트링,,,,,,,,스트레이트핏,,,,
fashion200k_bottoms/images/88760669_2.jpeg,train,,,,,팬츠,,플레어,,,,,,,,,,플레어핏,,,,
fashion200k_bottoms/images/88762351_0.jpeg,train,,,,,팬츠,세일러 팬츠,스트레이트,,,,,,,,,,스트레이트핏,,,,
fashion200k_bottoms/images/88770627_0.jpeg,val,,,,,팬츠,치노 팬츠,스트레이트,,,,,,,,,,스트레이트핏,,,,
fashion200k_bottoms/images/88772481_1.jpeg,train,,,,,팬츠,,팔라초,,드로스트링,,,,,,,,와이드핏,,,,
fashion200k_bottoms/images/88772574_0.jpeg,val,,,,,팬츠,,스키니,풀렝스,,,,,롱·긴바지 기장,,,,슬림핏,,,,
fashion200k_bottoms/images/88773310_0.jpeg,train,,,,,팬츠,레깅스,,,,,,,,,,,,,,,
fashion200k_bottoms/images/88773905_0.jpeg,train,,,,,팬츠,치노 팬츠,스키니,,,,,,,,,,슬림핏,,,,
fashion200k_bottoms/images/88775160_0.jpeg,train,,,,,팬츠,치노 팬츠,스트레이트,,,,,,,,,,스트레이트핏,,,,
fashion200k_bottoms/images/88779575_0.jpeg,train,,,,,팬츠,,와이드,,,,,,,,,,와이드핏,,,,
fashion200k_bottoms/images/88783436_0.jpeg,train,,,,,팬츠,하렘 팬츠,,,드로스트링,,,,,,,,,,,,
fashion200k_bottoms/images/88784449_0.jpeg,train,,,,,팬츠,,,풀렝스,,,,,롱·긴바지 기장,,,,,,,,
fashion200k_bottoms/images/88786893_0.jpeg,train,,,,,팬츠,카고 팬츠,,풀렝스,카고 포켓,,,,롱·긴바지 기장,,,,,,,,
fashion200k_bottoms/images/88809400_0.jpeg,train,,,,,팬츠,,플레어,,,,,,,,,,플레어핏,,,,
fashion200k_bottoms/images/88809796_2.jpeg,train,,,,,팬츠,,팔라초,,,,,,,,,,와이드핏,,,,
fashion200k_bottoms/images/88810420_0.jpeg,train,,,,,팬츠,,스트레이트,,,,,,,,,,스트레이트핏,,,,
fashion200k_bottoms/images/88812369_0.jpeg,train,,,,,팬츠,하렘 팬츠,테이퍼드,,,,,,,,,,테이퍼드핏,,,,
fashion200k_bottoms/images/88818284_0.jpeg,train,,,,,팬츠,,테이퍼드,,드로스트링,,,,,,,,테이퍼드핏,,,,
fashion200k_bottoms/images/88833616_0.jpeg,train,,,,,팬츠,하렘 팬츠,,,,,,,,,,,,,,,
fashion200k_bottoms/images/88834338_2.jpeg,val,,,,,팬츠,,팔라초,,,,,,,,,,와이드핏,,,,
fashion200k_bottoms/images/88834532_0.jpeg,train,,,,,팬츠,하렘 팬츠,플레어,,,,,,,,,,플레어핏,,,,
fashion200k_bottoms/images/88838700_1.jpeg,train,,,,,팬츠,,와이드,,플리츠·턱,,,,,,,,와이드핏,,,,
fashion200k_bottoms/images/88852029_10.jpeg,train,,,,,팬츠,,팔라초,,사이드 스트라이프,,,,,,,,와이드핏,,,,
fashion200k_bottoms/images/88855082_0.jpeg,train,,,,,팬츠,카고 팬츠,와이드,,카고 포켓,,,,,,,,와이드핏,,,,
fashion200k_bottoms/images/88856157_0.jpeg,train,,,,,팬츠,,,풀렝스,플리츠·턱,,,,롱·긴바지 기장,,,,,,,,
fashion200k_bottoms/images/88857521_0.jpeg,train,,,,,팬츠,하렘 팬츠,테이퍼드,,,,,,,,,,테이퍼드핏,,,,
fashion200k_bottoms/images/88857646_0.jpeg,train,,,,,팬츠,,,풀렝스,,,,,롱·긴바지 기장,,,,,,,,
fashion200k_bottoms/images/88868555_0.jpeg,train,,,,,청바지,청바지,플레어,풀렝스,,,,,롱·긴바지 기장,,,,플레어핏,,,데님,
fashion200k_bottoms/images/88900213_0.jpeg,train,,,,,팬츠,하렘 팬츠,,,,,,,,,,,,,,,
fashion200k_bottoms/images/88902965_0.jpeg,train,,,,,팬츠,,스키니,,,,,,,,,,슬림핏,,,,
fashion200k_bottoms/images/88905875_0.jpeg,train,,,,,팬츠,,,풀렝스,,,,,롱·긴바지 기장,,,,,,,,
fashion200k_bottoms/images/88912404_2.jpeg,train,,,,,팬츠,,와이드,,플리츠·턱,,,,,,,,와이드핏,,,,
fashion200k_bottoms/images/88928237_0.jpeg,train,,,,,팬츠,,스트레이트,,,,,,,,,,스트레이트핏,,,,
fashion200k_bottoms/images/88942094_0.jpeg,train,,,,,팬츠,,플레어,풀렝스,,,,,롱·긴바지 기장,,,,플레어핏,,,,
fashion200k_bottoms/images/88946400_0.jpeg,train,,,,,팬츠,카고 팬츠,,풀렝스,카고 포켓,,,,롱·긴바지 기장,,,,,,,,
fashion200k_bottoms/images/88949802_0.jpeg,val,,,,,팬츠,하렘 팬츠,,,드로스트링,,,,,,,,,,,,
fashion200k_bottoms/images/88951852_0.jpeg,train,,,,,팬츠,하렘 팬츠,,,,,,,,,,,,,,,
fashion200k_bottoms/images/88951994_0.jpeg,train,,,,,팬츠,,테이퍼드,,,,,,,,,,테이퍼드핏,,,,
fashion200k_bottoms/images/88956940_0.jpeg,train,,,,,청바지,청바지,와이드,,,,,,,,,,와이드핏,,,데님,
fashion200k_bottoms/images/88960791_1.jpeg,train,,,,,팬츠,,와이드,,,,,,,,,,와이드핏,,,,
fashion200k_bottoms/images/88966847_0.jpeg,train,,,,,팬츠,,와이드,,,,,,,,,,와이드핏,,,,
fashion200k_bottoms/images/88987293_1.jpeg,train,,,,,팬츠,,팔라초,,,,,,,,,,와이드핏,,,,
fashion200k_bottoms/images/88992237_0.jpeg,val,,,,,팬츠,,스트레이트,,플리츠·턱,,,,,,,,스트레이트핏,,,,
fashion200k_bottoms/images/89014943_0.jpeg,val,,,,,팬츠,,와이드,,,,,,,,,,와이드핏,,,,
fashion200k_bottoms/images/89018105_0.jpeg,train,,,,,팬츠,카고 팬츠,스키니,,카고 포켓,,,,,,,,슬림핏,,,,
fashion200k_bottoms/images/89036740_0.jpeg,train,,,,,팬츠,,와이드,풀렝스,,,,,롱·긴바지 기장,,,,와이드핏,,,,
fashion200k_bottoms/images/89049171_0.jpeg,train,,,,,팬츠,트랙팬츠,,풀렝스,,,,,롱·긴바지 기장,,,,,,,,
fashion200k_bottoms/images/89052314_0.jpeg,val,,,,,팬츠,,,풀렝스,,,,,롱·긴바지 기장,,,,,,,,
fashion200k_bottoms/images/89069916_0.jpeg,train,,,,,팬츠,,팔라초,,,,,,,,,,와이드핏,,,,
fashion200k_bottoms/images/89085347_0.jpeg,train,,,,,팬츠,,스트레이트,,밴딩 허리,,,,,,,,스트레이트핏,,,,
fashion200k_bottoms/images/89088440_0.jpeg,train,,,,,팬츠,,스트레이트,,,,,,,,,,스트레이트핏,,,,
fashion200k_bottoms/images/89089213_1.jpeg,val,,,,,팬츠,트랙팬츠,,,,,,,,,,,,,,,
fashion200k_bottoms/images/89090181_1.jpeg,train,,,,,팬츠,하렘 팬츠,테이퍼드,,,,,,,,,,테이퍼드핏,,,,
fashion200k_bottoms/images/89101203_0.jpeg,train,,,,,팬츠,,플레어,,플리츠·턱,,,,,,,,플레어핏,,,,
fashion200k_bottoms/images/89103372_0.jpeg,train,,,,,팬츠,,,풀렝스,드로스트링,,,,롱·긴바지 기장,,,,,,,,
fashion200k_bottoms/images/89109430_0.jpeg,val,,,,,팬츠,하렘 팬츠,,,,,,,,,,,,,,,
fashion200k_bottoms/images/89116083_0.jpeg,val,,,,,팬츠,레깅스,,,,,,,,,,,,,,,
fashion200k_bottoms/images/89129567_0.jpeg,val,,,,,팬츠,치노 팬츠,,풀렝스,,,,,롱·긴바지 기장,,,,,,,,
fashion200k_bottoms/images/89129894_0.jpeg,train,,,,,팬츠,,스트레이트,,5포켓,,,,,,,,스트레이트핏,,,,
fashion200k_bottoms/images/89136379_0.jpeg,val,,,,,팬츠,,스트레이트,,밴딩 허리|밑단 커프,,,,,,,,스트레이트핏,,,,
fashion200k_bottoms/images/89142244_2.jpeg,train,,,,,팬츠,,와이드,,밴딩 허리,,,,,,,,와이드핏,,,,
fashion200k_bottoms/images/89152703_0.jpeg,train,,,,,팬츠,하렘 팬츠,,,,,,,,,,,,,,,
fashion200k_bottoms/images/89160368_0.jpeg,val,,,,,팬츠,레깅스,,카프리·7부,,,,,미디·7부 기장,,,,,,,,
fashion200k_bottoms/images/89168811_0.jpeg,train,,,,,팬츠,,스트레이트,,,,,,,,,,스트레이트핏,,,,
fashion200k_bottoms/images/89171603_1.jpeg,train,,,,,팬츠,,팔라초,,플리츠·턱,,,,,,,,와이드핏,,,,
fashion200k_bottoms/images/89178472_0.jpeg,train,,,,,팬츠,레깅스,,카프리·7부,,,,,미디·7부 기장,,,,,,,,
fashion200k_bottoms/images/89183569_0.jpeg,val,,,,,팬츠,,플레어,,,,,,,,,,플레어핏,,,,
fashion200k_bottoms/images/89185484_0.jpeg,train,,,,,팬츠,,와이드,,,,,,,,,,와이드핏,,,,
fashion200k_bottoms/images/89189401_0.jpeg,train,,,,,팬츠,,와이드,,,,,,,,,,와이드핏,,,,
fashion200k_bottoms/images/89189505_0.jpeg,train,,,,,팬츠,하렘 팬츠,,,,,,,,,,,,,,,
fashion200k_bottoms/images/89189915_0.jpeg,train,,,,,팬츠,하렘 팬츠,,,,,,,,,,,,,,,
fashion200k_bottoms/images/89198134_0.jpeg,train,,,,,팬츠,,테이퍼드,,,,,,,,,,테이퍼드핏,,,,
fashion200k_bottoms/images/89199192_0.jpeg,train,,,,,팬츠,,팔라초,,,,,,,,,,와이드핏,,,,
fashion200k_bottoms/images/89203754_0.jpeg,train,,,,,팬츠,,스키니,,,,,,,,,,슬림핏,,,,
fashion200k_bottoms/images/89208141_1.jpeg,train,,,,,팬츠,하렘 팬츠,,풀렝스,,,,,롱·긴바지 기장,,,,,,,,
fashion200k_bottoms/images/89213141_0.jpeg,val,,,,,팬츠,조거·스웨트팬츠,와이드,,,,,,,,,,와이드핏,,,,
fashion200k_bottoms/images/89214285_0.jpeg,train,,,,,팬츠,,,풀렝스,,,,,롱·긴바지 기장,,,,,,,,
fashion200k_bottoms/images/89225437_2.jpeg,train,,,,,팬츠,,팔라초,,,,,,,,,,와이드핏,,,,
fashion200k_bottoms/images/89239553_0.jpeg,val,,,,,팬츠,카고 팬츠,와이드,,카고 포켓,,,,,,,,와이드핏,,,,
fashion200k_bottoms/images/89241487_0.jpeg,train,,,,,팬츠,,팔라초,,,,,,,,,,와이드핏,,,,
fashion200k_bottoms/images/89252183_1.jpeg,train,,,,,팬츠,,와이드,,,,,,,,,,와이드핏,,,,
fashion200k_bottoms/images/89253155_2.jpeg,val,,,,,팬츠,,페그,,,,,,,,,,테이퍼드핏,,,,
fashion200k_bottoms/images/89257685_0.jpeg,train,,,,,팬츠,,스키니,풀렝스,,,,,롱·긴바지 기장,,,,슬림핏,,,,
fashion200k_bottoms/images/89258535_0.jpeg,train,,,,,팬츠,레깅스,,,,,,,,,,,,,,,
fashion200k_bottoms/images/89263457_0.jpeg,val,,,,,팬츠,,스키니,,,,,,,,,,슬림핏,,,,
fashion200k_bottoms/images/89292159_1.jpeg,val,,,,,팬츠,,스트레이트,,,,,,,,,,스트레이트핏,,,,
fashion200k_bottoms/images/89293164_0.jpeg,train,,,,,팬츠,조거·스웨트팬츠,,풀렝스,,,,,롱·긴바지 기장,,,,,,,,
fashion200k_bottoms/images/89295855_1.jpeg,train,,,,,팬츠,치노 팬츠,스트레이트,,,,,,,,,,스트레이트핏,,,,
fashion200k_bottoms/images/89297930_0.jpeg,train,,,,,팬츠,하렘 팬츠,페그,,,,,,,,,,테이퍼드핏,,,,
fashion200k_bottoms/images/89299119_0.jpeg,train,,,,,팬츠,슬랙스,스트레이트,,,,,,,,,,스트레이트핏,,,,
fashion200k_bottoms/images/89303613_0.jpeg,train,,,,,팬츠,카고 팬츠,,풀렝스,카고 포켓,,,,롱·긴바지 기장,,,,,,,,
fashion200k_bottoms/images/89303863_0.jpeg,train,,,,,팬츠,치노 팬츠,와이드,,,,,,,,,,와이드핏,,,,
fashion200k_bottoms/images/89313998_0.jpeg,train,,,,,팬츠,,페그,,,,,,,,,,테이퍼드핏,,,,
fashion200k_bottoms/images/89316752_0.jpeg,train,,,,,팬츠,하렘 팬츠,,,,,,,,,,,,,,,
fashion200k_bottoms/images/89324494_1.jpeg,train,,,,,팬츠,,와이드,,플리츠·턱,,,,,,,,와이드핏,,,,
fashion200k_bottoms/images/89325794_0.jpeg,val,,,,,팬츠,,스트레이트,,드로스트링,,,,,,,,스트레이트핏,,,,
fashion200k_bottoms/images/89325900_0.jpeg,train,,,,,팬츠,,플레어,,,,,,,,,,플레어핏,,,,
fashion200k_bottoms/images/89327227_0.jpeg,train,,,,,팬츠,,,풀렝스,스터럽,,,,롱·긴바지 기장,,,,,,,,
fashion200k_bottoms/images/89327230_0.jpeg,val,,,,,팬츠,,플레어,,,,,,,,,,플레어핏,,,,
fashion200k_bottoms/images/89327646_0.jpeg,train,,,,,팬츠,,팔라초,,,,,,,,,,와이드핏,,,,
fashion200k_bottoms/images/89328811_0.jpeg,val,,,,,팬츠,,테이퍼드,,,,,,,,,,테이퍼드핏,,,,
fashion200k_bottoms/images/89335792_0.jpeg,train,,,,,팬츠,카고 팬츠,스트레이트,,카고 포켓,,,,,,,,스트레이트핏,,,,
fashion200k_bottoms/images/89338117_0.jpeg,val,,,,,팬츠,,스키니,,,,,,,,,,슬림핏,,,,
fashion200k_bottoms/images/89344459_0.jpeg,train,,,,,팬츠,트랙팬츠,스트레이트,,,,,,,,,,스트레이트핏,,,,
fashion200k_bottoms/images/89347549_2.jpeg,train,,,,,팬츠,,와이드,,플리츠·턱,,,,,,,,와이드핏,,,,
fashion200k_bottoms/images/89348277_1.jpeg,train,,,,,팬츠,,스키니,,,,,,,,,,슬림핏,,,,
fashion200k_bottoms/images/89352145_0.jpeg,train,,,,,팬츠,카고 팬츠,스키니,,카고 포켓,,,,,,,,슬림핏,,,,
fashion200k_bottoms/images/89353047_0.jpeg,train,,,,,청바지,청바지,스키니,,,,,,,,,,슬림핏,,,데님,
fashion200k_bottoms/images/89355501_0.jpeg,train,,,,,팬츠,,,풀렝스,,,,,롱·긴바지 기장,,,,,,,,
fashion200k_bottoms/images/89360257_0.jpeg,train,,,,,팬츠,조거·스웨트팬츠,,풀렝스,,,,,롱·긴바지 기장,,,,,,,,
fashion200k_bottoms/images/89370965_0.jpeg,train,,,,,팬츠,,스트레이트,,플리츠·턱,,,,,,,,스트레이트핏,,,,
fashion200k_bottoms/images/89372329_0.jpeg,train,,,,,팬츠,하렘 팬츠,,,,,,,,,,,,,,,
fashion200k_bottoms/images/89387561_0.jpeg,train,,,,,팬츠,하렘 팬츠,,,,,,,,,,,,,,,
fashion200k_bottoms/images/89389810_0.jpeg,train,,,,,팬츠,,,풀렝스,드로스트링,,,,롱·긴바지 기장,,,,,,,,
fashion200k_bottoms/images/89393068_0.jpeg,train,,,,,팬츠,슬랙스,스키니,,,,,,,,,,슬림핏,,,,
fashion200k_bottoms/images/89397345_0.jpeg,train,,,,,팬츠,하렘 팬츠,,,,,,,,,,,,,,,
fashion200k_bottoms/images/89398388_0.jpeg,train,,,,,팬츠,하렘 팬츠,,,,,,,,,,,,,,,
fashion200k_bottoms/images/89399580_0.jpeg,train,,,,,팬츠,,스키니,,,,,,,,,,슬림핏,,,,
fashion200k_bottoms/images/89400148_0.jpeg,train,,,,,팬츠,,,풀렝스,,,,,롱·긴바지 기장,,,,,,,,
fashion200k_bottoms/images/89401688_0.jpeg,train,,,,,팬츠,,플레어,,,,,,,,,,플레어핏,,,,
fashion200k_bottoms/images/89411043_3.jpeg,val,,,,,팬츠,,스트레이트,,,,,,,,,,스트레이트핏,,,,
fashion200k_bottoms/images/89429470_0.jpeg,train,,,,,팬츠,하렘 팬츠,,,,,,,,,,,,,,,
fashion200k_bottoms/images/89431209_2.jpeg,train,,,,,팬츠,,팔라초,,,,,,,,,,와이드핏,,,,
fashion200k_bottoms/images/89442334_0.jpeg,train,,,,,팬츠,슬랙스,와이드,,,,,,,,,,와이드핏,,,,
fashion200k_bottoms/images/89443109_2.jpeg,val,,,,,팬츠,하렘 팬츠,,,플리츠·턱,,,,,,,,,,,,
fashion200k_bottoms/images/89452372_0.jpeg,train,,,,,팬츠,,플레어,,,,,,,,,,플레어핏,,,,
fashion200k_bottoms/images/89453175_0.jpeg,train,,,,,팬츠,,,풀렝스,,,,,롱·긴바지 기장,,,,,,,,
fashion200k_bottoms/images/89455230_0.jpeg,train,,,,,팬츠,하렘 팬츠,와이드,,,,,,,,,,와이드핏,,,,
fashion200k_bottoms/images/89456643_1.jpeg,val,,,,,팬츠,,와이드,,플리츠·턱,,,,,,,,와이드핏,,,,
fashion200k_bottoms/images/89456787_0.jpeg,train,,,,,팬츠,,스트레이트,,,,,,,,,,스트레이트핏,,,,
fashion200k_bottoms/images/89456916_0.jpeg,train,,,,,팬츠,,,풀렝스,,,,,롱·긴바지 기장,,,,,,,,
fashion200k_bottoms/images/89457478_0.jpeg,val,,,,,팬츠,,스트레이트,,,,,,,,,,스트레이트핏,,,,
fashion200k_bottoms/images/89458783_0.jpeg,train,,,,,팬츠,,와이드,,,,,,,,,,와이드핏,,,,
fashion200k_bottoms/images/89460890_0.jpeg,train,,,,,팬츠,,스키니,,플리츠·턱,,,,,,,,슬림핏,,,,
fashion200k_bottoms/images/89463921_1.jpeg,train,,,,,팬츠,,팔라초,,,,,,,,,,와이드핏,,,,
fashion200k_bottoms/images/89467189_0.jpeg,train,,,,,팬츠,,스트레이트,,드로스트링,,,,,,,,스트레이트핏,,,,
fashion200k_bottoms/images/89470617_1.jpeg,train,,,,,팬츠,,스트레이트,,드로스트링,,,,,,,,스트레이트핏,,,,
fashion200k_bottoms/images/89473230_0.jpeg,train,,,,,팬츠,,스키니,,,,,,,,,,슬림핏,,,,
fashion200k_bottoms/images/89474192_0.jpeg,train,,,,,팬츠,,,풀렝스,,,,,롱·긴바지 기장,,,,,,,,
fashion200k_bottoms/images/89480127_0.jpeg,train,,,,,팬츠,하렘 팬츠,,,,,,,,,,,,,,,
fashion200k_bottoms/images/89484947_1.jpeg,train,,,,,팬츠,,플레어,,,,,,,,,,플레어핏,,,,
fashion200k_bottoms/images/89495728_0.jpeg,train,,,,,팬츠,레깅스,,카프리·7부,,,,,미디·7부 기장,,,,,,,,
fashion200k_bottoms/images/89498284_0.jpeg,train,,,,,팬츠,,스트레이트,,,,,,,,,,스트레이트핏,,,,
fashion200k_bottoms/images/89520870_0.jpeg,val,,,,,팬츠,,,풀렝스,,,,,롱·긴바지 기장,,,,,,,,
fashion200k_bottoms/images/89521886_0.jpeg,train,,,,,팬츠,,와이드,,드로스트링,,,,,,,,와이드핏,,,,
fashion200k_bottoms/images/89523241_0.jpeg,train,,,,,팬츠,,스키니,,플리츠·턱,,,,,,,,슬림핏,,,,
fashion200k_bottoms/images/89523354_0.jpeg,train,,,,,팬츠,,,풀렝스,드로스트링,,,,롱·긴바지 기장,,,,,,,,
fashion200k_bottoms/images/89523910_0.jpeg,train,,,,,청바지,청바지,스트레이트,,,,,,,,,,스트레이트핏,,,데님,
fashion200k_bottoms/images/89524161_3.jpeg,train,,,,,팬츠,,팔라초,,,,,,,,,,와이드핏,,,,
fashion200k_bottoms/images/89524649_0.jpeg,train,,,,,팬츠,,,풀렝스,밑단 커프,,,,롱·긴바지 기장,,,,,,,,
fashion200k_bottoms/images/89525157_0.jpeg,val,,,,,팬츠,,와이드,,플리츠·턱,,,,,,,,와이드핏,,,,
fashion200k_bottoms/images/89525377_0.jpeg,train,,,,,팬츠,,페그,풀렝스,,,,,롱·긴바지 기장,,,,테이퍼드핏,,,,
fashion200k_bottoms/images/89526696_0.jpeg,train,,,,,청바지,청바지,스키니,,,,,,,,,,슬림핏,,,데님,
fashion200k_bottoms/images/89533414_0.jpeg,val,,,,,팬츠,,테이퍼드,,,,,,,,,,테이퍼드핏,,,,
fashion200k_bottoms/images/89534020_0.jpeg,val,,,,,팬츠,,와이드,,드로스트링,,,,,,,,와이드핏,,,,
fashion200k_bottoms/images/89541258_0.jpeg,val,,,,,팬츠,,페그,,,,,,,,,,테이퍼드핏,,,,
fashion200k_bottoms/images/89541278_0.jpeg,train,,,,,팬츠,,스키니,,,,,,,,,,슬림핏,,,,
fashion200k_bottoms/images/89542326_0.jpeg,train,,,,,팬츠,,스트레이트,,플리츠·턱,,,,,,,,스트레이트핏,,,,
fashion200k_bottoms/images/89550214_0.jpeg,train,,,,,팬츠,레깅스,,카프리·7부,,,,,미디·7부 기장,,,,,,,,
fashion200k_bottoms/images/89550582_0.jpeg,train,,,,,팬츠,,팔라초,,,,,,,,,,와이드핏,,,,
fashion200k_bottoms/images/89554360_0.jpeg,train,,,,,팬츠,,와이드,,,,,,,,,,와이드핏,,,,
fashion200k_bottoms/images/89554397_0.jpeg,train,,,,,팬츠,,와이드,,,,,,,,,,와이드핏,,,,
fashion200k_bottoms/images/89555431_0.jpeg,val,,,,,팬츠,하렘 팬츠,,,플리츠·턱,,,,,,,,,,,,
fashion200k_bottoms/images/89558829_0.jpeg,train,,,,,팬츠,,스트레이트,,,,,,,,,,스트레이트핏,,,,
fashion200k_bottoms/images/89560852_0.jpeg,train,,,,,팬츠,하렘 팬츠,,,,,,,,,,,,,,,
fashion200k_bottoms/images/89561048_0.jpeg,train,,,,,팬츠,카고 팬츠,,풀렝스,카고 포켓,,,,롱·긴바지 기장,,,,,,,,
fashion200k_bottoms/images/89563002_0.jpeg,train,,,,,팬츠,카고 팬츠,스키니,,카고 포켓,,,,,,,,슬림핏,,,,
fashion200k_bottoms/images/89567399_0.jpeg,train,,,,,팬츠,,스키니,,,,,,,,,,슬림핏,,,,
fashion200k_bottoms/images/89567948_0.jpeg,train,,,,,팬츠,,페그,,,,,,,,,,테이퍼드핏,,,,
fashion200k_bottoms/images/89568914_0.jpeg,train,,,,,팬츠,,스키니,카프리·7부,,,,,미디·7부 기장,,,,슬림핏,,,,
fashion200k_bottoms/images/89572555_1.jpeg,train,,,,,팬츠,,와이드,,플리츠·턱,,,,,,,,와이드핏,,,,
fashion200k_bottoms/images/89578494_0.jpeg,train,,,,,팬츠,조거·스웨트팬츠,스키니,,,,,,,,,,슬림핏,,,,
fashion200k_bottoms/images/89582635_0.jpeg,train,,,,,팬츠,하렘 팬츠,,,,,,,,,,,,,,,
fashion200k_bottoms/images/89583685_0.jpeg,train,,,,,팬츠,,와이드,,플리츠·턱,,,,,,,,와이드핏,,,,
fashion200k_bottoms/images/89591800_0.jpeg,train,,,,,팬츠,조거·스웨트팬츠,,풀렝스,,,,,롱·긴바지 기장,,,,,,,,
fashion200k_bottoms/images/89594169_1.jpeg,val,,,,,팬츠,,팔라초,,,,,,,,,,와이드핏,,,,
fashion200k_bottoms/images/89596138_0.jpeg,train,,,,,팬츠,,와이드,,밑단 커프,,,,,,,,와이드핏,,,,
fashion200k_bottoms/images/89597211_1.jpeg,val,,,,,팬츠,,팔라초,,,,,,,,,,와이드핏,,,,
fashion200k_bottoms/images/89598701_0.jpeg,train,,,,,팬츠,,플레어,,,,,,,,,,플레어핏,,,,
fashion200k_bottoms/images/89602232_0.jpeg,val,,,,,팬츠,트랙팬츠,,풀렝스,,,,,롱·긴바지 기장,,,,,,,,
fashion200k_bottoms/images/89605602_0.jpeg,train,,,,,팬츠,슬랙스,스키니,,,,,,,,,,슬림핏,,,,
fashion200k_bottoms/images/89606145_0.jpeg,val,,,,,팬츠,,와이드,,플리츠·턱,,,,,,,,와이드핏,,,,
fashion200k_bottoms/images/89606779_0.jpeg,train,,,,,팬츠,,플레어,풀렝스,,,,,롱·긴바지 기장,,,,플레어핏,,,,
fashion200k_bottoms/images/89606835_0.jpeg,train,,,,,팬츠,조거·스웨트팬츠,,풀렝스,,,,,롱·긴바지 기장,,,,,,,,
fashion200k_bottoms/images/89607893_0.jpeg,train,,,,,팬츠,,와이드,,플리츠·턱,,,,,,,,와이드핏,,,,
fashion200k_bottoms/images/89607988_0.jpeg,train,,,,,팬츠,하렘 팬츠,,,,,,,,,,,,,,,
fashion200k_bottoms/images/89608202_0.jpeg,train,,,,,팬츠,,테이퍼드,,,,,,,,,,테이퍼드핏,,,,
fashion200k_bottoms/images/89609216_0.jpeg,train,,,,,팬츠,,,풀렝스,플리츠·턱,,,,롱·긴바지 기장,,,,,,,,
fashion200k_bottoms/images/89609264_0.jpeg,val,,,,,팬츠,하렘 팬츠,,,,,,,,,,,,,,,
fashion200k_bottoms/images/89609394_0.jpeg,train,,,,,팬츠,레깅스,,,,,,,,,,,,,,,
fashion200k_bottoms/images/89609909_0.jpeg,train,,,,,팬츠,,스키니,,,,,,,,,,슬림핏,,,,
fashion200k_bottoms/images/89610157_0.jpeg,train,,,,,팬츠,,플레어,,,,,,,,,,플레어핏,,,,
fashion200k_bottoms/images/89610449_0.jpeg,train,,,,,팬츠,,팔라초,,,,,,,,,,와이드핏,,,,
fashion200k_bottoms/images/89610935_0.jpeg,train,,,,,팬츠,,와이드,풀렝스,,,,,롱·긴바지 기장,,,,와이드핏,,,,
fashion200k_bottoms/images/89612088_0.jpeg,val,,,,,팬츠,,스키니,,,,,,,,,,슬림핏,,,,
fashion200k_bottoms/images/89613014_0.jpeg,train,,,,,팬츠,조거·스웨트팬츠,,풀렝스,,,,,롱·긴바지 기장,,,,,,,,
fashion200k_bottoms/images/89613113_0.jpeg,train,,,,,팬츠,,스키니,,,,,,,,,,슬림핏,,,,
fashion200k_bottoms/images/89613319_0.jpeg,train,,,,,팬츠,,테이퍼드,풀렝스,,,,,롱·긴바지 기장,,,,테이퍼드핏,,,,
fashion200k_bottoms/images/89613394_0.jpeg,val,,,,,팬츠,레깅스,스키니,,,,,,,,,,슬림핏,,,,
fashion200k_bottoms/images/89614148_0.jpeg,train,,,,,팬츠,슬랙스,와이드,,,,,,,,,,와이드핏,,,,
fashion200k_bottoms/images/89614229_0.jpeg,val,,,,,팬츠,치노 팬츠,,풀렝스,,,,,롱·긴바지 기장,,,,,,,,
fashion200k_bottoms/images/89614936_0.jpeg,train,,,,,팬츠,,스키니,,,,,,,,,,슬림핏,,,,
fashion200k_bottoms/images/89615158_0.jpeg,val,,,,,팬츠,조거·스웨트팬츠,,,,,,,,,,,,,,,
fashion200k_bottoms/images/89615223_0.jpeg,val,,,,,팬츠,,플레어,풀렝스,,,,,롱·긴바지 기장,,,,플레어핏,,,,
fashion200k_bottoms/images/89615694_0.jpeg,train,,,,,팬츠,하렘 팬츠,,,,,,,,,,,,,,,
fashion200k_bottoms/images/89615695_0.jpeg,train,,,,,팬츠,조거·스웨트팬츠,,,,,,,,,,,,,,,
fashion200k_bottoms/images/89615789_0.jpeg,val,,,,,팬츠,,와이드,,플리츠·턱,,,,,,,,와이드핏,,,,
fashion200k_bottoms/images/89616035_0.jpeg,train,,,,,팬츠,조거·스웨트팬츠,와이드,,,,,,,,,,와이드핏,,,,
fashion200k_bottoms/images/89616483_0.jpeg,val,,,,,팬츠,조거·스웨트팬츠,,,,,,,,,,,,,,,
fashion200k_bottoms/images/89616598_0.jpeg,train,,,,,팬츠,하렘 팬츠,,,,,,,,,,,,,,,
fashion200k_bottoms/images/89617040_0.jpeg,val,,,,,팬츠,,와이드,,,,,,,,,,와이드핏,,,,
fashion200k_bottoms/images/89617694_0.jpeg,train,,,,,팬츠,하렘 팬츠,,,,,,,,,,,,,,,
fashion200k_bottoms/images/89617814_0.jpeg,train,,,,,팬츠,,와이드,,,,,,,,,,와이드핏,,,,
fashion200k_bottoms/images/89617864_1.jpeg,train,,,,,팬츠,,와이드,,플리츠·턱,,,,,,,,와이드핏,,,,
fashion200k_bottoms/images/89618047_0.jpeg,val,,,,,팬츠,조거·스웨트팬츠,,,,,,,,,,,,,,,
fashion200k_bottoms/images/89618285_0.jpeg,train,,,,,팬츠,조거·스웨트팬츠,,풀렝스,,,,,롱·긴바지 기장,,,,,,,,
fashion200k_bottoms/images/89618480_0.jpeg,train,,,,,팬츠,슬랙스,와이드,,,,,,,,,,와이드핏,,,,
fashion200k_bottoms/images/89618784_0.jpeg,train,,,,,팬츠,조거·스웨트팬츠,,,,,,,,,,,,,,,
fashion200k_bottoms/images/89618790_0.jpeg,train,,,,,팬츠,,스키니,,,,,,,,,,슬림핏,,,,
fashion200k_bottoms/images/89618810_0.jpeg,val,,,,,팬츠,슬랙스,와이드,,,,,,,,,,와이드핏,,,,
fashion200k_bottoms/images/89619199_0.jpeg,train,,,,,팬츠,조거·스웨트팬츠,스트레이트,,,,,,,,,,스트레이트핏,,,,
fashion200k_bottoms/images/89619419_1.jpeg,train,,,,,팬츠,,와이드,,플리츠·턱,,,,,,,,와이드핏,,,,
fashion200k_bottoms/images/89619462_0.jpeg,val,,,,,팬츠,조거·스웨트팬츠,,풀렝스,,,,,롱·긴바지 기장,,,,,,,,
fashion200k_bottoms/images/89619705_0.jpeg,val,,,,,팬츠,하렘 팬츠,,,,,,,,,,,,,,,
fashion200k_bottoms/images/89619715_0.jpeg,val,,,,,팬츠,,테이퍼드,풀렝스,,,,,롱·긴바지 기장,,,,테이퍼드핏,,,,
fashion200k_bottoms/images/89620204_0.jpeg,train,,,,,팬츠,조거·스웨트팬츠,스트레이트,,,,,,,,,,스트레이트핏,,,,
fashion200k_bottoms/images/89620602_0.jpeg,val,,,,,팬츠,,스키니,,,,,,,,,,슬림핏,,,,
fashion200k_bottoms/images/89621400_0.jpeg,train,,,,,팬츠,레깅스,,,,,,,,,,,,,,,
fashion200k_bottoms/images/89622170_0.jpeg,train,,,,,팬츠,조거·스웨트팬츠,스키니,,,,,,,,,,슬림핏,,,,
fashion200k_bottoms/images/89622469_0.jpeg,train,,,,,팬츠,하렘 팬츠,,,,,,,,,,,,,,,
fashion200k_bottoms/images/89623023_0.jpeg,train,,,,,팬츠,,스키니,,,,,,,,,,슬림핏,,,,
fashion200k_bottoms/images/89625183_2.jpeg,val,,,,,팬츠,,팔라초,,,,,,,,,,와이드핏,,,,
fashion200k_bottoms/images/89628399_0.jpeg,train,,,,,팬츠,조거·스웨트팬츠,,,,,,,,,,,,,,,
fashion200k_bottoms/images/89628417_0.jpeg,val,,,,,팬츠,,스키니,,,,,,,,,,슬림핏,,,,
fashion200k_bottoms/images/89630891_0.jpeg,train,,,,,팬츠,,와이드,,,,,,,,,,와이드핏,,,,
fashion200k_bottoms/images/89634718_1.jpeg,train,,,,,팬츠,,와이드,,,,,,,,,,와이드핏,,,,
fashion200k_bottoms/images/89635254_0.jpeg,train,,,,,팬츠,카고 팬츠,스키니,,카고 포켓,,,,,,,,슬림핏,,,,
fashion200k_bottoms/images/89641134_0.jpeg,val,,,,,팬츠,,스키니,,,,,,,,,,슬림핏,,,,
fashion200k_bottoms/images/89641478_0.jpeg,train,,,,,팬츠,조거·스웨트팬츠,스키니,,,,,,,,,,슬림핏,,,,
fashion200k_bottoms/images/89642195_0.jpeg,train,,,,,팬츠,슬랙스,스트레이트,,,,,,,,,,스트레이트핏,,,,
fashion200k_bottoms/images/89642278_1.jpeg,train,,,,,팬츠,,팔라초,,,,,,,,,,와이드핏,,,,
fashion200k_bottoms/images/89642714_0.jpeg,train,,,,,팬츠,,테이퍼드,,,,,,,,,,테이퍼드핏,,,,
fashion200k_bottoms/images/89642846_0.jpeg,train,,,,,팬츠,,팔라초,,,,,,,,,,와이드핏,,,,
fashion200k_bottoms/images/89643486_0.jpeg,train,,,,,팬츠,슬랙스,,풀렝스,,,,,롱·긴바지 기장,,,,,,,,
fashion200k_bottoms/images/89643551_0.jpeg,train,,,,,팬츠,,스트레이트,,,,,,,,,,스트레이트핏,,,,
fashion200k_bottoms/images/89646477_0.jpeg,train,,,,,팬츠,,와이드,,,,,,,,,,와이드핏,,,,
fashion200k_bottoms/images/89649446_0.jpeg,train,,,,,팬츠,카고 팬츠,스트레이트,,카고 포켓,,,,,,,,스트레이트핏,,,,
fashion200k_bottoms/images/89651688_2.jpeg,train,,,,,팬츠,,스트레이트,,,,,,,,,,스트레이트핏,,,,
fashion200k_bottoms/images/89652155_0.jpeg,train,,,,,팬츠,카고 팬츠,스키니,,카고 포켓,,,,,,,,슬림핏,,,,
fashion200k_bottoms/images/89657564_0.jpeg,train,,,,,팬츠,조거·스웨트팬츠,테이퍼드,풀렝스,,,,,롱·긴바지 기장,,,,테이퍼드핏,,,,
fashion200k_bottoms/images/89661244_0.jpeg,train,,,,,팬츠,,와이드,풀렝스,,,,,롱·긴바지 기장,,,,와이드핏,,,,
fashion200k_bottoms/images/89661363_0.jpeg,train,,,,,팬츠,조거·스웨트팬츠,,,,,,,,,,,,,,,
fashion200k_bottoms/images/89662222_0.jpeg,train,,,,,팬츠,레깅스,,,,,,,,,,,,,,,
fashion200k_bottoms/images/89662498_0.jpeg,train,,,,,팬츠,,와이드,,,,,,,,,,와이드핏,,,,
fashion200k_bottoms/images/89662986_0.jpeg,val,,,,,팬츠,,스키니,,,,,,,,,,슬림핏,,,,
fashion200k_bottoms/images/89667408_0.jpeg,train,,,,,팬츠,,플레어,,,,,,,,,,플레어핏,,,,
fashion200k_bottoms/images/89667986_1.jpeg,train,,,,,팬츠,,스키니,,,,,,,,,,슬림핏,,,,
fashion200k_bottoms/images/89668180_0.jpeg,train,,,,,팬츠,,와이드,풀렝스,,,,,롱·긴바지 기장,,,,와이드핏,,,,
fashion200k_bottoms/images/89669060_0.jpeg,train,,,,,팬츠,,팔라초,,,,,,,,,,와이드핏,,,,
fashion200k_bottoms/images/89670147_0.jpeg,val,,,,,팬츠,,와이드,,플리츠·턱,,,,,,,,와이드핏,,,,
fashion200k_bottoms/images/89680465_0.jpeg,train,,,,,팬츠,레깅스,,카프리·7부,,,,,미디·7부 기장,,,,,,,,
fashion200k_bottoms/images/89680975_0.jpeg,val,,,,,팬츠,,스키니,,밑단 커프,,,,,,,,슬림핏,,,,
fashion200k_bottoms/images/89684307_0.jpeg,train,,,,,팬츠,,스키니,,5포켓,,,,,,,,슬림핏,,,,
fashion200k_bottoms/images/89686189_1.jpeg,val,,,,,팬츠,하렘 팬츠,,,,,,,,,,,,,,,
fashion200k_bottoms/images/89686387_0.jpeg,train,,,,,팬츠,,와이드,,,,,,,,,,와이드핏,,,,
fashion200k_bottoms/images/89686632_0.jpeg,train,,,,,팬츠,레깅스,스키니,카프리·7부,,,,,미디·7부 기장,,,,슬림핏,,,,
fashion200k_bottoms/images/89686638_0.jpeg,train,,,,,팬츠,,플레어,,,,,,,,,,플레어핏,,,,
fashion200k_bottoms/images/89687241_0.jpeg,train,,,,,팬츠,슬랙스,스트레이트,,,,,,,,,,스트레이트핏,,,,
fashion200k_bottoms/images/89689266_0.jpeg,train,,,,,팬츠,하렘 팬츠,,,,,,,,,,,,,,,
fashion200k_bottoms/images/89689535_0.jpeg,train,,,,,팬츠,,와이드,,,,,,,,,,와이드핏,,,,
fashion200k_bottoms/images/89691423_0.jpeg,train,,,,,팬츠,,테이퍼드,,,,,,,,,,테이퍼드핏,,,,
fashion200k_bottoms/images/89695904_0.jpeg,train,,,,,팬츠,,,풀렝스,,,,,롱·긴바지 기장,,,,,,,,
fashion200k_bottoms/images/89698679_0.jpeg,val,,,,,팬츠,,,풀렝스,,,,,롱·긴바지 기장,,,,,,,,
fashion200k_bottoms/images/89703244_0.jpeg,val,,,,,팬츠,하렘 팬츠,스트레이트,,,,,,,,,,스트레이트핏,,,,
fashion200k_bottoms/images/89706398_1.jpeg,train,,,,,팬츠,,팔라초,,플리츠·턱,,,,,,,,와이드핏,,,,
fashion200k_bottoms/images/89715875_0.jpeg,train,,,,,팬츠,,,풀렝스,,,,,롱·긴바지 기장,,,,,,,,
fashion200k_bottoms/images/89716090_0.jpeg,train,,,,,팬츠,레깅스,,카프리·7부,,,,,미디·7부 기장,,,,,,,,
fashion200k_bottoms/images/89717463_0.jpeg,train,,,,,팬츠,하렘 팬츠,,,,,,,,,,,,,,,
fashion200k_bottoms/images/89722756_2.jpeg,train,,,,,팬츠,,와이드,,,,,,,,,,와이드핏,,,,
fashion200k_bottoms/images/89725168_0.jpeg,train,,,,,팬츠,,스키니,,밴딩 허리,,,,,,,,슬림핏,,,,
fashion200k_bottoms/images/89726980_0.jpeg,train,,,,,팬츠,치노 팬츠,스트레이트,,,,,,,,,,스트레이트핏,,,,
fashion200k_bottoms/images/89731490_1.jpeg,train,,,,,팬츠,,와이드,,플리츠·턱,,,,,,,,와이드핏,,,,
fashion200k_bottoms/images/89732869_0.jpeg,train,,,,,팬츠,조거·스웨트팬츠,스트레이트,,,,,,,,,,스트레이트핏,,,,
fashion200k_bottoms/images/89734261_0.jpeg,train,,,,,팬츠,,플레어,,,,,,,,,,플레어핏,,,,
fashion200k_bottoms/images/89736161_1.jpeg,train,,,,,팬츠,하렘 팬츠,,,,,,,,,,,,,,,
fashion200k_bottoms/images/89737488_0.jpeg,train,,,,,팬츠,하렘 팬츠,,,,,,,,,,,,,,,
fashion200k_bottoms/images/89737808_0.jpeg,train,,,,,팬츠,,와이드,,,,,,,,,,와이드핏,,,,
fashion200k_bottoms/images/89746955_0.jpeg,train,,,,,팬츠,,플레어,,,,,,,,,,플레어핏,,,,
fashion200k_bottoms/images/89759945_0.jpeg,train,,,,,팬츠,,,풀렝스,,,,,롱·긴바지 기장,,,,,,,,
fashion200k_bottoms/images/89768890_0.jpeg,train,,,,,팬츠,,,풀렝스,,,,,롱·긴바지 기장,,,,,,,,
fashion200k_bottoms/images/89769293_0.jpeg,val,,,,,팬츠,레깅스,,,,,,,,,,,,,,,
fashion200k_bottoms/images/89770388_0.jpeg,train,,,,,팬츠,,와이드,,,,,,,,,,와이드핏,,,,
fashion200k_bottoms/images/89773856_0.jpeg,train,,,,,팬츠,,와이드,,플리츠·턱,,,,,,,,와이드핏,,,,
fashion200k_bottoms/images/89777329_0.jpeg,train,,,,,팬츠,슬랙스,스트레이트,,,,,,,,,,스트레이트핏,,,,
fashion200k_bottoms/images/89779613_0.jpeg,train,,,,,팬츠,,스트레이트,,,,,,,,,,스트레이트핏,,,,
fashion200k_bottoms/images/89782156_0.jpeg,val,,,,,팬츠,,,풀렝스,,,,,롱·긴바지 기장,,,,,,,,
fashion200k_bottoms/images/89784788_0.jpeg,train,,,,,팬츠,레깅스,,,,,,,,,,,,,,,
fashion200k_bottoms/images/89785135_2.jpeg,train,,,,,팬츠,,플레어,풀렝스,,,,,롱·긴바지 기장,,,,플레어핏,,,,
fashion200k_bottoms/images/89785559_0.jpeg,train,,,,,팬츠,,플레어,풀렝스,,,,,롱·긴바지 기장,,,,플레어핏,,,,
fashion200k_bottoms/images/89794767_0.jpeg,train,,,,,팬츠,,스트레이트,,,,,,,,,,스트레이트핏,,,,
fashion200k_bottoms/images/89797179_0.jpeg,train,,,,,팬츠,,와이드,,,,,,,,,,와이드핏,,,,
fashion200k_bottoms/images/89797315_0.jpeg,train,,,,,팬츠,슬랙스,플레어,,,,,,,,,,플레어핏,,,,
fashion200k_bottoms/images/89798533_0.jpeg,train,,,,,팬츠,하렘 팬츠,,,,,,,,,,,,,,,
fashion200k_bottoms/images/89802664_0.jpeg,train,,,,,팬츠,,스키니,,,,,,,,,,슬림핏,,,,
fashion200k_bottoms/images/89803122_0.jpeg,train,,,,,팬츠,,스키니,,,,,,,,,,슬림핏,,,,
fashion200k_bottoms/images/89804424_0.jpeg,train,,,,,팬츠,,와이드,,,,,,,,,,와이드핏,,,,
fashion200k_bottoms/images/89805323_0.jpeg,train,,,,,팬츠,,,풀렝스,,,,,롱·긴바지 기장,,,,,,,,
fashion200k_bottoms/images/89807618_0.jpeg,train,,,,,팬츠,슬랙스,스트레이트,,,,,,,,,,스트레이트핏,,,,
fashion200k_bottoms/images/89808321_0.jpeg,train,,,,,팬츠,레깅스,스키니,,,,,,,,,,슬림핏,,,,
fashion200k_bottoms/images/89817423_0.jpeg,val,,,,,팬츠,하렘 팬츠,,,,,,,,,,,,,,,
fashion200k_bottoms/images/89818247_0.jpeg,train,,,,,팬츠,,페그,풀렝스,,,,,롱·긴바지 기장,,,,테이퍼드핏,,,,
fashion200k_bottoms/images/89823303_0.jpeg,train,,,,,팬츠,,스키니,,,,,,,,,,슬림핏,,,,
fashion200k_bottoms/images/89826311_0.jpeg,train,,,,,팬츠,하렘 팬츠,,,,,,,,,,,,,,,
fashion200k_bottoms/images/89830857_0.jpeg,train,,,,,팬츠,,테이퍼드,,,,,,,,,,테이퍼드핏,,,,
fashion200k_bottoms/images/89834874_0.jpeg,val,,,,,팬츠,,테이퍼드,,,,,,,,,,테이퍼드핏,,,,
fashion200k_bottoms/images/89834961_0.jpeg,val,,,,,팬츠,,,풀렝스,,,,,롱·긴바지 기장,,,,,,,,
fashion200k_bottoms/images/89835584_0.jpeg,val,,,,,팬츠,하렘 팬츠,,,,,,,,,,,,,,,
fashion200k_bottoms/images/89836990_2.jpeg,train,,,,,팬츠,레깅스,,카프리·7부,,,,,미디·7부 기장,,,,,,,,
fashion200k_bottoms/images/89838148_0.jpeg,train,,,,,팬츠,,페그,,,,,,,,,,테이퍼드핏,,,,
fashion200k_bottoms/images/89841857_2.jpeg,train,,,,,팬츠,,팔라초,,,,,,,,,,와이드핏,,,,
fashion200k_bottoms/images/89846330_2.jpeg,train,,,,,팬츠,,팔라초,,,,,,,,,,와이드핏,,,,
fashion200k_bottoms/images/89852697_0.jpeg,val,,,,,팬츠,,스트레이트,,,,,,,,,,스트레이트핏,,,,
fashion200k_bottoms/images/89854513_0.jpeg,train,,,,,팬츠,트랙팬츠,,풀렝스,,,,,롱·긴바지 기장,,,,,,,,
fashion200k_bottoms/images/89856493_0.jpeg,val,,,,,팬츠,,와이드,,,,,,,,,,와이드핏,,,,
fashion200k_bottoms/images/89857589_0.jpeg,train,,,,,팬츠,,스키니,,,,,,,,,,슬림핏,,,,
fashion200k_bottoms/images/89858140_0.jpeg,val,,,,,팬츠,,와이드,,드로스트링,,,,,,,,와이드핏,,,,
fashion200k_bottoms/images/89859913_0.jpeg,val,,,,,팬츠,하렘 팬츠,,,플리츠·턱,,,,,,,,,,,,
fashion200k_bottoms/images/89862183_0.jpeg,train,,,,,팬츠,,와이드,,플리츠·턱,,,,,,,,와이드핏,,,,
fashion200k_bottoms/images/89863504_2.jpeg,val,,,,,팬츠,조거·스웨트팬츠,스트레이트,,,,,,,,,,스트레이트핏,,,,
fashion200k_bottoms/images/89864040_1.jpeg,train,,,,,팬츠,,스트레이트,,,,,,,,,,스트레이트핏,,,,
fashion200k_bottoms/images/89869889_0.jpeg,train,,,,,팬츠,,테이퍼드,,,,,,,,,,테이퍼드핏,,,,
fashion200k_bottoms/images/89873398_0.jpeg,train,,,,,팬츠,요가 팬츠,,,,,,,,,,,,,,,
fashion200k_bottoms/images/89875594_0.jpeg,train,,,,,팬츠,,와이드,,,,,,,,,,와이드핏,,,,
fashion200k_bottoms/images/89876547_0.jpeg,train,,,,,팬츠,,와이드,,,,,,,,,,와이드핏,,,,
fashion200k_bottoms/images/89884580_1.jpeg,val,,,,,팬츠,,스키니,,,,,,,,,,슬림핏,,,,
fashion200k_bottoms/images/89884671_0.jpeg,train,,,,,팬츠,,와이드,,플리츠·턱,,,,,,,,와이드핏,,,,
fashion200k_bottoms/images/89887423_0.jpeg,train,,,,,팬츠,레깅스,스키니,,,,,,,,,,슬림핏,,,,
fashion200k_bottoms/images/89888963_1.jpeg,val,,,,,팬츠,,플레어,,,,,,,,,,플레어핏,,,,
fashion200k_bottoms/images/89889493_0.jpeg,train,,,,,팬츠,조거·스웨트팬츠,스트레이트,,,,,,,,,,스트레이트핏,,,,
fashion200k_bottoms/images/89889782_0.jpeg,train,,,,,팬츠,트랙팬츠,테이퍼드,,,,,,,,,,테이퍼드핏,,,,
fashion200k_bottoms/images/89891800_0.jpeg,train,,,,,팬츠,치노 팬츠,스키니,,,,,,,,,,슬림핏,,,,
fashion200k_bottoms/images/89892080_0.jpeg,val,,,,,팬츠,치노 팬츠,부츠컷,풀렝스,,,,,롱·긴바지 기장,,,,플레어핏,,,,
fashion200k_bottoms/images/89893762_0.jpeg,val,,,,,팬츠,하렘 팬츠,,,,,,,,,,,,,,,
fashion200k_bottoms/images/89895409_1.jpeg,train,,,,,팬츠,트랙팬츠,테이퍼드,,,,,,,,,,테이퍼드핏,,,,
fashion200k_bottoms/images/89895764_0.jpeg,val,,,,,팬츠,조거·스웨트팬츠,,풀렝스,,,,,롱·긴바지 기장,,,,,,,,
fashion200k_bottoms/images/89895996_0.jpeg,train,,,,,팬츠,트랙팬츠,,풀렝스,,,,,롱·긴바지 기장,,,,,,,,
fashion200k_bottoms/images/89896354_0.jpeg,train,,,,,팬츠,,와이드,,,,,,,,,,와이드핏,,,,
fashion200k_bottoms/images/89896765_0.jpeg,train,,,,,팬츠,,와이드,,사이드 스트라이프,,,,,,,,와이드핏,,,,
fashion200k_bottoms/images/89898387_0.jpeg,train,,,,,팬츠,조거·스웨트팬츠,스키니,,,,,,,,,,슬림핏,,,,
fashion200k_bottoms/images/89901383_0.jpeg,train,,,,,팬츠,,부츠컷,,,,,,,,,,플레어핏,,,,
fashion200k_bottoms/images/89901480_0.jpeg,train,,,,,팬츠,,와이드,,,,,,,,,,와이드핏,,,,
fashion200k_bottoms/images/89902477_0.jpeg,train,,,,,팬츠,,,풀렝스,,,,,롱·긴바지 기장,,,,,,,,
fashion200k_bottoms/images/89924605_0.jpeg,train,,,,,팬츠,,스트레이트,,,,,,,,,,스트레이트핏,,,,
fashion200k_bottoms/images/89929054_0.jpeg,train,,,,,팬츠,레깅스,,,사이드 스트라이프,,,,,,,,,,,,
fashion200k_bottoms/images/89932893_0.jpeg,train,,,,,팬츠,조거·스웨트팬츠,스키니,,,,,,,,,,슬림핏,,,,
fashion200k_bottoms/images/89932918_0.jpeg,train,,,,,팬츠,,와이드,,,,,,,,,,와이드핏,,,,
fashion200k_bottoms/images/89932980_0.jpeg,train,,,,,팬츠,조거·스웨트팬츠,,풀렝스,,,,,롱·긴바지 기장,,,,,,,,
fashion200k_bottoms/images/89933456_0.jpeg,train,,,,,팬츠,,스키니,,,,,,,,,,슬림핏,,,,
fashion200k_bottoms/images/89934096_0.jpeg,val,,,,,팬츠,,플레어,,,,,,,,,,플레어핏,,,,
fashion200k_bottoms/images/89935086_0.jpeg,train,,,,,팬츠,,스키니,,,,,,,,,,슬림핏,,,,
fashion200k_bottoms/images/89935196_0.jpeg,val,,,,,팬츠,,페그,,,,,,,,,,테이퍼드핏,,,,
fashion200k_bottoms/images/89943771_0.jpeg,train,,,,,팬츠,하렘 팬츠,,,,,,,,,,,,,,,
fashion200k_bottoms/images/89952526_0.jpeg,train,,,,,팬츠,,테이퍼드,,,,,,,,,,테이퍼드핏,,,,
fashion200k_bottoms/images/89954751_0.jpeg,train,,,,,팬츠,,와이드,,드로스트링,,,,,,,,와이드핏,,,,
fashion200k_bottoms/images/89957406_0.jpeg,train,,,,,청바지,청바지,스트레이트,,,,,,,,,,스트레이트핏,,,데님,
fashion200k_bottoms/images/89957599_1.jpeg,train,,,,,팬츠,하렘 팬츠,테이퍼드,,,,,,,,,,테이퍼드핏,,,,
fashion200k_bottoms/images/89957824_1.jpeg,val,,,,,팬츠,하렘 팬츠,테이퍼드,,,,,,,,,,테이퍼드핏,,,,
fashion200k_bottoms/images/89957932_0.jpeg,val,,,,,팬츠,카고 팬츠,스트레이트,,카고 포켓,,,,,,,,스트레이트핏,,,,
fashion200k_bottoms/images/89958030_1.jpeg,train,,,,,팬츠,,와이드,,,,,,,,,,와이드핏,,,,
fashion200k_bottoms/images/89958307_1.jpeg,train,,,,,팬츠,,스키니,,,,,,,,,,슬림핏,,,,
fashion200k_bottoms/images/89959676_0.jpeg,train,,,,,팬츠,,테이퍼드,,,,,,,,,,테이퍼드핏,,,,
fashion200k_bottoms/images/89959850_1.jpeg,train,,,,,팬츠,하렘 팬츠,테이퍼드,,,,,,,,,,테이퍼드핏,,,,
fashion200k_bottoms/images/89960134_0.jpeg,train,,,,,팬츠,트랙팬츠,스키니,,,,,,,,,,슬림핏,,,,
fashion200k_bottoms/images/89961114_3.jpeg,val,,,,,팬츠,하렘 팬츠,테이퍼드,,,,,,,,,,테이퍼드핏,,,,
fashion200k_bottoms/images/89964802_1.jpeg,train,,,,,팬츠,,테이퍼드,,,,,,,,,,테이퍼드핏,,,,
fashion200k_bottoms/images/89965072_0.jpeg,train,,,,,팬츠,,테이퍼드,,,,,,,,,,테이퍼드핏,,,,
fashion200k_bottoms/images/89965851_0.jpeg,train,,,,,팬츠,,테이퍼드,,,,,,,,,,테이퍼드핏,,,,
fashion200k_bottoms/images/89965866_1.jpeg,train,,,,,팬츠,,테이퍼드,,,,,,,,,,테이퍼드핏,,,,
fashion200k_bottoms/images/89966468_2.jpeg,val,,,,,팬츠,,스키니,,,,,,,,,,슬림핏,,,,
fashion200k_bottoms/images/89967835_0.jpeg,val,,,,,팬츠,슬랙스,스키니,풀렝스,,,,,롱·긴바지 기장,,,,슬림핏,,,,
fashion200k_bottoms/images/89970148_0.jpeg,train,,,,,팬츠,조거·스웨트팬츠,,,,,,,,,,,,,,,
fashion200k_bottoms/images/89972253_0.jpeg,val,,,,,팬츠,,부츠컷,,,,,,,,,,플레어핏,,,,
fashion200k_bottoms/images/89976657_0.jpeg,train,,,,,팬츠,하렘 팬츠,테이퍼드,,,,,,,,,,테이퍼드핏,,,,
fashion200k_bottoms/images/89978186_0.jpeg,train,,,,,팬츠,,,풀렝스,드로스트링,,,,롱·긴바지 기장,,,,,,,,
fashion200k_bottoms/images/89978680_0.jpeg,val,,,,,팬츠,카고 팬츠,스트레이트,,카고 포켓,,,,,,,,스트레이트핏,,,,
fashion200k_bottoms/images/89983469_0.jpeg,train,,,,,팬츠,,팔라초,,,,,,,,,,와이드핏,,,,
fashion200k_bottoms/images/89988306_0.jpeg,train,,,,,팬츠,,부츠컷,풀렝스,,,,,롱·긴바지 기장,,,,플레어핏,,,,
fashion200k_bottoms/images/90003397_0.jpeg,train,,,,,팬츠,하렘 팬츠,,,드로스트링,,,,,,,,,,,,
fashion200k_bottoms/images/90010901_0.jpeg,train,,,,,팬츠,,스트레이트,,드로스트링,,,,,,,,스트레이트핏,,,,
fashion200k_bottoms/images/90020445_1.jpeg,train,,,,,팬츠,치노 팬츠,스트레이트,,,,,,,,,,스트레이트핏,,,,
fashion200k_bottoms/images/90026803_0.jpeg,train,,,,,팬츠,,플레어,,,,,,,,,,플레어핏,,,,
fashion200k_bottoms/images/90027598_0.jpeg,train,,,,,팬츠,트랙팬츠,,풀렝스,,,,,롱·긴바지 기장,,,,,,,,
fashion200k_bottoms/images/90027650_0.jpeg,train,,,,,팬츠,,,풀렝스,,,,,롱·긴바지 기장,,,,,,,,
fashion200k_bottoms/images/90029391_0.jpeg,train,,,,,팬츠,하렘 팬츠,,,,,,,,,,,,,,,
fashion200k_bottoms/images/90029465_0.jpeg,train,,,,,팬츠,,스키니,,,,,,,,,,슬림핏,,,,
fashion200k_bottoms/images/90030118_0.jpeg,train,,,,,팬츠,,스키니,,,,,,,,,,슬림핏,,,,
fashion200k_bottoms/images/90030802_0.jpeg,train,,,,,팬츠,,스키니,,밑단 커프,,,,,,,,슬림핏,,,,
fashion200k_bottoms/images/90031006_0.jpeg,train,,,,,팬츠,하렘 팬츠,,,드로스트링,,,,,,,,,,,,
fashion200k_bottoms/images/90035779_0.jpeg,val,,,,,팬츠,트랙팬츠,,풀렝스,,,,,롱·긴바지 기장,,,,,,,,
fashion200k_bottoms/images/90040099_0.jpeg,train,,,,,팬츠,하렘 팬츠,,,,,,,,,,,,,,,
fashion200k_bottoms/images/90041248_0.jpeg,val,,,,,팬츠,하렘 팬츠,테이퍼드,,플리츠·턱,,,,,,,,테이퍼드핏,,,,
fashion200k_bottoms/images/90047960_0.jpeg,train,,,,,팬츠,,,풀렝스,드로스트링,,,,롱·긴바지 기장,,,,,,,,
fashion200k_bottoms/images/90048073_0.jpeg,val,,,,,팬츠,트랙팬츠,,풀렝스,,,,,롱·긴바지 기장,,,,,,,,
fashion200k_bottoms/images/90048301_0.jpeg,train,,,,,팬츠,슬랙스,스트레이트,,,,,,,,,,스트레이트핏,,,,
fashion200k_bottoms/images/90050152_0.jpeg,train,,,,,팬츠,,스키니,,,,,,,,,,슬림핏,,,,
fashion200k_bottoms/images/90050804_0.jpeg,train,,,,,팬츠,레깅스,,카프리·7부,,,,,미디·7부 기장,,,,,,,,
fashion200k_bottoms/images/90053059_1.jpeg,train,,,,,팬츠,하렘 팬츠,,,,,,,,,,,,,,,
fashion200k_bottoms/images/90056447_0.jpeg,train,,,,,팬츠,치노 팬츠,스키니,,,,,,,,,,슬림핏,,,,
fashion200k_bottoms/images/90057326_1.jpeg,train,,,,,팬츠,치노 팬츠,와이드,,,,,,,,,,와이드핏,,,,
fashion200k_bottoms/images/90059007_0.jpeg,train,,,,,청바지,청바지,스키니,,,,,,,,,,슬림핏,,,데님,
fashion200k_bottoms/images/90063244_0.jpeg,train,,,,,팬츠,,,풀렝스,,,,,롱·긴바지 기장,,,,,,,,
fashion200k_bottoms/images/90063552_0.jpeg,train,,,,,팬츠,,스키니,,,,,,,,,,슬림핏,,,,
fashion200k_bottoms/images/90064769_0.jpeg,train,,,,,팬츠,,스키니,풀렝스,,,,,롱·긴바지 기장,,,,슬림핏,,,,
fashion200k_bottoms/images/90066355_0.jpeg,train,,,,,팬츠,,부츠컷,,,,,,,,,,플레어핏,,,,
fashion200k_bottoms/images/90066488_0.jpeg,train,,,,,팬츠,,부츠컷,,,,,,,,,,플레어핏,,,,
fashion200k_bottoms/images/90067236_0.jpeg,val,,,,,팬츠,치노 팬츠,스키니,,,,,,,,,,슬림핏,,,,
fashion200k_bottoms/images/90068006_0.jpeg,val,,,,,팬츠,,스키니,풀렝스,,,,,롱·긴바지 기장,,,,슬림핏,,,,
fashion200k_bottoms/images/90068019_0.jpeg,train,,,,,팬츠,,스트레이트,,,,,,,,,,스트레이트핏,,,,
fashion200k_bottoms/images/90070620_0.jpeg,train,,,,,팬츠,,와이드,,드로스트링,,,,,,,,와이드핏,,,,
fashion200k_bottoms/images/90077043_0.jpeg,train,,,,,팬츠,,스키니,,,,,,,,,,슬림핏,,,,
fashion200k_bottoms/images/90080041_0.jpeg,train,,,,,팬츠,,스트레이트,,,,,,,,,,스트레이트핏,,,,
fashion200k_bottoms/images/90085765_0.jpeg,train,,,,,팬츠,치노 팬츠,스키니,,,,,,,,,,슬림핏,,,,
fashion200k_bottoms/images/90103939_0.jpeg,train,,,,,팬츠,레깅스,테이퍼드,,,,,,,,,,테이퍼드핏,,,,
fashion200k_bottoms/images/90107923_1.jpeg,train,,,,,팬츠,,팔라초,,플리츠·턱,,,,,,,,와이드핏,,,,
fashion200k_bottoms/images/90108158_0.jpeg,val,,,,,팬츠,하렘 팬츠,테이퍼드,,,,,,,,,,테이퍼드핏,,,,
fashion200k_bottoms/images/90109291_1.jpeg,train,,,,,팬츠,,팔라초,,플리츠·턱,,,,,,,,와이드핏,,,,
fashion200k_bottoms/images/90114129_0.jpeg,val,,,,,팬츠,,스키니,,,,,,,,,,슬림핏,,,,
fashion200k_bottoms/images/90116073_0.jpeg,val,,,,,팬츠,,플레어,풀렝스,,,,,롱·긴바지 기장,,,,플레어핏,,,,
fashion200k_bottoms/images/90116923_0.jpeg,val,,,,,팬츠,,팔라초,,,,,,,,,,와이드핏,,,,
fashion200k_bottoms/images/90120756_0.jpeg,val,,,,,팬츠,하렘 팬츠,,,플리츠·턱,,,,,,,,,,,,
fashion200k_bottoms/images/90120781_0.jpeg,train,,,,,팬츠,하렘 팬츠,,,플리츠·턱,,,,,,,,,,,,
fashion200k_bottoms/images/90121615_0.jpeg,train,,,,,팬츠,,와이드,,,,,,,,,,와이드핏,,,,
fashion200k_bottoms/images/90124036_0.jpeg,val,,,,,팬츠,,와이드,,플리츠·턱,,,,,,,,와이드핏,,,,
fashion200k_bottoms/images/90124190_1.jpeg,val,,,,,팬츠,,와이드,,,,,,,,,,와이드핏,,,,
fashion200k_bottoms/images/90125367_0.jpeg,train,,,,,팬츠,하렘 팬츠,,,,,,,,,,,,,,,
fashion200k_bottoms/images/90126965_0.jpeg,train,,,,,팬츠,카고 팬츠,,,카고 포켓,,,,,,,,,,,,
fashion200k_bottoms/images/90127493_0.jpeg,train,,,,,팬츠,,와이드,,,,,,,,,,와이드핏,,,,
fashion200k_bottoms/images/90127788_0.jpeg,val,,,,,팬츠,,와이드,,,,,,,,,,와이드핏,,,,
fashion200k_bottoms/images/90128727_0.jpeg,train,,,,,팬츠,,스트레이트,,플리츠·턱,,,,,,,,스트레이트핏,,,,
fashion200k_bottoms/images/90130164_0.jpeg,train,,,,,팬츠,,플레어,풀렝스,,,,,롱·긴바지 기장,,,,플레어핏,,,,
fashion200k_bottoms/images/90131868_0.jpeg,val,,,,,팬츠,,와이드,,,,,,,,,,와이드핏,,,,
fashion200k_bottoms/images/90133023_1.jpeg,train,,,,,팬츠,,팔라초,,,,,,,,,,와이드핏,,,,
fashion200k_bottoms/images/90136354_0.jpeg,train,,,,,팬츠,,스키니,,,,,,,,,,슬림핏,,,,
fashion200k_bottoms/images/90137024_1.jpeg,train,,,,,팬츠,,팔라초,,,,,,,,,,와이드핏,,,,
fashion200k_bottoms/images/90137464_0.jpeg,train,,,,,팬츠,,스키니,,드로스트링,,,,,,,,슬림핏,,,,
fashion200k_bottoms/images/90138785_0.jpeg,train,,,,,팬츠,,부츠컷,,,,,,,,,,플레어핏,,,,
fashion200k_bottoms/images/90140092_0.jpeg,train,,,,,팬츠,조거·스웨트팬츠,스키니,,,,,,,,,,슬림핏,,,,
fashion200k_bottoms/images/90140203_0.jpeg,train,,,,,팬츠,하렘 팬츠,,,,,,,,,,,,,,,
fashion200k_bottoms/images/90144851_0.jpeg,train,,,,,팬츠,,팔라초,,,,,,,,,,와이드핏,,,,
fashion200k_bottoms/images/90145270_0.jpeg,train,,,,,팬츠,,팔라초,,,,,,,,,,와이드핏,,,,
fashion200k_bottoms/images/90149191_0.jpeg,train,,,,,팬츠,슬랙스,와이드,,,,,,,,,,와이드핏,,,,
fashion200k_bottoms/images/90155180_0.jpeg,train,,,,,팬츠,,스키니,,,,,,,,,,슬림핏,,,,
fashion200k_bottoms/images/90156729_0.jpeg,train,,,,,팬츠,카고 팬츠,와이드,,카고 포켓,,,,,,,,와이드핏,,,,
fashion200k_bottoms/images/90156799_0.jpeg,train,,,,,팬츠,,플레어,,,,,,,,,,플레어핏,,,,
fashion200k_bottoms/images/90157586_0.jpeg,train,,,,,팬츠,,스키니,,,,,,,,,,슬림핏,,,,
fashion200k_bottoms/images/90163268_0.jpeg,train,,,,,팬츠,,팔라초,,,,,,,,,,와이드핏,,,,
fashion200k_bottoms/images/90163421_0.jpeg,train,,,,,팬츠,,팔라초,,,,,,,,,,와이드핏,,,,
fashion200k_bottoms/images/90164160_0.jpeg,train,,,,,팬츠,,플레어,,,,,,,,,,플레어핏,,,,
fashion200k_bottoms/images/90167274_0.jpeg,train,,,,,팬츠,,,크롭·앵클,,,,,미디·7부 기장,,,,,,,,
fashion200k_bottoms/images/90169639_0.jpeg,train,,,,,팬츠,,,크롭·앵클,,,,,미디·7부 기장,,,,,,,,
fashion200k_bottoms/images/90170095_0.jpeg,train,,,,,팬츠,,와이드,,,,,,,,,,와이드핏,,,,
fashion200k_bottoms/images/90170433_0.jpeg,train,,,,,팬츠,레깅스,,,,,,,,,,,,,,,
fashion200k_bottoms/images/90171776_0.jpeg,train,,,,,팬츠,,플레어,,,,,,,,,,플레어핏,,,,
fashion200k_bottoms/images/90172086_2.jpeg,train,,,,,팬츠,,와이드,,,,,,,,,,와이드핏,,,,
fashion200k_bottoms/images/90172640_0.jpeg,train,,,,,팬츠,,와이드,,,,,,,,,,와이드핏,,,,
fashion200k_bottoms/images/90176399_0.jpeg,train,,,,,팬츠,,와이드,,플리츠·턱,,,,,,,,와이드핏,,,,
fashion200k_bottoms/images/90176751_0.jpeg,train,,,,,팬츠,,스키니,,,,,,,,,,슬림핏,,,,
fashion200k_bottoms/images/90177871_0.jpeg,train,,,,,팬츠,카고 팬츠,플레어,,카고 포켓,,,,,,,,플레어핏,,,,
fashion200k_bottoms/images/90178916_1.jpeg,train,,,,,팬츠,,,크롭·앵클,플리츠·턱,,,,미디·7부 기장,,,,,,,,
fashion200k_bottoms/images/90178929_0.jpeg,train,,,,,팬츠,,와이드,,,,,,,,,,와이드핏,,,,
fashion200k_bottoms/images/90179031_0.jpeg,train,,,,,청바지,청바지,스키니,,,,,,,,,,슬림핏,,,데님,
fashion200k_bottoms/images/90179247_0.jpeg,val,,,,,팬츠,하렘 팬츠,,,,,,,,,,,,,,,
fashion200k_bottoms/images/90181323_0.jpeg,train,,,,,청바지,청바지,스키니,,,,,,,,,,슬림핏,,,데님,
fashion200k_bottoms/images/90183205_0.jpeg,train,,,,,팬츠,,팔라초,크롭·앵클,,,,,미디·7부 기장,,,,와이드핏,,,,
fashion200k_bottoms/images/90183655_0.jpeg,train,,,,,팬츠,,플레어,,,,,,,,,,플레어핏,,,,
fashion200k_bottoms/images/90185066_0.jpeg,train,,,,,팬츠,,팔라초,크롭·앵클,,,,,미디·7부 기장,,,,와이드핏,,,,
fashion200k_bottoms/images/90189003_0.jpeg,val,,,,,팬츠,,스키니,,,,,,,,,,슬림핏,,,,
fashion200k_bottoms/images/90190946_1.jpeg,train,,,,,팬츠,카고 팬츠,스트레이트,,카고 포켓,,,,,,,,스트레이트핏,,,,
fashion200k_bottoms/images/90190956_0.jpeg,train,,,,,팬츠,,와이드,,,,,,,,,,와이드핏,,,,
fashion200k_bottoms/images/90191295_0.jpeg,train,,,,,팬츠,슬랙스,,풀렝스,,,,,롱·긴바지 기장,,,,,,,,
fashion200k_bottoms/images/90191613_0.jpeg,train,,,,,팬츠,,스키니,,,,,,,,,,슬림핏,,,,
fashion200k_bottoms/images/90191671_0.jpeg,train,,,,,팬츠,,팔라초,,,,,,,,,,와이드핏,,,,
fashion200k_bottoms/images/90193778_0.jpeg,train,,,,,팬츠,,스키니,,,,,,,,,,슬림핏,,,,
fashion200k_bottoms/images/90193838_0.jpeg,train,,,,,팬츠,조거·스웨트팬츠,스키니,,,,,,,,,,슬림핏,,,,
fashion200k_bottoms/images/90194243_0.jpeg,val,,,,,팬츠,세일러 팬츠,와이드,,,,,,,,,,와이드핏,,,,
fashion200k_bottoms/images/90197475_0.jpeg,train,,,,,청바지,청바지,부츠컷,,,,,,,,,,플레어핏,,,데님,
fashion200k_bottoms/images/90199597_0.jpeg,val,,,,,팬츠,조거·스웨트팬츠,,풀렝스,,,,,롱·긴바지 기장,,,,,,,,
fashion200k_bottoms/images/90200414_0.jpeg,train,,,,,팬츠,레깅스,,카프리·7부,,,,,미디·7부 기장,,,,,,,,
fashion200k_bottoms/images/90201045_0.jpeg,val,,,,,팬츠,,팔라초,,,,,,,,,,와이드핏,,,,
fashion200k_bottoms/images/90202847_0.jpeg,train,,,,,팬츠,치노 팬츠,,크롭·앵클,,,,,미디·7부 기장,,,,,,,,
fashion200k_bottoms/images/90205093_0.jpeg,val,,,,,팬츠,,,크롭·앵클,,,,,미디·7부 기장,,,,,,,,
fashion200k_bottoms/images/90205814_0.jpeg,train,,,,,팬츠,,와이드,,,,,,,,,,와이드핏,,,,
fashion200k_bottoms/images/90214676_0.jpeg,train,,,,,팬츠,,플레어,,,,,,,,,,플레어핏,,,,
fashion200k_bottoms/images/90215531_0.jpeg,train,,,,,팬츠,,,크롭·앵클,,,,,미디·7부 기장,,,,,,,,
fashion200k_bottoms/images/90216590_0.jpeg,val,,,,,팬츠,조거·스웨트팬츠,,,,,,,,,,,,,,,
fashion200k_bottoms/images/90217291_0.jpeg,train,,,,,팬츠,,와이드,,,,,,,,,,와이드핏,,,,
fashion200k_bottoms/images/90219554_0.jpeg,val,,,,,팬츠,치노 팬츠,,풀렝스,,,,,롱·긴바지 기장,,,,,,,,
fashion200k_bottoms/images/90220331_0.jpeg,train,,,,,팬츠,레깅스,,,,,,,,,,,,,,,
fashion200k_bottoms/images/90222220_0.jpeg,train,,,,,팬츠,,팔라초,,,,,,,,,,와이드핏,,,,
fashion200k_bottoms/images/90222554_2.jpeg,train,,,,,팬츠,,와이드,,,,,,,,,,와이드핏,,,,
fashion200k_bottoms/images/90222764_0.jpeg,train,,,,,팬츠,치노 팬츠,,크롭·앵클,,,,,미디·7부 기장,,,,,,,,
fashion200k_bottoms/images/90224823_0.jpeg,train,,,,,팬츠,,와이드,,플리츠·턱,,,,,,,,와이드핏,,,,
fashion200k_bottoms/images/90229438_0.jpeg,val,,,,,팬츠,,,크롭·앵클,,,,,미디·7부 기장,,,,,,,,
fashion200k_bottoms/images/90229444_0.jpeg,train,,,,,팬츠,,와이드,,플리츠·턱,,,,,,,,와이드핏,,,,
fashion200k_bottoms/images/90232675_2.jpeg,train,,,,,팬츠,,,풀렝스,,,,,롱·긴바지 기장,,,,,,,,
fashion200k_bottoms/images/90232722_0.jpeg,train,,,,,팬츠,치노 팬츠,,크롭·앵클,,,,,미디·7부 기장,,,,,,,,
fashion200k_bottoms/images/90235235_0.jpeg,train,,,,,팬츠,하렘 팬츠,,,,,,,,,,,,,,,
fashion200k_bottoms/images/90235321_0.jpeg,train,,,,,팬츠,치노 팬츠,,크롭·앵클,,,,,미디·7부 기장,,,,,,,,
fashion200k_bottoms/images/90235919_0.jpeg,train,,,,,팬츠,,,풀렝스,사이드 스트라이프,,,,롱·긴바지 기장,,,,,,,,
fashion200k_bottoms/images/90236177_0.jpeg,train,,,,,팬츠,,플레어,,,,,,,,,,플레어핏,,,,
fashion200k_bottoms/images/90243833_3.jpeg,train,,,,,팬츠,하렘 팬츠,,,,,,,,,,,,,,,
fashion200k_bottoms/images/90243870_1.jpeg,train,,,,,팬츠,,팔라초,,,,,,,,,,와이드핏,,,,
fashion200k_bottoms/images/90244120_0.jpeg,train,,,,,팬츠,,,풀렝스,드로스트링,,,,롱·긴바지 기장,,,,,,,,
fashion200k_bottoms/images/90245388_0.jpeg,train,,,,,팬츠,,와이드,크롭·앵클,,,,,미디·7부 기장,,,,와이드핏,,,,
fashion200k_bottoms/images/90254925_0.jpeg,train,,,,,팬츠,조거·스웨트팬츠,스키니,,,,,,,,,,슬림핏,,,,
fashion200k_bottoms/images/90255194_0.jpeg,val,,,,,팬츠,,,크롭·앵클,,,,,미디·7부 기장,,,,,,,,
fashion200k_bottoms/images/90255271_0.jpeg,train,,,,,팬츠,,,크롭·앵클,플리츠·턱,,,,미디·7부 기장,,,,,,,,
fashion200k_bottoms/images/90256339_0.jpeg,train,,,,,청바지,청바지,와이드,,,,,,,,,,와이드핏,,,데님,
fashion200k_bottoms/images/90257885_0.jpeg,val,,,,,팬츠,하렘 팬츠,와이드,,,,,,,,,,와이드핏,,,,
fashion200k_bottoms/images/90269269_0.jpeg,val,,,,,팬츠,레깅스,스키니,,,,,,,,,,슬림핏,,,,
fashion200k_bottoms/images/90272066_0.jpeg,train,,,,,팬츠,세일러 팬츠,와이드,,,,,,,,,,와이드핏,,,,
fashion200k_bottoms/images/90272404_0.jpeg,train,,,,,팬츠,,플레어,크롭·앵클,,,,,미디·7부 기장,,,,플레어핏,,,,
fashion200k_bottoms/images/90273003_0.jpeg,val,,,,,팬츠,,부츠컷,,,,,,,,,,플레어핏,,,,
fashion200k_bottoms/images/90274066_0.jpeg,train,,,,,팬츠,,와이드,,,,,,,,,,와이드핏,,,,
fashion200k_bottoms/images/90274429_1.jpeg,val,,,,,팬츠,,스키니,,사이드 스트라이프,,,,,,,,슬림핏,,,,
fashion200k_bottoms/images/90276276_2.jpeg,train,,,,,팬츠,,와이드,,플리츠·턱,,,,,,,,와이드핏,,,,
fashion200k_bottoms/images/90280886_0.jpeg,train,,,,,팬츠,조거·스웨트팬츠,,풀렝스,,,,,롱·긴바지 기장,,,,,,,,
fashion200k_bottoms/images/90281490_0.jpeg,train,,,,,팬츠,,부츠컷,,,,,,,,,,플레어핏,,,,
fashion200k_bottoms/images/90281600_1.jpeg,train,,,,,팬츠,카고 팬츠,,크롭·앵클,카고 포켓,,,,미디·7부 기장,,,,,,,,
fashion200k_bottoms/images/90281708_0.jpeg,train,,,,,팬츠,,스트레이트,,,,,,,,,,스트레이트핏,,,,
fashion200k_bottoms/images/90281921_0.jpeg,train,,,,,팬츠,카고 팬츠,스트레이트,,카고 포켓,,,,,,,,스트레이트핏,,,,
fashion200k_bottoms/images/90282256_0.jpeg,train,,,,,팬츠,,와이드,,,,,,,,,,와이드핏,,,,
fashion200k_bottoms/images/90282887_0.jpeg,train,,,,,팬츠,,부츠컷,풀렝스,,,,,롱·긴바지 기장,,,,플레어핏,,,,
fashion200k_bottoms/images/90282955_0.jpeg,val,,,,,팬츠,,,카프리·7부,,,,,미디·7부 기장,,,,,,,,
fashion200k_bottoms/images/90283473_0.jpeg,train,,,,,팬츠,카고 팬츠,,카프리·7부,카고 포켓,,,,미디·7부 기장,,,,,,,,
fashion200k_bottoms/images/90284882_0.jpeg,train,,,,,팬츠,,와이드,크롭·앵클,플리츠·턱,,,,미디·7부 기장,,,,와이드핏,,,,
fashion200k_bottoms/images/90285003_0.jpeg,train,,,,,팬츠,,,크롭·앵클,드로스트링,,,,미디·7부 기장,,,,,,,,
fashion200k_bottoms/images/90285416_0.jpeg,train,,,,,팬츠,조거·스웨트팬츠,,,,,,,,,,,,,,,
fashion200k_bottoms/images/90286680_0.jpeg,val,,,,,팬츠,,부츠컷,풀렝스,,,,,롱·긴바지 기장,,,,플레어핏,,,,
fashion200k_bottoms/images/90287028_0.jpeg,train,,,,,팬츠,카고 팬츠,,크롭·앵클,카고 포켓,,,,미디·7부 기장,,,,,,,,
fashion200k_bottoms/images/90287685_0.jpeg,train,,,,,팬츠,,페그,,,,,,,,,,테이퍼드핏,,,,
fashion200k_bottoms/images/90289520_1.jpeg,train,,,,,팬츠,슬랙스,,풀렝스,,,,,롱·긴바지 기장,,,,,,,,
fashion200k_bottoms/images/90290927_0.jpeg,train,,,,,팬츠,,,풀렝스,드로스트링,,,,롱·긴바지 기장,,,,,,,,
fashion200k_bottoms/images/90291279_0.jpeg,train,,,,,팬츠,,플레어,,,,,,,,,,플레어핏,,,,
fashion200k_bottoms/images/90291407_1.jpeg,val,,,,,팬츠,카고 팬츠,,크롭·앵클,카고 포켓,,,,미디·7부 기장,,,,,,,,
fashion200k_bottoms/images/90291551_0.jpeg,train,,,,,팬츠,하렘 팬츠,페그,,,,,,,,,,테이퍼드핏,,,,
fashion200k_bottoms/images/90292300_0.jpeg,train,,,,,팬츠,조거·스웨트팬츠,스트레이트,,,,,,,,,,스트레이트핏,,,,
fashion200k_bottoms/images/90292735_0.jpeg,val,,,,,팬츠,,팔라초,,,,,,,,,,와이드핏,,,,
fashion200k_bottoms/images/90294334_2.jpeg,train,,,,,팬츠,,팔라초,,,,,,,,,,와이드핏,,,,
fashion200k_bottoms/images/90298290_0.jpeg,train,,,,,팬츠,,스트레이트,,,,,,,,,,스트레이트핏,,,,
fashion200k_bottoms/images/90298837_1.jpeg,train,,,,,팬츠,,테이퍼드,풀렝스,,,,,롱·긴바지 기장,,,,테이퍼드핏,,,,
fashion200k_bottoms/images/90300527_0.jpeg,val,,,,,팬츠,조거·스웨트팬츠,,크롭·앵클,,,,,미디·7부 기장,,,,,,,,
fashion200k_bottoms/images/90300655_0.jpeg,train,,,,,팬츠,,부츠컷,,,,,,,,,,플레어핏,,,,
fashion200k_bottoms/images/90301634_0.jpeg,train,,,,,팬츠,조거·스웨트팬츠,,풀렝스,,,,,롱·긴바지 기장,,,,,,,,
fashion200k_bottoms/images/90304322_1.jpeg,train,,,,,팬츠,트랙팬츠,,,,,,,,,,,,,,,
fashion200k_bottoms/images/90309417_0.jpeg,train,,,,,팬츠,,와이드,,,,,,,,,,와이드핏,,,,
fashion200k_bottoms/images/90310566_1.jpeg,train,,,,,팬츠,,와이드,크롭·앵클,,,,,미디·7부 기장,,,,와이드핏,,,,
fashion200k_bottoms/images/90319576_0.jpeg,train,,,,,팬츠,,,풀렝스,,,,,롱·긴바지 기장,,,,,,,,
fashion200k_bottoms/images/90319925_0.jpeg,train,,,,,팬츠,,테이퍼드,,,,,,,,,,테이퍼드핏,,,,
fashion200k_bottoms/images/90320753_0.jpeg,train,,,,,팬츠,,와이드,,,,,,,,,,와이드핏,,,,
fashion200k_bottoms/images/90320934_0.jpeg,train,,,,,팬츠,슬랙스,,풀렝스,,,,,롱·긴바지 기장,,,,,,,,
fashion200k_bottoms/images/90321357_0.jpeg,train,,,,,팬츠,,테이퍼드,크롭·앵클,,,,,미디·7부 기장,,,,테이퍼드핏,,,,
fashion200k_bottoms/images/90322346_0.jpeg,train,,,,,팬츠,,팔라초,,플리츠·턱,,,,,,,,와이드핏,,,,
fashion200k_bottoms/images/90323631_0.jpeg,val,,,,,팬츠,,와이드,,플리츠·턱,,,,,,,,와이드핏,,,,
fashion200k_bottoms/images/90324432_0.jpeg,train,,,,,팬츠,,와이드,,,,,,,,,,와이드핏,,,,
fashion200k_bottoms/images/90325468_0.jpeg,train,,,,,팬츠,하렘 팬츠,팔라초,,,,,,,,,,와이드핏,,,,
fashion200k_bottoms/images/90325547_0.jpeg,train,,,,,팬츠,,스트레이트,,플리츠·턱,,,,,,,,스트레이트핏,,,,
fashion200k_bottoms/images/90325910_0.jpeg,train,,,,,팬츠,,,크롭·앵클,,,,,미디·7부 기장,,,,,,,,
fashion200k_bottoms/images/90326339_0.jpeg,train,,,,,팬츠,,부츠컷,,사이드 스트라이프,,,,,,,,플레어핏,,,,
fashion200k_bottoms/images/90326416_0.jpeg,train,,,,,팬츠,,,풀렝스,플리츠·턱,,,,롱·긴바지 기장,,,,,,,,
fashion200k_bottoms/images/90326628_0.jpeg,train,,,,,팬츠,,,풀렝스,,,,,롱·긴바지 기장,,,,,,,,
fashion200k_bottoms/images/90326991_0.jpeg,train,,,,,팬츠,,,크롭·앵클,플리츠·턱,,,,미디·7부 기장,,,,,,,,
fashion200k_bottoms/images/90327643_0.jpeg,train,,,,,팬츠,,팔라초,,사이드 스트라이프,,,,,,,,와이드핏,,,,
fashion200k_bottoms/images/90328001_0.jpeg,train,,,,,팬츠,,부츠컷,풀렝스,,,,,롱·긴바지 기장,,,,플레어핏,,,,
fashion200k_bottoms/images/90330143_1.jpeg,train,,,,,팬츠,,와이드,,,,,,,,,,와이드핏,,,,
fashion200k_bottoms/images/90330488_0.jpeg,train,,,,,팬츠,하렘 팬츠,부츠컷,,,,,,,,,,플레어핏,,,,
fashion200k_bottoms/images/90330813_0.jpeg,train,,,,,팬츠,,스트레이트,,플리츠·턱,,,,,,,,스트레이트핏,,,,
fashion200k_bottoms/images/90333083_0.jpeg,val,,,,,팬츠,,플레어,,,,,,,,,,플레어핏,,,,
fashion200k_bottoms/images/90334195_0.jpeg,train,,,,,팬츠,,와이드,,,,,,,,,,와이드핏,,,,
fashion200k_bottoms/images/90334551_0.jpeg,train,,,,,팬츠,치노 팬츠,,풀렝스,,,,,롱·긴바지 기장,,,,,,,,
fashion200k_bottoms/images/90334667_0.jpeg,val,,,,,팬츠,,와이드,,,,,,,,,,와이드핏,,,,
fashion200k_bottoms/images/90335083_0.jpeg,train,,,,,팬츠,,스키니,,플리츠·턱,,,,,,,,슬림핏,,,,
fashion200k_bottoms/images/90335473_1.jpeg,train,,,,,팬츠,,부츠컷,풀렝스,,,,,롱·긴바지 기장,,,,플레어핏,,,,
fashion200k_bottoms/images/90337696_0.jpeg,train,,,,,팬츠,,,크롭·앵클,,,,,미디·7부 기장,,,,,,,,
fashion200k_bottoms/images/90338300_0.jpeg,train,,,,,팬츠,하렘 팬츠,,,드로스트링,,,,,,,,,,,,
fashion200k_bottoms/images/90338333_0.jpeg,train,,,,,팬츠,레깅스,,카프리·7부,,,,,미디·7부 기장,,,,,,,,
fashion200k_bottoms/images/90338433_0.jpeg,train,,,,,팬츠,,테이퍼드,,플리츠·턱,,,,,,,,테이퍼드핏,,,,
fashion200k_bottoms/images/90339075_0.jpeg,train,,,,,팬츠,,와이드,풀렝스,플리츠·턱,,,,롱·긴바지 기장,,,,와이드핏,,,,
fashion200k_bottoms/images/90339591_0.jpeg,train,,,,,팬츠,,,풀렝스,,,,,롱·긴바지 기장,,,,,,,,
fashion200k_bottoms/images/90339599_0.jpeg,val,,,,,팬츠,,와이드,,,,,,,,,,와이드핏,,,,
fashion200k_bottoms/images/90339616_0.jpeg,train,,,,,팬츠,카고 팬츠,,풀렝스,카고 포켓,,,,롱·긴바지 기장,,,,,,,,
fashion200k_bottoms/images/90339746_1.jpeg,train,,,,,팬츠,,와이드,,플리츠·턱,,,,,,,,와이드핏,,,,
fashion200k_bottoms/images/90339748_0.jpeg,train,,,,,팬츠,,스트레이트,,플리츠·턱,,,,,,,,스트레이트핏,,,,
fashion200k_bottoms/images/90342377_1.jpeg,train,,,,,팬츠,하렘 팬츠,,,플리츠·턱,,,,,,,,,,,,
fashion200k_bottoms/images/90345014_0.jpeg,train,,,,,팬츠,,와이드,,,,,,,,,,와이드핏,,,,
fashion200k_bottoms/images/90345734_0.jpeg,val,,,,,팬츠,슬랙스,,크롭·앵클,,,,,미디·7부 기장,,,,,,,,
fashion200k_bottoms/images/90345765_0.jpeg,val,,,,,팬츠,,,풀렝스,,,,,롱·긴바지 기장,,,,,,,,
fashion200k_bottoms/images/90346438_0.jpeg,train,,,,,팬츠,,스트레이트,,,,,,,,,,스트레이트핏,,,,
fashion200k_bottoms/images/90346993_0.jpeg,val,,,,,팬츠,,플레어,,,,,,,,,,플레어핏,,,,
fashion200k_bottoms/images/90348691_0.jpeg,train,,,,,팬츠,,플레어,풀렝스,,,,,롱·긴바지 기장,,,,플레어핏,,,,
fashion200k_bottoms/images/90349895_0.jpeg,train,,,,,팬츠,,,풀렝스,,,,,롱·긴바지 기장,,,,,,,,
fashion200k_bottoms/images/90350816_0.jpeg,train,,,,,팬츠,,,크롭·앵클,,,,,미디·7부 기장,,,,,,,,
fashion200k_bottoms/images/90351251_0.jpeg,train,,,,,팬츠,하렘 팬츠,,,,,,,,,,,,,,,
fashion200k_bottoms/images/90351981_0.jpeg,train,,,,,팬츠,,스키니,,플리츠·턱,,,,,,,,슬림핏,,,,
fashion200k_bottoms/images/90352943_0.jpeg,train,,,,,팬츠,세일러 팬츠,와이드,,,,,,,,,,와이드핏,,,,
fashion200k_bottoms/images/90353782_0.jpeg,val,,,,,팬츠,하렘 팬츠,,,플리츠·턱,,,,,,,,,,,,
fashion200k_bottoms/images/90355357_0.jpeg,train,,,,,팬츠,,스트레이트,,,,,,,,,,스트레이트핏,,,,
fashion200k_bottoms/images/90357435_0.jpeg,train,,,,,팬츠,조거·스웨트팬츠,스키니,,,,,,,,,,슬림핏,,,,
fashion200k_bottoms/images/90359685_1.jpeg,train,,,,,팬츠,,테이퍼드,풀렝스,,,,,롱·긴바지 기장,,,,테이퍼드핏,,,,
fashion200k_bottoms/images/90359739_0.jpeg,train,,,,,팬츠,,,크롭·앵클,,,,,미디·7부 기장,,,,,,,,
fashion200k_bottoms/images/90360888_0.jpeg,train,,,,,팬츠,,,크롭·앵클,,,,,미디·7부 기장,,,,,,,,
fashion200k_bottoms/images/90363709_0.jpeg,val,,,,,팬츠,,테이퍼드,,,,,,,,,,테이퍼드핏,,,,
fashion200k_bottoms/images/90364525_0.jpeg,val,,,,,팬츠,레깅스,,,,,,,,,,,,,,,
fashion200k_bottoms/images/90364703_0.jpeg,train,,,,,팬츠,,와이드,,플리츠·턱|드로스트링,,,,,,,,와이드핏,,,,
fashion200k_bottoms/images/90365269_0.jpeg,train,,,,,팬츠,조거·스웨트팬츠,,,,,,,,,,,,,,,
fashion200k_bottoms/images/90366520_0.jpeg,train,,,,,팬츠,,스키니,,,,,,,,,,슬림핏,,,,
fashion200k_bottoms/images/90366536_0.jpeg,train,,,,,팬츠,,플레어,,,,,,,,,,플레어핏,,,,
fashion200k_bottoms/images/90368216_0.jpeg,train,,,,,팬츠,,,풀렝스,,,,,롱·긴바지 기장,,,,,,,,
fashion200k_bottoms/images/90369200_1.jpeg,train,,,,,팬츠,,플레어,풀렝스,,,,,롱·긴바지 기장,,,,플레어핏,,,,
fashion200k_bottoms/images/90370769_0.jpeg,train,,,,,팬츠,조거·스웨트팬츠,,풀렝스,,,,,롱·긴바지 기장,,,,,,,,
fashion200k_bottoms/images/90374169_0.jpeg,train,,,,,팬츠,,팔라초,풀렝스,,,,,롱·긴바지 기장,,,,와이드핏,,,,
fashion200k_bottoms/images/90376444_0.jpeg,train,,,,,팬츠,레깅스,,카프리·7부,,,,,미디·7부 기장,,,,,,,,
fashion200k_bottoms/images/90377763_0.jpeg,train,,,,,팬츠,조거·스웨트팬츠,,,,,,,,,,,,,,,
fashion200k_bottoms/images/90382205_0.jpeg,val,,,,,팬츠,,스트레이트,,,,,,,,,,스트레이트핏,,,,
fashion200k_bottoms/images/90383332_0.jpeg,train,,,,,팬츠,레깅스,,카프리·7부,,,,,미디·7부 기장,,,,,,,,
fashion200k_bottoms/images/90387241_0.jpeg,train,,,,,팬츠,레깅스,,,,,,,,,,,,,,,
fashion200k_bottoms/images/90387321_0.jpeg,train,,,,,팬츠,하렘 팬츠,,,,,,,,,,,,,,,
fashion200k_bottoms/images/90387847_0.jpeg,train,,,,,팬츠,조거·스웨트팬츠,와이드,,,,,,,,,,와이드핏,,,,
fashion200k_bottoms/images/90389243_1.jpeg,train,,,,,팬츠,레깅스,부츠컷,,,,,,,,,,플레어핏,,,,
fashion200k_bottoms/images/90389744_0.jpeg,train,,,,,팬츠,,팔라초,풀렝스,,,,,롱·긴바지 기장,,,,와이드핏,,,,
fashion200k_bottoms/images/90389752_0.jpeg,train,,,,,팬츠,,스키니,,,,,,,,,,슬림핏,,,,
fashion200k_bottoms/images/90389831_0.jpeg,val,,,,,팬츠,치노 팬츠,와이드,,,,,,,,,,와이드핏,,,,
fashion200k_bottoms/images/90390265_0.jpeg,train,,,,,팬츠,,플레어,풀렝스,,,,,롱·긴바지 기장,,,,플레어핏,,,,
fashion200k_bottoms/images/90390855_1.jpeg,train,,,,,팬츠,레깅스,,카프리·7부,,,,,미디·7부 기장,,,,,,,,
fashion200k_bottoms/images/90391190_0.jpeg,val,,,,,팬츠,,플레어,크롭·앵클,,,,,미디·7부 기장,,,,플레어핏,,,,
fashion200k_bottoms/images/90391736_0.jpeg,train,,,,,팬츠,,팔라초,,,,,,,,,,와이드핏,,,,
fashion200k_bottoms/images/90391893_0.jpeg,train,,,,,팬츠,,,풀렝스,드로스트링,,,,롱·긴바지 기장,,,,,,,,
fashion200k_bottoms/images/90392318_0.jpeg,train,,,,,팬츠,레깅스,,카프리·7부,,,,,미디·7부 기장,,,,,,,,
fashion200k_bottoms/images/90392525_0.jpeg,train,,,,,팬츠,,플레어,,,,,,,,,,플레어핏,,,,
fashion200k_bottoms/images/90392845_1.jpeg,train,,,,,팬츠,,플레어,,,,,,,,,,플레어핏,,,,
fashion200k_bottoms/images/90396084_0.jpeg,train,,,,,팬츠,레깅스,,카프리·7부,,,,,미디·7부 기장,,,,,,,,
fashion200k_bottoms/images/90397360_0.jpeg,train,,,,,팬츠,레깅스,,,,,,,,,,,,,,,
fashion200k_bottoms/images/90398735_0.jpeg,val,,,,,팬츠,,와이드,,,,,,,,,,와이드핏,,,,
fashion200k_bottoms/images/90399553_0.jpeg,train,,,,,청바지,청바지,,크롭·앵클,,,,,미디·7부 기장,,,,,,,데님,
fashion200k_bottoms/images/90400274_0.jpeg,val,,,,,팬츠,,테이퍼드,크롭·앵클,,,,,미디·7부 기장,,,,테이퍼드핏,,,,
fashion200k_bottoms/images/90401367_0.jpeg,val,,,,,팬츠,,,크롭·앵클,,,,,미디·7부 기장,,,,,,,,
fashion200k_bottoms/images/90401615_0.jpeg,val,,,,,팬츠,,,크롭·앵클,,,,,미디·7부 기장,,,,,,,,
fashion200k_bottoms/images/90401638_0.jpeg,train,,,,,팬츠,,,카프리·7부,,,,,미디·7부 기장,,,,,,,,
fashion200k_bottoms/images/90401911_0.jpeg,train,,,,,팬츠,,,카프리·7부,,,,,미디·7부 기장,,,,,,,,
fashion200k_bottoms/images/90402113_0.jpeg,train,,,,,팬츠,하렘 팬츠,,카프리·7부,,,,,미디·7부 기장,,,,,,,,
fashion200k_bottoms/images/90402384_0.jpeg,val,,,,,팬츠,,,풀렝스,드로스트링,,,,롱·긴바지 기장,,,,,,,,
fashion200k_bottoms/images/90403072_0.jpeg,val,,,,,팬츠,조거·스웨트팬츠,,크롭·앵클,,,,,미디·7부 기장,,,,,,,,
fashion200k_bottoms/images/90403124_0.jpeg,train,,,,,팬츠,슬랙스,스키니,,,,,,,,,,슬림핏,,,,
fashion200k_bottoms/images/90403225_0.jpeg,train,,,,,팬츠,,,카프리·7부,,,,,미디·7부 기장,,,,,,,,
fashion200k_bottoms/images/90407633_0.jpeg,train,,,,,팬츠,,,크롭·앵클,,,,,미디·7부 기장,,,,,,,,
fashion200k_bottoms/images/90409791_0.jpeg,train,,,,,팬츠,슬랙스,,크롭·앵클,,,,,미디·7부 기장,,,,,,,,
fashion200k_bottoms/images/90411555_0.jpeg,train,,,,,팬츠,레깅스,,,,,,,,,,,,,,,
fashion200k_bottoms/images/90412868_0.jpeg,val,,,,,팬츠,,스트레이트,,,,,,,,,,스트레이트핏,,,,
fashion200k_bottoms/images/90413083_0.jpeg,train,,,,,팬츠,레깅스,,,,,,,,,,,,,,,
fashion200k_bottoms/images/90413616_0.jpeg,train,,,,,팬츠,,,크롭·앵클,플리츠·턱,,,,미디·7부 기장,,,,,,,,
fashion200k_bottoms/images/90414151_0.jpeg,train,,,,,팬츠,,스키니,,,,,,,,,,슬림핏,,,,
fashion200k_bottoms/images/90414220_0.jpeg,train,,,,,팬츠,조거·스웨트팬츠,,,,,,,,,,,,,,,
fashion200k_bottoms/images/90414654_0.jpeg,train,,,,,팬츠,트랙팬츠,스키니,,,,,,,,,,슬림핏,,,,
fashion200k_bottoms/images/90414810_1.jpeg,train,,,,,팬츠,치노 팬츠,스트레이트,,,,,,,,,,스트레이트핏,,,,
fashion200k_bottoms/images/90418267_0.jpeg,train,,,,,팬츠,,페그,크롭·앵클,,,,,미디·7부 기장,,,,테이퍼드핏,,,,
fashion200k_bottoms/images/90420862_0.jpeg,train,,,,,팬츠,조거·스웨트팬츠,와이드,,,,,,,,,,와이드핏,,,,
fashion200k_bottoms/images/90422097_0.jpeg,train,,,,,팬츠,,와이드,,드로스트링,,,,,,,,와이드핏,,,,
fashion200k_bottoms/images/90422427_0.jpeg,train,,,,,팬츠,,,풀렝스,,,,,롱·긴바지 기장,,,,,,,,
fashion200k_bottoms/images/90422530_0.jpeg,train,,,,,팬츠,조거·스웨트팬츠,,풀렝스,,,,,롱·긴바지 기장,,,,,,,,
fashion200k_bottoms/images/90422630_0.jpeg,train,,,,,팬츠,레깅스,,,,,,,,,,,,,,,
fashion200k_bottoms/images/90422827_0.jpeg,train,,,,,팬츠,,스트레이트,,,,,,,,,,스트레이트핏,,,,
fashion200k_bottoms/images/90422887_0.jpeg,train,,,,,팬츠,,와이드,,,,,,,,,,와이드핏,,,,
fashion200k_bottoms/images/90422995_0.jpeg,train,,,,,팬츠,레깅스,,카프리·7부,,,,,미디·7부 기장,,,,,,,,
fashion200k_bottoms/images/90423079_0.jpeg,train,,,,,팬츠,,스키니,,5포켓,,,,,,,,슬림핏,,,,
fashion200k_bottoms/images/90423174_0.jpeg,train,,,,,팬츠,레깅스,,카프리·7부,,,,,미디·7부 기장,,,,,,,,
fashion200k_bottoms/images/90423328_0.jpeg,train,,,,,팬츠,조거·스웨트팬츠,,크롭·앵클,,,,,미디·7부 기장,,,,,,,,
fashion200k_bottoms/images/90423350_0.jpeg,val,,,,,팬츠,조거·스웨트팬츠,스트레이트,,,,,,,,,,스트레이트핏,,,,
fashion200k_bottoms/images/90423398_0.jpeg,train,,,,,팬츠,레깅스,,카프리·7부,,,,,미디·7부 기장,,,,,,,,
fashion200k_bottoms/images/90423430_0.jpeg,train,,,,,청바지,청바지,와이드,,,,,,,,,,와이드핏,,,데님,
fashion200k_bottoms/images/90423491_0.jpeg,train,,,,,팬츠,,스트레이트,,,,,,,,,,스트레이트핏,,,,
fashion200k_bottoms/images/90423539_0.jpeg,train,,,,,팬츠,,,풀렝스,,,,,롱·긴바지 기장,,,,,,,,
fashion200k_bottoms/images/90423557_0.jpeg,train,,,,,팬츠,,스트레이트,,,,,,,,,,스트레이트핏,,,,
fashion200k_bottoms/images/90424166_0.jpeg,train,,,,,팬츠,슬랙스,,풀렝스,,,,,롱·긴바지 기장,,,,,,,,
fashion200k_bottoms/images/90424574_0.jpeg,train,,,,,팬츠,카고 팬츠,,크롭·앵클,카고 포켓,,,,미디·7부 기장,,,,,,,,
fashion200k_bottoms/images/90424754_0.jpeg,train,,,,,팬츠,,,크롭·앵클,,,,,미디·7부 기장,,,,,,,,
fashion200k_bottoms/images/90424851_0.jpeg,train,,,,,팬츠,,부츠컷,,,,,,,,,,플레어핏,,,,
fashion200k_bottoms/images/90424929_0.jpeg,train,,,,,팬츠,,스키니,카프리·7부,,,,,미디·7부 기장,,,,슬림핏,,,,
fashion200k_bottoms/images/90425003_0.jpeg,train,,,,,팬츠,슬랙스,,풀렝스,플리츠·턱,,,,롱·긴바지 기장,,,,,,,,
fashion200k_bottoms/images/90426497_0.jpeg,val,,,,,팬츠,슬랙스,와이드,,,,,,,,,,와이드핏,,,,
fashion200k_bottoms/images/90426744_0.jpeg,train,,,,,팬츠,,,풀렝스,드로스트링,,,,롱·긴바지 기장,,,,,,,,
fashion200k_bottoms/images/90427346_0.jpeg,val,,,,,팬츠,,플레어,풀렝스,,,,,롱·긴바지 기장,,,,플레어핏,,,,
fashion200k_bottoms/images/90429124_0.jpeg,train,,,,,팬츠,치노 팬츠,스키니,,밑단 커프,,,,,,,,슬림핏,,,,
fashion200k_bottoms/images/90430109_0.jpeg,train,,,,,팬츠,트랙팬츠,,크롭·앵클,,,,,미디·7부 기장,,,,,,,,
fashion200k_bottoms/images/90438513_0.jpeg,val,,,,,팬츠,레깅스,,카프리·7부,,,,,미디·7부 기장,,,,,,,,
fashion200k_bottoms/images/90438655_1.jpeg,val,,,,,팬츠,,플레어,,,,,,,,,,플레어핏,,,,
fashion200k_bottoms/images/90438977_0.jpeg,train,,,,,팬츠,레깅스,,,사이드 스트라이프,,,,,,,,,,,,
fashion200k_bottoms/images/90439200_0.jpeg,train,,,,,팬츠,,스키니,,,,,,,,,,슬림핏,,,,
fashion200k_bottoms/images/90439843_0.jpeg,train,,,,,팬츠,,팔라초,풀렝스,,,,,롱·긴바지 기장,,,,와이드핏,,,,
fashion200k_bottoms/images/90440156_0.jpeg,train,,,,,팬츠,레깅스,,,,,,,,,,,,,,,
fashion200k_bottoms/images/90440184_0.jpeg,train,,,,,팬츠,,테이퍼드,크롭·앵클,,,,,미디·7부 기장,,,,테이퍼드핏,,,,
fashion200k_bottoms/images/90440413_0.jpeg,train,,,,,팬츠,,와이드,,플리츠·턱,,,,,,,,와이드핏,,,,
fashion200k_bottoms/images/90440452_0.jpeg,train,,,,,팬츠,레깅스,,,,,,,,,,,,,,,
fashion200k_bottoms/images/90440494_0.jpeg,train,,,,,팬츠,,,크롭·앵클,,,,,미디·7부 기장,,,,,,,,
fashion200k_bottoms/images/90440520_0.jpeg,train,,,,,팬츠,,,크롭·앵클,드로스트링,,,,미디·7부 기장,,,,,,,,
fashion200k_bottoms/images/90440921_0.jpeg,train,,,,,팬츠,조거·스웨트팬츠,,크롭·앵클,드로스트링,,,,미디·7부 기장,,,,,,,,
fashion200k_bottoms/images/90440932_0.jpeg,train,,,,,팬츠,조거·스웨트팬츠,,,,,,,,,,,,,,,
fashion200k_bottoms/images/90441133_0.jpeg,train,,,,,팬츠,,,풀렝스,플리츠·턱,,,,롱·긴바지 기장,,,,,,,,
fashion200k_bottoms/images/90441379_0.jpeg,val,,,,,팬츠,하렘 팬츠,,,드로스트링,,,,,,,,,,,,
fashion200k_bottoms/images/90441466_0.jpeg,train,,,,,팬츠,,,카프리·7부,,,,,미디·7부 기장,,,,,,,,
fashion200k_bottoms/images/90441756_0.jpeg,train,,,,,팬츠,,,크롭·앵클,플리츠·턱,,,,미디·7부 기장,,,,,,,,
fashion200k_bottoms/images/90441766_0.jpeg,train,,,,,팬츠,,와이드,,드로스트링,,,,,,,,와이드핏,,,,
fashion200k_bottoms/images/90441916_0.jpeg,val,,,,,팬츠,조거·스웨트팬츠,,,,,,,,,,,,,,,
fashion200k_bottoms/images/90441933_0.jpeg,train,,,,,팬츠,,,풀렝스,,,,,롱·긴바지 기장,,,,,,,,
fashion200k_bottoms/images/90442190_0.jpeg,train,,,,,팬츠,,테이퍼드,풀렝스,플리츠·턱,,,,롱·긴바지 기장,,,,테이퍼드핏,,,,
fashion200k_bottoms/images/90442227_0.jpeg,train,,,,,팬츠,레깅스,,카프리·7부,,,,,미디·7부 기장,,,,,,,,
fashion200k_bottoms/images/90442573_0.jpeg,train,,,,,팬츠,,스키니,,,,,,,,,,슬림핏,,,,
fashion200k_bottoms/images/90448828_0.jpeg,val,,,,,팬츠,,플레어,풀렝스,,,,,롱·긴바지 기장,,,,플레어핏,,,,
fashion200k_bottoms/images/90448842_0.jpeg,train,,,,,팬츠,레깅스,,,,,,,,,,,,,,,
fashion200k_bottoms/images/90449855_0.jpeg,train,,,,,팬츠,하렘 팬츠,,,밑단 커프,,,,,,,,,,,,
fashion200k_bottoms/images/90452783_0.jpeg,train,,,,,팬츠,레깅스,,카프리·7부,,,,,미디·7부 기장,,,,,,,,
fashion200k_bottoms/images/90457436_0.jpeg,train,,,,,팬츠,,,풀렝스,,,,,롱·긴바지 기장,,,,,,,,
fashion200k_bottoms/images/90457713_0.jpeg,train,,,,,팬츠,,테이퍼드,풀렝스,,,,,롱·긴바지 기장,,,,테이퍼드핏,,,,
fashion200k_bottoms/images/90458446_0.jpeg,val,,,,,팬츠,카고 팬츠,스키니,크롭·앵클,카고 포켓,,,,미디·7부 기장,,,,슬림핏,,,,
fashion200k_bottoms/images/90458563_0.jpeg,train,,,,,팬츠,슬랙스,,크롭·앵클,,,,,미디·7부 기장,,,,,,,,
fashion200k_bottoms/images/90459581_0.jpeg,train,,,,,팬츠,,,카프리·7부,,,,,미디·7부 기장,,,,,,,,
fashion200k_bottoms/images/90459751_0.jpeg,train,,,,,팬츠,,,크롭·앵클,,,,,미디·7부 기장,,,,,,,,
fashion200k_bottoms/images/90459755_0.jpeg,val,,,,,팬츠,,,풀렝스,플리츠·턱,,,,롱·긴바지 기장,,,,,,,,
fashion200k_bottoms/images/90459948_0.jpeg,train,,,,,팬츠,,,크롭·앵클,,,,,미디·7부 기장,,,,,,,,
fashion200k_bottoms/images/90460321_0.jpeg,train,,,,,팬츠,카고 팬츠,,크롭·앵클,카고 포켓,,,,미디·7부 기장,,,,,,,,
fashion200k_bottoms/images/90461270_0.jpeg,val,,,,,팬츠,,팔라초,,,,,,,,,,와이드핏,,,,
fashion200k_bottoms/images/90462365_3.jpeg,train,,,,,팬츠,조거·스웨트팬츠,,크롭·앵클,,,,,미디·7부 기장,,,,,,,,
fashion200k_bottoms/images/90463202_0.jpeg,train,,,,,팬츠,,,크롭·앵클,,,,,미디·7부 기장,,,,,,,,
fashion200k_bottoms/images/90463719_0.jpeg,train,,,,,팬츠,치노 팬츠,와이드,,,,,,,,,,와이드핏,,,,
fashion200k_bottoms/images/90464126_0.jpeg,train,,,,,팬츠,,페그,크롭·앵클,,,,,미디·7부 기장,,,,테이퍼드핏,,,,
fashion200k_bottoms/images/90464163_0.jpeg,train,,,,,팬츠,치노 팬츠,와이드,크롭·앵클,,,,,미디·7부 기장,,,,와이드핏,,,,
fashion200k_bottoms/images/90464170_0.jpeg,train,,,,,팬츠,레깅스,,카프리·7부,,,,,미디·7부 기장,,,,,,,,
fashion200k_bottoms/images/90464671_0.jpeg,train,,,,,팬츠,치노 팬츠,와이드,크롭·앵클,,,,,미디·7부 기장,,,,와이드핏,,,,
fashion200k_bottoms/images/90465930_0.jpeg,train,,,,,팬츠,,스키니,,5포켓,,,,,,,,슬림핏,,,,
fashion200k_bottoms/images/90466108_0.jpeg,train,,,,,팬츠,,팔라초,,,,,,,,,,와이드핏,,,,
fashion200k_bottoms/images/90468116_1.jpeg,train,,,,,팬츠,,플레어,,,,,,,,,,플레어핏,,,,
fashion200k_bottoms/images/90468253_0.jpeg,train,,,,,팬츠,,,크롭·앵클,드로스트링,,,,미디·7부 기장,,,,,,,,
fashion200k_bottoms/images/90468306_2.jpeg,train,,,,,팬츠,,플레어,크롭·앵클,,,,,미디·7부 기장,,,,플레어핏,,,,
fashion200k_bottoms/images/90468471_0.jpeg,train,,,,,팬츠,,와이드,,,,,,,,,,와이드핏,,,,
fashion200k_bottoms/images/90468887_0.jpeg,train,,,,,팬츠,조거·스웨트팬츠,테이퍼드,,,,,,,,,,테이퍼드핏,,,,
fashion200k_bottoms/images/90469530_0.jpeg,train,,,,,팬츠,레깅스,,,,,,,,,,,,,,,
fashion200k_bottoms/images/90470905_3.jpeg,train,,,,,팬츠,,스트레이트,,,,,,,,,,스트레이트핏,,,,
fashion200k_bottoms/images/90470954_0.jpeg,train,,,,,팬츠,레깅스,,카프리·7부,,,,,미디·7부 기장,,,,,,,,
fashion200k_bottoms/images/90471492_1.jpeg,train,,,,,팬츠,,스키니,,플리츠·턱,,,,,,,,슬림핏,,,,
fashion200k_bottoms/images/90471903_0.jpeg,val,,,,,팬츠,레깅스,,,5포켓,,,,,,,,,,,,
fashion200k_bottoms/images/90472764_2.jpeg,train,,,,,팬츠,,와이드,,플리츠·턱,,,,,,,,와이드핏,,,,
fashion200k_bottoms/images/90472905_0.jpeg,train,,,,,팬츠,,플레어,,,,,,,,,,플레어핏,,,,
fashion200k_bottoms/images/90473066_0.jpeg,train,,,,,팬츠,조거·스웨트팬츠,,크롭·앵클,,,,,미디·7부 기장,,,,,,,,
fashion200k_bottoms/images/90473413_0.jpeg,train,,,,,팬츠,레깅스,,카프리·7부,,,,,미디·7부 기장,,,,,,,,
fashion200k_bottoms/images/90475238_1.jpeg,train,,,,,팬츠,치노 팬츠,와이드,,,,,,,,,,와이드핏,,,,
fashion200k_bottoms/images/90475284_0.jpeg,train,,,,,팬츠,치노 팬츠,,크롭·앵클,,,,,미디·7부 기장,,,,,,,,
fashion200k_bottoms/images/90475813_1.jpeg,val,,,,,팬츠,레깅스,,,5포켓,,,,,,,,,,,,
fashion200k_bottoms/images/90481633_0.jpeg,val,,,,,팬츠,치노 팬츠,와이드,,,,,,,,,,와이드핏,,,,
fashion200k_bottoms/images/90481676_0.jpeg,train,,,,,팬츠,,,크롭·앵클,플리츠·턱,,,,미디·7부 기장,,,,,,,,
fashion200k_bottoms/images/90483688_0.jpeg,val,,,,,팬츠,레깅스,,,,,,,,,,,,,,,
fashion200k_bottoms/images/90485330_0.jpeg,train,,,,,팬츠,치노 팬츠,부츠컷,풀렝스,,,,,롱·긴바지 기장,,,,플레어핏,,,,
fashion200k_bottoms/images/90485426_1.jpeg,val,,,,,팬츠,,와이드,,,,,,,,,,와이드핏,,,,
fashion200k_bottoms/images/90486588_0.jpeg,train,,,,,팬츠,요가 팬츠,,,,,,,,,,,,,,,
fashion200k_bottoms/images/90486655_0.jpeg,train,,,,,팬츠,,스키니,,드로스트링,,,,,,,,슬림핏,,,,
fashion200k_bottoms/images/90487254_0.jpeg,train,,,,,팬츠,,플레어,,,,,,,,,,플레어핏,,,,
fashion200k_bottoms/images/90487315_1.jpeg,train,,,,,팬츠,,,카프리·7부,,,,,미디·7부 기장,,,,,,,,
fashion200k_bottoms/images/90487399_0.jpeg,train,,,,,팬츠,레깅스,,카프리·7부,,,,,미디·7부 기장,,,,,,,,
fashion200k_bottoms/images/90487484_5.jpeg,val,,,,,팬츠,,팔라초,,,,,,,,,,와이드핏,,,,
fashion200k_bottoms/images/90487572_0.jpeg,val,,,,,팬츠,레깅스,,,플리츠·턱,,,,,,,,,,,,
fashion200k_bottoms/images/90487835_0.jpeg,val,,,,,팬츠,,,카프리·7부,,,,,미디·7부 기장,,,,,,,,
fashion200k_bottoms/images/90487857_0.jpeg,val,,,,,팬츠,레깅스,,,,,,,,,,,,,,,
fashion200k_bottoms/images/90489337_0.jpeg,val,,,,,팬츠,,플레어,크롭·앵클,,,,,미디·7부 기장,,,,플레어핏,,,,
fashion200k_bottoms/images/90490490_0.jpeg,train,,,,,팬츠,,테이퍼드,풀렝스,,,,,롱·긴바지 기장,,,,테이퍼드핏,,,,
fashion200k_bottoms/images/90491251_0.jpeg,train,,,,,팬츠,레깅스,,,,,,,,,,,,,,,
fashion200k_bottoms/images/90491552_0.jpeg,train,,,,,팬츠,트랙팬츠,,풀렝스,,,,,롱·긴바지 기장,,,,,,,,
fashion200k_bottoms/images/90491736_0.jpeg,train,,,,,팬츠,,테이퍼드,풀렝스,,,,,롱·긴바지 기장,,,,테이퍼드핏,,,,
fashion200k_bottoms/images/90492051_2.jpeg,train,,,,,팬츠,레깅스,,,,,,,,,,,,,,,
fashion200k_bottoms/images/90492218_0.jpeg,train,,,,,팬츠,조거·스웨트팬츠,,풀렝스,드로스트링,,,,롱·긴바지 기장,,,,,,,,
fashion200k_bottoms/images/90492341_1.jpeg,train,,,,,팬츠,레깅스,,,,,,,,,,,,,,,
fashion200k_bottoms/images/90492433_0.jpeg,val,,,,,팬츠,,테이퍼드,풀렝스,,,,,롱·긴바지 기장,,,,테이퍼드핏,,,,
fashion200k_bottoms/images/90492444_1.jpeg,train,,,,,팬츠,트랙팬츠,,풀렝스,,,,,롱·긴바지 기장,,,,,,,,
fashion200k_bottoms/images/90492713_0.jpeg,train,,,,,팬츠,,테이퍼드,풀렝스,,,,,롱·긴바지 기장,,,,테이퍼드핏,,,,
fashion200k_bottoms/images/90493016_0.jpeg,train,,,,,팬츠,카고 팬츠,,풀렝스,카고 포켓,,,,롱·긴바지 기장,,,,,,,,
fashion200k_bottoms/images/90493414_1.jpeg,train,,,,,팬츠,,,풀렝스,,,,,롱·긴바지 기장,,,,,,,,
fashion200k_bottoms/images/90493848_0.jpeg,val,,,,,팬츠,,스트레이트,,플리츠·턱,,,,,,,,스트레이트핏,,,,
fashion200k_bottoms/images/90493882_1.jpeg,val,,,,,팬츠,,플레어,풀렝스,,,,,롱·긴바지 기장,,,,플레어핏,,,,
fashion200k_bottoms/images/90493966_1.jpeg,train,,,,,팬츠,,와이드,,플리츠·턱,,,,,,,,와이드핏,,,,
fashion200k_bottoms/images/90493996_1.jpeg,train,,,,,팬츠,,와이드,,플리츠·턱,,,,,,,,와이드핏,,,,
fashion200k_bottoms/images/90494175_1.jpeg,val,,,,,팬츠,트랙팬츠,스키니,,,,,,,,,,슬림핏,,,,
fashion200k_bottoms/images/90494771_1.jpeg,train,,,,,팬츠,,테이퍼드,,,,,,,,,,테이퍼드핏,,,,
fashion200k_bottoms/images/90495103_1.jpeg,train,,,,,팬츠,,와이드,,플리츠·턱,,,,,,,,와이드핏,,,,
fashion200k_bottoms/images/90495241_0.jpeg,val,,,,,팬츠,,플레어,,,,,,,,,,플레어핏,,,,
fashion200k_bottoms/images/90495947_0.jpeg,val,,,,,팬츠,,플레어,풀렝스,,,,,롱·긴바지 기장,,,,플레어핏,,,,
fashion200k_bottoms/images/90496167_0.jpeg,val,,,,,팬츠,,테이퍼드,풀렝스,플리츠·턱,,,,롱·긴바지 기장,,,,테이퍼드핏,,,,
fashion200k_bottoms/images/90496207_1.jpeg,train,,,,,팬츠,,테이퍼드,,,,,,,,,,테이퍼드핏,,,,
fashion200k_bottoms/images/90496692_0.jpeg,train,,,,,팬츠,트랙팬츠,,크롭·앵클,,,,,미디·7부 기장,,,,,,,,
fashion200k_bottoms/images/90498836_0.jpeg,train,,,,,팬츠,,스트레이트,,드로스트링,,,,,,,,스트레이트핏,,,,
fashion200k_bottoms/images/90499370_0.jpeg,val,,,,,팬츠,치노 팬츠,스트레이트,,,,,,,,,,스트레이트핏,,,,
fashion200k_bottoms/images/90500614_0.jpeg,val,,,,,팬츠,하렘 팬츠,,,,,,,,,,,,,,,
fashion200k_bottoms/images/90501261_0.jpeg,train,,,,,팬츠,,부츠컷,,,,,,,,,,플레어핏,,,,
fashion200k_bottoms/images/90503548_0.jpeg,train,,,,,팬츠,,,크롭·앵클,,,,,미디·7부 기장,,,,,,,,
fashion200k_bottoms/images/90504221_0.jpeg,train,,,,,팬츠,,,풀렝스,드로스트링,,,,롱·긴바지 기장,,,,,,,,
fashion200k_bottoms/images/90505061_0.jpeg,train,,,,,팬츠,,페그,크롭·앵클,,,,,미디·7부 기장,,,,테이퍼드핏,,,,
fashion200k_bottoms/images/90505328_0.jpeg,train,,,,,팬츠,,와이드,,사이드 스트라이프,,,,,,,,와이드핏,,,,
fashion200k_bottoms/images/90507024_0.jpeg,train,,,,,팬츠,요가 팬츠,스트레이트,,,,,,,,,,스트레이트핏,,,,
fashion200k_bottoms/images/90507044_0.jpeg,train,,,,,팬츠,,플레어,풀렝스,,,,,롱·긴바지 기장,,,,플레어핏,,,,
fashion200k_bottoms/images/90507078_0.jpeg,val,,,,,팬츠,조거·스웨트팬츠,,풀렝스,,,,,롱·긴바지 기장,,,,,,,,
fashion200k_bottoms/images/90510115_0.jpeg,train,,,,,팬츠,요가 팬츠,,풀렝스,,,,,롱·긴바지 기장,,,,,,,,
fashion200k_bottoms/images/90510950_0.jpeg,train,,,,,팬츠,요가 팬츠,와이드,,,,,,,,,,와이드핏,,,,
fashion200k_bottoms/images/90511195_0.jpeg,train,,,,,팬츠,요가 팬츠,와이드,,,,,,,,,,와이드핏,,,,
fashion200k_bottoms/images/90512465_0.jpeg,val,,,,,팬츠,트랙팬츠,스트레이트,,,,,,,,,,스트레이트핏,,,,
fashion200k_bottoms/images/90512591_0.jpeg,train,,,,,팬츠,,,풀렝스,드로스트링,,,,롱·긴바지 기장,,,,,,,,
fashion200k_bottoms/images/90513326_0.jpeg,val,,,,,팬츠,,테이퍼드,풀렝스,,,,,롱·긴바지 기장,,,,테이퍼드핏,,,,
fashion200k_bottoms/images/90513665_1.jpeg,train,,,,,팬츠,,와이드,,,,,,,,,,와이드핏,,,,
fashion200k_bottoms/images/90516256_1.jpeg,train,,,,,팬츠,,와이드,,플리츠·턱,,,,,,,,와이드핏,,,,
fashion200k_bottoms/images/90516383_1.jpeg,train,,,,,팬츠,,팔라초,,,,,,,,,,와이드핏,,,,
fashion200k_bottoms/images/90516508_2.jpeg,train,,,,,팬츠,트랙팬츠,,크롭·앵클,,,,,미디·7부 기장,,,,,,,,
fashion200k_bottoms/images/90516776_0.jpeg,val,,,,,팬츠,,테이퍼드,,,,,,,,,,테이퍼드핏,,,,
fashion200k_bottoms/images/90517345_0.jpeg,val,,,,,팬츠,,스트레이트,,,,,,,,,,스트레이트핏,,,,
fashion200k_bottoms/images/90517548_0.jpeg,val,,,,,팬츠,,테이퍼드,풀렝스,,,,,롱·긴바지 기장,,,,테이퍼드핏,,,,
fashion200k_bottoms/images/90517707_0.jpeg,train,,,,,팬츠,,부츠컷,,,,,,,,,,플레어핏,,,,
fashion200k_bottoms/images/90517844_0.jpeg,val,,,,,팬츠,,,풀렝스,,,,,롱·긴바지 기장,,,,,,,,
fashion200k_bottoms/images/90518335_1.jpeg,train,,,,,팬츠,,테이퍼드,크롭·앵클,,,,,미디·7부 기장,,,,테이퍼드핏,,,,
fashion200k_bottoms/images/90518504_1.jpeg,train,,,,,팬츠,,와이드,,,,,,,,,,와이드핏,,,,
fashion200k_bottoms/images/90518563_1.jpeg,train,,,,,팬츠,,테이퍼드,풀렝스,,,,,롱·긴바지 기장,,,,테이퍼드핏,,,,
fashion200k_bottoms/images/90518580_0.jpeg,train,,,,,팬츠,,스키니,,,,,,,,,,슬림핏,,,,
fashion200k_bottoms/images/90518656_1.jpeg,train,,,,,팬츠,,테이퍼드,크롭·앵클,,,,,미디·7부 기장,,,,테이퍼드핏,,,,
fashion200k_bottoms/images/90519030_1.jpeg,train,,,,,팬츠,,테이퍼드,,,,,,,,,,테이퍼드핏,,,,
fashion200k_bottoms/images/90519270_0.jpeg,train,,,,,팬츠,,테이퍼드,풀렝스,,,,,롱·긴바지 기장,,,,테이퍼드핏,,,,
fashion200k_bottoms/images/90519298_1.jpeg,train,,,,,팬츠,,테이퍼드,풀렝스,플리츠·턱,,,,롱·긴바지 기장,,,,테이퍼드핏,,,,
fashion200k_bottoms/images/90519508_0.jpeg,train,,,,,팬츠,,테이퍼드,풀렝스,,,,,롱·긴바지 기장,,,,테이퍼드핏,,,,
fashion200k_bottoms/images/90520074_0.jpeg,train,,,,,팬츠,,플레어,풀렝스,,,,,롱·긴바지 기장,,,,플레어핏,,,,
fashion200k_bottoms/images/90520435_0.jpeg,train,,,,,팬츠,하렘 팬츠,테이퍼드,,,,,,,,,,테이퍼드핏,,,,
fashion200k_bottoms/images/90520673_1.jpeg,train,,,,,팬츠,,테이퍼드,,,,,,,,,,테이퍼드핏,,,,
fashion200k_bottoms/images/90520714_1.jpeg,train,,,,,팬츠,,테이퍼드,풀렝스,,,,,롱·긴바지 기장,,,,테이퍼드핏,,,,
fashion200k_bottoms/images/90520802_0.jpeg,val,,,,,팬츠,,테이퍼드,크롭·앵클,,,,,미디·7부 기장,,,,테이퍼드핏,,,,
fashion200k_bottoms/images/90521125_0.jpeg,train,,,,,팬츠,레깅스,,카프리·7부,,,,,미디·7부 기장,,,,,,,,
fashion200k_bottoms/images/90521700_1.jpeg,train,,,,,팬츠,,테이퍼드,풀렝스,,,,,롱·긴바지 기장,,,,테이퍼드핏,,,,
fashion200k_bottoms/images/90522445_0.jpeg,val,,,,,팬츠,,,풀렝스,드로스트링,,,,롱·긴바지 기장,,,,,,,,
fashion200k_bottoms/images/90522610_0.jpeg,val,,,,,팬츠,레깅스,,카프리·7부,,,,,미디·7부 기장,,,,,,,,
fashion200k_bottoms/images/90524369_1.jpeg,train,,,,,팬츠,,스키니,,,,,,,,,,슬림핏,,,,
fashion200k_bottoms/images/90526659_1.jpeg,train,,,,,팬츠,,테이퍼드,크롭·앵클,,,,,미디·7부 기장,,,,테이퍼드핏,,,,
fashion200k_bottoms/images/90526910_1.jpeg,train,,,,,팬츠,하렘 팬츠,테이퍼드,,,,,,,,,,테이퍼드핏,,,,
fashion200k_bottoms/images/90527213_0.jpeg,val,,,,,팬츠,,,카프리·7부,,,,,미디·7부 기장,,,,,,,,
fashion200k_bottoms/images/90527265_1.jpeg,train,,,,,팬츠,,와이드,,,,,,,,,,와이드핏,,,,
fashion200k_bottoms/images/90528994_0.jpeg,val,,,,,팬츠,요가 팬츠,,풀렝스,,,,,롱·긴바지 기장,,,,,,,,
fashion200k_bottoms/images/90529155_0.jpeg,train,,,,,청바지,청바지,,크롭·앵클,,,,,미디·7부 기장,,,,,,,데님,
fashion200k_bottoms/images/90530134_0.jpeg,train,,,,,팬츠,슬랙스,부츠컷,풀렝스,,,,,롱·긴바지 기장,,,,플레어핏,,,,
fashion200k_bottoms/images/90530181_0.jpeg,train,,,,,팬츠,,페그,크롭·앵클,,,,,미디·7부 기장,,,,테이퍼드핏,,,,
fashion200k_bottoms/images/90530642_0.jpeg,train,,,,,팬츠,,플레어,,,,,,,,,,플레어핏,,,,
fashion200k_bottoms/images/90530668_0.jpeg,train,,,,,팬츠,,,크롭·앵클,플리츠·턱,,,,미디·7부 기장,,,,,,,,
fashion200k_bottoms/images/90530719_0.jpeg,val,,,,,팬츠,슬랙스,스트레이트,,,,,,,,,,스트레이트핏,,,,
fashion200k_bottoms/images/90530793_0.jpeg,val,,,,,팬츠,,와이드,,,,,,,,,,와이드핏,,,,
fashion200k_bottoms/images/90530866_0.jpeg,train,,,,,팬츠,,,카프리·7부,,,,,미디·7부 기장,,,,,,,,
fashion200k_bottoms/images/90530905_0.jpeg,train,,,,,팬츠,레깅스,,카프리·7부,,,,,미디·7부 기장,,,,,,,,
fashion200k_bottoms/images/90533491_0.jpeg,train,,,,,팬츠,,플레어,크롭·앵클,,,,,미디·7부 기장,,,,플레어핏,,,,
fashion200k_bottoms/images/90534010_0.jpeg,train,,,,,팬츠,레깅스,,카프리·7부,,,,,미디·7부 기장,,,,,,,,
fashion200k_bottoms/images/90535356_0.jpeg,val,,,,,팬츠,,플레어,크롭·앵클,,,,,미디·7부 기장,,,,플레어핏,,,,
fashion200k_bottoms/images/90536484_0.jpeg,train,,,,,팬츠,조거·스웨트팬츠,,풀렝스,,,,,롱·긴바지 기장,,,,,,,,
fashion200k_bottoms/images/90536672_0.jpeg,train,,,,,팬츠,레깅스,페그,,,,,,,,,,테이퍼드핏,,,,
fashion200k_bottoms/images/90537444_0.jpeg,train,,,,,팬츠,,팔라초,,,,,,,,,,와이드핏,,,,
fashion200k_bottoms/images/90539156_0.jpeg,val,,,,,팬츠,,,풀렝스,,,,,롱·긴바지 기장,,,,,,,,
fashion200k_bottoms/images/90539396_1.jpeg,train,,,,,팬츠,,,크롭·앵클,,,,,미디·7부 기장,,,,,,,,
fashion200k_bottoms/images/90539873_0.jpeg,train,,,,,팬츠,,스트레이트,,,,,,,,,,스트레이트핏,,,,
fashion200k_bottoms/images/90540671_0.jpeg,train,,,,,팬츠,,페그,풀렝스,,,,,롱·긴바지 기장,,,,테이퍼드핏,,,,
fashion200k_bottoms/images/90541861_1.jpeg,val,,,,,팬츠,카고 팬츠,,풀렝스,카고 포켓,,,,롱·긴바지 기장,,,,,,,,
fashion200k_bottoms/images/90543213_1.jpeg,train,,,,,팬츠,,플레어,,,,,,,,,,플레어핏,,,,
fashion200k_bottoms/images/90543568_0.jpeg,val,,,,,팬츠,,,풀렝스,,,,,롱·긴바지 기장,,,,,,,,
fashion200k_bottoms/images/90545628_0.jpeg,train,,,,,팬츠,,페그,크롭·앵클,,,,,미디·7부 기장,,,,테이퍼드핏,,,,
fashion200k_bottoms/images/90547943_0.jpeg,train,,,,,팬츠,,와이드,,플리츠·턱,,,,,,,,와이드핏,,,,
fashion200k_bottoms/images/90547947_2.jpeg,train,,,,,팬츠,,와이드,,플리츠·턱,,,,,,,,와이드핏,,,,
fashion200k_bottoms/images/90548331_0.jpeg,train,,,,,팬츠,치노 팬츠,,크롭·앵클,,,,,미디·7부 기장,,,,,,,,
fashion200k_bottoms/images/90548658_1.jpeg,train,,,,,팬츠,,테이퍼드,풀렝스,,,,,롱·긴바지 기장,,,,테이퍼드핏,,,,
fashion200k_bottoms/images/90550994_0.jpeg,train,,,,,팬츠,,플레어,,,,,,,,,,플레어핏,,,,
fashion200k_bottoms/images/90551112_0.jpeg,val,,,,,팬츠,,플레어,풀렝스,,,,,롱·긴바지 기장,,,,플레어핏,,,,
fashion200k_bottoms/images/90551205_0.jpeg,train,,,,,팬츠,,테이퍼드,풀렝스,,,,,롱·긴바지 기장,,,,테이퍼드핏,,,,
fashion200k_bottoms/images/90551459_1.jpeg,val,,,,,팬츠,,스키니,,,,,,,,,,슬림핏,,,,
fashion200k_bottoms/images/90552493_1.jpeg,train,,,,,팬츠,하렘 팬츠,,,,,,,,,,,,,,,
fashion200k_bottoms/images/90553862_0.jpeg,train,,,,,팬츠,,,풀렝스,,,,,롱·긴바지 기장,,,,,,,,
fashion200k_bottoms/images/90555166_0.jpeg,train,,,,,팬츠,,테이퍼드,크롭·앵클,드로스트링,,,,미디·7부 기장,,,,테이퍼드핏,,,,
fashion200k_bottoms/images/90555393_1.jpeg,train,,,,,팬츠,레깅스,,,,,,,,,,,,,,,
fashion200k_bottoms/images/90555937_0.jpeg,train,,,,,팬츠,레깅스,,,,,,,,,,,,,,,
fashion200k_bottoms/images/90555938_0.jpeg,train,,,,,팬츠,,테이퍼드,크롭·앵클,,,,,미디·7부 기장,,,,테이퍼드핏,,,,
fashion200k_bottoms/images/90555943_0.jpeg,train,,,,,팬츠,,,풀렝스,,,,,롱·긴바지 기장,,,,,,,,
fashion200k_bottoms/images/90556769_0.jpeg,val,,,,,팬츠,조거·스웨트팬츠,,풀렝스,,,,,롱·긴바지 기장,,,,,,,,
fashion200k_bottoms/images/90556868_0.jpeg,train,,,,,팬츠,,,크롭·앵클,,,,,미디·7부 기장,,,,,,,,
fashion200k_bottoms/images/90557682_0.jpeg,val,,,,,팬츠,레깅스,,,,,,,,,,,,,,,
fashion200k_bottoms/images/90558491_0.jpeg,train,,,,,팬츠,요가 팬츠,,풀렝스,,,,,롱·긴바지 기장,,,,,,,,
fashion200k_bottoms/images/90559849_1.jpeg,train,,,,,팬츠,,테이퍼드,풀렝스,,,,,롱·긴바지 기장,,,,테이퍼드핏,,,,
fashion200k_bottoms/images/90560025_0.jpeg,val,,,,,팬츠,,팔라초,,,,,,,,,,와이드핏,,,,
fashion200k_bottoms/images/90560945_0.jpeg,val,,,,,팬츠,,스키니,,,,,,,,,,슬림핏,,,,
fashion200k_bottoms/images/90562265_0.jpeg,train,,,,,팬츠,,플레어,풀렝스,,,,,롱·긴바지 기장,,,,플레어핏,,,,
fashion200k_bottoms/images/90562586_1.jpeg,train,,,,,팬츠,레깅스,,카프리·7부,,,,,미디·7부 기장,,,,,,,,
fashion200k_bottoms/images/90563349_0.jpeg,train,,,,,팬츠,치노 팬츠,부츠컷,풀렝스,,,,,롱·긴바지 기장,,,,플레어핏,,,,
fashion200k_bottoms/images/90563380_0.jpeg,train,,,,,팬츠,,,풀렝스,,,,,롱·긴바지 기장,,,,,,,,
fashion200k_bottoms/images/90563958_0.jpeg,train,,,,,팬츠,트랙팬츠,,풀렝스,,,,,롱·긴바지 기장,,,,,,,,
fashion200k_bottoms/images/90565355_0.jpeg,train,,,,,팬츠,,플레어,크롭·앵클,,,,,미디·7부 기장,,,,플레어핏,,,,
fashion200k_bottoms/images/90566633_0.jpeg,train,,,,,팬츠,,부츠컷,풀렝스,,,,,롱·긴바지 기장,,,,플레어핏,,,,
fashion200k_bottoms/images/90568024_0.jpeg,train,,,,,팬츠,,,크롭·앵클,,,,,미디·7부 기장,,,,,,,,
fashion200k_bottoms/images/90568138_1.jpeg,train,,,,,팬츠,,팔라초,,,,,,,,,,와이드핏,,,,
fashion200k_bottoms/images/90568787_0.jpeg,val,,,,,팬츠,,테이퍼드,,,,,,,,,,테이퍼드핏,,,,
fashion200k_bottoms/images/90568985_1.jpeg,train,,,,,팬츠,,팔라초,풀렝스,,,,,롱·긴바지 기장,,,,와이드핏,,,,
fashion200k_bottoms/images/90569354_0.jpeg,val,,,,,팬츠,치노 팬츠,,크롭·앵클,,,,,미디·7부 기장,,,,,,,,
fashion200k_bottoms/images/90570693_0.jpeg,val,,,,,팬츠,,플레어,,,,,,,,,,플레어핏,,,,
fashion200k_bottoms/images/90576482_0.jpeg,train,,,,,팬츠,,페그,,,,,,,,,,테이퍼드핏,,,,
fashion200k_bottoms/images/90578228_0.jpeg,train,,,,,팬츠,,스키니,,,,,,,,,,슬림핏,,,,
fashion200k_bottoms/images/90581672_0.jpeg,val,,,,,팬츠,하렘 팬츠,,,,,,,,,,,,,,,
fashion200k_bottoms/images/90581924_2.jpeg,train,,,,,팬츠,,와이드,,플리츠·턱,,,,,,,,와이드핏,,,,
fashion200k_bottoms/images/90582043_0.jpeg,train,,,,,팬츠,레깅스,,,,,,,,,,,,,,,
fashion200k_bottoms/images/90582488_0.jpeg,val,,,,,팬츠,,부츠컷,풀렝스,,,,,롱·긴바지 기장,,,,플레어핏,,,,
fashion200k_bottoms/images/90583092_0.jpeg,train,,,,,팬츠,세일러 팬츠,,크롭·앵클,,,,,미디·7부 기장,,,,,,,,
fashion200k_bottoms/images/90584366_0.jpeg,train,,,,,팬츠,조거·스웨트팬츠,,풀렝스,드로스트링,,,,롱·긴바지 기장,,,,,,,,
fashion200k_bottoms/images/90584463_0.jpeg,train,,,,,팬츠,,와이드,,,,,,,,,,와이드핏,,,,
fashion200k_bottoms/images/90585212_0.jpeg,train,,,,,팬츠,,,풀렝스,,,,,롱·긴바지 기장,,,,,,,,
fashion200k_bottoms/images/90587709_0.jpeg,train,,,,,팬츠,레깅스,,카프리·7부,,,,,미디·7부 기장,,,,,,,,
fashion200k_bottoms/images/90587872_0.jpeg,train,,,,,팬츠,하렘 팬츠,,,,,,,,,,,,,,,
fashion200k_bottoms/images/90588212_0.jpeg,train,,,,,팬츠,치노 팬츠,,풀렝스,,,,,롱·긴바지 기장,,,,,,,,
fashion200k_bottoms/images/90588235_0.jpeg,train,,,,,팬츠,,,크롭·앵클,,,,,미디·7부 기장,,,,,,,,
fashion200k_bottoms/images/90588609_0.jpeg,train,,,,,팬츠,,,크롭·앵클,밴딩 허리|밑단 커프,,,,미디·7부 기장,,,,,,,,
fashion200k_bottoms/images/90588946_0.jpeg,train,,,,,팬츠,,스트레이트,,,,,,,,,,스트레이트핏,,,,
fashion200k_bottoms/images/90591349_0.jpeg,train,,,,,팬츠,조거·스웨트팬츠,,풀렝스,,,,,롱·긴바지 기장,,,,,,,,
fashion200k_bottoms/images/90591572_0.jpeg,train,,,,,팬츠,,,크롭·앵클,,,,,미디·7부 기장,,,,,,,,
fashion200k_bottoms/images/90592491_0.jpeg,val,,,,,팬츠,하렘 팬츠,,,밴딩 허리|밑단 커프,,,,,,,,,,,,
fashion200k_bottoms/images/90592509_0.jpeg,train,,,,,팬츠,,스키니,,5포켓,,,,,,,,슬림핏,,,,
fashion200k_bottoms/images/90592516_0.jpeg,val,,,,,팬츠,,스트레이트,,,,,,,,,,스트레이트핏,,,,
fashion200k_bottoms/images/90592556_0.jpeg,train,,,,,팬츠,조거·스웨트팬츠,,풀렝스,,,,,롱·긴바지 기장,,,,,,,,
fashion200k_bottoms/images/90593251_0.jpeg,train,,,,,팬츠,트랙팬츠,,풀렝스,,,,,롱·긴바지 기장,,,,,,,,
fashion200k_bottoms/images/90593451_0.jpeg,train,,,,,팬츠,,스트레이트,,,,,,,,,,스트레이트핏,,,,
fashion200k_bottoms/images/90594082_0.jpeg,train,,,,,팬츠,트랙팬츠,,풀렝스,,,,,롱·긴바지 기장,,,,,,,,
fashion200k_bottoms/images/90594289_0.jpeg,train,,,,,팬츠,,,크롭·앵클,,,,,미디·7부 기장,,,,,,,,
fashion200k_bottoms/images/90595025_0.jpeg,train,,,,,팬츠,,부츠컷,풀렝스,,,,,롱·긴바지 기장,,,,플레어핏,,,,
fashion200k_bottoms/images/90596404_0.jpeg,train,,,,,팬츠,,,크롭·앵클,드로스트링,,,,미디·7부 기장,,,,,,,,
fashion200k_bottoms/images/90596952_0.jpeg,train,,,,,팬츠,슬랙스,스트레이트,,,,,,,,,,스트레이트핏,,,,
fashion200k_bottoms/images/90597011_0.jpeg,val,,,,,팬츠,,플레어,,,,,,,,,,플레어핏,,,,
fashion200k_bottoms/images/90597052_0.jpeg,train,,,,,팬츠,세일러 팬츠,와이드,,,,,,,,,,와이드핏,,,,
fashion200k_bottoms/images/90597134_0.jpeg,train,,,,,팬츠,,,크롭·앵클,,,,,미디·7부 기장,,,,,,,,
fashion200k_bottoms/images/90597138_0.jpeg,train,,,,,팬츠,,,크롭·앵클,,,,,미디·7부 기장,,,,,,,,
fashion200k_bottoms/images/90597221_1.jpeg,train,,,,,팬츠,트랙팬츠,,크롭·앵클,,,,,미디·7부 기장,,,,,,,,
fashion200k_bottoms/images/90599585_0.jpeg,train,,,,,팬츠,레깅스,,카프리·7부,,,,,미디·7부 기장,,,,,,,,
fashion200k_bottoms/images/90600130_0.jpeg,train,,,,,팬츠,,스키니,크롭·앵클,,,,,미디·7부 기장,,,,슬림핏,,,,
fashion200k_bottoms/images/90600556_0.jpeg,train,,,,,팬츠,레깅스,,,,,,,,,,,,,,,
fashion200k_bottoms/images/90600978_0.jpeg,val,,,,,팬츠,치노 팬츠,스키니,,,,,,,,,,슬림핏,,,,
fashion200k_bottoms/images/90601497_0.jpeg,val,,,,,팬츠,조거·스웨트팬츠,스트레이트,,,,,,,,,,스트레이트핏,,,,
fashion200k_bottoms/images/90601626_0.jpeg,train,,,,,팬츠,레깅스,,,밑단 커프,,,,,,,,,,,,
fashion200k_bottoms/images/90602420_0.jpeg,train,,,,,팬츠,레깅스,,카프리·7부,,,,,미디·7부 기장,,,,,,,,
fashion200k_bottoms/images/90602446_0.jpeg,train,,,,,팬츠,조거·스웨트팬츠,,,,,,,,,,,,,,,
fashion200k_bottoms/images/90603631_0.jpeg,val,,,,,팬츠,,페그,,,,,,,,,,테이퍼드핏,,,,
fashion200k_bottoms/images/90604152_0.jpeg,val,,,,,팬츠,,,풀렝스,,,,,롱·긴바지 기장,,,,,,,,
fashion200k_bottoms/images/90604353_0.jpeg,val,,,,,팬츠,,,크롭·앵클,플리츠·턱,,,,미디·7부 기장,,,,,,,,
fashion200k_bottoms/images/90604447_0.jpeg,train,,,,,팬츠,,,크롭·앵클,,,,,미디·7부 기장,,,,,,,,
fashion200k_bottoms/images/90604510_0.jpeg,train,,,,,팬츠,하렘 팬츠,,,,,,,,,,,,,,,
fashion200k_bottoms/images/90604717_0.jpeg,train,,,,,팬츠,,와이드,,플리츠·턱,,,,,,,,와이드핏,,,,
fashion200k_bottoms/images/90604731_0.jpeg,train,,,,,팬츠,,와이드,,플리츠·턱,,,,,,,,와이드핏,,,,
fashion200k_bottoms/images/90605518_0.jpeg,train,,,,,팬츠,하렘 팬츠,,,드로스트링,,,,,,,,,,,,
fashion200k_bottoms/images/90605582_1.jpeg,val,,,,,팬츠,하렘 팬츠,,,,,,,,,,,,,,,
fashion200k_bottoms/images/90605637_2.jpeg,val,,,,,팬츠,,와이드,,,,,,,,,,와이드핏,,,,
fashion200k_bottoms/images/90605809_0.jpeg,train,,,,,팬츠,하렘 팬츠,페그,,,,,,,,,,테이퍼드핏,,,,
fashion200k_bottoms/images/90606000_0.jpeg,train,,,,,청바지,청바지,스트레이트,크롭·앵클,,,,,미디·7부 기장,,,,스트레이트핏,,,데님,
fashion200k_bottoms/images/90606610_0.jpeg,val,,,,,팬츠,레깅스,,,밑단 커프,,,,,,,,,,,,
fashion200k_bottoms/images/90606693_0.jpeg,train,,,,,팬츠,,와이드,,,,,,,,,,와이드핏,,,,
fashion200k_bottoms/images/90607485_0.jpeg,train,,,,,팬츠,,플레어,,,,,,,,,,플레어핏,,,,
fashion200k_bottoms/images/90607550_0.jpeg,train,,,,,팬츠,슬랙스,플레어,크롭·앵클,,,,,미디·7부 기장,,,,플레어핏,,,,
fashion200k_bottoms/images/90609232_0.jpeg,val,,,,,팬츠,,,크롭·앵클,,,,,미디·7부 기장,,,,,,,,
fashion200k_bottoms/images/90609931_0.jpeg,train,,,,,팬츠,레깅스,,,,,,,,,,,,,,,
fashion200k_bottoms/images/90610020_3.jpeg,train,,,,,팬츠,치노 팬츠,,크롭·앵클,,,,,미디·7부 기장,,,,,,,,
fashion200k_bottoms/images/90610995_0.jpeg,train,,,,,팬츠,레깅스,,,,,,,,,,,,,,,
fashion200k_bottoms/images/90611078_0.jpeg,train,,,,,팬츠,조거·스웨트팬츠,,,,,,,,,,,,,,,
fashion200k_bottoms/images/90611909_0.jpeg,val,,,,,팬츠,,부츠컷,풀렝스,,,,,롱·긴바지 기장,,,,플레어핏,,,,
fashion200k_bottoms/images/90613747_0.jpeg,train,,,,,팬츠,조거·스웨트팬츠,,풀렝스,,,,,롱·긴바지 기장,,,,,,,,
fashion200k_bottoms/images/90613914_0.jpeg,train,,,,,청바지,청바지,,크롭·앵클,,,,,미디·7부 기장,,,,,,,데님,
fashion200k_bottoms/images/90614330_1.jpeg,val,,,,,팬츠,,와이드,카프리·7부,,,,,미디·7부 기장,,,,와이드핏,,,,
fashion200k_bottoms/images/90614335_0.jpeg,train,,,,,팬츠,,,카프리·7부,,,,,미디·7부 기장,,,,,,,,
fashion200k_bottoms/images/90614590_0.jpeg,train,,,,,팬츠,,스키니,,,,,,,,,,슬림핏,,,,
fashion200k_bottoms/images/90614635_3.jpeg,train,,,,,팬츠,하렘 팬츠,테이퍼드,,,,,,,,,,테이퍼드핏,,,,
fashion200k_bottoms/images/90615465_0.jpeg,train,,,,,팬츠,요가 팬츠,,,,,,,,,,,,,,,
fashion200k_bottoms/images/90617094_0.jpeg,train,,,,,팬츠,치노 팬츠,,풀렝스,,,,,롱·긴바지 기장,,,,,,,,
fashion200k_bottoms/images/90618237_0.jpeg,train,,,,,팬츠,,,크롭·앵클,,,,,미디·7부 기장,,,,,,,,
fashion200k_bottoms/images/90619382_0.jpeg,val,,,,,팬츠,,플레어,,,,,,,,,,플레어핏,,,,
fashion200k_bottoms/images/90619431_0.jpeg,val,,,,,팬츠,,스키니,,,,,,,,,,슬림핏,,,,
fashion200k_bottoms/images/90621690_0.jpeg,train,,,,,팬츠,,팔라초,,,,,,,,,,와이드핏,,,,
fashion200k_bottoms/images/90621896_0.jpeg,train,,,,,팬츠,,스키니,,,,,,,,,,슬림핏,,,,
fashion200k_bottoms/images/90622330_0.jpeg,train,,,,,팬츠,,,카프리·7부,,,,,미디·7부 기장,,,,,,,,
fashion200k_bottoms/images/90622373_0.jpeg,train,,,,,팬츠,레깅스,,카프리·7부,,,,,미디·7부 기장,,,,,,,,
fashion200k_bottoms/images/90622916_0.jpeg,train,,,,,팬츠,,,크롭·앵클,,,,,미디·7부 기장,,,,,,,,
fashion200k_bottoms/images/90623213_0.jpeg,train,,,,,팬츠,,플레어,,,,,,,,,,플레어핏,,,,
fashion200k_bottoms/images/90623303_0.jpeg,train,,,,,팬츠,,스트레이트,,스터럽,,,,,,,,스트레이트핏,,,,
fashion200k_bottoms/images/90623459_0.jpeg,train,,,,,팬츠,,플레어,크롭·앵클,,,,,미디·7부 기장,,,,플레어핏,,,,
fashion200k_bottoms/images/90623760_0.jpeg,train,,,,,팬츠,레깅스,,카프리·7부,,,,,미디·7부 기장,,,,,,,,
fashion200k_bottoms/images/90623949_0.jpeg,train,,,,,팬츠,레깅스,스키니,,,,,,,,,,슬림핏,,,,
fashion200k_bottoms/images/90624105_0.jpeg,train,,,,,팬츠,,스키니,카프리·7부,,,,,미디·7부 기장,,,,슬림핏,,,,
fashion200k_bottoms/images/90624478_0.jpeg,train,,,,,팬츠,레깅스,,,,,,,,,,,,,,,
fashion200k_bottoms/images/90624479_0.jpeg,val,,,,,팬츠,레깅스,,,,,,,,,,,,,,,
fashion200k_bottoms/images/90625007_0.jpeg,train,,,,,팬츠,,,크롭·앵클,,,,,미디·7부 기장,,,,,,,,
fashion200k_bottoms/images/90625069_0.jpeg,train,,,,,팬츠,조거·스웨트팬츠,스트레이트,,,,,,,,,,스트레이트핏,,,,
fashion200k_bottoms/images/90625176_0.jpeg,train,,,,,팬츠,,,크롭·앵클,,,,,미디·7부 기장,,,,,,,,
fashion200k_bottoms/images/90625220_0.jpeg,train,,,,,팬츠,,,풀렝스,,,,,롱·긴바지 기장,,,,,,,,
fashion200k_bottoms/images/90625902_1.jpeg,train,,,,,팬츠,조거·스웨트팬츠,,,,,,,,,,,,,,,
fashion200k_bottoms/images/90626116_0.jpeg,train,,,,,팬츠,,플레어,풀렝스,,,,,롱·긴바지 기장,,,,플레어핏,,,,
fashion200k_bottoms/images/90626238_0.jpeg,train,,,,,팬츠,레깅스,,,,,,,,,,,,,,,
fashion200k_bottoms/images/90626562_0.jpeg,train,,,,,팬츠,레깅스,,카프리·7부,,,,,미디·7부 기장,,,,,,,,
fashion200k_bottoms/images/90626934_0.jpeg,train,,,,,팬츠,레깅스,,카프리·7부,,,,,미디·7부 기장,,,,,,,,
fashion200k_bottoms/images/90627120_0.jpeg,val,,,,,팬츠,,플레어,,,,,,,,,,플레어핏,,,,
fashion200k_bottoms/images/90627513_0.jpeg,train,,,,,팬츠,조거·스웨트팬츠,,풀렝스,,,,,롱·긴바지 기장,,,,,,,,
fashion200k_bottoms/images/90627955_0.jpeg,val,,,,,팬츠,레깅스,,,,,,,,,,,,,,,
fashion200k_bottoms/images/90628113_0.jpeg,train,,,,,팬츠,레깅스,,,,,,,,,,,,,,,
fashion200k_bottoms/images/90628203_0.jpeg,val,,,,,팬츠,조거·스웨트팬츠,스키니,,,,,,,,,,슬림핏,,,,
fashion200k_bottoms/images/90632154_2.jpeg,train,,,,,팬츠,,플레어,,,,,,,,,,플레어핏,,,,
fashion200k_bottoms/images/90632729_0.jpeg,train,,,,,팬츠,조거·스웨트팬츠,스키니,,,,,,,,,,슬림핏,,,,
fashion200k_bottoms/images/90633947_0.jpeg,train,,,,,팬츠,,스키니,,,,,,,,,,슬림핏,,,,
fashion200k_bottoms/images/90634306_0.jpeg,val,,,,,팬츠,,,풀렝스,드로스트링,,,,롱·긴바지 기장,,,,,,,,
fashion200k_bottoms/images/90634512_0.jpeg,train,,,,,팬츠,,,크롭·앵클,플리츠·턱,,,,미디·7부 기장,,,,,,,,
fashion200k_bottoms/images/90634866_0.jpeg,train,,,,,팬츠,,,크롭·앵클,,,,,미디·7부 기장,,,,,,,,
fashion200k_bottoms/images/90635058_0.jpeg,train,,,,,팬츠,트랙팬츠,,크롭·앵클,드로스트링,,,,미디·7부 기장,,,,,,,,
fashion200k_bottoms/images/90636782_0.jpeg,train,,,,,팬츠,,,크롭·앵클,플리츠·턱,,,,미디·7부 기장,,,,,,,,
fashion200k_bottoms/images/90637182_0.jpeg,val,,,,,팬츠,레깅스,,카프리·7부,,,,,미디·7부 기장,,,,,,,,
fashion200k_bottoms/images/90637828_0.jpeg,train,,,,,팬츠,,와이드,,,,,,,,,,와이드핏,,,,
fashion200k_bottoms/images/90638113_0.jpeg,train,,,,,팬츠,,,크롭·앵클,플리츠·턱,,,,미디·7부 기장,,,,,,,,
fashion200k_bottoms/images/90638329_0.jpeg,val,,,,,팬츠,,스키니,,,,,,,,,,슬림핏,,,,
fashion200k_bottoms/images/90638893_0.jpeg,val,,,,,팬츠,세일러 팬츠,스키니,,,,,,,,,,슬림핏,,,,
fashion200k_bottoms/images/90638913_1.jpeg,train,,,,,팬츠,레깅스,,,,,,,,,,,,,,,
fashion200k_bottoms/images/90639776_0.jpeg,val,,,,,팬츠,,플레어,,,,,,,,,,플레어핏,,,,
fashion200k_bottoms/images/90640168_0.jpeg,train,,,,,팬츠,조거·스웨트팬츠,스트레이트,,,,,,,,,,스트레이트핏,,,,
fashion200k_bottoms/images/90640504_0.jpeg,train,,,,,팬츠,하렘 팬츠,,,,,,,,,,,,,,,
fashion200k_bottoms/images/90640510_0.jpeg,train,,,,,팬츠,조거·스웨트팬츠,,풀렝스,,,,,롱·긴바지 기장,,,,,,,,
fashion200k_bottoms/images/90640642_0.jpeg,train,,,,,팬츠,,와이드,,,,,,,,,,와이드핏,,,,
fashion200k_bottoms/images/90640747_0.jpeg,train,,,,,팬츠,조거·스웨트팬츠,,풀렝스,,,,,롱·긴바지 기장,,,,,,,,
fashion200k_bottoms/images/90641394_0.jpeg,train,,,,,팬츠,조거·스웨트팬츠,,,,,,,,,,,,,,,
fashion200k_bottoms/images/90642949_0.jpeg,train,,,,,팬츠,,,카프리·7부,,,,,미디·7부 기장,,,,,,,,
fashion200k_bottoms/images/90643980_0.jpeg,train,,,,,팬츠,조거·스웨트팬츠,,크롭·앵클,,,,,미디·7부 기장,,,,,,,,
fashion200k_bottoms/images/90644868_0.jpeg,val,,,,,팬츠,,와이드,,,,,,,,,,와이드핏,,,,
fashion200k_bottoms/images/90645929_3.jpeg,val,,,,,팬츠,카고 팬츠,,크롭·앵클,카고 포켓,,,,미디·7부 기장,,,,,,,,
fashion200k_bottoms/images/90646440_0.jpeg,train,,,,,팬츠,,스트레이트,,,,,,,,,,스트레이트핏,,,,
fashion200k_bottoms/images/90647151_0.jpeg,train,,,,,팬츠,,,크롭·앵클,드로스트링,,,,미디·7부 기장,,,,,,,,
fashion200k_bottoms/images/90647426_0.jpeg,train,,,,,팬츠,,와이드,,플리츠·턱,,,,,,,,와이드핏,,,,
fashion200k_bottoms/images/90647494_1.jpeg,val,,,,,팬츠,하렘 팬츠,부츠컷,,,,,,,,,,플레어핏,,,,
fashion200k_bottoms/images/90648417_0.jpeg,train,,,,,팬츠,슬랙스,,크롭·앵클,,,,,미디·7부 기장,,,,,,,,
fashion200k_bottoms/images/90648460_0.jpeg,val,,,,,팬츠,슬랙스,와이드,,,,,,,,,,와이드핏,,,,
fashion200k_bottoms/images/90648989_0.jpeg,train,,,,,팬츠,,,풀렝스,,,,,롱·긴바지 기장,,,,,,,,
fashion200k_bottoms/images/90649090_0.jpeg,val,,,,,팬츠,조거·스웨트팬츠,,,,,,,,,,,,,,,
fashion200k_bottoms/images/90650063_0.jpeg,train,,,,,팬츠,,,풀렝스,,,,,롱·긴바지 기장,,,,,,,,
fashion200k_bottoms/images/90652318_0.jpeg,train,,,,,팬츠,,스트레이트,,,,,,,,,,스트레이트핏,,,,
fashion200k_bottoms/images/90654534_0.jpeg,train,,,,,팬츠,,,크롭·앵클,드로스트링,,,,미디·7부 기장,,,,,,,,
fashion200k_bottoms/images/90654870_0.jpeg,train,,,,,팬츠,,,크롭·앵클,드로스트링,,,,미디·7부 기장,,,,,,,,
fashion200k_bottoms/images/90655071_0.jpeg,train,,,,,팬츠,,와이드,,,,,,,,,,와이드핏,,,,
fashion200k_bottoms/images/90655482_1.jpeg,train,,,,,팬츠,,플레어,,,,,,,,,,플레어핏,,,,
fashion200k_bottoms/images/90656849_0.jpeg,train,,,,,팬츠,,,풀렝스,,,,,롱·긴바지 기장,,,,,,,,
fashion200k_bottoms/images/90657227_0.jpeg,val,,,,,팬츠,,,크롭·앵클,,,,,미디·7부 기장,,,,,,,,
fashion200k_bottoms/images/90657617_0.jpeg,val,,,,,팬츠,,,크롭·앵클,,,,,미디·7부 기장,,,,,,,,
fashion200k_bottoms/images/90658086_0.jpeg,train,,,,,팬츠,,,크롭·앵클,,,,,미디·7부 기장,,,,,,,,
fashion200k_bottoms/images/90658120_2.jpeg,train,,,,,팬츠,,와이드,,,,,,,,,,와이드핏,,,,
fashion200k_bottoms/images/90658608_0.jpeg,val,,,,,팬츠,하렘 팬츠,,,,,,,,,,,,,,,
fashion200k_bottoms/images/90658788_0.jpeg,train,,,,,팬츠,,팔라초,크롭·앵클,,,,,미디·7부 기장,,,,와이드핏,,,,
fashion200k_bottoms/images/90659441_0.jpeg,train,,,,,팬츠,하렘 팬츠,,,,,,,,,,,,,,,
fashion200k_bottoms/images/90660072_0.jpeg,train,,,,,팬츠,,스트레이트,,플리츠·턱,,,,,,,,스트레이트핏,,,,
fashion200k_bottoms/images/90660776_0.jpeg,train,,,,,팬츠,,,풀렝스,,,,,롱·긴바지 기장,,,,,,,,
fashion200k_bottoms/images/90660822_0.jpeg,val,,,,,팬츠,레깅스,,,사이드 스트라이프,,,,,,,,,,,,
fashion200k_bottoms/images/90661037_0.jpeg,val,,,,,팬츠,,와이드,,플리츠·턱,,,,,,,,와이드핏,,,,
fashion200k_bottoms/images/90661265_1.jpeg,train,,,,,팬츠,카고 팬츠,,크롭·앵클,카고 포켓,,,,미디·7부 기장,,,,,,,,
fashion200k_bottoms/images/90662307_0.jpeg,train,,,,,팬츠,,부츠컷,크롭·앵클,,,,,미디·7부 기장,,,,플레어핏,,,,
fashion200k_bottoms/images/90662671_0.jpeg,train,,,,,팬츠,,팔라초,,,,,,,,,,와이드핏,,,,
fashion200k_bottoms/images/90662678_0.jpeg,train,,,,,팬츠,,테이퍼드,풀렝스,,,,,롱·긴바지 기장,,,,테이퍼드핏,,,,
fashion200k_bottoms/images/90663369_0.jpeg,train,,,,,팬츠,,,크롭·앵클,,,,,미디·7부 기장,,,,,,,,
fashion200k_bottoms/images/90663387_0.jpeg,train,,,,,팬츠,,,크롭·앵클,,,,,미디·7부 기장,,,,,,,,
fashion200k_bottoms/images/90663591_0.jpeg,train,,,,,팬츠,,테이퍼드,풀렝스,,,,,롱·긴바지 기장,,,,테이퍼드핏,,,,
fashion200k_bottoms/images/90664353_0.jpeg,train,,,,,팬츠,,스트레이트,,스터럽,,,,,,,,스트레이트핏,,,,
fashion200k_bottoms/images/90664747_0.jpeg,val,,,,,팬츠,,테이퍼드,풀렝스,,,,,롱·긴바지 기장,,,,테이퍼드핏,,,,
fashion200k_bottoms/images/90664986_0.jpeg,train,,,,,팬츠,,플레어,풀렝스,,,,,롱·긴바지 기장,,,,플레어핏,,,,
fashion200k_bottoms/images/90666079_0.jpeg,train,,,,,팬츠,하렘 팬츠,,,,,,,,,,,,,,,
fashion200k_bottoms/images/90666224_0.jpeg,train,,,,,팬츠,,,크롭·앵클,플리츠·턱,,,,미디·7부 기장,,,,,,,,
fashion200k_bottoms/images/90666483_0.jpeg,train,,,,,팬츠,레깅스,,카프리·7부,,,,,미디·7부 기장,,,,,,,,
fashion200k_bottoms/images/90667016_0.jpeg,train,,,,,팬츠,하렘 팬츠,,,,,,,,,,,,,,,
fashion200k_bottoms/images/90667033_0.jpeg,train,,,,,팬츠,,와이드,,,,,,,,,,와이드핏,,,,
fashion200k_bottoms/images/90667232_0.jpeg,train,,,,,팬츠,,,크롭·앵클,,,,,미디·7부 기장,,,,,,,,
fashion200k_bottoms/images/90667766_0.jpeg,val,,,,,팬츠,,,크롭·앵클,플리츠·턱,,,,미디·7부 기장,,,,,,,,
fashion200k_bottoms/images/90668084_0.jpeg,train,,,,,팬츠,레깅스,,풀렝스,,,,,롱·긴바지 기장,,,,,,,,
fashion200k_bottoms/images/90668111_1.jpeg,train,,,,,팬츠,,,크롭·앵클,플리츠·턱,,,,미디·7부 기장,,,,,,,,
fashion200k_bottoms/images/90668200_0.jpeg,train,,,,,팬츠,하렘 팬츠,,,플리츠·턱,,,,,,,,,,,,
fashion200k_bottoms/images/90668839_0.jpeg,val,,,,,팬츠,조거·스웨트팬츠,,크롭·앵클,,,,,미디·7부 기장,,,,,,,,
fashion200k_bottoms/images/90669037_0.jpeg,train,,,,,팬츠,,테이퍼드,크롭·앵클,플리츠·턱,,,,미디·7부 기장,,,,테이퍼드핏,,,,
fashion200k_bottoms/images/90670358_0.jpeg,train,,,,,팬츠,레깅스,,,,,,,,,,,,,,,
fashion200k_bottoms/images/90670720_0.jpeg,train,,,,,팬츠,치노 팬츠,,크롭·앵클,사이드 스트라이프,,,,미디·7부 기장,,,,,,,,
fashion200k_bottoms/images/90671709_1.jpeg,train,,,,,팬츠,,팔라초,,,,,,,,,,와이드핏,,,,
fashion200k_bottoms/images/90672183_0.jpeg,train,,,,,팬츠,슬랙스,,크롭·앵클,,,,,미디·7부 기장,,,,,,,,
fashion200k_bottoms/images/90672258_1.jpeg,val,,,,,팬츠,,와이드,,플리츠·턱,,,,,,,,와이드핏,,,,
fashion200k_bottoms/images/90673299_0.jpeg,train,,,,,팬츠,레깅스,,,스터럽,,,,,,,,,,,,
fashion200k_bottoms/images/90673303_0.jpeg,train,,,,,팬츠,,,풀렝스,,,,,롱·긴바지 기장,,,,,,,,
fashion200k_bottoms/images/90673835_0.jpeg,val,,,,,팬츠,조거·스웨트팬츠,,풀렝스,,,,,롱·긴바지 기장,,,,,,,,
fashion200k_bottoms/images/90674695_0.jpeg,train,,,,,팬츠,,스키니,,,,,,,,,,슬림핏,,,,
fashion200k_bottoms/images/90674997_0.jpeg,train,,,,,팬츠,조거·스웨트팬츠,,풀렝스,,,,,롱·긴바지 기장,,,,,,,,
fashion200k_bottoms/images/90675108_0.jpeg,train,,,,,팬츠,,,크롭·앵클,,,,,미디·7부 기장,,,,,,,,
fashion200k_bottoms/images/90675376_0.jpeg,val,,,,,팬츠,,스키니,,,,,,,,,,슬림핏,,,,
fashion200k_bottoms/images/90675811_2.jpeg,train,,,,,팬츠,,,크롭·앵클,,,,,미디·7부 기장,,,,,,,,
fashion200k_bottoms/images/90676010_0.jpeg,train,,,,,팬츠,,와이드,,스터럽,,,,,,,,와이드핏,,,,
fashion200k_bottoms/images/90676079_0.jpeg,val,,,,,팬츠,요가 팬츠,,,,,,,,,,,,,,,
fashion200k_bottoms/images/90676276_0.jpeg,val,,,,,팬츠,,와이드,,,,,,,,,,와이드핏,,,,
fashion200k_bottoms/images/90676877_0.jpeg,train,,,,,팬츠,,스키니,풀렝스,,,,,롱·긴바지 기장,,,,슬림핏,,,,
fashion200k_bottoms/images/90677593_0.jpeg,train,,,,,팬츠,,,크롭·앵클,,,,,미디·7부 기장,,,,,,,,
fashion200k_bottoms/images/90677597_0.jpeg,train,,,,,팬츠,,,크롭·앵클,,,,,미디·7부 기장,,,,,,,,
fashion200k_bottoms/images/90678023_0.jpeg,train,,,,,팬츠,,플레어,,,,,,,,,,플레어핏,,,,
fashion200k_bottoms/images/90678398_0.jpeg,train,,,,,팬츠,하렘 팬츠,,,,,,,,,,,,,,,
fashion200k_bottoms/images/90678519_0.jpeg,train,,,,,팬츠,,,크롭·앵클,,,,,미디·7부 기장,,,,,,,,
fashion200k_bottoms/images/90679012_0.jpeg,train,,,,,팬츠,레깅스,,카프리·7부,,,,,미디·7부 기장,,,,,,,,
fashion200k_bottoms/images/90679166_0.jpeg,train,,,,,팬츠,,플레어,풀렝스,,,,,롱·긴바지 기장,,,,플레어핏,,,,
fashion200k_bottoms/images/90679766_0.jpeg,val,,,,,팬츠,,,풀렝스,플리츠·턱,,,,롱·긴바지 기장,,,,,,,,
fashion200k_bottoms/images/90679975_0.jpeg,train,,,,,팬츠,레깅스,,,,,,,,,,,,,,,
fashion200k_bottoms/images/90684760_1.jpeg,val,,,,,팬츠,,팔라초,,,,,,,,,,와이드핏,,,,
fashion200k_bottoms/images/90685038_0.jpeg,train,,,,,청바지,청바지,와이드,,,,,,,,,,와이드핏,,,데님,
fashion200k_bottoms/images/90685600_0.jpeg,train,,,,,팬츠,,페그,풀렝스,,,,,롱·긴바지 기장,,,,테이퍼드핏,,,,
fashion200k_bottoms/images/90685970_0.jpeg,val,,,,,팬츠,,플레어,풀렝스,,,,,롱·긴바지 기장,,,,플레어핏,,,,
fashion200k_bottoms/images/90686658_0.jpeg,val,,,,,팬츠,조거·스웨트팬츠,,풀렝스,,,,,롱·긴바지 기장,,,,,,,,
fashion200k_bottoms/images/90687853_0.jpeg,train,,,,,팬츠,,스키니,,,,,,,,,,슬림핏,,,,
fashion200k_bottoms/images/90688218_0.jpeg,val,,,,,팬츠,,,풀렝스,,,,,롱·긴바지 기장,,,,,,,,
fashion200k_bottoms/images/90689077_0.jpeg,train,,,,,팬츠,레깅스,,,,,,,,,,,,,,,
fashion200k_bottoms/images/90689824_1.jpeg,val,,,,,팬츠,레깅스,,,,,,,,,,,,,,,
fashion200k_bottoms/images/90690343_0.jpeg,val,,,,,팬츠,,스트레이트,,,,,,,,,,스트레이트핏,,,,
fashion200k_bottoms/images/90692241_0.jpeg,train,,,,,팬츠,,,크롭·앵클,드로스트링,,,,미디·7부 기장,,,,,,,,
fashion200k_bottoms/images/90692450_0.jpeg,train,,,,,팬츠,,테이퍼드,,,,,,,,,,테이퍼드핏,,,,
fashion200k_bottoms/images/90692681_0.jpeg,train,,,,,팬츠,조거·스웨트팬츠,,,,,,,,,,,,,,,
fashion200k_bottoms/images/90693083_0.jpeg,train,,,,,팬츠,요가 팬츠,스트레이트,,,,,,,,,,스트레이트핏,,,,
fashion200k_bottoms/images/90693848_0.jpeg,train,,,,,팬츠,,와이드,,플리츠·턱,,,,,,,,와이드핏,,,,
fashion200k_bottoms/images/90694296_0.jpeg,train,,,,,팬츠,하렘 팬츠,,,,,,,,,,,,,,,
fashion200k_bottoms/images/90694303_0.jpeg,train,,,,,팬츠,,플레어,,,,,,,,,,플레어핏,,,,
fashion200k_bottoms/images/90695133_0.jpeg,train,,,,,팬츠,,페그,풀렝스,,,,,롱·긴바지 기장,,,,테이퍼드핏,,,,
fashion200k_bottoms/images/90696836_0.jpeg,train,,,,,팬츠,조거·스웨트팬츠,,,,,,,,,,,,,,,
fashion200k_bottoms/images/90697242_0.jpeg,train,,,,,팬츠,,스트레이트,,사이드 스트라이프,,,,,,,,스트레이트핏,,,,
fashion200k_bottoms/images/90697310_0.jpeg,train,,,,,팬츠,,스트레이트,,,,,,,,,,스트레이트핏,,,,
fashion200k_bottoms/images/90698033_1.jpeg,train,,,,,팬츠,,스트레이트,,밑단 커프,,,,,,,,스트레이트핏,,,,
fashion200k_bottoms/images/90698498_0.jpeg,train,,,,,팬츠,치노 팬츠,스트레이트,,,,,,,,,,스트레이트핏,,,,
fashion200k_bottoms/images/90698528_0.jpeg,train,,,,,팬츠,,스키니,,,,,,,,,,슬림핏,,,,
fashion200k_bottoms/images/90698902_0.jpeg,train,,,,,팬츠,,스키니,,,,,,,,,,슬림핏,,,,
fashion200k_bottoms/images/90699447_0.jpeg,train,,,,,팬츠,,,풀렝스,,,,,롱·긴바지 기장,,,,,,,,
fashion200k_bottoms/images/90700120_0.jpeg,train,,,,,팬츠,트랙팬츠,,풀렝스,,,,,롱·긴바지 기장,,,,,,,,
fashion200k_bottoms/images/90700160_0.jpeg,train,,,,,팬츠,,플레어,크롭·앵클,,,,,미디·7부 기장,,,,플레어핏,,,,
fashion200k_bottoms/images/90700437_0.jpeg,train,,,,,팬츠,트랙팬츠,스트레이트,,,,,,,,,,스트레이트핏,,,,
fashion200k_bottoms/images/90700659_1.jpeg,train,,,,,팬츠,레깅스,,카프리·7부,,,,,미디·7부 기장,,,,,,,,
fashion200k_bottoms/images/90700952_0.jpeg,train,,,,,팬츠,,스트레이트,,드로스트링,,,,,,,,스트레이트핏,,,,
fashion200k_bottoms/images/90701890_0.jpeg,val,,,,,팬츠,하렘 팬츠,테이퍼드,,,,,,,,,,테이퍼드핏,,,,
fashion200k_bottoms/images/90703003_0.jpeg,train,,,,,팬츠,조거·스웨트팬츠,스트레이트,,,,,,,,,,스트레이트핏,,,,
fashion200k_bottoms/images/90703571_0.jpeg,train,,,,,팬츠,,,크롭·앵클,,,,,미디·7부 기장,,,,,,,,
fashion200k_bottoms/images/90703822_0.jpeg,train,,,,,팬츠,,,크롭·앵클,플리츠·턱,,,,미디·7부 기장,,,,,,,,
fashion200k_bottoms/images/90703834_0.jpeg,train,,,,,청바지,청바지,스키니,,,,,,,,,,슬림핏,,,데님,
fashion200k_bottoms/images/90704694_1.jpeg,val,,,,,팬츠,,플레어,풀렝스,,,,,롱·긴바지 기장,,,,플레어핏,,,,
fashion200k_bottoms/images/90705066_1.jpeg,train,,,,,팬츠,,스트레이트,,,,,,,,,,스트레이트핏,,,,
fashion200k_bottoms/images/90705144_0.jpeg,train,,,,,팬츠,,테이퍼드,크롭·앵클,,,,,미디·7부 기장,,,,테이퍼드핏,,,,
fashion200k_bottoms/images/90705769_0.jpeg,train,,,,,팬츠,트랙팬츠,와이드,,,,,,,,,,와이드핏,,,,
fashion200k_bottoms/images/90706041_0.jpeg,val,,,,,팬츠,,테이퍼드,풀렝스,,,,,롱·긴바지 기장,,,,테이퍼드핏,,,,
fashion200k_bottoms/images/90706460_0.jpeg,train,,,,,팬츠,하렘 팬츠,테이퍼드,,,,,,,,,,테이퍼드핏,,,,
fashion200k_bottoms/images/90707007_1.jpeg,val,,,,,팬츠,,플레어,풀렝스,,,,,롱·긴바지 기장,,,,플레어핏,,,,
fashion200k_bottoms/images/90707720_0.jpeg,train,,,,,팬츠,,스트레이트,,,,,,,,,,스트레이트핏,,,,
fashion200k_bottoms/images/90708141_0.jpeg,train,,,,,팬츠,,스트레이트,크롭·앵클,,,,,미디·7부 기장,,,,스트레이트핏,,,,
fashion200k_bottoms/images/90708568_0.jpeg,train,,,,,팬츠,,,풀렝스,사이드 스트라이프,,,,롱·긴바지 기장,,,,,,,,
fashion200k_bottoms/images/90708670_0.jpeg,train,,,,,팬츠,슬랙스,스트레이트,,,,,,,,,,스트레이트핏,,,,
fashion200k_bottoms/images/90708840_0.jpeg,train,,,,,팬츠,레깅스,,카프리·7부,,,,,미디·7부 기장,,,,,,,,
fashion200k_bottoms/images/90709044_0.jpeg,val,,,,,팬츠,레깅스,,카프리·7부,,,,,미디·7부 기장,,,,,,,,
fashion200k_bottoms/images/90709814_0.jpeg,train,,,,,팬츠,레깅스,,카프리·7부,,,,,미디·7부 기장,,,,,,,,
fashion200k_bottoms/images/90710356_0.jpeg,train,,,,,팬츠,하렘 팬츠,,,플리츠·턱,,,,,,,,,,,,
fashion200k_bottoms/images/90710388_0.jpeg,train,,,,,팬츠,트랙팬츠,,,,,,,,,,,,,,,
fashion200k_bottoms/images/90711879_0.jpeg,train,,,,,팬츠,레깅스,,카프리·7부,,,,,미디·7부 기장,,,,,,,,
fashion200k_bottoms/images/90711895_1.jpeg,train,,,,,팬츠,,와이드,,,,,,,,,,와이드핏,,,,
fashion200k_bottoms/images/90711962_0.jpeg,train,,,,,팬츠,,,크롭·앵클,,,,,미디·7부 기장,,,,,,,,
fashion200k_bottoms/images/90712147_0.jpeg,train,,,,,팬츠,,,풀렝스,드로스트링,,,,롱·긴바지 기장,,,,,,,,
fashion200k_bottoms/images/90712769_0.jpeg,train,,,,,팬츠,트랙팬츠,,크롭·앵클,,,,,미디·7부 기장,,,,,,,,
fashion200k_bottoms/images/90712791_0.jpeg,train,,,,,팬츠,조거·스웨트팬츠,,풀렝스,,,,,롱·긴바지 기장,,,,,,,,
fashion200k_bottoms/images/90713551_0.jpeg,train,,,,,팬츠,레깅스,,카프리·7부,,,,,미디·7부 기장,,,,,,,,
fashion200k_bottoms/images/90713636_0.jpeg,train,,,,,팬츠,트랙팬츠,와이드,,,,,,,,,,와이드핏,,,,
fashion200k_bottoms/images/90713675_1.jpeg,train,,,,,팬츠,,테이퍼드,,,,,,,,,,테이퍼드핏,,,,
fashion200k_bottoms/images/90713717_0.jpeg,train,,,,,팬츠,,테이퍼드,크롭·앵클,,,,,미디·7부 기장,,,,테이퍼드핏,,,,
fashion200k_bottoms/images/90713728_1.jpeg,train,,,,,팬츠,트랙팬츠,,풀렝스,,,,,롱·긴바지 기장,,,,,,,,
fashion200k_bottoms/images/90714145_0.jpeg,train,,,,,팬츠,슬랙스,,크롭·앵클,,,,,미디·7부 기장,,,,,,,,
fashion200k_bottoms/images/90714437_0.jpeg,train,,,,,팬츠,,테이퍼드,,,,,,,,,,테이퍼드핏,,,,
fashion200k_bottoms/images/90714985_0.jpeg,train,,,,,팬츠,카고 팬츠,와이드,,카고 포켓,,,,,,,,와이드핏,,,,
fashion200k_bottoms/images/90714987_0.jpeg,val,,,,,팬츠,,스키니,,,,,,,,,,슬림핏,,,,
fashion200k_bottoms/images/90715053_0.jpeg,train,,,,,팬츠,,,크롭·앵클,,,,,미디·7부 기장,,,,,,,,
fashion200k_bottoms/images/90715427_0.jpeg,train,,,,,팬츠,,,풀렝스,,,,,롱·긴바지 기장,,,,,,,,
fashion200k_bottoms/images/90715443_0.jpeg,train,,,,,팬츠,,,크롭·앵클,,,,,미디·7부 기장,,,,,,,,
fashion200k_bottoms/images/90715544_0.jpeg,train,,,,,팬츠,조거·스웨트팬츠,와이드,,,,,,,,,,와이드핏,,,,
fashion200k_bottoms/images/90716054_0.jpeg,train,,,,,팬츠,조거·스웨트팬츠,,크롭·앵클,,,,,미디·7부 기장,,,,,,,,
fashion200k_bottoms/images/90716381_0.jpeg,train,,,,,팬츠,,,크롭·앵클,,,,,미디·7부 기장,,,,,,,,
fashion200k_bottoms/images/90716557_0.jpeg,train,,,,,팬츠,레깅스,,카프리·7부,,,,,미디·7부 기장,,,,,,,,
fashion200k_bottoms/images/90717152_0.jpeg,train,,,,,팬츠,,스키니,,,,,,,,,,슬림핏,,,,
fashion200k_bottoms/images/90717681_0.jpeg,train,,,,,팬츠,,테이퍼드,풀렝스,,,,,롱·긴바지 기장,,,,테이퍼드핏,,,,
fashion200k_bottoms/images/90717756_1.jpeg,train,,,,,팬츠,트랙팬츠,,풀렝스,,,,,롱·긴바지 기장,,,,,,,,
fashion200k_bottoms/images/90718087_0.jpeg,train,,,,,팬츠,조거·스웨트팬츠,스키니,,,,,,,,,,슬림핏,,,,
fashion200k_bottoms/images/90719002_0.jpeg,train,,,,,팬츠,레깅스,,,,,,,,,,,,,,,
fashion200k_bottoms/images/90719244_0.jpeg,val,,,,,팬츠,,와이드,,,,,,,,,,와이드핏,,,,
fashion200k_bottoms/images/90720491_0.jpeg,val,,,,,팬츠,조거·스웨트팬츠,,풀렝스,,,,,롱·긴바지 기장,,,,,,,,
fashion200k_bottoms/images/90720961_0.jpeg,train,,,,,팬츠,조거·스웨트팬츠,스키니,,,,,,,,,,슬림핏,,,,
fashion200k_bottoms/images/90721130_0.jpeg,val,,,,,팬츠,,,카프리·7부,,,,,미디·7부 기장,,,,,,,,
fashion200k_bottoms/images/90721790_0.jpeg,train,,,,,팬츠,레깅스,,카프리·7부,,,,,미디·7부 기장,,,,,,,,
fashion200k_bottoms/images/90722104_0.jpeg,train,,,,,팬츠,레깅스,,카프리·7부,,,,,미디·7부 기장,,,,,,,,
fashion200k_bottoms/images/90722172_0.jpeg,train,,,,,팬츠,,스키니,풀렝스,,,,,롱·긴바지 기장,,,,슬림핏,,,,
fashion200k_bottoms/images/90722496_0.jpeg,train,,,,,팬츠,,와이드,,,,,,,,,,와이드핏,,,,
fashion200k_bottoms/images/90723210_0.jpeg,train,,,,,팬츠,,스키니,카프리·7부,,,,,미디·7부 기장,,,,슬림핏,,,,
fashion200k_bottoms/images/90723693_0.jpeg,train,,,,,팬츠,하렘 팬츠,,,드로스트링,,,,,,,,,,,,
fashion200k_bottoms/images/90723709_0.jpeg,train,,,,,팬츠,,,크롭·앵클,,,,,미디·7부 기장,,,,,,,,
fashion200k_bottoms/images/90724483_0.jpeg,val,,,,,팬츠,슬랙스,,크롭·앵클,,,,,미디·7부 기장,,,,,,,,
fashion200k_bottoms/images/90724581_0.jpeg,train,,,,,팬츠,,페그,,,,,,,,,,테이퍼드핏,,,,
fashion200k_bottoms/images/90725259_0.jpeg,train,,,,,팬츠,조거·스웨트팬츠,,풀렝스,,,,,롱·긴바지 기장,,,,,,,,
fashion200k_bottoms/images/90726087_0.jpeg,train,,,,,팬츠,치노 팬츠,,크롭·앵클,,,,,미디·7부 기장,,,,,,,,
fashion200k_bottoms/images/90726294_0.jpeg,train,,,,,팬츠,조거·스웨트팬츠,,,,,,,,,,,,,,,
fashion200k_bottoms/images/90726404_0.jpeg,train,,,,,팬츠,레깅스,,,,,,,,,,,,,,,
fashion200k_bottoms/images/90727047_0.jpeg,train,,,,,팬츠,세일러 팬츠,,풀렝스,,,,,롱·긴바지 기장,,,,,,,,
fashion200k_bottoms/images/90727214_0.jpeg,train,,,,,팬츠,하렘 팬츠,테이퍼드,,,,,,,,,,테이퍼드핏,,,,
fashion200k_bottoms/images/90727574_0.jpeg,train,,,,,팬츠,,와이드,,,,,,,,,,와이드핏,,,,
fashion200k_bottoms/images/90727778_0.jpeg,train,,,,,팬츠,,플레어,,,,,,,,,,플레어핏,,,,
fashion200k_bottoms/images/90728917_0.jpeg,train,,,,,팬츠,레깅스,,,,,,,,,,,,,,,
fashion200k_bottoms/images/90728965_0.jpeg,train,,,,,팬츠,슬랙스,스트레이트,,,,,,,,,,스트레이트핏,,,,
fashion200k_bottoms/images/90732363_1.jpeg,val,,,,,팬츠,치노 팬츠,스트레이트,,,,,,,,,,스트레이트핏,,,,
fashion200k_bottoms/images/90732462_0.jpeg,val,,,,,팬츠,,,크롭·앵클,플리츠·턱,,,,미디·7부 기장,,,,,,,,
fashion200k_bottoms/images/90734304_0.jpeg,train,,,,,팬츠,,팔라초,,,,,,,,,,와이드핏,,,,
fashion200k_bottoms/images/90734743_0.jpeg,train,,,,,팬츠,하렘 팬츠,테이퍼드,,,,,,,,,,테이퍼드핏,,,,
fashion200k_bottoms/images/90736097_0.jpeg,val,,,,,팬츠,,플레어,,,,,,,,,,플레어핏,,,,
fashion200k_bottoms/images/90736450_0.jpeg,train,,,,,팬츠,,부츠컷,풀렝스,,,,,롱·긴바지 기장,,,,플레어핏,,,,
fashion200k_bottoms/images/90736970_0.jpeg,train,,,,,팬츠,,부츠컷,,,,,,,,,,플레어핏,,,,
fashion200k_bottoms/images/90738083_0.jpeg,train,,,,,팬츠,,,크롭·앵클,,,,,미디·7부 기장,,,,,,,,
fashion200k_bottoms/images/90740418_0.jpeg,train,,,,,팬츠,,스트레이트,,,,,,,,,,스트레이트핏,,,,
fashion200k_bottoms/images/90742654_0.jpeg,val,,,,,팬츠,,팔라초,,,,,,,,,,와이드핏,,,,
fashion200k_bottoms/images/90744459_0.jpeg,train,,,,,팬츠,,,크롭·앵클,,,,,미디·7부 기장,,,,,,,,
fashion200k_bottoms/images/90745354_0.jpeg,val,,,,,팬츠,,부츠컷,,,,,,,,,,플레어핏,,,,
fashion200k_bottoms/images/90745480_0.jpeg,train,,,,,팬츠,,스트레이트,,,,,,,,,,스트레이트핏,,,,
fashion200k_bottoms/images/90745720_0.jpeg,train,,,,,팬츠,,부츠컷,,,,,,,,,,플레어핏,,,,
fashion200k_bottoms/images/90745766_0.jpeg,train,,,,,팬츠,,페그,,,,,,,,,,테이퍼드핏,,,,
fashion200k_bottoms/images/90745897_0.jpeg,train,,,,,팬츠,,와이드,크롭·앵클,,,,,미디·7부 기장,,,,와이드핏,,,,
fashion200k_bottoms/images/90746010_0.jpeg,train,,,,,팬츠,,와이드,,,,,,,,,,와이드핏,,,,
fashion200k_bottoms/images/90746323_0.jpeg,train,,,,,팬츠,,테이퍼드,,,,,,,,,,테이퍼드핏,,,,
fashion200k_bottoms/images/90746706_1.jpeg,train,,,,,팬츠,,,크롭·앵클,,,,,미디·7부 기장,,,,,,,,
fashion200k_bottoms/images/90746709_0.jpeg,train,,,,,팬츠,치노 팬츠,,크롭·앵클,,,,,미디·7부 기장,,,,,,,,
fashion200k_bottoms/images/90746816_0.jpeg,train,,,,,팬츠,트랙팬츠,스키니,,,,,,,,,,슬림핏,,,,
fashion200k_bottoms/images/90747292_0.jpeg,train,,,,,팬츠,레깅스,,,,,,,,,,,,,,,
fashion200k_bottoms/images/90749386_0.jpeg,train,,,,,팬츠,,스키니,,,,,,,,,,슬림핏,,,,
fashion200k_bottoms/images/90751153_1.jpeg,train,,,,,팬츠,슬랙스,,크롭·앵클,,,,,미디·7부 기장,,,,,,,,
fashion200k_bottoms/images/90751295_0.jpeg,train,,,,,팬츠,,,크롭·앵클,,,,,미디·7부 기장,,,,,,,,
fashion200k_bottoms/images/90751880_0.jpeg,train,,,,,팬츠,치노 팬츠,,크롭·앵클,,,,,미디·7부 기장,,,,,,,,
fashion200k_bottoms/images/90751996_0.jpeg,train,,,,,팬츠,하렘 팬츠,,,,,,,,,,,,,,,
fashion200k_bottoms/images/90752508_3.jpeg,train,,,,,팬츠,,와이드,크롭·앵클,,,,,미디·7부 기장,,,,와이드핏,,,,
fashion200k_bottoms/images/90752970_0.jpeg,val,,,,,팬츠,치노 팬츠,,크롭·앵클,,,,,미디·7부 기장,,,,,,,,
fashion200k_bottoms/images/90753368_0.jpeg,train,,,,,팬츠,치노 팬츠,,크롭·앵클,,,,,미디·7부 기장,,,,,,,,
fashion200k_bottoms/images/90753808_0.jpeg,train,,,,,팬츠,카고 팬츠,,,카고 포켓,,,,,,,,,,,,
fashion200k_bottoms/images/90753896_0.jpeg,train,,,,,팬츠,조거·스웨트팬츠,,풀렝스,,,,,롱·긴바지 기장,,,,,,,,
fashion200k_bottoms/images/90755129_0.jpeg,train,,,,,팬츠,,플레어,크롭·앵클,,,,,미디·7부 기장,,,,플레어핏,,,,
fashion200k_bottoms/images/90755213_0.jpeg,train,,,,,팬츠,치노 팬츠,스키니,,,,,,,,,,슬림핏,,,,
fashion200k_bottoms/images/90756578_0.jpeg,train,,,,,팬츠,,플레어,,,,,,,,,,플레어핏,,,,
fashion200k_bottoms/images/90757103_0.jpeg,train,,,,,팬츠,트랙팬츠,,크롭·앵클,,,,,미디·7부 기장,,,,,,,,
fashion200k_bottoms/images/90757268_0.jpeg,train,,,,,팬츠,,스키니,,,,,,,,,,슬림핏,,,,
fashion200k_bottoms/images/90757838_0.jpeg,val,,,,,팬츠,,스키니,,,,,,,,,,슬림핏,,,,
fashion200k_bottoms/images/90758568_0.jpeg,train,,,,,팬츠,슬랙스,,크롭·앵클,,,,,미디·7부 기장,,,,,,,,
fashion200k_bottoms/images/90758591_1.jpeg,train,,,,,팬츠,치노 팬츠,,크롭·앵클,,,,,미디·7부 기장,,,,,,,,
fashion200k_bottoms/images/90758604_0.jpeg,val,,,,,팬츠,,스키니,,,,,,,,,,슬림핏,,,,
fashion200k_bottoms/images/90759701_0.jpeg,val,,,,,팬츠,,테이퍼드,풀렝스,,,,,롱·긴바지 기장,,,,테이퍼드핏,,,,
fashion200k_bottoms/images/90760768_0.jpeg,train,,,,,팬츠,하렘 팬츠,페그,,,,,,,,,,테이퍼드핏,,,,
fashion200k_bottoms/images/90760876_0.jpeg,train,,,,,팬츠,레깅스,,,플리츠·턱,,,,,,,,,,,,
fashion200k_bottoms/images/90760998_0.jpeg,val,,,,,팬츠,레깅스,,카프리·7부,,,,,미디·7부 기장,,,,,,,,
fashion200k_bottoms/images/90761511_0.jpeg,val,,,,,팬츠,,테이퍼드,,,,,,,,,,테이퍼드핏,,,,
fashion200k_bottoms/images/90761827_0.jpeg,train,,,,,팬츠,,스키니,,,,,,,,,,슬림핏,,,,
fashion200k_bottoms/images/90761901_1.jpeg,train,,,,,팬츠,,와이드,풀렝스,,,,,롱·긴바지 기장,,,,와이드핏,,,,
fashion200k_bottoms/images/90762027_0.jpeg,train,,,,,팬츠,,플레어,,,,,,,,,,플레어핏,,,,
fashion200k_bottoms/images/90762797_2.jpeg,train,,,,,팬츠,,플레어,,,,,,,,,,플레어핏,,,,
fashion200k_bottoms/images/90763068_0.jpeg,train,,,,,팬츠,하렘 팬츠,,,,,,,,,,,,,,,
fashion200k_bottoms/images/90766196_0.jpeg,val,,,,,팬츠,,와이드,,,,,,,,,,와이드핏,,,,
fashion200k_bottoms/images/90768911_0.jpeg,train,,,,,팬츠,,,풀렝스,플리츠·턱,,,,롱·긴바지 기장,,,,,,,,
fashion200k_bottoms/images/90768967_0.jpeg,train,,,,,팬츠,,와이드,,,,,,,,,,와이드핏,,,,
fashion200k_bottoms/images/90769084_0.jpeg,val,,,,,팬츠,,플레어,풀렝스,,,,,롱·긴바지 기장,,,,플레어핏,,,,
fashion200k_bottoms/images/90770402_0.jpeg,train,,,,,팬츠,,팔라초,풀렝스,,,,,롱·긴바지 기장,,,,와이드핏,,,,
fashion200k_bottoms/images/90770595_0.jpeg,train,,,,,팬츠,조거·스웨트팬츠,스트레이트,,,,,,,,,,스트레이트핏,,,,
fashion200k_bottoms/images/90771146_0.jpeg,val,,,,,팬츠,,스키니,,,,,,,,,,슬림핏,,,,
fashion200k_bottoms/images/90771421_0.jpeg,train,,,,,팬츠,레깅스,,,,,,,,,,,,,,,
fashion200k_bottoms/images/90772774_0.jpeg,train,,,,,팬츠,,와이드,,드로스트링,,,,,,,,와이드핏,,,,
fashion200k_bottoms/images/90772910_0.jpeg,train,,,,,팬츠,치노 팬츠,스키니,,,,,,,,,,슬림핏,,,,
fashion200k_bottoms/images/90773322_0.jpeg,train,,,,,팬츠,,,풀렝스,,,,,롱·긴바지 기장,,,,,,,,
fashion200k_bottoms/images/90773484_0.jpeg,train,,,,,팬츠,,테이퍼드,풀렝스,플리츠·턱,,,,롱·긴바지 기장,,,,테이퍼드핏,,,,
fashion200k_bottoms/images/90773946_0.jpeg,val,,,,,팬츠,치노 팬츠,스트레이트,,,,,,,,,,스트레이트핏,,,,
fashion200k_bottoms/images/90774669_0.jpeg,val,,,,,팬츠,,와이드,,플리츠·턱,,,,,,,,와이드핏,,,,
fashion200k_bottoms/images/90776612_0.jpeg,train,,,,,팬츠,치노 팬츠,스트레이트,,,,,,,,,,스트레이트핏,,,,
fashion200k_bottoms/images/90777201_0.jpeg,train,,,,,팬츠,,와이드,,플리츠·턱,,,,,,,,와이드핏,,,,
fashion200k_bottoms/images/90777884_0.jpeg,val,,,,,팬츠,레깅스,,,,,,,,,,,,,,,
fashion200k_bottoms/images/90778160_0.jpeg,train,,,,,팬츠,,,카프리·7부,,,,,미디·7부 기장,,,,,,,,
fashion200k_bottoms/images/90779129_0.jpeg,train,,,,,팬츠,,테이퍼드,크롭·앵클,,,,,미디·7부 기장,,,,테이퍼드핏,,,,
fashion200k_bottoms/images/90779392_0.jpeg,train,,,,,팬츠,레깅스,,,,,,,,,,,,,,,
fashion200k_bottoms/images/90780488_0.jpeg,train,,,,,팬츠,레깅스,,,,,,,,,,,,,,,
fashion200k_bottoms/images/90783154_0.jpeg,train,,,,,팬츠,레깅스,,카프리·7부,,,,,미디·7부 기장,,,,,,,,
fashion200k_bottoms/images/90784886_0.jpeg,train,,,,,팬츠,,와이드,,,,,,,,,,와이드핏,,,,
fashion200k_bottoms/images/90785059_0.jpeg,val,,,,,팬츠,레깅스,,,,,,,,,,,,,,,
fashion200k_bottoms/images/90785531_0.jpeg,train,,,,,팬츠,,,풀렝스,밑단 커프,,,,롱·긴바지 기장,,,,,,,,
fashion200k_bottoms/images/90785597_0.jpeg,train,,,,,팬츠,,,크롭·앵클,,,,,미디·7부 기장,,,,,,,,
fashion200k_bottoms/images/90786393_0.jpeg,train,,,,,팬츠,레깅스,,카프리·7부,,,,,미디·7부 기장,,,,,,,,
fashion200k_bottoms/images/90786886_0.jpeg,val,,,,,팬츠,,스키니,,,,,,,,,,슬림핏,,,,
fashion200k_bottoms/images/90787849_0.jpeg,train,,,,,팬츠,,스키니,,,,,,,,,,슬림핏,,,,
fashion200k_bottoms/images/90787888_0.jpeg,train,,,,,팬츠,,스키니,,,,,,,,,,슬림핏,,,,
fashion200k_bottoms/images/90788041_0.jpeg,train,,,,,팬츠,레깅스,,,,,,,,,,,,,,,
fashion200k_bottoms/images/90788257_0.jpeg,train,,,,,팬츠,레깅스,,카프리·7부,,,,,미디·7부 기장,,,,,,,,
fashion200k_bottoms/images/90788542_0.jpeg,train,,,,,팬츠,레깅스,스키니,,,,,,,,,,슬림핏,,,,
fashion200k_bottoms/images/90789264_0.jpeg,train,,,,,팬츠,,,풀렝스,,,,,롱·긴바지 기장,,,,,,,,
fashion200k_bottoms/images/90789293_0.jpeg,train,,,,,팬츠,,스트레이트,,플리츠·턱,,,,,,,,스트레이트핏,,,,
fashion200k_bottoms/images/90789614_0.jpeg,train,,,,,팬츠,하렘 팬츠,페그,,,,,,,,,,테이퍼드핏,,,,
fashion200k_bottoms/images/90789983_0.jpeg,train,,,,,팬츠,,테이퍼드,크롭·앵클,,,,,미디·7부 기장,,,,테이퍼드핏,,,,
fashion200k_bottoms/images/90790166_0.jpeg,train,,,,,팬츠,,스트레이트,,,,,,,,,,스트레이트핏,,,,
fashion200k_bottoms/images/90790462_0.jpeg,train,,,,,팬츠,,부츠컷,,,,,,,,,,플레어핏,,,,
fashion200k_bottoms/images/90790614_0.jpeg,val,,,,,팬츠,,스트레이트,,,,,,,,,,스트레이트핏,,,,
fashion200k_bottoms/images/90790812_0.jpeg,train,,,,,팬츠,레깅스,,카프리·7부,,,,,미디·7부 기장,,,,,,,,
fashion200k_bottoms/images/90790992_0.jpeg,train,,,,,팬츠,슬랙스,와이드,,,,,,,,,,와이드핏,,,,
fashion200k_bottoms/images/90791343_0.jpeg,train,,,,,팬츠,,스키니,,,,,,,,,,슬림핏,,,,
fashion200k_bottoms/images/90792104_0.jpeg,train,,,,,청바지,청바지,스트레이트,,,,,,,,,,스트레이트핏,,,데님,
fashion200k_bottoms/images/90792440_0.jpeg,train,,,,,팬츠,,,크롭·앵클,,,,,미디·7부 기장,,,,,,,,
fashion200k_bottoms/images/90792775_0.jpeg,train,,,,,팬츠,,,풀렝스,,,,,롱·긴바지 기장,,,,,,,,
fashion200k_bottoms/images/90793681_0.jpeg,train,,,,,팬츠,조거·스웨트팬츠,와이드,,,,,,,,,,와이드핏,,,,
fashion200k_bottoms/images/90793761_0.jpeg,train,,,,,팬츠,레깅스,,,,,,,,,,,,,,,
fashion200k_bottoms/images/90793945_0.jpeg,train,,,,,팬츠,,테이퍼드,풀렝스,,,,,롱·긴바지 기장,,,,테이퍼드핏,,,,
fashion200k_bottoms/images/90794789_0.jpeg,train,,,,,팬츠,트랙팬츠,스트레이트,,,,,,,,,,스트레이트핏,,,,
fashion200k_bottoms/images/90795128_0.jpeg,train,,,,,팬츠,,플레어,,,,,,,,,,플레어핏,,,,
fashion200k_bottoms/images/90795444_5.jpeg,train,,,,,팬츠,,팔라초,크롭·앵클,,,,,미디·7부 기장,,,,와이드핏,,,,
fashion200k_bottoms/images/90795774_0.jpeg,train,,,,,팬츠,,페그,크롭·앵클,,,,,미디·7부 기장,,,,테이퍼드핏,,,,
fashion200k_bottoms/images/90795952_1.jpeg,train,,,,,팬츠,,와이드,,밴딩 허리,,,,,,,,와이드핏,,,,
fashion200k_bottoms/images/90796309_0.jpeg,val,,,,,팬츠,,와이드,,플리츠·턱,,,,,,,,와이드핏,,,,
fashion200k_bottoms/images/90796551_0.jpeg,train,,,,,팬츠,,부츠컷,,,,,,,,,,플레어핏,,,,
fashion200k_bottoms/images/90796975_0.jpeg,train,,,,,팬츠,하렘 팬츠,,,드로스트링,,,,,,,,,,,,
fashion200k_bottoms/images/90798391_0.jpeg,train,,,,,팬츠,슬랙스,스트레이트,,,,,,,,,,스트레이트핏,,,,
fashion200k_bottoms/images/90799373_0.jpeg,val,,,,,팬츠,,스트레이트,,,,,,,,,,스트레이트핏,,,,
fashion200k_bottoms/images/90799455_0.jpeg,train,,,,,팬츠,레깅스,,카프리·7부,,,,,미디·7부 기장,,,,,,,,
fashion200k_bottoms/images/90799535_0.jpeg,train,,,,,팬츠,,플레어,크롭·앵클,,,,,미디·7부 기장,,,,플레어핏,,,,
fashion200k_bottoms/images/90799780_0.jpeg,train,,,,,팬츠,,와이드,,플리츠·턱,,,,,,,,와이드핏,,,,
fashion200k_bottoms/images/90800204_0.jpeg,train,,,,,팬츠,레깅스,,카프리·7부,,,,,미디·7부 기장,,,,,,,,
fashion200k_bottoms/images/90801553_0.jpeg,train,,,,,팬츠,카고 팬츠,,크롭·앵클,카고 포켓,,,,미디·7부 기장,,,,,,,,
fashion200k_bottoms/images/90801659_0.jpeg,train,,,,,팬츠,하렘 팬츠,,,,,,,,,,,,,,,
fashion200k_bottoms/images/90801702_0.jpeg,train,,,,,팬츠,트랙팬츠,,크롭·앵클,,,,,미디·7부 기장,,,,,,,,
fashion200k_bottoms/images/90801782_0.jpeg,train,,,,,팬츠,트랙팬츠,,크롭·앵클,,,,,미디·7부 기장,,,,,,,,
fashion200k_bottoms/images/90801878_0.jpeg,train,,,,,팬츠,,,카프리·7부,,,,,미디·7부 기장,,,,,,,,
fashion200k_bottoms/images/90801949_1.jpeg,train,,,,,팬츠,,스트레이트,,플리츠·턱,,,,,,,,스트레이트핏,,,,
fashion200k_bottoms/images/90802053_0.jpeg,train,,,,,팬츠,레깅스,,,플리츠·턱,,,,,,,,,,,,
fashion200k_bottoms/images/90802257_0.jpeg,train,,,,,팬츠,치노 팬츠,,풀렝스,,,,,롱·긴바지 기장,,,,,,,,
fashion200k_bottoms/images/90802581_0.jpeg,train,,,,,팬츠,조거·스웨트팬츠,스키니,,,,,,,,,,슬림핏,,,,
fashion200k_bottoms/images/90802860_0.jpeg,train,,,,,팬츠,,,크롭·앵클,,,,,미디·7부 기장,,,,,,,,
fashion200k_bottoms/images/90802869_0.jpeg,train,,,,,팬츠,조거·스웨트팬츠,,풀렝스,,,,,롱·긴바지 기장,,,,,,,,
fashion200k_bottoms/images/90802970_1.jpeg,train,,,,,팬츠,,스트레이트,,,,,,,,,,스트레이트핏,,,,
fashion200k_bottoms/images/90803054_1.jpeg,train,,,,,팬츠,하렘 팬츠,테이퍼드,,,,,,,,,,테이퍼드핏,,,,
fashion200k_bottoms/images/90803229_0.jpeg,train,,,,,팬츠,조거·스웨트팬츠,,풀렝스,,,,,롱·긴바지 기장,,,,,,,,
fashion200k_bottoms/images/90803456_0.jpeg,train,,,,,팬츠,,,풀렝스,,,,,롱·긴바지 기장,,,,,,,,
fashion200k_bottoms/images/90803526_0.jpeg,train,,,,,팬츠,,,크롭·앵클,,,,,미디·7부 기장,,,,,,,,
fashion200k_bottoms/images/90803584_0.jpeg,train,,,,,팬츠,조거·스웨트팬츠,,풀렝스,,,,,롱·긴바지 기장,,,,,,,,
fashion200k_bottoms/images/90803615_0.jpeg,train,,,,,팬츠,,,크롭·앵클,,,,,미디·7부 기장,,,,,,,,
fashion200k_bottoms/images/90803716_0.jpeg,train,,,,,팬츠,레깅스,,,,,,,,,,,,,,,
fashion200k_bottoms/images/90803730_0.jpeg,train,,,,,팬츠,트랙팬츠,,크롭·앵클,,,,,미디·7부 기장,,,,,,,,
fashion200k_bottoms/images/90803849_0.jpeg,train,,,,,팬츠,,플레어,,,,,,,,,,플레어핏,,,,
fashion200k_bottoms/images/90803968_0.jpeg,train,,,,,팬츠,치노 팬츠,,풀렝스,,,,,롱·긴바지 기장,,,,,,,,
fashion200k_bottoms/images/90804266_0.jpeg,train,,,,,팬츠,,플레어,풀렝스,,,,,롱·긴바지 기장,,,,플레어핏,,,,
fashion200k_bottoms/images/90805208_0.jpeg,train,,,,,팬츠,,와이드,크롭·앵클,플리츠·턱,,,,미디·7부 기장,,,,와이드핏,,,,
fashion200k_bottoms/images/90807458_0.jpeg,train,,,,,팬츠,,테이퍼드,,,,,,,,,,테이퍼드핏,,,,
fashion200k_bottoms/images/90807738_1.jpeg,train,,,,,팬츠,트랙팬츠,스키니,,,,,,,,,,슬림핏,,,,
fashion200k_bottoms/images/90807786_0.jpeg,train,,,,,팬츠,,와이드,,,,,,,,,,와이드핏,,,,
fashion200k_bottoms/images/90807952_0.jpeg,train,,,,,팬츠,치노 팬츠,스키니,,,,,,,,,,슬림핏,,,,
fashion200k_bottoms/images/90808120_0.jpeg,train,,,,,팬츠,,플레어,,,,,,,,,,플레어핏,,,,
fashion200k_bottoms/images/90808548_0.jpeg,train,,,,,팬츠,,와이드,,,,,,,,,,와이드핏,,,,
fashion200k_bottoms/images/90808664_0.jpeg,train,,,,,팬츠,조거·스웨트팬츠,,크롭·앵클,,,,,미디·7부 기장,,,,,,,,
fashion200k_bottoms/images/90809307_0.jpeg,train,,,,,팬츠,요가 팬츠,,,,,,,,,,,,,,,
fashion200k_bottoms/images/90809410_0.jpeg,val,,,,,팬츠,,페그,,,,,,,,,,테이퍼드핏,,,,
fashion200k_bottoms/images/90809670_1.jpeg,val,,,,,팬츠,,플레어,크롭·앵클,,,,,미디·7부 기장,,,,플레어핏,,,,
fashion200k_bottoms/images/90809677_0.jpeg,train,,,,,팬츠,,,크롭·앵클,,,,,미디·7부 기장,,,,,,,,
fashion200k_bottoms/images/90810008_0.jpeg,train,,,,,팬츠,레깅스,,,,,,,,,,,,,,,
fashion200k_bottoms/images/90810771_3.jpeg,train,,,,,팬츠,하렘 팬츠,,,,,,,,,,,,,,,
fashion200k_bottoms/images/90811196_0.jpeg,train,,,,,팬츠,,,크롭·앵클,,,,,미디·7부 기장,,,,,,,,
fashion200k_bottoms/images/90812604_1.jpeg,train,,,,,팬츠,,와이드,,플리츠·턱,,,,,,,,와이드핏,,,,
fashion200k_bottoms/images/90812615_0.jpeg,train,,,,,팬츠,,부츠컷,풀렝스,,,,,롱·긴바지 기장,,,,플레어핏,,,,
fashion200k_bottoms/images/90812785_0.jpeg,train,,,,,팬츠,레깅스,,,,,,,,,,,,,,,
fashion200k_bottoms/images/90812858_0.jpeg,val,,,,,팬츠,트랙팬츠,,풀렝스,,,,,롱·긴바지 기장,,,,,,,,
fashion200k_bottoms/images/90813030_0.jpeg,train,,,,,팬츠,,스키니,,,,,,,,,,슬림핏,,,,
fashion200k_bottoms/images/90813200_0.jpeg,train,,,,,팬츠,요가 팬츠,,,,,,,,,,,,,,,
fashion200k_bottoms/images/90814436_0.jpeg,train,,,,,팬츠,카고 팬츠,,카프리·7부,카고 포켓,,,,미디·7부 기장,,,,,,,,
fashion200k_bottoms/images/90814745_1.jpeg,train,,,,,팬츠,레깅스,,카프리·7부,,,,,미디·7부 기장,,,,,,,,
fashion200k_bottoms/images/90815052_0.jpeg,train,,,,,팬츠,,스키니,,,,,,,,,,슬림핏,,,,
fashion200k_bottoms/images/90815140_0.jpeg,train,,,,,팬츠,조거·스웨트팬츠,스트레이트,,,,,,,,,,스트레이트핏,,,,
fashion200k_bottoms/images/90815461_0.jpeg,train,,,,,팬츠,,테이퍼드,풀렝스,,,,,롱·긴바지 기장,,,,테이퍼드핏,,,,
fashion200k_bottoms/images/90815483_0.jpeg,train,,,,,팬츠,레깅스,,카프리·7부,,,,,미디·7부 기장,,,,,,,,
fashion200k_bottoms/images/90815582_0.jpeg,train,,,,,팬츠,,,풀렝스,,,,,롱·긴바지 기장,,,,,,,,
fashion200k_bottoms/images/90815694_0.jpeg,train,,,,,팬츠,,플레어,풀렝스,,,,,롱·긴바지 기장,,,,플레어핏,,,,
fashion200k_bottoms/images/90815923_0.jpeg,train,,,,,팬츠,,스트레이트,,,,,,,,,,스트레이트핏,,,,
fashion200k_bottoms/images/90816075_0.jpeg,train,,,,,팬츠,,와이드,,,,,,,,,,와이드핏,,,,
fashion200k_bottoms/images/90816087_0.jpeg,train,,,,,팬츠,카고 팬츠,와이드,,카고 포켓|드로스트링,,,,,,,,와이드핏,,,,
fashion200k_bottoms/images/90816422_1.jpeg,val,,,,,팬츠,,테이퍼드,,,,,,,,,,테이퍼드핏,,,,
fashion200k_bottoms/images/90817037_0.jpeg,train,,,,,팬츠,조거·스웨트팬츠,스키니,,,,,,,,,,슬림핏,,,,
fashion200k_bottoms/images/90818833_0.jpeg,train,,,,,팬츠,레깅스,스키니,,밑단 커프,,,,,,,,슬림핏,,,,
fashion200k_bottoms/images/90819730_0.jpeg,train,,,,,팬츠,요가 팬츠,,풀렝스,,,,,롱·긴바지 기장,,,,,,,,
fashion200k_bottoms/images/90820639_0.jpeg,train,,,,,팬츠,,,크롭·앵클,,,,,미디·7부 기장,,,,,,,,
fashion200k_bottoms/images/90821695_0.jpeg,train,,,,,팬츠,,와이드,,플리츠·턱,,,,,,,,와이드핏,,,,
fashion200k_bottoms/images/90822649_0.jpeg,train,,,,,팬츠,,스키니,,사이드 스트라이프,,,,,,,,슬림핏,,,,
fashion200k_bottoms/images/90824346_0.jpeg,train,,,,,팬츠,,플레어,,밴딩 허리,,,,,,,,플레어핏,,,,
fashion200k_bottoms/images/90824364_0.jpeg,train,,,,,팬츠,조거·스웨트팬츠,,크롭·앵클,,,,,미디·7부 기장,,,,,,,,
fashion200k_bottoms/images/90824813_0.jpeg,train,,,,,팬츠,,부츠컷,풀렝스,,,,,롱·긴바지 기장,,,,플레어핏,,,,
fashion200k_bottoms/images/90825862_0.jpeg,train,,,,,팬츠,조거·스웨트팬츠,스키니,,플리츠·턱,,,,,,,,슬림핏,,,,
fashion200k_bottoms/images/90826549_0.jpeg,train,,,,,청바지,청바지,,크롭·앵클,,,,,미디·7부 기장,,,,,,,데님,
fashion200k_bottoms/images/90826671_0.jpeg,train,,,,,팬츠,,스트레이트,,,,,,,,,,스트레이트핏,,,,
fashion200k_bottoms/images/90826752_0.jpeg,train,,,,,팬츠,조거·스웨트팬츠,,풀렝스,,,,,롱·긴바지 기장,,,,,,,,
fashion200k_bottoms/images/90827246_0.jpeg,train,,,,,팬츠,,플레어,,,,,,,,,,플레어핏,,,,
fashion200k_bottoms/images/90827442_0.jpeg,val,,,,,팬츠,레깅스,,카프리·7부,,,,,미디·7부 기장,,,,,,,,
fashion200k_bottoms/images/90827574_0.jpeg,val,,,,,팬츠,레깅스,,카프리·7부,,,,,미디·7부 기장,,,,,,,,
fashion200k_bottoms/images/90828339_0.jpeg,train,,,,,팬츠,,플레어,크롭·앵클,,,,,미디·7부 기장,,,,플레어핏,,,,
fashion200k_bottoms/images/90828445_1.jpeg,val,,,,,팬츠,,플레어,,,,,,,,,,플레어핏,,,,
fashion200k_bottoms/images/90828469_0.jpeg,train,,,,,팬츠,,플레어,,,,,,,,,,플레어핏,,,,
fashion200k_bottoms/images/90829030_0.jpeg,train,,,,,팬츠,조거·스웨트팬츠,,풀렝스,,,,,롱·긴바지 기장,,,,,,,,
fashion200k_bottoms/images/90829208_0.jpeg,val,,,,,팬츠,레깅스,,,,,,,,,,,,,,,
fashion200k_bottoms/images/90829587_0.jpeg,train,,,,,팬츠,,플레어,,,,,,,,,,플레어핏,,,,
fashion200k_bottoms/images/90829677_0.jpeg,train,,,,,팬츠,레깅스,,,,,,,,,,,,,,,
fashion200k_bottoms/images/90829796_0.jpeg,train,,,,,팬츠,레깅스,,카프리·7부,,,,,미디·7부 기장,,,,,,,,
fashion200k_bottoms/images/90830399_1.jpeg,train,,,,,팬츠,,팔라초,,,,,,,,,,와이드핏,,,,
fashion200k_bottoms/images/90830614_0.jpeg,train,,,,,팬츠,요가 팬츠,,,,,,,,,,,,,,,
fashion200k_bottoms/images/90830926_0.jpeg,train,,,,,팬츠,,테이퍼드,크롭·앵클,,,,,미디·7부 기장,,,,테이퍼드핏,,,,
fashion200k_bottoms/images/90830992_0.jpeg,train,,,,,팬츠,조거·스웨트팬츠,스트레이트,,,,,,,,,,스트레이트핏,,,,
fashion200k_bottoms/images/90832028_0.jpeg,train,,,,,팬츠,,스키니,,밑단 커프,,,,,,,,슬림핏,,,,
fashion200k_bottoms/images/90834925_0.jpeg,val,,,,,팬츠,,플레어,풀렝스,,,,,롱·긴바지 기장,,,,플레어핏,,,,
fashion200k_bottoms/images/90835009_0.jpeg,train,,,,,팬츠,,,크롭·앵클,,,,,미디·7부 기장,,,,,,,,
fashion200k_bottoms/images/90835696_0.jpeg,train,,,,,팬츠,하렘 팬츠,,,,,,,,,,,,,,,
fashion200k_bottoms/images/90835868_0.jpeg,val,,,,,팬츠,,,풀렝스,,,,,롱·긴바지 기장,,,,,,,,
fashion200k_bottoms/images/90835882_0.jpeg,val,,,,,팬츠,,와이드,,,,,,,,,,와이드핏,,,,
fashion200k_bottoms/images/90836289_0.jpeg,train,,,,,팬츠,레깅스,,,,,,,,,,,,,,,
fashion200k_bottoms/images/90836447_0.jpeg,train,,,,,팬츠,,페그,,,,,,,,,,테이퍼드핏,,,,
fashion200k_bottoms/images/90836564_0.jpeg,train,,,,,팬츠,,,풀렝스,,,,,롱·긴바지 기장,,,,,,,,
fashion200k_bottoms/images/90836598_0.jpeg,train,,,,,청바지,청바지,플레어,풀렝스,,,,,롱·긴바지 기장,,,,플레어핏,,,데님,
fashion200k_bottoms/images/90836802_0.jpeg,train,,,,,팬츠,,스키니,,,,,,,,,,슬림핏,,,,
fashion200k_bottoms/images/90836970_0.jpeg,val,,,,,팬츠,,테이퍼드,풀렝스,,,,,롱·긴바지 기장,,,,테이퍼드핏,,,,
fashion200k_bottoms/images/90838757_0.jpeg,train,,,,,팬츠,레깅스,,카프리·7부,,,,,미디·7부 기장,,,,,,,,
fashion200k_bottoms/images/90839217_0.jpeg,train,,,,,팬츠,레깅스,,,,,,,,,,,,,,,
fashion200k_bottoms/images/90840254_0.jpeg,train,,,,,팬츠,카고 팬츠,,크롭·앵클,카고 포켓,,,,미디·7부 기장,,,,,,,,
fashion200k_bottoms/images/90840619_0.jpeg,train,,,,,팬츠,레깅스,,,,,,,,,,,,,,,
fashion200k_bottoms/images/90842184_0.jpeg,train,,,,,팬츠,,스키니,,,,,,,,,,슬림핏,,,,
fashion200k_bottoms/images/90842668_0.jpeg,val,,,,,팬츠,레깅스,,,,,,,,,,,,,,,
fashion200k_bottoms/images/90844023_0.jpeg,val,,,,,팬츠,하렘 팬츠,와이드,,,,,,,,,,와이드핏,,,,
fashion200k_bottoms/images/90844100_0.jpeg,train,,,,,팬츠,레깅스,,카프리·7부,,,,,미디·7부 기장,,,,,,,,
fashion200k_bottoms/images/90844755_0.jpeg,train,,,,,팬츠,,스트레이트,,,,,,,,,,스트레이트핏,,,,
fashion200k_bottoms/images/90844974_0.jpeg,val,,,,,팬츠,,플레어,,,,,,,,,,플레어핏,,,,
fashion200k_bottoms/images/90846275_0.jpeg,val,,,,,팬츠,,플레어,풀렝스,,,,,롱·긴바지 기장,,,,플레어핏,,,,
fashion200k_bottoms/images/90846851_0.jpeg,train,,,,,팬츠,,,카프리·7부,,,,,미디·7부 기장,,,,,,,,
fashion200k_bottoms/images/90847441_1.jpeg,train,,,,,팬츠,레깅스,,카프리·7부,,,,,미디·7부 기장,,,,,,,,
fashion200k_bottoms/images/90847454_0.jpeg,val,,,,,팬츠,레깅스,,카프리·7부,,,,,미디·7부 기장,,,,,,,,
fashion200k_bottoms/images/90847927_0.jpeg,val,,,,,팬츠,,,카프리·7부,,,,,미디·7부 기장,,,,,,,,
fashion200k_bottoms/images/90848485_0.jpeg,train,,,,,팬츠,,부츠컷,,,,,,,,,,플레어핏,,,,
fashion200k_bottoms/images/90848773_0.jpeg,train,,,,,팬츠,,와이드,,,,,,,,,,와이드핏,,,,
fashion200k_bottoms/images/90848894_0.jpeg,train,,,,,팬츠,레깅스,,카프리·7부,,,,,미디·7부 기장,,,,,,,,
fashion200k_bottoms/images/90849490_1.jpeg,train,,,,,팬츠,레깅스,,카프리·7부,,,,,미디·7부 기장,,,,,,,,
fashion200k_bottoms/images/90850048_0.jpeg,train,,,,,팬츠,레깅스,,카프리·7부,,,,,미디·7부 기장,,,,,,,,
fashion200k_bottoms/images/90850364_0.jpeg,val,,,,,팬츠,레깅스,,,스터럽,,,,,,,,,,,,
fashion200k_bottoms/images/90850554_0.jpeg,train,,,,,팬츠,레깅스,,카프리·7부,,,,,미디·7부 기장,,,,,,,,
fashion200k_bottoms/images/90851042_0.jpeg,val,,,,,팬츠,레깅스,,카프리·7부,,,,,미디·7부 기장,,,,,,,,
fashion200k_bottoms/images/90851509_0.jpeg,train,,,,,팬츠,레깅스,,,,,,,,,,,,,,,
fashion200k_bottoms/images/90852360_0.jpeg,train,,,,,팬츠,레깅스,,,,,,,,,,,,,,,
fashion200k_bottoms/images/90853594_0.jpeg,train,,,,,팬츠,레깅스,,카프리·7부,,,,,미디·7부 기장,,,,,,,,
fashion200k_bottoms/images/90854045_0.jpeg,train,,,,,팬츠,레깅스,스트레이트,,,,,,,,,,스트레이트핏,,,,
fashion200k_bottoms/images/90854736_0.jpeg,train,,,,,팬츠,레깅스,,,,,,,,,,,,,,,
fashion200k_bottoms/images/90855741_0.jpeg,train,,,,,팬츠,,스트레이트,,,,,,,,,,스트레이트핏,,,,
fashion200k_bottoms/images/90856610_0.jpeg,train,,,,,팬츠,레깅스,,카프리·7부,,,,,미디·7부 기장,,,,,,,,
fashion200k_bottoms/images/90856983_0.jpeg,train,,,,,팬츠,레깅스,,카프리·7부,,,,,미디·7부 기장,,,,,,,,
fashion200k_bottoms/images/90860123_0.jpeg,train,,,,,팬츠,카고 팬츠,,,카고 포켓,,,,,,,,,,,,
fashion200k_bottoms/images/90860554_0.jpeg,val,,,,,팬츠,,스트레이트,,,,,,,,,,스트레이트핏,,,,
fashion200k_bottoms/images/90860807_0.jpeg,train,,,,,팬츠,,플레어,,,,,,,,,,플레어핏,,,,
fashion200k_bottoms/images/90861280_0.jpeg,train,,,,,팬츠,조거·스웨트팬츠,,,,,,,,,,,,,,,
fashion200k_bottoms/images/90861731_0.jpeg,val,,,,,팬츠,,,크롭·앵클,,,,,미디·7부 기장,,,,,,,,
fashion200k_bottoms/images/90861939_0.jpeg,train,,,,,팬츠,,스트레이트,,,,,,,,,,스트레이트핏,,,,
fashion200k_bottoms/images/90862320_0.jpeg,train,,,,,팬츠,,부츠컷,풀렝스,,,,,롱·긴바지 기장,,,,플레어핏,,,,
fashion200k_bottoms/images/90862504_0.jpeg,train,,,,,팬츠,,,크롭·앵클,,,,,미디·7부 기장,,,,,,,,
fashion200k_bottoms/images/90862552_0.jpeg,train,,,,,청바지,청바지,스키니,,,,,,,,,,슬림핏,,,데님,
fashion200k_bottoms/images/90862655_0.jpeg,val,,,,,팬츠,,플레어,크롭·앵클,,,,,미디·7부 기장,,,,플레어핏,,,,
fashion200k_bottoms/images/90863575_0.jpeg,train,,,,,팬츠,레깅스,,카프리·7부,,,,,미디·7부 기장,,,,,,,,
fashion200k_bottoms/images/90864355_0.jpeg,train,,,,,팬츠,,,크롭·앵클,,,,,미디·7부 기장,,,,,,,,
fashion200k_bottoms/images/90865525_1.jpeg,train,,,,,팬츠,,스키니,,,,,,,,,,슬림핏,,,,
fashion200k_bottoms/images/90865913_0.jpeg,train,,,,,팬츠,,,크롭·앵클,,,,,미디·7부 기장,,,,,,,,
fashion200k_bottoms/images/90867330_0.jpeg,train,,,,,팬츠,,,크롭·앵클,밑단 커프,,,,미디·7부 기장,,,,,,,,
fashion200k_bottoms/images/90867858_0.jpeg,train,,,,,팬츠,,스키니,,,,,,,,,,슬림핏,,,,
fashion200k_bottoms/images/90869320_0.jpeg,train,,,,,팬츠,,와이드,,,,,,,,,,와이드핏,,,,
fashion200k_bottoms/images/90869540_0.jpeg,train,,,,,팬츠,,스키니,,,,,,,,,,슬림핏,,,,
fashion200k_bottoms/images/90869661_0.jpeg,train,,,,,팬츠,레깅스,,,,,,,,,,,,,,,
fashion200k_bottoms/images/90870721_0.jpeg,train,,,,,팬츠,레깅스,,,,,,,,,,,,,,,
fashion200k_bottoms/images/90871881_0.jpeg,val,,,,,팬츠,요가 팬츠,,,,,,,,,,,,,,,
fashion200k_bottoms/images/90872041_0.jpeg,val,,,,,팬츠,,,크롭·앵클,,,,,미디·7부 기장,,,,,,,,
fashion200k_bottoms/images/90872086_0.jpeg,train,,,,,팬츠,레깅스,,카프리·7부,,,,,미디·7부 기장,,,,,,,,
fashion200k_bottoms/images/90872850_0.jpeg,val,,,,,팬츠,,스키니,,,,,,,,,,슬림핏,,,,
fashion200k_bottoms/images/90872991_0.jpeg,train,,,,,팬츠,요가 팬츠,스트레이트,,,,,,,,,,스트레이트핏,,,,
fashion200k_bottoms/images/90873044_0.jpeg,train,,,,,팬츠,요가 팬츠,,,,,,,,,,,,,,,
fashion200k_bottoms/images/90873073_0.jpeg,train,,,,,팬츠,요가 팬츠,스트레이트,,,,,,,,,,스트레이트핏,,,,
fashion200k_bottoms/images/90873542_0.jpeg,val,,,,,팬츠,,,풀렝스,,,,,롱·긴바지 기장,,,,,,,,
fashion200k_bottoms/images/90874055_0.jpeg,train,,,,,팬츠,,와이드,,플리츠·턱,,,,,,,,와이드핏,,,,
fashion200k_bottoms/images/90874087_1.jpeg,train,,,,,팬츠,레깅스,,,,,,,,,,,,,,,
fashion200k_bottoms/images/90874571_0.jpeg,train,,,,,팬츠,,와이드,,,,,,,,,,와이드핏,,,,
fashion200k_bottoms/images/90874745_0.jpeg,train,,,,,팬츠,레깅스,,,,,,,,,,,,,,,
fashion200k_bottoms/images/90874785_0.jpeg,train,,,,,팬츠,,플레어,풀렝스,,,,,롱·긴바지 기장,,,,플레어핏,,,,
fashion200k_bottoms/images/90874792_0.jpeg,train,,,,,팬츠,트랙팬츠,와이드,,,,,,,,,,와이드핏,,,,
fashion200k_bottoms/images/90874994_3.jpeg,train,,,,,팬츠,,플레어,,,,,,,,,,플레어핏,,,,
fashion200k_bottoms/images/90875354_0.jpeg,val,,,,,팬츠,조거·스웨트팬츠,,풀렝스,,,,,롱·긴바지 기장,,,,,,,,
fashion200k_bottoms/images/90876171_0.jpeg,train,,,,,팬츠,,,풀렝스,,,,,롱·긴바지 기장,,,,,,,,
fashion200k_bottoms/images/90876555_0.jpeg,train,,,,,팬츠,,테이퍼드,크롭·앵클,,,,,미디·7부 기장,,,,테이퍼드핏,,,,
fashion200k_bottoms/images/90877375_0.jpeg,val,,,,,팬츠,,스키니,,,,,,,,,,슬림핏,,,,
fashion200k_bottoms/images/90878515_0.jpeg,train,,,,,팬츠,,팔라초,,,,,,,,,,와이드핏,,,,
fashion200k_bottoms/images/90878589_0.jpeg,train,,,,,팬츠,,,크롭·앵클,,,,,미디·7부 기장,,,,,,,,
fashion200k_bottoms/images/90878877_0.jpeg,train,,,,,팬츠,,,크롭·앵클,,,,,미디·7부 기장,,,,,,,,
fashion200k_bottoms/images/90879082_0.jpeg,train,,,,,팬츠,레깅스,,카프리·7부,,,,,미디·7부 기장,,,,,,,,
fashion200k_bottoms/images/90879098_0.jpeg,train,,,,,팬츠,슬랙스,스트레이트,,,,,,,,,,스트레이트핏,,,,
fashion200k_bottoms/images/90879102_0.jpeg,val,,,,,팬츠,,스키니,,,,,,,,,,슬림핏,,,,
fashion200k_bottoms/images/90879660_0.jpeg,train,,,,,팬츠,조거·스웨트팬츠,,풀렝스,,,,,롱·긴바지 기장,,,,,,,,
fashion200k_bottoms/images/90879857_0.jpeg,train,,,,,팬츠,,플레어,크롭·앵클,,,,,미디·7부 기장,,,,플레어핏,,,,
fashion200k_bottoms/images/90880109_0.jpeg,train,,,,,팬츠,레깅스,,카프리·7부,,,,,미디·7부 기장,,,,,,,,
fashion200k_bottoms/images/90880654_0.jpeg,train,,,,,팬츠,,와이드,,사이드 스트라이프,,,,,,,,와이드핏,,,,
fashion200k_bottoms/images/90881292_0.jpeg,train,,,,,팬츠,,스트레이트,,드로스트링,,,,,,,,스트레이트핏,,,,
fashion200k_bottoms/images/90881878_0.jpeg,train,,,,,팬츠,조거·스웨트팬츠,스키니,,,,,,,,,,슬림핏,,,,
fashion200k_bottoms/images/90881997_0.jpeg,val,,,,,팬츠,카고 팬츠,스키니,,카고 포켓,,,,,,,,슬림핏,,,,
fashion200k_bottoms/images/90882216_0.jpeg,val,,,,,팬츠,,부츠컷,,,,,,,,,,플레어핏,,,,
fashion200k_bottoms/images/90882498_0.jpeg,train,,,,,팬츠,,플레어,,,,,,,,,,플레어핏,,,,
fashion200k_bottoms/images/90882750_0.jpeg,train,,,,,팬츠,트랙팬츠,,크롭·앵클,,,,,미디·7부 기장,,,,,,,,
fashion200k_bottoms/images/90883703_0.jpeg,train,,,,,팬츠,하렘 팬츠,,,,,,,,,,,,,,,
fashion200k_bottoms/images/90884055_0.jpeg,train,,,,,팬츠,조거·스웨트팬츠,,풀렝스,,,,,롱·긴바지 기장,,,,,,,,
fashion200k_bottoms/images/90884376_0.jpeg,train,,,,,팬츠,,,카프리·7부,,,,,미디·7부 기장,,,,,,,,
fashion200k_bottoms/images/90884928_0.jpeg,train,,,,,팬츠,,스키니,크롭·앵클,,,,,미디·7부 기장,,,,슬림핏,,,,
fashion200k_bottoms/images/90885576_0.jpeg,val,,,,,팬츠,,페그,,,,,,,,,,테이퍼드핏,,,,
fashion200k_bottoms/images/90887801_0.jpeg,train,,,,,팬츠,,부츠컷,풀렝스,,,,,롱·긴바지 기장,,,,플레어핏,,,,
fashion200k_bottoms/images/90888792_0.jpeg,train,,,,,팬츠,,,풀렝스,밑단 커프,,,,롱·긴바지 기장,,,,,,,,
fashion200k_bottoms/images/90890690_0.jpeg,train,,,,,팬츠,,부츠컷,풀렝스,,,,,롱·긴바지 기장,,,,플레어핏,,,,
fashion200k_bottoms/images/90891233_0.jpeg,val,,,,,팬츠,,테이퍼드,풀렝스,드로스트링,,,,롱·긴바지 기장,,,,테이퍼드핏,,,,
fashion200k_bottoms/images/90892908_0.jpeg,train,,,,,팬츠,조거·스웨트팬츠,,풀렝스,,,,,롱·긴바지 기장,,,,,,,,
fashion200k_bottoms/images/90893720_0.jpeg,train,,,,,청바지,청바지,스키니,풀렝스,,,,,롱·긴바지 기장,,,,슬림핏,,,데님,
fashion200k_bottoms/images/90894242_0.jpeg,train,,,,,청바지,청바지,,크롭·앵클,,,,,미디·7부 기장,,,,,,,데님,
fashion200k_bottoms/images/90894609_0.jpeg,train,,,,,팬츠,카고 팬츠,스키니,,카고 포켓,,,,,,,,슬림핏,,,,
fashion200k_bottoms/images/90894729_1.jpeg,train,,,,,팬츠,레깅스,,,,,,,,,,,,,,,
fashion200k_bottoms/images/90894999_0.jpeg,train,,,,,팬츠,,,크롭·앵클,,,,,미디·7부 기장,,,,,,,,
fashion200k_bottoms/images/90895622_0.jpeg,val,,,,,팬츠,,와이드,,플리츠·턱,,,,,,,,와이드핏,,,,
fashion200k_bottoms/images/90896086_0.jpeg,train,,,,,팬츠,,,풀렝스,,,,,롱·긴바지 기장,,,,,,,,
fashion200k_bottoms/images/90896223_0.jpeg,train,,,,,팬츠,,,크롭·앵클,플리츠·턱,,,,미디·7부 기장,,,,,,,,
fashion200k_bottoms/images/90897423_0.jpeg,val,,,,,팬츠,,플레어,,,,,,,,,,플레어핏,,,,
fashion200k_bottoms/images/90901258_0.jpeg,train,,,,,팬츠,,페그,크롭·앵클,,,,,미디·7부 기장,,,,테이퍼드핏,,,,
fashion200k_bottoms/images/90902045_0.jpeg,train,,,,,팬츠,,스키니,,,,,,,,,,슬림핏,,,,
fashion200k_bottoms/images/90902189_0.jpeg,train,,,,,팬츠,,,풀렝스,,,,,롱·긴바지 기장,,,,,,,,
fashion200k_bottoms/images/90902244_0.jpeg,train,,,,,팬츠,레깅스,,,,,,,,,,,,,,,
fashion200k_bottoms/images/90904077_0.jpeg,train,,,,,팬츠,,,풀렝스,,,,,롱·긴바지 기장,,,,,,,,
fashion200k_bottoms/images/90904248_0.jpeg,train,,,,,팬츠,레깅스,,,,,,,,,,,,,,,
fashion200k_bottoms/images/90904404_0.jpeg,val,,,,,팬츠,레깅스,,,스터럽,,,,,,,,,,,,
fashion200k_bottoms/images/90904946_1.jpeg,train,,,,,팬츠,,테이퍼드,,,,,,,,,,테이퍼드핏,,,,
fashion200k_bottoms/images/90905113_0.jpeg,train,,,,,팬츠,조거·스웨트팬츠,,크롭·앵클,,,,,미디·7부 기장,,,,,,,,
fashion200k_bottoms/images/90905295_0.jpeg,train,,,,,팬츠,조거·스웨트팬츠,,풀렝스,,,,,롱·긴바지 기장,,,,,,,,
fashion200k_bottoms/images/90906207_0.jpeg,train,,,,,팬츠,,플레어,,,,,,,,,,플레어핏,,,,
fashion200k_bottoms/images/90906650_0.jpeg,train,,,,,팬츠,,스키니,,5포켓,,,,,,,,슬림핏,,,,
fashion200k_bottoms/images/90907175_0.jpeg,train,,,,,팬츠,,,크롭·앵클,플리츠·턱,,,,미디·7부 기장,,,,,,,,
fashion200k_bottoms/images/90907279_0.jpeg,train,,,,,팬츠,,와이드,,,,,,,,,,와이드핏,,,,
fashion200k_bottoms/images/90907409_0.jpeg,train,,,,,팬츠,조거·스웨트팬츠,스트레이트,,,,,,,,,,스트레이트핏,,,,
fashion200k_bottoms/images/90907636_0.jpeg,val,,,,,팬츠,,스트레이트,,,,,,,,,,스트레이트핏,,,,
fashion200k_bottoms/images/90907771_1.jpeg,train,,,,,팬츠,,,크롭·앵클,,,,,미디·7부 기장,,,,,,,,
fashion200k_bottoms/images/90907789_0.jpeg,train,,,,,청바지,청바지,플레어,,,,,,,,,,플레어핏,,,데님,
fashion200k_bottoms/images/90907837_0.jpeg,train,,,,,팬츠,트랙팬츠,,풀렝스,,,,,롱·긴바지 기장,,,,,,,,
fashion200k_bottoms/images/90908320_0.jpeg,train,,,,,팬츠,,스키니,,사이드 스트라이프,,,,,,,,슬림핏,,,,
fashion200k_bottoms/images/90908582_0.jpeg,val,,,,,팬츠,조거·스웨트팬츠,,풀렝스,,,,,롱·긴바지 기장,,,,,,,,
fashion200k_bottoms/images/90909437_0.jpeg,train,,,,,팬츠,트랙팬츠,,,,,,,,,,,,,,,
fashion200k_bottoms/images/90909769_1.jpeg,train,,,,,팬츠,,,크롭·앵클,사이드 스트라이프,,,,미디·7부 기장,,,,,,,,
fashion200k_bottoms/images/90912301_1.jpeg,train,,,,,팬츠,,,풀렝스,드로스트링,,,,롱·긴바지 기장,,,,,,,,
fashion200k_bottoms/images/90912707_0.jpeg,train,,,,,팬츠,,플레어,,,,,,,,,,플레어핏,,,,
fashion200k_bottoms/images/90912748_0.jpeg,train,,,,,팬츠,카고 팬츠,,풀렝스,카고 포켓,,,,롱·긴바지 기장,,,,,,,,
fashion200k_bottoms/images/90912864_0.jpeg,train,,,,,팬츠,,,풀렝스,플리츠·턱,,,,롱·긴바지 기장,,,,,,,,
fashion200k_bottoms/images/90913086_0.jpeg,val,,,,,팬츠,카고 팬츠,스키니,,카고 포켓|밑단 커프,,,,,,,,슬림핏,,,,
fashion200k_bottoms/images/90913244_0.jpeg,train,,,,,팬츠,레깅스,,,,,,,,,,,,,,,
fashion200k_bottoms/images/90913553_0.jpeg,train,,,,,팬츠,레깅스,,,,,,,,,,,,,,,
fashion200k_bottoms/images/90913731_0.jpeg,val,,,,,팬츠,조거·스웨트팬츠,스키니,,,,,,,,,,슬림핏,,,,
fashion200k_bottoms/images/90915383_1.jpeg,train,,,,,팬츠,,플레어,,,,,,,,,,플레어핏,,,,
fashion200k_bottoms/images/90915402_1.jpeg,train,,,,,팬츠,,플레어,풀렝스,,,,,롱·긴바지 기장,,,,플레어핏,,,,
fashion200k_bottoms/images/90917483_0.jpeg,train,,,,,팬츠,레깅스,,,,,,,,,,,,,,,
fashion200k_bottoms/images/90917553_0.jpeg,train,,,,,청바지,청바지,와이드,,,,,,,,,,와이드핏,,,데님,
fashion200k_bottoms/images/90918573_0.jpeg,train,,,,,팬츠,,,풀렝스,,,,,롱·긴바지 기장,,,,,,,,
fashion200k_bottoms/images/90918704_0.jpeg,train,,,,,팬츠,,스트레이트,,,,,,,,,,스트레이트핏,,,,
fashion200k_bottoms/images/90918729_0.jpeg,train,,,,,팬츠,레깅스,,카프리·7부,,,,,미디·7부 기장,,,,,,,,
fashion200k_bottoms/images/90918834_0.jpeg,train,,,,,팬츠,레깅스,,,,,,,,,,,,,,,
fashion200k_bottoms/images/90919995_0.jpeg,train,,,,,팬츠,,스키니,,,,,,,,,,슬림핏,,,,
fashion200k_bottoms/images/90920389_0.jpeg,train,,,,,팬츠,,,카프리·7부,,,,,미디·7부 기장,,,,,,,,
fashion200k_bottoms/images/90920673_0.jpeg,val,,,,,팬츠,레깅스,스키니,,,,,,,,,,슬림핏,,,,
fashion200k_bottoms/images/90921518_0.jpeg,val,,,,,팬츠,,테이퍼드,크롭·앵클,,,,,미디·7부 기장,,,,테이퍼드핏,,,,
fashion200k_bottoms/images/90921772_0.jpeg,train,,,,,팬츠,,,풀렝스,,,,,롱·긴바지 기장,,,,,,,,
fashion200k_bottoms/images/90922405_0.jpeg,train,,,,,팬츠,치노 팬츠,스트레이트,,,,,,,,,,스트레이트핏,,,,
fashion200k_bottoms/images/90923305_0.jpeg,train,,,,,팬츠,레깅스,스트레이트,,,,,,,,,,스트레이트핏,,,,
fashion200k_bottoms/images/90924288_0.jpeg,train,,,,,팬츠,,스트레이트,,,,,,,,,,스트레이트핏,,,,
fashion200k_bottoms/images/90925278_0.jpeg,val,,,,,팬츠,,,풀렝스,,,,,롱·긴바지 기장,,,,,,,,
fashion200k_bottoms/images/90925486_1.jpeg,train,,,,,팬츠,트랙팬츠,,풀렝스,,,,,롱·긴바지 기장,,,,,,,,
fashion200k_bottoms/images/90925832_0.jpeg,train,,,,,팬츠,슬랙스,,크롭·앵클,,,,,미디·7부 기장,,,,,,,,
fashion200k_bottoms/images/90926242_0.jpeg,train,,,,,팬츠,카고 팬츠,,크롭·앵클,카고 포켓,,,,미디·7부 기장,,,,,,,,
fashion200k_bottoms/images/90926495_0.jpeg,train,,,,,팬츠,,스키니,,,,,,,,,,슬림핏,,,,
fashion200k_bottoms/images/90926578_2.jpeg,train,,,,,팬츠,,,크롭·앵클,,,,,미디·7부 기장,,,,,,,,
fashion200k_bottoms/images/90926884_0.jpeg,train,,,,,팬츠,,부츠컷,풀렝스,,,,,롱·긴바지 기장,,,,플레어핏,,,,
fashion200k_bottoms/images/90926918_1.jpeg,train,,,,,팬츠,,플레어,,,,,,,,,,플레어핏,,,,
fashion200k_bottoms/images/90928134_0.jpeg,val,,,,,팬츠,레깅스,,카프리·7부,,,,,미디·7부 기장,,,,,,,,
fashion200k_bottoms/images/90928249_0.jpeg,train,,,,,팬츠,,부츠컷,,,,,,,,,,플레어핏,,,,
fashion200k_bottoms/images/90928255_0.jpeg,train,,,,,팬츠,,,풀렝스,,,,,롱·긴바지 기장,,,,,,,,
fashion200k_bottoms/images/90928468_0.jpeg,train,,,,,팬츠,하렘 팬츠,플레어,,,,,,,,,,플레어핏,,,,
fashion200k_bottoms/images/90928781_0.jpeg,train,,,,,팬츠,,,크롭·앵클,,,,,미디·7부 기장,,,,,,,,
fashion200k_bottoms/images/90928828_0.jpeg,train,,,,,팬츠,,와이드,,,,,,,,,,와이드핏,,,,
fashion200k_bottoms/images/90928970_0.jpeg,train,,,,,팬츠,조거·스웨트팬츠,,풀렝스,,,,,롱·긴바지 기장,,,,,,,,
fashion200k_bottoms/images/90929060_0.jpeg,val,,,,,팬츠,,테이퍼드,,,,,,,,,,테이퍼드핏,,,,
fashion200k_bottoms/images/90929451_0.jpeg,train,,,,,팬츠,,스키니,,,,,,,,,,슬림핏,,,,
fashion200k_bottoms/images/90931903_0.jpeg,train,,,,,팬츠,트랙팬츠,스트레이트,,,,,,,,,,스트레이트핏,,,,
fashion200k_bottoms/images/90932351_0.jpeg,train,,,,,팬츠,트랙팬츠,,풀렝스,,,,,롱·긴바지 기장,,,,,,,,
fashion200k_bottoms/images/90933068_0.jpeg,val,,,,,팬츠,,와이드,,플리츠·턱,,,,,,,,와이드핏,,,,
fashion200k_bottoms/images/90934714_0.jpeg,train,,,,,팬츠,,,풀렝스,드로스트링,,,,롱·긴바지 기장,,,,,,,,
fashion200k_bottoms/images/90937940_3.jpeg,train,,,,,팬츠,하렘 팬츠,,,,,,,,,,,,,,,
fashion200k_bottoms/images/90938157_0.jpeg,train,,,,,팬츠,,플레어,,,,,,,,,,플레어핏,,,,
fashion200k_bottoms/images/90946778_0.jpeg,train,,,,,팬츠,레깅스,,카프리·7부,,,,,미디·7부 기장,,,,,,,,
fashion200k_bottoms/images/90947644_0.jpeg,train,,,,,팬츠,카고 팬츠,,풀렝스,카고 포켓,,,,롱·긴바지 기장,,,,,,,,
fashion200k_bottoms/images/90948769_0.jpeg,val,,,,,팬츠,레깅스,,카프리·7부,,,,,미디·7부 기장,,,,,,,,
fashion200k_bottoms/images/90949230_0.jpeg,train,,,,,팬츠,,,크롭·앵클,,,,,미디·7부 기장,,,,,,,,
fashion200k_bottoms/images/90949884_0.jpeg,train,,,,,팬츠,레깅스,,,,,,,,,,,,,,,
fashion200k_bottoms/images/90949998_0.jpeg,val,,,,,팬츠,레깅스,,,,,,,,,,,,,,,
fashion200k_bottoms/images/90950378_0.jpeg,train,,,,,팬츠,,스트레이트,,,,,,,,,,스트레이트핏,,,,
fashion200k_bottoms/images/90951534_0.jpeg,train,,,,,팬츠,하렘 팬츠,,,드로스트링,,,,,,,,,,,,
fashion200k_bottoms/images/90952344_0.jpeg,train,,,,,팬츠,,플레어,풀렝스,,,,,롱·긴바지 기장,,,,플레어핏,,,,
fashion200k_bottoms/images/90952586_1.jpeg,train,,,,,팬츠,,테이퍼드,크롭·앵클,,,,,미디·7부 기장,,,,테이퍼드핏,,,,
fashion200k_bottoms/images/90952593_0.jpeg,val,,,,,팬츠,치노 팬츠,,크롭·앵클,,,,,미디·7부 기장,,,,,,,,
fashion200k_bottoms/images/90953078_0.jpeg,train,,,,,팬츠,,부츠컷,풀렝스,,,,,롱·긴바지 기장,,,,플레어핏,,,,
fashion200k_bottoms/images/90953134_0.jpeg,train,,,,,팬츠,,스트레이트,,,,,,,,,,스트레이트핏,,,,
fashion200k_bottoms/images/90953135_0.jpeg,train,,,,,팬츠,트랙팬츠,,크롭·앵클,,,,,미디·7부 기장,,,,,,,,
fashion200k_bottoms/images/90953752_0.jpeg,train,,,,,팬츠,,,풀렝스,,,,,롱·긴바지 기장,,,,,,,,
fashion200k_bottoms/images/90954770_0.jpeg,train,,,,,팬츠,,스키니,,,,,,,,,,슬림핏,,,,
fashion200k_bottoms/images/90955273_1.jpeg,train,,,,,팬츠,세일러 팬츠,와이드,,,,,,,,,,와이드핏,,,,
fashion200k_bottoms/images/90955810_0.jpeg,val,,,,,팬츠,,스트레이트,,,,,,,,,,스트레이트핏,,,,
fashion200k_bottoms/images/90955938_0.jpeg,train,,,,,팬츠,,테이퍼드,풀렝스,,,,,롱·긴바지 기장,,,,테이퍼드핏,,,,
fashion200k_bottoms/images/90956133_0.jpeg,train,,,,,팬츠,,스트레이트,,,,,,,,,,스트레이트핏,,,,
fashion200k_bottoms/images/90956635_0.jpeg,val,,,,,팬츠,,와이드,크롭·앵클,,,,,미디·7부 기장,,,,와이드핏,,,,
fashion200k_bottoms/images/90956859_0.jpeg,train,,,,,팬츠,,스키니,,,,,,,,,,슬림핏,,,,
fashion200k_bottoms/images/90957112_0.jpeg,train,,,,,팬츠,세일러 팬츠,와이드,,,,,,,,,,와이드핏,,,,
fashion200k_bottoms/images/90957229_0.jpeg,train,,,,,팬츠,레깅스,,,,,,,,,,,,,,,
fashion200k_bottoms/images/90957768_0.jpeg,train,,,,,팬츠,레깅스,,,,,,,,,,,,,,,
fashion200k_bottoms/images/90958599_0.jpeg,train,,,,,팬츠,하렘 팬츠,테이퍼드,,,,,,,,,,테이퍼드핏,,,,
fashion200k_bottoms/images/90958857_0.jpeg,train,,,,,팬츠,,,풀렝스,,,,,롱·긴바지 기장,,,,,,,,
fashion200k_bottoms/images/90958920_1.jpeg,val,,,,,팬츠,세일러 팬츠,와이드,,,,,,,,,,와이드핏,,,,
fashion200k_bottoms/images/90958987_0.jpeg,val,,,,,팬츠,치노 팬츠,,풀렝스,,,,,롱·긴바지 기장,,,,,,,,
fashion200k_bottoms/images/90959096_0.jpeg,train,,,,,팬츠,카고 팬츠,,,카고 포켓,,,,,,,,,,,,
fashion200k_bottoms/images/90959617_0.jpeg,train,,,,,팬츠,하렘 팬츠,,,,,,,,,,,,,,,
fashion200k_bottoms/images/90960286_1.jpeg,train,,,,,팬츠,조거·스웨트팬츠,스트레이트,,,,,,,,,,스트레이트핏,,,,
fashion200k_bottoms/images/90960301_0.jpeg,train,,,,,팬츠,치노 팬츠,스트레이트,,,,,,,,,,스트레이트핏,,,,
fashion200k_bottoms/images/90960919_0.jpeg,train,,,,,팬츠,조거·스웨트팬츠,,풀렝스,밑단 커프,,,,롱·긴바지 기장,,,,,,,,
fashion200k_bottoms/images/90961107_0.jpeg,val,,,,,팬츠,,,풀렝스,,,,,롱·긴바지 기장,,,,,,,,
fashion200k_bottoms/images/90961487_1.jpeg,train,,,,,팬츠,,테이퍼드,,,,,,,,,,테이퍼드핏,,,,
fashion200k_bottoms/images/90962786_0.jpeg,val,,,,,팬츠,,,카프리·7부,,,,,미디·7부 기장,,,,,,,,
fashion200k_bottoms/images/90962950_0.jpeg,train,,,,,팬츠,조거·스웨트팬츠,스키니,,,,,,,,,,슬림핏,,,,
fashion200k_bottoms/images/90963943_0.jpeg,train,,,,,팬츠,하렘 팬츠,,,,,,,,,,,,,,,
fashion200k_bottoms/images/90964324_0.jpeg,train,,,,,팬츠,슬랙스,,풀렝스,,,,,롱·긴바지 기장,,,,,,,,
fashion200k_bottoms/images/90964530_1.jpeg,train,,,,,팬츠,,부츠컷,풀렝스,,,,,롱·긴바지 기장,,,,플레어핏,,,,
fashion200k_bottoms/images/90965717_0.jpeg,train,,,,,팬츠,조거·스웨트팬츠,,풀렝스,,,,,롱·긴바지 기장,,,,,,,,
fashion200k_bottoms/images/90966151_0.jpeg,train,,,,,팬츠,,,풀렝스,,,,,롱·긴바지 기장,,,,,,,,
fashion200k_bottoms/images/90968687_0.jpeg,train,,,,,팬츠,,테이퍼드,,,,,,,,,,테이퍼드핏,,,,
fashion200k_bottoms/images/90969539_1.jpeg,val,,,,,팬츠,,팔라초,,,,,,,,,,와이드핏,,,,
fashion200k_bottoms/images/90969626_0.jpeg,val,,,,,팬츠,조거·스웨트팬츠,,풀렝스,밑단 커프,,,,롱·긴바지 기장,,,,,,,,
fashion200k_bottoms/images/90969946_0.jpeg,train,,,,,팬츠,레깅스,스키니,,,,,,,,,,슬림핏,,,,
fashion200k_bottoms/images/90970608_0.jpeg,train,,,,,팬츠,하렘 팬츠,,,,,,,,,,,,,,,
fashion200k_bottoms/images/90970612_1.jpeg,train,,,,,팬츠,트랙팬츠,와이드,,,,,,,,,,와이드핏,,,,
fashion200k_bottoms/images/90970645_0.jpeg,train,,,,,팬츠,,,풀렝스,,,,,롱·긴바지 기장,,,,,,,,
fashion200k_bottoms/images/90971216_0.jpeg,train,,,,,팬츠,레깅스,스키니,,,,,,,,,,슬림핏,,,,
fashion200k_bottoms/images/90971700_0.jpeg,train,,,,,팬츠,,,크롭·앵클,,,,,미디·7부 기장,,,,,,,,
fashion200k_bottoms/images/90971837_0.jpeg,train,,,,,팬츠,트랙팬츠,,풀렝스,,,,,롱·긴바지 기장,,,,,,,,
fashion200k_bottoms/images/90971914_1.jpeg,train,,,,,팬츠,하렘 팬츠,,,,,,,,,,,,,,,
fashion200k_bottoms/images/90972553_0.jpeg,train,,,,,팬츠,,플레어,,,,,,,,,,플레어핏,,,,
fashion200k_bottoms/images/90973095_0.jpeg,train,,,,,팬츠,하렘 팬츠,,,,,,,,,,,,,,,
fashion200k_bottoms/images/90973642_0.jpeg,train,,,,,팬츠,트랙팬츠,,,,,,,,,,,,,,,
fashion200k_bottoms/images/90973750_0.jpeg,val,,,,,팬츠,,,풀렝스,,,,,롱·긴바지 기장,,,,,,,,
fashion200k_bottoms/images/90974005_0.jpeg,train,,,,,팬츠,세일러 팬츠,,크롭·앵클,,,,,미디·7부 기장,,,,,,,,
fashion200k_bottoms/images/90975800_0.jpeg,val,,,,,팬츠,조거·스웨트팬츠,,풀렝스,,,,,롱·긴바지 기장,,,,,,,,
fashion200k_bottoms/images/90976344_2.jpeg,train,,,,,팬츠,,,크롭·앵클,,,,,미디·7부 기장,,,,,,,,
fashion200k_bottoms/images/90977243_0.jpeg,train,,,,,팬츠,조거·스웨트팬츠,,풀렝스,,,,,롱·긴바지 기장,,,,,,,,
fashion200k_bottoms/images/90977480_0.jpeg,train,,,,,팬츠,레깅스,,카프리·7부,,,,,미디·7부 기장,,,,,,,,
fashion200k_bottoms/images/90978965_1.jpeg,train,,,,,팬츠,,와이드,,,,,,,,,,와이드핏,,,,
fashion200k_bottoms/images/90979854_0.jpeg,train,,,,,팬츠,,부츠컷,풀렝스,,,,,롱·긴바지 기장,,,,플레어핏,,,,
fashion200k_bottoms/images/90982033_3.jpeg,val,,,,,팬츠,,팔라초,,,,,,,,,,와이드핏,,,,
fashion200k_bottoms/images/90982110_0.jpeg,val,,,,,팬츠,,,풀렝스,,,,,롱·긴바지 기장,,,,,,,,
fashion200k_bottoms/images/90982683_0.jpeg,val,,,,,팬츠,레깅스,,,,,,,,,,,,,,,
fashion200k_bottoms/images/90983180_0.jpeg,train,,,,,팬츠,,스키니,,,,,,,,,,슬림핏,,,,
fashion200k_bottoms/images/90983316_0.jpeg,train,,,,,팬츠,,스트레이트,,,,,,,,,,스트레이트핏,,,,
fashion200k_bottoms/images/90983724_1.jpeg,val,,,,,팬츠,,,크롭·앵클,,,,,미디·7부 기장,,,,,,,,
fashion200k_bottoms/images/90984019_0.jpeg,train,,,,,팬츠,,,크롭·앵클,,,,,미디·7부 기장,,,,,,,,
fashion200k_bottoms/images/90985357_0.jpeg,train,,,,,팬츠,,,풀렝스,,,,,롱·긴바지 기장,,,,,,,,
fashion200k_bottoms/images/90985429_0.jpeg,val,,,,,팬츠,조거·스웨트팬츠,,크롭·앵클,,,,,미디·7부 기장,,,,,,,,
fashion200k_bottoms/images/90985719_0.jpeg,train,,,,,팬츠,레깅스,,카프리·7부,,,,,미디·7부 기장,,,,,,,,
fashion200k_bottoms/images/90986215_0.jpeg,train,,,,,팬츠,,,크롭·앵클,,,,,미디·7부 기장,,,,,,,,
fashion200k_bottoms/images/90987169_0.jpeg,train,,,,,팬츠,,스키니,,,,,,,,,,슬림핏,,,,
fashion200k_bottoms/images/90987260_0.jpeg,train,,,,,팬츠,,스키니,,,,,,,,,,슬림핏,,,,
fashion200k_bottoms/images/90987312_0.jpeg,val,,,,,팬츠,레깅스,,,,,,,,,,,,,,,
fashion200k_bottoms/images/90987802_0.jpeg,train,,,,,팬츠,,,풀렝스,,,,,롱·긴바지 기장,,,,,,,,
fashion200k_bottoms/images/90988672_0.jpeg,val,,,,,팬츠,조거·스웨트팬츠,,크롭·앵클,,,,,미디·7부 기장,,,,,,,,
fashion200k_bottoms/images/90988796_0.jpeg,val,,,,,팬츠,,스키니,,,,,,,,,,슬림핏,,,,
fashion200k_bottoms/images/90989832_0.jpeg,train,,,,,팬츠,,,풀렝스,드로스트링,,,,롱·긴바지 기장,,,,,,,,
fashion200k_bottoms/images/90990470_0.jpeg,val,,,,,팬츠,,플레어,풀렝스,,,,,롱·긴바지 기장,,,,플레어핏,,,,
fashion200k_bottoms/images/90990597_0.jpeg,train,,,,,팬츠,,스트레이트,,,,,,,,,,스트레이트핏,,,,
fashion200k_bottoms/images/90991462_0.jpeg,train,,,,,팬츠,레깅스,,카프리·7부,,,,,미디·7부 기장,,,,,,,,
fashion200k_bottoms/images/90991512_0.jpeg,train,,,,,팬츠,레깅스,,카프리·7부,,,,,미디·7부 기장,,,,,,,,
fashion200k_bottoms/images/90991929_0.jpeg,train,,,,,팬츠,,,크롭·앵클,밑단 커프,,,,미디·7부 기장,,,,,,,,
fashion200k_bottoms/images/90992119_0.jpeg,train,,,,,청바지,청바지,스키니,,,,,,,,,,슬림핏,,,데님,
fashion200k_bottoms/images/90992651_0.jpeg,val,,,,,팬츠,,스트레이트,,드로스트링,,,,,,,,스트레이트핏,,,,
fashion200k_bottoms/images/90993211_0.jpeg,train,,,,,팬츠,,,풀렝스,,,,,롱·긴바지 기장,,,,,,,,
fashion200k_bottoms/images/90993486_0.jpeg,train,,,,,팬츠,,스트레이트,,,,,,,,,,스트레이트핏,,,,
fashion200k_bottoms/images/90994255_0.jpeg,train,,,,,팬츠,,테이퍼드,크롭·앵클,,,,,미디·7부 기장,,,,테이퍼드핏,,,,
fashion200k_bottoms/images/90994374_0.jpeg,train,,,,,팬츠,레깅스,,,,,,,,,,,,,,,
fashion200k_bottoms/images/90995705_0.jpeg,train,,,,,팬츠,,,크롭·앵클,플리츠·턱,,,,미디·7부 기장,,,,,,,,
fashion200k_bottoms/images/90996117_0.jpeg,train,,,,,팬츠,레깅스,,,,,,,,,,,,,,,
fashion200k_bottoms/images/90996210_0.jpeg,val,,,,,팬츠,레깅스,,,사이드 스트라이프,,,,,,,,,,,,
fashion200k_bottoms/images/90996311_0.jpeg,val,,,,,팬츠,,페그,풀렝스,,,,,롱·긴바지 기장,,,,테이퍼드핏,,,,
fashion200k_bottoms/images/90996458_0.jpeg,train,,,,,팬츠,,,풀렝스,,,,,롱·긴바지 기장,,,,,,,,
fashion200k_bottoms/images/90996464_0.jpeg,val,,,,,팬츠,,페그,,,,,,,,,,테이퍼드핏,,,,
fashion200k_bottoms/images/90996651_0.jpeg,train,,,,,팬츠,,,카프리·7부,,,,,미디·7부 기장,,,,,,,,
fashion200k_bottoms/images/90997676_0.jpeg,val,,,,,팬츠,,,풀렝스,,,,,롱·긴바지 기장,,,,,,,,
fashion200k_bottoms/images/90997822_0.jpeg,train,,,,,팬츠,조거·스웨트팬츠,,풀렝스,,,,,롱·긴바지 기장,,,,,,,,
fashion200k_bottoms/images/90997887_0.jpeg,train,,,,,팬츠,,플레어,풀렝스,,,,,롱·긴바지 기장,,,,플레어핏,,,,
fashion200k_bottoms/images/90997922_0.jpeg,val,,,,,팬츠,조거·스웨트팬츠,,,,,,,,,,,,,,,
fashion200k_bottoms/images/90998477_0.jpeg,train,,,,,팬츠,,테이퍼드,풀렝스,,,,,롱·긴바지 기장,,,,테이퍼드핏,,,,
fashion200k_bottoms/images/90998513_0.jpeg,train,,,,,팬츠,,페그,풀렝스,,,,,롱·긴바지 기장,,,,테이퍼드핏,,,,
fashion200k_bottoms/images/90999162_0.jpeg,val,,,,,팬츠,,스키니,,,,,,,,,,슬림핏,,,,
fashion200k_bottoms/images/90999227_0.jpeg,train,,,,,팬츠,레깅스,스트레이트,,,,,,,,,,스트레이트핏,,,,
fashion200k_bottoms/images/90999637_0.jpeg,train,,,,,팬츠,조거·스웨트팬츠,스트레이트,,,,,,,,,,스트레이트핏,,,,
fashion200k_bottoms/images/91000327_0.jpeg,val,,,,,팬츠,트랙팬츠,,풀렝스,,,,,롱·긴바지 기장,,,,,,,,
fashion200k_bottoms/images/91000693_0.jpeg,train,,,,,팬츠,,와이드,,,,,,,,,,와이드핏,,,,
fashion200k_bottoms/images/91001176_0.jpeg,train,,,,,팬츠,레깅스,,,,,,,,,,,,,,,
fashion200k_bottoms/images/91001700_0.jpeg,train,,,,,팬츠,,,크롭·앵클,,,,,미디·7부 기장,,,,,,,,
fashion200k_bottoms/images/91001702_0.jpeg,train,,,,,팬츠,레깅스,,,,,,,,,,,,,,,
fashion200k_bottoms/images/91001844_0.jpeg,train,,,,,팬츠,,테이퍼드,,,,,,,,,,테이퍼드핏,,,,
fashion200k_bottoms/images/91001927_0.jpeg,train,,,,,팬츠,,와이드,,,,,,,,,,와이드핏,,,,
fashion200k_bottoms/images/91002079_0.jpeg,train,,,,,팬츠,,,풀렝스,,,,,롱·긴바지 기장,,,,,,,,
fashion200k_bottoms/images/91002213_0.jpeg,train,,,,,팬츠,,와이드,,플리츠·턱,,,,,,,,와이드핏,,,,
fashion200k_bottoms/images/91002967_0.jpeg,train,,,,,팬츠,,테이퍼드,크롭·앵클,,,,,미디·7부 기장,,,,테이퍼드핏,,,,
fashion200k_bottoms/images/91006650_0.jpeg,train,,,,,팬츠,,,풀렝스,,,,,롱·긴바지 기장,,,,,,,,
fashion200k_bottoms/images/91006974_0.jpeg,train,,,,,팬츠,하렘 팬츠,,,,,,,,,,,,,,,
fashion200k_bottoms/images/91006992_0.jpeg,train,,,,,팬츠,카고 팬츠,스트레이트,,카고 포켓,,,,,,,,스트레이트핏,,,,
fashion200k_bottoms/images/91010718_0.jpeg,train,,,,,팬츠,,팔라초,,,,,,,,,,와이드핏,,,,
fashion200k_bottoms/images/91010939_0.jpeg,train,,,,,팬츠,,스키니,,,,,,,,,,슬림핏,,,,
fashion200k_bottoms/images/91011911_0.jpeg,train,,,,,팬츠,,플레어,크롭·앵클,,,,,미디·7부 기장,,,,플레어핏,,,,
fashion200k_bottoms/images/91011954_0.jpeg,train,,,,,팬츠,,부츠컷,풀렝스,,,,,롱·긴바지 기장,,,,플레어핏,,,,
fashion200k_bottoms/images/91012414_1.jpeg,train,,,,,팬츠,조거·스웨트팬츠,,풀렝스,,,,,롱·긴바지 기장,,,,,,,,
fashion200k_bottoms/images/91013191_0.jpeg,train,,,,,팬츠,조거·스웨트팬츠,,크롭·앵클,,,,,미디·7부 기장,,,,,,,,
fashion200k_bottoms/images/91014723_0.jpeg,train,,,,,팬츠,,플레어,풀렝스,,,,,롱·긴바지 기장,,,,플레어핏,,,,
fashion200k_bottoms/images/91014764_0.jpeg,train,,,,,팬츠,조거·스웨트팬츠,스트레이트,,,,,,,,,,스트레이트핏,,,,
fashion200k_bottoms/images/91016189_0.jpeg,train,,,,,팬츠,조거·스웨트팬츠,,크롭·앵클,,,,,미디·7부 기장,,,,,,,,
fashion200k_bottoms/images/91016870_0.jpeg,val,,,,,팬츠,카고 팬츠,스키니,,카고 포켓,,,,,,,,슬림핏,,,,
fashion200k_bottoms/images/91017006_0.jpeg,train,,,,,팬츠,,스트레이트,,,,,,,,,,스트레이트핏,,,,
fashion200k_bottoms/images/91017399_0.jpeg,train,,,,,팬츠,,스트레이트,,드로스트링,,,,,,,,스트레이트핏,,,,
fashion200k_bottoms/images/91017406_0.jpeg,train,,,,,팬츠,요가 팬츠,,,,,,,,,,,,,,,
fashion200k_bottoms/images/91017442_0.jpeg,train,,,,,팬츠,,테이퍼드,풀렝스,,,,,롱·긴바지 기장,,,,테이퍼드핏,,,,
fashion200k_bottoms/images/91017773_0.jpeg,train,,,,,팬츠,,,풀렝스,드로스트링,,,,롱·긴바지 기장,,,,,,,,
fashion200k_bottoms/images/91017833_0.jpeg,train,,,,,팬츠,조거·스웨트팬츠,,크롭·앵클,,,,,미디·7부 기장,,,,,,,,
fashion200k_bottoms/images/91017838_0.jpeg,train,,,,,팬츠,,테이퍼드,,,,,,,,,,테이퍼드핏,,,,
fashion200k_bottoms/images/91017892_0.jpeg,train,,,,,팬츠,하렘 팬츠,,,드로스트링,,,,,,,,,,,,
fashion200k_bottoms/images/91019289_0.jpeg,train,,,,,팬츠,,,풀렝스,드로스트링,,,,롱·긴바지 기장,,,,,,,,
fashion200k_bottoms/images/91020499_0.jpeg,train,,,,,팬츠,레깅스,,카프리·7부,,,,,미디·7부 기장,,,,,,,,
fashion200k_bottoms/images/91021615_0.jpeg,val,,,,,팬츠,카고 팬츠,,풀렝스,카고 포켓,,,,롱·긴바지 기장,,,,,,,,
fashion200k_bottoms/images/91024084_0.jpeg,train,,,,,팬츠,,,카프리·7부,,,,,미디·7부 기장,,,,,,,,
fashion200k_bottoms/images/91024688_2.jpeg,train,,,,,팬츠,레깅스,,카프리·7부,,,,,미디·7부 기장,,,,,,,,
fashion200k_bottoms/images/91025726_0.jpeg,train,,,,,팬츠,레깅스,,카프리·7부,,,,,미디·7부 기장,,,,,,,,
fashion200k_bottoms/images/91031326_2.jpeg,train,,,,,팬츠,레깅스,,카프리·7부,,,,,미디·7부 기장,,,,,,,,
fashion200k_bottoms/images/91031617_0.jpeg,val,,,,,팬츠,,,카프리·7부,,,,,미디·7부 기장,,,,,,,,
fashion200k_bottoms/images/91032764_0.jpeg,train,,,,,팬츠,,플레어,,,,,,,,,,플레어핏,,,,
fashion200k_bottoms/images/91033233_0.jpeg,train,,,,,팬츠,,스트레이트,풀렝스,,,,,롱·긴바지 기장,,,,스트레이트핏,,,,
fashion200k_bottoms/images/91033416_0.jpeg,train,,,,,팬츠,요가 팬츠,,,,,,,,,,,,,,,
fashion200k_bottoms/images/91034322_1.jpeg,train,,,,,팬츠,하렘 팬츠,플레어,,,,,,,,,,플레어핏,,,,
fashion200k_bottoms/images/91034920_0.jpeg,train,,,,,팬츠,레깅스,,카프리·7부,,,,,미디·7부 기장,,,,,,,,
fashion200k_bottoms/images/91036299_0.jpeg,train,,,,,팬츠,트랙팬츠,스키니,,,,,,,,,,슬림핏,,,,
fashion200k_bottoms/images/91037194_0.jpeg,val,,,,,팬츠,레깅스,,,,,,,,,,,,,,,
fashion200k_bottoms/images/91037851_0.jpeg,train,,,,,팬츠,,스트레이트,,,,,,,,,,스트레이트핏,,,,
fashion200k_bottoms/images/91038114_0.jpeg,train,,,,,팬츠,레깅스,,,,,,,,,,,,,,,
fashion200k_bottoms/images/91039088_0.jpeg,val,,,,,팬츠,요가 팬츠,,크롭·앵클,,,,,미디·7부 기장,,,,,,,,
fashion200k_bottoms/images/91039258_0.jpeg,train,,,,,팬츠,,,풀렝스,드로스트링,,,,롱·긴바지 기장,,,,,,,,
fashion200k_bottoms/images/91039782_0.jpeg,train,,,,,팬츠,레깅스,,카프리·7부,,,,,미디·7부 기장,,,,,,,,
fashion200k_bottoms/images/91040056_0.jpeg,train,,,,,청바지,청바지,스키니,,,,,,,,,,슬림핏,,,데님,
fashion200k_bottoms/images/91043208_0.jpeg,train,,,,,팬츠,레깅스,,,,,,,,,,,,,,,
fashion200k_bottoms/images/91043288_0.jpeg,val,,,,,팬츠,레깅스,,,,,,,,,,,,,,,
fashion200k_bottoms/images/91043444_0.jpeg,train,,,,,팬츠,,,풀렝스,드로스트링,,,,롱·긴바지 기장,,,,,,,,
fashion200k_bottoms/images/91044685_0.jpeg,train,,,,,팬츠,,스트레이트,,,,,,,,,,스트레이트핏,,,,
fashion200k_bottoms/images/91044722_1.jpeg,train,,,,,팬츠,,팔라초,크롭·앵클,,,,,미디·7부 기장,,,,와이드핏,,,,
fashion200k_bottoms/images/91046262_1.jpeg,train,,,,,팬츠,하렘 팬츠,,,,,,,,,,,,,,,
fashion200k_bottoms/images/91047870_0.jpeg,train,,,,,팬츠,트랙팬츠,,풀렝스,,,,,롱·긴바지 기장,,,,,,,,
fashion200k_bottoms/images/91050112_0.jpeg,train,,,,,팬츠,,,크롭·앵클,,,,,미디·7부 기장,,,,,,,,
fashion200k_bottoms/images/91053017_0.jpeg,train,,,,,팬츠,레깅스,,카프리·7부,,,,,미디·7부 기장,,,,,,,,
fashion200k_bottoms/images/91053559_0.jpeg,train,,,,,팬츠,레깅스,,카프리·7부,,,,,미디·7부 기장,,,,,,,,
fashion200k_bottoms/images/91055269_0.jpeg,train,,,,,팬츠,레깅스,,카프리·7부,,,,,미디·7부 기장,,,,,,,,
fashion200k_bottoms/images/91055883_0.jpeg,val,,,,,팬츠,,플레어,크롭·앵클,,,,,미디·7부 기장,,,,플레어핏,,,,
fashion200k_bottoms/images/91058764_0.jpeg,train,,,,,팬츠,,,풀렝스,,,,,롱·긴바지 기장,,,,,,,,
fashion200k_bottoms/images/91059868_0.jpeg,train,,,,,팬츠,요가 팬츠,,카프리·7부,,,,,미디·7부 기장,,,,,,,,
fashion200k_bottoms/images/91061048_0.jpeg,train,,,,,팬츠,,테이퍼드,크롭·앵클,,,,,미디·7부 기장,,,,테이퍼드핏,,,,
fashion200k_bottoms/images/91061244_0.jpeg,train,,,,,팬츠,,스트레이트,크롭·앵클,,,,,미디·7부 기장,,,,스트레이트핏,,,,
fashion200k_bottoms/images/91061618_0.jpeg,train,,,,,팬츠,트랙팬츠,,크롭·앵클,,,,,미디·7부 기장,,,,,,,,
fashion200k_bottoms/images/91062147_0.jpeg,train,,,,,팬츠,,테이퍼드,,,,,,,,,,테이퍼드핏,,,,
fashion200k_bottoms/images/91063824_0.jpeg,train,,,,,팬츠,,,풀렝스,,,,,롱·긴바지 기장,,,,,,,,
fashion200k_bottoms/images/91064591_0.jpeg,train,,,,,팬츠,조거·스웨트팬츠,스트레이트,,,,,,,,,,스트레이트핏,,,,
fashion200k_bottoms/images/91065629_0.jpeg,train,,,,,팬츠,,플레어,크롭·앵클,,,,,미디·7부 기장,,,,플레어핏,,,,
fashion200k_bottoms/images/91066607_0.jpeg,train,,,,,팬츠,,,풀렝스,밑단 커프,,,,롱·긴바지 기장,,,,,,,,
fashion200k_bottoms/images/91066723_0.jpeg,train,,,,,팬츠,,스트레이트,,,,,,,,,,스트레이트핏,,,,
fashion200k_bottoms/images/91066735_0.jpeg,train,,,,,팬츠,,,풀렝스,드로스트링,,,,롱·긴바지 기장,,,,,,,,
fashion200k_bottoms/images/91066889_0.jpeg,train,,,,,팬츠,,,풀렝스,,,,,롱·긴바지 기장,,,,,,,,
fashion200k_bottoms/images/91067186_1.jpeg,train,,,,,팬츠,,,카프리·7부,,,,,미디·7부 기장,,,,,,,,
fashion200k_bottoms/images/91067253_0.jpeg,val,,,,,팬츠,,스트레이트,크롭·앵클,,,,,미디·7부 기장,,,,스트레이트핏,,,,
fashion200k_bottoms/images/91067576_0.jpeg,train,,,,,팬츠,,와이드,,,,,,,,,,와이드핏,,,,
fashion200k_bottoms/images/91068667_0.jpeg,val,,,,,팬츠,,페그,크롭·앵클,,,,,미디·7부 기장,,,,테이퍼드핏,,,,
fashion200k_bottoms/images/91068684_0.jpeg,train,,,,,팬츠,요가 팬츠,,,,,,,,,,,,,,,
fashion200k_bottoms/images/91069576_0.jpeg,train,,,,,팬츠,레깅스,,,,,,,,,,,,,,,
fashion200k_bottoms/images/91070396_0.jpeg,train,,,,,팬츠,,와이드,,,,,,,,,,와이드핏,,,,
fashion200k_bottoms/images/91070541_0.jpeg,train,,,,,팬츠,레깅스,,카프리·7부,,,,,미디·7부 기장,,,,,,,,
fashion200k_bottoms/images/91070740_0.jpeg,val,,,,,팬츠,,페그,,,,,,,,,,테이퍼드핏,,,,
fashion200k_bottoms/images/91070815_0.jpeg,train,,,,,팬츠,,스키니,,,,,,,,,,슬림핏,,,,
fashion200k_bottoms/images/91071042_0.jpeg,val,,,,,팬츠,요가 팬츠,,카프리·7부,,,,,미디·7부 기장,,,,,,,,
fashion200k_bottoms/images/91072083_0.jpeg,train,,,,,팬츠,치노 팬츠,,크롭·앵클,,,,,미디·7부 기장,,,,,,,,
fashion200k_bottoms/images/91073147_0.jpeg,train,,,,,팬츠,,와이드,,,,,,,,,,와이드핏,,,,
fashion200k_bottoms/images/91073242_1.jpeg,train,,,,,팬츠,,플레어,풀렝스,,,,,롱·긴바지 기장,,,,플레어핏,,,,
fashion200k_bottoms/images/91073462_0.jpeg,train,,,,,팬츠,,스트레이트,,,,,,,,,,스트레이트핏,,,,
fashion200k_bottoms/images/91073849_2.jpeg,train,,,,,팬츠,,와이드,,플리츠·턱,,,,,,,,와이드핏,,,,
fashion200k_bottoms/images/91075241_0.jpeg,train,,,,,팬츠,,플레어,,,,,,,,,,플레어핏,,,,
fashion200k_bottoms/images/91075850_0.jpeg,train,,,,,팬츠,,,크롭·앵클,,,,,미디·7부 기장,,,,,,,,
fashion200k_bottoms/images/91076519_1.jpeg,train,,,,,팬츠,,팔라초,,,,,,,,,,와이드핏,,,,
fashion200k_bottoms/images/91076873_0.jpeg,train,,,,,팬츠,,,카프리·7부,,,,,미디·7부 기장,,,,,,,,
fashion200k_bottoms/images/91077368_0.jpeg,train,,,,,팬츠,,,크롭·앵클,,,,,미디·7부 기장,,,,,,,,
fashion200k_bottoms/images/91077571_0.jpeg,val,,,,,팬츠,치노 팬츠,,크롭·앵클,,,,,미디·7부 기장,,,,,,,,
fashion200k_bottoms/images/91077921_0.jpeg,train,,,,,청바지,청바지,스키니,,,,,,,,,,슬림핏,,,데님,
fashion200k_bottoms/images/91077955_0.jpeg,train,,,,,팬츠,,,크롭·앵클,,,,,미디·7부 기장,,,,,,,,
fashion200k_bottoms/images/91078122_0.jpeg,train,,,,,팬츠,,,카프리·7부,,,,,미디·7부 기장,,,,,,,,
fashion200k_bottoms/images/91078279_0.jpeg,train,,,,,팬츠,치노 팬츠,와이드,,,,,,,,,,와이드핏,,,,
fashion200k_bottoms/images/91079343_0.jpeg,train,,,,,팬츠,치노 팬츠,,크롭·앵클,,,,,미디·7부 기장,,,,,,,,
fashion200k_bottoms/images/91079404_0.jpeg,train,,,,,팬츠,,스키니,,,,,,,,,,슬림핏,,,,
fashion200k_bottoms/images/91079729_0.jpeg,train,,,,,팬츠,트랙팬츠,,풀렝스,,,,,롱·긴바지 기장,,,,,,,,
fashion200k_bottoms/images/91080584_0.jpeg,train,,,,,팬츠,,팔라초,,,,,,,,,,와이드핏,,,,
fashion200k_bottoms/images/91081960_0.jpeg,val,,,,,팬츠,,스키니,,,,,,,,,,슬림핏,,,,
fashion200k_bottoms/images/91081965_0.jpeg,train,,,,,팬츠,,스트레이트,,드로스트링,,,,,,,,스트레이트핏,,,,
fashion200k_bottoms/images/91081997_0.jpeg,train,,,,,팬츠,치노 팬츠,와이드,,,,,,,,,,와이드핏,,,,
fashion200k_bottoms/images/91083370_1.jpeg,train,,,,,팬츠,,팔라초,,,,,,,,,,와이드핏,,,,
fashion200k_bottoms/images/91083903_0.jpeg,train,,,,,팬츠,,,크롭·앵클,드로스트링,,,,미디·7부 기장,,,,,,,,
fashion200k_bottoms/images/91084061_0.jpeg,train,,,,,팬츠,,스키니,,,,,,,,,,슬림핏,,,,
fashion200k_bottoms/images/91084503_0.jpeg,train,,,,,팬츠,,,크롭·앵클,,,,,미디·7부 기장,,,,,,,,
fashion200k_bottoms/images/91089370_0.jpeg,val,,,,,팬츠,,,풀렝스,플리츠·턱,,,,롱·긴바지 기장,,,,,,,,
fashion200k_bottoms/images/91090324_0.jpeg,train,,,,,팬츠,조거·스웨트팬츠,,크롭·앵클,드로스트링,,,,미디·7부 기장,,,,,,,,
fashion200k_bottoms/images/91090827_0.jpeg,train,,,,,팬츠,슬랙스,스트레이트,,,,,,,,,,스트레이트핏,,,,
fashion200k_bottoms/images/91091135_0.jpeg,train,,,,,팬츠,,스트레이트,,사이드 스트라이프,,,,,,,,스트레이트핏,,,,
fashion200k_bottoms/images/91091718_0.jpeg,train,,,,,팬츠,슬랙스,플레어,풀렝스,,,,,롱·긴바지 기장,,,,플레어핏,,,,
fashion200k_bottoms/images/91093484_0.jpeg,train,,,,,팬츠,,스키니,,밑단 커프,,,,,,,,슬림핏,,,,
fashion200k_bottoms/images/91093953_0.jpeg,train,,,,,팬츠,,,카프리·7부,,,,,미디·7부 기장,,,,,,,,
fashion200k_bottoms/images/91093970_0.jpeg,train,,,,,팬츠,,부츠컷,,,,,,,,,,플레어핏,,,,
fashion200k_bottoms/images/91094746_0.jpeg,val,,,,,팬츠,,스트레이트,,,,,,,,,,스트레이트핏,,,,
fashion200k_bottoms/images/91094890_0.jpeg,train,,,,,팬츠,,,크롭·앵클,플리츠·턱,,,,미디·7부 기장,,,,,,,,
fashion200k_bottoms/images/91095175_0.jpeg,train,,,,,팬츠,레깅스,,,,,,,,,,,,,,,
fashion200k_bottoms/images/91096896_0.jpeg,train,,,,,팬츠,레깅스,,,,,,,,,,,,,,,
fashion200k_bottoms/images/91097280_0.jpeg,train,,,,,팬츠,,와이드,,,,,,,,,,와이드핏,,,,
fashion200k_bottoms/images/91097715_0.jpeg,train,,,,,팬츠,,와이드,,플리츠·턱,,,,,,,,와이드핏,,,,
fashion200k_bottoms/images/91097937_0.jpeg,train,,,,,팬츠,,,크롭·앵클,,,,,미디·7부 기장,,,,,,,,
fashion200k_bottoms/images/91098183_0.jpeg,train,,,,,팬츠,,플레어,,,,,,,,,,플레어핏,,,,
fashion200k_bottoms/images/91098589_0.jpeg,train,,,,,팬츠,,,풀렝스,,,,,롱·긴바지 기장,,,,,,,,
fashion200k_bottoms/images/91099098_0.jpeg,train,,,,,팬츠,,와이드,,,,,,,,,,와이드핏,,,,
fashion200k_bottoms/images/91099157_0.jpeg,train,,,,,팬츠,,스트레이트,,,,,,,,,,스트레이트핏,,,,
fashion200k_bottoms/images/91099520_0.jpeg,val,,,,,팬츠,,,풀렝스,,,,,롱·긴바지 기장,,,,,,,,
fashion200k_bottoms/images/91100099_0.jpeg,train,,,,,팬츠,,스키니,,,,,,,,,,슬림핏,,,,
fashion200k_bottoms/images/91100862_1.jpeg,train,,,,,청바지,청바지,플레어,풀렝스,,,,,롱·긴바지 기장,,,,플레어핏,,,데님,
fashion200k_bottoms/images/91101480_1.jpeg,val,,,,,팬츠,치노 팬츠,,크롭·앵클,,,,,미디·7부 기장,,,,,,,,
fashion200k_bottoms/images/91101894_1.jpeg,val,,,,,팬츠,치노 팬츠,,크롭·앵클,,,,,미디·7부 기장,,,,,,,,
fashion200k_bottoms/images/91103285_0.jpeg,train,,,,,팬츠,,스키니,,,,,,,,,,슬림핏,,,,
fashion200k_bottoms/images/91103704_2.jpeg,train,,,,,팬츠,레깅스,,카프리·7부,,,,,미디·7부 기장,,,,,,,,
fashion200k_bottoms/images/91104814_1.jpeg,train,,,,,팬츠,트랙팬츠,,풀렝스,,,,,롱·긴바지 기장,,,,,,,,
fashion200k_bottoms/images/91105820_0.jpeg,train,,,,,팬츠,레깅스,,,,,,,,,,,,,,,
fashion200k_bottoms/images/91106950_0.jpeg,train,,,,,팬츠,하렘 팬츠,,,,,,,,,,,,,,,
fashion200k_bottoms/images/91107325_0.jpeg,train,,,,,팬츠,치노 팬츠,,풀렝스,,,,,롱·긴바지 기장,,,,,,,,
fashion200k_bottoms/images/91108091_0.jpeg,train,,,,,팬츠,,스키니,,,,,,,,,,슬림핏,,,,
fashion200k_bottoms/images/91108356_1.jpeg,train,,,,,팬츠,,테이퍼드,크롭·앵클,,,,,미디·7부 기장,,,,테이퍼드핏,,,,
fashion200k_bottoms/images/91109025_0.jpeg,train,,,,,팬츠,,,풀렝스,,,,,롱·긴바지 기장,,,,,,,,
fashion200k_bottoms/images/91110854_0.jpeg,train,,,,,팬츠,,,풀렝스,,,,,롱·긴바지 기장,,,,,,,,
fashion200k_bottoms/images/91112619_2.jpeg,train,,,,,팬츠,하렘 팬츠,,,,,,,,,,,,,,,
fashion200k_bottoms/images/91112978_0.jpeg,train,,,,,팬츠,,테이퍼드,크롭·앵클,플리츠·턱,,,,미디·7부 기장,,,,테이퍼드핏,,,,
fashion200k_bottoms/images/91113971_0.jpeg,train,,,,,팬츠,,와이드,,플리츠·턱,,,,,,,,와이드핏,,,,
fashion200k_bottoms/images/91114153_0.jpeg,val,,,,,팬츠,,테이퍼드,풀렝스,,,,,롱·긴바지 기장,,,,테이퍼드핏,,,,
fashion200k_bottoms/images/91114298_0.jpeg,val,,,,,팬츠,,,크롭·앵클,,,,,미디·7부 기장,,,,,,,,
fashion200k_bottoms/images/91114615_0.jpeg,train,,,,,팬츠,레깅스,,,,,,,,,,,,,,,
fashion200k_bottoms/images/91115967_0.jpeg,train,,,,,팬츠,,테이퍼드,크롭·앵클,플리츠·턱,,,,미디·7부 기장,,,,테이퍼드핏,,,,
fashion200k_bottoms/images/91116111_0.jpeg,train,,,,,팬츠,,,풀렝스,,,,,롱·긴바지 기장,,,,,,,,
fashion200k_bottoms/images/91116489_0.jpeg,train,,,,,팬츠,,스키니,,,,,,,,,,슬림핏,,,,
fashion200k_bottoms/images/91116499_1.jpeg,val,,,,,팬츠,,테이퍼드,크롭·앵클,플리츠·턱,,,,미디·7부 기장,,,,테이퍼드핏,,,,
fashion200k_bottoms/images/91116997_0.jpeg,train,,,,,팬츠,,부츠컷,풀렝스,,,,,롱·긴바지 기장,,,,플레어핏,,,,
fashion200k_bottoms/images/91117488_0.jpeg,train,,,,,팬츠,,,크롭·앵클,,,,,미디·7부 기장,,,,,,,,
fashion200k_bottoms/images/91119063_0.jpeg,train,,,,,팬츠,조거·스웨트팬츠,,,밑단 커프,,,,,,,,,,,,
fashion200k_bottoms/images/91119796_3.jpeg,val,,,,,팬츠,,플레어,크롭·앵클,,,,,미디·7부 기장,,,,플레어핏,,,,
fashion200k_bottoms/images/91120855_0.jpeg,train,,,,,팬츠,,,카프리·7부,,,,,미디·7부 기장,,,,,,,,
fashion200k_bottoms/images/91121387_0.jpeg,train,,,,,팬츠,,플레어,풀렝스,,,,,롱·긴바지 기장,,,,플레어핏,,,,
fashion200k_bottoms/images/91122136_0.jpeg,train,,,,,팬츠,,테이퍼드,크롭·앵클,,,,,미디·7부 기장,,,,테이퍼드핏,,,,
fashion200k_bottoms/images/91123094_0.jpeg,train,,,,,팬츠,,스트레이트,,,,,,,,,,스트레이트핏,,,,
fashion200k_bottoms/images/91123713_3.jpeg,val,,,,,팬츠,트랙팬츠,스키니,,,,,,,,,,슬림핏,,,,
fashion200k_bottoms/images/91123831_0.jpeg,train,,,,,팬츠,,,크롭·앵클,밴딩 허리,,,,미디·7부 기장,,,,,,,,
fashion200k_bottoms/images/91125377_0.jpeg,val,,,,,팬츠,,스트레이트,,,,,,,,,,스트레이트핏,,,,
fashion200k_bottoms/images/91125840_0.jpeg,val,,,,,팬츠,조거·스웨트팬츠,,,,,,,,,,,,,,,
fashion200k_bottoms/images/91125895_0.jpeg,train,,,,,팬츠,트랙팬츠,,풀렝스,,,,,롱·긴바지 기장,,,,,,,,
fashion200k_bottoms/images/91126142_0.jpeg,val,,,,,팬츠,,스트레이트,,플리츠·턱,,,,,,,,스트레이트핏,,,,
fashion200k_bottoms/images/91126571_0.jpeg,train,,,,,팬츠,,테이퍼드,풀렝스,,,,,롱·긴바지 기장,,,,테이퍼드핏,,,,
fashion200k_bottoms/images/91126717_0.jpeg,train,,,,,팬츠,조거·스웨트팬츠,,풀렝스,밑단 커프,,,,롱·긴바지 기장,,,,,,,,
fashion200k_bottoms/images/91126949_1.jpeg,train,,,,,팬츠,,와이드,,,,,,,,,,와이드핏,,,,
fashion200k_bottoms/images/91126964_0.jpeg,train,,,,,팬츠,,스트레이트,,드로스트링,,,,,,,,스트레이트핏,,,,
fashion200k_bottoms/images/91128170_0.jpeg,train,,,,,팬츠,요가 팬츠,,,,,,,,,,,,,,,
fashion200k_bottoms/images/91128948_0.jpeg,train,,,,,팬츠,,,풀렝스,,,,,롱·긴바지 기장,,,,,,,,
fashion200k_bottoms/images/91130158_0.jpeg,train,,,,,팬츠,요가 팬츠,스트레이트,,,,,,,,,,스트레이트핏,,,,
fashion200k_bottoms/images/91130411_1.jpeg,train,,,,,팬츠,,부츠컷,,,,,,,,,,플레어핏,,,,
fashion200k_bottoms/images/91130881_0.jpeg,train,,,,,팬츠,슬랙스,스트레이트,,,,,,,,,,스트레이트핏,,,,
fashion200k_bottoms/images/91130976_0.jpeg,train,,,,,팬츠,,테이퍼드,크롭·앵클,,,,,미디·7부 기장,,,,테이퍼드핏,,,,
fashion200k_bottoms/images/91131169_0.jpeg,train,,,,,팬츠,레깅스,,,스터럽,,,,,,,,,,,,
fashion200k_bottoms/images/91131536_0.jpeg,train,,,,,팬츠,,와이드,,,,,,,,,,와이드핏,,,,
fashion200k_bottoms/images/91132651_0.jpeg,val,,,,,팬츠,,와이드,,플리츠·턱,,,,,,,,와이드핏,,,,
fashion200k_bottoms/images/91132885_0.jpeg,train,,,,,팬츠,요가 팬츠,부츠컷,,,,,,,,,,플레어핏,,,,
fashion200k_bottoms/images/91133402_1.jpeg,val,,,,,팬츠,,스트레이트,,플리츠·턱,,,,,,,,스트레이트핏,,,,
fashion200k_bottoms/images/91133625_0.jpeg,train,,,,,팬츠,,스트레이트,,5포켓,,,,,,,,스트레이트핏,,,,
fashion200k_bottoms/images/91133701_0.jpeg,train,,,,,팬츠,트랙팬츠,,풀렝스,,,,,롱·긴바지 기장,,,,,,,,
fashion200k_bottoms/images/91133926_0.jpeg,train,,,,,팬츠,,스트레이트,,5포켓,,,,,,,,스트레이트핏,,,,
fashion200k_bottoms/images/91134462_2.jpeg,train,,,,,팬츠,,와이드,,,,,,,,,,와이드핏,,,,
fashion200k_bottoms/images/91135004_0.jpeg,train,,,,,팬츠,,스키니,,,,,,,,,,슬림핏,,,,
fashion200k_bottoms/images/91135247_0.jpeg,train,,,,,팬츠,,,크롭·앵클,,,,,미디·7부 기장,,,,,,,,
fashion200k_bottoms/images/91135277_0.jpeg,train,,,,,팬츠,,,크롭·앵클,,,,,미디·7부 기장,,,,,,,,
fashion200k_bottoms/images/91135351_0.jpeg,train,,,,,팬츠,,,풀렝스,,,,,롱·긴바지 기장,,,,,,,,
fashion200k_bottoms/images/91135431_0.jpeg,val,,,,,팬츠,,부츠컷,풀렝스,,,,,롱·긴바지 기장,,,,플레어핏,,,,
fashion200k_bottoms/images/91135984_0.jpeg,train,,,,,팬츠,,스트레이트,카프리·7부,,,,,미디·7부 기장,,,,스트레이트핏,,,,
fashion200k_bottoms/images/91136480_1.jpeg,train,,,,,팬츠,,와이드,,,,,,,,,,와이드핏,,,,
fashion200k_bottoms/images/91136904_1.jpeg,val,,,,,팬츠,,테이퍼드,풀렝스,플리츠·턱,,,,롱·긴바지 기장,,,,테이퍼드핏,,,,
fashion200k_bottoms/images/91137392_0.jpeg,val,,,,,팬츠,레깅스,,,밴딩 허리,,,,,,,,,,,,
fashion200k_bottoms/images/91137451_1.jpeg,train,,,,,팬츠,카고 팬츠,,풀렝스,카고 포켓,,,,롱·긴바지 기장,,,,,,,,
fashion200k_bottoms/images/91137524_0.jpeg,val,,,,,팬츠,,스키니,,,,,,,,,,슬림핏,,,,
fashion200k_bottoms/images/91140111_0.jpeg,train,,,,,팬츠,,플레어,크롭·앵클,,,,,미디·7부 기장,,,,플레어핏,,,,
fashion200k_bottoms/images/91140642_0.jpeg,train,,,,,팬츠,,스키니,,,,,,,,,,슬림핏,,,,
fashion200k_bottoms/images/91141062_0.jpeg,train,,,,,팬츠,레깅스,,,,,,,,,,,,,,,
fashion200k_bottoms/images/91141183_0.jpeg,train,,,,,팬츠,레깅스,,카프리·7부,,,,,미디·7부 기장,,,,,,,,
fashion200k_bottoms/images/91141949_0.jpeg,train,,,,,팬츠,,스트레이트,,,,,,,,,,스트레이트핏,,,,
fashion200k_bottoms/images/91142102_0.jpeg,val,,,,,팬츠,,와이드,,,,,,,,,,와이드핏,,,,
fashion200k_bottoms/images/91142818_0.jpeg,train,,,,,팬츠,조거·스웨트팬츠,,,,,,,,,,,,,,,
fashion200k_bottoms/images/91143066_0.jpeg,train,,,,,팬츠,치노 팬츠,스트레이트,,,,,,,,,,스트레이트핏,,,,
fashion200k_bottoms/images/91143599_0.jpeg,val,,,,,팬츠,,,크롭·앵클,,,,,미디·7부 기장,,,,,,,,
fashion200k_bottoms/images/91143697_0.jpeg,train,,,,,팬츠,트랙팬츠,,크롭·앵클,,,,,미디·7부 기장,,,,,,,,
fashion200k_bottoms/images/91143840_0.jpeg,train,,,,,팬츠,,와이드,,,,,,,,,,와이드핏,,,,
fashion200k_bottoms/images/91143880_0.jpeg,val,,,,,팬츠,,,크롭·앵클,,,,,미디·7부 기장,,,,,,,,
fashion200k_bottoms/images/91144603_0.jpeg,train,,,,,팬츠,카고 팬츠,스키니,,카고 포켓,,,,,,,,슬림핏,,,,
fashion200k_bottoms/images/91145296_0.jpeg,train,,,,,팬츠,,,크롭·앵클,,,,,미디·7부 기장,,,,,,,,
fashion200k_bottoms/images/91146072_0.jpeg,train,,,,,팬츠,레깅스,,카프리·7부,,,,,미디·7부 기장,,,,,,,,
fashion200k_bottoms/images/91146576_0.jpeg,train,,,,,팬츠,치노 팬츠,스트레이트,,,,,,,,,,스트레이트핏,,,,
fashion200k_bottoms/images/91146781_0.jpeg,val,,,,,팬츠,레깅스,,,,,,,,,,,,,,,
fashion200k_bottoms/images/91147126_3.jpeg,train,,,,,팬츠,,플레어,,,,,,,,,,플레어핏,,,,
fashion200k_bottoms/images/91147602_0.jpeg,train,,,,,팬츠,,와이드,,플리츠·턱,,,,,,,,와이드핏,,,,
fashion200k_bottoms/images/91147877_0.jpeg,train,,,,,팬츠,조거·스웨트팬츠,,풀렝스,,,,,롱·긴바지 기장,,,,,,,,
fashion200k_bottoms/images/91148609_0.jpeg,train,,,,,팬츠,,플레어,,,,,,,,,,플레어핏,,,,
fashion200k_bottoms/images/91148676_0.jpeg,val,,,,,팬츠,트랙팬츠,,풀렝스,,,,,롱·긴바지 기장,,,,,,,,
fashion200k_bottoms/images/91148850_0.jpeg,train,,,,,팬츠,,,풀렝스,,,,,롱·긴바지 기장,,,,,,,,
fashion200k_bottoms/images/91148950_1.jpeg,val,,,,,팬츠,치노 팬츠,,풀렝스,,,,,롱·긴바지 기장,,,,,,,,
fashion200k_bottoms/images/91148981_0.jpeg,train,,,,,팬츠,,,크롭·앵클,,,,,미디·7부 기장,,,,,,,,
fashion200k_bottoms/images/91149181_0.jpeg,train,,,,,팬츠,,와이드,,플리츠·턱,,,,,,,,와이드핏,,,,
fashion200k_bottoms/images/91149519_2.jpeg,val,,,,,팬츠,,스트레이트,,,,,,,,,,스트레이트핏,,,,
fashion200k_bottoms/images/91150810_0.jpeg,train,,,,,팬츠,,,풀렝스,,,,,롱·긴바지 기장,,,,,,,,
fashion200k_bottoms/images/91150909_0.jpeg,train,,,,,팬츠,,부츠컷,크롭·앵클,,,,,미디·7부 기장,,,,플레어핏,,,,
fashion200k_bottoms/images/91151164_0.jpeg,train,,,,,팬츠,조거·스웨트팬츠,,풀렝스,,,,,롱·긴바지 기장,,,,,,,,
fashion200k_bottoms/images/91151520_1.jpeg,val,,,,,팬츠,,와이드,,,,,,,,,,와이드핏,,,,
fashion200k_bottoms/images/91151526_0.jpeg,train,,,,,팬츠,하렘 팬츠,,,,,,,,,,,,,,,
fashion200k_bottoms/images/91151901_0.jpeg,train,,,,,팬츠,,와이드,,플리츠·턱,,,,,,,,와이드핏,,,,
fashion200k_bottoms/images/91151936_1.jpeg,train,,,,,팬츠,,팔라초,,,,,,,,,,와이드핏,,,,
fashion200k_bottoms/images/91151940_0.jpeg,train,,,,,팬츠,슬랙스,,크롭·앵클,,,,,미디·7부 기장,,,,,,,,
fashion200k_bottoms/images/91152228_0.jpeg,val,,,,,팬츠,하렘 팬츠,테이퍼드,,,,,,,,,,테이퍼드핏,,,,
fashion200k_bottoms/images/91153678_2.jpeg,train,,,,,팬츠,요가 팬츠,부츠컷,풀렝스,,,,,롱·긴바지 기장,,,,플레어핏,,,,
fashion200k_bottoms/images/91153883_0.jpeg,train,,,,,팬츠,,,크롭·앵클,,,,,미디·7부 기장,,,,,,,,
fashion200k_bottoms/images/91153927_0.jpeg,train,,,,,팬츠,슬랙스,스트레이트,,,,,,,,,,스트레이트핏,,,,
fashion200k_bottoms/images/91153954_1.jpeg,train,,,,,팬츠,치노 팬츠,와이드,,,,,,,,,,와이드핏,,,,
fashion200k_bottoms/images/91154650_0.jpeg,train,,,,,팬츠,레깅스,,카프리·7부,,,,,미디·7부 기장,,,,,,,,
fashion200k_bottoms/images/91154724_0.jpeg,train,,,,,팬츠,레깅스,,카프리·7부,,,,,미디·7부 기장,,,,,,,,
fashion200k_bottoms/images/91154909_1.jpeg,train,,,,,팬츠,,테이퍼드,크롭·앵클,,,,,미디·7부 기장,,,,테이퍼드핏,,,,
fashion200k_bottoms/images/91155060_0.jpeg,val,,,,,팬츠,,부츠컷,,,,,,,,,,플레어핏,,,,
fashion200k_bottoms/images/91155421_0.jpeg,val,,,,,팬츠,레깅스,,,,,,,,,,,,,,,
fashion200k_bottoms/images/91155874_0.jpeg,train,,,,,팬츠,레깅스,,,,,,,,,,,,,,,
fashion200k_bottoms/images/91156030_0.jpeg,train,,,,,팬츠,,,크롭·앵클,,,,,미디·7부 기장,,,,,,,,
fashion200k_bottoms/images/91156336_0.jpeg,train,,,,,팬츠,레깅스,,카프리·7부,,,,,미디·7부 기장,,,,,,,,
fashion200k_bottoms/images/91156395_0.jpeg,train,,,,,팬츠,,와이드,,드로스트링,,,,,,,,와이드핏,,,,
fashion200k_bottoms/images/91156646_0.jpeg,train,,,,,팬츠,,,카프리·7부,,,,,미디·7부 기장,,,,,,,,
fashion200k_bottoms/images/91158005_0.jpeg,train,,,,,팬츠,,부츠컷,풀렝스,,,,,롱·긴바지 기장,,,,플레어핏,,,,
fashion200k_bottoms/images/91159576_0.jpeg,train,,,,,팬츠,레깅스,,,,,,,,,,,,,,,
fashion200k_bottoms/images/91159992_1.jpeg,val,,,,,팬츠,,,풀렝스,,,,,롱·긴바지 기장,,,,,,,,
fashion200k_bottoms/images/91161018_1.jpeg,train,,,,,팬츠,,플레어,크롭·앵클,,,,,미디·7부 기장,,,,플레어핏,,,,
fashion200k_bottoms/images/91161375_0.jpeg,train,,,,,팬츠,,,크롭·앵클,5포켓,,,,미디·7부 기장,,,,,,,,
fashion200k_bottoms/images/91161692_0.jpeg,train,,,,,팬츠,,스키니,,,,,,,,,,슬림핏,,,,
fashion200k_bottoms/images/91162030_0.jpeg,train,,,,,팬츠,레깅스,,카프리·7부,,,,,미디·7부 기장,,,,,,,,
fashion200k_bottoms/images/91162267_0.jpeg,train,,,,,팬츠,레깅스,,,,,,,,,,,,,,,
fashion200k_bottoms/images/91162339_0.jpeg,train,,,,,팬츠,트랙팬츠,스키니,,,,,,,,,,슬림핏,,,,
fashion200k_bottoms/images/91162644_0.jpeg,train,,,,,팬츠,레깅스,스키니,,,,,,,,,,슬림핏,,,,
fashion200k_bottoms/images/91163687_0.jpeg,train,,,,,팬츠,조거·스웨트팬츠,,풀렝스,,,,,롱·긴바지 기장,,,,,,,,
fashion200k_bottoms/images/91163844_0.jpeg,train,,,,,팬츠,,스트레이트,,,,,,,,,,스트레이트핏,,,,
fashion200k_bottoms/images/91164809_0.jpeg,val,,,,,팬츠,,스키니,,드로스트링,,,,,,,,슬림핏,,,,
fashion200k_bottoms/images/91164902_0.jpeg,train,,,,,팬츠,레깅스,,카프리·7부,,,,,미디·7부 기장,,,,,,,,
fashion200k_bottoms/images/91164967_0.jpeg,train,,,,,팬츠,레깅스,,카프리·7부,,,,,미디·7부 기장,,,,,,,,
fashion200k_bottoms/images/91164981_0.jpeg,val,,,,,팬츠,레깅스,,카프리·7부,,,,,미디·7부 기장,,,,,,,,
fashion200k_bottoms/images/91165152_0.jpeg,train,,,,,팬츠,레깅스,,카프리·7부,,,,,미디·7부 기장,,,,,,,,
fashion200k_bottoms/images/91165361_0.jpeg,train,,,,,팬츠,조거·스웨트팬츠,스트레이트,,,,,,,,,,스트레이트핏,,,,
fashion200k_bottoms/images/91165420_0.jpeg,train,,,,,팬츠,치노 팬츠,,풀렝스,,,,,롱·긴바지 기장,,,,,,,,
fashion200k_bottoms/images/91165647_0.jpeg,train,,,,,팬츠,치노 팬츠,,크롭·앵클,,,,,미디·7부 기장,,,,,,,,
fashion200k_bottoms/images/91165751_0.jpeg,train,,,,,팬츠,레깅스,,카프리·7부,,,,,미디·7부 기장,,,,,,,,
fashion200k_bottoms/images/91165763_0.jpeg,train,,,,,팬츠,조거·스웨트팬츠,,,,,,,,,,,,,,,
fashion200k_bottoms/images/91165909_0.jpeg,train,,,,,팬츠,,,크롭·앵클,,,,,미디·7부 기장,,,,,,,,
fashion200k_bottoms/images/91165919_0.jpeg,train,,,,,팬츠,,팔라초,,,,,,,,,,와이드핏,,,,
fashion200k_bottoms/images/91165962_0.jpeg,val,,,,,팬츠,레깅스,,,,,,,,,,,,,,,
fashion200k_bottoms/images/91166398_0.jpeg,train,,,,,팬츠,레깅스,,카프리·7부,,,,,미디·7부 기장,,,,,,,,
fashion200k_bottoms/images/91166582_0.jpeg,train,,,,,팬츠,치노 팬츠,,풀렝스,,,,,롱·긴바지 기장,,,,,,,,
fashion200k_bottoms/images/91166722_0.jpeg,train,,,,,팬츠,레깅스,,카프리·7부,,,,,미디·7부 기장,,,,,,,,
fashion200k_bottoms/images/91166752_0.jpeg,train,,,,,팬츠,,와이드,,플리츠·턱,,,,,,,,와이드핏,,,,
fashion200k_bottoms/images/91166898_0.jpeg,val,,,,,팬츠,레깅스,,카프리·7부,,,,,미디·7부 기장,,,,,,,,
fashion200k_bottoms/images/91167105_0.jpeg,train,,,,,팬츠,,,카프리·7부,,,,,미디·7부 기장,,,,,,,,
fashion200k_bottoms/images/91167265_0.jpeg,train,,,,,팬츠,,,카프리·7부,,,,,미디·7부 기장,,,,,,,,
fashion200k_bottoms/images/91167594_0.jpeg,train,,,,,팬츠,레깅스,,카프리·7부,,,,,미디·7부 기장,,,,,,,,
fashion200k_bottoms/images/91167601_0.jpeg,train,,,,,팬츠,,테이퍼드,크롭·앵클,,,,,미디·7부 기장,,,,테이퍼드핏,,,,
fashion200k_bottoms/images/91167722_0.jpeg,train,,,,,팬츠,카고 팬츠,,,카고 포켓,,,,,,,,,,,,
fashion200k_bottoms/images/91167743_0.jpeg,train,,,,,팬츠,조거·스웨트팬츠,,풀렝스,,,,,롱·긴바지 기장,,,,,,,,
fashion200k_bottoms/images/91167763_0.jpeg,train,,,,,팬츠,레깅스,,,,,,,,,,,,,,,
fashion200k_bottoms/images/91168817_0.jpeg,train,,,,,팬츠,레깅스,,,,,,,,,,,,,,,
fashion200k_bottoms/images/91169100_0.jpeg,train,,,,,팬츠,하렘 팬츠,,풀렝스,,,,,롱·긴바지 기장,,,,,,,,
fashion200k_bottoms/images/91169279_0.jpeg,train,,,,,팬츠,레깅스,,카프리·7부,,,,,미디·7부 기장,,,,,,,,
fashion200k_bottoms/images/91169589_0.jpeg,val,,,,,팬츠,치노 팬츠,,크롭·앵클,,,,,미디·7부 기장,,,,,,,,
fashion200k_bottoms/images/91170112_0.jpeg,train,,,,,청바지,청바지,스키니,크롭·앵클,,,,,미디·7부 기장,,,,슬림핏,,,데님,
fashion200k_bottoms/images/91170490_0.jpeg,val,,,,,팬츠,,,풀렝스,플리츠·턱,,,,롱·긴바지 기장,,,,,,,,
fashion200k_bottoms/images/91170515_0.jpeg,train,,,,,팬츠,레깅스,,,,,,,,,,,,,,,
fashion200k_bottoms/images/91170741_0.jpeg,train,,,,,팬츠,레깅스,,,,,,,,,,,,,,,
fashion200k_bottoms/images/91170996_0.jpeg,val,,,,,팬츠,레깅스,,카프리·7부,,,,,미디·7부 기장,,,,,,,,
fashion200k_bottoms/images/91171371_0.jpeg,train,,,,,팬츠,,,풀렝스,,,,,롱·긴바지 기장,,,,,,,,
fashion200k_bottoms/images/91171779_0.jpeg,train,,,,,팬츠,치노 팬츠,,크롭·앵클,,,,,미디·7부 기장,,,,,,,,
fashion200k_bottoms/images/91172126_1.jpeg,train,,,,,팬츠,카고 팬츠,와이드,,카고 포켓,,,,,,,,와이드핏,,,,
fashion200k_bottoms/images/91172858_0.jpeg,train,,,,,팬츠,,부츠컷,풀렝스,,,,,롱·긴바지 기장,,,,플레어핏,,,,
fashion200k_bottoms/images/91173040_2.jpeg,train,,,,,팬츠,,와이드,,,,,,,,,,와이드핏,,,,
fashion200k_bottoms/images/91173328_0.jpeg,val,,,,,팬츠,치노 팬츠,,크롭·앵클,,,,,미디·7부 기장,,,,,,,,
fashion200k_bottoms/images/91173391_0.jpeg,train,,,,,청바지,청바지,스트레이트,풀렝스,,,,,롱·긴바지 기장,,,,스트레이트핏,,,데님,
fashion200k_bottoms/images/91174686_0.jpeg,train,,,,,팬츠,,,크롭·앵클,,,,,미디·7부 기장,,,,,,,,
fashion200k_bottoms/images/91175002_0.jpeg,train,,,,,팬츠,트랙팬츠,,,,,,,,,,,,,,,
fashion200k_bottoms/images/91175525_0.jpeg,train,,,,,팬츠,레깅스,,,밑단 커프,,,,,,,,,,,,
fashion200k_bottoms/images/91175542_0.jpeg,train,,,,,팬츠,,부츠컷,풀렝스,,,,,롱·긴바지 기장,,,,플레어핏,,,,
fashion200k_bottoms/images/91177828_1.jpeg,train,,,,,팬츠,,,풀렝스,밑단 커프,,,,롱·긴바지 기장,,,,,,,,
fashion200k_bottoms/images/91177941_0.jpeg,train,,,,,팬츠,,스키니,,,,,,,,,,슬림핏,,,,
fashion200k_bottoms/images/91178531_0.jpeg,val,,,,,팬츠,조거·스웨트팬츠,,,,,,,,,,,,,,,
fashion200k_bottoms/images/91178728_0.jpeg,val,,,,,팬츠,,플레어,,,,,,,,,,플레어핏,,,,
fashion200k_bottoms/images/91178991_0.jpeg,train,,,,,팬츠,,스키니,크롭·앵클,,,,,미디·7부 기장,,,,슬림핏,,,,
fashion200k_bottoms/images/91179049_0.jpeg,train,,,,,팬츠,트랙팬츠,,크롭·앵클,,,,,미디·7부 기장,,,,,,,,
fashion200k_bottoms/images/91179099_0.jpeg,train,,,,,팬츠,레깅스,,,,,,,,,,,,,,,
fashion200k_bottoms/images/91179219_0.jpeg,train,,,,,팬츠,,플레어,,,,,,,,,,플레어핏,,,,
fashion200k_bottoms/images/91179366_0.jpeg,train,,,,,팬츠,트랙팬츠,와이드,,,,,,,,,,와이드핏,,,,
fashion200k_bottoms/images/91179543_0.jpeg,train,,,,,청바지,청바지,스키니,,,,,,,,,,슬림핏,,,데님,
fashion200k_bottoms/images/91179865_0.jpeg,val,,,,,팬츠,조거·스웨트팬츠,스트레이트,,사이드 스트라이프,,,,,,,,스트레이트핏,,,,
fashion200k_bottoms/images/91179925_0.jpeg,train,,,,,팬츠,,,풀렝스,플리츠·턱,,,,롱·긴바지 기장,,,,,,,,
fashion200k_bottoms/images/91180322_0.jpeg,train,,,,,팬츠,레깅스,스키니,,,,,,,,,,슬림핏,,,,
fashion200k_bottoms/images/91180384_0.jpeg,train,,,,,팬츠,,플레어,크롭·앵클,,,,,미디·7부 기장,,,,플레어핏,,,,
fashion200k_bottoms/images/91180465_0.jpeg,train,,,,,팬츠,카고 팬츠,테이퍼드,크롭·앵클,카고 포켓,,,,미디·7부 기장,,,,테이퍼드핏,,,,
fashion200k_bottoms/images/91180572_0.jpeg,val,,,,,팬츠,트랙팬츠,,크롭·앵클,드로스트링,,,,미디·7부 기장,,,,,,,,
fashion200k_bottoms/images/91181587_0.jpeg,val,,,,,팬츠,,,풀렝스,,,,,롱·긴바지 기장,,,,,,,,
fashion200k_bottoms/images/91181884_0.jpeg,train,,,,,팬츠,,플레어,,,,,,,,,,플레어핏,,,,
fashion200k_bottoms/images/91182643_0.jpeg,train,,,,,팬츠,하렘 팬츠,,,,,,,,,,,,,,,
fashion200k_bottoms/images/91183015_0.jpeg,train,,,,,팬츠,레깅스,,,,,,,,,,,,,,,
fashion200k_bottoms/images/91183920_0.jpeg,train,,,,,팬츠,조거·스웨트팬츠,,풀렝스,드로스트링,,,,롱·긴바지 기장,,,,,,,,
fashion200k_bottoms/images/91184191_0.jpeg,train,,,,,팬츠,조거·스웨트팬츠,,풀렝스,,,,,롱·긴바지 기장,,,,,,,,
fashion200k_bottoms/images/91184546_0.jpeg,val,,,,,팬츠,레깅스,,,,,,,,,,,,,,,
fashion200k_bottoms/images/91185084_0.jpeg,train,,,,,팬츠,레깅스,,카프리·7부,,,,,미디·7부 기장,,,,,,,,
fashion200k_bottoms/images/91186235_0.jpeg,train,,,,,팬츠,조거·스웨트팬츠,,,,,,,,,,,,,,,
fashion200k_bottoms/images/91187045_0.jpeg,train,,,,,팬츠,,,풀렝스,,,,,롱·긴바지 기장,,,,,,,,
fashion200k_bottoms/images/91187235_0.jpeg,train,,,,,팬츠,레깅스,,카프리·7부,,,,,미디·7부 기장,,,,,,,,
fashion200k_bottoms/images/91189756_0.jpeg,train,,,,,팬츠,레깅스,,,,,,,,,,,,,,,
fashion200k_bottoms/images/91191557_0.jpeg,train,,,,,팬츠,,와이드,,플리츠·턱,,,,,,,,와이드핏,,,,
fashion200k_bottoms/images/91191633_0.jpeg,train,,,,,팬츠,레깅스,,카프리·7부,,,,,미디·7부 기장,,,,,,,,
fashion200k_bottoms/images/91192309_0.jpeg,train,,,,,팬츠,,,크롭·앵클,,,,,미디·7부 기장,,,,,,,,
fashion200k_bottoms/images/91192610_0.jpeg,train,,,,,팬츠,,페그,풀렝스,,,,,롱·긴바지 기장,,,,테이퍼드핏,,,,
fashion200k_bottoms/images/91192903_0.jpeg,train,,,,,팬츠,,와이드,,사이드 스트라이프,,,,,,,,와이드핏,,,,
fashion200k_bottoms/images/91193069_0.jpeg,val,,,,,팬츠,,와이드,,드로스트링,,,,,,,,와이드핏,,,,
fashion200k_bottoms/images/91193465_0.jpeg,train,,,,,팬츠,,부츠컷,풀렝스,,,,,롱·긴바지 기장,,,,플레어핏,,,,
fashion200k_bottoms/images/91193831_0.jpeg,train,,,,,팬츠,카고 팬츠,스키니,,카고 포켓,,,,,,,,슬림핏,,,,
fashion200k_bottoms/images/91193866_0.jpeg,train,,,,,팬츠,,팔라초,,,,,,,,,,와이드핏,,,,
fashion200k_bottoms/images/91194051_0.jpeg,train,,,,,팬츠,레깅스,,,,,,,,,,,,,,,
fashion200k_bottoms/images/91194775_0.jpeg,train,,,,,팬츠,레깅스,,카프리·7부,,,,,미디·7부 기장,,,,,,,,
fashion200k_bottoms/images/91194777_0.jpeg,val,,,,,팬츠,,,크롭·앵클,5포켓,,,,미디·7부 기장,,,,,,,,
fashion200k_bottoms/images/91194812_0.jpeg,train,,,,,팬츠,,부츠컷,,,,,,,,,,플레어핏,,,,
fashion200k_bottoms/images/91195080_0.jpeg,train,,,,,팬츠,트랙팬츠,테이퍼드,풀렝스,,,,,롱·긴바지 기장,,,,테이퍼드핏,,,,
fashion200k_bottoms/images/91195512_0.jpeg,train,,,,,팬츠,,테이퍼드,풀렝스,,,,,롱·긴바지 기장,,,,테이퍼드핏,,,,
fashion200k_bottoms/images/91195989_0.jpeg,val,,,,,팬츠,,스트레이트,,,,,,,,,,스트레이트핏,,,,
fashion200k_bottoms/images/91196148_1.jpeg,train,,,,,팬츠,하렘 팬츠,,,,,,,,,,,,,,,
fashion200k_bottoms/images/91196389_0.jpeg,train,,,,,팬츠,,,풀렝스,,,,,롱·긴바지 기장,,,,,,,,
fashion200k_bottoms/images/91196960_0.jpeg,train,,,,,팬츠,,,카프리·7부,,,,,미디·7부 기장,,,,,,,,
fashion200k_bottoms/images/91198504_0.jpeg,train,,,,,팬츠,슬랙스,,크롭·앵클,,,,,미디·7부 기장,,,,,,,,
fashion200k_bottoms/images/91198743_0.jpeg,train,,,,,팬츠,,와이드,크롭·앵클,,,,,미디·7부 기장,,,,와이드핏,,,,
fashion200k_bottoms/images/91199075_0.jpeg,val,,,,,팬츠,,테이퍼드,크롭·앵클,,,,,미디·7부 기장,,,,테이퍼드핏,,,,
fashion200k_bottoms/images/91199239_0.jpeg,train,,,,,팬츠,,스트레이트,,,,,,,,,,스트레이트핏,,,,
fashion200k_bottoms/images/91200417_0.jpeg,train,,,,,팬츠,,,크롭·앵클,,,,,미디·7부 기장,,,,,,,,
fashion200k_bottoms/images/91200794_0.jpeg,train,,,,,팬츠,슬랙스,스키니,풀렝스,,,,,롱·긴바지 기장,,,,슬림핏,,,,
fashion200k_bottoms/images/91200903_1.jpeg,train,,,,,팬츠,슬랙스,,풀렝스,,,,,롱·긴바지 기장,,,,,,,,
fashion200k_bottoms/images/91201852_0.jpeg,train,,,,,팬츠,하렘 팬츠,플레어,,,,,,,,,,플레어핏,,,,
fashion200k_bottoms/images/91202639_0.jpeg,val,,,,,팬츠,,,카프리·7부,,,,,미디·7부 기장,,,,,,,,
fashion200k_bottoms/images/91203485_0.jpeg,val,,,,,팬츠,레깅스,,,,,,,,,,,,,,,
fashion200k_bottoms/images/91204265_0.jpeg,train,,,,,팬츠,,팔라초,풀렝스,,,,,롱·긴바지 기장,,,,와이드핏,,,,
fashion200k_bottoms/images/91206026_0.jpeg,train,,,,,팬츠,,스키니,,,,,,,,,,슬림핏,,,,
fashion200k_bottoms/images/91206265_0.jpeg,train,,,,,팬츠,레깅스,,,,,,,,,,,,,,,
fashion200k_bottoms/images/91206311_0.jpeg,train,,,,,팬츠,,와이드,,,,,,,,,,와이드핏,,,,
fashion200k_bottoms/images/91206430_0.jpeg,train,,,,,팬츠,트랙팬츠,,풀렝스,,,,,롱·긴바지 기장,,,,,,,,
fashion200k_bottoms/images/91207412_0.jpeg,train,,,,,팬츠,레깅스,,카프리·7부,,,,,미디·7부 기장,,,,,,,,
fashion200k_bottoms/images/91209727_0.jpeg,train,,,,,팬츠,하렘 팬츠,,,,,,,,,,,,,,,
fashion200k_bottoms/images/91209794_0.jpeg,train,,,,,팬츠,,,풀렝스,,,,,롱·긴바지 기장,,,,,,,,
fashion200k_bottoms/images/91210022_0.jpeg,train,,,,,팬츠,레깅스,,카프리·7부,,,,,미디·7부 기장,,,,,,,,
fashion200k_bottoms/images/91210157_3.jpeg,train,,,,,팬츠,,팔라초,,,,,,,,,,와이드핏,,,,
fashion200k_bottoms/images/91210840_0.jpeg,train,,,,,팬츠,,플레어,크롭·앵클,,,,,미디·7부 기장,,,,플레어핏,,,,
fashion200k_bottoms/images/91211151_0.jpeg,train,,,,,팬츠,레깅스,,카프리·7부,,,,,미디·7부 기장,,,,,,,,
fashion200k_bottoms/images/91211672_0.jpeg,train,,,,,팬츠,,플레어,풀렝스,,,,,롱·긴바지 기장,,,,플레어핏,,,,
fashion200k_bottoms/images/91211676_0.jpeg,val,,,,,팬츠,레깅스,,카프리·7부,,,,,미디·7부 기장,,,,,,,,
fashion200k_bottoms/images/91211726_0.jpeg,train,,,,,팬츠,,와이드,,,,,,,,,,와이드핏,,,,
fashion200k_bottoms/images/91211768_1.jpeg,val,,,,,팬츠,,테이퍼드,,,,,,,,,,테이퍼드핏,,,,
fashion200k_bottoms/images/91212163_0.jpeg,train,,,,,팬츠,,,풀렝스,드로스트링,,,,롱·긴바지 기장,,,,,,,,
fashion200k_bottoms/images/91212751_0.jpeg,train,,,,,팬츠,레깅스,,,,,,,,,,,,,,,
fashion200k_bottoms/images/91212765_0.jpeg,val,,,,,팬츠,,부츠컷,크롭·앵클,,,,,미디·7부 기장,,,,플레어핏,,,,
fashion200k_bottoms/images/91213269_0.jpeg,train,,,,,팬츠,,테이퍼드,풀렝스,,,,,롱·긴바지 기장,,,,테이퍼드핏,,,,
fashion200k_bottoms/images/91213301_1.jpeg,train,,,,,팬츠,하렘 팬츠,테이퍼드,,,,,,,,,,테이퍼드핏,,,,
fashion200k_bottoms/images/91213360_0.jpeg,train,,,,,팬츠,,,풀렝스,,,,,롱·긴바지 기장,,,,,,,,
fashion200k_bottoms/images/91213475_1.jpeg,train,,,,,팬츠,,플레어,,,,,,,,,,플레어핏,,,,
fashion200k_bottoms/images/91213558_1.jpeg,train,,,,,팬츠,,스키니,,,,,,,,,,슬림핏,,,,
fashion200k_bottoms/images/91214200_0.jpeg,train,,,,,팬츠,조거·스웨트팬츠,,풀렝스,,,,,롱·긴바지 기장,,,,,,,,
fashion200k_bottoms/images/91214229_0.jpeg,train,,,,,팬츠,레깅스,,카프리·7부,,,,,미디·7부 기장,,,,,,,,
fashion200k_bottoms/images/91214514_1.jpeg,train,,,,,팬츠,,테이퍼드,풀렝스,플리츠·턱,,,,롱·긴바지 기장,,,,테이퍼드핏,,,,
fashion200k_bottoms/images/91214871_1.jpeg,train,,,,,팬츠,트랙팬츠,,풀렝스,,,,,롱·긴바지 기장,,,,,,,,
fashion200k_bottoms/images/91214907_0.jpeg,train,,,,,팬츠,트랙팬츠,,풀렝스,,,,,롱·긴바지 기장,,,,,,,,
fashion200k_bottoms/images/91214941_0.jpeg,val,,,,,팬츠,레깅스,,카프리·7부,,,,,미디·7부 기장,,,,,,,,
fashion200k_bottoms/images/91215214_1.jpeg,val,,,,,청바지,청바지,와이드,,,,,,,,,,와이드핏,,,데님,
fashion200k_bottoms/images/91215625_0.jpeg,train,,,,,팬츠,레깅스,,카프리·7부,,,,,미디·7부 기장,,,,,,,,
fashion200k_bottoms/images/91215959_0.jpeg,train,,,,,팬츠,,,카프리·7부,,,,,미디·7부 기장,,,,,,,,
fashion200k_bottoms/images/91216829_0.jpeg,train,,,,,팬츠,,와이드,,,,,,,,,,와이드핏,,,,
fashion200k_bottoms/images/91217107_0.jpeg,train,,,,,팬츠,,,크롭·앵클,,,,,미디·7부 기장,,,,,,,,
fashion200k_bottoms/images/91217376_1.jpeg,train,,,,,팬츠,하렘 팬츠,테이퍼드,,,,,,,,,,테이퍼드핏,,,,
fashion200k_bottoms/images/91217920_0.jpeg,val,,,,,팬츠,,,크롭·앵클,,,,,미디·7부 기장,,,,,,,,
fashion200k_bottoms/images/91217951_1.jpeg,train,,,,,팬츠,,부츠컷,,,,,,,,,,플레어핏,,,,
fashion200k_bottoms/images/91217981_0.jpeg,val,,,,,팬츠,,와이드,카프리·7부,,,,,미디·7부 기장,,,,와이드핏,,,,
fashion200k_bottoms/images/91218016_0.jpeg,train,,,,,팬츠,,,크롭·앵클,플리츠·턱,,,,미디·7부 기장,,,,,,,,
fashion200k_bottoms/images/91218227_0.jpeg,val,,,,,팬츠,레깅스,,카프리·7부,,,,,미디·7부 기장,,,,,,,,
fashion200k_bottoms/images/91218443_0.jpeg,val,,,,,팬츠,,스키니,,,,,,,,,,슬림핏,,,,
fashion200k_bottoms/images/91218483_1.jpeg,train,,,,,팬츠,레깅스,,,,,,,,,,,,,,,
fashion200k_bottoms/images/91219225_0.jpeg,train,,,,,팬츠,레깅스,,,5포켓,,,,,,,,,,,,
fashion200k_bottoms/images/91219325_0.jpeg,train,,,,,팬츠,레깅스,,,5포켓,,,,,,,,,,,,
fashion200k_bottoms/images/91219515_0.jpeg,train,,,,,팬츠,,,크롭·앵클,,,,,미디·7부 기장,,,,,,,,
fashion200k_bottoms/images/91219858_0.jpeg,train,,,,,팬츠,세일러 팬츠,스트레이트,,,,,,,,,,스트레이트핏,,,,
fashion200k_bottoms/images/91220597_0.jpeg,train,,,,,팬츠,,스키니,,,,,,,,,,슬림핏,,,,
fashion200k_bottoms/images/91221255_0.jpeg,val,,,,,팬츠,조거·스웨트팬츠,,풀렝스,,,,,롱·긴바지 기장,,,,,,,,
fashion200k_bottoms/images/91221470_0.jpeg,train,,,,,팬츠,레깅스,,,,,,,,,,,,,,,
fashion200k_bottoms/images/91221696_0.jpeg,train,,,,,팬츠,레깅스,,,5포켓,,,,,,,,,,,,
fashion200k_bottoms/images/91222248_0.jpeg,train,,,,,팬츠,치노 팬츠,스트레이트,,,,,,,,,,스트레이트핏,,,,
fashion200k_bottoms/images/91222633_0.jpeg,val,,,,,팬츠,,스키니,,,,,,,,,,슬림핏,,,,
fashion200k_bottoms/images/91223188_0.jpeg,val,,,,,팬츠,,스키니,,,,,,,,,,슬림핏,,,,
fashion200k_bottoms/images/91223246_0.jpeg,train,,,,,팬츠,,스키니,크롭·앵클,,,,,미디·7부 기장,,,,슬림핏,,,,
fashion200k_bottoms/images/91223674_2.jpeg,train,,,,,팬츠,,,크롭·앵클,플리츠·턱,,,,미디·7부 기장,,,,,,,,
fashion200k_bottoms/images/91224818_1.jpeg,val,,,,,팬츠,,테이퍼드,,,,,,,,,,테이퍼드핏,,,,
fashion200k_bottoms/images/91226078_0.jpeg,train,,,,,팬츠,,스트레이트,,,,,,,,,,스트레이트핏,,,,
fashion200k_bottoms/images/91226106_0.jpeg,val,,,,,팬츠,,와이드,풀렝스,,,,,롱·긴바지 기장,,,,와이드핏,,,,
fashion200k_bottoms/images/91229384_0.jpeg,train,,,,,팬츠,,스키니,,,,,,,,,,슬림핏,,,,
fashion200k_bottoms/images/91229592_0.jpeg,train,,,,,팬츠,레깅스,,,,,,,,,,,,,,,
fashion200k_bottoms/images/91229766_0.jpeg,val,,,,,팬츠,,플레어,크롭·앵클,,,,,미디·7부 기장,,,,플레어핏,,,,
fashion200k_bottoms/images/91230344_0.jpeg,train,,,,,팬츠,,와이드,,플리츠·턱,,,,,,,,와이드핏,,,,
fashion200k_bottoms/images/91230953_0.jpeg,train,,,,,팬츠,,스키니,,,,,,,,,,슬림핏,,,,
fashion200k_bottoms/images/91231163_0.jpeg,train,,,,,팬츠,,플레어,,,,,,,,,,플레어핏,,,,
fashion200k_bottoms/images/91231581_0.jpeg,train,,,,,팬츠,,플레어,,,,,,,,,,플레어핏,,,,
fashion200k_bottoms/images/91231968_0.jpeg,val,,,,,팬츠,,팔라초,,,,,,,,,,와이드핏,,,,
fashion200k_bottoms/images/91232062_0.jpeg,train,,,,,팬츠,,플레어,,,,,,,,,,플레어핏,,,,
fashion200k_bottoms/images/91232730_0.jpeg,val,,,,,팬츠,,와이드,,,,,,,,,,와이드핏,,,,
fashion200k_bottoms/images/91233749_0.jpeg,train,,,,,팬츠,,,크롭·앵클,,,,,미디·7부 기장,,,,,,,,
fashion200k_bottoms/images/91234064_0.jpeg,train,,,,,팬츠,,테이퍼드,,,,,,,,,,테이퍼드핏,,,,
fashion200k_bottoms/images/91234115_0.jpeg,train,,,,,팬츠,,스트레이트,,드로스트링,,,,,,,,스트레이트핏,,,,
fashion200k_bottoms/images/91234701_0.jpeg,train,,,,,팬츠,,스키니,,,,,,,,,,슬림핏,,,,
fashion200k_bottoms/images/91235898_0.jpeg,train,,,,,팬츠,,와이드,,,,,,,,,,와이드핏,,,,
fashion200k_bottoms/images/91237325_0.jpeg,train,,,,,팬츠,,플레어,풀렝스,,,,,롱·긴바지 기장,,,,플레어핏,,,,
fashion200k_bottoms/images/91237421_0.jpeg,train,,,,,팬츠,레깅스,,,,,,,,,,,,,,,
fashion200k_bottoms/images/91237517_0.jpeg,train,,,,,팬츠,,플레어,,,,,,,,,,플레어핏,,,,
fashion200k_bottoms/images/91237820_0.jpeg,train,,,,,팬츠,,플레어,크롭·앵클,,,,,미디·7부 기장,,,,플레어핏,,,,
fashion200k_bottoms/images/91238968_0.jpeg,train,,,,,팬츠,레깅스,,,,,,,,,,,,,,,
fashion200k_bottoms/images/91239432_0.jpeg,train,,,,,팬츠,,스키니,,,,,,,,,,슬림핏,,,,
fashion200k_bottoms/images/91239546_0.jpeg,train,,,,,팬츠,레깅스,,,,,,,,,,,,,,,
fashion200k_bottoms/images/91239937_0.jpeg,train,,,,,팬츠,,,풀렝스,,,,,롱·긴바지 기장,,,,,,,,
fashion200k_bottoms/images/91240327_0.jpeg,train,,,,,팬츠,,페그,크롭·앵클,,,,,미디·7부 기장,,,,테이퍼드핏,,,,
fashion200k_bottoms/images/91242599_0.jpeg,train,,,,,팬츠,,부츠컷,,,,,,,,,,플레어핏,,,,
fashion200k_bottoms/images/91242601_0.jpeg,train,,,,,팬츠,트랙팬츠,스키니,,,,,,,,,,슬림핏,,,,
fashion200k_bottoms/images/91243236_0.jpeg,train,,,,,팬츠,,,크롭·앵클,플리츠·턱,,,,미디·7부 기장,,,,,,,,
fashion200k_bottoms/images/91243318_0.jpeg,val,,,,,팬츠,,테이퍼드,,,,,,,,,,테이퍼드핏,,,,
fashion200k_bottoms/images/91243385_0.jpeg,train,,,,,팬츠,,스트레이트,,플리츠·턱,,,,,,,,스트레이트핏,,,,
fashion200k_bottoms/images/91243736_0.jpeg,train,,,,,팬츠,,부츠컷,풀렝스,,,,,롱·긴바지 기장,,,,플레어핏,,,,
fashion200k_bottoms/images/91243966_0.jpeg,train,,,,,팬츠,트랙팬츠,,풀렝스,,,,,롱·긴바지 기장,,,,,,,,
fashion200k_bottoms/images/91244701_0.jpeg,train,,,,,팬츠,,테이퍼드,,,,,,,,,,테이퍼드핏,,,,
fashion200k_bottoms/images/91244914_1.jpeg,train,,,,,팬츠,,와이드,,플리츠·턱,,,,,,,,와이드핏,,,,
fashion200k_bottoms/images/91245124_0.jpeg,train,,,,,팬츠,,스키니,풀렝스,,,,,롱·긴바지 기장,,,,슬림핏,,,,
fashion200k_bottoms/images/91245402_1.jpeg,train,,,,,팬츠,,테이퍼드,크롭·앵클,,,,,미디·7부 기장,,,,테이퍼드핏,,,,
fashion200k_bottoms/images/91245501_0.jpeg,train,,,,,팬츠,레깅스,,,,,,,,,,,,,,,
fashion200k_bottoms/images/91245572_0.jpeg,train,,,,,팬츠,,스키니,크롭·앵클,,,,,미디·7부 기장,,,,슬림핏,,,,
fashion200k_bottoms/images/91245635_0.jpeg,train,,,,,팬츠,,부츠컷,크롭·앵클,,,,,미디·7부 기장,,,,플레어핏,,,,
fashion200k_bottoms/images/91245698_0.jpeg,train,,,,,팬츠,레깅스,,,,,,,,,,,,,,,
fashion200k_bottoms/images/91245809_0.jpeg,train,,,,,팬츠,,플레어,풀렝스,,,,,롱·긴바지 기장,,,,플레어핏,,,,
fashion200k_bottoms/images/91246220_0.jpeg,train,,,,,팬츠,,,풀렝스,플리츠·턱,,,,롱·긴바지 기장,,,,,,,,
fashion200k_bottoms/images/91246441_1.jpeg,train,,,,,팬츠,,테이퍼드,풀렝스,플리츠·턱,,,,롱·긴바지 기장,,,,테이퍼드핏,,,,
fashion200k_bottoms/images/91246496_0.jpeg,train,,,,,팬츠,트랙팬츠,,풀렝스,,,,,롱·긴바지 기장,,,,,,,,
fashion200k_bottoms/images/91246854_0.jpeg,train,,,,,팬츠,,,크롭·앵클,,,,,미디·7부 기장,,,,,,,,
fashion200k_bottoms/images/91247595_0.jpeg,train,,,,,팬츠,,와이드,,,,,,,,,,와이드핏,,,,
fashion200k_bottoms/images/91247838_0.jpeg,val,,,,,팬츠,,팔라초,크롭·앵클,,,,,미디·7부 기장,,,,와이드핏,,,,
fashion200k_bottoms/images/91247876_0.jpeg,train,,,,,팬츠,,스트레이트,,플리츠·턱,,,,,,,,스트레이트핏,,,,
fashion200k_bottoms/images/91248189_0.jpeg,train,,,,,팬츠,슬랙스,스키니,,,,,,,,,,슬림핏,,,,
fashion200k_bottoms/images/91248400_0.jpeg,train,,,,,팬츠,,스트레이트,,,,,,,,,,스트레이트핏,,,,
fashion200k_bottoms/images/91248942_0.jpeg,train,,,,,팬츠,,테이퍼드,풀렝스,,,,,롱·긴바지 기장,,,,테이퍼드핏,,,,
fashion200k_bottoms/images/91249006_0.jpeg,val,,,,,팬츠,레깅스,,,,,,,,,,,,,,,
fashion200k_bottoms/images/91249027_1.jpeg,val,,,,,팬츠,트랙팬츠,플레어,,,,,,,,,,플레어핏,,,,
fashion200k_bottoms/images/91249075_0.jpeg,train,,,,,팬츠,,,크롭·앵클,,,,,미디·7부 기장,,,,,,,,
fashion200k_bottoms/images/91249610_0.jpeg,train,,,,,팬츠,,플레어,크롭·앵클,,,,,미디·7부 기장,,,,플레어핏,,,,
fashion200k_bottoms/images/91249714_0.jpeg,train,,,,,청바지,청바지,스키니,,,,,,,,,,슬림핏,,,데님,
fashion200k_bottoms/images/91250192_3.jpeg,train,,,,,팬츠,,팔라초,,,,,,,,,,와이드핏,,,,
fashion200k_bottoms/images/91250195_0.jpeg,train,,,,,팬츠,요가 팬츠,,,,,,,,,,,,,,,
fashion200k_bottoms/images/91250349_0.jpeg,val,,,,,팬츠,,스트레이트,,드로스트링,,,,,,,,스트레이트핏,,,,
fashion200k_bottoms/images/91252071_0.jpeg,val,,,,,팬츠,,와이드,카프리·7부,,,,,미디·7부 기장,,,,와이드핏,,,,
fashion200k_bottoms/images/91252240_0.jpeg,train,,,,,팬츠,,플레어,풀렝스,밑단 커프,,,,롱·긴바지 기장,,,,플레어핏,,,,
fashion200k_bottoms/images/91253064_0.jpeg,train,,,,,팬츠,,,풀렝스,,,,,롱·긴바지 기장,,,,,,,,
fashion200k_bottoms/images/91253444_0.jpeg,train,,,,,팬츠,하렘 팬츠,,,,,,,,,,,,,,,
fashion200k_bottoms/images/91253446_0.jpeg,train,,,,,팬츠,,페그,,,,,,,,,,테이퍼드핏,,,,
fashion200k_bottoms/images/91254152_0.jpeg,train,,,,,팬츠,하렘 팬츠,페그,,,,,,,,,,테이퍼드핏,,,,
fashion200k_bottoms/images/91254872_0.jpeg,train,,,,,팬츠,,,풀렝스,드로스트링,,,,롱·긴바지 기장,,,,,,,,
fashion200k_bottoms/images/91255022_0.jpeg,train,,,,,팬츠,레깅스,,,5포켓,,,,,,,,,,,,
fashion200k_bottoms/images/91255153_0.jpeg,val,,,,,팬츠,,,풀렝스,,,,,롱·긴바지 기장,,,,,,,,
fashion200k_bottoms/images/91256016_0.jpeg,val,,,,,팬츠,레깅스,,카프리·7부,,,,,미디·7부 기장,,,,,,,,
fashion200k_bottoms/images/91256128_0.jpeg,train,,,,,팬츠,레깅스,,,5포켓,,,,,,,,,,,,
fashion200k_bottoms/images/91257273_0.jpeg,train,,,,,팬츠,조거·스웨트팬츠,,풀렝스,,,,,롱·긴바지 기장,,,,,,,,
fashion200k_bottoms/images/91258011_0.jpeg,train,,,,,팬츠,,부츠컷,,,,,,,,,,플레어핏,,,,
fashion200k_bottoms/images/91258389_0.jpeg,train,,,,,팬츠,레깅스,,,,,,,,,,,,,,,
fashion200k_bottoms/images/91258470_0.jpeg,train,,,,,팬츠,,페그,,,,,,,,,,테이퍼드핏,,,,
fashion200k_bottoms/images/91259971_0.jpeg,train,,,,,팬츠,,,크롭·앵클,,,,,미디·7부 기장,,,,,,,,
fashion200k_bottoms/images/91260543_0.jpeg,val,,,,,팬츠,레깅스,,,스터럽,,,,,,,,,,,,
fashion200k_bottoms/images/91260883_0.jpeg,train,,,,,팬츠,,페그,,사이드 스트라이프,,,,,,,,테이퍼드핏,,,,
fashion200k_bottoms/images/91260898_0.jpeg,train,,,,,팬츠,하렘 팬츠,페그,,,,,,,,,,테이퍼드핏,,,,
fashion200k_bottoms/images/91261424_0.jpeg,val,,,,,팬츠,,페그,,,,,,,,,,테이퍼드핏,,,,
fashion200k_bottoms/images/91261566_1.jpeg,train,,,,,팬츠,,스트레이트,,,,,,,,,,스트레이트핏,,,,
fashion200k_bottoms/images/91261969_0.jpeg,val,,,,,팬츠,레깅스,,,사이드 스트라이프,,,,,,,,,,,,
fashion200k_bottoms/images/91262233_0.jpeg,train,,,,,팬츠,,페그,,,,,,,,,,테이퍼드핏,,,,
fashion200k_bottoms/images/91262259_0.jpeg,train,,,,,팬츠,,스키니,,,,,,,,,,슬림핏,,,,
fashion200k_bottoms/images/91262714_0.jpeg,train,,,,,팬츠,레깅스,,,,,,,,,,,,,,,
fashion200k_bottoms/images/91264165_0.jpeg,train,,,,,팬츠,조거·스웨트팬츠,스트레이트,,,,,,,,,,스트레이트핏,,,,
fashion200k_bottoms/images/91264448_0.jpeg,train,,,,,팬츠,,플레어,풀렝스,,,,,롱·긴바지 기장,,,,플레어핏,,,,
fashion200k_bottoms/images/91264705_0.jpeg,train,,,,,팬츠,레깅스,,,스터럽,,,,,,,,,,,,
fashion200k_bottoms/images/91264811_0.jpeg,val,,,,,팬츠,조거·스웨트팬츠,,,,,,,,,,,,,,,
fashion200k_bottoms/images/91265613_0.jpeg,train,,,,,팬츠,조거·스웨트팬츠,,크롭·앵클,사이드 스트라이프,,,,미디·7부 기장,,,,,,,,
fashion200k_bottoms/images/91266855_0.jpeg,train,,,,,팬츠,,와이드,,,,,,,,,,와이드핏,,,,
fashion200k_bottoms/images/91267193_0.jpeg,train,,,,,팬츠,,,카프리·7부,,,,,미디·7부 기장,,,,,,,,
fashion200k_bottoms/images/91267990_0.jpeg,train,,,,,팬츠,트랙팬츠,,풀렝스,,,,,롱·긴바지 기장,,,,,,,,
fashion200k_bottoms/images/91268410_0.jpeg,train,,,,,팬츠,,부츠컷,크롭·앵클,,,,,미디·7부 기장,,,,플레어핏,,,,
fashion200k_bottoms/images/91268473_0.jpeg,val,,,,,팬츠,,,크롭·앵클,,,,,미디·7부 기장,,,,,,,,
fashion200k_bottoms/images/91269638_0.jpeg,train,,,,,팬츠,치노 팬츠,와이드,,,,,,,,,,와이드핏,,,,
fashion200k_bottoms/images/91269685_0.jpeg,train,,,,,팬츠,하렘 팬츠,,,,,,,,,,,,,,,
fashion200k_bottoms/images/91270670_0.jpeg,train,,,,,팬츠,트랙팬츠,,풀렝스,,,,,롱·긴바지 기장,,,,,,,,
fashion200k_bottoms/images/91271299_0.jpeg,train,,,,,팬츠,,팔라초,풀렝스,,,,,롱·긴바지 기장,,,,와이드핏,,,,
fashion200k_bottoms/images/91271460_1.jpeg,train,,,,,팬츠,,,크롭·앵클,플리츠·턱,,,,미디·7부 기장,,,,,,,,
fashion200k_bottoms/images/91271623_0.jpeg,train,,,,,팬츠,,페그,,,,,,,,,,테이퍼드핏,,,,
fashion200k_bottoms/images/91271631_0.jpeg,train,,,,,팬츠,,플레어,,,,,,,,,,플레어핏,,,,
fashion200k_bottoms/images/91271721_0.jpeg,train,,,,,팬츠,,,크롭·앵클,,,,,미디·7부 기장,,,,,,,,
fashion200k_bottoms/images/91271971_0.jpeg,val,,,,,팬츠,,,크롭·앵클,,,,,미디·7부 기장,,,,,,,,
fashion200k_bottoms/images/91272074_0.jpeg,train,,,,,팬츠,,테이퍼드,풀렝스,,,,,롱·긴바지 기장,,,,테이퍼드핏,,,,
fashion200k_bottoms/images/91272406_0.jpeg,val,,,,,청바지,청바지,,풀렝스,,,,,롱·긴바지 기장,,,,,,,데님,
fashion200k_bottoms/images/91272560_0.jpeg,train,,,,,팬츠,,스키니,,,,,,,,,,슬림핏,,,,
fashion200k_bottoms/images/91272889_0.jpeg,train,,,,,팬츠,레깅스,,,,,,,,,,,,,,,
fashion200k_bottoms/images/91273098_0.jpeg,train,,,,,팬츠,,와이드,,플리츠·턱,,,,,,,,와이드핏,,,,
fashion200k_bottoms/images/91273779_1.jpeg,train,,,,,팬츠,,테이퍼드,,플리츠·턱,,,,,,,,테이퍼드핏,,,,
fashion200k_bottoms/images/91274091_0.jpeg,train,,,,,팬츠,레깅스,,카프리·7부,,,,,미디·7부 기장,,,,,,,,
fashion200k_bottoms/images/91274174_0.jpeg,train,,,,,팬츠,,와이드,,,,,,,,,,와이드핏,,,,
fashion200k_bottoms/images/91274777_0.jpeg,train,,,,,팬츠,,,카프리·7부,,,,,미디·7부 기장,,,,,,,,
fashion200k_bottoms/images/91275612_0.jpeg,train,,,,,팬츠,,스트레이트,,,,,,,,,,스트레이트핏,,,,
fashion200k_bottoms/images/91275759_0.jpeg,train,,,,,팬츠,트랙팬츠,,풀렝스,,,,,롱·긴바지 기장,,,,,,,,
fashion200k_bottoms/images/91276328_0.jpeg,train,,,,,팬츠,카고 팬츠,스트레이트,,카고 포켓,,,,,,,,스트레이트핏,,,,
fashion200k_bottoms/images/91276759_0.jpeg,train,,,,,팬츠,,,풀렝스,,,,,롱·긴바지 기장,,,,,,,,
fashion200k_bottoms/images/91276808_0.jpeg,train,,,,,팬츠,,부츠컷,,,,,,,,,,플레어핏,,,,
fashion200k_bottoms/images/91277204_0.jpeg,train,,,,,팬츠,,와이드,크롭·앵클,,,,,미디·7부 기장,,,,와이드핏,,,,
fashion200k_bottoms/images/91278173_0.jpeg,train,,,,,팬츠,,스트레이트,,플리츠·턱,,,,,,,,스트레이트핏,,,,
fashion200k_bottoms/images/91278203_0.jpeg,train,,,,,팬츠,슬랙스,스트레이트,,,,,,,,,,스트레이트핏,,,,
fashion200k_bottoms/images/91281012_0.jpeg,train,,,,,청바지,청바지,,풀렝스,5포켓,,,,롱·긴바지 기장,,,,,,,데님,
fashion200k_bottoms/images/91281138_0.jpeg,train,,,,,팬츠,,테이퍼드,,,,,,,,,,테이퍼드핏,,,,
fashion200k_bottoms/images/91281818_0.jpeg,train,,,,,팬츠,레깅스,,,,,,,,,,,,,,,
fashion200k_bottoms/images/91283958_1.jpeg,train,,,,,팬츠,,플레어,풀렝스,,,,,롱·긴바지 기장,,,,플레어핏,,,,
fashion200k_bottoms/images/91284860_0.jpeg,train,,,,,팬츠,레깅스,,,,,,,,,,,,,,,
fashion200k_bottoms/images/91285512_0.jpeg,train,,,,,팬츠,레깅스,,,,,,,,,,,,,,,
fashion200k_bottoms/images/91286313_0.jpeg,train,,,,,팬츠,,,크롭·앵클,,,,,미디·7부 기장,,,,,,,,
fashion200k_bottoms/images/91286360_0.jpeg,train,,,,,팬츠,,,풀렝스,드로스트링,,,,롱·긴바지 기장,,,,,,,,
fashion200k_bottoms/images/91286531_0.jpeg,train,,,,,팬츠,,,크롭·앵클,,,,,미디·7부 기장,,,,,,,,
fashion200k_bottoms/images/91286754_0.jpeg,train,,,,,팬츠,조거·스웨트팬츠,,,,,,,,,,,,,,,
fashion200k_bottoms/images/91287853_0.jpeg,train,,,,,팬츠,조거·스웨트팬츠,,,,,,,,,,,,,,,
fashion200k_bottoms/images/91289208_0.jpeg,train,,,,,팬츠,카고 팬츠,와이드,,카고 포켓,,,,,,,,와이드핏,,,,
fashion200k_bottoms/images/91289237_0.jpeg,train,,,,,팬츠,트랙팬츠,와이드,,,,,,,,,,와이드핏,,,,
fashion200k_bottoms/images/91289508_0.jpeg,train,,,,,팬츠,트랙팬츠,,풀렝스,,,,,롱·긴바지 기장,,,,,,,,
fashion200k_bottoms/images/91289535_0.jpeg,val,,,,,팬츠,,,크롭·앵클,,,,,미디·7부 기장,,,,,,,,
fashion200k_bottoms/images/91289914_0.jpeg,train,,,,,팬츠,하렘 팬츠,,,드로스트링,,,,,,,,,,,,
fashion200k_bottoms/images/91289922_0.jpeg,train,,,,,팬츠,조거·스웨트팬츠,,풀렝스,,,,,롱·긴바지 기장,,,,,,,,
fashion200k_bottoms/images/91289966_0.jpeg,train,,,,,팬츠,,와이드,크롭·앵클,,,,,미디·7부 기장,,,,와이드핏,,,,
fashion200k_bottoms/images/91290086_0.jpeg,val,,,,,팬츠,,와이드,,드로스트링,,,,,,,,와이드핏,,,,
fashion200k_bottoms/images/91290391_0.jpeg,train,,,,,팬츠,요가 팬츠,,,,,,,,,,,,,,,
fashion200k_bottoms/images/91290608_0.jpeg,train,,,,,팬츠,조거·스웨트팬츠,스키니,,,,,,,,,,슬림핏,,,,
fashion200k_bottoms/images/91290865_0.jpeg,train,,,,,팬츠,레깅스,,,,,,,,,,,,,,,
fashion200k_bottoms/images/91291014_0.jpeg,train,,,,,팬츠,,플레어,풀렝스,,,,,롱·긴바지 기장,,,,플레어핏,,,,
fashion200k_bottoms/images/91291165_0.jpeg,train,,,,,팬츠,,플레어,,,,,,,,,,플레어핏,,,,
fashion200k_bottoms/images/91291258_0.jpeg,train,,,,,팬츠,조거·스웨트팬츠,,풀렝스,,,,,롱·긴바지 기장,,,,,,,,
fashion200k_bottoms/images/91291814_0.jpeg,train,,,,,팬츠,,,풀렝스,드로스트링,,,,롱·긴바지 기장,,,,,,,,
fashion200k_bottoms/images/91292217_0.jpeg,train,,,,,팬츠,하렘 팬츠,,,,,,,,,,,,,,,
fashion200k_bottoms/images/91292477_0.jpeg,val,,,,,팬츠,조거·스웨트팬츠,,크롭·앵클,,,,,미디·7부 기장,,,,,,,,
fashion200k_bottoms/images/91292668_0.jpeg,train,,,,,팬츠,,,풀렝스,,,,,롱·긴바지 기장,,,,,,,,
fashion200k_bottoms/images/91293344_0.jpeg,train,,,,,팬츠,,,풀렝스,,,,,롱·긴바지 기장,,,,,,,,
fashion200k_bottoms/images/91293453_0.jpeg,train,,,,,팬츠,트랙팬츠,,풀렝스,,,,,롱·긴바지 기장,,,,,,,,
fashion200k_bottoms/images/91293479_0.jpeg,train,,,,,팬츠,조거·스웨트팬츠,스키니,,,,,,,,,,슬림핏,,,,
fashion200k_bottoms/images/91294212_0.jpeg,train,,,,,팬츠,세일러 팬츠,와이드,,,,,,,,,,와이드핏,,,,
fashion200k_bottoms/images/91294551_0.jpeg,train,,,,,팬츠,,,크롭·앵클,,,,,미디·7부 기장,,,,,,,,
fashion200k_bottoms/images/91294930_0.jpeg,train,,,,,팬츠,,플레어,카프리·7부,,,,,미디·7부 기장,,,,플레어핏,,,,
fashion200k_bottoms/images/91295248_1.jpeg,train,,,,,팬츠,,스트레이트,,드로스트링,,,,,,,,스트레이트핏,,,,
fashion200k_bottoms/images/91295359_0.jpeg,train,,,,,팬츠,,,풀렝스,,,,,롱·긴바지 기장,,,,,,,,
fashion200k_bottoms/images/91295590_0.jpeg,val,,,,,팬츠,,테이퍼드,풀렝스,,,,,롱·긴바지 기장,,,,테이퍼드핏,,,,
fashion200k_bottoms/images/91295727_0.jpeg,train,,,,,팬츠,,스키니,,5포켓,,,,,,,,슬림핏,,,,
fashion200k_bottoms/images/91296370_0.jpeg,train,,,,,팬츠,,,풀렝스,드로스트링,,,,롱·긴바지 기장,,,,,,,,
fashion200k_bottoms/images/91296414_0.jpeg,val,,,,,팬츠,,스트레이트,,,,,,,,,,스트레이트핏,,,,
fashion200k_bottoms/images/91296445_0.jpeg,train,,,,,팬츠,,플레어,,,,,,,,,,플레어핏,,,,
fashion200k_bottoms/images/91296482_0.jpeg,val,,,,,팬츠,레깅스,,,,,,,,,,,,,,,
fashion200k_bottoms/images/91296612_0.jpeg,train,,,,,팬츠,,,카프리·7부,,,,,미디·7부 기장,,,,,,,,
fashion200k_bottoms/images/91297685_0.jpeg,train,,,,,팬츠,조거·스웨트팬츠,스키니,,,,,,,,,,슬림핏,,,,
fashion200k_bottoms/images/91298155_0.jpeg,val,,,,,팬츠,,와이드,,,,,,,,,,와이드핏,,,,
fashion200k_bottoms/images/91298401_2.jpeg,train,,,,,팬츠,트랙팬츠,,풀렝스,,,,,롱·긴바지 기장,,,,,,,,
fashion200k_bottoms/images/91299354_1.jpeg,val,,,,,팬츠,,부츠컷,풀렝스,,,,,롱·긴바지 기장,,,,플레어핏,,,,
fashion200k_bottoms/images/91299532_0.jpeg,val,,,,,팬츠,,스트레이트,,,,,,,,,,스트레이트핏,,,,
fashion200k_bottoms/images/91300256_0.jpeg,val,,,,,팬츠,,와이드,,드로스트링,,,,,,,,와이드핏,,,,
fashion200k_bottoms/images/91300888_0.jpeg,train,,,,,팬츠,,테이퍼드,풀렝스,,,,,롱·긴바지 기장,,,,테이퍼드핏,,,,
fashion200k_bottoms/images/91301745_0.jpeg,train,,,,,팬츠,레깅스,,카프리·7부,,,,,미디·7부 기장,,,,,,,,
fashion200k_bottoms/images/91302191_0.jpeg,train,,,,,팬츠,조거·스웨트팬츠,,풀렝스,,,,,롱·긴바지 기장,,,,,,,,
fashion200k_bottoms/images/91302743_0.jpeg,train,,,,,팬츠,,부츠컷,,,,,,,,,,플레어핏,,,,
fashion200k_bottoms/images/91304236_0.jpeg,val,,,,,팬츠,,,크롭·앵클,,,,,미디·7부 기장,,,,,,,,
fashion200k_bottoms/images/91304562_0.jpeg,train,,,,,팬츠,레깅스,,카프리·7부,,,,,미디·7부 기장,,,,,,,,
fashion200k_bottoms/images/91305338_0.jpeg,train,,,,,팬츠,,페그,크롭·앵클,,,,,미디·7부 기장,,,,테이퍼드핏,,,,
fashion200k_bottoms/images/91306289_0.jpeg,train,,,,,팬츠,레깅스,,카프리·7부,,,,,미디·7부 기장,,,,,,,,
fashion200k_bottoms/images/91306885_0.jpeg,train,,,,,팬츠,조거·스웨트팬츠,,풀렝스,,,,,롱·긴바지 기장,,,,,,,,
fashion200k_bottoms/images/91307419_0.jpeg,train,,,,,팬츠,,테이퍼드,크롭·앵클,,,,,미디·7부 기장,,,,테이퍼드핏,,,,
fashion200k_bottoms/images/91308255_0.jpeg,train,,,,,팬츠,,스트레이트,,,,,,,,,,스트레이트핏,,,,
fashion200k_bottoms/images/91309000_0.jpeg,train,,,,,팬츠,레깅스,,카프리·7부,,,,,미디·7부 기장,,,,,,,,
fashion200k_bottoms/images/91310382_0.jpeg,val,,,,,팬츠,,,풀렝스,,,,,롱·긴바지 기장,,,,,,,,
fashion200k_bottoms/images/91310422_0.jpeg,train,,,,,팬츠,,,풀렝스,,,,,롱·긴바지 기장,,,,,,,,
fashion200k_bottoms/images/91310428_0.jpeg,train,,,,,팬츠,레깅스,,카프리·7부,,,,,미디·7부 기장,,,,,,,,
fashion200k_bottoms/images/91310492_0.jpeg,train,,,,,팬츠,레깅스,,,,,,,,,,,,,,,
fashion200k_bottoms/images/91310949_0.jpeg,train,,,,,팬츠,,플레어,풀렝스,,,,,롱·긴바지 기장,,,,플레어핏,,,,
fashion200k_bottoms/images/91311029_0.jpeg,train,,,,,팬츠,,,풀렝스,,,,,롱·긴바지 기장,,,,,,,,
fashion200k_bottoms/images/91311077_0.jpeg,train,,,,,팬츠,,스트레이트,,5포켓,,,,,,,,스트레이트핏,,,,
fashion200k_bottoms/images/91311422_0.jpeg,train,,,,,팬츠,,테이퍼드,풀렝스,,,,,롱·긴바지 기장,,,,테이퍼드핏,,,,
fashion200k_bottoms/images/91312097_0.jpeg,train,,,,,팬츠,,스트레이트,,5포켓,,,,,,,,스트레이트핏,,,,
fashion200k_bottoms/images/91312535_0.jpeg,val,,,,,팬츠,,스트레이트,,5포켓,,,,,,,,스트레이트핏,,,,
fashion200k_bottoms/images/91312877_0.jpeg,train,,,,,팬츠,,스트레이트,,5포켓,,,,,,,,스트레이트핏,,,,
fashion200k_bottoms/images/91313198_0.jpeg,train,,,,,팬츠,,스키니,,드로스트링,,,,,,,,슬림핏,,,,
fashion200k_bottoms/images/91313620_0.jpeg,train,,,,,팬츠,레깅스,,,5포켓,,,,,,,,,,,,
fashion200k_bottoms/images/91314115_0.jpeg,train,,,,,팬츠,,스트레이트,,5포켓,,,,,,,,스트레이트핏,,,,
fashion200k_bottoms/images/91314150_0.jpeg,train,,,,,팬츠,,페그,,,,,,,,,,테이퍼드핏,,,,
fashion200k_bottoms/images/91314255_0.jpeg,val,,,,,팬츠,,플레어,풀렝스,5포켓,,,,롱·긴바지 기장,,,,플레어핏,,,,
fashion200k_bottoms/images/91314385_0.jpeg,val,,,,,팬츠,조거·스웨트팬츠,,풀렝스,,,,,롱·긴바지 기장,,,,,,,,
fashion200k_bottoms/images/91314984_0.jpeg,val,,,,,팬츠,레깅스,,,사이드 스트라이프,,,,,,,,,,,,
fashion200k_bottoms/images/91315240_3.jpeg,train,,,,,팬츠,레깅스,,,스터럽,,,,,,,,,,,,
fashion200k_bottoms/images/91315395_0.jpeg,train,,,,,팬츠,,플레어,,5포켓,,,,,,,,플레어핏,,,,
fashion200k_bottoms/images/91315522_0.jpeg,val,,,,,팬츠,,,크롭·앵클,5포켓,,,,미디·7부 기장,,,,,,,,
fashion200k_bottoms/images/91315706_0.jpeg,train,,,,,팬츠,,,풀렝스,,,,,롱·긴바지 기장,,,,,,,,
fashion200k_bottoms/images/91315990_0.jpeg,train,,,,,팬츠,레깅스,,,,,,,,,,,,,,,
fashion200k_bottoms/images/91316040_0.jpeg,train,,,,,팬츠,,팔라초,,,,,,,,,,와이드핏,,,,
fashion200k_bottoms/images/91317182_0.jpeg,val,,,,,팬츠,조거·스웨트팬츠,스트레이트,,,,,,,,,,스트레이트핏,,,,
fashion200k_bottoms/images/91317214_0.jpeg,train,,,,,팬츠,조거·스웨트팬츠,스트레이트,,,,,,,,,,스트레이트핏,,,,
fashion200k_bottoms/images/91317987_0.jpeg,train,,,,,팬츠,,페그,풀렝스,,,,,롱·긴바지 기장,,,,테이퍼드핏,,,,
fashion200k_bottoms/images/91318498_0.jpeg,train,,,,,팬츠,,와이드,,,,,,,,,,와이드핏,,,,
fashion200k_bottoms/images/91318721_0.jpeg,train,,,,,팬츠,,부츠컷,크롭·앵클,,,,,미디·7부 기장,,,,플레어핏,,,,
fashion200k_bottoms/images/91318898_0.jpeg,train,,,,,팬츠,,플레어,,,,,,,,,,플레어핏,,,,
fashion200k_bottoms/images/91322484_0.jpeg,train,,,,,팬츠,,,크롭·앵클,드로스트링,,,,미디·7부 기장,,,,,,,,
fashion200k_bottoms/images/91322601_0.jpeg,val,,,,,팬츠,슬랙스,,풀렝스,,,,,롱·긴바지 기장,,,,,,,,
fashion200k_bottoms/images/91322608_0.jpeg,train,,,,,팬츠,레깅스,,,드로스트링,,,,,,,,,,,,
fashion200k_bottoms/images/91324021_0.jpeg,val,,,,,팬츠,,부츠컷,크롭·앵클,,,,,미디·7부 기장,,,,플레어핏,,,,
fashion200k_bottoms/images/91325004_0.jpeg,train,,,,,팬츠,,플레어,,,,,,,,,,플레어핏,,,,
fashion200k_bottoms/images/91325215_0.jpeg,val,,,,,팬츠,,플레어,,,,,,,,,,플레어핏,,,,
fashion200k_bottoms/images/91325975_0.jpeg,train,,,,,팬츠,,스트레이트,,,,,,,,,,스트레이트핏,,,,
fashion200k_bottoms/images/91326244_0.jpeg,train,,,,,팬츠,,스트레이트,,,,,,,,,,스트레이트핏,,,,
fashion200k_bottoms/images/91326937_0.jpeg,val,,,,,팬츠,,,풀렝스,플리츠·턱,,,,롱·긴바지 기장,,,,,,,,
fashion200k_bottoms/images/91327189_0.jpeg,val,,,,,팬츠,,플레어,풀렝스,,,,,롱·긴바지 기장,,,,플레어핏,,,,
fashion200k_bottoms/images/91327714_0.jpeg,train,,,,,팬츠,,,풀렝스,,,,,롱·긴바지 기장,,,,,,,,
fashion200k_bottoms/images/91328031_0.jpeg,train,,,,,팬츠,,플레어,,,,,,,,,,플레어핏,,,,
fashion200k_bottoms/images/91328090_0.jpeg,train,,,,,팬츠,,,풀렝스,,,,,롱·긴바지 기장,,,,,,,,
fashion200k_bottoms/images/91329071_0.jpeg,val,,,,,팬츠,,스트레이트,,,,,,,,,,스트레이트핏,,,,
fashion200k_bottoms/images/91329183_0.jpeg,train,,,,,팬츠,,,크롭·앵클,,,,,미디·7부 기장,,,,,,,,
fashion200k_bottoms/images/91329313_0.jpeg,train,,,,,팬츠,,스키니,,,,,,,,,,슬림핏,,,,
fashion200k_bottoms/images/91330137_0.jpeg,train,,,,,팬츠,,스키니,,드로스트링,,,,,,,,슬림핏,,,,
fashion200k_bottoms/images/91331159_0.jpeg,train,,,,,팬츠,,,크롭·앵클,플리츠·턱,,,,미디·7부 기장,,,,,,,,
fashion200k_bottoms/images/91331366_0.jpeg,train,,,,,청바지,청바지,스키니,,,,,,,,,,슬림핏,,,데님,
fashion200k_bottoms/images/91331393_1.jpeg,train,,,,,팬츠,,,크롭·앵클,,,,,미디·7부 기장,,,,,,,,
fashion200k_bottoms/images/91332113_0.jpeg,train,,,,,팬츠,,페그,크롭·앵클,,,,,미디·7부 기장,,,,테이퍼드핏,,,,
fashion200k_bottoms/images/91332473_0.jpeg,train,,,,,팬츠,조거·스웨트팬츠,스트레이트,,,,,,,,,,스트레이트핏,,,,
fashion200k_bottoms/images/91333578_0.jpeg,train,,,,,팬츠,,스트레이트,크롭·앵클,,,,,미디·7부 기장,,,,스트레이트핏,,,,
fashion200k_bottoms/images/91334168_0.jpeg,train,,,,,팬츠,,테이퍼드,크롭·앵클,,,,,미디·7부 기장,,,,테이퍼드핏,,,,
fashion200k_bottoms/images/91334514_0.jpeg,train,,,,,팬츠,,,크롭·앵클,,,,,미디·7부 기장,,,,,,,,
fashion200k_bottoms/images/91334839_0.jpeg,train,,,,,팬츠,조거·스웨트팬츠,,,,,,,,,,,,,,,
fashion200k_bottoms/images/91335264_0.jpeg,val,,,,,팬츠,요가 팬츠,와이드,,,,,,,,,,와이드핏,,,,
fashion200k_bottoms/images/91335513_0.jpeg,train,,,,,팬츠,,스키니,,밴딩 허리,,,,,,,,슬림핏,,,,
fashion200k_bottoms/images/91335741_0.jpeg,train,,,,,팬츠,하렘 팬츠,,,,,,,,,,,,,,,
fashion200k_bottoms/images/91335826_1.jpeg,val,,,,,팬츠,,,크롭·앵클,플리츠·턱,,,,미디·7부 기장,,,,,,,,
fashion200k_bottoms/images/91336259_0.jpeg,train,,,,,청바지,청바지,스키니,,,,,,,,,,슬림핏,,,데님,
fashion200k_bottoms/images/91336609_1.jpeg,train,,,,,팬츠,치노 팬츠,스키니,,,,,,,,,,슬림핏,,,,
fashion200k_bottoms/images/91336952_0.jpeg,train,,,,,팬츠,,스트레이트,,,,,,,,,,스트레이트핏,,,,
fashion200k_bottoms/images/91337058_0.jpeg,train,,,,,팬츠,,팔라초,,,,,,,,,,와이드핏,,,,
fashion200k_bottoms/images/91337112_0.jpeg,train,,,,,팬츠,레깅스,,,,,,,,,,,,,,,
fashion200k_bottoms/images/91337689_0.jpeg,train,,,,,팬츠,레깅스,,,,,,,,,,,,,,,
fashion200k_bottoms/images/91337932_0.jpeg,train,,,,,팬츠,레깅스,,,,,,,,,,,,,,,
fashion200k_bottoms/images/91338258_0.jpeg,train,,,,,팬츠,,,풀렝스,드로스트링,,,,롱·긴바지 기장,,,,,,,,
fashion200k_bottoms/images/91338469_0.jpeg,train,,,,,팬츠,하렘 팬츠,,,,,,,,,,,,,,,
fashion200k_bottoms/images/91338762_0.jpeg,train,,,,,팬츠,트랙팬츠,,크롭·앵클,,,,,미디·7부 기장,,,,,,,,
fashion200k_bottoms/images/91338827_1.jpeg,train,,,,,팬츠,레깅스,,카프리·7부,,,,,미디·7부 기장,,,,,,,,
fashion200k_bottoms/images/91338929_0.jpeg,train,,,,,팬츠,,,크롭·앵클,,,,,미디·7부 기장,,,,,,,,
fashion200k_bottoms/images/91339495_0.jpeg,train,,,,,팬츠,조거·스웨트팬츠,스트레이트,,,,,,,,,,스트레이트핏,,,,
fashion200k_bottoms/images/91340185_0.jpeg,train,,,,,팬츠,,,크롭·앵클,,,,,미디·7부 기장,,,,,,,,
fashion200k_bottoms/images/91340193_0.jpeg,val,,,,,팬츠,,팔라초,,,,,,,,,,와이드핏,,,,
fashion200k_bottoms/images/91340743_0.jpeg,train,,,,,팬츠,레깅스,,카프리·7부,,,,,미디·7부 기장,,,,,,,,
fashion200k_bottoms/images/91340754_0.jpeg,train,,,,,팬츠,조거·스웨트팬츠,,크롭·앵클,,,,,미디·7부 기장,,,,,,,,
fashion200k_bottoms/images/91341062_1.jpeg,train,,,,,팬츠,레깅스,,카프리·7부,,,,,미디·7부 기장,,,,,,,,
fashion200k_bottoms/images/91341126_0.jpeg,train,,,,,팬츠,,스트레이트,,,,,,,,,,스트레이트핏,,,,
fashion200k_bottoms/images/91341160_0.jpeg,train,,,,,팬츠,,스키니,,,,,,,,,,슬림핏,,,,
fashion200k_bottoms/images/91341642_0.jpeg,train,,,,,팬츠,레깅스,,카프리·7부,,,,,미디·7부 기장,,,,,,,,
fashion200k_bottoms/images/91341797_0.jpeg,train,,,,,팬츠,슬랙스,,크롭·앵클,,,,,미디·7부 기장,,,,,,,,
fashion200k_bottoms/images/91341921_1.jpeg,train,,,,,팬츠,,스키니,,,,,,,,,,슬림핏,,,,
fashion200k_bottoms/images/91342697_0.jpeg,train,,,,,팬츠,,스트레이트,,드로스트링,,,,,,,,스트레이트핏,,,,
fashion200k_bottoms/images/91342958_0.jpeg,train,,,,,팬츠,치노 팬츠,스키니,,,,,,,,,,슬림핏,,,,
fashion200k_bottoms/images/91343639_0.jpeg,train,,,,,팬츠,레깅스,,카프리·7부,,,,,미디·7부 기장,,,,,,,,
fashion200k_bottoms/images/91344021_1.jpeg,train,,,,,팬츠,레깅스,,카프리·7부,,,,,미디·7부 기장,,,,,,,,
fashion200k_bottoms/images/91345301_0.jpeg,val,,,,,팬츠,레깅스,,카프리·7부,,,,,미디·7부 기장,,,,,,,,
fashion200k_bottoms/images/91345864_0.jpeg,train,,,,,팬츠,레깅스,,카프리·7부,,,,,미디·7부 기장,,,,,,,,
fashion200k_bottoms/images/91345995_0.jpeg,train,,,,,팬츠,트랙팬츠,스트레이트,,,,,,,,,,스트레이트핏,,,,
fashion200k_bottoms/images/91346075_0.jpeg,val,,,,,팬츠,조거·스웨트팬츠,,크롭·앵클,,,,,미디·7부 기장,,,,,,,,
fashion200k_bottoms/images/91346183_0.jpeg,train,,,,,팬츠,레깅스,,카프리·7부,,,,,미디·7부 기장,,,,,,,,
fashion200k_bottoms/images/91346233_0.jpeg,val,,,,,팬츠,레깅스,,,,,,,,,,,,,,,
fashion200k_bottoms/images/91346812_0.jpeg,train,,,,,팬츠,,스트레이트,,5포켓,,,,,,,,스트레이트핏,,,,
fashion200k_bottoms/images/91348625_0.jpeg,val,,,,,팬츠,,플레어,풀렝스,,,,,롱·긴바지 기장,,,,플레어핏,,,,
fashion200k_bottoms/images/91348698_0.jpeg,val,,,,,팬츠,,,크롭·앵클,,,,,미디·7부 기장,,,,,,,,
fashion200k_bottoms/images/91348919_0.jpeg,val,,,,,팬츠,,,크롭·앵클,,,,,미디·7부 기장,,,,,,,,
fashion200k_bottoms/images/91349258_0.jpeg,val,,,,,팬츠,,플레어,,,,,,,,,,플레어핏,,,,
fashion200k_bottoms/images/91349318_0.jpeg,train,,,,,팬츠,레깅스,,,,,,,,,,,,,,,
fashion200k_bottoms/images/91349450_0.jpeg,train,,,,,팬츠,레깅스,,카프리·7부,,,,,미디·7부 기장,,,,,,,,
fashion200k_bottoms/images/91349542_0.jpeg,train,,,,,팬츠,레깅스,,,,,,,,,,,,,,,
fashion200k_bottoms/images/91349867_0.jpeg,train,,,,,팬츠,,플레어,크롭·앵클,,,,,미디·7부 기장,,,,플레어핏,,,,
fashion200k_bottoms/images/91349887_0.jpeg,train,,,,,팬츠,,스키니,,,,,,,,,,슬림핏,,,,
fashion200k_bottoms/images/91350014_0.jpeg,train,,,,,팬츠,트랙팬츠,,크롭·앵클,드로스트링,,,,미디·7부 기장,,,,,,,,
fashion200k_bottoms/images/91350192_0.jpeg,train,,,,,팬츠,레깅스,,,,,,,,,,,,,,,
fashion200k_bottoms/images/91351682_0.jpeg,train,,,,,팬츠,,스키니,,,,,,,,,,슬림핏,,,,
fashion200k_bottoms/images/91351752_0.jpeg,train,,,,,팬츠,,와이드,,,,,,,,,,와이드핏,,,,
fashion200k_bottoms/images/91352360_0.jpeg,train,,,,,팬츠,,스트레이트,크롭·앵클,,,,,미디·7부 기장,,,,스트레이트핏,,,,
fashion200k_bottoms/images/91352694_1.jpeg,train,,,,,팬츠,,,크롭·앵클,플리츠·턱,,,,미디·7부 기장,,,,,,,,
fashion200k_bottoms/images/91352948_0.jpeg,train,,,,,팬츠,,부츠컷,풀렝스,,,,,롱·긴바지 기장,,,,플레어핏,,,,
fashion200k_bottoms/images/91352989_0.jpeg,train,,,,,팬츠,,,크롭·앵클,드로스트링,,,,미디·7부 기장,,,,,,,,
fashion200k_bottoms/images/91353235_0.jpeg,train,,,,,팬츠,,,풀렝스,,,,,롱·긴바지 기장,,,,,,,,
fashion200k_bottoms/images/91353725_0.jpeg,train,,,,,팬츠,,,크롭·앵클,,,,,미디·7부 기장,,,,,,,,
fashion200k_bottoms/images/91354121_0.jpeg,train,,,,,팬츠,레깅스,,,,,,,,,,,,,,,
fashion200k_bottoms/images/91354660_1.jpeg,train,,,,,팬츠,,플레어,카프리·7부,,,,,미디·7부 기장,,,,플레어핏,,,,
fashion200k_bottoms/images/91354996_0.jpeg,train,,,,,팬츠,,스트레이트,,드로스트링|사이드 스트라이프,,,,,,,,스트레이트핏,,,,
fashion200k_bottoms/images/91355033_0.jpeg,train,,,,,팬츠,,,크롭·앵클,,,,,미디·7부 기장,,,,,,,,
fashion200k_bottoms/images/91355223_0.jpeg,train,,,,,팬츠,요가 팬츠,,크롭·앵클,,,,,미디·7부 기장,,,,,,,,
fashion200k_bottoms/images/91355234_0.jpeg,train,,,,,팬츠,레깅스,,카프리·7부,,,,,미디·7부 기장,,,,,,,,
fashion200k_bottoms/images/91355300_0.jpeg,val,,,,,팬츠,슬랙스,스트레이트,,,,,,,,,,스트레이트핏,,,,
fashion200k_bottoms/images/91355474_1.jpeg,train,,,,,팬츠,레깅스,,카프리·7부,,,,,미디·7부 기장,,,,,,,,
fashion200k_bottoms/images/91356097_0.jpeg,train,,,,,팬츠,슬랙스,,크롭·앵클,,,,,미디·7부 기장,,,,,,,,
fashion200k_bottoms/images/91356320_0.jpeg,val,,,,,팬츠,트랙팬츠,스트레이트,,,,,,,,,,스트레이트핏,,,,
fashion200k_bottoms/images/91356434_0.jpeg,train,,,,,팬츠,조거·스웨트팬츠,,풀렝스,,,,,롱·긴바지 기장,,,,,,,,
fashion200k_bottoms/images/91356731_0.jpeg,val,,,,,팬츠,레깅스,,,,,,,,,,,,,,,
fashion200k_bottoms/images/91357604_0.jpeg,train,,,,,팬츠,,와이드,,플리츠·턱,,,,,,,,와이드핏,,,,
fashion200k_bottoms/images/91357928_0.jpeg,train,,,,,팬츠,,스키니,,,,,,,,,,슬림핏,,,,
fashion200k_bottoms/images/91359226_0.jpeg,train,,,,,팬츠,,테이퍼드,풀렝스,,,,,롱·긴바지 기장,,,,테이퍼드핏,,,,
fashion200k_bottoms/images/91360924_0.jpeg,train,,,,,팬츠,,스트레이트,,,,,,,,,,스트레이트핏,,,,
fashion200k_bottoms/images/91361035_0.jpeg,train,,,,,팬츠,,스트레이트,,드로스트링,,,,,,,,스트레이트핏,,,,
fashion200k_bottoms/images/91361063_0.jpeg,train,,,,,팬츠,조거·스웨트팬츠,,풀렝스,,,,,롱·긴바지 기장,,,,,,,,
fashion200k_bottoms/images/91361260_0.jpeg,train,,,,,팬츠,슬랙스,,풀렝스,,,,,롱·긴바지 기장,,,,,,,,
fashion200k_bottoms/images/91361393_0.jpeg,train,,,,,팬츠,,,크롭·앵클,,,,,미디·7부 기장,,,,,,,,
fashion200k_bottoms/images/91361730_0.jpeg,train,,,,,팬츠,,스키니,,,,,,,,,,슬림핏,,,,
fashion200k_bottoms/images/91363994_0.jpeg,train,,,,,팬츠,,팔라초,,,,,,,,,,와이드핏,,,,
fashion200k_bottoms/images/91364087_0.jpeg,train,,,,,팬츠,,부츠컷,,,,,,,,,,플레어핏,,,,
fashion200k_bottoms/images/91364481_0.jpeg,train,,,,,팬츠,,플레어,,,,,,,,,,플레어핏,,,,
fashion200k_bottoms/images/91365084_0.jpeg,train,,,,,팬츠,하렘 팬츠,테이퍼드,,,,,,,,,,테이퍼드핏,,,,
fashion200k_bottoms/images/91365315_0.jpeg,train,,,,,팬츠,,플레어,크롭·앵클,,,,,미디·7부 기장,,,,플레어핏,,,,
fashion200k_bottoms/images/91366162_0.jpeg,val,,,,,팬츠,,,풀렝스,,,,,롱·긴바지 기장,,,,,,,,
fashion200k_bottoms/images/91366203_0.jpeg,train,,,,,팬츠,,플레어,,,,,,,,,,플레어핏,,,,
fashion200k_bottoms/images/91366543_3.jpeg,train,,,,,팬츠,,와이드,,,,,,,,,,와이드핏,,,,
fashion200k_bottoms/images/91367508_0.jpeg,val,,,,,팬츠,,,크롭·앵클,,,,,미디·7부 기장,,,,,,,,
fashion200k_bottoms/images/91367985_0.jpeg,train,,,,,팬츠,레깅스,,,,,,,,,,,,,,,
fashion200k_bottoms/images/91369422_0.jpeg,train,,,,,팬츠,레깅스,,,사이드 스트라이프,,,,,,,,,,,,
fashion200k_bottoms/images/91369434_0.jpeg,train,,,,,팬츠,,부츠컷,풀렝스,,,,,롱·긴바지 기장,,,,플레어핏,,,,
fashion200k_bottoms/images/91369440_0.jpeg,train,,,,,팬츠,레깅스,,,,,,,,,,,,,,,
fashion200k_bottoms/images/91370663_0.jpeg,val,,,,,팬츠,,스키니,,,,,,,,,,슬림핏,,,,
fashion200k_bottoms/images/91370706_0.jpeg,train,,,,,팬츠,,테이퍼드,풀렝스,,,,,롱·긴바지 기장,,,,테이퍼드핏,,,,
fashion200k_bottoms/images/91370948_0.jpeg,val,,,,,팬츠,,와이드,,,,,,,,,,와이드핏,,,,
fashion200k_bottoms/images/91371675_0.jpeg,train,,,,,팬츠,트랙팬츠,,풀렝스,,,,,롱·긴바지 기장,,,,,,,,
fashion200k_bottoms/images/91371979_1.jpeg,train,,,,,팬츠,,스트레이트,,,,,,,,,,스트레이트핏,,,,
fashion200k_bottoms/images/91372071_0.jpeg,train,,,,,팬츠,,,크롭·앵클,5포켓,,,,미디·7부 기장,,,,,,,,
fashion200k_bottoms/images/91372307_0.jpeg,train,,,,,팬츠,,와이드,,,,,,,,,,와이드핏,,,,
fashion200k_bottoms/images/91372784_0.jpeg,train,,,,,팬츠,치노 팬츠,스트레이트,,,,,,,,,,스트레이트핏,,,,
fashion200k_bottoms/images/91373457_0.jpeg,train,,,,,팬츠,,와이드,,,,,,,,,,와이드핏,,,,
fashion200k_bottoms/images/91373503_0.jpeg,train,,,,,팬츠,레깅스,,,,,,,,,,,,,,,
fashion200k_bottoms/images/91373620_0.jpeg,train,,,,,팬츠,,테이퍼드,풀렝스,,,,,롱·긴바지 기장,,,,테이퍼드핏,,,,
fashion200k_bottoms/images/91374682_0.jpeg,train,,,,,팬츠,카고 팬츠,,카프리·7부,카고 포켓,,,,미디·7부 기장,,,,,,,,
fashion200k_bottoms/images/91374715_0.jpeg,train,,,,,팬츠,,,풀렝스,플리츠·턱,,,,롱·긴바지 기장,,,,,,,,
fashion200k_bottoms/images/91375129_0.jpeg,train,,,,,팬츠,,,풀렝스,플리츠·턱,,,,롱·긴바지 기장,,,,,,,,
fashion200k_bottoms/images/91375414_1.jpeg,train,,,,,팬츠,트랙팬츠,플레어,풀렝스,,,,,롱·긴바지 기장,,,,플레어핏,,,,
fashion200k_bottoms/images/91375670_0.jpeg,train,,,,,팬츠,레깅스,,,,,,,,,,,,,,,
fashion200k_bottoms/images/91375686_1.jpeg,train,,,,,팬츠,트랙팬츠,,풀렝스,,,,,롱·긴바지 기장,,,,,,,,
fashion200k_bottoms/images/91376625_0.jpeg,val,,,,,팬츠,카고 팬츠,,카프리·7부,카고 포켓,,,,미디·7부 기장,,,,,,,,
fashion200k_bottoms/images/91377943_0.jpeg,train,,,,,팬츠,,테이퍼드,,,,,,,,,,테이퍼드핏,,,,
fashion200k_bottoms/images/91378224_0.jpeg,val,,,,,팬츠,,와이드,,,,,,,,,,와이드핏,,,,
fashion200k_bottoms/images/91378495_0.jpeg,train,,,,,팬츠,레깅스,,,,,,,,,,,,,,,
fashion200k_bottoms/images/91382239_0.jpeg,train,,,,,팬츠,,플레어,풀렝스,,,,,롱·긴바지 기장,,,,플레어핏,,,,
fashion200k_bottoms/images/91382914_1.jpeg,train,,,,,팬츠,,테이퍼드,풀렝스,,,,,롱·긴바지 기장,,,,테이퍼드핏,,,,
fashion200k_bottoms/images/91383052_1.jpeg,val,,,,,팬츠,,와이드,,,,,,,,,,와이드핏,,,,
fashion200k_bottoms/images/91383861_0.jpeg,train,,,,,팬츠,,와이드,,플리츠·턱,,,,,,,,와이드핏,,,,
fashion200k_bottoms/images/91384374_0.jpeg,train,,,,,팬츠,,,크롭·앵클,5포켓,,,,미디·7부 기장,,,,,,,,
fashion200k_bottoms/images/91384463_0.jpeg,train,,,,,팬츠,레깅스,,,,,,,,,,,,,,,
fashion200k_bottoms/images/91385115_0.jpeg,train,,,,,팬츠,,스트레이트,,,,,,,,,,스트레이트핏,,,,
fashion200k_bottoms/images/91385340_0.jpeg,train,,,,,팬츠,,플레어,,,,,,,,,,플레어핏,,,,
fashion200k_bottoms/images/91385458_0.jpeg,val,,,,,팬츠,요가 팬츠,,,,,,,,,,,,,,,
fashion200k_bottoms/images/91386018_0.jpeg,train,,,,,팬츠,,,크롭·앵클,드로스트링,,,,미디·7부 기장,,,,,,,,
fashion200k_bottoms/images/91386180_0.jpeg,train,,,,,팬츠,,,카프리·7부,,,,,미디·7부 기장,,,,,,,,
fashion200k_bottoms/images/91386770_0.jpeg,train,,,,,팬츠,,,크롭·앵클,밑단 커프,,,,미디·7부 기장,,,,,,,,
fashion200k_bottoms/images/91387160_0.jpeg,train,,,,,청바지,청바지,,풀렝스,,,,,롱·긴바지 기장,,,,,,,데님,
fashion200k_bottoms/images/91388568_0.jpeg,train,,,,,팬츠,레깅스,,,5포켓,,,,,,,,,,,,
fashion200k_bottoms/images/91388677_0.jpeg,train,,,,,팬츠,,,풀렝스,밴딩 허리,,,,롱·긴바지 기장,,,,,,,,
fashion200k_bottoms/images/91389161_0.jpeg,train,,,,,팬츠,치노 팬츠,,크롭·앵클,,,,,미디·7부 기장,,,,,,,,
fashion200k_bottoms/images/91389318_0.jpeg,train,,,,,팬츠,레깅스,,,,,,,,,,,,,,,
fashion200k_bottoms/images/91389660_0.jpeg,train,,,,,팬츠,레깅스,스키니,,밑단 커프,,,,,,,,슬림핏,,,,
fashion200k_bottoms/images/91389891_0.jpeg,train,,,,,팬츠,치노 팬츠,,크롭·앵클,,,,,미디·7부 기장,,,,,,,,
fashion200k_bottoms/images/91389902_0.jpeg,val,,,,,팬츠,,스트레이트,풀렝스,,,,,롱·긴바지 기장,,,,스트레이트핏,,,,
fashion200k_bottoms/images/91390515_0.jpeg,train,,,,,팬츠,,부츠컷,,,,,,,,,,플레어핏,,,,
fashion200k_bottoms/images/91391886_1.jpeg,val,,,,,팬츠,레깅스,스키니,,밑단 커프,,,,,,,,슬림핏,,,,
fashion200k_bottoms/images/91392320_0.jpeg,train,,,,,팬츠,치노 팬츠,테이퍼드,크롭·앵클,,,,,미디·7부 기장,,,,테이퍼드핏,,,,
fashion200k_bottoms/images/91392795_0.jpeg,train,,,,,팬츠,,,풀렝스,,,,,롱·긴바지 기장,,,,,,,,
fashion200k_bottoms/images/91393411_0.jpeg,train,,,,,팬츠,슬랙스,스트레이트,,,,,,,,,,스트레이트핏,,,,
fashion200k_bottoms/images/91396272_0.jpeg,train,,,,,팬츠,,플레어,,,,,,,,,,플레어핏,,,,
fashion200k_bottoms/images/91397136_0.jpeg,train,,,,,팬츠,,플레어,,,,,,,,,,플레어핏,,,,
fashion200k_bottoms/images/91397718_1.jpeg,train,,,,,팬츠,,테이퍼드,크롭·앵클,,,,,미디·7부 기장,,,,테이퍼드핏,,,,
fashion200k_bottoms/images/91398299_0.jpeg,train,,,,,팬츠,,와이드,,,,,,,,,,와이드핏,,,,
fashion200k_bottoms/images/91400386_1.jpeg,train,,,,,팬츠,,,크롭·앵클,,,,,미디·7부 기장,,,,,,,,
fashion200k_bottoms/images/91401578_2.jpeg,val,,,,,팬츠,레깅스,,,스터럽,,,,,,,,,,,,
fashion200k_bottoms/images/91402953_1.jpeg,train,,,,,팬츠,,,풀렝스,,,,,롱·긴바지 기장,,,,,,,,
fashion200k_bottoms/images/91404414_0.jpeg,train,,,,,팬츠,요가 팬츠,,,,,,,,,,,,,,,
fashion200k_bottoms/images/91406030_0.jpeg,train,,,,,팬츠,,테이퍼드,풀렝스,,,,,롱·긴바지 기장,,,,테이퍼드핏,,,,
fashion200k_bottoms/images/91406186_0.jpeg,train,,,,,팬츠,,,크롭·앵클,,,,,미디·7부 기장,,,,,,,,
fashion200k_bottoms/images/91406874_1.jpeg,val,,,,,팬츠,레깅스,,,,,,,,,,,,,,,
fashion200k_bottoms/images/91407032_0.jpeg,val,,,,,팬츠,,,크롭·앵클,,,,,미디·7부 기장,,,,,,,,
fashion200k_bottoms/images/91407051_0.jpeg,train,,,,,팬츠,,스키니,,밴딩 허리,,,,,,,,슬림핏,,,,
fashion200k_bottoms/images/91407083_0.jpeg,val,,,,,팬츠,,스트레이트,,,,,,,,,,스트레이트핏,,,,
fashion200k_bottoms/images/91407302_0.jpeg,val,,,,,팬츠,레깅스,,,,,,,,,,,,,,,
fashion200k_bottoms/images/91407431_0.jpeg,val,,,,,팬츠,,스키니,,,,,,,,,,슬림핏,,,,
fashion200k_bottoms/images/91407615_0.jpeg,train,,,,,팬츠,요가 팬츠,,,,,,,,,,,,,,,
fashion200k_bottoms/images/91407856_0.jpeg,train,,,,,팬츠,,테이퍼드,풀렝스,,,,,롱·긴바지 기장,,,,테이퍼드핏,,,,
fashion200k_bottoms/images/91408120_0.jpeg,train,,,,,팬츠,세일러 팬츠,와이드,,,,,,,,,,와이드핏,,,,
fashion200k_bottoms/images/91408349_0.jpeg,train,,,,,팬츠,요가 팬츠,,풀렝스,,,,,롱·긴바지 기장,,,,,,,,
fashion200k_bottoms/images/91408454_0.jpeg,train,,,,,팬츠,레깅스,,카프리·7부,,,,,미디·7부 기장,,,,,,,,
fashion200k_bottoms/images/91408587_0.jpeg,train,,,,,팬츠,카고 팬츠,,크롭·앵클,카고 포켓,,,,미디·7부 기장,,,,,,,,
fashion200k_bottoms/images/91408662_0.jpeg,train,,,,,팬츠,세일러 팬츠,스트레이트,,,,,,,,,,스트레이트핏,,,,
fashion200k_bottoms/images/91408787_0.jpeg,train,,,,,팬츠,,스트레이트,풀렝스,,,,,롱·긴바지 기장,,,,스트레이트핏,,,,
fashion200k_bottoms/images/91408942_0.jpeg,train,,,,,팬츠,,테이퍼드,,,,,,,,,,테이퍼드핏,,,,
fashion200k_bottoms/images/91408987_0.jpeg,train,,,,,팬츠,,스키니,,,,,,,,,,슬림핏,,,,
fashion200k_bottoms/images/91409094_0.jpeg,train,,,,,청바지,청바지,스트레이트,,,,,,,,,,스트레이트핏,,,데님,
fashion200k_bottoms/images/91409107_0.jpeg,train,,,,,팬츠,,팔라초,,,,,,,,,,와이드핏,,,,
fashion200k_bottoms/images/91409175_0.jpeg,train,,,,,팬츠,,스트레이트,풀렝스,,,,,롱·긴바지 기장,,,,스트레이트핏,,,,
fashion200k_bottoms/images/91409341_0.jpeg,train,,,,,팬츠,,스키니,,,,,,,,,,슬림핏,,,,
fashion200k_bottoms/images/91409392_0.jpeg,train,,,,,팬츠,레깅스,,카프리·7부,,,,,미디·7부 기장,,,,,,,,
fashion200k_bottoms/images/91409877_0.jpeg,train,,,,,팬츠,카고 팬츠,,크롭·앵클,카고 포켓,,,,미디·7부 기장,,,,,,,,
fashion200k_bottoms/images/91410019_0.jpeg,train,,,,,청바지,청바지,와이드,,,,,,,,,,와이드핏,,,데님,
fashion200k_bottoms/images/91410050_0.jpeg,train,,,,,팬츠,,,크롭·앵클,,,,,미디·7부 기장,,,,,,,,
fashion200k_bottoms/images/91410344_0.jpeg,val,,,,,팬츠,,,풀렝스,,,,,롱·긴바지 기장,,,,,,,,
fashion200k_bottoms/images/91410428_0.jpeg,val,,,,,팬츠,,,크롭·앵클,,,,,미디·7부 기장,,,,,,,,
fashion200k_bottoms/images/91410574_0.jpeg,train,,,,,팬츠,카고 팬츠,,크롭·앵클,카고 포켓,,,,미디·7부 기장,,,,,,,,
fashion200k_bottoms/images/91410834_0.jpeg,train,,,,,팬츠,,스키니,,,,,,,,,,슬림핏,,,,
fashion200k_bottoms/images/91410858_0.jpeg,train,,,,,팬츠,레깅스,,카프리·7부,,,,,미디·7부 기장,,,,,,,,
fashion200k_bottoms/images/91411085_0.jpeg,train,,,,,팬츠,,스트레이트,,,,,,,,,,스트레이트핏,,,,
fashion200k_bottoms/images/91411110_0.jpeg,train,,,,,팬츠,레깅스,,,,,,,,,,,,,,,
fashion200k_bottoms/images/91411118_0.jpeg,train,,,,,팬츠,,스키니,크롭·앵클,,,,,미디·7부 기장,,,,슬림핏,,,,
fashion200k_bottoms/images/91411135_1.jpeg,train,,,,,팬츠,,,크롭·앵클,,,,,미디·7부 기장,,,,,,,,
fashion200k_bottoms/images/91411381_0.jpeg,train,,,,,청바지,청바지,스트레이트,,,,,,,,,,스트레이트핏,,,데님,
fashion200k_bottoms/images/91411389_0.jpeg,train,,,,,팬츠,,스트레이트,,,,,,,,,,스트레이트핏,,,,
fashion200k_bottoms/images/91411582_0.jpeg,train,,,,,팬츠,,스키니,풀렝스,,,,,롱·긴바지 기장,,,,슬림핏,,,,
fashion200k_bottoms/images/91411916_0.jpeg,train,,,,,팬츠,세일러 팬츠,,풀렝스,,,,,롱·긴바지 기장,,,,,,,,
fashion200k_bottoms/images/91412202_0.jpeg,train,,,,,청바지,청바지,,크롭·앵클,드로스트링,,,,미디·7부 기장,,,,,,,데님,
fashion200k_bottoms/images/91412547_0.jpeg,train,,,,,청바지,청바지,스트레이트,,,,,,,,,,스트레이트핏,,,데님,
fashion200k_bottoms/images/91412813_0.jpeg,val,,,,,팬츠,,,카프리·7부,,,,,미디·7부 기장,,,,,,,,
fashion200k_bottoms/images/91413206_0.jpeg,train,,,,,팬츠,레깅스,,카프리·7부,,,,,미디·7부 기장,,,,,,,,
fashion200k_bottoms/images/91413389_0.jpeg,train,,,,,팬츠,레깅스,,,,,,,,,,,,,,,
fashion200k_bottoms/images/91413462_0.jpeg,train,,,,,팬츠,,,크롭·앵클,,,,,미디·7부 기장,,,,,,,,
fashion200k_bottoms/images/91415250_0.jpeg,train,,,,,팬츠,레깅스,,,,,,,,,,,,,,,
fashion200k_bottoms/images/91415749_0.jpeg,val,,,,,팬츠,레깅스,,,,,,,,,,,,,,,
fashion200k_bottoms/images/91415816_0.jpeg,val,,,,,팬츠,하렘 팬츠,,,,,,,,,,,,,,,
fashion200k_bottoms/images/91415839_0.jpeg,val,,,,,팬츠,,플레어,,,,,,,,,,플레어핏,,,,
fashion200k_bottoms/images/91416470_0.jpeg,val,,,,,팬츠,레깅스,,,5포켓,,,,,,,,,,,,
fashion200k_bottoms/images/91416889_0.jpeg,train,,,,,팬츠,레깅스,,,5포켓,,,,,,,,,,,,
fashion200k_bottoms/images/91417168_0.jpeg,train,,,,,팬츠,,스트레이트,,드로스트링,,,,,,,,스트레이트핏,,,,
fashion200k_bottoms/images/91418754_3.jpeg,val,,,,,팬츠,,와이드,,,,,,,,,,와이드핏,,,,
fashion200k_bottoms/images/91419121_0.jpeg,train,,,,,팬츠,조거·스웨트팬츠,,,,,,,,,,,,,,,
fashion200k_bottoms/images/91419642_0.jpeg,val,,,,,팬츠,슬랙스,스키니,,,,,,,,,,슬림핏,,,,
fashion200k_bottoms/images/91420720_0.jpeg,train,,,,,팬츠,레깅스,,,,,,,,,,,,,,,
fashion200k_bottoms/images/91422264_0.jpeg,train,,,,,팬츠,레깅스,,,,,,,,,,,,,,,
fashion200k_bottoms/images/91422465_0.jpeg,val,,,,,팬츠,,와이드,,,,,,,,,,와이드핏,,,,
fashion200k_bottoms/images/91424673_0.jpeg,train,,,,,팬츠,레깅스,,,,,,,,,,,,,,,
fashion200k_bottoms/images/91424713_0.jpeg,train,,,,,팬츠,,스트레이트,,드로스트링,,,,,,,,스트레이트핏,,,,
fashion200k_bottoms/images/91424716_0.jpeg,train,,,,,팬츠,슬랙스,,크롭·앵클,,,,,미디·7부 기장,,,,,,,,
fashion200k_bottoms/images/91424744_0.jpeg,train,,,,,팬츠,레깅스,스키니,,,,,,,,,,슬림핏,,,,
fashion200k_bottoms/images/91427030_0.jpeg,train,,,,,팬츠,,스트레이트,,,,,,,,,,스트레이트핏,,,,
fashion200k_bottoms/images/91427888_0.jpeg,train,,,,,팬츠,카고 팬츠,스키니,크롭·앵클,카고 포켓,,,,미디·7부 기장,,,,슬림핏,,,,
fashion200k_bottoms/images/91428732_0.jpeg,train,,,,,팬츠,,와이드,,,,,,,,,,와이드핏,,,,
fashion200k_bottoms/images/91429762_0.jpeg,train,,,,,팬츠,,와이드,,,,,,,,,,와이드핏,,,,
fashion200k_bottoms/images/91429959_0.jpeg,val,,,,,팬츠,,,풀렝스,,,,,롱·긴바지 기장,,,,,,,,
fashion200k_bottoms/images/91430614_1.jpeg,train,,,,,팬츠,,팔라초,,,,,,,,,,와이드핏,,,,
fashion200k_bottoms/images/91431850_0.jpeg,train,,,,,팬츠,트랙팬츠,와이드,,,,,,,,,,와이드핏,,,,
fashion200k_bottoms/images/91431861_0.jpeg,train,,,,,팬츠,,,풀렝스,,,,,롱·긴바지 기장,,,,,,,,
fashion200k_bottoms/images/91433819_0.jpeg,train,,,,,팬츠,하렘 팬츠,,,,,,,,,,,,,,,
fashion200k_bottoms/images/91433901_0.jpeg,val,,,,,팬츠,레깅스,,,,,,,,,,,,,,,
fashion200k_bottoms/images/91434340_0.jpeg,train,,,,,팬츠,조거·스웨트팬츠,,,,,,,,,,,,,,,
fashion200k_bottoms/images/91434440_0.jpeg,train,,,,,팬츠,,스키니,,,,,,,,,,슬림핏,,,,
fashion200k_bottoms/images/91434759_0.jpeg,train,,,,,팬츠,,,크롭·앵클,밴딩 허리,,,,미디·7부 기장,,,,,,,,
fashion200k_bottoms/images/91435018_0.jpeg,val,,,,,팬츠,,,풀렝스,,,,,롱·긴바지 기장,,,,,,,,
fashion200k_bottoms/images/91435052_0.jpeg,train,,,,,팬츠,,스키니,,,,,,,,,,슬림핏,,,,
fashion200k_bottoms/images/91435160_0.jpeg,train,,,,,팬츠,트랙팬츠,,풀렝스,,,,,롱·긴바지 기장,,,,,,,,
fashion200k_bottoms/images/91436181_0.jpeg,train,,,,,팬츠,,,크롭·앵클,드로스트링,,,,미디·7부 기장,,,,,,,,
fashion200k_bottoms/images/91436263_0.jpeg,val,,,,,팬츠,트랙팬츠,테이퍼드,풀렝스,,,,,롱·긴바지 기장,,,,테이퍼드핏,,,,
fashion200k_bottoms/images/91436266_1.jpeg,train,,,,,팬츠,,와이드,,밴딩 허리,,,,,,,,와이드핏,,,,
fashion200k_bottoms/images/91436598_0.jpeg,train,,,,,팬츠,,,풀렝스,,,,,롱·긴바지 기장,,,,,,,,
fashion200k_bottoms/images/91437335_0.jpeg,train,,,,,팬츠,,스트레이트,,,,,,,,,,스트레이트핏,,,,
fashion200k_bottoms/images/91437395_0.jpeg,train,,,,,팬츠,,스트레이트,,,,,,,,,,스트레이트핏,,,,
fashion200k_bottoms/images/91437597_0.jpeg,train,,,,,팬츠,,테이퍼드,풀렝스,,,,,롱·긴바지 기장,,,,테이퍼드핏,,,,
