image_path,split,bbox_x,bbox_y,bbox_w,bbox_h,category,lower_subtype,pant_leg_shape,pant_length,lower_detail,sleeve_length,sleeve_shape,upper_length,lower_length,neckline,collar,upper_fit,lower_fit,silhouette,pattern,material,detail
images/7824a48baef96a8c6a479d1bfaa656e0.jpg,train,503.0,266.0,233.0,336.0,코트,,,,,긴팔,기본 소매,,,,,레귤러핏,,,무지,,지퍼|포켓|후드|벨트
images/7824a48baef96a8c6a479d1bfaa656e0.jpg,train,572.0,282.0,100.0,245.0,티셔츠,,,,,,,크롭 기장,,,,레귤러핏,,,무지,,
images/019cac91e7586f6dfd6a2b8e79cabcad.jpg,train,215.0,165.0,263.0,438.0,원피스,,,,,반팔,퍼프 소매,,쇼츠·미니 기장,,셔츠 칼라,,,X라인,무지,,
images/beb5043902e64ae055c6c3b29a67d84d.jpg,train,258.0,283.0,138.0,297.0,폴로 셔츠,,,,,,,기본 기장,,,폴로 칼라,레귤러핏,,,무지,,포켓
images/beb5043902e64ae055c6c3b29a67d84d.jpg,train,217.0,294.0,241.0,320.0,재킷,,,,,긴팔,기본 소매,크롭 기장,,,,레귤러핏,,,무지,,지퍼|포켓
images/beb5043902e64ae055c6c3b29a67d84d.jpg,train,255.0,574.0,168.0,367.0,청바지,,,,,,,,롱·긴바지 기장,,,,스트레이트핏,H라인,무지,데님,포켓
images/3b64f497c10abb82333e82fb2a7261d6.jpg,train,202.0,171.0,159.0,555.0,원피스,,,,,,,,쇼츠·미니 기장,,,,,H라인,무지,,벨트
images/3b64f497c10abb82333e82fb2a7261d6.jpg,train,57.0,159.0,418.0,671.0,코트,,,,,긴팔,기본 소매,,,,라펠 칼라,레귤러핏,,,무지,퍼·플리스,
images/a3b1bfa806264afd7d83b2b507e74946.jpg,train,194.0,513.0,134.0,335.0,청바지,,,,,,,,롱·긴바지 기장,,,,스트레이트핏,H라인,무지,데님,
images/a3b1bfa806264afd7d83b2b507e74946.jpg,train,309.0,286.0,37.0,229.0,티셔츠,,,,,,,크롭 기장,,,,레귤러핏,,,무지,,
images/a3b1bfa806264afd7d83b2b507e74946.jpg,train,123.0,156.0,261.0,480.0,코트,,,,,긴팔,기본 소매,,,,,레귤러핏,,,무지,퍼·플리스,단추|지퍼|포켓|후드
images/9766f8350a453fc2fff58b9cfcf2f536.jpg,val_train_split,167.0,503.0,127.0,151.0,쇼츠,,,,,,,,쇼츠·미니 기장,,,,,,무지,,포켓
images/9766f8350a453fc2fff58b9cfcf2f536.jpg,val_train_split,197.0,336.0,73.0,177.0,티셔츠,,,,,,,크롭 기장,,라운드넥,,레귤러핏,,,무지,,
images/9766f8350a453fc2fff58b9cfcf2f536.jpg,val_train_split,126.0,334.0,200.0,224.0,블레이저,,,,,긴팔,기본 소매,기본 기장,,,라펠 칼라,레귤러핏,,,무지,,단추|포켓
images/1feec2aeb81d3d2087e8abe39877e0cd.jpg,val_train_split,251.0,260.0,150.0,192.0,탑,,,,,,,크롭 기장,,스퀘어넥,,슬림핏,,,,,
images/1feec2aeb81d3d2087e8abe39877e0cd.jpg,val_train_split,270.0,442.0,209.0,442.0,스커트,,,,,,,,롱·긴바지 기장,,,,,비대칭,,,지퍼
images/63377095a9532115650f8088ab35ed83.jpg,val_train_split,18.0,247.0,487.0,774.0,코트,,,,,긴팔,기본 소매,,,,셔츠 칼라,레귤러핏,,,도트,,단추
images/63377095a9532115650f8088ab35ed83.jpg,val_train_split,88.0,571.0,333.0,450.0,스커트,,,,,,,,쇼츠·미니 기장,,,,,,도트,,지퍼|벨트
images/63377095a9532115650f8088ab35ed83.jpg,val_train_split,102.0,342.0,383.0,419.0,티셔츠,,,,,,,크롭 기장,,,,레귤러핏,,,도트,,
images/971179a18eb960d1f60be401c58d0db7.jpg,train,215.0,116.0,355.0,501.0,코트,,,,,긴팔,기본 소매,,,,라펠 칼라,레귤러핏,,,무지,퍼·플리스,포켓
images/971179a18eb960d1f60be401c58d0db7.jpg,train,292.0,607.0,135.0,248.0,팬츠,,,,,,,,롱·긴바지 기장,,,,스트레이트핏,H라인,무지,,
images/5105c639dbb3ab793ecbdc013a093e84.jpg,train,397.0,175.0,121.0,315.0,원피스,,,,,,,,미디·7부 기장,,,,,H라인,애니멀,,플리츠
images/c08b78c9381d3e6c7c4789458a4180ba.jpg,val_train_split,277.0,703.0,65.0,141.0,쇼츠,,,,,,,,쇼츠·미니 기장,,,,,,무지,,
images/c08b78c9381d3e6c7c4789458a4180ba.jpg,val_train_split,277.0,276.0,101.0,430.0,티셔츠,,,,,,,기본 기장,,라운드넥,,레귤러핏,,,무지,,
images/c08b78c9381d3e6c7c4789458a4180ba.jpg,val_train_split,101.0,217.0,480.0,647.0,코트,,,,,긴팔,,,,,,여유핏,,,무지,,단추
images/f960442bb1de95316c88f5dad0451bfb.jpg,train,199.0,536.0,366.0,306.0,티셔츠,,,,,반팔,,크롭 기장,,,셔츠 칼라,여유핏,,,그래픽,,
images/92080c0ec2a711a1d22a3e5f983e326c.jpg,train,194.0,185.0,286.0,479.0,원피스,,,,,반팔,벨 소매,,쇼츠·미니 기장,,셔츠 칼라,,,A라인,무지,,단추|리본
images/028257618ac3205ec643ebbe83e4e20b.jpg,val_train_split,247.0,229.0,244.0,374.0,원피스,,,,,긴팔,기본 소매,,쇼츠·미니 기장,,,,,H라인,무지,퍼·플리스,지퍼
images/e6124b8e84e66112e1576f40d44415fe.jpg,train,257.0,256.0,165.0,333.0,원피스,,,,,,,,쇼츠·미니 기장,,칼라 없음,,,,무지,,
images/9f9043b8e4cbab67b5cc651ca0e67587.jpg,train,213.0,218.0,180.0,694.0,원피스,,,,,,,,롱·긴바지 기장,,칼라 없음,,,,무지,,스팽글|지퍼
images/ec75da7bce977ab4b2d77224ad0ed08d.jpg,train,206.0,274.0,291.0,720.0,후드티,,,,,,,,,,셔츠 칼라,레귤러핏,,,무지,,후드|포켓
images/ec75da7bce977ab4b2d77224ad0ed08d.jpg,train,150.0,473.0,439.0,484.0,재킷,,,,,긴팔,,크롭 기장,,,,,,,무지,,단추|포켓
images/ec75da7bce977ab4b2d77224ad0ed08d.jpg,train,210.0,937.0,270.0,86.0,팬츠,,,,,,,,,,,,,,무지,,
images/5adcbeee334012236203092c92c867ec.jpg,train,182.0,172.0,226.0,539.0,원피스,,,,,반팔,퍼프 소매,,쇼츠·미니 기장,,,,,,무지,,지퍼|리본
images/a0eabcc7657a7799a2e1cf1f129461fc.jpg,train,329.0,322.0,24.0,60.0,티셔츠,,,,,,,,,,,슬림핏,,,,,
images/a0eabcc7657a7799a2e1cf1f129461fc.jpg,train,216.0,254.0,313.0,694.0,점프수트,,,,,긴팔,기본 소매,,롱·긴바지 기장,,,,,,,,지퍼
images/bb6686f125c97a6ecb8ac9b44b66733d.jpg,train,174.0,368.0,285.0,283.0,탑,,,,,,,크롭 기장,,,,슬림핏,,,스트라이프,,
images/bb6686f125c97a6ecb8ac9b44b66733d.jpg,train,122.0,603.0,406.0,420.0,쇼츠,,,,,,,,쇼츠·미니 기장,,,,,,카모,,벨트
images/7a1f5cad4990cfc7c1ab2c4a0313678a.jpg,train,235.0,177.0,149.0,295.0,니트,,,,,7부 소매,,기본 기장,,,,레귤러핏,,,무지,니트,
images/7a1f5cad4990cfc7c1ab2c4a0313678a.jpg,train,30.0,372.0,501.0,612.0,스커트,,,,,,,,롱·긴바지 기장,,,,,비대칭,무지,,
images/000aac3870ea7c59ca0333ffa5327323.jpg,train,382.0,206.0,187.0,365.0,원피스,,,,,,,,쇼츠·미니 기장,,,,,A라인,플로럴,,
images/000aac3870ea7c59ca0333ffa5327323.jpg,train,367.0,201.0,196.0,223.0,가디건,,,,,7부 소매,기본 소매,기본 기장,,V넥,,레귤러핏,,,무지,니트,단추
images/89bac7da2c4aaafdd35a209458f35682.jpg,train,246.0,548.0,205.0,77.0,쇼츠,,,,,,,,쇼츠·미니 기장,,,,슬림핏,,무지,,
images/89bac7da2c4aaafdd35a209458f35682.jpg,train,111.0,180.0,384.0,394.0,후드티,,,,,긴팔,기본 소매,기본 기장,,,,레귤러핏,,,무지,,후드|포켓
images/942b54e6f452307fb019e62432bad3b3.jpg,train,329.0,233.0,391.0,303.0,원피스,,,,,긴팔,기본 소매,,무릎 기장,스퀘어넥,,,,A라인,무지,,
images/942b54e6f452307fb019e62432bad3b3.jpg,train,489.0,146.0,437.0,299.0,재킷,,,,,긴팔,기본 소매,크롭 기장,,,셔츠 칼라,레귤러핏,,,,,지퍼
images/922d0d9d6235c4a6c985f9b9b754da16.jpg,train,149.0,267.0,182.0,227.0,탑,,,,,,,기본 기장,,,,슬림핏,,,무지,,
images/922d0d9d6235c4a6c985f9b9b754da16.jpg,train,149.0,470.0,185.0,427.0,팬츠,,,,,,,,롱·긴바지 기장,,,,슬림핏,,무지,,
images/922d0d9d6235c4a6c985f9b9b754da16.jpg,train,101.0,179.0,276.0,283.0,재킷,,,,,7부 소매,기본 소매,크롭 기장,,,스탠드 칼라,슬림핏,,,무지,,지퍼
images/60cfbbd127ea6167144ed2fc942dcb74.jpg,train,101.0,440.0,134.0,235.0,쇼츠,,,,,,,,쇼츠·미니 기장,,,,슬림핏,,무지,,
images/60cfbbd127ea6167144ed2fc942dcb74.jpg,train,193.0,286.0,370.0,352.0,탑,,,,,반팔,벨 소매,크롭 기장,,V넥,,여유핏,,,무지|플로럴,,
images/adbb3bbbfdb6e4403dec1d9d544f3597.jpg,train,479.0,182.0,259.0,467.0,점프수트,,,,,긴팔,기본 소매,,쇼츠·미니 기장,,라펠 칼라,여유핏,,,무지,,벨트|지퍼
images/adbb3bbbfdb6e4403dec1d9d544f3597.jpg,train,455.0,185.0,286.0,526.0,재킷,,,,,긴팔,기본 소매,크롭 기장,,,,레귤러핏,,,무지,,지퍼|벨트
images/ae64f8c99ae9ca1b606015d673f83345.jpg,val_train_split,317.0,316.0,322.0,690.0,원피스,,,,,,,,쇼츠·미니 기장,,,,,H라인,무지,,지퍼
images/ae64f8c99ae9ca1b606015d673f83345.jpg,val_train_split,181.0,264.0,440.0,450.0,재킷,,,,,긴팔,기본 소매,크롭 기장,,스퀘어넥,,슬림핏,,,무지,,지퍼
images/17d53477d34108d3031e39bce24bb143.jpg,val_train_split,455.0,279.0,113.0,332.0,팬츠,,,,,,,,롱·긴바지 기장,,,,슬림핏,,무지,,지퍼
images/17d53477d34108d3031e39bce24bb143.jpg,val_train_split,445.0,137.0,152.0,443.0,가디건,,,,,,,,,,,레귤러핏,,,,니트,
images/17d53477d34108d3031e39bce24bb143.jpg,val_train_split,380.0,97.0,227.0,289.0,탑,,,,,긴팔,기본 소매,크롭 기장,,라운드넥,,슬림핏,,,무지,,
images/05209b98d00a84a9b0b862be3a69f493.jpg,val_train_split,224.0,254.0,238.0,416.0,셔츠,,,,,반팔,퍼프 소매,,,,스탠드 칼라,여유핏,,,무지,,단추
images/05209b98d00a84a9b0b862be3a69f493.jpg,val_train_split,153.0,600.0,320.0,374.0,청바지,,,,,,,,롱·긴바지 기장,,,,,,무지,데님,
images/038017d4fb473d8d5128dca301e7f3c1.jpg,train,209.0,497.0,193.0,112.0,쇼츠,,,,,,,,쇼츠·미니 기장,,,,,,무지,,
images/038017d4fb473d8d5128dca301e7f3c1.jpg,train,157.0,226.0,294.0,354.0,니트,,,,,긴팔,기본 소매,기본 기장,,,,여유핏,,,무지,니트,
images/0305bb25202bbb6361d82d1b65e7c920.jpg,train,281.0,485.0,200.0,190.0,스커트,,,,,,,,쇼츠·미니 기장,,,,스트레이트핏,H라인,체크,,
images/0305bb25202bbb6361d82d1b65e7c920.jpg,train,221.0,218.0,269.0,320.0,셔츠,,,,,긴팔,,크롭 기장,,,,여유핏,,,체크,,단추|포켓|후드
images/9fd68c41f6d8b08752317c14fa057107.jpg,train,232.0,738.0,276.0,285.0,팬츠,,,,,,,,,,,,슬림핏,,무지,,
images/9fd68c41f6d8b08752317c14fa057107.jpg,train,147.0,159.0,438.0,600.0,니트,,,,,긴팔,벌룬 소매,기본 기장,,터틀넥,,여유핏,,,무지,니트,
images/c7ff01e6554e25bb31bf946dac66c0cb.jpg,train,272.0,152.0,225.0,382.0,원피스,,,,,반팔,퍼프 소매,,쇼츠·미니 기장,,,,,H라인,무지,,지퍼
images/593762634855b835a2d3bce3f2a6238a.jpg,train,81.0,223.0,250.0,390.0,원피스,,,,,긴팔,기본 소매,,쇼츠·미니 기장,스퀘어넥,,,,,무지,,
images/d769ff0060a24a058864aaec7f7d5ad4.jpg,train,266.0,479.0,177.0,363.0,팬츠,,,,,,,,롱·긴바지 기장,,,,,,무지,,
images/d769ff0060a24a058864aaec7f7d5ad4.jpg,train,256.0,210.0,192.0,382.0,베스트,,,,,,,크롭 기장,,,라펠 칼라,슬림핏,,,무지,,벨트
images/d769ff0060a24a058864aaec7f7d5ad4.jpg,train,219.0,208.0,289.0,361.0,티셔츠,,,,,긴팔,기본 소매,기본 기장,,라운드넥,,슬림핏,,,무지,,
images/de38ab7209ebfd26419c112b8b2ef203.jpg,val_train_split,261.0,433.0,171.0,318.0,쇼츠,,,,,,,,쇼츠·미니 기장,,,,,,무지,,
images/de38ab7209ebfd26419c112b8b2ef203.jpg,val_train_split,251.0,219.0,189.0,229.0,티셔츠,,,,,반팔,퍼프 소매,크롭 기장,,라운드넥,,여유핏,,,무지,,
images/1625c50cf289c1c43bf5b12183f15c04.jpg,train,265.0,713.0,80.0,36.0,스커트,,,,,,,,쇼츠·미니 기장,,,,,A라인,무지,,
images/1625c50cf289c1c43bf5b12183f15c04.jpg,train,257.0,487.0,164.0,269.0,코트,,,,,긴팔,기본 소매,,,,,레귤러핏,,,스트라이프,퍼·플리스,
images/07438e88e828a32d82ae2e92ef099b50.jpg,train,297.0,596.0,99.0,154.0,스커트,,,,,,,,무릎 기장,,,,스트레이트핏,H라인,도트,,
images/07438e88e828a32d82ae2e92ef099b50.jpg,train,323.0,224.0,72.0,47.0,티셔츠,,,,,,,,,터틀넥,,,,,무지,,
images/07438e88e828a32d82ae2e92ef099b50.jpg,train,253.0,259.0,169.0,168.0,니트,,,,,긴팔,기본 소매,기본 기장,,라운드넥,,레귤러핏,,,,니트,
images/2f41b33a67076d7399b4fde283b79394.jpg,train,256.0,320.0,220.0,201.0,탑,,,,,긴팔,기본 소매,크롭 기장,,오프숄더,,슬림핏,,,무지,,
images/2f41b33a67076d7399b4fde283b79394.jpg,train,317.0,461.0,140.0,314.0,스커트,,,,,,,,미디·7부 기장,,,,,A라인,무지,,지퍼
images/736527f6305364e7e74c5b3c1ac6caf6.jpg,train,465.0,276.0,24.0,56.0,탑,,,,,,,,,,,슬림핏,,,,,
images/736527f6305364e7e74c5b3c1ac6caf6.jpg,train,332.0,202.0,250.0,192.0,셔츠,,,,,반팔,퍼프 소매,크롭 기장,,,셔츠 칼라,레귤러핏,,,무지,,단추|리본
images/736527f6305364e7e74c5b3c1ac6caf6.jpg,train,373.0,387.0,179.0,277.0,스커트,,,,,,,,무릎 기장,,,,스트레이트핏,H라인,,,지퍼|벨트
images/bdff74cea3005c9ac1d06ba7a68611e5.jpg,train,272.0,458.0,162.0,410.0,청바지,,,,,,,,롱·긴바지 기장,,,,슬림핏,,무지,데님,포켓
images/bdff74cea3005c9ac1d06ba7a68611e5.jpg,train,281.0,307.0,155.0,155.0,티셔츠,,,,,,,크롭 기장,,,,슬림핏,,,그래픽,,
images/bdff74cea3005c9ac1d06ba7a68611e5.jpg,train,271.0,184.0,211.0,312.0,셔츠,,,,,반팔,기본 소매,기본 기장,,,셔츠 칼라,레귤러핏,,,체크,,단추|리본|포켓
images/7af31b702f2c831dd2fea5e77298c6ba.jpg,train,470.0,197.0,162.0,191.0,탑,,,,,,,크롭 기장,,,,슬림핏,,,플로럴,,
images/7af31b702f2c831dd2fea5e77298c6ba.jpg,train,479.0,376.0,187.0,305.0,팬츠,,,,,,,,,,,,,,그래픽|플로럴,,지퍼
images/7af31b702f2c831dd2fea5e77298c6ba.jpg,train,322.0,164.0,350.0,413.0,코트,,,,,긴팔,,,,,라펠 칼라,레귤러핏,,,무지,퍼·플리스,
images/0371b742ebfbd64c1b7cafc833fd5045.jpg,val_train_split,220.0,274.0,272.0,528.0,원피스,,,,,민소매,캡 소매,,미디·7부 기장,,,,,,무지,,지퍼
images/c916f08b74a5f2901caebcdad2461f1e.jpg,val_train_split,142.0,218.0,333.0,715.0,원피스,,,,,민소매,기본 소매,,무릎 기장,,,,,,무지,,
images/5df97363b9c27ea1fbfa7fe5792b04e5.jpg,train,301.0,572.0,128.0,138.0,팬츠,,,,,,,,,,,,슬림핏,,무지,,
images/5df97363b9c27ea1fbfa7fe5792b04e5.jpg,train,234.0,194.0,256.0,385.0,코트,,,,,긴팔,,,,,라펠 칼라,레귤러핏,,,무지,퍼·플리스,
images/5df97363b9c27ea1fbfa7fe5792b04e5.jpg,train,367.0,271.0,27.0,39.0,티셔츠,,,,,,,,,,,,,,무지,,
images/d3806655a3309232b950aca29340b246.jpg,train,235.0,512.0,139.0,319.0,청바지,,,,,,,,롱·긴바지 기장,,,,스트레이트핏,H라인,무지,데님,
images/d3806655a3309232b950aca29340b246.jpg,train,287.0,274.0,68.0,240.0,티셔츠,,,,,,,기본 기장,,,,레귤러핏,,,무지,,
images/d3806655a3309232b950aca29340b246.jpg,train,272.0,261.0,93.0,273.0,재킷,,,,,,,크롭 기장,,라운드넥,,레귤러핏,,,,,지퍼
images/d3806655a3309232b950aca29340b246.jpg,train,188.0,248.0,244.0,288.0,재킷,,,,,긴팔,기본 소매,크롭 기장,,,스탠드 칼라,레귤러핏,,,무지,,지퍼
images/f7e1c87ca29b75a4e59263db1e0f59a1.jpg,train,325.0,249.0,103.0,277.0,원피스,,,,,,,,쇼츠·미니 기장,,,,,A라인,무지,,지퍼
images/f7e1c87ca29b75a4e59263db1e0f59a1.jpg,train,222.0,169.0,264.0,434.0,코트,,,,,긴팔,기본 소매,,,,칼라 없음,레귤러핏,,,,,
images/75aecea118f0546f756e1dadf6e724e3.jpg,train,248.0,302.0,204.0,442.0,원피스,,,,,긴팔,,,무릎 기장,,,,,,무지,,스팽글|지퍼
images/591e43507d41972fff671ae61bf91e1b.jpg,train,261.0,521.0,163.0,87.0,스커트,,,,,,,,쇼츠·미니 기장,,,,,,무지,,포켓
images/591e43507d41972fff671ae61bf91e1b.jpg,train,258.0,247.0,153.0,295.0,티셔츠,,,,,반팔,캡 소매,기본 기장,,,,슬림핏,,,그래픽,,
images/a4c29626fb66f418394f25674a14e45c.jpg,train,60.0,403.0,521.0,620.0,원피스,,,,,,,,,,,,,,스트라이프,,스팽글
images/b0ac63fcbe27b12d108d9d5da9e16693.jpg,val_train_split,255.0,444.0,261.0,288.0,탑,,,,,,,크롭 기장,,,,레귤러핏,,,도트,,스팽글|포켓
images/b0ac63fcbe27b12d108d9d5da9e16693.jpg,val_train_split,150.0,325.0,479.0,398.0,재킷,,,,,긴팔,기본 소매,크롭 기장,,,셔츠 칼라,레귤러핏,,,무지,,단추|포켓
images/b0ac63fcbe27b12d108d9d5da9e16693.jpg,val_train_split,278.0,686.0,244.0,337.0,청바지,,,,,,,,,,,,슬림핏,,무지,데님,포켓
images/4f3bbdbcd80a3c2f69cadc41f496bd77.jpg,val_train_split,468.0,319.0,183.0,499.0,원피스,,,,,,,,,,셔츠 칼라,,,H라인,,,포켓
images/4f3bbdbcd80a3c2f69cadc41f496bd77.jpg,val_train_split,457.0,318.0,240.0,430.0,블레이저,,,,,긴팔,퍼프 소매,크롭 기장,,,라펠 칼라,레귤러핏,,,무지,,단추
images/710f9d5b73f8b33ba5d475e9b61593a0.jpg,train,341.0,175.0,132.0,384.0,니트,,,,,,,,,터틀넥,,여유핏,,,무지,니트,
images/710f9d5b73f8b33ba5d475e9b61593a0.jpg,train,182.0,200.0,482.0,823.0,코트,,,,,긴팔,,,,,라펠 칼라,레귤러핏,,,무지,퍼·플리스,단추
images/710f9d5b73f8b33ba5d475e9b61593a0.jpg,train,338.0,781.0,57.0,242.0,팬츠,,,,,,,,,,,,,,무지,,
images/6208c98fcdd2a53afc462d7cb62d9744.jpg,train,240.0,198.0,270.0,352.0,원피스,,,,,민소매,기본 소매,,쇼츠·미니 기장,오프숄더,,,,,무지,,지퍼
images/7bdaad2f2355527d728f8a67a0de5662.jpg,val_train_split,248.0,0.0,704.0,662.0,원피스,,,,,긴팔,기본 소매,,쇼츠·미니 기장,V넥,,,,A라인,그래픽,,벨트|프릴·러플
images/e0b397fad71f4d43d573cc1a8adde185.jpg,train,235.0,189.0,203.0,448.0,원피스,,,,,민소매,캡 소매,,무릎 기장,,,,,,무지,,지퍼
images/87b81425816fef9e28708fc0ae442e36.jpg,train,467.0,243.0,161.0,97.0,팬츠,,,,,,,,,,,,,,무지,,
images/87b81425816fef9e28708fc0ae442e36.jpg,train,461.0,120.0,79.0,157.0,탑,,,,,,,크롭 기장,,홀터넥,,슬림핏,,,무지,,
images/4f29f775d533dcbda07247010f3e8171.jpg,train,297.0,312.0,88.0,213.0,티셔츠,,,,,,,크롭 기장,,스퀘어넥,,레귤러핏,,,무지,,
images/4f29f775d533dcbda07247010f3e8171.jpg,train,189.0,297.0,241.0,287.0,재킷,,,,,긴팔,기본 소매,크롭 기장,,,셔츠 칼라,레귤러핏,,,무지,,단추|포켓
images/4f29f775d533dcbda07247010f3e8171.jpg,train,215.0,515.0,170.0,312.0,청바지,,,,,,,,롱·긴바지 기장,,,,스트레이트핏,H라인,무지,데님,포켓
images/423ed88ad7aa3b1752335cedbf4fd0a6.jpg,train,232.0,564.0,202.0,338.0,청바지,,,,,,,,롱·긴바지 기장,,,,슬림핏,,무지,데님,
images/423ed88ad7aa3b1752335cedbf4fd0a6.jpg,train,319.0,259.0,102.0,313.0,티셔츠,,,,,,,크롭 기장,,V넥,,레귤러핏,,,무지,,
images/423ed88ad7aa3b1752335cedbf4fd0a6.jpg,train,194.0,211.0,308.0,454.0,가디건,,,,,긴팔,기본 소매,,,,라펠 칼라,여유핏,,,무지,니트,단추|포켓|벨트
images/9319d4fdf919339633b5d6b87309c666.jpg,train,181.0,224.0,273.0,234.0,티셔츠,,,,,반팔,,크롭 기장,,,,슬림핏,,,도트,,
images/9319d4fdf919339633b5d6b87309c666.jpg,train,212.0,397.0,201.0,415.0,스커트,,,,,,,,미디·7부 기장,,,,스트레이트핏,비대칭,스트라이프,,
images/2c20cc3109b039524746103a3e387dee.jpg,train,222.0,292.0,271.0,375.0,원피스,,,,,반팔,벌룬 소매,,쇼츠·미니 기장,,셔츠 칼라,,,,무지,,단추|리본|벨트
images/faf60e222fca7722ee48c4438e3b4cfa.jpg,train,257.0,429.0,162.0,268.0,스커트,,,,,,,,무릎 기장,,,,,비대칭,무지,,
images/faf60e222fca7722ee48c4438e3b4cfa.jpg,train,236.0,230.0,226.0,268.0,티셔츠,,,,,긴팔,,크롭 기장,,보트넥,,슬림핏,,,무지,,
images/d97a412abfca11637435a1a2bdb0b17a.jpg,train,372.0,373.0,199.0,321.0,원피스,,,,,반팔,기본 소매,,쇼츠·미니 기장,,칼라 없음,,,,애니멀,,단추|리본
images/db74bb5dc7ca3c0136d233d0bbed4d4d.jpg,train,278.0,303.0,269.0,501.0,탑,,,,,,,기본 기장,,,,슬림핏,,,무지,,
images/db74bb5dc7ca3c0136d233d0bbed4d4d.jpg,train,257.0,192.0,272.0,392.0,재킷,,,,,,,,,,,,,,무지,,지퍼
images/db74bb5dc7ca3c0136d233d0bbed4d4d.jpg,train,246.0,693.0,355.0,330.0,청바지,,,,,,,,,,,,슬림핏,,무지,데님,
images/db74bb5dc7ca3c0136d233d0bbed4d4d.jpg,train,64.0,179.0,531.0,844.0,코트,,,,,긴팔,기본 소매,,,,,레귤러핏,,,무지,퍼·플리스,단추|지퍼|후드
images/2b35b73f5dba2f6178510e73c5e019b4.jpg,train,229.0,427.0,218.0,264.0,스커트,,,,,,,,쇼츠·미니 기장,,,,,,,,지퍼|포켓
images/2b35b73f5dba2f6178510e73c5e019b4.jpg,train,180.0,176.0,301.0,266.0,재킷,,,,,7부 소매,벨 소매,크롭 기장,,,셔츠 칼라,슬림핏,,,무지,,단추
images/6e0bd328dccf71859305770ef34f5570.jpg,train,199.0,251.0,142.0,355.0,티셔츠,,,,,,,기본 기장,,,,레귤러핏,,,무지,,
images/6e0bd328dccf71859305770ef34f5570.jpg,train,104.0,211.0,371.0,458.0,셔츠,,,,,반팔,기본 소매,,,,셔츠 칼라,레귤러핏,,,체크,,단추|리본|포켓
images/6e0bd328dccf71859305770ef34f5570.jpg,train,171.0,564.0,215.0,358.0,팬츠,,,,,,,,롱·긴바지 기장,,,,스트레이트핏,H라인,무지,,
images/8d56f1150861551b1b8b250a6c91f40b.jpg,train,83.0,435.0,161.0,66.0,후드티,,,,,긴팔,기본 소매,크롭 기장,,,,레귤러핏,,,무지,,후드|포켓
images/8d56f1150861551b1b8b250a6c91f40b.jpg,train,230.0,458.0,25.0,44.0,탑,,,,,,,기본 기장,,,,슬림핏,,,무지,,
images/8d56f1150861551b1b8b250a6c91f40b.jpg,train,219.0,454.0,34.0,51.0,티셔츠,,,,,,,기본 기장,,,,,,,무지,,
images/8d56f1150861551b1b8b250a6c91f40b.jpg,train,228.0,393.0,148.0,183.0,청바지,,,,,,,,롱·긴바지 기장,,,,슬림핏,,무지,데님,
images/ba90b20843dd3eaca232b7d5b36e1829.jpg,train,134.0,453.0,258.0,348.0,셔츠,,,,,반팔,캡 소매,기본 기장,,,,레귤러핏,,,무지,,단추
images/ba90b20843dd3eaca232b7d5b36e1829.jpg,train,153.0,444.0,236.0,349.0,베스트,,,,,,,크롭 기장,,V넥,라펠 칼라,레귤러핏,,,무지,,단추|포켓|지퍼
images/ba90b20843dd3eaca232b7d5b36e1829.jpg,train,152.0,784.0,257.0,159.0,쇼츠,,,,,,,,쇼츠·미니 기장,,,,,,무지,,
images/6d6807afab6357a3f15b83a45fc134e6.jpg,train,217.0,277.0,274.0,272.0,니트,,,,,긴팔,기본 소매,,,라운드넥,,레귤러핏,,,무지,니트,포켓
images/6d6807afab6357a3f15b83a45fc134e6.jpg,train,245.0,280.0,210.0,633.0,점프수트,,,,,,,,롱·긴바지 기장,,,레귤러핏,,H라인,무지,,포켓
images/f8276a1d63c35821346f69645511fd46.jpg,train,170.0,455.0,185.0,438.0,팬츠,,,,,,,,롱·긴바지 기장,,,,스트레이트핏,H라인,무지,,벨트
images/f8276a1d63c35821346f69645511fd46.jpg,train,192.0,266.0,129.0,201.0,탑,,,,,,,크롭 기장,,,,,,,무지,,
images/f8276a1d63c35821346f69645511fd46.jpg,train,118.0,214.0,267.0,331.0,재킷,,,,,긴팔,기본 소매,크롭 기장,,,칼라 없음,레귤러핏,,,무지,,단추|지퍼
images/d782f1fbbd6dba28fe2820a059ec82af.jpg,train,303.0,270.0,201.0,302.0,원피스,,,,,반팔,,,쇼츠·미니 기장,보트넥,,,,H라인,무지,,리본|벨트
images/d782f1fbbd6dba28fe2820a059ec82af.jpg,train,339.0,565.0,160.0,185.0,팬츠,,,,,,,,미디·7부 기장,,,,슬림핏,,무지,,
images/e4d75cc640bd7af72825d463b493b099.jpg,val_train_split,163.0,520.0,411.0,366.0,니트,,,,,긴팔,벌룬 소매,,,,,레귤러핏,,,무지,니트,프릴·러플
images/e4d75cc640bd7af72825d463b493b099.jpg,val_train_split,233.0,563.0,304.0,460.0,점프수트,,,,,,,,,,,레귤러핏,,H라인,무지,,포켓|지퍼
images/c970fed88cafdf12cf1e71ee726f15d3.jpg,val_train_split,276.0,320.0,138.0,196.0,탑,,,,,,,크롭 기장,,,,슬림핏,,,무지,,
images/c970fed88cafdf12cf1e71ee726f15d3.jpg,val_train_split,237.0,259.0,217.0,307.0,재킷,,,,,긴팔,기본 소매,크롭 기장,,,셔츠 칼라,레귤러핏,,,무지,가죽|스웨이드,지퍼|포켓|벨트
images/c970fed88cafdf12cf1e71ee726f15d3.jpg,val_train_split,270.0,499.0,151.0,446.0,청바지,,,,,,,,롱·긴바지 기장,,,,,,무지,데님,
images/d3174a37920075f41214171316beeb6e.jpg,train,376.0,229.0,186.0,354.0,폴로 셔츠,,,,,,,기본 기장,,,폴로 칼라,,,,무지,,포켓|지퍼
images/d3174a37920075f41214171316beeb6e.jpg,train,306.0,178.0,297.0,386.0,후드티,,,,,긴팔,기본 소매,기본 기장,,,,여유핏,,,무지,,후드
images/875d5b1824e2a1262feb6e63950cd4c2.jpg,train,295.0,289.0,240.0,502.0,코트,,,,,긴팔,기본 소매,,,,,여유핏,,,무지,,지퍼|단추|후드
images/b64fd5d65be00f4af0f420b12f10ed78.jpg,train,376.0,237.0,233.0,415.0,점프수트,,,,,,,,쇼츠·미니 기장,,,레귤러핏,,H라인,무지,,단추|포켓
images/b64fd5d65be00f4af0f420b12f10ed78.jpg,train,273.0,214.0,471.0,426.0,재킷,,,,,,,기본 기장,,,,레귤러핏,,,무지,,단추
images/b64fd5d65be00f4af0f420b12f10ed78.jpg,train,403.0,241.0,231.0,240.0,티셔츠,,,,,반팔,기본 소매,크롭 기장,,,,슬림핏,,,무지,,
images/97707980329e4d6fb0c3fa1c4afc0834.jpg,val_train_split,73.0,688.0,274.0,165.0,스커트,,,,,,,,쇼츠·미니 기장,,,,플레어핏,,도트,,
images/97707980329e4d6fb0c3fa1c4afc0834.jpg,val_train_split,64.0,297.0,293.0,410.0,니트,,,,,긴팔,기본 소매,기본 기장,,,,여유핏,,,무지,니트,
images/eb0fd6ae406bcbf648f37716832167b7.jpg,train,199.0,219.0,199.0,232.0,티셔츠,,,,,반팔,기본 소매,,,V넥,,슬림핏,,,무지,,리본
images/eb0fd6ae406bcbf648f37716832167b7.jpg,train,222.0,391.0,162.0,208.0,쇼츠,,,,,,,,쇼츠·미니 기장,,,,슬림핏,,무지,,포켓
images/0a79582ee084fdc420c368a41dd74276.jpg,train,455.0,368.0,122.0,108.0,후드티,,,,,긴팔,기본 소매,,,,,레귤러핏,,,무지,,후드
images/0a79582ee084fdc420c368a41dd74276.jpg,train,458.0,448.0,111.0,118.0,재킷,,,,,,,,,,,레귤러핏,,,무지,,
images/0a79582ee084fdc420c368a41dd74276.jpg,train,468.0,378.0,99.0,285.0,점프수트,,,,,,,,롱·긴바지 기장,,,여유핏,,,무지,,
images/b53b9b9f88f0952df52776572af3b3f8.jpg,train,256.0,639.0,134.0,77.0,쇼츠,,,,,,,,쇼츠·미니 기장,,,,,,무지|도트,,스팽글
images/b53b9b9f88f0952df52776572af3b3f8.jpg,train,265.0,486.0,116.0,169.0,니트,,,,,,,크롭 기장,,라운드넥,,레귤러핏,,,무지,니트,스팽글
images/b53b9b9f88f0952df52776572af3b3f8.jpg,train,228.0,455.0,202.0,241.0,재킷,,,,,긴팔,기본 소매,크롭 기장,,,,레귤러핏,,,무지,,지퍼|스팽글
images/c9deb0adb3c4f5bdd6d9668464db9692.jpg,train,322.0,223.0,73.0,50.0,셔츠,,,,,,,,,,셔츠 칼라,레귤러핏,,,무지,,단추
images/c9deb0adb3c4f5bdd6d9668464db9692.jpg,train,238.0,250.0,255.0,290.0,니트,,,,,긴팔,,크롭 기장,,,,레귤러핏,,,무지,니트,지퍼
images/c9deb0adb3c4f5bdd6d9668464db9692.jpg,train,307.0,474.0,146.0,322.0,팬츠,,,,,,,,미디·7부 기장,,,,슬림핏,,무지,,포켓
images/c9deb0adb3c4f5bdd6d9668464db9692.jpg,train,235.0,212.0,259.0,318.0,재킷,,,,,긴팔,기본 소매,크롭 기장,,,라펠 칼라,레귤러핏,,,무지,가죽|스웨이드,지퍼
images/ca1827ba6f12285ea26ab758622ac5a8.jpg,train,313.0,381.0,136.0,217.0,탑,,,,,,,크롭 기장,,,,슬림핏,,,플로럴,,
images/ca1827ba6f12285ea26ab758622ac5a8.jpg,train,286.0,594.0,196.0,187.0,스커트,,,,,,,,무릎 기장,,,,,,무지|플로럴,,
images/ca1827ba6f12285ea26ab758622ac5a8.jpg,train,267.0,383.0,190.0,207.0,가디건,,,,,긴팔,기본 소매,크롭 기장,,,,슬림핏,,,무지,니트,단추
images/f1f22d1f3a18d84918fa623923d8f615.jpg,val_train_split,130.0,286.0,387.0,471.0,셔츠,,,,,반팔,,크롭 기장,,,스탠드 칼라,레귤러핏,,,플로럴,,리본
images/f1f22d1f3a18d84918fa623923d8f615.jpg,val_train_split,257.0,686.0,278.0,148.0,탑,,,,,,,크롭 기장,,,,슬림핏,,,무지,,
images/20c94e1880687beec05d4dd557caa82f.jpg,val_train_split,450.0,144.0,144.0,182.0,베스트,,,,,,,크롭 기장,,,,레귤러핏,,,무지,,
images/20c94e1880687beec05d4dd557caa82f.jpg,val_train_split,408.0,302.0,215.0,106.0,쇼츠,,,,,,,,쇼츠·미니 기장,,,,,,,,
images/5981ec05e5cb6729b6974a31636011f4.jpg,train,85.0,343.0,438.0,680.0,원피스,,,,,반팔,퍼프 소매,,무릎 기장,,칼라 없음,,,,무지,,플리츠|지퍼|리본
images/48ff82b484d00cd436de54ec317c984b.jpg,train,202.0,344.0,298.0,513.0,원피스,,,,,,,,쇼츠·미니 기장,,,,,O라인,도트,,지퍼|벨트
images/48ff82b484d00cd436de54ec317c984b.jpg,train,94.0,256.0,511.0,376.0,재킷,,,,,긴팔,퍼프 소매,크롭 기장,,,,슬림핏,,,체크,,
images/9672bdef94c34f38c5c2d05222683d34.jpg,train,201.0,379.0,166.0,245.0,원피스,,,,,7부 소매,래글런 소매,,쇼츠·미니 기장,보트넥,,,,H라인,무지,,지퍼
images/7c41c85ee9524f8f34df13f84e837705.jpg,train,171.0,167.0,316.0,385.0,재킷,,,,,긴팔,기본 소매,크롭 기장,,,스탠드 칼라,레귤러핏,,,무지,,지퍼|포켓
images/7c41c85ee9524f8f34df13f84e837705.jpg,train,239.0,168.0,173.0,349.0,셔츠,,,,,,,기본 기장,,,셔츠 칼라,슬림핏,,,무지,,단추|포켓|지퍼
images/7c41c85ee9524f8f34df13f84e837705.jpg,train,237.0,474.0,180.0,413.0,청바지,,,,,,,,롱·긴바지 기장,,,,스트레이트핏,H라인,무지,데님,포켓
images/29b8733b4ea082f898d74d10d66bfdd4.jpg,train,133.0,237.0,403.0,367.0,원피스,,,,,긴팔,벨 소매,,쇼츠·미니 기장,오프숄더,,,,,무지,,프릴·러플
images/13b5d482d47af7ac06bf774e2ebf3b74.jpg,train,211.0,221.0,262.0,243.0,티셔츠,,,,,반팔,캡 소매,,,,,레귤러핏,,,무지,,
images/13b5d482d47af7ac06bf774e2ebf3b74.jpg,train,224.0,462.0,266.0,367.0,재킷,,,,,,,크롭 기장,,,,,,,무지,,단추|벨트
images/13b5d482d47af7ac06bf774e2ebf3b74.jpg,train,225.0,445.0,253.0,423.0,스커트,,,,,,,,쇼츠·미니 기장,,,,스트레이트핏,H라인,,,지퍼
images/e950f65c596ffae1750a64fcb653a82e.jpg,train,239.0,788.0,436.0,235.0,스커트,,,,,,,,,,,,,A라인,무지,,
images/e950f65c596ffae1750a64fcb653a82e.jpg,train,168.0,240.0,539.0,608.0,니트,,,,,긴팔,래글런 소매,크롭 기장,,터틀넥,,레귤러핏,,,무지,니트,
images/2fdeea3850d6ecb234755f97f475ceac.jpg,train,246.0,426.0,160.0,440.0,스커트,,,,,,,,롱·긴바지 기장,,,,,,무지,,지퍼
images/2fdeea3850d6ecb234755f97f475ceac.jpg,train,227.0,263.0,213.0,278.0,티셔츠,,,,,긴팔,래글런 소매,,,,,레귤러핏,,,무지,,
images/e7a056ec1405d05072dff98535845ebb.jpg,train,70.0,15.0,674.0,1008.0,재킷,,,,,긴팔,기본 소매,크롭 기장,,,,레귤러핏,,,애니멀,퍼·플리스,지퍼|포켓|후드
images/97be7521373e204900e5bd1b93e94052.jpg,train,237.0,330.0,169.0,486.0,점프수트,,,,,,,,미디·7부 기장,라운드넥,,여유핏,,,그래픽,,
images/45d1f0fb6b4a7781d1699cf414191f77.jpg,train,542.0,392.0,203.0,193.0,쇼츠,,,,,,,,쇼츠·미니 기장,,,,,,무지,가죽|스웨이드,
images/45d1f0fb6b4a7781d1699cf414191f77.jpg,train,555.0,181.0,249.0,249.0,탑,,,,,반팔,,크롭 기장,,,,여유핏,,,무지,,
images/9a68455890b225737bc39ffc81c90b6a.jpg,train,634.0,119.0,191.0,320.0,원피스,,,,,반팔,캡 소매,,쇼츠·미니 기장,V넥,,,,O라인,,,
images/dfbbb56d2510f50cb248080edb6ab013.jpg,train,182.0,739.0,291.0,283.0,팬츠,,,,,,,,,,,,스트레이트핏,H라인,무지,,포켓
images/dfbbb56d2510f50cb248080edb6ab013.jpg,train,106.0,340.0,430.0,545.0,블레이저,,,,,긴팔,기본 소매,크롭 기장,,,라펠 칼라,레귤러핏,,,체크,,단추
images/dfbbb56d2510f50cb248080edb6ab013.jpg,train,236.0,414.0,134.0,379.0,베스트,,,,,,,크롭 기장,,,,슬림핏,,,체크,,단추
images/dfbbb56d2510f50cb248080edb6ab013.jpg,train,120.0,353.0,348.0,487.0,셔츠,,,,,긴팔,,,,,셔츠 칼라,레귤러핏,,,무지,,단추|포켓
images/15626d24777ac4704cbdf8ed7fbf677f.jpg,train,231.0,214.0,234.0,417.0,원피스,,,,,,,,무릎 기장,,,,,,무지,,지퍼
images/15626d24777ac4704cbdf8ed7fbf677f.jpg,train,195.0,212.0,317.0,282.0,가디건,,,,,긴팔,기본 소매,기본 기장,,,칼라 없음,레귤러핏,,,무지,니트,
images/614c61fd1b9c5dbce0f331a31b6ee639.jpg,train,308.0,248.0,171.0,324.0,팬츠,,,,,,,,롱·긴바지 기장,,,,와이드핏,,무지,,플리츠|지퍼|포켓
images/614c61fd1b9c5dbce0f331a31b6ee639.jpg,train,374.0,110.0,132.0,153.0,셔츠,,,,,긴팔,퍼프 소매,,,,셔츠 칼라,레귤러핏,,,무지,,단추|포켓
images/ec72feca7377e17acbf1f3abdfbc6a3c.jpg,train,200.0,191.0,226.0,458.0,원피스,,,,,,,,쇼츠·미니 기장,보트넥,,,,X라인,플로럴,,지퍼
images/96707109caf3e65dd1b61d344d0881fc.jpg,val_train_split,424.0,286.0,307.0,359.0,원피스,,,,,긴팔,벌룬 소매,,쇼츠·미니 기장,,스탠드 칼라,,,A라인,무지,,단추
images/49e8747c443ab34747760c8c3588b319.jpg,train,257.0,455.0,266.0,510.0,팬츠,,,,,,,,롱·긴바지 기장,,,,,,무지,,
images/49e8747c443ab34747760c8c3588b319.jpg,train,236.0,254.0,246.0,259.0,가디건,,,,,7부 소매,기본 소매,기본 기장,,,,레귤러핏,,,무지,니트,단추
images/49e8747c443ab34747760c8c3588b319.jpg,train,219.0,234.0,282.0,361.0,티셔츠,,,,,긴팔,,,,,,레귤러핏,,,무지,,
images/1449cbeb5021a19f9a88d15461f1addc.jpg,train,93.0,190.0,316.0,760.0,원피스,,,,,,,,롱·긴바지 기장,오프숄더,,,,A라인,무지,,플리츠|지퍼
images/ffeabfed76854857316298991eed892c.jpg,train,262.0,293.0,254.0,387.0,원피스,,,,,,,,쇼츠·미니 기장,,,,,O라인,무지,,지퍼
images/0c4238460ad7fa507767c43cacc9f039.jpg,train,273.0,289.0,714.0,555.0,니트,,,,,긴팔,기본 소매,,,,,여유핏,,,,니트,
images/b2edf1950f4e32e9a53c304821894a40.jpg,val_train_split,112.0,267.0,245.0,332.0,점프수트,,,,,반팔,기본 소매,,,,셔츠 칼라,여유핏,,,그래픽,,단추|포켓|리본|벨트
images/beeff237bacb137d3ba1ef31b70fbdf6.jpg,val_train_split,217.0,268.0,174.0,307.0,베스트,,,,,,,크롭 기장,,라운드넥,,레귤러핏,,,무지,,
images/beeff237bacb137d3ba1ef31b70fbdf6.jpg,val_train_split,212.0,567.0,196.0,309.0,청바지,,,,,,,,롱·긴바지 기장,,,,스트레이트핏,H라인,무지,데님,포켓
images/f51d86fe82a87c44f485fac1272e0cbb.jpg,train,215.0,499.0,151.0,256.0,스커트,,,,,,,,미디·7부 기장,,,,,,도트,,지퍼
images/f51d86fe82a87c44f485fac1272e0cbb.jpg,train,218.0,298.0,176.0,217.0,셔츠,,,,,반팔,캡 소매,기본 기장,,V넥,,슬림핏,,,무지,,단추
images/b7008ef4b80972a6f40981d5d2fff42d.jpg,train,295.0,374.0,100.0,180.0,탑,,,,,,,크롭 기장,,라운드넥,,슬림핏,,,무지,,
images/b7008ef4b80972a6f40981d5d2fff42d.jpg,train,237.0,341.0,225.0,332.0,재킷,,,,,긴팔,기본 소매,크롭 기장,,,스탠드 칼라,레귤러핏,,,무지,,지퍼
images/b7008ef4b80972a6f40981d5d2fff42d.jpg,train,283.0,550.0,157.0,192.0,스커트,,,,,,,,쇼츠·미니 기장,,,,,A라인,플로럴,,플리츠|단추
images/9b01f757e9d3e3fc5e952777a96b4a89.jpg,train,219.0,250.0,185.0,393.0,원피스,,,,,,,,쇼츠·미니 기장,,,,,O라인,무지,,플리츠
images/9b01f757e9d3e3fc5e952777a96b4a89.jpg,train,196.0,233.0,238.0,95.0,티셔츠,,,,,반팔,기본 소매,,,라운드넥,,레귤러핏,,,무지,,
images/146f8d4a98fee3eff1239b9d776b1323.jpg,val_train_split,217.0,238.0,218.0,322.0,티셔츠,,,,,반팔,,크롭 기장,,보트넥,,슬림핏,,,무지,,
images/146f8d4a98fee3eff1239b9d776b1323.jpg,val_train_split,233.0,545.0,288.0,459.0,스커트,,,,,,,,쇼츠·미니 기장,,,,스트레이트핏,H라인,플로럴,,지퍼
images/146f8d4a98fee3eff1239b9d776b1323.jpg,val_train_split,49.0,215.0,552.0,521.0,재킷,,,,,긴팔,래글런 소매,크롭 기장,,,라펠 칼라,레귤러핏,,,무지,,지퍼
images/f0286cdb841a4bed4ae858dfff815c11.jpg,train,183.0,224.0,269.0,411.0,원피스,,,,,긴팔,래글런 소매,,쇼츠·미니 기장,,칼라 없음,,,,플로럴,,스팽글|벨트
images/31e59f3de9b5cab82ba6c191da29dad5.jpg,train,156.0,160.0,195.0,314.0,탑,,,,,,,기본 기장,,스퀘어넥,,레귤러핏,,,무지,,
images/a4172943ddfbd547730aa9bd84c2bb22.jpg,val_train_split,246.0,445.0,166.0,472.0,팬츠,,,,,,,,롱·긴바지 기장,,,,스트레이트핏,H라인,무지,,지퍼
images/a4172943ddfbd547730aa9bd84c2bb22.jpg,val_train_split,263.0,136.0,220.0,321.0,티셔츠,,,,,긴팔,기본 소매,크롭 기장,,,,슬림핏,,,무지,퍼·플리스,
images/d550e60a8375f523c73b08bb680c5cfa.jpg,train,228.0,467.0,195.0,194.0,스커트,,,,,,,,무릎 기장,,,,,,무지,,
images/d550e60a8375f523c73b08bb680c5cfa.jpg,train,187.0,269.0,235.0,207.0,탑,,,,,반팔,,크롭 기장,,V넥,,레귤러핏,,,그래픽,,리본
images/a359224bae00f0be848072fb1ff866e0.jpg,val_train_split,123.0,237.0,333.0,725.0,원피스,,,,,,,,롱·긴바지 기장,보트넥,,,,A라인,플로럴,,지퍼|벨트
images/15571bd84beb911ec77e0b8991a88b3b.jpg,train,48.0,230.0,468.0,647.0,원피스,,,,,긴팔,기본 소매,,쇼츠·미니 기장,,폴로 칼라,,,,무지,,
images/1fb75a4d549ad13bf6f547ab4047bcea.jpg,val_train_split,348.0,332.0,219.0,473.0,원피스,,,,,반팔,,,롱·긴바지 기장,보트넥,,,,비대칭,,,지퍼|프릴·러플
images/ec4f3a4fceac2b83221995baa3ce6138.jpg,train,141.0,224.0,190.0,503.0,원피스,,,,,,,,무릎 기장,보트넥,,,,,도트,,지퍼|리본
images/37a233dcde0886e8084daea1721bbab7.jpg,train,203.0,166.0,235.0,515.0,원피스,,,,,7부 소매,래글런 소매,,쇼츠·미니 기장,라운드넥,,,,,무지,,플리츠|지퍼
images/122c4c3f4876fd5bb9173b62875de971.jpg,train,204.0,422.0,224.0,466.0,팬츠,,,,,,,,롱·긴바지 기장,,,,,,그래픽,,
images/122c4c3f4876fd5bb9173b62875de971.jpg,train,257.0,190.0,190.0,260.0,탑,,,,,,,크롭 기장,,라운드넥,,슬림핏,,,그래픽,,
images/ad9a23b77c6b116d91b44d1a973c343b.jpg,train,177.0,210.0,320.0,511.0,원피스,,,,,긴팔,기본 소매,,쇼츠·미니 기장,터틀넥,,,,,무지,니트,포켓
images/fa87c0f54b8cb07a14fc311c369e9a4c.jpg,train,224.0,205.0,229.0,336.0,셔츠,,,,,긴팔,기본 소매,,,,셔츠 칼라,슬림핏,,,무지|애니멀,,단추|포켓
images/987b0aec18d9e648c54d8de2b1d6252b.jpg,train,260.0,378.0,149.0,227.0,탑,,,,,,,크롭 기장,,,,슬림핏,,,무지,,
images/987b0aec18d9e648c54d8de2b1d6252b.jpg,train,124.0,594.0,440.0,358.0,쇼츠,,,,,,,,쇼츠·미니 기장,,,,,,무지,,
images/987b0aec18d9e648c54d8de2b1d6252b.jpg,train,121.0,275.0,434.0,467.0,재킷,,,,,반팔,퍼프 소매,크롭 기장,,,,레귤러핏,,,스트라이프,,지퍼|리본
images/6cc05c0d49ec33ffc80baae3329b95c1.jpg,train,233.0,285.0,183.0,218.0,탑,,,,,,,기본 기장,,보트넥,,레귤러핏,,,애니멀,,
images/6cc05c0d49ec33ffc80baae3329b95c1.jpg,train,211.0,494.0,196.0,289.0,팬츠,,,,,,,,롱·긴바지 기장,,,,,,무지,,
images/244db4821f1260040b08847692e001e8.jpg,train,202.0,188.0,271.0,541.0,원피스,,,,,7부 소매,기본 소매,,무릎 기장,,,,,,애니멀,,
images/6bda56aac6f1832a2d0504ae54d8ae83.jpg,val_train_split,264.0,160.0,180.0,474.0,원피스,,,,,,,,쇼츠·미니 기장,터틀넥,,,,,스트라이프,니트,
images/6bda56aac6f1832a2d0504ae54d8ae83.jpg,val_train_split,223.0,183.0,270.0,532.0,가디건,,,,,긴팔,,,,,,레귤러핏,,,무지,니트,
images/469114afbfc5e1ce2b131f61d467cd8a.jpg,train,481.0,306.0,69.0,154.0,점프수트,,,,,,,,무릎 기장,,,여유핏,,비대칭,무지,,단추|포켓
images/469114afbfc5e1ce2b131f61d467cd8a.jpg,train,478.0,308.0,60.0,81.0,탑,,,,,,,,,,,여유핏,,비대칭,무지,,포켓
images/4b6d766850faaed9169b390175eaf666.jpg,train,584.0,316.0,163.0,235.0,재킷,,,,,반팔,캡 소매,크롭 기장,,,,레귤러핏,,,무지,,플리츠
images/4b6d766850faaed9169b390175eaf666.jpg,train,483.0,233.0,281.0,407.0,원피스,,,,,긴팔,벌룬 소매,,무릎 기장,,,,,,무지,니트,
images/8537b711a744a4450f10d8000db37ab6.jpg,train,27.0,346.0,652.0,533.0,재킷,,,,,7부 소매,기본 소매,크롭 기장,,,,여유핏,,,무지,퍼·플리스,
images/99a3fe020159e3fcc727723d8826c9d5.jpg,train,307.0,292.0,367.0,389.0,코트,,,,,7부 소매,기본 소매,,,,라펠 칼라,레귤러핏,,,무지|체크,,단추|포켓
images/99a3fe020159e3fcc727723d8826c9d5.jpg,train,429.0,322.0,94.0,359.0,탑,,,,,,,,,라운드넥,,레귤러핏,,,무지,,
images/2de7af7f21efe7f99359dbc849ca1de0.jpg,val_train_split,246.0,187.0,143.0,415.0,원피스,,,,,,,,쇼츠·미니 기장,터틀넥,,,,,스트라이프,,
images/4271e466cd3587c1ec6e1e3f5b6fcdcf.jpg,train,267.0,231.0,200.0,679.0,팬츠,,,,,,,,롱·긴바지 기장,,,,,,그래픽|스트라이프,,
images/4271e466cd3587c1ec6e1e3f5b6fcdcf.jpg,train,348.0,304.0,132.0,160.0,탑,,,,,,,크롭 기장,,라운드넥,,슬림핏,,,무지,,
images/fdcbc0077c68f5994d94a74606fe75b4.jpg,train,193.0,233.0,248.0,245.0,탑,,,,,반팔,벌룬 소매,크롭 기장,,오프숄더,,여유핏,,,무지,,리본
images/fdcbc0077c68f5994d94a74606fe75b4.jpg,train,231.0,455.0,205.0,151.0,쇼츠,,,,,,,,쇼츠·미니 기장,,,,,,무지,,
images/b44298b0c75979762cf419f4cb42c49f.jpg,train,80.0,137.0,523.0,526.0,탑,,,,,긴팔,래글런 소매,크롭 기장,,,,슬림핏,,,무지,,
images/b44298b0c75979762cf419f4cb42c49f.jpg,train,188.0,632.0,308.0,261.0,쇼츠,,,,,,,,쇼츠·미니 기장,,,,슬림핏,,무지,,포켓
images/d7c9fbb8038c078cd9b060d77559d6a6.jpg,train,139.0,243.0,443.0,657.0,코트,,,,,긴팔,,,,,,오버핏,,,무지,,
images/d7c9fbb8038c078cd9b060d77559d6a6.jpg,train,220.0,225.0,265.0,406.0,셔츠,,,,,긴팔,,,,,셔츠 칼라,,,,무지,,단추|포켓
images/5b0fe268399c0978c90c789c3c06cd97.jpg,train,369.0,117.0,284.0,318.0,니트,,,,,긴팔,,,,터틀넥,,여유핏,,,무지,니트,
images/5b0fe268399c0978c90c789c3c06cd97.jpg,train,271.0,318.0,395.0,230.0,청바지,,,,,,,,롱·긴바지 기장,,,,,,무지,데님,
images/e9c4b05dec8e9dd6ab25ff78d054f39e.jpg,train,244.0,258.0,242.0,580.0,원피스,,,,,,,,쇼츠·미니 기장,라운드넥,,,,H라인,도트|체크,,지퍼
images/65aabcb3fba9d03419ab26f0299d2095.jpg,val_train_split,179.0,288.0,278.0,439.0,원피스,,,,,긴팔,벌룬 소매,,무릎 기장,V넥,,,,,,,단추
images/ae2d405280f896b3db92e2ba91496c76.jpg,train,198.0,293.0,301.0,682.0,원피스,,,,,,,,쇼츠·미니 기장,스퀘어넥,,,,,스트라이프,,플리츠|지퍼
images/e8ddd266907b4bf8545ca59986b9b048.jpg,train,184.0,507.0,218.0,399.0,팬츠,,,,,,,,미디·7부 기장,,,,와이드핏,,무지,,
images/e8ddd266907b4bf8545ca59986b9b048.jpg,train,117.0,203.0,373.0,562.0,코트,,,,,7부 소매,,,,,,여유핏,,,무지,,
images/e8ddd266907b4bf8545ca59986b9b048.jpg,train,134.0,215.0,329.0,441.0,탑,,,,,긴팔,,,,보트넥,,여유핏,,,스트라이프,,벨트
images/2f6201d73553b5a3244938659cd4971a.jpg,train,240.0,416.0,161.0,280.0,스커트,,,,,,,,무릎 기장,,,,,,무지,가죽|스웨이드,지퍼|포켓
images/2f6201d73553b5a3244938659cd4971a.jpg,train,303.0,315.0,84.0,114.0,티셔츠,,,,,,,크롭 기장,,,,슬림핏,,,무지,,
images/2f6201d73553b5a3244938659cd4971a.jpg,train,208.0,261.0,245.0,304.0,재킷,,,,,긴팔,기본 소매,크롭 기장,,,라펠 칼라,레귤러핏,,,무지,가죽|스웨이드,지퍼|벨트
images/41c545abb2a68a689b742b444e044406.jpg,train,376.0,378.0,42.0,76.0,탑,,,,,,,,,라운드넥,,슬림핏,,,무지,,
images/41c545abb2a68a689b742b444e044406.jpg,train,241.0,209.0,294.0,363.0,재킷,,,,,긴팔,기본 소매,크롭 기장,,,,레귤러핏,,,카모,,지퍼|포켓|후드
images/41c545abb2a68a689b742b444e044406.jpg,train,297.0,551.0,173.0,341.0,청바지,,,,,,,,롱·긴바지 기장,,,,스트레이트핏,H라인,무지,데님,
images/c97fbfff7f83e8cd2fd170ee087fae39.jpg,train,0.0,206.0,672.0,817.0,원피스,,,,,긴팔,기본 소매,,쇼츠·미니 기장,터틀넥,,,,,무지,,플리츠
images/449f8c5ddc24936b5c6c65146afed545.jpg,train,199.0,267.0,432.0,547.0,원피스,,,,,긴팔,래글런 소매,,쇼츠·미니 기장,보트넥,,,,H라인,무지,니트,
images/26fd033c7dfe9fe53a5c713f10d152bd.jpg,val_train_split,97.0,290.0,582.0,733.0,원피스,,,,,반팔,캡 소매,,,보트넥,,,,A라인,체크,,지퍼
images/343c342dbdb63e03d3c4577a48a80a22.jpg,train,156.0,250.0,274.0,295.0,원피스,,,,,긴팔,래글런 소매,,쇼츠·미니 기장,,스탠드 칼라,,,,무지,니트,지퍼
images/b527736c82919995f24a815811402132.jpg,train,121.0,156.0,278.0,459.0,원피스,,,,,반팔,퍼프 소매,,쇼츠·미니 기장,,,,,H라인,무지,,리본
images/7b9cc73c92066a2ef3849a831f9e5ef1.jpg,val_train_split,261.0,455.0,166.0,418.0,팬츠,,,,,,,,롱·긴바지 기장,,,,스트레이트핏,H라인,스트라이프|그래픽,,지퍼
images/7b9cc73c92066a2ef3849a831f9e5ef1.jpg,val_train_split,237.0,201.0,223.0,323.0,블레이저,,,,,긴팔,기본 소매,크롭 기장,,,라펠 칼라,레귤러핏,,,도트,,
images/5bcec49e8e151fbf9b61d7edbaa2decc.jpg,train,78.0,175.0,402.0,558.0,원피스,,,,,반팔,퍼프 소매,,무릎 기장,,,,,,스트라이프,,지퍼|리본|포켓|벨트
images/0d67036f2fbbe64a1034163f040e874d.jpg,val_train_split,427.0,141.0,138.0,325.0,원피스,,,,,반팔,캡 소매,,무릎 기장,,,,,,도트,,지퍼|벨트
images/05ef7cfd6949b92bb0419f77262ea216.jpg,train,85.0,173.0,290.0,449.0,원피스,,,,,긴팔,벨 소매,,쇼츠·미니 기장,,,,,A라인,무지,,지퍼
images/2d7386ebb9596ac742ae35904bfe91b0.jpg,train,334.0,180.0,170.0,271.0,탑,,,,,,,크롭 기장,,라운드넥,,레귤러핏,,,도트,,
images/2d7386ebb9596ac742ae35904bfe91b0.jpg,train,358.0,441.0,151.0,182.0,스커트,,,,,,,,,,,,,,무지,,플리츠
images/0a8403c6d2f6b7a751dbc89e79f47ec4.jpg,train,232.0,197.0,246.0,193.0,티셔츠,,,,,반팔,래글런 소매,크롭 기장,,라운드넥,,레귤러핏,,,무지|그래픽,,
images/0a8403c6d2f6b7a751dbc89e79f47ec4.jpg,train,254.0,390.0,211.0,460.0,스커트,,,,,,,,롱·긴바지 기장,,,,,,무지,,포켓
images/28d7bcdbcc41e09e462e37f719154ed5.jpg,val_train_split,257.0,271.0,264.0,359.0,원피스,,,,,7부 소매,벌룬 소매,,쇼츠·미니 기장,보트넥,,,,,무지,,스팽글|지퍼
images/f3712de826ade27e98ecce85ee19fab1.jpg,val_train_split,180.0,177.0,309.0,665.0,원피스,,,,,7부 소매,래글런 소매,,미디·7부 기장,라운드넥,,,,H라인,애니멀,,
images/1fdbd1209069261fadfc68932904c056.jpg,train,144.0,164.0,339.0,252.0,탑,,,,,긴팔,벨 소매,크롭 기장,,보트넥,,슬림핏,,,,,
images/1fdbd1209069261fadfc68932904c056.jpg,train,244.0,305.0,177.0,146.0,쇼츠,,,,,,,,쇼츠·미니 기장,,,,슬림핏,,무지|플로럴,,
images/3a481319ad6ff8dce4730d34aed1114d.jpg,val_train_split,129.0,203.0,249.0,327.0,재킷,,,,,긴팔,래글런 소매,크롭 기장,,,,레귤러핏,,,무지,,지퍼
images/3a481319ad6ff8dce4730d34aed1114d.jpg,val_train_split,184.0,189.0,163.0,431.0,원피스,,,,,,,,쇼츠·미니 기장,,셔츠 칼라,,,,애니멀,,지퍼
images/5cff0f000df75ef4a98dd0aac584214c.jpg,train,246.0,183.0,191.0,444.0,티셔츠,,,,,,,,,터틀넥,,레귤러핏,,,무지,,
images/5cff0f000df75ef4a98dd0aac584214c.jpg,train,258.0,588.0,163.0,330.0,팬츠,,,,,,,,롱·긴바지 기장,,,,슬림핏,,무지,,
images/3c67ab131645a98d5b258e2b2898fe42.jpg,train,526.0,259.0,146.0,98.0,탑,,,,,반팔,벌룬 소매,,,오프숄더,,여유핏,,,플로럴,,리본|벨트
images/3c67ab131645a98d5b258e2b2898fe42.jpg,train,535.0,361.0,107.0,107.0,쇼츠,,,,,,,,쇼츠·미니 기장,,,,,,플로럴,,
images/028e02cbbd949be8596196701dfcf47b.jpg,train,188.0,340.0,244.0,311.0,탑,,,,,,,크롭 기장,,홀터넥,,슬림핏,,,무지,,
images/028e02cbbd949be8596196701dfcf47b.jpg,train,197.0,684.0,295.0,244.0,쇼츠,,,,,,,,쇼츠·미니 기장,,,,슬림핏,,무지,,
images/66ea849152e6a7d0ccc585fe7530de0d.jpg,train,207.0,185.0,174.0,234.0,탑,,,,,,,크롭 기장,,보트넥,,슬림핏,,,그래픽,,
images/66ea849152e6a7d0ccc585fe7530de0d.jpg,train,199.0,403.0,176.0,442.0,팬츠,,,,,,,,롱·긴바지 기장,,,,스트레이트핏,H라인,그래픽,,
images/a0aaa0fae66dccc91b78be6356f28200.jpg,train,104.0,195.0,384.0,720.0,원피스,,,,,,,,롱·긴바지 기장,홀터넥,,,,,,,지퍼
images/dbe89699c50f0ec0b320d25ceca181d5.jpg,val_train_split,428.0,300.0,177.0,366.0,원피스,,,,,,,,쇼츠·미니 기장,,,,,H라인,스트라이프,,지퍼
images/dbe89699c50f0ec0b320d25ceca181d5.jpg,val_train_split,404.0,285.0,226.0,249.0,블레이저,,,,,7부 소매,기본 소매,크롭 기장,,,라펠 칼라,레귤러핏,,,무지,,
images/1f7a4b1245c84aa624dc3fbd47c75c08.jpg,train,107.0,177.0,252.0,411.0,원피스,,,,,긴팔,기본 소매,,쇼츠·미니 기장,,셔츠 칼라,,,A라인,그래픽,,단추
images/8be0f26d2cbfa1e5c335089bfded3f7e.jpg,train,131.0,46.0,334.0,611.0,코트,,,,,7부 소매,기본 소매,,,,,슬림핏,,,무지,퍼·플리스,후드
images/8be0f26d2cbfa1e5c335089bfded3f7e.jpg,train,166.0,438.0,274.0,205.0,원피스,,,,,긴팔,,,쇼츠·미니 기장,,,,,A라인,무지|플로럴,,지퍼|프릴·러플
images/11c29aa84e710adf1f6ad0bd045582b2.jpg,train,52.0,387.0,448.0,548.0,탑,,,,,긴팔,래글런 소매,크롭 기장,,라운드넥,,여유핏,,,무지,,플리츠|프릴·러플
images/699d6a2503078a0bab8af87b5f89b309.jpg,train,231.0,481.0,181.0,321.0,점프수트,,,,,,,,롱·긴바지 기장,,,여유핏,,,무지,,
images/699d6a2503078a0bab8af87b5f89b309.jpg,train,281.0,426.0,254.0,138.0,티셔츠,,,,,긴팔,기본 소매,,,터틀넥,,,,,무지,,
images/64e0c0065ba6d2414590866090d44cd5.jpg,val_train_split,431.0,416.0,174.0,266.0,스커트,,,,,,,,,,,,,A라인,무지,,
images/64e0c0065ba6d2414590866090d44cd5.jpg,val_train_split,252.0,210.0,576.0,472.0,재킷,,,,,긴팔,기본 소매,기본 기장,,,,오버핏,,,무지,퍼·플리스,지퍼
images/4e9264fbdac345a9e2471f99891d6eb4.jpg,train,250.0,401.0,210.0,484.0,원피스,,,,,긴팔,벨 소매,,롱·긴바지 기장,V넥,,,,,플로럴,,
images/cf021ffaf46b42bde833df1628e35691.jpg,train,158.0,267.0,329.0,653.0,원피스,,,,,긴팔,기본 소매,,롱·긴바지 기장,,,,,,무지,,프릴·러플|스팽글
images/4a1f7190deeb8e4776c8c8d0e917c9d5.jpg,train,282.0,589.0,138.0,354.0,팬츠,,,,,,,,롱·긴바지 기장,,,,스트레이트핏,H라인,,,
images/4a1f7190deeb8e4776c8c8d0e917c9d5.jpg,train,320.0,164.0,73.0,314.0,셔츠,,,,,,,,,,셔츠 칼라,레귤러핏,,,무지,,단추
images/4a1f7190deeb8e4776c8c8d0e917c9d5.jpg,train,219.0,126.0,322.0,486.0,코트,,,,,긴팔,기본 소매,,,,라펠 칼라,여유핏,,,무지,가죽,
images/2afbe69e7e7d6e77ce119389c0393ea9.jpg,val_train_split,321.0,243.0,56.0,97.0,셔츠,,,,,,,,,,셔츠 칼라,,,,무지,,단추
images/2afbe69e7e7d6e77ce119389c0393ea9.jpg,val_train_split,252.0,235.0,224.0,452.0,코트,,,,,긴팔,퍼프 소매,,,,라펠 칼라,슬림핏,,,체크,,벨트
images/2afbe69e7e7d6e77ce119389c0393ea9.jpg,val_train_split,340.0,656.0,118.0,220.0,팬츠,,,,,,,,롱·긴바지 기장,,,,스트레이트핏,H라인,무지,,
images/c0ecf0427eec59439d5e2d7881b23ca8.jpg,train,148.0,206.0,241.0,311.0,재킷,,,,,긴팔,기본 소매,크롭 기장,,,스탠드 칼라,레귤러핏,,,무지,,지퍼|포켓
images/c0ecf0427eec59439d5e2d7881b23ca8.jpg,train,192.0,434.0,164.0,447.0,팬츠,,,,,,,,롱·긴바지 기장,,,,,,무지,,
images/610082b4ba9c374e4873f29f5e1d6086.jpg,train,147.0,161.0,310.0,737.0,원피스,,,,,,,,롱·긴바지 기장,홀터넥,,,,,체크,,
images/ae5883c717feac498efe2fc00fc1cf8a.jpg,val_train_split,280.0,327.0,154.0,206.0,재킷,,,,,7부 소매,벨 소매,크롭 기장,,,라펠 칼라,레귤러핏,,,무지,퍼·플리스,
images/ae5883c717feac498efe2fc00fc1cf8a.jpg,val_train_split,245.0,491.0,223.0,273.0,원피스,,,,,,,,미디·7부 기장,,,,,,무지,니트,
images/49e2bbd6d34099b175d97141f98c74aa.jpg,train,357.0,153.0,231.0,733.0,원피스,,,,,반팔,캡 소매,,롱·긴바지 기장,터틀넥,,,,,무지,,지퍼
images/6a5630d93e5432e65d0aee032d288e9b.jpg,val_train_split,256.0,249.0,138.0,410.0,원피스,,,,,,,,무릎 기장,라운드넥,,,,,무지,니트,
images/6a5630d93e5432e65d0aee032d288e9b.jpg,val_train_split,188.0,212.0,278.0,379.0,코트,,,,,긴팔,기본 소매,,,,,레귤러핏,,,무지,퍼·플리스,
images/2fd3f3e9ef73b77161276ddab9a1902e.jpg,train,294.0,158.0,153.0,272.0,티셔츠,,,,,7부 소매,,,,터틀넥,피터팬 칼라,,,,무지,,
images/2fd3f3e9ef73b77161276ddab9a1902e.jpg,train,295.0,184.0,154.0,459.0,원피스,,,,,,,,쇼츠·미니 기장,,,,,H라인,무지,,
images/2fd3f3e9ef73b77161276ddab9a1902e.jpg,train,157.0,172.0,421.0,633.0,코트,,,,,긴팔,기본 소매,,,,라펠 칼라,여유핏,,,무지,,단추
images/a1605751d61f0fc6b8a2c61cbe06cf70.jpg,train,300.0,241.0,249.0,306.0,재킷,,,,,긴팔,기본 소매,크롭 기장,,,,레귤러핏,,,무지,,지퍼
images/a1605751d61f0fc6b8a2c61cbe06cf70.jpg,train,347.0,238.0,73.0,164.0,티셔츠,,,,,,,,,라운드넥,칼라 없음,레귤러핏,,,무지,,
images/a1605751d61f0fc6b8a2c61cbe06cf70.jpg,train,318.0,388.0,200.0,372.0,스커트,,,,,,,,미디·7부 기장,,,,스트레이트핏,H라인,무지,,
images/75fcbb31f518244ab611eafe841d2955.jpg,val_train_split,248.0,268.0,93.0,175.0,탑,,,,,,,크롭 기장,,스퀘어넥,,레귤러핏,,,무지,,
images/75fcbb31f518244ab611eafe841d2955.jpg,val_train_split,148.0,183.0,266.0,383.0,재킷,,,,,긴팔,기본 소매,크롭 기장,,,라펠 칼라,레귤러핏,,,무지,,지퍼
images/75fcbb31f518244ab611eafe841d2955.jpg,val_train_split,196.0,422.0,172.0,465.0,팬츠,,,,,,,,롱·긴바지 기장,,,,슬림핏,,무지,,포켓
images/d530c71da3591d3584aefc06912c605b.jpg,val_train_split,345.0,271.0,168.0,244.0,티셔츠,,,,,,,크롭 기장,,라운드넥,,슬림핏,,,무지,,
images/d530c71da3591d3584aefc06912c605b.jpg,val_train_split,249.0,496.0,267.0,493.0,청바지,,,,,,,,롱·긴바지 기장,,,,,,무지,데님,포켓
images/d530c71da3591d3584aefc06912c605b.jpg,val_train_split,304.0,236.0,232.0,269.0,가디건,,,,,긴팔,기본 소매,크롭 기장,,,,레귤러핏,,,무지,니트,단추|후드
images/e19f952bf689b30716c61a46e8c80d4b.jpg,train,172.0,245.0,234.0,318.0,원피스,,,,,반팔,,,쇼츠·미니 기장,오프숄더,,,,,무지,,리본
images/0c28141eb16c00f32b8d3f4dd885c8fe.jpg,train,111.0,252.0,434.0,678.0,셔츠,,,,,긴팔,,크롭 기장,,,셔츠 칼라,레귤러핏,,,그래픽,,단추
images/0c28141eb16c00f32b8d3f4dd885c8fe.jpg,train,77.0,305.0,463.0,479.0,가디건,,,,,긴팔,퍼프 소매,크롭 기장,,,,슬림핏,,,무지,니트,단추
images/0c28141eb16c00f32b8d3f4dd885c8fe.jpg,train,180.0,690.0,336.0,280.0,쇼츠,,,,,,,,쇼츠·미니 기장,,,,,,,,포켓
images/9bc060fb6afd26d3d7eddb4944492d84.jpg,val_train_split,213.0,326.0,220.0,624.0,원피스,,,,,,,,무릎 기장,라운드넥,,,,,애니멀,,지퍼|프릴·러플
images/d2fc9952370b6e613ecac8bc690c67e2.jpg,train,310.0,241.0,201.0,469.0,원피스,,,,,반팔,캡 소매,,무릎 기장,,,,,A라인,무지|그래픽,,지퍼|플리츠
images/f997ba3d6d14e3e7bd5faac4d727f4a5.jpg,train,214.0,297.0,197.0,356.0,원피스,,,,,,,,쇼츠·미니 기장,보트넥,,,,,무지,,스팽글
images/d4f67cfa8356c334b19c2450e777be01.jpg,train,197.0,541.0,258.0,295.0,티셔츠,,,,,긴팔,,,,라운드넥,,레귤러핏,,,카모,,
images/df8ed8a4d16ac72f2a62463f0978190b.jpg,train,243.0,213.0,244.0,671.0,원피스,,,,,민소매,캡 소매,,롱·긴바지 기장,,,,,,무지,,지퍼
images/7aa78173791e4f80618010a2a9981b93.jpg,val_train_split,260.0,469.0,157.0,426.0,팬츠,,,,,,,,롱·긴바지 기장,,,,슬림핏,,무지,,
images/7aa78173791e4f80618010a2a9981b93.jpg,val_train_split,233.0,222.0,201.0,336.0,셔츠,,,,,긴팔,벌룬 소매,기본 기장,,,,여유핏,,,무지,,단추|리본
images/c80db1f7c96c283dca77299c1887b689.jpg,train,412.0,297.0,179.0,227.0,베스트,,,,,,,크롭 기장,,,셔츠 칼라,레귤러핏,,,무지,,단추
images/c80db1f7c96c283dca77299c1887b689.jpg,train,359.0,469.0,206.0,482.0,청바지,,,,,,,,롱·긴바지 기장,,,,슬림핏,,무지,데님,포켓|지퍼
images/c1e1cbc613a946704b3fd26c337c0181.jpg,train,124.0,211.0,233.0,415.0,코트,,,,,긴팔,기본 소매,,,,스탠드 칼라,레귤러핏,,,무지,,지퍼|포켓
images/c1e1cbc613a946704b3fd26c337c0181.jpg,train,183.0,324.0,94.0,222.0,탑,,,,,,,기본 기장,,,,레귤러핏,,,무지,,
images/c1e1cbc613a946704b3fd26c337c0181.jpg,train,171.0,522.0,87.0,58.0,쇼츠,,,,,,,,쇼츠·미니 기장,,,,슬림핏,,무지,,
images/c2cc67ff9334e06376ee42112ea48ea0.jpg,train,40.0,554.0,598.0,469.0,재킷,,,,,,기본 소매,,,,셔츠 칼라,레귤러핏,,,무지,퍼·플리스,단추|포켓
images/c2cc67ff9334e06376ee42112ea48ea0.jpg,train,272.0,588.0,137.0,435.0,티셔츠,,,,,,,,,라운드넥,,레귤러핏,,,무지,,
images/9dee1d78a7179bb2ae52909b36eabee3.jpg,train,234.0,366.0,212.0,135.0,쇼츠,,,,,,,,쇼츠·미니 기장,,,,슬림핏,,,,
images/9dee1d78a7179bb2ae52909b36eabee3.jpg,train,287.0,177.0,197.0,230.0,탑,,,,,,,크롭 기장,,라운드넥,,레귤러핏,,,카모,,벨트
images/ab8091d5af8e0d32436e026e6a8d9689.jpg,val_train_split,210.0,242.0,175.0,744.0,점프수트,,,,,,,,롱·긴바지 기장,,,오버핏,,,무지,,단추|포켓
images/ab8091d5af8e0d32436e026e6a8d9689.jpg,val_train_split,238.0,243.0,113.0,159.0,탑,,,,,,,,,,,,,,무지,,
images/929acf269865907bd7dc51a4c0180140.jpg,train,366.0,117.0,152.0,254.0,탑,,,,,긴팔,벌룬 소매,,,V넥,,여유핏,,,무지,,
images/929acf269865907bd7dc51a4c0180140.jpg,train,341.0,367.0,144.0,217.0,청바지,,,,,,,,롱·긴바지 기장,,,,스트레이트핏,H라인,무지,데님,
images/56e10838da6a7fc145118ce4233d9718.jpg,train,194.0,315.0,290.0,339.0,원피스,,,,,,,,쇼츠·미니 기장,,,,,O라인,무지,,지퍼|벨트
images/d4c40a8fba2a27a6964b5a3bde178243.jpg,train,529.0,269.0,243.0,412.0,셔츠,,,,,,,,,,셔츠 칼라,레귤러핏,,,체크,,단추|포켓
images/d4c40a8fba2a27a6964b5a3bde178243.jpg,train,635.0,344.0,43.0,55.0,티셔츠,,,,,,,,,라운드넥,,레귤러핏,,,무지,,
images/d4c40a8fba2a27a6964b5a3bde178243.jpg,train,457.0,235.0,512.0,446.0,재킷,,,,,,기본 소매,,,,,레귤러핏,,,무지,,지퍼|포켓|후드
images/5f9f2768bcfb10c460a617ce27ce32e8.jpg,train,258.0,302.0,282.0,470.0,원피스,,,,,긴팔,기본 소매,,무릎 기장,,라펠 칼라,,,X라인,체크,,벨트
images/1f0186215510e5fc58bdf4fc6dd14bf9.jpg,train,221.0,371.0,252.0,427.0,원피스,,,,,긴팔,기본 소매,,쇼츠·미니 기장,,피터팬 칼라,,,,플로럴,,스팽글|지퍼
images/7c2b592d4ab96ffd5ff1e889d19044ac.jpg,train,173.0,195.0,208.0,408.0,원피스,,,,,,,,쇼츠·미니 기장,스퀘어넥,,,,,무지,,단추|포켓
images/bceec461602831df7f7406c6a36f2df6.jpg,train,193.0,574.0,234.0,449.0,팬츠,,,,,,,,,,,,,,그래픽,,
images/bceec461602831df7f7406c6a36f2df6.jpg,train,188.0,287.0,302.0,582.0,탑,,,,,,,,,,,레귤러핏,,,무지,,
images/29eff3dcf673a064f350aef7f9fcac59.jpg,val_train_split,150.0,345.0,195.0,302.0,스커트,,,,,,,,쇼츠·미니 기장,,,,,,무지,,지퍼
images/29eff3dcf673a064f350aef7f9fcac59.jpg,val_train_split,123.0,182.0,248.0,220.0,셔츠,,,,,7부 소매,기본 소매,크롭 기장,,,칼라 없음,슬림핏,,,애니멀,,단추
images/6d27396f54615e1380dae58476331129.jpg,train,137.0,265.0,449.0,688.0,니트,,,,,긴팔,,,,보트넥,,여유핏,,비대칭,무지,니트,
images/6598a2f12a470087275bc77cd1f8b0e9.jpg,val_train_split,372.0,226.0,273.0,254.0,티셔츠,,,,,긴팔,래글런 소매,크롭 기장,,라운드넥,,레귤러핏,,,그래픽,,
images/6598a2f12a470087275bc77cd1f8b0e9.jpg,val_train_split,364.0,462.0,281.0,307.0,스커트,,,,,,,,무릎 기장,,,,,A라인,플로럴,,
images/79b316162e338862058e91fb3d44fe4b.jpg,val_train_split,219.0,281.0,463.0,586.0,원피스,,,,,긴팔,,,롱·긴바지 기장,V넥,,,,,,,스팽글|지퍼
images/3eeb07b405584d7c2d5142ac10a6aa06.jpg,train,230.0,182.0,231.0,517.0,원피스,,,,,,,,쇼츠·미니 기장,,,,,,스트라이프,,스팽글|지퍼
images/1be77429e3ecc33c2c38cad6135b3c13.jpg,train,75.0,294.0,454.0,678.0,원피스,,,,,,,,쇼츠·미니 기장,,,,,X라인,무지,,플리츠|지퍼
images/d529f4214ed3bfd6757d3abafebef96c.jpg,train,250.0,474.0,176.0,417.0,팬츠,,,,,,,,롱·긴바지 기장,,,,스트레이트핏,H라인,무지,,지퍼
images/d529f4214ed3bfd6757d3abafebef96c.jpg,train,191.0,141.0,289.0,381.0,셔츠,,,,,긴팔,,,,,피터팬 칼라,레귤러핏,,,무지,,단추
images/d529f4214ed3bfd6757d3abafebef96c.jpg,train,188.0,158.0,290.0,329.0,니트,,,,,긴팔,래글런 소매,기본 기장,,,,레귤러핏,,,,니트,
images/b6162626f2816aa736bb88d695046049.jpg,train,545.0,474.0,184.0,445.0,청바지,,,,,,,,롱·긴바지 기장,,,,슬림핏,,무지,데님,포켓
images/b6162626f2816aa736bb88d695046049.jpg,train,509.0,175.0,287.0,417.0,니트,,,,,긴팔,,기본 기장,,터틀넥,,여유핏,,,,니트,
images/3373040b2fae5f4d4014c6be7cb818f3.jpg,train,280.0,300.0,245.0,340.0,재킷,,,,,긴팔,기본 소매,기본 기장,,,,여유핏,,,무지,,후드
images/3373040b2fae5f4d4014c6be7cb818f3.jpg,train,320.0,612.0,156.0,238.0,팬츠,,,,,,,,,,,,스트레이트핏,H라인,무지,,포켓
images/0df4d2d86dbcbef200156100537de7a3.jpg,val_train_split,252.0,445.0,155.0,447.0,팬츠,,,,,,,,롱·긴바지 기장,,,,스트레이트핏,H라인,무지,,지퍼|벨트
images/0df4d2d86dbcbef200156100537de7a3.jpg,val_train_split,195.0,245.0,309.0,273.0,셔츠,,,,,긴팔,벌룬 소매,,,,셔츠 칼라,레귤러핏,,,플로럴,,단추
images/476b50a9fe078259cffc5f79984f8f60.jpg,train,551.0,162.0,125.0,233.0,니트,,,,,긴팔,기본 소매,기본 기장,,라운드넥,,여유핏,,,무지,니트,
images/476b50a9fe078259cffc5f79984f8f60.jpg,train,543.0,327.0,116.0,141.0,쇼츠,,,,,,,,쇼츠·미니 기장,,,,,,무지,,
images/dc28482ddeb7d2b2e767939eb1587d62.jpg,train,173.0,184.0,296.0,448.0,원피스,,,,,긴팔,벨 소매,,쇼츠·미니 기장,스퀘어넥,,,,H라인,,,지퍼
images/603abfb1cbf2ede2ed89db6ddf6ce274.jpg,val_train_split,156.0,244.0,329.0,489.0,원피스,,,,,긴팔,기본 소매,,무릎 기장,,스탠드 칼라,,,,,,지퍼|포켓
images/562549d37e6051b68d906f160c069c44.jpg,train,180.0,199.0,295.0,273.0,셔츠,,,,,긴팔,벌룬 소매,,,,피터팬 칼라,레귤러핏,,,무지,,단추|벨트
images/562549d37e6051b68d906f160c069c44.jpg,train,197.0,423.0,230.0,358.0,스커트,,,,,,,,무릎 기장,,,,플레어핏,,무지,,
images/9d57d483a552fb73ef2b38c8eaebfd4f.jpg,train,464.0,613.0,158.0,312.0,팬츠,,,,,,,,롱·긴바지 기장,,,,슬림핏,,무지,,
images/9d57d483a552fb73ef2b38c8eaebfd4f.jpg,train,371.0,88.0,297.0,534.0,코트,,,,,7부 소매,,,,,칼라 없음,여유핏,,,,,단추|포켓|후드
images/9bc8289d623a78947b917d029351a31d.jpg,val_train_split,220.0,234.0,315.0,341.0,후드티,,,,,긴팔,,기본 기장,,,,레귤러핏,,,무지,,후드
images/9bc8289d623a78947b917d029351a31d.jpg,val_train_split,254.0,519.0,179.0,357.0,팬츠,,,,,,,,롱·긴바지 기장,,,,스트레이트핏,H라인,무지,,
images/bb5c4d8af33780d671ce36faef9f9ab3.jpg,train,224.0,189.0,336.0,635.0,원피스,,,,,,,,미디·7부 기장,,,,,비대칭,플로럴,,플리츠|프릴·러플
images/837d43bb8206dda064ba853b3b4a536a.jpg,train,211.0,267.0,224.0,266.0,재킷,,,,,긴팔,래글런 소매,크롭 기장,,,,레귤러핏,,,무지,,지퍼|포켓
images/837d43bb8206dda064ba853b3b4a536a.jpg,train,225.0,506.0,154.0,138.0,스커트,,,,,,,,쇼츠·미니 기장,,,,,,체크,,지퍼
images/fec1ca6ac49f52cb9c17b2b57fd39ca3.jpg,train,72.0,202.0,389.0,778.0,원피스,,,,,,,,롱·긴바지 기장,라운드넥,,,,,도트|무지|스트라이프|플로럴,,지퍼
images/e6804babf6f53e9504bdbb0753715847.jpg,val_train_split,243.0,205.0,292.0,764.0,원피스,,,,,,,,무릎 기장,V넥,,,,A라인,무지,,프릴·러플
images/9c10be1e19223d632e79d6451937a11a.jpg,train,229.0,205.0,223.0,703.0,원피스,,,,,반팔,캡 소매,,롱·긴바지 기장,보트넥,,,,,무지,,스팽글|지퍼
images/44c0e7552e8b243fc15b80215302da2a.jpg,train,298.0,223.0,219.0,399.0,원피스,,,,,,,,쇼츠·미니 기장,,스탠드 칼라,,,A라인,무지,,플리츠|단추
images/44c0e7552e8b243fc15b80215302da2a.jpg,train,316.0,609.0,172.0,228.0,쇼츠,,,,,,,,쇼츠·미니 기장,,,,,,무지,,플리츠
images/caf74b7e9addc43df70eb194db4720cc.jpg,train,102.0,412.0,548.0,590.0,재킷,,,,,긴팔,기본 소매,크롭 기장,,,스탠드 칼라,레귤러핏,,,무지,,지퍼
images/caf74b7e9addc43df70eb194db4720cc.jpg,train,177.0,493.0,316.0,382.0,탑,,,,,,,크롭 기장,,,,레귤러핏,,,무지,,
images/7bd13b3beafc3bd8a657ef608dbf3aae.jpg,train,231.0,397.0,131.0,121.0,쇼츠,,,,,,,,쇼츠·미니 기장,,,,,,무지,,포켓|벨트
images/7bd13b3beafc3bd8a657ef608dbf3aae.jpg,train,259.0,250.0,83.0,161.0,셔츠,,,,,,,,,,스탠드 칼라,레귤러핏,,,무지,,단추
images/7bd13b3beafc3bd8a657ef608dbf3aae.jpg,train,195.0,229.0,206.0,311.0,재킷,,,,,긴팔,기본 소매,크롭 기장,,,스탠드 칼라,레귤러핏,,,무지,,지퍼|벨트
images/f1e2b8b7add3b8c34037c291e53884a5.jpg,train,203.0,184.0,252.0,357.0,블레이저,,,,,긴팔,퍼프 소매,크롭 기장,,라운드넥,라펠 칼라,레귤러핏,,,무지,,
images/f1e2b8b7add3b8c34037c291e53884a5.jpg,train,217.0,200.0,209.0,510.0,원피스,,,,,,,,쇼츠·미니 기장,,,,,,무지,,
images/ee9afc0809f5de2116600ea6c3e4d30e.jpg,val_train_split,327.0,216.0,40.0,320.0,재킷,,,,,,,기본 기장,,,라펠 칼라,레귤러핏,,,무지,,
images/ee9afc0809f5de2116600ea6c3e4d30e.jpg,val_train_split,305.0,209.0,61.0,226.0,셔츠,,,,,,,,,,스탠드 칼라,레귤러핏,,,무지,,단추
images/ee9afc0809f5de2116600ea6c3e4d30e.jpg,val_train_split,253.0,433.0,112.0,447.0,팬츠,,,,,,,,롱·긴바지 기장,,,,슬림핏,,무지,,
images/ee9afc0809f5de2116600ea6c3e4d30e.jpg,val_train_split,171.0,187.0,287.0,532.0,코트,,,,,긴팔,기본 소매,,,,셔츠 칼라,레귤러핏,,,무지,가죽,지퍼|포켓
images/d4505215f20151de5e5ccf64d8da3d17.jpg,train,529.0,206.0,105.0,197.0,원피스,,,,,,,,쇼츠·미니 기장,보트넥,,,,,무지,,지퍼|프릴·러플
images/d4505215f20151de5e5ccf64d8da3d17.jpg,train,495.0,143.0,176.0,182.0,가디건,,,,,긴팔,기본 소매,기본 기장,,,칼라 없음,레귤러핏,,,무지,니트,단추
images/be44abffc55f170afb9b59e58c49579c.jpg,train,168.0,519.0,180.0,98.0,쇼츠,,,,,,,,쇼츠·미니 기장,,,,,,카모,,
images/be44abffc55f170afb9b59e58c49579c.jpg,train,160.0,119.0,201.0,427.0,코트,,,,,,,,,,,레귤러핏,,,무지,,후드
images/f9290a63d1667c6aa712700d65590066.jpg,val_train_split,453.0,177.0,77.0,239.0,원피스,,,,,,,,쇼츠·미니 기장,라운드넥,,,,,무지,,
images/f9290a63d1667c6aa712700d65590066.jpg,val_train_split,423.0,155.0,287.0,507.0,코트,,,,,,,,,,,오버핏,,,스트라이프,,
images/5933fe7cacdc7455570a5fc5b3d693c3.jpg,val_train_split,282.0,235.0,120.0,213.0,탑,,,,,,,크롭 기장,,V넥,,슬림핏,,,무지,,
images/5933fe7cacdc7455570a5fc5b3d693c3.jpg,val_train_split,224.0,425.0,245.0,267.0,스커트,,,,,,,,쇼츠·미니 기장,,,,,A라인,도트,,플리츠
images/4814ecf96c6b1d1e1f5f6ff0a2820c40.jpg,train,262.0,507.0,194.0,271.0,스커트,,,,,,,,무릎 기장,,,,플레어핏,,,,
images/4814ecf96c6b1d1e1f5f6ff0a2820c40.jpg,train,231.0,375.0,210.0,164.0,탑,,,,,반팔,,크롭 기장,,보트넥,,여유핏,,,무지,,리본
images/73bfd11540984b6051d75068a5aac94b.jpg,train,468.0,506.0,138.0,130.0,쇼츠,,,,,,,,쇼츠·미니 기장,,,,슬림핏,,무지,,포켓
images/73bfd11540984b6051d75068a5aac94b.jpg,train,244.0,175.0,351.0,363.0,니트,,,,,긴팔,기본 소매,기본 기장,,,,여유핏,,,무지,니트,
images/63e289a127f960a9fbb4abfb1fff6476.jpg,train,297.0,481.0,234.0,362.0,청바지,,,,,,,,미디·7부 기장,,,,스트레이트핏,H라인,무지,데님,포켓
images/63e289a127f960a9fbb4abfb1fff6476.jpg,train,335.0,184.0,164.0,332.0,셔츠,,,,,반팔,퍼프 소매,기본 기장,,,,슬림핏,,,무지,,벨트
images/dd09ef641b8d3e521f55cd8a20c64e53.jpg,train,197.0,218.0,256.0,427.0,원피스,,,,,긴팔,기본 소매,,쇼츠·미니 기장,터틀넥,,,,,무지,,지퍼
images/174d5b97e041df3be972a39c114df5e5.jpg,train,321.0,644.0,107.0,241.0,팬츠,,,,,,,,롱·긴바지 기장,,,,슬림핏,,,,
images/174d5b97e041df3be972a39c114df5e5.jpg,train,289.0,332.0,247.0,416.0,원피스,,,,,,,,쇼츠·미니 기장,터틀넥,,,,,,,프릴·러플
images/18f391d2a87cb2ba4d22ebe94c7ce252.jpg,train,207.0,158.0,263.0,448.0,탑,,,,,,,크롭 기장,,,,슬림핏,,,무지,,
images/18f391d2a87cb2ba4d22ebe94c7ce252.jpg,train,157.0,592.0,352.0,301.0,쇼츠,,,,,,,,쇼츠·미니 기장,,,,,,무지,,플리츠|포켓
images/18f391d2a87cb2ba4d22ebe94c7ce252.jpg,train,43.0,0.0,574.0,966.0,코트,,,,,반팔,,,,,,여유핏,,,무지,,단추|리본|벨트|후드
images/c56b7b190faef99791455d243d2ea5e2.jpg,train,241.0,481.0,231.0,432.0,팬츠,,,,,,,,롱·긴바지 기장,,,,슬림핏,,무지,,
images/c56b7b190faef99791455d243d2ea5e2.jpg,train,215.0,303.0,244.0,388.0,티셔츠,,,,,,벨 소매,크롭 기장,,터틀넥,,레귤러핏,,,무지,,
images/2976cdd5721c759a25c1b30f21a16d6b.jpg,train,31.0,267.0,585.0,611.0,점프수트,,,,,,,,롱·긴바지 기장,,,여유핏,,,무지,,
images/6aa77abeca5ea2cffa50c5b715e4fe4b.jpg,train,126.0,206.0,280.0,399.0,원피스,,,,,7부 소매,퍼프 소매,,쇼츠·미니 기장,,라펠 칼라,,,X라인,도트,,단추
images/2413a7cac41899f69402f98c04f65a8d.jpg,val_train_split,197.0,252.0,156.0,351.0,원피스,,,,,,,,쇼츠·미니 기장,,,,,,스트라이프|체크,니트,
images/2413a7cac41899f69402f98c04f65a8d.jpg,val_train_split,134.0,159.0,269.0,393.0,가디건,,,,,긴팔,벌룬 소매,,,,셔츠 칼라,레귤러핏,,,무지,니트,단추|프릴·러플
images/2feedca0820795e366651424f156969d.jpg,val_train_split,174.0,284.0,72.0,156.0,티셔츠,,,,,,,크롭 기장,,,,레귤러핏,,,무지,,
images/2feedca0820795e366651424f156969d.jpg,val_train_split,116.0,434.0,157.0,176.0,스커트,,,,,,,,쇼츠·미니 기장,,,,,,무지,,
images/2feedca0820795e366651424f156969d.jpg,val_train_split,49.0,218.0,257.0,478.0,가디건,,,,,긴팔,기본 소매,,,,,여유핏,,,무지,니트,단추
images/8296923c574b5b4022e76087e134fe34.jpg,train,246.0,360.0,198.0,303.0,셔츠,,,,,,기본 소매,크롭 기장,,,칼라 없음,여유핏,,,애니멀,,단추
images/8296923c574b5b4022e76087e134fe34.jpg,train,270.0,554.0,137.0,105.0,스커트,,,,,,,,쇼츠·미니 기장,,,,,,무지,,
images/d192ee8bf689fe30815676030f53632f.jpg,train,314.0,183.0,120.0,270.0,셔츠,,,,,긴팔,,,,,셔츠 칼라,,,,플로럴,,단추|포켓
images/d192ee8bf689fe30815676030f53632f.jpg,train,277.0,415.0,53.0,88.0,베스트,,,,,,,크롭 기장,,,,슬림핏,,,무지,,
images/d192ee8bf689fe30815676030f53632f.jpg,train,262.0,189.0,120.0,334.0,재킷,,,,,,,크롭 기장,,,셔츠 칼라,레귤러핏,,,무지,,단추|포켓|벨트
images/d192ee8bf689fe30815676030f53632f.jpg,train,256.0,478.0,171.0,411.0,팬츠,,,,,,,,롱·긴바지 기장,,,,,,무지,,
images/d192ee8bf689fe30815676030f53632f.jpg,train,179.0,170.0,320.0,467.0,코트,,,,,긴팔,기본 소매,,,,스탠드 칼라,레귤러핏,,,무지,,단추|포켓|벨트
images/33b0b726954fbc8bf425a998461f3a9e.jpg,train,192.0,216.0,247.0,394.0,원피스,,,,,,,,쇼츠·미니 기장,라운드넥,,,,A라인,도트,,스팽글
images/33b0b726954fbc8bf425a998461f3a9e.jpg,train,247.0,580.0,176.0,322.0,팬츠,,,,,,,,롱·긴바지 기장,,,,,,도트,,지퍼
images/3159f0980a5709645c7a9fb42792d42b.jpg,train,213.0,765.0,191.0,92.0,쇼츠,,,,,,,,쇼츠·미니 기장,,,,슬림핏,,무지,,
images/3159f0980a5709645c7a9fb42792d42b.jpg,train,202.0,333.0,252.0,469.0,후드티,,,,,반팔,,기본 기장,,,,여유핏,,,무지,,후드
images/d0893d66a1ca488da4b198c2f4219d72.jpg,train,655.0,399.0,161.0,234.0,쇼츠,,,,,,,,쇼츠·미니 기장,,,,,,무지,,플리츠|포켓
images/d0893d66a1ca488da4b198c2f4219d72.jpg,train,646.0,230.0,134.0,205.0,티셔츠,,,,,반팔,기본 소매,,,,,레귤러핏,,,무지,,
images/824517e68ba4acea1d362da6d3a8c896.jpg,train,227.0,488.0,163.0,383.0,청바지,,,,,,,,롱·긴바지 기장,,,,슬림핏,,무지,데님,
images/824517e68ba4acea1d362da6d3a8c896.jpg,train,217.0,239.0,178.0,270.0,탑,,,,,,,크롭 기장,,V넥,,레귤러핏,,,무지,,스팽글
images/095c91c4def3ce9f8296fdfbd6833c28.jpg,train,222.0,219.0,183.0,577.0,원피스,,,,,,,,미디·7부 기장,홀터넥,,,,,무지,,지퍼
images/c5e03f13315ad369fd007d58d83b31a0.jpg,val_train_split,138.0,191.0,191.0,296.0,탑,,,,,,,크롭 기장,,홀터넥,,레귤러핏,,,무지,,
images/c5e03f13315ad369fd007d58d83b31a0.jpg,val_train_split,146.0,473.0,198.0,276.0,스커트,,,,,,,,무릎 기장,,,,,A라인,스트라이프,,
images/023f2eb91095b865fc204ad80c516b77.jpg,train,43.0,183.0,374.0,401.0,원피스,,,,,긴팔,퍼프 소매,,쇼츠·미니 기장,,,,,A라인,무지,,플리츠|지퍼
images/8ce34bfb3068b5b696d46a04037081b3.jpg,train,228.0,257.0,206.0,412.0,원피스,,,,,반팔,기본 소매,,쇼츠·미니 기장,,셔츠 칼라,,,,애니멀,,지퍼
images/5ab00190d3a9f2e9d36a8e989ee2f043.jpg,train,231.0,434.0,168.0,135.0,쇼츠,,,,,,,,쇼츠·미니 기장,,,,,비대칭,무지,,플리츠
images/5ab00190d3a9f2e9d36a8e989ee2f043.jpg,train,231.0,247.0,197.0,264.0,탑,,,,,반팔,,크롭 기장,,,,여유핏,,,플로럴,,
images/f2723a23601268ae34cfcf2c7264c798.jpg,train,204.0,202.0,335.0,622.0,원피스,,,,,반팔,캡 소매,,롱·긴바지 기장,라운드넥,,,,X라인,무지,,지퍼
images/b1746ef0c7c463e125efc28597838dcd.jpg,train,274.0,419.0,175.0,480.0,팬츠,,,,,,,,롱·긴바지 기장,,,,,,무지,,지퍼
images/b1746ef0c7c463e125efc28597838dcd.jpg,train,317.0,356.0,84.0,73.0,탑,,,,,,,크롭 기장,,,,슬림핏,,,무지,,
images/b1746ef0c7c463e125efc28597838dcd.jpg,train,171.0,190.0,371.0,329.0,재킷,,,,,긴팔,퍼프 소매,크롭 기장,,,,여유핏,,,무지,,
images/f436879d7ba07bbf8506f7858e066743.jpg,train,137.0,199.0,333.0,283.0,원피스,,,,,긴팔,기본 소매,,쇼츠·미니 기장,V넥,,,,H라인,,니트,후드
images/d0cfa23640f7e7127a193e33d469f8fd.jpg,train,333.0,260.0,625.0,411.0,티셔츠,,,,,반팔,벨 소매,,,,,슬림핏,,,무지,,리본
images/8cc5727aea279bcb02c7aadd6eca1ef0.jpg,train,146.0,229.0,336.0,475.0,탑,,,,,,,크롭 기장,,스퀘어넥,,슬림핏,,,무지,,
images/8cc5727aea279bcb02c7aadd6eca1ef0.jpg,train,106.0,579.0,272.0,444.0,청바지,,,,,,,,,,,,슬림핏,,무지,데님,포켓
images/59d9b98a4d610211c8f905396df80ac3.jpg,train,126.0,355.0,473.0,668.0,니트,,,,,긴팔,,기본 기장,,터틀넥,,여유핏,,,무지,니트,
images/c3354fe3d2e83869473d1ba7dc8f2be9.jpg,val_train_split,366.0,283.0,185.0,545.0,원피스,,,,,반팔,퍼프 소매,,무릎 기장,,셔츠 칼라,,,,,,플리츠|지퍼|포켓|벨트
images/0b301978b3453938b9a064a4b5dc72ff.jpg,train,330.0,643.0,82.0,70.0,팬츠,,,,,,,,롱·긴바지 기장,,,,슬림핏,,무지,,
images/0b301978b3453938b9a064a4b5dc72ff.jpg,train,262.0,219.0,188.0,270.0,티셔츠,,,,,긴팔,,,,,셔츠 칼라,레귤러핏,,,무지,,포켓
images/0b301978b3453938b9a064a4b5dc72ff.jpg,train,251.0,216.0,270.0,433.0,코트,,,,,,,,,,스탠드 칼라,오버핏,,,무지,,
images/afd16bca17012b4483ba363b7f770fd0.jpg,train,253.0,219.0,194.0,449.0,원피스,,,,,,,,쇼츠·미니 기장,V넥,,,,,무지|그래픽,,플리츠|지퍼
images/babe7e34b444891bfc3d2c2ef33ea5d1.jpg,train,213.0,586.0,215.0,162.0,스커트,,,,,,,,무릎 기장,,,,,,플로럴,,
images/babe7e34b444891bfc3d2c2ef33ea5d1.jpg,train,242.0,318.0,209.0,298.0,니트,,,,,긴팔,,,,라운드넥,,오버핏,,,무지,니트,
images/083b1167ad07b0f4fdc71937a52b9756.jpg,train,146.0,24.0,194.0,659.0,원피스,,,,,,,,무릎 기장,,,,,,무지,,지퍼
images/083b1167ad07b0f4fdc71937a52b9756.jpg,train,81.0,178.0,291.0,355.0,티셔츠,,,,,긴팔,벌룬 소매,,,라운드넥,,레귤러핏,,,무지,,
images/3a224df61cfb4a1a5fd478e2be6ee3e9.jpg,val_train_split,365.0,333.0,439.0,671.0,원피스,,,,,7부 소매,,,쇼츠·미니 기장,오프숄더,,,,A라인,플로럴,,벨트
images/756c60f8b9e410e36598adbf0c15e4c0.jpg,train,172.0,215.0,298.0,441.0,베스트,,,,,,,크롭 기장,,,,레귤러핏,,,무지,퍼·플리스,단추|포켓|벨트
images/756c60f8b9e410e36598adbf0c15e4c0.jpg,train,237.0,299.0,138.0,144.0,탑,,,,,,,,,,,슬림핏,,,무지,,
images/756c60f8b9e410e36598adbf0c15e4c0.jpg,train,183.0,615.0,235.0,408.0,청바지,,,,,,,,,,,,,,무지,데님,
images/1686429961b6f8e449db42661c5ee6d7.jpg,val_train_split,172.0,209.0,230.0,541.0,점프수트,,,,,반팔,캡 소매,,미디·7부 기장,V넥,,여유핏,,,무지,,
images/204c6b5223723ef9291e999a2e0e4b5a.jpg,train,232.0,340.0,185.0,275.0,가디건,,,,,,,,,,,레귤러핏,,,무지,니트,벨트
images/204c6b5223723ef9291e999a2e0e4b5a.jpg,train,291.0,360.0,108.0,147.0,탑,,,,,,,크롭 기장,,,,슬림핏,,,무지,,
images/204c6b5223723ef9291e999a2e0e4b5a.jpg,train,203.0,372.0,294.0,434.0,팬츠,,,,,,,,미디·7부 기장,,,,스트레이트핏,H라인,무지,,
images/5ba120889a6529cd798e19025a6baa1c.jpg,train,246.0,232.0,204.0,421.0,원피스,,,,,,,,쇼츠·미니 기장,,,,,,,,
images/5ba120889a6529cd798e19025a6baa1c.jpg,train,236.0,188.0,180.0,436.0,코트,,,,,반팔,퍼프 소매,,,,,레귤러핏,,,,,리본|포켓
images/fe661f11c4fc516ece7687d35ed0064f.jpg,train,190.0,355.0,264.0,204.0,원피스,,,,,,,,쇼츠·미니 기장,,,,,,무지|체크,,플리츠|지퍼
images/fe661f11c4fc516ece7687d35ed0064f.jpg,train,247.0,188.0,177.0,244.0,니트,,,,,긴팔,기본 소매,크롭 기장,,,피터팬 칼라,슬림핏,,,무지,니트,
images/c6532bf8142dfca0b6ca07e641c4d313.jpg,train,183.0,288.0,294.0,397.0,원피스,,,,,반팔,퍼프 소매,,무릎 기장,,셔츠 칼라,,,X라인,도트|스트라이프|그래픽,,플리츠|단추|리본
images/d02b1836c3a4a17e20917cce162491c0.jpg,train,295.0,335.0,206.0,233.0,스커트,,,,,,,,쇼츠·미니 기장,,,,플레어핏,,무지,,플리츠
images/d02b1836c3a4a17e20917cce162491c0.jpg,train,165.0,88.0,257.0,365.0,티셔츠,,,,,긴팔,기본 소매,,,라운드넥,,레귤러핏,,,그래픽,,
images/7a8ebac101ca5d158f5662e49552a944.jpg,train,320.0,354.0,104.0,129.0,탑,,,,,,,크롭 기장,,홀터넥,,슬림핏,,,무지,,
images/7a8ebac101ca5d158f5662e49552a944.jpg,train,272.0,533.0,155.0,142.0,쇼츠,,,,,,,,쇼츠·미니 기장,,,,,,무지,,포켓
images/7a8ebac101ca5d158f5662e49552a944.jpg,train,204.0,349.0,244.0,343.0,코트,,,,,긴팔,,,,,,여유핏,,,무지,,
images/c4c29cbfa2715aee6d6ff6a1d7dcb8cd.jpg,train,388.0,284.0,103.0,192.0,탑,,,,,,,크롭 기장,,V넥,,레귤러핏,,,무지,,
images/c4c29cbfa2715aee6d6ff6a1d7dcb8cd.jpg,train,315.0,250.0,214.0,446.0,가디건,,,,,,,,,,칼라 없음,오버핏,,,무지,니트,단추
images/c4c29cbfa2715aee6d6ff6a1d7dcb8cd.jpg,train,337.0,470.0,148.0,294.0,청바지,,,,,,,,롱·긴바지 기장,,,,와이드핏,,무지,데님,
images/f157d837f4d18c124c2c2f17b267f76d.jpg,train,265.0,237.0,97.0,176.0,탑,,,,,,,크롭 기장,,스퀘어넥,,슬림핏,,,무지,,
images/f157d837f4d18c124c2c2f17b267f76d.jpg,train,191.0,168.0,247.0,393.0,셔츠,,,,,긴팔,기본 소매,,,,칼라 없음,레귤러핏,,,플로럴,,단추
images/f157d837f4d18c124c2c2f17b267f76d.jpg,train,251.0,410.0,148.0,466.0,팬츠,,,,,,,,롱·긴바지 기장,,,,슬림핏,,무지,,
images/ece99c6f98d2a711d94c11bb54cce29f.jpg,train,369.0,279.0,164.0,428.0,원피스,,,,,,,,쇼츠·미니 기장,,,,,비대칭,무지,,스팽글|지퍼
images/5e2a6a7db0585dcc528be8b8f19e19ce.jpg,train,444.0,280.0,364.0,362.0,원피스,,,,,반팔,퍼프 소매,,,,,,,,도트,,지퍼|리본
images/da67d605bfb44db7e4fb017bf185a9c0.jpg,train,317.0,509.0,107.0,315.0,팬츠,,,,,,,,미디·7부 기장,,,,,,무지,,
images/da67d605bfb44db7e4fb017bf185a9c0.jpg,train,338.0,178.0,84.0,348.0,티셔츠,,,,,,,기본 기장,,터틀넥,,레귤러핏,,,무지,,
images/da67d605bfb44db7e4fb017bf185a9c0.jpg,train,226.0,214.0,274.0,414.0,코트,,,,,긴팔,기본 소매,,,,,레귤러핏,,,애니멀,,단추|포켓
images/e0bab2bc6514fdea20b52c7eaf1b1b48.jpg,train,209.0,191.0,311.0,347.0,셔츠,,,,,반팔,퍼프 소매,,,,셔츠 칼라,레귤러핏,,,스트라이프,,단추|리본
images/e0bab2bc6514fdea20b52c7eaf1b1b48.jpg,train,184.0,520.0,270.0,502.0,팬츠,,,,,,,,,,,,,,무지,,포켓|벨트
images/3a6bc25c6031d4761d6159a26bea560f.jpg,val_train_split,270.0,672.0,266.0,161.0,쇼츠,,,,,,,,쇼츠·미니 기장,,,,,,무지,,포켓
images/3a6bc25c6031d4761d6159a26bea560f.jpg,val_train_split,243.0,247.0,317.0,442.0,셔츠,,,,,반팔,캡 소매,기본 기장,,,,슬림핏,,,무지,,플리츠|단추|프릴·러플
images/f7ddb83b56ae2596ba2b0c84dd8ca713.jpg,val_train_split,706.0,131.0,270.0,349.0,원피스,,,,,,,,,홀터넥,,,,,무지,,플리츠|지퍼
images/85c6f78ac29e8ea2ed35bd45d746e768.jpg,train,263.0,173.0,249.0,239.0,티셔츠,,,,,반팔,래글런 소매,크롭 기장,,,,레귤러핏,,,,,
images/85c6f78ac29e8ea2ed35bd45d746e768.jpg,train,262.0,162.0,244.0,204.0,티셔츠,,,,,반팔,래글런 소매,,,,,레귤러핏,,,무지,,리본
images/85c6f78ac29e8ea2ed35bd45d746e768.jpg,train,234.0,386.0,238.0,199.0,쇼츠,,,,,,,,쇼츠·미니 기장,,,,,,무지,,포켓|벨트
images/0dd4ea8d003fce3c4552ce15f0aa207b.jpg,train,143.0,274.0,452.0,567.0,가디건,,,,,긴팔,기본 소매,기본 기장,,,,여유핏,,,스트라이프,니트,벨트
images/0dd4ea8d003fce3c4552ce15f0aa207b.jpg,train,182.0,297.0,131.0,412.0,티셔츠,,,,,,,크롭 기장,,,,슬림핏,,,무지,,
images/0dd4ea8d003fce3c4552ce15f0aa207b.jpg,train,138.0,708.0,243.0,315.0,팬츠,,,,,,,,,,,,,,무지,,
images/33aa764351d1d76714c374c135ff95cf.jpg,train,351.0,359.0,321.0,587.0,원피스,,,,,,,,쇼츠·미니 기장,,,,,A라인,애니멀,,벨트
images/b9a8a521309d7846b35176c1f4edd507.jpg,train,408.0,231.0,294.0,393.0,원피스,,,,,,,,,스퀘어넥,,,,A라인,무지,,
images/1c3fcb2bd0b79c80c7548de563a52595.jpg,val_train_split,266.0,677.0,230.0,345.0,팬츠,,,,,,,,롱·긴바지 기장,,,,스트레이트핏,H라인,무지,,
images/1c3fcb2bd0b79c80c7548de563a52595.jpg,val_train_split,253.0,292.0,268.0,438.0,원피스,,,,,,,,쇼츠·미니 기장,,,,,,체크,,지퍼|프릴·러플
images/5d05c443e16f0ee61b401ce28518eac7.jpg,val_train_split,709.0,185.0,224.0,256.0,원피스,,,,,,,,쇼츠·미니 기장,라운드넥,,,,A라인,그래픽|도트,,플리츠|벨트
images/df140c22800e952c9c9616a931623dd3.jpg,val_train_split,54.0,348.0,480.0,613.0,스커트,,,,,,,,롱·긴바지 기장,,,,,,무지,,플리츠
images/df140c22800e952c9c9616a931623dd3.jpg,val_train_split,167.0,176.0,193.0,215.0,티셔츠,,,,,반팔,캡 소매,크롭 기장,,보트넥,,슬림핏,,,무지,,
images/38db94e2ef4b3f8a2d266060a44650c2.jpg,val_train_split,279.0,293.0,102.0,312.0,점프수트,,,,,,,,쇼츠·미니 기장,,,레귤러핏,,,스트라이프,,
images/38db94e2ef4b3f8a2d266060a44650c2.jpg,val_train_split,261.0,231.0,215.0,505.0,가디건,,,,,긴팔,,,,,,여유핏,,,체크,니트,
images/9ca487eaceafe6a1514b733d26de52cc.jpg,val_train_split,198.0,264.0,211.0,519.0,점프수트,,,,,반팔,,,미디·7부 기장,,,레귤러핏,,,플로럴,,포켓
images/6068fa99f399013d061803aad11bce2f.jpg,train,74.0,170.0,379.0,839.0,원피스,,,,,,,,롱·긴바지 기장,스퀘어넥,,,,A라인,무지,,
images/ab7819a4da9aeb49e1638dfd00ab1ea3.jpg,train,171.0,278.0,306.0,706.0,점프수트,,,,,,,,쇼츠·미니 기장,라운드넥,,슬림핏,,,무지,,지퍼
images/6bc317fa437e1068ffe800e980e7b502.jpg,train,164.0,518.0,332.0,426.0,재킷,,,,,긴팔,기본 소매,기본 기장,,,라펠 칼라,여유핏,,,무지,가죽,지퍼|포켓|벨트
images/6bc317fa437e1068ffe800e980e7b502.jpg,train,260.0,790.0,143.0,233.0,팬츠,,,,,,,,,,,,슬림핏,,무지,,
images/2229622e5ebea23cfae450132099d1e5.jpg,train,217.0,407.0,225.0,388.0,스커트,,,,,,,,미디·7부 기장,,,,,A라인,,,지퍼
images/2229622e5ebea23cfae450132099d1e5.jpg,train,199.0,220.0,225.0,174.0,탑,,,,,반팔,퍼프 소매,크롭 기장,,,,슬림핏,,,,,
images/47d51534ec82140d43dc3cc9df25b4ff.jpg,train,430.0,229.0,357.0,450.0,원피스,,,,,긴팔,기본 소매,,,,폴로 칼라,,,,무지,니트,
images/2a13a03e7b74ed9ffee2345f9216b307.jpg,train,190.0,359.0,284.0,283.0,스커트,,,,,,,,쇼츠·미니 기장,,,,플레어핏,,무지,,플리츠|포켓
images/2a13a03e7b74ed9ffee2345f9216b307.jpg,train,199.0,152.0,220.0,298.0,티셔츠,,,,,긴팔,,크롭 기장,,터틀넥,,슬림핏,,,무지,,
images/2a13a03e7b74ed9ffee2345f9216b307.jpg,train,196.0,171.0,226.0,262.0,블레이저,,,,,긴팔,기본 소매,크롭 기장,,,라펠 칼라,레귤러핏,,,무지,,지퍼|포켓
images/eb214a887113aeae8902116d5ebcb84a.jpg,val_train_split,205.0,224.0,287.0,383.0,원피스,,,,,반팔,,,쇼츠·미니 기장,보트넥,,,,,무지,,지퍼|리본|프릴·러플
images/5080642dd73473d7a4bb9fe4b7799a99.jpg,train,183.0,187.0,106.0,188.0,탑,,,,,,,크롭 기장,,라운드넥,,레귤러핏,,,무지,,
images/5080642dd73473d7a4bb9fe4b7799a99.jpg,train,157.0,350.0,153.0,370.0,스커트,,,,,,,,무릎 기장,,,,스트레이트핏,H라인,무지,,지퍼
images/5080642dd73473d7a4bb9fe4b7799a99.jpg,train,106.0,163.0,303.0,406.0,재킷,,,,,긴팔,래글런 소매,,,,,여유핏,,,무지,,지퍼
images/933cecdb18e436a63a70f9e533226eb2.jpg,train,48.0,103.0,634.0,597.0,티셔츠,,,,,긴팔,기본 소매,,,터틀넥,,슬림핏,,,무지,,
images/933cecdb18e436a63a70f9e533226eb2.jpg,train,231.0,654.0,314.0,321.0,쇼츠,,,,,,,,쇼츠·미니 기장,,,,,,무지,,포켓|지퍼
images/a9ec1fc0010fbd2868c23827d8771367.jpg,train,467.0,158.0,121.0,293.0,원피스,,,,,,,,쇼츠·미니 기장,,,,,,,,지퍼
images/a9ec1fc0010fbd2868c23827d8771367.jpg,train,459.0,139.0,126.0,183.0,재킷,,,,,,,크롭 기장,,라운드넥,,슬림핏,,,애니멀,가죽,지퍼
images/f70c9f890ef6df21aff3b8222f30c9d6.jpg,val_train_split,324.0,270.0,243.0,610.0,원피스,,,,,,,,롱·긴바지 기장,홀터넥,,,,,체크,,지퍼
images/cf2ae8d5fa47f5a495427ab35d4856da.jpg,train,234.0,200.0,179.0,482.0,원피스,,,,,,,,무릎 기장,스퀘어넥,,,,H라인,,,지퍼
images/52f3223751a31ed65e41dd146effbe33.jpg,train,108.0,272.0,367.0,271.0,티셔츠,,,,,긴팔,퍼프 소매,크롭 기장,,라운드넥,,오버핏,,,무지,,
images/52f3223751a31ed65e41dd146effbe33.jpg,train,222.0,472.0,145.0,412.0,팬츠,,,,,,,,롱·긴바지 기장,,,,스트레이트핏,H라인,무지,,지퍼
images/97065b2da26bf0273624dbbf07fe78ef.jpg,val_train_split,347.0,186.0,104.0,408.0,티셔츠,,,,,,,크롭 기장,,터틀넥,,레귤러핏,,,무지,,
images/97065b2da26bf0273624dbbf07fe78ef.jpg,val_train_split,257.0,587.0,246.0,436.0,팬츠,,,,,,,,,,,,,,무지,,
images/97065b2da26bf0273624dbbf07fe78ef.jpg,val_train_split,191.0,215.0,460.0,748.0,코트,,,,,긴팔,기본 소매,,,,라펠 칼라,여유핏,,,무지,,단추|포켓
images/4defe832378eacb48d9ea03a37fd71c9.jpg,train,204.0,285.0,218.0,194.0,티셔츠,,,,,7부 소매,벌룬 소매,,,보트넥,,오버핏,,,무지,,
images/4defe832378eacb48d9ea03a37fd71c9.jpg,train,198.0,401.0,200.0,175.0,스커트,,,,,,,,쇼츠·미니 기장,,,,,A라인,체크,,
images/4defe832378eacb48d9ea03a37fd71c9.jpg,train,147.0,270.0,278.0,491.0,코트,,,,,긴팔,기본 소매,,,,라펠 칼라,레귤러핏,,,체크,,단추
images/108d70b8e13d911d7f7390b2748d94fc.jpg,train,473.0,408.0,64.0,35.0,스커트,,,,,,,,쇼츠·미니 기장,,,,,A라인,무지,,
images/108d70b8e13d911d7f7390b2748d94fc.jpg,train,445.0,253.0,125.0,129.0,블레이저,,,,,7부 소매,퍼프 소매,크롭 기장,,,라펠 칼라,레귤러핏,,,무지,,
images/108d70b8e13d911d7f7390b2748d94fc.jpg,train,484.0,275.0,49.0,136.0,탑,,,,,,,크롭 기장,,V넥,,레귤러핏,,,무지,,
images/f715b62b1aa5ca9aa78e269454c0c3b3.jpg,train,242.0,167.0,258.0,390.0,원피스,,,,,7부 소매,벨 소매,,쇼츠·미니 기장,,,,,비대칭,무지,,벨트
images/8836b18c388948474261f9f1c8ab6103.jpg,val_train_split,442.0,430.0,132.0,251.0,팬츠,,,,,,,,,,,,슬림핏,,무지,,
images/8836b18c388948474261f9f1c8ab6103.jpg,val_train_split,407.0,259.0,181.0,166.0,탑,,,,,반팔,래글런 소매,크롭 기장,,터틀넥,,레귤러핏,,,도트,,리본
images/d5f9dfa42ec399c5a735ff1778ab6852.jpg,train,261.0,432.0,210.0,481.0,탑,,,,,,,크롭 기장,,V넥,,레귤러핏,,,플로럴,,벨트
images/d5f9dfa42ec399c5a735ff1778ab6852.jpg,train,177.0,353.0,503.0,605.0,재킷,,,,,긴팔,기본 소매,크롭 기장,,,라펠 칼라,레귤러핏,,,체크,,지퍼|단추
images/ca24646945a5bae5edf15ddfd56f4cc2.jpg,train,306.0,587.0,193.0,363.0,청바지,,,,,,,,롱·긴바지 기장,,,,슬림핏,,무지,데님,포켓
images/ca24646945a5bae5edf15ddfd56f4cc2.jpg,train,283.0,280.0,242.0,330.0,재킷,,,,,긴팔,기본 소매,크롭 기장,,,,레귤러핏,,,카모,,지퍼|포켓|후드
images/68c21788d2af7fcee35ce63398d8af27.jpg,train,263.0,263.0,281.0,405.0,티셔츠,,,,,반팔,퍼프 소매,기본 기장,,라운드넥,,슬림핏,,,무지,,리본|벨트
images/68c21788d2af7fcee35ce63398d8af27.jpg,train,320.0,641.0,240.0,232.0,팬츠,,,,,,,,,,,,슬림핏,,무지,,
images/8c7acc499a79680e2a87687fb30bcb76.jpg,train,161.0,203.0,163.0,217.0,티셔츠,,,,,,,크롭 기장,,,,레귤러핏,,,그래픽,,
images/8c7acc499a79680e2a87687fb30bcb76.jpg,train,153.0,415.0,175.0,165.0,쇼츠,,,,,,,,쇼츠·미니 기장,,,,,,무지,,벨트
images/79f50b74e14011697c071c72d7a09edf.jpg,train,319.0,476.0,155.0,437.0,팬츠,,,,,,,,롱·긴바지 기장,,,,,,무지,,포켓
images/79f50b74e14011697c071c72d7a09edf.jpg,train,276.0,285.0,152.0,210.0,탑,,,,,,,크롭 기장,,스퀘어넥,,슬림핏,,,무지,,
images/92f30eba69b0390ae4f0ae0a869a4051.jpg,val_train_split,413.0,572.0,259.0,281.0,티셔츠,,,,,,,,,,,,,,무지,,
images/92f30eba69b0390ae4f0ae0a869a4051.jpg,val_train_split,413.0,268.0,358.0,554.0,원피스,,,,,반팔,래글런 소매,,쇼츠·미니 기장,라운드넥,,,,,무지,니트,
images/62efa4adc38540e0ddccd92d5838331f.jpg,val_train_split,262.0,409.0,155.0,340.0,원피스,,,,,,,,무릎 기장,,,,,,무지,,지퍼
images/62efa4adc38540e0ddccd92d5838331f.jpg,val_train_split,266.0,175.0,161.0,216.0,원피스,,,,,,,,,스퀘어넥,,,,,무지,,
images/bcd254673961306afc02b518ba4f654d.jpg,val_train_split,301.0,371.0,170.0,541.0,원피스,,,,,긴팔,벨 소매,,무릎 기장,,,,,비대칭,무지,니트,
images/d9ddf27947cb58322edbe2eff0ffe956.jpg,val_train_split,567.0,309.0,406.0,372.0,탑,,,,,7부 소매,,크롭 기장,,오프숄더,,오버핏,,,,,플리츠
images/b89a147b7e589c9ef33eb56ba9056117.jpg,train,262.0,399.0,299.0,544.0,원피스,,,,,반팔,벨 소매,,롱·긴바지 기장,,,,,,무지,,리본|프릴·러플
images/3c7e85cdad1bd940998be2a0b59b5d52.jpg,train,244.0,186.0,169.0,349.0,탑,,,,,,,,,,,레귤러핏,,,그래픽,,벨트
images/3c7e85cdad1bd940998be2a0b59b5d52.jpg,train,251.0,368.0,178.0,461.0,스커트,,,,,,,,무릎 기장,,,,,,무지,,
images/9db65333bc1bce743bf0e49bceb00f1d.jpg,train,289.0,349.0,166.0,365.0,탑,,,,,,,,,보트넥,,여유핏,,,도트,,
images/9db65333bc1bce743bf0e49bceb00f1d.jpg,train,297.0,575.0,115.0,301.0,팬츠,,,,,,,,롱·긴바지 기장,,,,,,무지,,
images/a2763ffc815052c7fdabe9d6ef85f53f.jpg,train,201.0,778.0,189.0,163.0,쇼츠,,,,,,,,쇼츠·미니 기장,,,,슬림핏,,무지,,
images/a2763ffc815052c7fdabe9d6ef85f53f.jpg,train,153.0,337.0,247.0,458.0,탑,,,,,,,크롭 기장,,,,슬림핏,,,무지,,
images/a2763ffc815052c7fdabe9d6ef85f53f.jpg,train,268.0,544.0,235.0,448.0,가디건,,,,,긴팔,,기본 기장,,,,레귤러핏,,,무지|도트,니트,
images/a2763ffc815052c7fdabe9d6ef85f53f.jpg,train,60.0,405.0,155.0,421.0,가디건,,,,,긴팔,,기본 기장,,,,레귤러핏,,,무지|도트,니트,
images/9617e9fa0995040269682d57508f8a95.jpg,train,176.0,484.0,163.0,388.0,팬츠,,,,,,,,롱·긴바지 기장,,,,,,무지|그래픽,,
images/9617e9fa0995040269682d57508f8a95.jpg,train,146.0,188.0,237.0,412.0,탑,,,,,긴팔,기본 소매,,,V넥,,여유핏,,,무지,,
images/a9deeb7d68fa5dcf04eae016ff59a490.jpg,train,233.0,365.0,213.0,256.0,스커트,,,,,,,,쇼츠·미니 기장,,,,,A라인,무지,,
images/a9deeb7d68fa5dcf04eae016ff59a490.jpg,train,248.0,241.0,199.0,158.0,탑,,,,,반팔,,,,스퀘어넥,,여유핏,,,무지,,리본
images/4f25f753d41d6273b3ee12ff3d2b2356.jpg,train,99.0,272.0,404.0,569.0,니트,,,,,긴팔,래글런 소매,크롭 기장,,,,레귤러핏,,,무지,니트,
images/4f25f753d41d6273b3ee12ff3d2b2356.jpg,train,94.0,811.0,326.0,191.0,쇼츠,,,,,,,,쇼츠·미니 기장,,,,,,무지,,포켓
images/39da74d25cec0275554a27fec9db829a.jpg,train,447.0,295.0,283.0,241.0,셔츠,,,,,7부 소매,,기본 기장,,,셔츠 칼라,여유핏,,,플로럴,,단추
images/39da74d25cec0275554a27fec9db829a.jpg,train,498.0,485.0,121.0,78.0,쇼츠,,,,,,,,쇼츠·미니 기장,,,,,,무지,,포켓
images/5d30cda17620c05c3ac99e39e9b1e6ea.jpg,train,276.0,248.0,565.0,670.0,코트,,,,,긴팔,기본 소매,,,,,여유핏,,,무지,퍼·플리스,
images/5d30cda17620c05c3ac99e39e9b1e6ea.jpg,train,431.0,272.0,364.0,715.0,원피스,,,,,긴팔,기본 소매,,쇼츠·미니 기장,,,,,,,,지퍼|리본
images/d74119f442e1abfd01b1cd93f04b6c88.jpg,train,188.0,253.0,272.0,433.0,원피스,,,,,,,,쇼츠·미니 기장,,,,,X라인,플로럴|애니멀,,플리츠|지퍼
images/dfabd7af3cb2e526e4c55d0d60e059c4.jpg,train,170.0,243.0,296.0,504.0,코트,,,,,7부 소매,퍼프 소매,,,,,레귤러핏,,,무지,,단추|지퍼|포켓
images/dfabd7af3cb2e526e4c55d0d60e059c4.jpg,train,259.0,215.0,104.0,432.0,셔츠,,,,,,,,,,셔츠 칼라,레귤러핏,,,무지,,지퍼
images/1a0523bea9f0efa00adb1279e6d1229e.jpg,train,111.0,301.0,484.0,722.0,점프수트,,,,,반팔,기본 소매,,,,라펠 칼라,레귤러핏,,,도트,,리본|벨트
images/f30e3a374309519194229b8153c51588.jpg,train,191.0,316.0,369.0,707.0,원피스,,,,,반팔,캡 소매,,,,,,,H라인,체크,,지퍼
images/04de26fbf467aad7175cfa5b820690e1.jpg,train,746.0,91.0,158.0,299.0,원피스,,,,,,,,쇼츠·미니 기장,,스탠드 칼라,,,A라인,무지,,지퍼
images/5d47c3ef3e7f05bbcf431ce8c3c63671.jpg,train,310.0,166.0,193.0,395.0,니트,,,,,긴팔,,기본 기장,,터틀넥,,여유핏,,,무지,니트,
images/5d47c3ef3e7f05bbcf431ce8c3c63671.jpg,train,300.0,467.0,263.0,354.0,팬츠,,,,,,,,미디·7부 기장,,,,와이드핏,,무지,,
images/660d4d3b442d9ff0d66c42d4b80c3c71.jpg,val_train_split,139.0,621.0,339.0,402.0,팬츠,,,,,,,,,,,,,,애니멀,,
images/660d4d3b442d9ff0d66c42d4b80c3c71.jpg,val_train_split,129.0,228.0,515.0,449.0,티셔츠,,,,,반팔,,크롭 기장,,,,여유핏,,비대칭,무지,,리본
images/db5cf1bae5752de53173702d44857e2b.jpg,train,119.0,197.0,254.0,654.0,원피스,,,,,반팔,기본 소매,,롱·긴바지 기장,V넥,,,,,체크,,지퍼
images/3820440e69500d7e6611486f6235dad6.jpg,train,293.0,485.0,219.0,422.0,팬츠,,,,,,,,,,,,슬림핏,,무지,,포켓
images/3820440e69500d7e6611486f6235dad6.jpg,train,243.0,180.0,236.0,359.0,재킷,,,,,긴팔,기본 소매,크롭 기장,,,셔츠 칼라,레귤러핏,,,무지,,지퍼|포켓
images/3820440e69500d7e6611486f6235dad6.jpg,train,286.0,288.0,106.0,218.0,탑,,,,,,,크롭 기장,,,,슬림핏,,,무지,,
images/3820440e69500d7e6611486f6235dad6.jpg,train,252.0,210.0,162.0,326.0,가디건,,,,,긴팔,,크롭 기장,,,칼라 없음,,,,무지,니트,단추|지퍼
images/ef85ec5f5da20fa3d4b87f1af3ef1fee.jpg,train,364.0,317.0,172.0,262.0,탑,,,,,,,기본 기장,,,,레귤러핏,,,무지,,
images/ef85ec5f5da20fa3d4b87f1af3ef1fee.jpg,train,364.0,554.0,172.0,440.0,팬츠,,,,,,,,롱·긴바지 기장,,,,,,무지,,
images/ef85ec5f5da20fa3d4b87f1af3ef1fee.jpg,train,309.0,228.0,270.0,532.0,가디건,,,,,긴팔,,,,,,오버핏,,,무지,니트,
images/48e1a91d4fcd62e883ed4d778be451e1.jpg,train,141.0,218.0,449.0,729.0,원피스,,,,,,,,롱·긴바지 기장,보트넥,,,,X라인,플로럴,,지퍼|프릴·러플
images/337214e33e99f23deddd67954b1892bc.jpg,train,195.0,210.0,426.0,452.0,원피스,,,,,반팔,캡 소매,,무릎 기장,V넥,,,,X라인,무지,,지퍼|벨트
images/84b525b50c91249e70c12858bb07cf9e.jpg,val_train_split,455.0,366.0,102.0,193.0,팬츠,,,,,,,,롱·긴바지 기장,,,,스트레이트핏,H라인,무지,,
images/84b525b50c91249e70c12858bb07cf9e.jpg,val_train_split,426.0,143.0,164.0,227.0,재킷,,,,,긴팔,기본 소매,기본 기장,,,,여유핏,,,무지,,후드
images/58a1ee0da126b14cf3e57150449a5ed7.jpg,train,249.0,409.0,282.0,614.0,원피스,,,,,,,,,,,,,비대칭,스트라이프,,지퍼|프릴·러플
images/8005098ee4c56a34e0131fea48e10891.jpg,val_train_split,558.0,269.0,101.0,148.0,탑,,,,,,,,,,,레귤러핏,,,플로럴,,
images/8005098ee4c56a34e0131fea48e10891.jpg,val_train_split,540.0,238.0,201.0,276.0,가디건,,,,,긴팔,기본 소매,크롭 기장,,,,레귤러핏,,,무지,니트,단추
images/8005098ee4c56a34e0131fea48e10891.jpg,val_train_split,506.0,400.0,208.0,222.0,스커트,,,,,,,,쇼츠·미니 기장,,,,플레어핏,,무지,,플리츠
images/bc30b49c293381de47bb73f3f284c65c.jpg,train,230.0,232.0,301.0,642.0,원피스,,,,,,벨 소매,,롱·긴바지 기장,,,,,,무지,,지퍼
images/13fb090b0dd3a267c759d0f34d9ea031.jpg,train,274.0,271.0,296.0,498.0,블레이저,,,,,긴팔,퍼프 소매,크롭 기장,,,라펠 칼라,슬림핏,,,도트,,
images/13fb090b0dd3a267c759d0f34d9ea031.jpg,train,307.0,399.0,199.0,410.0,점프수트,,,,,,,,쇼츠·미니 기장,,,레귤러핏,,,무지,,
images/507029b509079324e9e4d0f4bd749b31.jpg,val_train_split,198.0,200.0,153.0,179.0,탑,,,,,,,크롭 기장,,라운드넥,,슬림핏,,,무지,,플리츠
images/507029b509079324e9e4d0f4bd749b31.jpg,val_train_split,129.0,395.0,277.0,582.0,스커트,,,,,,,,롱·긴바지 기장,,,,,A라인,플로럴,,
images/d7ef7d4091d99c2dc6bc8b6eb3a2d2dc.jpg,train,242.0,280.0,225.0,555.0,원피스,,,,,,,,미디·7부 기장,라운드넥,,,,,애니멀,,플리츠|지퍼|벨트
images/9b649e2db86a8f2814c5232431bf3bc2.jpg,train,204.0,232.0,260.0,475.0,원피스,,,,,7부 소매,,,쇼츠·미니 기장,스퀘어넥,,,,H라인,스트라이프,,지퍼|벨트
images/a20a1c144032ec38c00201c5feb73c9d.jpg,val_train_split,369.0,556.0,147.0,139.0,스커트,,,,,,,,쇼츠·미니 기장,,,,,,무지,,
images/a20a1c144032ec38c00201c5feb73c9d.jpg,val_train_split,360.0,486.0,157.0,118.0,셔츠,,,,,긴팔,기본 소매,,,,셔츠 칼라,,,,체크,,단추
images/a20a1c144032ec38c00201c5feb73c9d.jpg,val_train_split,376.0,389.0,104.0,113.0,탑,,,,,,,,,터틀넥,,슬림핏,,,무지,,
images/0608e3ea22d604afc9b4a2adc4e55ac5.jpg,train,336.0,620.0,136.0,100.0,쇼츠,,,,,,,,쇼츠·미니 기장,,,,,,무지,,포켓
images/0608e3ea22d604afc9b4a2adc4e55ac5.jpg,train,312.0,446.0,169.0,188.0,티셔츠,,,,,긴팔,,크롭 기장,,라운드넥,,레귤러핏,,,그래픽,,
images/8b16bd100fe20f6cf01f9e62895593b8.jpg,train,279.0,372.0,170.0,289.0,점프수트,,,,,7부 소매,벨 소매,,쇼츠·미니 기장,라운드넥,,레귤러핏,,,플로럴,,벨트
images/ee3824a91d5f9734e9654d1d40fb9c16.jpg,train,119.0,803.0,261.0,220.0,스커트,,,,,,,,,,,,스트레이트핏,H라인,무지,,
images/ee3824a91d5f9734e9654d1d40fb9c16.jpg,train,75.0,536.0,508.0,325.0,탑,,,,,반팔,벌룬 소매,,,,,여유핏,,,무지,,리본
images/397210032c8dfcb433d72597cb5ca662.jpg,train,246.0,270.0,230.0,270.0,티셔츠,,,,,긴팔,기본 소매,,,보트넥,,레귤러핏,,,애니멀,,
images/397210032c8dfcb433d72597cb5ca662.jpg,train,236.0,391.0,213.0,268.0,스커트,,,,,,,,쇼츠·미니 기장,,,,플레어핏,,,,
images/db22d8b008da398035251bd6661ef1e2.jpg,train,214.0,239.0,251.0,471.0,원피스,,,,,,,,무릎 기장,보트넥,,,,X라인,무지,,지퍼
images/55a908ba6043d1970648df5df8094760.jpg,train,195.0,220.0,281.0,273.0,티셔츠,,,,,반팔,,크롭 기장,,라운드넥,,레귤러핏,,,카모,,리본
images/55a908ba6043d1970648df5df8094760.jpg,train,221.0,420.0,197.0,198.0,스커트,,,,,,,,쇼츠·미니 기장,,,,스트레이트핏,H라인,무지,,
images/0f4688d574f3f48357eee7955529a4e7.jpg,train,265.0,608.0,146.0,100.0,스커트,,,,,,,,쇼츠·미니 기장,,,,스트레이트핏,H라인,무지,,
images/0f4688d574f3f48357eee7955529a4e7.jpg,train,240.0,363.0,201.0,251.0,재킷,,,,,반팔,기본 소매,크롭 기장,,,,슬림핏,,,무지,가죽,지퍼|리본|후드
images/7a216b63af68d5074ad095b5e0390757.jpg,train,433.0,184.0,442.0,529.0,원피스,,,,,긴팔,벨 소매,,롱·긴바지 기장,,,,,,도트|무지,,지퍼
images/257e9c974e0a03b43cd2a442502c6d8a.jpg,train,240.0,297.0,221.0,286.0,탑,,,,,긴팔,퍼프 소매,,,,스탠드 칼라,레귤러핏,,,무지|도트,,
images/257e9c974e0a03b43cd2a442502c6d8a.jpg,train,278.0,466.0,186.0,162.0,쇼츠,,,,,,,,쇼츠·미니 기장,,,,,,무지,,포켓|지퍼
images/5d33aca5fc7686ac902ea675ee60b829.jpg,val_train_split,162.0,308.0,519.0,715.0,원피스,,,,,,,,쇼츠·미니 기장,V넥,,,,X라인,스트라이프,,
images/c1134bae79692530eb573624f957f863.jpg,train,281.0,325.0,194.0,396.0,원피스,,,,,,,,무릎 기장,,,,,X라인,무지,,지퍼
images/f2f788dc445cc1fb9727ccd053280a03.jpg,train,366.0,122.0,280.0,503.0,원피스,,,,,7부 소매,,,롱·긴바지 기장,,스탠드 칼라,,,,,,지퍼|벨트
images/fe27395fcf28bc78dd46fe4e2f23eff0.jpg,train,180.0,275.0,304.0,662.0,원피스,,,,,,,,쇼츠·미니 기장,,,,,X라인,,,
images/987d1275baef8748fa351fad599611f2.jpg,val_train_split,242.0,292.0,234.0,275.0,셔츠,,,,,반팔,퍼프 소매,크롭 기장,,,셔츠 칼라,슬림핏,,,무지,,플리츠|포켓
images/987d1275baef8748fa351fad599611f2.jpg,val_train_split,194.0,527.0,286.0,306.0,청바지,,,,,,,,,,,,슬림핏,,무지,데님,포켓
images/594a6ed4683cf7d55a760e3ddc5b9b11.jpg,train,238.0,198.0,287.0,458.0,코트,,,,,긴팔,기본 소매,,,,라펠 칼라,레귤러핏,,,무지,,단추
images/594a6ed4683cf7d55a760e3ddc5b9b11.jpg,train,271.0,204.0,133.0,226.0,셔츠,,,,,,,,,,스탠드 칼라,레귤러핏,,,도트,,단추|포켓
images/594a6ed4683cf7d55a760e3ddc5b9b11.jpg,train,245.0,416.0,199.0,464.0,팬츠,,,,,,,,롱·긴바지 기장,,,,스트레이트핏,H라인,무지,,포켓
images/773c1e5599f0f329c8f3bfb03f648267.jpg,val_train_split,239.0,679.0,258.0,344.0,팬츠,,,,,,,,,,,,슬림핏,,무지,,
images/773c1e5599f0f329c8f3bfb03f648267.jpg,val_train_split,369.0,507.0,209.0,416.0,재킷,,,,,,,크롭 기장,,,,,,,무지,,단추
images/773c1e5599f0f329c8f3bfb03f648267.jpg,val_train_split,190.0,329.0,297.0,370.0,티셔츠,,,,,긴팔,래글런 소매,크롭 기장,,,,레귤러핏,,,무지,,
images/cc9334863dfd42ab37327fc443a0e9fc.jpg,train,117.0,180.0,306.0,357.0,재킷,,,,,긴팔,기본 소매,크롭 기장,,,,레귤러핏,,,무지,,지퍼
images/cc9334863dfd42ab37327fc443a0e9fc.jpg,train,221.0,196.0,132.0,337.0,폴로 셔츠,,,,,,,크롭 기장,,,폴로 칼라,레귤러핏,,,무지,,포켓
images/cc9334863dfd42ab37327fc443a0e9fc.jpg,train,182.0,517.0,187.0,421.0,팬츠,,,,,,,,롱·긴바지 기장,,,,스트레이트핏,H라인,무지,,포켓
images/71b5707e126ce567cd3a6b8cee1dee9c.jpg,train,71.0,236.0,356.0,715.0,원피스,,,,,,,,쇼츠·미니 기장,홀터넥,,,,A라인,무지,,지퍼|프릴·러플
images/2c49ad5cb73748216e555afaa2ed400f.jpg,val_train_split,184.0,158.0,295.0,357.0,재킷,,,,,긴팔,기본 소매,크롭 기장,,,스탠드 칼라,레귤러핏,,,무지,,지퍼
images/2c49ad5cb73748216e555afaa2ed400f.jpg,val_train_split,240.0,499.0,197.0,286.0,팬츠,,,,,,,,미디·7부 기장,,,,슬림핏,,무지,,
images/6062ff4de55a7e6ea467bdef2a0e9b86.jpg,train,423.0,137.0,71.0,130.0,셔츠,,,,,,,,,,스탠드 칼라,슬림핏,,,무지,,단추
images/6062ff4de55a7e6ea467bdef2a0e9b86.jpg,train,392.0,143.0,159.0,342.0,점프수트,,,,,,,,쇼츠·미니 기장,,라펠 칼라,레귤러핏,,H라인,무지,,단추|포켓
images/76c54e48ba036266ac0fa5eb72ff562d.jpg,train,203.0,202.0,235.0,426.0,코트,,,,,긴팔,기본 소매,,,,,슬림핏,,,무지,,포켓
images/76c54e48ba036266ac0fa5eb72ff562d.jpg,train,229.0,265.0,175.0,656.0,점프수트,,,,,,,,롱·긴바지 기장,,,여유핏,,,무지,,
images/9b3fc542b001d2f2b97489776e98eda1.jpg,train,175.0,407.0,285.0,320.0,재킷,,,,,긴팔,기본 소매,크롭 기장,,,,레귤러핏,,,,,지퍼|후드
images/9b3fc542b001d2f2b97489776e98eda1.jpg,train,156.0,638.0,303.0,197.0,팬츠,,,,,,,,롱·긴바지 기장,,,,,,무지,,
images/446fef5f2ac22721683a34fc286bb98a.jpg,val_train_split,372.0,149.0,183.0,278.0,셔츠,,,,,,,크롭 기장,,,,슬림핏,,,무지,,프릴·러플
images/446fef5f2ac22721683a34fc286bb98a.jpg,val_train_split,344.0,403.0,176.0,128.0,쇼츠,,,,,,,,쇼츠·미니 기장,,,,슬림핏,,무지,,포켓
images/3ac12dbf1e95784a36afa2b0ed513b35.jpg,train,20.0,239.0,718.0,765.0,원피스,,,,,반팔,벌룬 소매,,쇼츠·미니 기장,,셔츠 칼라,,,X라인,,,리본
images/bf1146b4ea14cd9944c48a07f9d89d53.jpg,train,288.0,245.0,177.0,247.0,탑,,,,,,,크롭 기장,,,,슬림핏,,,무지,,
images/bf1146b4ea14cd9944c48a07f9d89d53.jpg,train,287.0,471.0,185.0,169.0,스커트,,,,,,,,쇼츠·미니 기장,,,,스트레이트핏,H라인,플로럴,,
images/bf1146b4ea14cd9944c48a07f9d89d53.jpg,train,261.0,199.0,236.0,264.0,가디건,,,,,7부 소매,기본 소매,크롭 기장,,,,슬림핏,,,,니트,단추
images/7aa0e7f2a44f4e0ae473eb1f57e5be4c.jpg,val_train_split,126.0,196.0,336.0,804.0,원피스,,,,,,,,롱·긴바지 기장,,라펠 칼라,,,X라인,무지,,지퍼
images/2c6eba6a479519da48e5c31337236dbc.jpg,train,248.0,193.0,292.0,240.0,티셔츠,,,,,반팔,,크롭 기장,,보트넥,,여유핏,,,무지,,리본
images/2c6eba6a479519da48e5c31337236dbc.jpg,train,288.0,380.0,212.0,337.0,스커트,,,,,,,,무릎 기장,,,,스트레이트핏,H라인,플로럴,,벨트
images/647f79c24762e70e30ee8b0393625bb8.jpg,train,187.0,221.0,249.0,442.0,원피스,,,,,반팔,퍼프 소매,,쇼츠·미니 기장,보트넥,,,,A라인,플로럴,,지퍼
images/f1667a426ae0a29f5f245aa143cd1519.jpg,val_train_split,148.0,274.0,293.0,461.0,원피스,,,,,긴팔,기본 소매,,쇼츠·미니 기장,라운드넥,,,,,도트|플로럴,,
images/f138a016f24bc54dcd122b77a1bfd550.jpg,train,182.0,199.0,291.0,338.0,탑,,,,,긴팔,벌룬 소매,,,,,여유핏,,비대칭,무지,,
images/f138a016f24bc54dcd122b77a1bfd550.jpg,train,232.0,367.0,193.0,266.0,스커트,,,,,,,,쇼츠·미니 기장,,,,,,무지,,지퍼
images/856be9a671e8c6a4eca6f3bb392e819e.jpg,train,263.0,433.0,155.0,163.0,원피스,,,,,긴팔,벨 소매,,쇼츠·미니 기장,,,,,,,,지퍼
images/3966661dd5c614b7c5f7125e5b98439f.jpg,train,535.0,324.0,81.0,150.0,탑,,,,,,,크롭 기장,,,,슬림핏,,,무지,,
images/3966661dd5c614b7c5f7125e5b98439f.jpg,train,304.0,260.0,395.0,374.0,재킷,,,,,긴팔,기본 소매,크롭 기장,,,셔츠 칼라,레귤러핏,,,무지,,단추|포켓|후드
images/49740d55501672593a2a02a5f5e68f3b.jpg,train,118.0,670.0,402.0,353.0,스커트,,,,,,,,,,,,,,무지,,플리츠
images/49740d55501672593a2a02a5f5e68f3b.jpg,train,202.0,404.0,199.0,295.0,티셔츠,,,,,,,크롭 기장,,,,슬림핏,,,무지,,
images/49740d55501672593a2a02a5f5e68f3b.jpg,train,58.0,267.0,521.0,616.0,블레이저,,,,,긴팔,퍼프 소매,크롭 기장,,,,레귤러핏,,,무지,,플리츠|단추
images/2c152d39f8561f268aa56ec9759e1bc1.jpg,train,464.0,387.0,210.0,317.0,원피스,,,,,반팔,퍼프 소매,,,,,,,,무지,,지퍼
images/ca9fbdcb9bf5d170867fc50e3900ef04.jpg,train,319.0,288.0,59.0,105.0,탑,,,,,,,크롭 기장,,,,슬림핏,,,무지,,
images/ca9fbdcb9bf5d170867fc50e3900ef04.jpg,train,250.0,393.0,162.0,145.0,스커트,,,,,,,,쇼츠·미니 기장,,,,,A라인,무지,,플리츠
images/ca9fbdcb9bf5d170867fc50e3900ef04.jpg,train,232.0,208.0,246.0,297.0,재킷,,,,,긴팔,기본 소매,크롭 기장,,,라펠 칼라,레귤러핏,,,무지,가죽|스웨이드,지퍼|벨트
images/60fbde9ab5f29225bc5eb435decc06df.jpg,train,99.0,244.0,461.0,328.0,티셔츠,,,,,반팔,퍼프 소매,크롭 기장,,V넥,,슬림핏,,,무지,,플리츠|프릴·러플
images/60fbde9ab5f29225bc5eb435decc06df.jpg,train,180.0,632.0,350.0,391.0,스커트,,,,,,,,,,,,,,애니멀,,지퍼
images/386ec091a0ad3ad1077f8a9057a5843a.jpg,train,274.0,198.0,215.0,442.0,원피스,,,,,7부 소매,퍼프 소매,,쇼츠·미니 기장,,셔츠 칼라,,,,무지,,단추|벨트
images/040b38785f2845a11d51cb46237b4afc.jpg,val_train_split,395.0,199.0,141.0,253.0,원피스,,,,,7부 소매,벨 소매,,쇼츠·미니 기장,라운드넥,,,,A라인,,,지퍼
images/d7b234cbb2e423644e7971b052a47aac.jpg,train,113.0,253.0,358.0,702.0,원피스,,,,,반팔,기본 소매,,무릎 기장,,스탠드 칼라,,,,플로럴,,지퍼|플리츠
images/2765e8af999b261a7503327ac272da7d.jpg,train,377.0,379.0,119.0,250.0,스커트,,,,,,,,쇼츠·미니 기장,,,,스트레이트핏,H라인,스트라이프,,
images/2765e8af999b261a7503327ac272da7d.jpg,train,366.0,200.0,93.0,211.0,티셔츠,,,,,,,크롭 기장,,라운드넥,,레귤러핏,,,무지,,
images/2765e8af999b261a7503327ac272da7d.jpg,train,318.0,168.0,290.0,391.0,코트,,,,,긴팔,,,,,라펠 칼라,여유핏,,,무지,,단추|포켓
images/110d67e8025430d1d69860b65e3a41b3.jpg,train,100.0,269.0,236.0,243.0,니트,,,,,7부 소매,,크롭 기장,,라운드넥,,여유핏,,,무지,니트,
images/110d67e8025430d1d69860b65e3a41b3.jpg,train,114.0,467.0,222.0,215.0,스커트,,,,,,,,쇼츠·미니 기장,,,,플레어핏,,무지,,
images/ca357fccd4de9d655a6847f6cf6c1a02.jpg,train,299.0,150.0,255.0,331.0,니트,,,,,긴팔,래글런 소매,기본 기장,,라운드넥,,레귤러핏,,,무지,니트,
images/d4d968df0e4d119620937c795f421a30.jpg,train,231.0,503.0,239.0,414.0,팬츠,,,,,,,,롱·긴바지 기장,,,,,,무지,,포켓
images/d4d968df0e4d119620937c795f421a30.jpg,train,202.0,236.0,275.0,328.0,블레이저,,,,,긴팔,기본 소매,크롭 기장,,,,레귤러핏,,,무지,,단추|포켓|벨트
images/d4d968df0e4d119620937c795f421a30.jpg,train,249.0,226.0,162.0,297.0,폴로 셔츠,,,,,,,크롭 기장,,,폴로 칼라,레귤러핏,,,무지,,
images/38558f8b477ad1c7ada55dd6e1dcd73e.jpg,val_train_split,204.0,384.0,133.0,134.0,탑,,,,,,,크롭 기장,,,,슬림핏,,,무지,,
images/38558f8b477ad1c7ada55dd6e1dcd73e.jpg,val_train_split,195.0,525.0,162.0,137.0,스커트,,,,,,,,쇼츠·미니 기장,,,,스트레이트핏,H라인,애니멀,,지퍼
images/e936f38c50ed80749820725ccd24377e.jpg,val_train_split,101.0,182.0,294.0,269.0,재킷,,,,,7부 소매,기본 소매,크롭 기장,,,스탠드 칼라,레귤러핏,,,무지,,지퍼
images/e936f38c50ed80749820725ccd24377e.jpg,val_train_split,133.0,275.0,247.0,643.0,원피스,,,,,,,,롱·긴바지 기장,,,,,X라인,무지,,지퍼
images/9bda52de595cbfe22fc26a7ffa3cf1ee.jpg,val_train_split,141.0,300.0,298.0,723.0,점프수트,,,,,,,,,,,여유핏,,,,,플리츠|포켓
images/cdb1d92e5719e3316830dc9f10745b17.jpg,val_train_split,261.0,235.0,266.0,435.0,원피스,,,,,긴팔,벌룬 소매,,쇼츠·미니 기장,,,,,H라인,플로럴,,플리츠
images/029c93eefbb9c0a10634b190a9ed0bb8.jpg,train,189.0,396.0,159.0,302.0,스커트,,,,,,,,무릎 기장,,,,,,무지,,지퍼
images/029c93eefbb9c0a10634b190a9ed0bb8.jpg,train,152.0,207.0,205.0,267.0,탑,,,,,7부 소매,기본 소매,크롭 기장,,터틀넥,,슬림핏,,,무지,,
images/4d48ff1d3270016628ff8f169e75a7a4.jpg,train,166.0,171.0,333.0,526.0,코트,,,,,긴팔,기본 소매,,,,스탠드 칼라,레귤러핏,,,무지,,단추|포켓
images/4d48ff1d3270016628ff8f169e75a7a4.jpg,train,273.0,644.0,147.0,298.0,팬츠,,,,,,,,롱·긴바지 기장,,,,스트레이트핏,H라인,무지,,
images/d289ad8094c05c3a0c8ecd2fd73e822e.jpg,val_train_split,69.0,206.0,272.0,487.0,원피스,,,,,긴팔,벌룬 소매,,무릎 기장,보트넥,,,,,스트라이프|플로럴,,지퍼|플리츠
images/195d575bfb98629d432f981a6c59457a.jpg,train,239.0,540.0,222.0,345.0,팬츠,,,,,,,,롱·긴바지 기장,,,,슬림핏,,무지,,
images/195d575bfb98629d432f981a6c59457a.jpg,train,285.0,206.0,177.0,361.0,폴로 셔츠,,,,,,,크롭 기장,,,스탠드 칼라,레귤러핏,,,무지,,지퍼
images/195d575bfb98629d432f981a6c59457a.jpg,train,230.0,210.0,275.0,357.0,재킷,,,,,긴팔,래글런 소매,크롭 기장,,,,레귤러핏,,,,,지퍼
images/354fca0f6e52306965c1a1d568cca32f.jpg,train,493.0,0.0,255.0,267.0,재킷,,,,,긴팔,,크롭 기장,,,,여유핏,,,무지,,포켓|지퍼|후드
images/354fca0f6e52306965c1a1d568cca32f.jpg,train,567.0,197.0,294.0,384.0,청바지,,,,,,,,롱·긴바지 기장,,,,,,무지,데님,
images/3c1c157380f76853350bbe7d0daf7c7f.jpg,train,209.0,327.0,195.0,341.0,원피스,,,,,,,,쇼츠·미니 기장,오프숄더,,,,X라인,무지,,지퍼|프릴·러플
images/685371a05ffa59aa723d9680558fb1a0.jpg,train,284.0,881.0,213.0,115.0,쇼츠,,,,,,,,쇼츠·미니 기장,,,,,,무지,,
images/685371a05ffa59aa723d9680558fb1a0.jpg,train,233.0,586.0,260.0,305.0,티셔츠,,,,,긴팔,기본 소매,크롭 기장,,,,레귤러핏,,,스트라이프,,지퍼
images/685371a05ffa59aa723d9680558fb1a0.jpg,train,256.0,530.0,216.0,385.0,베스트,,,,,,,기본 기장,,,스탠드 칼라,레귤러핏,,,무지,,지퍼
images/35c33dc422cc4ca93cbdecf18c531f43.jpg,train,59.0,364.0,319.0,345.0,스커트,,,,,,,,무릎 기장,,,,플레어핏,,무지,,
images/35c33dc422cc4ca93cbdecf18c531f43.jpg,train,143.0,188.0,226.0,207.0,티셔츠,,,,,반팔,퍼프 소매,크롭 기장,,,,슬림핏,,,무지,,
images/b801d7b966489bf45434cb167b19cf7c.jpg,val_train_split,203.0,408.0,298.0,525.0,점프수트,,,,,,,,쇼츠·미니 기장,V넥,,레귤러핏,,,무지|플로럴,,
images/e2386b294a7ba9ad195c0b2aa47379f9.jpg,train,277.0,229.0,244.0,429.0,원피스,,,,,반팔,기본 소매,,쇼츠·미니 기장,,,,,X라인,무지,,지퍼|리본|벨트|프릴·러플
images/d3e31b11476d16067549acde3315d357.jpg,train,190.0,120.0,289.0,542.0,코트,,,,,긴팔,기본 소매,,,,셔츠 칼라,슬림핏,,,무지,퍼·플리스,벨트
images/d3e31b11476d16067549acde3315d357.jpg,train,260.0,652.0,139.0,237.0,팬츠,,,,,,,,롱·긴바지 기장,,,,슬림핏,,무지,,
images/2e572e4b7b351668026c844284479d0d.jpg,train,186.0,200.0,160.0,319.0,셔츠,,,,,,,기본 기장,,,셔츠 칼라,레귤러핏,,,무지,,단추
images/2e572e4b7b351668026c844284479d0d.jpg,train,212.0,284.0,125.0,210.0,가디건,,,,,,,크롭 기장,,,,,,,무지,니트,단추
images/2e572e4b7b351668026c844284479d0d.jpg,train,97.0,222.0,280.0,301.0,블레이저,,,,,긴팔,기본 소매,크롭 기장,,,,레귤러핏,,,체크,,단추|포켓
images/2e572e4b7b351668026c844284479d0d.jpg,train,188.0,476.0,160.0,383.0,팬츠,,,,,,,,롱·긴바지 기장,,,,스트레이트핏,H라인,체크,,
images/8c7a91fece12a23070c842c3ddf60acc.jpg,train,182.0,212.0,275.0,568.0,원피스,,,,,긴팔,벨 소매,,미디·7부 기장,,,,,H라인,도트,,지퍼
images/0e41938ecf8067c19cab7833afde0e0a.jpg,train,235.0,543.0,126.0,303.0,니트,,,,,긴팔,기본 소매,크롭 기장,,,,여유핏,,,무지,니트,포켓
images/0e41938ecf8067c19cab7833afde0e0a.jpg,train,253.0,743.0,164.0,280.0,팬츠,,,,,,,,롱·긴바지 기장,,,,슬림핏,,무지,,
images/2bd800795275d03c8494dd7b2502f006.jpg,train,76.0,231.0,325.0,530.0,원피스,,,,,,,,무릎 기장,보트넥,,,,X라인,무지,,플리츠|지퍼|벨트
images/da9fca5f0e0c8ade80bb8802a6eb7c3a.jpg,train,291.0,216.0,35.0,133.0,티셔츠,,,,,,,,,,,레귤러핏,,,무지,,
images/da9fca5f0e0c8ade80bb8802a6eb7c3a.jpg,train,176.0,164.0,300.0,591.0,코트,,,,,긴팔,기본 소매,,,터틀넥,라펠 칼라,여유핏,,,무지,,
images/da9fca5f0e0c8ade80bb8802a6eb7c3a.jpg,train,228.0,348.0,184.0,563.0,스커트,,,,,,,,롱·긴바지 기장,,,,스트레이트핏,H라인,무지,,
images/0652f833bff881d66142c376ab9d2ab1.jpg,train,131.0,210.0,369.0,379.0,티셔츠,,,,,7부 소매,래글런 소매,,,라운드넥,,레귤러핏,,,무지,,
images/0652f833bff881d66142c376ab9d2ab1.jpg,train,206.0,559.0,167.0,389.0,청바지,,,,,,,,롱·긴바지 기장,,,,스트레이트핏,H라인,무지,데님,
images/530eea818705927c208cf6fe90299c5a.jpg,train,214.0,222.0,259.0,665.0,점프수트,,,,,반팔,캡 소매,,롱·긴바지 기장,,,레귤러핏,,,플로럴,,
images/79d3bb254c18c6ff59dd3b1b018c1e08.jpg,val_train_split,536.0,812.0,62.0,95.0,팬츠,,,,,,,,롱·긴바지 기장,,,,슬림핏,,무지,,
images/79d3bb254c18c6ff59dd3b1b018c1e08.jpg,val_train_split,488.0,461.0,169.0,358.0,원피스,,,,,반팔,캡 소매,,미디·7부 기장,,,,,X라인,무지,,지퍼
images/aea6dd8cc23e2594157cd31451977aa0.jpg,train,176.0,420.0,191.0,139.0,쇼츠,,,,,,,,쇼츠·미니 기장,,,,슬림핏,,무지,,포켓|지퍼
images/aea6dd8cc23e2594157cd31451977aa0.jpg,train,139.0,189.0,234.0,245.0,탑,,,,,반팔,래글런 소매,크롭 기장,,라운드넥,,슬림핏,,,무지,,
images/a95790aaadfaf6d66d1c42785790a57f.jpg,val_train_split,194.0,264.0,137.0,324.0,원피스,,,,,긴팔,,,쇼츠·미니 기장,,,,,,무지,니트,
images/a95790aaadfaf6d66d1c42785790a57f.jpg,val_train_split,115.0,188.0,344.0,539.0,코트,,,,,긴팔,기본 소매,,,,,여유핏,,,,퍼·플리스,
images/8c6bb0386a49cc3fcf73f8637c55209d.jpg,train,278.0,268.0,195.0,526.0,원피스,,,,,,,,롱·긴바지 기장,,,,,X라인,무지,니트,플리츠|지퍼
images/8c6bb0386a49cc3fcf73f8637c55209d.jpg,train,285.0,241.0,188.0,245.0,베스트,,,,,,,크롭 기장,,,,레귤러핏,,,무지,,
images/8c6bb0386a49cc3fcf73f8637c55209d.jpg,train,287.0,270.0,210.0,381.0,원피스,,,,,,,,,,,,,,무지,,
images/2d8b75ce472dbebd41ca8527f0a292f3.jpg,train,293.0,406.0,276.0,383.0,후드티,,,,,긴팔,,크롭 기장,,,,레귤러핏,,,무지,,후드|포켓
images/2d8b75ce472dbebd41ca8527f0a292f3.jpg,train,255.0,745.0,346.0,275.0,팬츠,,,,,,,,롱·긴바지 기장,,,,스트레이트핏,H라인,무지,,
images/96b28b3684a6e5797236577453956191.jpg,val_train_split,142.0,222.0,328.0,572.0,원피스,,,,,,,,미디·7부 기장,,,,,X라인,도트|무지,,지퍼
images/136a1bf511a2a604612761a3f9cce7af.jpg,train,262.0,391.0,184.0,296.0,스커트,,,,,,,,쇼츠·미니 기장,,,,스트레이트핏,H라인,무지,,
images/136a1bf511a2a604612761a3f9cce7af.jpg,train,260.0,196.0,260.0,314.0,탑,,,,,긴팔,,크롭 기장,,터틀넥,,레귤러핏,,,무지,,
images/b05104088f3c7fb12520e1ff9b74c65a.jpg,train,229.0,465.0,162.0,249.0,탑,,,,,긴팔,벨 소매,크롭 기장,,,,레귤러핏,,,무지,,
images/b05104088f3c7fb12520e1ff9b74c65a.jpg,train,238.0,609.0,158.0,159.0,스커트,,,,,,,,쇼츠·미니 기장,,,,스트레이트핏,H라인,무지,,지퍼
images/f087aced5e7f0815590508e97dc1d58a.jpg,train,115.0,320.0,467.0,542.0,원피스,,,,,긴팔,퍼프 소매,,쇼츠·미니 기장,,,,,H라인,무지,,지퍼
images/5a83cc24df5aa0b40d487aa72f440c92.jpg,train,507.0,219.0,189.0,224.0,탑,,,,,7부 소매,,,,,,레귤러핏,,,무지,,플리츠|벨트
images/5a83cc24df5aa0b40d487aa72f440c92.jpg,train,523.0,410.0,218.0,182.0,쇼츠,,,,,,,,쇼츠·미니 기장,,,,,,무지,퍼·플리스,포켓|벨트
images/da58d8bbf3fc4845434d161aba6f1035.jpg,train,212.0,435.0,201.0,222.0,팬츠,,,,,,,,쇼츠·미니 기장,,,,,,,,지퍼
images/da58d8bbf3fc4845434d161aba6f1035.jpg,train,202.0,222.0,259.0,297.0,재킷,,,,,긴팔,기본 소매,크롭 기장,,,스탠드 칼라,레귤러핏,,,무지,,지퍼
images/39247a9fed69bf43938d3a753482481d.jpg,train,336.0,224.0,219.0,353.0,재킷,,,,,긴팔,기본 소매,크롭 기장,,,폴로 칼라,레귤러핏,,,무지,,포켓|지퍼
images/39247a9fed69bf43938d3a753482481d.jpg,train,366.0,481.0,230.0,200.0,스커트,,,,,,,,,,,,,A라인,무지,,
images/dec2d83c0dcffee4483500c65bdf6a03.jpg,train,237.0,306.0,542.0,375.0,가디건,,,,,긴팔,기본 소매,,,,,레귤러핏,,,무지,니트,단추
images/53a5512d83a26c4c372ef3cc452b57b3.jpg,train,241.0,477.0,133.0,127.0,스커트,,,,,,,,쇼츠·미니 기장,,,,,A라인,무지,,플리츠|프릴·러플
images/53a5512d83a26c4c372ef3cc452b57b3.jpg,train,219.0,387.0,124.0,122.0,셔츠,,,,,긴팔,기본 소매,,,,셔츠 칼라,슬림핏,,,무지,,단추|포켓
images/68bd642cc02e50e3b9688a21e941d304.jpg,val_train_split,128.0,147.0,249.0,405.0,원피스,,,,,긴팔,기본 소매,,쇼츠·미니 기장,,피터팬 칼라,,,A라인,무지,,지퍼|포켓
images/ea2db85e277317b47b0d8f90afa570fb.jpg,train,194.0,356.0,191.0,544.0,팬츠,,,,,,,,롱·긴바지 기장,,,,스트레이트핏,H라인,그래픽|플로럴,,플리츠
images/ea2db85e277317b47b0d8f90afa570fb.jpg,train,161.0,171.0,269.0,225.0,티셔츠,,,,,반팔,래글런 소매,크롭 기장,,,,레귤러핏,,,그래픽|플로럴,,리본
images/7c7c39c5f4793972ed12fe661df9b3b5.jpg,train,205.0,476.0,162.0,247.0,스커트,,,,,,,,쇼츠·미니 기장,,,,,,무지|스트라이프,,지퍼
images/7c7c39c5f4793972ed12fe661df9b3b5.jpg,train,197.0,330.0,220.0,295.0,셔츠,,,,,긴팔,벌룬 소매,,,,스탠드 칼라,레귤러핏,,,무지,,단추
images/435d5c3c0684fc0450c044d08fcf46e2.jpg,train,152.0,573.0,338.0,250.0,청바지,,,,,,,,롱·긴바지 기장,,,,슬림핏,,무지,데님,
images/435d5c3c0684fc0450c044d08fcf46e2.jpg,train,264.0,412.0,253.0,189.0,티셔츠,,,,,반팔,기본 소매,,,라운드넥,셔츠 칼라,레귤러핏,,,무지,,포켓
images/435d5c3c0684fc0450c044d08fcf46e2.jpg,train,306.0,432.0,194.0,258.0,베스트,,,,,,,크롭 기장,,,,레귤러핏,,,무지,,단추
images/81e7bbb99c81987215705d0ce997f3ae.jpg,train,344.0,543.0,231.0,316.0,팬츠,,,,,,,,롱·긴바지 기장,,,,,,무지,,
images/81e7bbb99c81987215705d0ce997f3ae.jpg,train,311.0,235.0,203.0,342.0,니트,,,,,긴팔,,기본 기장,,라운드넥,,여유핏,,,무지,니트,포켓
images/2e49eb8a326e78b76b9d92e2ce68226c.jpg,train,369.0,231.0,291.0,432.0,코트,,,,,긴팔,기본 소매,,,,라펠 칼라,레귤러핏,,,무지,,단추|포켓|후드
images/95c4e5d4a65829d0206888e428300c3e.jpg,train,512.0,161.0,119.0,246.0,원피스,,,,,,,,쇼츠·미니 기장,,피터팬 칼라,,,X라인,플로럴,,지퍼|포켓
images/95c4e5d4a65829d0206888e428300c3e.jpg,train,521.0,348.0,135.0,211.0,팬츠,,,,,,,,롱·긴바지 기장,,,,슬림핏,,무지,,
images/95c4e5d4a65829d0206888e428300c3e.jpg,train,456.0,165.0,223.0,207.0,가디건,,,,,7부 소매,기본 소매,기본 기장,,,,레귤러핏,,,무지,니트,
images/18afea23d4a744668f1a3e8b092a5ad6.jpg,train,24.0,248.0,210.0,268.0,탑,,,,,,,크롭 기장,,,,슬림핏,,,무지,,지퍼
images/18afea23d4a744668f1a3e8b092a5ad6.jpg,train,22.0,464.0,230.0,125.0,쇼츠,,,,,,,,쇼츠·미니 기장,,,,,,무지,,
images/18afea23d4a744668f1a3e8b092a5ad6.jpg,train,36.0,55.0,290.0,414.0,베스트,,,,,,,크롭 기장,,,,레귤러핏,,,무지,,단추|후드
images/93d43332a8491b83ba788083f1a0bf07.jpg,val_train_split,201.0,310.0,221.0,314.0,재킷,,,,,긴팔,기본 소매,크롭 기장,,,라펠 칼라,레귤러핏,,,무지,,지퍼
images/93d43332a8491b83ba788083f1a0bf07.jpg,val_train_split,250.0,314.0,169.0,351.0,원피스,,,,,,,,쇼츠·미니 기장,,셔츠 칼라,,,A라인,체크,,단추|지퍼|벨트
images/93d43332a8491b83ba788083f1a0bf07.jpg,val_train_split,271.0,631.0,133.0,34.0,쇼츠,,,,,,,,쇼츠·미니 기장,,,,슬림핏,,무지,,
images/427bf0f0ba1256511ad996d7f47a171c.jpg,val_train_split,460.0,113.0,184.0,309.0,원피스,,,,,반팔,,,쇼츠·미니 기장,오프숄더,,,,A라인,플로럴,,지퍼
images/4a3e15ea81cb42806c2bcd4480310633.jpg,train,459.0,287.0,77.0,143.0,탑,,,,,,,,,,,슬림핏,,,무지,,
images/4a3e15ea81cb42806c2bcd4480310633.jpg,train,357.0,257.0,105.0,187.0,탑,,,,,,,,,,,슬림핏,,,무지,,
images/4a3e15ea81cb42806c2bcd4480310633.jpg,train,344.0,426.0,249.0,302.0,스커트,,,,,,,,쇼츠·미니 기장,,,,,,무지,,
images/4a3e15ea81cb42806c2bcd4480310633.jpg,train,148.0,162.0,548.0,568.0,코트,,,,,긴팔,기본 소매,,,V넥,,레귤러핏,,,무지,퍼·플리스,지퍼
images/e8807686e8cc8aa2e2fa2f6735d1c2c6.jpg,train,371.0,250.0,124.0,199.0,탑,,,,,,,크롭 기장,,,,슬림핏,,,그래픽,,
images/e8807686e8cc8aa2e2fa2f6735d1c2c6.jpg,train,342.0,436.0,139.0,445.0,팬츠,,,,,,,,미디·7부 기장,,,,슬림핏,,그래픽,,
images/6d0f4ed4cda7de056e0a1d7845f03745.jpg,train,222.0,215.0,201.0,471.0,원피스,,,,,반팔,캡 소매,,쇼츠·미니 기장,V넥,,,,H라인,그래픽,,지퍼
images/c7eb7e6a6415329e0ee945584c893ea1.jpg,train,273.0,338.0,250.0,217.0,스커트,,,,,,,,쇼츠·미니 기장,,,,플레어핏,,무지,,플리츠
images/c7eb7e6a6415329e0ee945584c893ea1.jpg,train,258.0,150.0,221.0,225.0,탑,,,,,7부 소매,,크롭 기장,,,,여유핏,,,애니멀,,벨트
images/476761619a0995ea678964d9ad3f7ef9.jpg,train,368.0,309.0,192.0,435.0,원피스,,,,,,,,롱·긴바지 기장,,피터팬 칼라,,,,애니멀,,지퍼
images/45fc072fc616ed826fb53312b0bcd3b1.jpg,train,76.0,197.0,332.0,409.0,원피스,,,,,반팔,기본 소매,,쇼츠·미니 기장,,칼라 없음,,,,무지,,지퍼|리본
images/5d575d53bfbebf9d933ec96940194ad7.jpg,train,214.0,366.0,170.0,384.0,점프수트,,,,,,,,미디·7부 기장,,,여유핏,,,무지,,벨트
images/5d575d53bfbebf9d933ec96940194ad7.jpg,train,212.0,335.0,195.0,236.0,재킷,,,,,긴팔,기본 소매,크롭 기장,,라운드넥,라펠 칼라,레귤러핏,,,무지,,단추
images/f210ec90d0e77caaf34dab093d1f368d.jpg,val_train_split,260.0,377.0,195.0,265.0,티셔츠,,,,,긴팔,벌룬 소매,크롭 기장,,보트넥,,슬림핏,,비대칭,무지,,
images/f210ec90d0e77caaf34dab093d1f368d.jpg,val_train_split,307.0,554.0,132.0,45.0,탑,,,,,,,크롭 기장,,,,슬림핏,,,무지,,
images/f210ec90d0e77caaf34dab093d1f368d.jpg,val_train_split,304.0,585.0,140.0,192.0,스커트,,,,,,,,무릎 기장,,,,스트레이트핏,H라인,체크,,
images/f210ec90d0e77caaf34dab093d1f368d.jpg,val_train_split,330.0,736.0,87.0,136.0,팬츠,,,,,,,,미디·7부 기장,,,,슬림핏,,무지,,
images/1403e171dba567b42c525edcd5bc8591.jpg,train,261.0,339.0,117.0,357.0,원피스,,,,,,,,쇼츠·미니 기장,스퀘어넥,,,,,무지,,
images/1403e171dba567b42c525edcd5bc8591.jpg,train,226.0,343.0,210.0,370.0,가디건,,,,,7부 소매,,,,,,오버핏,,,무지,니트,
images/257dea53d564cc4a3dc313397831395b.jpg,train,339.0,325.0,326.0,274.0,원피스,,,,,,,,롱·긴바지 기장,스퀘어넥,,,,,무지,,지퍼
images/bd0ef612a7edff9f2d8ff150396113fb.jpg,val_train_split,381.0,201.0,305.0,305.0,원피스,,,,,반팔,캡 소매,,무릎 기장,라운드넥,,,,X라인,체크,,지퍼|프릴·러플
images/56cfa8ddb3f5c2b5d1c393ca1d085c48.jpg,train,270.0,165.0,400.0,648.0,원피스,,,,,,,,미디·7부 기장,,,,,비대칭,무지,,지퍼|프릴·러플
images/5936cd5fc6724645d7b61fc2128049b7.jpg,val_train_split,424.0,350.0,136.0,284.0,원피스,,,,,,,,쇼츠·미니 기장,,,,,,,,지퍼|포켓
images/5936cd5fc6724645d7b61fc2128049b7.jpg,val_train_split,385.0,298.0,187.0,235.0,재킷,,,,,긴팔,기본 소매,크롭 기장,,,칼라 없음,레귤러핏,,,무지,,지퍼
images/2dfe2d8246c11ec02d81ab4e98e65e2d.jpg,train,229.0,148.0,260.0,348.0,티셔츠,,,,,긴팔,기본 소매,크롭 기장,,터틀넥,,레귤러핏,,,애니멀,,
images/341004f241f80e7bf512e24cbf9c995d.jpg,val_train_split,537.0,249.0,107.0,88.0,탑,,,,,,,크롭 기장,,,,슬림핏,,,무지,,플리츠|스팽글
images/341004f241f80e7bf512e24cbf9c995d.jpg,val_train_split,524.0,312.0,439.0,369.0,스커트,,,,,,,,롱·긴바지 기장,,,,,A라인,플로럴,,
images/92e600153c66acb709bcc6c285101ede.jpg,train,195.0,196.0,246.0,262.0,후드티,,,,,긴팔,기본 소매,크롭 기장,,,,레귤러핏,,,무지,,후드
images/92e600153c66acb709bcc6c285101ede.jpg,train,135.0,413.0,324.0,268.0,스커트,,,,,,,,롱·긴바지 기장,,,,,O라인,무지,,
images/43daa7a58034610b8c6840f16a9e66ea.jpg,train,111.0,126.0,249.0,336.0,셔츠,,,,,긴팔,벨 소매,,,,셔츠 칼라,슬림핏,,,무지|그래픽,,단추|포켓|벨트
images/43daa7a58034610b8c6840f16a9e66ea.jpg,train,126.0,382.0,223.0,461.0,팬츠,,,,,,,,롱·긴바지 기장,,,,,,그래픽,,플리츠|포켓
images/ee7a64e2c83fc3a4588426b1ddd01d65.jpg,train,299.0,477.0,136.0,258.0,팬츠,,,,,,,,미디·7부 기장,,,,스트레이트핏,H라인,무지,,
images/ee7a64e2c83fc3a4588426b1ddd01d65.jpg,train,222.0,216.0,314.0,407.0,티셔츠,,,,,,벨 소매,기본 기장,,V넥,,오버핏,,,무지,,
images/5b9e588c8a3fafafb0505ba5533e788f.jpg,val_train_split,570.0,298.0,404.0,371.0,원피스,,,,,긴팔,,,쇼츠·미니 기장,오프숄더,,,,,스트라이프,니트,
images/2944458e3cce1da3d4d035987c4389c2.jpg,train,224.0,228.0,412.0,578.0,재킷,,,,,긴팔,,,,,,오버핏,,,무지,,
images/2944458e3cce1da3d4d035987c4389c2.jpg,train,371.0,208.0,208.0,546.0,원피스,,,,,,,,미디·7부 기장,,,,,A라인,무지,,플리츠|지퍼
images/cdbf052e245ad905997630e07aa54a70.jpg,train,175.0,225.0,290.0,424.0,원피스,,,,,7부 소매,벌룬 소매,,쇼츠·미니 기장,,,,,X라인,무지,,지퍼|벨트
images/85a671bdcf819473f4975f9cbb03f69f.jpg,train,223.0,173.0,251.0,375.0,원피스,,,,,반팔,기본 소매,,쇼츠·미니 기장,,,,,,,,지퍼|리본
images/85a671bdcf819473f4975f9cbb03f69f.jpg,train,321.0,250.0,53.0,118.0,탑,,,,,,,,,스퀘어넥,,슬림핏,,,무지,,
images/5721f7de2633e0c4549aa275ff9b1b80.jpg,train,257.0,217.0,201.0,674.0,원피스,,,,,긴팔,,,롱·긴바지 기장,보트넥,,,,비대칭,무지,,지퍼
images/9127a3d9c41a9a3f166b10a48a49994f.jpg,val_train_split,263.0,198.0,159.0,204.0,탑,,,,,,,크롭 기장,,라운드넥,,레귤러핏,,,무지,,
images/9127a3d9c41a9a3f166b10a48a49994f.jpg,val_train_split,203.0,378.0,243.0,557.0,스커트,,,,,,,,롱·긴바지 기장,,,,,O라인,무지,,벨트
images/37f2b8de6a2a46c9142509e5cbf8fe77.jpg,train,281.0,420.0,77.0,141.0,스커트,,,,,,,,쇼츠·미니 기장,,,,,,,,
images/37f2b8de6a2a46c9142509e5cbf8fe77.jpg,train,318.0,144.0,68.0,277.0,가디건,,,,,,,,,,,슬림핏,,,무지,니트,지퍼
images/37f2b8de6a2a46c9142509e5cbf8fe77.jpg,train,203.0,141.0,260.0,533.0,코트,,,,,,기본 소매,,,,라펠 칼라,레귤러핏,,,스트라이프,,벨트
images/029720c77ebda81f6a57efd7a34df406.jpg,train,497.0,267.0,118.0,81.0,탑,,,,,반팔,캡 소매,크롭 기장,,,,슬림핏,,,무지,,
images/029720c77ebda81f6a57efd7a34df406.jpg,train,523.0,345.0,114.0,124.0,스커트,,,,,,,,쇼츠·미니 기장,,,,플레어핏,,무지|도트,,
images/2cb3469f84a0127a867030437eab0a67.jpg,val_train_split,311.0,571.0,192.0,452.0,스커트,,,,,,,,롱·긴바지 기장,,,,스트레이트핏,H라인,플로럴,,
images/2cb3469f84a0127a867030437eab0a67.jpg,val_train_split,269.0,202.0,336.0,662.0,코트,,,,,긴팔,,,,,,여유핏,,,무지,,
images/2cb3469f84a0127a867030437eab0a67.jpg,val_train_split,388.0,247.0,89.0,254.0,티셔츠,,,,,,,크롭 기장,,라운드넥,,레귤러핏,,,무지,,
images/9ce9488e0dc3f5927ea0e247b719e3d2.jpg,train,232.0,364.0,139.0,262.0,원피스,,,,,,,,쇼츠·미니 기장,,,,,H라인,무지,,지퍼|포켓
images/9ce9488e0dc3f5927ea0e247b719e3d2.jpg,train,228.0,308.0,167.0,232.0,재킷,,,,,7부 소매,기본 소매,크롭 기장,,,,여유핏,,,무지,,지퍼|후드
images/64d7d5fce47473e1b8a477992103bcca.jpg,train,872.0,586.0,62.0,95.0,청바지,,,,,,,,롱·긴바지 기장,,,,슬림핏,,무지,데님,
images/64d7d5fce47473e1b8a477992103bcca.jpg,train,891.0,516.0,34.0,59.0,가디건,,,,,반팔,기본 소매,크롭 기장,,라운드넥,,,,,무지,니트,리본
images/64d7d5fce47473e1b8a477992103bcca.jpg,train,894.0,516.0,37.0,71.0,티셔츠,,,,,,,크롭 기장,,,,레귤러핏,,,무지,,
images/1ac8f4fb481bf5aa216ef0bfd648ce66.jpg,train,241.0,296.0,270.0,501.0,탑,,,,,,,크롭 기장,,,,레귤러핏,,,무지,,
images/1ac8f4fb481bf5aa216ef0bfd648ce66.jpg,train,249.0,770.0,314.0,253.0,팬츠,,,,,,,,,,,,슬림핏,,,,포켓
images/1ac8f4fb481bf5aa216ef0bfd648ce66.jpg,train,165.0,284.0,448.0,739.0,가디건,,,,,긴팔,기본 소매,,,라운드넥,,여유핏,,,무지,니트,
images/e9164501610bacb705af85f82a3400fb.jpg,train,166.0,857.0,270.0,166.0,팬츠,,,,,,,,,,,,와이드핏,,,,
images/e9164501610bacb705af85f82a3400fb.jpg,train,97.0,238.0,508.0,717.0,원피스,,,,,7부 소매,벨 소매,,쇼츠·미니 기장,,,,,,무지|도트,,지퍼
images/bd212e33a1cb0225be741856e2101dcd.jpg,train,437.0,477.0,202.0,211.0,스커트,,,,,,,,무릎 기장,,,,스트레이트핏,H라인,,,
images/bd212e33a1cb0225be741856e2101dcd.jpg,train,294.0,59.0,347.0,497.0,재킷,,,,,긴팔,,기본 기장,,,,여유핏,,,플로럴,,지퍼|포켓|후드|벨트
images/450b7931590c5a3ba129671b5b6ac332.jpg,train,163.0,498.0,184.0,147.0,스커트,,,,,,,,쇼츠·미니 기장,,,,,,플로럴,,
images/450b7931590c5a3ba129671b5b6ac332.jpg,train,48.0,316.0,247.0,226.0,니트,,,,,긴팔,벌룬 소매,기본 기장,,,,레귤러핏,,,무지,니트,
images/f43d9edcfb534e1ab5a67c4d22f47424.jpg,train,228.0,185.0,179.0,265.0,탑,,,,,,,크롭 기장,,보트넥,,레귤러핏,,,,,스팽글
images/f43d9edcfb534e1ab5a67c4d22f47424.jpg,train,234.0,432.0,179.0,430.0,팬츠,,,,,,,,롱·긴바지 기장,,,,슬림핏,,무지,,
images/78d750a62f3eeffe98e3cd1f120afe23.jpg,train,215.0,224.0,226.0,424.0,원피스,,,,,반팔,캡 소매,,쇼츠·미니 기장,보트넥,,,,H라인,무지,,지퍼
images/7aea3a12309995aefbe9ecb41ec1c905.jpg,train,266.0,350.0,272.0,413.0,원피스,,,,,,,,쇼츠·미니 기장,,,,,X라인,도트,,지퍼
images/d6c5845329b1f3a6feb4e4f1f461fbe5.jpg,train,257.0,416.0,172.0,327.0,스커트,,,,,,,,무릎 기장,,,,,,무지,,플리츠|지퍼
images/d6c5845329b1f3a6feb4e4f1f461fbe5.jpg,train,292.0,253.0,100.0,164.0,티셔츠,,,,,,,크롭 기장,,,,레귤러핏,,,,,
images/d6c5845329b1f3a6feb4e4f1f461fbe5.jpg,train,200.0,222.0,329.0,584.0,코트,,,,,긴팔,벨 소매,,,,칼라 없음,레귤러핏,,비대칭,무지,,
images/1f4ef32a144e7249bb9f1564943a97cc.jpg,train,463.0,199.0,172.0,270.0,블레이저,,,,,긴팔,기본 소매,크롭 기장,,,라펠 칼라,레귤러핏,,,그래픽,,
images/1f4ef32a144e7249bb9f1564943a97cc.jpg,train,527.0,188.0,67.0,44.0,티셔츠,,,,,,,,,터틀넥,,,,,무지,,
images/1f4ef32a144e7249bb9f1564943a97cc.jpg,train,443.0,443.0,255.0,194.0,스커트,,,,,,,,쇼츠·미니 기장,,,,플레어핏,,무지,,지퍼
images/5c47e70237cafecb644d33c6ea45cd03.jpg,val_train_split,559.0,256.0,186.0,196.0,티셔츠,,,,,,,,,,,슬림핏,,,스트라이프,,
images/5c47e70237cafecb644d33c6ea45cd03.jpg,val_train_split,537.0,430.0,254.0,204.0,쇼츠,,,,,,,,쇼츠·미니 기장,,,,,,무지,,포켓
images/5c47e70237cafecb644d33c6ea45cd03.jpg,val_train_split,380.0,210.0,516.0,390.0,가디건,,,,,긴팔,기본 소매,기본 기장,,,,레귤러핏,,,무지,니트,단추
images/3afff211d870c3c39982cf1c64047501.jpg,val_train_split,318.0,175.0,284.0,461.0,니트,,,,,긴팔,,기본 기장,,터틀넥,,여유핏,,,무지,니트,
images/3afff211d870c3c39982cf1c64047501.jpg,val_train_split,341.0,510.0,204.0,390.0,팬츠,,,,,,,,롱·긴바지 기장,,,,스트레이트핏,H라인,무지,,
images/17eaafe36e4ef33cb9e9477cf539b492.jpg,train,158.0,272.0,399.0,633.0,원피스,,,,,,,,롱·긴바지 기장,,,,,X라인,무지,,지퍼
images/b04501da81043cde6b93552790ae82ba.jpg,train,125.0,224.0,253.0,430.0,원피스,,,,,,,,쇼츠·미니 기장,홀터넥,,,,X라인,무지,,지퍼
images/d464914e82cf76f29057fdf8239fe608.jpg,val_train_split,202.0,195.0,329.0,447.0,원피스,,,,,긴팔,벌룬 소매,,쇼츠·미니 기장,,,,,,플로럴,,지퍼|벨트
images/36e2bc67f5c74b082b3dacea498517be.jpg,val_train_split,227.0,413.0,178.0,485.0,팬츠,,,,,,,,롱·긴바지 기장,,,,스트레이트핏,H라인,무지,,
images/36e2bc67f5c74b082b3dacea498517be.jpg,val_train_split,191.0,156.0,261.0,376.0,블레이저,,,,,긴팔,기본 소매,크롭 기장,,,라펠 칼라,슬림핏,,,무지,퍼·플리스,단추
images/6d953b8428818528b1fbda1583e606ff.jpg,train,218.0,249.0,179.0,431.0,원피스,,,,,,,,쇼츠·미니 기장,,,,,H라인,무지,,스팽글|지퍼
images/82fe8527b72573515cc3f290cd6c3c02.jpg,train,235.0,231.0,315.0,553.0,원피스,,,,,,,,쇼츠·미니 기장,,피터팬 칼라,,,,,,지퍼|벨트
images/ca3a828816904919a937e33bc14bc800.jpg,train,214.0,202.0,632.0,790.0,원피스,,,,,,,,롱·긴바지 기장,,,,,X라인,,,지퍼|프릴·러플
images/699369e05de6ba0776ade617abe7a0c8.jpg,train,254.0,465.0,179.0,179.0,티셔츠,,,,,반팔,캡 소매,크롭 기장,,,,레귤러핏,,,무지,,
images/699369e05de6ba0776ade617abe7a0c8.jpg,train,247.0,636.0,177.0,85.0,점프수트,,,,,,,,,,,레귤러핏,,,무지,,지퍼
images/a930045dc631ec6645eb93f97e6c9579.jpg,train,208.0,173.0,166.0,317.0,티셔츠,,,,,긴팔,,크롭 기장,,라운드넥,,레귤러핏,,,그래픽,,포켓
images/a930045dc631ec6645eb93f97e6c9579.jpg,train,186.0,479.0,183.0,393.0,청바지,,,,,,,,롱·긴바지 기장,,,,스트레이트핏,H라인,무지,데님,
images/a930045dc631ec6645eb93f97e6c9579.jpg,train,121.0,136.0,315.0,457.0,코트,,,,,긴팔,래글런 소매,,,,,레귤러핏,,,무지,,단추|지퍼|포켓|후드
images/54d42ef24fa1132eb4c86fd7cdd744e6.jpg,train,234.0,444.0,171.0,425.0,팬츠,,,,,,,,롱·긴바지 기장,,,,슬림핏,,무지,,
images/54d42ef24fa1132eb4c86fd7cdd744e6.jpg,train,242.0,245.0,160.0,221.0,탑,,,,,,,크롭 기장,,V넥,,레귤러핏,,,그래픽,,
images/54d42ef24fa1132eb4c86fd7cdd744e6.jpg,train,216.0,222.0,261.0,277.0,재킷,,,,,긴팔,기본 소매,크롭 기장,,,,레귤러핏,,,무지,,단추|포켓
images/70b519a99948ec9abcaa38558d15d887.jpg,train,257.0,442.0,134.0,395.0,스커트,,,,,,,,롱·긴바지 기장,,,,스트레이트핏,H라인,,,플리츠
images/70b519a99948ec9abcaa38558d15d887.jpg,train,215.0,321.0,196.0,163.0,티셔츠,,,,,반팔,,크롭 기장,,보트넥,,여유핏,,,,,리본
images/13cccf08845272933658c6e2356e235a.jpg,train,240.0,266.0,206.0,356.0,원피스,,,,,긴팔,,,쇼츠·미니 기장,,,,,,무지,니트,포켓|후드
images/208da0da8dc399d9cb31fdadf80b953e.jpg,train,199.0,412.0,283.0,310.0,탑,,,,,,,크롭 기장,,,,슬림핏,,,도트,,
images/62c416526ee923a0d45c7e3e84fdb54f.jpg,train,234.0,565.0,232.0,246.0,팬츠,,,,,,,,,,,,스트레이트핏,H라인,무지,,
images/62c416526ee923a0d45c7e3e84fdb54f.jpg,train,209.0,249.0,362.0,390.0,코트,,,,,긴팔,기본 소매,,,,라펠 칼라,레귤러핏,,,체크,,단추|포켓
images/62c416526ee923a0d45c7e3e84fdb54f.jpg,train,226.0,261.0,340.0,240.0,티셔츠,,,,,긴팔,,,,라운드넥,,레귤러핏,,,무지,,포켓|벨트
images/cad75686f5d395b100a5da08d50b34c7.jpg,train,31.0,413.0,537.0,477.0,티셔츠,,,,,7부 소매,래글런 소매,크롭 기장,,보트넥,,레귤러핏,,,무지,,
images/cad75686f5d395b100a5da08d50b34c7.jpg,train,53.0,535.0,433.0,488.0,청바지,,,,,,,,미디·7부 기장,,,,와이드핏,,무지,데님,포켓
images/45d8c91683f155f52f52f25e78267f62.jpg,train,572.0,152.0,138.0,183.0,점프수트,,,,,,,,쇼츠·미니 기장,,,레귤러핏,,,무지,,단추|포켓|벨트
images/c3a074e4ff42e180b39e6abf1bd15157.jpg,val_train_split,274.0,291.0,112.0,219.0,가디건,,,,,,,크롭 기장,,,,슬림핏,,,무지,니트,단추
images/c3a074e4ff42e180b39e6abf1bd15157.jpg,val_train_split,202.0,227.0,270.0,310.0,블레이저,,,,,긴팔,기본 소매,크롭 기장,,,,레귤러핏,,,체크,,단추|포켓
images/c3a074e4ff42e180b39e6abf1bd15157.jpg,val_train_split,257.0,210.0,154.0,330.0,셔츠,,,,,,,기본 기장,,,라펠 칼라,레귤러핏,,,무지,,단추
images/c3a074e4ff42e180b39e6abf1bd15157.jpg,val_train_split,229.0,515.0,179.0,388.0,팬츠,,,,,,,,롱·긴바지 기장,,,,스트레이트핏,H라인,체크,,
images/69f5391f0ff310390c94aa140ea579d4.jpg,val_train_split,228.0,491.0,309.0,384.0,팬츠,,,,,,,,,,,,슬림핏,,무지,,포켓
images/69f5391f0ff310390c94aa140ea579d4.jpg,val_train_split,361.0,316.0,124.0,223.0,티셔츠,,,,,,,크롭 기장,,,,레귤러핏,,,,,지퍼
images/69f5391f0ff310390c94aa140ea579d4.jpg,val_train_split,334.0,217.0,232.0,302.0,재킷,,,,,7부 소매,기본 소매,크롭 기장,,,라펠 칼라,오버핏,,,무지,퍼·플리스,지퍼
images/59deb9e24848f5dc3f8a9e023bfc09ee.jpg,train,251.0,279.0,305.0,647.0,원피스,,,,,,,,롱·긴바지 기장,,,,,X라인,플로럴,,지퍼|프릴·러플
images/893688141fdea41cf60e1e0036256ad6.jpg,val_train_split,109.0,231.0,235.0,428.0,원피스,,,,,,,,쇼츠·미니 기장,,,,,X라인,,,지퍼|벨트
images/4bf382361c8802eac310056f5485a587.jpg,train,325.0,378.0,172.0,334.0,코트,,,,,,,,,,라펠 칼라,슬림핏,,,스트라이프,,포켓|벨트
images/4bf382361c8802eac310056f5485a587.jpg,train,348.0,573.0,131.0,349.0,스커트,,,,,,,,롱·긴바지 기장,,,,스트레이트핏,H라인,무지|도트,,플리츠|포켓
images/540e259963f9582c70bf3ba47db7a5ac.jpg,train,384.0,510.0,267.0,513.0,팬츠,,,,,,,,롱·긴바지 기장,,,,스트레이트핏,H라인,체크,,포켓
images/540e259963f9582c70bf3ba47db7a5ac.jpg,train,280.0,285.0,240.0,266.0,탑,,,,,,,크롭 기장,,터틀넥,,슬림핏,,,무지,,
images/540e259963f9582c70bf3ba47db7a5ac.jpg,train,559.0,518.0,122.0,291.0,재킷,,,,,,,,,,,,,,무지,가죽,지퍼
images/3fcf8b7dab1bafb294d7de9ff67aa4d2.jpg,train,225.0,317.0,172.0,290.0,블레이저,,,,,긴팔,기본 소매,크롭 기장,,,스탠드 칼라,레귤러핏,,,무지,,벨트
images/3fcf8b7dab1bafb294d7de9ff67aa4d2.jpg,train,262.0,567.0,144.0,209.0,스커트,,,,,,,,쇼츠·미니 기장,,,,,,무지,,
images/3fcf8b7dab1bafb294d7de9ff67aa4d2.jpg,train,385.0,428.0,133.0,345.0,재킷,,,,,,,,,,,,,,무지,,
images/fcee3ba45c7c80ab4cdeaa1698fec495.jpg,train,216.0,174.0,245.0,450.0,원피스,,,,,반팔,퍼프 소매,,쇼츠·미니 기장,V넥,,,,X라인,,,지퍼|벨트
images/a67b694b8552c31c24477271967d04ec.jpg,train,414.0,542.0,170.0,140.0,청바지,,,,,,,,,,,,스트레이트핏,H라인,무지,데님,포켓
images/a67b694b8552c31c24477271967d04ec.jpg,train,377.0,241.0,244.0,345.0,후드티,,,,,긴팔,기본 소매,기본 기장,,,,레귤러핏,,,무지,,후드|포켓
images/a67b694b8552c31c24477271967d04ec.jpg,train,431.0,283.0,142.0,323.0,티셔츠,,,,,,,기본 기장,,라운드넥,,레귤러핏,,,무지,,
images/03d229460458d4526894bccb2776cab1.jpg,train,346.0,553.0,89.0,119.0,스커트,,,,,,,,쇼츠·미니 기장,,,,스트레이트핏,H라인,무지,,포켓
images/03d229460458d4526894bccb2776cab1.jpg,train,345.0,455.0,107.0,88.0,탑,,,,,반팔,,크롭 기장,,오프숄더,,여유핏,,,무지,,
images/3590c9be20b897fed85f455d6117068b.jpg,train,360.0,110.0,79.0,215.0,티셔츠,,,,,,,크롭 기장,,라운드넥,,레귤러핏,,,무지,,
images/3590c9be20b897fed85f455d6117068b.jpg,train,303.0,97.0,221.0,262.0,재킷,,,,,긴팔,기본 소매,크롭 기장,,,셔츠 칼라,레귤러핏,,,무지,,단추|포켓
images/3590c9be20b897fed85f455d6117068b.jpg,train,312.0,315.0,167.0,287.0,팬츠,,,,,,,,롱·긴바지 기장,,,,스트레이트핏,H라인,카모,,포켓|지퍼
images/381b5ec357d703e2ca999f044013cf57.jpg,val_train_split,146.0,179.0,206.0,522.0,원피스,,,,,,,,무릎 기장,터틀넥,,,,,무지,퍼·플리스,지퍼
images/8dc705a9fa2023d3f932aba081f32b32.jpg,train,237.0,364.0,250.0,490.0,스커트,,,,,,,,롱·긴바지 기장,,,,,,무지,,
images/8dc705a9fa2023d3f932aba081f32b32.jpg,train,217.0,160.0,277.0,350.0,블레이저,,,,,긴팔,기본 소매,크롭 기장,,,라펠 칼라,슬림핏,,,무지,퍼·플리스,
images/8dc705a9fa2023d3f932aba081f32b32.jpg,train,324.0,166.0,64.0,190.0,셔츠,,,,,,,,,,셔츠 칼라,레귤러핏,,,무지,,단추
images/a92758f484ed7a09428737b958db3556.jpg,train,217.0,367.0,261.0,541.0,원피스,,,,,,,,쇼츠·미니 기장,,,,,X라인,애니멀,,지퍼|벨트
images/af0fe7b1f00bf1c8b4abb189d86abe7a.jpg,val_train_split,135.0,204.0,469.0,663.0,원피스,,,,,,,,쇼츠·미니 기장,,,,,A라인,그래픽,,지퍼
images/dd57a51e74434eddfea67b6f0cf678c5.jpg,train,455.0,204.0,299.0,492.0,원피스,,,,,,,,롱·긴바지 기장,스퀘어넥,,,,,무지,,지퍼|벨트
images/afd87af9a2d02c450be3e54fafb4c150.jpg,train,211.0,182.0,210.0,220.0,티셔츠,,,,,반팔,퍼프 소매,크롭 기장,,라운드넥,,레귤러핏,,,무지,,
images/afd87af9a2d02c450be3e54fafb4c150.jpg,train,212.0,356.0,216.0,403.0,스커트,,,,,,,,무릎 기장,,,,,,무지,,지퍼|프릴·러플
images/89f0c71b028502efe2a3c0a3cbabbe35.jpg,train,316.0,526.0,176.0,154.0,스커트,,,,,,,,쇼츠·미니 기장,,,,플레어핏,,무지,,
images/89f0c71b028502efe2a3c0a3cbabbe35.jpg,train,357.0,434.0,123.0,108.0,탑,,,,,,,크롭 기장,,,,여유핏,,,그래픽,,
images/e11a16174fd478e08db71a7eab38d17e.jpg,train,223.0,232.0,171.0,268.0,탑,,,,,,,크롭 기장,,보트넥,,슬림핏,,,도트,,
images/e11a16174fd478e08db71a7eab38d17e.jpg,train,223.0,481.0,171.0,230.0,스커트,,,,,,,,무릎 기장,,,,,,무지,,지퍼
images/8e0dc2d45647f9d8f38f540f310ff835.jpg,train,266.0,330.0,92.0,120.0,탑,,,,,,,크롭 기장,,,,슬림핏,,,무지,,
images/8e0dc2d45647f9d8f38f540f310ff835.jpg,train,259.0,447.0,100.0,106.0,스커트,,,,,,,,쇼츠·미니 기장,,,,,A라인,그래픽,,
images/766c6cd67eb8ba5b7da3e54a617fbc85.jpg,train,128.0,259.0,344.0,764.0,원피스,,,,,,,,,터틀넥,,,,X라인,그래픽,,지퍼
images/cdff9665b61d2f382d547ee225a7fdc8.jpg,train,311.0,308.0,92.0,376.0,재킷,,,,,,,크롭 기장,,,,레귤러핏,,,무지,,지퍼
images/cdff9665b61d2f382d547ee225a7fdc8.jpg,train,352.0,375.0,203.0,473.0,재킷,,,,,,,크롭 기장,,,,레귤러핏,,,무지,,지퍼
images/cdff9665b61d2f382d547ee225a7fdc8.jpg,train,95.0,339.0,592.0,684.0,재킷,,,,,긴팔,기본 소매,크롭 기장,,,,레귤러핏,,,무지,,지퍼|포켓|후드
images/cdff9665b61d2f382d547ee225a7fdc8.jpg,train,377.0,545.0,151.0,277.0,탑,,,,,,,크롭 기장,,,,슬림핏,,,무지,,
images/650fb8c2f644c556d0a4a407b8f9dc05.jpg,train,248.0,265.0,174.0,532.0,점프수트,,,,,,,,미디·7부 기장,,,여유핏,,,,,플리츠|벨트
images/90763470d70bb5ef99707ddd45df6501.jpg,train,246.0,389.0,170.0,191.0,쇼츠,,,,,,,,쇼츠·미니 기장,,,,,,무지,,
images/90763470d70bb5ef99707ddd45df6501.jpg,train,221.0,232.0,236.0,322.0,탑,,,,,긴팔,래글런 소매,크롭 기장,,,,레귤러핏,,,,,
images/79475cddca1338e2c46c8021861ad925.jpg,train,280.0,265.0,233.0,467.0,코트,,,,,긴팔,퍼프 소매,,,,스탠드 칼라,레귤러핏,,,애니멀,,
images/79475cddca1338e2c46c8021861ad925.jpg,train,279.0,588.0,151.0,287.0,청바지,,,,,,,,롱·긴바지 기장,,,,스트레이트핏,H라인,무지,데님,
images/cdc7e1365e12ced0f9d2359e6c97b8fd.jpg,val_train_split,264.0,199.0,221.0,407.0,원피스,,,,,,,,쇼츠·미니 기장,,,,,X라인,무지,,지퍼
images/fceb7f46f69278bb828a4a2545a450e3.jpg,train,90.0,352.0,358.0,537.0,원피스,,,,,,,,롱·긴바지 기장,홀터넥,,,,,무지,,지퍼|프릴·러플
images/f6060e267616211ae44041827486e274.jpg,train,200.0,484.0,210.0,274.0,팬츠,,,,,,,,,,,,스트레이트핏,H라인,무지,,지퍼|포켓
images/f6060e267616211ae44041827486e274.jpg,train,122.0,131.0,253.0,399.0,티셔츠,,,,,,,크롭 기장,,터틀넥,,여유핏,,,무지,,포켓|지퍼
images/f6060e267616211ae44041827486e274.jpg,train,106.0,108.0,379.0,535.0,코트,,,,,긴팔,기본 소매,,,,,레귤러핏,,,무지,,지퍼
images/f6f3dfe4edacf706b0d39381474c8620.jpg,train,155.0,456.0,199.0,140.0,쇼츠,,,,,,,,쇼츠·미니 기장,,,,,,무지,,
images/f6f3dfe4edacf706b0d39381474c8620.jpg,train,109.0,191.0,315.0,319.0,셔츠,,,,,긴팔,벌룬 소매,기본 기장,,,,여유핏,,,무지,,단추|리본
images/950a4de4fb5fe7bf00e058cddd7ce3f6.jpg,train,112.0,255.0,471.0,592.0,원피스,,,,,긴팔,벌룬 소매,,쇼츠·미니 기장,보트넥,,,,A라인,도트|플로럴,,벨트
images/42da73d0d99e8b3eaa51bcfb7587add1.jpg,train,162.0,178.0,285.0,269.0,티셔츠,,,,,긴팔,,크롭 기장,,라운드넥,,여유핏,,,도트,,
images/42da73d0d99e8b3eaa51bcfb7587add1.jpg,train,165.0,432.0,282.0,154.0,스커트,,,,,,,,쇼츠·미니 기장,,,,플레어핏,,도트,,
images/343e8cb268233e30d6452337a4149feb.jpg,train,269.0,180.0,188.0,339.0,원피스,,,,,,,,쇼츠·미니 기장,,,,,X라인,무지,,플리츠|지퍼|프릴·러플|벨트
images/f784084a5f87763a4be8e15de597bb1f.jpg,train,382.0,221.0,249.0,458.0,원피스,,,,,,,,,,,,,X라인,스트라이프,,플리츠|지퍼
images/ec1ef7f908382a7115d6ffb9ee5b20de.jpg,train,201.0,209.0,232.0,206.0,티셔츠,,,,,반팔,기본 소매,,,,피터팬 칼라,레귤러핏,,,체크,,
images/ec1ef7f908382a7115d6ffb9ee5b20de.jpg,train,204.0,215.0,210.0,390.0,원피스,,,,,,,,쇼츠·미니 기장,,,,,,무지,,
images/9d829980246e3b4fa7164eaad9210cdb.jpg,train,216.0,370.0,334.0,532.0,원피스,,,,,,,,롱·긴바지 기장,,,,,X라인,무지,,플리츠|지퍼
images/dcba2952669d8238721fe5b4b2809686.jpg,train,166.0,238.0,261.0,525.0,원피스,,,,,,,,쇼츠·미니 기장,,,,,X라인,무지,,플리츠|지퍼|벨트
images/ec4898ce293c0fce9e3df490ef83741d.jpg,train,377.0,467.0,71.0,162.0,니트,,,,,,,크롭 기장,,라운드넥,,레귤러핏,,,무지,니트,
images/ec4898ce293c0fce9e3df490ef83741d.jpg,train,309.0,624.0,152.0,280.0,팬츠,,,,,,,,롱·긴바지 기장,,,,스트레이트핏,H라인,체크,,
images/ec4898ce293c0fce9e3df490ef83741d.jpg,train,315.0,462.0,194.0,257.0,코트,,,,,긴팔,,,,,라펠 칼라,레귤러핏,,,무지,,포켓
images/41bd32f25ffe00a2d17c214b7325210c.jpg,val_train_split,517.0,182.0,69.0,121.0,베스트,,,,,,,기본 기장,,,,레귤러핏,,,무지,,
images/41bd32f25ffe00a2d17c214b7325210c.jpg,val_train_split,514.0,285.0,67.0,125.0,팬츠,,,,,,,,,,,,스트레이트핏,H라인,무지,,
images/41bd32f25ffe00a2d17c214b7325210c.jpg,val_train_split,590.0,295.0,47.0,92.0,셔츠,,,,,,,,,,,,,,무지,,
images/76d41787252081841c1c89dee63fad9b.jpg,train,67.0,238.0,329.0,308.0,니트,,,,,긴팔,기본 소매,기본 기장,,,,여유핏,,,스트라이프,니트,
images/76d41787252081841c1c89dee63fad9b.jpg,train,158.0,498.0,169.0,368.0,청바지,,,,,,,,롱·긴바지 기장,,,,슬림핏,,무지,데님,
images/77a2521e82d3d73a3307b6c5db595543.jpg,train,387.0,383.0,71.0,88.0,스커트,,,,,,,,쇼츠·미니 기장,,,,스트레이트핏,H라인,무지,,지퍼
images/77a2521e82d3d73a3307b6c5db595543.jpg,train,385.0,296.0,85.0,174.0,가디건,,,,,긴팔,기본 소매,기본 기장,,,,여유핏,,,무지|스트라이프,니트,단추
images/77a2521e82d3d73a3307b6c5db595543.jpg,train,305.0,254.0,122.0,130.0,티셔츠,,,,,긴팔,,,,,,슬림핏,,,무지,,
images/c93a9aada87c9ada6b1c3c24a90f5cef.jpg,val_train_split,22.0,177.0,1001.0,846.0,재킷,,,,,7부 소매,기본 소매,크롭 기장,,,,슬림핏,,,무지,퍼·플리스,지퍼|단추|포켓
images/73de9da69ac69f1e9ffdfa12dce3b96a.jpg,train,345.0,121.0,132.0,169.0,탑,,,,,,,크롭 기장,,홀터넥,,슬림핏,,,,,
images/73de9da69ac69f1e9ffdfa12dce3b96a.jpg,train,334.0,292.0,150.0,195.0,쇼츠,,,,,,,,쇼츠·미니 기장,,,,,,스트라이프,,플리츠|포켓
images/8e52ed7e455fc8b87a47f9de643baaf9.jpg,train,116.0,180.0,285.0,333.0,재킷,,,,,긴팔,래글런 소매,크롭 기장,,,,레귤러핏,,,무지|스트라이프,,지퍼|포켓
images/8e52ed7e455fc8b87a47f9de643baaf9.jpg,train,159.0,466.0,190.0,185.0,스커트,,,,,,,,쇼츠·미니 기장,,,,,,체크,,
images/446f1b6e9b4fa68f114451715cda2abf.jpg,train,206.0,603.0,226.0,420.0,원피스,,,,,7부 소매,벌룬 소매,,,오프숄더,,,,X라인,무지|스트라이프,,
images/03dc56808c0ae00287d11d9715a22e9b.jpg,train,225.0,373.0,208.0,220.0,스커트,,,,,,,,쇼츠·미니 기장,,,,,A라인,무지,,플리츠
images/03dc56808c0ae00287d11d9715a22e9b.jpg,train,154.0,188.0,345.0,254.0,티셔츠,,,,,7부 소매,기본 소매,,,V넥,,슬림핏,,,무지,,
images/ee8fe856d7000bc86976bcd2b879b3aa.jpg,train,160.0,199.0,302.0,508.0,원피스,,,,,반팔,기본 소매,,무릎 기장,V넥,,,,A라인,무지,,지퍼|리본|스팽글
images/888180621223f909b40ed22870b4676a.jpg,train,296.0,340.0,90.0,183.0,탑,,,,,,,크롭 기장,,라운드넥,,여유핏,,,무지,,
images/888180621223f909b40ed22870b4676a.jpg,train,295.0,511.0,100.0,260.0,팬츠,,,,,,,,롱·긴바지 기장,,,,슬림핏,,무지,,
images/888180621223f909b40ed22870b4676a.jpg,train,254.0,334.0,190.0,325.0,코트,,,,,긴팔,기본 소매,,,,,레귤러핏,,,무지,퍼·플리스,단추|지퍼
images/5a8e174d0e64bdfb0af7e4384556445e.jpg,train,195.0,433.0,216.0,219.0,원피스,,,,,,,,쇼츠·미니 기장,,,,,,무지,,지퍼
images/5a8e174d0e64bdfb0af7e4384556445e.jpg,train,60.0,163.0,433.0,474.0,코트,,,,,긴팔,,,,,스탠드 칼라,오버핏,,,무지,퍼·플리스,
images/7a274ce98e177c550a422fa70bd6c193.jpg,train,98.0,363.0,553.0,564.0,티셔츠,,,,,긴팔,,크롭 기장,,,,슬림핏,,비대칭,애니멀,,
images/7a274ce98e177c550a422fa70bd6c193.jpg,train,91.0,850.0,371.0,173.0,청바지,,,,,,,,,,,,,,무지,데님,포켓
images/0ef5d7aaa993086a3d2e290ec98f4285.jpg,train,195.0,499.0,193.0,286.0,팬츠,,,,,,,,미디·7부 기장,,,,,,무지,,
images/0ef5d7aaa993086a3d2e290ec98f4285.jpg,train,194.0,207.0,197.0,308.0,티셔츠,,,,,,,기본 기장,,,,레귤러핏,,,무지,,벨트
images/0ef5d7aaa993086a3d2e290ec98f4285.jpg,train,126.0,164.0,336.0,429.0,코트,,,,,,,,,,,여유핏,,,애니멀,,
images/55bf9edcf9c62918bccff27a5629274a.jpg,train,283.0,288.0,245.0,253.0,재킷,,,,,긴팔,기본 소매,크롭 기장,,,,레귤러핏,,,무지,,지퍼|후드
images/55bf9edcf9c62918bccff27a5629274a.jpg,train,341.0,517.0,82.0,55.0,티셔츠,,,,,,,크롭 기장,,,,,,,무지,,
images/55bf9edcf9c62918bccff27a5629274a.jpg,train,332.0,559.0,166.0,403.0,청바지,,,,,,,,롱·긴바지 기장,,,,스트레이트핏,H라인,무지,데님,포켓
images/55bf9edcf9c62918bccff27a5629274a.jpg,train,470.0,428.0,147.0,196.0,재킷,,,,,,,크롭 기장,,,,,,,무지,,
images/4199f022eb209bf6e4f118f691ded765.jpg,train,712.0,189.0,41.0,184.0,니트,,,,,,,크롭 기장,,라운드넥,,레귤러핏,,,무지,니트,
images/4199f022eb209bf6e4f118f691ded765.jpg,train,622.0,360.0,128.0,234.0,팬츠,,,,,,,,롱·긴바지 기장,,,,슬림핏,,무지,,
images/4199f022eb209bf6e4f118f691ded765.jpg,train,610.0,185.0,194.0,254.0,코트,,,,,긴팔,기본 소매,,,,라펠 칼라,레귤러핏,,,무지,,단추|포켓|지퍼
images/b5b53b127e13bf1c741ba36444d7b351.jpg,val_train_split,249.0,458.0,197.0,293.0,스커트,,,,,,,,미디·7부 기장,,,,스트레이트핏,H라인,,,
images/b5b53b127e13bf1c741ba36444d7b351.jpg,val_train_split,189.0,189.0,314.0,356.0,니트,,,,,긴팔,래글런 소매,기본 기장,,,,레귤러핏,,,무지,니트,
images/65c7019df7464fa2c0026766737b211d.jpg,train,269.0,260.0,169.0,598.0,원피스,,,,,,,,롱·긴바지 기장,,,,,H라인,애니멀,,지퍼
images/65c7019df7464fa2c0026766737b211d.jpg,train,240.0,191.0,229.0,188.0,재킷,,,,,,기본 소매,크롭 기장,,,셔츠 칼라,레귤러핏,,,무지,,단추|포켓
images/2cfdce07e7d9779023eb9b5e79ef1f5b.jpg,train,145.0,255.0,449.0,768.0,원피스,,,,,7부 소매,,,,보트넥,,,,X라인,무지|애니멀,,지퍼|프릴·러플
images/52701206aa3166fffe2d070fae9b18aa.jpg,train,423.0,231.0,398.0,265.0,티셔츠,,,,,7부 소매,벨 소매,크롭 기장,,오프숄더,,여유핏,,,무지,,프릴·러플
images/52701206aa3166fffe2d070fae9b18aa.jpg,train,561.0,467.0,230.0,171.0,쇼츠,,,,,,,,쇼츠·미니 기장,,,,,,무지,,포켓
images/5b284d4e6b9d044d7e10ecad56909699.jpg,train,495.0,0.0,468.0,572.0,니트,,,,,긴팔,기본 소매,기본 기장,,,,레귤러핏,,,무지,니트,
images/5b284d4e6b9d044d7e10ecad56909699.jpg,train,512.0,514.0,227.0,113.0,티셔츠,,,,,,,크롭 기장,,,,,,,도트,,
images/a267998360d1bfff1cb812dbf99f0d7c.jpg,val_train_split,117.0,429.0,278.0,320.0,스커트,,,,,,,,무릎 기장,,,,,A라인,무지,,
images/a267998360d1bfff1cb812dbf99f0d7c.jpg,val_train_split,55.0,177.0,379.0,433.0,니트,,,,,긴팔,,크롭 기장,,,,오버핏,,,,니트,
images/c7a6197ca56942f2b95970848d0fb71e.jpg,train,208.0,240.0,253.0,368.0,원피스,,,,,긴팔,기본 소매,,쇼츠·미니 기장,,,,,X라인,무지,,
images/a4acf4755cad3cacd437c865031b7473.jpg,val_train_split,207.0,198.0,326.0,408.0,원피스,,,,,긴팔,,,쇼츠·미니 기장,,,,,H라인,애니멀,,지퍼|벨트
images/8abe5b1bea8c88e86ec92bdd327bff8d.jpg,train,263.0,408.0,197.0,280.0,스커트,,,,,,,,쇼츠·미니 기장,,,,,비대칭,무지,,플리츠|벨트
images/8abe5b1bea8c88e86ec92bdd327bff8d.jpg,train,156.0,217.0,373.0,211.0,셔츠,,,,,긴팔,벌룬 소매,,,,,레귤러핏,,비대칭,무지,,
images/8abe5b1bea8c88e86ec92bdd327bff8d.jpg,train,335.0,232.0,75.0,141.0,탑,,,,,,,크롭 기장,,,,슬림핏,,,무지,,
images/1b4499548b60d37144b5d59467004a8b.jpg,train,420.0,332.0,192.0,233.0,탑,,,,,,,,,스퀘어넥,,슬림핏,,,무지,,
images/1b4499548b60d37144b5d59467004a8b.jpg,train,444.0,514.0,260.0,168.0,스커트,,,,,,,,,,,,,A라인,무지,,단추
images/78084939746eaadb898c8357d57736bf.jpg,train,629.0,183.0,119.0,185.0,점프수트,,,,,,,,쇼츠·미니 기장,,,레귤러핏,,,무지,,지퍼|벨트
images/ee3f887043e3ac89d2e7650deb12f371.jpg,val_train_split,264.0,503.0,67.0,67.0,니트,,,,,,,,,,,,,,무지,니트,
images/ee3f887043e3ac89d2e7650deb12f371.jpg,val_train_split,61.0,463.0,459.0,560.0,재킷,,,,,긴팔,기본 소매,크롭 기장,,,셔츠 칼라,레귤러핏,,,무지,가죽,지퍼|포켓
images/2c12496659099a9150f69b83e5b29e72.jpg,train,188.0,219.0,245.0,640.0,원피스,,,,,긴팔,벨 소매,,롱·긴바지 기장,V넥,,,,H라인,무지,,지퍼
images/6ca95b11958bda27fc6d7f8575d5cd11.jpg,train,124.0,211.0,257.0,242.0,재킷,,,,,반팔,기본 소매,크롭 기장,,,스탠드 칼라,레귤러핏,,,플로럴,,지퍼|리본
images/6ca95b11958bda27fc6d7f8575d5cd11.jpg,train,183.0,569.0,161.0,353.0,팬츠,,,,,,,,롱·긴바지 기장,,,,스트레이트핏,H라인,무지,,
images/6ca95b11958bda27fc6d7f8575d5cd11.jpg,train,112.0,425.0,284.0,171.0,원피스,,,,,긴팔,,,쇼츠·미니 기장,,,,,,무지,,
images/ccbc132e29e4527f7a2933219491def1.jpg,train,187.0,317.0,310.0,227.0,니트,,,,,긴팔,기본 소매,,,라운드넥,,여유핏,,,무지,니트,
images/ccbc132e29e4527f7a2933219491def1.jpg,train,163.0,469.0,322.0,325.0,청바지,,,,,,,,롱·긴바지 기장,,,,,,무지,데님,
images/06f0724e2968f69399663b40e4edb893.jpg,val_train_split,206.0,343.0,290.0,351.0,스커트,,,,,,,,무릎 기장,,,,,,플로럴,,플리츠
images/06f0724e2968f69399663b40e4edb893.jpg,val_train_split,281.0,199.0,160.0,159.0,탑,,,,,,,크롭 기장,,V넥,,슬림핏,,,무지,,
images/06f0724e2968f69399663b40e4edb893.jpg,val_train_split,192.0,154.0,326.0,340.0,블레이저,,,,,긴팔,기본 소매,크롭 기장,,,라펠 칼라,레귤러핏,,,스트라이프,,
images/07d4691096fe094037eec5b37989ebec.jpg,train,530.0,236.0,222.0,458.0,원피스,,,,,긴팔,기본 소매,,쇼츠·미니 기장,,,,,X라인,무지,,플리츠|지퍼
images/d0bbc1aea65943a164b0814592a58e4e.jpg,train,172.0,220.0,203.0,253.0,베스트,,,,,,,크롭 기장,,라운드넥,라펠 칼라,슬림핏,,,무지,,지퍼|포켓
images/d0bbc1aea65943a164b0814592a58e4e.jpg,train,173.0,257.0,167.0,642.0,원피스,,,,,,,,롱·긴바지 기장,,,,,X라인,무지,,지퍼
images/989082aa8c6cd1f2b3754ee732b28d8d.jpg,val_train_split,321.0,281.0,71.0,100.0,셔츠,,,,,,,,,,셔츠 칼라,레귤러핏,,,플로럴,,단추
images/989082aa8c6cd1f2b3754ee732b28d8d.jpg,val_train_split,294.0,311.0,59.0,125.0,베스트,,,,,,,,,,,,,,무지,,
images/989082aa8c6cd1f2b3754ee732b28d8d.jpg,val_train_split,133.0,280.0,332.0,336.0,블레이저,,,,,긴팔,기본 소매,기본 기장,,,라펠 칼라,레귤러핏,,,,,단추|포켓
images/989082aa8c6cd1f2b3754ee732b28d8d.jpg,val_train_split,284.0,558.0,162.0,334.0,팬츠,,,,,,,,롱·긴바지 기장,,,,와이드핏,,무지|스트라이프,,
images/61f7fed01b65eb7021e08937aa108af8.jpg,train,231.0,253.0,182.0,360.0,점프수트,,,,,,,,쇼츠·미니 기장,스퀘어넥,,여유핏,,,스트라이프,,
images/664639721193c343337a27cbc25d27c9.jpg,train,226.0,193.0,253.0,245.0,탑,,,,,긴팔,벨 소매,크롭 기장,,,스탠드 칼라,레귤러핏,,,무지,,
images/664639721193c343337a27cbc25d27c9.jpg,train,213.0,357.0,224.0,214.0,스커트,,,,,,,,쇼츠·미니 기장,,,,,,무지,,
images/4b5bed5cc6af4dfd7bd2d7e4f36ededb.jpg,val_train_split,39.0,164.0,362.0,390.0,원피스,,,,,긴팔,기본 소매,,쇼츠·미니 기장,,,,,,애니멀,,지퍼
images/019a1e05bd9bf4d9c18d12f631b9cfc1.jpg,val_train_split,251.0,321.0,188.0,243.0,후드티,,,,,,,크롭 기장,,,,레귤러핏,,,그래픽|무지,,후드|포켓
images/019a1e05bd9bf4d9c18d12f631b9cfc1.jpg,val_train_split,339.0,348.0,47.0,14.0,티셔츠,,,,,,,,,라운드넥,,레귤러핏,,,무지,,
images/019a1e05bd9bf4d9c18d12f631b9cfc1.jpg,val_train_split,166.0,345.0,356.0,220.0,재킷,,,,,긴팔,,크롭 기장,,,셔츠 칼라,레귤러핏,,,무지,,단추|포켓
images/019a1e05bd9bf4d9c18d12f631b9cfc1.jpg,val_train_split,129.0,531.0,414.0,292.0,청바지,,,,,,,,롱·긴바지 기장,,,,스트레이트핏,H라인,무지,데님,플리츠|포켓
images/e0cad081fe50880527c09d2dd933113b.jpg,train,68.0,262.0,593.0,761.0,코트,,,,,긴팔,기본 소매,,,,,여유핏,,,애니멀,퍼·플리스,
images/e0cad081fe50880527c09d2dd933113b.jpg,train,110.0,267.0,330.0,756.0,원피스,,,,,긴팔,,,,,,,,H라인,그래픽,,지퍼|벨트
images/c18039f4e7228ef47871f70f4f1c718f.jpg,val_train_split,220.0,252.0,296.0,386.0,원피스,,,,,반팔,퍼프 소매,,쇼츠·미니 기장,오프숄더,,,,,스트라이프,,리본
images/25485e7fda88472e46643d9cbb13e606.jpg,train,203.0,397.0,467.0,626.0,재킷,,,,,긴팔,기본 소매,,,,,레귤러핏,,,무지,,지퍼|후드
images/e3a74a0227f7ecb3f73908b319f56b60.jpg,val_train_split,247.0,194.0,186.0,294.0,베스트,,,,,,,기본 기장,,V넥,,슬림핏,,,스트라이프,,
images/e3a74a0227f7ecb3f73908b319f56b60.jpg,val_train_split,247.0,462.0,182.0,278.0,청바지,,,,,,,,미디·7부 기장,,,,스트레이트핏,H라인,무지,데님,포켓
images/6f3dada872794ae256f8bfc8a97478f3.jpg,train,180.0,847.0,303.0,176.0,팬츠,,,,,,,,,,,,슬림핏,,무지,,
images/6f3dada872794ae256f8bfc8a97478f3.jpg,train,106.0,307.0,436.0,569.0,코트,,,,,긴팔,벨 소매,,,V넥,,레귤러핏,,,무지,,벨트
images/35d5a45298ad70b29cdfc5792555bb26.jpg,train,334.0,301.0,60.0,224.0,셔츠,,,,,,,,,,셔츠 칼라,레귤러핏,,,도트,,단추
images/35d5a45298ad70b29cdfc5792555bb26.jpg,train,226.0,300.0,291.0,318.0,블레이저,,,,,긴팔,기본 소매,기본 기장,,,라펠 칼라,레귤러핏,,,체크,,단추|포켓|벨트
images/35d5a45298ad70b29cdfc5792555bb26.jpg,train,281.0,539.0,155.0,362.0,팬츠,,,,,,,,롱·긴바지 기장,,,,,,무지,,
images/c133f85767a7ded60be7aed8557e9372.jpg,train,192.0,357.0,357.0,581.0,스커트,,,,,,,,롱·긴바지 기장,,,,,,무지,,단추
images/c133f85767a7ded60be7aed8557e9372.jpg,train,169.0,160.0,341.0,389.0,셔츠,,,,,긴팔,퍼프 소매,,,,,레귤러핏,,,무지,,
images/d0fa3094103baa2f1a2ecb1807663da0.jpg,train,226.0,227.0,205.0,525.0,원피스,,,,,,,,무릎 기장,스퀘어넥,,,,,무지,,지퍼|프릴·러플
images/68104e695b566ff1dc449f80902eca5d.jpg,train,251.0,186.0,396.0,258.0,니트,,,,,7부 소매,벌룬 소매,크롭 기장,,라운드넥,,여유핏,,,무지,니트,
images/68104e695b566ff1dc449f80902eca5d.jpg,train,323.0,414.0,255.0,267.0,스커트,,,,,,,,,,,,,A라인,체크,,
images/6c81260495829af12be8ecb60553c403.jpg,train,398.0,459.0,196.0,182.0,스커트,,,,,,,,쇼츠·미니 기장,,,,,,무지,,
images/6c81260495829af12be8ecb60553c403.jpg,train,430.0,362.0,164.0,114.0,탑,,,,,반팔,벌룬 소매,크롭 기장,,오프숄더,,여유핏,,,무지,,플리츠|리본
images/e45e53ebc724041dc531742716ffb4fb.jpg,train,378.0,254.0,269.0,377.0,탑,,,,,,,크롭 기장,,보트넥,,레귤러핏,,,애니멀,,
images/d086a6a80783e995d4463641d7db1bf1.jpg,val_train_split,128.0,244.0,305.0,335.0,니트,,,,,긴팔,래글런 소매,기본 기장,,라운드넥,,레귤러핏,,,무지,니트,지퍼
images/d086a6a80783e995d4463641d7db1bf1.jpg,val_train_split,187.0,510.0,264.0,286.0,스커트,,,,,,,,무릎 기장,,,,,A라인,무지,,
images/190e4aad968fd9752eeb30ad08b941fc.jpg,train,238.0,159.0,380.0,770.0,원피스,,,,,,,,롱·긴바지 기장,홀터넥,,,,,무지,,지퍼|프릴·러플
images/a82d5812b19521458c51d063ec084d29.jpg,train,378.0,544.0,312.0,478.0,팬츠,,,,,,,,,,,,와이드핏,,무지,,
images/a82d5812b19521458c51d063ec084d29.jpg,train,302.0,197.0,355.0,498.0,베스트,,,,,,,기본 기장,,,라펠 칼라,레귤러핏,,,무지,,단추
images/a82d5812b19521458c51d063ec084d29.jpg,train,266.0,189.0,488.0,497.0,셔츠,,,,,긴팔,기본 소매,,,,셔츠 칼라,여유핏,,,무지,,단추
images/70e7968735b9f4a3543a7a92eb194d2d.jpg,train,201.0,425.0,229.0,347.0,스커트,,,,,,,,미디·7부 기장,,,,,,무지,,플리츠
images/70e7968735b9f4a3543a7a92eb194d2d.jpg,train,213.0,229.0,270.0,416.0,코트,,,,,긴팔,기본 소매,,,,셔츠 칼라,레귤러핏,,,무지,,단추|포켓
images/70e7968735b9f4a3543a7a92eb194d2d.jpg,train,318.0,266.0,77.0,177.0,니트,,,,,,,크롭 기장,,라운드넥,,,,,무지,니트,
images/967e1c10b8c852070b86dda306c755b6.jpg,train,192.0,195.0,290.0,454.0,원피스,,,,,반팔,기본 소매,,쇼츠·미니 기장,,셔츠 칼라,,,X라인,그래픽,,단추
images/875ec980ab581904191afb1dbc6bd709.jpg,train,438.0,505.0,178.0,260.0,팬츠,,,,,,,,,,,,스트레이트핏,H라인,무지,,
images/875ec980ab581904191afb1dbc6bd709.jpg,train,356.0,279.0,277.0,321.0,니트,,,,,긴팔,벨 소매,기본 기장,,라운드넥,,여유핏,,,무지,니트,
images/c626e28ff8a32590fc6943156a2f0a5d.jpg,train,215.0,226.0,230.0,421.0,원피스,,,,,반팔,,,무릎 기장,보트넥,,,,X라인,무지,,지퍼
images/896dc217a989109dbe81744869f5e7ab.jpg,train,200.0,405.0,178.0,275.0,스커트,,,,,,,,쇼츠·미니 기장,,,,,,무지,,지퍼
images/896dc217a989109dbe81744869f5e7ab.jpg,train,154.0,207.0,240.0,210.0,티셔츠,,,,,반팔,기본 소매,크롭 기장,,라운드넥,,슬림핏,,,무지,,스팽글|리본
images/d0fcb5158078f7c3963baf3b13f3369c.jpg,val_train_split,341.0,279.0,162.0,658.0,점프수트,,,,,,,,롱·긴바지 기장,,,레귤러핏,,,도트,,
images/d0fcb5158078f7c3963baf3b13f3369c.jpg,val_train_split,278.0,168.0,259.0,361.0,블레이저,,,,,긴팔,기본 소매,기본 기장,,V넥,라펠 칼라,레귤러핏,,,도트,,단추|포켓
images/9045f084f8213ff6d408d3c0ca142cf7.jpg,train,162.0,490.0,188.0,351.0,팬츠,,,,,,,,롱·긴바지 기장,,,,스트레이트핏,H라인,무지,,
images/9045f084f8213ff6d408d3c0ca142cf7.jpg,train,195.0,286.0,152.0,265.0,탑,,,,,,,크롭 기장,,V넥,,레귤러핏,,,무지|그래픽,,
images/627def734fdfe8ae17fe9f0453724a20.jpg,val_train_split,281.0,463.0,192.0,422.0,스커트,,,,,,,,미디·7부 기장,,,,,,그래픽|무지,,지퍼
images/627def734fdfe8ae17fe9f0453724a20.jpg,val_train_split,219.0,266.0,216.0,554.0,티셔츠,,,,,반팔,캡 소매,,,V넥,,슬림핏,,,무지,,플리츠|리본
images/f43fa32e4f63f7b7a1fb3eb34d785b2d.jpg,train,223.0,344.0,245.0,372.0,원피스,,,,,반팔,,,쇼츠·미니 기장,오프숄더,,,,H라인,스트라이프,니트,
images/0f4b11f35fdf074f6957e9d843dc09bb.jpg,train,245.0,186.0,203.0,493.0,원피스,,,,,,,,,터틀넥,,,,H라인,무지,,지퍼
images/8301c668098c9bea739965e2e369c78d.jpg,val_train_split,261.0,431.0,196.0,370.0,니트,,,,,긴팔,,크롭 기장,,라운드넥,,여유핏,,,,니트,
images/8301c668098c9bea739965e2e369c78d.jpg,val_train_split,275.0,713.0,161.0,146.0,쇼츠,,,,,,,,쇼츠·미니 기장,,,,,,무지,,포켓
images/10b32d4261defee06a42a1d318270907.jpg,train,249.0,251.0,240.0,656.0,점프수트,,,,,긴팔,기본 소매,,롱·긴바지 기장,,,레귤러핏,,,무지,,플리츠
images/9a188746773b0480ad30be16a0aa9d6b.jpg,train,195.0,218.0,297.0,804.0,점프수트,,,,,,,,롱·긴바지 기장,,,여유핏,,비대칭,무지,,
images/58614673eb185bc7c527c375dcfaf31d.jpg,train,250.0,292.0,270.0,413.0,원피스,,,,,,,,무릎 기장,V넥,,,,X라인,무지|도트,,지퍼
images/1dab6d4a381002898330fe8a855d5190.jpg,train,265.0,353.0,332.0,657.0,원피스,,,,,반팔,래글런 소매,,쇼츠·미니 기장,라운드넥,,,,,체크,,지퍼
images/ab5ee2b62ab27eb284a65e0b69eb3786.jpg,train,253.0,410.0,286.0,550.0,점프수트,,,,,,,,쇼츠·미니 기장,,,레귤러핏,,,무지,,
images/b6a2503bebef620fd947776fbb5c0c02.jpg,val_train_split,101.0,273.0,409.0,693.0,원피스,,,,,긴팔,벌룬 소매,,롱·긴바지 기장,,,,,,도트,,지퍼|벨트
images/835316e548cbf8b88587c3c0d5fe4703.jpg,train,41.0,344.0,622.0,600.0,원피스,,,,,,,,롱·긴바지 기장,보트넥,,,,,도트,,지퍼|벨트
images/d990ef2f53ad0fa7c73891befb045ec2.jpg,train,251.0,272.0,62.0,105.0,탑,,,,,,,,,,,슬림핏,,,무지,,
images/d990ef2f53ad0fa7c73891befb045ec2.jpg,train,199.0,371.0,181.0,296.0,스커트,,,,,,,,쇼츠·미니 기장,,,,,,무지,,
images/d990ef2f53ad0fa7c73891befb045ec2.jpg,train,150.0,177.0,248.0,355.0,베스트,,,,,,,기본 기장,,,칼라 없음,슬림핏,,,체크,,단추
images/6037be505277f4028d3c65df5519a970.jpg,val_train_split,198.0,322.0,329.0,530.0,탑,,,,,,,크롭 기장,,라운드넥,,슬림핏,,,무지,,
images/8139c8a1894285d20a39da83af41816e.jpg,train,236.0,245.0,196.0,597.0,점프수트,,,,,,,,롱·긴바지 기장,V넥,,여유핏,,,도트,,
images/930ccb8e38757ee554598497442871ca.jpg,train,260.0,422.0,183.0,163.0,쇼츠,,,,,,,,쇼츠·미니 기장,,,,,,무지,,포켓
images/930ccb8e38757ee554598497442871ca.jpg,train,270.0,188.0,144.0,253.0,탑,,,,,,,크롭 기장,,터틀넥,,레귤러핏,,,무지,,
images/65e0757d9080c021008b33f2de80ad66.jpg,train,143.0,179.0,326.0,402.0,셔츠,,,,,긴팔,기본 소매,,,,셔츠 칼라,레귤러핏,,,무지,,단추|포켓
images/65e0757d9080c021008b33f2de80ad66.jpg,train,267.0,262.0,62.0,250.0,베스트,,,,,,,,,,,,,,무지,,
images/65e0757d9080c021008b33f2de80ad66.jpg,train,142.0,186.0,333.0,439.0,블레이저,,,,,긴팔,기본 소매,기본 기장,,,,레귤러핏,,,무지,,단추
images/65e0757d9080c021008b33f2de80ad66.jpg,train,197.0,506.0,240.0,445.0,팬츠,,,,,,,,롱·긴바지 기장,,,,,,무지,,
images/71c5df3c22fab58db477e4efca784640.jpg,train,276.0,255.0,152.0,368.0,원피스,,,,,,,,무릎 기장,,스탠드 칼라,,,A라인,무지,,단추|포켓
images/f3cf8a9a239f56610d8dd0aa53200589.jpg,train,240.0,220.0,229.0,537.0,원피스,,,,,,,,무릎 기장,스퀘어넥,,,,H라인,플로럴,,지퍼
images/0fd6a710fe7a682d45483e0fe45cba34.jpg,train,217.0,240.0,316.0,406.0,코트,,,,,긴팔,벌룬 소매,,,,,오버핏,,,무지,퍼·플리스,단추
images/cb58feeaba59b6dce6d51a59927c379c.jpg,train,140.0,398.0,455.0,199.0,청바지,,,,,,,,롱·긴바지 기장,,,,슬림핏,,무지,데님,
images/cb58feeaba59b6dce6d51a59927c379c.jpg,train,241.0,131.0,557.0,428.0,니트,,,,,긴팔,래글런 소매,기본 기장,,,,여유핏,,,무지,니트,
images/03ebb3b4c195415126834c89f8da55b5.jpg,train,314.0,211.0,389.0,408.0,재킷,,,,,긴팔,기본 소매,크롭 기장,,,셔츠 칼라,레귤러핏,,,무지,,단추|포켓
images/03ebb3b4c195415126834c89f8da55b5.jpg,train,367.0,173.0,237.0,441.0,재킷,,,,,긴팔,,크롭 기장,,,,레귤러핏,,,무지,,지퍼|포켓|후드
images/03ebb3b4c195415126834c89f8da55b5.jpg,train,389.0,202.0,212.0,432.0,티셔츠,,,,,,,크롭 기장,,,,레귤러핏,,,무지,,포켓|지퍼
images/f04ff77914e5a28fd4273fb72421cf2a.jpg,train,178.0,221.0,266.0,425.0,원피스,,,,,7부 소매,퍼프 소매,,쇼츠·미니 기장,보트넥,,,,X라인,도트,,지퍼|벨트
images/7f32db8bd422cd07c4de207a0a963580.jpg,train,171.0,269.0,159.0,426.0,원피스,,,,,,,,쇼츠·미니 기장,라운드넥,,,,,무지,,지퍼
images/7f32db8bd422cd07c4de207a0a963580.jpg,train,152.0,285.0,218.0,434.0,가디건,,,,,,퍼프 소매,,,,,레귤러핏,,,무지,니트,
images/6e61d7f8015badaaa8c6914613550075.jpg,train,188.0,347.0,357.0,579.0,원피스,,,,,,,,,스퀘어넥,,,,X라인,무지,,지퍼
images/80c9961385fb353b642259b484b0fcea.jpg,train,240.0,218.0,181.0,198.0,티셔츠,,,,,반팔,래글런 소매,크롭 기장,,보트넥,,레귤러핏,,,무지,,
images/80c9961385fb353b642259b484b0fcea.jpg,train,273.0,396.0,143.0,297.0,팬츠,,,,,,,,미디·7부 기장,,,,,비대칭,애니멀,,포켓|벨트
images/a7275faf5b1e50eb6349ea3142d389fd.jpg,train,135.0,257.0,357.0,442.0,재킷,,,,,긴팔,기본 소매,크롭 기장,,,스탠드 칼라,레귤러핏,,비대칭,무지,,지퍼
images/a7275faf5b1e50eb6349ea3142d389fd.jpg,train,137.0,268.0,290.0,431.0,원피스,,,,,,,,,라운드넥,,,,X라인,무지,,포켓|지퍼
images/44c59770d46e5c80ed618a995e86099a.jpg,train,144.0,238.0,388.0,361.0,재킷,,,,,긴팔,기본 소매,크롭 기장,,,스탠드 칼라,레귤러핏,,,무지,,지퍼
images/44c59770d46e5c80ed618a995e86099a.jpg,train,208.0,323.0,220.0,349.0,티셔츠,,,,,,,크롭 기장,,,,레귤러핏,,,무지,,
images/44c59770d46e5c80ed618a995e86099a.jpg,train,200.0,641.0,282.0,382.0,청바지,,,,,,,,,,,,스트레이트핏,H라인,무지,데님,포켓
images/a90ed2f92e053add876eb5ff7e7c5766.jpg,val_train_split,105.0,758.0,466.0,265.0,청바지,,,,,,,,,,,,슬림핏,,무지,데님,
images/a90ed2f92e053add876eb5ff7e7c5766.jpg,val_train_split,15.0,358.0,576.0,544.0,셔츠,,,,,긴팔,기본 소매,,,,스탠드 칼라,레귤러핏,,,체크,,단추
images/c3501c8e0d277900681b93ad6094f074.jpg,train,240.0,162.0,205.0,851.0,점프수트,,,,,,,,롱·긴바지 기장,스퀘어넥,,여유핏,,H라인,플로럴,,단추|벨트
images/fbcd0eb03964f2378fcfc68af46a0b6d.jpg,train,123.0,258.0,347.0,718.0,원피스,,,,,,,,,오프숄더,,,,H라인,,,
images/2ca8236d41b7a12e208e24f1a115d1a9.jpg,train,194.0,157.0,342.0,594.0,원피스,,,,,긴팔,벌룬 소매,,미디·7부 기장,,,,,,체크,,
images/a66030985ec6a5a82f33e4f269621cbb.jpg,train,39.0,215.0,626.0,790.0,원피스,,,,,,,,롱·긴바지 기장,,,,,X라인,도트,,
images/85a1a761e51b3106934640d1e00a9f68.jpg,train,342.0,207.0,84.0,286.0,티셔츠,,,,,,,크롭 기장,,,,레귤러핏,,,무지,,
images/85a1a761e51b3106934640d1e00a9f68.jpg,train,256.0,476.0,182.0,401.0,팬츠,,,,,,,,롱·긴바지 기장,,,,스트레이트핏,H라인,무지,,
images/85a1a761e51b3106934640d1e00a9f68.jpg,train,200.0,172.0,290.0,352.0,셔츠,,,,,긴팔,기본 소매,기본 기장,,,스탠드 칼라,슬림핏,,,체크,,단추
images/db97077f7730a5ddc7c33422abfb9e71.jpg,train,291.0,276.0,311.0,421.0,원피스,,,,,긴팔,벨 소매,,무릎 기장,,,,,,무지,,지퍼
images/63d856b51d244b44379faf64988dd3ea.jpg,val_train_split,167.0,369.0,261.0,383.0,재킷,,,,,,,,,,,,,,무지,,지퍼
images/63d856b51d244b44379faf64988dd3ea.jpg,val_train_split,326.0,174.0,361.0,457.0,니트,,,,,긴팔,래글런 소매,,,,,오버핏,,,무지,니트,
images/dfd57b1536cb80e4764f0a7443bc0a75.jpg,train,232.0,230.0,261.0,311.0,셔츠,,,,,긴팔,기본 소매,기본 기장,,,,여유핏,,,애니멀,,
images/dfd57b1536cb80e4764f0a7443bc0a75.jpg,train,229.0,216.0,228.0,234.0,니트,,,,,,,,,,셔츠 칼라,,,,도트,니트,
images/dfd57b1536cb80e4764f0a7443bc0a75.jpg,train,250.0,496.0,174.0,393.0,팬츠,,,,,,,,롱·긴바지 기장,,,,슬림핏,,체크,,
images/cd930d273cf8d9ef3491255d181230ce.jpg,train,199.0,144.0,248.0,316.0,티셔츠,,,,,긴팔,래글런 소매,크롭 기장,,라운드넥,,레귤러핏,,,무지,,
images/cd930d273cf8d9ef3491255d181230ce.jpg,train,273.0,439.0,184.0,416.0,스커트,,,,,,,,롱·긴바지 기장,,,,,A라인,애니멀,가죽,
images/b156b849ec3eed0183475f6d2854561b.jpg,train,100.0,232.0,374.0,309.0,셔츠,,,,,반팔,기본 소매,,,,셔츠 칼라,레귤러핏,,,도트,,단추|포켓
images/b156b849ec3eed0183475f6d2854561b.jpg,train,188.0,512.0,220.0,409.0,팬츠,,,,,,,,롱·긴바지 기장,,,,스트레이트핏,H라인,무지,,포켓|벨트
images/7ce5af64694609ac83050e972ea149ed.jpg,val_train_split,243.0,163.0,231.0,474.0,원피스,,,,,7부 소매,,,쇼츠·미니 기장,홀터넥,,,,,무지,,
images/7ce5af64694609ac83050e972ea149ed.jpg,val_train_split,168.0,181.0,304.0,541.0,코트,,,,,7부 소매,,,,,,여유핏,,,무지,,
images/1ddb302157af2dc4c89eb7df04899de3.jpg,train,126.0,340.0,336.0,426.0,점프수트,,,,,긴팔,캡 소매,,쇼츠·미니 기장,보트넥,,슬림핏,,,,,
images/a568341ca24a87069b90f31fd476cad1.jpg,train,130.0,313.0,364.0,366.0,가디건,,,,,긴팔,,기본 기장,,,,여유핏,,,,니트,스팽글|지퍼|포켓
images/a568341ca24a87069b90f31fd476cad1.jpg,train,261.0,563.0,241.0,290.0,스커트,,,,,,,,쇼츠·미니 기장,,,,스트레이트핏,H라인,무지,,지퍼
images/51694e465e8a187c035b638bc167fdbd.jpg,val_train_split,234.0,211.0,241.0,404.0,원피스,,,,,반팔,기본 소매,,쇼츠·미니 기장,스퀘어넥,,,,,무지,,지퍼
images/ee562e9aef01b9bd925f5d1c93c966dd.jpg,train,498.0,231.0,194.0,298.0,탑,,,,,,,크롭 기장,,,,레귤러핏,,,그래픽,,
images/ee562e9aef01b9bd925f5d1c93c966dd.jpg,train,500.0,473.0,186.0,116.0,쇼츠,,,,,,,,쇼츠·미니 기장,,,,,,무지,,포켓
images/80effdcfd37adc05b601bd08df6140fc.jpg,train,141.0,221.0,365.0,529.0,원피스,,,,,반팔,기본 소매,,무릎 기장,보트넥,,,,X라인,,,지퍼|리본
images/fba600efd712688db57c2543ffe4cbc9.jpg,train,278.0,179.0,266.0,429.0,원피스,,,,,반팔,기본 소매,,,,라펠 칼라,,,X라인,그래픽,,플리츠|단추
images/23c7de0d199352b240c1bfbc486a2bcd.jpg,train,324.0,216.0,180.0,249.0,티셔츠,,,,,7부 소매,벌룬 소매,크롭 기장,,,셔츠 칼라,여유핏,,,플로럴,,
images/23c7de0d199352b240c1bfbc486a2bcd.jpg,train,358.0,417.0,98.0,85.0,쇼츠,,,,,,,,쇼츠·미니 기장,,,,슬림핏,,무지,,포켓
images/c0945d79df6fe7eeb2411d1d342b1f9e.jpg,train,96.0,150.0,259.0,301.0,재킷,,,,,긴팔,기본 소매,크롭 기장,,,라펠 칼라,레귤러핏,,,무지,,지퍼
images/c0945d79df6fe7eeb2411d1d342b1f9e.jpg,train,94.0,142.0,264.0,344.0,티셔츠,,,,,긴팔,기본 소매,,,,피터팬 칼라,레귤러핏,,,무지,,
images/c0945d79df6fe7eeb2411d1d342b1f9e.jpg,train,142.0,345.0,179.0,195.0,스커트,,,,,,,,쇼츠·미니 기장,,,,스트레이트핏,H라인,,,
images/5f00771ca43cf44ddb7b90e04e0450b5.jpg,train,408.0,500.0,145.0,59.0,쇼츠,,,,,,,,쇼츠·미니 기장,,,,,,무지,,
images/5f00771ca43cf44ddb7b90e04e0450b5.jpg,train,413.0,296.0,138.0,235.0,탑,,,,,,,크롭 기장,,,,레귤러핏,,,도트,,
images/c4b793ad2c802e4e1de551510ea243b9.jpg,train,340.0,342.0,120.0,142.0,탑,,,,,,,크롭 기장,,,,슬림핏,,,플로럴,,
images/c4b793ad2c802e4e1de551510ea243b9.jpg,train,336.0,501.0,148.0,165.0,쇼츠,,,,,,,,쇼츠·미니 기장,,,,,,무지,,프릴·러플
images/c4b793ad2c802e4e1de551510ea243b9.jpg,train,276.0,375.0,234.0,263.0,재킷,,,,,긴팔,기본 소매,크롭 기장,,,셔츠 칼라,레귤러핏,,,무지,,단추|포켓
images/97d321ff60387f801ff22234cc9729e5.jpg,val_train_split,48.0,323.0,454.0,640.0,원피스,,,,,,,,롱·긴바지 기장,,,,,X라인,무지,,지퍼
images/aea355c5e6e0e0ac843409903e5b0fdd.jpg,val_train_split,278.0,271.0,174.0,572.0,원피스,,,,,,,,미디·7부 기장,,,,,비대칭,플로럴,,
images/aea355c5e6e0e0ac843409903e5b0fdd.jpg,val_train_split,205.0,187.0,306.0,320.0,재킷,,,,,반팔,,크롭 기장,,V넥,,여유핏,,,무지,퍼·플리스,리본
images/13760651cf4373bda39c46cea172c751.jpg,train,210.0,167.0,269.0,734.0,원피스,,,,,반팔,기본 소매,,롱·긴바지 기장,V넥,,,,A라인,체크,,지퍼|프릴·러플
images/bd04d75bb8e6df79956d3cd49cfa1b4a.jpg,val_train_split,474.0,184.0,218.0,443.0,코트,,,,,긴팔,기본 소매,,,,라펠 칼라,여유핏,,,무지,,포켓
images/bd04d75bb8e6df79956d3cd49cfa1b4a.jpg,val_train_split,505.0,182.0,55.0,113.0,티셔츠,,,,,,,,,터틀넥,,레귤러핏,,,무지,,
images/bd04d75bb8e6df79956d3cd49cfa1b4a.jpg,val_train_split,347.0,455.0,182.0,228.0,팬츠,,,,,,,,롱·긴바지 기장,,,,,,무지,,
images/62c9250998e7b179706bb7c7aac297c9.jpg,val_train_split,636.0,316.0,122.0,199.0,스커트,,,,,,,,미디·7부 기장,,,,,,무지,,
images/62c9250998e7b179706bb7c7aac297c9.jpg,val_train_split,636.0,238.0,149.0,101.0,탑,,,,,긴팔,벌룬 소매,크롭 기장,,보트넥,,레귤러핏,,,도트,,
images/6e38909277273f871f8162e81e783b67.jpg,train,139.0,548.0,285.0,379.0,스커트,,,,,,,,쇼츠·미니 기장,,,,,,무지,,플리츠|지퍼|포켓
images/6e38909277273f871f8162e81e783b67.jpg,train,105.0,249.0,402.0,552.0,셔츠,,,,,긴팔,벌룬 소매,,,,스탠드 칼라,레귤러핏,,,,,단추
images/33cf37ba95a44f7bc311a79658e4fe10.jpg,train,314.0,504.0,153.0,271.0,청바지,,,,,,,,롱·긴바지 기장,,,,,,무지,데님,포켓
images/33cf37ba95a44f7bc311a79658e4fe10.jpg,train,314.0,363.0,118.0,175.0,니트,,,,,반팔,,크롭 기장,,라운드넥,,레귤러핏,,,무지,니트,리본|벨트
images/f9091f1bc67effd49438c9f6f838bb50.jpg,val_train_split,207.0,207.0,262.0,191.0,셔츠,,,,,긴팔,기본 소매,,,,,레귤러핏,,,무지,,단추
images/f9091f1bc67effd49438c9f6f838bb50.jpg,val_train_split,248.0,203.0,178.0,272.0,베스트,,,,,,,크롭 기장,,,셔츠 칼라,슬림핏,,,무지,,단추
images/f9091f1bc67effd49438c9f6f838bb50.jpg,val_train_split,240.0,435.0,195.0,425.0,팬츠,,,,,,,,롱·긴바지 기장,,,,스트레이트핏,H라인,무지,,
images/e09a5d804d6529dc64b8fc57555385d6.jpg,train,218.0,278.0,264.0,395.0,원피스,,,,,반팔,기본 소매,,무릎 기장,보트넥,,,,비대칭,무지,,리본
images/dbca250f2aa9a331d8dc286c4a55ccf8.jpg,train,206.0,415.0,255.0,253.0,스커트,,,,,,,,쇼츠·미니 기장,,,,,A라인,무지,,
images/dbca250f2aa9a331d8dc286c4a55ccf8.jpg,train,199.0,192.0,247.0,348.0,재킷,,,,,긴팔,래글런 소매,크롭 기장,,,,레귤러핏,,,무지,,지퍼|후드
images/661bba1b15d772e7ad438b6f4b449aec.jpg,train,541.0,219.0,259.0,462.0,점프수트,,,,,반팔,기본 소매,,,,셔츠 칼라,,,,무지,,단추|포켓
images/fddb12733e838610757cd379bf85957c.jpg,train,11.0,376.0,421.0,589.0,니트,,,,,긴팔,기본 소매,기본 기장,,라운드넥,,슬림핏,,,무지,니트,
images/656fdfcb27c3035f9b4b43cf1bf3348f.jpg,train,171.0,147.0,600.0,526.0,원피스,,,,,긴팔,,,롱·긴바지 기장,,스탠드 칼라,,,X라인,플로럴,,지퍼
images/4dffec31c018a9a448d25b4f451403b7.jpg,train,144.0,249.0,329.0,402.0,원피스,,,,,7부 소매,,,쇼츠·미니 기장,오프숄더,,,,,플로럴,,프릴·러플
images/7b87749f17708a833f9c6dbd52f59e39.jpg,val_train_split,219.0,429.0,114.0,36.0,티셔츠,,,,,,,,,,,,,,무지,,
images/7b87749f17708a833f9c6dbd52f59e39.jpg,val_train_split,220.0,203.0,168.0,291.0,니트,,,,,긴팔,,크롭 기장,,터틀넥,,여유핏,,,무지,니트,포켓
images/7b87749f17708a833f9c6dbd52f59e39.jpg,val_train_split,216.0,449.0,166.0,377.0,청바지,,,,,,,,,,,,스트레이트핏,H라인,무지,데님,포켓|지퍼
images/7b87749f17708a833f9c6dbd52f59e39.jpg,val_train_split,115.0,200.0,393.0,554.0,코트,,,,,긴팔,기본 소매,,,,,여유핏,,,무지,가죽,
images/9385ce99735e712dd595a9a9066c5798.jpg,train,389.0,175.0,245.0,287.0,원피스,,,,,긴팔,벨 소매,,쇼츠·미니 기장,라운드넥,,,,X라인,애니멀,,지퍼
images/dba03ae873e41fe576b6167eba915695.jpg,train,265.0,461.0,212.0,561.0,팬츠,,,,,,,,,,,,스트레이트핏,H라인,그래픽,,
images/dba03ae873e41fe576b6167eba915695.jpg,train,281.0,207.0,202.0,237.0,탑,,,,,,,크롭 기장,,스퀘어넥,,레귤러핏,,,무지,,
images/2102fde2c77fc1ca36fcd35f7306ee18.jpg,train,163.0,441.0,196.0,236.0,스커트,,,,,,,,쇼츠·미니 기장,,,,,,무지,,
images/2102fde2c77fc1ca36fcd35f7306ee18.jpg,train,108.0,191.0,307.0,281.0,티셔츠,,,,,반팔,기본 소매,크롭 기장,,스퀘어넥,,레귤러핏,,,스트라이프,,리본
images/45988458d0eedc4f89f85f7e38edc79b.jpg,train,220.0,162.0,304.0,596.0,원피스,,,,,긴팔,벨 소매,,무릎 기장,라운드넥,,,,,체크,,지퍼|포켓
images/976d5e391dda2f65eeb16eab3fb0affc.jpg,train,144.0,187.0,399.0,772.0,원피스,,,,,,,,롱·긴바지 기장,V넥,,,,A라인,,,스팽글|지퍼|프릴·러플
images/a079aab923e31b6ea65fac7a480c27a0.jpg,train,294.0,169.0,235.0,225.0,티셔츠,,,,,반팔,퍼프 소매,,,V넥,,레귤러핏,,,스트라이프,,
images/a079aab923e31b6ea65fac7a480c27a0.jpg,train,197.0,373.0,387.0,373.0,스커트,,,,,,,,,,,,,,체크,,플리츠
images/e5e93fdd9b376329455eafd1dda72fab.jpg,train,276.0,171.0,269.0,316.0,티셔츠,,,,,7부 소매,,크롭 기장,,터틀넥,,레귤러핏,,,무지,,
images/e5e93fdd9b376329455eafd1dda72fab.jpg,train,328.0,368.0,221.0,287.0,스커트,,,,,,,,무릎 기장,,,,스트레이트핏,비대칭,무지,,
images/ff4d82d9dad9daf361012dcabda26f2f.jpg,train,594.0,446.0,305.0,179.0,쇼츠,,,,,,,,쇼츠·미니 기장,,,,슬림핏,,무지,,포켓
images/ff4d82d9dad9daf361012dcabda26f2f.jpg,train,536.0,32.0,322.0,389.0,탑,,,,,,,크롭 기장,,스퀘어넥,,슬림핏,,,그래픽,,
images/5c73b2efa4d7c898ad1832e68507507b.jpg,train,134.0,664.0,546.0,359.0,스커트,,,,,,,,,,,,,,무지,,
images/5c73b2efa4d7c898ad1832e68507507b.jpg,train,120.0,320.0,479.0,609.0,셔츠,,,,,긴팔,벌룬 소매,,,,셔츠 칼라,여유핏,,,플로럴,,단추
images/0543934370aa87a69545d5035350036f.jpg,train,418.0,455.0,67.0,128.0,팬츠,,,,,,,,롱·긴바지 기장,,,,스트레이트핏,H라인,무지,,
images/0543934370aa87a69545d5035350036f.jpg,train,415.0,292.0,94.0,167.0,후드티,,,,,긴팔,,기본 기장,,,,오버핏,,,무지,,후드|포켓
images/9942940380d0901a27703e4507e3bbc5.jpg,train,155.0,398.0,306.0,260.0,티셔츠,,,,,반팔,캡 소매,,,라운드넥,,레귤러핏,,,스트라이프,,
images/9942940380d0901a27703e4507e3bbc5.jpg,train,189.0,654.0,363.0,364.0,스커트,,,,,,,,,,,,,,무지,,플리츠
images/4ebcdb53871ef6a102f623dc0fc918e4.jpg,train,320.0,159.0,221.0,390.0,니트,,,,,긴팔,기본 소매,기본 기장,,라운드넥,,레귤러핏,,,무지,니트,
images/4ebcdb53871ef6a102f623dc0fc918e4.jpg,train,285.0,477.0,192.0,115.0,스커트,,,,,,,,쇼츠·미니 기장,,,,,A라인,무지,,플리츠
images/2724e020e14eab509ee115085ec11583.jpg,val_train_split,209.0,208.0,206.0,458.0,원피스,,,,,긴팔,,,미디·7부 기장,라운드넥,칼라 없음,,,A라인,무지,,지퍼
images/2724e020e14eab509ee115085ec11583.jpg,val_train_split,275.0,532.0,211.0,251.0,팬츠,,,,,,,,롱·긴바지 기장,,,,슬림핏,,무지,,
images/2724e020e14eab509ee115085ec11583.jpg,val_train_split,195.0,187.0,285.0,482.0,코트,,,,,긴팔,,,,,,레귤러핏,,,무지,퍼·플리스,단추
images/8aaee04334f1c61143e4d3c302fc27a2.jpg,val_train_split,160.0,195.0,256.0,513.0,원피스,,,,,반팔,래글런 소매,,무릎 기장,,,,,,무지|그래픽,,지퍼
images/7fe2e27ed5f4ab95c7fd98136e6bc577.jpg,train,137.0,567.0,323.0,456.0,팬츠,,,,,,,,,,,,,,무지,,
images/7fe2e27ed5f4ab95c7fd98136e6bc577.jpg,train,152.0,268.0,287.0,276.0,탑,,,,,반팔,기본 소매,크롭 기장,,라운드넥,,레귤러핏,,,카모,,
images/85f931a94599ec1efc75cba8b8319afe.jpg,train,151.0,230.0,491.0,160.0,원피스,,,,,민소매,캡 소매,,쇼츠·미니 기장,,,,,X라인,무지,,지퍼
images/fc813fdb8cb41651b9b4d5141fcd386a.jpg,train,246.0,222.0,184.0,415.0,원피스,,,,,,,,쇼츠·미니 기장,,,,,,애니멀,,지퍼|포켓
images/f37f99cd705e5b689c4b38b3f6b9c1a8.jpg,val_train_split,395.0,252.0,435.0,429.0,점프수트,,,,,,,,,,,레귤러핏,,,무지,,단추|포켓
images/f37f99cd705e5b689c4b38b3f6b9c1a8.jpg,val_train_split,398.0,250.0,348.0,322.0,탑,,,,,,,,,,,슬림핏,,,무지,,포켓
images/cec4efd9aa49f34978ee9273c9b757ac.jpg,train,331.0,168.0,272.0,523.0,원피스,,,,,,,,쇼츠·미니 기장,,,,,X라인,무지,,지퍼
images/cec4efd9aa49f34978ee9273c9b757ac.jpg,train,293.0,155.0,307.0,323.0,가디건,,,,,7부 소매,기본 소매,크롭 기장,,보트넥,,레귤러핏,,,무지,니트,단추|벨트
images/db1e93979cf150b790e27699c76a2303.jpg,train,279.0,462.0,169.0,227.0,스커트,,,,,,,,쇼츠·미니 기장,,,,,,무지,,지퍼
images/db1e93979cf150b790e27699c76a2303.jpg,train,322.0,197.0,91.0,210.0,티셔츠,,,,,,,,,,,레귤러핏,,,무지,,리본
images/db1e93979cf150b790e27699c76a2303.jpg,train,256.0,204.0,262.0,287.0,블레이저,,,,,7부 소매,기본 소매,크롭 기장,,,라펠 칼라,슬림핏,,,플로럴,,
images/41b5a55347f55633d16f76fd95e9c42a.jpg,train,264.0,542.0,192.0,481.0,팬츠,,,,,,,,,,,,와이드핏,,플로럴,,
images/41b5a55347f55633d16f76fd95e9c42a.jpg,train,255.0,364.0,161.0,159.0,탑,,,,,민소매,,크롭 기장,,라운드넥,,레귤러핏,,,무지,,
images/e7322e0c652ac6c3fc7242514c535ea6.jpg,train,312.0,197.0,260.0,389.0,원피스,,,,,7부 소매,기본 소매,,쇼츠·미니 기장,,,,,,,니트,후드
images/97d42e4b6e73bb0d4f009a1a4a84446e.jpg,val_train_split,460.0,355.0,156.0,177.0,탑,,,,,,,크롭 기장,,,,슬림핏,,,,,
images/97d42e4b6e73bb0d4f009a1a4a84446e.jpg,val_train_split,553.0,465.0,179.0,194.0,쇼츠,,,,,,,,쇼츠·미니 기장,,,,,,무지,,포켓
images/97d42e4b6e73bb0d4f009a1a4a84446e.jpg,val_train_split,446.0,345.0,268.0,334.0,코트,,,,,7부 소매,,,,,,레귤러핏,,,카모,,
images/4fd449d46c162699cd545874448a4072.jpg,train,23.0,300.0,652.0,714.0,원피스,,,,,긴팔,기본 소매,,쇼츠·미니 기장,스퀘어넥,,,,,플로럴,,
images/628a0954b45133368f4a044e4d34d7bc.jpg,train,330.0,174.0,404.0,274.0,코트,,,,,,,,,,라펠 칼라,여유핏,,,무지,,
images/628a0954b45133368f4a044e4d34d7bc.jpg,train,457.0,183.0,160.0,192.0,니트,,,,,긴팔,,기본 기장,,라운드넥,,여유핏,,,무지,니트,
images/628a0954b45133368f4a044e4d34d7bc.jpg,train,474.0,359.0,91.0,35.0,스커트,,,,,,,,쇼츠·미니 기장,,,,,A라인,무지,,플리츠
images/c4552d69d328a188d0fc74614128c964.jpg,train,104.0,170.0,476.0,811.0,원피스,,,,,,,,롱·긴바지 기장,홀터넥,,,,,무지,,지퍼
images/48e928e86804e5685bf62edd17cd6f7f.jpg,train,233.0,551.0,177.0,384.0,팬츠,,,,,,,,롱·긴바지 기장,,,,스트레이트핏,H라인,무지,,
images/48e928e86804e5685bf62edd17cd6f7f.jpg,train,195.0,206.0,259.0,352.0,티셔츠,,,,,반팔,기본 소매,기본 기장,,보트넥,,슬림핏,,,무지|그래픽,,
images/8d0a737bd2016f63d1d41e2c5217f10f.jpg,train,224.0,258.0,238.0,705.0,점프수트,,,,,긴팔,기본 소매,,롱·긴바지 기장,,,여유핏,,H라인,,,
images/ec7512b478ca400783f22a7480dbe0aa.jpg,val_train_split,186.0,202.0,265.0,579.0,원피스,,,,,,,,미디·7부 기장,홀터넥,,,,,무지,,지퍼
images/bafa034157768ee57c8f10e6799084c3.jpg,train,342.0,222.0,208.0,446.0,원피스,,,,,,,,쇼츠·미니 기장,라운드넥,,,,O라인,,,지퍼
images/36eea3cc64274195a3ae287bfd3fb6b3.jpg,val_train_split,452.0,274.0,202.0,377.0,코트,,,,,긴팔,,,,,,여유핏,,,무지,퍼·플리스,
images/3a31c50cecb84431f712b73daa9c6119.jpg,val_train_split,501.0,384.0,104.0,99.0,쇼츠,,,,,,,,쇼츠·미니 기장,,,,,,도트,,
images/3a31c50cecb84431f712b73daa9c6119.jpg,val_train_split,505.0,274.0,104.0,128.0,셔츠,,,,,반팔,,,,,셔츠 칼라,레귤러핏,,,무지,,단추|포켓
images/50a1618a6c7a5ab1dcbc0c8975588aad.jpg,train,248.0,492.0,137.0,95.0,쇼츠,,,,,,,,쇼츠·미니 기장,,,,슬림핏,,무지,,
images/50a1618a6c7a5ab1dcbc0c8975588aad.jpg,train,253.0,186.0,245.0,562.0,코트,,,,,7부 소매,기본 소매,,,,,슬림핏,,,무지,,후드
images/b95fb1cc041769035caa626b64151669.jpg,val_train_split,123.0,402.0,211.0,215.0,스커트,,,,,,,,쇼츠·미니 기장,,,,,A라인,무지,,
images/b95fb1cc041769035caa626b64151669.jpg,val_train_split,186.0,259.0,138.0,153.0,탑,,,,,,,크롭 기장,,스퀘어넥,,슬림핏,,,플로럴,,
images/158c90ab706da9b966fa37e3d59d71a1.jpg,train,147.0,416.0,159.0,179.0,티셔츠,,,,,7부 소매,래글런 소매,크롭 기장,,라운드넥,,레귤러핏,,,무지,,
images/158c90ab706da9b966fa37e3d59d71a1.jpg,train,221.0,543.0,93.0,115.0,쇼츠,,,,,,,,쇼츠·미니 기장,,,,,,플로럴,,포켓
images/fbd547a46c0d33a9c82c0321fa2ff28c.jpg,train,554.0,266.0,309.0,757.0,원피스,,,,,,,,,,,,,,플로럴,,포켓
images/fbd547a46c0d33a9c82c0321fa2ff28c.jpg,train,361.0,248.0,513.0,775.0,코트,,,,,,,,,,,레귤러핏,,,무지,가죽|스웨이드,포켓
images/0e81f788f0a030d8593cdef00f776cb2.jpg,val_train_split,147.0,162.0,292.0,420.0,가디건,,,,,7부 소매,,,,,,레귤러핏,,,무지,니트,
images/0e81f788f0a030d8593cdef00f776cb2.jpg,val_train_split,203.0,218.0,186.0,397.0,점프수트,,,,,,,,쇼츠·미니 기장,V넥,,여유핏,,,도트,,벨트
images/76ac6be0832085c64872aafd1531282a.jpg,val_train_split,298.0,439.0,167.0,427.0,팬츠,,,,,,,,롱·긴바지 기장,,,,스트레이트핏,H라인,플로럴,,
images/76ac6be0832085c64872aafd1531282a.jpg,val_train_split,254.0,234.0,239.0,396.0,재킷,,,,,긴팔,,크롭 기장,,,,슬림핏,,,,,후드
images/0eb05a59a1236887c9f0da1dd106a584.jpg,train,284.0,327.0,75.0,203.0,티셔츠,,,,,,,기본 기장,,,,레귤러핏,,,무지,,
images/0eb05a59a1236887c9f0da1dd106a584.jpg,train,221.0,272.0,225.0,316.0,재킷,,,,,긴팔,기본 소매,크롭 기장,,,셔츠 칼라,레귤러핏,,,무지|플로럴,,스팽글|단추|포켓
images/0eb05a59a1236887c9f0da1dd106a584.jpg,train,265.0,518.0,144.0,335.0,청바지,,,,,,,,롱·긴바지 기장,,,,스트레이트핏,H라인,무지,데님,포켓|벨트
images/ca3b3154918385ab08d4d3152aaf2f1a.jpg,train,152.0,300.0,371.0,637.0,원피스,,,,,,,,쇼츠·미니 기장,,,,,X라인,플로럴,,지퍼|프릴·러플
images/ca3b3154918385ab08d4d3152aaf2f1a.jpg,train,158.0,251.0,347.0,551.0,가디건,,,,,긴팔,,기본 기장,,라운드넥,,레귤러핏,,,무지,니트,벨트
images/db9aef4a8c521cd6cdf376dfc7eacff7.jpg,train,334.0,197.0,104.0,398.0,원피스,,,,,,,,쇼츠·미니 기장,스퀘어넥,,,,,무지,,지퍼
images/db9aef4a8c521cd6cdf376dfc7eacff7.jpg,train,167.0,167.0,330.0,647.0,코트,,,,,긴팔,기본 소매,,,,라펠 칼라,레귤러핏,,,무지,,단추|벨트
images/d7066b38b7304770a7b1e8accf01696d.jpg,val_train_split,224.0,359.0,260.0,380.0,원피스,,,,,,,,미디·7부 기장,,,,,X라인,무지,,지퍼
images/8cdac7b56b243a52f7af9e7a0004d77b.jpg,train,225.0,414.0,231.0,250.0,원피스,,,,,,,,쇼츠·미니 기장,,,,,X라인,무지,,
images/3b202c3974e8be134eee59fbc79e7b3c.jpg,train,335.0,346.0,149.0,337.0,티셔츠,,,,,,,크롭 기장,,,,레귤러핏,,,무지,,
images/3b202c3974e8be134eee59fbc79e7b3c.jpg,train,276.0,656.0,210.0,245.0,쇼츠,,,,,,,,쇼츠·미니 기장,,,,슬림핏,,무지,,
images/3b202c3974e8be134eee59fbc79e7b3c.jpg,train,214.0,258.0,203.0,447.0,재킷,,,,,긴팔,기본 소매,크롭 기장,,,스탠드 칼라,레귤러핏,,,무지,,지퍼|포켓
images/d9d822cbe50094599bc0ef4e89de9835.jpg,train,224.0,290.0,230.0,416.0,원피스,,,,,7부 소매,,,쇼츠·미니 기장,오프숄더,,,,A라인,플로럴,,지퍼|프릴·러플
images/df9a7d8a719fe782690eb883d655cbbb.jpg,train,88.0,262.0,182.0,500.0,점프수트,,,,,,,,미디·7부 기장,,,여유핏,,,무지,,플리츠|포켓
images/df9a7d8a719fe782690eb883d655cbbb.jpg,train,68.0,152.0,268.0,239.0,재킷,,,,,반팔,래글런 소매,크롭 기장,,,라펠 칼라,레귤러핏,,,무지,,
images/37994d6c4178db3db986722aad243ca2.jpg,train,399.0,399.0,334.0,607.0,코트,,,,,긴팔,,,,,,레귤러핏,,,무지,,지퍼|단추|포켓|후드
images/37994d6c4178db3db986722aad243ca2.jpg,train,408.0,954.0,233.0,69.0,팬츠,,,,,,,,,,,,,,무지,,
images/884e026aef91c6ddef8f7983df6002cc.jpg,train,3.0,343.0,671.0,475.0,원피스,,,,,,,,미디·7부 기장,,,,,X라인,무지,,지퍼|벨트
images/04455579075cdda1780a00a7b7f6f58c.jpg,train,198.0,211.0,200.0,349.0,티셔츠,,,,,,,,,라운드넥,라펠 칼라,여유핏,,,무지,,
images/04455579075cdda1780a00a7b7f6f58c.jpg,train,161.0,197.0,264.0,296.0,블레이저,,,,,,기본 소매,크롭 기장,,,,레귤러핏,,,무지,,단추
images/04455579075cdda1780a00a7b7f6f58c.jpg,train,203.0,403.0,168.0,434.0,팬츠,,,,,,,,롱·긴바지 기장,,,,스트레이트핏,H라인,그래픽,,플리츠|지퍼
images/901e62a74deae6bd2c9e7a339c53901a.jpg,train,128.0,162.0,251.0,450.0,원피스,,,,,반팔,캡 소매,,쇼츠·미니 기장,,,,,비대칭,,,지퍼|포켓
images/10e3a1f633ca209a12c1ccc27840bdfa.jpg,train,175.0,283.0,265.0,635.0,원피스,,,,,반팔,,,롱·긴바지 기장,오프숄더,,,,,무지|플로럴,,지퍼|리본
images/6bbeb8a5eb07f6fa471b8f85dfd92a70.jpg,train,209.0,259.0,215.0,431.0,원피스,,,,,,,,쇼츠·미니 기장,,,,,X라인,무지,,지퍼
images/0a77ee244cb07bd75a44886337426136.jpg,train,486.0,112.0,122.0,149.0,원피스,,,,,반팔,캡 소매,,쇼츠·미니 기장,,,,,X라인,무지,,지퍼
images/9bdf2d851241784349475fa5a8d5f841.jpg,train,156.0,365.0,419.0,423.0,탑,,,,,,,기본 기장,,오프숄더,,레귤러핏,,,무지,,
images/9bdf2d851241784349475fa5a8d5f841.jpg,train,0.0,705.0,489.0,318.0,스커트,,,,,,,,쇼츠·미니 기장,,,,,,무지,,
images/ed27222cda4632acdd13327a400a3472.jpg,train,240.0,428.0,159.0,178.0,쇼츠,,,,,,,,쇼츠·미니 기장,,,,,,무지,,플리츠
images/ed27222cda4632acdd13327a400a3472.jpg,train,201.0,254.0,230.0,283.0,니트,,,,,긴팔,기본 소매,기본 기장,,보트넥,,레귤러핏,,비대칭,무지,니트,
images/942791df4968074965ee1801609354a9.jpg,train,239.0,521.0,156.0,387.0,팬츠,,,,,,,,롱·긴바지 기장,,,,,,무지,,플리츠|단추|포켓
images/942791df4968074965ee1801609354a9.jpg,train,260.0,375.0,123.0,165.0,탑,,,,,,,크롭 기장,,,,슬림핏,,,무지,,
images/942791df4968074965ee1801609354a9.jpg,train,191.0,323.0,247.0,260.0,셔츠,,,,,긴팔,,기본 기장,,,칼라 없음,레귤러핏,,,무지,,단추
images/b701b03ab54b50196dba14ff6d1a58c2.jpg,train,200.0,255.0,252.0,301.0,탑,,,,,긴팔,,크롭 기장,,라운드넥,라펠 칼라,슬림핏,,,애니멀,,
images/b701b03ab54b50196dba14ff6d1a58c2.jpg,train,222.0,427.0,158.0,507.0,스커트,,,,,,,,롱·긴바지 기장,,,,스트레이트핏,H라인,애니멀,,지퍼
images/a42d570741455767324445dfb2801450.jpg,train,348.0,241.0,260.0,439.0,원피스,,,,,,,,쇼츠·미니 기장,,,,,A라인,애니멀,,지퍼|프릴·러플
images/c6a9f384609b0850c96ded79c86f49ce.jpg,val_train_split,174.0,296.0,215.0,291.0,원피스,,,,,반팔,캡 소매,,쇼츠·미니 기장,V넥,,,,X라인,플로럴,,지퍼
images/a3201d225eb26d3b56a400fc34d76bfc.jpg,val_train_split,172.0,187.0,293.0,267.0,니트,,,,,긴팔,,크롭 기장,,라운드넥,,레귤러핏,,,스트라이프,니트,
images/a3201d225eb26d3b56a400fc34d76bfc.jpg,val_train_split,214.0,436.0,214.0,172.0,쇼츠,,,,,,,,쇼츠·미니 기장,,,,,,무지,,포켓
images/b6647119fe61a2d736f662e30d9d1005.jpg,val_train_split,233.0,178.0,183.0,129.0,베스트,,,,,,,,,,,레귤러핏,,,무지,,
images/b6647119fe61a2d736f662e30d9d1005.jpg,val_train_split,355.0,212.0,101.0,239.0,팬츠,,,,,,,,롱·긴바지 기장,,,,스트레이트핏,H라인,무지,,포켓
images/8e140a5b94ae65b9f7c752c859b207a9.jpg,train,230.0,219.0,180.0,561.0,원피스,,,,,,,,미디·7부 기장,스퀘어넥,,,,H라인,플로럴,,지퍼
images/0f286cec19c5a2e548e46cf1e516f596.jpg,train,425.0,233.0,129.0,196.0,니트,,,,,긴팔,기본 소매,,,,,여유핏,,,무지,니트,
images/0f286cec19c5a2e548e46cf1e516f596.jpg,train,441.0,379.0,98.0,220.0,팬츠,,,,,,,,롱·긴바지 기장,,,,슬림핏,,무지,,
images/33b66b0059889706c902b934def9685e.jpg,train,602.0,455.0,149.0,110.0,스커트,,,,,,,,쇼츠·미니 기장,,,,,A라인,체크,,지퍼
images/33b66b0059889706c902b934def9685e.jpg,train,570.0,332.0,195.0,163.0,니트,,,,,긴팔,,크롭 기장,,,,여유핏,,,무지,니트,
images/f9d3e1c141dbef5e4ef85ed84d90064c.jpg,train,201.0,228.0,203.0,407.0,원피스,,,,,,,,쇼츠·미니 기장,,피터팬 칼라,,,H라인,,,지퍼
images/5d868ae4587c330661084c3ba8f5d85e.jpg,train,259.0,315.0,187.0,366.0,원피스,,,,,반팔,캡 소매,,쇼츠·미니 기장,V넥,,,,X라인,무지,,지퍼
images/d7c1887ebc23d01f7d57dc67c037a61c.jpg,val_train_split,611.0,185.0,182.0,157.0,탑,,,,,,,크롭 기장,,스퀘어넥,,슬림핏,,,무지,,
images/d7c1887ebc23d01f7d57dc67c037a61c.jpg,val_train_split,607.0,267.0,238.0,365.0,팬츠,,,,,,,,롱·긴바지 기장,,,,슬림핏,,무지,,
images/62758131132fc17bc7437b3f933cd885.jpg,val_train_split,280.0,284.0,115.0,386.0,원피스,,,,,,,,쇼츠·미니 기장,,,,,X라인,무지,,지퍼
images/62758131132fc17bc7437b3f933cd885.jpg,val_train_split,190.0,192.0,320.0,514.0,코트,,,,,긴팔,기본 소매,,,,라펠 칼라,레귤러핏,,,체크,,단추|포켓
images/2715988bb14eaa534b00903a6fafc500.jpg,train,230.0,256.0,326.0,467.0,원피스,,,,,긴팔,기본 소매,,무릎 기장,보트넥,,,,X라인,,,플리츠|지퍼
images/a58e2a3535517346bd7ee9518eddaebd.jpg,train,55.0,249.0,440.0,532.0,원피스,,,,,반팔,캡 소매,,미디·7부 기장,보트넥,,,,X라인,플로럴,,지퍼|리본
images/a98b66e201ba0bba840ab0997ce2ce1e.jpg,train,77.0,307.0,529.0,610.0,원피스,,,,,,,,,홀터넥,,,,,무지,,
images/a98b66e201ba0bba840ab0997ce2ce1e.jpg,train,69.0,838.0,509.0,145.0,쇼츠,,,,,,,,쇼츠·미니 기장,,,,,,무지,,
images/672d0a7e4dd07d6b2ba73a7444962f81.jpg,val_train_split,399.0,915.0,187.0,107.0,팬츠,,,,,,,,,,,,슬림핏,,무지,,
images/672d0a7e4dd07d6b2ba73a7444962f81.jpg,val_train_split,238.0,238.0,395.0,784.0,원피스,,,,,,,,,,라펠 칼라,,,X라인,플로럴,,단추
images/bc3651b870a79b985ebfc90cd77b23e1.jpg,train,473.0,518.0,270.0,400.0,원피스,,,,,,,,쇼츠·미니 기장,,,,,X라인,애니멀,,지퍼
images/009f88701b43c02d0e9ca6464df6adba.jpg,train,440.0,123.0,233.0,291.0,원피스,,,,,,,,쇼츠·미니 기장,스퀘어넥,,,,X라인,플로럴,,플리츠|지퍼|리본
images/29ada3f6d6f8963ae7874486e6122e30.jpg,train,19.0,256.0,590.0,662.0,원피스,,,,,,,,무릎 기장,스퀘어넥,,,,X라인,그래픽,,지퍼|포켓|벨트|리본
images/0091ae902cb738e4ca06038c2654fa00.jpg,train,172.0,265.0,360.0,373.0,재킷,,,,,긴팔,기본 소매,크롭 기장,,,,여유핏,,,카모,,지퍼|포켓
images/0091ae902cb738e4ca06038c2654fa00.jpg,train,236.0,316.0,273.0,707.0,코트,,,,,,,,,,라펠 칼라,레귤러핏,,,무지,,
images/0091ae902cb738e4ca06038c2654fa00.jpg,train,270.0,254.0,63.0,317.0,티셔츠,,,,,,,크롭 기장,,터틀넥,,슬림핏,,,무지,,
images/0091ae902cb738e4ca06038c2654fa00.jpg,train,283.0,570.0,131.0,432.0,청바지,,,,,,,,롱·긴바지 기장,,,,,,무지,데님,
images/ba58fd2564bd2a99a130648dd3e88cae.jpg,train,236.0,583.0,145.0,241.0,청바지,,,,,,,,롱·긴바지 기장,,,,스트레이트핏,H라인,스트라이프|플로럴|도트,데님,
images/ba58fd2564bd2a99a130648dd3e88cae.jpg,train,183.0,195.0,281.0,446.0,셔츠,,,,,7부 소매,,,,,셔츠 칼라,오버핏,,비대칭,무지,,단추
images/fa1100268703099575840d13ce539b17.jpg,train,293.0,264.0,179.0,388.0,원피스,,,,,,,,쇼츠·미니 기장,보트넥,,,,X라인,플로럴,,지퍼|벨트
images/41abf469082d3e31a0c44f6d1e793b34.jpg,train,345.0,212.0,172.0,286.0,원피스,,,,,7부 소매,,,쇼츠·미니 기장,오프숄더,,,,,애니멀,,
images/8304d8b4dc8e378cf259205c53a6cb9a.jpg,train,56.0,300.0,296.0,476.0,셔츠,,,,,반팔,기본 소매,,,,스탠드 칼라,레귤러핏,,,무지,,단추|포켓
images/8304d8b4dc8e378cf259205c53a6cb9a.jpg,train,116.0,414.0,516.0,358.0,청바지,,,,,,,,롱·긴바지 기장,,,,스트레이트핏,H라인,무지,데님,
images/7b842b60e0df0e31c7359c219e47c61f.jpg,train,154.0,719.0,466.0,303.0,스커트,,,,,,,,,,,,,A라인,,,
images/7b842b60e0df0e31c7359c219e47c61f.jpg,train,85.0,435.0,572.0,520.0,재킷,,,,,긴팔,,크롭 기장,,,,레귤러핏,,,무지,퍼·플리스,지퍼
images/7b842b60e0df0e31c7359c219e47c61f.jpg,train,285.0,395.0,184.0,338.0,탑,,,,,,,크롭 기장,,라운드넥,,레귤러핏,,,무지,,
images/5003d469d7bd956d8469741a596d2b67.jpg,train,124.0,647.0,235.0,290.0,스커트,,,,,,,,쇼츠·미니 기장,,,,,,무지,,
images/5003d469d7bd956d8469741a596d2b67.jpg,train,57.0,0.0,480.0,717.0,코트,,,,,긴팔,기본 소매,,,,,슬림핏,,,무지,,단추|후드|벨트
images/0e8f824a3997e8328165657447886eaf.jpg,train,162.0,206.0,320.0,438.0,원피스,,,,,긴팔,벨 소매,,쇼츠·미니 기장,V넥,,,,X라인,,,벨트
images/63b8f0fe591c627abb366830db79373d.jpg,train,615.0,136.0,136.0,252.0,원피스,,,,,반팔,캡 소매,,쇼츠·미니 기장,보트넥,,,,H라인,무지,,지퍼
images/11649170d3c163d1ee51d44f70894114.jpg,val_train_split,188.0,250.0,265.0,413.0,원피스,,,,,반팔,캡 소매,,무릎 기장,V넥,,,,,도트,,플리츠|지퍼
images/0b6741e4ea5ea7752803796d539fc214.jpg,train,115.0,143.0,400.0,395.0,후드티,,,,,긴팔,,크롭 기장,,,,레귤러핏,,,무지,,후드
images/0b6741e4ea5ea7752803796d539fc214.jpg,train,148.0,24.0,433.0,492.0,재킷,,,,,긴팔,기본 소매,크롭 기장,,,,슬림핏,,,무지,,지퍼|후드
images/0b6741e4ea5ea7752803796d539fc214.jpg,train,115.0,189.0,331.0,318.0,팬츠,,,,,,,,롱·긴바지 기장,,,,슬림핏,,무지,,지퍼
images/be64cf62fe6b41d9f503c6f6cc11f03a.jpg,train,162.0,186.0,355.0,582.0,원피스,,,,,긴팔,벌룬 소매,,미디·7부 기장,라운드넥,,,,,무지,,플리츠|지퍼
images/9a767c24c5fa8be6bca83080871b8258.jpg,train,85.0,271.0,465.0,612.0,원피스,,,,,반팔,,,쇼츠·미니 기장,스퀘어넥,,,,H라인,,,리본
images/b48d6547eaa4700fa24a6596b1c9603b.jpg,val_train_split,210.0,295.0,348.0,728.0,원피스,,,,,반팔,퍼프 소매,,,,,,,X라인,무지,,지퍼
images/09ecbc8b22e9766eac16f04df11bc327.jpg,train,270.0,70.0,240.0,570.0,원피스,,,,,반팔,캡 소매,,무릎 기장,,,,,,무지,,지퍼|후드
images/30cac464048931fa07c5377ddb4f5c91.jpg,val_train_split,469.0,307.0,148.0,93.0,쇼츠,,,,,,,,쇼츠·미니 기장,,,,,,무지,,포켓
images/30cac464048931fa07c5377ddb4f5c91.jpg,val_train_split,524.0,172.0,131.0,194.0,탑,,,,,,,크롭 기장,,,,슬림핏,,,무지,,지퍼
images/30cac464048931fa07c5377ddb4f5c91.jpg,val_train_split,607.0,67.0,190.0,282.0,재킷,,,,,,기본 소매,크롭 기장,,,,레귤러핏,,,스트라이프|그래픽,,지퍼|포켓
images/f6502184b0f514712ec44e93e4cf38ed.jpg,train,268.0,298.0,192.0,205.0,탑,,,,,반팔,캡 소매,크롭 기장,,,,여유핏,,,스트라이프,,
images/f6502184b0f514712ec44e93e4cf38ed.jpg,train,291.0,493.0,126.0,142.0,쇼츠,,,,,,,,쇼츠·미니 기장,,,,슬림핏,,무지,,포켓
images/c35e1b2491d7c4da58c7387e74a54da4.jpg,val_train_split,225.0,256.0,420.0,581.0,원피스,,,,,,,,롱·긴바지 기장,보트넥,,,,X라인,무지,,
images/9713c38f25e7dfd1633c815b15546ce3.jpg,train,154.0,172.0,307.0,444.0,원피스,,,,,긴팔,,,쇼츠·미니 기장,V넥,,,,비대칭,스트라이프|체크,,
images/0ff4ad78ff3ac1dd76c36dd2fdc0bc95.jpg,val_train_split,85.0,545.0,436.0,471.0,티셔츠,,,,,,,크롭 기장,,오프숄더,,슬림핏,,,무지,,
images/adefce116f8f7456fa2f08fac9b26b56.jpg,train,161.0,146.0,278.0,376.0,재킷,,,,,반팔,기본 소매,크롭 기장,,,,레귤러핏,,,스트라이프,,지퍼|리본|포켓|후드
images/adefce116f8f7456fa2f08fac9b26b56.jpg,train,280.0,205.0,57.0,34.0,티셔츠,,,,,,,,,라운드넥,,레귤러핏,,,무지,,
images/adefce116f8f7456fa2f08fac9b26b56.jpg,train,213.0,489.0,203.0,428.0,청바지,,,,,,,,롱·긴바지 기장,,,,스트레이트핏,H라인,무지,데님,포켓
images/c0dff74822953635728231deffcc5899.jpg,train,192.0,757.0,326.0,266.0,청바지,,,,,,,,,,,,슬림핏,,무지,데님,포켓|프릴·러플
images/c0dff74822953635728231deffcc5899.jpg,train,149.0,314.0,454.0,709.0,티셔츠,,,,,반팔,퍼프 소매,크롭 기장,,V넥,,슬림핏,,비대칭,무지,,프릴·러플|벨트
images/9f0764bba10e8add6949b649701c15b4.jpg,train,201.0,331.0,234.0,565.0,원피스,,,,,,,,롱·긴바지 기장,홀터넥,,,,,무지,,지퍼|프릴·러플
images/1a4feb5af26407045daf402aff0a726a.jpg,train,0.0,206.0,513.0,747.0,원피스,,,,,,,,롱·긴바지 기장,보트넥,,,,,무지,,지퍼|프릴·러플
images/4426b711b273abf781ed47775762b4a0.jpg,train,187.0,242.0,218.0,592.0,블레이저,,,,,,,기본 기장,,,셔츠 칼라,레귤러핏,,,무지,,단추
images/4426b711b273abf781ed47775762b4a0.jpg,train,187.0,679.0,314.0,344.0,팬츠,,,,,,,,,,,,스트레이트핏,H라인,무지,,
images/4426b711b273abf781ed47775762b4a0.jpg,train,33.0,232.0,572.0,683.0,코트,,,,,,기본 소매,,,,,여유핏,,,무지,,단추|포켓|후드
images/4426b711b273abf781ed47775762b4a0.jpg,train,272.0,254.0,103.0,430.0,셔츠,,,,,,,,,,,레귤러핏,,,체크,,단추
images/3ca8965ffbfe9900019cb6f35d222858.jpg,train,153.0,156.0,217.0,265.0,티셔츠,,,,,반팔,캡 소매,,,V넥,,레귤러핏,,,스트라이프,,
images/3ca8965ffbfe9900019cb6f35d222858.jpg,train,132.0,159.0,211.0,389.0,점프수트,,,,,,,,쇼츠·미니 기장,,,레귤러핏,,,무지,,단추|포켓
images/2f25d7c1775569c2576d71a419926b59.jpg,train,416.0,761.0,220.0,262.0,팬츠,,,,,,,,,,,,스트레이트핏,H라인,무지,,
images/2f25d7c1775569c2576d71a419926b59.jpg,train,337.0,192.0,333.0,581.0,베스트,,,,,,,기본 기장,,,,레귤러핏,,,무지,,지퍼|포켓|후드
images/ab677961880981f4b59ff5abdecbe717.jpg,val_train_split,224.0,304.0,119.0,336.0,팬츠,,,,,,,,롱·긴바지 기장,,,,,,무지,,
images/ab677961880981f4b59ff5abdecbe717.jpg,val_train_split,309.0,126.0,34.0,77.0,탑,,,,,,,크롭 기장,,V넥,,슬림핏,,,무지,,
images/ab677961880981f4b59ff5abdecbe717.jpg,val_train_split,216.0,80.0,179.0,205.0,재킷,,,,,긴팔,기본 소매,크롭 기장,,,,레귤러핏,,,무지,,지퍼|후드
images/e2efb6fa4b06b5798dc41ee4c492ad22.jpg,train,458.0,290.0,244.0,339.0,점프수트,,,,,,,,쇼츠·미니 기장,,,슬림핏,,,무지,,
images/e2efb6fa4b06b5798dc41ee4c492ad22.jpg,train,517.0,363.0,173.0,94.0,탑,,,,,,,,,스퀘어넥,,슬림핏,,,무지,,
images/727c5264acf3032bd7f544de96fdd5a9.jpg,train,247.0,166.0,207.0,414.0,원피스,,,,,,,,쇼츠·미니 기장,홀터넥,,여유핏,,,무지,,지퍼
images/727c5264acf3032bd7f544de96fdd5a9.jpg,train,268.0,573.0,174.0,334.0,팬츠,,,,,,,,롱·긴바지 기장,,,,와이드핏,,무지,,
images/b17d9f5ca639c2138e4c0cb4cfef6ba4.jpg,train,174.0,296.0,272.0,616.0,점프수트,,,,,,,,쇼츠·미니 기장,홀터넥,,레귤러핏,,,무지,,
images/f91b08065057fa12accf02b119b5c9a6.jpg,train,405.0,143.0,251.0,286.0,원피스,,,,,반팔,퍼프 소매,,쇼츠·미니 기장,V넥,,,,H라인,무지,,지퍼|리본
images/19e5ff0489dfb0cedb39ef943c047cbc.jpg,train,327.0,342.0,236.0,600.0,원피스,,,,,,,,미디·7부 기장,,,,,H라인,애니멀,,지퍼
images/59121785c35d49718234eef18053b68c.jpg,val_train_split,183.0,215.0,180.0,179.0,탑,,,,,반팔,퍼프 소매,크롭 기장,,V넥,,슬림핏,,,플로럴,,프릴·러플
images/59121785c35d49718234eef18053b68c.jpg,val_train_split,194.0,401.0,207.0,382.0,스커트,,,,,,,,미디·7부 기장,,,,,,,,프릴·러플
images/7e47c119f1a9866f5d70c6942e3b9a0d.jpg,train,279.0,295.0,118.0,109.0,셔츠,,,,,,,,,,셔츠 칼라,레귤러핏,,,무지,,단추
images/7e47c119f1a9866f5d70c6942e3b9a0d.jpg,train,291.0,360.0,111.0,501.0,니트,,,,,,,기본 기장,,,,,,,무지,니트,
images/7e47c119f1a9866f5d70c6942e3b9a0d.jpg,train,129.0,302.0,377.0,626.0,코트,,,,,,기본 소매,,,,라펠 칼라,레귤러핏,,,무지,,포켓
images/7e47c119f1a9866f5d70c6942e3b9a0d.jpg,train,210.0,857.0,299.0,166.0,팬츠,,,,,,,,,,,,와이드핏,,무지,,
images/9b13388fdcc095cd2b2df98b029e873f.jpg,train,316.0,180.0,306.0,309.0,원피스,,,,,,,,미디·7부 기장,라운드넥,,,,,무지,,플리츠|지퍼|스팽글
images/4e5826dd5a2206437017f71bd0c06be3.jpg,val_train_split,185.0,303.0,293.0,214.0,스커트,,,,,,,,쇼츠·미니 기장,,,,플레어핏,,,,
images/4e5826dd5a2206437017f71bd0c06be3.jpg,val_train_split,198.0,132.0,224.0,184.0,티셔츠,,,,,반팔,기본 소매,크롭 기장,,,피터팬 칼라,슬림핏,,,무지,,
images/56d7a426e9cbaeb5448bfbaf628da4d5.jpg,train,126.0,208.0,345.0,461.0,원피스,,,,,긴팔,기본 소매,,쇼츠·미니 기장,V넥,,,,X라인,무지,,지퍼
images/05fb38c2f09ce387fd740339ebf088ff.jpg,train,589.0,186.0,297.0,427.0,셔츠,,,,,,,크롭 기장,,,스탠드 칼라,슬림핏,,,애니멀,,단추
images/b658362372a696484a1ba825ce11ad00.jpg,train,189.0,475.0,201.0,276.0,쇼츠,,,,,,,,쇼츠·미니 기장,,,,,,무지,,포켓
images/b658362372a696484a1ba825ce11ad00.jpg,train,171.0,156.0,217.0,350.0,폴로 셔츠,,,,,반팔,기본 소매,크롭 기장,,,폴로 칼라,레귤러핏,,,무지,,
images/a4e0538337efdb6c51b23bc6e4b24a3b.jpg,train,524.0,276.0,255.0,405.0,후드티,,,,,,,,,,,레귤러핏,,,무지|카모,,후드|지퍼
images/0c005ba337bb21da973b4d515c452631.jpg,train,167.0,265.0,387.0,735.0,가디건,,,,,긴팔,기본 소매,,,,,레귤러핏,,,무지,니트,포켓
images/0c005ba337bb21da973b4d515c452631.jpg,train,239.0,277.0,250.0,538.0,티셔츠,,,,,,,기본 기장,,,,레귤러핏,,,무지,,
images/0c005ba337bb21da973b4d515c452631.jpg,train,244.0,790.0,240.0,233.0,팬츠,,,,,,,,,,,,슬림핏,,그래픽|도트,,스팽글
images/e98c056e9659264d047c7a835bedaadd.jpg,train,358.0,481.0,57.0,153.0,스커트,,,,,,,,쇼츠·미니 기장,,,,,A라인,무지,,플리츠|프릴·러플
images/e98c056e9659264d047c7a835bedaadd.jpg,train,372.0,326.0,125.0,496.0,가디건,,,,,,기본 소매,,,,,여유핏,,,무지,니트,포켓
images/e98c056e9659264d047c7a835bedaadd.jpg,train,359.0,308.0,108.0,173.0,탑,,,,,,,크롭 기장,,,,슬림핏,,,무지,,
images/7f0b9a5f4053f206adf3e6ce72093ed6.jpg,train,389.0,363.0,177.0,322.0,원피스,,,,,반팔,기본 소매,,쇼츠·미니 기장,,스탠드 칼라,,,X라인,무지,,단추|리본|프릴·러플|벨트
images/f6e0e110055e2a38f444e3340edf3d54.jpg,train,263.0,628.0,132.0,285.0,팬츠,,,,,,,,롱·긴바지 기장,,,,스트레이트핏,H라인,무지,,포켓
images/f6e0e110055e2a38f444e3340edf3d54.jpg,train,264.0,450.0,127.0,185.0,티셔츠,,,,,,,크롭 기장,,,,레귤러핏,,,무지,,
images/f6e0e110055e2a38f444e3340edf3d54.jpg,train,252.0,372.0,184.0,276.0,재킷,,,,,,,크롭 기장,,,,레귤러핏,,,그래픽,,지퍼|포켓
images/e953e883f59a25e67e46b53ca4691652.jpg,train,220.0,302.0,310.0,639.0,원피스,,,,,,,,롱·긴바지 기장,오프숄더,,,,,무지|플로럴,,지퍼
images/9337291251c0a646a5185e465543eba7.jpg,train,210.0,243.0,255.0,516.0,원피스,,,,,긴팔,기본 소매,,무릎 기장,,,,,H라인,무지,니트,포켓|후드
images/f0a83e4b3ba96f7917b5adb2de2ae80a.jpg,train,252.0,279.0,315.0,353.0,재킷,,,,,긴팔,기본 소매,크롭 기장,,,스탠드 칼라,슬림핏,,,무지,,단추
images/f0a83e4b3ba96f7917b5adb2de2ae80a.jpg,train,238.0,447.0,393.0,285.0,스커트,,,,,,,,쇼츠·미니 기장,,,,플레어핏,,무지,,
images/82c2751b48428246f24b3aa1503ae31e.jpg,train,249.0,359.0,204.0,296.0,셔츠,,,,,,,,,,셔츠 칼라,레귤러핏,,,플로럴,,단추
images/82c2751b48428246f24b3aa1503ae31e.jpg,train,195.0,608.0,350.0,305.0,스커트,,,,,,,,쇼츠·미니 기장,,,,,A라인,무지,,
images/82c2751b48428246f24b3aa1503ae31e.jpg,train,171.0,321.0,329.0,469.0,가디건,,,,,7부 소매,기본 소매,,,,,슬림핏,,,무지,니트,단추
images/28b7742d95019936c861266ac9e9d4c6.jpg,val_train_split,224.0,214.0,247.0,301.0,셔츠,,,,,긴팔,기본 소매,,,V넥,,레귤러핏,,,무지,,단추
images/28b7742d95019936c861266ac9e9d4c6.jpg,val_train_split,244.0,373.0,171.0,203.0,쇼츠,,,,,,,,쇼츠·미니 기장,,,,,,애니멀,,
images/7026bf8cc53449e45f57793e00a29227.jpg,train,343.0,423.0,213.0,203.0,스커트,,,,,,,,쇼츠·미니 기장,,,,스트레이트핏,H라인,무지,,지퍼
images/7026bf8cc53449e45f57793e00a29227.jpg,train,248.0,125.0,350.0,369.0,재킷,,,,,7부 소매,기본 소매,크롭 기장,,,,여유핏,,,무지,퍼·플리스,
images/de5af8063afa68b7df496aa3627b2c82.jpg,train,212.0,333.0,236.0,333.0,원피스,,,,,반팔,,,쇼츠·미니 기장,오프숄더,,,,,무지,,지퍼|리본
images/76d8b789b5275085e423a627b4c0e0a5.jpg,train,198.0,198.0,247.0,674.0,원피스,,,,,반팔,캡 소매,,롱·긴바지 기장,보트넥,,,,A라인,플로럴,,지퍼
images/f234834deda886c6de1d54e4109a69c6.jpg,train,433.0,154.0,261.0,527.0,원피스,,,,,,,,,,셔츠 칼라,,,H라인,무지,,스팽글|지퍼
images/735741fd9fb9c3f92edc848916b3b91b.jpg,train,325.0,126.0,96.0,122.0,탑,,,,,,,크롭 기장,,,,레귤러핏,,,무지,,
images/735741fd9fb9c3f92edc848916b3b91b.jpg,train,322.0,241.0,144.0,118.0,가디건,,,,,,,,,,,,,,무지,니트,
images/735741fd9fb9c3f92edc848916b3b91b.jpg,train,347.0,259.0,120.0,107.0,스커트,,,,,,,,쇼츠·미니 기장,,,,플레어핏,,체크,,
images/fa33c2a28b581837fb25171d3c82b2cf.jpg,train,183.0,476.0,270.0,547.0,원피스,,,,,반팔,,,,오프숄더,,,,H라인,플로럴,,지퍼
images/283155f9ceea8df451bd77105727a9d8.jpg,train,304.0,282.0,175.0,387.0,원피스,,,,,,,,쇼츠·미니 기장,라운드넥,,,,A라인,무지,,플리츠|지퍼|프릴·러플
images/283155f9ceea8df451bd77105727a9d8.jpg,train,266.0,163.0,257.0,587.0,가디건,,,,,긴팔,,,,,,여유핏,,,무지,니트,단추
images/48bb69829acea4cbab2efa8b3bd66744.jpg,val_train_split,236.0,169.0,136.0,255.0,원피스,,,,,7부 소매,,,쇼츠·미니 기장,,,,,H라인,무지,,프릴·러플|스팽글
images/20d163bd009ae00b3e9e936d45d61ad9.jpg,train,253.0,562.0,178.0,152.0,스커트,,,,,,,,쇼츠·미니 기장,,,,,A라인,무지,,플리츠
images/20d163bd009ae00b3e9e936d45d61ad9.jpg,train,259.0,418.0,186.0,151.0,티셔츠,,,,,반팔,,크롭 기장,,,셔츠 칼라,여유핏,,,도트,,
images/290d2bf007da2602729e64c2e5f34a07.jpg,train,234.0,476.0,214.0,299.0,팬츠,,,,,,,,미디·7부 기장,,,,,,그래픽,,
images/290d2bf007da2602729e64c2e5f34a07.jpg,train,186.0,185.0,298.0,356.0,재킷,,,,,긴팔,,크롭 기장,,,,레귤러핏,,,플로럴,,지퍼
images/567ceb7537a148951ed843518e53eedd.jpg,train,325.0,221.0,293.0,585.0,원피스,,,,,,,,미디·7부 기장,,,,,X라인,무지,,지퍼|벨트
images/0f6a87f656cb36884a58461e4cc1970c.jpg,train,372.0,364.0,397.0,317.0,니트,,,,,,기본 소매,,,라운드넥,,레귤러핏,,,무지,니트,
images/0f6a87f656cb36884a58461e4cc1970c.jpg,train,481.0,361.0,114.0,29.0,티셔츠,,,,,,,,,라운드넥,,레귤러핏,,,,,
images/42fe4d450ce46c30a5a4bb0a4fba0828.jpg,val_train_split,171.0,296.0,405.0,541.0,원피스,,,,,반팔,,,롱·긴바지 기장,,,,,X라인,플로럴,,지퍼
images/668f3fbf856f7471ab30bc8a87430f7d.jpg,val_train_split,240.0,476.0,172.0,328.0,원피스,,,,,,,,쇼츠·미니 기장,스퀘어넥,,,,H라인,플로럴,,벨트
images/1525a049da6f6429e8c8188ddddf7c48.jpg,train,472.0,218.0,109.0,225.0,원피스,,,,,반팔,,,쇼츠·미니 기장,오프숄더,,,,,,,
images/19739521a07a9e66bdfd06b61b14d511.jpg,train,261.0,480.0,133.0,161.0,스커트,,,,,,,,쇼츠·미니 기장,,,,,A라인,무지,,
images/19739521a07a9e66bdfd06b61b14d511.jpg,train,223.0,355.0,218.0,324.0,니트,,,,,긴팔,,크롭 기장,,오프숄더,,오버핏,,,무지,니트,
images/9d53b8cce167be8a13ee8c49c95c1840.jpg,train,178.0,287.0,180.0,388.0,원피스,,,,,반팔,퍼프 소매,,쇼츠·미니 기장,,셔츠 칼라,,,,무지,,리본
images/141958a661b505f6bd9a7974ec8472e4.jpg,train,306.0,296.0,175.0,238.0,탑,,,,,,,크롭 기장,,,,슬림핏,,,그래픽,,
images/141958a661b505f6bd9a7974ec8472e4.jpg,train,307.0,511.0,186.0,96.0,쇼츠,,,,,,,,쇼츠·미니 기장,,,,슬림핏,,무지,,포켓
images/93f072d73b4a42fab82a9ddde75fb1b5.jpg,train,239.0,309.0,213.0,484.0,원피스,,,,,,,,,V넥,,,,X라인,,니트,스팽글|지퍼
images/82f6da39445102a90c27ddcee62345bf.jpg,val_train_split,115.0,199.0,352.0,519.0,원피스,,,,,,,,무릎 기장,라운드넥,,,,비대칭,무지,,지퍼|벨트|프릴·러플
images/c602f2fd73b8e6af2fd2d4112c22eb2d.jpg,val_train_split,148.0,250.0,332.0,448.0,원피스,,,,,,,,무릎 기장,스퀘어넥,,,,,무지,,지퍼
images/e6ad31caebf0740eb574ee88f2dedd2d.jpg,train,328.0,207.0,48.0,97.0,티셔츠,,,,,,,,,터틀넥,,레귤러핏,,,무지,,
images/e6ad31caebf0740eb574ee88f2dedd2d.jpg,train,267.0,539.0,177.0,220.0,스커트,,,,,,,,미디·7부 기장,,,,,,체크,,
images/e6ad31caebf0740eb574ee88f2dedd2d.jpg,train,220.0,188.0,255.0,402.0,코트,,,,,,기본 소매,,,,라펠 칼라,슬림핏,,,체크,,포켓|벨트
images/94d3803cb1159421b5e13489954745c9.jpg,train,177.0,226.0,254.0,721.0,원피스,,,,,,,,롱·긴바지 기장,라운드넥,,,,비대칭,도트,,지퍼
images/19cf188a49a2aeaa580bb3ffc3fcf4bd.jpg,train,281.0,215.0,252.0,445.0,원피스,,,,,반팔,퍼프 소매,,쇼츠·미니 기장,,,,,,플로럴,,지퍼|프릴·러플
images/a1d6421e3a912ebbd981d5a888e377ea.jpg,val_train_split,392.0,320.0,113.0,81.0,탑,,,,,,,크롭 기장,,스퀘어넥,,여유핏,,,플로럴,,
images/a1d6421e3a912ebbd981d5a888e377ea.jpg,val_train_split,397.0,384.0,250.0,248.0,스커트,,,,,,,,미디·7부 기장,,,,,,플로럴,,플리츠|프릴·러플
images/aef2705e2eb9ce3316c7109726b9aeb7.jpg,train,133.0,290.0,315.0,647.0,베스트,,,,,,,크롭 기장,,,셔츠 칼라,레귤러핏,,,무지,,단추
images/b1dbfc62cc5dc52d406be892335a9cb3.jpg,train,462.0,307.0,167.0,290.0,점프수트,,,,,,,,쇼츠·미니 기장,,,레귤러핏,,,무지,,포켓
images/b1dbfc62cc5dc52d406be892335a9cb3.jpg,train,503.0,337.0,104.0,61.0,탑,,,,,,,,,,,슬림핏,,,무지,,
images/645220f2348d54a67e7a09f9e34f52a1.jpg,train,251.0,417.0,188.0,212.0,스커트,,,,,,,,미디·7부 기장,,,,,,무지,,플리츠
images/645220f2348d54a67e7a09f9e34f52a1.jpg,train,124.0,205.0,397.0,234.0,니트,,,,,7부 소매,,크롭 기장,,,,여유핏,,,무지,니트,
images/645220f2348d54a67e7a09f9e34f52a1.jpg,train,235.0,245.0,161.0,215.0,티셔츠,,,,,,,크롭 기장,,라운드넥,,슬림핏,,,무지,,
images/0db8fe0e586311be0e6c8ef5c373c023.jpg,train,661.0,354.0,124.0,83.0,쇼츠,,,,,,,,쇼츠·미니 기장,,,,슬림핏,,무지,,포켓
images/0db8fe0e586311be0e6c8ef5c373c023.jpg,train,636.0,252.0,125.0,213.0,티셔츠,,,,,반팔,캡 소매,크롭 기장,,V넥,,레귤러핏,,,무지,,
images/b4c165d97c450387de827ce0831d4494.jpg,train,592.0,185.0,86.0,211.0,탑,,,,,,,크롭 기장,,,,슬림핏,,,무지,,
images/b4c165d97c450387de827ce0831d4494.jpg,train,560.0,156.0,297.0,510.0,블레이저,,,,,,,크롭 기장,,,라펠 칼라,레귤러핏,,,무지,,
images/b4c165d97c450387de827ce0831d4494.jpg,train,444.0,346.0,291.0,256.0,팬츠,,,,,,,,롱·긴바지 기장,,,,슬림핏,,애니멀,,
images/28d57fd4a857cefb76c74df4d25e3854.jpg,val_train_split,412.0,296.0,210.0,352.0,원피스,,,,,반팔,,,쇼츠·미니 기장,,,,,H라인,무지,,지퍼|벨트
images/28d57fd4a857cefb76c74df4d25e3854.jpg,val_train_split,388.0,254.0,234.0,345.0,코트,,,,,,,,,,,레귤러핏,,,무지,퍼·플리스,지퍼
images/b1184a1ad44bd7be628cb70e46d6c825.jpg,train,318.0,182.0,215.0,402.0,점프수트,,,,,,,,쇼츠·미니 기장,,라펠 칼라,레귤러핏,,,무지,,단추|포켓
images/b1184a1ad44bd7be628cb70e46d6c825.jpg,train,348.0,186.0,163.0,261.0,티셔츠,,,,,반팔,캡 소매,,,,라펠 칼라,슬림핏,,,스트라이프,,
images/6684350fab3b6191e592e40f11adbbeb.jpg,train,190.0,490.0,246.0,462.0,팬츠,,,,,,,,롱·긴바지 기장,,,,,,무지,,
images/6684350fab3b6191e592e40f11adbbeb.jpg,train,180.0,196.0,204.0,338.0,베스트,,,,,,,크롭 기장,,,,레귤러핏,,,무지,,단추|포켓
images/6684350fab3b6191e592e40f11adbbeb.jpg,train,136.0,176.0,308.0,409.0,셔츠,,,,,긴팔,기본 소매,,,,셔츠 칼라,레귤러핏,,,무지,,단추
images/b235bb1b8f10d1fd8b1a33fd20a512c7.jpg,train,148.0,220.0,317.0,356.0,티셔츠,,,,,긴팔,,,,,,여유핏,,,무지,퍼·플리스,
images/b235bb1b8f10d1fd8b1a33fd20a512c7.jpg,train,242.0,427.0,158.0,406.0,스커트,,,,,,,,롱·긴바지 기장,,,,스트레이트핏,H라인,무지,,
images/0405108f2e93a77cff69dcb230113056.jpg,train,307.0,258.0,240.0,228.0,티셔츠,,,,,반팔,기본 소매,크롭 기장,,터틀넥,,레귤러핏,,,무지,,포켓|리본
images/0405108f2e93a77cff69dcb230113056.jpg,train,139.0,328.0,390.0,490.0,청바지,,,,,,,,롱·긴바지 기장,,,,슬림핏,,무지,데님,
images/b4d1c54205e28b6fb4b6f7bb2a713b89.jpg,train,206.0,163.0,143.0,220.0,탑,,,,,,,크롭 기장,,,,슬림핏,,,무지,,
images/b4d1c54205e28b6fb4b6f7bb2a713b89.jpg,train,168.0,356.0,200.0,325.0,팬츠,,,,,,,,,,,,슬림핏,,무지,,
images/b4d1c54205e28b6fb4b6f7bb2a713b89.jpg,train,180.0,176.0,302.0,441.0,가디건,,,,,7부 소매,,,,,,레귤러핏,,,무지,니트,단추
images/a8bab090662de0e16f48b5ee8e2e6a0a.jpg,train,142.0,205.0,247.0,295.0,재킷,,,,,긴팔,기본 소매,크롭 기장,,,스탠드 칼라,슬림핏,,,무지,,지퍼
images/a8bab090662de0e16f48b5ee8e2e6a0a.jpg,train,183.0,419.0,188.0,216.0,스커트,,,,,,,,쇼츠·미니 기장,,,,스트레이트핏,H라인,,,지퍼
images/691e4671c0902cfc0f550fa7d97ff0e7.jpg,train,255.0,207.0,103.0,118.0,탑,,,,,,,크롭 기장,,라운드넥,,슬림핏,,,무지,,
images/691e4671c0902cfc0f550fa7d97ff0e7.jpg,train,190.0,197.0,230.0,333.0,가디건,,,,,반팔,기본 소매,기본 기장,,,,여유핏,,,무지,니트,단추|리본
images/691e4671c0902cfc0f550fa7d97ff0e7.jpg,train,206.0,385.0,196.0,537.0,팬츠,,,,,,,,롱·긴바지 기장,,,,와이드핏,,그래픽,,플리츠
images/f4aee07e50f09863edf149352e42f73e.jpg,train,316.0,421.0,175.0,165.0,쇼츠,,,,,,,,쇼츠·미니 기장,,,,슬림핏,,무지,,포켓|지퍼
images/f4aee07e50f09863edf149352e42f73e.jpg,train,224.0,224.0,139.0,556.0,재킷,,,,,긴팔,,,,,,,,,무지,,지퍼
images/f4aee07e50f09863edf149352e42f73e.jpg,train,282.0,203.0,269.0,320.0,탑,,,,,긴팔,,크롭 기장,,터틀넥,,슬림핏,,,무지,,
images/50bc3b29f70256ef1b8db18dc8044d60.jpg,train,209.0,216.0,291.0,307.0,블레이저,,,,,,기본 소매,크롭 기장,,,라펠 칼라,레귤러핏,,,스트라이프,,단추
images/50bc3b29f70256ef1b8db18dc8044d60.jpg,train,145.0,236.0,334.0,681.0,점프수트,,,,,,,,롱·긴바지 기장,,,오버핏,,,스트라이프,,
images/6b2af32d5d2509632e1e3200ca8e8ae4.jpg,train,96.0,213.0,272.0,585.0,점프수트,,,,,,,,미디·7부 기장,V넥,,여유핏,,,무지,,포켓|벨트
images/7e16686253e1bb9e0994141b3d1988cb.jpg,train,100.0,214.0,402.0,550.0,원피스,,,,,,,,무릎 기장,스퀘어넥,,,,,그래픽,,지퍼|포켓|리본|벨트
images/288cf261c7e26bdc4b5c1c2a83a69a14.jpg,val_train_split,186.0,239.0,382.0,476.0,재킷,,,,,7부 소매,기본 소매,크롭 기장,,,스탠드 칼라,슬림핏,,,무지,,포켓|지퍼
images/288cf261c7e26bdc4b5c1c2a83a69a14.jpg,val_train_split,284.0,614.0,235.0,143.0,탑,,,,,,,크롭 기장,,,,슬림핏,,,무지,,
images/288cf261c7e26bdc4b5c1c2a83a69a14.jpg,val_train_split,314.0,731.0,259.0,291.0,팬츠,,,,,,,,,,,,슬림핏,,무지,,
images/cdfd1514991fad2ed508308d7de8f0eb.jpg,val_train_split,229.0,336.0,222.0,280.0,재킷,,,,,,,크롭 기장,,,,레귤러핏,,,무지,,
images/cdfd1514991fad2ed508308d7de8f0eb.jpg,val_train_split,222.0,187.0,272.0,411.0,원피스,,,,,긴팔,,,쇼츠·미니 기장,스퀘어넥,,,,,,,지퍼
images/fbb1cc089e36e3e3c662d927957c7ae2.jpg,train,185.0,279.0,157.0,410.0,원피스,,,,,,,,무릎 기장,터틀넥,,,,H라인,무지,퍼·플리스,지퍼
images/4d8bf20db55ea6d6f787ba7f24679893.jpg,train,159.0,55.0,249.0,607.0,원피스,,,,,반팔,기본 소매,,무릎 기장,,,,,,무지,,지퍼|후드
images/9415c5a44f1b9322d313b2c243a30735.jpg,train,258.0,235.0,183.0,132.0,티셔츠,,,,,반팔,,,,보트넥,,슬림핏,,,,,
images/9415c5a44f1b9322d313b2c243a30735.jpg,train,264.0,249.0,218.0,325.0,원피스,,,,,,,,쇼츠·미니 기장,,,,,X라인,무지,,단추|포켓
images/bb85c3229e588e61c855f0d7cee8560e.jpg,train,135.0,84.0,383.0,832.0,가디건,,,,,긴팔,기본 소매,,,,,여유핏,,,무지,니트,
images/bb85c3229e588e61c855f0d7cee8560e.jpg,train,173.0,355.0,206.0,213.0,탑,,,,,,,크롭 기장,,,,슬림핏,,,무지,,
images/bb85c3229e588e61c855f0d7cee8560e.jpg,train,192.0,557.0,231.0,466.0,팬츠,,,,,,,,,,,,와이드핏,,스트라이프,,포켓|벨트
images/dd2df2a4164a62b2c35a4d13182c0665.jpg,train,267.0,235.0,177.0,636.0,원피스,,,,,,,,롱·긴바지 기장,보트넥,,,,,도트,,지퍼
images/1660785b437b4d9629a69101cf2c59eb.jpg,train,123.0,160.0,206.0,612.0,점프수트,,,,,,,,미디·7부 기장,V넥,,여유핏,,,,,포켓|벨트
images/1b4b5d576923c1d6d635a4cb9d117083.jpg,val_train_split,146.0,180.0,347.0,606.0,원피스,,,,,반팔,,,무릎 기장,,,,,비대칭,무지|도트,,리본|프릴·러플
images/1b4b5d576923c1d6d635a4cb9d117083.jpg,val_train_split,221.0,610.0,138.0,322.0,팬츠,,,,,,,,롱·긴바지 기장,,,,와이드핏,,도트,,지퍼
images/2a7904f835f830336a85ae3b43ab6def.jpg,train,105.0,254.0,501.0,725.0,원피스,,,,,,,,롱·긴바지 기장,라운드넥,,,,,무지|애니멀,,지퍼
images/7b36c3232da7ad439e30810a051cab2a.jpg,val_train_split,254.0,270.0,200.0,371.0,원피스,,,,,,,,쇼츠·미니 기장,홀터넥,,,,,무지,,지퍼
images/1059bfd268013cb7133b5a865733d548.jpg,train,185.0,241.0,308.0,389.0,원피스,,,,,긴팔,,,미디·7부 기장,홀터넥,,,,H라인,도트,,지퍼|프릴·러플
images/40047a9ef9fefbc1e46992998dbf5b31.jpg,train,269.0,191.0,191.0,443.0,원피스,,,,,,,,쇼츠·미니 기장,,,,,X라인,애니멀,,지퍼
images/9960c0d0e94dad373f8608c100a14cd5.jpg,train,267.0,222.0,226.0,447.0,원피스,,,,,반팔,퍼프 소매,,쇼츠·미니 기장,,,,,X라인,무지,,지퍼
images/4070e6213a915f575e5afae20ba9743d.jpg,train,26.0,6.0,450.0,910.0,티셔츠,,,,,7부 소매,벌룬 소매,크롭 기장,,,,슬림핏,,비대칭,무지,,
images/188bb31df0a11dafe4c4fff23ce06f05.jpg,train,133.0,320.0,210.0,297.0,탑,,,,,,,크롭 기장,,스퀘어넥,칼라 없음,레귤러핏,,,무지,,지퍼
images/188bb31df0a11dafe4c4fff23ce06f05.jpg,train,157.0,229.0,562.0,434.0,청바지,,,,,,,,롱·긴바지 기장,,,,슬림핏,,무지,데님,
images/188bb31df0a11dafe4c4fff23ce06f05.jpg,train,103.0,217.0,296.0,321.0,재킷,,,,,7부 소매,기본 소매,크롭 기장,,,라펠 칼라,레귤러핏,,,무지,,지퍼
images/3aac7633d61bdcd501898f71a3d36312.jpg,train,238.0,247.0,223.0,517.0,티셔츠,,,,,,,,,터틀넥,,레귤러핏,,,무지,,
images/3aac7633d61bdcd501898f71a3d36312.jpg,train,291.0,759.0,101.0,264.0,팬츠,,,,,,,,,,,,슬림핏,,무지,,
images/3aac7633d61bdcd501898f71a3d36312.jpg,train,84.0,271.0,495.0,752.0,코트,,,,,긴팔,,,,,,레귤러핏,,,무지,,지퍼|포켓|후드
images/2e0a80a13ac18d5ce3eca0ee1eced0d1.jpg,train,208.0,223.0,282.0,348.0,코트,,,,,긴팔,,,,,,레귤러핏,,,무지,퍼·플리스,
images/2e0a80a13ac18d5ce3eca0ee1eced0d1.jpg,train,272.0,188.0,149.0,304.0,블레이저,,,,,,,크롭 기장,,라운드넥,라펠 칼라,슬림핏,,,무지,,단추
images/2e0a80a13ac18d5ce3eca0ee1eced0d1.jpg,train,271.0,215.0,161.0,367.0,원피스,,,,,,,,쇼츠·미니 기장,,,,,A라인,무지,,단추
images/68ef636ad2ea3011dffa99754c100cc1.jpg,train,231.0,270.0,254.0,414.0,코트,,,,,긴팔,기본 소매,,,,라펠 칼라,레귤러핏,,,무지,,지퍼|포켓|후드
images/68ef636ad2ea3011dffa99754c100cc1.jpg,train,364.0,635.0,129.0,224.0,팬츠,,,,,,,,,,,,슬림핏,,무지,,
images/102f4972ebb127f8c54fdb6c74080d55.jpg,train,399.0,271.0,362.0,353.0,탑,,,,,,,크롭 기장,,스퀘어넥,,슬림핏,,,무지,,리본
images/102f4972ebb127f8c54fdb6c74080d55.jpg,train,173.0,241.0,349.0,391.0,팬츠,,,,,,,,롱·긴바지 기장,,,,슬림핏,,무지,,
images/99166cec8484a376546844ef0e21dfc9.jpg,train,302.0,115.0,99.0,351.0,니트,,,,,,,크롭 기장,,터틀넥,,,,,무지,니트,
images/99166cec8484a376546844ef0e21dfc9.jpg,train,185.0,116.0,315.0,440.0,코트,,,,,긴팔,기본 소매,,,,라펠 칼라,여유핏,,,무지,,지퍼
images/99166cec8484a376546844ef0e21dfc9.jpg,train,228.0,463.0,214.0,133.0,스커트,,,,,,,,쇼츠·미니 기장,,,,,,무지,,지퍼
images/2dc2f07210b3597f99a93695b143764b.jpg,train,225.0,194.0,239.0,323.0,베스트,,,,,,,크롭 기장,,,,레귤러핏,,,무지,퍼·플리스,지퍼
images/2dc2f07210b3597f99a93695b143764b.jpg,train,206.0,249.0,262.0,314.0,가디건,,,,,긴팔,,크롭 기장,,,,슬림핏,,,무지,니트,단추
images/2dc2f07210b3597f99a93695b143764b.jpg,train,291.0,288.0,145.0,231.0,탑,,,,,,,크롭 기장,,,,레귤러핏,,,무지,,
images/2dc2f07210b3597f99a93695b143764b.jpg,train,248.0,503.0,206.0,387.0,팬츠,,,,,,,,롱·긴바지 기장,,,,스트레이트핏,H라인,무지,,포켓
images/e4f55d23dc2afe814466d1f802ea9ab5.jpg,train,40.0,317.0,595.0,706.0,원피스,,,,,긴팔,기본 소매,,,,스탠드 칼라,,,,무지,,지퍼|벨트
images/60c28aa936eb99003f0f366d86c16a62.jpg,val_train_split,232.0,291.0,227.0,280.0,셔츠,,,,,7부 소매,기본 소매,기본 기장,,,셔츠 칼라,레귤러핏,,,무지|플로럴,,단추
images/60c28aa936eb99003f0f366d86c16a62.jpg,val_train_split,273.0,554.0,150.0,285.0,청바지,,,,,,,,롱·긴바지 기장,,,,,,무지,데님,플리츠|포켓
images/22c3261539f1adc7aca2a8703e91e159.jpg,train,219.0,322.0,244.0,601.0,원피스,,,,,,,,롱·긴바지 기장,,,,,X라인,무지,,지퍼
images/4cc53fc847378d417fc40720ff04241d.jpg,train,256.0,315.0,133.0,169.0,티셔츠,,,,,민소매,캡 소매,크롭 기장,,,,슬림핏,,,플로럴,,
images/4cc53fc847378d417fc40720ff04241d.jpg,train,234.0,382.0,179.0,335.0,원피스,,,,,,,,쇼츠·미니 기장,,,,,,무지,,포켓|프릴·러플
images/c15f3fbb5b16af3bf2c1bc5a041c4060.jpg,train,315.0,494.0,178.0,342.0,청바지,,,,,,,,,,,,슬림핏,,무지,데님,포켓
images/c15f3fbb5b16af3bf2c1bc5a041c4060.jpg,train,299.0,277.0,189.0,190.0,탑,,,,,반팔,,크롭 기장,,스퀘어넥,,슬림핏,,,무지,,리본
images/a3d6ae5774b615f23612d93c52136c92.jpg,train,241.0,177.0,246.0,466.0,원피스,,,,,반팔,캡 소매,,쇼츠·미니 기장,V넥,,,,비대칭,무지,,지퍼
images/af6107af3db4244ec5eafa0c936c0a58.jpg,train,226.0,253.0,304.0,446.0,원피스,,,,,7부 소매,기본 소매,,쇼츠·미니 기장,,칼라 없음,,,,무지,,
images/68d05f6910154c44c541cf1500a9ef6d.jpg,val_train_split,296.0,212.0,137.0,267.0,티셔츠,,,,,,,크롭 기장,,,,슬림핏,,,애니멀,,
images/68d05f6910154c44c541cf1500a9ef6d.jpg,val_train_split,199.0,191.0,334.0,428.0,코트,,,,,긴팔,,,,,,여유핏,,,스트라이프,,
images/68d05f6910154c44c541cf1500a9ef6d.jpg,val_train_split,276.0,476.0,157.0,416.0,팬츠,,,,,,,,롱·긴바지 기장,,,,,,,,
images/a5b981b3b56837b7b7e5032281168192.jpg,train,234.0,596.0,235.0,427.0,팬츠,,,,,,,,,,,,스트레이트핏,H라인,무지,,포켓|지퍼
images/a5b981b3b56837b7b7e5032281168192.jpg,train,195.0,306.0,308.0,304.0,셔츠,,,,,반팔,퍼프 소매,,,,셔츠 칼라,슬림핏,,,무지,,단추
images/890103d7f345f33d97b920e65593e855.jpg,train,176.0,226.0,276.0,400.0,원피스,,,,,,,,쇼츠·미니 기장,,,,,X라인,애니멀,,지퍼
images/4d3f4ccaa286bdc37b8159f0806280f3.jpg,train,132.0,292.0,247.0,731.0,코트,,,,,반팔,,,,,,여유핏,,,무지,퍼·플리스,단추|포켓|후드
images/4d3f4ccaa286bdc37b8159f0806280f3.jpg,train,409.0,325.0,186.0,698.0,코트,,,,,,,,,,,여유핏,,,무지,퍼·플리스,단추
images/4d3f4ccaa286bdc37b8159f0806280f3.jpg,train,123.0,381.0,388.0,470.0,티셔츠,,,,,반팔,,크롭 기장,,라운드넥,라펠 칼라,레귤러핏,,,무지,,리본
images/aa6d65be3b9a088e0f53f28a2c66c33e.jpg,train,137.0,205.0,275.0,668.0,원피스,,,,,민소매,캡 소매,,롱·긴바지 기장,,,,,X라인,플로럴,,지퍼
images/fe9741b3e3f3f07a7ba990993abd3a5a.jpg,train,306.0,347.0,197.0,598.0,스커트,,,,,,,,롱·긴바지 기장,,,,,,플로럴,,플리츠
images/fe9741b3e3f3f07a7ba990993abd3a5a.jpg,train,257.0,184.0,204.0,196.0,티셔츠,,,,,반팔,캡 소매,크롭 기장,,,,레귤러핏,,,도트,,
images/071ac408fc72b25fa5190573ed5a2162.jpg,train,605.0,370.0,137.0,156.0,셔츠,,,,,,,,,,,레귤러핏,,,체크,,단추
images/071ac408fc72b25fa5190573ed5a2162.jpg,train,624.0,463.0,77.0,121.0,청바지,,,,,,,,롱·긴바지 기장,,,,슬림핏,,무지,데님,
images/071ac408fc72b25fa5190573ed5a2162.jpg,train,533.0,243.0,145.0,138.0,니트,,,,,7부 소매,,크롭 기장,,라운드넥,,슬림핏,,,무지,니트,
images/11d58eab96a4d8e8c1c705bec6feef85.jpg,val_train_split,400.0,261.0,285.0,452.0,원피스,,,,,,,,,홀터넥,,,,,무지,,지퍼
images/8c7e070c461973d41baa49411e8b9bac.jpg,train,455.0,301.0,143.0,305.0,원피스,,,,,반팔,캡 소매,,무릎 기장,,,,,X라인,플로럴,,벨트
images/9ad6799ad0459f72da2e67241f959a3f.jpg,train,274.0,581.0,127.0,267.0,팬츠,,,,,,,,롱·긴바지 기장,,,,슬림핏,,무지,,
images/9ad6799ad0459f72da2e67241f959a3f.jpg,train,271.0,349.0,132.0,315.0,탑,,,,,,,크롭 기장,,홀터넥,,슬림핏,,,무지,,벨트
images/ec3873aa10b64f2c5c0ae4044d8dd916.jpg,train,459.0,440.0,161.0,137.0,쇼츠,,,,,,,,쇼츠·미니 기장,,,,,,무지,,
images/ec3873aa10b64f2c5c0ae4044d8dd916.jpg,train,482.0,266.0,162.0,304.0,탑,,,,,반팔,,크롭 기장,,오프숄더,,레귤러핏,,,플로럴,,포켓
images/3e4c944836dd537868964d84c626eafb.jpg,train,105.0,211.0,214.0,376.0,원피스,,,,,,,,쇼츠·미니 기장,,,,,,무지|애니멀,,지퍼
images/0a944173f4d1ec7fac3fe4cd329b13be.jpg,train,247.0,263.0,172.0,271.0,탑,,,,,,,크롭 기장,,,,슬림핏,,,무지,,스팽글
images/0a944173f4d1ec7fac3fe4cd329b13be.jpg,train,241.0,495.0,189.0,434.0,팬츠,,,,,,,,롱·긴바지 기장,,,,,,무지,,플리츠|지퍼|포켓
images/0e862b023e3849269cb2ec067f27ad7a.jpg,train,181.0,547.0,264.0,450.0,쇼츠,,,,,,,,쇼츠·미니 기장,,,,,,무지,,포켓
images/0e862b023e3849269cb2ec067f27ad7a.jpg,train,155.0,212.0,349.0,756.0,니트,,,,,긴팔,,크롭 기장,,V넥,,오버핏,,비대칭,무지,니트,
images/534ff24aeace6928b54b22d705da0441.jpg,train,150.0,460.0,198.0,395.0,팬츠,,,,,,,,미디·7부 기장,,,,,,무지,,
images/534ff24aeace6928b54b22d705da0441.jpg,train,132.0,219.0,261.0,316.0,티셔츠,,,,,반팔,캡 소매,크롭 기장,,보트넥,,레귤러핏,,,무지,,
images/18578c97b494426e9ead0a908ef54bed.jpg,train,276.0,299.0,201.0,395.0,원피스,,,,,반팔,,,쇼츠·미니 기장,라운드넥,,,,X라인,무지,,지퍼|리본
images/c3c946bfd4dd207aa6aa4194dd9f1b82.jpg,val_train_split,241.0,462.0,116.0,121.0,쇼츠,,,,,,,,쇼츠·미니 기장,,,,,,무지,,
images/c3c946bfd4dd207aa6aa4194dd9f1b82.jpg,val_train_split,201.0,174.0,221.0,396.0,셔츠,,,,,반팔,퍼프 소매,,,라운드넥,,여유핏,,,무지,,플리츠
images/6c9976b42b9e8037750723ce4de6d1c6.jpg,train,238.0,318.0,171.0,237.0,가디건,,,,,긴팔,,,,V넥,,,,,무지,니트,
images/6c9976b42b9e8037750723ce4de6d1c6.jpg,train,236.0,315.0,145.0,299.0,원피스,,,,,,,,쇼츠·미니 기장,V넥,,,,X라인,무지,,지퍼
images/6c9976b42b9e8037750723ce4de6d1c6.jpg,train,265.0,608.0,87.0,169.0,팬츠,,,,,,,,롱·긴바지 기장,,,,슬림핏,,무지,,
images/ef1dc60dc406ac9a71d6b1de5160053d.jpg,train,145.0,360.0,256.0,483.0,원피스,,,,,반팔,캡 소매,,미디·7부 기장,,피터팬 칼라,,,X라인,도트|플로럴,,지퍼|벨트
images/8dfb1fc964a7bfa9b0bf32ce9e242d3f.jpg,train,230.0,272.0,231.0,410.0,원피스,,,,,긴팔,,,쇼츠·미니 기장,,스탠드 칼라,,,,무지,,단추|포켓|벨트
images/7d31c1f32bccbc7d40fd9921d1013b6e.jpg,train,212.0,188.0,287.0,630.0,원피스,,,,,,,,미디·7부 기장,홀터넥,,,,X라인,무지,,지퍼
images/c68b27ebca62d79bb95b5ce8acd0bc39.jpg,train,231.0,115.0,192.0,274.0,셔츠,,,,,긴팔,기본 소매,,,,셔츠 칼라,여유핏,,,무지,,단추
images/c68b27ebca62d79bb95b5ce8acd0bc39.jpg,train,248.0,361.0,175.0,569.0,팬츠,,,,,,,,롱·긴바지 기장,,,,,,그래픽,,
images/8a04575c1db418f26e2b27599c28da2d.jpg,train,240.0,307.0,193.0,326.0,코트,,,,,긴팔,,,,,라펠 칼라,레귤러핏,,,,,
images/8a04575c1db418f26e2b27599c28da2d.jpg,train,286.0,355.0,121.0,290.0,원피스,,,,,,,,쇼츠·미니 기장,,,,,X라인,,,지퍼
images/994f4d8a98d0911d4ff006882072114c.jpg,train,170.0,274.0,311.0,620.0,점프수트,,,,,7부 소매,,,롱·긴바지 기장,,스탠드 칼라,여유핏,,,무지,,단추|벨트
images/d06891db0fd535ef5709168796821cbf.jpg,train,320.0,367.0,234.0,174.0,탑,,,,,,,크롭 기장,,오프숄더,,여유핏,,,무지,,프릴·러플
images/d06891db0fd535ef5709168796821cbf.jpg,train,389.0,522.0,128.0,114.0,쇼츠,,,,,,,,쇼츠·미니 기장,,,,슬림핏,,무지,,포켓
images/817ff4136e7ea19a511505a80bae09b4.jpg,train,195.0,202.0,232.0,344.0,티셔츠,,,,,반팔,기본 소매,,,보트넥,,여유핏,,,무지|그래픽,,
images/817ff4136e7ea19a511505a80bae09b4.jpg,train,233.0,536.0,154.0,316.0,팬츠,,,,,,,,롱·긴바지 기장,,,,슬림핏,,무지,,
images/c50164398fa31ab0d05d205c8aa2b8f6.jpg,train,233.0,193.0,210.0,399.0,티셔츠,,,,,,,기본 기장,,라운드넥,,레귤러핏,,,무지,,지퍼
images/c50164398fa31ab0d05d205c8aa2b8f6.jpg,train,180.0,179.0,312.0,387.0,재킷,,,,,긴팔,,크롭 기장,,,라펠 칼라,레귤러핏,,,무지,,단추|지퍼|후드
images/c50164398fa31ab0d05d205c8aa2b8f6.jpg,train,228.0,572.0,211.0,344.0,팬츠,,,,,,,,롱·긴바지 기장,,,,스트레이트핏,H라인,무지,,
images/43174c2809b692557549ab68b4f2acc7.jpg,train,234.0,255.0,203.0,193.0,티셔츠,,,,,반팔,퍼프 소매,기본 기장,,라운드넥,,슬림핏,,,무지,,
images/43174c2809b692557549ab68b4f2acc7.jpg,train,273.0,435.0,149.0,408.0,팬츠,,,,,,,,롱·긴바지 기장,,,,스트레이트핏,H라인,그래픽,,지퍼
images/9c139600b8d17acf7ca09230efa72b9a.jpg,train,296.0,355.0,162.0,383.0,원피스,,,,,반팔,캡 소매,,무릎 기장,보트넥,,,,H라인,,,플리츠|지퍼
images/f48abfffe24a134a2605d63c095d5601.jpg,train,260.0,284.0,157.0,558.0,원피스,,,,,,,,롱·긴바지 기장,보트넥,,,,비대칭,도트,,지퍼
images/12058ba1b8fa6311305eaff46adcb194.jpg,train,261.0,364.0,276.0,335.0,티셔츠,,,,,,,기본 기장,,터틀넥,,슬림핏,,,무지,,
images/12058ba1b8fa6311305eaff46adcb194.jpg,train,154.0,661.0,388.0,320.0,스커트,,,,,,,,쇼츠·미니 기장,,,,,,무지,,프릴·러플
images/692b09d6143f0a0d5f746bd65984144f.jpg,val_train_split,178.0,149.0,248.0,225.0,재킷,,,,,반팔,,크롭 기장,,,,여유핏,,,무지,,지퍼|리본
images/692b09d6143f0a0d5f746bd65984144f.jpg,val_train_split,210.0,363.0,279.0,437.0,스커트,,,,,,,,롱·긴바지 기장,,,,,A라인,무지,,플리츠|지퍼
images/692b09d6143f0a0d5f746bd65984144f.jpg,val_train_split,207.0,245.0,271.0,220.0,티셔츠,,,,,,,,,,,슬림핏,,비대칭,,,
images/a880745dd95e30ef7abbe1fc47ae08b8.jpg,train,207.0,211.0,223.0,264.0,티셔츠,,,,,반팔,기본 소매,크롭 기장,,,피터팬 칼라,슬림핏,,,체크,,벨트
images/a880745dd95e30ef7abbe1fc47ae08b8.jpg,train,224.0,447.0,196.0,388.0,팬츠,,,,,,,,미디·7부 기장,,,,,,무지,,
images/3d225b2fcd7138099414c1bcc99a2230.jpg,train,222.0,183.0,199.0,518.0,원피스,,,,,,,,무릎 기장,보트넥,,,,비대칭,,,
images/a735f7133a94aaa09162845e51654af3.jpg,train,257.0,409.0,178.0,292.0,스커트,,,,,,,,무릎 기장,,,,,,무지,,
images/a735f7133a94aaa09162845e51654af3.jpg,train,261.0,182.0,164.0,238.0,탑,,,,,,,크롭 기장,,홀터넥,,슬림핏,,,무지|플로럴,,
images/0d21c4ba5ee83e94255244d179b16705.jpg,train,341.0,552.0,252.0,416.0,스커트,,,,,,,,쇼츠·미니 기장,,,,스트레이트핏,H라인,무지,,
images/0d21c4ba5ee83e94255244d179b16705.jpg,train,392.0,330.0,108.0,232.0,탑,,,,,,,,,,,레귤러핏,,,애니멀,,
images/0d21c4ba5ee83e94255244d179b16705.jpg,train,305.0,234.0,375.0,746.0,코트,,,,,긴팔,기본 소매,,,,라펠 칼라,레귤러핏,,,무지,,
images/185ab6d718e87eb21774892fa2253dcc.jpg,train,303.0,216.0,182.0,356.0,원피스,,,,,,,,쇼츠·미니 기장,,칼라 없음,,,,무지|플로럴,,지퍼
images/8833463f2bd27ecc68704021cf7e8010.jpg,train,181.0,244.0,294.0,411.0,코트,,,,,,,,,,,여유핏,,,무지,,
images/8833463f2bd27ecc68704021cf7e8010.jpg,train,253.0,198.0,122.0,227.0,티셔츠,,,,,,,크롭 기장,,,스탠드 칼라,슬림핏,,,무지,,
images/8833463f2bd27ecc68704021cf7e8010.jpg,train,221.0,416.0,182.0,172.0,쇼츠,,,,,,,,쇼츠·미니 기장,,,,,,무지,,포켓
images/d2f0d08c5e82fdb295fc31baa8fe5e54.jpg,train,217.0,174.0,226.0,751.0,점프수트,,,,,,,,롱·긴바지 기장,터틀넥,,오버핏,,,,,
images/b3e5283b892d4e06ab6da5b2fb011b99.jpg,train,312.0,352.0,219.0,392.0,원피스,,,,,,,,쇼츠·미니 기장,,,,,A라인,무지,,
images/b3e5283b892d4e06ab6da5b2fb011b99.jpg,train,265.0,352.0,271.0,268.0,니트,,,,,,,,,,,,,,무지,니트,
images/da3618863549ca1db90583f33d1d0664.jpg,train,0.0,301.0,396.0,722.0,티셔츠,,,,,반팔,기본 소매,크롭 기장,,라운드넥,,레귤러핏,,,카모,,
images/a19b6b4acf0135926e74fb9bb3ce0c38.jpg,val_train_split,200.0,247.0,264.0,361.0,티셔츠,,,,,반팔,기본 소매,,,스퀘어넥,,여유핏,,,무지,,
images/a19b6b4acf0135926e74fb9bb3ce0c38.jpg,val_train_split,262.0,521.0,149.0,389.0,팬츠,,,,,,,,롱·긴바지 기장,,,,,,무지,,
images/2f0fd324b356af7ed0ab7f1162fa29b0.jpg,train,206.0,163.0,277.0,360.0,재킷,,,,,긴팔,기본 소매,크롭 기장,,,스탠드 칼라,슬림핏,,,무지,가죽|스웨이드,지퍼
images/2f0fd324b356af7ed0ab7f1162fa29b0.jpg,train,255.0,277.0,182.0,205.0,탑,,,,,,,크롭 기장,,,,슬림핏,,,무지,,
images/2f0fd324b356af7ed0ab7f1162fa29b0.jpg,train,255.0,458.0,181.0,444.0,청바지,,,,,,,,롱·긴바지 기장,,,,슬림핏,,무지,데님,포켓
images/3ad027c161470d033e5beb6d2320f1c3.jpg,train,243.0,243.0,195.0,491.0,원피스,,,,,,,,무릎 기장,보트넥,,,,H라인,도트,,지퍼|벨트
images/0f81551bfa2f72a67a7d89fe61e75c82.jpg,train,409.0,98.0,133.0,208.0,코트,,,,,긴팔,,,,,라펠 칼라,레귤러핏,,,무지,,지퍼
images/0f81551bfa2f72a67a7d89fe61e75c82.jpg,train,468.0,105.0,49.0,101.0,티셔츠,,,,,,,크롭 기장,,터틀넥,,슬림핏,,,무지,,
images/0f81551bfa2f72a67a7d89fe61e75c82.jpg,train,448.0,204.0,73.0,137.0,스커트,,,,,,,,쇼츠·미니 기장,,,,,,무지,,
images/7f34beb2a2967b86f4137c6bf12cf822.jpg,train,373.0,168.0,195.0,278.0,폴로 셔츠,,,,,반팔,캡 소매,크롭 기장,,,폴로 칼라,레귤러핏,,,무지,,
images/2687654e887d0c52eb4b3ba35a107276.jpg,val_train_split,238.0,190.0,222.0,721.0,원피스,,,,,반팔,,,롱·긴바지 기장,,,,,X라인,무지,,지퍼|리본
images/89c006f1ac47ab456dae6a134b890b9e.jpg,val_train_split,484.0,251.0,464.0,498.0,니트,,,,,긴팔,,,,터틀넥,,여유핏,,,무지,니트,
images/89c006f1ac47ab456dae6a134b890b9e.jpg,val_train_split,412.0,406.0,501.0,446.0,팬츠,,,,,,,,롱·긴바지 기장,,,,슬림핏,,무지,,
images/28fd397058fadb36b579ec0c4133cf6e.jpg,train,497.0,338.0,120.0,207.0,팬츠,,,,,,,,롱·긴바지 기장,,,,슬림핏,,무지,,
images/28fd397058fadb36b579ec0c4133cf6e.jpg,train,497.0,157.0,131.0,187.0,재킷,,,,,긴팔,기본 소매,크롭 기장,,,,레귤러핏,,,무지,,지퍼|후드
images/de32e401d5535a9bb5f35a5ea6d886ef.jpg,val_train_split,264.0,200.0,174.0,363.0,원피스,,,,,민소매,,,쇼츠·미니 기장,라운드넥,,,,H라인,,니트,지퍼
images/a77361caeefe999d73095b91347a7f5a.jpg,train,76.0,244.0,320.0,705.0,원피스,,,,,긴팔,,,롱·긴바지 기장,오프숄더,,,,,무지|스트라이프,,지퍼|프릴·러플
images/6ac3048c0aa7a96ec35f65949343585e.jpg,train,276.0,407.0,174.0,435.0,팬츠,,,,,,,,미디·7부 기장,,,,슬림핏,,도트,,
images/6ac3048c0aa7a96ec35f65949343585e.jpg,train,245.0,167.0,235.0,286.0,티셔츠,,,,,반팔,,크롭 기장,,보트넥,,레귤러핏,,,무지,,
images/4c98e1bca38af929f59d856382e184d5.jpg,train,193.0,207.0,214.0,506.0,원피스,,,,,민소매,,,무릎 기장,홀터넥,,,,,무지,,지퍼
images/54f41276e6978f1c64a0425845b46b67.jpg,train,314.0,311.0,62.0,65.0,원피스,,,,,반팔,캡 소매,,,,,,,X라인,,,지퍼
images/54f41276e6978f1c64a0425845b46b67.jpg,train,96.0,312.0,305.0,427.0,원피스,,,,,반팔,캡 소매,,쇼츠·미니 기장,,,,,X라인,,,플리츠|지퍼
images/fecaf071c6d469a5e9db4516cf04c34f.jpg,train,249.0,290.0,184.0,252.0,셔츠,,,,,긴팔,,크롭 기장,,,,여유핏,,비대칭,무지,,
images/fecaf071c6d469a5e9db4516cf04c34f.jpg,train,289.0,470.0,131.0,305.0,팬츠,,,,,,,,롱·긴바지 기장,,,,,,체크,,포켓
images/a8fed286d676cbbab77fec23721d383f.jpg,train,224.0,269.0,244.0,334.0,원피스,,,,,반팔,벨 소매,,쇼츠·미니 기장,,,,,,무지,,리본
images/adc8888833bfe6c90254be70fbd0ab3a.jpg,train,302.0,357.0,133.0,134.0,탑,,,,,,,크롭 기장,,홀터넥,,여유핏,,,무지,,
images/adc8888833bfe6c90254be70fbd0ab3a.jpg,train,296.0,483.0,170.0,175.0,스커트,,,,,,,,쇼츠·미니 기장,,,,,A라인,무지,,
images/ba309fbfabf1e3552a53cd31d892d7df.jpg,train,267.0,647.0,261.0,229.0,쇼츠,,,,,,,,쇼츠·미니 기장,,,,슬림핏,,무지,,포켓
images/ba309fbfabf1e3552a53cd31d892d7df.jpg,train,419.0,425.0,72.0,107.0,탑,,,,,,,크롭 기장,,,,슬림핏,,,스트라이프,,
images/ba309fbfabf1e3552a53cd31d892d7df.jpg,train,164.0,274.0,385.0,413.0,베스트,,,,,,,크롭 기장,,,셔츠 칼라,레귤러핏,,,무지,,단추|포켓
images/76844ac274a83af60d2951e72fc89696.jpg,train,567.0,238.0,213.0,291.0,원피스,,,,,,,,쇼츠·미니 기장,,,,,H라인,,,지퍼|벨트
images/b9c6677143d2cb7ef023208fa6a05786.jpg,val_train_split,225.0,185.0,249.0,391.0,코트,,,,,,,,,,라펠 칼라,레귤러핏,,,스트라이프,,
images/b9c6677143d2cb7ef023208fa6a05786.jpg,val_train_split,232.0,372.0,242.0,289.0,스커트,,,,,,,,무릎 기장,,,,,O라인,무지,,
images/425f2dcc47399ce937fa5ca2b5bd8a4f.jpg,val_train_split,202.0,194.0,299.0,534.0,원피스,,,,,,,,무릎 기장,,,,,O라인,,,지퍼
images/c5d80612e407c7d58a7f38abaa61dbcf.jpg,val_train_split,79.0,176.0,248.0,610.0,원피스,,,,,반팔,기본 소매,,무릎 기장,,스탠드 칼라,,,X라인,무지,,지퍼
images/8e067726b63aa23e70f6feeff1f05d24.jpg,train,388.0,94.0,155.0,305.0,원피스,,,,,,,,쇼츠·미니 기장,,,,,X라인,플로럴,,지퍼
images/ed05836d87944a963b2e9b3262a4b4f3.jpg,val_train_split,280.0,621.0,148.0,134.0,쇼츠,,,,,,,,쇼츠·미니 기장,,,,스트레이트핏,H라인,무지,,
images/ed05836d87944a963b2e9b3262a4b4f3.jpg,val_train_split,222.0,172.0,291.0,462.0,코트,,,,,긴팔,기본 소매,,,,라펠 칼라,레귤러핏,,비대칭,무지,,스팽글|단추|포켓
images/fc9497b1bbf33fad8cdb0498b711f30b.jpg,train,261.0,221.0,158.0,238.0,탑,,,,,,,크롭 기장,,홀터넥,,슬림핏,,,스트라이프,,
images/fc9497b1bbf33fad8cdb0498b711f30b.jpg,train,249.0,449.0,179.0,454.0,팬츠,,,,,,,,롱·긴바지 기장,,,,와이드핏,,무지,,지퍼
images/e0ce3ae04bc2ca0fccb61feb5c89eb8b.jpg,train,247.0,383.0,190.0,290.0,원피스,,,,,,,,쇼츠·미니 기장,V넥,,,,X라인,스트라이프,,지퍼|프릴·러플
images/33562d33b5c1dbfd5ed45e98cae6642f.jpg,train,321.0,153.0,242.0,528.0,점프수트,,,,,,,,롱·긴바지 기장,,,오버핏,,,무지,,
images/5614c74e414e8ef8d2da22ccc3c67dc2.jpg,val_train_split,291.0,458.0,221.0,320.0,재킷,,,,,긴팔,,크롭 기장,,,,슬림핏,,,무지,,지퍼|후드
images/5614c74e414e8ef8d2da22ccc3c67dc2.jpg,val_train_split,306.0,523.0,171.0,248.0,티셔츠,,,,,긴팔,,기본 기장,,,,레귤러핏,,,무지,,포켓|지퍼
images/5614c74e414e8ef8d2da22ccc3c67dc2.jpg,val_train_split,308.0,724.0,171.0,227.0,청바지,,,,,,,,,,,,슬림핏,,무지,데님,포켓
images/8b7a0c808ba27a42bd0ec3ecc83ee1e6.jpg,val_train_split,172.0,176.0,197.0,248.0,티셔츠,,,,,반팔,캡 소매,크롭 기장,,,스탠드 칼라,레귤러핏,,,무지,,
images/8b7a0c808ba27a42bd0ec3ecc83ee1e6.jpg,val_train_split,164.0,418.0,182.0,155.0,쇼츠,,,,,,,,쇼츠·미니 기장,,,,,,무지,,
images/6aa87dab23526c3f2d0de3a44b0910f5.jpg,train,440.0,138.0,117.0,216.0,재킷,,,,,7부 소매,벌룬 소매,크롭 기장,,,,레귤러핏,,,무지,,
images/6aa87dab23526c3f2d0de3a44b0910f5.jpg,train,457.0,324.0,95.0,99.0,스커트,,,,,,,,쇼츠·미니 기장,,,,,,무지,,
images/c8b898231d64c8df7caabb3b792b106a.jpg,train,67.0,257.0,516.0,567.0,셔츠,,,,,반팔,기본 소매,크롭 기장,,,스탠드 칼라,여유핏,,,,,단추|리본
images/0f77a901aa00c79ad5c4793a87d2e0f2.jpg,train,521.0,262.0,131.0,312.0,셔츠,,,,,,,,,,피터팬 칼라,슬림핏,,,무지,,단추
images/0f77a901aa00c79ad5c4793a87d2e0f2.jpg,train,328.0,289.0,354.0,368.0,가디건,,,,,7부 소매,,기본 기장,,,,슬림핏,,,무지,니트,단추
images/0f77a901aa00c79ad5c4793a87d2e0f2.jpg,train,393.0,557.0,287.0,124.0,스커트,,,,,,,,,,,,,,무지,,지퍼|포켓
images/e4414c588c8e8e8f4c178855677386d4.jpg,train,76.0,258.0,425.0,485.0,재킷,,,,,7부 소매,기본 소매,크롭 기장,,,라펠 칼라,슬림핏,,,무지,퍼·플리스,단추
images/e4414c588c8e8e8f4c178855677386d4.jpg,train,78.0,384.0,420.0,489.0,티셔츠,,,,,긴팔,,크롭 기장,,V넥,,슬림핏,,,무지,,벨트
images/e4414c588c8e8e8f4c178855677386d4.jpg,train,150.0,730.0,347.0,292.0,스커트,,,,,,,,,,,,,,,,지퍼
images/9d2ef8921c98758c7b45ff5cad0431e7.jpg,train,441.0,219.0,228.0,600.0,원피스,,,,,,,,롱·긴바지 기장,,,,,X라인,무지,,벨트
images/eaaa096bf9789d66cb3a549037c2b8fd.jpg,train,230.0,322.0,358.0,574.0,탑,,,,,반팔,,기본 기장,,,,여유핏,,비대칭,애니멀,,리본
images/eaaa096bf9789d66cb3a549037c2b8fd.jpg,train,287.0,778.0,274.0,132.0,쇼츠,,,,,,,,쇼츠·미니 기장,,,,슬림핏,,무지,,
images/12013026599a3e45b637d608626e7fea.jpg,val_train_split,224.0,226.0,243.0,434.0,원피스,,,,,,,,쇼츠·미니 기장,,,,,,도트,,스팽글
images/12013026599a3e45b637d608626e7fea.jpg,val_train_split,269.0,618.0,179.0,182.0,팬츠,,,,,,,,,,,,슬림핏,,무지,,
images/a4e411035382367319f29f476df69fc5.jpg,train,221.0,240.0,329.0,493.0,원피스,,,,,반팔,,,무릎 기장,,,,,X라인,무지|플로럴,,지퍼
images/c56baff16ed17efa058d47a49bba2cce.jpg,val_train_split,244.0,341.0,229.0,188.0,탑,,,,,반팔,,크롭 기장,,오프숄더,,여유핏,,,,,리본
images/c56baff16ed17efa058d47a49bba2cce.jpg,val_train_split,271.0,503.0,152.0,211.0,쇼츠,,,,,,,,쇼츠·미니 기장,,,,,,무지,,
images/99c8b3924e9a408fe1dd31e53a6b3e3c.jpg,train,109.0,234.0,344.0,789.0,점프수트,,,,,7부 소매,기본 소매,,,V넥,,레귤러핏,,H라인,스트라이프,,벨트
images/58669548ba1bbb7aee17f0eab0a2c15e.jpg,train,283.0,256.0,249.0,238.0,티셔츠,,,,,긴팔,,크롭 기장,,,,레귤러핏,,,무지,퍼·플리스,
images/58669548ba1bbb7aee17f0eab0a2c15e.jpg,train,294.0,440.0,231.0,309.0,스커트,,,,,,,,무릎 기장,,,,,A라인,무지,,
images/626de032f083af402089fa00bf86555d.jpg,train,414.0,169.0,240.0,293.0,원피스,,,,,긴팔,벨 소매,,,오프숄더,,,,,무지,,
images/daef1cebf4634324a058877a9964e37e.jpg,train,209.0,208.0,253.0,403.0,코트,,,,,긴팔,기본 소매,,,,,여유핏,,,체크,,단추|포켓|후드
images/daef1cebf4634324a058877a9964e37e.jpg,train,256.0,593.0,153.0,189.0,청바지,,,,,,,,미디·7부 기장,,,,와이드핏,,무지,데님,
images/ec5f4d2a31b8c6864a56e98fa177011c.jpg,train,184.0,802.0,290.0,221.0,청바지,,,,,,,,,,,,,,무지,데님,
images/ec5f4d2a31b8c6864a56e98fa177011c.jpg,train,122.0,240.0,496.0,774.0,코트,,,,,긴팔,,,,,라펠 칼라,레귤러핏,,,무지,퍼·플리스,단추|지퍼|포켓|후드
images/ec5f4d2a31b8c6864a56e98fa177011c.jpg,train,335.0,328.0,94.0,312.0,티셔츠,,,,,긴팔,,,,터틀넥,,레귤러핏,,,,,지퍼
images/8199ce938c12936b3ba7fdd170943d6e.jpg,train,197.0,269.0,223.0,672.0,원피스,,,,,,,,,,,,,H라인,체크,,플리츠|지퍼|프릴·러플
images/9a7f1d12f06e562676f0c40d7eddce73.jpg,val_train_split,83.0,255.0,446.0,534.0,탑,,,,,긴팔,벌룬 소매,,,,,여유핏,,,무지,,
images/9a7f1d12f06e562676f0c40d7eddce73.jpg,val_train_split,196.0,570.0,266.0,453.0,청바지,,,,,,,,,,,,,,무지,데님,포켓
images/59081b846b5fb05153e40836b6e69e8f.jpg,train,153.0,201.0,366.0,392.0,코트,,,,,긴팔,,,,,라펠 칼라,여유핏,,,체크|도트,,단추
images/59081b846b5fb05153e40836b6e69e8f.jpg,train,239.0,515.0,217.0,213.0,스커트,,,,,,,,무릎 기장,,,,,비대칭,체크,,
images/59081b846b5fb05153e40836b6e69e8f.jpg,train,161.0,224.0,269.0,382.0,티셔츠,,,,,긴팔,,기본 기장,,,,레귤러핏,,비대칭,,,
images/2f5ed6117e3b7b213f5d6a31296a20ea.jpg,val_train_split,584.0,431.0,210.0,299.0,청바지,,,,,,,,,,,,슬림핏,,무지,데님,
images/2f5ed6117e3b7b213f5d6a31296a20ea.jpg,val_train_split,554.0,211.0,245.0,281.0,블레이저,,,,,긴팔,,크롭 기장,,,스탠드 칼라,슬림핏,,,무지,,단추
images/dc4c2629070139a31768bf5cb42cb1df.jpg,train,199.0,184.0,294.0,376.0,티셔츠,,,,,긴팔,,기본 기장,,터틀넥,,여유핏,,,무지,,
images/dc4c2629070139a31768bf5cb42cb1df.jpg,train,250.0,513.0,219.0,103.0,쇼츠,,,,,,,,쇼츠·미니 기장,,,,,,플로럴|도트,,
images/9cc5dd4b5deedbf591373969707f04a1.jpg,train,426.0,133.0,159.0,235.0,원피스,,,,,,,,쇼츠·미니 기장,오프숄더,,,,X라인,무지,,프릴·러플
images/6e57acafad78ef1eaac69dd2f51295fb.jpg,train,340.0,330.0,104.0,387.0,탑,,,,,,,크롭 기장,,,,레귤러핏,,,,,
images/6e57acafad78ef1eaac69dd2f51295fb.jpg,train,314.0,279.0,137.0,516.0,셔츠,,,,,,,기본 기장,,,,레귤러핏,,,무지,,단추
images/6e57acafad78ef1eaac69dd2f51295fb.jpg,train,169.0,248.0,350.0,638.0,재킷,,,,,,,기본 기장,,,셔츠 칼라,레귤러핏,,,무지,,단추|지퍼|후드
images/e3ccc77efdd884b9a2642a62cbdf880b.jpg,train,271.0,279.0,200.0,613.0,원피스,,,,,,,,롱·긴바지 기장,홀터넥,,,,,,,지퍼|벨트
images/0e98b57c067bf643244c41ca3c4dfbdd.jpg,val_train_split,317.0,250.0,143.0,169.0,탑,,,,,반팔,,크롭 기장,,라운드넥,,레귤러핏,,,무지|스트라이프,,
images/0e98b57c067bf643244c41ca3c4dfbdd.jpg,val_train_split,228.0,203.0,370.0,547.0,코트,,,,,긴팔,,,,,라펠 칼라,레귤러핏,,,무지|체크,,
images/0e98b57c067bf643244c41ca3c4dfbdd.jpg,val_train_split,298.0,389.0,162.0,271.0,스커트,,,,,,,,쇼츠·미니 기장,,,,,,체크,,
images/d277071ae2ff555be420c36176a7852b.jpg,train,149.0,202.0,241.0,587.0,원피스,,,,,반팔,캡 소매,,미디·7부 기장,보트넥,,,,H라인,무지,,지퍼|벨트
images/d318047309858daf98f4fba4b5f67754.jpg,train,268.0,348.0,179.0,169.0,티셔츠,,,,,7부 소매,,크롭 기장,,보트넥,,레귤러핏,,,스트라이프,,
images/d318047309858daf98f4fba4b5f67754.jpg,train,291.0,475.0,142.0,159.0,스커트,,,,,,,,쇼츠·미니 기장,,,,,A라인,무지,,
images/ac912e38ce599f3d6e78e857ff4f1ef9.jpg,train,249.0,195.0,174.0,513.0,원피스,,,,,,,,쇼츠·미니 기장,,,,,X라인,플로럴,,지퍼
images/302b7bf863046e04b1a38cf13ccbde49.jpg,train,125.0,258.0,389.0,659.0,코트,,,,,긴팔,,,,,,여유핏,,,무지,퍼·플리스,포켓
images/b99497ca79bac4ec3e63a39fb2212e05.jpg,train,207.0,203.0,90.0,299.0,티셔츠,,,,,,,크롭 기장,,,,레귤러핏,,,무지,,
images/b99497ca79bac4ec3e63a39fb2212e05.jpg,train,185.0,179.0,109.0,301.0,재킷,,,,,,,크롭 기장,,,,레귤러핏,,,무지,,지퍼
images/b99497ca79bac4ec3e63a39fb2212e05.jpg,train,112.0,144.0,318.0,636.0,가디건,,,,,긴팔,,,,,라펠 칼라,오버핏,,,무지,니트,단추
images/b99497ca79bac4ec3e63a39fb2212e05.jpg,train,183.0,478.0,177.0,394.0,청바지,,,,,,,,롱·긴바지 기장,,,,슬림핏,,무지,데님,
images/3625566ede8716cdc0ad56a879923e94.jpg,train,200.0,157.0,250.0,514.0,원피스,,,,,긴팔,,,쇼츠·미니 기장,터틀넥,,,,X라인,무지,,플리츠|지퍼|벨트
images/ca47633b08a9c8617bca21ed7245d2a3.jpg,train,109.0,217.0,412.0,341.0,원피스,,,,,반팔,퍼프 소매,,쇼츠·미니 기장,,스탠드 칼라,,,A라인,스트라이프,,단추|벨트
images/a059d47b4f09e2feb2fe87c1179cea9a.jpg,val_train_split,298.0,308.0,318.0,438.0,셔츠,,,,,,,기본 기장,,,,레귤러핏,,,체크,,단추
images/a059d47b4f09e2feb2fe87c1179cea9a.jpg,val_train_split,246.0,263.0,318.0,360.0,베스트,,,,,,,크롭 기장,,라운드넥,스탠드 칼라,레귤러핏,,,무지,,단추
images/a059d47b4f09e2feb2fe87c1179cea9a.jpg,val_train_split,310.0,724.0,294.0,252.0,스커트,,,,,,,,쇼츠·미니 기장,,,,,,무지,,
images/e700f5a59fd72aec082508d6edb1b22a.jpg,train,119.0,217.0,459.0,806.0,점프수트,,,,,반팔,퍼프 소매,,,,세일러 칼라,여유핏,,,무지,,플리츠|지퍼|리본|벨트
images/297ea597f7dfa6d710b2e8176cb3b913.jpg,train,221.0,232.0,75.0,273.0,티셔츠,,,,,,,크롭 기장,,라운드넥,,레귤러핏,,,,,
images/297ea597f7dfa6d710b2e8176cb3b913.jpg,train,127.0,212.0,277.0,366.0,셔츠,,,,,반팔,기본 소매,,,,셔츠 칼라,여유핏,,,체크,,단추|리본|포켓
images/297ea597f7dfa6d710b2e8176cb3b913.jpg,train,201.0,498.0,150.0,375.0,팬츠,,,,,,,,롱·긴바지 기장,,,,스트레이트핏,H라인,무지,,
images/9b9511f142e59ff49a27fbc5464a3896.jpg,train,115.0,232.0,337.0,487.0,코트,,,,,,,,,,,오버핏,,,체크|무지|플로럴,,
images/9b9511f142e59ff49a27fbc5464a3896.jpg,train,215.0,268.0,168.0,530.0,원피스,,,,,,,,롱·긴바지 기장,V넥,,,,H라인,무지,,지퍼
images/8292ea57d669be771662b6482b9d37d4.jpg,train,271.0,283.0,155.0,313.0,원피스,,,,,,,,쇼츠·미니 기장,스퀘어넥,,,,A라인,무지,,지퍼
images/13dd279b9c5a8c0fe77c616775ed97b2.jpg,train,455.0,266.0,145.0,130.0,스커트,,,,,,,,쇼츠·미니 기장,,,,플레어핏,,무지|도트,,플리츠
images/13dd279b9c5a8c0fe77c616775ed97b2.jpg,train,464.0,207.0,100.0,184.0,점프수트,,,,,,,,쇼츠·미니 기장,,,레귤러핏,,,무지,,벨트
images/6ccaa1542e663c20fd13e4503e39c104.jpg,train,134.0,305.0,408.0,557.0,원피스,,,,,반팔,,,쇼츠·미니 기장,,,,,A라인,애니멀,,리본|벨트
images/e2370396a1f5f6f4af22bbafb156818f.jpg,train,162.0,158.0,216.0,220.0,티셔츠,,,,,반팔,캡 소매,크롭 기장,,라운드넥,,레귤러핏,,,무지,,
images/e2370396a1f5f6f4af22bbafb156818f.jpg,train,215.0,349.0,171.0,511.0,팬츠,,,,,,,,롱·긴바지 기장,,,,와이드핏,,체크,,포켓
images/80b89412320b5b0eb5bf1ccac22ec828.jpg,train,385.0,286.0,259.0,737.0,코트,,,,,,,,,,,,,,무지,퍼·플리스,
images/80b89412320b5b0eb5bf1ccac22ec828.jpg,train,158.0,293.0,281.0,730.0,원피스,,,,,,,,,V넥,,,,H라인,무지,,지퍼
images/d1a8fb48b2e4f926fffc703a165a9316.jpg,train,246.0,452.0,220.0,439.0,팬츠,,,,,,,,롱·긴바지 기장,,,,,,무지,,플리츠
images/d1a8fb48b2e4f926fffc703a165a9316.jpg,train,212.0,221.0,291.0,336.0,티셔츠,,,,,긴팔,,크롭 기장,,터틀넥,,레귤러핏,,,무지,,포켓|지퍼
images/751720083342bf0a62fe5c18c514f7d9.jpg,train,153.0,209.0,356.0,647.0,원피스,,,,,긴팔,,,롱·긴바지 기장,,,,,비대칭,무지,,지퍼|프릴·러플
images/964ee1d228646b9e171e022b413edbab.jpg,train,368.0,243.0,219.0,384.0,재킷,,,,,긴팔,,크롭 기장,,,라펠 칼라,레귤러핏,,,무지,가죽,지퍼
images/c50095db74c8b2eac5a6ae7b1bf4fe17.jpg,train,209.0,248.0,237.0,729.0,점프수트,,,,,,,,미디·7부 기장,,,여유핏,,,그래픽,,
images/62b10d8284039f4aeae0ad434e6302a7.jpg,train,210.0,422.0,206.0,212.0,쇼츠,,,,,,,,쇼츠·미니 기장,,,,,,무지,,벨트
images/62b10d8284039f4aeae0ad434e6302a7.jpg,train,179.0,233.0,265.0,252.0,탑,,,,,7부 소매,기본 소매,크롭 기장,,V넥,,레귤러핏,,,플로럴,,
images/872d97236451056a0acd4d1361931d4d.jpg,train,207.0,179.0,337.0,780.0,원피스,,,,,7부 소매,벨 소매,,롱·긴바지 기장,V넥,,,,X라인,,,벨트
images/1f998adeee9029e77582c50adea608e8.jpg,train,568.0,140.0,197.0,315.0,원피스,,,,,,,,쇼츠·미니 기장,V넥,,,,X라인,스트라이프,,플리츠|지퍼
images/8680d320d8885915c05373ec13090aa9.jpg,val_train_split,252.0,425.0,206.0,280.0,니트,,,,,긴팔,래글런 소매,크롭 기장,,라운드넥,,여유핏,,,무지,니트,
images/8680d320d8885915c05373ec13090aa9.jpg,val_train_split,262.0,607.0,174.0,115.0,스커트,,,,,,,,쇼츠·미니 기장,,,,플레어핏,,무지,,
images/c2f23957f5bcf178cd72f8bc6443b4e7.jpg,train,180.0,623.0,334.0,355.0,쇼츠,,,,,,,,쇼츠·미니 기장,,,,,,무지,,
images/c2f23957f5bcf178cd72f8bc6443b4e7.jpg,train,113.0,308.0,454.0,361.0,셔츠,,,,,반팔,기본 소매,,,,셔츠 칼라,레귤러핏,,,무지,,플리츠|단추|리본
images/4a8a9a90b922dcf85625d9dba8910758.jpg,train,23.0,282.0,326.0,726.0,원피스,,,,,,,,무릎 기장,스퀘어넥,,,,A라인,무지,,지퍼
images/7f2cc43b1b7d8a1dc3a0a077ca087c8c.jpg,train,285.0,237.0,117.0,241.0,티셔츠,,,,,긴팔,벌룬 소매,기본 기장,,라운드넥,,레귤러핏,,,,,
images/7f2cc43b1b7d8a1dc3a0a077ca087c8c.jpg,train,293.0,460.0,104.0,203.0,스커트,,,,,,,,쇼츠·미니 기장,,,,스트레이트핏,H라인,무지,,지퍼
images/e7fbab2dc69e05764b0e6946e1dc249a.jpg,train,188.0,555.0,234.0,354.0,팬츠,,,,,,,,롱·긴바지 기장,,,,스트레이트핏,H라인,카모,,포켓|벨트
images/e7fbab2dc69e05764b0e6946e1dc249a.jpg,train,187.0,529.0,240.0,78.0,티셔츠,,,,,,,기본 기장,,,,레귤러핏,,,무지,,
images/e7fbab2dc69e05764b0e6946e1dc249a.jpg,train,114.0,181.0,425.0,374.0,니트,,,,,긴팔,,크롭 기장,,,,여유핏,,,무지,니트,후드|벨트
images/768c0b98e158cb4ba9bf3d5122e37082.jpg,train,229.0,395.0,243.0,506.0,스커트,,,,,,,,롱·긴바지 기장,,,,,,스트라이프,,플리츠
images/768c0b98e158cb4ba9bf3d5122e37082.jpg,train,148.0,114.0,394.0,771.0,코트,,,,,긴팔,,,,,칼라 없음,여유핏,,,스트라이프,,후드
images/055bee85254f537bd565f92f0f50e173.jpg,train,250.0,193.0,372.0,521.0,원피스,,,,,,,,무릎 기장,,,,,X라인,도트,,지퍼|벨트|프릴·러플
images/cbabeaa96b7aaf9c9d286f3c47e26dfb.jpg,train,223.0,545.0,141.0,348.0,팬츠,,,,,,,,롱·긴바지 기장,,,,스트레이트핏,H라인,무지,,
images/cbabeaa96b7aaf9c9d286f3c47e26dfb.jpg,train,267.0,408.0,73.0,181.0,셔츠,,,,,,,기본 기장,,,,레귤러핏,,,체크,,단추
images/cbabeaa96b7aaf9c9d286f3c47e26dfb.jpg,train,170.0,223.0,273.0,392.0,코트,,,,,긴팔,기본 소매,,,,,여유핏,,,체크,퍼·플리스,단추|포켓
images/5c1f9bd7c65c11ff125483cb1c83d416.jpg,train,249.0,407.0,165.0,290.0,원피스,,,,,긴팔,,,쇼츠·미니 기장,,,,,A라인,무지,,지퍼
images/5c1f9bd7c65c11ff125483cb1c83d416.jpg,train,238.0,321.0,150.0,234.0,베스트,,,,,,,크롭 기장,,,라펠 칼라,레귤러핏,,,무지,퍼·플리스,
images/70114b74c76694094742bfbf09798990.jpg,train,311.0,320.0,68.0,215.0,탑,,,,,,,크롭 기장,,라운드넥,,레귤러핏,,,플로럴,,플리츠
images/70114b74c76694094742bfbf09798990.jpg,train,224.0,262.0,238.0,308.0,블레이저,,,,,7부 소매,기본 소매,크롭 기장,,,라펠 칼라,레귤러핏,,,무지,,단추|포켓
images/70114b74c76694094742bfbf09798990.jpg,train,257.0,532.0,166.0,108.0,스커트,,,,,,,,쇼츠·미니 기장,,,,,,,,지퍼
images/9fbd61b23d5c56b4d0930043e0d11e6f.jpg,val_train_split,401.0,223.0,114.0,278.0,원피스,,,,,,,,무릎 기장,,,,,H라인,애니멀,,지퍼
images/9fbd61b23d5c56b4d0930043e0d11e6f.jpg,val_train_split,337.0,164.0,247.0,225.0,재킷,,,,,긴팔,,기본 기장,,,,레귤러핏,,,무지,퍼·플리스,
images/fb529d1d6af24e2458d4aa1f57609c7d.jpg,train,274.0,231.0,207.0,225.0,셔츠,,,,,7부 소매,벌룬 소매,기본 기장,,,셔츠 칼라,여유핏,,,무지,,
images/fb529d1d6af24e2458d4aa1f57609c7d.jpg,train,289.0,433.0,254.0,439.0,스커트,,,,,,,,롱·긴바지 기장,,,,,,무지,,
images/9977dc6348e47abf0f6fd47ed2b017e2.jpg,train,246.0,247.0,183.0,281.0,베스트,,,,,,,크롭 기장,,,,레귤러핏,,,도트,,
images/9977dc6348e47abf0f6fd47ed2b017e2.jpg,train,217.0,231.0,245.0,116.0,셔츠,,,,,반팔,캡 소매,,,V넥,셔츠 칼라,레귤러핏,,,플로럴,,단추
images/9977dc6348e47abf0f6fd47ed2b017e2.jpg,train,245.0,505.0,204.0,151.0,스커트,,,,,,,,쇼츠·미니 기장,,,,,A라인,스트라이프,,
images/956e45bb5fb7eefb1429321b36fa8eb7.jpg,train,574.0,168.0,203.0,420.0,티셔츠,,,,,,,크롭 기장,,터틀넥,,레귤러핏,,,무지,,
images/956e45bb5fb7eefb1429321b36fa8eb7.jpg,train,581.0,216.0,323.0,465.0,코트,,,,,긴팔,,,,,라펠 칼라,여유핏,,,무지,,
images/3e991bee293f39155ff523c06694a633.jpg,train,259.0,233.0,252.0,666.0,원피스,,,,,반팔,퍼프 소매,,롱·긴바지 기장,오프숄더,,,,,플로럴,,지퍼|리본
images/b6bb1de7386c4be141746a9b86a08f90.jpg,train,271.0,294.0,464.0,601.0,탑,,,,,긴팔,벌룬 소매,크롭 기장,,,스탠드 칼라,여유핏,,,무지,,
images/b6bb1de7386c4be141746a9b86a08f90.jpg,train,396.0,792.0,259.0,231.0,청바지,,,,,,,,,,,,슬림핏,,무지,데님,
images/fccef7df1bc8d67b13ad0c4412865389.jpg,train,337.0,471.0,128.0,298.0,팬츠,,,,,,,,미디·7부 기장,,,,슬림핏,,무지,,
images/fccef7df1bc8d67b13ad0c4412865389.jpg,train,310.0,238.0,176.0,259.0,티셔츠,,,,,7부 소매,,크롭 기장,,,칼라 없음,여유핏,,,무지,,
images/44e217773a65be9cdfc7f78386347e85.jpg,val_train_split,347.0,255.0,285.0,309.0,원피스,,,,,,,,,V넥,,,,X라인,스트라이프|그래픽,,
images/a38c8409501000a1cbb5d2f905dfe758.jpg,train,156.0,444.0,145.0,240.0,스커트,,,,,,,,무릎 기장,,,,,,무지,,지퍼
images/a38c8409501000a1cbb5d2f905dfe758.jpg,train,205.0,348.0,84.0,96.0,탑,,,,,,,크롭 기장,,스퀘어넥,,슬림핏,,,무지,,
images/a38c8409501000a1cbb5d2f905dfe758.jpg,train,151.0,289.0,288.0,340.0,코트,,,,,,,,,,라펠 칼라,여유핏,,,무지,,
images/5c762973b95a7da13a6b7343f7f67069.jpg,val_train_split,231.0,192.0,210.0,479.0,원피스,,,,,,,,쇼츠·미니 기장,보트넥,,,,,무지,,지퍼
images/79d4047fb423b08afaa3d73eff36c862.jpg,train,291.0,277.0,213.0,190.0,후드티,,,,,긴팔,,크롭 기장,,,,여유핏,,,무지,,후드
images/79d4047fb423b08afaa3d73eff36c862.jpg,train,342.0,431.0,116.0,60.0,쇼츠,,,,,,,,쇼츠·미니 기장,,,,슬림핏,,체크,,
images/6d3c4b9657f354912b8e06723f5d00ec.jpg,train,247.0,302.0,375.0,720.0,원피스,,,,,,,,,,,,,X라인,무지,,지퍼|벨트
images/9a1bd32c66fb7e362041661eb4717117.jpg,train,207.0,285.0,327.0,321.0,셔츠,,,,,긴팔,벌룬 소매,,,,,레귤러핏,,,무지,,단추
images/9a1bd32c66fb7e362041661eb4717117.jpg,train,201.0,287.0,257.0,215.0,베스트,,,,,,,크롭 기장,,,셔츠 칼라,슬림핏,,,무지,,
images/9a1bd32c66fb7e362041661eb4717117.jpg,train,163.0,455.0,365.0,163.0,스커트,,,,,,,,쇼츠·미니 기장,,,,,,플로럴,,
images/1ac4f99b512f9304b19947301759b503.jpg,train,256.0,239.0,389.0,387.0,니트,,,,,,,크롭 기장,,라운드넥,,레귤러핏,,,무지,니트,포켓|벨트
images/1ac4f99b512f9304b19947301759b503.jpg,train,281.0,223.0,387.0,510.0,재킷,,,,,,기본 소매,크롭 기장,,,셔츠 칼라,레귤러핏,,,무지,,단추
images/cf307a8293e116de1765a889e484694d.jpg,train,226.0,199.0,205.0,531.0,원피스,,,,,,,,무릎 기장,,,,,X라인,무지|플로럴,,지퍼|포켓
images/b74f04e6f36e1f76127b0c66bc21bb66.jpg,val_train_split,207.0,232.0,278.0,519.0,원피스,,,,,긴팔,벌룬 소매,,무릎 기장,,,,,X라인,무지,,지퍼|벨트|프릴·러플
images/69ee8707533351413bdb70fee8335373.jpg,train,228.0,215.0,239.0,485.0,원피스,,,,,긴팔,벌룬 소매,,무릎 기장,보트넥,,,,,무지,,
images/cf458635eeb6d36233637def04d77139.jpg,val_train_split,172.0,297.0,175.0,285.0,원피스,,,,,,,,쇼츠·미니 기장,,,,,,무지,,지퍼
images/cf458635eeb6d36233637def04d77139.jpg,val_train_split,144.0,216.0,259.0,339.0,재킷,,,,,긴팔,기본 소매,크롭 기장,,,,슬림핏,,,무지,퍼·플리스,단추
images/e780a65d3fe4857980f0947f1909c654.jpg,train,318.0,216.0,197.0,372.0,원피스,,,,,,,,쇼츠·미니 기장,,,,,X라인,무지,,지퍼
images/a96775c3596fed1b9e2beed86f8e2de8.jpg,train,178.0,499.0,172.0,358.0,팬츠,,,,,,,,롱·긴바지 기장,,,,,,도트,,
images/a96775c3596fed1b9e2beed86f8e2de8.jpg,train,225.0,198.0,90.0,310.0,셔츠,,,,,,,,,,셔츠 칼라,레귤러핏,,,애니멀,,단추
images/a96775c3596fed1b9e2beed86f8e2de8.jpg,train,129.0,204.0,283.0,407.0,블레이저,,,,,긴팔,기본 소매,기본 기장,,,라펠 칼라,레귤러핏,,,체크,,단추|포켓
images/6c9de6e71344aacad36db727555ce295.jpg,val_train_split,210.0,201.0,226.0,468.0,원피스,,,,,반팔,캡 소매,,쇼츠·미니 기장,보트넥,,,,,,,지퍼|프릴·러플
images/3c20d192a6fe55bcf9645a1eaee605c5.jpg,train,421.0,593.0,169.0,262.0,팬츠,,,,,,,,,,,,슬림핏,,무지,,
images/3c20d192a6fe55bcf9645a1eaee605c5.jpg,train,370.0,224.0,266.0,387.0,코트,,,,,반팔,퍼프 소매,,,,스탠드 칼라,슬림핏,,,무지,,단추|포켓|리본
images/2cbc0a6e28b3ff54e35f48463379c62b.jpg,train,226.0,306.0,256.0,605.0,원피스,,,,,,,,무릎 기장,터틀넥,,,,,플로럴,,지퍼|벨트|리본
images/21797a5ed9c822b8d363fb90700dd337.jpg,val_train_split,128.0,200.0,469.0,281.0,티셔츠,,,,,,래글런 소매,크롭 기장,,보트넥,,여유핏,,,무지,,
images/21797a5ed9c822b8d363fb90700dd337.jpg,val_train_split,172.0,454.0,223.0,184.0,쇼츠,,,,,,,,쇼츠·미니 기장,,,,슬림핏,,무지,,포켓
images/ad23836a02df26d441407181066ac757.jpg,train,240.0,149.0,190.0,334.0,탑,,,,,,,크롭 기장,,,,슬림핏,,,플로럴,,벨트
images/ad23836a02df26d441407181066ac757.jpg,train,265.0,159.0,166.0,226.0,베스트,,,,,,,크롭 기장,,스퀘어넥,,슬림핏,,,무지,,단추
images/ad23836a02df26d441407181066ac757.jpg,train,243.0,460.0,198.0,120.0,스커트,,,,,,,,쇼츠·미니 기장,,,,스트레이트핏,H라인,무지,,포켓
images/6ad786ec7a1f4cdd27fd558fa8adbf36.jpg,train,173.0,303.0,289.0,720.0,티셔츠,,,,,,,,,라운드넥,,레귤러핏,,,애니멀|스트라이프,,
images/6ad786ec7a1f4cdd27fd558fa8adbf36.jpg,train,44.0,192.0,637.0,831.0,블레이저,,,,,긴팔,기본 소매,,,,라펠 칼라,레귤러핏,,,무지,,단추|포켓
images/45b46131f8abd655a0ea34c15227c4fc.jpg,train,185.0,330.0,415.0,626.0,점프수트,,,,,반팔,,,쇼츠·미니 기장,오프숄더,,여유핏,,,플로럴,,리본
images/b43db0459c73b5dea5aedc89255df49b.jpg,train,77.0,242.0,371.0,780.0,원피스,,,,,,,,,스퀘어넥,,,,X라인,플로럴,,지퍼
images/efbdf55cb5759345fb6e3e44bf65ef4e.jpg,train,206.0,276.0,278.0,247.0,탑,,,,,긴팔,,크롭 기장,,,,슬림핏,,,무지,,
images/efbdf55cb5759345fb6e3e44bf65ef4e.jpg,train,204.0,235.0,273.0,179.0,재킷,,,,,반팔,,크롭 기장,,,칼라 없음,레귤러핏,,,무지,,리본
images/efbdf55cb5759345fb6e3e44bf65ef4e.jpg,train,232.0,394.0,168.0,259.0,스커트,,,,,,,,쇼츠·미니 기장,,,,,,무지,,지퍼
images/01a2109c1582a7e3ea617134e6adbc5d.jpg,train,339.0,205.0,246.0,415.0,원피스,,,,,반팔,캡 소매,,무릎 기장,,,,,X라인,무지|도트,,지퍼
images/fd9e3ea1c92995e7c1857ba6c5dd8288.jpg,train,341.0,423.0,166.0,148.0,스커트,,,,,,,,쇼츠·미니 기장,,,,,,도트,,지퍼
images/fd9e3ea1c92995e7c1857ba6c5dd8288.jpg,train,323.0,208.0,176.0,246.0,탑,,,,,,,크롭 기장,,,,레귤러핏,,,무지,,
images/7174106bc377b0e43411cf1db87769b9.jpg,train,472.0,218.0,98.0,112.0,탑,,,,,,,크롭 기장,,,,레귤러핏,,,무지,,
images/7174106bc377b0e43411cf1db87769b9.jpg,train,471.0,320.0,140.0,144.0,스커트,,,,,,,,쇼츠·미니 기장,,,,플레어핏,,도트,,
images/5fa1829492a9db52722d48a87387b424.jpg,train,215.0,208.0,210.0,155.0,티셔츠,,,,,반팔,캡 소매,크롭 기장,,보트넥,,슬림핏,,,,,
images/5fa1829492a9db52722d48a87387b424.jpg,train,244.0,363.0,176.0,534.0,팬츠,,,,,,,,롱·긴바지 기장,,,,스트레이트핏,H라인,체크,,지퍼
images/4de78adeb7751acb7d8833da840600a2.jpg,train,217.0,458.0,213.0,296.0,쇼츠,,,,,,,,쇼츠·미니 기장,,,,,,스트라이프,,플리츠|프릴·러플
images/4de78adeb7751acb7d8833da840600a2.jpg,train,255.0,283.0,79.0,180.0,티셔츠,,,,,,,크롭 기장,,라운드넥,,레귤러핏,,,무지,,
images/4de78adeb7751acb7d8833da840600a2.jpg,train,147.0,234.0,311.0,604.0,코트,,,,,긴팔,,,,,라펠 칼라,여유핏,,,스트라이프,,
images/3262c53e0f5ee8c6691c8ebdc38477d1.jpg,train,327.0,276.0,176.0,518.0,점프수트,,,,,긴팔,,,롱·긴바지 기장,보트넥,,여유핏,,,,,
images/e18412ca525dcca929e9714e7e7203b7.jpg,train,229.0,226.0,230.0,374.0,원피스,,,,,반팔,캡 소매,,쇼츠·미니 기장,보트넥,,,,,무지,,지퍼
images/6a9ddca1da857c56d8d4134a7c84ee04.jpg,train,304.0,822.0,164.0,153.0,팬츠,,,,,,,,,,,,슬림핏,,무지,,
images/6a9ddca1da857c56d8d4134a7c84ee04.jpg,train,284.0,281.0,56.0,157.0,티셔츠,,,,,,,,,라운드넥,,레귤러핏,,,무지,,
images/6a9ddca1da857c56d8d4134a7c84ee04.jpg,train,154.0,237.0,405.0,637.0,코트,,,,,긴팔,기본 소매,,,,라펠 칼라,레귤러핏,,,무지,,단추
images/6a9ddca1da857c56d8d4134a7c84ee04.jpg,train,301.0,390.0,36.0,247.0,가디건,,,,,,,,,,,,,,무지,니트,단추
images/e40ee400321e10b4bc5d62af651842e1.jpg,train,595.0,239.0,180.0,428.0,원피스,,,,,,,,,,,,,X라인,무지,,지퍼
images/506384065789d26b7536672e60514b6a.jpg,train,229.0,436.0,174.0,422.0,청바지,,,,,,,,롱·긴바지 기장,,,,슬림핏,,무지,데님,벨트
images/506384065789d26b7536672e60514b6a.jpg,train,274.0,188.0,117.0,268.0,셔츠,,,,,,,,,,셔츠 칼라,레귤러핏,,,그래픽,,단추
images/506384065789d26b7536672e60514b6a.jpg,train,188.0,179.0,277.0,390.0,재킷,,,,,긴팔,,크롭 기장,,,라펠 칼라,레귤러핏,,,무지,,지퍼|포켓
images/e8aad072433e8d7794a9364a56b87811.jpg,val_train_split,110.0,321.0,388.0,702.0,원피스,,,,,,,,,,,,,X라인,플로럴|애니멀,,지퍼
images/5a78e31122b93802638df51dd6d85896.jpg,val_train_split,204.0,215.0,252.0,786.0,원피스,,,,,,,,롱·긴바지 기장,,,,,X라인,도트,,지퍼|스팽글
images/040cfc4dc3b5908c6503eb53e469acf1.jpg,train,133.0,207.0,162.0,180.0,티셔츠,,,,,반팔,캡 소매,크롭 기장,,,,슬림핏,,,무지,,
images/040cfc4dc3b5908c6503eb53e469acf1.jpg,train,122.0,410.0,152.0,149.0,쇼츠,,,,,,,,쇼츠·미니 기장,,,,슬림핏,,스트라이프,,포켓|지퍼
images/e5c939875241eec06df4e5a57bb3b47d.jpg,train,253.0,191.0,266.0,310.0,니트,,,,,긴팔,,기본 기장,,,,레귤러핏,,,플로럴,니트,
images/e5c939875241eec06df4e5a57bb3b47d.jpg,train,285.0,467.0,184.0,51.0,탑,,,,,,,크롭 기장,,,,레귤러핏,,,,,
images/e5c939875241eec06df4e5a57bb3b47d.jpg,train,284.0,483.0,186.0,434.0,팬츠,,,,,,,,롱·긴바지 기장,,,,슬림핏,,무지,,
images/3e1c04d5492fc1740c2fa367a24c7854.jpg,train,269.0,338.0,177.0,199.0,후드티,,,,,긴팔,,크롭 기장,,,,레귤러핏,,,무지,,후드|포켓
images/3e1c04d5492fc1740c2fa367a24c7854.jpg,train,275.0,484.0,159.0,256.0,팬츠,,,,,,,,롱·긴바지 기장,,,,,,무지,,
images/daeb36032c0640b5d7b791181ccfe882.jpg,val_train_split,249.0,297.0,184.0,324.0,탑,,,,,,,크롭 기장,,,,레귤러핏,,,무지,,
images/daeb36032c0640b5d7b791181ccfe882.jpg,val_train_split,228.0,596.0,222.0,410.0,팬츠,,,,,,,,롱·긴바지 기장,,,,,,무지,,
images/daeb36032c0640b5d7b791181ccfe882.jpg,val_train_split,205.0,280.0,278.0,370.0,재킷,,,,,긴팔,,크롭 기장,,,,레귤러핏,,,무지,퍼·플리스,
images/6a32e498d2258e4b285ed06c886b5868.jpg,train,31.0,169.0,375.0,415.0,원피스,,,,,7부 소매,퍼프 소매,,쇼츠·미니 기장,라운드넥,,,,O라인,플로럴,,지퍼
images/3784f8ad30538af2154377c0025efa6a.jpg,train,576.0,190.0,291.0,491.0,원피스,,,,,반팔,,,,,,,,,애니멀,,지퍼|리본
images/22a047205ef0cc298f5b89a291e6d254.jpg,train,357.0,158.0,142.0,372.0,원피스,,,,,,,,쇼츠·미니 기장,터틀넥,,,,,무지,,지퍼
images/e1b3eb84b35599e28d7d03e30fea0839.jpg,train,489.0,729.0,118.0,167.0,팬츠,,,,,,,,롱·긴바지 기장,,,,,,,,
images/e1b3eb84b35599e28d7d03e30fea0839.jpg,train,461.0,518.0,157.0,303.0,원피스,,,,,,,,무릎 기장,,,,,X라인,무지,,지퍼
images/2dcfeff87301f36d3142f611a6020e78.jpg,train,171.0,187.0,274.0,508.0,원피스,,,,,,,,무릎 기장,라운드넥,,,,X라인,무지,,지퍼|스팽글
images/8c4ad7ebf326cef71349578c81ad6d1f.jpg,train,59.0,299.0,373.0,634.0,원피스,,,,,,,,롱·긴바지 기장,,,,,X라인,무지|도트,,지퍼
images/800d9882e757cc4c8dd513bb45c29266.jpg,val_train_split,226.0,480.0,190.0,135.0,스커트,,,,,,,,쇼츠·미니 기장,,,,스트레이트핏,H라인,,,지퍼
images/800d9882e757cc4c8dd513bb45c29266.jpg,val_train_split,230.0,207.0,185.0,309.0,탑,,,,,,,크롭 기장,,,,레귤러핏,,,무지,,지퍼
images/800d9882e757cc4c8dd513bb45c29266.jpg,val_train_split,208.0,204.0,277.0,386.0,재킷,,,,,반팔,,기본 기장,,,,레귤러핏,,,도트,,지퍼|후드
images/7ac6da7158fd9497a1a97f0272932967.jpg,train,240.0,271.0,321.0,329.0,가디건,,,,,7부 소매,,크롭 기장,,,,슬림핏,,,무지|플로럴,니트,단추
images/7ac6da7158fd9497a1a97f0272932967.jpg,train,207.0,242.0,346.0,655.0,원피스,,,,,,,,쇼츠·미니 기장,V넥,,,,X라인,,,프릴·러플
images/7ac6da7158fd9497a1a97f0272932967.jpg,train,275.0,791.0,197.0,172.0,쇼츠,,,,,,,,쇼츠·미니 기장,,,,,,,,
images/07acd85ea7a4559005ee1b4c6c9d9c15.jpg,train,274.0,488.0,162.0,404.0,팬츠,,,,,,,,롱·긴바지 기장,,,,스트레이트핏,H라인,무지,,
images/07acd85ea7a4559005ee1b4c6c9d9c15.jpg,train,250.0,339.0,255.0,251.0,티셔츠,,,,,,,크롭 기장,,,,레귤러핏,,비대칭,,,
images/07acd85ea7a4559005ee1b4c6c9d9c15.jpg,train,248.0,203.0,224.0,298.0,니트,,,,,,,기본 기장,,,,레귤러핏,,,,니트,
images/d7cc1acc4df0f028d8c2e5de0ae19394.jpg,val_train_split,230.0,506.0,254.0,288.0,스커트,,,,,,,,쇼츠·미니 기장,,,,,,,,지퍼
images/d7cc1acc4df0f028d8c2e5de0ae19394.jpg,val_train_split,133.0,219.0,458.0,403.0,블레이저,,,,,긴팔,벨 소매,크롭 기장,,,라펠 칼라,슬림핏,,,무지,,
images/99579d3b9cb3fb6d70e94605bb0c6843.jpg,train,36.0,430.0,384.0,244.0,티셔츠,,,,,긴팔,,크롭 기장,,오프숄더,,슬림핏,,,플로럴,,
images/99579d3b9cb3fb6d70e94605bb0c6843.jpg,train,98.0,615.0,242.0,408.0,스커트,,,,,,,,,,,,,,플로럴,,플리츠
images/c18b67adc9f86dc1518ff6e922a5adf3.jpg,train,240.0,385.0,157.0,180.0,블레이저,,,,,긴팔,기본 소매,크롭 기장,,,칼라 없음,레귤러핏,,,무지,,포켓
images/c18b67adc9f86dc1518ff6e922a5adf3.jpg,train,309.0,413.0,45.0,118.0,탑,,,,,,,크롭 기장,,라운드넥,,레귤러핏,,,,,
images/c18b67adc9f86dc1518ff6e922a5adf3.jpg,train,274.0,526.0,103.0,251.0,팬츠,,,,,,,,롱·긴바지 기장,,,,,,무지,,
images/9e9dd2da4f948294899baf90ccef6a61.jpg,train,312.0,210.0,74.0,151.0,점프수트,,,,,,,,쇼츠·미니 기장,,,여유핏,,,,,지퍼|벨트
images/9e9dd2da4f948294899baf90ccef6a61.jpg,train,256.0,184.0,242.0,202.0,코트,,,,,긴팔,,,,,라펠 칼라,레귤러핏,,,무지,,
images/88b857f21bc8195b83465de18e83d0f1.jpg,train,193.0,235.0,210.0,548.0,코트,,,,,7부 소매,벨 소매,,,,라펠 칼라,여유핏,,,무지,,포켓|벨트
images/88b857f21bc8195b83465de18e83d0f1.jpg,train,239.0,258.0,80.0,285.0,티셔츠,,,,,긴팔,,,,터틀넥,,레귤러핏,,,무지,,
images/88b857f21bc8195b83465de18e83d0f1.jpg,train,239.0,687.0,83.0,177.0,팬츠,,,,,,,,롱·긴바지 기장,,,,스트레이트핏,H라인,무지,,
images/7df835ade2b7510e42bc8d88f5232d74.jpg,train,230.0,268.0,249.0,302.0,블레이저,,,,,긴팔,기본 소매,크롭 기장,,,스탠드 칼라,슬림핏,,,무지,,단추
images/7df835ade2b7510e42bc8d88f5232d74.jpg,train,204.0,323.0,235.0,377.0,원피스,,,,,,,,무릎 기장,,,,,X라인,무지,,지퍼|벨트
images/a9392e753a6922f7628c1633748b2348.jpg,train,0.0,229.0,422.0,794.0,원피스,,,,,반팔,캡 소매,,롱·긴바지 기장,,스탠드 칼라,,,,,,지퍼
images/56c364c3c3a9b249029b507066c3c789.jpg,train,0.0,148.0,394.0,728.0,후드티,,,,,긴팔,기본 소매,,,,,레귤러핏,,,무지,,후드
images/56c364c3c3a9b249029b507066c3c789.jpg,train,23.0,729.0,540.0,294.0,청바지,,,,,,,,,,,,슬림핏,,무지,데님,
images/4508b83a92cc4c2bcfa41e61653b21fe.jpg,train,621.0,334.0,276.0,194.0,청바지,,,,,,,,롱·긴바지 기장,,,,,,무지,데님,포켓|지퍼
images/4508b83a92cc4c2bcfa41e61653b21fe.jpg,train,599.0,150.0,350.0,332.0,재킷,,,,,긴팔,기본 소매,크롭 기장,,,,레귤러핏,,,무지,,지퍼|후드
images/fb378a687cd1ceb0c420a77744a1b30f.jpg,val_train_split,230.0,208.0,319.0,434.0,원피스,,,,,,,,쇼츠·미니 기장,스퀘어넥,,,,X라인,무지|도트,,지퍼|프릴·러플
images/72ec8e589a8ae84cc7a4fd12194fb09b.jpg,val_train_split,288.0,198.0,481.0,564.0,원피스,,,,,,,,미디·7부 기장,보트넥,,,,,플로럴,,플리츠|지퍼|벨트|리본
images/0c3e576bbc4fe738479c8d61e6966c9e.jpg,train,238.0,587.0,151.0,83.0,쇼츠,,,,,,,,쇼츠·미니 기장,,,,슬림핏,,무지,,
images/0c3e576bbc4fe738479c8d61e6966c9e.jpg,train,180.0,240.0,267.0,365.0,원피스,,,,,긴팔,래글런 소매,,쇼츠·미니 기장,,,,,H라인,무지,니트,지퍼
images/16971ca02c4db417436e1104e9fbfe0d.jpg,train,517.0,157.0,324.0,457.0,점프수트,,,,,,,,쇼츠·미니 기장,,,레귤러핏,,,무지,,
images/4b4f7c187025d244ed03d555a463082b.jpg,val_train_split,81.0,376.0,375.0,632.0,티셔츠,,,,,,,크롭 기장,,라운드넥,,레귤러핏,,,무지,,포켓
images/4b4f7c187025d244ed03d555a463082b.jpg,val_train_split,0.0,303.0,576.0,720.0,재킷,,,,,긴팔,래글런 소매,크롭 기장,,,,레귤러핏,,,무지,,지퍼
images/edf77d20318aabff2ac8dd6460f3c0fc.jpg,train,316.0,374.0,187.0,305.0,팬츠,,,,,,,,,,,,스트레이트핏,H라인,플로럴,,
images/edf77d20318aabff2ac8dd6460f3c0fc.jpg,train,416.0,168.0,84.0,262.0,셔츠,,,,,,,기본 기장,,,셔츠 칼라,레귤러핏,,,체크,,단추
images/edf77d20318aabff2ac8dd6460f3c0fc.jpg,train,347.0,156.0,168.0,267.0,블레이저,,,,,7부 소매,,크롭 기장,,,라펠 칼라,슬림핏,,,체크|플로럴,,
images/f062871b2065f1a09224dbeed4f4374f.jpg,train,179.0,233.0,271.0,442.0,원피스,,,,,긴팔,벌룬 소매,,쇼츠·미니 기장,,칼라 없음,,,X라인,무지,,벨트
images/048c77e2aafc23520292bdd0ed6976a4.jpg,train,360.0,392.0,189.0,289.0,원피스,,,,,,,,,,,,,,무지,,포켓
images/048c77e2aafc23520292bdd0ed6976a4.jpg,train,311.0,342.0,277.0,339.0,코트,,,,,,기본 소매,,,,셔츠 칼라,레귤러핏,,,카모,,단추|포켓
images/f8557ca45717b6ce4400f95a13326081.jpg,train,104.0,171.0,420.0,402.0,재킷,,,,,긴팔,기본 소매,,,,라펠 칼라,레귤러핏,,,무지,퍼·플리스,
images/f8557ca45717b6ce4400f95a13326081.jpg,train,313.0,407.0,61.0,37.0,탑,,,,,,,,,,,슬림핏,,,무지,,
images/f8557ca45717b6ce4400f95a13326081.jpg,train,77.0,494.0,495.0,274.0,팬츠,,,,,,,,미디·7부 기장,,,,와이드핏,,체크,,
images/33ca733677d3937a77dc19ed7e71ed9e.jpg,train,163.0,219.0,303.0,353.0,티셔츠,,,,,긴팔,,크롭 기장,,,,레귤러핏,,,애니멀,,
images/33ca733677d3937a77dc19ed7e71ed9e.jpg,train,176.0,207.0,292.0,270.0,블레이저,,,,,7부 소매,기본 소매,크롭 기장,,라운드넥,라펠 칼라,슬림핏,,,무지,,단추
images/33ca733677d3937a77dc19ed7e71ed9e.jpg,train,234.0,432.0,192.0,171.0,쇼츠,,,,,,,,쇼츠·미니 기장,,,,,,,,
images/8b2ccb2f5f1ba3c2a18bda2568f56e40.jpg,train,165.0,126.0,364.0,586.0,코트,,,,,7부 소매,기본 소매,,,,셔츠 칼라,슬림핏,,비대칭,무지,,지퍼|벨트
images/91c9ca22db18b6a17b10d351360ebd32.jpg,train,249.0,385.0,145.0,439.0,팬츠,,,,,,,,,,,,,,무지,,포켓
images/91c9ca22db18b6a17b10d351360ebd32.jpg,train,193.0,156.0,275.0,433.0,코트,,,,,7부 소매,기본 소매,,,,라펠 칼라,레귤러핏,,,무지,,단추
images/91c9ca22db18b6a17b10d351360ebd32.jpg,train,270.0,235.0,115.0,159.0,베스트,,,,,,,크롭 기장,,,,슬림핏,,,무지,가죽,지퍼|벨트
images/715eaa6801b5f02466174ba890cd44dd.jpg,train,145.0,229.0,267.0,469.0,원피스,,,,,반팔,캡 소매,,쇼츠·미니 기장,,셔츠 칼라,,,A라인,무지,,플리츠|지퍼
images/e0a921deff1efbb703ec382950dd86a8.jpg,train,164.0,209.0,294.0,336.0,가디건,,,,,긴팔,기본 소매,기본 기장,,,,레귤러핏,,,무지,니트,단추
images/e0a921deff1efbb703ec382950dd86a8.jpg,train,237.0,193.0,167.0,357.0,셔츠,,,,,,,,,,셔츠 칼라,레귤러핏,,,무지,,단추
images/e0a921deff1efbb703ec382950dd86a8.jpg,train,237.0,493.0,171.0,335.0,팬츠,,,,,,,,롱·긴바지 기장,,,,스트레이트핏,H라인,무지,,
images/d32d14e02596550f925ff4c7151da975.jpg,train,254.0,427.0,159.0,210.0,원피스,,,,,,,,쇼츠·미니 기장,,,,,A라인,도트,,
images/0d61f625f4cc8a81d04c2a992e483db8.jpg,train,263.0,427.0,186.0,380.0,팬츠,,,,,,,,미디·7부 기장,,,,,,카모,,포켓
images/0d61f625f4cc8a81d04c2a992e483db8.jpg,train,282.0,200.0,145.0,211.0,티셔츠,,,,,반팔,캡 소매,크롭 기장,,라운드넥,,슬림핏,,,무지,,
images/8105721aa8bcbdcd0674c3d5f84157a5.jpg,train,17.0,159.0,399.0,837.0,원피스,,,,,,,,롱·긴바지 기장,홀터넥,,,,,무지,,지퍼|포켓
images/f4b8366d1d0de59c16f3763bad59e355.jpg,val_train_split,174.0,236.0,331.0,767.0,원피스,,,,,반팔,벨 소매,,롱·긴바지 기장,,,,,X라인,무지,,지퍼|리본
images/4fa1290a5b212e4e0c16d1431c4679a3.jpg,train,191.0,185.0,136.0,342.0,재킷,,,,,긴팔,기본 소매,크롭 기장,,,,레귤러핏,,,,,단추|포켓
images/4fa1290a5b212e4e0c16d1431c4679a3.jpg,train,338.0,179.0,135.0,323.0,재킷,,,,,긴팔,기본 소매,크롭 기장,,,,레귤러핏,,,,,단추|포켓
images/4fa1290a5b212e4e0c16d1431c4679a3.jpg,train,320.0,209.0,37.0,260.0,티셔츠,,,,,,,크롭 기장,,라운드넥,,레귤러핏,,,,,
images/4fa1290a5b212e4e0c16d1431c4679a3.jpg,train,247.0,475.0,185.0,445.0,팬츠,,,,,,,,롱·긴바지 기장,,,,스트레이트핏,H라인,무지,,
images/6e1ecf4da0ba26533be4332a4403dd00.jpg,train,227.0,545.0,146.0,94.0,쇼츠,,,,,,,,쇼츠·미니 기장,,,,슬림핏,,,,포켓
images/6e1ecf4da0ba26533be4332a4403dd00.jpg,train,201.0,279.0,130.0,288.0,셔츠,,,,,긴팔,,,,,스탠드 칼라,레귤러핏,,,무지,,
images/6e1ecf4da0ba26533be4332a4403dd00.jpg,train,186.0,290.0,195.0,279.0,베스트,,,,,,,크롭 기장,,,,레귤러핏,,,무지,,
images/ae36203b5ee376abec3f10cda622098e.jpg,train,253.0,232.0,175.0,466.0,원피스,,,,,,,,무릎 기장,,,,,,무지,,지퍼|프릴·러플
images/afab8ee147201a651ea0907851b437c0.jpg,train,237.0,154.0,185.0,333.0,탑,,,,,,,크롭 기장,,터틀넥,,슬림핏,,,무지,,
images/afab8ee147201a651ea0907851b437c0.jpg,train,239.0,471.0,191.0,209.0,스커트,,,,,,,,쇼츠·미니 기장,,,,스트레이트핏,H라인,무지,,포켓
images/4f5b40ab91992e2c95b66f504def1bd5.jpg,train,204.0,273.0,281.0,309.0,탑,,,,,긴팔,,기본 기장,,오프숄더,,레귤러핏,,,무지,,
images/4f5b40ab91992e2c95b66f504def1bd5.jpg,train,247.0,511.0,181.0,379.0,청바지,,,,,,,,롱·긴바지 기장,,,,슬림핏,,무지,데님,
images/73569ed489fe268a6cb2d061f03b44f8.jpg,train,9.0,355.0,670.0,555.0,티셔츠,,,,,반팔,캡 소매,,,,피터팬 칼라,레귤러핏,,,그래픽,,
images/5b631628f35a13ef3a2358d878e010b8.jpg,train,237.0,386.0,180.0,258.0,스커트,,,,,,,,쇼츠·미니 기장,,,,,,무지,,지퍼
images/5b631628f35a13ef3a2358d878e010b8.jpg,train,208.0,203.0,257.0,203.0,티셔츠,,,,,반팔,,크롭 기장,,오프숄더,,레귤러핏,,,무지,,
images/d8660433da6dac24cf308d6db1249d54.jpg,train,222.0,451.0,239.0,186.0,스커트,,,,,,,,롱·긴바지 기장,,,,플레어핏,,,,플리츠
images/d8660433da6dac24cf308d6db1249d54.jpg,train,287.0,273.0,129.0,187.0,티셔츠,,,,,,,크롭 기장,,라운드넥,,레귤러핏,,,,,
images/d8660433da6dac24cf308d6db1249d54.jpg,train,228.0,249.0,218.0,300.0,블레이저,,,,,반팔,기본 소매,크롭 기장,,,셔츠 칼라,레귤러핏,,,무지,,단추|리본|벨트
images/314b1de833421f4420eb3dec0b91cefc.jpg,val_train_split,515.0,151.0,351.0,353.0,코트,,,,,,기본 소매,,,,,여유핏,,,카모,,
images/314b1de833421f4420eb3dec0b91cefc.jpg,val_train_split,670.0,360.0,108.0,143.0,쇼츠,,,,,,,,쇼츠·미니 기장,,,,슬림핏,,무지,,포켓
images/314b1de833421f4420eb3dec0b91cefc.jpg,val_train_split,621.0,283.0,90.0,92.0,탑,,,,,,,크롭 기장,,,,슬림핏,,,,,
images/fdeda1a5dd47924fed8469e018f18afc.jpg,train,19.0,601.0,520.0,411.0,원피스,,,,,,,,,,,,,X라인,,,지퍼
images/7a885417843b60af8d0d88c5775b172b.jpg,train,640.0,159.0,176.0,239.0,티셔츠,,,,,반팔,퍼프 소매,,,,,레귤러핏,,,무지,,
images/7a885417843b60af8d0d88c5775b172b.jpg,train,499.0,175.0,310.0,413.0,원피스,,,,,,,,쇼츠·미니 기장,,,,,,무지,,지퍼
images/b21b9c3a1818506f3a500cdfef6f0978.jpg,train,170.0,657.0,312.0,317.0,쇼츠,,,,,,,,쇼츠·미니 기장,,,,슬림핏,,무지,,
images/b21b9c3a1818506f3a500cdfef6f0978.jpg,train,120.0,299.0,385.0,532.0,탑,,,,,긴팔,벌룬 소매,크롭 기장,,,,여유핏,,,무지,,
images/3749760e649a2a14ca25d7dd7cf15bce.jpg,train,195.0,250.0,261.0,595.0,원피스,,,,,7부 소매,,,롱·긴바지 기장,,,,,X라인,무지|도트,,지퍼
images/a15dbf0eab7fc66fc16ccca8875cd291.jpg,train,238.0,279.0,217.0,367.0,원피스,,,,,민소매,캡 소매,,쇼츠·미니 기장,라운드넥,,,,X라인,무지,,지퍼
images/5783bbd6b2931a65d908390485cb94bc.jpg,val_train_split,75.0,185.0,522.0,825.0,원피스,,,,,반팔,,,롱·긴바지 기장,오프숄더,,,,X라인,무지|플로럴,,지퍼|벨트
images/8923fc25c6777aa0c3e35c7a20a9dffb.jpg,train,238.0,200.0,245.0,456.0,원피스,,,,,,,,쇼츠·미니 기장,스퀘어넥,,,,X라인,무지|도트,,플리츠|지퍼
images/c7ff878c54f77e584f8fadf02b042fa6.jpg,train,211.0,237.0,239.0,346.0,원피스,,,,,긴팔,기본 소매,,쇼츠·미니 기장,보트넥,,,,X라인,무지,,플리츠|지퍼
images/2d232f09d801c6159eb440bde8af5009.jpg,train,265.0,277.0,175.0,194.0,베스트,,,,,,,크롭 기장,,,라펠 칼라,슬림핏,,,무지,,단추
images/2d232f09d801c6159eb440bde8af5009.jpg,train,225.0,450.0,186.0,401.0,팬츠,,,,,,,,미디·7부 기장,,,,스트레이트핏,H라인,무지,,벨트
images/2d232f09d801c6159eb440bde8af5009.jpg,train,329.0,189.0,168.0,288.0,셔츠,,,,,긴팔,,크롭 기장,,,셔츠 칼라,,,,무지,,
images/2d232f09d801c6159eb440bde8af5009.jpg,train,205.0,179.0,343.0,426.0,코트,,,,,긴팔,기본 소매,,,,,레귤러핏,,,무지,,지퍼
images/48ca49776b5df326c70e57a956f8a22b.jpg,train,445.0,232.0,223.0,294.0,블레이저,,,,,긴팔,기본 소매,크롭 기장,,,라펠 칼라,레귤러핏,,,체크,,단추|포켓
images/48ca49776b5df326c70e57a956f8a22b.jpg,train,535.0,299.0,57.0,151.0,탑,,,,,,,크롭 기장,,스퀘어넥,,슬림핏,,,무지,,
images/48ca49776b5df326c70e57a956f8a22b.jpg,train,462.0,449.0,150.0,232.0,팬츠,,,,,,,,,,,,슬림핏,,무지,,포켓|벨트|지퍼
images/28c57540e1238d0e01599f27f74496a1.jpg,train,166.0,331.0,322.0,692.0,원피스,,,,,긴팔,,,롱·긴바지 기장,,스탠드 칼라,,,H라인,,,지퍼
images/28c57540e1238d0e01599f27f74496a1.jpg,train,199.0,826.0,205.0,197.0,팬츠,,,,,,,,,,,,,,무지,,
images/5b1a1120841b0b40d55b71432e520178.jpg,val_train_split,357.0,127.0,305.0,555.0,코트,,,,,,,,,V넥,,여유핏,,,무지,퍼·플리스,벨트
images/e32e4ef610717ad138aa4bd27da0aa5b.jpg,train,320.0,249.0,143.0,472.0,점프수트,,,,,,,,무릎 기장,,,여유핏,,H라인,무지,,
images/22722cf5130f94811e8bfd189c435e87.jpg,train,355.0,354.0,138.0,148.0,탑,,,,,,,,,,,레귤러핏,,,무지,,
images/22722cf5130f94811e8bfd189c435e87.jpg,train,323.0,498.0,194.0,168.0,스커트,,,,,,,,쇼츠·미니 기장,,,,,,체크,,
images/22722cf5130f94811e8bfd189c435e87.jpg,train,324.0,497.0,196.0,204.0,가디건,,,,,,,,,,,,,,무지,니트,
images/a63815fa6bfebfee7ce111d578660219.jpg,train,136.0,168.0,502.0,785.0,코트,,,,,긴팔,기본 소매,,,,라펠 칼라,슬림핏,,,,,단추|포켓
images/a63815fa6bfebfee7ce111d578660219.jpg,train,266.0,548.0,250.0,475.0,팬츠,,,,,,,,,,,,스트레이트핏,H라인,무지,,지퍼
images/a63815fa6bfebfee7ce111d578660219.jpg,train,329.0,167.0,116.0,370.0,탑,,,,,,,크롭 기장,,라운드넥,,슬림핏,,,플로럴|도트,,
images/f58bce058cf3b530c0062f18c7fd82d1.jpg,train,267.0,449.0,135.0,357.0,팬츠,,,,,,,,롱·긴바지 기장,,,,슬림핏,,무지,,
images/f58bce058cf3b530c0062f18c7fd82d1.jpg,train,258.0,241.0,156.0,265.0,베스트,,,,,,,기본 기장,,,,슬림핏,,,무지,,포켓
images/d873a748c2fe74367a6f5567b6237c0d.jpg,train,288.0,352.0,139.0,360.0,원피스,,,,,민소매,캡 소매,,무릎 기장,라운드넥,,,,H라인,무지,,지퍼
images/6ae1b529dec3212e68319a1bd4f96831.jpg,train,373.0,322.0,149.0,202.0,스커트,,,,,,,,미디·7부 기장,,,,스트레이트핏,H라인,무지,,벨트
images/6ae1b529dec3212e68319a1bd4f96831.jpg,train,479.0,263.0,122.0,223.0,티셔츠,,,,,긴팔,,크롭 기장,,터틀넥,,슬림핏,,,,,
images/e9d5e30463367ca44f555ba148a81093.jpg,val_train_split,126.0,618.0,400.0,405.0,원피스,,,,,반팔,,,,오프숄더,,,,X라인,,,리본
images/7bb78893e1c620c207e1e8eaa91a75f8.jpg,train,359.0,345.0,62.0,82.0,셔츠,,,,,,,,,,스탠드 칼라,,,,무지,,단추
images/7bb78893e1c620c207e1e8eaa91a75f8.jpg,train,256.0,314.0,248.0,352.0,재킷,,,,,긴팔,래글런 소매,크롭 기장,,,,레귤러핏,,,무지,,지퍼|포켓
images/7bb78893e1c620c207e1e8eaa91a75f8.jpg,train,252.0,423.0,336.0,487.0,점프수트,,,,,,,,롱·긴바지 기장,,,레귤러핏,,H라인,무지,,
images/884ae86cbccf939972d6dec97599d14c.jpg,train,266.0,220.0,421.0,461.0,점프수트,,,,,,,,롱·긴바지 기장,,,여유핏,,,무지,,
images/48a9bae98dc780ca74fe6d1d769a4c0d.jpg,train,400.0,242.0,202.0,639.0,점프수트,,,,,반팔,,,롱·긴바지 기장,라운드넥,,여유핏,,,스트라이프,,
images/2e96458f56483f9e5d13c2f60f20dc95.jpg,train,0.0,549.0,593.0,453.0,청바지,,,,,,,,롱·긴바지 기장,,,,슬림핏,,무지,데님,
images/2e96458f56483f9e5d13c2f60f20dc95.jpg,train,318.0,274.0,165.0,289.0,티셔츠,,,,,,,크롭 기장,,,,슬림핏,,,무지,,
images/2e96458f56483f9e5d13c2f60f20dc95.jpg,train,216.0,222.0,379.0,463.0,가디건,,,,,7부 소매,,기본 기장,,,,레귤러핏,,,무지,니트,
images/2f3198940e91c2c527deb9189d67b268.jpg,train,217.0,315.0,256.0,555.0,코트,,,,,긴팔,기본 소매,,,,라펠 칼라,레귤러핏,,,무지,,단추|포켓
images/2f3198940e91c2c527deb9189d67b268.jpg,train,231.0,634.0,209.0,267.0,스커트,,,,,,,,롱·긴바지 기장,,,,,A라인,무지,,
images/2f3198940e91c2c527deb9189d67b268.jpg,train,309.0,317.0,63.0,158.0,티셔츠,,,,,,,,,터틀넥,,레귤러핏,,,무지,,
images/0e373d788a5390a0044ce9b789e92a8e.jpg,train,282.0,725.0,418.0,298.0,스커트,,,,,,,,,,,,,A라인,무지,,지퍼
images/0e373d788a5390a0044ce9b789e92a8e.jpg,train,233.0,173.0,679.0,719.0,티셔츠,,,,,긴팔,,크롭 기장,,,,슬림핏,,,플로럴,가죽|스웨이드,
images/3f818374f7dc660a9575ac71e604abce.jpg,val_train_split,216.0,235.0,233.0,383.0,원피스,,,,,반팔,캡 소매,,쇼츠·미니 기장,,,,,X라인,도트,,지퍼
images/4f331a441150ef81cec5879e73aa9761.jpg,train,248.0,234.0,173.0,272.0,탑,,,,,,,크롭 기장,,,,레귤러핏,,,무지,,
images/4f331a441150ef81cec5879e73aa9761.jpg,train,247.0,489.0,174.0,389.0,팬츠,,,,,,,,롱·긴바지 기장,,,,슬림핏,,무지,,
images/4f331a441150ef81cec5879e73aa9761.jpg,train,182.0,217.0,301.0,358.0,셔츠,,,,,반팔,벨 소매,기본 기장,,,,여유핏,,,플로럴,,리본
images/b30ce845090bb3a3e269560a4f1de29c.jpg,val_train_split,236.0,572.0,155.0,366.0,청바지,,,,,,,,롱·긴바지 기장,,,,스트레이트핏,H라인,무지,데님,
images/b30ce845090bb3a3e269560a4f1de29c.jpg,val_train_split,208.0,343.0,210.0,260.0,블레이저,,,,,,,크롭 기장,,,라펠 칼라,레귤러핏,,,무지,,
images/b30ce845090bb3a3e269560a4f1de29c.jpg,val_train_split,297.0,367.0,27.0,177.0,티셔츠,,,,,,,,,라운드넥,,레귤러핏,,,그래픽,,
images/488c4b69c375d5d4c97902b6ad7d7ec5.jpg,train,285.0,462.0,227.0,146.0,쇼츠,,,,,,,,쇼츠·미니 기장,,,,,,플로럴,,플리츠|포켓
images/488c4b69c375d5d4c97902b6ad7d7ec5.jpg,train,276.0,184.0,279.0,296.0,티셔츠,,,,,반팔,퍼프 소매,크롭 기장,,라운드넥,,여유핏,,,무지,,리본
images/38f69715baa2c57de72a735e6e7c2652.jpg,train,71.0,272.0,355.0,592.0,원피스,,,,,,,,쇼츠·미니 기장,홀터넥,,,,X라인,,,
images/c99029049c57f22586f1afd04129b4af.jpg,train,157.0,269.0,328.0,363.0,재킷,,,,,긴팔,기본 소매,크롭 기장,,,칼라 없음,레귤러핏,,,무지,,지퍼|포켓
images/c99029049c57f22586f1afd04129b4af.jpg,train,277.0,323.0,77.0,252.0,탑,,,,,,,크롭 기장,,V넥,,레귤러핏,,,,,
images/c99029049c57f22586f1afd04129b4af.jpg,train,211.0,564.0,215.0,458.0,팬츠,,,,,,,,,,,,스트레이트핏,H라인,무지,,
images/59d1c7ed57c84bca86b422d03b459fdc.jpg,val_train_split,405.0,94.0,331.0,521.0,후드티,,,,,긴팔,,,,,,여유핏,,,무지,퍼·플리스,후드
images/f58d8b3fa1b33fbccd8c8d71e0fe1a2c.jpg,train,232.0,460.0,164.0,129.0,쇼츠,,,,,,,,쇼츠·미니 기장,,,,,,플로럴,,포켓
images/f58d8b3fa1b33fbccd8c8d71e0fe1a2c.jpg,train,175.0,295.0,362.0,341.0,가디건,,,,,반팔,,,,,,오버핏,,,무지,니트,리본
images/f58d8b3fa1b33fbccd8c8d71e0fe1a2c.jpg,train,273.0,313.0,142.0,183.0,탑,,,,,,,크롭 기장,,,,슬림핏,,,무지,,
images/80f03c0bfc890ae53a9a3b897f4e9b94.jpg,train,224.0,312.0,211.0,335.0,점프수트,,,,,,,,쇼츠·미니 기장,,,오버핏,,,애니멀,,지퍼|포켓
images/f3c45ed6ed81615bc511ee92984ce63f.jpg,val_train_split,271.0,207.0,185.0,460.0,원피스,,,,,반팔,캡 소매,,쇼츠·미니 기장,,,,,H라인,애니멀|플로럴,,지퍼
images/cd4cf5457e91daa63b5ea2bf2858de5c.jpg,val_train_split,248.0,386.0,147.0,178.0,블레이저,,,,,반팔,기본 소매,크롭 기장,,,,레귤러핏,,,무지,,단추|리본
images/cd4cf5457e91daa63b5ea2bf2858de5c.jpg,val_train_split,266.0,517.0,115.0,160.0,스커트,,,,,,,,쇼츠·미니 기장,,,,,A라인,체크,,플리츠
images/3a7581726d48c8fa69ee2498e8da7a4c.jpg,val_train_split,442.0,410.0,220.0,194.0,쇼츠,,,,,,,,쇼츠·미니 기장,,,,,,무지,,포켓|지퍼
images/3a7581726d48c8fa69ee2498e8da7a4c.jpg,val_train_split,428.0,221.0,238.0,219.0,셔츠,,,,,긴팔,,,,,셔츠 칼라,레귤러핏,,,무지,,단추|포켓|벨트
images/3a7581726d48c8fa69ee2498e8da7a4c.jpg,val_train_split,340.0,237.0,328.0,239.0,재킷,,,,,긴팔,기본 소매,크롭 기장,,,,레귤러핏,,,애니멀,,
images/a2ac3a542f478954bafa54577e559bbb.jpg,train,258.0,288.0,160.0,244.0,원피스,,,,,,,,쇼츠·미니 기장,,,,,,애니멀,,지퍼
images/e1ebc8b834a89104f67d9a6b916ded27.jpg,train,171.0,397.0,173.0,416.0,팬츠,,,,,,,,롱·긴바지 기장,,,,스트레이트핏,H라인,플로럴,,
images/e1ebc8b834a89104f67d9a6b916ded27.jpg,train,132.0,157.0,303.0,368.0,재킷,,,,,7부 소매,기본 소매,크롭 기장,,,라펠 칼라,슬림핏,,비대칭,무지,,지퍼|포켓
images/8f6251b29f01897f81868e2c91475644.jpg,val_train_split,254.0,284.0,258.0,334.0,티셔츠,,,,,긴팔,,,,,,여유핏,,,무지|스트라이프|도트,,후드
images/8f6251b29f01897f81868e2c91475644.jpg,val_train_split,281.0,573.0,168.0,272.0,팬츠,,,,,,,,롱·긴바지 기장,,,,,,무지,,
images/d127246a9565cb38e1cb2dbba8349181.jpg,val_train_split,251.0,339.0,166.0,318.0,원피스,,,,,,,,쇼츠·미니 기장,,,,,A라인,무지,,
images/d127246a9565cb38e1cb2dbba8349181.jpg,val_train_split,244.0,287.0,222.0,400.0,가디건,,,,,,,,,,라펠 칼라,여유핏,,,무지,니트,
images/1e70eb1c8b7eb58db41ddef8ffb8e0e6.jpg,val_train_split,442.0,379.0,211.0,302.0,팬츠,,,,,,,,롱·긴바지 기장,,,,슬림핏,,무지,,
images/1e70eb1c8b7eb58db41ddef8ffb8e0e6.jpg,val_train_split,213.0,253.0,466.0,298.0,니트,,,,,긴팔,,기본 기장,,터틀넥,,여유핏,,,,니트,
images/db0a74322ca700d7126758ebc9c1872e.jpg,val_train_split,167.0,501.0,165.0,348.0,팬츠,,,,,,,,롱·긴바지 기장,,,,스트레이트핏,H라인,무지,,
images/db0a74322ca700d7126758ebc9c1872e.jpg,val_train_split,190.0,253.0,86.0,267.0,니트,,,,,,,기본 기장,,,,여유핏,,,무지,니트,
images/db0a74322ca700d7126758ebc9c1872e.jpg,val_train_split,108.0,160.0,291.0,387.0,재킷,,,,,긴팔,래글런 소매,기본 기장,,,,레귤러핏,,,무지,,지퍼|단추|포켓|후드
images/8a8538cda7002f9c3496e67d7546f144.jpg,train,162.0,629.0,230.0,340.0,팬츠,,,,,,,,롱·긴바지 기장,,,,스트레이트핏,H라인,무지,,
images/8a8538cda7002f9c3496e67d7546f144.jpg,train,235.0,366.0,140.0,332.0,후드티,,,,,긴팔,기본 소매,기본 기장,,,,레귤러핏,,,무지,,후드|포켓
images/b4b99cb6ee21c5feace88ea6ca9b5e41.jpg,train,301.0,199.0,266.0,691.0,원피스,,,,,반팔,,,롱·긴바지 기장,,스탠드 칼라,,,H라인,플로럴,,지퍼
images/7498de172ed23ff8832494e82f67cb82.jpg,train,279.0,523.0,150.0,299.0,팬츠,,,,,,,,롱·긴바지 기장,,,,슬림핏,,애니멀,,
images/7498de172ed23ff8832494e82f67cb82.jpg,train,184.0,215.0,291.0,361.0,니트,,,,,긴팔,,,,,,여유핏,,,무지,니트,
images/649575404695e7beee8545587b2cc904.jpg,train,339.0,264.0,102.0,228.0,티셔츠,,,,,,,크롭 기장,,,,레귤러핏,,,무지,,
images/649575404695e7beee8545587b2cc904.jpg,train,308.0,454.0,141.0,432.0,청바지,,,,,,,,롱·긴바지 기장,,,,스트레이트핏,H라인,무지,데님,포켓
images/649575404695e7beee8545587b2cc904.jpg,train,222.0,215.0,321.0,503.0,가디건,,,,,긴팔,,,,,,여유핏,,,,니트,단추
images/6fa44ab11b1f367648ecd29492ad6d06.jpg,train,248.0,220.0,187.0,742.0,원피스,,,,,,,,롱·긴바지 기장,보트넥,,,,비대칭,무지,,지퍼
images/0953b83d6099d0412ac9f89a4603b68c.jpg,val_train_split,196.0,226.0,280.0,504.0,원피스,,,,,반팔,기본 소매,,무릎 기장,,,,,X라인,,,지퍼
images/190304b6eb29bf7534c3bf8974036638.jpg,train,10.0,276.0,586.0,747.0,원피스,,,,,긴팔,,,,라운드넥,,,,X라인,,,지퍼
images/039a3556c8cc07e37bbda278037b99e6.jpg,train,178.0,322.0,168.0,248.0,베스트,,,,,,,,,,,슬림핏,,,무지,,
images/039a3556c8cc07e37bbda278037b99e6.jpg,train,184.0,412.0,271.0,458.0,팬츠,,,,,,,,롱·긴바지 기장,,,,스트레이트핏,H라인,무지,,포켓
images/c7ec3109cdfb70c9da6a8494cef32a48.jpg,train,320.0,266.0,471.0,406.0,원피스,,,,,,,,쇼츠·미니 기장,,,,,O라인,무지,,지퍼
images/fcfe57d0bfe07cb166d6ac2461cacad6.jpg,train,173.0,381.0,204.0,182.0,쇼츠,,,,,,,,쇼츠·미니 기장,,,,,,무지,가죽|스웨이드,
images/fcfe57d0bfe07cb166d6ac2461cacad6.jpg,train,235.0,211.0,97.0,181.0,탑,,,,,,,크롭 기장,,V넥,,레귤러핏,,,,,
images/fcfe57d0bfe07cb166d6ac2461cacad6.jpg,train,145.0,163.0,290.0,365.0,재킷,,,,,긴팔,기본 소매,크롭 기장,,,셔츠 칼라,레귤러핏,,,무지,,지퍼
images/aea3e4e4939f5c51810459c3584bd0af.jpg,val_train_split,301.0,399.0,181.0,385.0,원피스,,,,,,,,무릎 기장,V넥,,,,X라인,무지,,플리츠|지퍼
images/70b16d17d32c6da86b0bd7c2b6ee0af5.jpg,train,234.0,430.0,160.0,240.0,스커트,,,,,,,,쇼츠·미니 기장,,,,스트레이트핏,H라인,그래픽,,
images/70b16d17d32c6da86b0bd7c2b6ee0af5.jpg,train,163.0,182.0,250.0,551.0,코트,,,,,,,,,,,여유핏,,,스트라이프,,
images/70b16d17d32c6da86b0bd7c2b6ee0af5.jpg,train,134.0,199.0,258.0,343.0,탑,,,,,,,크롭 기장,,V넥,,레귤러핏,,,무지,,
images/731a07babd2b8ab9825a197ae8afe172.jpg,train,221.0,342.0,209.0,403.0,원피스,,,,,,,,롱·긴바지 기장,,,,,X라인,,,
images/ab177efb1bb413bc181f1cb47be3fd93.jpg,train,214.0,307.0,290.0,648.0,원피스,,,,,반팔,캡 소매,,롱·긴바지 기장,,,,,,무지,,지퍼|프릴·러플
images/aaddcffa9fbb1034b3a04a10895a3d5f.jpg,train,256.0,236.0,175.0,706.0,원피스,,,,,,,,롱·긴바지 기장,,,,,H라인,무지,가죽,지퍼|벨트
images/83287777369fca2b8e6fab279bb47ee1.jpg,train,162.0,232.0,369.0,520.0,원피스,,,,,,,,무릎 기장,보트넥,,,,X라인,무지,,지퍼|프릴·러플
images/d5e546b7b291eb605211d7bf3a2e10a0.jpg,val_train_split,220.0,322.0,245.0,148.0,팬츠,,,,,,,,롱·긴바지 기장,,,,,,,,포켓|지퍼
images/d5e546b7b291eb605211d7bf3a2e10a0.jpg,val_train_split,438.0,365.0,119.0,111.0,티셔츠,,,,,,,기본 기장,,,,,,,무지,,
images/d5e546b7b291eb605211d7bf3a2e10a0.jpg,val_train_split,456.0,146.0,261.0,346.0,재킷,,,,,긴팔,기본 소매,크롭 기장,,,,레귤러핏,,,그래픽,,포켓|후드
images/41531bec711e2ae37897d9a535c20512.jpg,val_train_split,172.0,250.0,286.0,247.0,가디건,,,,,7부 소매,기본 소매,기본 기장,,,,레귤러핏,,,무지,니트,단추|벨트
images/41531bec711e2ae37897d9a535c20512.jpg,val_train_split,251.0,484.0,170.0,197.0,스커트,,,,,,,,쇼츠·미니 기장,,,,스트레이트핏,H라인,플로럴,,지퍼
images/0747268135d0373cc05abbf5b3376aa3.jpg,train,236.0,177.0,192.0,513.0,원피스,,,,,,,,무릎 기장,터틀넥,,,,H라인,무지,,지퍼|벨트
images/e86927afde98f97675780c015630b7d6.jpg,train,195.0,141.0,269.0,385.0,셔츠,,,,,긴팔,,,,,스탠드 칼라,레귤러핏,,,무지,,단추
images/e86927afde98f97675780c015630b7d6.jpg,train,285.0,155.0,118.0,271.0,베스트,,,,,,,크롭 기장,,,라펠 칼라,레귤러핏,,,체크,,
images/e86927afde98f97675780c015630b7d6.jpg,train,171.0,140.0,301.0,374.0,블레이저,,,,,긴팔,기본 소매,크롭 기장,,,라펠 칼라,레귤러핏,,,체크,,
images/e86927afde98f97675780c015630b7d6.jpg,train,235.0,397.0,213.0,342.0,팬츠,,,,,,,,,,,,,,무지,,
images/8dffa98bb8ca951a04e5d88da015e3f4.jpg,train,210.0,264.0,229.0,290.0,블레이저,,,,,긴팔,기본 소매,크롭 기장,,,라펠 칼라,레귤러핏,,,무지,,
images/8dffa98bb8ca951a04e5d88da015e3f4.jpg,train,247.0,319.0,164.0,341.0,원피스,,,,,,,,쇼츠·미니 기장,스퀘어넥,,,,,무지,,지퍼
images/c29dc0008dc54ad38175590844900083.jpg,train,83.0,262.0,450.0,558.0,원피스,,,,,반팔,,,롱·긴바지 기장,오프숄더,,,,X라인,무지|플로럴,,지퍼|프릴·러플
images/1673792247a9e4edf9225374282757ab.jpg,train,194.0,284.0,173.0,187.0,쇼츠,,,,,,,,쇼츠·미니 기장,,,,,,무지,,
images/1673792247a9e4edf9225374282757ab.jpg,train,358.0,172.0,9.0,149.0,티셔츠,,,,,,,기본 기장,,,,,,,,,
images/1673792247a9e4edf9225374282757ab.jpg,train,183.0,9.0,245.0,324.0,재킷,,,,,긴팔,벌룬 소매,크롭 기장,,,셔츠 칼라,레귤러핏,,,무지,,지퍼|포켓
images/f116f912f83a80f247cb525d3a45939c.jpg,val_train_split,283.0,298.0,252.0,536.0,원피스,,,,,7부 소매,,,미디·7부 기장,,피터팬 칼라,,,X라인,무지,,지퍼
images/6b5fed4b43c52527a514db6449bd9be3.jpg,val_train_split,266.0,396.0,292.0,124.0,스커트,,,,,,,,쇼츠·미니 기장,,,,,,무지,,지퍼
images/6b5fed4b43c52527a514db6449bd9be3.jpg,val_train_split,146.0,218.0,520.0,341.0,탑,,,,,7부 소매,퍼프 소매,크롭 기장,,,,여유핏,,,무지,,프릴·러플
images/493bae343dbeed22671bc23bc98eda80.jpg,train,195.0,166.0,281.0,361.0,재킷,,,,,긴팔,,크롭 기장,,,칼라 없음,레귤러핏,,,무지,,단추
images/493bae343dbeed22671bc23bc98eda80.jpg,train,259.0,192.0,114.0,299.0,티셔츠,,,,,,,크롭 기장,,라운드넥,,레귤러핏,,,스트라이프,,
images/493bae343dbeed22671bc23bc98eda80.jpg,train,257.0,486.0,172.0,160.0,쇼츠,,,,,,,,쇼츠·미니 기장,,,,,,무지,,
images/1bb68ee6b90ba1bf863af68a878448bf.jpg,train,366.0,242.0,157.0,439.0,티셔츠,,,,,,,,,터틀넥,,레귤러핏,,,무지,,
images/1bb68ee6b90ba1bf863af68a878448bf.jpg,train,189.0,271.0,519.0,410.0,블레이저,,,,,긴팔,기본 소매,,,,라펠 칼라,레귤러핏,,,무지,,단추|포켓
images/90ee912adcc36b96846078ddb9f7ef17.jpg,val_train_split,151.0,254.0,316.0,444.0,원피스,,,,,,,,쇼츠·미니 기장,스퀘어넥,,,,,무지,,지퍼
images/ef696a77808507c1b6e162b4f9480a0d.jpg,train,170.0,349.0,397.0,671.0,원피스,,,,,,,,쇼츠·미니 기장,스퀘어넥,,,,H라인,무지|플로럴,,지퍼|단추
images/4c6fa1d34833ed661971dd4b351b9391.jpg,train,333.0,181.0,242.0,500.0,점프수트,,,,,,,,롱·긴바지 기장,,,오버핏,,,무지,,
images/245758081ca84f9fe16d29086cd75381.jpg,train,234.0,257.0,292.0,708.0,원피스,,,,,긴팔,,,무릎 기장,라운드넥,,,,O라인,무지,,플리츠|지퍼
images/7ad5da5a1c98c87f53268acc9fbf0642.jpg,train,190.0,396.0,365.0,296.0,티셔츠,,,,,반팔,,크롭 기장,,오프숄더,,여유핏,,,무지,,
images/7ad5da5a1c98c87f53268acc9fbf0642.jpg,train,289.0,612.0,211.0,174.0,쇼츠,,,,,,,,쇼츠·미니 기장,,,,,,무지,,포켓|지퍼
images/b921a1f6bf5a0a44a4a4cec9ebdea378.jpg,train,262.0,171.0,203.0,695.0,원피스,,,,,,,,롱·긴바지 기장,스퀘어넥,,,,H라인,무지,,플리츠|지퍼
images/33a06250f2d96e425db3014dd5d31e5a.jpg,train,337.0,535.0,80.0,31.0,팬츠,,,,,,,,롱·긴바지 기장,,,,슬림핏,,그래픽,,
images/33a06250f2d96e425db3014dd5d31e5a.jpg,train,207.0,193.0,316.0,347.0,원피스,,,,,,,,미디·7부 기장,,,,,,무지,,지퍼
images/d0f5c66e5ad37c44dcd5d4f658fd9bb3.jpg,val_train_split,334.0,245.0,101.0,92.0,쇼츠,,,,,,,,쇼츠·미니 기장,,,,,,무지,,포켓
images/d0f5c66e5ad37c44dcd5d4f658fd9bb3.jpg,val_train_split,323.0,183.0,123.0,58.0,탑,,,,,,,크롭 기장,,오프숄더,,여유핏,,,무지,,
images/6c04e1151b7b233d1bf251a35297f62d.jpg,train,472.0,168.0,233.0,513.0,점프수트,,,,,,기본 소매,,,,셔츠 칼라,레귤러핏,,H라인,무지,,단추|포켓
images/4e25b1a90b73789d7f6f553310a11cdf.jpg,train,193.0,201.0,263.0,351.0,탑,,,,,긴팔,벌룬 소매,,,,,레귤러핏,,,무지,,플리츠
images/4e25b1a90b73789d7f6f553310a11cdf.jpg,train,228.0,359.0,187.0,354.0,스커트,,,,,,,,무릎 기장,,,,,비대칭,무지,,지퍼
images/ce9006d4b35902d1e46e361a8464a65b.jpg,val_train_split,263.0,241.0,210.0,340.0,원피스,,,,,반팔,퍼프 소매,,쇼츠·미니 기장,V넥,,,,,무지|체크,,포켓
images/30f83da6700c0d3fdab34563181e36b0.jpg,train,283.0,244.0,209.0,685.0,점프수트,,,,,,,,롱·긴바지 기장,,,여유핏,,,무지,,
images/4b57b8fe0d2e50b83b145f9a0057a454.jpg,train,623.0,379.0,129.0,162.0,팬츠,,,,,,,,,,,,스트레이트핏,H라인,무지,,
images/4b57b8fe0d2e50b83b145f9a0057a454.jpg,train,563.0,145.0,179.0,293.0,코트,,,,,긴팔,벨 소매,,,,라펠 칼라,오버핏,,,스트라이프,,단추|포켓
images/b925f507b44526cdfa3086eed5486a35.jpg,train,204.0,226.0,242.0,191.0,셔츠,,,,,반팔,벨 소매,,,,,여유핏,,,플로럴,,리본
images/b925f507b44526cdfa3086eed5486a35.jpg,train,277.0,387.0,149.0,449.0,팬츠,,,,,,,,롱·긴바지 기장,,,,,,무지,,
images/db14653bd78ddbd63631ea0318b472c1.jpg,train,263.0,265.0,99.0,105.0,탑,,,,,,,크롭 기장,,라운드넥,,슬림핏,,,스트라이프,,
images/db14653bd78ddbd63631ea0318b472c1.jpg,train,233.0,135.0,212.0,417.0,점프수트,,,,,,,,쇼츠·미니 기장,,,레귤러핏,,,무지,,단추|포켓
images/2879c28c0d9fac5e7dbf567248013e24.jpg,val_train_split,136.0,264.0,347.0,467.0,원피스,,,,,,,,쇼츠·미니 기장,홀터넥,,,,H라인,도트,,스팽글|벨트
images/7c154da90a5e400c5ee7383d09cf6528.jpg,train,458.0,489.0,101.0,47.0,쇼츠,,,,,,,,쇼츠·미니 기장,,,,,,무지,,
images/7c154da90a5e400c5ee7383d09cf6528.jpg,train,338.0,190.0,209.0,393.0,원피스,,,,,,,,쇼츠·미니 기장,,,,,X라인,,,
images/69f654741c5c4cef78e916f871e0392b.jpg,train,372.0,124.0,131.0,87.0,탑,,,,,반팔,캡 소매,크롭 기장,,,,슬림핏,,,애니멀,,
images/69f654741c5c4cef78e916f871e0392b.jpg,train,344.0,212.0,177.0,306.0,스커트,,,,,,,,롱·긴바지 기장,,,,,,애니멀,,플리츠
images/1f2ee11e778afdb1562a5f04d2318c47.jpg,train,233.0,497.0,184.0,366.0,팬츠,,,,,,,,롱·긴바지 기장,,,,스트레이트핏,H라인,무지,,
images/1f2ee11e778afdb1562a5f04d2318c47.jpg,train,172.0,146.0,319.0,378.0,셔츠,,,,,긴팔,,기본 기장,,,셔츠 칼라,레귤러핏,,,,,단추
images/1f2ee11e778afdb1562a5f04d2318c47.jpg,train,227.0,163.0,208.0,349.0,베스트,,,,,,,크롭 기장,,,라펠 칼라,레귤러핏,,,무지,,단추
images/f54a63d0506c13281931031c01aacefd.jpg,train,443.0,326.0,386.0,697.0,점프수트,,,,,,,,,스퀘어넥,,레귤러핏,,H라인,무지,,단추|포켓
images/879e4635a49849e4d84231dc3f126e20.jpg,train,160.0,167.0,321.0,596.0,원피스,,,,,7부 소매,,,무릎 기장,,셔츠 칼라,,,H라인,무지,,단추|포켓
images/879e4635a49849e4d84231dc3f126e20.jpg,train,229.0,326.0,213.0,338.0,가디건,,,,,,,,,,,,,,무지,니트,
images/add08a678e5b9db47b3e6143bd7f22c3.jpg,train,245.0,335.0,264.0,300.0,티셔츠,,,,,,,크롭 기장,,,,레귤러핏,,,도트,,
images/add08a678e5b9db47b3e6143bd7f22c3.jpg,train,97.0,321.0,584.0,339.0,재킷,,,,,7부 소매,,크롭 기장,,스퀘어넥,,여유핏,,,무지,,
images/add08a678e5b9db47b3e6143bd7f22c3.jpg,train,237.0,646.0,332.0,357.0,스커트,,,,,,,,쇼츠·미니 기장,,,,,,무지,,지퍼|벨트
images/a8b7cc8503d3f2785ae62f5d6d01b7e8.jpg,train,209.0,223.0,278.0,314.0,티셔츠,,,,,긴팔,래글런 소매,크롭 기장,,보트넥,,레귤러핏,,,무지,,
images/a8b7cc8503d3f2785ae62f5d6d01b7e8.jpg,train,252.0,460.0,174.0,446.0,청바지,,,,,,,,롱·긴바지 기장,,,,슬림핏,,무지,데님,포켓
images/ff89d127a396bc4e269161fcb0debafc.jpg,train,160.0,331.0,372.0,691.0,점프수트,,,,,반팔,,,,,,레귤러핏,,H라인,플로럴,,
images/6f8afd43e48798cc88c1385d7f967836.jpg,train,268.0,196.0,168.0,254.0,탑,,,,,,,크롭 기장,,보트넥,,레귤러핏,,,무지,,
images/6f8afd43e48798cc88c1385d7f967836.jpg,train,283.0,431.0,151.0,272.0,스커트,,,,,,,,무릎 기장,,,,,,그래픽,,지퍼
images/494f683ec4bda4d6b86cb2022beeff2d.jpg,val_train_split,256.0,223.0,179.0,164.0,탑,,,,,,,크롭 기장,,보트넥,,슬림핏,,,애니멀,,
images/494f683ec4bda4d6b86cb2022beeff2d.jpg,val_train_split,242.0,370.0,191.0,281.0,스커트,,,,,,,,쇼츠·미니 기장,,,,,,무지,,플리츠|지퍼|포켓
images/77b519468b543dba43a0f4a8784ea022.jpg,train,36.0,170.0,263.0,464.0,원피스,,,,,,,,쇼츠·미니 기장,,피터팬 칼라,,,,무지,,지퍼
images/a5bb54444728b509f91dbe50c5a671d8.jpg,train,193.0,171.0,182.0,399.0,원피스,,,,,,,,쇼츠·미니 기장,,칼라 없음,,,H라인,플로럴|무지,,지퍼
images/a5bb54444728b509f91dbe50c5a671d8.jpg,train,113.0,181.0,338.0,458.0,코트,,,,,,,,,,,,,,무지,,
images/79f91044f076401b9c69fd0613aed305.jpg,train,495.0,351.0,108.0,58.0,쇼츠,,,,,,,,쇼츠·미니 기장,,,,,,무지,,
images/79f91044f076401b9c69fd0613aed305.jpg,train,337.0,210.0,400.0,152.0,티셔츠,,,,,긴팔,기본 소매,크롭 기장,,,,오버핏,,,무지,,포켓|후드|지퍼
images/6f8e6ab55c5e2215f2d4978a2cdefe09.jpg,train,284.0,450.0,149.0,383.0,청바지,,,,,,,,롱·긴바지 기장,,,,,,무지,데님,포켓
images/6f8e6ab55c5e2215f2d4978a2cdefe09.jpg,train,291.0,262.0,136.0,223.0,티셔츠,,,,,,,크롭 기장,,라운드넥,,레귤러핏,,,무지,,지퍼
images/6f8e6ab55c5e2215f2d4978a2cdefe09.jpg,train,231.0,244.0,240.0,301.0,재킷,,,,,긴팔,기본 소매,크롭 기장,,,스탠드 칼라,레귤러핏,,,무지,,지퍼|포켓
images/ad994896241617e56d1cdb52da4e267a.jpg,train,185.0,538.0,189.0,369.0,팬츠,,,,,,,,롱·긴바지 기장,,,,,,무지,,
images/ad994896241617e56d1cdb52da4e267a.jpg,train,174.0,186.0,171.0,392.0,셔츠,,,,,,,,,,라펠 칼라,여유핏,,,무지,,단추|후드
images/ad994896241617e56d1cdb52da4e267a.jpg,train,108.0,206.0,349.0,380.0,재킷,,,,,긴팔,기본 소매,기본 기장,,,,레귤러핏,,,무지,,단추
images/12937dc5d269b762750c969974e542ba.jpg,train,153.0,809.0,255.0,214.0,팬츠,,,,,,,,,,,,,,무지,,
images/12937dc5d269b762750c969974e542ba.jpg,train,0.0,379.0,413.0,485.0,원피스,,,,,반팔,기본 소매,,쇼츠·미니 기장,스퀘어넥,,,,,무지,,지퍼|리본
images/37fb738c48c2607800688e7c10e00357.jpg,train,161.0,201.0,177.0,685.0,점프수트,,,,,,,,롱·긴바지 기장,라운드넥,,슬림핏,,,무지,,지퍼
images/914f3c474466db9d0d0c703589203a7c.jpg,train,254.0,530.0,288.0,404.0,니트,,,,,7부 소매,,크롭 기장,,,,레귤러핏,,,,니트,
images/6a10ca02bffa945a2fabdebd49921320.jpg,train,94.0,376.0,342.0,601.0,스커트,,,,,,,,롱·긴바지 기장,,,,플레어핏,X라인,플로럴,,지퍼
images/6a10ca02bffa945a2fabdebd49921320.jpg,train,169.0,188.0,246.0,440.0,탑,,,,,,,,,홀터넥,,,,비대칭,무지,,
images/aec695eee2b54ab35b187c9d8fe14c82.jpg,train,221.0,293.0,460.0,729.0,원피스,,,,,,,,,,,,,A라인,무지|플로럴|그래픽,,지퍼
images/57dffe3d4e1e27983a5ab77e421a60fd.jpg,train,232.0,198.0,288.0,496.0,원피스,,,,,긴팔,,,무릎 기장,보트넥,,,,,애니멀,,스팽글|지퍼
images/24998e5feb9af6eb2b5cc9707f412334.jpg,val_train_split,293.0,262.0,201.0,200.0,셔츠,,,,,반팔,기본 소매,크롭 기장,,스퀘어넥,,레귤러핏,,,무지,,플리츠|단추|리본|벨트
images/24998e5feb9af6eb2b5cc9707f412334.jpg,val_train_split,320.0,427.0,166.0,438.0,팬츠,,,,,,,,롱·긴바지 기장,,,,와이드핏,,스트라이프,,
images/6a4594bd0ee5d8c7891078c55b232da8.jpg,train,529.0,128.0,88.0,97.0,탑,,,,,,,,,,,슬림핏,,,무지,,
images/6a4594bd0ee5d8c7891078c55b232da8.jpg,train,508.0,130.0,124.0,224.0,점프수트,,,,,,,,쇼츠·미니 기장,,,여유핏,,,무지,,포켓
images/5f06766c2fbcb73ad988babd55b03de9.jpg,train,321.0,722.0,277.0,175.0,쇼츠,,,,,,,,쇼츠·미니 기장,,,,,,무지,,포켓
images/5f06766c2fbcb73ad988babd55b03de9.jpg,train,312.0,398.0,299.0,360.0,셔츠,,,,,7부 소매,기본 소매,크롭 기장,,,셔츠 칼라,여유핏,,,체크,,단추
images/f60d0a9ef35ff32f41167f002f604218.jpg,train,278.0,469.0,170.0,225.0,스커트,,,,,,,,쇼츠·미니 기장,,,,,A라인,무지,,플리츠|지퍼
images/f60d0a9ef35ff32f41167f002f604218.jpg,train,238.0,251.0,135.0,250.0,티셔츠,,,,,,,크롭 기장,,,세일러 칼라,여유핏,,,무지,,리본
images/f60d0a9ef35ff32f41167f002f604218.jpg,train,162.0,233.0,363.0,400.0,셔츠,,,,,7부 소매,,,,,,여유핏,,,,,
images/e81e37db023c6a126734e0ee1e442f56.jpg,train,199.0,250.0,313.0,595.0,원피스,,,,,반팔,,,미디·7부 기장,오프숄더,,,,A라인,플로럴,,리본|프릴·러플
images/3a66c94e39a4a7b7b4f06095d65995fc.jpg,train,410.0,212.0,412.0,811.0,원피스,,,,,긴팔,기본 소매,,,홀터넥,,,,A라인,플로럴,,
images/b6023912f5110d6d6b566988beecd974.jpg,train,189.0,420.0,347.0,575.0,원피스,,,,,,,,쇼츠·미니 기장,,,,,,무지,,지퍼|포켓
images/b6023912f5110d6d6b566988beecd974.jpg,train,149.0,253.0,460.0,497.0,재킷,,,,,긴팔,기본 소매,크롭 기장,,,스탠드 칼라,레귤러핏,,,무지,,지퍼|포켓|벨트
images/715c3b7a64aa68731acd74d91f307d90.jpg,train,389.0,547.0,159.0,104.0,쇼츠,,,,,,,,쇼츠·미니 기장,,,,,,무지,,포켓
images/715c3b7a64aa68731acd74d91f307d90.jpg,train,266.0,348.0,291.0,260.0,셔츠,,,,,7부 소매,기본 소매,크롭 기장,,,셔츠 칼라,레귤러핏,,,무지,,플리츠|단추
images/6944e12bc29451c28e8c9550eea17e20.jpg,val_train_split,250.0,565.0,140.0,321.0,청바지,,,,,,,,롱·긴바지 기장,,,,,,무지,데님,
images/6944e12bc29451c28e8c9550eea17e20.jpg,val_train_split,209.0,308.0,225.0,291.0,셔츠,,,,,긴팔,기본 소매,기본 기장,,,셔츠 칼라,레귤러핏,,,그래픽,,단추
images/84912fb35861c2e48a6a918241c59cc0.jpg,train,246.0,480.0,190.0,470.0,청바지,,,,,,,,롱·긴바지 기장,,,,,,무지,데님,포켓
images/84912fb35861c2e48a6a918241c59cc0.jpg,train,208.0,184.0,274.0,308.0,티셔츠,,,,,반팔,기본 소매,기본 기장,,,,레귤러핏,,,무지,,포켓
images/84912fb35861c2e48a6a918241c59cc0.jpg,train,230.0,173.0,228.0,305.0,베스트,,,,,,,크롭 기장,,V넥,,레귤러핏,,,무지,,단추|포켓
images/fccdc98b3771cfa1ebbb779331b6c7df.jpg,train,145.0,209.0,199.0,738.0,원피스,,,,,,,,롱·긴바지 기장,홀터넥,,,,,플로럴,,지퍼|프릴·러플
images/3ee839cc096f9a0f0912a809f3c9ab63.jpg,val_train_split,123.0,230.0,258.0,219.0,티셔츠,,,,,반팔,래글런 소매,크롭 기장,,,,여유핏,,,체크,,
images/3ee839cc096f9a0f0912a809f3c9ab63.jpg,val_train_split,166.0,418.0,182.0,362.0,팬츠,,,,,,,,미디·7부 기장,,,,,,무지,,
images/9d630ca59faa031e7e4d0b5956a6c48b.jpg,val_train_split,219.0,264.0,387.0,447.0,탑,,,,,7부 소매,래글런 소매,크롭 기장,,,,슬림핏,,,무지|플로럴,,
images/9d630ca59faa031e7e4d0b5956a6c48b.jpg,val_train_split,281.0,650.0,335.0,373.0,청바지,,,,,,,,,,,,슬림핏,,무지,데님,포켓
images/c93021b5fe8e281d9f05ad90d9eaca78.jpg,val_train_split,271.0,301.0,225.0,359.0,원피스,,,,,,,,쇼츠·미니 기장,,,,,,무지,,
images/c93021b5fe8e281d9f05ad90d9eaca78.jpg,val_train_split,278.0,266.0,192.0,183.0,베스트,,,,,,,크롭 기장,,,,레귤러핏,,,무지,,
images/b13ae6726b598789f00c2da57643b532.jpg,train,281.0,171.0,203.0,741.0,점프수트,,,,,,,,롱·긴바지 기장,,,,,,도트,,지퍼|벨트
images/a7fdc18b7ea27662d9ab655909d0b930.jpg,val_train_split,31.0,543.0,316.0,318.0,스커트,,,,,,,,쇼츠·미니 기장,,,,,,무지,,지퍼|프릴·러플
images/a7fdc18b7ea27662d9ab655909d0b930.jpg,val_train_split,107.0,346.0,217.0,243.0,탑,,,,,,,크롭 기장,,홀터넥,,슬림핏,,,무지,,
images/100e006654e55d246577fafc046588ef.jpg,train,485.0,83.0,125.0,302.0,후드티,,,,,긴팔,,기본 기장,,,,레귤러핏,,,무지,,후드|지퍼
images/100e006654e55d246577fafc046588ef.jpg,train,439.0,46.0,217.0,330.0,재킷,,,,,긴팔,기본 소매,크롭 기장,,,라펠 칼라,레귤러핏,,,무지,퍼·플리스,지퍼|후드
images/100e006654e55d246577fafc046588ef.jpg,train,492.0,377.0,117.0,278.0,팬츠,,,,,,,,롱·긴바지 기장,,,,스트레이트핏,H라인,무지,,
images/c4a215283a3ec917e46f0dae69766e70.jpg,val_train_split,262.0,244.0,345.0,672.0,원피스,,,,,,,,쇼츠·미니 기장,,,,,비대칭,무지,,지퍼|프릴·러플
images/50e30668a5f85f447ffbba3a94b4b58e.jpg,train,276.0,294.0,143.0,355.0,원피스,,,,,,,,쇼츠·미니 기장,라운드넥,,,,비대칭,무지,,지퍼|프릴·러플|벨트
images/50e30668a5f85f447ffbba3a94b4b58e.jpg,train,217.0,285.0,301.0,215.0,재킷,,,,,긴팔,기본 소매,크롭 기장,,,라펠 칼라,슬림핏,,,무지,,단추
images/145e86d271b2d54daec1855c52964c66.jpg,train,245.0,118.0,218.0,446.0,재킷,,,,,긴팔,기본 소매,기본 기장,,,라펠 칼라,여유핏,,,무지,퍼·플리스,단추|포켓
images/145e86d271b2d54daec1855c52964c66.jpg,train,185.0,528.0,305.0,355.0,스커트,,,,,,,,미디·7부 기장,,,,,비대칭,,,지퍼
images/7df03b7d79ba57f491d2051542c70dd3.jpg,train,256.0,512.0,143.0,135.0,쇼츠,,,,,,,,쇼츠·미니 기장,,,,,,무지,,
images/7df03b7d79ba57f491d2051542c70dd3.jpg,train,208.0,356.0,228.0,265.0,셔츠,,,,,긴팔,벌룬 소매,,,,,레귤러핏,,,무지,,플리츠|단추|리본|프릴·러플
images/dedcdb3afb1d54ff293e8f0f4f8fa306.jpg,train,182.0,323.0,298.0,538.0,점프수트,,,,,,,,쇼츠·미니 기장,V넥,,,,H라인,무지,,단추|포켓|벨트
images/dedcdb3afb1d54ff293e8f0f4f8fa306.jpg,train,141.0,319.0,380.0,508.0,티셔츠,,,,,긴팔,기본 소매,,,,,레귤러핏,,,,,
images/f350a2de30a6a13a4bbcc7274a28e7b4.jpg,train,277.0,343.0,123.0,172.0,티셔츠,,,,,,,,,터틀넥,,레귤러핏,,,무지,,
images/f350a2de30a6a13a4bbcc7274a28e7b4.jpg,train,244.0,504.0,227.0,420.0,팬츠,,,,,,,,롱·긴바지 기장,,,,,,무지,,포켓
images/87550d57675c39d1df8991a7c7a2a726.jpg,train,497.0,279.0,208.0,227.0,원피스,,,,,,,,쇼츠·미니 기장,,,,,H라인,무지|플로럴,,지퍼
images/87550d57675c39d1df8991a7c7a2a726.jpg,train,568.0,187.0,156.0,217.0,베스트,,,,,,,크롭 기장,,,셔츠 칼라,레귤러핏,,,무지,,단추|포켓
images/e5e1e5840ab9db003613f23994e13493.jpg,train,407.0,183.0,79.0,123.0,셔츠,,,,,,,,,,셔츠 칼라,레귤러핏,,,체크,,단추
images/e5e1e5840ab9db003613f23994e13493.jpg,train,416.0,274.0,64.0,201.0,니트,,,,,,,,,V넥,,레귤러핏,,,무지,니트,
images/e5e1e5840ab9db003613f23994e13493.jpg,train,161.0,145.0,390.0,671.0,재킷,,,,,긴팔,기본 소매,기본 기장,,,셔츠 칼라,여유핏,,,무지,,지퍼|포켓|후드
images/e5e1e5840ab9db003613f23994e13493.jpg,train,191.0,733.0,354.0,290.0,팬츠,,,,,,,,,,,,,,무지,,포켓
images/9dfdfcfafff7f3b2eeb85e6bc9d97ca9.jpg,train,207.0,224.0,267.0,217.0,탑,,,,,반팔,,크롭 기장,,보트넥,,오버핏,,,무지,,리본
images/9dfdfcfafff7f3b2eeb85e6bc9d97ca9.jpg,train,259.0,413.0,183.0,494.0,팬츠,,,,,,,,롱·긴바지 기장,,,,,,그래픽,,
images/368697f1ce418dd4bf30d5bf889c8199.jpg,train,310.0,705.0,134.0,171.0,청바지,,,,,,,,롱·긴바지 기장,,,,,,무지,데님,
images/368697f1ce418dd4bf30d5bf889c8199.jpg,train,295.0,556.0,247.0,176.0,후드티,,,,,긴팔,,기본 기장,,,,오버핏,,,무지,,후드|포켓
images/06e3eb51dfff4658a22632177402d502.jpg,train,235.0,348.0,337.0,675.0,원피스,,,,,,,,,홀터넥,,,,H라인,무지|플로럴,,
images/df11f93ac4fa93962daed56c12a6da67.jpg,train,470.0,606.0,82.0,75.0,청바지,,,,,,,,,,,,,,무지,데님,
images/df11f93ac4fa93962daed56c12a6da67.jpg,train,431.0,306.0,151.0,316.0,코트,,,,,긴팔,기본 소매,,,,,여유핏,,,무지,,지퍼|포켓|후드
images/b6d31574da105c852c89ca93802ffe95.jpg,val_train_split,231.0,215.0,463.0,578.0,후드티,,,,,긴팔,,기본 기장,,,,여유핏,,,무지,,후드
images/5bd07e91be2a43d2b13c127e3d41372b.jpg,val_train_split,262.0,192.0,208.0,412.0,원피스,,,,,,,,쇼츠·미니 기장,홀터넥,,,,A라인,무지,,지퍼
images/857ce52a3e7c696a256de9c0616ae450.jpg,train,239.0,217.0,428.0,730.0,원피스,,,,,,,,롱·긴바지 기장,홀터넥,,,,비대칭,무지,,플리츠|지퍼|프릴·러플
images/e1db6c48be1d6651cc9a3a13544d822d.jpg,val_train_split,209.0,448.0,146.0,352.0,청바지,,,,,,,,롱·긴바지 기장,,,,슬림핏,,무지,데님,포켓
images/e1db6c48be1d6651cc9a3a13544d822d.jpg,val_train_split,236.0,247.0,105.0,206.0,티셔츠,,,,,,,크롭 기장,,,,레귤러핏,,,무지,,
images/e1db6c48be1d6651cc9a3a13544d822d.jpg,val_train_split,149.0,200.0,274.0,410.0,코트,,,,,긴팔,기본 소매,,,,,레귤러핏,,,무지,,지퍼|벨트|후드
images/c8ac29f0192b96dd20c4abe971c398bf.jpg,train,200.0,280.0,219.0,230.0,탑,,,,,긴팔,벌룬 소매,기본 기장,,오프숄더,,여유핏,,,무지,,
images/c8ac29f0192b96dd20c4abe971c398bf.jpg,train,215.0,413.0,193.0,218.0,스커트,,,,,,,,쇼츠·미니 기장,,,,스트레이트핏,비대칭,무지,,벨트
images/a8212cc9048367404bc50c79f66195f1.jpg,val_train_split,263.0,416.0,112.0,232.0,팬츠,,,,,,,,미디·7부 기장,,,,,,무지,,
images/a8212cc9048367404bc50c79f66195f1.jpg,val_train_split,271.0,261.0,134.0,179.0,티셔츠,,,,,반팔,캡 소매,크롭 기장,,보트넥,,레귤러핏,,,,,
images/f96de140f2656bc392f4bf03a60afae0.jpg,train,71.0,292.0,557.0,706.0,원피스,,,,,반팔,캡 소매,,무릎 기장,라운드넥,,,,X라인,,,지퍼|리본|벨트
images/9a91dbf5f5b7b88ed3dde13005632efc.jpg,train,188.0,373.0,436.0,650.0,원피스,,,,,긴팔,벨 소매,,,,,,,H라인,무지,,지퍼|프릴·러플
images/8040c376673a0f0566f8bdbac53965bf.jpg,val_train_split,215.0,130.0,269.0,389.0,블레이저,,,,,긴팔,기본 소매,기본 기장,,,라펠 칼라,레귤러핏,,,무지,,단추
images/8040c376673a0f0566f8bdbac53965bf.jpg,val_train_split,225.0,135.0,247.0,387.0,셔츠,,,,,긴팔,기본 소매,크롭 기장,,,셔츠 칼라,레귤러핏,,,무지,,지퍼|포켓
images/8040c376673a0f0566f8bdbac53965bf.jpg,val_train_split,253.0,465.0,182.0,225.0,쇼츠,,,,,,,,쇼츠·미니 기장,,,,,,무지,,
images/79d9d947a7c08b51e6bade7c63a5bdf8.jpg,train,199.0,374.0,255.0,542.0,팬츠,,,,,,,,롱·긴바지 기장,,,,,,무지,,
images/79d9d947a7c08b51e6bade7c63a5bdf8.jpg,train,207.0,164.0,302.0,400.0,셔츠,,,,,긴팔,벌룬 소매,,,,스탠드 칼라,여유핏,,,무지,,
images/e2cf36b3fb86e13e55debfc9a8fb9d85.jpg,train,128.0,315.0,370.0,445.0,티셔츠,,,,,반팔,캡 소매,크롭 기장,,,,슬림핏,,비대칭,무지,,리본
images/e2cf36b3fb86e13e55debfc9a8fb9d85.jpg,train,133.0,688.0,306.0,335.0,청바지,,,,,,,,,,,,슬림핏,,무지,데님,포켓
images/48dd0725c4e602d598827766a25b1be4.jpg,train,200.0,364.0,433.0,520.0,점프수트,,,,,,,,무릎 기장,홀터넥,,,,,플로럴,,지퍼
images/2acd4c363d0aa3cc99415f223bb6d25e.jpg,train,259.0,344.0,173.0,227.0,점프수트,,,,,,,,쇼츠·미니 기장,,,슬림핏,,,무지,,지퍼
images/2acd4c363d0aa3cc99415f223bb6d25e.jpg,train,226.0,270.0,364.0,269.0,티셔츠,,,,,긴팔,래글런 소매,기본 기장,,,,슬림핏,,,무지,,
images/eb0fb5126e73c17abc0ed719a17c78b5.jpg,val_train_split,645.0,375.0,338.0,300.0,스커트,,,,,,,,,,,,스트레이트핏,H라인,무지,,지퍼|벨트
images/eb0fb5126e73c17abc0ed719a17c78b5.jpg,val_train_split,520.0,92.0,392.0,398.0,탑,,,,,,,크롭 기장,,홀터넥,,레귤러핏,,,스트라이프,,
images/6d01bde6eda74d7173ee0739209385f3.jpg,train,448.0,197.0,313.0,251.0,가디건,,,,,7부 소매,,,,,,레귤러핏,,,스트라이프,니트,
images/6d01bde6eda74d7173ee0739209385f3.jpg,train,238.0,212.0,374.0,371.0,팬츠,,,,,,,,롱·긴바지 기장,,,,,,무지,,
images/ff774df2598bca10114fc97ee503296c.jpg,train,448.0,225.0,93.0,113.0,재킷,,,,,긴팔,기본 소매,크롭 기장,,,스탠드 칼라,레귤러핏,,,무지,,지퍼
images/ff774df2598bca10114fc97ee503296c.jpg,train,464.0,333.0,55.0,13.0,티셔츠,,,,,,,기본 기장,,,,레귤러핏,,,무지,,
images/ff774df2598bca10114fc97ee503296c.jpg,train,465.0,343.0,58.0,107.0,팬츠,,,,,,,,롱·긴바지 기장,,,,,,무지,,포켓
images/32c73bc7eb127b9ae0efbe8bded632c4.jpg,train,133.0,179.0,236.0,363.0,티셔츠,,,,,반팔,캡 소매,,,,스탠드 칼라,슬림핏,,,스트라이프,,
images/70d6a1f626ff46b779afa4ebd4c45fee.jpg,val_train_split,251.0,163.0,166.0,311.0,탑,,,,,,,크롭 기장,,홀터넥,,슬림핏,,비대칭,무지,,플리츠
images/70d6a1f626ff46b779afa4ebd4c45fee.jpg,val_train_split,130.0,451.0,301.0,548.0,스커트,,,,,,,,롱·긴바지 기장,,,,,,무지,,플리츠|지퍼
images/d17183a19cdf2a1ea21d53524038d1ea.jpg,train,342.0,607.0,231.0,297.0,청바지,,,,,,,,롱·긴바지 기장,,,,,,무지,데님,
images/d17183a19cdf2a1ea21d53524038d1ea.jpg,train,350.0,196.0,192.0,455.0,코트,,,,,긴팔,기본 소매,,,,스탠드 칼라,레귤러핏,,,무지,퍼·플리스,지퍼|포켓|후드
images/4c0124374daf3861d7271810af8bcc78.jpg,val_train_split,224.0,316.0,377.0,707.0,점프수트,,,,,,,,,,,,,,무지,,플리츠|지퍼
images/0514625de960135c9b6c4b0a03748cc5.jpg,train,154.0,338.0,304.0,636.0,원피스,,,,,,,,쇼츠·미니 기장,라운드넥,,,,,그래픽,,지퍼
images/a9287339e0d44265cb0dcd65935ba56f.jpg,train,228.0,166.0,181.0,261.0,티셔츠,,,,,,,크롭 기장,,,스탠드 칼라,레귤러핏,,,무지,,
images/a9287339e0d44265cb0dcd65935ba56f.jpg,train,155.0,168.0,292.0,373.0,재킷,,,,,긴팔,기본 소매,크롭 기장,,,,여유핏,,,무지,퍼·플리스,
images/a9287339e0d44265cb0dcd65935ba56f.jpg,train,222.0,406.0,195.0,378.0,팬츠,,,,,,,,미디·7부 기장,,,,,,무지,,
images/d033d6c474bb4609ba43fb62cc2f125e.jpg,train,185.0,195.0,331.0,480.0,원피스,,,,,,,,쇼츠·미니 기장,스퀘어넥,,,,,무지,,
images/a804d74e4213a053343b52ccef09dfde.jpg,train,313.0,273.0,57.0,124.0,탑,,,,,,,크롭 기장,,,,여유핏,,,무지,,
images/a804d74e4213a053343b52ccef09dfde.jpg,train,239.0,195.0,195.0,261.0,베스트,,,,,,,크롭 기장,,,라펠 칼라,레귤러핏,,,무지,,
images/a804d74e4213a053343b52ccef09dfde.jpg,train,253.0,382.0,189.0,326.0,스커트,,,,,,,,무릎 기장,,,,,,무지,,플리츠|지퍼|프릴·러플
images/fd1183f5e7cd014f6eb9a8c624ac2d0d.jpg,val_train_split,266.0,196.0,201.0,506.0,점프수트,,,,,반팔,기본 소매,,무릎 기장,,,슬림핏,,,무지,,지퍼
images/9ca2dd2eb0efed7897019601f4a5f51c.jpg,train,520.0,245.0,126.0,323.0,원피스,,,,,,,,미디·7부 기장,,,,,,플로럴|그래픽,,플리츠|지퍼
images/52ac6b8c38abf0308f727af5e06d78fc.jpg,train,211.0,244.0,412.0,437.0,재킷,,,,,반팔,기본 소매,,,,,여유핏,,,무지,,지퍼|리본|후드
images/52ac6b8c38abf0308f727af5e06d78fc.jpg,train,443.0,505.0,117.0,150.0,티셔츠,,,,,,,,,,,레귤러핏,,,무지,,
images/52ac6b8c38abf0308f727af5e06d78fc.jpg,train,456.0,635.0,296.0,46.0,청바지,,,,,,,,,,,,,,무지,데님,
images/8fbfd24373991b1765589d9a1fb22250.jpg,train,242.0,313.0,188.0,710.0,원피스,,,,,,,,롱·긴바지 기장,V넥,,,,비대칭,무지,,
images/8fbfd24373991b1765589d9a1fb22250.jpg,train,150.0,212.0,409.0,711.0,코트,,,,,긴팔,기본 소매,,,,셔츠 칼라,레귤러핏,,,그래픽,,단추|포켓
images/88e5e8b3290c0c6f13cf33abf0610850.jpg,val_train_split,353.0,292.0,156.0,196.0,탑,,,,,,,크롭 기장,,오프숄더,,여유핏,,,무지,,
images/88e5e8b3290c0c6f13cf33abf0610850.jpg,val_train_split,340.0,422.0,120.0,161.0,쇼츠,,,,,,,,쇼츠·미니 기장,,,,슬림핏,,무지,,포켓
images/b386dde62a2449923ee7e466cb000d1d.jpg,train,427.0,240.0,361.0,234.0,셔츠,,,,,긴팔,기본 소매,,,,스탠드 칼라,레귤러핏,,,무지,,
images/b386dde62a2449923ee7e466cb000d1d.jpg,train,316.0,368.0,250.0,216.0,스커트,,,,,,,,,,,,,,체크,,플리츠|지퍼
images/9738e9d1e39882f8d28f938bf05ad50f.jpg,val_train_split,251.0,313.0,138.0,127.0,탑,,,,,,,,,,,슬림핏,,,무지,,
images/9738e9d1e39882f8d28f938bf05ad50f.jpg,val_train_split,171.0,248.0,316.0,334.0,코트,,,,,긴팔,기본 소매,,,,스탠드 칼라,레귤러핏,,,무지,,단추
images/9738e9d1e39882f8d28f938bf05ad50f.jpg,val_train_split,230.0,423.0,185.0,221.0,쇼츠,,,,,,,,쇼츠·미니 기장,,,,,,플로럴,,벨트
images/801b5cdc582234387a66bc09f9928988.jpg,train,381.0,300.0,200.0,370.0,점프수트,,,,,,,,쇼츠·미니 기장,,,레귤러핏,,,무지,,지퍼
images/801b5cdc582234387a66bc09f9928988.jpg,train,400.0,321.0,178.0,162.0,티셔츠,,,,,,,,,,,슬림핏,,,무지,,포켓
images/cb13a9d13436b9a2f5655525e46a2cc8.jpg,train,489.0,246.0,364.0,363.0,탑,,,,,긴팔,벌룬 소매,,,스퀘어넥,,여유핏,,,무지,,벨트
images/cb13a9d13436b9a2f5655525e46a2cc8.jpg,train,118.0,411.0,520.0,212.0,청바지,,,,,,,,롱·긴바지 기장,,,,,,무지,데님,
images/e8ca59049a99552807426a446fca5b96.jpg,val_train_split,311.0,225.0,130.0,136.0,후드티,,,,,,,,,V넥,,레귤러핏,,,무지,,후드
images/e8ca59049a99552807426a446fca5b96.jpg,val_train_split,237.0,248.0,277.0,329.0,셔츠,,,,,긴팔,벨 소매,기본 기장,,,라펠 칼라,여유핏,,,체크,,단추
images/e8ca59049a99552807426a446fca5b96.jpg,val_train_split,268.0,562.0,189.0,369.0,팬츠,,,,,,,,롱·긴바지 기장,,,,,,무지,,포켓|지퍼
images/271619e8f9f1567f45e64412bc00d9c7.jpg,train,229.0,223.0,211.0,510.0,원피스,,,,,,,,쇼츠·미니 기장,,,,,H라인,무지,,지퍼
images/271619e8f9f1567f45e64412bc00d9c7.jpg,train,234.0,221.0,340.0,236.0,재킷,,,,,7부 소매,퍼프 소매,크롭 기장,,라운드넥,셔츠 칼라,슬림핏,,,무지,,단추
images/17e6a3d9273a8f6b1b3f7981f8d17532.jpg,train,160.0,224.0,220.0,495.0,원피스,,,,,반팔,캡 소매,,무릎 기장,보트넥,,,,,무지,,지퍼|리본
images/dc5ee48d56a927fe7629ee1f08a7af0b.jpg,train,374.0,163.0,194.0,313.0,원피스,,,,,,,,무릎 기장,오프숄더,,,,,무지,,지퍼
images/f0365eff82ea41e09f1e3b8502bc6d29.jpg,val_train_split,159.0,178.0,308.0,557.0,원피스,,,,,,,,무릎 기장,,칼라 없음,,,,무지,,지퍼
images/26c93b228a95fa77812f2b1413ccdc63.jpg,val_train_split,125.0,251.0,557.0,718.0,티셔츠,,,,,,기본 소매,크롭 기장,,,,레귤러핏,,,무지,,
images/26c93b228a95fa77812f2b1413ccdc63.jpg,val_train_split,162.0,236.0,461.0,744.0,베스트,,,,,,,크롭 기장,,,,레귤러핏,,,무지,,포켓|벨트
images/3add968e85cf0f3bb3ab6a927da06bca.jpg,train,296.0,412.0,79.0,144.0,탑,,,,,,,크롭 기장,,,,슬림핏,,,무지,,
images/3add968e85cf0f3bb3ab6a927da06bca.jpg,train,288.0,548.0,143.0,220.0,청바지,,,,,,,,,,,,,,무지,데님,
images/3add968e85cf0f3bb3ab6a927da06bca.jpg,train,208.0,290.0,204.0,344.0,가디건,,,,,긴팔,기본 소매,크롭 기장,,,,여유핏,,비대칭,무지,니트,
images/16fcc5cf4c5da6e1440169cf45c7c99b.jpg,train,197.0,216.0,275.0,729.0,점프수트,,,,,,,,롱·긴바지 기장,,,슬림핏,,,무지,,플리츠|지퍼|포켓|벨트
images/4e0639c6edcf6fc793c0bafd764ed7ae.jpg,train,167.0,468.0,184.0,95.0,쇼츠,,,,,,,,쇼츠·미니 기장,,,,,,무지,,
images/4e0639c6edcf6fc793c0bafd764ed7ae.jpg,train,83.0,183.0,335.0,379.0,재킷,,,,,긴팔,기본 소매,기본 기장,,,칼라 없음,오버핏,,,무지,퍼·플리스,
images/4e0639c6edcf6fc793c0bafd764ed7ae.jpg,train,201.0,254.0,125.0,323.0,탑,,,,,,,기본 기장,,,,레귤러핏,,,무지,,
images/11587a885f93be84e117722404cbae05.jpg,val_train_split,168.0,328.0,402.0,638.0,베스트,,,,,,,크롭 기장,,라운드넥,칼라 없음,레귤러핏,,,,,스팽글
images/11587a885f93be84e117722404cbae05.jpg,val_train_split,127.0,385.0,461.0,599.0,티셔츠,,,,,반팔,,,,,,레귤러핏,,,무지,,
images/62cd33b0108c6b5141ac9d2077ae1571.jpg,train,238.0,460.0,160.0,165.0,스커트,,,,,,,,쇼츠·미니 기장,,,,스트레이트핏,H라인,무지,,지퍼
images/62cd33b0108c6b5141ac9d2077ae1571.jpg,train,330.0,295.0,60.0,178.0,티셔츠,,,,,,,,,라운드넥,,레귤러핏,,,무지,,
images/62cd33b0108c6b5141ac9d2077ae1571.jpg,train,160.0,261.0,331.0,358.0,재킷,,,,,긴팔,기본 소매,크롭 기장,,,칼라 없음,여유핏,,,무지,퍼·플리스,지퍼
images/7799a7296ba1a68764019b6da6f5af52.jpg,train,296.0,327.0,158.0,461.0,원피스,,,,,,,,무릎 기장,V넥,,,,H라인,그래픽,,지퍼
images/15f940064f9bccba9f5af603987a1af6.jpg,train,261.0,406.0,177.0,481.0,팬츠,,,,,,,,롱·긴바지 기장,,,,슬림핏,,무지,,
images/15f940064f9bccba9f5af603987a1af6.jpg,train,231.0,202.0,278.0,328.0,셔츠,,,,,긴팔,벌룬 소매,,,,스탠드 칼라,레귤러핏,,,무지,,지퍼
images/755b7b7f01358797a4f700f89f3162f7.jpg,val_train_split,293.0,222.0,158.0,197.0,재킷,,,,,긴팔,기본 소매,크롭 기장,,,,여유핏,,,무지,,지퍼|후드
images/755b7b7f01358797a4f700f89f3162f7.jpg,val_train_split,341.0,410.0,100.0,138.0,팬츠,,,,,,,,,,,,,,무지,,
images/edae02e363c55da8014efb49fd914660.jpg,val_train_split,205.0,260.0,210.0,284.0,니트,,,,,,래글런 소매,크롭 기장,,,,여유핏,,비대칭,,니트,
images/edae02e363c55da8014efb49fd914660.jpg,val_train_split,213.0,524.0,169.0,335.0,팬츠,,,,,,,,롱·긴바지 기장,,,,,,플로럴,,
images/6f3a835da55d947de2d521bd962a8ec1.jpg,train,445.0,288.0,341.0,288.0,스커트,,,,,,,,롱·긴바지 기장,,,,,,무지,,플리츠|지퍼
images/6f3a835da55d947de2d521bd962a8ec1.jpg,train,655.0,197.0,132.0,119.0,셔츠,,,,,긴팔,,크롭 기장,,,,오버핏,,,무지,,리본
images/684c3b9007752f21c59b66ce84b8fb2d.jpg,train,266.0,297.0,183.0,301.0,코트,,,,,긴팔,기본 소매,,,라운드넥,,레귤러핏,,,무지,퍼·플리스,
images/b95dab70cc9871b6b75e141107ca58e1.jpg,train,171.0,229.0,280.0,573.0,가디건,,,,,,기본 소매,,,,,레귤러핏,,,스트라이프,니트,
images/aa0dbefd2e44717caeac028096b1f147.jpg,train,199.0,335.0,209.0,331.0,점프수트,,,,,반팔,,,쇼츠·미니 기장,,,,,비대칭,무지,,리본|벨트
images/013997edc5cc9e5ffa382b8bdec8a0b5.jpg,train,248.0,344.0,202.0,220.0,스커트,,,,,,,,쇼츠·미니 기장,,,,스트레이트핏,H라인,무지,,플리츠|지퍼
images/013997edc5cc9e5ffa382b8bdec8a0b5.jpg,train,216.0,145.0,260.0,306.0,베스트,,,,,,,기본 기장,,,,여유핏,,,무지,퍼·플리스,지퍼
images/013997edc5cc9e5ffa382b8bdec8a0b5.jpg,train,288.0,199.0,129.0,147.0,탑,,,,,,,,,라운드넥,,레귤러핏,,,무지,,
images/e48ef07a85af80d9526d2a76b3c008bd.jpg,train,170.0,466.0,166.0,348.0,팬츠,,,,,,,,미디·7부 기장,,,,슬림핏,,무지,,
images/e48ef07a85af80d9526d2a76b3c008bd.jpg,train,170.0,269.0,160.0,227.0,탑,,,,,,,크롭 기장,,,,레귤러핏,,,무지,,지퍼
images/e48ef07a85af80d9526d2a76b3c008bd.jpg,train,95.0,206.0,272.0,329.0,재킷,,,,,긴팔,기본 소매,크롭 기장,,,칼라 없음,레귤러핏,,,무지,,지퍼
images/0e1bbc0c58e5d555157d5cd84ee4dbff.jpg,train,112.0,486.0,308.0,500.0,스커트,,,,,,,,롱·긴바지 기장,,,,,A라인,무지,,지퍼
images/0e1bbc0c58e5d555157d5cd84ee4dbff.jpg,train,272.0,278.0,175.0,218.0,탑,,,,,,,크롭 기장,,스퀘어넥,,슬림핏,,,,,스팽글
images/6a360e0a547fcd39c2a3abfbd09bced2.jpg,train,150.0,348.0,427.0,675.0,점프수트,,,,,,,,,,,레귤러핏,,,스트라이프,,단추
images/6a360e0a547fcd39c2a3abfbd09bced2.jpg,train,71.0,257.0,610.0,627.0,코트,,,,,7부 소매,기본 소매,,,,,레귤러핏,,,무지,가죽,
images/6b6fb8e54309923cb60e52c2feb981a2.jpg,train,548.0,162.0,248.0,268.0,원피스,,,,,긴팔,벌룬 소매,,미디·7부 기장,오프숄더,,여유핏,,,무지,,
images/128d9666e4a66112809a8900a8eee7b0.jpg,train,199.0,297.0,258.0,299.0,후드티,,,,,긴팔,기본 소매,기본 기장,,,,레귤러핏,,,무지,,후드|포켓
images/128d9666e4a66112809a8900a8eee7b0.jpg,train,254.0,587.0,189.0,213.0,쇼츠,,,,,,,,쇼츠·미니 기장,,,,,,무지,,포켓
images/87bbec1c9a799f8bb64ac92d96596150.jpg,train,368.0,692.0,307.0,331.0,재킷,,,,,,,크롭 기장,,,,레귤러핏,,,무지,,
images/87bbec1c9a799f8bb64ac92d96596150.jpg,train,74.0,355.0,564.0,668.0,원피스,,,,,7부 소매,기본 소매,,,,,오버핏,,,,,플리츠|벨트
images/adfa39bd8141bf83949405997c26b9dc.jpg,train,627.0,338.0,200.0,234.0,탑,,,,,,,크롭 기장,,,,슬림핏,,,플로럴,,스팽글
images/840b7beface5033c3a50a8cadecb83e9.jpg,val_train_split,320.0,633.0,118.0,253.0,팬츠,,,,,,,,,,,,,,무지,,
images/840b7beface5033c3a50a8cadecb83e9.jpg,val_train_split,287.0,466.0,184.0,217.0,니트,,,,,긴팔,기본 소매,크롭 기장,,,,여유핏,,,무지,니트,
images/e58f0ec62892e62c407121dd63a0786b.jpg,train,184.0,280.0,256.0,483.0,원피스,,,,,,,,무릎 기장,,,,,X라인,무지,,
images/e58f0ec62892e62c407121dd63a0786b.jpg,train,191.0,387.0,259.0,259.0,티셔츠,,,,,긴팔,기본 소매,,,,,슬림핏,,,무지,,벨트
images/e58f0ec62892e62c407121dd63a0786b.jpg,train,273.0,720.0,108.0,161.0,팬츠,,,,,,,,롱·긴바지 기장,,,,슬림핏,,무지,,
images/86265f419117c49d63170d3e5308caa3.jpg,train,357.0,365.0,187.0,302.0,셔츠,,,,,,,,,,,레귤러핏,,,무지,,프릴·러플
images/86265f419117c49d63170d3e5308caa3.jpg,train,83.0,311.0,511.0,457.0,블레이저,,,,,7부 소매,기본 소매,크롭 기장,,,라펠 칼라,슬림핏,,,체크,,단추
images/86265f419117c49d63170d3e5308caa3.jpg,train,148.0,643.0,407.0,380.0,스커트,,,,,,,,,,,,,A라인,체크,,지퍼
images/a3ff15250c1860d1e44d61a299923897.jpg,train,519.0,280.0,130.0,318.0,팬츠,,,,,,,,롱·긴바지 기장,,,,슬림핏,,무지,,
images/a3ff15250c1860d1e44d61a299923897.jpg,train,462.0,27.0,209.0,332.0,재킷,,,,,긴팔,기본 소매,크롭 기장,,,,여유핏,,,그래픽,,지퍼|후드
images/8184b067a9fb77ce040bdebb7d9ac8db.jpg,train,197.0,209.0,213.0,564.0,원피스,,,,,,,,미디·7부 기장,홀터넥,,,,,플로럴,,벨트
images/09634e8a6d748c686fc64386417c1245.jpg,train,274.0,510.0,175.0,332.0,티셔츠,,,,,,,,,터틀넥,,레귤러핏,,,무지,,
images/09634e8a6d748c686fc64386417c1245.jpg,train,14.0,535.0,668.0,488.0,재킷,,,,,,기본 소매,,,,라펠 칼라,레귤러핏,,,무지,,지퍼|포켓
images/8fc606d377b0f8ea158d57a8b5e13841.jpg,train,543.0,265.0,155.0,317.0,팬츠,,,,,,,,롱·긴바지 기장,,,,,,카모,,포켓
images/8fc606d377b0f8ea158d57a8b5e13841.jpg,train,500.0,103.0,169.0,207.0,재킷,,,,,긴팔,,크롭 기장,,,,여유핏,,,무지,,지퍼|포켓|후드
images/2ef98163273441b7c01f9668f4d87547.jpg,train,122.0,301.0,395.0,722.0,코트,,,,,긴팔,기본 소매,,,,스탠드 칼라,레귤러핏,,,무지,,단추|포켓
images/2ef98163273441b7c01f9668f4d87547.jpg,train,152.0,419.0,147.0,402.0,탑,,,,,,,,,,,레귤러핏,,,무지,,
images/2ef98163273441b7c01f9668f4d87547.jpg,train,229.0,297.0,113.0,144.0,티셔츠,,,,,,,,,터틀넥,,슬림핏,,,무지,,
images/8d96b0c1ec46737e187e80956921ce04.jpg,train,188.0,200.0,207.0,488.0,원피스,,,,,긴팔,벨 소매,,쇼츠·미니 기장,,,,,X라인,플로럴,,플리츠|지퍼
images/e864ac266ee36fed9f1464fb58577367.jpg,train,191.0,211.0,336.0,789.0,원피스,,,,,긴팔,벌룬 소매,,롱·긴바지 기장,라운드넥,,,,비대칭,플로럴,,지퍼
images/af0a81825694c08bbcab034a10569466.jpg,val_train_split,216.0,256.0,236.0,385.0,원피스,,,,,반팔,기본 소매,,쇼츠·미니 기장,,칼라 없음,,,비대칭,무지,,지퍼
images/4320699702bb7748bff104b8439c0eb5.jpg,val_train_split,253.0,266.0,181.0,181.0,탑,,,,,,,크롭 기장,,,,레귤러핏,,,플로럴,,스팽글
images/4320699702bb7748bff104b8439c0eb5.jpg,val_train_split,214.0,419.0,237.0,264.0,스커트,,,,,,,,무릎 기장,,,,,A라인,,,플리츠|지퍼
images/a52265a0f67e2570f8a3bda103f02dd6.jpg,val_train_split,329.0,391.0,124.0,208.0,베스트,,,,,,,기본 기장,,라운드넥,,레귤러핏,,,,,
images/a52265a0f67e2570f8a3bda103f02dd6.jpg,val_train_split,337.0,583.0,116.0,139.0,쇼츠,,,,,,,,쇼츠·미니 기장,,,,,,스트라이프,,포켓|지퍼
images/336cdb2497945061c066130e7faa1737.jpg,val_train_split,322.0,746.0,62.0,54.0,쇼츠,,,,,,,,쇼츠·미니 기장,,,,,,무지,,
images/336cdb2497945061c066130e7faa1737.jpg,val_train_split,325.0,662.0,79.0,106.0,후드티,,,,,긴팔,,기본 기장,,,,레귤러핏,,,무지,,후드
images/41b62623443ceb159ee665ae206787e0.jpg,train,156.0,150.0,357.0,591.0,코트,,,,,긴팔,기본 소매,,,,라펠 칼라,여유핏,,,무지,가죽|스웨이드|퍼·플리스,
images/41b62623443ceb159ee665ae206787e0.jpg,train,227.0,192.0,190.0,375.0,원피스,,,,,,,,쇼츠·미니 기장,,,,,,무지,,플리츠
images/7e648c69aab2977e57ea04c9842b5a93.jpg,train,138.0,293.0,317.0,730.0,원피스,,,,,,,,,,,,,,애니멀,,
images/005ccdb239e2d6cfe62506dd6eb5693e.jpg,train,259.0,231.0,214.0,367.0,원피스,,,,,,,,쇼츠·미니 기장,터틀넥,,,,,스트라이프,니트,
images/13b594f6a624d57154c1dc2ed624217a.jpg,train,148.0,167.0,255.0,328.0,재킷,,,,,긴팔,기본 소매,크롭 기장,,,스탠드 칼라,,,,무지,,지퍼
images/13b594f6a624d57154c1dc2ed624217a.jpg,train,209.0,380.0,151.0,72.0,탑,,,,,,,기본 기장,,,,슬림핏,,,무지,,
images/13b594f6a624d57154c1dc2ed624217a.jpg,train,207.0,425.0,156.0,431.0,청바지,,,,,,,,롱·긴바지 기장,,,,,,무지,데님,
images/a8acb8c549a8de4fafa3973451713823.jpg,train,271.0,410.0,277.0,613.0,원피스,,,,,반팔,기본 소매,,롱·긴바지 기장,,,,,,애니멀,,플리츠|리본|벨트
images/dab07f7912860c668c1a61f7f096602c.jpg,train,196.0,437.0,241.0,337.0,스커트,,,,,,,,미디·7부 기장,,,,,,,,플리츠|지퍼|벨트
images/dab07f7912860c668c1a61f7f096602c.jpg,train,205.0,233.0,214.0,185.0,탑,,,,,,,크롭 기장,,,,슬림핏,,,무지,퍼·플리스,
images/94757b10e3edc42a6d6741270a557f8a.jpg,train,240.0,269.0,172.0,438.0,원피스,,,,,,,,무릎 기장,,,,,,그래픽,,지퍼
images/d261d8b66d69b667e4923d59ecf40b8e.jpg,val_train_split,418.0,354.0,189.0,327.0,원피스,,,,,,,,롱·긴바지 기장,오프숄더,,,,A라인,플로럴,,플리츠
images/3d00ce863e0e1730d8c589bc287042f8.jpg,train,291.0,608.0,130.0,73.0,쇼츠,,,,,,,,쇼츠·미니 기장,,,,,,,,프릴·러플
images/3d00ce863e0e1730d8c589bc287042f8.jpg,train,238.0,192.0,240.0,460.0,원피스,,,,,반팔,기본 소매,,쇼츠·미니 기장,,셔츠 칼라,,,,플로럴,,지퍼|리본|프릴·러플
images/7a3bec11c658b9269be10624056f1e53.jpg,train,566.0,756.0,176.0,266.0,청바지,,,,,,,,,,,,슬림핏,,무지,데님,
images/7a3bec11c658b9269be10624056f1e53.jpg,train,499.0,241.0,329.0,570.0,재킷,,,,,7부 소매,기본 소매,기본 기장,,,셔츠 칼라,여유핏,,,카모,,단추|포켓
images/bd2ba2d63336b7df9cbd42d399002f6f.jpg,train,108.0,384.0,202.0,375.0,재킷,,,,,긴팔,,,,,,오버핏,,,무지,,단추|포켓
images/bd2ba2d63336b7df9cbd42d399002f6f.jpg,train,284.0,544.0,65.0,161.0,원피스,,,,,,,,쇼츠·미니 기장,,,,,,그래픽,,
images/c7985a39cf94fb61213cd6c7383d62a3.jpg,train,324.0,412.0,201.0,372.0,스커트,,,,,,,,미디·7부 기장,,,,스트레이트핏,H라인,,,지퍼
images/c7985a39cf94fb61213cd6c7383d62a3.jpg,train,281.0,172.0,249.0,483.0,탑,,,,,,,,,,,레귤러핏,,비대칭,,퍼·플리스,
images/267a4b57c430c482123a51a99bd87741.jpg,train,242.0,492.0,150.0,292.0,스커트,,,,,,,,미디·7부 기장,,,,,비대칭,무지,,지퍼
images/267a4b57c430c482123a51a99bd87741.jpg,train,196.0,219.0,272.0,412.0,원피스,,,,,반팔,,,쇼츠·미니 기장,보트넥,,,,,무지,니트,리본
images/142dd6a54089c89332562ad3a8aeb2b4.jpg,train,361.0,278.0,106.0,323.0,원피스,,,,,,,,쇼츠·미니 기장,,,,,A라인,무지,,플리츠|벨트
images/142dd6a54089c89332562ad3a8aeb2b4.jpg,train,228.0,212.0,203.0,493.0,코트,,,,,긴팔,기본 소매,,,,칼라 없음,여유핏,,,무지,,지퍼
images/4c4381bc487195f9ab49d7f7981da632.jpg,train,221.0,329.0,235.0,347.0,원피스,,,,,7부 소매,벌룬 소매,,쇼츠·미니 기장,V넥,,,,X라인,도트,,플리츠
images/93572a06c3e0adb5b648fbc68d5c5d22.jpg,train,269.0,252.0,136.0,177.0,베스트,,,,,,,크롭 기장,,,,슬림핏,,,무지,,지퍼
images/93572a06c3e0adb5b648fbc68d5c5d22.jpg,train,226.0,240.0,235.0,322.0,셔츠,,,,,긴팔,기본 소매,,,,셔츠 칼라,레귤러핏,,,무지,,단추
images/93572a06c3e0adb5b648fbc68d5c5d22.jpg,train,255.0,513.0,171.0,117.0,쇼츠,,,,,,,,쇼츠·미니 기장,,,,,,무지,,포켓
images/51e4c8eaa30a4ba49156c60c345fac14.jpg,val_train_split,83.0,283.0,487.0,740.0,가디건,,,,,7부 소매,,기본 기장,,,라펠 칼라,레귤러핏,,,무지,니트,단추|벨트
images/51e4c8eaa30a4ba49156c60c345fac14.jpg,val_train_split,139.0,290.0,444.0,478.0,셔츠,,,,,7부 소매,기본 소매,,,,셔츠 칼라,레귤러핏,,,도트,,단추
images/91e3d09512f7a5c246c87aed4175a35d.jpg,val_train_split,187.0,174.0,323.0,649.0,원피스,,,,,7부 소매,퍼프 소매,,쇼츠·미니 기장,,셔츠 칼라,여유핏,,,무지,,포켓
images/5126e3921657ca89b23dbab9fae47fad.jpg,val_train_split,196.0,241.0,249.0,675.0,원피스,,,,,7부 소매,벨 소매,,롱·긴바지 기장,보트넥,,,,A라인,,,지퍼
images/f4c5398e983d6dfbcd78c81c8e379837.jpg,train,510.0,528.0,190.0,151.0,스커트,,,,,,,,,,,,스트레이트핏,H라인,무지,,지퍼
images/f4c5398e983d6dfbcd78c81c8e379837.jpg,train,479.0,273.0,349.0,286.0,셔츠,,,,,7부 소매,기본 소매,크롭 기장,,,칼라 없음,레귤러핏,,,무지,,단추|포켓
images/f4c5398e983d6dfbcd78c81c8e379837.jpg,train,554.0,376.0,63.0,59.0,탑,,,,,,,,,,,슬림핏,,,무지,,
images/37ef6ac06404db12e7429af40ea628c5.jpg,train,207.0,269.0,252.0,299.0,티셔츠,,,,,긴팔,벌룬 소매,기본 기장,,,셔츠 칼라,레귤러핏,,,무지,,포켓
images/37ef6ac06404db12e7429af40ea628c5.jpg,train,195.0,499.0,218.0,480.0,팬츠,,,,,,,,롱·긴바지 기장,,,,,,무지,,플리츠
images/ffda5e31c14d323a2d09e59263b4f6a2.jpg,train,266.0,129.0,204.0,341.0,원피스,,,,,7부 소매,래글런 소매,,쇼츠·미니 기장,라운드넥,,오버핏,,,무지,,
images/2306011691f2dc540ffd4a6ece916176.jpg,train,443.0,357.0,160.0,224.0,스커트,,,,,,,,쇼츠·미니 기장,,,,,,무지,,지퍼
images/2306011691f2dc540ffd4a6ece916176.jpg,train,394.0,186.0,222.0,192.0,셔츠,,,,,반팔,기본 소매,,,,칼라 없음,레귤러핏,,,무지,,단추
images/8833a02b7cae8f33e1f032e915c36889.jpg,train,308.0,473.0,146.0,312.0,팬츠,,,,,,,,롱·긴바지 기장,,,,슬림핏,,,,지퍼
images/8833a02b7cae8f33e1f032e915c36889.jpg,train,282.0,300.0,152.0,335.0,탑,,,,,,,,,라운드넥,,레귤러핏,,,,,스팽글
images/b40348e65f6a09bce39c2e896862366d.jpg,val_train_split,155.0,334.0,301.0,554.0,원피스,,,,,반팔,기본 소매,,쇼츠·미니 기장,보트넥,,,,X라인,무지,,플리츠|지퍼|리본
images/f9e399aea3e430cccb4f668c40ec1a9f.jpg,train,235.0,192.0,219.0,408.0,원피스,,,,,,,,쇼츠·미니 기장,,,,,X라인,무지,,플리츠|지퍼
images/5ae7601af16fb2a0052b5d742fbccf38.jpg,train,494.0,388.0,37.0,182.0,티셔츠,,,,,,,,,라운드넥,,레귤러핏,,,무지,,
images/5ae7601af16fb2a0052b5d742fbccf38.jpg,train,382.0,372.0,264.0,284.0,재킷,,,,,,래글런 소매,크롭 기장,,,셔츠 칼라,슬림핏,,,그래픽,,지퍼|벨트
images/e20dbcd6c0ea6f6b81c26c03039e6a08.jpg,train,96.0,548.0,331.0,425.0,팬츠,,,,,,,,롱·긴바지 기장,,,,슬림핏,,무지,,포켓
images/e20dbcd6c0ea6f6b81c26c03039e6a08.jpg,train,83.0,287.0,272.0,298.0,셔츠,,,,,7부 소매,기본 소매,크롭 기장,,,스탠드 칼라,레귤러핏,,,무지,,단추
images/689923cd899354c81fb2c6e0c256f414.jpg,train,346.0,462.0,129.0,111.0,쇼츠,,,,,,,,쇼츠·미니 기장,,,,,,무지,,포켓
images/689923cd899354c81fb2c6e0c256f414.jpg,train,224.0,358.0,165.0,149.0,탑,,,,,반팔,기본 소매,크롭 기장,,,칼라 없음,슬림핏,,,무지,,지퍼
images/d3acc956d760a20a953a05b018a095f9.jpg,val_train_split,181.0,214.0,262.0,756.0,원피스,,,,,,,,롱·긴바지 기장,,셔츠 칼라,,,,그래픽,,지퍼
images/d3acc956d760a20a953a05b018a095f9.jpg,val_train_split,169.0,229.0,271.0,433.0,코트,,,,,긴팔,기본 소매,,,,,레귤러핏,,,무지,,
images/ebce16b0a59ac59e1981c08facf1ec05.jpg,train,353.0,328.0,325.0,351.0,티셔츠,,,,,반팔,기본 소매,,,라운드넥,,레귤러핏,,,무지,,스팽글
images/dc41b2df8ce9cdfea5e92cb339d73387.jpg,train,184.0,496.0,158.0,347.0,청바지,,,,,,,,롱·긴바지 기장,,,,,,무지,데님,지퍼
images/dc41b2df8ce9cdfea5e92cb339d73387.jpg,train,184.0,166.0,119.0,352.0,티셔츠,,,,,,,기본 기장,,,칼라 없음,레귤러핏,,,무지,,
images/dc41b2df8ce9cdfea5e92cb339d73387.jpg,train,118.0,127.0,304.0,464.0,재킷,,,,,긴팔,기본 소매,,,,,오버핏,,,카모,,지퍼|포켓|후드
images/d5798ebc717eaaa6c0ae111672f329f7.jpg,train,280.0,486.0,156.0,221.0,원피스,,,,,,,,쇼츠·미니 기장,,,,,,무지,니트,
images/6884ce13b800bd1bcf6aa2d661e6031e.jpg,train,251.0,464.0,175.0,259.0,쇼츠,,,,,,,,쇼츠·미니 기장,,,,,,그래픽,,포켓
images/6884ce13b800bd1bcf6aa2d661e6031e.jpg,train,189.0,173.0,301.0,320.0,재킷,,,,,긴팔,기본 소매,크롭 기장,,,스탠드 칼라,레귤러핏,,,그래픽,,지퍼
images/e12be4305c64013a4f28e66d6aa80c32.jpg,val_train_split,484.0,212.0,115.0,214.0,원피스,,,,,,,,쇼츠·미니 기장,,,,,X라인,무지,,지퍼|벨트
images/167014d6c659b42054544078e89b7f7e.jpg,val_train_split,188.0,174.0,278.0,288.0,블레이저,,,,,7부 소매,래글런 소매,크롭 기장,,,스탠드 칼라,,,,무지,,지퍼
images/167014d6c659b42054544078e89b7f7e.jpg,val_train_split,214.0,253.0,178.0,387.0,원피스,,,,,,,,쇼츠·미니 기장,,,,,,무지,,지퍼
images/cd8a5c4b3b912be1d1f968b468d25a17.jpg,train,230.0,193.0,249.0,393.0,코트,,,,,긴팔,기본 소매,,,,라펠 칼라,슬림핏,,,무지,퍼·플리스,단추|지퍼
images/cd8a5c4b3b912be1d1f968b468d25a17.jpg,train,290.0,574.0,59.0,222.0,팬츠,,,,,,,,롱·긴바지 기장,,,,슬림핏,,무지,,
images/cd8a5c4b3b912be1d1f968b468d25a17.jpg,train,341.0,572.0,55.0,174.0,팬츠,,,,,,,,롱·긴바지 기장,,,,슬림핏,,무지,,
images/6bac89c8cd9cfd6f3f94758c447fdb86.jpg,train,375.0,406.0,212.0,423.0,코트,,,,,,,,,,,레귤러핏,,,무지,가죽,
images/6bac89c8cd9cfd6f3f94758c447fdb86.jpg,train,172.0,226.0,245.0,572.0,원피스,,,,,,,,쇼츠·미니 기장,,,,,,무지,,지퍼
images/12123b0b8f48d489c68e299db0d8608f.jpg,train,225.0,480.0,178.0,200.0,스커트,,,,,,,,,,,,,A라인,,,지퍼
images/12123b0b8f48d489c68e299db0d8608f.jpg,train,179.0,201.0,249.0,378.0,재킷,,,,,긴팔,기본 소매,크롭 기장,,,,여유핏,,,무지,퍼·플리스,지퍼
images/73e8339559ac2c0eb09ce3effbcc1e1c.jpg,train,326.0,304.0,253.0,719.0,셔츠,,,,,,,,,,셔츠 칼라,레귤러핏,,,스트라이프,,단추
images/73e8339559ac2c0eb09ce3effbcc1e1c.jpg,train,276.0,545.0,163.0,478.0,탑,,,,,,,,,V넥,,슬림핏,,,무지,,
images/73e8339559ac2c0eb09ce3effbcc1e1c.jpg,train,58.0,266.0,607.0,757.0,코트,,,,,긴팔,기본 소매,,,,셔츠 칼라,레귤러핏,,,무지,,단추|포켓
images/d1fa4c8b36274409836687112644a088.jpg,train,260.0,293.0,145.0,300.0,티셔츠,,,,,,,크롭 기장,,V넥,,레귤러핏,,,무지,,
images/d1fa4c8b36274409836687112644a088.jpg,train,238.0,561.0,188.0,315.0,청바지,,,,,,,,롱·긴바지 기장,,,,,,무지,데님,
images/d1fa4c8b36274409836687112644a088.jpg,train,160.0,281.0,328.0,342.0,재킷,,,,,긴팔,기본 소매,크롭 기장,,,,레귤러핏,,,무지,,단추|후드
images/a007d88447828dbe6b158b8160a3bfb6.jpg,train,241.0,479.0,287.0,514.0,원피스,,,,,,,,쇼츠·미니 기장,오프숄더,,,,X라인,무지,,
images/f48bd7a6cc920d72d9648c0181658154.jpg,train,200.0,347.0,201.0,327.0,원피스,,,,,,,,쇼츠·미니 기장,V넥,,,,X라인,무지,,플리츠|지퍼|벨트
images/a93819b75c2009156e787d2f08a15c74.jpg,train,221.0,218.0,287.0,720.0,원피스,,,,,,,,롱·긴바지 기장,V넥,,,,A라인,플로럴,,스팽글
images/0d6f560c1fe83e4f9cb4108da1006be3.jpg,val_train_split,277.0,431.0,330.0,363.0,탑,,,,,,,크롭 기장,,라운드넥,,레귤러핏,,,무지,,포켓
images/0d6f560c1fe83e4f9cb4108da1006be3.jpg,val_train_split,213.0,355.0,410.0,491.0,베스트,,,,,,,크롭 기장,,,셔츠 칼라,레귤러핏,,,무지,,단추|포켓
images/0d6f560c1fe83e4f9cb4108da1006be3.jpg,val_train_split,356.0,781.0,263.0,188.0,쇼츠,,,,,,,,쇼츠·미니 기장,,,,,,무지,,
images/d6ab7a84a18630b07b26776f0e69f7c0.jpg,val_train_split,263.0,213.0,281.0,390.0,원피스,,,,,,,,쇼츠·미니 기장,,,,,X라인,무지,,플리츠|벨트
images/1ed6c9929e3570707a13bab7aabf5030.jpg,train,314.0,451.0,148.0,161.0,쇼츠,,,,,,,,쇼츠·미니 기장,,,,,,무지,,벨트
images/1ed6c9929e3570707a13bab7aabf5030.jpg,train,260.0,286.0,183.0,198.0,티셔츠,,,,,반팔,기본 소매,,,라운드넥,,레귤러핏,,,도트,,
images/1ed6c9929e3570707a13bab7aabf5030.jpg,train,227.0,347.0,231.0,420.0,가디건,,,,,긴팔,기본 소매,,,,,여유핏,,,무지,니트,
images/ccf14172007525a28ef521293b669cef.jpg,train,259.0,280.0,252.0,310.0,점프수트,,,,,7부 소매,벨 소매,,쇼츠·미니 기장,,,여유핏,,,,,
images/a271e7d0f55d06740698bab118382f0b.jpg,train,249.0,256.0,173.0,294.0,원피스,,,,,반팔,캡 소매,,쇼츠·미니 기장,V넥,,,,,무지|애니멀,,지퍼
images/817d13b7839dfbf59ddbe83d62f4b8ac.jpg,train,490.0,264.0,115.0,115.0,티셔츠,,,,,긴팔,기본 소매,크롭 기장,,,,슬림핏,,,무지|도트,,포켓|벨트
images/817d13b7839dfbf59ddbe83d62f4b8ac.jpg,train,403.0,257.0,105.0,262.0,코트,,,,,,,,,,,레귤러핏,,,무지,,
images/817d13b7839dfbf59ddbe83d62f4b8ac.jpg,train,491.0,356.0,78.0,195.0,청바지,,,,,,,,롱·긴바지 기장,,,,슬림핏,,무지,데님,포켓
images/2f3a312de73eb5ea3e702f66f972c638.jpg,train,143.0,336.0,292.0,219.0,재킷,,,,,7부 소매,기본 소매,크롭 기장,,,칼라 없음,슬림핏,,,,,
images/2f3a312de73eb5ea3e702f66f972c638.jpg,train,236.0,507.0,174.0,168.0,스커트,,,,,,,,쇼츠·미니 기장,,,,,A라인,,,지퍼
images/2f3a312de73eb5ea3e702f66f972c638.jpg,train,262.0,342.0,128.0,199.0,탑,,,,,,,,,,,슬림핏,,,무지,,
images/6aebad011f3bbe3307a7197b6ae77ca4.jpg,train,402.0,267.0,471.0,412.0,원피스,,,,,,,,쇼츠·미니 기장,,,,,X라인,플로럴,,플리츠|지퍼|프릴·러플|벨트
images/0b84cca985cd26ed29d5d28f291672c3.jpg,val_train_split,449.0,158.0,145.0,449.0,점프수트,,,,,긴팔,기본 소매,,롱·긴바지 기장,,칼라 없음,레귤러핏,,,플로럴,,지퍼|벨트
images/981b83b448c9afe5eecbd1aab31f4d6b.jpg,train,302.0,304.0,195.0,352.0,원피스,,,,,,,,쇼츠·미니 기장,스퀘어넥,,,,A라인,무지,,
images/9c5580fba1c35c1ee171bb46044128a9.jpg,train,368.0,186.0,197.0,134.0,탑,,,,,반팔,벨 소매,크롭 기장,,,,여유핏,,,무지,,리본
images/9c5580fba1c35c1ee171bb46044128a9.jpg,train,405.0,297.0,137.0,307.0,팬츠,,,,,,,,롱·긴바지 기장,,,,스트레이트핏,H라인,무지,,포켓
images/4139c32bd4942696f7cfcba90d9195d0.jpg,train,60.0,367.0,333.0,656.0,원피스,,,,,,,,,,칼라 없음,,,X라인,플로럴,,
images/4139c32bd4942696f7cfcba90d9195d0.jpg,train,42.0,340.0,506.0,683.0,가디건,,,,,,,크롭 기장,,,,레귤러핏,,,무지,니트,단추
images/9d977bbdc2a03b5d7698c9a9d1fade72.jpg,train,277.0,393.0,211.0,356.0,원피스,,,,,,,,쇼츠·미니 기장,,,,,H라인,그래픽,,지퍼|프릴·러플
images/6cf1b7fac8c0f21790428bf4203ab7bd.jpg,train,147.0,157.0,185.0,460.0,원피스,,,,,,,,쇼츠·미니 기장,터틀넥,,,,,무지,니트,
images/6cf1b7fac8c0f21790428bf4203ab7bd.jpg,train,167.0,533.0,143.0,327.0,팬츠,,,,,,,,롱·긴바지 기장,,,,슬림핏,,무지,,
images/d700f76cd8baf14ec5266ac0050267aa.jpg,train,427.0,257.0,324.0,473.0,원피스,,,,,긴팔,래글런 소매,,쇼츠·미니 기장,,스탠드 칼라,,,A라인,무지,,
images/8f56d73f0807e6d68d40c7a3998018f0.jpg,train,182.0,273.0,334.0,415.0,원피스,,,,,,,,쇼츠·미니 기장,오프숄더,,,,,무지,,프릴·러플
images/47d3615f5478b41de2af448bca78c3e0.jpg,train,293.0,480.0,241.0,542.0,청바지,,,,,,,,롱·긴바지 기장,,,,,,무지,데님,포켓
images/47d3615f5478b41de2af448bca78c3e0.jpg,train,281.0,212.0,202.0,322.0,탑,,,,,,,크롭 기장,,오프숄더,,슬림핏,,,무지,,
images/be914f67171e98e345f96ae018658b52.jpg,train,101.0,136.0,269.0,512.0,원피스,,,,,긴팔,기본 소매,,쇼츠·미니 기장,,칼라 없음,,,A라인,무지|플로럴,,지퍼
images/be914f67171e98e345f96ae018658b52.jpg,train,166.0,446.0,247.0,461.0,팬츠,,,,,,,,롱·긴바지 기장,,,,스트레이트핏,H라인,무지,,
images/ea03c446f78d8d56e77fbe73afa4ddf6.jpg,train,336.0,288.0,232.0,252.0,탑,,,,,긴팔,,크롭 기장,,오프숄더,,슬림핏,,,무지,,
images/ea03c446f78d8d56e77fbe73afa4ddf6.jpg,train,354.0,453.0,195.0,351.0,청바지,,,,,,,,롱·긴바지 기장,,,,슬림핏,,무지,데님,포켓
images/db7c93b8faaacfb9a2a8dad735fe52d8.jpg,train,181.0,263.0,291.0,666.0,원피스,,,,,,,,롱·긴바지 기장,스퀘어넥,,,,,플로럴,,지퍼
images/d8784c998e93edc7ec9b58fe353809c0.jpg,train,235.0,449.0,190.0,160.0,쇼츠,,,,,,,,쇼츠·미니 기장,,,,슬림핏,,무지,,
images/d8784c998e93edc7ec9b58fe353809c0.jpg,train,201.0,221.0,224.0,705.0,원피스,,,,,반팔,캡 소매,,롱·긴바지 기장,V넥,,,,A라인,무지,,
images/7d26ceef47e183b6b1ac3030d966f3d2.jpg,train,195.0,121.0,307.0,411.0,재킷,,,,,긴팔,기본 소매,크롭 기장,,,,레귤러핏,,,무지,퍼·플리스,지퍼|포켓
images/7d26ceef47e183b6b1ac3030d966f3d2.jpg,train,242.0,126.0,198.0,348.0,티셔츠,,,,,,,기본 기장,,터틀넥,,슬림핏,,,스트라이프,,포켓|지퍼
images/7d26ceef47e183b6b1ac3030d966f3d2.jpg,train,243.0,455.0,194.0,226.0,청바지,,,,,,,,,,,,슬림핏,,무지,데님,
images/838375555090f9da84b0acee73adfad5.jpg,train,81.0,193.0,431.0,830.0,코트,,,,,긴팔,기본 소매,,,,라펠 칼라,여유핏,,,무지,퍼·플리스,
images/838375555090f9da84b0acee73adfad5.jpg,train,209.0,205.0,193.0,283.0,셔츠,,,,,긴팔,,,,,,,,,무지,,
images/e1b693f926d1b7257b8be15c7738f80d.jpg,train,295.0,272.0,218.0,373.0,원피스,,,,,긴팔,벌룬 소매,,쇼츠·미니 기장,,,,,A라인,무지,,포켓
images/e1b693f926d1b7257b8be15c7738f80d.jpg,train,300.0,290.0,215.0,476.0,원피스,,,,,긴팔,벌룬 소매,,미디·7부 기장,,,,,A라인,무지,,
images/205476a5ac24fccae1239cd84559f92d.jpg,val_train_split,316.0,255.0,258.0,340.0,재킷,,,,,긴팔,기본 소매,크롭 기장,,,스탠드 칼라,레귤러핏,,,무지,,지퍼|포켓
images/205476a5ac24fccae1239cd84559f92d.jpg,val_train_split,354.0,508.0,194.0,173.0,청바지,,,,,,,,,,,,,,무지,데님,포켓
images/205476a5ac24fccae1239cd84559f92d.jpg,val_train_split,495.0,308.0,46.0,209.0,탑,,,,,,,,,,,슬림핏,,,무지,,
images/f5bf8b8c055afbf17e49d8dd4419197f.jpg,train,120.0,279.0,158.0,337.0,티셔츠,,,,,,,크롭 기장,,,,레귤러핏,,,플로럴,,
images/f5bf8b8c055afbf17e49d8dd4419197f.jpg,train,233.0,267.0,206.0,304.0,원피스,,,,,,,,쇼츠·미니 기장,,,,,X라인,무지,,플리츠
images/f5bf8b8c055afbf17e49d8dd4419197f.jpg,train,275.0,261.0,197.0,281.0,티셔츠,,,,,,벨 소매,,,,,,,,,,
images/a88da95c0c0ff99981a8b801c5a1c120.jpg,train,159.0,456.0,264.0,567.0,후드티,,,,,,,,,,,여유핏,,,무지,,후드|지퍼
images/a88da95c0c0ff99981a8b801c5a1c120.jpg,train,60.0,525.0,458.0,477.0,재킷,,,,,긴팔,기본 소매,크롭 기장,,,,레귤러핏,,,무지,,지퍼|포켓
images/c5a2ae39adc86ab05906c018cbf2a26f.jpg,train,37.0,277.0,553.0,579.0,원피스,,,,,반팔,캡 소매,,쇼츠·미니 기장,,,,,X라인,무지|체크,,단추|프릴·러플|벨트
images/9523babcf164e6aea43e62cfa4f74cfd.jpg,val_train_split,278.0,270.0,169.0,451.0,원피스,,,,,,,,미디·7부 기장,스퀘어넥,,,,H라인,무지,,플리츠|지퍼
images/5307b8fa5a4ea9bd4f6b01c3f15ca68a.jpg,train,210.0,216.0,337.0,543.0,코트,,,,,긴팔,기본 소매,,,,라펠 칼라,여유핏,,,무지,퍼·플리스,벨트
images/5307b8fa5a4ea9bd4f6b01c3f15ca68a.jpg,train,285.0,251.0,53.0,88.0,셔츠,,,,,,,,,,셔츠 칼라,,,,무지,,
images/5307b8fa5a4ea9bd4f6b01c3f15ca68a.jpg,train,315.0,728.0,181.0,159.0,청바지,,,,,,,,,,,,슬림핏,,무지,데님,
images/0ff6659b339d60c1ccca829bb198bd77.jpg,train,163.0,80.0,306.0,585.0,원피스,,,,,반팔,퍼프 소매,,쇼츠·미니 기장,,,,,X라인,플로럴,,플리츠|프릴·러플
images/54ebc6817dd8badd39da44179098ec05.jpg,train,371.0,250.0,132.0,209.0,원피스,,,,,7부 소매,벌룬 소매,,쇼츠·미니 기장,오프숄더,,,,,무지,,
images/ebf6ff3880c9e73f13f9de3cc18e054e.jpg,val_train_split,231.0,336.0,203.0,489.0,청바지,,,,,,,,롱·긴바지 기장,,,,,,무지,데님,포켓
images/ebf6ff3880c9e73f13f9de3cc18e054e.jpg,val_train_split,224.0,53.0,197.0,357.0,가디건,,,,,긴팔,기본 소매,크롭 기장,,,,레귤러핏,,,무지,니트,포켓
images/b0d0515b00f894210e50629d277b76a9.jpg,train,399.0,496.0,122.0,280.0,점프수트,,,,,,,,,V넥,,여유핏,,,무지,,
images/b0d0515b00f894210e50629d277b76a9.jpg,train,319.0,494.0,300.0,364.0,재킷,,,,,7부 소매,기본 소매,크롭 기장,,,칼라 없음,레귤러핏,,,무지,,지퍼
images/b0d0515b00f894210e50629d277b76a9.jpg,train,330.0,696.0,216.0,276.0,재킷,,,,,,,크롭 기장,,,,,,,,,
images/6a754736ea4ccd59d026c522c2218412.jpg,train,304.0,217.0,146.0,275.0,원피스,,,,,,,,쇼츠·미니 기장,,,,,,무지,,
images/6a754736ea4ccd59d026c522c2218412.jpg,train,166.0,333.0,420.0,504.0,스커트,,,,,,,,롱·긴바지 기장,,,,,비대칭,애니멀,,지퍼
images/7c9e33b80d439cdc69d8f0f565d5568a.jpg,train,274.0,267.0,161.0,201.0,재킷,,,,,긴팔,기본 소매,크롭 기장,,,라펠 칼라,레귤러핏,,,무지,가죽|스웨이드,지퍼
images/7c9e33b80d439cdc69d8f0f565d5568a.jpg,train,288.0,289.0,129.0,206.0,탑,,,,,,,크롭 기장,,V넥,,레귤러핏,,,스트라이프,,지퍼
images/7c9e33b80d439cdc69d8f0f565d5568a.jpg,train,286.0,477.0,144.0,110.0,쇼츠,,,,,,,,쇼츠·미니 기장,,,,,,무지,,포켓
images/1bc77c1c5acd331c6832e12c77c6a336.jpg,train,254.0,716.0,275.0,307.0,청바지,,,,,,,,,,,,스트레이트핏,H라인,체크,데님,
images/1bc77c1c5acd331c6832e12c77c6a336.jpg,train,150.0,351.0,314.0,427.0,셔츠,,,,,,,,,,셔츠 칼라,레귤러핏,,,무지,,단추|포켓|리본
images/1bc77c1c5acd331c6832e12c77c6a336.jpg,train,131.0,360.0,468.0,513.0,재킷,,,,,긴팔,기본 소매,크롭 기장,,,,레귤러핏,,,체크,,단추|포켓|벨트
images/18b92a547b32d73b9823708ba0c9eed8.jpg,train,117.0,327.0,304.0,683.0,원피스,,,,,반팔,,,롱·긴바지 기장,오프숄더,,,,,,,플리츠|지퍼|리본
images/0b5a877ec5a5b0b189fb551506c955ab.jpg,train,242.0,288.0,353.0,734.0,원피스,,,,,반팔,,,,V넥,,여유핏,,,플로럴,,플리츠|리본
images/7d641d20cb8e6c7c4ecd570dbfd65c5e.jpg,val_train_split,250.0,211.0,206.0,482.0,원피스,,,,,,,,쇼츠·미니 기장,라운드넥,,,,,무지,,지퍼
images/7d641d20cb8e6c7c4ecd570dbfd65c5e.jpg,val_train_split,211.0,74.0,306.0,462.0,재킷,,,,,긴팔,기본 소매,크롭 기장,,,,레귤러핏,,,그래픽,,후드
images/722311284dc8536a7ce5054d7d75933b.jpg,train,390.0,214.0,172.0,210.0,원피스,,,,,,,,쇼츠·미니 기장,V넥,,,,X라인,도트,,프릴·러플
images/71e18209df260d73aaec990c5716f3bf.jpg,train,172.0,206.0,178.0,359.0,원피스,,,,,,,,쇼츠·미니 기장,홀터넥,,,,A라인,무지|플로럴,,지퍼
images/7068a3a81635387469156732687cc7ee.jpg,val_train_split,242.0,228.0,223.0,300.0,재킷,,,,,긴팔,기본 소매,크롭 기장,,,라펠 칼라,레귤러핏,,,무지,가죽|스웨이드,지퍼
images/7068a3a81635387469156732687cc7ee.jpg,val_train_split,241.0,279.0,220.0,270.0,니트,,,,,긴팔,기본 소매,크롭 기장,,,,레귤러핏,,,스트라이프,니트,지퍼
images/7068a3a81635387469156732687cc7ee.jpg,val_train_split,327.0,233.0,84.0,287.0,셔츠,,,,,,,,,라운드넥,셔츠 칼라,,,,도트,,지퍼
images/7068a3a81635387469156732687cc7ee.jpg,val_train_split,254.0,496.0,184.0,91.0,스커트,,,,,,,,쇼츠·미니 기장,,,,,A라인,무지,,플리츠|지퍼
images/8454ef08dd36ffa1eff9c13fd087a949.jpg,train,243.0,384.0,161.0,218.0,원피스,,,,,,,,쇼츠·미니 기장,,,,,H라인,무지,,
images/8454ef08dd36ffa1eff9c13fd087a949.jpg,train,225.0,193.0,215.0,272.0,티셔츠,,,,,7부 소매,기본 소매,,,터틀넥,,슬림핏,,,무지,,
images/623cf5e339992d3c2474dbb83f69d080.jpg,train,208.0,479.0,235.0,337.0,탑,,,,,,,,,,,여유핏,,,무지,,
images/623cf5e339992d3c2474dbb83f69d080.jpg,train,0.0,367.0,608.0,656.0,셔츠,,,,,7부 소매,기본 소매,기본 기장,,,스탠드 칼라,레귤러핏,,,무지,,단추|포켓
images/623cf5e339992d3c2474dbb83f69d080.jpg,train,103.0,764.0,332.0,259.0,스커트,,,,,,,,,,,,,A라인,플로럴,,지퍼
images/6e274d3de59e2c03458e810ccfcb2463.jpg,train,250.0,740.0,229.0,283.0,청바지,,,,,,,,,,,,슬림핏,,무지,데님,
images/6e274d3de59e2c03458e810ccfcb2463.jpg,train,302.0,438.0,144.0,340.0,셔츠,,,,,,,크롭 기장,,,칼라 없음,레귤러핏,,,무지,,
images/6e274d3de59e2c03458e810ccfcb2463.jpg,train,126.0,282.0,430.0,666.0,코트,,,,,긴팔,,,,,라펠 칼라,레귤러핏,,,체크,,단추|포켓
images/a652aa367623ff3e5845504ea6143c0e.jpg,train,174.0,248.0,460.0,747.0,베스트,,,,,,,기본 기장,,,라펠 칼라,여유핏,,,무지,,지퍼|포켓|벨트
images/840d590a1bed253766d5e3cb8c1c8aec.jpg,train,231.0,143.0,116.0,345.0,티셔츠,,,,,,,크롭 기장,,터틀넥,,레귤러핏,,,무지,,
images/840d590a1bed253766d5e3cb8c1c8aec.jpg,train,155.0,153.0,307.0,335.0,재킷,,,,,긴팔,벨 소매,크롭 기장,,,,여유핏,,,도트,,단추
images/840d590a1bed253766d5e3cb8c1c8aec.jpg,train,233.0,467.0,164.0,353.0,팬츠,,,,,,,,롱·긴바지 기장,,,,슬림핏,,무지,,
images/16f55e821c2226d766c142c2e9ae9899.jpg,train,476.0,182.0,137.0,165.0,재킷,,,,,7부 소매,기본 소매,크롭 기장,,,라펠 칼라,슬림핏,,,플로럴,,단추
images/16f55e821c2226d766c142c2e9ae9899.jpg,train,503.0,325.0,111.0,187.0,스커트,,,,,,,,무릎 기장,,,,,A라인,플로럴,,지퍼|포켓
images/8959e38d72161583239e567cab3d046e.jpg,train,324.0,178.0,180.0,454.0,원피스,,,,,,,,쇼츠·미니 기장,스퀘어넥,,,,,무지,,지퍼|벨트
images/0a29eb8a7317ed7d3c06091d7775dc30.jpg,val_train_split,137.0,365.0,442.0,658.0,원피스,,,,,,,,,,,,,X라인,플로럴,,플리츠|지퍼
images/5108b0c543820b824db9272e6cad8da6.jpg,train,196.0,223.0,189.0,299.0,베스트,,,,,,,기본 기장,,,라펠 칼라,여유핏,,,무지,,단추
images/5108b0c543820b824db9272e6cad8da6.jpg,train,137.0,238.0,297.0,310.0,탑,,,,,긴팔,,기본 기장,,,,여유핏,,,무지|스트라이프,,
images/5108b0c543820b824db9272e6cad8da6.jpg,train,214.0,517.0,163.0,193.0,스커트,,,,,,,,무릎 기장,,,,,비대칭,무지,,지퍼
images/b0444932ab7fea5a501e2d39e2f255f0.jpg,train,198.0,190.0,85.0,310.0,티셔츠,,,,,,,크롭 기장,,라운드넥,,레귤러핏,,,무지,,
images/b0444932ab7fea5a501e2d39e2f255f0.jpg,train,101.0,147.0,312.0,356.0,재킷,,,,,긴팔,기본 소매,크롭 기장,,,스탠드 칼라,레귤러핏,,,무지,,포켓|지퍼
images/b0444932ab7fea5a501e2d39e2f255f0.jpg,train,163.0,480.0,196.0,418.0,팬츠,,,,,,,,롱·긴바지 기장,,,,,,무지,,
images/981640de1bf281ae00b098121fdc1398.jpg,train,198.0,494.0,186.0,363.0,스커트,,,,,,,,무릎 기장,,,,스트레이트핏,H라인,,,지퍼|포켓
images/981640de1bf281ae00b098121fdc1398.jpg,train,276.0,299.0,67.0,196.0,티셔츠,,,,,,,,,라운드넥,,슬림핏,,,무지,,
images/981640de1bf281ae00b098121fdc1398.jpg,train,154.0,300.0,293.0,361.0,재킷,,,,,긴팔,기본 소매,크롭 기장,,,라펠 칼라,슬림핏,,비대칭,,,스팽글|포켓
images/5621275483377cb8490aa4dd65b5cf96.jpg,val_train_split,260.0,224.0,212.0,443.0,원피스,,,,,,,,쇼츠·미니 기장,보트넥,,,,,플로럴|도트,,지퍼|플리츠
images/266c03a13f58635117faffeb031f81dd.jpg,train,199.0,179.0,281.0,357.0,티셔츠,,,,,긴팔,기본 소매,,,터틀넥,,레귤러핏,,,무지,,
images/266c03a13f58635117faffeb031f81dd.jpg,train,230.0,405.0,217.0,525.0,팬츠,,,,,,,,롱·긴바지 기장,,,,,,무지,,플리츠
images/276f65816446c7924ef40ac6db9f4cc2.jpg,train,233.0,250.0,228.0,419.0,원피스,,,,,,,,쇼츠·미니 기장,,피터팬 칼라,,,,무지,,플리츠|지퍼
images/e73c1865da1078058aeeb04873c3eaed.jpg,train,5.0,242.0,676.0,705.0,원피스,,,,,,,,롱·긴바지 기장,,,,,,무지,,지퍼|프릴·러플|스팽글
images/11290aa2861d9108bfb3b79e1c6f8407.jpg,train,120.0,262.0,462.0,687.0,원피스,,,,,반팔,,,롱·긴바지 기장,오프숄더,,,,A라인,무지|플로럴,,지퍼
images/65852746bf284dbadc9c0b5cab4af4e4.jpg,train,242.0,204.0,202.0,586.0,점프수트,,,,,,,,미디·7부 기장,보트넥,,,,,,,지퍼
images/9830a9dfda93c2ed8015fdf7ad370f31.jpg,train,360.0,183.0,520.0,499.0,원피스,,,,,,,,쇼츠·미니 기장,,,,,X라인,그래픽,,플리츠|지퍼
images/e2802d1f59f4cf6d94f3521a3ae15b25.jpg,train,245.0,250.0,271.0,267.0,탑,,,,,반팔,퍼프 소매,크롭 기장,,,,레귤러핏,,,무지,,리본
images/e2802d1f59f4cf6d94f3521a3ae15b25.jpg,train,272.0,503.0,182.0,396.0,청바지,,,,,,,,롱·긴바지 기장,,,,,,무지,데님,
images/df837c7f17ce8fd8782c3a3dc4bf71d3.jpg,train,207.0,235.0,247.0,226.0,티셔츠,,,,,,,크롭 기장,,스퀘어넥,,슬림핏,,,무지,,
images/df837c7f17ce8fd8782c3a3dc4bf71d3.jpg,train,233.0,421.0,194.0,379.0,스커트,,,,,,,,미디·7부 기장,,,,스트레이트핏,H라인,스트라이프,,지퍼
images/8bd90300d64dd50e23d8eb1d8f1f4b8d.jpg,train,231.0,464.0,154.0,425.0,팬츠,,,,,,,,롱·긴바지 기장,,,,슬림핏,,무지,,
images/8bd90300d64dd50e23d8eb1d8f1f4b8d.jpg,train,242.0,232.0,395.0,675.0,원피스,,,,,,,,롱·긴바지 기장,홀터넥,,,,A라인,스트라이프,,지퍼
images/9455c5b02768065d0a997dc9b0bf1c69.jpg,train,259.0,176.0,305.0,423.0,원피스,,,,,7부 소매,기본 소매,,쇼츠·미니 기장,보트넥,,,,,스트라이프,,플리츠|벨트
images/758f6b0b1fe8a97bd041efbc5102af31.jpg,train,149.0,361.0,449.0,662.0,원피스,,,,,반팔,캡 소매,,,,,,,A라인,도트,,지퍼|벨트
images/9491460c9e802e982909d50e767461b9.jpg,train,138.0,274.0,416.0,404.0,니트,,,,,7부 소매,래글런 소매,기본 기장,,라운드넥,,레귤러핏,,,무지,니트,
images/174c4a1acde8ea95d52626f529396a40.jpg,train,216.0,260.0,277.0,312.0,팬츠,,,,,,,,미디·7부 기장,,,,스트레이트핏,H라인,플로럴,,
images/174c4a1acde8ea95d52626f529396a40.jpg,train,317.0,140.0,191.0,256.0,코트,,,,,7부 소매,기본 소매,,,,라펠 칼라,레귤러핏,,,플로럴,,단추|벨트
images/174c4a1acde8ea95d52626f529396a40.jpg,train,384.0,192.0,64.0,83.0,탑,,,,,,,크롭 기장,,,,레귤러핏,,,무지,,
images/7637cc6914fc4897d957eb8c462e50ef.jpg,train,497.0,361.0,199.0,211.0,티셔츠,,,,,7부 소매,래글런 소매,크롭 기장,,라운드넥,,레귤러핏,,,무지,,
images/19ac148446b7f5c5ff2932187a312805.jpg,train,282.0,517.0,176.0,79.0,쇼츠,,,,,,,,쇼츠·미니 기장,,,,,,무지,,
images/19ac148446b7f5c5ff2932187a312805.jpg,train,292.0,218.0,178.0,316.0,원피스,,,,,,,,쇼츠·미니 기장,,,,,A라인,무지,,지퍼|프릴·러플
images/19ac148446b7f5c5ff2932187a312805.jpg,train,257.0,176.0,192.0,422.0,코트,,,,,,기본 소매,,,,,레귤러핏,,,무지,,
images/19ac148446b7f5c5ff2932187a312805.jpg,train,190.0,158.0,334.0,434.0,코트,,,,,,기본 소매,,,,라펠 칼라,레귤러핏,,,무지,,단추
images/4377f0c1fa65c9117c900965d7b77de1.jpg,train,698.0,272.0,211.0,155.0,팬츠,,,,,,,,롱·긴바지 기장,,,,슬림핏,,무지,,
images/4377f0c1fa65c9117c900965d7b77de1.jpg,train,604.0,241.0,156.0,109.0,탑,,,,,,,기본 기장,,홀터넥,,레귤러핏,,,무지,,
images/0abf3b3e63fa15cad03fc44e31d7eaeb.jpg,train,460.0,583.0,158.0,191.0,쇼츠,,,,,,,,쇼츠·미니 기장,,,,,,무지,,
images/0abf3b3e63fa15cad03fc44e31d7eaeb.jpg,train,317.0,324.0,227.0,546.0,원피스,,,,,,,,쇼츠·미니 기장,홀터넥,,,,,애니멀,,벨트
images/189c57b5a9f8d2f0d539660837288e14.jpg,train,173.0,526.0,193.0,417.0,팬츠,,,,,,,,롱·긴바지 기장,,,,,,무지,,
images/189c57b5a9f8d2f0d539660837288e14.jpg,train,121.0,180.0,299.0,373.0,후드티,,,,,긴팔,,기본 기장,,,,여유핏,,,무지,,후드
images/28354afe10ae4f568a254878d88c4cc8.jpg,train,230.0,403.0,294.0,546.0,스커트,,,,,,,,롱·긴바지 기장,,,,,A라인,도트,,지퍼
images/28354afe10ae4f568a254878d88c4cc8.jpg,train,277.0,221.0,139.0,175.0,탑,,,,,,,크롭 기장,,,,슬림핏,,,도트,,스팽글
images/97aad63027f58993d6a2ee7274d64ba9.jpg,train,352.0,275.0,107.0,242.0,티셔츠,,,,,,,크롭 기장,,라운드넥,,레귤러핏,,,무지,,
images/97aad63027f58993d6a2ee7274d64ba9.jpg,train,230.0,254.0,301.0,615.0,코트,,,,,긴팔,기본 소매,,,,라펠 칼라,레귤러핏,,,무지,퍼·플리스,
images/97aad63027f58993d6a2ee7274d64ba9.jpg,train,348.0,497.0,139.0,457.0,팬츠,,,,,,,,롱·긴바지 기장,,,,,,무지,,포켓
images/21c97e3290b58bcd3f1313c0517f4cf0.jpg,train,133.0,203.0,319.0,479.0,원피스,,,,,반팔,캡 소매,,무릎 기장,,피터팬 칼라,,,,그래픽,,플리츠|지퍼|벨트|프릴·러플
images/724c56f60369ea4182d4759d19c603e8.jpg,train,376.0,180.0,226.0,621.0,원피스,,,,,반팔,캡 소매,,미디·7부 기장,터틀넥,,,,,무지,,지퍼
images/913da5490fd12393911f64714c9b896e.jpg,train,264.0,275.0,124.0,161.0,원피스,,,,,,,,쇼츠·미니 기장,,,,,,도트,,플리츠|지퍼
images/913da5490fd12393911f64714c9b896e.jpg,train,285.0,200.0,73.0,75.0,탑,,,,,,,크롭 기장,,,,레귤러핏,,,무지,퍼·플리스,
images/66d99ba3077358edd70989e9bb4e10a6.jpg,train,262.0,161.0,116.0,233.0,셔츠,,,,,,,,,,셔츠 칼라,레귤러핏,,,무지,,단추
images/66d99ba3077358edd70989e9bb4e10a6.jpg,train,221.0,383.0,220.0,224.0,스커트,,,,,,,,쇼츠·미니 기장,,,,,A라인,무지,,지퍼
images/66d99ba3077358edd70989e9bb4e10a6.jpg,train,200.0,183.0,260.0,331.0,가디건,,,,,긴팔,기본 소매,크롭 기장,,,칼라 없음,슬림핏,,,,니트,지퍼
images/bd4aae1221f3c617ea9cdf239ff12b67.jpg,train,242.0,436.0,191.0,400.0,원피스,,,,,,,,미디·7부 기장,,,,,A라인,무지,,
images/bd4aae1221f3c617ea9cdf239ff12b67.jpg,train,216.0,415.0,281.0,317.0,가디건,,,,,,,,,,,여유핏,,,무지,니트,포켓
images/bd4aae1221f3c617ea9cdf239ff12b67.jpg,train,219.0,185.0,268.0,324.0,재킷,,,,,긴팔,기본 소매,크롭 기장,,,,레귤러핏,,비대칭,무지,,지퍼|포켓
images/ed33d6b8c49ebdd54029cd10b27b0a90.jpg,val_train_split,196.0,215.0,261.0,289.0,탑,,,,,반팔,,기본 기장,,,칼라 없음,오버핏,,,애니멀,,리본|포켓
images/ed33d6b8c49ebdd54029cd10b27b0a90.jpg,val_train_split,210.0,466.0,188.0,523.0,팬츠,,,,,,,,롱·긴바지 기장,,,,,,무지,,
images/0b863fa439757f33e1792abad8939483.jpg,train,235.0,180.0,199.0,768.0,점프수트,,,,,,,,롱·긴바지 기장,,라펠 칼라,,,,무지,,플리츠|포켓
images/b62e4685a617efd5c9822353b268511b.jpg,train,362.0,220.0,175.0,543.0,원피스,,,,,,,,쇼츠·미니 기장,,칼라 없음,,,,무지,,지퍼
images/b62e4685a617efd5c9822353b268511b.jpg,train,195.0,181.0,365.0,632.0,코트,,,,,긴팔,기본 소매,,,,스탠드 칼라,여유핏,,,무지,,단추
images/fb1658800a0bf29e4ec605b646b35116.jpg,train,87.0,212.0,288.0,600.0,원피스,,,,,반팔,퍼프 소매,,쇼츠·미니 기장,,피터팬 칼라,,,A라인,무지,,단추
images/fb1658800a0bf29e4ec605b646b35116.jpg,train,205.0,295.0,24.0,31.0,탑,,,,,,,,,,,슬림핏,,,무지,,
images/9f711be49d0d67c176ce236ebaa90d7d.jpg,train,409.0,218.0,174.0,236.0,탑,,,,,,,크롭 기장,,,,레귤러핏,,,무지,,
images/9f711be49d0d67c176ce236ebaa90d7d.jpg,train,363.0,431.0,232.0,165.0,스커트,,,,,,,,쇼츠·미니 기장,,,,,A라인,무지,가죽|스웨이드,지퍼
images/63c59a90c3083dbbdf04003e00eabfd6.jpg,train,171.0,158.0,324.0,372.0,셔츠,,,,,긴팔,기본 소매,,,,셔츠 칼라,레귤러핏,,,스트라이프,,단추
images/63c59a90c3083dbbdf04003e00eabfd6.jpg,train,151.0,172.0,384.0,503.0,코트,,,,,긴팔,벨 소매,,,,,여유핏,,,무지,,
images/63c59a90c3083dbbdf04003e00eabfd6.jpg,train,271.0,427.0,157.0,441.0,팬츠,,,,,,,,롱·긴바지 기장,,,,스트레이트핏,H라인,무지,,
images/1306c61da85388c3e57f01cff4080279.jpg,train,441.0,309.0,563.0,349.0,원피스,,,,,7부 소매,벌룬 소매,,쇼츠·미니 기장,,,,,A라인,무지,,지퍼
images/17760e0210dba52e3fd86aeb844b80b8.jpg,val_train_split,45.0,350.0,586.0,673.0,코트,,,,,긴팔,기본 소매,,,,라펠 칼라,여유핏,,,무지,퍼·플리스,
images/17760e0210dba52e3fd86aeb844b80b8.jpg,val_train_split,288.0,405.0,136.0,555.0,재킷,,,,,,,크롭 기장,,,스탠드 칼라,레귤러핏,,,무지,,단추
images/17760e0210dba52e3fd86aeb844b80b8.jpg,val_train_split,245.0,796.0,171.0,227.0,청바지,,,,,,,,,,,,,,무지,데님,포켓
images/17760e0210dba52e3fd86aeb844b80b8.jpg,val_train_split,263.0,500.0,98.0,301.0,티셔츠,,,,,,,크롭 기장,,,,슬림핏,,,무지,,
images/13cb4c091f02e94bec547de082c30d52.jpg,train,341.0,718.0,272.0,304.0,청바지,,,,,,,,,,,,슬림핏,,무지,데님,
images/13cb4c091f02e94bec547de082c30d52.jpg,train,346.0,234.0,185.0,501.0,탑,,,,,,,기본 기장,,,,레귤러핏,,,무지,,스팽글
images/13cb4c091f02e94bec547de082c30d52.jpg,train,260.0,328.0,360.0,694.0,코트,,,,,,,,,,,레귤러핏,,,무지,,지퍼
images/40ca3ac0ad8f2e28250e8b4e64faf6d2.jpg,val_train_split,171.0,171.0,327.0,422.0,원피스,,,,,긴팔,래글런 소매,,쇼츠·미니 기장,,,,,,플로럴,,지퍼
images/5749720f790aad38781cddcadca62e34.jpg,train,182.0,236.0,358.0,532.0,원피스,,,,,긴팔,기본 소매,,쇼츠·미니 기장,보트넥,,,,A라인,무지,,지퍼
images/675bf4797e2c21f29cff32016ae6324b.jpg,train,296.0,158.0,99.0,328.0,니트,,,,,,,기본 기장,,터틀넥,,레귤러핏,,,무지,니트,
images/675bf4797e2c21f29cff32016ae6324b.jpg,train,130.0,175.0,315.0,490.0,코트,,,,,긴팔,기본 소매,,,,,레귤러핏,,,무지,,단추|포켓
images/675bf4797e2c21f29cff32016ae6324b.jpg,train,251.0,455.0,254.0,392.0,팬츠,,,,,,,,롱·긴바지 기장,,,,,,무지,,
images/f573acc9c7d68bfa33ffaf904bdcbee1.jpg,train,88.0,272.0,410.0,397.0,코트,,,,,7부 소매,,,,,,여유핏,,,무지,,포켓
images/f573acc9c7d68bfa33ffaf904bdcbee1.jpg,train,173.0,245.0,251.0,475.0,원피스,,,,,,,,쇼츠·미니 기장,,셔츠 칼라,,,A라인,무지,,포켓|벨트
images/41c122188934a9205f120ae39625bb29.jpg,train,210.0,241.0,321.0,722.0,원피스,,,,,7부 소매,기본 소매,,미디·7부 기장,,칼라 없음,,,A라인,무지,,지퍼|포켓
images/120998872d637f7f2fd5b1522be1de65.jpg,train,197.0,381.0,269.0,325.0,원피스,,,,,긴팔,벌룬 소매,,쇼츠·미니 기장,,,,,O라인,,,플리츠|단추
images/f386243445165ceda560967a9d7406bf.jpg,train,133.0,229.0,267.0,794.0,원피스,,,,,,,,롱·긴바지 기장,라운드넥,,,,A라인,그래픽,,지퍼
images/59500f8d5638df72d8912c0f543fbbb8.jpg,val_train_split,245.0,300.0,208.0,323.0,원피스,,,,,,,,쇼츠·미니 기장,,,,,A라인,애니멀,,지퍼|벨트
images/dae5dfbd041819c8d8e507f5ccc5daf8.jpg,train,565.0,216.0,457.0,465.0,재킷,,,,,긴팔,,,,,,오버핏,,,무지,,지퍼|포켓|후드
images/0adba506da4e365f57a5d4325ace813e.jpg,val_train_split,156.0,192.0,309.0,409.0,재킷,,,,,긴팔,기본 소매,기본 기장,,,라펠 칼라,슬림핏,,,무지,,단추|포켓|벨트
images/0adba506da4e365f57a5d4325ace813e.jpg,val_train_split,183.0,518.0,221.0,400.0,팬츠,,,,,,,,롱·긴바지 기장,,,,스트레이트핏,H라인,무지,,포켓
images/0adba506da4e365f57a5d4325ace813e.jpg,val_train_split,285.0,192.0,80.0,312.0,셔츠,,,,,,,,,,스탠드 칼라,레귤러핏,,,무지,,단추
images/2bc49ba8cf8234f0b3d1bc8a1fb0205d.jpg,val_train_split,93.0,247.0,442.0,410.0,원피스,,,,,반팔,캡 소매,,쇼츠·미니 기장,,,,,X라인,무지,,플리츠|지퍼|프릴·러플
images/1e93e7b20061f9d48db9c6d342aa8520.jpg,train,197.0,571.0,207.0,315.0,청바지,,,,,,,,롱·긴바지 기장,,,,,,무지,데님,
images/1e93e7b20061f9d48db9c6d342aa8520.jpg,train,191.0,189.0,294.0,431.0,원피스,,,,,반팔,벨 소매,,쇼츠·미니 기장,라운드넥,,,,,플로럴,,
images/b8fea12b008a4e469f1fcb1fae6d8ed8.jpg,train,684.0,152.0,87.0,117.0,티셔츠,,,,,,,,,터틀넥,,슬림핏,,,무지,,
images/b8fea12b008a4e469f1fcb1fae6d8ed8.jpg,train,184.0,346.0,408.0,207.0,팬츠,,,,,,,,롱·긴바지 기장,,,,슬림핏,,무지,,
images/b8fea12b008a4e469f1fcb1fae6d8ed8.jpg,train,532.0,169.0,317.0,459.0,코트,,,,,긴팔,기본 소매,,,,라펠 칼라,레귤러핏,,,무지,,단추|포켓
images/8077a46b260c30d97fe2649f3afb15e1.jpg,train,192.0,710.0,214.0,233.0,팬츠,,,,,,,,롱·긴바지 기장,,,,,,무지,,
images/8077a46b260c30d97fe2649f3afb15e1.jpg,train,180.0,273.0,242.0,496.0,원피스,,,,,,,,무릎 기장,,,,,A라인,무지,,
images/8077a46b260c30d97fe2649f3afb15e1.jpg,train,156.0,223.0,315.0,376.0,재킷,,,,,7부 소매,,기본 기장,,V넥,,오버핏,,,,,벨트
images/ef9925fdd35ab96d7b9fdecfe0d62667.jpg,train,218.0,259.0,257.0,451.0,원피스,,,,,,,,무릎 기장,오프숄더,,,,,무지|플로럴,,지퍼
images/fa1aab3cb09a34f3e3993345240a0492.jpg,val_train_split,147.0,284.0,326.0,495.0,원피스,,,,,,,,쇼츠·미니 기장,,피터팬 칼라,,,A라인,도트,,지퍼
images/5a1985996007d0f05202e76bb84e7d1d.jpg,train,253.0,465.0,204.0,194.0,스커트,,,,,,,,쇼츠·미니 기장,,,,,,스트라이프,,지퍼
images/5a1985996007d0f05202e76bb84e7d1d.jpg,train,165.0,175.0,319.0,308.0,티셔츠,,,,,반팔,,크롭 기장,,,,슬림핏,,,스트라이프,,
images/5a1985996007d0f05202e76bb84e7d1d.jpg,train,258.0,175.0,197.0,308.0,베스트,,,,,,,크롭 기장,,,,레귤러핏,,,스트라이프,,지퍼
images/b1c93a6c351867ba9f88ac4647dcb9b0.jpg,train,629.0,266.0,130.0,176.0,재킷,,,,,긴팔,기본 소매,크롭 기장,,,스탠드 칼라,레귤러핏,,비대칭,무지,,지퍼|포켓
images/b1c93a6c351867ba9f88ac4647dcb9b0.jpg,train,655.0,428.0,74.0,199.0,팬츠,,,,,,,,롱·긴바지 기장,,,,슬림핏,,무지,,
images/ecb0300082cf5929739bc70b6ca929a5.jpg,train,160.0,148.0,409.0,341.0,니트,,,,,긴팔,래글런 소매,크롭 기장,,,스탠드 칼라,여유핏,,,무지,니트,
images/ecb0300082cf5929739bc70b6ca929a5.jpg,train,194.0,424.0,230.0,263.0,스커트,,,,,,,,쇼츠·미니 기장,,,,스트레이트핏,H라인,무지,,지퍼
images/9acea55b2c76fe8b6c6b3301e6c1fd48.jpg,train,306.0,338.0,283.0,384.0,코트,,,,,긴팔,기본 소매,,,,스탠드 칼라,레귤러핏,,,무지,,단추
images/9acea55b2c76fe8b6c6b3301e6c1fd48.jpg,train,427.0,491.0,98.0,105.0,니트,,,,,긴팔,기본 소매,,,,,레귤러핏,,,무지,니트,포켓
images/9acea55b2c76fe8b6c6b3301e6c1fd48.jpg,train,421.0,582.0,95.0,315.0,청바지,,,,,,,,롱·긴바지 기장,,,,슬림핏,,무지,데님,
images/f8914425acc828855d7d3c7af954ef43.jpg,train,191.0,484.0,82.0,458.0,원피스,,,,,,,,쇼츠·미니 기장,,,,,H라인,무지,,지퍼
images/f8914425acc828855d7d3c7af954ef43.jpg,train,119.0,241.0,366.0,763.0,코트,,,,,긴팔,기본 소매,,,,칼라 없음,레귤러핏,,,무지,,포켓
images/b5a96c97d03f75b1e39125e36139258c.jpg,train,193.0,205.0,310.0,422.0,원피스,,,,,,기본 소매,,쇼츠·미니 기장,,스탠드 칼라,오버핏,,,무지,,벨트
images/e3e8799fefb5e54b142db0e39cfd32f4.jpg,train,437.0,245.0,243.0,174.0,탑,,,,,긴팔,기본 소매,,,,피터팬 칼라,슬림핏,,,무지,,
images/e3e8799fefb5e54b142db0e39cfd32f4.jpg,train,411.0,253.0,246.0,381.0,원피스,,,,,,,,쇼츠·미니 기장,,,,,A라인,도트,,지퍼
images/99550315d691e250f25b5809a4afa33c.jpg,train,121.0,601.0,232.0,344.0,니트,,,,,,,크롭 기장,,,,레귤러핏,,,,니트,
images/99550315d691e250f25b5809a4afa33c.jpg,train,0.0,480.0,652.0,543.0,재킷,,,,,긴팔,기본 소매,크롭 기장,,,스탠드 칼라,여유핏,,,무지,,지퍼|포켓
images/fb8a520f51cc95ff1e65f55b26dc9d32.jpg,train,87.0,721.0,369.0,302.0,청바지,,,,,,,,,,,,슬림핏,,무지,데님,
images/fb8a520f51cc95ff1e65f55b26dc9d32.jpg,train,150.0,261.0,398.0,481.0,탑,,,,,반팔,,기본 기장,,,,여유핏,,,애니멀,,리본
images/f9e7eb4554162de31c96830add3ec983.jpg,train,226.0,260.0,119.0,153.0,탑,,,,,,,크롭 기장,,,,슬림핏,,,무지,,
images/f9e7eb4554162de31c96830add3ec983.jpg,train,228.0,453.0,125.0,295.0,청바지,,,,,,,,,,,,슬림핏,,무지,데님,포켓
images/f9e7eb4554162de31c96830add3ec983.jpg,train,173.0,188.0,264.0,393.0,재킷,,,,,긴팔,기본 소매,크롭 기장,,,,여유핏,,비대칭,무지,퍼·플리스,
images/fc6da2cc2f9d66373ffdf3fcde6847a4.jpg,val_train_split,227.0,533.0,212.0,110.0,쇼츠,,,,,,,,쇼츠·미니 기장,,,,,,무지,,프릴·러플
images/fc6da2cc2f9d66373ffdf3fcde6847a4.jpg,val_train_split,195.0,228.0,279.0,323.0,셔츠,,,,,7부 소매,,크롭 기장,,,,레귤러핏,,,스트라이프,,
images/a1dd7b5581052be8f1e2f08738bda15b.jpg,train,203.0,302.0,251.0,271.0,티셔츠,,,,,긴팔,벌룬 소매,,,,,슬림핏,,,무지,,플리츠
images/a1dd7b5581052be8f1e2f08738bda15b.jpg,train,248.0,453.0,175.0,264.0,스커트,,,,,,,,무릎 기장,,,,,,무지,,지퍼
images/9151d0524a11b6b43c2c7e650eb2dbaf.jpg,train,420.0,275.0,140.0,171.0,탑,,,,,,,크롭 기장,,V넥,,슬림핏,,,그래픽,,
images/9151d0524a11b6b43c2c7e650eb2dbaf.jpg,train,454.0,446.0,152.0,235.0,팬츠,,,,,,,,,,,,,,그래픽,,플리츠
images/bd31b366846dcaada0d647b2adb6d8e6.jpg,train,225.0,375.0,276.0,383.0,원피스,,,,,긴팔,,,무릎 기장,,셔츠 칼라,,,X라인,무지,,벨트|리본|프릴·러플
images/d4d8c38bb6ac58d0a9b786b547c6a332.jpg,train,285.0,167.0,185.0,231.0,셔츠,,,,,,,크롭 기장,,,피터팬 칼라,여유핏,,,무지,,단추
images/d4d8c38bb6ac58d0a9b786b547c6a332.jpg,train,295.0,187.0,184.0,649.0,점프수트,,,,,,,,롱·긴바지 기장,,,슬림핏,,,무지,,지퍼
images/b8feb686ec3c78a533df463d64130ae3.jpg,train,50.0,183.0,385.0,526.0,원피스,,,,,,,,무릎 기장,홀터넥,,,,X라인,도트,,지퍼|벨트
images/4f35cf94f4225e6595b373c061a30214.jpg,train,286.0,206.0,259.0,324.0,재킷,,,,,긴팔,기본 소매,크롭 기장,,,칼라 없음,슬림핏,,,무지,,지퍼|포켓
images/4f35cf94f4225e6595b373c061a30214.jpg,train,295.0,209.0,226.0,404.0,원피스,,,,,,,,쇼츠·미니 기장,,,,,X라인,플로럴,,지퍼
images/9c54864258fd6b453511164e2c892fca.jpg,train,193.0,465.0,383.0,336.0,티셔츠,,,,,긴팔,,크롭 기장,,보트넥,,레귤러핏,,,애니멀,,
images/9c54864258fd6b453511164e2c892fca.jpg,train,227.0,779.0,222.0,183.0,스커트,,,,,,,,쇼츠·미니 기장,,,,스트레이트핏,H라인,무지,,지퍼
images/c7c011989a29d1e382f23138d98c659a.jpg,train,164.0,196.0,229.0,456.0,원피스,,,,,,,,쇼츠·미니 기장,,,,,X라인,도트,,지퍼
images/7469cf2bea60ea9ada0c388fc19ff1b4.jpg,train,403.0,164.0,274.0,340.0,원피스,,,,,반팔,캡 소매,,쇼츠·미니 기장,라운드넥,,,,X라인,무지,,플리츠|지퍼
images/a26adb4115083d67708b73a13ca1bc88.jpg,train,197.0,169.0,289.0,367.0,재킷,,,,,긴팔,기본 소매,크롭 기장,,,,레귤러핏,,,무지,,단추
images/a26adb4115083d67708b73a13ca1bc88.jpg,train,203.0,160.0,273.0,378.0,니트,,,,,긴팔,기본 소매,크롭 기장,,터틀넥,스탠드 칼라,레귤러핏,,,무지,니트,포켓
images/a26adb4115083d67708b73a13ca1bc88.jpg,train,247.0,514.0,180.0,398.0,팬츠,,,,,,,,롱·긴바지 기장,,,,스트레이트핏,H라인,체크,,
images/5321a29189497a43ef188e77085c253f.jpg,val_train_split,174.0,231.0,325.0,233.0,폴로 셔츠,,,,,반팔,,,,,셔츠 칼라,여유핏,,,무지,,리본
images/5321a29189497a43ef188e77085c253f.jpg,val_train_split,209.0,246.0,248.0,670.0,점프수트,,,,,,,,롱·긴바지 기장,,,여유핏,,,스트라이프,,단추|포켓
images/582b9b1527be78039395d3ec68585913.jpg,train,249.0,373.0,207.0,509.0,팬츠,,,,,,,,롱·긴바지 기장,,,,,,무지,,플리츠
images/582b9b1527be78039395d3ec68585913.jpg,train,223.0,184.0,257.0,318.0,재킷,,,,,긴팔,기본 소매,크롭 기장,,,스탠드 칼라,슬림핏,,비대칭,플로럴,,
images/036f3d1028bdbac238693358d3fc54d8.jpg,train,248.0,274.0,210.0,240.0,탑,,,,,,,크롭 기장,,,,,,,플로럴,,
images/036f3d1028bdbac238693358d3fc54d8.jpg,train,254.0,481.0,192.0,153.0,스커트,,,,,,,,쇼츠·미니 기장,,,,,,무지,,스팽글|지퍼
images/cd6f33bc571aa55f56856bd3bd89c990.jpg,val_train_split,182.0,252.0,304.0,649.0,원피스,,,,,,,,쇼츠·미니 기장,,,,,A라인,플로럴|그래픽,,지퍼
images/aa3069c929e483c12cb821c01d4c43e6.jpg,train,284.0,223.0,81.0,234.0,티셔츠,,,,,,,크롭 기장,,,,레귤러핏,,,무지,,
images/aa3069c929e483c12cb821c01d4c43e6.jpg,train,201.0,190.0,270.0,392.0,코트,,,,,긴팔,기본 소매,,,,라펠 칼라,레귤러핏,,,무지,퍼·플리스,
images/aa3069c929e483c12cb821c01d4c43e6.jpg,train,253.0,448.0,158.0,399.0,팬츠,,,,,,,,롱·긴바지 기장,,,,슬림핏,,무지,,
images/20d28e0f9773bc6b606e26815cb043fa.jpg,train,173.0,226.0,256.0,255.0,탑,,,,,7부 소매,,,,라운드넥,,여유핏,,,무지,,포켓
images/20d28e0f9773bc6b606e26815cb043fa.jpg,train,161.0,238.0,290.0,453.0,점프수트,,,,,,,,무릎 기장,,,레귤러핏,,,그래픽,,
images/9ddafefe3a383b8b3e399254bc366c1b.jpg,train,229.0,464.0,196.0,74.0,쇼츠,,,,,,,,쇼츠·미니 기장,,,,,,무지,,
images/9ddafefe3a383b8b3e399254bc366c1b.jpg,train,190.0,189.0,284.0,318.0,가디건,,,,,긴팔,,크롭 기장,,,,레귤러핏,,,무지,니트,단추
images/9ddafefe3a383b8b3e399254bc366c1b.jpg,train,221.0,232.0,190.0,275.0,탑,,,,,,,기본 기장,,,,레귤러핏,,,무지,,
images/8127a2612f059001518f54f1945fd5c3.jpg,train,171.0,162.0,60.0,136.0,티셔츠,,,,,,,,,터틀넥,,슬림핏,,,무지,,
images/8127a2612f059001518f54f1945fd5c3.jpg,train,56.0,168.0,279.0,760.0,원피스,,,,,긴팔,벨 소매,,롱·긴바지 기장,,라펠 칼라,여유핏,,,무지,,벨트
images/4dad73b634d9a35dfe1f10b4046ca2bb.jpg,train,219.0,264.0,233.0,401.0,원피스,,,,,,,,쇼츠·미니 기장,,,,,O라인,플로럴,,
images/72ca6bbd62bf73934544a658ae0b7587.jpg,val_train_split,129.0,190.0,256.0,480.0,원피스,,,,,반팔,기본 소매,,쇼츠·미니 기장,,피터팬 칼라,,,A라인,무지,,단추
images/7c381f5f86bb2cc76e522cee329d335d.jpg,train,345.0,231.0,167.0,263.0,원피스,,,,,긴팔,벌룬 소매,,쇼츠·미니 기장,,,,,A라인,애니멀,,
images/3baee41297b38893d4ca8ff8cae9185c.jpg,train,354.0,222.0,179.0,372.0,원피스,,,,,반팔,캡 소매,,쇼츠·미니 기장,스퀘어넥,,,,A라인,무지,,지퍼
images/c23b1a186b4cd86fcc7ba81fc47bc4f6.jpg,train,227.0,179.0,270.0,451.0,원피스,,,,,긴팔,기본 소매,,쇼츠·미니 기장,,스탠드 칼라,,,,,니트,지퍼
images/ff35d912727932a61da726397ed123f6.jpg,val_train_split,235.0,260.0,194.0,360.0,원피스,,,,,,,,쇼츠·미니 기장,보트넥,,,,A라인,도트,,
images/ff35d912727932a61da726397ed123f6.jpg,val_train_split,258.0,588.0,145.0,294.0,팬츠,,,,,,,,롱·긴바지 기장,,,,,,도트,,
images/0ebcc1c57afbdcdc65e144de5ca7c5e2.jpg,train,145.0,322.0,498.0,585.0,탑,,,,,반팔,래글런 소매,크롭 기장,,,,여유핏,,,플로럴,,리본
images/0ebcc1c57afbdcdc65e144de5ca7c5e2.jpg,train,139.0,808.0,315.0,215.0,쇼츠,,,,,,,,쇼츠·미니 기장,,,,,,무지,,
images/22f268e4620d248ff55bd1a797a39c0f.jpg,train,55.0,0.0,552.0,616.0,티셔츠,,,,,7부 소매,래글런 소매,크롭 기장,,,,여유핏,,,무지,,포켓
images/961ee5091bf24656f84c30a94544d7a7.jpg,train,306.0,207.0,353.0,474.0,재킷,,,,,긴팔,기본 소매,기본 기장,,,스탠드 칼라,여유핏,,,카모,,지퍼|포켓
images/4d1ef7c1f602cd6cf8c03b0ab98cd5f7.jpg,train,219.0,330.0,206.0,415.0,원피스,,,,,,,,쇼츠·미니 기장,오프숄더,,,,,무지,,지퍼
images/4d1ef7c1f602cd6cf8c03b0ab98cd5f7.jpg,train,392.0,339.0,8.0,33.0,원피스,,,,,,,,,,,,,,무지,,지퍼
images/a388ac99af10cef0765cfa6707c45c8d.jpg,train,396.0,42.0,235.0,226.0,셔츠,,,,,7부 소매,기본 소매,,,,셔츠 칼라,레귤러핏,,,스트라이프,,단추
images/a388ac99af10cef0765cfa6707c45c8d.jpg,train,446.0,80.0,137.0,145.0,티셔츠,,,,,,,,,라운드넥,,레귤러핏,,,무지,,벨트
images/a388ac99af10cef0765cfa6707c45c8d.jpg,train,462.0,188.0,145.0,332.0,팬츠,,,,,,,,롱·긴바지 기장,,,,,,무지,,포켓
images/212768eb79fca3bcc335384aa41efb7d.jpg,train,228.0,207.0,238.0,234.0,탑,,,,,7부 소매,기본 소매,,,,스탠드 칼라,레귤러핏,,,,,
images/212768eb79fca3bcc335384aa41efb7d.jpg,train,253.0,415.0,190.0,308.0,스커트,,,,,,,,무릎 기장,,,,,비대칭,무지,,지퍼
images/d9d167dd59197818809d76d7a579a8b3.jpg,train,201.0,187.0,284.0,247.0,셔츠,,,,,긴팔,기본 소매,,,,셔츠 칼라,레귤러핏,,,도트,,단추
images/d9d167dd59197818809d76d7a579a8b3.jpg,train,260.0,423.0,177.0,407.0,팬츠,,,,,,,,롱·긴바지 기장,,,,,,무지,,포켓|벨트
images/f1f9df40d445bf03cbe3da4bd47356df.jpg,train,284.0,317.0,219.0,270.0,원피스,,,,,,,,쇼츠·미니 기장,,,,,X라인,무지,,
images/64e86a1a18d8bc4a971d21671becd056.jpg,val_train_split,196.0,471.0,194.0,315.0,팬츠,,,,,,,,미디·7부 기장,,,,와이드핏,,무지,,
images/64e86a1a18d8bc4a971d21671becd056.jpg,val_train_split,178.0,271.0,200.0,219.0,셔츠,,,,,반팔,퍼프 소매,크롭 기장,,,셔츠 칼라,슬림핏,,,무지,,단추
images/fe711102a17a2f977b0c86440dd16fd1.jpg,train,203.0,254.0,334.0,510.0,원피스,,,,,긴팔,기본 소매,,무릎 기장,보트넥,,,,,도트,,지퍼
images/dac2db4e8c636cf56d024e66b3a8ba7a.jpg,train,206.0,293.0,270.0,606.0,원피스,,,,,반팔,기본 소매,,롱·긴바지 기장,라운드넥,,,,A라인,그래픽,,플리츠|지퍼
images/8781b9c882abfa1acdc7f14c447ecb77.jpg,train,45.0,217.0,403.0,483.0,원피스,,,,,반팔,,,무릎 기장,오프숄더,,,,,그래픽,,플리츠|지퍼|리본
images/46f56abe3a786f2f7e412e59985df4c3.jpg,train,98.0,340.0,489.0,683.0,원피스,,,,,반팔,캡 소매,,,,,,,A라인,도트,,지퍼
images/e6e72b4e4b18741c213ca145eb3f5b75.jpg,train,309.0,444.0,164.0,253.0,쇼츠,,,,,,,,쇼츠·미니 기장,,,,,,무지,,벨트
images/e6e72b4e4b18741c213ca145eb3f5b75.jpg,train,55.0,249.0,383.0,265.0,재킷,,,,,긴팔,기본 소매,크롭 기장,,,스탠드 칼라,슬림핏,,,무지,,지퍼
images/0cd3e58a0a756e857b8bd2d4242e5bde.jpg,train,147.0,368.0,534.0,655.0,원피스,,,,,7부 소매,벨 소매,,,라운드넥,,,,,플로럴,,프릴·러플
images/b844129f2a4fa1640fb644dd979f3c44.jpg,train,355.0,188.0,153.0,211.0,베스트,,,,,,,크롭 기장,,,칼라 없음,레귤러핏,,,무지,,지퍼|포켓
images/b844129f2a4fa1640fb644dd979f3c44.jpg,train,382.0,279.0,82.0,80.0,탑,,,,,,,,,,,슬림핏,,,무지,,
images/b844129f2a4fa1640fb644dd979f3c44.jpg,train,370.0,340.0,132.0,85.0,쇼츠,,,,,,,,쇼츠·미니 기장,,,,슬림핏,,무지,,포켓|지퍼
images/fea3b62a5f97fa956bd2f6a56fed7020.jpg,train,256.0,258.0,282.0,667.0,원피스,,,,,긴팔,기본 소매,,롱·긴바지 기장,,피터팬 칼라,,,,그래픽,,지퍼|벨트
images/40168324e64ed783f6877657d22708b3.jpg,train,203.0,500.0,202.0,176.0,쇼츠,,,,,,,,쇼츠·미니 기장,,,,,,무지,,
images/40168324e64ed783f6877657d22708b3.jpg,train,169.0,197.0,327.0,326.0,재킷,,,,,긴팔,기본 소매,크롭 기장,,,,레귤러핏,,,무지,,지퍼|후드
images/d10017b9818d2cd750fff01cbb64afdb.jpg,train,175.0,183.0,245.0,486.0,원피스,,,,,,,,쇼츠·미니 기장,,,,,X라인,무지,,플리츠|지퍼
images/09b9b2ca5f0c5951efa42409d39699f3.jpg,train,122.0,287.0,331.0,271.0,티셔츠,,,,,긴팔,벨 소매,크롭 기장,,라운드넥,,오버핏,,,플로럴,,
images/09b9b2ca5f0c5951efa42409d39699f3.jpg,train,236.0,457.0,132.0,116.0,스커트,,,,,,,,쇼츠·미니 기장,,,,,,무지,,지퍼
images/07f6b75b45ed4c4898e81612bbd2edbd.jpg,val_train_split,21.0,575.0,580.0,375.0,탑,,,,,긴팔,벨 소매,크롭 기장,,오프숄더,,슬림핏,,,무지,,
images/722d16a53e5eb1b1941481785c0a499d.jpg,train,232.0,264.0,203.0,284.0,원피스,,,,,,,,쇼츠·미니 기장,,,오버핏,,,무지,,
images/722d16a53e5eb1b1941481785c0a499d.jpg,train,231.0,182.0,222.0,255.0,베스트,,,,,,,크롭 기장,,,셔츠 칼라,레귤러핏,,,무지,,단추|포켓
images/96eb32bb46d40abeeb1044687218aab1.jpg,train,237.0,289.0,233.0,395.0,원피스,,,,,긴팔,기본 소매,,쇼츠·미니 기장,라운드넥,,,,,애니멀,,지퍼
images/c2cbd40c3cacfd6fb8a15d7d4e81ea81.jpg,val_train_split,78.0,226.0,289.0,402.0,원피스,,,,,반팔,벨 소매,,쇼츠·미니 기장,라운드넥,,,,A라인,플로럴,,지퍼|리본
images/dc49272bec126cfaebe0939ed821b003.jpg,val_train_split,203.0,538.0,317.0,283.0,쇼츠,,,,,,,,쇼츠·미니 기장,,,,,,무지,,
images/dc49272bec126cfaebe0939ed821b003.jpg,val_train_split,212.0,192.0,253.0,377.0,셔츠,,,,,,,,,,피터팬 칼라,레귤러핏,,,무지,,단추|스팽글
images/5477b1888b7a15676639742259074f10.jpg,train,222.0,182.0,233.0,500.0,원피스,,,,,,,,쇼츠·미니 기장,홀터넥,,,,A라인,플로럴,,
images/206a2704f0b00f7c4a0c3c38eba42ab6.jpg,train,210.0,268.0,186.0,240.0,탑,,,,,,,기본 기장,,V넥,,,,,무지,,벨트
images/206a2704f0b00f7c4a0c3c38eba42ab6.jpg,train,200.0,483.0,229.0,103.0,스커트,,,,,,,,쇼츠·미니 기장,,,,,O라인,무지,,지퍼
images/7e53ebea6cd7b2bf89af4a84edeb50fc.jpg,val_train_split,260.0,214.0,278.0,266.0,탑,,,,,,,크롭 기장,,오프숄더,,여유핏,,,무지,,플리츠
images/7e53ebea6cd7b2bf89af4a84edeb50fc.jpg,val_train_split,279.0,450.0,251.0,127.0,스커트,,,,,,,,,,,,,A라인,무지,,지퍼
images/4eec3178f98dcaef33f28a39ace3840a.jpg,train,349.0,383.0,243.0,244.0,스커트,,,,,,,,쇼츠·미니 기장,,,,플레어핏,,도트,,지퍼|플리츠
images/4eec3178f98dcaef33f28a39ace3840a.jpg,train,418.0,254.0,123.0,128.0,탑,,,,,,,,,,,슬림핏,,,무지,퍼·플리스,벨트
images/f5713be6d259d27ab0369b1ec637e206.jpg,train,413.0,274.0,244.0,305.0,탑,,,,,긴팔,기본 소매,기본 기장,,보트넥,,레귤러핏,,비대칭,무지,,
images/f5713be6d259d27ab0369b1ec637e206.jpg,train,446.0,475.0,176.0,154.0,쇼츠,,,,,,,,쇼츠·미니 기장,,,,,,무지,,
images/47684ef2fac18cc5fbf2ff63db6f1bb6.jpg,train,252.0,476.0,145.0,318.0,청바지,,,,,,,,롱·긴바지 기장,,,,슬림핏,,무지,데님,포켓
images/47684ef2fac18cc5fbf2ff63db6f1bb6.jpg,train,207.0,406.0,87.0,143.0,니트,,,,,,,크롭 기장,,,,,,,그래픽,니트,
images/47684ef2fac18cc5fbf2ff63db6f1bb6.jpg,train,275.0,326.0,103.0,158.0,탑,,,,,,,크롭 기장,,,,슬림핏,,,무지,,
images/d7ae9bcf2c221c7cdb914588a8db9239.jpg,train,199.0,458.0,272.0,220.0,스커트,,,,,,,,쇼츠·미니 기장,,,,플레어핏,,무지,,지퍼
images/d7ae9bcf2c221c7cdb914588a8db9239.jpg,train,298.0,175.0,138.0,322.0,재킷,,,,,,,크롭 기장,,,셔츠 칼라,슬림핏,,,무지,,지퍼
images/d7ae9bcf2c221c7cdb914588a8db9239.jpg,train,172.0,155.0,342.0,360.0,재킷,,,,,7부 소매,,크롭 기장,,,,오버핏,,,무지,퍼·플리스,후드
images/5a8358526cf1fffd39e8c0d501a717e1.jpg,train,186.0,192.0,268.0,468.0,원피스,,,,,,,,쇼츠·미니 기장,스퀘어넥,,,,,플로럴,,지퍼|포켓
images/679dafcd2ec04a089395d0ac577a7b2b.jpg,train,567.0,192.0,256.0,758.0,점프수트,,,,,,,,롱·긴바지 기장,,,,,,무지,,지퍼|벨트
images/f06071338e046c788c62e1345b9afdcd.jpg,train,319.0,251.0,263.0,772.0,코트,,,,,긴팔,기본 소매,,,,라펠 칼라,레귤러핏,,,무지,,단추
images/f06071338e046c788c62e1345b9afdcd.jpg,train,129.0,259.0,244.0,534.0,니트,,,,,긴팔,기본 소매,크롭 기장,,,,슬림핏,,,무지,니트,
images/d954585d131bbd9f6db0fd40c074935a.jpg,val_train_split,16.0,288.0,583.0,437.0,셔츠,,,,,,기본 소매,,,,스탠드 칼라,레귤러핏,,,스트라이프,,단추|포켓|벨트
images/af15753e434ae275d695d123dc72ac55.jpg,train,204.0,267.0,234.0,291.0,재킷,,,,,긴팔,기본 소매,크롭 기장,,,,슬림핏,,비대칭,무지,가죽,
images/af15753e434ae275d695d123dc72ac55.jpg,train,234.0,281.0,165.0,384.0,원피스,,,,,,,,쇼츠·미니 기장,,라펠 칼라,,,A라인,무지,,지퍼
images/fe31fb1a96780626756d473ba5a87af4.jpg,val_train_split,280.0,194.0,150.0,384.0,점프수트,,,,,반팔,기본 소매,,쇼츠·미니 기장,보트넥,,레귤러핏,,,,,지퍼|리본
images/5486f3845a2831f92f9ff9b8d05602f5.jpg,train,164.0,232.0,354.0,592.0,코트,,,,,긴팔,기본 소매,,,,라펠 칼라,여유핏,,,무지,,단추
images/5486f3845a2831f92f9ff9b8d05602f5.jpg,train,273.0,446.0,136.0,497.0,팬츠,,,,,,,,롱·긴바지 기장,,,,와이드핏,,플로럴|그래픽,,
images/5486f3845a2831f92f9ff9b8d05602f5.jpg,train,314.0,253.0,68.0,180.0,탑,,,,,,,크롭 기장,,라운드넥,,레귤러핏,,,,,
images/88351a53e9d8e0f14b5724c66c030708.jpg,val_train_split,227.0,207.0,253.0,373.0,셔츠,,,,,,,기본 기장,,,,레귤러핏,,,,,단추|포켓
images/88351a53e9d8e0f14b5724c66c030708.jpg,val_train_split,174.0,169.0,341.0,387.0,재킷,,,,,긴팔,기본 소매,크롭 기장,,,스탠드 칼라,레귤러핏,,,무지,,단추
images/88351a53e9d8e0f14b5724c66c030708.jpg,val_train_split,226.0,469.0,227.0,455.0,팬츠,,,,,,,,롱·긴바지 기장,,,,,,무지,,
images/b257c8b852416df20e46055ff3c53411.jpg,train,287.0,569.0,101.0,422.0,셔츠,,,,,,,기본 기장,,,셔츠 칼라,레귤러핏,,,무지,,포켓|지퍼
images/b257c8b852416df20e46055ff3c53411.jpg,train,272.0,577.0,200.0,446.0,재킷,,,,,,기본 소매,크롭 기장,,,스탠드 칼라,레귤러핏,,,무지,,지퍼
images/88193f760984afea2490e4006d5d700d.jpg,train,258.0,473.0,186.0,477.0,팬츠,,,,,,,,롱·긴바지 기장,,,,,,무지,,
images/88193f760984afea2490e4006d5d700d.jpg,train,233.0,225.0,240.0,315.0,재킷,,,,,긴팔,기본 소매,크롭 기장,,,,슬림핏,,비대칭,무지,,지퍼|포켓
images/88193f760984afea2490e4006d5d700d.jpg,train,234.0,211.0,239.0,346.0,티셔츠,,,,,긴팔,,,,터틀넥,,슬림핏,,,무지,,
images/a82b335de3eba9eaaf3e5d7ea0229a98.jpg,train,233.0,268.0,245.0,382.0,원피스,,,,,반팔,캡 소매,,쇼츠·미니 기장,스퀘어넥,,,,,,,지퍼
images/615faf0f46bc2c79e3646ba280b29423.jpg,train,331.0,418.0,216.0,604.0,점프수트,,,,,,,,,,,,,,무지,,지퍼|포켓|벨트
images/3005c2eade4185836438186f1056b6c9.jpg,val_train_split,275.0,148.0,106.0,61.0,셔츠,,,,,,,,,,피터팬 칼라,레귤러핏,,,스트라이프,,단추
images/3005c2eade4185836438186f1056b6c9.jpg,val_train_split,217.0,186.0,240.0,429.0,원피스,,,,,긴팔,기본 소매,,쇼츠·미니 기장,보트넥,,,,A라인,,,지퍼
images/52225888fc41cc6b21b4a13a460fd548.jpg,train,147.0,178.0,278.0,374.0,티셔츠,,,,,긴팔,벨 소매,,,,,슬림핏,,비대칭,무지,,
images/52225888fc41cc6b21b4a13a460fd548.jpg,train,142.0,338.0,216.0,327.0,스커트,,,,,,,,무릎 기장,,,,,A라인,무지,,지퍼
images/26eee487bb85cd8612019b7ec8c350af.jpg,train,208.0,307.0,273.0,495.0,점프수트,,,,,,,,쇼츠·미니 기장,라운드넥,,레귤러핏,,,무지,,지퍼
images/26eee487bb85cd8612019b7ec8c350af.jpg,train,149.0,277.0,384.0,421.0,재킷,,,,,7부 소매,기본 소매,크롭 기장,,,스탠드 칼라,레귤러핏,,,,,지퍼
images/1bc5c1a340a9968668084aa68b830b9d.jpg,train,151.0,493.0,185.0,162.0,쇼츠,,,,,,,,쇼츠·미니 기장,,,,,,무지,,
images/1bc5c1a340a9968668084aa68b830b9d.jpg,train,141.0,230.0,203.0,415.0,셔츠,,,,,,,,,,피터팬 칼라,레귤러핏,,,스트라이프,,단추
images/e9f3e5c4c1f789cf1dfadbffe89f76d2.jpg,train,208.0,226.0,297.0,575.0,원피스,,,,,긴팔,벌룬 소매,,롱·긴바지 기장,스퀘어넥,,,,A라인,무지,,지퍼
images/5f0e6a5b6508977fee64311900627882.jpg,train,282.0,333.0,152.0,311.0,원피스,,,,,,,,쇼츠·미니 기장,,,,,,무지,,지퍼
images/5f0e6a5b6508977fee64311900627882.jpg,train,210.0,256.0,294.0,394.0,코트,,,,,긴팔,벨 소매,,,,,여유핏,,,무지,,지퍼|포켓|후드
images/03cb6bba4c4e2f58774f4da53d91bbd8.jpg,train,293.0,237.0,213.0,311.0,재킷,,,,,긴팔,기본 소매,크롭 기장,,,,레귤러핏,,,무지,,단추|포켓
images/03cb6bba4c4e2f58774f4da53d91bbd8.jpg,train,319.0,238.0,146.0,285.0,티셔츠,,,,,,,기본 기장,,,칼라 없음,레귤러핏,,,무지,,
images/03cb6bba4c4e2f58774f4da53d91bbd8.jpg,train,323.0,512.0,142.0,356.0,청바지,,,,,,,,롱·긴바지 기장,,,,슬림핏,,무지,데님,포켓
images/bab597e2b67b0de41da38b5ba197da5c.jpg,val_train_split,432.0,400.0,160.0,192.0,스커트,,,,,,,,미디·7부 기장,,,,,A라인,그래픽,,지퍼
images/bab597e2b67b0de41da38b5ba197da5c.jpg,val_train_split,464.0,255.0,135.0,152.0,탑,,,,,반팔,기본 소매,,,라운드넥,,여유핏,,,무지,,리본|벨트
images/39a4364623ebd0b9026cb3b7ece4a920.jpg,train,186.0,421.0,191.0,257.0,스커트,,,,,,,,,,,,스트레이트핏,H라인,무지,,지퍼
images/39a4364623ebd0b9026cb3b7ece4a920.jpg,train,194.0,206.0,140.0,226.0,탑,,,,,,,크롭 기장,,라운드넥,,여유핏,,,무지,,
images/39a4364623ebd0b9026cb3b7ece4a920.jpg,train,62.0,174.0,379.0,494.0,코트,,,,,긴팔,래글런 소매,,,,스탠드 칼라,레귤러핏,,,무지,,지퍼
images/5e6e20bd3ffa97494bd98dc82e33a9a0.jpg,train,317.0,365.0,174.0,239.0,스커트,,,,,,,,쇼츠·미니 기장,,,,,,무지,,플리츠|지퍼
images/5e6e20bd3ffa97494bd98dc82e33a9a0.jpg,train,325.0,157.0,105.0,240.0,셔츠,,,,,,,,,,피터팬 칼라,레귤러핏,,,무지,,
images/5e6e20bd3ffa97494bd98dc82e33a9a0.jpg,train,271.0,160.0,334.0,577.0,코트,,,,,긴팔,,,,,라펠 칼라,레귤러핏,,,무지,,포켓|벨트
images/1ea049493440971d737c5553fe12ded9.jpg,val_train_split,337.0,423.0,40.0,180.0,스커트,,,,,,,,쇼츠·미니 기장,,,,,,무지,,지퍼
images/1ea049493440971d737c5553fe12ded9.jpg,val_train_split,212.0,145.0,282.0,569.0,코트,,,,,긴팔,기본 소매,,,,,슬림핏,,,,,단추|포켓
images/1ea049493440971d737c5553fe12ded9.jpg,val_train_split,311.0,158.0,84.0,266.0,티셔츠,,,,,,,,,터틀넥,,슬림핏,,,무지,,
images/2f5d83f8789202753838fee654283c69.jpg,val_train_split,158.0,322.0,268.0,435.0,탑,,,,,,,크롭 기장,,,,슬림핏,,,무지,,
images/2f5d83f8789202753838fee654283c69.jpg,val_train_split,165.0,295.0,249.0,357.0,베스트,,,,,,,크롭 기장,,,,슬림핏,,,무지,,포켓|벨트|스팽글
images/2f5d83f8789202753838fee654283c69.jpg,val_train_split,139.0,744.0,329.0,279.0,청바지,,,,,,,,,,,,슬림핏,,무지,데님,포켓
images/fc7d781b51fc0f092bc645dd76892edb.jpg,train,262.0,581.0,160.0,298.0,팬츠,,,,,,,,롱·긴바지 기장,,,,,,그래픽,,
images/fc7d781b51fc0f092bc645dd76892edb.jpg,train,210.0,207.0,282.0,383.0,원피스,,,,,7부 소매,기본 소매,,쇼츠·미니 기장,스퀘어넥,,,,,무지,,
images/e544c50bbe31ee74be9a810b99838ec9.jpg,train,483.0,165.0,146.0,291.0,재킷,,,,,7부 소매,기본 소매,크롭 기장,,,라펠 칼라,여유핏,,,무지,,포켓
images/e544c50bbe31ee74be9a810b99838ec9.jpg,train,598.0,183.0,88.0,186.0,셔츠,,,,,,,,,,셔츠 칼라,레귤러핏,,,무지,,단추
images/e544c50bbe31ee74be9a810b99838ec9.jpg,train,533.0,353.0,212.0,214.0,스커트,,,,,,,,쇼츠·미니 기장,,,,,,무지,,플리츠|지퍼
images/621fdddc63935ec7ab25a8a5e7fca806.jpg,train,273.0,397.0,69.0,96.0,탑,,,,,,,크롭 기장,,,,슬림핏,,,무지,,
images/621fdddc63935ec7ab25a8a5e7fca806.jpg,train,216.0,491.0,155.0,266.0,스커트,,,,,,,,무릎 기장,,,,스트레이트핏,H라인,무지,가죽|스웨이드,지퍼
images/621fdddc63935ec7ab25a8a5e7fca806.jpg,train,119.0,341.0,287.0,403.0,베스트,,,,,,,,,,칼라 없음,오버핏,,,무지,가죽|스웨이드,
images/d3f1420a6c04e78724c7293d5d4c23f3.jpg,train,11.0,272.0,610.0,631.0,점프수트,,,,,,,,롱·긴바지 기장,,,,,,무지,,지퍼
images/4c1b699936e21760243278c37a9ca311.jpg,train,256.0,244.0,419.0,395.0,재킷,,,,,긴팔,,크롭 기장,,,셔츠 칼라,여유핏,,,무지,,단추|포켓|지퍼
images/4c1b699936e21760243278c37a9ca311.jpg,train,350.0,240.0,177.0,394.0,후드티,,,,,,,크롭 기장,,,,레귤러핏,,,무지,,후드|포켓
images/25d5c6ee41d0fc755b4414c23bce495b.jpg,train,244.0,550.0,133.0,285.0,팬츠,,,,,,,,롱·긴바지 기장,,,,슬림핏,,플로럴,,
images/25d5c6ee41d0fc755b4414c23bce495b.jpg,train,151.0,68.0,299.0,591.0,코트,,,,,긴팔,기본 소매,,,,,,,,무지,퍼·플리스,후드|지퍼
images/d3e6ba8a461f5ed72c3fe64c5d74deb4.jpg,val_train_split,237.0,523.0,164.0,321.0,팬츠,,,,,,,,,,,,슬림핏,,무지,,
images/d3e6ba8a461f5ed72c3fe64c5d74deb4.jpg,val_train_split,210.0,222.0,231.0,345.0,코트,,,,,긴팔,기본 소매,,,,라펠 칼라,슬림핏,,,무지,,단추
images/d3e6ba8a461f5ed72c3fe64c5d74deb4.jpg,val_train_split,300.0,268.0,75.0,66.0,탑,,,,,,,,,,칼라 없음,레귤러핏,,,무지,,
images/a33079d2a4de82d360dbadba77b5e7dd.jpg,train,2.0,300.0,476.0,723.0,코트,,,,,긴팔,,,,,라펠 칼라,레귤러핏,,,무지,,단추
images/a33079d2a4de82d360dbadba77b5e7dd.jpg,train,259.0,337.0,219.0,447.0,니트,,,,,긴팔,,,,터틀넥,,레귤러핏,,,무지,니트,
images/389e04e1fe507e172c74daaa69932179.jpg,train,318.0,149.0,218.0,419.0,원피스,,,,,,,,쇼츠·미니 기장,,,,,A라인,무지,,
images/389e04e1fe507e172c74daaa69932179.jpg,train,233.0,140.0,327.0,416.0,코트,,,,,7부 소매,기본 소매,,,,,레귤러핏,,,무지,,
images/314162eaf5970c86ba072da9a36275ab.jpg,train,326.0,245.0,96.0,224.0,셔츠,,,,,,,,,,셔츠 칼라,레귤러핏,,,무지,,단추
images/314162eaf5970c86ba072da9a36275ab.jpg,train,373.0,288.0,70.0,392.0,베스트,,,,,,,크롭 기장,,,,슬림핏,,,무지,,포켓
images/314162eaf5970c86ba072da9a36275ab.jpg,train,173.0,662.0,305.0,361.0,팬츠,,,,,,,,,,,,,,무지,,
images/314162eaf5970c86ba072da9a36275ab.jpg,train,125.0,275.0,458.0,559.0,재킷,,,,,긴팔,기본 소매,기본 기장,,,라펠 칼라,여유핏,,,무지,,단추|포켓|벨트
images/435fd3ddacec77f6d183814e449ffd43.jpg,train,102.0,142.0,284.0,745.0,점프수트,,,,,긴팔,기본 소매,,미디·7부 기장,,,여유핏,,,무지,,
images/7be3b524e563abb9e2aaae36ea973d99.jpg,train,171.0,548.0,168.0,256.0,스커트,,,,,,,,무릎 기장,,,,,비대칭,무지,,지퍼
images/7be3b524e563abb9e2aaae36ea973d99.jpg,train,136.0,212.0,265.0,398.0,재킷,,,,,7부 소매,기본 소매,,,,라펠 칼라,오버핏,,,무지,,단추|포켓
images/ae333baa4e4e57b47aa414473152516b.jpg,train,114.0,217.0,413.0,570.0,원피스,,,,,,,,쇼츠·미니 기장,,,,,X라인,플로럴,,플리츠|지퍼|벨트|프릴·러플
images/6206681bca1b2337d1e10450a941c87f.jpg,train,214.0,208.0,173.0,674.0,점프수트,,,,,,,,롱·긴바지 기장,,,,,,그래픽,,지퍼
images/407d83e2d27670608d919ece8acc6373.jpg,train,220.0,374.0,288.0,341.0,원피스,,,,,긴팔,기본 소매,,쇼츠·미니 기장,,,,,X라인,무지,,플리츠|지퍼
images/407d83e2d27670608d919ece8acc6373.jpg,train,201.0,352.0,301.0,397.0,코트,,,,,긴팔,기본 소매,,,,라펠 칼라,레귤러핏,,,무지,퍼·플리스,
images/035881e977bf0037fbe422ddca6adbe6.jpg,val_train_split,549.0,182.0,291.0,497.0,원피스,,,,,,,,,,,,,,무지,,
images/035881e977bf0037fbe422ddca6adbe6.jpg,val_train_split,485.0,188.0,282.0,175.0,탑,,,,,반팔,퍼프 소매,,,오프숄더,,레귤러핏,,,스트라이프,,
images/ddbb63592c48c7f2f463a170a89ad949.jpg,train,258.0,209.0,171.0,334.0,점프수트,,,,,,,,쇼츠·미니 기장,,,슬림핏,,비대칭,무지,,지퍼
images/7ac44c5ffde19d376e23c038e3d43298.jpg,train,126.0,253.0,419.0,672.0,원피스,,,,,,,,롱·긴바지 기장,홀터넥,,,,A라인,,,플리츠|지퍼|벨트
images/ce8258e226a30dd71a9b74ad45abf020.jpg,train,229.0,138.0,309.0,546.0,셔츠,,,,,긴팔,기본 소매,,,,셔츠 칼라,레귤러핏,,,스트라이프,,단추
images/ce8258e226a30dd71a9b74ad45abf020.jpg,train,242.0,163.0,285.0,360.0,재킷,,,,,긴팔,기본 소매,크롭 기장,,,라펠 칼라,레귤러핏,,,체크,,포켓
images/ce8258e226a30dd71a9b74ad45abf020.jpg,train,172.0,475.0,352.0,309.0,스커트,,,,,,,,무릎 기장,,,,,A라인,체크,,지퍼
images/9e271054a53e447905a7e78475306d1d.jpg,train,410.0,257.0,156.0,189.0,원피스,,,,,반팔,캡 소매,,쇼츠·미니 기장,보트넥,,,,,무지,,플리츠|지퍼|리본
images/840fda3863d0846d46b027a5e0657325.jpg,val_train_split,86.0,264.0,606.0,327.0,탑,,,,,7부 소매,벌룬 소매,,,보트넥,,여유핏,,,무지,,
images/0e76e59413e59646318f539c2f635297.jpg,train,247.0,269.0,216.0,192.0,재킷,,,,,7부 소매,기본 소매,크롭 기장,,,칼라 없음,레귤러핏,,,무지,,
images/0e76e59413e59646318f539c2f635297.jpg,train,291.0,312.0,107.0,293.0,원피스,,,,,,,,무릎 기장,V넥,,,,,무지,,지퍼|벨트
images/0388dbf2bdfcf994bf16ae7fe33adb83.jpg,train,244.0,496.0,173.0,387.0,청바지,,,,,,,,롱·긴바지 기장,,,,스트레이트핏,H라인,무지,데님,
images/0388dbf2bdfcf994bf16ae7fe33adb83.jpg,train,299.0,197.0,65.0,304.0,티셔츠,,,,,,,크롭 기장,,라운드넥,,레귤러핏,,,무지,,
images/0388dbf2bdfcf994bf16ae7fe33adb83.jpg,train,284.0,179.0,197.0,365.0,재킷,,,,,긴팔,기본 소매,크롭 기장,,,스탠드 칼라,레귤러핏,,,,,지퍼|포켓
images/0388dbf2bdfcf994bf16ae7fe33adb83.jpg,train,177.0,172.0,311.0,370.0,재킷,,,,,긴팔,기본 소매,크롭 기장,,,,레귤러핏,,,무지,,지퍼
images/4c47c509d597b014c9406aae770d11c0.jpg,train,173.0,183.0,304.0,798.0,원피스,,,,,반팔,캡 소매,,무릎 기장,터틀넥,,,,,스트라이프,,지퍼
images/037bd1bb731a4e75cdb30e75c7d067fb.jpg,train,177.0,383.0,239.0,505.0,원피스,,,,,,벨 소매,,쇼츠·미니 기장,V넥,,,,,플로럴,,지퍼
images/4793b19d50209fc9716defa45298326e.jpg,train,36.0,300.0,645.0,723.0,재킷,,,,,긴팔,기본 소매,,,,,오버핏,,비대칭,카모,퍼·플리스,지퍼|포켓|후드
images/4793b19d50209fc9716defa45298326e.jpg,train,258.0,625.0,146.0,398.0,티셔츠,,,,,,,,,라운드넥,,레귤러핏,,,무지,,
images/8dfca427dadf60e0ad34550cb9706bb2.jpg,val_train_split,250.0,492.0,156.0,421.0,팬츠,,,,,,,,롱·긴바지 기장,,,,슬림핏,,무지,,
images/8dfca427dadf60e0ad34550cb9706bb2.jpg,val_train_split,309.0,234.0,63.0,241.0,셔츠,,,,,,,,,,스탠드 칼라,레귤러핏,,,무지,,
images/8dfca427dadf60e0ad34550cb9706bb2.jpg,val_train_split,234.0,274.0,182.0,338.0,코트,,,,,,,,,,,레귤러핏,,,무지,퍼·플리스,
images/8dfca427dadf60e0ad34550cb9706bb2.jpg,val_train_split,193.0,206.0,280.0,374.0,재킷,,,,,긴팔,기본 소매,기본 기장,,,라펠 칼라,레귤러핏,,,무지,,단추
images/6a2759663e4d67c49047fe1dc04749cb.jpg,train,332.0,220.0,23.0,115.0,티셔츠,,,,,,,,,라운드넥,,슬림핏,,,무지,,
images/6a2759663e4d67c49047fe1dc04749cb.jpg,train,167.0,132.0,282.0,378.0,재킷,,,,,긴팔,,크롭 기장,,,라펠 칼라,여유핏,,,무지,가죽,지퍼
images/6a2759663e4d67c49047fe1dc04749cb.jpg,train,207.0,486.0,178.0,418.0,팬츠,,,,,,,,롱·긴바지 기장,,,,,,무지,,
images/ed9f73ea5150c7871fa9ab71e2808929.jpg,train,113.0,339.0,447.0,684.0,원피스,,,,,반팔,,,,오프숄더,,,,,무지,,지퍼
images/209f80d360a04d04bafd11dc42d75dc5.jpg,train,279.0,523.0,237.0,384.0,팬츠,,,,,,,,롱·긴바지 기장,,,,,,무지,,포켓
images/209f80d360a04d04bafd11dc42d75dc5.jpg,train,252.0,134.0,292.0,422.0,후드티,,,,,긴팔,기본 소매,기본 기장,,,,레귤러핏,,,무지,,후드
images/720651f5ed25043cd01c14d6d29e948f.jpg,val_train_split,520.0,235.0,240.0,511.0,점프수트,,,,,,,,미디·7부 기장,,,,,,무지,,지퍼
images/1d17c0eb7626d75e905f7e438777e1c5.jpg,train,281.0,258.0,218.0,314.0,원피스,,,,,7부 소매,벌룬 소매,,쇼츠·미니 기장,라운드넥,,,,,무지,,지퍼
images/e4f9c05b251c6d3b2281fedf90ec6920.jpg,train,294.0,676.0,134.0,104.0,스커트,,,,,,,,쇼츠·미니 기장,,,,플레어핏,,무지,,지퍼
images/e4f9c05b251c6d3b2281fedf90ec6920.jpg,train,268.0,481.0,295.0,248.0,재킷,,,,,긴팔,기본 소매,크롭 기장,,,,슬림핏,,,애니멀,,지퍼
images/51dab2d578d56b6a0c6aa5907b242f73.jpg,train,123.0,260.0,389.0,635.0,원피스,,,,,,,,쇼츠·미니 기장,터틀넥,,,,A라인,무지,,지퍼
images/ad80b53e8563f767c61424402406d73b.jpg,val_train_split,106.0,766.0,263.0,257.0,팬츠,,,,,,,,,,,,,,무지,,포켓|벨트
images/ad80b53e8563f767c61424402406d73b.jpg,val_train_split,40.0,418.0,427.0,480.0,후드티,,,,,긴팔,기본 소매,크롭 기장,,,,레귤러핏,,,무지,,후드|포켓
images/e0af59e8e58bfcb1428668b1cc74a01b.jpg,train,324.0,261.0,110.0,518.0,점프수트,,,,,,,,롱·긴바지 기장,,,,,,무지,,지퍼|벨트
images/e0af59e8e58bfcb1428668b1cc74a01b.jpg,train,274.0,253.0,226.0,272.0,재킷,,,,,긴팔,기본 소매,크롭 기장,,,라펠 칼라,오버핏,,,무지,,지퍼|포켓
images/eefa4778c1217dbf1ece72561d669c60.jpg,val_train_split,267.0,617.0,177.0,146.0,스커트,,,,,,,,무릎 기장,,,,스트레이트핏,H라인,무지,,
images/eefa4778c1217dbf1ece72561d669c60.jpg,val_train_split,203.0,148.0,316.0,478.0,코트,,,,,긴팔,기본 소매,,,,,레귤러핏,,,무지,퍼·플리스,지퍼|후드
images/c77c95c7f66d82161355328680608299.jpg,train,273.0,249.0,154.0,205.0,탑,,,,,,,크롭 기장,,V넥,,레귤러핏,,,무지,,
images/c77c95c7f66d82161355328680608299.jpg,train,262.0,440.0,174.0,107.0,쇼츠,,,,,,,,쇼츠·미니 기장,,,,,,무지,,포켓
images/c77c95c7f66d82161355328680608299.jpg,train,229.0,201.0,237.0,298.0,재킷,,,,,긴팔,기본 소매,크롭 기장,,,,레귤러핏,,,무지,,지퍼|후드
images/6cd4ac5e24fe8b534e496c9c9319b499.jpg,train,212.0,516.0,187.0,246.0,쇼츠,,,,,,,,쇼츠·미니 기장,,,,,,무지,,
images/6cd4ac5e24fe8b534e496c9c9319b499.jpg,train,246.0,302.0,152.0,257.0,탑,,,,,,,크롭 기장,,V넥,,슬림핏,,,무지,,
images/6cd4ac5e24fe8b534e496c9c9319b499.jpg,train,180.0,264.0,261.0,308.0,재킷,,,,,긴팔,기본 소매,크롭 기장,,,라펠 칼라,레귤러핏,,,체크,,
images/e79662d4f0525f260f3340e3db654b2d.jpg,train,224.0,387.0,215.0,188.0,스커트,,,,,,,,쇼츠·미니 기장,,,,,,무지,,지퍼
images/e79662d4f0525f260f3340e3db654b2d.jpg,train,176.0,183.0,383.0,476.0,코트,,,,,긴팔,,,,,,레귤러핏,,,무지,,
images/e79662d4f0525f260f3340e3db654b2d.jpg,train,246.0,189.0,179.0,230.0,셔츠,,,,,,,크롭 기장,,,스탠드 칼라,여유핏,,,무지,,단추
images/12c53924ffe0f108a7d6755bb61e08e8.jpg,train,177.0,230.0,286.0,272.0,재킷,,,,,긴팔,기본 소매,크롭 기장,,,,오버핏,,,무지,퍼·플리스,
images/12c53924ffe0f108a7d6755bb61e08e8.jpg,train,250.0,361.0,35.0,168.0,티셔츠,,,,,,,크롭 기장,,,,레귤러핏,,,무지,,
images/12c53924ffe0f108a7d6755bb61e08e8.jpg,train,240.0,510.0,164.0,377.0,팬츠,,,,,,,,롱·긴바지 기장,,,,와이드핏,,무지,,
images/b518baec344d5b1f671859c994539ec4.jpg,train,198.0,187.0,262.0,208.0,티셔츠,,,,,반팔,,,,라운드넥,,여유핏,,,스트라이프,,리본
images/b518baec344d5b1f671859c994539ec4.jpg,train,211.0,375.0,242.0,220.0,스커트,,,,,,,,쇼츠·미니 기장,,,,,A라인,무지,,플리츠|지퍼
images/5faa93a5135f7d9b0c4a32d6a0a3bc82.jpg,train,199.0,321.0,278.0,287.0,탑,,,,,,,,,,,슬림핏,,,무지,,
images/5faa93a5135f7d9b0c4a32d6a0a3bc82.jpg,train,66.0,645.0,535.0,377.0,스커트,,,,,,,,,,,,,A라인,도트,,지퍼
images/b8164df76720b5fc107008608f0727f5.jpg,train,321.0,296.0,546.0,727.0,원피스,,,,,긴팔,벌룬 소매,,,라운드넥,,,,,플로럴,,지퍼
images/b5eb022f65ebff4235ecbb107c13a013.jpg,train,292.0,195.0,256.0,461.0,원피스,,,,,반팔,,,쇼츠·미니 기장,홀터넥,,,,,,,지퍼
images/c42e40f9f6830cc5d7efcfdb230e9332.jpg,train,198.0,302.0,259.0,319.0,탑,,,,,,,크롭 기장,,홀터넥,,레귤러핏,,,무지,,
images/c42e40f9f6830cc5d7efcfdb230e9332.jpg,train,159.0,585.0,295.0,246.0,쇼츠,,,,,,,,쇼츠·미니 기장,,,,,,무지,,
images/c4ab4b97850147f0b2237576deb01b4f.jpg,train,174.0,163.0,304.0,615.0,원피스,,,,,긴팔,벌룬 소매,,미디·7부 기장,,스탠드 칼라,,,,무지,,지퍼
images/536d99b2dc872aa7bbce42facedf2aa1.jpg,train,215.0,422.0,246.0,465.0,재킷,,,,,,,크롭 기장,,,,,,,무지,퍼·플리스,지퍼
images/536d99b2dc872aa7bbce42facedf2aa1.jpg,train,186.0,209.0,225.0,276.0,티셔츠,,,,,긴팔,기본 소매,크롭 기장,,,,슬림핏,,,무지,,스팽글
images/536d99b2dc872aa7bbce42facedf2aa1.jpg,train,153.0,387.0,445.0,454.0,팬츠,,,,,,,,롱·긴바지 기장,,,,슬림핏,,무지,,
images/515fd4d8d9c599852a39584c75301b78.jpg,train,225.0,415.0,304.0,418.0,재킷,,,,,긴팔,기본 소매,크롭 기장,,,,여유핏,,,무지,,지퍼|포켓|후드
images/515fd4d8d9c599852a39584c75301b78.jpg,train,277.0,793.0,204.0,230.0,청바지,,,,,,,,,,,,,,무지,데님,포켓
images/159f2d1af9168c1e20ac4cce08ab7d3b.jpg,val_train_split,263.0,186.0,187.0,436.0,원피스,,,,,,,,쇼츠·미니 기장,,,,,,,,지퍼
images/159f2d1af9168c1e20ac4cce08ab7d3b.jpg,val_train_split,236.0,157.0,226.0,319.0,티셔츠,,,,,긴팔,기본 소매,,,터틀넥,,슬림핏,,,무지,,
images/58bf95d1a9752a540bcd332ae71a52bd.jpg,train,240.0,372.0,191.0,292.0,스커트,,,,,,,,쇼츠·미니 기장,,,,스트레이트핏,H라인,체크,,플리츠|지퍼
images/58bf95d1a9752a540bcd332ae71a52bd.jpg,train,218.0,172.0,228.0,208.0,티셔츠,,,,,반팔,캡 소매,,,라운드넥,,레귤러핏,,,무지,,
images/5e93b037bbacc340f64a11b82f8f138f.jpg,train,235.0,396.0,318.0,627.0,점프수트,,,,,,,,,,,,,,무지,,
images/52116ad597a4127d31c46f3fbe517969.jpg,train,602.0,416.0,159.0,147.0,쇼츠,,,,,,,,쇼츠·미니 기장,,,,,,무지,,포켓
images/52116ad597a4127d31c46f3fbe517969.jpg,train,583.0,210.0,255.0,224.0,탑,,,,,반팔,,크롭 기장,,오프숄더,,여유핏,,,플로럴,,
images/1a4a525e7a43c98c28f58825ae132214.jpg,train,622.0,657.0,68.0,23.0,청바지,,,,,,,,,,,,슬림핏,,무지,데님,
images/1a4a525e7a43c98c28f58825ae132214.jpg,train,695.0,611.0,83.0,69.0,청바지,,,,,,,,,,,,슬림핏,,무지,데님,
images/1a4a525e7a43c98c28f58825ae132214.jpg,train,583.0,231.0,189.0,432.0,코트,,,,,긴팔,기본 소매,,,,라펠 칼라,레귤러핏,,,무지,,포켓|지퍼
images/1a4a525e7a43c98c28f58825ae132214.jpg,train,702.0,251.0,37.0,28.0,니트,,,,,,,,,,,,,,,니트,
images/babed4dc894094ce66651bc869dbad7b.jpg,val_train_split,227.0,168.0,187.0,322.0,베스트,,,,,,,기본 기장,,V넥,,슬림핏,,,스트라이프,,
images/babed4dc894094ce66651bc869dbad7b.jpg,val_train_split,227.0,459.0,184.0,299.0,청바지,,,,,,,,미디·7부 기장,,,,,,무지,데님,포켓
images/a95f87b53dec7c5cf22cb9aa5234aa45.jpg,train,275.0,212.0,336.0,296.0,재킷,,,,,긴팔,기본 소매,크롭 기장,,,칼라 없음,슬림핏,,,무지,,단추
images/a95f87b53dec7c5cf22cb9aa5234aa45.jpg,train,289.0,276.0,192.0,237.0,탑,,,,,,,크롭 기장,,,,슬림핏,,,도트,,
images/a95f87b53dec7c5cf22cb9aa5234aa45.jpg,train,285.0,503.0,247.0,396.0,청바지,,,,,,,,롱·긴바지 기장,,,,슬림핏,,무지,데님,포켓
images/7bc92dbc91008b2a5d24add0aaff9141.jpg,train,527.0,279.0,19.0,20.0,탑,,,,,,,,,,,슬림핏,,,무지,,
images/7bc92dbc91008b2a5d24add0aaff9141.jpg,train,490.0,212.0,178.0,222.0,티셔츠,,,,,반팔,,크롭 기장,,,,레귤러핏,,,플로럴,,리본
images/7bc92dbc91008b2a5d24add0aaff9141.jpg,train,522.0,208.0,186.0,340.0,점프수트,,,,,,,,쇼츠·미니 기장,,,슬림핏,,,무지,,단추|포켓
images/6775891eedc8d990b3866acabd4dfe21.jpg,train,173.0,241.0,189.0,338.0,점프수트,,,,,,,,쇼츠·미니 기장,,,레귤러핏,,,무지,,단추|포켓
images/6775891eedc8d990b3866acabd4dfe21.jpg,train,202.0,288.0,158.0,77.0,탑,,,,,,,크롭 기장,,,,레귤러핏,,,무지,,
images/0cd03cfd4149823a5faf84ac07884e4f.jpg,train,264.0,448.0,148.0,417.0,팬츠,,,,,,,,롱·긴바지 기장,,,,슬림핏,,무지,,
images/0cd03cfd4149823a5faf84ac07884e4f.jpg,train,197.0,258.0,277.0,343.0,재킷,,,,,긴팔,,크롭 기장,,,,여유핏,,,무지,퍼·플리스,
images/0cd03cfd4149823a5faf84ac07884e4f.jpg,train,271.0,269.0,131.0,195.0,티셔츠,,,,,,,크롭 기장,,,,슬림핏,,,무지,,
images/a237ebebd98fa529a85875e09947425f.jpg,val_train_split,174.0,208.0,271.0,261.0,블레이저,,,,,7부 소매,래글런 소매,크롭 기장,,,라펠 칼라,여유핏,,,무지,,스팽글
images/a237ebebd98fa529a85875e09947425f.jpg,val_train_split,257.0,271.0,104.0,140.0,탑,,,,,,,,,,,레귤러핏,,,무지,,
images/a237ebebd98fa529a85875e09947425f.jpg,val_train_split,209.0,435.0,202.0,476.0,팬츠,,,,,,,,롱·긴바지 기장,,,,,,무지,,플리츠
images/9f9e7e749cefa55785001adfe786ca81.jpg,train,112.0,272.0,234.0,339.0,원피스,,,,,,,,쇼츠·미니 기장,,,오버핏,,,그래픽,,지퍼
images/40521fa435b430f6c697b6f434e08409.jpg,val_train_split,183.0,179.0,293.0,383.0,재킷,,,,,긴팔,기본 소매,크롭 기장,,,스탠드 칼라,여유핏,,,스트라이프,,지퍼
images/40521fa435b430f6c697b6f434e08409.jpg,val_train_split,331.0,244.0,26.0,56.0,티셔츠,,,,,,,,,라운드넥,,슬림핏,,,무지,,
images/40521fa435b430f6c697b6f434e08409.jpg,val_train_split,237.0,492.0,185.0,423.0,팬츠,,,,,,,,롱·긴바지 기장,,,,스트레이트핏,H라인,무지,,
images/01fcb32d81c340e24de107b3a60ec3cc.jpg,train,178.0,441.0,160.0,385.0,청바지,,,,,,,,미디·7부 기장,,,,,,무지,데님,벨트
images/01fcb32d81c340e24de107b3a60ec3cc.jpg,train,127.0,216.0,258.0,243.0,셔츠,,,,,,,,,,셔츠 칼라,레귤러핏,,,체크,,단추
images/01fcb32d81c340e24de107b3a60ec3cc.jpg,train,128.0,234.0,253.0,244.0,가디건,,,,,7부 소매,,크롭 기장,,,칼라 없음,레귤러핏,,,무지,니트,단추
images/1b1888dddbd6af553f7556b4dceac22b.jpg,train,235.0,221.0,198.0,670.0,원피스,,,,,,,,롱·긴바지 기장,,,,,비대칭,플로럴,,지퍼|프릴·러플
images/00e693f0ebc9f9c01e498504cffe4fc2.jpg,train,211.0,199.0,234.0,373.0,셔츠,,,,,반팔,,기본 기장,,,셔츠 칼라,여유핏,,,무지,,단추|리본|벨트
images/00e693f0ebc9f9c01e498504cffe4fc2.jpg,train,296.0,286.0,50.0,51.0,탑,,,,,,,,,,,슬림핏,,,무지,,
images/00e693f0ebc9f9c01e498504cffe4fc2.jpg,train,221.0,500.0,231.0,140.0,쇼츠,,,,,,,,쇼츠·미니 기장,,,,,,무지,,플리츠
images/7b7b33ef21c5e909147196063cd87f34.jpg,train,435.0,260.0,93.0,132.0,셔츠,,,,,,,,,,셔츠 칼라,레귤러핏,,,무지,,단추
images/7b7b33ef21c5e909147196063cd87f34.jpg,train,369.0,268.0,202.0,380.0,코트,,,,,7부 소매,벨 소매,,,,라펠 칼라,레귤러핏,,,무지,,단추
images/7b7b33ef21c5e909147196063cd87f34.jpg,train,395.0,391.0,129.0,304.0,스커트,,,,,,,,무릎 기장,,,,스트레이트핏,H라인,무지,,지퍼|포켓
images/c330083e86b71fb35e7e045bf31610ce.jpg,train,212.0,475.0,283.0,492.0,스커트,,,,,,,,무릎 기장,,,,스트레이트핏,H라인,무지,,지퍼|포켓
images/c330083e86b71fb35e7e045bf31610ce.jpg,train,77.0,226.0,507.0,391.0,티셔츠,,,,,긴팔,벌룬 소매,,,,,여유핏,,,무지,,플리츠
images/0db647e560de9d960641ae38e8159cfd.jpg,train,260.0,402.0,108.0,173.0,탑,,,,,,,크롭 기장,,스퀘어넥,,슬림핏,,,무지,,
images/0db647e560de9d960641ae38e8159cfd.jpg,train,221.0,570.0,166.0,270.0,스커트,,,,,,,,미디·7부 기장,,,,,A라인,,,지퍼
images/16cc34b55981788fa5db68d91fcc4254.jpg,train,562.0,258.0,134.0,222.0,원피스,,,,,,,,쇼츠·미니 기장,보트넥,,,,X라인,플로럴,,지퍼|프릴·러플
images/2139c66655f4be1eabb7a8f7acaf7934.jpg,train,164.0,386.0,300.0,343.0,스커트,,,,,,,,무릎 기장,,,,,,무지,,지퍼
images/2139c66655f4be1eabb7a8f7acaf7934.jpg,train,177.0,212.0,262.0,311.0,티셔츠,,,,,긴팔,기본 소매,,,,,레귤러핏,,,무지,,포켓
images/2139c66655f4be1eabb7a8f7acaf7934.jpg,train,234.0,167.0,187.0,229.0,베스트,,,,,,,크롭 기장,,라운드넥,,여유핏,,,체크,퍼·플리스,단추
images/fe170161029d0f70ddd0e9e8a680096a.jpg,train,129.0,238.0,424.0,750.0,원피스,,,,,,,,롱·긴바지 기장,,,,,,무지|도트,,스팽글|지퍼
images/1f0f24069239e90e85ede0e11944ddbb.jpg,train,224.0,232.0,326.0,320.0,재킷,,,,,긴팔,기본 소매,크롭 기장,,,,여유핏,,,무지,,지퍼
images/1f0f24069239e90e85ede0e11944ddbb.jpg,train,319.0,504.0,195.0,453.0,팬츠,,,,,,,,롱·긴바지 기장,,,,,,무지,,포켓
images/1f0f24069239e90e85ede0e11944ddbb.jpg,train,317.0,224.0,191.0,322.0,셔츠,,,,,,,크롭 기장,,,스탠드 칼라,슬림핏,,,그래픽,,단추|지퍼
images/eb2c0ef1bc31b58ae929e1467275aeb9.jpg,train,347.0,489.0,212.0,423.0,팬츠,,,,,,,,롱·긴바지 기장,,,,,,무지,,포켓
images/eb2c0ef1bc31b58ae929e1467275aeb9.jpg,train,347.0,186.0,162.0,333.0,티셔츠,,,,,,,기본 기장,,,,레귤러핏,,,무지,,포켓|지퍼
images/eb2c0ef1bc31b58ae929e1467275aeb9.jpg,train,301.0,141.0,222.0,365.0,재킷,,,,,긴팔,,크롭 기장,,V넥,스탠드 칼라,레귤러핏,,,무지,,지퍼
images/3ce09cd049faf8f96ba9b230a877e1a2.jpg,val_train_split,364.0,371.0,317.0,652.0,재킷,,,,,긴팔,기본 소매,크롭 기장,,,,레귤러핏,,,무지,,지퍼
images/3ce09cd049faf8f96ba9b230a877e1a2.jpg,val_train_split,61.0,355.0,396.0,546.0,니트,,,,,긴팔,,크롭 기장,,터틀넥,,레귤러핏,,,무지,니트,
images/3ce09cd049faf8f96ba9b230a877e1a2.jpg,val_train_split,243.0,896.0,343.0,127.0,청바지,,,,,,,,,,,,슬림핏,,무지,데님,포켓
images/c0c8cd61973f0da46acbe8dbca719d2b.jpg,train,72.0,190.0,280.0,422.0,코트,,,,,반팔,,,,,,여유핏,,,무지,,리본
images/c0c8cd61973f0da46acbe8dbca719d2b.jpg,train,91.0,155.0,247.0,343.0,티셔츠,,,,,긴팔,,,,터틀넥,,슬림핏,,,무지,,
images/c0c8cd61973f0da46acbe8dbca719d2b.jpg,train,143.0,188.0,175.0,384.0,탑,,,,,,,,,,,레귤러핏,,,무지,,
images/d3e17c0861f1d70b7ab10e40a8bf4cf3.jpg,train,450.0,239.0,238.0,292.0,탑,,,,,반팔,,크롭 기장,,오프숄더,,여유핏,,,플로럴,,
images/d3e17c0861f1d70b7ab10e40a8bf4cf3.jpg,train,408.0,472.0,235.0,417.0,팬츠,,,,,,,,미디·7부 기장,,,,,,무지,,
images/5bf2348b953413988dfa9c03bbb83ec8.jpg,train,116.0,198.0,359.0,725.0,원피스,,,,,,,,롱·긴바지 기장,홀터넥,,,,A라인,플로럴,,지퍼
images/fe2aa84c30e875314f88e1626fa45e1b.jpg,train,225.0,356.0,182.0,312.0,스커트,,,,,,,,무릎 기장,,,,,,무지,,플리츠|지퍼
images/fe2aa84c30e875314f88e1626fa45e1b.jpg,train,195.0,167.0,240.0,177.0,탑,,,,,반팔,,크롭 기장,,,,슬림핏,,,무지,,스팽글
images/735d704b732e3a112078bd686c4c1789.jpg,val_train_split,12.0,192.0,588.0,755.0,원피스,,,,,,,,롱·긴바지 기장,스퀘어넥,,,,,무지,,지퍼
images/f586cee77aca882d592ea60bd298d1d3.jpg,val_train_split,184.0,438.0,339.0,535.0,니트,,,,,긴팔,,크롭 기장,,터틀넥,,레귤러핏,,,무지,니트,
images/ba8c1156fcdcaf1c710edcbfc3ec4502.jpg,val_train_split,216.0,186.0,208.0,718.0,원피스,,,,,,,,롱·긴바지 기장,홀터넥,,,,,무지,,지퍼
images/72f718dd8683b9dca26c3319181f1bc1.jpg,train,539.0,495.0,140.0,140.0,쇼츠,,,,,,,,쇼츠·미니 기장,,,,,,무지,,
images/72f718dd8683b9dca26c3319181f1bc1.jpg,train,518.0,345.0,190.0,249.0,재킷,,,,,긴팔,,크롭 기장,,,스탠드 칼라,레귤러핏,,,플로럴,,지퍼
images/72f718dd8683b9dca26c3319181f1bc1.jpg,train,518.0,351.0,161.0,197.0,티셔츠,,,,,긴팔,,,,,,슬림핏,,,무지,,
images/55568f677331fbb9e805bc43ce14de30.jpg,train,222.0,212.0,74.0,148.0,셔츠,,,,,,,,,,셔츠 칼라,레귤러핏,,,무지,,단추
images/55568f677331fbb9e805bc43ce14de30.jpg,train,223.0,269.0,101.0,265.0,베스트,,,,,,,크롭 기장,,,,레귤러핏,,,체크,,단추|벨트
images/55568f677331fbb9e805bc43ce14de30.jpg,train,182.0,512.0,209.0,345.0,팬츠,,,,,,,,롱·긴바지 기장,,,,,,무지,,
images/55568f677331fbb9e805bc43ce14de30.jpg,train,147.0,218.0,299.0,392.0,재킷,,,,,긴팔,기본 소매,,,,라펠 칼라,레귤러핏,,,무지,,단추|포켓
images/c414ccee791d39f6446509c067a7b1e6.jpg,train,192.0,211.0,285.0,260.0,원피스,,,,,긴팔,,,무릎 기장,,스탠드 칼라,,,X라인,,,플리츠|지퍼|프릴·러플
images/c17ec10208d525eb6c74011fd2d4f9b4.jpg,train,216.0,304.0,337.0,480.0,탑,,,,,,,기본 기장,,홀터넥,,슬림핏,,,무지,,
images/c17ec10208d525eb6c74011fd2d4f9b4.jpg,train,242.0,762.0,332.0,261.0,스커트,,,,,,,,,,,,스트레이트핏,H라인,,,지퍼
images/034a935252df17fa4e4e85f1974e001a.jpg,train,138.0,254.0,390.0,636.0,점프수트,,,,,7부 소매,,,롱·긴바지 기장,,셔츠 칼라,,,,무지,,플리츠|단추|벨트
images/b245b77ba0bd548dcd16dd2bec66d2f2.jpg,val_train_split,525.0,237.0,185.0,373.0,점프수트,,,,,,,,롱·긴바지 기장,스퀘어넥,,,,H라인,스트라이프,,지퍼
images/7768e7c98a99c4efe4b81326c0a5ef38.jpg,train,237.0,317.0,192.0,267.0,스커트,,,,,,,,쇼츠·미니 기장,,,,,,무지,,지퍼
images/7768e7c98a99c4efe4b81326c0a5ef38.jpg,train,282.0,198.0,148.0,150.0,탑,,,,,,,크롭 기장,,스퀘어넥,,슬림핏,,,무지,,
images/8456ed2eb8db66210e70b1670131a4a6.jpg,train,305.0,433.0,62.0,150.0,쇼츠,,,,,,,,쇼츠·미니 기장,,,,,,무지,,
images/8456ed2eb8db66210e70b1670131a4a6.jpg,train,275.0,289.0,91.0,156.0,탑,,,,,,,크롭 기장,,,,슬림핏,,,무지,,
images/8456ed2eb8db66210e70b1670131a4a6.jpg,train,112.0,220.0,338.0,495.0,가디건,,,,,긴팔,,,,,,여유핏,,,무지,니트,
images/ce1820bb88debe269f7d4bf404949bd1.jpg,train,255.0,283.0,170.0,225.0,티셔츠,,,,,반팔,,크롭 기장,,라운드넥,셔츠 칼라,레귤러핏,,,무지,,포켓
images/ce1820bb88debe269f7d4bf404949bd1.jpg,train,292.0,506.0,267.0,385.0,청바지,,,,,,,,롱·긴바지 기장,,,,,,무지,데님,
images/ce1820bb88debe269f7d4bf404949bd1.jpg,train,250.0,294.0,174.0,241.0,베스트,,,,,,,크롭 기장,,,,레귤러핏,,,무지,,단추|벨트
images/e6e78f4731ac05f77b653ec71a622b0b.jpg,train,430.0,389.0,20.0,24.0,쇼츠,,,,,,,,쇼츠·미니 기장,,,,,,무지,,
images/e6e78f4731ac05f77b653ec71a622b0b.jpg,train,432.0,265.0,148.0,171.0,셔츠,,,,,반팔,,,,,,레귤러핏,,,그래픽,,단추|포켓|리본
images/dc79af7680d977e89f0557ad214814ba.jpg,train,341.0,237.0,196.0,353.0,원피스,,,,,,,,쇼츠·미니 기장,라운드넥,,,,A라인,무지,,스팽글
images/103778e5588cb4651644274b59ec8823.jpg,train,243.0,251.0,244.0,444.0,원피스,,,,,,,,무릎 기장,라운드넥,,,,,플로럴|도트,,지퍼
images/103778e5588cb4651644274b59ec8823.jpg,train,236.0,254.0,242.0,321.0,가디건,,,,,긴팔,,,,,스탠드 칼라,여유핏,,,무지,니트,단추
images/739c69d7d5f2cec0eddfa6d14575ccf0.jpg,train,324.0,359.0,356.0,608.0,원피스,,,,,7부 소매,,,쇼츠·미니 기장,오프숄더,,,,,,,지퍼
images/7b0c2de5dc686727955c31351509e9ea.jpg,train,347.0,466.0,58.0,155.0,베스트,,,,,,,기본 기장,,,,레귤러핏,,,무지,,단추|포켓
images/7b0c2de5dc686727955c31351509e9ea.jpg,train,326.0,591.0,92.0,261.0,팬츠,,,,,,,,롱·긴바지 기장,,,,스트레이트핏,H라인,무지,,
images/7b0c2de5dc686727955c31351509e9ea.jpg,train,344.0,431.0,176.0,73.0,티셔츠,,,,,긴팔,,,,,셔츠 칼라,레귤러핏,,,무지,,리본
images/7b0c2de5dc686727955c31351509e9ea.jpg,train,249.0,432.0,273.0,357.0,코트,,,,,긴팔,기본 소매,,,,라펠 칼라,여유핏,,,무지,,단추|포켓
images/50cde77749d4178603a7f31468d93b27.jpg,train,276.0,207.0,127.0,292.0,티셔츠,,,,,,,크롭 기장,,라운드넥,,레귤러핏,,,,,
images/50cde77749d4178603a7f31468d93b27.jpg,train,257.0,473.0,198.0,434.0,청바지,,,,,,,,롱·긴바지 기장,,,,,,무지,데님,포켓
images/50cde77749d4178603a7f31468d93b27.jpg,train,197.0,143.0,311.0,409.0,재킷,,,,,긴팔,기본 소매,크롭 기장,,,스탠드 칼라,여유핏,,,무지,,지퍼|포켓
images/4a496bae97b0dab2eebe1e0772849066.jpg,val_train_split,503.0,372.0,18.0,11.0,티셔츠,,,,,,,,,라운드넥,,슬림핏,,,무지,,
images/4a496bae97b0dab2eebe1e0772849066.jpg,val_train_split,465.0,349.0,91.0,104.0,후드티,,,,,긴팔,기본 소매,,,,,레귤러핏,,,무지,,후드
images/4a496bae97b0dab2eebe1e0772849066.jpg,val_train_split,439.0,419.0,132.0,56.0,팬츠,,,,,,,,,,,,,,무지,,
images/5483da8d5d6846cb6456f13796d26395.jpg,val_train_split,531.0,219.0,131.0,155.0,후드티,,,,,긴팔,기본 소매,기본 기장,,,,레귤러핏,,,무지,,후드|포켓|지퍼
images/80316c643b1bb82552036c5bf9d15349.jpg,train,207.0,432.0,225.0,511.0,팬츠,,,,,,,,롱·긴바지 기장,,,,스트레이트핏,H라인,그래픽,,
images/80316c643b1bb82552036c5bf9d15349.jpg,train,284.0,245.0,133.0,221.0,티셔츠,,,,,반팔,,크롭 기장,,라운드넥,,레귤러핏,,,무지,,
images/fbade955c85817c9c614fde9c70652c8.jpg,train,186.0,207.0,283.0,309.0,탑,,,,,긴팔,벌룬 소매,,,라운드넥,,여유핏,,,무지,,
images/fbade955c85817c9c614fde9c70652c8.jpg,train,202.0,350.0,278.0,308.0,스커트,,,,,,,,쇼츠·미니 기장,,,,플레어핏,,도트,,지퍼|벨트
images/8ed92021ae6f7ba284ea1fcc39840152.jpg,val_train_split,212.0,219.0,251.0,708.0,원피스,,,,,반팔,캡 소매,,롱·긴바지 기장,V넥,,,,,무지,,지퍼|프릴·러플
images/0b5c4cb87ecdbc80f3723052bd751083.jpg,train,12.0,339.0,572.0,684.0,원피스,,,,,,,,쇼츠·미니 기장,스퀘어넥,,,,A라인,무지,,지퍼
images/cc1a8fad8fb717f034df783685cfbea8.jpg,train,168.0,372.0,309.0,554.0,원피스,,,,,,,,쇼츠·미니 기장,,,,,X라인,스트라이프,,플리츠|포켓|벨트
images/28926f46b488cc23626b1544fc25fe4a.jpg,val_train_split,195.0,192.0,179.0,225.0,탑,,,,,,,크롭 기장,,홀터넥,,레귤러핏,,,,,
images/28926f46b488cc23626b1544fc25fe4a.jpg,val_train_split,185.0,421.0,213.0,285.0,스커트,,,,,,,,쇼츠·미니 기장,,,,,,스트라이프,,플리츠|지퍼|포켓
images/2d713dac8664e07fcb7b4eac7d8aeba1.jpg,train,126.0,234.0,350.0,479.0,점프수트,,,,,긴팔,기본 소매,,쇼츠·미니 기장,,셔츠 칼라,레귤러핏,,,무지,,단추|벨트
images/dab2fad63c6b1e0c3a7b6eccd9a5303f.jpg,train,210.0,160.0,328.0,667.0,원피스,,,,,긴팔,벨 소매,,미디·7부 기장,,,,,A라인,,,플리츠|지퍼
images/381d011982568f75cef10825174c23a4.jpg,val_train_split,239.0,407.0,232.0,275.0,탑,,,,,반팔,,크롭 기장,,오프숄더,,슬림핏,,,스트라이프,,
images/381d011982568f75cef10825174c23a4.jpg,val_train_split,182.0,677.0,283.0,333.0,스커트,,,,,,,,쇼츠·미니 기장,,,,스트레이트핏,H라인,무지,,포켓
images/acd78eb9832f107df7241ef9ba08e7d9.jpg,train,216.0,119.0,259.0,545.0,원피스,,,,,긴팔,기본 소매,,쇼츠·미니 기장,,,,,,무지,퍼·플리스,지퍼
images/e02408e17bf596cef963a61ff114dce7.jpg,val_train_split,483.0,595.0,235.0,181.0,팬츠,,,,,,,,,,,,슬림핏,,무지,,포켓
images/e02408e17bf596cef963a61ff114dce7.jpg,val_train_split,576.0,285.0,76.0,315.0,티셔츠,,,,,,,크롭 기장,,라운드넥,,레귤러핏,,,무지,,
images/e02408e17bf596cef963a61ff114dce7.jpg,val_train_split,417.0,269.0,356.0,355.0,재킷,,,,,긴팔,,크롭 기장,,,스탠드 칼라,여유핏,,,무지,,지퍼
images/53d75a836ae92def43ceccc25872f19a.jpg,train,225.0,554.0,228.0,400.0,팬츠,,,,,,,,롱·긴바지 기장,,,,,,무지,,포켓
images/53d75a836ae92def43ceccc25872f19a.jpg,train,206.0,257.0,267.0,310.0,티셔츠,,,,,반팔,래글런 소매,크롭 기장,,라운드넥,,레귤러핏,,,,,리본
images/4b365a338167169871d6bc2cf9286219.jpg,train,325.0,215.0,60.0,99.0,티셔츠,,,,,,,,,터틀넥,,레귤러핏,,,무지,,
images/4b365a338167169871d6bc2cf9286219.jpg,train,216.0,220.0,304.0,455.0,코트,,,,,긴팔,기본 소매,,,,라펠 칼라,여유핏,,,무지,,단추|포켓
images/77300f250bc5af05eb7c9bed007444a1.jpg,train,459.0,316.0,52.0,58.0,셔츠,,,,,,,,,,셔츠 칼라,레귤러핏,,,무지,,단추
images/77300f250bc5af05eb7c9bed007444a1.jpg,train,280.0,321.0,264.0,302.0,재킷,,,,,긴팔,,크롭 기장,,,라펠 칼라,여유핏,,,체크,,단추
images/77300f250bc5af05eb7c9bed007444a1.jpg,train,299.0,501.0,208.0,198.0,쇼츠,,,,,,,,쇼츠·미니 기장,,,,,,무지,,플리츠
images/f6a17c9020b47fc096f45af935572fc9.jpg,train,36.0,285.0,372.0,599.0,원피스,,,,,긴팔,기본 소매,,쇼츠·미니 기장,,칼라 없음,오버핏,,,무지,,
images/4d6ec52bcadb95ea93982b0b293f1453.jpg,train,244.0,392.0,174.0,307.0,스커트,,,,,,,,무릎 기장,,,,스트레이트핏,H라인,무지,,지퍼
images/4d6ec52bcadb95ea93982b0b293f1453.jpg,train,186.0,176.0,264.0,345.0,니트,,,,,긴팔,,크롭 기장,,V넥,,여유핏,,,,니트,벨트
images/81fb675ebf0d10263bf268f167b266ec.jpg,train,162.0,512.0,230.0,157.0,스커트,,,,,,,,쇼츠·미니 기장,,,,스트레이트핏,H라인,무지,,지퍼|포켓
images/81fb675ebf0d10263bf268f167b266ec.jpg,train,137.0,200.0,291.0,334.0,티셔츠,,,,,긴팔,,기본 기장,,보트넥,,오버핏,,,무지,,
images/b76cf9da8d044b055fac0d8e9c57d655.jpg,train,236.0,397.0,375.0,566.0,탑,,,,,,,,,홀터넥,,여유핏,,,무지,,
images/d86cd1ed5c115ed8bd48102d05ca41d9.jpg,train,213.0,204.0,211.0,445.0,원피스,,,,,,,,쇼츠·미니 기장,홀터넥,,,,H라인,무지,,지퍼|벨트
images/e0854e6e84ff5ba82411ca8ec6962309.jpg,train,199.0,213.0,269.0,433.0,점프수트,,,,,,,,쇼츠·미니 기장,,셔츠 칼라,레귤러핏,,,무지,,단추|포켓|벨트
images/6f1768b9e697f8a5c9b0f7020383229b.jpg,val_train_split,256.0,258.0,274.0,377.0,원피스,,,,,,,,,스퀘어넥,,,,,도트,,
images/6f1768b9e697f8a5c9b0f7020383229b.jpg,val_train_split,277.0,608.0,240.0,48.0,쇼츠,,,,,,,,쇼츠·미니 기장,,,,,,무지,,
images/48db45abef272cc2165838f486b3f6cf.jpg,train,152.0,194.0,306.0,411.0,원피스,,,,,,,,쇼츠·미니 기장,,라펠 칼라,,,X라인,무지,,지퍼|벨트
images/237039224709eef5c9ffea195b53e8df.jpg,train,187.0,226.0,217.0,426.0,원피스,,,,,,,,쇼츠·미니 기장,,,오버핏,,X라인,그래픽,,
images/b29552f02bd5c0974701c995abe4e14f.jpg,val_train_split,227.0,496.0,258.0,331.0,셔츠,,,,,긴팔,,기본 기장,,,셔츠 칼라,레귤러핏,,,무지,,단추
images/b29552f02bd5c0974701c995abe4e14f.jpg,val_train_split,289.0,725.0,249.0,298.0,청바지,,,,,,,,,,,,,,무지,데님,
images/b29552f02bd5c0974701c995abe4e14f.jpg,val_train_split,215.0,470.0,282.0,382.0,니트,,,,,,,크롭 기장,,,,여유핏,,,무지,니트,
images/c2e30d11068d4b7b950667d796dc0acf.jpg,train,274.0,310.0,244.0,285.0,탑,,,,,,,크롭 기장,,홀터넥,,슬림핏,,,무지,,
images/c2e30d11068d4b7b950667d796dc0acf.jpg,train,180.0,633.0,354.0,390.0,팬츠,,,,,,,,,,,,,,무지,,
images/b2542a93c55b0380f8ad167a9a3f64ab.jpg,train,265.0,307.0,75.0,207.0,티셔츠,,,,,,,크롭 기장,,,,슬림핏,,,무지,,
images/b2542a93c55b0380f8ad167a9a3f64ab.jpg,train,217.0,279.0,199.0,322.0,가디건,,,,,긴팔,,,,,라펠 칼라,여유핏,,,무지,니트,
images/b2542a93c55b0380f8ad167a9a3f64ab.jpg,train,271.0,489.0,136.0,391.0,청바지,,,,,,,,롱·긴바지 기장,,,,,,무지,데님,포켓
images/233badf765a9f24f14569e16f259995a.jpg,train,279.0,324.0,383.0,266.0,청바지,,,,,,,,,,,,,,무지,데님,포켓
images/233badf765a9f24f14569e16f259995a.jpg,train,276.0,107.0,144.0,227.0,티셔츠,,,,,7부 소매,,크롭 기장,,오프숄더,,슬림핏,,,무지,,
images/b12ca9ca705118933e71dd5f24d8d0c4.jpg,train,201.0,181.0,365.0,788.0,원피스,,,,,7부 소매,벨 소매,,롱·긴바지 기장,,,,,,플로럴,,
images/a46da6bc89a5ec312e4dbe210d37f7bc.jpg,val_train_split,162.0,253.0,364.0,486.0,원피스,,,,,7부 소매,,,미디·7부 기장,보트넥,,,,X라인,무지,,플리츠|지퍼|벨트
images/9718d5161501108f2ea4cf21959e2072.jpg,train,383.0,187.0,302.0,785.0,점프수트,,,,,,,,롱·긴바지 기장,V넥,,,,,도트,,지퍼
images/e1a2ad39fc302492012f2b22e59c8937.jpg,val_train_split,291.0,497.0,115.0,212.0,원피스,,,,,,,,쇼츠·미니 기장,,,,,X라인,무지,,지퍼|프릴·러플|벨트
images/e1a2ad39fc302492012f2b22e59c8937.jpg,val_train_split,258.0,484.0,203.0,244.0,코트,,,,,긴팔,,,,,라펠 칼라,레귤러핏,,,무지,,
images/28f70eb5245830401b49eafee703cf3e.jpg,train,191.0,224.0,294.0,774.0,원피스,,,,,반팔,,,롱·긴바지 기장,오프숄더,,,,,,,플리츠|지퍼|프릴·러플
images/83f52301294fe8ad47829bd2d5b76165.jpg,train,254.0,338.0,143.0,382.0,점프수트,,,,,,,,무릎 기장,,,,,,,,단추
images/83f52301294fe8ad47829bd2d5b76165.jpg,train,231.0,325.0,200.0,263.0,가디건,,,,,긴팔,,기본 기장,,,,레귤러핏,,,스트라이프,니트,단추
images/2d800c3a67af086457dbbadcd8836d91.jpg,train,174.0,549.0,268.0,332.0,팬츠,,,,,,,,,,,,,,무지,,
images/2d800c3a67af086457dbbadcd8836d91.jpg,train,257.0,331.0,213.0,351.0,재킷,,,,,긴팔,,크롭 기장,,,스탠드 칼라,레귤러핏,,,무지,,지퍼
images/2d800c3a67af086457dbbadcd8836d91.jpg,train,296.0,394.0,68.0,192.0,티셔츠,,,,,,,,,,,레귤러핏,,,무지,,
images/0658a99425ea4925a4cb192c0966d800.jpg,train,143.0,357.0,399.0,426.0,원피스,,,,,,,,무릎 기장,,,,,X라인,무지,,플리츠|지퍼
images/10ee291f23479779727b7256695476d6.jpg,train,173.0,227.0,284.0,541.0,원피스,,,,,반팔,기본 소매,,미디·7부 기장,,스탠드 칼라,,,,무지,,플리츠|단추|벨트
images/7cd9b769004bff379c4a55df80dcad60.jpg,train,277.0,204.0,152.0,191.0,탑,,,,,,,크롭 기장,,,,슬림핏,,,,,
images/7cd9b769004bff379c4a55df80dcad60.jpg,train,188.0,402.0,345.0,545.0,스커트,,,,,,,,롱·긴바지 기장,,,,,A라인,스트라이프,,지퍼
images/7cd9b769004bff379c4a55df80dcad60.jpg,train,215.0,214.0,326.0,651.0,가디건,,,,,긴팔,,,,,,여유핏,,,,니트,
images/53428678fe0781d3e408f722ab762a0c.jpg,val_train_split,221.0,452.0,155.0,229.0,스커트,,,,,,,,,,,,스트레이트핏,H라인,무지,,지퍼
images/53428678fe0781d3e408f722ab762a0c.jpg,val_train_split,301.0,280.0,63.0,119.0,티셔츠,,,,,,,,,,,여유핏,,,무지,,스팽글
images/53428678fe0781d3e408f722ab762a0c.jpg,val_train_split,201.0,208.0,258.0,260.0,재킷,,,,,긴팔,,크롭 기장,,,,오버핏,,,무지,퍼·플리스,
images/30cbd8159db445a06c31cf634210b136.jpg,train,67.0,275.0,602.0,658.0,재킷,,,,,긴팔,기본 소매,크롭 기장,,,,레귤러핏,,,체크,,단추
images/30cbd8159db445a06c31cf634210b136.jpg,train,63.0,266.0,594.0,627.0,셔츠,,,,,긴팔,기본 소매,,,,셔츠 칼라,레귤러핏,,,무지,,단추|포켓
images/30cbd8159db445a06c31cf634210b136.jpg,train,307.0,333.0,124.0,457.0,베스트,,,,,,,,,,,레귤러핏,,,체크,,단추
images/30cbd8159db445a06c31cf634210b136.jpg,train,266.0,771.0,262.0,252.0,팬츠,,,,,,,,,,,,스트레이트핏,H라인,체크,,
images/d061caef7292a88496ebf37915b394e5.jpg,train,210.0,238.0,256.0,440.0,코트,,,,,반팔,,,,,,여유핏,,,무지,,리본
images/d061caef7292a88496ebf37915b394e5.jpg,train,251.0,226.0,179.0,511.0,원피스,,,,,,,,쇼츠·미니 기장,V넥,,,,H라인,무지,,
images/9ca8e4b19832dc10e347555ba4ac5280.jpg,train,189.0,197.0,266.0,408.0,원피스,,,,,7부 소매,,,쇼츠·미니 기장,보트넥,,,,A라인,플로럴,,지퍼
images/40e59aca5925068b665126157dd4af1f.jpg,train,184.0,206.0,246.0,362.0,셔츠,,,,,긴팔,기본 소매,크롭 기장,,,칼라 없음,여유핏,,,무지,,단추
images/40e59aca5925068b665126157dd4af1f.jpg,train,223.0,447.0,190.0,139.0,쇼츠,,,,,,,,쇼츠·미니 기장,,,,,,무지,,포켓|벨트
images/2ea8c11b6e6f509da0399d9565e0479c.jpg,train,263.0,220.0,169.0,227.0,탑,,,,,,,크롭 기장,,보트넥,,여유핏,,,스트라이프,,스팽글
images/2ea8c11b6e6f509da0399d9565e0479c.jpg,train,118.0,401.0,307.0,541.0,스커트,,,,,,,,롱·긴바지 기장,,,,,,무지,,
images/446867603fa48dbe8b8a90db84b6f88d.jpg,train,162.0,171.0,220.0,320.0,베스트,,,,,,,기본 기장,,V넥,,슬림핏,,,스트라이프,,
images/446867603fa48dbe8b8a90db84b6f88d.jpg,train,195.0,476.0,239.0,307.0,청바지,,,,,,,,미디·7부 기장,,,,,,무지,데님,포켓
images/a7b89ab4f1a26363ce0fea597a24d238.jpg,val_train_split,164.0,265.0,182.0,283.0,셔츠,,,,,,,크롭 기장,,V넥,셔츠 칼라,레귤러핏,,,스트라이프,,단추
images/a7b89ab4f1a26363ce0fea597a24d238.jpg,val_train_split,113.0,282.0,281.0,245.0,니트,,,,,긴팔,,크롭 기장,,,,레귤러핏,,,무지,니트,
images/a7b89ab4f1a26363ce0fea597a24d238.jpg,val_train_split,164.0,531.0,186.0,364.0,팬츠,,,,,,,,롱·긴바지 기장,,,,슬림핏,,무지,,
images/f666109f3ef68597399243a4afd4ea2a.jpg,val_train_split,548.0,435.0,97.0,81.0,스커트,,,,,,,,,,,,,A라인,무지,,지퍼
images/f666109f3ef68597399243a4afd4ea2a.jpg,val_train_split,427.0,287.0,184.0,208.0,코트,,,,,긴팔,,,,,라펠 칼라,레귤러핏,,,무지,,단추
images/f666109f3ef68597399243a4afd4ea2a.jpg,val_train_split,474.0,361.0,101.0,93.0,니트,,,,,긴팔,,,,,,레귤러핏,,,,니트,
images/7edc2305f8e3556cbd2f87333bf13a6d.jpg,train,141.0,238.0,266.0,323.0,티셔츠,,,,,긴팔,,기본 기장,,터틀넥,,,,,무지,,
images/7edc2305f8e3556cbd2f87333bf13a6d.jpg,train,174.0,523.0,165.0,323.0,팬츠,,,,,,,,,,,,슬림핏,,무지,,
images/d7ccfafd405195fd97514d0443b05f41.jpg,train,130.0,269.0,450.0,754.0,원피스,,,,,반팔,캡 소매,,쇼츠·미니 기장,,,오버핏,,,플로럴,,지퍼
images/710c175cb7dc6855ae5d2807a7bec120.jpg,train,59.0,303.0,298.0,350.0,탑,,,,,,,크롭 기장,,홀터넥,,슬림핏,,,무지,,
images/710c175cb7dc6855ae5d2807a7bec120.jpg,train,81.0,633.0,304.0,390.0,팬츠,,,,,,,,,,,,와이드핏,,무지,,지퍼
images/d414c56fbe7893cf265e34938276336c.jpg,val_train_split,152.0,210.0,297.0,531.0,코트,,,,,긴팔,기본 소매,,,,라펠 칼라,레귤러핏,,,무지,퍼·플리스,단추|포켓
images/d414c56fbe7893cf265e34938276336c.jpg,val_train_split,261.0,721.0,190.0,74.0,팬츠,,,,,,,,,,,,,,무지,,
images/939add6a75d01511fc9a79068d411cbe.jpg,train,130.0,353.0,291.0,606.0,원피스,,,,,,,,쇼츠·미니 기장,,,,,X라인,무지|플로럴,,플리츠|지퍼
images/d50ba62ebfd96576a93d3e32e9b83689.jpg,val_train_split,251.0,238.0,251.0,385.0,탑,,,,,,,,,홀터넥,,,,비대칭,무지,,
images/d50ba62ebfd96576a93d3e32e9b83689.jpg,val_train_split,280.0,507.0,227.0,329.0,스커트,,,,,,,,롱·긴바지 기장,,,,,A라인,무지,,지퍼
images/df4ed4ffdf434e47bd4729e6364f619a.jpg,train,240.0,454.0,250.0,450.0,팬츠,,,,,,,,롱·긴바지 기장,,,,,,플로럴,,플리츠
images/df4ed4ffdf434e47bd4729e6364f619a.jpg,train,196.0,173.0,177.0,356.0,셔츠,,,,,긴팔,,,,,셔츠 칼라,레귤러핏,,,무지,,단추|포켓
images/df4ed4ffdf434e47bd4729e6364f619a.jpg,train,192.0,164.0,321.0,365.0,재킷,,,,,긴팔,기본 소매,크롭 기장,,,라펠 칼라,레귤러핏,,,무지,,단추|포켓
images/5bf528615f82ed54b1eb3bd83eb58e24.jpg,val_train_split,237.0,264.0,231.0,477.0,원피스,,,,,반팔,기본 소매,,무릎 기장,보트넥,,,,A라인,플로럴,,플리츠|지퍼
images/93d074b7998624fbacfdc747fc7de0c8.jpg,train,297.0,225.0,118.0,176.0,탑,,,,,,,크롭 기장,,,,슬림핏,,,무지,,
images/93d074b7998624fbacfdc747fc7de0c8.jpg,train,278.0,390.0,160.0,507.0,팬츠,,,,,,,,롱·긴바지 기장,,,,와이드핏,,무지,,
images/93d074b7998624fbacfdc747fc7de0c8.jpg,train,239.0,220.0,219.0,308.0,가디건,,,,,긴팔,,,,,,여유핏,,,무지,니트,지퍼
images/03409655c6711ce6d384aaa25417e8d9.jpg,train,236.0,207.0,160.0,394.0,원피스,,,,,,,,쇼츠·미니 기장,라운드넥,,,,A라인,무지,,지퍼
images/03409655c6711ce6d384aaa25417e8d9.jpg,train,217.0,183.0,302.0,365.0,재킷,,,,,긴팔,기본 소매,크롭 기장,,,,레귤러핏,,,무지,,지퍼|후드
images/03409655c6711ce6d384aaa25417e8d9.jpg,train,228.0,216.0,290.0,293.0,재킷,,,,,,,크롭 기장,,,라펠 칼라,레귤러핏,,,무지,,지퍼
images/bb1432a372e8f7fba1a9a90540a49f2f.jpg,train,178.0,231.0,231.0,330.0,셔츠,,,,,긴팔,,,,,셔츠 칼라,레귤러핏,,,무지,,단추|포켓
images/bb1432a372e8f7fba1a9a90540a49f2f.jpg,train,175.0,225.0,349.0,472.0,코트,,,,,긴팔,기본 소매,,,,라펠 칼라,레귤러핏,,,무지,,단추|포켓|벨트
images/bb1432a372e8f7fba1a9a90540a49f2f.jpg,train,271.0,484.0,150.0,422.0,팬츠,,,,,,,,롱·긴바지 기장,,,,스트레이트핏,H라인,무지,,
images/2453c12aac3a9649196ddd3502a789d9.jpg,train,151.0,271.0,348.0,733.0,원피스,,,,,,,,롱·긴바지 기장,,,,,A라인,그래픽,,
images/42a1f86a0982ce0089ce9a5f14934b82.jpg,train,246.0,504.0,240.0,141.0,스커트,,,,,,,,쇼츠·미니 기장,,,,플레어핏,,무지,,지퍼
images/42a1f86a0982ce0089ce9a5f14934b82.jpg,train,194.0,217.0,315.0,378.0,니트,,,,,긴팔,,기본 기장,,보트넥,,여유핏,,,무지,니트,
images/9233a3729846587bef1aff8d7eaa5c9f.jpg,train,162.0,265.0,135.0,211.0,탑,,,,,,,크롭 기장,,스퀘어넥,,슬림핏,,,무지,,
images/9233a3729846587bef1aff8d7eaa5c9f.jpg,train,82.0,469.0,279.0,337.0,스커트,,,,,,,,무릎 기장,,,,,A라인,,,지퍼
images/b6d990cc1e4202363a9cb55250d7308c.jpg,train,196.0,268.0,149.0,144.0,탑,,,,,,,크롭 기장,,,,슬림핏,,,무지,,스팽글|지퍼
images/b6d990cc1e4202363a9cb55250d7308c.jpg,train,131.0,395.0,251.0,500.0,스커트,,,,,,,,롱·긴바지 기장,,,,,,무지,,지퍼
images/b1dbdda8ec1b2a18bdafccf6c31d42ed.jpg,train,214.0,192.0,274.0,479.0,원피스,,,,,긴팔,,,쇼츠·미니 기장,,스탠드 칼라,,,A라인,무지,,지퍼
images/b1dbdda8ec1b2a18bdafccf6c31d42ed.jpg,train,292.0,644.0,75.0,200.0,팬츠,,,,,,,,,,,,슬림핏,,무지,,
images/b1dbdda8ec1b2a18bdafccf6c31d42ed.jpg,train,360.0,648.0,65.0,138.0,팬츠,,,,,,,,,,,,슬림핏,,무지,,
images/2678d2ead25b6351abd0da51b27debfa.jpg,train,199.0,215.0,272.0,503.0,원피스,,,,,긴팔,기본 소매,,무릎 기장,,피터팬 칼라,,,A라인,무지|그래픽,,단추
images/ae6be756b723e05ddae92861144ab37a.jpg,train,188.0,257.0,289.0,358.0,원피스,,,,,반팔,캡 소매,,쇼츠·미니 기장,,,,,X라인,,,플리츠|지퍼
images/c9aa6112b57aaaa4dc78e30fd822c877.jpg,train,308.0,531.0,144.0,260.0,팬츠,,,,,,,,롱·긴바지 기장,,,,슬림핏,,그래픽,,스팽글
images/c9aa6112b57aaaa4dc78e30fd822c877.jpg,train,264.0,212.0,247.0,329.0,원피스,,,,,7부 소매,기본 소매,,쇼츠·미니 기장,스퀘어넥,,,,A라인,무지,,스팽글
images/00f4b5262158c8299ad71a5e10262335.jpg,train,170.0,243.0,271.0,250.0,탑,,,,,7부 소매,,,,오프숄더,,여유핏,,,무지,,
images/69b196261b7973a63bcb2bc612b41e43.jpg,val_train_split,324.0,392.0,220.0,432.0,원피스,,,,,,,,,스퀘어넥,,,,,무지,,지퍼
images/ffa63ad62b2c50d67402d215af1133ee.jpg,train,357.0,220.0,242.0,461.0,점프수트,,,,,반팔,캡 소매,,,V넥,,,,,,,지퍼|벨트
images/60aa23ae78899db560c1a56824f815bb.jpg,train,267.0,494.0,182.0,372.0,팬츠,,,,,,,,롱·긴바지 기장,,,,,,,,
images/60aa23ae78899db560c1a56824f815bb.jpg,train,270.0,227.0,108.0,338.0,티셔츠,,,,,,,,,터틀넥,,레귤러핏,,비대칭,무지,,포켓
images/60aa23ae78899db560c1a56824f815bb.jpg,train,262.0,107.0,195.0,404.0,코트,,,,,긴팔,기본 소매,,,,스탠드 칼라,슬림핏,,,,,포켓|벨트|후드
images/b0a2eb17683b2e662be055247a5ca0c6.jpg,train,565.0,166.0,175.0,296.0,원피스,,,,,,,,쇼츠·미니 기장,스퀘어넥,,,,,무지,,플리츠|지퍼
images/a28489a7c17a7d355bdb73c70b847a6f.jpg,val_train_split,231.0,248.0,54.0,178.0,탑,,,,,,,,,,,슬림핏,,,무지,,
images/a28489a7c17a7d355bdb73c70b847a6f.jpg,val_train_split,167.0,223.0,265.0,311.0,재킷,,,,,7부 소매,,크롭 기장,,,,레귤러핏,,,스트라이프,,지퍼
images/a28489a7c17a7d355bdb73c70b847a6f.jpg,val_train_split,267.0,397.0,230.0,156.0,쇼츠,,,,,,,,쇼츠·미니 기장,,,,,,무지,,포켓
images/90d0c3179e6d80252c85cbecb52fb8a2.jpg,val_train_split,243.0,474.0,187.0,398.0,팬츠,,,,,,,,롱·긴바지 기장,,,,,,무지,,
images/90d0c3179e6d80252c85cbecb52fb8a2.jpg,val_train_split,320.0,334.0,21.0,142.0,베스트,,,,,,,크롭 기장,,,,슬림핏,,,,,
images/90d0c3179e6d80252c85cbecb52fb8a2.jpg,val_train_split,200.0,164.0,262.0,355.0,셔츠,,,,,긴팔,,,,,라펠 칼라,레귤러핏,,,무지,,단추|포켓
images/90d0c3179e6d80252c85cbecb52fb8a2.jpg,val_train_split,195.0,172.0,279.0,364.0,재킷,,,,,긴팔,기본 소매,기본 기장,,,,슬림핏,,,무지,,
images/6b21cde9e84bb3cb45076079a3a6061d.jpg,train,92.0,273.0,476.0,293.0,재킷,,,,,긴팔,기본 소매,크롭 기장,,,,레귤러핏,,,무지,,단추|후드
images/6b21cde9e84bb3cb45076079a3a6061d.jpg,train,297.0,394.0,85.0,108.0,탑,,,,,,,크롭 기장,,,,슬림핏,,,무지,,
images/6b21cde9e84bb3cb45076079a3a6061d.jpg,train,242.0,514.0,172.0,98.0,쇼츠,,,,,,,,쇼츠·미니 기장,,,,슬림핏,,무지,,
images/56fe497b7337e33b782b119de2179a13.jpg,val_train_split,203.0,233.0,180.0,456.0,원피스,,,,,,,,무릎 기장,,,,,,무지,,지퍼
images/56fe497b7337e33b782b119de2179a13.jpg,val_train_split,188.0,198.0,260.0,277.0,재킷,,,,,7부 소매,기본 소매,크롭 기장,,라운드넥,칼라 없음,슬림핏,,,무지,,지퍼|포켓
images/56fe497b7337e33b782b119de2179a13.jpg,val_train_split,246.0,654.0,122.0,195.0,팬츠,,,,,,,,롱·긴바지 기장,,,,슬림핏,,무지,,
images/d5c5e22069c0e95694584a45aaa9e030.jpg,train,159.0,170.0,249.0,443.0,원피스,,,,,긴팔,기본 소매,,쇼츠·미니 기장,라운드넥,,,,X라인,무지,,플리츠|지퍼
images/5e8de32991abdf065abb2651b174cccf.jpg,train,74.0,163.0,306.0,391.0,점프수트,,,,,긴팔,,,쇼츠·미니 기장,,,,,A라인,,,지퍼
images/c9a2c85ec3257fbc38370c9ae4d2069b.jpg,train,296.0,148.0,100.0,230.0,티셔츠,,,,,,,,,터틀넥,,슬림핏,,,무지,,
images/c9a2c85ec3257fbc38370c9ae4d2069b.jpg,train,175.0,163.0,282.0,361.0,재킷,,,,,긴팔,기본 소매,크롭 기장,,,라펠 칼라,레귤러핏,,,무지,,단추|포켓|벨트
images/c9a2c85ec3257fbc38370c9ae4d2069b.jpg,train,234.0,402.0,185.0,478.0,팬츠,,,,,,,,롱·긴바지 기장,,,,,,무지,,포켓
images/3546f6da3fac68434b00530db2644abd.jpg,val_train_split,210.0,439.0,185.0,488.0,팬츠,,,,,,,,롱·긴바지 기장,,,,와이드핏,,무지,,
images/3546f6da3fac68434b00530db2644abd.jpg,val_train_split,211.0,192.0,174.0,264.0,탑,,,,,,,크롭 기장,,스퀘어넥,,슬림핏,,,스트라이프,,
images/22fc3447121d77765a98e2e79ff72111.jpg,train,175.0,205.0,233.0,303.0,가디건,,,,,긴팔,,크롭 기장,,홀터넥,,슬림핏,,,무지,니트,
images/22fc3447121d77765a98e2e79ff72111.jpg,train,212.0,448.0,166.0,197.0,스커트,,,,,,,,쇼츠·미니 기장,,,,,,무지,,지퍼
images/ed67b6235122a8369c9df307abd89a82.jpg,train,372.0,428.0,113.0,151.0,팬츠,,,,,,,,,,,,슬림핏,,무지,,
images/ed67b6235122a8369c9df307abd89a82.jpg,train,302.0,51.0,161.0,387.0,코트,,,,,긴팔,기본 소매,,,,,레귤러핏,,,무지,퍼·플리스,지퍼|포켓|후드
images/c05c82b59a1e54091dde0f46bd5b8ebb.jpg,train,515.0,199.0,333.0,280.0,원피스,,,,,,,,쇼츠·미니 기장,,,,,X라인,플로럴,,플리츠|지퍼|프릴·러플
images/15fa4c64d0d9606278bc7c631f553343.jpg,val_train_split,295.0,433.0,70.0,185.0,티셔츠,,,,,,,크롭 기장,,라운드넥,,레귤러핏,,,무지,,
images/15fa4c64d0d9606278bc7c631f553343.jpg,val_train_split,252.0,612.0,140.0,375.0,팬츠,,,,,,,,롱·긴바지 기장,,,,와이드핏,,무지,,플리츠
images/15fa4c64d0d9606278bc7c631f553343.jpg,val_train_split,215.0,410.0,221.0,318.0,코트,,,,,긴팔,,,,,라펠 칼라,레귤러핏,,,무지,가죽,벨트
images/b6d0b514afe23b5ba5d21eb174bfc77d.jpg,train,305.0,313.0,331.0,509.0,니트,,,,,긴팔,기본 소매,기본 기장,,,,여유핏,,,,니트,
images/e3213823ffc3e3c868a3f2408d83f999.jpg,train,169.0,243.0,243.0,168.0,티셔츠,,,,,반팔,캡 소매,,,,,레귤러핏,,,무지,,
images/e3213823ffc3e3c868a3f2408d83f999.jpg,train,133.0,422.0,347.0,572.0,팬츠,,,,,,,,롱·긴바지 기장,,,,와이드핏,,도트,,
images/2cff44712fabc05a9a32eec851f98c9e.jpg,train,231.0,362.0,212.0,363.0,원피스,,,,,긴팔,기본 소매,,쇼츠·미니 기장,,라펠 칼라,,,A라인,체크|그래픽,,지퍼|벨트
images/2cff44712fabc05a9a32eec851f98c9e.jpg,train,307.0,721.0,85.0,213.0,팬츠,,,,,,,,롱·긴바지 기장,,,,,,무지,,
images/45863b5fc05c8b453f382897bd260c7b.jpg,train,431.0,331.0,131.0,212.0,청바지,,,,,,,,미디·7부 기장,,,,,,무지,데님,
images/45863b5fc05c8b453f382897bd260c7b.jpg,train,450.0,223.0,69.0,142.0,탑,,,,,,,크롭 기장,,스퀘어넥,,슬림핏,,,무지,,벨트
images/45863b5fc05c8b453f382897bd260c7b.jpg,train,406.0,196.0,150.0,333.0,가디건,,,,,긴팔,,,,,,레귤러핏,,,무지,니트,
images/9c908757f3ffc3c7810c37fb0ee81b3e.jpg,train,179.0,427.0,276.0,362.0,탑,,,,,,,크롭 기장,,,,,,,애니멀,,
images/9c908757f3ffc3c7810c37fb0ee81b3e.jpg,train,155.0,742.0,249.0,281.0,팬츠,,,,,,,,,,,,,,무지,,
images/2c0abbc26ed240543bda90c046e4092a.jpg,train,107.0,175.0,306.0,377.0,니트,,,,,긴팔,,크롭 기장,,라운드넥,,오버핏,,,무지,니트,
images/2c0abbc26ed240543bda90c046e4092a.jpg,train,155.0,512.0,232.0,427.0,팬츠,,,,,,,,롱·긴바지 기장,,,,,,무지,,포켓
images/68fa459edb4b1bd79ee467c6f8d12e06.jpg,train,275.0,239.0,158.0,308.0,티셔츠,,,,,,,기본 기장,,,,레귤러핏,,,무지,,지퍼
images/68fa459edb4b1bd79ee467c6f8d12e06.jpg,train,238.0,514.0,171.0,200.0,쇼츠,,,,,,,,쇼츠·미니 기장,,,,,,무지,,
images/68fa459edb4b1bd79ee467c6f8d12e06.jpg,train,199.0,189.0,289.0,375.0,재킷,,,,,긴팔,기본 소매,크롭 기장,,,스탠드 칼라,슬림핏,,,무지,,지퍼
images/2813063dcf505f6ed2aed289c29b3e86.jpg,train,272.0,182.0,214.0,168.0,티셔츠,,,,,반팔,퍼프 소매,,,라운드넥,,슬림핏,,,무지,,
images/2813063dcf505f6ed2aed289c29b3e86.jpg,train,215.0,338.0,367.0,363.0,스커트,,,,,,,,무릎 기장,,,,,A라인,플로럴,,플리츠|단추
images/a95f352778038278acdd9cf2a86775eb.jpg,train,74.0,180.0,260.0,742.0,원피스,,,,,반팔,퍼프 소매,,롱·긴바지 기장,,,,,,플로럴,,플리츠|지퍼
images/b96e2ea6ccd21530b14b3468a254fc31.jpg,train,487.0,338.0,109.0,103.0,쇼츠,,,,,,,,쇼츠·미니 기장,,,,,,무지,,포켓|지퍼
images/b96e2ea6ccd21530b14b3468a254fc31.jpg,train,463.0,226.0,109.0,118.0,베스트,,,,,,,크롭 기장,,,셔츠 칼라,레귤러핏,,,무지,,단추|포켓
images/b96e2ea6ccd21530b14b3468a254fc31.jpg,train,467.0,231.0,88.0,88.0,탑,,,,,,,크롭 기장,,라운드넥,,슬림핏,,,무지,,포켓
images/25a4b572b5e53aec8f22d6e21533e71f.jpg,train,277.0,454.0,182.0,457.0,팬츠,,,,,,,,롱·긴바지 기장,,,,와이드핏,,,,
images/25a4b572b5e53aec8f22d6e21533e71f.jpg,train,217.0,216.0,273.0,296.0,티셔츠,,,,,긴팔,,크롭 기장,,,,레귤러핏,,,무지,,
images/25a4b572b5e53aec8f22d6e21533e71f.jpg,train,256.0,226.0,193.0,188.0,베스트,,,,,,,크롭 기장,,,,레귤러핏,,,무지,,
images/bd749781935da08f830498e41192481e.jpg,val_train_split,113.0,335.0,307.0,364.0,스커트,,,,,,,,무릎 기장,,,,,A라인,그래픽,,플리츠|지퍼
images/bd749781935da08f830498e41192481e.jpg,val_train_split,161.0,193.0,157.0,161.0,탑,,,,,,,크롭 기장,,V넥,,슬림핏,,,무지,,
images/bd749781935da08f830498e41192481e.jpg,val_train_split,77.0,145.0,323.0,353.0,재킷,,,,,긴팔,,크롭 기장,,,라펠 칼라,레귤러핏,,,스트라이프,,
images/3e751cfa76911032e6af04133b8ef3f2.jpg,train,146.0,164.0,307.0,385.0,재킷,,,,,긴팔,기본 소매,크롭 기장,,,라펠 칼라,레귤러핏,,,무지,,단추|포켓
images/3e751cfa76911032e6af04133b8ef3f2.jpg,train,234.0,162.0,77.0,93.0,셔츠,,,,,,,,,,셔츠 칼라,레귤러핏,,,,,단추
images/3e751cfa76911032e6af04133b8ef3f2.jpg,train,213.0,186.0,139.0,290.0,베스트,,,,,,,기본 기장,,,,레귤러핏,,,체크,,단추
images/3e751cfa76911032e6af04133b8ef3f2.jpg,train,192.0,449.0,198.0,447.0,팬츠,,,,,,,,롱·긴바지 기장,,,,스트레이트핏,H라인,무지,,
images/d7dc7a133e71bb663375c38477a00658.jpg,train,333.0,452.0,273.0,434.0,스커트,,,,,,,,쇼츠·미니 기장,,,,,,무지,,지퍼
images/d7dc7a133e71bb663375c38477a00658.jpg,train,173.0,210.0,464.0,351.0,셔츠,,,,,7부 소매,벌룬 소매,,,,셔츠 칼라,레귤러핏,,,무지,,플리츠|단추
images/7119c65ac71432660c6ccbe42537c421.jpg,val_train_split,204.0,460.0,198.0,151.0,탑,,,,,,,,,,,슬림핏,,,무지,,
images/7119c65ac71432660c6ccbe42537c421.jpg,val_train_split,201.0,371.0,268.0,435.0,티셔츠,,,,,긴팔,,크롭 기장,,,,여유핏,,,무지,,
images/7119c65ac71432660c6ccbe42537c421.jpg,val_train_split,32.0,591.0,649.0,432.0,팬츠,,,,,,,,롱·긴바지 기장,,,,와이드핏,,카모,,
images/740b9b8c0a5a7a5be71a100e6326a7f4.jpg,train,145.0,200.0,345.0,723.0,원피스,,,,,,,,롱·긴바지 기장,보트넥,,,,,무지|스트라이프,,지퍼|스팽글|프릴·러플
images/71f30d9307a57e48828d465fe3bd6c1b.jpg,train,194.0,375.0,319.0,411.0,원피스,,,,,반팔,캡 소매,,무릎 기장,V넥,,,,,플로럴,,프릴·러플
images/bb6372e9ceb822031317d40219aa59fb.jpg,train,133.0,307.0,450.0,716.0,원피스,,,,,반팔,퍼프 소매,,,,,,,A라인,그래픽,,지퍼
images/6cf361b7e3929947d5d1d5a287751562.jpg,train,284.0,347.0,180.0,241.0,재킷,,,,,긴팔,,크롭 기장,,,칼라 없음,레귤러핏,,,무지,,지퍼|포켓|벨트
images/6cf361b7e3929947d5d1d5a287751562.jpg,train,317.0,516.0,132.0,187.0,스커트,,,,,,,,무릎 기장,,,,스트레이트핏,H라인,무지,,지퍼
images/064ff16445d9f576a4d5486959f7d493.jpg,val_train_split,519.0,556.0,272.0,123.0,청바지,,,,,,,,,,,,,,무지,데님,
images/064ff16445d9f576a4d5486959f7d493.jpg,val_train_split,513.0,231.0,268.0,354.0,탑,,,,,,,기본 기장,,스퀘어넥,,슬림핏,,,무지,,
images/3efec64f52c2352e0d7e07bbd43cce03.jpg,train,112.0,140.0,297.0,335.0,셔츠,,,,,반팔,퍼프 소매,,,,셔츠 칼라,레귤러핏,,,무지,,단추
images/3efec64f52c2352e0d7e07bbd43cce03.jpg,train,158.0,449.0,234.0,487.0,청바지,,,,,,,,롱·긴바지 기장,,,,,,무지,데님,포켓|벨트
images/519950a833a55d2f26e010d46b9d4f49.jpg,train,82.0,361.0,256.0,324.0,원피스,,,,,,,,쇼츠·미니 기장,,,,,X라인,무지,,지퍼
images/c02cdbeb24088b44d27e2517f7e6a42d.jpg,train,412.0,268.0,138.0,247.0,점프수트,,,,,,,,쇼츠·미니 기장,,,레귤러핏,,,무지,,지퍼|포켓|벨트
images/628a597f6fe5959fe8833989c97cb473.jpg,train,542.0,217.0,182.0,266.0,티셔츠,,,,,반팔,캡 소매,기본 기장,,라운드넥,,슬림핏,,,카모,,
images/628a597f6fe5959fe8833989c97cb473.jpg,train,551.0,419.0,329.0,224.0,청바지,,,,,,,,롱·긴바지 기장,,,,슬림핏,,무지,데님,
images/23fd781db4e6108f54d8594720f39f88.jpg,val_train_split,264.0,355.0,185.0,320.0,원피스,,,,,반팔,캡 소매,,쇼츠·미니 기장,,,,,X라인,무지,,지퍼
images/4292b48c1720153f1c620707e3eb1bc3.jpg,train,213.0,204.0,233.0,224.0,니트,,,,,7부 소매,,크롭 기장,,보트넥,,슬림핏,,,,니트,
images/4292b48c1720153f1c620707e3eb1bc3.jpg,train,249.0,422.0,165.0,474.0,팬츠,,,,,,,,롱·긴바지 기장,,,,스트레이트핏,H라인,무지,,
images/d8cb67e2df5e0a1c8aab8574ad681aac.jpg,train,173.0,208.0,252.0,437.0,원피스,,,,,반팔,캡 소매,,쇼츠·미니 기장,보트넥,,,,A라인,무지,,지퍼
images/78bcd380cf829647a2eebff8c6688477.jpg,train,103.0,169.0,227.0,485.0,원피스,,,,,반팔,캡 소매,,무릎 기장,보트넥,,,,,그래픽,,지퍼
images/10fa2a2f897bab3e3d46a10759a1d5d7.jpg,train,293.0,199.0,179.0,755.0,원피스,,,,,,,,롱·긴바지 기장,보트넥,,,,비대칭,무지,,
images/7fa8f1c65470d7c48c03b9d6fa537764.jpg,train,373.0,209.0,249.0,204.0,재킷,,,,,긴팔,벌룬 소매,크롭 기장,,,,여유핏,,,카모,,지퍼|후드|포켓
images/7fa8f1c65470d7c48c03b9d6fa537764.jpg,train,369.0,374.0,290.0,223.0,청바지,,,,,,,,롱·긴바지 기장,,,,,,무지,데님,
images/7e99f4f1ac8da41d888745a6329532c7.jpg,train,181.0,692.0,287.0,330.0,팬츠,,,,,,,,,,,,슬림핏,,무지,,지퍼
images/7e99f4f1ac8da41d888745a6329532c7.jpg,train,272.0,398.0,154.0,324.0,티셔츠,,,,,,,크롭 기장,,,,슬림핏,,,애니멀,,
images/7e99f4f1ac8da41d888745a6329532c7.jpg,train,103.0,289.0,372.0,452.0,재킷,,,,,7부 소매,기본 소매,크롭 기장,,,,레귤러핏,,,무지,,
images/7719688c6fbe0a5b9a37562fab2c54c7.jpg,train,610.0,282.0,176.0,174.0,니트,,,,,,,크롭 기장,,,,오버핏,,,,니트,
images/7719688c6fbe0a5b9a37562fab2c54c7.jpg,train,604.0,434.0,152.0,114.0,스커트,,,,,,,,쇼츠·미니 기장,,,,,A라인,,,지퍼
images/7719688c6fbe0a5b9a37562fab2c54c7.jpg,train,633.0,354.0,167.0,126.0,티셔츠,,,,,긴팔,,,,,,슬림핏,,,무지,,
images/f0445c4671cbf87f6be472f5102475c2.jpg,train,240.0,242.0,331.0,260.0,탑,,,,,긴팔,벌룬 소매,크롭 기장,,,,슬림핏,,,무지,,
images/f0445c4671cbf87f6be472f5102475c2.jpg,train,296.0,405.0,170.0,575.0,스커트,,,,,,,,롱·긴바지 기장,,,,스트레이트핏,비대칭,무지,,지퍼
images/5667fbcce33a8d24e2d05747d87606d6.jpg,train,260.0,396.0,189.0,435.0,팬츠,,,,,,,,미디·7부 기장,,,,와이드핏,,무지,,
images/5667fbcce33a8d24e2d05747d87606d6.jpg,train,289.0,217.0,102.0,189.0,니트,,,,,,,,,라운드넥,,슬림핏,,,무지,니트,
images/5667fbcce33a8d24e2d05747d87606d6.jpg,train,206.0,198.0,296.0,483.0,가디건,,,,,,,,,,,여유핏,,,무지,니트,
images/b575250136d045680e61821d8b7a07a7.jpg,train,162.0,324.0,255.0,417.0,원피스,,,,,,,,미디·7부 기장,,,,,X라인,무지|플로럴,,
images/493f0a5f4e4ed5bdce05aae433c43522.jpg,train,167.0,642.0,260.0,344.0,팬츠,,,,,,,,롱·긴바지 기장,,,,와이드핏,,무지,,포켓
images/493f0a5f4e4ed5bdce05aae433c43522.jpg,train,265.0,383.0,133.0,300.0,셔츠,,,,,긴팔,기본 소매,기본 기장,,,셔츠 칼라,레귤러핏,,,그래픽,,단추
images/7178d8d4663dcb0a0888de41949ba84c.jpg,val_train_split,436.0,250.0,186.0,311.0,원피스,,,,,긴팔,기본 소매,,쇼츠·미니 기장,,,,,A라인,무지,,지퍼
images/7178d8d4663dcb0a0888de41949ba84c.jpg,val_train_split,353.0,395.0,90.0,271.0,재킷,,,,,,,크롭 기장,,,,레귤러핏,,,무지,퍼·플리스,지퍼
images/ffc20018d3b87df69ae61f1c38a1257a.jpg,train,375.0,631.0,179.0,274.0,청바지,,,,,,,,롱·긴바지 기장,,,,슬림핏,,무지,데님,
images/ffc20018d3b87df69ae61f1c38a1257a.jpg,train,208.0,122.0,355.0,549.0,코트,,,,,7부 소매,기본 소매,,,,라펠 칼라,여유핏,,,무지,퍼·플리스,
images/a5fbd2e1b0874673ac199259b91969ac.jpg,val_train_split,177.0,481.0,183.0,401.0,팬츠,,,,,,,,롱·긴바지 기장,,,,와이드핏,,무지,,
images/a5fbd2e1b0874673ac199259b91969ac.jpg,val_train_split,127.0,216.0,270.0,298.0,티셔츠,,,,,긴팔,래글런 소매,크롭 기장,,라운드넥,,레귤러핏,,,무지,,벨트
images/cb144e06d7e051a4412e94d34552abf2.jpg,train,228.0,200.0,186.0,289.0,탑,,,,,,,크롭 기장,,,,레귤러핏,,,무지,,
images/cb144e06d7e051a4412e94d34552abf2.jpg,train,245.0,470.0,209.0,312.0,스커트,,,,,,,,미디·7부 기장,,,,스트레이트핏,비대칭,그래픽,,지퍼
images/44a997ebd590c0974fc36017abac1b06.jpg,train,268.0,353.0,178.0,410.0,스커트,,,,,,,,롱·긴바지 기장,,,,,,무지,,지퍼
images/44a997ebd590c0974fc36017abac1b06.jpg,train,280.0,208.0,175.0,116.0,탑,,,,,반팔,캡 소매,크롭 기장,,,,슬림핏,,,무지,,스팽글
images/fc6dc34446a81041ee9cc55338470001.jpg,val_train_split,265.0,442.0,175.0,371.0,탑,,,,,,,크롭 기장,,,,여유핏,,,무지,,
images/fc6dc34446a81041ee9cc55338470001.jpg,val_train_split,38.0,296.0,457.0,489.0,재킷,,,,,긴팔,기본 소매,크롭 기장,,,칼라 없음,여유핏,,,무지,퍼·플리스,
images/bdf6bd052631c0e4211bac7c05856387.jpg,train,115.0,296.0,421.0,635.0,원피스,,,,,,,,롱·긴바지 기장,스퀘어넥,,,,,무지,,지퍼|플리츠
images/77c79b420c2e1ffd579eea804f419fe5.jpg,train,250.0,217.0,252.0,281.0,가디건,,,,,긴팔,기본 소매,크롭 기장,,,,슬림핏,,,무지,니트,벨트
images/77c79b420c2e1ffd579eea804f419fe5.jpg,train,304.0,275.0,206.0,362.0,원피스,,,,,,,,쇼츠·미니 기장,,,,,,무지,,지퍼
images/5e8834fd00f3765f6343316d8ca8c3ce.jpg,train,257.0,274.0,145.0,185.0,베스트,,,,,,,크롭 기장,,,라펠 칼라,슬림핏,,,무지,,단추
images/5e8834fd00f3765f6343316d8ca8c3ce.jpg,train,225.0,442.0,172.0,271.0,스커트,,,,,,,,쇼츠·미니 기장,,,,스트레이트핏,H라인,,,지퍼
images/9263e1bf61f12e6f67ec4fae035e59b5.jpg,val_train_split,233.0,181.0,324.0,823.0,원피스,,,,,,,,롱·긴바지 기장,V넥,,,,,무지,,스팽글
images/e2d9265d50c4e48e1ca54607bed9069c.jpg,val_train_split,273.0,509.0,182.0,341.0,청바지,,,,,,,,롱·긴바지 기장,,,,,,무지,데님,
images/e2d9265d50c4e48e1ca54607bed9069c.jpg,val_train_split,244.0,222.0,239.0,302.0,티셔츠,,,,,반팔,기본 소매,기본 기장,,라운드넥,,레귤러핏,,,카모,,
images/e2aa034e4072584171581a92dff1f58d.jpg,train,119.0,222.0,362.0,667.0,원피스,,,,,,,,쇼츠·미니 기장,,,,,X라인,도트,,지퍼
images/701b4951efcec523ad05f85586cd19ee.jpg,train,236.0,255.0,331.0,545.0,원피스,,,,,긴팔,벨 소매,,롱·긴바지 기장,V넥,,,,,그래픽,,
images/04d5fbf3c109a0e8b78b39beedfee4f2.jpg,train,458.0,266.0,89.0,325.0,원피스,,,,,,,,롱·긴바지 기장,V넥,,,,,플로럴,,플리츠
images/04d5fbf3c109a0e8b78b39beedfee4f2.jpg,train,446.0,256.0,115.0,310.0,가디건,,,,,긴팔,기본 소매,,,,,여유핏,,,무지,니트,
images/ab3ca4b68fc74f0bd0f468d83d3f05a3.jpg,train,207.0,581.0,212.0,179.0,청바지,,,,,,,,롱·긴바지 기장,,,,슬림핏,,무지,데님,
images/ab3ca4b68fc74f0bd0f468d83d3f05a3.jpg,train,192.0,437.0,359.0,283.0,티셔츠,,,,,긴팔,기본 소매,,,스퀘어넥,,레귤러핏,,,스트라이프,,
images/e8b226c8ec837c9d1c1df0b1abe4abe8.jpg,val_train_split,214.0,231.0,279.0,694.0,점프수트,,,,,반팔,캡 소매,,롱·긴바지 기장,,라펠 칼라,,,,무지,,지퍼|포켓|벨트
images/261f529b78cb6a6594d6e6ed91506777.jpg,train,228.0,243.0,282.0,769.0,원피스,,,,,,,,롱·긴바지 기장,홀터넥,,,,A라인,무지,,지퍼
images/6e03e2ed546dc95ce224c9a2d7770e60.jpg,train,440.0,251.0,292.0,380.0,후드티,,,,,긴팔,,크롭 기장,,,,여유핏,,,무지,,후드|포켓|벨트
images/6e03e2ed546dc95ce224c9a2d7770e60.jpg,train,554.0,268.0,30.0,21.0,티셔츠,,,,,,,,,라운드넥,,슬림핏,,,무지,,
images/ac22524cee2069a528881efcb8cfe8bc.jpg,train,232.0,350.0,61.0,134.0,티셔츠,,,,,,,,,라운드넥,,레귤러핏,,,무지,,
images/ac22524cee2069a528881efcb8cfe8bc.jpg,train,0.0,470.0,543.0,553.0,원피스,,,,,,,,,,,,,A라인,무지,,지퍼|벨트
images/ac22524cee2069a528881efcb8cfe8bc.jpg,train,0.0,0.0,681.0,1023.0,가디건,,,,,긴팔,기본 소매,크롭 기장,,,,레귤러핏,,,스트라이프,니트,
images/eb3a11ade7d7bb017f5eda06c365aa02.jpg,train,247.0,342.0,170.0,340.0,점프수트,,,,,반팔,기본 소매,,,,,,,,무지,,리본
images/5a6604565a75d0227fb5cffd3f3125e8.jpg,val_train_split,523.0,247.0,130.0,234.0,원피스,,,,,,,,쇼츠·미니 기장,스퀘어넥,,,,X라인,플로럴,,플리츠|지퍼
images/087d1a26e611cf403b50899e7c91166e.jpg,train,364.0,231.0,317.0,493.0,코트,,,,,긴팔,기본 소매,,,,,레귤러핏,,,애니멀,,
images/087d1a26e611cf403b50899e7c91166e.jpg,train,209.0,451.0,349.0,338.0,청바지,,,,,,,,롱·긴바지 기장,,,,,,무지,데님,
images/087d1a26e611cf403b50899e7c91166e.jpg,train,382.0,289.0,124.0,217.0,셔츠,,,,,긴팔,,크롭 기장,,,,레귤러핏,,,애니멀,,
images/f8b0a0ddeee137cf66551d199f70ee80.jpg,val_train_split,224.0,195.0,218.0,439.0,원피스,,,,,,,,쇼츠·미니 기장,홀터넥,,,,A라인,무지,,지퍼|벨트
images/62fc8a188c19183bdfd8b580bcabc206.jpg,train,256.0,567.0,357.0,456.0,스커트,,,,,,,,,,,,스트레이트핏,H라인,그래픽,,지퍼
images/62fc8a188c19183bdfd8b580bcabc206.jpg,train,265.0,284.0,437.0,320.0,셔츠,,,,,반팔,기본 소매,크롭 기장,,,,레귤러핏,,,무지,,단추|리본
images/1fa1d173c2f4310eb5af48fa4be810d8.jpg,train,232.0,457.0,193.0,427.0,팬츠,,,,,,,,미디·7부 기장,,,,,,체크,,
images/1fa1d173c2f4310eb5af48fa4be810d8.jpg,train,180.0,172.0,321.0,427.0,가디건,,,,,긴팔,기본 소매,기본 기장,,,,레귤러핏,,비대칭,무지,니트,
images/1fa1d173c2f4310eb5af48fa4be810d8.jpg,train,180.0,208.0,244.0,307.0,셔츠,,,,,긴팔,기본 소매,크롭 기장,,,,여유핏,,,무지,,단추
images/d2ec4a91cd9611ed7ab5db3e93f382f2.jpg,train,259.0,285.0,149.0,375.0,원피스,,,,,,,,쇼츠·미니 기장,홀터넥,,,,H라인,무지,,플리츠|지퍼
images/71ebf52843da542c172bef46718a7a7e.jpg,train,169.0,652.0,308.0,202.0,쇼츠,,,,,,,,쇼츠·미니 기장,,,,,,무지,,포켓
images/71ebf52843da542c172bef46718a7a7e.jpg,train,131.0,254.0,400.0,462.0,티셔츠,,,,,반팔,기본 소매,크롭 기장,,V넥,,레귤러핏,,,스트라이프,,
images/f26b087c218148a8ca3f2e96e12d7a1b.jpg,train,132.0,186.0,236.0,342.0,셔츠,,,,,긴팔,기본 소매,,,,피터팬 칼라,레귤러핏,,,애니멀,,단추|포켓
images/8e60527cbb2890290160e9cbf36a0781.jpg,train,125.0,256.0,438.0,616.0,가디건,,,,,긴팔,기본 소매,,,,라펠 칼라,여유핏,,,무지,니트,단추
images/8e60527cbb2890290160e9cbf36a0781.jpg,train,270.0,701.0,200.0,322.0,팬츠,,,,,,,,,,,,슬림핏,,무지,,
images/8e60527cbb2890290160e9cbf36a0781.jpg,train,323.0,258.0,203.0,489.0,셔츠,,,,,긴팔,기본 소매,기본 기장,,,셔츠 칼라,레귤러핏,,,무지,,단추
images/c254542b51c5fc7bd8ffdc340282b48d.jpg,val_train_split,183.0,673.0,282.0,350.0,팬츠,,,,,,,,,,,,와이드핏,,스트라이프,,포켓|벨트
images/c254542b51c5fc7bd8ffdc340282b48d.jpg,val_train_split,137.0,369.0,362.0,329.0,티셔츠,,,,,반팔,벨 소매,,,V넥,,여유핏,,,무지,,
images/fce7fbfadac7611d7c7131cfd4c02828.jpg,train,203.0,188.0,306.0,363.0,재킷,,,,,긴팔,기본 소매,크롭 기장,,,,레귤러핏,,,무지,,지퍼
images/fce7fbfadac7611d7c7131cfd4c02828.jpg,train,222.0,183.0,252.0,374.0,티셔츠,,,,,긴팔,,,,터틀넥,스탠드 칼라,레귤러핏,,,무지,,포켓|지퍼
images/fce7fbfadac7611d7c7131cfd4c02828.jpg,train,255.0,492.0,189.0,384.0,팬츠,,,,,,,,롱·긴바지 기장,,,,스트레이트핏,H라인,무지,,
images/6f10d4b2ef28981cc78c10e0164ad905.jpg,train,304.0,431.0,442.0,384.0,원피스,,,,,반팔,기본 소매,,무릎 기장,보트넥,,,,X라인,플로럴,,지퍼
images/932fef48d5f582770a8f9138c75586c5.jpg,val_train_split,124.0,126.0,405.0,474.0,티셔츠,,,,,7부 소매,벨 소매,,,,,여유핏,,,무지,,
images/932fef48d5f582770a8f9138c75586c5.jpg,val_train_split,230.0,504.0,207.0,96.0,원피스,,,,,,,,쇼츠·미니 기장,,,,,,무지,,
images/932fef48d5f582770a8f9138c75586c5.jpg,val_train_split,242.0,527.0,171.0,370.0,팬츠,,,,,,,,,,,,,,무지,,
images/ce503a2177ea0fae4d85927fa277764e.jpg,train,93.0,336.0,537.0,425.0,니트,,,,,긴팔,기본 소매,,,,,레귤러핏,,,무지,니트,
images/ce503a2177ea0fae4d85927fa277764e.jpg,train,181.0,377.0,362.0,646.0,원피스,,,,,,,,,,,,,A라인,무지,,단추|포켓
images/87b11b89afde5e52b8c6f65ea0cc68ab.jpg,train,217.0,512.0,230.0,319.0,티셔츠,,,,,,,,,보트넥,,레귤러핏,,,스트라이프,,
images/87b11b89afde5e52b8c6f65ea0cc68ab.jpg,train,106.0,778.0,335.0,245.0,스커트,,,,,,,,,,,,스트레이트핏,H라인,무지,,
images/87b11b89afde5e52b8c6f65ea0cc68ab.jpg,train,85.0,279.0,590.0,743.0,재킷,,,,,긴팔,기본 소매,크롭 기장,,,스탠드 칼라,레귤러핏,,,무지,,단추
images/53bd6ef5cadde21fc104aa891ba7ee64.jpg,train,413.0,746.0,215.0,277.0,팬츠,,,,,,,,,,,,슬림핏,,무지,,
images/53bd6ef5cadde21fc104aa891ba7ee64.jpg,train,115.0,266.0,796.0,529.0,재킷,,,,,긴팔,,,,,,오버핏,,,플로럴,,
images/2646cf5b88a502881f5f2f60600e5edd.jpg,train,563.0,487.0,80.0,54.0,쇼츠,,,,,,,,쇼츠·미니 기장,,,,,,무지,,
images/2646cf5b88a502881f5f2f60600e5edd.jpg,train,510.0,312.0,131.0,190.0,재킷,,,,,긴팔,기본 소매,크롭 기장,,,,레귤러핏,,,무지,,지퍼|포켓|후드
images/69867ba4b45e5b44d36eb67c7b85faef.jpg,train,189.0,205.0,234.0,171.0,티셔츠,,,,,반팔,,,,보트넥,,레귤러핏,,,무지,,리본
images/69867ba4b45e5b44d36eb67c7b85faef.jpg,train,217.0,364.0,151.0,164.0,쇼츠,,,,,,,,쇼츠·미니 기장,,,,,,무지,,포켓|벨트
images/69867ba4b45e5b44d36eb67c7b85faef.jpg,train,126.0,432.0,115.0,272.0,재킷,,,,,,,크롭 기장,,,,여유핏,,,무지,,지퍼
images/2f47225f31e41b650ff1ce0c631b2cdf.jpg,val_train_split,254.0,247.0,241.0,409.0,원피스,,,,,반팔,캡 소매,,무릎 기장,보트넥,,,,,체크,,플리츠|지퍼|포켓
images/5cc63615bf32839aa8e2cd7caa1d2258.jpg,train,138.0,331.0,305.0,423.0,셔츠,,,,,반팔,캡 소매,크롭 기장,,보트넥,,슬림핏,,,무지,,
images/5cc63615bf32839aa8e2cd7caa1d2258.jpg,train,186.0,729.0,291.0,294.0,쇼츠,,,,,,,,쇼츠·미니 기장,,,,,,무지,,포켓|벨트
images/6e2b0e60dbdc5bb3d1aa8e3d237443c6.jpg,train,112.0,238.0,349.0,509.0,원피스,,,,,7부 소매,기본 소매,,미디·7부 기장,,셔츠 칼라,,,,체크,,플리츠|벨트
images/a02e0e0aef629e4bcc6a8a5dd31b4b29.jpg,train,121.0,333.0,439.0,534.0,재킷,,,,,긴팔,기본 소매,크롭 기장,,,셔츠 칼라,여유핏,,,카모,,지퍼|포켓
images/a02e0e0aef629e4bcc6a8a5dd31b4b29.jpg,train,202.0,811.0,269.0,212.0,청바지,,,,,,,,,,,,,,무지,데님,
images/a02e0e0aef629e4bcc6a8a5dd31b4b29.jpg,train,236.0,265.0,205.0,177.0,후드티,,,,,,,,,,,여유핏,,,스트라이프,,후드
images/0fd0bf71071291fae6b866f255d4447a.jpg,train,218.0,247.0,224.0,201.0,티셔츠,,,,,반팔,캡 소매,크롭 기장,,,,슬림핏,,,도트,,
images/0fd0bf71071291fae6b866f255d4447a.jpg,train,247.0,437.0,181.0,545.0,팬츠,,,,,,,,롱·긴바지 기장,,,,,,무지,,
images/bb0ef8657255ea6eb9a3852780b23238.jpg,train,233.0,283.0,209.0,203.0,탑,,,,,,,크롭 기장,,,,슬림핏,,,그래픽,,
images/bb0ef8657255ea6eb9a3852780b23238.jpg,train,236.0,471.0,176.0,176.0,스커트,,,,,,,,쇼츠·미니 기장,,,,,,,,지퍼
images/0c497388159dc068148da71afeaead20.jpg,train,620.0,206.0,241.0,415.0,점프수트,,,,,,,,쇼츠·미니 기장,홀터넥,,여유핏,,,무지,,
images/69ac3d6bd79342fcfa7cccce0d3e42f1.jpg,train,274.0,291.0,121.0,252.0,원피스,,,,,,,,쇼츠·미니 기장,,,,,비대칭,무지,,
images/69ac3d6bd79342fcfa7cccce0d3e42f1.jpg,train,256.0,288.0,156.0,83.0,티셔츠,,,,,반팔,벨 소매,,,보트넥,,레귤러핏,,,무지,,
images/710a857fc5655a1575d1fde25cf37a72.jpg,train,206.0,183.0,152.0,273.0,티셔츠,,,,,,,크롭 기장,,보트넥,,여유핏,,,무지,,
images/710a857fc5655a1575d1fde25cf37a72.jpg,train,216.0,430.0,157.0,427.0,팬츠,,,,,,,,미디·7부 기장,,,,와이드핏,,무지,,
images/710a857fc5655a1575d1fde25cf37a72.jpg,train,77.0,156.0,416.0,772.0,코트,,,,,긴팔,,,,,라펠 칼라,오버핏,,,무지,가죽,단추|포켓
images/62d51e5b67796cc8c665f084f25b7bcd.jpg,train,32.0,235.0,510.0,669.0,원피스,,,,,긴팔,,,쇼츠·미니 기장,터틀넥,,,,H라인,무지,니트,
images/7017027282c396ccd400b083652fb9d2.jpg,val_train_split,244.0,223.0,210.0,428.0,원피스,,,,,반팔,기본 소매,,쇼츠·미니 기장,,셔츠 칼라,,,H라인,애니멀,,지퍼
images/01518d1f00ab702346c23a493dc45ef4.jpg,train,234.0,224.0,255.0,799.0,원피스,,,,,,,,,V넥,,,,H라인,,,지퍼
images/d5e63e3e510ec6d35bf2a5f9f2444147.jpg,train,262.0,488.0,155.0,147.0,스커트,,,,,,,,쇼츠·미니 기장,,,,,,무지,,지퍼
images/d5e63e3e510ec6d35bf2a5f9f2444147.jpg,train,238.0,271.0,213.0,222.0,니트,,,,,7부 소매,기본 소매,크롭 기장,,,,여유핏,,,무지,니트,
images/534a20558c67f8ac9dd3d4cccdfaa9bd.jpg,train,254.0,502.0,150.0,338.0,팬츠,,,,,,,,롱·긴바지 기장,,,,스트레이트핏,H라인,무지,,
images/534a20558c67f8ac9dd3d4cccdfaa9bd.jpg,train,207.0,236.0,267.0,312.0,탑,,,,,7부 소매,벨 소매,기본 기장,,,스탠드 칼라,,,,체크,,프릴·러플
images/92ff2b331756e3234f5469cf0318dfc4.jpg,train,144.0,163.0,263.0,482.0,원피스,,,,,,,,쇼츠·미니 기장,,셔츠 칼라,,,O라인,체크,,지퍼|프릴·러플
images/036bd49777800d964da64a10bd724efa.jpg,val_train_split,254.0,286.0,170.0,367.0,원피스,,,,,,,,쇼츠·미니 기장,보트넥,,,,,체크,,지퍼
images/15e0cc431d37fadd70ec08a6cdb882bf.jpg,train,246.0,427.0,222.0,410.0,팬츠,,,,,,,,미디·7부 기장,,,,,,무지,,플리츠
images/15e0cc431d37fadd70ec08a6cdb882bf.jpg,train,216.0,266.0,285.0,217.0,티셔츠,,,,,반팔,벨 소매,,,오프숄더,,오버핏,,,스트라이프,,리본
images/e36e7d85f29b2a6425b2d2c444c1ca9f.jpg,val_train_split,165.0,728.0,317.0,295.0,팬츠,,,,,,,,,,,,슬림핏,,무지,,
images/e36e7d85f29b2a6425b2d2c444c1ca9f.jpg,val_train_split,191.0,322.0,373.0,466.0,티셔츠,,,,,반팔,벨 소매,기본 기장,,보트넥,,여유핏,,,스트라이프,,리본
images/169e1caf6f1b3b74accd02c75f8581a9.jpg,train,242.0,177.0,212.0,481.0,원피스,,,,,,,,쇼츠·미니 기장,V넥,,,,,체크,,지퍼
images/aa76ca9649478a2f7842f276a7893190.jpg,train,277.0,304.0,220.0,580.0,원피스,,,,,,,,롱·긴바지 기장,V넥,,,,비대칭,체크,,프릴·러플
images/a27008d46653726f57810ad8f1d32e24.jpg,train,169.0,471.0,208.0,454.0,점프수트,,,,,,,,,,스탠드 칼라,,,H라인,무지,,지퍼|후드
images/a27008d46653726f57810ad8f1d32e24.jpg,train,171.0,532.0,194.0,285.0,코트,,,,,긴팔,기본 소매,,,,스탠드 칼라,여유핏,,,무지,,지퍼
images/a9580584ec697b54478a184a5570cb60.jpg,train,220.0,295.0,237.0,360.0,원피스,,,,,,,,쇼츠·미니 기장,,,,,X라인,체크,,리본|지퍼|프릴·러플
images/d333b9b2b6ad7e23d314c8811f8d1f87.jpg,val_train_split,137.0,192.0,283.0,410.0,원피스,,,,,반팔,퍼프 소매,,쇼츠·미니 기장,,,,,,체크,,
images/8ef60cbedb83f5aaf96493d35746e917.jpg,val_train_split,397.0,252.0,184.0,484.0,원피스,,,,,,,,무릎 기장,,,,,,체크,,지퍼
images/8ef60cbedb83f5aaf96493d35746e917.jpg,val_train_split,274.0,168.0,395.0,280.0,블레이저,,,,,긴팔,,크롭 기장,,,스탠드 칼라,슬림핏,,,체크,,
images/420937953f52e974909c32a3beddb1d4.jpg,train,356.0,216.0,351.0,438.0,원피스,,,,,반팔,퍼프 소매,,쇼츠·미니 기장,라운드넥,,,,A라인,체크,,단추
images/3d219a5771a20103f08474e390e9ad36.jpg,train,215.0,373.0,233.0,649.0,원피스,,,,,,,,,,,,,H라인,그래픽,,지퍼
images/533e22ea3bd50a7bffe3ab3757506fc9.jpg,train,272.0,226.0,210.0,178.0,탑,,,,,반팔,기본 소매,크롭 기장,,보트넥,,레귤러핏,,,애니멀,,
images/533e22ea3bd50a7bffe3ab3757506fc9.jpg,train,262.0,414.0,174.0,504.0,팬츠,,,,,,,,롱·긴바지 기장,,,,,,무지,,포켓|지퍼
images/ef2fccc53f9493caf014d5fed597b935.jpg,val_train_split,224.0,251.0,145.0,369.0,원피스,,,,,,,,쇼츠·미니 기장,보트넥,,,,A라인,무지,,플리츠|지퍼|포켓
images/ef2fccc53f9493caf014d5fed597b935.jpg,val_train_split,141.0,238.0,295.0,282.0,블레이저,,,,,긴팔,기본 소매,기본 기장,,,,레귤러핏,,,무지,,단추|후드
images/bbd891063bf9f98b50e648490113a0ae.jpg,train,103.0,183.0,196.0,396.0,원피스,,,,,,,,쇼츠·미니 기장,,,,,A라인,애니멀,,지퍼
images/cf561a4c86b8311842662874702cc987.jpg,train,343.0,357.0,246.0,243.0,스커트,,,,,,,,쇼츠·미니 기장,,,,,A라인,체크,,지퍼
images/cf561a4c86b8311842662874702cc987.jpg,train,315.0,170.0,257.0,204.0,티셔츠,,,,,반팔,,,,오프숄더,,슬림핏,,,스트라이프,,
images/0cd01c2aae984789ca4d5efb28a30a4c.jpg,train,147.0,159.0,205.0,325.0,베스트,,,,,,,기본 기장,,,,여유핏,,,도트,,단추
images/0cd01c2aae984789ca4d5efb28a30a4c.jpg,train,124.0,172.0,271.0,376.0,니트,,,,,긴팔,기본 소매,,,,,레귤러핏,,,무지,니트,
images/0cd01c2aae984789ca4d5efb28a30a4c.jpg,train,227.0,217.0,32.0,55.0,티셔츠,,,,,,,,,라운드넥,,슬림핏,,,무지,,
images/0cd01c2aae984789ca4d5efb28a30a4c.jpg,train,178.0,516.0,160.0,353.0,청바지,,,,,,,,롱·긴바지 기장,,,,,,무지,데님,
images/c74f920ec6469f96d17917de4ca14347.jpg,train,188.0,196.0,270.0,319.0,가디건,,,,,7부 소매,,크롭 기장,,,,레귤러핏,,,스트라이프,니트,단추
images/c74f920ec6469f96d17917de4ca14347.jpg,train,223.0,446.0,187.0,111.0,쇼츠,,,,,,,,쇼츠·미니 기장,,,,,,무지,,
images/c74f920ec6469f96d17917de4ca14347.jpg,train,230.0,212.0,169.0,244.0,티셔츠,,,,,,,크롭 기장,,,칼라 없음,레귤러핏,,,무지,,포켓
images/c3c1c398344468d42f074cb0f2912571.jpg,train,157.0,250.0,387.0,442.0,원피스,,,,,긴팔,,,쇼츠·미니 기장,보트넥,,오버핏,,,무지,니트,
images/41bba3b77ee79269adbf38e0f9862536.jpg,train,311.0,212.0,71.0,21.0,셔츠,,,,,,,,,,셔츠 칼라,레귤러핏,,,무지,,
images/41bba3b77ee79269adbf38e0f9862536.jpg,train,276.0,508.0,169.0,338.0,팬츠,,,,,,,,롱·긴바지 기장,,,,,,무지,,
images/41bba3b77ee79269adbf38e0f9862536.jpg,train,221.0,218.0,252.0,340.0,티셔츠,,,,,7부 소매,벨 소매,기본 기장,,,,여유핏,,,무지,,플리츠
images/22146be1b126006de0770f66e8161c36.jpg,train,375.0,561.0,186.0,253.0,원피스,,,,,긴팔,벌룬 소매,,쇼츠·미니 기장,,,,,A라인,무지,,지퍼
images/7947723b3105d28f75187fd01375a118.jpg,train,228.0,210.0,232.0,393.0,원피스,,,,,반팔,퍼프 소매,,쇼츠·미니 기장,V넥,,,,A라인,스트라이프,,플리츠
images/c9b62e45ab5bb619cb4cb39bedc015b9.jpg,train,272.0,189.0,217.0,699.0,원피스,,,,,민소매,,,롱·긴바지 기장,,,,,A라인,스트라이프,,플리츠
images/ef83ff9d154bbdcfad5ce0f2180047b4.jpg,val_train_split,254.0,187.0,216.0,246.0,셔츠,,,,,긴팔,기본 소매,크롭 기장,,,칼라 없음,레귤러핏,,,무지,,단추
images/ef83ff9d154bbdcfad5ce0f2180047b4.jpg,val_train_split,286.0,402.0,183.0,277.0,스커트,,,,,,,,쇼츠·미니 기장,,,,스트레이트핏,H라인,무지,,지퍼
images/975941efd80ffa3393fb1ab79afb2d3d.jpg,train,143.0,517.0,411.0,353.0,스커트,,,,,,,,쇼츠·미니 기장,,,,,A라인,무지,,지퍼|스팽글
images/975941efd80ffa3393fb1ab79afb2d3d.jpg,train,202.0,214.0,211.0,315.0,탑,,,,,,,크롭 기장,,V넥,,슬림핏,,,스트라이프,,
images/2baabc2ba360139e1f02673e8c1c8ab5.jpg,train,0.0,283.0,606.0,740.0,원피스,,,,,민소매,캡 소매,,미디·7부 기장,,,,,X라인,플로럴,,지퍼
images/d9affe4b3282ff6ef48f1a4f3f4bb8f8.jpg,train,335.0,218.0,136.0,219.0,티셔츠,,,,,,,크롭 기장,,라운드넥,,레귤러핏,,,무지,,
images/d9affe4b3282ff6ef48f1a4f3f4bb8f8.jpg,train,345.0,424.0,162.0,161.0,스커트,,,,,,,,쇼츠·미니 기장,,,,,A라인,무지,,지퍼
images/d9affe4b3282ff6ef48f1a4f3f4bb8f8.jpg,train,201.0,176.0,378.0,573.0,코트,,,,,긴팔,기본 소매,,,,라펠 칼라,여유핏,,,도트,퍼·플리스,
images/7d4220731cfda4177052a6b5038f79bd.jpg,train,288.0,683.0,196.0,340.0,팬츠,,,,,,,,,,,,슬림핏,,무지,,
images/7d4220731cfda4177052a6b5038f79bd.jpg,train,266.0,500.0,55.0,187.0,스커트,,,,,,,,쇼츠·미니 기장,,,,,A라인,무지,,지퍼
images/7d4220731cfda4177052a6b5038f79bd.jpg,train,248.0,133.0,306.0,646.0,코트,,,,,,,,,,,레귤러핏,,,스트라이프,퍼·플리스,
images/7d4220731cfda4177052a6b5038f79bd.jpg,train,208.0,234.0,281.0,357.0,셔츠,,,,,긴팔,기본 소매,,,,,레귤러핏,,,무지,,
images/d8eb776ed18b0a02af1e80f826697a52.jpg,val_train_split,108.0,289.0,403.0,549.0,셔츠,,,,,7부 소매,벨 소매,기본 기장,,,,레귤러핏,,,플로럴,,단추|지퍼
images/d8eb776ed18b0a02af1e80f826697a52.jpg,val_train_split,321.0,656.0,121.0,188.0,쇼츠,,,,,,,,쇼츠·미니 기장,,,,,,플로럴,,
images/d8eb776ed18b0a02af1e80f826697a52.jpg,val_train_split,0.0,177.0,707.0,817.0,코트,,,,,긴팔,기본 소매,,,,,레귤러핏,,,무지,,단추|포켓
images/d8eb776ed18b0a02af1e80f826697a52.jpg,val_train_split,102.0,699.0,475.0,323.0,셔츠,,,,,,,,,,,레귤러핏,,,체크,,단추
images/18eb008a4f10863247469fee8decb8f6.jpg,train,281.0,638.0,137.0,234.0,팬츠,,,,,,,,롱·긴바지 기장,,,,슬림핏,,무지,,
images/18eb008a4f10863247469fee8decb8f6.jpg,train,228.0,265.0,256.0,386.0,원피스,,,,,반팔,벨 소매,,쇼츠·미니 기장,,,,,A라인,무지|애니멀,,지퍼|플리츠
images/5c58cc06501f4404add10c7f37b242ac.jpg,train,96.0,460.0,458.0,463.0,티셔츠,,,,,,,기본 기장,,V넥,,,,비대칭,무지,,
images/5c58cc06501f4404add10c7f37b242ac.jpg,train,146.0,869.0,336.0,154.0,스커트,,,,,,,,,,,,,A라인,스트라이프,,지퍼|프릴·러플
images/bb1842233639ab519bc8108e771ae857.jpg,val_train_split,194.0,252.0,289.0,292.0,니트,,,,,긴팔,,크롭 기장,,보트넥,,여유핏,,,,니트,포켓
images/bb1842233639ab519bc8108e771ae857.jpg,val_train_split,234.0,469.0,205.0,439.0,팬츠,,,,,,,,롱·긴바지 기장,,,,슬림핏,,무지,,포켓
images/2c85a96242a9c1e07e840cdb18db58f0.jpg,val_train_split,118.0,253.0,404.0,680.0,원피스,,,,,,,,쇼츠·미니 기장,홀터넥,,,,X라인,무지,,지퍼
images/dab49958dda0e3eb45937485c5b91d8b.jpg,train,320.0,287.0,208.0,670.0,원피스,,,,,,,,롱·긴바지 기장,홀터넥,,,,A라인,무지,,지퍼
images/94d2c0614b362b654be74278d557dc29.jpg,train,285.0,332.0,142.0,210.0,스커트,,,,,,,,쇼츠·미니 기장,,,,스트레이트핏,H라인,체크,,지퍼
images/94d2c0614b362b654be74278d557dc29.jpg,train,320.0,87.0,89.0,299.0,티셔츠,,,,,,,기본 기장,,보트넥,,레귤러핏,,,체크,,
images/94d2c0614b362b654be74278d557dc29.jpg,train,182.0,35.0,329.0,793.0,코트,,,,,긴팔,기본 소매,,,,라펠 칼라,여유핏,,,체크,,포켓
images/b82d140b3684ad88df504263819ebd3d.jpg,val_train_split,170.0,278.0,246.0,344.0,원피스,,,,,긴팔,,,쇼츠·미니 기장,오프숄더,,,,A라인,무지,,
images/1ec2426a9b037962781cea8db8356840.jpg,train,411.0,107.0,111.0,155.0,베스트,,,,,,,크롭 기장,,,셔츠 칼라,레귤러핏,,,무지,,단추|포켓
images/1ec2426a9b037962781cea8db8356840.jpg,train,387.0,252.0,158.0,127.0,스커트,,,,,,,,쇼츠·미니 기장,,,,,A라인,체크,,지퍼
images/570281eaebbb869fd93d457732e7f917.jpg,train,258.0,613.0,214.0,410.0,청바지,,,,,,,,,,,,,,무지,데님,지퍼
images/570281eaebbb869fd93d457732e7f917.jpg,train,202.0,200.0,345.0,679.0,코트,,,,,7부 소매,기본 소매,,,,스탠드 칼라,슬림핏,,,,,
images/570281eaebbb869fd93d457732e7f917.jpg,train,340.0,378.0,69.0,247.0,탑,,,,,,,크롭 기장,,,,레귤러핏,,,무지,,
images/5d61161614c6fc8e3f5ee0ea3791dfda.jpg,train,214.0,142.0,317.0,348.0,재킷,,,,,7부 소매,벨 소매,크롭 기장,,,,레귤러핏,,,체크,,
images/5d61161614c6fc8e3f5ee0ea3791dfda.jpg,train,288.0,438.0,202.0,118.0,쇼츠,,,,,,,,쇼츠·미니 기장,,,,,,체크,,
images/5d61161614c6fc8e3f5ee0ea3791dfda.jpg,train,246.0,137.0,268.0,380.0,탑,,,,,긴팔,,크롭 기장,,,라펠 칼라,레귤러핏,,,,,
images/33608b2b68732dfc303f385738a272ac.jpg,train,318.0,275.0,357.0,690.0,원피스,,,,,긴팔,벨 소매,,쇼츠·미니 기장,라운드넥,,오버핏,,,도트,,프릴·러플
images/037ee5d7e1d0f1b7203def3bbafb67a8.jpg,val_train_split,185.0,394.0,296.0,436.0,스커트,,,,,,,,미디·7부 기장,,,,,A라인,스트라이프,,지퍼|벨트
images/037ee5d7e1d0f1b7203def3bbafb67a8.jpg,val_train_split,204.0,244.0,158.0,170.0,탑,,,,,,,,,홀터넥,,레귤러핏,,,무지,,
images/38e51cdd279b9fc2fcb2eb4191a246ab.jpg,train,230.0,239.0,250.0,526.0,원피스,,,,,,,,미디·7부 기장,,,,,A라인,,,플리츠|지퍼
images/38e51cdd279b9fc2fcb2eb4191a246ab.jpg,train,242.0,167.0,225.0,379.0,코트,,,,,7부 소매,기본 소매,,,,,슬림핏,,,무지,,
images/42bdfe39223fc7c4266428dc499afb20.jpg,train,277.0,314.0,222.0,338.0,원피스,,,,,반팔,벨 소매,,쇼츠·미니 기장,,,,,A라인,무지,니트,리본
images/69fdd0f5fbbb9ad440491f24ae0bd0a1.jpg,train,136.0,223.0,442.0,579.0,재킷,,,,,긴팔,,크롭 기장,,,,레귤러핏,,,무지,,단추|포켓
images/69fdd0f5fbbb9ad440491f24ae0bd0a1.jpg,train,159.0,314.0,298.0,468.0,니트,,,,,긴팔,,크롭 기장,,V넥,,레귤러핏,,,무지,니트,포켓
images/69fdd0f5fbbb9ad440491f24ae0bd0a1.jpg,train,190.0,770.0,304.0,253.0,팬츠,,,,,,,,,,,,,,무지,,포켓|벨트
images/08c5705950aa777853f0f6794ad61895.jpg,train,503.0,178.0,359.0,439.0,점프수트,,,,,긴팔,벌룬 소매,,쇼츠·미니 기장,,,레귤러핏,,,무지,,지퍼
images/9795fe4774dbc495539ec9f28dbfd004.jpg,val_train_split,237.0,204.0,170.0,458.0,원피스,,,,,,,,쇼츠·미니 기장,,,,,,,,지퍼
images/9795fe4774dbc495539ec9f28dbfd004.jpg,val_train_split,232.0,178.0,202.0,281.0,베스트,,,,,,,크롭 기장,,라운드넥,스탠드 칼라,레귤러핏,,,애니멀,가죽,
images/539225aa639465adb0ecdfba063667c9.jpg,val_train_split,178.0,201.0,517.0,801.0,원피스,,,,,반팔,캡 소매,,롱·긴바지 기장,스퀘어넥,,,,,플로럴,,지퍼|프릴·러플
images/e0684400e3ded525cd7b1fd5d9812ea1.jpg,val_train_split,381.0,372.0,243.0,310.0,원피스,,,,,,,,,,,,,X라인,무지,,지퍼
images/e0684400e3ded525cd7b1fd5d9812ea1.jpg,val_train_split,332.0,350.0,328.0,332.0,가디건,,,,,7부 소매,기본 소매,,,,,여유핏,,,무지,니트,
images/b6e335b77dc00ecd318d246d8d71f0d3.jpg,train,359.0,170.0,251.0,678.0,점프수트,,,,,긴팔,기본 소매,,미디·7부 기장,,셔츠 칼라,,,H라인,체크,,단추|포켓|벨트
images/1844654fa9926b4bc09e9d4f42713931.jpg,train,353.0,556.0,72.0,86.0,스커트,,,,,,,,쇼츠·미니 기장,,,,,,무지,,지퍼
images/1844654fa9926b4bc09e9d4f42713931.jpg,train,335.0,353.0,90.0,209.0,니트,,,,,,,크롭 기장,,라운드넥,,슬림핏,,,스트라이프,니트,
images/1844654fa9926b4bc09e9d4f42713931.jpg,train,240.0,317.0,254.0,363.0,가디건,,,,,긴팔,기본 소매,,,,스탠드 칼라,여유핏,,,무지,니트,단추
images/9d5afd67f56239fa4c92668d4529561f.jpg,val_train_split,170.0,205.0,270.0,335.0,티셔츠,,,,,긴팔,기본 소매,크롭 기장,,,,레귤러핏,,,무지,,
images/9d5afd67f56239fa4c92668d4529561f.jpg,val_train_split,207.0,533.0,192.0,359.0,팬츠,,,,,,,,롱·긴바지 기장,,,,슬림핏,,애니멀|그래픽,,
images/f95a0c17be818a0cf5f5e78c3709865f.jpg,train,242.0,436.0,239.0,573.0,팬츠,,,,,,,,롱·긴바지 기장,,,,,,무지,,포켓
images/f95a0c17be818a0cf5f5e78c3709865f.jpg,train,270.0,188.0,173.0,294.0,탑,,,,,,,크롭 기장,,홀터넥,,슬림핏,,,무지,,
images/cbc009f4d9ac1faa178830f2eb672633.jpg,val_train_split,110.0,275.0,520.0,747.0,원피스,,,,,반팔,캡 소매,,,라운드넥,,,,X라인,도트,,지퍼|리본
images/2abe3fc2448b3adc6928a85de8cc0339.jpg,val_train_split,468.0,347.0,224.0,263.0,코트,,,,,긴팔,기본 소매,,,,,레귤러핏,,,,,후드
images/2abe3fc2448b3adc6928a85de8cc0339.jpg,val_train_split,370.0,536.0,131.0,99.0,팬츠,,,,,,,,,,,,슬림핏,,무지,,
images/1ab30df187efc0cb37e889e3f9faed4c.jpg,train,199.0,234.0,182.0,371.0,원피스,,,,,반팔,캡 소매,,롱·긴바지 기장,오프숄더,,,,X라인,무지,,지퍼|프릴·러플
images/f0c5374a4e456f26428361df5f8f3f6f.jpg,train,324.0,532.0,163.0,349.0,팬츠,,,,,,,,롱·긴바지 기장,,,,,,무지,,
images/f0c5374a4e456f26428361df5f8f3f6f.jpg,train,330.0,342.0,118.0,324.0,티셔츠,,,,,긴팔,,,,,,레귤러핏,,,무지,,
images/4749f571d1448d261f35217d7a69c061.jpg,val_train_split,192.0,333.0,323.0,547.0,점프수트,,,,,,,,쇼츠·미니 기장,스퀘어넥,,레귤러핏,,,,,지퍼
images/4749f571d1448d261f35217d7a69c061.jpg,val_train_split,122.0,261.0,512.0,551.0,재킷,,,,,긴팔,기본 소매,기본 기장,,,라펠 칼라,슬림핏,,,무지,,
images/2c0a3c906db7240223bf277bd4761364.jpg,val_train_split,237.0,501.0,193.0,306.0,팬츠,,,,,,,,미디·7부 기장,,,,,,,,포켓
images/2c0a3c906db7240223bf277bd4761364.jpg,val_train_split,218.0,218.0,234.0,350.0,탑,,,,,7부 소매,벨 소매,기본 기장,,,,여유핏,,비대칭,,,
images/d72e1fe82f28988c3afb5ce69760dac3.jpg,train,571.0,237.0,150.0,154.0,티셔츠,,,,,반팔,기본 소매,,,,칼라 없음,슬림핏,,,무지,,지퍼
images/d72e1fe82f28988c3afb5ce69760dac3.jpg,train,623.0,384.0,115.0,84.0,쇼츠,,,,,,,,쇼츠·미니 기장,,,,,,무지,,포켓|프릴·러플
images/f0264443281f47ceeb6d39c7bc9a8cc7.jpg,train,230.0,452.0,203.0,466.0,팬츠,,,,,,,,롱·긴바지 기장,,,,,,무지,,
images/f0264443281f47ceeb6d39c7bc9a8cc7.jpg,train,209.0,216.0,264.0,255.0,티셔츠,,,,,반팔,벨 소매,크롭 기장,,보트넥,,레귤러핏,,,무지,,
images/2db38bf415964a68de2eb69f220479bc.jpg,train,320.0,243.0,208.0,276.0,탑,,,,,,,기본 기장,,스퀘어넥,,슬림핏,,,플로럴,,프릴·러플
images/2db38bf415964a68de2eb69f220479bc.jpg,train,393.0,463.0,138.0,107.0,쇼츠,,,,,,,,쇼츠·미니 기장,,,,,,무지,,
images/d57a4a01a5b19b36a02a4a041c9e67be.jpg,val_train_split,420.0,287.0,260.0,646.0,점프수트,,,,,,,,롱·긴바지 기장,스퀘어넥,,,,,플로럴,,지퍼
images/accc215958a07aa26a776606c8aa593b.jpg,train,220.0,479.0,228.0,198.0,스커트,,,,,,,,쇼츠·미니 기장,,,,플레어핏,,무지,,지퍼
images/accc215958a07aa26a776606c8aa593b.jpg,train,213.0,218.0,257.0,287.0,티셔츠,,,,,반팔,퍼프 소매,크롭 기장,,,,슬림핏,,,무지,,
images/49dacd6974fdb83fb079435c13d4b77b.jpg,train,383.0,209.0,292.0,386.0,원피스,,,,,반팔,퍼프 소매,,쇼츠·미니 기장,,셔츠 칼라,,,A라인,무지,,리본
images/36cfdc929101f412844cb62760a2b8cb.jpg,train,200.0,242.0,255.0,536.0,원피스,,,,,반팔,기본 소매,,미디·7부 기장,,스탠드 칼라,,,A라인,무지,,단추|벨트
images/43aa3a2b3b8db967c4f474baea38691a.jpg,train,166.0,506.0,173.0,326.0,팬츠,,,,,,,,,,,,,,무지,,
images/43aa3a2b3b8db967c4f474baea38691a.jpg,train,144.0,103.0,343.0,555.0,코트,,,,,긴팔,기본 소매,,,,,레귤러핏,,,무지,퍼·플리스,지퍼|포켓
images/43aa3a2b3b8db967c4f474baea38691a.jpg,train,281.0,167.0,127.0,342.0,니트,,,,,긴팔,,기본 기장,,,,레귤러핏,,,,니트,포켓
images/075d5650f908f2028200700bc6699f29.jpg,train,353.0,248.0,293.0,416.0,재킷,,,,,,,크롭 기장,,,칼라 없음,슬림핏,,,체크,,포켓
images/075d5650f908f2028200700bc6699f29.jpg,train,409.0,297.0,300.0,526.0,원피스,,,,,,,,쇼츠·미니 기장,,,,,H라인,무지,,지퍼
images/b6cb588d7fceec2ac50524a9308ebc51.jpg,train,244.0,721.0,353.0,301.0,팬츠,,,,,,,,,,,,슬림핏,,무지,,
images/b6cb588d7fceec2ac50524a9308ebc51.jpg,train,210.0,256.0,260.0,630.0,티셔츠,,,,,긴팔,기본 소매,기본 기장,,라운드넥,,슬림핏,,,무지,,
images/b6cb588d7fceec2ac50524a9308ebc51.jpg,train,208.0,257.0,344.0,648.0,베스트,,,,,,,기본 기장,,,라펠 칼라,여유핏,,,,,벨트
images/860c5db48961789a716e4ed1b59ab0f7.jpg,train,292.0,248.0,466.0,424.0,티셔츠,,,,,긴팔,,기본 기장,,보트넥,,오버핏,,비대칭,스트라이프,,
images/860c5db48961789a716e4ed1b59ab0f7.jpg,train,479.0,530.0,191.0,139.0,쇼츠,,,,,,,,쇼츠·미니 기장,,,,,,무지,,
images/a7ecdbbff76f094254758e3af2c21e67.jpg,train,231.0,543.0,201.0,107.0,쇼츠,,,,,,,,쇼츠·미니 기장,,,,,,스트라이프,,벨트
images/a7ecdbbff76f094254758e3af2c21e67.jpg,train,257.0,329.0,151.0,234.0,탑,,,,,,,,,,,레귤러핏,,,무지,,
images/a7ecdbbff76f094254758e3af2c21e67.jpg,train,220.0,257.0,235.0,322.0,베스트,,,,,,,기본 기장,,,라펠 칼라,여유핏,,,무지,,지퍼
images/3ce2bdb4b2e6ceb12a8708374d381440.jpg,val_train_split,486.0,48.0,419.0,631.0,원피스,,,,,7부 소매,기본 소매,,쇼츠·미니 기장,V넥,,,,,플로럴,,지퍼|프릴·러플
images/7090a99b908e9e5052e0d6a3b27d1128.jpg,train,440.0,324.0,112.0,260.0,청바지,,,,,,,,롱·긴바지 기장,,,,,,무지,데님,
images/7090a99b908e9e5052e0d6a3b27d1128.jpg,train,419.0,26.0,148.0,324.0,니트,,,,,,,크롭 기장,,,,레귤러핏,,,무지,니트,후드
images/7090a99b908e9e5052e0d6a3b27d1128.jpg,train,399.0,120.0,195.0,236.0,재킷,,,,,긴팔,기본 소매,크롭 기장,,,,레귤러핏,,,무지,,지퍼
images/6d12f4844c9ff61d161dc24e3d027dcf.jpg,train,250.0,508.0,132.0,289.0,팬츠,,,,,,,,롱·긴바지 기장,,,,슬림핏,,무지,,
images/6d12f4844c9ff61d161dc24e3d027dcf.jpg,train,210.0,244.0,233.0,288.0,재킷,,,,,긴팔,기본 소매,기본 기장,,,,여유핏,,,무지,가죽,지퍼
images/1d5806a1a95c65d01633b0972a8e3b8a.jpg,train,186.0,198.0,272.0,452.0,가디건,,,,,반팔,,,,,,오버핏,,,무지,니트,리본
images/1d5806a1a95c65d01633b0972a8e3b8a.jpg,train,272.0,177.0,125.0,260.0,재킷,,,,,,,크롭 기장,,,,여유핏,,비대칭,무지,가죽,
images/1d5806a1a95c65d01633b0972a8e3b8a.jpg,train,208.0,417.0,50.0,63.0,재킷,,,,,긴팔,기본 소매,,,,,레귤러핏,,,무지,,지퍼
images/1d5806a1a95c65d01633b0972a8e3b8a.jpg,train,434.0,405.0,28.0,40.0,재킷,,,,,긴팔,기본 소매,,,,,,,,무지,,지퍼
images/1d5806a1a95c65d01633b0972a8e3b8a.jpg,train,234.0,536.0,212.0,378.0,팬츠,,,,,,,,롱·긴바지 기장,,,,스트레이트핏,H라인,무지,,
images/c1e8f3942b2e2af7f7112c38c32ef4b3.jpg,train,265.0,230.0,216.0,288.0,니트,,,,,긴팔,,기본 기장,,V넥,,여유핏,,,그래픽,니트,
images/c1e8f3942b2e2af7f7112c38c32ef4b3.jpg,train,274.0,500.0,163.0,333.0,팬츠,,,,,,,,미디·7부 기장,,,,슬림핏,,그래픽,,
images/3ea437addd5e9d3e8c50a8ea2896c414.jpg,val_train_split,181.0,316.0,241.0,246.0,티셔츠,,,,,반팔,벨 소매,기본 기장,,보트넥,,오버핏,,,무지,,
images/3ea437addd5e9d3e8c50a8ea2896c414.jpg,val_train_split,224.0,531.0,140.0,49.0,쇼츠,,,,,,,,쇼츠·미니 기장,,,,슬림핏,,무지,,
images/38b24922fb6a49f9e9b374fe5488c885.jpg,val_train_split,209.0,295.0,282.0,367.0,원피스,,,,,,,,쇼츠·미니 기장,,,,,O라인,,,플리츠|지퍼
images/38b24922fb6a49f9e9b374fe5488c885.jpg,val_train_split,196.0,213.0,254.0,331.0,재킷,,,,,긴팔,기본 소매,크롭 기장,,,스탠드 칼라,레귤러핏,,,무지,,스팽글|지퍼
images/43538f703acb528b59eb701c6e21bc3d.jpg,train,305.0,160.0,86.0,271.0,셔츠,,,,,,,크롭 기장,,,셔츠 칼라,레귤러핏,,,무지,,단추
images/43538f703acb528b59eb701c6e21bc3d.jpg,train,281.0,426.0,188.0,486.0,팬츠,,,,,,,,롱·긴바지 기장,,,,,,무지,,
images/43538f703acb528b59eb701c6e21bc3d.jpg,train,190.0,154.0,351.0,469.0,코트,,,,,7부 소매,,,,,라펠 칼라,여유핏,,,그래픽,,단추|포켓
images/de9687489ec85b716683a382c8d71247.jpg,train,306.0,259.0,271.0,740.0,코트,,,,,,,,,스퀘어넥,,,,,무지,,
images/7ef22888ac1df0432af185e50a68f5d8.jpg,train,535.0,285.0,153.0,256.0,원피스,,,,,7부 소매,기본 소매,,쇼츠·미니 기장,,,,,A라인,무지,,지퍼
images/7ef22888ac1df0432af185e50a68f5d8.jpg,train,621.0,179.0,214.0,456.0,가디건,,,,,7부 소매,기본 소매,,,,,레귤러핏,,,플로럴,니트,
images/ccc30ec3db96e6f81a4a1e3fd251973e.jpg,train,461.0,206.0,84.0,106.0,탑,,,,,,,크롭 기장,,홀터넥,,슬림핏,,,무지,,
images/ccc30ec3db96e6f81a4a1e3fd251973e.jpg,train,464.0,336.0,104.0,83.0,쇼츠,,,,,,,,쇼츠·미니 기장,,,,,,무지,,포켓|지퍼
images/046125be8f3ef45ab17bd3de588f2508.jpg,train,273.0,389.0,511.0,387.0,청바지,,,,,,,,미디·7부 기장,,,,,,무지,데님,포켓
images/046125be8f3ef45ab17bd3de588f2508.jpg,train,393.0,274.0,417.0,391.0,탑,,,,,7부 소매,퍼프 소매,,,오프숄더,,여유핏,,,무지,,프릴·러플
images/7748fa98c787fc9e24c6d220419f348f.jpg,train,124.0,189.0,256.0,834.0,원피스,,,,,,,,롱·긴바지 기장,라운드넥,,,,,,,스팽글|지퍼
images/18431c4c8a3aadba5ceb01c4479d43e9.jpg,val_train_split,444.0,216.0,136.0,157.0,후드티,,,,,긴팔,기본 소매,기본 기장,,,,레귤러핏,,,무지,,후드
images/18431c4c8a3aadba5ceb01c4479d43e9.jpg,val_train_split,454.0,356.0,117.0,208.0,청바지,,,,,,,,롱·긴바지 기장,,,,,,무지,데님,포켓
images/a3598fa7b40356f9af427428e50482e0.jpg,train,169.0,266.0,179.0,357.0,원피스,,,,,반팔,캡 소매,,쇼츠·미니 기장,보트넥,,,,A라인,무지,,플리츠
images/4740f59d7c47e2347d81f9b2c3bb9914.jpg,val_train_split,303.0,226.0,229.0,239.0,재킷,,,,,긴팔,,크롭 기장,,,,레귤러핏,,,무지,,지퍼
images/4740f59d7c47e2347d81f9b2c3bb9914.jpg,val_train_split,361.0,216.0,139.0,178.0,티셔츠,,,,,긴팔,,,,라운드넥,스탠드 칼라,슬림핏,,,무지,,
images/4740f59d7c47e2347d81f9b2c3bb9914.jpg,val_train_split,297.0,458.0,229.0,136.0,스커트,,,,,,,,쇼츠·미니 기장,,,,,A라인,무지,,지퍼
images/c607cd4e60d0bfb4bcdc7f5a0cad58f4.jpg,train,245.0,508.0,155.0,95.0,쇼츠,,,,,,,,쇼츠·미니 기장,,,,,,플로럴,,
images/c607cd4e60d0bfb4bcdc7f5a0cad58f4.jpg,train,248.0,265.0,154.0,286.0,셔츠,,,,,,,크롭 기장,,,피터팬 칼라,레귤러핏,,,무지,,플리츠|단추|프릴·러플
images/4e79d689991ba2c42d2623970f9a84f1.jpg,train,244.0,251.0,260.0,711.0,점프수트,,,,,,,,쇼츠·미니 기장,,셔츠 칼라,레귤러핏,,,체크,,단추|벨트
images/4e79d689991ba2c42d2623970f9a84f1.jpg,train,211.0,725.0,454.0,282.0,가디건,,,,,긴팔,,,,,,,,,무지,니트,
images/a0b338f38622436e249b687599b96362.jpg,train,182.0,438.0,258.0,379.0,점프수트,,,,,,,,쇼츠·미니 기장,,,슬림핏,,,무지,,지퍼
images/9fcfad570aed7cdfe0ea4395721fe559.jpg,train,155.0,0.0,377.0,709.0,점프수트,,,,,,,,미디·7부 기장,,,,,,무지,,지퍼|벨트
images/9682d8aea4522ee0d4a6165b5147af65.jpg,train,102.0,261.0,441.0,428.0,재킷,,,,,긴팔,기본 소매,크롭 기장,,라운드넥,스탠드 칼라,슬림핏,,,무지,,지퍼
images/9682d8aea4522ee0d4a6165b5147af65.jpg,train,152.0,278.0,345.0,627.0,원피스,,,,,,,,쇼츠·미니 기장,,,,,X라인,무지,,지퍼
images/f6300d43a932ecb9b88fc0b20eb09297.jpg,train,142.0,205.0,209.0,247.0,티셔츠,,,,,민소매,캡 소매,크롭 기장,,,,,,,무지,,플리츠
images/f6300d43a932ecb9b88fc0b20eb09297.jpg,train,160.0,436.0,168.0,385.0,팬츠,,,,,,,,롱·긴바지 기장,,,,슬림핏,,무지,,
images/4489734185adffbd6cd55b5a326946f5.jpg,train,204.0,646.0,200.0,283.0,청바지,,,,,,,,롱·긴바지 기장,,,,스트레이트핏,H라인,무지,데님,
images/4489734185adffbd6cd55b5a326946f5.jpg,train,272.0,366.0,120.0,294.0,니트,,,,,긴팔,기본 소매,기본 기장,,,,레귤러핏,,,스트라이프,니트,후드
images/53164ccaf4b0271b796d1e3e299736fd.jpg,train,136.0,239.0,397.0,702.0,원피스,,,,,긴팔,기본 소매,,롱·긴바지 기장,스퀘어넥,,,,,무지,,지퍼
images/b9806020b2a81cbc809d071551d449e2.jpg,train,144.0,450.0,497.0,519.0,탑,,,,,긴팔,기본 소매,크롭 기장,,,스탠드 칼라,여유핏,,,무지,,지퍼
images/b9806020b2a81cbc809d071551d449e2.jpg,train,262.0,894.0,330.0,129.0,팬츠,,,,,,,,,,,,와이드핏,,무지,,
images/934458c4c410bc7f6b5a200fee2261e2.jpg,val_train_split,199.0,264.0,247.0,255.0,티셔츠,,,,,7부 소매,기본 소매,기본 기장,,,칼라 없음,슬림핏,,,무지,,
images/934458c4c410bc7f6b5a200fee2261e2.jpg,val_train_split,242.0,504.0,147.0,388.0,팬츠,,,,,,,,롱·긴바지 기장,,,,스트레이트핏,H라인,무지,,
images/c0df5059894e457ce283f2edc792ca5f.jpg,train,404.0,205.0,283.0,312.0,원피스,,,,,,,,미디·7부 기장,스퀘어넥,,,,A라인,도트,,지퍼
images/aa44ea197382653e78127af7e0d44a21.jpg,train,225.0,167.0,306.0,430.0,티셔츠,,,,,반팔,래글런 소매,크롭 기장,,터틀넥,,슬림핏,,,무지,,
images/aa44ea197382653e78127af7e0d44a21.jpg,train,242.0,554.0,229.0,270.0,스커트,,,,,,,,쇼츠·미니 기장,,,,,,무지,,지퍼
images/642bcea27f14adc2b899be312651edb3.jpg,train,110.0,283.0,250.0,739.0,원피스,,,,,,,,,V넥,,,,,도트,,스팽글|지퍼
images/719713f4208c2bc8c0d90a1da47bf8d4.jpg,train,154.0,632.0,288.0,391.0,팬츠,,,,,,,,,,,,,,애니멀,,
images/719713f4208c2bc8c0d90a1da47bf8d4.jpg,train,27.0,186.0,552.0,462.0,재킷,,,,,긴팔,기본 소매,크롭 기장,,,라펠 칼라,레귤러핏,,비대칭,무지,가죽,지퍼
images/ff0a5673ea6b3139e5440728d7be66b4.jpg,train,234.0,431.0,213.0,142.0,쇼츠,,,,,,,,쇼츠·미니 기장,,,,,,무지,,포켓|벨트
images/ff0a5673ea6b3139e5440728d7be66b4.jpg,train,263.0,240.0,175.0,198.0,재킷,,,,,,,크롭 기장,,,라펠 칼라,슬림핏,,,무지,,지퍼|포켓
images/ff0a5673ea6b3139e5440728d7be66b4.jpg,train,310.0,245.0,46.0,133.0,탑,,,,,,,크롭 기장,,V넥,,슬림핏,,,스트라이프,,
images/1354e6c89c80b11bc2c10b73094ca611.jpg,val_train_split,125.0,415.0,217.0,290.0,스커트,,,,,,,,무릎 기장,,,,스트레이트핏,H라인,스트라이프,,지퍼|포켓
images/1354e6c89c80b11bc2c10b73094ca611.jpg,val_train_split,155.0,230.0,177.0,204.0,탑,,,,,,,,,,,레귤러핏,,,스트라이프,,
images/1354e6c89c80b11bc2c10b73094ca611.jpg,val_train_split,86.0,156.0,307.0,321.0,재킷,,,,,긴팔,기본 소매,크롭 기장,,,칼라 없음,레귤러핏,,,무지,,
images/6528f905c859be72726ed22babd40a27.jpg,train,204.0,260.0,555.0,763.0,원피스,,,,,반팔,벨 소매,,,보트넥,,,,,플로럴,,
images/6a13916b57ac2c2162161e5122650f24.jpg,train,339.0,523.0,61.0,40.0,티셔츠,,,,,,,,,보트넥,,레귤러핏,,,무지,,
images/6a13916b57ac2c2162161e5122650f24.jpg,train,231.0,506.0,269.0,303.0,코트,,,,,긴팔,래글런 소매,,,,라펠 칼라,여유핏,,,무지,,단추
images/42804e74a092e256e1e6d3351795a14b.jpg,train,346.0,324.0,144.0,245.0,재킷,,,,,7부 소매,기본 소매,크롭 기장,,,칼라 없음,,,,무지,,지퍼
images/42804e74a092e256e1e6d3351795a14b.jpg,train,365.0,554.0,168.0,189.0,스커트,,,,,,,,무릎 기장,,,,,A라인,무지,,
images/42804e74a092e256e1e6d3351795a14b.jpg,train,275.0,684.0,270.0,178.0,청바지,,,,,,,,롱·긴바지 기장,,,,슬림핏,,무지,데님,
images/c9176b10b30ffc439434371277f7cf03.jpg,val_train_split,204.0,188.0,383.0,577.0,점프수트,,,,,7부 소매,기본 소매,,쇼츠·미니 기장,,칼라 없음,레귤러핏,,,무지,,단추|포켓|벨트
images/b6bdac95fcfd5cfcef66483b7455b451.jpg,train,213.0,172.0,284.0,443.0,원피스,,,,,7부 소매,벨 소매,,쇼츠·미니 기장,,라펠 칼라,,,A라인,무지,,단추|포켓|프릴·러플
images/0038d87bdf966bc82cf430f924c1d8c6.jpg,train,221.0,223.0,222.0,641.0,원피스,,,,,긴팔,기본 소매,,롱·긴바지 기장,라운드넥,,,,A라인,무지,,스팽글|지퍼
images/99d0faadf168f1e86b4f604b40ae6029.jpg,train,239.0,217.0,237.0,258.0,재킷,,,,,7부 소매,기본 소매,크롭 기장,,,스탠드 칼라,레귤러핏,,,무지,,포켓
images/99d0faadf168f1e86b4f604b40ae6029.jpg,train,167.0,402.0,340.0,267.0,스커트,,,,,,,,쇼츠·미니 기장,,,,,A라인,플로럴,,지퍼
images/6070001c7a86c49e1a6082b98a0c0c53.jpg,train,345.0,432.0,108.0,111.0,베스트,,,,,,,크롭 기장,,,,레귤러핏,,,무지,,
images/6070001c7a86c49e1a6082b98a0c0c53.jpg,train,325.0,402.0,196.0,172.0,티셔츠,,,,,긴팔,기본 소매,,,라운드넥,,슬림핏,,,무지,,
images/6070001c7a86c49e1a6082b98a0c0c53.jpg,train,330.0,525.0,123.0,89.0,쇼츠,,,,,,,,쇼츠·미니 기장,,,,,,무지,,
images/ebcaf3795d8cce52de37a3160d01d7e4.jpg,train,289.0,537.0,152.0,222.0,스커트,,,,,,,,무릎 기장,,,,스트레이트핏,H라인,무지,,지퍼
images/ebcaf3795d8cce52de37a3160d01d7e4.jpg,train,242.0,343.0,187.0,297.0,재킷,,,,,긴팔,벨 소매,크롭 기장,,,라펠 칼라,레귤러핏,,,무지,가죽|스웨이드,지퍼|포켓|벨트
images/9ee85842e352aee182eb312b540296f2.jpg,train,240.0,267.0,238.0,410.0,원피스,,,,,긴팔,벨 소매,,쇼츠·미니 기장,,,,,,무지,,
images/28afc6f3cae60809575ae984ea796ac6.jpg,train,213.0,235.0,247.0,465.0,원피스,,,,,반팔,벨 소매,,쇼츠·미니 기장,,,,,A라인,무지,,리본
images/0aea0a99a07f4d809a8369562f1d95e7.jpg,train,346.0,355.0,138.0,493.0,니트,,,,,,,크롭 기장,,,,레귤러핏,,,,니트,
images/0aea0a99a07f4d809a8369562f1d95e7.jpg,train,136.0,291.0,286.0,613.0,티셔츠,,,,,긴팔,,,,터틀넥,,슬림핏,,,무지,,포켓
images/0aea0a99a07f4d809a8369562f1d95e7.jpg,train,77.0,303.0,558.0,681.0,재킷,,,,,긴팔,벨 소매,크롭 기장,,,라펠 칼라,여유핏,,,무지,가죽|스웨이드,포켓
images/6c8253008245c5b82a65f6a98d309620.jpg,val_train_split,202.0,755.0,295.0,268.0,청바지,,,,,,,,,,,,,,무지,데님,
images/6c8253008245c5b82a65f6a98d309620.jpg,val_train_split,165.0,217.0,379.0,560.0,셔츠,,,,,긴팔,기본 소매,,,,셔츠 칼라,레귤러핏,,,무지,,단추
images/6c8253008245c5b82a65f6a98d309620.jpg,val_train_split,94.0,229.0,499.0,771.0,재킷,,,,,긴팔,기본 소매,,,,라펠 칼라,여유핏,,,체크,,단추|벨트
images/266a96e36940051c51906b360c775a59.jpg,train,327.0,203.0,141.0,337.0,티셔츠,,,,,,,기본 기장,,터틀넥,,레귤러핏,,,스트라이프,,포켓
images/266a96e36940051c51906b360c775a59.jpg,train,265.0,229.0,285.0,309.0,재킷,,,,,긴팔,기본 소매,크롭 기장,,,스탠드 칼라,레귤러핏,,,무지,,지퍼|포켓
images/266a96e36940051c51906b360c775a59.jpg,train,218.0,517.0,242.0,338.0,청바지,,,,,,,,롱·긴바지 기장,,,,스트레이트핏,H라인,무지,데님,포켓
images/36356408d142ed681f9fb7aca6a48732.jpg,train,210.0,179.0,239.0,186.0,셔츠,,,,,반팔,퍼프 소매,크롭 기장,,,셔츠 칼라,레귤러핏,,,무지,,단추
images/36356408d142ed681f9fb7aca6a48732.jpg,train,210.0,353.0,259.0,325.0,스커트,,,,,,,,무릎 기장,,,,,,,,지퍼|벨트
images/45c763893e115f3d0cdb4732bdb36e2f.jpg,train,258.0,506.0,199.0,243.0,탑,,,,,,,,,,,슬림핏,,,무지,,
images/45c763893e115f3d0cdb4732bdb36e2f.jpg,train,99.0,398.0,462.0,383.0,셔츠,,,,,긴팔,벨 소매,크롭 기장,,,셔츠 칼라,레귤러핏,,,무지,,단추
images/45c763893e115f3d0cdb4732bdb36e2f.jpg,train,260.0,650.0,259.0,373.0,청바지,,,,,,,,,,,,,,무지,데님,포켓
images/a51e618cdfc09f9783f6410e1cca449a.jpg,train,524.0,205.0,149.0,652.0,점프수트,,,,,,,,미디·7부 기장,,,,,,무지,,단추|포켓
images/a51e618cdfc09f9783f6410e1cca449a.jpg,train,487.0,171.0,207.0,293.0,티셔츠,,,,,긴팔,기본 소매,,,터틀넥,,레귤러핏,,,무지,,
images/093de760b2d2b2c196493fd704b06baf.jpg,val_train_split,302.0,288.0,99.0,195.0,원피스,,,,,,,,쇼츠·미니 기장,,,,,X라인,플로럴,,지퍼
images/1846fdd7359545cc53b8ef65a376ff28.jpg,train,221.0,357.0,350.0,488.0,원피스,,,,,,,,쇼츠·미니 기장,스퀘어넥,,,,A라인,플로럴,,지퍼
images/c629ff9abaf307a006ab7e50db9436bf.jpg,train,565.0,279.0,179.0,268.0,팬츠,,,,,,,,롱·긴바지 기장,,,,슬림핏,,무지,,포켓
images/c629ff9abaf307a006ab7e50db9436bf.jpg,train,700.0,258.0,41.0,32.0,티셔츠,,,,,,,기본 기장,,,,레귤러핏,,,무지,,
images/c629ff9abaf307a006ab7e50db9436bf.jpg,train,601.0,138.0,133.0,141.0,니트,,,,,,,크롭 기장,,터틀넥,,레귤러핏,,,무지,니트,지퍼|포켓
images/c629ff9abaf307a006ab7e50db9436bf.jpg,train,525.0,139.0,198.0,168.0,재킷,,,,,긴팔,기본 소매,크롭 기장,,,,레귤러핏,,,무지,,지퍼
images/dc22a5c91c8ce1b96d99e79c8b2dc445.jpg,train,45.0,337.0,364.0,686.0,티셔츠,,,,,긴팔,기본 소매,,,터틀넥,,슬림핏,,,무지,,지퍼
images/dc22a5c91c8ce1b96d99e79c8b2dc445.jpg,train,55.0,313.0,626.0,710.0,재킷,,,,,긴팔,기본 소매,,,,셔츠 칼라,여유핏,,,무지,,포켓|지퍼
images/4b0e5138fdc1e5a2e55a31e22e12dd0a.jpg,train,350.0,607.0,188.0,416.0,팬츠,,,,,,,,,,,,,,무지,,
images/4b0e5138fdc1e5a2e55a31e22e12dd0a.jpg,train,279.0,221.0,257.0,428.0,재킷,,,,,긴팔,기본 소매,기본 기장,,,라펠 칼라,레귤러핏,,,무지,,단추|포켓
images/4b0e5138fdc1e5a2e55a31e22e12dd0a.jpg,train,338.0,232.0,61.0,181.0,셔츠,,,,,,,,,,셔츠 칼라,레귤러핏,,,그래픽,,단추
images/0a9b88113b683e40289f169b62a931d2.jpg,train,302.0,377.0,228.0,393.0,원피스,,,,,반팔,기본 소매,,쇼츠·미니 기장,V넥,,,,,도트,,지퍼|플리츠
images/79ff29946224299c51033f8dcf94cec1.jpg,train,236.0,171.0,244.0,526.0,원피스,,,,,,,,쇼츠·미니 기장,스퀘어넥,,,,A라인,무지,,지퍼
images/24902514d047d27352ec512e4e21a844.jpg,train,127.0,259.0,356.0,710.0,원피스,,,,,,,,쇼츠·미니 기장,스퀘어넥,,,,A라인,,,지퍼
images/e0f60a59c3913afb6f716916b339b7e7.jpg,val_train_split,557.0,382.0,142.0,325.0,베스트,,,,,,,크롭 기장,,,,레귤러핏,,,체크,,단추
images/e0f60a59c3913afb6f716916b339b7e7.jpg,val_train_split,509.0,660.0,235.0,165.0,팬츠,,,,,,,,,,,,스트레이트핏,H라인,무지,,
images/e0f60a59c3913afb6f716916b339b7e7.jpg,val_train_split,462.0,336.0,295.0,427.0,셔츠,,,,,긴팔,기본 소매,,,,셔츠 칼라,레귤러핏,,,,,단추|포켓
images/e0f60a59c3913afb6f716916b339b7e7.jpg,val_train_split,451.0,333.0,348.0,452.0,재킷,,,,,긴팔,기본 소매,기본 기장,,,라펠 칼라,여유핏,,,체크,,단추
images/467799bc064af39a9814d95869ed8521.jpg,train,437.0,266.0,53.0,125.0,셔츠,,,,,,,,,,셔츠 칼라,레귤러핏,,,무지,,단추
images/467799bc064af39a9814d95869ed8521.jpg,train,359.0,390.0,150.0,292.0,스커트,,,,,,,,무릎 기장,,,,스트레이트핏,H라인,무지,,지퍼
images/467799bc064af39a9814d95869ed8521.jpg,train,348.0,270.0,204.0,366.0,코트,,,,,7부 소매,기본 소매,,,,라펠 칼라,레귤러핏,,,무지,,단추
images/4ee55560326acdf214c702d1e338bf8b.jpg,train,366.0,262.0,215.0,202.0,블레이저,,,,,반팔,캡 소매,크롭 기장,,V넥,라펠 칼라,레귤러핏,,,무지,,단추|리본|포켓
images/4ee55560326acdf214c702d1e338bf8b.jpg,train,342.0,190.0,295.0,443.0,원피스,,,,,긴팔,벌룬 소매,,쇼츠·미니 기장,,,,,A라인,무지,,
images/f96d6bd93e24adf3e820fee28a13d600.jpg,train,240.0,401.0,270.0,422.0,스커트,,,,,,,,미디·7부 기장,,,,,A라인,무지,,지퍼
images/f96d6bd93e24adf3e820fee28a13d600.jpg,train,306.0,224.0,57.0,183.0,티셔츠,,,,,,,,,터틀넥,,슬림핏,,,무지,,
images/f96d6bd93e24adf3e820fee28a13d600.jpg,train,213.0,216.0,270.0,330.0,재킷,,,,,긴팔,기본 소매,크롭 기장,,,셔츠 칼라,레귤러핏,,,무지,,단추|포켓
images/2fc352c1b55e03d49b2a3fc59a0b5de9.jpg,val_train_split,57.0,266.0,560.0,702.0,원피스,,,,,,,,롱·긴바지 기장,,,,,,,,스팽글|지퍼
images/592cf0e88fdbee3d94d76d289b1bc4fa.jpg,train,438.0,249.0,143.0,231.0,팬츠,,,,,,,,롱·긴바지 기장,,,,슬림핏,,무지,,
images/592cf0e88fdbee3d94d76d289b1bc4fa.jpg,train,239.0,0.0,512.0,229.0,후드티,,,,,긴팔,기본 소매,기본 기장,,,,레귤러핏,,,무지,,후드
images/c477e419880856d910787c49bf4040eb.jpg,train,218.0,304.0,249.0,619.0,원피스,,,,,반팔,캡 소매,,롱·긴바지 기장,,칼라 없음,,,A라인,,,단추|벨트
images/6bddf4d12de42a564435ba3192bb41f0.jpg,train,437.0,416.0,140.0,265.0,원피스,,,,,,,,,홀터넥,,,,A라인,무지,,
images/9ffa5c78d20c47a71c71d681471e524b.jpg,train,117.0,216.0,358.0,472.0,원피스,,,,,긴팔,벨 소매,,쇼츠·미니 기장,라운드넥,,,,,무지,,
images/4cdb0bf0d4721b01407b2ff19d7758c6.jpg,train,202.0,230.0,282.0,673.0,점프수트,,,,,7부 소매,,,롱·긴바지 기장,,스탠드 칼라,,,,무지,,단추
images/bdf104390ebcbd0814ece94488959223.jpg,train,284.0,398.0,191.0,403.0,니트,,,,,긴팔,기본 소매,기본 기장,,,칼라 없음,레귤러핏,,,무지,니트,
images/bdf104390ebcbd0814ece94488959223.jpg,train,308.0,719.0,144.0,304.0,청바지,,,,,,,,,,,,,,무지,데님,포켓
images/8d6a89431fc77f62f179ec16838f1004.jpg,train,146.0,290.0,329.0,417.0,탑,,,,,,,크롭 기장,,,,슬림핏,,,무지,,스팽글
images/8d6a89431fc77f62f179ec16838f1004.jpg,train,155.0,707.0,360.0,316.0,청바지,,,,,,,,,,,,슬림핏,,무지,데님,포켓
images/6f70d14474a43d0def0e4d5190c91025.jpg,train,155.0,158.0,271.0,369.0,티셔츠,,,,,긴팔,,,,터틀넥,라펠 칼라,슬림핏,,,무지,,
images/6f70d14474a43d0def0e4d5190c91025.jpg,train,71.0,200.0,511.0,823.0,코트,,,,,긴팔,기본 소매,,,,,여유핏,,,무지,,벨트
images/730be4159db08e7beae9ddece2bc8078.jpg,val_train_split,235.0,405.0,198.0,245.0,스커트,,,,,,,,쇼츠·미니 기장,,,,,A라인,,,지퍼
images/730be4159db08e7beae9ddece2bc8078.jpg,val_train_split,313.0,262.0,72.0,145.0,티셔츠,,,,,,,,,라운드넥,,슬림핏,,,무지,,
images/730be4159db08e7beae9ddece2bc8078.jpg,val_train_split,201.0,235.0,257.0,245.0,재킷,,,,,7부 소매,기본 소매,크롭 기장,,,셔츠 칼라,레귤러핏,,,무지,,단추|포켓
images/ef518521a4d158513d1776f1a7ce5f8b.jpg,train,19.0,305.0,217.0,240.0,티셔츠,,,,,반팔,캡 소매,크롭 기장,,라운드넥,,여유핏,,,플로럴,,
images/ef518521a4d158513d1776f1a7ce5f8b.jpg,train,19.0,501.0,166.0,411.0,스커트,,,,,,,,롱·긴바지 기장,,,,스트레이트핏,H라인,도트,,지퍼
images/85b6fee67d95134232dc42d9533e6c22.jpg,val_train_split,555.0,199.0,274.0,537.0,코트,,,,,긴팔,기본 소매,,,,셔츠 칼라,레귤러핏,,,무지,,단추|포켓
images/85b6fee67d95134232dc42d9533e6c22.jpg,val_train_split,544.0,726.0,242.0,143.0,팬츠,,,,,,,,미디·7부 기장,,,,,,무지,,
images/85b6fee67d95134232dc42d9533e6c22.jpg,val_train_split,668.0,188.0,31.0,82.0,티셔츠,,,,,,,,,터틀넥,,,,,무지,,
images/d6c2778bbb1975656841d015a23c1456.jpg,val_train_split,420.0,106.0,175.0,221.0,재킷,,,,,7부 소매,기본 소매,크롭 기장,,,라펠 칼라,레귤러핏,,,체크,,포켓
images/d6c2778bbb1975656841d015a23c1456.jpg,val_train_split,393.0,87.0,220.0,359.0,셔츠,,,,,,,,,,셔츠 칼라,레귤러핏,,,스트라이프,,단추
images/d6c2778bbb1975656841d015a23c1456.jpg,val_train_split,417.0,296.0,173.0,213.0,스커트,,,,,,,,미디·7부 기장,,,,,A라인,체크,,지퍼
images/c6f0e75ff9099e7cac303c928bd4b074.jpg,train,146.0,204.0,256.0,702.0,점프수트,,,,,긴팔,기본 소매,,롱·긴바지 기장,,셔츠 칼라,레귤러핏,,,도트,,지퍼|포켓
images/6a6c9b25aa5327444aa7fde85161216e.jpg,train,79.0,0.0,600.0,845.0,재킷,,,,,긴팔,기본 소매,크롭 기장,,,,레귤러핏,,,무지,,지퍼|포켓|후드
images/6a6c9b25aa5327444aa7fde85161216e.jpg,train,26.0,732.0,342.0,261.0,쇼츠,,,,,,,,쇼츠·미니 기장,,,,슬림핏,,무지,,
images/a9c2c8e06bc8ce0aa12e6e888e95152f.jpg,train,420.0,328.0,117.0,492.0,원피스,,,,,,,,롱·긴바지 기장,터틀넥,,,,,무지,,지퍼
images/a9c2c8e06bc8ce0aa12e6e888e95152f.jpg,train,351.0,337.0,223.0,467.0,코트,,,,,긴팔,기본 소매,,,,,여유핏,,,무지,,
images/6d72c5e6bc0b956a5332fead0f01bf46.jpg,train,209.0,208.0,224.0,455.0,원피스,,,,,,,,쇼츠·미니 기장,홀터넥,,,,,무지,,지퍼
images/cbcd08255bbb1077753e8e1df92e56f2.jpg,val_train_split,266.0,238.0,117.0,176.0,티셔츠,,,,,반팔,캡 소매,,,,,레귤러핏,,,무지,,
images/cbcd08255bbb1077753e8e1df92e56f2.jpg,val_train_split,265.0,232.0,168.0,665.0,점프수트,,,,,,,,롱·긴바지 기장,라운드넥,,,,H라인,무지,,플리츠|지퍼
images/7d81628813e32d22c9a47d49decda260.jpg,train,710.0,339.0,204.0,301.0,티셔츠,,,,,7부 소매,벨 소매,크롭 기장,,,,오버핏,,비대칭,무지,,
images/9f255f3fb8b2b1ede7976b9fd7fa0600.jpg,train,241.0,168.0,255.0,386.0,원피스,,,,,,,,쇼츠·미니 기장,V넥,,,,X라인,무지,,지퍼|프릴·러플
images/0810ce4324a74182a0b6f733192f8b17.jpg,train,277.0,235.0,165.0,298.0,베스트,,,,,,,크롭 기장,,,,슬림핏,,,무지,,
images/0810ce4324a74182a0b6f733192f8b17.jpg,train,275.0,507.0,143.0,72.0,쇼츠,,,,,,,,쇼츠·미니 기장,,,,,,무지,,
images/b820778117bb1beb827d4887cd60de31.jpg,train,196.0,208.0,218.0,307.0,재킷,,,,,긴팔,기본 소매,크롭 기장,,,스탠드 칼라,슬림핏,,,무지,,지퍼|포켓
images/b820778117bb1beb827d4887cd60de31.jpg,train,233.0,428.0,160.0,427.0,팬츠,,,,,,,,롱·긴바지 기장,,,,슬림핏,,무지,,
images/457f5d4051e00dc362780b8ddaf5c9d5.jpg,train,83.0,758.0,279.0,264.0,팬츠,,,,,,,,,,,,,,무지,,포켓
images/457f5d4051e00dc362780b8ddaf5c9d5.jpg,train,19.0,257.0,505.0,530.0,니트,,,,,긴팔,기본 소매,크롭 기장,,,,레귤러핏,,,무지,니트,포켓|후드
images/17b991b7c07439c97a9b5b2c540f0f15.jpg,val_train_split,282.0,313.0,258.0,663.0,원피스,,,,,,,,롱·긴바지 기장,홀터넥,,,,,무지,,지퍼
images/07e5de6b411c13d4b3d45f18cdd8e964.jpg,train,296.0,235.0,527.0,787.0,원피스,,,,,,,,롱·긴바지 기장,,,,,X라인,무지,,지퍼
images/6f7476546f63cdecf12724a66a79f907.jpg,train,114.0,215.0,344.0,720.0,원피스,,,,,민소매,캡 소매,,롱·긴바지 기장,,,,,,무지,,스팽글|지퍼
images/d37d46e5e08273500a733f06c935f4d7.jpg,val_train_split,170.0,284.0,283.0,416.0,원피스,,,,,,,,무릎 기장,,,,,X라인,애니멀,,지퍼|벨트
images/17578f3b897e7e1703fc4b660f5bf761.jpg,train,175.0,259.0,288.0,339.0,티셔츠,,,,,반팔,기본 소매,,,라운드넥,,레귤러핏,,,무지,,
images/17578f3b897e7e1703fc4b660f5bf761.jpg,train,289.0,577.0,253.0,446.0,팬츠,,,,,,,,,,,,슬림핏,,무지,,포켓
images/17578f3b897e7e1703fc4b660f5bf761.jpg,train,249.0,227.0,331.0,523.0,베스트,,,,,,,,,,라펠 칼라,레귤러핏,,,무지,,벨트
images/8dc099085bdeb81ef38fd4ab3247b023.jpg,train,110.0,303.0,470.0,698.0,원피스,,,,,,,,롱·긴바지 기장,,,,,X라인,무지,,지퍼
images/feb2e70ea41a86df9c9984df1aff49d1.jpg,train,215.0,208.0,242.0,209.0,셔츠,,,,,7부 소매,기본 소매,크롭 기장,,,,슬림핏,,,애니멀,,단추
images/feb2e70ea41a86df9c9984df1aff49d1.jpg,train,243.0,365.0,179.0,270.0,스커트,,,,,,,,쇼츠·미니 기장,,,,,,무지,,지퍼
images/5bdbea89a73a6c8af5bb10221a165669.jpg,train,246.0,749.0,266.0,273.0,팬츠,,,,,,,,,,,,,,그래픽,,
images/5bdbea89a73a6c8af5bb10221a165669.jpg,train,209.0,409.0,343.0,473.0,니트,,,,,긴팔,,크롭 기장,,V넥,,여유핏,,,무지,니트,
images/f2048f4e3fdf13a7a4bab6802499a6ab.jpg,train,460.0,510.0,212.0,122.0,쇼츠,,,,,,,,쇼츠·미니 기장,,,,,,무지,,포켓
images/f2048f4e3fdf13a7a4bab6802499a6ab.jpg,train,421.0,263.0,290.0,288.0,티셔츠,,,,,반팔,벨 소매,크롭 기장,,보트넥,,레귤러핏,,,무지,,리본|벨트
images/66034b77c7dece6ceef15a65b60311d6.jpg,val_train_split,229.0,383.0,275.0,434.0,니트,,,,,,,크롭 기장,,,,레귤러핏,,,무지,니트,포켓
images/66034b77c7dece6ceef15a65b60311d6.jpg,val_train_split,256.0,328.0,231.0,537.0,셔츠,,,,,,,기본 기장,,,셔츠 칼라,레귤러핏,,,무지,,단추
images/66034b77c7dece6ceef15a65b60311d6.jpg,val_train_split,180.0,335.0,364.0,477.0,블레이저,,,,,긴팔,기본 소매,크롭 기장,,,,레귤러핏,,,무지,가죽|스웨이드,지퍼
images/66034b77c7dece6ceef15a65b60311d6.jpg,val_train_split,231.0,748.0,264.0,275.0,팬츠,,,,,,,,,,,,슬림핏,,,,
images/78b089fbc483bb0d28bd4399b6b050c0.jpg,train,235.0,328.0,221.0,479.0,재킷,,,,,,,크롭 기장,,,라펠 칼라,레귤러핏,,,무지,,
images/78b089fbc483bb0d28bd4399b6b050c0.jpg,train,227.0,730.0,317.0,293.0,팬츠,,,,,,,,,,,,스트레이트핏,H라인,무지,,포켓
images/78b089fbc483bb0d28bd4399b6b050c0.jpg,train,112.0,306.0,480.0,717.0,코트,,,,,긴팔,기본 소매,,,,라펠 칼라,레귤러핏,,,무지,,단추|포켓
images/78b089fbc483bb0d28bd4399b6b050c0.jpg,train,200.0,321.0,366.0,529.0,셔츠,,,,,긴팔,기본 소매,,,,셔츠 칼라,슬림핏,,,무지,,단추|포켓|벨트
images/c37e62d23a646fe363fa4dc9515d353c.jpg,train,177.0,214.0,409.0,641.0,원피스,,,,,긴팔,기본 소매,,롱·긴바지 기장,,,,,,무지|애니멀,,
images/9beda3e254d1ae0187c994bd4844c30f.jpg,train,276.0,195.0,177.0,231.0,탑,,,,,,,크롭 기장,,V넥,,슬림핏,,,그래픽,,
images/9beda3e254d1ae0187c994bd4844c30f.jpg,train,178.0,385.0,294.0,504.0,팬츠,,,,,,,,미디·7부 기장,,,,,,그래픽,,
images/fb2e7f69b5d887a5c5fd594d7fa3431a.jpg,train,136.0,227.0,269.0,657.0,원피스,,,,,7부 소매,벌룬 소매,,미디·7부 기장,,셔츠 칼라,,,A라인,,,단추
images/764cfe5170e8647899f34dcce92af99f.jpg,train,207.0,201.0,250.0,413.0,원피스,,,,,반팔,기본 소매,,쇼츠·미니 기장,스퀘어넥,,,,,무지,,지퍼
images/956b0ac3da81750f51e60bc6311d3c15.jpg,val_train_split,322.0,288.0,190.0,665.0,원피스,,,,,,,,롱·긴바지 기장,홀터넥,,,,,무지,,플리츠|지퍼
images/3ad5d10ce72e2f215155d2f5699047d5.jpg,train,242.0,492.0,210.0,427.0,청바지,,,,,,,,롱·긴바지 기장,,,,,,무지,데님,포켓
images/3ad5d10ce72e2f215155d2f5699047d5.jpg,train,236.0,175.0,210.0,331.0,니트,,,,,긴팔,,크롭 기장,,터틀넥,,레귤러핏,,,무지,니트,포켓|지퍼
images/3ad5d10ce72e2f215155d2f5699047d5.jpg,train,214.0,182.0,249.0,301.0,재킷,,,,,긴팔,기본 소매,크롭 기장,,,,슬림핏,,,무지,,지퍼
images/3ad5d10ce72e2f215155d2f5699047d5.jpg,train,380.0,360.0,10.0,8.0,니트,,,,,,,,,,,,,,,니트,
images/d60c8d3b82ae41a118c9112fcd14b967.jpg,train,270.0,286.0,184.0,365.0,니트,,,,,긴팔,기본 소매,,,터틀넥,,여유핏,,,,니트,
images/d60c8d3b82ae41a118c9112fcd14b967.jpg,train,264.0,619.0,247.0,254.0,스커트,,,,,,,,미디·7부 기장,,,,스트레이트핏,비대칭,무지,,
images/e9a00979f33d374b8c156f7a47ad4ca1.jpg,val_train_split,133.0,189.0,242.0,682.0,원피스,,,,,,,,롱·긴바지 기장,스퀘어넥,,,,,플로럴,,지퍼
images/7ce2c6bd5d72ecdea739a18bdbc6bfc3.jpg,train,181.0,405.0,468.0,617.0,원피스,,,,,,,,,,,,,A라인,애니멀,,지퍼
images/6a7913201aa729c30a415e7abf3c8860.jpg,val_train_split,202.0,343.0,187.0,309.0,스커트,,,,,,,,쇼츠·미니 기장,,,,스트레이트핏,H라인,무지,,지퍼
images/6a7913201aa729c30a415e7abf3c8860.jpg,val_train_split,238.0,287.0,115.0,85.0,탑,,,,,,,크롭 기장,,,,슬림핏,,,무지,,
images/6a7913201aa729c30a415e7abf3c8860.jpg,val_train_split,141.0,210.0,396.0,688.0,코트,,,,,반팔,기본 소매,,,,,여유핏,,,무지,,리본
images/2bd0f1e7d54efcf220edfb705e4112c6.jpg,train,219.0,256.0,226.0,228.0,블레이저,,,,,긴팔,기본 소매,크롭 기장,,,라펠 칼라,레귤러핏,,,무지,,단추
images/2bd0f1e7d54efcf220edfb705e4112c6.jpg,train,282.0,279.0,83.0,126.0,탑,,,,,,,,,V넥,,슬림핏,,,무지,,
images/2bd0f1e7d54efcf220edfb705e4112c6.jpg,train,262.0,380.0,133.0,260.0,스커트,,,,,,,,무릎 기장,,,,스트레이트핏,H라인,무지,,플리츠|단추
images/348249986ebb10a135f3229a701d2334.jpg,train,164.0,256.0,390.0,595.0,원피스,,,,,,,,롱·긴바지 기장,홀터넥,,,,,무지,,지퍼
images/72d5e893e135ab502ff4611cec39eca3.jpg,train,325.0,167.0,277.0,401.0,재킷,,,,,긴팔,기본 소매,크롭 기장,,,,여유핏,,,무지,가죽,지퍼
images/72d5e893e135ab502ff4611cec39eca3.jpg,train,372.0,427.0,178.0,254.0,팬츠,,,,,,,,,,,,슬림핏,,무지,,
images/72d5e893e135ab502ff4611cec39eca3.jpg,train,454.0,208.0,63.0,223.0,티셔츠,,,,,,,,,터틀넥,,슬림핏,,,무지,,
images/25798800e97c0715d6ad41640f6a2caa.jpg,val_train_split,22.0,259.0,379.0,729.0,점프수트,,,,,7부 소매,퍼프 소매,,롱·긴바지 기장,,,,,,무지,,스팽글|지퍼
images/4e49f656a51bad4d229868de0365f418.jpg,train,362.0,355.0,96.0,53.0,쇼츠,,,,,,,,쇼츠·미니 기장,,,,,,무지,,포켓
images/4e49f656a51bad4d229868de0365f418.jpg,train,344.0,108.0,152.0,269.0,후드티,,,,,긴팔,기본 소매,기본 기장,,,,레귤러핏,,,무지,,후드|포켓
images/4b2afd63fe6014665560174a4bb10b0e.jpg,val_train_split,302.0,443.0,207.0,419.0,팬츠,,,,,,,,롱·긴바지 기장,,,,슬림핏,,플로럴,,
images/4b2afd63fe6014665560174a4bb10b0e.jpg,val_train_split,323.0,347.0,137.0,290.0,가디건,,,,,,,,,,,레귤러핏,,,무지,니트,
images/4b2afd63fe6014665560174a4bb10b0e.jpg,val_train_split,129.0,138.0,418.0,517.0,코트,,,,,긴팔,기본 소매,,,,라펠 칼라,슬림핏,,,,,단추
images/c0681cf229cfd729dd988c974fe52186.jpg,train,210.0,126.0,250.0,259.0,니트,,,,,7부 소매,,크롭 기장,,,,여유핏,,,,니트,
images/c0681cf229cfd729dd988c974fe52186.jpg,train,229.0,150.0,154.0,263.0,티셔츠,,,,,7부 소매,,기본 기장,,,,슬림핏,,,무지,,
images/c0681cf229cfd729dd988c974fe52186.jpg,train,177.0,407.0,434.0,264.0,청바지,,,,,,,,롱·긴바지 기장,,,,슬림핏,,무지,데님,포켓
images/49ea05219843af287f5a02717285f6db.jpg,train,189.0,369.0,353.0,416.0,스커트,,,,,,,,미디·7부 기장,,,,,,,,지퍼
images/49ea05219843af287f5a02717285f6db.jpg,train,306.0,204.0,141.0,339.0,점프수트,,,,,,,,쇼츠·미니 기장,,,슬림핏,,,무지,,지퍼
images/99f86779f1d7ea06a584d7a4f444e66f.jpg,train,223.0,465.0,227.0,132.0,스커트,,,,,,,,쇼츠·미니 기장,,,,,A라인,무지,,플리츠|지퍼
images/99f86779f1d7ea06a584d7a4f444e66f.jpg,train,235.0,207.0,241.0,286.0,니트,,,,,반팔,래글런 소매,크롭 기장,,라운드넥,,슬림핏,,,,니트,
images/09a2b58bd98de358d6e72e31d739750b.jpg,train,237.0,431.0,183.0,189.0,스커트,,,,,,,,쇼츠·미니 기장,,,,스트레이트핏,H라인,무지,,지퍼
images/09a2b58bd98de358d6e72e31d739750b.jpg,train,248.0,181.0,266.0,272.0,티셔츠,,,,,반팔,기본 소매,크롭 기장,,,,,,비대칭,무지,,리본|벨트
images/18e3c4469bb9963ba84d36e75c553a87.jpg,train,31.0,287.0,549.0,715.0,원피스,,,,,반팔,캡 소매,,무릎 기장,라운드넥,,,,,플로럴,,지퍼|포켓|스팽글
images/ebdeb064d4b1417f7338a44771e2ad08.jpg,train,193.0,426.0,207.0,468.0,팬츠,,,,,,,,롱·긴바지 기장,,,,,,플로럴,,플리츠|벨트
images/ebdeb064d4b1417f7338a44771e2ad08.jpg,train,210.0,217.0,157.0,227.0,탑,,,,,,,,,스퀘어넥,,슬림핏,,,무지,,
images/4376b58feee2bd8dd8270fc46ee9dd4e.jpg,val_train_split,635.0,194.0,144.0,223.0,원피스,,,,,,,,쇼츠·미니 기장,,,,,O라인,무지,,플리츠|지퍼|벨트
images/e4d80f9dd4625b064bf35af252988933.jpg,train,206.0,404.0,327.0,570.0,원피스,,,,,,,,쇼츠·미니 기장,,,,,X라인,도트|그래픽,,
images/34b14c32653b99ea0db40ae28a6fba1b.jpg,train,282.0,475.0,134.0,234.0,점프수트,,,,,,,,쇼츠·미니 기장,,,여유핏,,,무지,,
images/118db7b6baf4e5389320121001e08c7d.jpg,train,434.0,189.0,151.0,372.0,점프수트,,,,,,,,미디·7부 기장,,,,,,무지,,
images/118db7b6baf4e5389320121001e08c7d.jpg,train,444.0,180.0,167.0,326.0,코트,,,,,긴팔,기본 소매,,,라운드넥,라펠 칼라,레귤러핏,,,무지,,단추|포켓|벨트
images/13b43cf79c96ae041893229f848e46f0.jpg,train,219.0,318.0,293.0,359.0,니트,,,,,7부 소매,,크롭 기장,,,,슬림핏,,,플로럴,니트,
images/13b43cf79c96ae041893229f848e46f0.jpg,train,479.0,294.0,186.0,520.0,재킷,,,,,긴팔,기본 소매,크롭 기장,,,라펠 칼라,레귤러핏,,,체크,,
images/13b43cf79c96ae041893229f848e46f0.jpg,train,263.0,661.0,289.0,362.0,팬츠,,,,,,,,,,,,,,체크,,
images/211af2d6dbee3543366be67910c76f62.jpg,train,173.0,854.0,347.0,169.0,청바지,,,,,,,,,,,,,,무지,데님,
images/211af2d6dbee3543366be67910c76f62.jpg,train,251.0,295.0,124.0,300.0,셔츠,,,,,,,,,,셔츠 칼라,레귤러핏,,,도트,,단추
images/211af2d6dbee3543366be67910c76f62.jpg,train,60.0,262.0,543.0,693.0,재킷,,,,,긴팔,래글런 소매,크롭 기장,,,셔츠 칼라,여유핏,,,무지,,지퍼|포켓
images/3c1863b40b281a1fc723e1e3c4b536b1.jpg,train,511.0,231.0,432.0,342.0,탑,,,,,,,크롭 기장,,홀터넥,,여유핏,,,무지,,벨트
images/3c1863b40b281a1fc723e1e3c4b536b1.jpg,train,577.0,515.0,259.0,164.0,쇼츠,,,,,,,,쇼츠·미니 기장,,,,,,무지,,포켓
images/fd129b79c9bad1bac0b5c0170d448bfd.jpg,train,327.0,827.0,296.0,124.0,팬츠,,,,,,,,,,,,스트레이트핏,H라인,무지,,
images/fd129b79c9bad1bac0b5c0170d448bfd.jpg,train,263.0,417.0,436.0,530.0,재킷,,,,,긴팔,기본 소매,기본 기장,,,라펠 칼라,여유핏,,,무지,,단추|포켓|벨트
images/fd129b79c9bad1bac0b5c0170d448bfd.jpg,train,347.0,418.0,290.0,395.0,셔츠,,,,,긴팔,기본 소매,,,,셔츠 칼라,레귤러핏,,,체크,,단추|포켓
images/6d12f8a2d99a3c93f49755c1f2a99e44.jpg,val_train_split,130.0,218.0,480.0,750.0,코트,,,,,긴팔,기본 소매,,,,라펠 칼라,레귤러핏,,,무지,퍼·플리스,지퍼|포켓
images/6d12f8a2d99a3c93f49755c1f2a99e44.jpg,val_train_split,411.0,366.0,57.0,205.0,니트,,,,,,,,,,,레귤러핏,,,스트라이프,니트,
images/6d12f8a2d99a3c93f49755c1f2a99e44.jpg,val_train_split,246.0,876.0,271.0,147.0,청바지,,,,,,,,,,,,,,무지,데님,
images/09714b7c7a717a7d507a88e05481f2a1.jpg,train,146.0,732.0,312.0,291.0,팬츠,,,,,,,,,,,,,,무지,,
images/09714b7c7a717a7d507a88e05481f2a1.jpg,train,184.0,61.0,383.0,692.0,후드티,,,,,긴팔,기본 소매,기본 기장,,,,레귤러핏,,,무지,,후드
images/09714b7c7a717a7d507a88e05481f2a1.jpg,train,183.0,255.0,295.0,513.0,티셔츠,,,,,긴팔,기본 소매,기본 기장,,,,레귤러핏,,,무지,,포켓
images/8d97e356afb7266aab1200192f16c532.jpg,val_train_split,0.0,234.0,664.0,789.0,티셔츠,,,,,긴팔,래글런 소매,,,라운드넥,,여유핏,,,무지,,
images/52e92c0f904e251e1188abab720679f3.jpg,train,216.0,210.0,125.0,419.0,원피스,,,,,,,,롱·긴바지 기장,,,,,A라인,그래픽,,지퍼
images/c94735bba05865b437c44010deaa22d1.jpg,val_train_split,71.0,228.0,435.0,506.0,재킷,,,,,긴팔,기본 소매,크롭 기장,,,,여유핏,,,무지,퍼·플리스,지퍼
images/c94735bba05865b437c44010deaa22d1.jpg,val_train_split,146.0,656.0,246.0,174.0,원피스,,,,,,,,쇼츠·미니 기장,,,,,A라인,무지,니트,플리츠|지퍼
images/10b8918ff6d5e1f6d754ade9b4296ea7.jpg,val_train_split,308.0,155.0,223.0,843.0,점프수트,,,,,긴팔,기본 소매,,롱·긴바지 기장,,칼라 없음,,,H라인,,,지퍼
images/e17f7302d5fc13fc360745011378966f.jpg,train,113.0,442.0,445.0,581.0,티셔츠,,,,,긴팔,,,,터틀넥,,슬림핏,,,무지,,
images/f74624af75bc64caf07adff547e45ccf.jpg,train,413.0,187.0,285.0,432.0,원피스,,,,,,,,롱·긴바지 기장,,,,,O라인,무지|플로럴,,지퍼
images/5d5771c2a3b63d3afb1693d724623887.jpg,train,258.0,482.0,206.0,410.0,팬츠,,,,,,,,롱·긴바지 기장,,,,,,무지,,
images/5d5771c2a3b63d3afb1693d724623887.jpg,train,318.0,111.0,75.0,53.0,티셔츠,,,,,,,,,,,슬림핏,,,무지,,
images/5d5771c2a3b63d3afb1693d724623887.jpg,train,343.0,163.0,46.0,146.0,티셔츠,,,,,,,,,터틀넥,,슬림핏,,,무지,,
images/5d5771c2a3b63d3afb1693d724623887.jpg,train,188.0,113.0,343.0,425.0,재킷,,,,,긴팔,기본 소매,크롭 기장,,,라펠 칼라,여유핏,,,무지,퍼·플리스,포켓
images/e6fcbbc8fda59389c09300401dcca8e3.jpg,train,480.0,164.0,273.0,441.0,티셔츠,,,,,긴팔,기본 소매,기본 기장,,터틀넥,,여유핏,,,무지,,
images/e6fcbbc8fda59389c09300401dcca8e3.jpg,train,547.0,542.0,243.0,353.0,청바지,,,,,,,,롱·긴바지 기장,,,,,,그래픽,데님,
images/e2c3ed4255661cbe557220a716dcd6ac.jpg,train,209.0,444.0,154.0,420.0,청바지,,,,,,,,롱·긴바지 기장,,,,,,무지,데님,포켓
images/e2c3ed4255661cbe557220a716dcd6ac.jpg,train,165.0,211.0,243.0,248.0,재킷,,,,,7부 소매,기본 소매,크롭 기장,,,,슬림핏,,,무지,퍼·플리스,지퍼
images/de1526fefd35d1ddd9e3234c893ac7d6.jpg,train,304.0,436.0,225.0,170.0,스커트,,,,,,,,쇼츠·미니 기장,,,,,A라인,애니멀,,지퍼
images/de1526fefd35d1ddd9e3234c893ac7d6.jpg,train,217.0,253.0,352.0,160.0,티셔츠,,,,,반팔,,,,,,슬림핏,,,무지,,리본
images/b791e0e78042f967216f671a63c2753f.jpg,train,252.0,303.0,96.0,310.0,재킷,,,,,,,크롭 기장,,보트넥,라펠 칼라,레귤러핏,,,체크,,
images/b791e0e78042f967216f671a63c2753f.jpg,train,190.0,327.0,232.0,315.0,원피스,,,,,7부 소매,기본 소매,,쇼츠·미니 기장,,,,,,무지,,지퍼|포켓
images/b791e0e78042f967216f671a63c2753f.jpg,train,184.0,308.0,238.0,389.0,코트,,,,,7부 소매,기본 소매,,,,라펠 칼라,레귤러핏,,,체크,,단추|포켓
images/0cabec0bd42ef13486cc3e3a2630ba48.jpg,train,148.0,205.0,349.0,384.0,코트,,,,,긴팔,기본 소매,,,,,레귤러핏,,,무지,퍼·플리스,
images/0cabec0bd42ef13486cc3e3a2630ba48.jpg,train,299.0,197.0,101.0,317.0,티셔츠,,,,,,,기본 기장,,,,레귤러핏,,,무지,,
images/0cabec0bd42ef13486cc3e3a2630ba48.jpg,train,247.0,512.0,173.0,342.0,팬츠,,,,,,,,,,,,슬림핏,,무지,,
images/b2d21696c4b24b0fbbc57ef76a6bf9f5.jpg,train,222.0,240.0,219.0,702.0,원피스,,,,,,,,롱·긴바지 기장,스퀘어넥,,,,A라인,플로럴,,지퍼
images/70815cdcf241b7eaea84479779bdfd13.jpg,train,284.0,195.0,151.0,242.0,탑,,,,,,,크롭 기장,,홀터넥,,슬림핏,,,무지,,
images/70815cdcf241b7eaea84479779bdfd13.jpg,train,407.0,201.0,31.0,22.0,탑,,,,,,,,,,,슬림핏,,,무지,,
images/70815cdcf241b7eaea84479779bdfd13.jpg,train,237.0,400.0,192.0,369.0,스커트,,,,,,,,미디·7부 기장,,,,스트레이트핏,H라인,무지,,벨트
images/ff73f17eae6e03385dac85aa2e0ad415.jpg,train,306.0,210.0,363.0,310.0,재킷,,,,,긴팔,기본 소매,크롭 기장,,,,레귤러핏,,,무지,가죽,포켓
images/ff73f17eae6e03385dac85aa2e0ad415.jpg,train,278.0,194.0,392.0,354.0,니트,,,,,긴팔,,크롭 기장,,,,레귤러핏,,,,니트,
images/ff73f17eae6e03385dac85aa2e0ad415.jpg,train,433.0,554.0,153.0,125.0,청바지,,,,,,,,,,,,슬림핏,,무지,데님,포켓
images/e73c5ef2a574e4808cddd46ebc8677ba.jpg,train,260.0,320.0,185.0,511.0,원피스,,,,,,,,미디·7부 기장,터틀넥,,,,A라인,무지,,지퍼
images/76a9ebab9885dcd05c02d04b2fa0a0de.jpg,train,537.0,140.0,238.0,247.0,원피스,,,,,반팔,기본 소매,,쇼츠·미니 기장,,,,,H라인,,니트,리본|후드
images/b2298705557d8ec6e09813a74a4804c6.jpg,train,234.0,840.0,222.0,183.0,청바지,,,,,,,,,,,,,,무지,데님,
images/b2298705557d8ec6e09813a74a4804c6.jpg,train,189.0,538.0,257.0,329.0,티셔츠,,,,,반팔,기본 소매,기본 기장,,라운드넥,,오버핏,,,무지,,
images/cb6220f38ba08a4dcf51e483c887be6a.jpg,train,536.0,230.0,191.0,150.0,셔츠,,,,,반팔,기본 소매,크롭 기장,,라운드넥,,여유핏,,,그래픽,,
images/cb6220f38ba08a4dcf51e483c887be6a.jpg,train,593.0,372.0,62.0,37.0,쇼츠,,,,,,,,쇼츠·미니 기장,,,,,,무지,,
images/2a79c4e6e5951677ec17da8f72ae033f.jpg,val_train_split,289.0,193.0,226.0,354.0,점프수트,,,,,,,,쇼츠·미니 기장,,,레귤러핏,,,무지,,단추|포켓
images/2a79c4e6e5951677ec17da8f72ae033f.jpg,val_train_split,306.0,192.0,186.0,184.0,탑,,,,,,,,,,,레귤러핏,,,무지,,
images/eb8a6ed9fea3fd6949774e598fed9d20.jpg,train,178.0,176.0,343.0,488.0,원피스,,,,,반팔,벨 소매,,쇼츠·미니 기장,,,,,,플로럴,,리본|벨트
images/21760a107ca6d5a3fb40a65784e597e0.jpg,train,213.0,278.0,402.0,640.0,원피스,,,,,반팔,캡 소매,,롱·긴바지 기장,보트넥,,,,A라인,무지,,지퍼
images/f6be964794a2d38484b6aebd6995d420.jpg,train,221.0,252.0,458.0,771.0,점프수트,,,,,,,,,,,여유핏,,,무지,,지퍼
images/f6be964794a2d38484b6aebd6995d420.jpg,train,0.0,227.0,563.0,454.0,재킷,,,,,긴팔,기본 소매,크롭 기장,,,라펠 칼라,레귤러핏,,비대칭,무지,,
images/f6be964794a2d38484b6aebd6995d420.jpg,train,215.0,215.0,299.0,443.0,티셔츠,,,,,,,,,터틀넥,,레귤러핏,,,무지,,
images/5931bacbeaf7c14774cf1a6432c246e6.jpg,train,335.0,250.0,349.0,359.0,후드티,,,,,긴팔,기본 소매,,,,,레귤러핏,,,무지,,후드
images/5931bacbeaf7c14774cf1a6432c246e6.jpg,train,321.0,302.0,372.0,307.0,팬츠,,,,,,,,,,,,,,무지,,
images/3bc8884a383a20fc99f2f9f1c2d72c0b.jpg,train,178.0,388.0,125.0,100.0,탑,,,,,,,,,,,레귤러핏,,,무지,,
images/3bc8884a383a20fc99f2f9f1c2d72c0b.jpg,train,139.0,500.0,190.0,160.0,스커트,,,,,,,,쇼츠·미니 기장,,,,,A라인,무지,,지퍼
images/3bc8884a383a20fc99f2f9f1c2d72c0b.jpg,train,130.0,313.0,234.0,291.0,블레이저,,,,,7부 소매,기본 소매,크롭 기장,,,라펠 칼라,레귤러핏,,,,,벨트|포켓
images/6dc34c3e066f47740f0d2560444e4fa0.jpg,train,233.0,288.0,201.0,334.0,원피스,,,,,반팔,퍼프 소매,,쇼츠·미니 기장,,스탠드 칼라,,,,무지,,지퍼|포켓|벨트
images/4fb466261152210b809374aac57353fa.jpg,train,240.0,180.0,176.0,444.0,원피스,,,,,,,,쇼츠·미니 기장,라운드넥,칼라 없음,,,,무지,,지퍼
images/4fb466261152210b809374aac57353fa.jpg,train,201.0,184.0,306.0,495.0,코트,,,,,긴팔,벨 소매,,,,,레귤러핏,,,무지,,단추|지퍼
images/c8850077a3eb63f7af76e8abfa71a4ae.jpg,train,387.0,419.0,166.0,231.0,재킷,,,,,,,크롭 기장,,,,,,,플로럴,,
images/c8850077a3eb63f7af76e8abfa71a4ae.jpg,train,112.0,291.0,392.0,200.0,셔츠,,,,,긴팔,기본 소매,,,,셔츠 칼라,레귤러핏,,,,,단추
images/c8850077a3eb63f7af76e8abfa71a4ae.jpg,train,289.0,302.0,165.0,281.0,베스트,,,,,,,기본 기장,,,,레귤러핏,,,스트라이프,,단추
images/c8850077a3eb63f7af76e8abfa71a4ae.jpg,train,303.0,550.0,166.0,348.0,팬츠,,,,,,,,롱·긴바지 기장,,,,스트레이트핏,H라인,무지,,
images/c57b8eac59830004932ab937cff16f29.jpg,train,248.0,397.0,171.0,225.0,스커트,,,,,,,,쇼츠·미니 기장,,,,스트레이트핏,H라인,,,지퍼
images/c57b8eac59830004932ab937cff16f29.jpg,train,237.0,202.0,227.0,291.0,티셔츠,,,,,7부 소매,,,,터틀넥,,슬림핏,,,무지,,
images/fb2d037cffec47d2233af369f7a4a14f.jpg,train,211.0,135.0,358.0,495.0,원피스,,,,,반팔,기본 소매,,쇼츠·미니 기장,터틀넥,,,,A라인,무지,,지퍼|리본
images/2d715680fd2ad49a2b97be229f6bb5e2.jpg,train,210.0,171.0,270.0,367.0,티셔츠,,,,,긴팔,,,,라운드넥,,레귤러핏,,,무지,,포켓|지퍼
images/2d715680fd2ad49a2b97be229f6bb5e2.jpg,train,194.0,129.0,299.0,398.0,재킷,,,,,긴팔,기본 소매,크롭 기장,,,라펠 칼라,레귤러핏,,비대칭,체크,,지퍼
images/2d715680fd2ad49a2b97be229f6bb5e2.jpg,train,238.0,465.0,203.0,207.0,쇼츠,,,,,,,,쇼츠·미니 기장,,,,,,체크,,
images/50472bbb904b491ce7603a43dcd2e220.jpg,train,227.0,224.0,220.0,362.0,원피스,,,,,긴팔,기본 소매,,쇼츠·미니 기장,라운드넥,,,,,애니멀,,스팽글|지퍼
images/55aabbf3041949e5d8bd4d790a4f8319.jpg,train,399.0,195.0,118.0,442.0,티셔츠,,,,,,,크롭 기장,,라운드넥,,레귤러핏,,,무지,,
images/55aabbf3041949e5d8bd4d790a4f8319.jpg,train,280.0,169.0,405.0,506.0,재킷,,,,,긴팔,기본 소매,크롭 기장,,,셔츠 칼라,레귤러핏,,,카모,,지퍼|포켓
images/77bbfe552a9b21d4b90d2ef24d88e19f.jpg,val_train_split,315.0,137.0,186.0,347.0,티셔츠,,,,,긴팔,기본 소매,크롭 기장,,터틀넥,,레귤러핏,,,무지,,
images/77bbfe552a9b21d4b90d2ef24d88e19f.jpg,val_train_split,357.0,340.0,161.0,339.0,청바지,,,,,,,,,,,,스트레이트핏,H라인,무지,데님,포켓
images/ad273e21f5e2379db9e4c1ce4d45bed2.jpg,train,140.0,420.0,405.0,500.0,탑,,,,,,,,,,,슬림핏,,,무지,,프릴·러플
images/ad273e21f5e2379db9e4c1ce4d45bed2.jpg,train,7.0,377.0,620.0,646.0,가디건,,,,,긴팔,기본 소매,,,,,레귤러핏,,,무지,니트,단추
images/c4995915e1b817a04b6012d44370c8a7.jpg,val_train_split,669.0,219.0,234.0,317.0,베스트,,,,,,,크롭 기장,,,라펠 칼라,레귤러핏,,,무지,,단추|포켓
images/c4995915e1b817a04b6012d44370c8a7.jpg,val_train_split,202.0,378.0,702.0,290.0,청바지,,,,,,,,롱·긴바지 기장,,,,,,무지,데님,플리츠
images/bd39cda3ee6f455671d3fb9cdc73ec76.jpg,train,60.0,141.0,458.0,823.0,코트,,,,,긴팔,기본 소매,,,,,슬림핏,,,무지,퍼·플리스,포켓|벨트
images/e61141c24d665cfec6b4cf7c4d1e051f.jpg,val_train_split,17.0,434.0,595.0,588.0,티셔츠,,,,,반팔,기본 소매,,,라운드넥,,레귤러핏,,,무지,,포켓
images/e61141c24d665cfec6b4cf7c4d1e051f.jpg,val_train_split,66.0,320.0,502.0,702.0,베스트,,,,,,,크롭 기장,,,셔츠 칼라,레귤러핏,,,무지,,단추
images/e3c19d1a9a4c30b44515fa02db60822f.jpg,train,172.0,481.0,238.0,437.0,청바지,,,,,,,,롱·긴바지 기장,,,,,,무지,데님,
images/e3c19d1a9a4c30b44515fa02db60822f.jpg,train,271.0,213.0,29.0,10.0,티셔츠,,,,,,,,,라운드넥,,레귤러핏,,,무지,,
images/e3c19d1a9a4c30b44515fa02db60822f.jpg,train,154.0,213.0,223.0,337.0,니트,,,,,,,크롭 기장,,라운드넥,라펠 칼라,레귤러핏,,,무지,니트,포켓
images/e3c19d1a9a4c30b44515fa02db60822f.jpg,train,155.0,197.0,284.0,456.0,코트,,,,,긴팔,기본 소매,,,,,레귤러핏,,,무지,,단추|포켓
images/ec9eba05328040e50e8174abfa5c5056.jpg,train,257.0,444.0,162.0,305.0,원피스,,,,,7부 소매,기본 소매,,미디·7부 기장,V넥,,,,A라인,도트,,
images/ec9eba05328040e50e8174abfa5c5056.jpg,train,290.0,688.0,103.0,109.0,팬츠,,,,,,,,롱·긴바지 기장,,,,스트레이트핏,H라인,무지,,
images/dd0abb819696f15d9e717b4e331f70cc.jpg,train,204.0,161.0,246.0,275.0,재킷,,,,,7부 소매,기본 소매,크롭 기장,,,칼라 없음,레귤러핏,,,무지,,스팽글
images/dd0abb819696f15d9e717b4e331f70cc.jpg,train,233.0,244.0,184.0,526.0,원피스,,,,,,,,미디·7부 기장,,,,,A라인,무지,,지퍼
images/5d305cabf9eb34d99d9e96dd754ec127.jpg,train,157.0,285.0,218.0,252.0,탑,,,,,반팔,퍼프 소매,기본 기장,,오프숄더,,레귤러핏,,,플로럴,,프릴·러플
images/5d305cabf9eb34d99d9e96dd754ec127.jpg,train,302.0,523.0,57.0,39.0,쇼츠,,,,,,,,쇼츠·미니 기장,,,,,,무지,,
images/a4a9229763c9db220aaa91b3b5bc2e78.jpg,train,435.0,244.0,87.0,104.0,탑,,,,,,,크롭 기장,,,,슬림핏,,,무지,,
images/a4a9229763c9db220aaa91b3b5bc2e78.jpg,train,405.0,238.0,199.0,229.0,셔츠,,,,,긴팔,벨 소매,,,,,레귤러핏,,,,,
images/a4a9229763c9db220aaa91b3b5bc2e78.jpg,train,426.0,373.0,138.0,296.0,팬츠,,,,,,,,롱·긴바지 기장,,,,슬림핏,,무지,,
images/56526e99313c9b9a9e57be4254490e93.jpg,val_train_split,166.0,373.0,194.0,195.0,스커트,,,,,,,,쇼츠·미니 기장,,,,스트레이트핏,H라인,무지,,지퍼
images/56526e99313c9b9a9e57be4254490e93.jpg,val_train_split,180.0,182.0,141.0,209.0,셔츠,,,,,,,,,,셔츠 칼라,레귤러핏,,,,,
images/56526e99313c9b9a9e57be4254490e93.jpg,val_train_split,128.0,197.0,243.0,211.0,가디건,,,,,7부 소매,기본 소매,,,,,슬림핏,,,무지,니트,단추|벨트
images/c8832df3c3161dce250c893d5c1a3bdf.jpg,val_train_split,172.0,158.0,202.0,290.0,재킷,,,,,긴팔,기본 소매,크롭 기장,,,셔츠 칼라,레귤러핏,,,무지,,지퍼
images/c8832df3c3161dce250c893d5c1a3bdf.jpg,val_train_split,152.0,436.0,198.0,236.0,스커트,,,,,,,,무릎 기장,,,,,O라인,,,지퍼
images/0bace639370e4076e124767c98987dae.jpg,train,243.0,526.0,213.0,84.0,스커트,,,,,,,,쇼츠·미니 기장,,,,,A라인,무지,,
images/0bace639370e4076e124767c98987dae.jpg,train,260.0,286.0,162.0,264.0,탑,,,,,,,기본 기장,,스퀘어넥,,슬림핏,,,무지,,
images/b35e3e9428729a5be579065369e4ad1b.jpg,val_train_split,228.0,355.0,286.0,593.0,팬츠,,,,,,,,롱·긴바지 기장,,,,,,플로럴,,
images/b35e3e9428729a5be579065369e4ad1b.jpg,val_train_split,209.0,212.0,318.0,156.0,탑,,,,,반팔,,크롭 기장,,보트넥,,오버핏,,,무지,,
images/c8acd5317a3eece9906b5a72991b4e4b.jpg,val_train_split,198.0,385.0,213.0,250.0,스커트,,,,,,,,쇼츠·미니 기장,,,,플레어핏,,무지,,플리츠|지퍼
images/c8acd5317a3eece9906b5a72991b4e4b.jpg,val_train_split,223.0,192.0,143.0,211.0,티셔츠,,,,,,,,,터틀넥,,슬림핏,,,무지,,
images/c8acd5317a3eece9906b5a72991b4e4b.jpg,val_train_split,155.0,213.0,257.0,311.0,블레이저,,,,,긴팔,기본 소매,크롭 기장,,,,레귤러핏,,,그래픽,,
images/ac2e46a375fa1e6f5f7b0e31fc18444a.jpg,train,149.0,166.0,340.0,503.0,코트,,,,,긴팔,기본 소매,,,,,레귤러핏,,,무지,퍼·플리스,지퍼
images/ac2e46a375fa1e6f5f7b0e31fc18444a.jpg,train,237.0,231.0,151.0,278.0,니트,,,,,,,크롭 기장,,라운드넥,,레귤러핏,,,무지,니트,
images/ac2e46a375fa1e6f5f7b0e31fc18444a.jpg,train,223.0,607.0,168.0,273.0,팬츠,,,,,,,,,,,,슬림핏,,무지,,
images/ac2e46a375fa1e6f5f7b0e31fc18444a.jpg,train,226.0,220.0,178.0,431.0,원피스,,,,,,,,쇼츠·미니 기장,라운드넥,,,,A라인,플로럴,,지퍼
images/2c3b9a183d82d171d093e762bac47a1f.jpg,val_train_split,263.0,331.0,183.0,368.0,스커트,,,,,,,,무릎 기장,,,,,,무지,,스팽글|지퍼
images/2c3b9a183d82d171d093e762bac47a1f.jpg,val_train_split,274.0,172.0,166.0,166.0,탑,,,,,,,,,라운드넥,,레귤러핏,,,무지,,
images/b7e3e82b521312fba726495962844191.jpg,train,144.0,217.0,284.0,411.0,원피스,,,,,반팔,퍼프 소매,,쇼츠·미니 기장,,,,,비대칭,애니멀,,지퍼|리본
images/eeb3b2a7fc7dbf06e7aaf63965501a57.jpg,val_train_split,150.0,288.0,422.0,606.0,탑,,,,,반팔,벨 소매,기본 기장,,,,여유핏,,,무지,,플리츠
images/18b3d2f09777a6504e0097911fabb2cb.jpg,train,480.0,405.0,52.0,139.0,팬츠,,,,,,,,,,,,슬림핏,,무지,,
images/18b3d2f09777a6504e0097911fabb2cb.jpg,train,437.0,165.0,143.0,285.0,코트,,,,,긴팔,기본 소매,,,,,레귤러핏,,,무지,퍼·플리스,지퍼|포켓|후드
images/04e72c8435768799c846167e09e03a54.jpg,train,345.0,777.0,272.0,246.0,청바지,,,,,,,,,,,,,,무지,데님,
images/04e72c8435768799c846167e09e03a54.jpg,train,520.0,718.0,34.0,65.0,티셔츠,,,,,,,크롭 기장,,,,레귤러핏,,,무지,,
images/04e72c8435768799c846167e09e03a54.jpg,train,303.0,256.0,326.0,555.0,재킷,,,,,긴팔,기본 소매,크롭 기장,,,,레귤러핏,,,무지,,포켓|지퍼
images/04e72c8435768799c846167e09e03a54.jpg,train,99.0,260.0,552.0,641.0,재킷,,,,,긴팔,기본 소매,기본 기장,,,라펠 칼라,,,,카모,,지퍼
images/ca1e5359329fae6e9f82a48b2f9cc51e.jpg,train,262.0,134.0,350.0,498.0,코트,,,,,긴팔,기본 소매,,,,라펠 칼라,레귤러핏,,,체크,퍼·플리스,
images/c148cb6f63f7ed9ea4c787c7208b0845.jpg,train,201.0,250.0,292.0,326.0,셔츠,,,,,반팔,기본 소매,크롭 기장,,,셔츠 칼라,레귤러핏,,,체크,,단추|리본|벨트
images/c148cb6f63f7ed9ea4c787c7208b0845.jpg,train,239.0,510.0,204.0,51.0,탑,,,,,,,,,,,슬림핏,,,무지,,
images/c148cb6f63f7ed9ea4c787c7208b0845.jpg,train,233.0,559.0,241.0,360.0,청바지,,,,,,,,,,,,슬림핏,,무지,데님,포켓
images/c148cb6f63f7ed9ea4c787c7208b0845.jpg,train,236.0,270.0,208.0,296.0,베스트,,,,,,,크롭 기장,,,,레귤러핏,,,스트라이프,,단추
images/b84387d58761abe842fc992c1a1e7cb4.jpg,train,404.0,428.0,167.0,184.0,쇼츠,,,,,,,,쇼츠·미니 기장,,,,,,무지,,
images/b84387d58761abe842fc992c1a1e7cb4.jpg,train,407.0,215.0,157.0,227.0,탑,,,,,,,,,,,레귤러핏,,,무지,,
images/b84387d58761abe842fc992c1a1e7cb4.jpg,train,357.0,174.0,279.0,519.0,가디건,,,,,긴팔,,,,,,레귤러핏,,,무지,니트,
images/aa1aa44a24d58eb28697a0a6e6f57ada.jpg,train,132.0,355.0,323.0,387.0,베스트,,,,,,,크롭 기장,,,,슬림핏,,,스트라이프,,단추|포켓
images/aa1aa44a24d58eb28697a0a6e6f57ada.jpg,train,135.0,378.0,358.0,490.0,탑,,,,,,,기본 기장,,,,슬림핏,,,무지,,
images/aa1aa44a24d58eb28697a0a6e6f57ada.jpg,train,104.0,826.0,406.0,197.0,청바지,,,,,,,,,,,,슬림핏,,무지,데님,포켓
images/a2c399511d90d1b6ee95590d97733296.jpg,train,221.0,416.0,171.0,471.0,팬츠,,,,,,,,롱·긴바지 기장,,,,슬림핏,,무지,,지퍼
images/a2c399511d90d1b6ee95590d97733296.jpg,train,52.0,156.0,524.0,728.0,원피스,,,,,,,,롱·긴바지 기장,터틀넥,,,,,무지,,
images/a2c399511d90d1b6ee95590d97733296.jpg,train,154.0,191.0,321.0,337.0,재킷,,,,,긴팔,기본 소매,크롭 기장,,,,슬림핏,,,무지,,지퍼
images/6f6fdf8adc7696cd5d0b193c22fcf24d.jpg,train,378.0,489.0,140.0,204.0,팬츠,,,,,,,,,,,,,,무지,,
images/6f6fdf8adc7696cd5d0b193c22fcf24d.jpg,train,340.0,335.0,218.0,203.0,가디건,,,,,긴팔,기본 소매,크롭 기장,,,,레귤러핏,,,무지,니트,단추
images/8a50a348059b94cebf60f76659ff573e.jpg,train,193.0,471.0,356.0,513.0,티셔츠,,,,,,,,,,,슬림핏,,,무지,퍼·플리스,
images/8a50a348059b94cebf60f76659ff573e.jpg,train,0.0,446.0,681.0,577.0,재킷,,,,,긴팔,기본 소매,,,,,오버핏,,,무지,,지퍼|벨트
images/82b99bb10dcce363f2b45919fc2ad822.jpg,train,377.0,166.0,190.0,371.0,티셔츠,,,,,긴팔,기본 소매,기본 기장,,,스탠드 칼라,레귤러핏,,,무지,,
images/82b99bb10dcce363f2b45919fc2ad822.jpg,train,374.0,529.0,291.0,401.0,팬츠,,,,,,,,롱·긴바지 기장,,,,,,무지,,
images/7d10f55b39803776354a115a9ee9d1c3.jpg,train,159.0,214.0,494.0,460.0,재킷,,,,,긴팔,기본 소매,크롭 기장,,,스탠드 칼라,레귤러핏,,,무지,,지퍼|포켓
images/7d10f55b39803776354a115a9ee9d1c3.jpg,train,267.0,275.0,268.0,621.0,원피스,,,,,,,,쇼츠·미니 기장,,,,,,무지,,지퍼|포켓
images/aaa9a9b3b97df4e6f99142292b2c2abe.jpg,train,124.0,469.0,191.0,169.0,탑,,,,,,,,,,,슬림핏,,,무지,,
images/aaa9a9b3b97df4e6f99142292b2c2abe.jpg,train,80.0,172.0,366.0,509.0,재킷,,,,,긴팔,기본 소매,크롭 기장,,,스탠드 칼라,레귤러핏,,,무지,,지퍼|포켓|벨트
images/0a3ea3a4c016e47cb1fbf08943571ed0.jpg,train,107.0,215.0,490.0,808.0,티셔츠,,,,,긴팔,래글런 소매,크롭 기장,,터틀넥,,여유핏,,,무지,,포켓
images/0a3ea3a4c016e47cb1fbf08943571ed0.jpg,train,139.0,731.0,346.0,292.0,팬츠,,,,,,,,,,,,,,무지,,벨트
images/77baf33970aae5940b2157356dee1f5c.jpg,val_train_split,200.0,511.0,203.0,468.0,청바지,,,,,,,,,,,,,,무지,데님,포켓|벨트
images/77baf33970aae5940b2157356dee1f5c.jpg,val_train_split,320.0,345.0,15.0,22.0,탑,,,,,,,,,,,슬림핏,,,무지,,
images/77baf33970aae5940b2157356dee1f5c.jpg,val_train_split,191.0,223.0,265.0,353.0,셔츠,,,,,긴팔,기본 소매,크롭 기장,,,셔츠 칼라,레귤러핏,,,무지,,단추|포켓
images/eca44b31e2279c8fbb4da4cd85a2773b.jpg,train,102.0,157.0,256.0,455.0,원피스,,,,,,,,쇼츠·미니 기장,보트넥,,,,X라인,무지,,플리츠|지퍼|프릴·러플
images/8ec4b61563b79699ec866e09de8c7079.jpg,train,260.0,265.0,151.0,319.0,원피스,,,,,,,,쇼츠·미니 기장,,,,,,도트,,지퍼
images/30425c1fe301492be720e90d588c5ec6.jpg,train,235.0,292.0,121.0,353.0,원피스,,,,,,,,무릎 기장,보트넥,,,,H라인,도트,,지퍼|리본
images/0f4b45f4a48edfdffadc305bee39c314.jpg,train,128.0,215.0,391.0,520.0,원피스,,,,,,,,무릎 기장,,,,,X라인,도트,,지퍼|벨트
images/40d0b21898daaf1c45ddc7eaadc8a8f6.jpg,train,0.0,272.0,681.0,751.0,원피스,,,,,긴팔,벨 소매,,,오프숄더,,오버핏,,,그래픽,,
images/cf310b87bca61574cfc957ee6d567b95.jpg,train,179.0,251.0,386.0,348.0,재킷,,,,,긴팔,기본 소매,크롭 기장,,,스탠드 칼라,레귤러핏,,,무지,,지퍼
images/cf310b87bca61574cfc957ee6d567b95.jpg,train,237.0,278.0,187.0,311.0,탑,,,,,긴팔,기본 소매,크롭 기장,,라운드넥,,슬림핏,,,무지,,
images/cf310b87bca61574cfc957ee6d567b95.jpg,train,269.0,465.0,216.0,481.0,팬츠,,,,,,,,롱·긴바지 기장,,,,스트레이트핏,H라인,그래픽,,
images/c1607e81d9460666697df737e757df0b.jpg,train,222.0,366.0,239.0,204.0,스커트,,,,,,,,쇼츠·미니 기장,,,,,A라인,,,플리츠|지퍼|벨트
images/c1607e81d9460666697df737e757df0b.jpg,train,250.0,197.0,164.0,190.0,탑,,,,,,,,,라운드넥,,레귤러핏,,,플로럴,,
images/7297f791b8a66023438049fe41f26bfb.jpg,train,144.0,297.0,246.0,408.0,원피스,,,,,,,,쇼츠·미니 기장,,,,,,그래픽,,지퍼|프릴·러플
images/fcca357678b0d8eafabcd7f3d0f3978e.jpg,val_train_split,126.0,498.0,348.0,287.0,탑,,,,,반팔,벨 소매,,,V넥,,레귤러핏,,,무지,,프릴·러플
images/fcca357678b0d8eafabcd7f3d0f3978e.jpg,val_train_split,170.0,725.0,271.0,229.0,쇼츠,,,,,,,,쇼츠·미니 기장,,,,,,스트라이프,,벨트|프릴·러플
images/bd6dfcfa3c40b446e66db9279d14fd4f.jpg,train,269.0,308.0,120.0,117.0,탑,,,,,,,,,,,슬림핏,,,무지,,
images/bd6dfcfa3c40b446e66db9279d14fd4f.jpg,train,203.0,436.0,221.0,188.0,스커트,,,,,,,,쇼츠·미니 기장,,,,,O라인,도트,,
images/bd6dfcfa3c40b446e66db9279d14fd4f.jpg,train,217.0,291.0,234.0,249.0,가디건,,,,,긴팔,기본 소매,크롭 기장,,,,레귤러핏,,,무지,니트,단추|벨트
images/fa0ea8a01d31bd4f256615724cc88d4b.jpg,val_train_split,173.0,238.0,315.0,236.0,재킷,,,,,7부 소매,기본 소매,크롭 기장,,,라펠 칼라,슬림핏,,,무지,,단추|포켓
images/fa0ea8a01d31bd4f256615724cc88d4b.jpg,val_train_split,277.0,434.0,163.0,141.0,쇼츠,,,,,,,,쇼츠·미니 기장,,,,,,스트라이프,,지퍼|포켓|벨트
images/fa0ea8a01d31bd4f256615724cc88d4b.jpg,val_train_split,347.0,225.0,58.0,212.0,셔츠,,,,,,,크롭 기장,,V넥,,슬림핏,,,무지,,
images/8ed877987788d1770d071bf548910a44.jpg,val_train_split,138.0,325.0,220.0,275.0,코트,,,,,,,,,,,,,,무지,,
images/8ed877987788d1770d071bf548910a44.jpg,val_train_split,264.0,184.0,249.0,534.0,원피스,,,,,반팔,캡 소매,,무릎 기장,,,,,비대칭,플로럴,,
images/2a7405ef74f2aa2e91daa615ae358f27.jpg,train,113.0,205.0,380.0,191.0,재킷,,,,,반팔,기본 소매,크롭 기장,,,,슬림핏,,,애니멀,,스팽글|단추|리본
images/2a7405ef74f2aa2e91daa615ae358f27.jpg,train,172.0,302.0,218.0,304.0,원피스,,,,,,,,쇼츠·미니 기장,,,,,,무지,,지퍼
images/10f46a5c745b9c513dce5d3720c48216.jpg,train,338.0,294.0,107.0,202.0,탑,,,,,,,크롭 기장,,,,슬림핏,,,무지,,
images/10f46a5c745b9c513dce5d3720c48216.jpg,train,232.0,271.0,287.0,255.0,재킷,,,,,긴팔,기본 소매,크롭 기장,,,라펠 칼라,여유핏,,,그래픽,,단추
images/10f46a5c745b9c513dce5d3720c48216.jpg,train,261.0,467.0,264.0,451.0,팬츠,,,,,,,,롱·긴바지 기장,,,,와이드핏,,무지,,
images/64c18574f060cd9aeefe801fb84591c7.jpg,train,284.0,163.0,104.0,65.0,셔츠,,,,,,,크롭 기장,,,셔츠 칼라,레귤러핏,,,,,단추
images/64c18574f060cd9aeefe801fb84591c7.jpg,train,265.0,460.0,162.0,442.0,팬츠,,,,,,,,롱·긴바지 기장,,,,,,무지,,
images/64c18574f060cd9aeefe801fb84591c7.jpg,train,213.0,190.0,278.0,411.0,티셔츠,,,,,7부 소매,,기본 기장,,라운드넥,,오버핏,,비대칭,무지,,
images/ec70b8f01dc840faeaf812054eec2589.jpg,val_train_split,145.0,275.0,345.0,541.0,탑,,,,,긴팔,벨 소매,기본 기장,,라운드넥,,레귤러핏,,,무지,,
images/ec70b8f01dc840faeaf812054eec2589.jpg,val_train_split,208.0,601.0,172.0,421.0,스커트,,,,,,,,,,,,스트레이트핏,비대칭,플로럴,,지퍼
images/d603872ea41e47ce414eb6b1bd6d1428.jpg,train,317.0,445.0,152.0,251.0,셔츠,,,,,긴팔,벨 소매,크롭 기장,,,셔츠 칼라,레귤러핏,,,무지,,단추|벨트
images/d603872ea41e47ce414eb6b1bd6d1428.jpg,train,365.0,583.0,182.0,176.0,스커트,,,,,,,,쇼츠·미니 기장,,,,,A라인,도트,,지퍼
images/a6dfad9c84db142e57fa3f86057e7e5f.jpg,train,288.0,574.0,114.0,226.0,팬츠,,,,,,,,,,,,,,무지,,
images/a6dfad9c84db142e57fa3f86057e7e5f.jpg,train,222.0,351.0,218.0,280.0,재킷,,,,,긴팔,기본 소매,크롭 기장,,,,레귤러핏,,,무지,,후드
images/8c3c30f3ea47e89f525858231394a6f0.jpg,train,471.0,156.0,174.0,164.0,니트,,,,,긴팔,기본 소매,크롭 기장,,,,슬림핏,,,스트라이프,니트,
images/8c3c30f3ea47e89f525858231394a6f0.jpg,train,490.0,156.0,127.0,292.0,원피스,,,,,,,,쇼츠·미니 기장,,,,,,무지,,지퍼
images/1df3533526ace1b77c673d9a47489752.jpg,val_train_split,89.0,248.0,369.0,431.0,원피스,,,,,긴팔,벌룬 소매,,쇼츠·미니 기장,,,,,X라인,무지,,플리츠|지퍼|리본
images/3262f255369bf9c59ab0d130e97243f7.jpg,train,212.0,251.0,222.0,202.0,가디건,,,,,7부 소매,기본 소매,크롭 기장,,,,레귤러핏,,,무지,니트,단추|벨트
images/3262f255369bf9c59ab0d130e97243f7.jpg,train,235.0,311.0,214.0,422.0,원피스,,,,,,,,미디·7부 기장,,,,,,,,플리츠
images/934c2e14220bddd6023dc4c944f36ecc.jpg,train,226.0,320.0,187.0,602.0,원피스,,,,,민소매,캡 소매,,롱·긴바지 기장,V넥,,,,A라인,무지,,
images/130c33a080eb17d981d6f4743d0659cd.jpg,train,221.0,167.0,190.0,361.0,점프수트,,,,,,,,쇼츠·미니 기장,,,레귤러핏,,,무지,,
images/ee097ff2b5c9b416501ecaab7c2cbec8.jpg,train,266.0,295.0,199.0,305.0,티셔츠,,,,,긴팔,기본 소매,,,라운드넥,,레귤러핏,,,무지,,
images/ee097ff2b5c9b416501ecaab7c2cbec8.jpg,train,316.0,273.0,104.0,338.0,티셔츠,,,,,긴팔,,,,터틀넥,,슬림핏,,,무지,,
images/ee097ff2b5c9b416501ecaab7c2cbec8.jpg,train,268.0,474.0,216.0,162.0,스커트,,,,,,,,쇼츠·미니 기장,,,,플레어핏,,무지,,플리츠|지퍼
images/4964e87969e67a1b3b21ebbaa8f4b4f7.jpg,train,227.0,464.0,280.0,348.0,스커트,,,,,,,,무릎 기장,,,,,A라인,,,지퍼
images/4964e87969e67a1b3b21ebbaa8f4b4f7.jpg,train,231.0,203.0,212.0,284.0,탑,,,,,,,크롭 기장,,라운드넥,,레귤러핏,,,,,벨트
images/4964e87969e67a1b3b21ebbaa8f4b4f7.jpg,train,167.0,175.0,325.0,416.0,재킷,,,,,긴팔,,크롭 기장,,,라펠 칼라,레귤러핏,,비대칭,무지,,벨트
images/b25f324b1f3a1c19662d6f452f554658.jpg,train,205.0,197.0,104.0,252.0,셔츠,,,,,,,,,,셔츠 칼라,슬림핏,,,애니멀,,단추
images/b25f324b1f3a1c19662d6f452f554658.jpg,train,181.0,445.0,189.0,464.0,팬츠,,,,,,,,롱·긴바지 기장,,,,스트레이트핏,H라인,무지,,벨트
images/b25f324b1f3a1c19662d6f452f554658.jpg,train,106.0,199.0,318.0,350.0,재킷,,,,,긴팔,기본 소매,기본 기장,,,라펠 칼라,레귤러핏,,,무지,,포켓
images/53d6d08b367d35179ee29e5011b31fc0.jpg,train,102.0,304.0,485.0,600.0,탑,,,,,긴팔,벌룬 소매,기본 기장,,,,오버핏,,,무지,,플리츠
images/53d6d08b367d35179ee29e5011b31fc0.jpg,train,168.0,737.0,336.0,286.0,팬츠,,,,,,,,,,,,슬림핏,,무지,,
images/06e1a84cb0664567a3fc5f7633cb85ac.jpg,train,272.0,481.0,205.0,414.0,청바지,,,,,,,,미디·7부 기장,,,,,,무지,데님,
images/06e1a84cb0664567a3fc5f7633cb85ac.jpg,train,246.0,256.0,247.0,233.0,셔츠,,,,,긴팔,래글런 소매,,,,셔츠 칼라,레귤러핏,,,무지,,단추
images/06e1a84cb0664567a3fc5f7633cb85ac.jpg,train,247.0,256.0,252.0,450.0,코트,,,,,긴팔,래글런 소매,,,,,레귤러핏,,,체크,,단추
images/b3dbcda863f9ca63f2154a5f06130212.jpg,train,242.0,255.0,197.0,698.0,점프수트,,,,,반팔,기본 소매,,롱·긴바지 기장,라운드넥,,슬림핏,,,무지,,지퍼
images/4dcea3cc102612a9346c939b571ac312.jpg,train,160.0,486.0,174.0,288.0,스커트,,,,,,,,미디·7부 기장,,,,,,그래픽,,지퍼
images/4dcea3cc102612a9346c939b571ac312.jpg,train,153.0,223.0,185.0,286.0,탑,,,,,,,기본 기장,,,,레귤러핏,,,무지,,
images/a39d7e8a0ca0f1296a9919181aabead4.jpg,train,286.0,585.0,154.0,319.0,팬츠,,,,,,,,롱·긴바지 기장,,,,,,무지,,
images/a39d7e8a0ca0f1296a9919181aabead4.jpg,train,197.0,175.0,326.0,463.0,코트,,,,,긴팔,기본 소매,,,라운드넥,,레귤러핏,,,체크,퍼·플리스,단추
images/47cc785900adea10d65a76525b9fe3ce.jpg,val_train_split,96.0,201.0,408.0,730.0,원피스,,,,,긴팔,벨 소매,,롱·긴바지 기장,V넥,,,,A라인,플로럴,,벨트
images/64998a4a4663c6ff9e4ed95e9ac1e050.jpg,train,78.0,315.0,593.0,684.0,원피스,,,,,긴팔,,,롱·긴바지 기장,오프숄더,,,,,무지|플로럴,,지퍼
images/e41c28967b194dd829e678aa67c5b3a0.jpg,train,276.0,270.0,162.0,259.0,탑,,,,,,,크롭 기장,,,,여유핏,,,무지,,
images/e41c28967b194dd829e678aa67c5b3a0.jpg,train,208.0,190.0,313.0,548.0,가디건,,,,,7부 소매,벌룬 소매,,,,,여유핏,,,무지,니트,
images/e41c28967b194dd829e678aa67c5b3a0.jpg,train,271.0,503.0,177.0,406.0,청바지,,,,,,,,,,,,슬림핏,,무지,데님,포켓
images/e3fb0e629e6fc52ceee49c6d4f7ad306.jpg,train,190.0,269.0,268.0,435.0,원피스,,,,,반팔,벨 소매,,쇼츠·미니 기장,,,,,,도트,,지퍼|프릴·러플
images/3d6e6ae49c1d88ed7b57d206acae66b6.jpg,train,63.0,261.0,547.0,647.0,원피스,,,,,긴팔,,,롱·긴바지 기장,,,,,X라인,무지,,지퍼
images/3d6e6ae49c1d88ed7b57d206acae66b6.jpg,train,215.0,177.0,279.0,301.0,재킷,,,,,긴팔,기본 소매,크롭 기장,,,라펠 칼라,여유핏,,,무지,,벨트
images/47a6446e03e942a9d0cb4aafc8bb0c34.jpg,train,132.0,188.0,208.0,355.0,탑,,,,,,,기본 기장,,V넥,,여유핏,,,무지,,
images/47a6446e03e942a9d0cb4aafc8bb0c34.jpg,train,143.0,474.0,176.0,357.0,팬츠,,,,,,,,롱·긴바지 기장,,,,,,애니멀,,
images/cde2b083f37248fd926068eb2e240511.jpg,train,274.0,577.0,144.0,309.0,팬츠,,,,,,,,롱·긴바지 기장,,,,,,무지,,
images/f8cd80def13c36419ef36f3355984028.jpg,train,167.0,346.0,448.0,560.0,티셔츠,,,,,반팔,퍼프 소매,기본 기장,,,,슬림핏,,,무지,,
images/f8cd80def13c36419ef36f3355984028.jpg,train,189.0,878.0,436.0,144.0,스커트,,,,,,,,,,,,스트레이트핏,H라인,무지,,
images/22ac5bbd3cd363904c2f17b92c88167d.jpg,train,217.0,197.0,255.0,343.0,탑,,,,,긴팔,벨 소매,기본 기장,,보트넥,,레귤러핏,,,무지,,
images/22ac5bbd3cd363904c2f17b92c88167d.jpg,train,259.0,478.0,174.0,406.0,스커트,,,,,,,,롱·긴바지 기장,,,,스트레이트핏,H라인,,,지퍼
images/ae8c480b2793755bed702a1a83f71922.jpg,train,178.0,190.0,375.0,745.0,원피스,,,,,,,,롱·긴바지 기장,,,,,,무지,,스팽글|지퍼
images/9489c245976229139c595c1e8d7144b2.jpg,train,165.0,274.0,320.0,514.0,원피스,,,,,긴팔,벌룬 소매,,쇼츠·미니 기장,V넥,,,,A라인,무지,,
images/86487313d5d20ea11bed53bff398ae1d.jpg,train,276.0,392.0,116.0,258.0,탑,,,,,,,기본 기장,,라운드넥,,레귤러핏,,,무지|그래픽,,
images/86487313d5d20ea11bed53bff398ae1d.jpg,train,184.0,627.0,276.0,310.0,팬츠,,,,,,,,롱·긴바지 기장,,,,스트레이트핏,H라인,무지,,
images/66824eda6c72906ecfdec340e23d3710.jpg,train,108.0,310.0,240.0,277.0,재킷,,,,,긴팔,기본 소매,,,,라펠 칼라,레귤러핏,,,무지,,단추
images/66824eda6c72906ecfdec340e23d3710.jpg,train,189.0,292.0,100.0,237.0,티셔츠,,,,,긴팔,기본 소매,기본 기장,,터틀넥,,레귤러핏,,,무지,,
images/66824eda6c72906ecfdec340e23d3710.jpg,train,165.0,517.0,242.0,250.0,팬츠,,,,,,,,,,,,와이드핏,,무지,,
images/1f9f470aa31382bec742146c32405e13.jpg,val_train_split,176.0,180.0,185.0,265.0,탑,,,,,,,크롭 기장,,V넥,,슬림핏,,,도트,,플리츠|지퍼
images/1f9f470aa31382bec742146c32405e13.jpg,val_train_split,173.0,407.0,174.0,408.0,팬츠,,,,,,,,롱·긴바지 기장,,,,슬림핏,,,,
images/9c5ca158b2578f717f7be246a5734e4a.jpg,train,700.0,272.0,145.0,123.0,스커트,,,,,,,,쇼츠·미니 기장,,,,,A라인,플로럴,,지퍼
images/9c5ca158b2578f717f7be246a5734e4a.jpg,train,732.0,152.0,131.0,152.0,탑,,,,,,,,,홀터넥,,레귤러핏,,,무지,,플리츠
images/9756ac54b757dbadd51e0f3e4d5f824c.jpg,train,247.0,192.0,237.0,480.0,원피스,,,,,반팔,,,쇼츠·미니 기장,라운드넥,,,,A라인,그래픽,,
images/85d93924c6bbe83db2befa6d95187454.jpg,train,75.0,406.0,600.0,617.0,원피스,,,,,민소매,캡 소매,,,,,,,A라인,무지|플로럴,,플리츠|지퍼
images/571cacc53dfb44facf0bd55d3569098f.jpg,train,276.0,723.0,230.0,186.0,청바지,,,,,,,,롱·긴바지 기장,,,,,,무지,데님,
images/571cacc53dfb44facf0bd55d3569098f.jpg,train,225.0,303.0,232.0,442.0,원피스,,,,,,,,쇼츠·미니 기장,,,,,,무지,,플리츠
images/571cacc53dfb44facf0bd55d3569098f.jpg,train,245.0,291.0,219.0,308.0,가디건,,,,,반팔,,크롭 기장,,V넥,,레귤러핏,,,무지,니트,단추|벨트
images/ad825fbe969790b4ed4b8c7a03f7bd1d.jpg,train,135.0,202.0,321.0,531.0,가디건,,,,,긴팔,,,,,셔츠 칼라,레귤러핏,,,,니트,단추
images/ad825fbe969790b4ed4b8c7a03f7bd1d.jpg,train,138.0,709.0,237.0,252.0,팬츠,,,,,,,,롱·긴바지 기장,,,,,,스트라이프,,
images/dcc22e58dadfbeb19b02d34c76139ce5.jpg,train,113.0,625.0,426.0,350.0,스커트,,,,,,,,쇼츠·미니 기장,,,,,A라인,체크,,플리츠|리본
images/dcc22e58dadfbeb19b02d34c76139ce5.jpg,train,200.0,307.0,258.0,335.0,탑,,,,,,,,,,,슬림핏,,,무지,,
images/6d34ddf5ade425e599def1b272a76782.jpg,train,238.0,235.0,189.0,157.0,가디건,,,,,7부 소매,,크롭 기장,,,,오버핏,,,플로럴,니트,
images/6d34ddf5ade425e599def1b272a76782.jpg,train,257.0,296.0,76.0,73.0,티셔츠,,,,,7부 소매,,,,,,레귤러핏,,,무지,,
images/6d34ddf5ade425e599def1b272a76782.jpg,train,226.0,367.0,163.0,144.0,팬츠,,,,,,,,롱·긴바지 기장,,,,슬림핏,,무지,,
images/472181b25c528693b2b3d8f3f0650ea3.jpg,train,132.0,322.0,440.0,624.0,원피스,,,,,반팔,퍼프 소매,,롱·긴바지 기장,오프숄더,,,,A라인,무지,,지퍼
images/c67ec9b7484d52682c10f58c8b7f59df.jpg,train,254.0,400.0,285.0,502.0,팬츠,,,,,,,,롱·긴바지 기장,,,,,,무지,,
images/c67ec9b7484d52682c10f58c8b7f59df.jpg,train,258.0,210.0,246.0,274.0,티셔츠,,,,,7부 소매,래글런 소매,,,보트넥,,레귤러핏,,,무지,,
images/268182362fed66895febb978418b8718.jpg,train,267.0,411.0,332.0,596.0,원피스,,,,,긴팔,,,쇼츠·미니 기장,,,오버핏,,,무지,니트,후드
images/96ec337bad6625cb4513859570400db0.jpg,train,257.0,259.0,130.0,293.0,셔츠,,,,,,,크롭 기장,,,셔츠 칼라,레귤러핏,,,무지,,단추|지퍼|포켓
images/96ec337bad6625cb4513859570400db0.jpg,train,171.0,275.0,239.0,273.0,니트,,,,,긴팔,기본 소매,크롭 기장,,라운드넥,,레귤러핏,,,무지,니트,
images/96ec337bad6625cb4513859570400db0.jpg,train,209.0,520.0,200.0,316.0,팬츠,,,,,,,,미디·7부 기장,,,,,,무지,,포켓
images/3a256a238d61c768366934840b56bda7.jpg,train,177.0,307.0,99.0,276.0,재킷,,,,,긴팔,기본 소매,크롭 기장,,,,슬림핏,,,체크,,
images/3a256a238d61c768366934840b56bda7.jpg,train,290.0,307.0,76.0,256.0,재킷,,,,,긴팔,기본 소매,크롭 기장,,,,슬림핏,,,체크,,
images/3a256a238d61c768366934840b56bda7.jpg,train,268.0,344.0,41.0,146.0,티셔츠,,,,,,,,,라운드넥,,슬림핏,,,애니멀,,
images/3a256a238d61c768366934840b56bda7.jpg,train,195.0,494.0,184.0,148.0,스커트,,,,,,,,쇼츠·미니 기장,,,,,A라인,체크,,지퍼
images/9e89decf5fa678acdc79e41b646ad366.jpg,train,230.0,249.0,175.0,235.0,탑,,,,,,,기본 기장,,,,여유핏,,,무지,,
images/9e89decf5fa678acdc79e41b646ad366.jpg,train,239.0,389.0,161.0,181.0,쇼츠,,,,,,,,쇼츠·미니 기장,,,,,,무지,,
images/9e89decf5fa678acdc79e41b646ad366.jpg,train,165.0,144.0,232.0,240.0,재킷,,,,,긴팔,기본 소매,크롭 기장,,,,레귤러핏,,,체크,,스팽글|단추
images/6ed982e232bee774876f21f2a259928d.jpg,train,105.0,211.0,529.0,412.0,재킷,,,,,긴팔,기본 소매,,,,라펠 칼라,레귤러핏,,,,,포켓
images/6ed982e232bee774876f21f2a259928d.jpg,train,264.0,224.0,135.0,320.0,베스트,,,,,,,기본 기장,,,,레귤러핏,,,,,단추
images/6ed982e232bee774876f21f2a259928d.jpg,train,295.0,200.0,80.0,90.0,셔츠,,,,,,,,,,셔츠 칼라,레귤러핏,,,무지,,단추
images/6ed982e232bee774876f21f2a259928d.jpg,train,224.0,483.0,175.0,325.0,팬츠,,,,,,,,,,,,,,그래픽,,
images/7c821ab75198c9d578a4882d60bfad4b.jpg,val_train_split,150.0,309.0,310.0,714.0,원피스,,,,,반팔,캡 소매,,롱·긴바지 기장,라운드넥,,,,A라인,플로럴,,플리츠|지퍼
images/1ad9610e29cbf03c5fd7fa169ea8ecdc.jpg,train,302.0,228.0,56.0,107.0,티셔츠,,,,,,,,,라운드넥,,슬림핏,,,무지,,
images/1ad9610e29cbf03c5fd7fa169ea8ecdc.jpg,train,96.0,25.0,375.0,631.0,재킷,,,,,긴팔,기본 소매,크롭 기장,,,,여유핏,,,무지,,지퍼|후드
images/1ad9610e29cbf03c5fd7fa169ea8ecdc.jpg,train,158.0,553.0,280.0,200.0,스커트,,,,,,,,쇼츠·미니 기장,,,,,A라인,,,지퍼|벨트
images/67c57c7ab78093299a24783def3fc0ba.jpg,train,221.0,473.0,209.0,298.0,니트,,,,,긴팔,,크롭 기장,,,,오버핏,,,무지,니트,
images/67c57c7ab78093299a24783def3fc0ba.jpg,train,261.0,633.0,130.0,295.0,팬츠,,,,,,,,롱·긴바지 기장,,,,슬림핏,,무지,,포켓
images/44c78c986298c11f37a02512fddfe5e2.jpg,train,199.0,210.0,295.0,396.0,원피스,,,,,,,,쇼츠·미니 기장,,,,,A라인,애니멀,,벨트
images/8c098d14c04ee74b2629eb1a0376a1c2.jpg,train,168.0,241.0,348.0,387.0,원피스,,,,,반팔,기본 소매,,쇼츠·미니 기장,,스탠드 칼라,오버핏,,,무지,,
images/34cc770c3e0102175cedbd39fef44f7b.jpg,train,217.0,229.0,290.0,400.0,원피스,,,,,긴팔,기본 소매,,쇼츠·미니 기장,라운드넥,,,,,,,스팽글|지퍼
images/34cc770c3e0102175cedbd39fef44f7b.jpg,train,208.0,234.0,60.0,191.0,원피스,,,,,긴팔,기본 소매,,,,,,,,,,지퍼
images/dac7bf24ceb4ac80d906b77cdcb33e04.jpg,val_train_split,231.0,427.0,190.0,447.0,팬츠,,,,,,,,롱·긴바지 기장,,,,,,그래픽,,
images/dac7bf24ceb4ac80d906b77cdcb33e04.jpg,val_train_split,325.0,289.0,81.0,160.0,탑,,,,,,,,,V넥,,슬림핏,,,무지,,
images/dac7bf24ceb4ac80d906b77cdcb33e04.jpg,val_train_split,208.0,239.0,243.0,274.0,재킷,,,,,긴팔,래글런 소매,크롭 기장,,,라펠 칼라,레귤러핏,,,플로럴,,벨트
images/e5bbbadf20072fd33c0dafccb5b7f9fd.jpg,train,466.0,196.0,97.0,139.0,니트,,,,,,,,,터틀넥,,레귤러핏,,,무지,니트,
images/e5bbbadf20072fd33c0dafccb5b7f9fd.jpg,train,335.0,240.0,311.0,441.0,재킷,,,,,긴팔,기본 소매,,,,라펠 칼라,여유핏,,,무지,,단추|포켓|벨트
images/08666ce8086483e62470240865273b37.jpg,val_train_split,253.0,314.0,189.0,486.0,원피스,,,,,반팔,벨 소매,,미디·7부 기장,,스탠드 칼라,,,A라인,무지,,벨트
images/3a0b4cd32dfb45c54f4f73aeeedac07d.jpg,train,273.0,199.0,448.0,455.0,재킷,,,,,긴팔,기본 소매,크롭 기장,,,,여유핏,,,무지,,단추
images/3a0b4cd32dfb45c54f4f73aeeedac07d.jpg,train,562.0,231.0,127.0,377.0,후드티,,,,,,,,,,셔츠 칼라,오버핏,,,무지,,후드|포켓
images/3b05a89b1f743e411083efe628a2392a.jpg,train,136.0,244.0,471.0,762.0,코트,,,,,긴팔,,,,,,레귤러핏,,,체크,,포켓
images/3b05a89b1f743e411083efe628a2392a.jpg,train,347.0,300.0,84.0,210.0,티셔츠,,,,,,,,,터틀넥,,레귤러핏,,,무지,,
images/3b05a89b1f743e411083efe628a2392a.jpg,train,191.0,738.0,239.0,285.0,팬츠,,,,,,,,,,,,슬림핏,,무지,,
images/ceef692d9923be2f046784497dffa17e.jpg,train,281.0,204.0,177.0,315.0,점프수트,,,,,,,,쇼츠·미니 기장,V넥,,슬림핏,,,,,지퍼
images/5f6c56e6f8971616403c53e685c47367.jpg,train,296.0,173.0,304.0,682.0,점프수트,,,,,긴팔,,,롱·긴바지 기장,V넥,,오버핏,,,무지,,
images/5f6c56e6f8971616403c53e685c47367.jpg,train,344.0,173.0,122.0,48.0,원피스,,,,,,,,,V넥,,,,A라인,무지,,
images/8de99b00531e61cc3b14b8e1d457c40e.jpg,train,235.0,184.0,178.0,647.0,원피스,,,,,,,,롱·긴바지 기장,홀터넥,,,,,,,스팽글|지퍼
images/bb4170f485f245230dc7e5150e9a4b64.jpg,train,118.0,206.0,278.0,423.0,원피스,,,,,반팔,기본 소매,,쇼츠·미니 기장,스퀘어넥,,,,,무지,,지퍼|벨트
images/bdb1364030a78354727294df50a49b15.jpg,train,218.0,211.0,275.0,397.0,원피스,,,,,긴팔,기본 소매,,쇼츠·미니 기장,보트넥,,,,,무지,,프릴·러플
images/a2cba0df92c93d38937c0342e13897ed.jpg,train,163.0,252.0,381.0,630.0,원피스,,,,,,,,쇼츠·미니 기장,,,,,,그래픽,,지퍼
images/94f677811510043e08306a2678e773b4.jpg,val_train_split,247.0,277.0,178.0,375.0,원피스,,,,,,,,쇼츠·미니 기장,홀터넥,,,,,무지,,지퍼
images/311bf9c202008da361209a239520bf9b.jpg,val_train_split,223.0,346.0,235.0,223.0,스커트,,,,,,,,쇼츠·미니 기장,,,,,A라인,,,플리츠|지퍼
images/311bf9c202008da361209a239520bf9b.jpg,val_train_split,294.0,190.0,178.0,174.0,탑,,,,,반팔,캡 소매,,,보트넥,,슬림핏,,,무지,,
images/5d665276fa4f8b1786d92a2e7b72baad.jpg,train,73.0,165.0,603.0,858.0,원피스,,,,,,,,롱·긴바지 기장,홀터넥,,,,,플로럴,,지퍼|프릴·러플
images/441944275e75160c1ee25e6e6c8afd7e.jpg,train,275.0,189.0,138.0,609.0,점프수트,,,,,,,,,라운드넥,,슬림핏,,,무지,,지퍼
images/441944275e75160c1ee25e6e6c8afd7e.jpg,train,212.0,162.0,274.0,464.0,코트,,,,,긴팔,래글런 소매,,,,,슬림핏,,,체크,,단추|리본
images/62c601ddb2352c7404ad3bef74ca6632.jpg,val_train_split,420.0,351.0,251.0,294.0,니트,,,,,긴팔,,크롭 기장,,라운드넥,,여유핏,,,무지,니트,
images/62c601ddb2352c7404ad3bef74ca6632.jpg,val_train_split,397.0,552.0,265.0,367.0,스커트,,,,,,,,무릎 기장,,,,,,그래픽,,플리츠|지퍼
images/adc3b46203782192af2dfb8ea205cb24.jpg,train,286.0,231.0,173.0,477.0,원피스,,,,,,,,쇼츠·미니 기장,보트넥,,,,A라인,무지,,지퍼|포켓
images/adc3b46203782192af2dfb8ea205cb24.jpg,train,178.0,162.0,395.0,554.0,코트,,,,,긴팔,,,,,라펠 칼라,여유핏,,,체크,퍼·플리스,단추|포켓
images/ad26d815046d419a7da1113334163580.jpg,val_train_split,280.0,463.0,179.0,202.0,스커트,,,,,,,,쇼츠·미니 기장,,,,,,무지,,지퍼
images/ad26d815046d419a7da1113334163580.jpg,val_train_split,273.0,181.0,201.0,334.0,셔츠,,,,,,,크롭 기장,,,,레귤러핏,,,무지,,단추|리본
images/ad26d815046d419a7da1113334163580.jpg,val_train_split,203.0,194.0,349.0,296.0,재킷,,,,,7부 소매,,크롭 기장,,,,오버핏,,,,,
images/aca949bf9a2f6a741b065298f9ad1274.jpg,train,425.0,49.0,194.0,544.0,니트,,,,,,,크롭 기장,,라운드넥,,레귤러핏,,,무지,니트,
images/aca949bf9a2f6a741b065298f9ad1274.jpg,train,249.0,7.0,545.0,638.0,재킷,,,,,긴팔,기본 소매,크롭 기장,,,,여유핏,,,무지,,지퍼|포켓
images/b08ceda879a666f34ad64ac774d72152.jpg,train,621.0,213.0,92.0,156.0,탑,,,,,,,,,,,슬림핏,,,무지,,
images/b08ceda879a666f34ad64ac774d72152.jpg,train,626.0,420.0,50.0,120.0,스커트,,,,,,,,쇼츠·미니 기장,,,,스트레이트핏,H라인,무지,,지퍼
images/b08ceda879a666f34ad64ac774d72152.jpg,train,533.0,225.0,229.0,457.0,가디건,,,,,긴팔,,,,,,슬림핏,,,무지,니트,
images/c136317e68a7650304172e16dadd29a4.jpg,train,419.0,357.0,170.0,324.0,가디건,,,,,긴팔,기본 소매,,,,라펠 칼라,여유핏,,,무지,니트,포켓
images/c136317e68a7650304172e16dadd29a4.jpg,train,504.0,499.0,42.0,182.0,청바지,,,,,,,,,,,,슬림핏,,무지,데님,포켓
images/c136317e68a7650304172e16dadd29a4.jpg,train,496.0,358.0,51.0,143.0,티셔츠,,,,,,,,,,,슬림핏,,,무지,,
images/67f5288d0687fa58a28dda6328c02fa9.jpg,train,476.0,334.0,264.0,347.0,코트,,,,,긴팔,래글런 소매,,,,셔츠 칼라,레귤러핏,,,무지,,
images/43b88eed4e90e08fe0b05637ebf2a0a3.jpg,train,258.0,376.0,219.0,537.0,베스트,,,,,,,크롭 기장,,,,레귤러핏,,,체크,,단추
images/43b88eed4e90e08fe0b05637ebf2a0a3.jpg,train,81.0,296.0,569.0,727.0,재킷,,,,,긴팔,기본 소매,,,,라펠 칼라,여유핏,,,스트라이프,,단추|포켓
images/43b88eed4e90e08fe0b05637ebf2a0a3.jpg,train,235.0,287.0,195.0,447.0,셔츠,,,,,긴팔,,,,,셔츠 칼라,레귤러핏,,,체크,,단추
images/b7c68fac5d050f38198416cbebddcc15.jpg,train,223.0,346.0,171.0,309.0,베스트,,,,,반팔,기본 소매,크롭 기장,,,,여유핏,,,무지,퍼·플리스,
images/b7c68fac5d050f38198416cbebddcc15.jpg,train,238.0,372.0,209.0,433.0,원피스,,,,,,,,쇼츠·미니 기장,,,,,A라인,무지,,지퍼|프릴·러플
images/3e341c9d28bfa864117cc0288942694a.jpg,train,232.0,190.0,229.0,294.0,탑,,,,,,,기본 기장,,보트넥,,,,,무지|체크,,
images/3e341c9d28bfa864117cc0288942694a.jpg,train,253.0,468.0,184.0,446.0,팬츠,,,,,,,,롱·긴바지 기장,,,,스트레이트핏,H라인,스트라이프,,
images/74ddceedd55bf69f7407759b1b6c9fd9.jpg,train,158.0,736.0,327.0,287.0,팬츠,,,,,,,,,,,,,,무지,,
images/74ddceedd55bf69f7407759b1b6c9fd9.jpg,train,109.0,304.0,448.0,555.0,니트,,,,,긴팔,,크롭 기장,,보트넥,,레귤러핏,,비대칭,무지,니트,
images/cbca5f81ecf75a3e5953c86b50ee0ae8.jpg,train,260.0,252.0,107.0,228.0,티셔츠,,,,,,,크롭 기장,,라운드넥,,레귤러핏,,,무지,,
images/cbca5f81ecf75a3e5953c86b50ee0ae8.jpg,train,206.0,239.0,302.0,320.0,재킷,,,,,긴팔,,크롭 기장,,,스탠드 칼라,레귤러핏,,,무지,,지퍼|포켓
images/cbca5f81ecf75a3e5953c86b50ee0ae8.jpg,train,272.0,468.0,183.0,183.0,스커트,,,,,,,,쇼츠·미니 기장,,,,,,무지,,지퍼
images/6f545a919f4aba2496e8847290b15d49.jpg,train,244.0,138.0,249.0,224.0,후드티,,,,,긴팔,,크롭 기장,,,,오버핏,,,무지,,후드
images/6f545a919f4aba2496e8847290b15d49.jpg,train,258.0,349.0,281.0,491.0,팬츠,,,,,,,,롱·긴바지 기장,,,,,,무지,,벨트
images/fb96c942d2042172be30733d7f5bca1a.jpg,train,163.0,299.0,342.0,378.0,원피스,,,,,,,,쇼츠·미니 기장,,,,,X라인,플로럴,,스팽글|지퍼
images/b482e1d8d0e04102aff7dab7329b3805.jpg,train,264.0,221.0,236.0,552.0,원피스,,,,,반팔,퍼프 소매,,미디·7부 기장,라운드넥,,,,,무지|플로럴,,플리츠|지퍼
images/ae2640cccad1bbd40c986ae20e53f455.jpg,train,168.0,171.0,346.0,545.0,코트,,,,,긴팔,기본 소매,,,,스탠드 칼라,레귤러핏,,,무지,,지퍼
images/ae2640cccad1bbd40c986ae20e53f455.jpg,train,180.0,311.0,306.0,264.0,재킷,,,,,긴팔,,기본 기장,,,,레귤러핏,,,체크,,단추
images/ae2640cccad1bbd40c986ae20e53f455.jpg,train,257.0,519.0,144.0,364.0,팬츠,,,,,,,,롱·긴바지 기장,,,,,,체크,,
images/9f654554cd5982b9588e73674487bdb1.jpg,val_train_split,414.0,264.0,243.0,416.0,베스트,,,,,,,,,,,오버핏,,,무지,,
images/613d98267873f55ab2004e8e4012d273.jpg,train,327.0,238.0,325.0,785.0,원피스,,,,,반팔,퍼프 소매,,롱·긴바지 기장,오프숄더,,,,,플로럴,,지퍼
images/7e87396d9e19fdd2be2ee0069d2e03f8.jpg,train,80.0,211.0,507.0,538.0,원피스,,,,,민소매,캡 소매,,미디·7부 기장,오프숄더,,,,,,,지퍼|프릴·러플
images/45a4e18d1f49e487e9f75a481f3ecdba.jpg,train,431.0,227.0,206.0,277.0,탑,,,,,긴팔,래글런 소매,크롭 기장,,,,레귤러핏,,,무지,,후드
images/45a4e18d1f49e487e9f75a481f3ecdba.jpg,train,446.0,419.0,165.0,163.0,쇼츠,,,,,,,,쇼츠·미니 기장,,,,,,무지,,포켓
images/703eda6037ad8880e32a72527021f9a3.jpg,train,133.0,177.0,466.0,525.0,재킷,,,,,긴팔,,크롭 기장,,라운드넥,,오버핏,,,무지,퍼·플리스,
images/703eda6037ad8880e32a72527021f9a3.jpg,train,348.0,263.0,112.0,284.0,티셔츠,,,,,,,,,,,레귤러핏,,,무지,,
images/703eda6037ad8880e32a72527021f9a3.jpg,train,234.0,538.0,193.0,485.0,청바지,,,,,,,,,,,,스트레이트핏,H라인,무지,데님,
images/1e39110a9777ab84b41cd88dc76ccb71.jpg,train,369.0,518.0,205.0,257.0,재킷,,,,,긴팔,기본 소매,크롭 기장,,,,레귤러핏,,,무지,,지퍼|포켓|후드
images/1e39110a9777ab84b41cd88dc76ccb71.jpg,train,165.0,624.0,340.0,247.0,청바지,,,,,,,,롱·긴바지 기장,,,,,,무지,데님,포켓|벨트
images/e1fa6a44313591fd88da6bd27b6b484d.jpg,train,88.0,303.0,293.0,355.0,가디건,,,,,긴팔,,,,,,여유핏,,,무지,니트,지퍼
images/e1fa6a44313591fd88da6bd27b6b484d.jpg,train,121.0,204.0,244.0,249.0,재킷,,,,,긴팔,기본 소매,크롭 기장,,,,레귤러핏,,,,,지퍼
images/e1fa6a44313591fd88da6bd27b6b484d.jpg,train,179.0,309.0,128.0,150.0,티셔츠,,,,,,,크롭 기장,,,,레귤러핏,,,무지,,
images/e1fa6a44313591fd88da6bd27b6b484d.jpg,train,152.0,444.0,178.0,412.0,청바지,,,,,,,,롱·긴바지 기장,,,,,,무지,데님,포켓
images/4e2aefdf8d46a508477add6b14abcdb6.jpg,train,183.0,295.0,88.0,101.0,티셔츠,,,,,,,,,터틀넥,,슬림핏,,,무지,,
images/4e2aefdf8d46a508477add6b14abcdb6.jpg,train,183.0,345.0,87.0,378.0,니트,,,,,,,크롭 기장,,V넥,,슬림핏,,,무지,니트,
images/4e2aefdf8d46a508477add6b14abcdb6.jpg,train,158.0,716.0,336.0,307.0,팬츠,,,,,,,,,,,,스트레이트핏,H라인,무지,,
images/4e2aefdf8d46a508477add6b14abcdb6.jpg,train,109.0,264.0,496.0,575.0,블레이저,,,,,긴팔,기본 소매,기본 기장,,,라펠 칼라,레귤러핏,,,체크,,단추
images/03cf565cf7c9ec746d7b3f76cb2ae0d8.jpg,train,272.0,206.0,280.0,447.0,원피스,,,,,,,,쇼츠·미니 기장,스퀘어넥,,,,A라인,플로럴,,지퍼
images/8feded5e9b6b106ac05ff8be5d6695c6.jpg,train,18.0,128.0,663.0,814.0,셔츠,,,,,긴팔,기본 소매,크롭 기장,,,스탠드 칼라,레귤러핏,,,무지,,단추
images/625dc25872bd2370f2404cc357a3cd4e.jpg,val_train_split,377.0,249.0,242.0,419.0,원피스,,,,,7부 소매,기본 소매,,쇼츠·미니 기장,보트넥,,,,,무지|플로럴,,플리츠|지퍼|포켓
images/b4c00bf1ca68b234dc62e6ef5003ec4d.jpg,val_train_split,442.0,422.0,180.0,136.0,팬츠,,,,,,,,미디·7부 기장,,,,,,무지,,
images/b4c00bf1ca68b234dc62e6ef5003ec4d.jpg,val_train_split,496.0,169.0,46.0,196.0,티셔츠,,,,,긴팔,기본 소매,,,,,슬림핏,,,무지,,
images/b4c00bf1ca68b234dc62e6ef5003ec4d.jpg,val_train_split,466.0,152.0,139.0,340.0,가디건,,,,,,,,,,라펠 칼라,레귤러핏,,비대칭,스트라이프,니트,
images/9a35ebaf662ce82f7903304a3811b12b.jpg,train,187.0,188.0,348.0,493.0,원피스,,,,,7부 소매,기본 소매,,쇼츠·미니 기장,터틀넥,,오버핏,,,무지,,
images/05ab6d272287aa77afa4c34fb97966f9.jpg,val_train_split,206.0,195.0,310.0,486.0,원피스,,,,,반팔,기본 소매,,쇼츠·미니 기장,터틀넥,,,,X라인,무지|플로럴,,지퍼
images/b0a1a5a246dee8dad178eab79b5ec77e.jpg,train,225.0,215.0,215.0,243.0,탑,,,,,반팔,기본 소매,기본 기장,,라운드넥,,레귤러핏,,,,,스팽글
images/b0a1a5a246dee8dad178eab79b5ec77e.jpg,train,265.0,456.0,160.0,336.0,팬츠,,,,,,,,롱·긴바지 기장,,,,,,무지,,플리츠
images/bccb5ec7bc0a055881a99fb7d2a9e83d.jpg,train,118.0,556.0,226.0,314.0,스커트,,,,,,,,무릎 기장,,,,스트레이트핏,H라인,무지,,플리츠|지퍼|벨트
images/bccb5ec7bc0a055881a99fb7d2a9e83d.jpg,train,149.0,395.0,164.0,168.0,탑,,,,,,,,,보트넥,,레귤러핏,,,무지,,
images/bccb5ec7bc0a055881a99fb7d2a9e83d.jpg,train,39.0,387.0,334.0,224.0,가디건,,,,,7부 소매,기본 소매,크롭 기장,,,,레귤러핏,,,무지,니트,단추
images/4b604f29ed79024d50563e91a1e04793.jpg,train,260.0,202.0,218.0,487.0,원피스,,,,,,,,무릎 기장,,,,,A라인,무지|그래픽,,지퍼|벨트
images/77bea73792997f780d1590e8f531fcd7.jpg,train,112.0,318.0,502.0,603.0,원피스,,,,,반팔,,,쇼츠·미니 기장,오프숄더,,,,A라인,,,지퍼
images/8b80e344565d7b5fa00a2d7e8ba29c0b.jpg,train,130.0,299.0,324.0,293.0,재킷,,,,,긴팔,기본 소매,크롭 기장,,,칼라 없음,슬림핏,,,무지,,지퍼
images/8b80e344565d7b5fa00a2d7e8ba29c0b.jpg,train,230.0,499.0,172.0,411.0,팬츠,,,,,,,,롱·긴바지 기장,,,,슬림핏,,무지,,
images/be98f4f8101a6f81b03d0f46c01e02e4.jpg,train,230.0,197.0,244.0,271.0,탑,,,,,반팔,기본 소매,크롭 기장,,,,레귤러핏,,,무지,,스팽글
images/be98f4f8101a6f81b03d0f46c01e02e4.jpg,train,253.0,459.0,191.0,417.0,팬츠,,,,,,,,롱·긴바지 기장,,,,,,무지,,
images/8ab65a3a846da97ede3f0452e54d2eb7.jpg,train,260.0,389.0,190.0,223.0,스커트,,,,,,,,쇼츠·미니 기장,,,,,A라인,체크,,지퍼
images/8ab65a3a846da97ede3f0452e54d2eb7.jpg,train,242.0,191.0,227.0,348.0,티셔츠,,,,,긴팔,기본 소매,,,터틀넥,,슬림핏,,,스트라이프,,
images/e8bb87362b6c27055d6ceb4c3d68a558.jpg,train,217.0,206.0,176.0,188.0,티셔츠,,,,,반팔,캡 소매,크롭 기장,,라운드넥,,슬림핏,,,무지,,
images/e8bb87362b6c27055d6ceb4c3d68a558.jpg,train,240.0,363.0,170.0,133.0,쇼츠,,,,,,,,쇼츠·미니 기장,,,,,,체크,,포켓
images/79cca08baf66290df0c23b480f09553e.jpg,val_train_split,314.0,338.0,199.0,422.0,티셔츠,,,,,긴팔,기본 소매,,,,피터팬 칼라,여유핏,,,무지,,
images/79cca08baf66290df0c23b480f09553e.jpg,val_train_split,357.0,655.0,114.0,221.0,팬츠,,,,,,,,롱·긴바지 기장,,,,슬림핏,,무지,,
images/3732e286eea8b8034a8ac44b7e582e15.jpg,train,94.0,169.0,295.0,446.0,원피스,,,,,긴팔,기본 소매,,쇼츠·미니 기장,라운드넥,,,,,그래픽,,지퍼
images/c446a049ddd90cae159ac26efc883a86.jpg,train,303.0,154.0,295.0,468.0,원피스,,,,,긴팔,기본 소매,,쇼츠·미니 기장,터틀넥,,,,,플로럴,,지퍼
images/3e9046b38039f6ae7c1dac7f13635c83.jpg,train,392.0,784.0,284.0,238.0,팬츠,,,,,,,,,,,,슬림핏,,무지,,
images/3e9046b38039f6ae7c1dac7f13635c83.jpg,train,286.0,313.0,362.0,583.0,티셔츠,,,,,긴팔,,기본 기장,,,,레귤러핏,,,무지,,
images/d77f470cff1fc115d3db3912a692bcdd.jpg,train,157.0,467.0,369.0,556.0,원피스,,,,,,,,,,,,,A라인,애니멀|플로럴,,지퍼
images/734dac074f5a858453c5a5b636ea98ab.jpg,train,206.0,329.0,361.0,399.0,점프수트,,,,,긴팔,,,쇼츠·미니 기장,오프숄더,,여유핏,,,플로럴,,지퍼
images/3f55e9430e94cb5e4b7d9ef434b7d41f.jpg,val_train_split,136.0,291.0,266.0,390.0,셔츠,,,,,반팔,기본 소매,크롭 기장,,,스탠드 칼라,레귤러핏,,,무지,,단추
images/8f14a999fdb4a3e1c0699e8860bc87ea.jpg,val_train_split,477.0,211.0,153.0,201.0,탑,,,,,,,크롭 기장,,홀터넥,,슬림핏,,,무지,,
images/8f14a999fdb4a3e1c0699e8860bc87ea.jpg,val_train_split,248.0,414.0,613.0,267.0,팬츠,,,,,,,,미디·7부 기장,,,,와이드핏,,무지,,
images/78e6a7c50eb2b8b22e49e572b4d9786b.jpg,val_train_split,160.0,168.0,152.0,182.0,탑,,,,,,,크롭 기장,,홀터넥,,슬림핏,,,,,
images/78e6a7c50eb2b8b22e49e572b4d9786b.jpg,val_train_split,84.0,359.0,331.0,643.0,스커트,,,,,,,,롱·긴바지 기장,,,,,,무지,,지퍼
images/400e5d1a7dfaa3834d98bf71c61d0ad6.jpg,train,199.0,366.0,233.0,222.0,스커트,,,,,,,,쇼츠·미니 기장,,,,,,무지,,
images/400e5d1a7dfaa3834d98bf71c61d0ad6.jpg,train,192.0,171.0,256.0,290.0,니트,,,,,긴팔,기본 소매,,,,,슬림핏,,,무지,니트,
images/379052a7ab1807431a0b9e609f9e8aed.jpg,val_train_split,213.0,189.0,312.0,501.0,원피스,,,,,,,,쇼츠·미니 기장,홀터넥,,,,A라인,무지,,지퍼
images/9327da1f4de57ddf5a3ed3238f563fbf.jpg,train,196.0,106.0,214.0,436.0,코트,,,,,긴팔,기본 소매,,,,,레귤러핏,,,무지,,지퍼|포켓|후드
images/9327da1f4de57ddf5a3ed3238f563fbf.jpg,train,223.0,529.0,145.0,290.0,팬츠,,,,,,,,롱·긴바지 기장,,,,슬림핏,,무지,,
images/e3327a3b462fee3ec1d5ef66583f626b.jpg,train,38.0,207.0,419.0,551.0,원피스,,,,,,,,미디·7부 기장,보트넥,,,,X라인,도트,,지퍼|리본
images/29319a6d986244ba0969f35c45a3bd5f.jpg,train,115.0,181.0,239.0,346.0,가디건,,,,,,,크롭 기장,,,,레귤러핏,,,무지,니트,단추
images/29319a6d986244ba0969f35c45a3bd5f.jpg,train,108.0,161.0,251.0,258.0,셔츠,,,,,긴팔,기본 소매,,,,라펠 칼라,레귤러핏,,,도트,,단추
images/29319a6d986244ba0969f35c45a3bd5f.jpg,train,114.0,395.0,201.0,536.0,팬츠,,,,,,,,롱·긴바지 기장,,,,,,무지,,플리츠
images/9286399fd0be8a5fc1c23b36961d1ba9.jpg,val_train_split,349.0,186.0,153.0,180.0,니트,,,,,긴팔,기본 소매,크롭 기장,,,,레귤러핏,,비대칭,무지,니트,
images/9286399fd0be8a5fc1c23b36961d1ba9.jpg,val_train_split,373.0,314.0,120.0,67.0,쇼츠,,,,,,,,쇼츠·미니 기장,,,,,,무지,,포켓|지퍼
images/fcd44ebc3ac973036340fa7852e93852.jpg,train,102.0,331.0,458.0,691.0,원피스,,,,,긴팔,기본 소매,,,스퀘어넥,,,,A라인,스트라이프,,지퍼
images/ef63ceb7b0929abb24f31dcf3e75e677.jpg,val_train_split,190.0,181.0,314.0,400.0,셔츠,,,,,긴팔,,,,,라펠 칼라,레귤러핏,,,무지,,단추
images/ef63ceb7b0929abb24f31dcf3e75e677.jpg,val_train_split,224.0,362.0,220.0,230.0,스커트,,,,,,,,쇼츠·미니 기장,,,,,A라인,무지,,리본
images/c5ea39da2692d4d645946d61fca2563f.jpg,val_train_split,176.0,188.0,225.0,285.0,셔츠,,,,,반팔,퍼프 소매,크롭 기장,,,,슬림핏,,,무지,,단추
images/c5ea39da2692d4d645946d61fca2563f.jpg,val_train_split,173.0,460.0,201.0,301.0,쇼츠,,,,,,,,쇼츠·미니 기장,,,,,,무지,,
images/f998dd0192180d98295114bb425912bb.jpg,train,248.0,219.0,346.0,509.0,베스트,,,,,,,기본 기장,,,라펠 칼라,레귤러핏,,,스트라이프,,단추
images/f998dd0192180d98295114bb425912bb.jpg,train,195.0,200.0,481.0,570.0,탑,,,,,긴팔,,기본 기장,,,셔츠 칼라,여유핏,,,무지,,
images/f998dd0192180d98295114bb425912bb.jpg,train,307.0,725.0,315.0,297.0,스커트,,,,,,,,,,,,스트레이트핏,H라인,무지,,지퍼
images/b9b811beaa58527798fdd63e7e5ef762.jpg,train,82.0,232.0,348.0,317.0,탑,,,,,반팔,벨 소매,기본 기장,,,,레귤러핏,,,무지,,프릴·러플
images/b6cccf5a48abeac8eb4595dbe07297bd.jpg,val_train_split,251.0,225.0,289.0,346.0,재킷,,,,,긴팔,기본 소매,크롭 기장,,,,레귤러핏,,,플로럴,,후드
images/b6cccf5a48abeac8eb4595dbe07297bd.jpg,val_train_split,190.0,392.0,233.0,229.0,스커트,,,,,,,,쇼츠·미니 기장,,,,,A라인,체크,,지퍼
images/b6cccf5a48abeac8eb4595dbe07297bd.jpg,val_train_split,280.0,568.0,64.0,42.0,스커트,,,,,,,,쇼츠·미니 기장,,,,,A라인,무지,,지퍼
images/3fe72a8b1c9006ff0df7992341c07c51.jpg,val_train_split,35.0,197.0,400.0,442.0,코트,,,,,긴팔,,,,,,레귤러핏,,,무지,,
images/3fe72a8b1c9006ff0df7992341c07c51.jpg,val_train_split,130.0,202.0,179.0,248.0,니트,,,,,긴팔,,,,,,여유핏,,,무지,니트,
images/3fe72a8b1c9006ff0df7992341c07c51.jpg,val_train_split,227.0,446.0,174.0,434.0,청바지,,,,,,,,롱·긴바지 기장,,,,슬림핏,,무지,데님,
images/fd62a1df14ba2789ec4d6bc284ea2ec3.jpg,val_train_split,208.0,503.0,240.0,455.0,청바지,,,,,,,,롱·긴바지 기장,,,,,,무지,데님,포켓
images/fd62a1df14ba2789ec4d6bc284ea2ec3.jpg,val_train_split,160.0,117.0,343.0,468.0,재킷,,,,,긴팔,기본 소매,크롭 기장,,,스탠드 칼라,레귤러핏,,,무지,,지퍼|포켓
images/fd62a1df14ba2789ec4d6bc284ea2ec3.jpg,val_train_split,212.0,127.0,200.0,449.0,셔츠,,,,,,,기본 기장,,,셔츠 칼라,레귤러핏,,,체크,,단추|포켓|지퍼
images/12fa25dc07fde8fb256d3021216f78d4.jpg,val_train_split,343.0,108.0,173.0,231.0,재킷,,,,,긴팔,기본 소매,크롭 기장,,,셔츠 칼라,레귤러핏,,,애니멀,가죽,지퍼|포켓|벨트
images/12fa25dc07fde8fb256d3021216f78d4.jpg,val_train_split,364.0,287.0,123.0,363.0,청바지,,,,,,,,롱·긴바지 기장,,,,슬림핏,,무지,데님,
images/12fa25dc07fde8fb256d3021216f78d4.jpg,val_train_split,365.0,160.0,81.0,153.0,탑,,,,,긴팔,,,,라운드넥,,레귤러핏,,,무지,,지퍼
images/b2faec9af5c0b3d4dc13086568cbb6b3.jpg,train,218.0,232.0,251.0,286.0,탑,,,,,반팔,벨 소매,기본 기장,,보트넥,,여유핏,,,무지,,리본
images/b2faec9af5c0b3d4dc13086568cbb6b3.jpg,train,249.0,498.0,172.0,346.0,팬츠,,,,,,,,,,,,슬림핏,,무지,,
images/876f8693ce263a50c6e4c234e903bd2c.jpg,train,227.0,246.0,197.0,238.0,블레이저,,,,,긴팔,기본 소매,크롭 기장,,,,레귤러핏,,,무지,,단추
images/876f8693ce263a50c6e4c234e903bd2c.jpg,train,228.0,250.0,191.0,231.0,셔츠,,,,,긴팔,기본 소매,,,,라펠 칼라,레귤러핏,,,무지,,단추|포켓|벨트
images/876f8693ce263a50c6e4c234e903bd2c.jpg,train,259.0,425.0,139.0,356.0,청바지,,,,,,,,롱·긴바지 기장,,,,슬림핏,,도트,데님,
images/52c9bdd6e67adaad20f7cdf8875f551f.jpg,train,388.0,464.0,160.0,399.0,청바지,,,,,,,,롱·긴바지 기장,,,,,,무지,데님,포켓
images/52c9bdd6e67adaad20f7cdf8875f551f.jpg,train,390.0,253.0,158.0,224.0,탑,,,,,,,기본 기장,,,,슬림핏,,,무지,,
images/52c9bdd6e67adaad20f7cdf8875f551f.jpg,train,323.0,194.0,256.0,307.0,셔츠,,,,,반팔,래글런 소매,크롭 기장,,,셔츠 칼라,레귤러핏,,,무지,,단추
images/8e00908f881178672a0a7f6613786a71.jpg,train,128.0,185.0,244.0,266.0,재킷,,,,,긴팔,기본 소매,크롭 기장,,,스탠드 칼라,레귤러핏,,,,,지퍼|포켓
images/8e00908f881178672a0a7f6613786a71.jpg,train,272.0,260.0,101.0,149.0,탑,,,,,긴팔,기본 소매,,,,,슬림핏,,,무지,,지퍼
images/8e00908f881178672a0a7f6613786a71.jpg,train,140.0,389.0,261.0,460.0,팬츠,,,,,,,,롱·긴바지 기장,,,,,,체크,,포켓
images/609c2247a74d88c4eb674e58afef118f.jpg,train,327.0,194.0,464.0,828.0,원피스,,,,,,,,롱·긴바지 기장,홀터넥,,,,,무지,,플리츠
images/404b168f59ab330f953f6603d5b5d112.jpg,train,344.0,357.0,146.0,448.0,코트,,,,,긴팔,기본 소매,,,,,레귤러핏,,,무지,퍼·플리스,
images/404b168f59ab330f953f6603d5b5d112.jpg,train,169.0,350.0,126.0,466.0,코트,,,,,긴팔,기본 소매,,,,,레귤러핏,,,무지,퍼·플리스,
images/404b168f59ab330f953f6603d5b5d112.jpg,train,310.0,495.0,2.0,24.0,티셔츠,,,,,,,,,,,레귤러핏,,,무지,,
images/404b168f59ab330f953f6603d5b5d112.jpg,train,218.0,546.0,149.0,406.0,팬츠,,,,,,,,롱·긴바지 기장,,,,,,무지,,
images/404b168f59ab330f953f6603d5b5d112.jpg,train,294.0,391.0,70.0,164.0,티셔츠,,,,,,,,,라운드넥,,레귤러핏,,,무지,,
images/9eab33ecbdb9d46697efdcc83b30219a.jpg,train,94.0,221.0,209.0,358.0,점프수트,,,,,,,,쇼츠·미니 기장,,,레귤러핏,,,무지,,단추
images/9eab33ecbdb9d46697efdcc83b30219a.jpg,train,141.0,257.0,142.0,108.0,탑,,,,,,,크롭 기장,,,,슬림핏,,,무지,,
images/f6430ab343c525b6339b631e38af1818.jpg,train,241.0,492.0,150.0,375.0,팬츠,,,,,,,,미디·7부 기장,,,,슬림핏,,무지,,
images/f6430ab343c525b6339b631e38af1818.jpg,train,209.0,167.0,285.0,487.0,코트,,,,,긴팔,기본 소매,,,,,레귤러핏,,,애니멀,,지퍼
images/f6430ab343c525b6339b631e38af1818.jpg,train,258.0,145.0,225.0,360.0,니트,,,,,긴팔,,크롭 기장,,터틀넥,칼라 없음,여유핏,,,무지,니트,
images/7b7a83afe994258ae1af33f88c74bc18.jpg,train,219.0,375.0,205.0,537.0,팬츠,,,,,,,,롱·긴바지 기장,,,,,,그래픽,,
images/7b7a83afe994258ae1af33f88c74bc18.jpg,train,193.0,179.0,266.0,228.0,셔츠,,,,,반팔,래글런 소매,크롭 기장,,라운드넥,,레귤러핏,,,,,리본
images/0e978ef722007bdbc50d07ba3b1975f4.jpg,train,88.0,372.0,392.0,651.0,점프수트,,,,,,,,,,,여유핏,,,무지,,단추|포켓
images/0e978ef722007bdbc50d07ba3b1975f4.jpg,train,177.0,372.0,287.0,290.0,탑,,,,,,,크롭 기장,,,,슬림핏,,,무지,,
images/0b44f79e9ef1142a9d643a7d061fcbcb.jpg,val_train_split,127.0,256.0,433.0,611.0,원피스,,,,,,,,롱·긴바지 기장,,,,,,무지,,스팽글|지퍼
images/fd2bb3587e951c402a49272824dbb4e2.jpg,val_train_split,146.0,195.0,274.0,333.0,재킷,,,,,긴팔,기본 소매,크롭 기장,,,스탠드 칼라,레귤러핏,,,무지,,지퍼
images/fd2bb3587e951c402a49272824dbb4e2.jpg,val_train_split,184.0,267.0,164.0,235.0,탑,,,,,,,기본 기장,,스퀘어넥,,슬림핏,,,무지,,
images/fd2bb3587e951c402a49272824dbb4e2.jpg,val_train_split,184.0,470.0,162.0,379.0,팬츠,,,,,,,,롱·긴바지 기장,,,,슬림핏,,무지,,
images/73c97b119b5bff9cae5c73d080a28162.jpg,train,174.0,556.0,168.0,247.0,팬츠,,,,,,,,미디·7부 기장,,,,,,무지,,
images/73c97b119b5bff9cae5c73d080a28162.jpg,train,110.0,224.0,297.0,354.0,니트,,,,,긴팔,,기본 기장,,터틀넥,,여유핏,,,,니트,
images/12f26beaf8d44d0ae49efb50d7b1294d.jpg,train,154.0,276.0,338.0,747.0,원피스,,,,,,,,,홀터넥,,,,A라인,플로럴,,지퍼
images/6012cb8dc1249e20f1c78953bf53508a.jpg,train,172.0,209.0,328.0,667.0,코트,,,,,긴팔,기본 소매,,,,라펠 칼라,레귤러핏,,,무지,,단추|포켓
images/6012cb8dc1249e20f1c78953bf53508a.jpg,train,292.0,229.0,79.0,219.0,탑,,,,,,,,,라운드넥,,레귤러핏,,,무지,,
images/6012cb8dc1249e20f1c78953bf53508a.jpg,train,283.0,423.0,60.0,377.0,팬츠,,,,,,,,,,,,슬림핏,,그래픽,,
images/561f99c7b22091628c38432a00a86806.jpg,train,207.0,201.0,252.0,498.0,코트,,,,,긴팔,,,,,칼라 없음,레귤러핏,,,무지,,
images/561f99c7b22091628c38432a00a86806.jpg,train,288.0,440.0,122.0,480.0,팬츠,,,,,,,,롱·긴바지 기장,,,,,,무지,,
images/7ddaedd67c9ab28ce990671983617e6b.jpg,train,289.0,571.0,171.0,328.0,팬츠,,,,,,,,롱·긴바지 기장,,,,,,무지,,
images/7ddaedd67c9ab28ce990671983617e6b.jpg,train,214.0,254.0,351.0,403.0,가디건,,,,,긴팔,,,,,,여유핏,,,,니트,
images/4d883206b6e1cc1323142805f6b7de8b.jpg,val_train_split,197.0,349.0,104.0,175.0,탑,,,,,,,크롭 기장,,,,레귤러핏,,,무지,,
images/4d883206b6e1cc1323142805f6b7de8b.jpg,val_train_split,204.0,516.0,100.0,99.0,쇼츠,,,,,,,,쇼츠·미니 기장,,,,,,무지,,
images/4d883206b6e1cc1323142805f6b7de8b.jpg,val_train_split,76.0,337.0,262.0,255.0,가디건,,,,,7부 소매,,,,,,여유핏,,,무지,니트,
images/db941ca4a0390436b1739ee889a74a51.jpg,val_train_split,298.0,443.0,159.0,103.0,스커트,,,,,,,,쇼츠·미니 기장,,,,,A라인,무지,,지퍼
images/db941ca4a0390436b1739ee889a74a51.jpg,val_train_split,274.0,217.0,217.0,213.0,재킷,,,,,7부 소매,기본 소매,크롭 기장,,,라펠 칼라,레귤러핏,,,무지,,
images/db941ca4a0390436b1739ee889a74a51.jpg,val_train_split,292.0,238.0,179.0,387.0,원피스,,,,,,,,무릎 기장,,,오버핏,,,무지,니트,스팽글|지퍼
images/96adccc0cbed6dcd32f3ab2d706eaa8c.jpg,train,196.0,167.0,460.0,594.0,원피스,,,,,,,,미디·7부 기장,보트넥,,,,,도트,,지퍼|리본
images/76ca61680bab77a0499699e0a0a0d31b.jpg,train,207.0,254.0,194.0,349.0,원피스,,,,,,,,쇼츠·미니 기장,,,,,A라인,애니멀,,지퍼
images/6decd4611b35f6fc6e9eca1f4b31b57a.jpg,val_train_split,344.0,188.0,198.0,204.0,티셔츠,,,,,반팔,기본 소매,,,스퀘어넥,,레귤러핏,,,스트라이프,,
images/6decd4611b35f6fc6e9eca1f4b31b57a.jpg,val_train_split,318.0,391.0,322.0,479.0,스커트,,,,,,,,미디·7부 기장,,,,,,플로럴,,플리츠|지퍼|벨트
images/7879ba0caa47ba26b7b571a357373629.jpg,train,126.0,602.0,417.0,421.0,재킷,,,,,긴팔,기본 소매,,,,,여유핏,,,무지,,지퍼|후드
images/4f61f45cc8c2bd6f81d0e95dd3c69660.jpg,train,196.0,252.0,325.0,408.0,탑,,,,,,,크롭 기장,,홀터넥,,레귤러핏,,,플로럴,,
images/4f61f45cc8c2bd6f81d0e95dd3c69660.jpg,train,218.0,620.0,346.0,403.0,팬츠,,,,,,,,,,,,슬림핏,,무지,,
images/bc77127220ace70cfdbb321a86ae9371.jpg,val_train_split,246.0,211.0,204.0,433.0,원피스,,,,,,,,쇼츠·미니 기장,홀터넥,,,,,무지,,지퍼
images/2bc77490400e0603e2cc2ca2ad4b5471.jpg,train,236.0,150.0,205.0,684.0,점프수트,,,,,,,,,V넥,,,,,애니멀,,지퍼|벨트
images/9ae39a6c43115b7d78b3a2da0dd6131a.jpg,val_train_split,195.0,367.0,486.0,561.0,원피스,,,,,반팔,,,쇼츠·미니 기장,오프숄더,,,,H라인,무지,,지퍼|벨트
images/61ae84b9fbc62a5564a0e24480ab2619.jpg,train,229.0,469.0,201.0,117.0,쇼츠,,,,,,,,쇼츠·미니 기장,,,,,,무지,,
images/61ae84b9fbc62a5564a0e24480ab2619.jpg,train,195.0,173.0,267.0,328.0,탑,,,,,반팔,캡 소매,기본 기장,,,스탠드 칼라,여유핏,,,무지,,
images/bc0239392438010fdc78010262f45879.jpg,train,273.0,277.0,144.0,223.0,점프수트,,,,,,,,,,,레귤러핏,,,무지,,지퍼
images/bc0239392438010fdc78010262f45879.jpg,train,293.0,291.0,121.0,90.0,탑,,,,,,,,,,,슬림핏,,,무지,,
images/bcdf5bd9a644543e0cd32c7b89881d3e.jpg,train,204.0,160.0,288.0,548.0,원피스,,,,,,,,쇼츠·미니 기장,터틀넥,,,,A라인,무지,,지퍼
images/ee8186b8a63cb9e58a28d2bc99e8d62b.jpg,train,212.0,185.0,296.0,351.0,재킷,,,,,긴팔,기본 소매,크롭 기장,,,스탠드 칼라,레귤러핏,,,무지,,지퍼
images/ee8186b8a63cb9e58a28d2bc99e8d62b.jpg,train,254.0,260.0,171.0,252.0,탑,,,,,,,기본 기장,,,,슬림핏,,,무지,,
images/ee8186b8a63cb9e58a28d2bc99e8d62b.jpg,train,253.0,472.0,171.0,404.0,팬츠,,,,,,,,롱·긴바지 기장,,,,슬림핏,,무지,,
images/8fe58aa3fc20efb561c936d53833a593.jpg,train,226.0,236.0,243.0,451.0,코트,,,,,긴팔,,,,,라펠 칼라,여유핏,,,,퍼·플리스,
images/61a345542fb70a3a1421d71604381c5d.jpg,train,305.0,324.0,293.0,665.0,원피스,,,,,,,,쇼츠·미니 기장,스퀘어넥,,,,,무지,,플리츠|지퍼
images/358d086bf793d1b4677d71a9364b7d2c.jpg,train,158.0,252.0,299.0,508.0,원피스,,,,,긴팔,벌룬 소매,,쇼츠·미니 기장,,스탠드 칼라,,,,무지,,플리츠|단추|포켓|벨트
images/83d5fa3904227dc03ae3e9d5c2d71921.jpg,train,249.0,198.0,265.0,276.0,셔츠,,,,,긴팔,기본 소매,크롭 기장,,,셔츠 칼라,레귤러핏,,,무지,,단추
images/83d5fa3904227dc03ae3e9d5c2d71921.jpg,train,276.0,412.0,210.0,200.0,스커트,,,,,,,,쇼츠·미니 기장,,,,,A라인,체크,,플리츠|지퍼
images/9aedc9f75cb6f3958fc5c5faaa465ab1.jpg,val_train_split,250.0,472.0,178.0,138.0,스커트,,,,,,,,쇼츠·미니 기장,,,,,A라인,무지,,
images/9aedc9f75cb6f3958fc5c5faaa465ab1.jpg,val_train_split,261.0,208.0,151.0,312.0,셔츠,,,,,,,,,,피터팬 칼라,여유핏,,,무지,,단추
images/9aedc9f75cb6f3958fc5c5faaa465ab1.jpg,val_train_split,248.0,241.0,166.0,257.0,탑,,,,,,,기본 기장,,,,여유핏,,,무지,,
images/9aedc9f75cb6f3958fc5c5faaa465ab1.jpg,val_train_split,235.0,198.0,198.0,297.0,재킷,,,,,긴팔,기본 소매,크롭 기장,,,셔츠 칼라,레귤러핏,,,무지,,지퍼
images/5b4e1fda0d3bab4ef24e08614e3ca33e.jpg,train,220.0,724.0,324.0,194.0,쇼츠,,,,,,,,쇼츠·미니 기장,,,,슬림핏,,무지,,포켓
images/5b4e1fda0d3bab4ef24e08614e3ca33e.jpg,train,119.0,309.0,442.0,459.0,셔츠,,,,,반팔,퍼프 소매,크롭 기장,,,셔츠 칼라,슬림핏,,,무지,,플리츠|단추|프릴·러플
images/5f9e0dbb576dd15a3bad0776e92d6523.jpg,train,388.0,477.0,173.0,113.0,쇼츠,,,,,,,,쇼츠·미니 기장,,,,,,무지,,
images/5f9e0dbb576dd15a3bad0776e92d6523.jpg,train,364.0,259.0,203.0,270.0,가디건,,,,,긴팔,,크롭 기장,,,,여유핏,,,,퍼·플리스|니트,지퍼
images/e025e08796330824378b4a74e5bd3c86.jpg,train,377.0,293.0,89.0,236.0,니트,,,,,,,,,라운드넥,,레귤러핏,,,,니트,
images/e025e08796330824378b4a74e5bd3c86.jpg,train,359.0,501.0,99.0,42.0,스커트,,,,,,,,쇼츠·미니 기장,,,,,A라인,무지,,지퍼
images/e025e08796330824378b4a74e5bd3c86.jpg,train,307.0,280.0,338.0,369.0,코트,,,,,긴팔,,,,,라펠 칼라,여유핏,,,무지,가죽,
images/acaffbe4d0e67deac52fc18a270c62e5.jpg,train,130.0,176.0,216.0,313.0,셔츠,,,,,반팔,퍼프 소매,크롭 기장,,,셔츠 칼라,슬림핏,,,무지,,단추|프릴·러플
images/acaffbe4d0e67deac52fc18a270c62e5.jpg,train,149.0,453.0,187.0,124.0,쇼츠,,,,,,,,쇼츠·미니 기장,,,,,,무지,,포켓
images/1aa5277979eae56a17a69732a9172511.jpg,train,330.0,479.0,107.0,294.0,팬츠,,,,,,,,롱·긴바지 기장,,,,,,무지,,
images/1aa5277979eae56a17a69732a9172511.jpg,train,368.0,293.0,42.0,116.0,셔츠,,,,,,,,,,셔츠 칼라,레귤러핏,,,그래픽,,단추
images/1aa5277979eae56a17a69732a9172511.jpg,train,296.0,294.0,170.0,247.0,블레이저,,,,,긴팔,기본 소매,,,,라펠 칼라,레귤러핏,,,무지,,단추|포켓|벨트
images/8c3b07f74eace833eb2a4f35e7d8a47b.jpg,train,198.0,535.0,234.0,364.0,팬츠,,,,,,,,롱·긴바지 기장,,,,,,카모,,포켓
images/8c3b07f74eace833eb2a4f35e7d8a47b.jpg,train,170.0,186.0,331.0,397.0,티셔츠,,,,,반팔,기본 소매,기본 기장,,라운드넥,,레귤러핏,,,무지,,
images/73f9d9c80063339d8f93220ffc6912db.jpg,val_train_split,199.0,291.0,314.0,287.0,원피스,,,,,긴팔,,,쇼츠·미니 기장,오프숄더,,,,,무지,,벨트
images/cdf41e8d0d195fa63eb6ad30a61e534c.jpg,train,474.0,234.0,187.0,448.0,후드티,,,,,,,,,,,레귤러핏,,,무지,,후드|지퍼
images/cdf41e8d0d195fa63eb6ad30a61e534c.jpg,train,554.0,305.0,36.0,19.0,티셔츠,,,,,,,,,,,슬림핏,,,무지,,
images/cdf41e8d0d195fa63eb6ad30a61e534c.jpg,train,242.0,211.0,528.0,471.0,재킷,,,,,긴팔,기본 소매,,,,,레귤러핏,,,무지,,지퍼|포켓
images/826d9b3438fefe09c958547ac91054e8.jpg,train,230.0,476.0,146.0,431.0,청바지,,,,,,,,롱·긴바지 기장,,,,슬림핏,,무지,데님,
images/826d9b3438fefe09c958547ac91054e8.jpg,train,242.0,233.0,218.0,345.0,탑,,,,,반팔,,기본 기장,,,,여유핏,,,무지,,
images/826d9b3438fefe09c958547ac91054e8.jpg,train,238.0,213.0,182.0,337.0,베스트,,,,,반팔,,기본 기장,,라운드넥,라펠 칼라,레귤러핏,,,무지,,
images/44ef8483afb1fe9020f4d3a34c7ad55b.jpg,train,435.0,402.0,171.0,270.0,팬츠,,,,,,,,,,,,슬림핏,,무지,,포켓|스팽글
images/44ef8483afb1fe9020f4d3a34c7ad55b.jpg,train,373.0,303.0,417.0,381.0,재킷,,,,,긴팔,,크롭 기장,,라운드넥,,오버핏,,,무지,,
images/ed0a7d024201876c67e54be4fffa2297.jpg,train,169.0,679.0,307.0,344.0,팬츠,,,,,,,,,,,,스트레이트핏,H라인,무지,,포켓
images/ed0a7d024201876c67e54be4fffa2297.jpg,train,172.0,271.0,465.0,448.0,베스트,,,,,,,크롭 기장,,,,슬림핏,,,무지,,
images/ed0a7d024201876c67e54be4fffa2297.jpg,train,198.0,259.0,446.0,649.0,셔츠,,,,,긴팔,기본 소매,,,,셔츠 칼라,레귤러핏,,,무지,,
images/9dc7af2da53498b6cbcf2fed7318e9e4.jpg,train,327.0,233.0,156.0,357.0,원피스,,,,,,,,쇼츠·미니 기장,,칼라 없음,,,A라인,무지,,지퍼
images/768018c65d0f882c3105c39a5b13afc0.jpg,train,279.0,196.0,221.0,439.0,원피스,,,,,,,,쇼츠·미니 기장,,피터팬 칼라,,,A라인,플로럴,,지퍼
images/768018c65d0f882c3105c39a5b13afc0.jpg,train,198.0,197.0,448.0,314.0,가디건,,,,,긴팔,기본 소매,크롭 기장,,,,레귤러핏,,,무지,니트,
images/5daad399ce7f6b8280a58f25054bba06.jpg,train,317.0,536.0,145.0,143.0,쇼츠,,,,,,,,쇼츠·미니 기장,,,,,,무지,,포켓
images/5daad399ce7f6b8280a58f25054bba06.jpg,train,280.0,323.0,163.0,243.0,티셔츠,,,,,반팔,기본 소매,크롭 기장,,,,레귤러핏,,,무지,,후드
images/4ec5fb7acdf88ec604c212cfd6e65c15.jpg,train,208.0,581.0,169.0,221.0,팬츠,,,,,,,,,,,,슬림핏,,무지,,
images/4ec5fb7acdf88ec604c212cfd6e65c15.jpg,train,128.0,155.0,333.0,462.0,코트,,,,,긴팔,기본 소매,,,,,레귤러핏,,,무지,퍼·플리스,지퍼|포켓|후드
images/4ec5fb7acdf88ec604c212cfd6e65c15.jpg,train,247.0,146.0,164.0,63.0,티셔츠,,,,,긴팔,,,,터틀넥,,슬림핏,,,무지,,
images/04d9abafcb61b8c605df8650a135ef40.jpg,train,257.0,231.0,579.0,792.0,니트,,,,,긴팔,,크롭 기장,,터틀넥,,여유핏,,,,니트,
images/822c83942a1901ad88d7a105ea5785e4.jpg,val_train_split,478.0,309.0,102.0,73.0,스커트,,,,,,,,쇼츠·미니 기장,,,,,,무지,,지퍼
images/822c83942a1901ad88d7a105ea5785e4.jpg,val_train_split,469.0,120.0,141.0,250.0,니트,,,,,반팔,,크롭 기장,,,라펠 칼라,레귤러핏,,,무지,니트,리본|프릴·러플
images/9d3e2f077dbb46f81a178a2872a6464f.jpg,train,266.0,890.0,199.0,133.0,팬츠,,,,,,,,,,,,슬림핏,,무지,,
images/9d3e2f077dbb46f81a178a2872a6464f.jpg,train,215.0,533.0,248.0,367.0,니트,,,,,,,크롭 기장,,,,레귤러핏,,,무지,니트,포켓|후드
images/9d3e2f077dbb46f81a178a2872a6464f.jpg,train,290.0,558.0,62.0,29.0,티셔츠,,,,,,,,,라운드넥,,슬림핏,,,무지,,
images/9d3e2f077dbb46f81a178a2872a6464f.jpg,train,27.0,580.0,495.0,321.0,재킷,,,,,긴팔,,크롭 기장,,,,레귤러핏,,,무지,,단추|포켓
images/55810dda4caa215fd21e4bb275a46ccd.jpg,train,219.0,174.0,286.0,346.0,니트,,,,,긴팔,,크롭 기장,,V넥,,여유핏,,,무지,니트,
images/55810dda4caa215fd21e4bb275a46ccd.jpg,train,271.0,420.0,185.0,449.0,팬츠,,,,,,,,롱·긴바지 기장,,,,슬림핏,,그래픽,,플리츠
images/72eb70d17704ec86f2b11c3bd1d3b821.jpg,val_train_split,467.0,308.0,114.0,259.0,원피스,,,,,,,,쇼츠·미니 기장,스퀘어넥,,,,,무지,,플리츠|지퍼
images/96a00e50baee28933a30cad6df2cf35e.jpg,val_train_split,247.0,220.0,326.0,749.0,원피스,,,,,,,,롱·긴바지 기장,,,,,,스트라이프,,스팽글|지퍼
images/a5c28ca1827b16dc00fe182d42b8e180.jpg,train,562.0,181.0,152.0,285.0,스커트,,,,,,,,무릎 기장,,,,,A라인,그래픽,,지퍼
images/a5c28ca1827b16dc00fe182d42b8e180.jpg,train,507.0,0.0,277.0,209.0,니트,,,,,긴팔,,크롭 기장,,,,오버핏,,,,니트,
images/3a4d438d22e5328eb4603599f98632f0.jpg,train,284.0,695.0,142.0,265.0,팬츠,,,,,,,,롱·긴바지 기장,,,,,,무지,,
images/3a4d438d22e5328eb4603599f98632f0.jpg,train,296.0,687.0,124.0,25.0,티셔츠,,,,,,,기본 기장,,,,레귤러핏,,,무지,,
images/3a4d438d22e5328eb4603599f98632f0.jpg,train,268.0,465.0,176.0,248.0,후드티,,,,,긴팔,,기본 기장,,,,레귤러핏,,,무지,,후드
images/89f53a2875464eae3a5ff8535c25ad6e.jpg,train,308.0,382.0,76.0,282.0,원피스,,,,,,,,쇼츠·미니 기장,,,,,,무지,,지퍼
images/89f53a2875464eae3a5ff8535c25ad6e.jpg,train,295.0,276.0,286.0,516.0,재킷,,,,,반팔,기본 소매,,,,라펠 칼라,슬림핏,,,애니멀,,단추|포켓
images/d7b051123ac8539ed31af2457316210a.jpg,train,471.0,495.0,257.0,187.0,티셔츠,,,,,,,,,,,레귤러핏,,,무지,,
images/d7b051123ac8539ed31af2457316210a.jpg,train,459.0,197.0,338.0,380.0,티셔츠,,,,,7부 소매,래글런 소매,,,라운드넥,,레귤러핏,,,무지,,
images/595c6a08f120a9de287fbc19aba5150b.jpg,train,20.0,311.0,550.0,365.0,재킷,,,,,7부 소매,기본 소매,크롭 기장,,,,레귤러핏,,비대칭,무지,,스팽글|지퍼
images/595c6a08f120a9de287fbc19aba5150b.jpg,train,82.0,300.0,498.0,723.0,원피스,,,,,,,,,라운드넥,,,,,무지,,지퍼
images/5ff474f8e6ac21936c5da24284e44e47.jpg,val_train_split,145.0,863.0,303.0,160.0,스커트,,,,,,,,,,,,스트레이트핏,H라인,그래픽,,지퍼
images/5ff474f8e6ac21936c5da24284e44e47.jpg,val_train_split,82.0,325.0,438.0,600.0,코트,,,,,긴팔,기본 소매,,,,라펠 칼라,여유핏,,,그래픽,,벨트
images/83303052f53fe3cb01da587c5a1f4887.jpg,train,186.0,538.0,130.0,276.0,팬츠,,,,,,,,미디·7부 기장,,,,슬림핏,,무지,,
images/83303052f53fe3cb01da587c5a1f4887.jpg,train,385.0,517.0,136.0,304.0,팬츠,,,,,,,,미디·7부 기장,,,,슬림핏,,무지,,
images/83303052f53fe3cb01da587c5a1f4887.jpg,train,362.0,314.0,91.0,207.0,탑,,,,,,,기본 기장,,,,슬림핏,,,무지,,
images/83303052f53fe3cb01da587c5a1f4887.jpg,train,242.0,273.0,219.0,395.0,가디건,,,,,,,,,,,여유핏,,,무지,니트,벨트
images/619fe5b8aa27cc495eea13c44b0773db.jpg,train,344.0,488.0,177.0,418.0,팬츠,,,,,,,,롱·긴바지 기장,,,,와이드핏,,무지,,
images/619fe5b8aa27cc495eea13c44b0773db.jpg,train,323.0,262.0,265.0,500.0,가디건,,,,,긴팔,,,,,,레귤러핏,,,무지,니트,
images/619fe5b8aa27cc495eea13c44b0773db.jpg,train,323.0,295.0,211.0,290.0,티셔츠,,,,,긴팔,,크롭 기장,,,,슬림핏,,,무지,,포켓
images/0591284f15a0b5daeb767a7da62ea38f.jpg,train,160.0,135.0,323.0,398.0,재킷,,,,,긴팔,기본 소매,크롭 기장,,,,레귤러핏,,,무지,,지퍼
images/0591284f15a0b5daeb767a7da62ea38f.jpg,train,223.0,135.0,215.0,431.0,원피스,,,,,,,,쇼츠·미니 기장,터틀넥,라펠 칼라,,,A라인,무지,,지퍼|포켓
images/78979dabfd9dbe21d732629458f72793.jpg,train,266.0,281.0,270.0,387.0,원피스,,,,,민소매,캡 소매,,쇼츠·미니 기장,,,,,A라인,무지,,지퍼
images/5d99875630c7f9f4b2f98dbc85e553fc.jpg,train,287.0,186.0,135.0,347.0,니트,,,,,,,크롭 기장,,,,레귤러핏,,,무지,니트,지퍼|후드
images/5d99875630c7f9f4b2f98dbc85e553fc.jpg,train,167.0,201.0,352.0,398.0,재킷,,,,,긴팔,기본 소매,크롭 기장,,,스탠드 칼라,여유핏,,,무지,,지퍼
images/5d99875630c7f9f4b2f98dbc85e553fc.jpg,train,332.0,271.0,14.0,47.0,티셔츠,,,,,,,,,라운드넥,,슬림핏,,,무지,,
images/5d99875630c7f9f4b2f98dbc85e553fc.jpg,train,167.0,525.0,284.0,385.0,청바지,,,,,,,,롱·긴바지 기장,,,,,,무지,데님,포켓
images/aab3fe06ed1f47434370180d742df6d3.jpg,val_train_split,522.0,214.0,28.0,80.0,티셔츠,,,,,,,크롭 기장,,라운드넥,칼라 없음,레귤러핏,,,무지,,
images/aab3fe06ed1f47434370180d742df6d3.jpg,val_train_split,489.0,290.0,95.0,147.0,스커트,,,,,,,,무릎 기장,,,,플레어핏,,무지,,지퍼|포켓
images/aab3fe06ed1f47434370180d742df6d3.jpg,val_train_split,472.0,211.0,114.0,221.0,코트,,,,,반팔,기본 소매,,,,,레귤러핏,,,무지,퍼·플리스,리본|포켓
images/68bbb544ca8ad8995abbfa47dc25b9f5.jpg,train,35.0,417.0,646.0,606.0,원피스,,,,,7부 소매,기본 소매,,,,,,,비대칭,애니멀,,지퍼
images/b05b12e2b23e7a4488d667482aafadda.jpg,train,154.0,521.0,260.0,162.0,스커트,,,,,,,,쇼츠·미니 기장,,,,,비대칭,무지,,지퍼
images/b05b12e2b23e7a4488d667482aafadda.jpg,train,178.0,201.0,219.0,339.0,베스트,,,,,,,크롭 기장,,,,레귤러핏,,,도트,,
images/b05b12e2b23e7a4488d667482aafadda.jpg,train,170.0,193.0,242.0,132.0,티셔츠,,,,,반팔,캡 소매,,,,셔츠 칼라,레귤러핏,,,플로럴,,
images/19fb03be75e4c8605f100203ed880bc0.jpg,train,366.0,163.0,371.0,281.0,셔츠,,,,,7부 소매,기본 소매,크롭 기장,,,,레귤러핏,,,도트,,단추
images/25e9d7fef642bff23f4efc1f1fbfb9f5.jpg,train,296.0,258.0,116.0,179.0,탑,,,,,,,,,,,레귤러핏,,,무지,,
images/25e9d7fef642bff23f4efc1f1fbfb9f5.jpg,train,269.0,424.0,156.0,293.0,스커트,,,,,,,,무릎 기장,,,,,,플로럴,,지퍼
images/25e9d7fef642bff23f4efc1f1fbfb9f5.jpg,train,251.0,271.0,227.0,445.0,코트,,,,,긴팔,,,,,칼라 없음,여유핏,,,무지,,
images/446d5c50d1fde2d89d949224fccd1388.jpg,train,255.0,239.0,249.0,375.0,탑,,,,,,,기본 기장,,,,레귤러핏,,,무지,,
images/446d5c50d1fde2d89d949224fccd1388.jpg,train,255.0,598.0,260.0,424.0,팬츠,,,,,,,,,,,,,,무지,,
images/446d5c50d1fde2d89d949224fccd1388.jpg,train,233.0,203.0,343.0,584.0,가디건,,,,,긴팔,,,,,라펠 칼라,여유핏,,,무지,니트,
images/4608fab110e5bd741b6e79e0fb50a929.jpg,train,175.0,370.0,188.0,316.0,스커트,,,,,,,,무릎 기장,,,,,,무지,,지퍼|프릴·러플
images/4608fab110e5bd741b6e79e0fb50a929.jpg,train,137.0,200.0,283.0,315.0,티셔츠,,,,,긴팔,벌룬 소매,,,,,레귤러핏,,,무지,,
images/b2acbd2edd5a3a71897357150880db4c.jpg,train,253.0,216.0,160.0,242.0,탑,,,,,,,크롭 기장,,스퀘어넥,,여유핏,,,무지,,
images/b2acbd2edd5a3a71897357150880db4c.jpg,train,227.0,439.0,189.0,308.0,스커트,,,,,,,,무릎 기장,,,,스트레이트핏,H라인,,,단추
images/addb0e6cf4a8b7310eba0c2339d51cd7.jpg,train,174.0,154.0,285.0,406.0,베스트,,,,,,,크롭 기장,,,,여유핏,,,무지,퍼·플리스,벨트
images/addb0e6cf4a8b7310eba0c2339d51cd7.jpg,train,264.0,496.0,201.0,161.0,쇼츠,,,,,,,,쇼츠·미니 기장,,,,,,무지,,포켓
images/bf45797393bc8f016dee8303bc8c5db0.jpg,train,179.0,221.0,293.0,405.0,원피스,,,,,,,,쇼츠·미니 기장,보트넥,,,,,,,지퍼|프릴·러플
images/89382f800298aafcbf9becaa1f7bb300.jpg,train,262.0,202.0,246.0,286.0,재킷,,,,,긴팔,기본 소매,크롭 기장,,,,레귤러핏,,,무지,,지퍼|후드
images/89382f800298aafcbf9becaa1f7bb300.jpg,train,361.0,184.0,89.0,248.0,티셔츠,,,,,,,,,터틀넥,,레귤러핏,,,무지,,
images/89382f800298aafcbf9becaa1f7bb300.jpg,train,315.0,426.0,162.0,318.0,청바지,,,,,,,,롱·긴바지 기장,,,,슬림핏,,무지,데님,
images/48849834a9fdeeeedcfd278c54000cc3.jpg,train,244.0,465.0,145.0,228.0,스커트,,,,,,,,무릎 기장,,,,,,무지,,지퍼
images/48849834a9fdeeeedcfd278c54000cc3.jpg,train,221.0,284.0,215.0,256.0,티셔츠,,,,,긴팔,기본 소매,기본 기장,,,스탠드 칼라,레귤러핏,,,무지,,
images/50ebd21205a8d7ea83cfbad4e20f32ae.jpg,train,247.0,432.0,169.0,301.0,원피스,,,,,반팔,기본 소매,,쇼츠·미니 기장,,,,,A라인,무지,,지퍼|스팽글
images/f0c80a1febd6aeb4ed6ccaf3fd82760a.jpg,train,379.0,190.0,249.0,326.0,원피스,,,,,7부 소매,,,쇼츠·미니 기장,오프숄더,,,,A라인,무지,,지퍼|벨트
images/ae81b1f20460316940df3965db53f030.jpg,train,248.0,192.0,166.0,483.0,원피스,,,,,,,,무릎 기장,터틀넥,스탠드 칼라,,,,무지,,지퍼
images/ae81b1f20460316940df3965db53f030.jpg,train,239.0,203.0,233.0,349.0,재킷,,,,,긴팔,기본 소매,크롭 기장,,,,레귤러핏,,,무지|플로럴,,단추
images/e0415000239598770edf59f84db0bb94.jpg,train,134.0,258.0,445.0,384.0,원피스,,,,,긴팔,래글런 소매,,쇼츠·미니 기장,,,,,,플로럴|도트,,
images/0b8311cc74229f690c3b193972c48a0d.jpg,train,33.0,199.0,451.0,803.0,원피스,,,,,긴팔,,,롱·긴바지 기장,오프숄더,,,,,플로럴,,지퍼|벨트
images/6801a2e3fd1ac5bcc4156c5bc4ce66af.jpg,val_train_split,142.0,272.0,503.0,595.0,원피스,,,,,,,,쇼츠·미니 기장,스퀘어넥,,,,,무지,,플리츠|지퍼|벨트|프릴·러플
images/04f0a0fcb4ee1be8969847d1c4f23518.jpg,train,254.0,225.0,415.0,798.0,점프수트,,,,,반팔,캡 소매,,,,셔츠 칼라,,,,무지,,단추|포켓|벨트
images/e4b69d1141370c258bc7f26e7a3bedea.jpg,train,234.0,184.0,351.0,290.0,탑,,,,,반팔,벨 소매,기본 기장,,,,오버핏,,,무지,,
images/e4b69d1141370c258bc7f26e7a3bedea.jpg,train,304.0,425.0,201.0,121.0,쇼츠,,,,,,,,쇼츠·미니 기장,,,,,,플로럴,,
images/7675064bb78a10db65bb16717f2c3fe2.jpg,train,268.0,347.0,128.0,294.0,블레이저,,,,,긴팔,기본 소매,,,,스탠드 칼라,레귤러핏,,,체크,,단추
images/7675064bb78a10db65bb16717f2c3fe2.jpg,train,255.0,638.0,185.0,312.0,팬츠,,,,,,,,롱·긴바지 기장,,,,와이드핏,,,,
images/6f2cb5f16ed77f5da20a36a87fa263d1.jpg,train,185.0,216.0,279.0,349.0,재킷,,,,,긴팔,기본 소매,크롭 기장,,,셔츠 칼라,레귤러핏,,,무지,가죽,단추|포켓
images/6f2cb5f16ed77f5da20a36a87fa263d1.jpg,train,298.0,276.0,92.0,205.0,티셔츠,,,,,,,,,V넥,,레귤러핏,,,무지,,
images/6f2cb5f16ed77f5da20a36a87fa263d1.jpg,train,253.0,473.0,161.0,429.0,팬츠,,,,,,,,롱·긴바지 기장,,,,슬림핏,,,,포켓
images/db6a9e52c98a5e79347e496dd1836423.jpg,train,127.0,690.0,389.0,333.0,팬츠,,,,,,,,,,,,와이드핏,,플로럴,,플리츠|포켓
images/db6a9e52c98a5e79347e496dd1836423.jpg,train,193.0,276.0,336.0,528.0,티셔츠,,,,,긴팔,벌룬 소매,,,,,여유핏,,,애니멀|도트,,
images/e9288cd4627ac1cc7b2b490f6384f159.jpg,train,243.0,271.0,191.0,459.0,원피스,,,,,반팔,캡 소매,,무릎 기장,보트넥,,,,,플로럴,,지퍼
images/a8ec3edf9a01872147228559e2d5bbcf.jpg,val_train_split,247.0,284.0,185.0,435.0,원피스,,,,,,,,무릎 기장,,,,,,무지,,지퍼|스팽글
images/18d7832c0d90d857c04e3135214cd970.jpg,train,274.0,222.0,392.0,708.0,원피스,,,,,민소매,캡 소매,,쇼츠·미니 기장,,,,,H라인,무지,,지퍼|포켓|리본
images/eebd67e28f811ad93ce45d7a22c9a280.jpg,train,212.0,170.0,183.0,399.0,원피스,,,,,,,,쇼츠·미니 기장,보트넥,,,,A라인,무지,,지퍼
images/eebd67e28f811ad93ce45d7a22c9a280.jpg,train,144.0,137.0,273.0,412.0,가디건,,,,,긴팔,기본 소매,,,,칼라 없음,여유핏,,,스트라이프,퍼·플리스|니트,단추
images/a33de5b30495bafbcc8f0b97ad3f71cd.jpg,train,267.0,302.0,168.0,426.0,코트,,,,,긴팔,기본 소매,,,,스탠드 칼라,슬림핏,,,무지,,단추
images/a33de5b30495bafbcc8f0b97ad3f71cd.jpg,train,312.0,457.0,47.0,287.0,팬츠,,,,,,,,롱·긴바지 기장,,,,,,무지,,
images/55ac7288bbd1d1157d23cacbfd654291.jpg,train,220.0,393.0,312.0,512.0,점프수트,,,,,7부 소매,기본 소매,,롱·긴바지 기장,라운드넥,,여유핏,,,무지,,
images/e20f217e1593520d949636b9f5c04586.jpg,train,11.0,238.0,711.0,779.0,점프수트,,,,,긴팔,기본 소매,,,,스탠드 칼라,슬림핏,,,무지,,지퍼|벨트
images/4fac5b2aa25436026beae82a828b44ff.jpg,train,270.0,430.0,210.0,281.0,원피스,,,,,,,,쇼츠·미니 기장,,,,,,도트,,지퍼|프릴·러플
images/c746d88a3ebbfa47a27375a21417dbb6.jpg,train,264.0,212.0,160.0,430.0,원피스,,,,,,,,쇼츠·미니 기장,보트넥,,,,H라인,,,지퍼
images/c746d88a3ebbfa47a27375a21417dbb6.jpg,train,196.0,192.0,265.0,420.0,코트,,,,,긴팔,,,,,,여유핏,,,무지,가죽,
images/13d8d439f4d3abce930081e82386f273.jpg,train,258.0,212.0,194.0,237.0,탑,,,,,,,,,,,슬림핏,,,,,
images/13d8d439f4d3abce930081e82386f273.jpg,train,271.0,429.0,186.0,234.0,쇼츠,,,,,,,,쇼츠·미니 기장,,,,,,도트,,지퍼|플리츠
images/1cd443db83d0bb98a1f46487c1ab0166.jpg,train,212.0,377.0,239.0,420.0,원피스,,,,,,,,미디·7부 기장,,,,,,무지,,지퍼|스팽글
images/955928367b7f9a26e2e6cccd65fcdfbf.jpg,val_train_split,197.0,158.0,310.0,509.0,코트,,,,,긴팔,,,,,라펠 칼라,여유핏,,,그래픽,,단추|포켓
images/955928367b7f9a26e2e6cccd65fcdfbf.jpg,val_train_split,296.0,152.0,84.0,273.0,셔츠,,,,,,,,,,셔츠 칼라,레귤러핏,,,무지,,단추
images/955928367b7f9a26e2e6cccd65fcdfbf.jpg,val_train_split,262.0,422.0,163.0,464.0,팬츠,,,,,,,,롱·긴바지 기장,,,,,,그래픽,,
images/756656ed3593670ba041fcd27a6c3795.jpg,train,240.0,441.0,197.0,139.0,스커트,,,,,,,,쇼츠·미니 기장,,,,스트레이트핏,H라인,무지,,지퍼
images/756656ed3593670ba041fcd27a6c3795.jpg,train,253.0,215.0,189.0,323.0,탑,,,,,,,기본 기장,,,,여유핏,,,무지,,
images/756656ed3593670ba041fcd27a6c3795.jpg,train,191.0,179.0,286.0,405.0,가디건,,,,,긴팔,,,,,,레귤러핏,,,무지,니트,
images/7d6e96c1ab961c3e44755141fb94ebd9.jpg,train,60.0,396.0,599.0,572.0,셔츠,,,,,긴팔,기본 소매,크롭 기장,,,셔츠 칼라,여유핏,,,애니멀,,단추
images/3dc87265eb036bab2395df92ef12c020.jpg,train,303.0,180.0,102.0,229.0,탑,,,,,,,,,터틀넥,라펠 칼라,슬림핏,,,무지,,
images/3dc87265eb036bab2395df92ef12c020.jpg,train,381.0,202.0,103.0,389.0,재킷,,,,,긴팔,기본 소매,크롭 기장,,,,레귤러핏,,,무지,,지퍼
images/3dc87265eb036bab2395df92ef12c020.jpg,train,189.0,207.0,152.0,276.0,재킷,,,,,긴팔,기본 소매,크롭 기장,,,,레귤러핏,,,무지,,지퍼|포켓
images/3dc87265eb036bab2395df92ef12c020.jpg,train,218.0,401.0,211.0,500.0,팬츠,,,,,,,,,,,,슬림핏,,,,
images/e63d240834754a5bf0d552d238c61a86.jpg,train,274.0,371.0,173.0,206.0,스커트,,,,,,,,쇼츠·미니 기장,,,,,A라인,,,지퍼
images/e63d240834754a5bf0d552d238c61a86.jpg,train,233.0,234.0,199.0,148.0,티셔츠,,,,,반팔,기본 소매,,,,,레귤러핏,,,무지,,스팽글
images/2f05872bbcca56ca87a701ae7de736be.jpg,train,291.0,260.0,372.0,624.0,원피스,,,,,,,,롱·긴바지 기장,터틀넥,,,,,무지,,지퍼
images/5c5f9c6bc8b09dfd35b862fbbd79c7e0.jpg,train,2.0,204.0,647.0,805.0,원피스,,,,,,,,롱·긴바지 기장,,스탠드 칼라,,,,무지,,지퍼
images/33a8a99c529ecc5864ec06def6f856ba.jpg,train,184.0,239.0,169.0,508.0,원피스,,,,,,,,미디·7부 기장,,,,,비대칭,무지,,플리츠|지퍼|프릴·러플
images/2b172b495fd6dc53dc5d4682b718937f.jpg,train,419.0,188.0,162.0,240.0,원피스,,,,,반팔,벨 소매,,쇼츠·미니 기장,오프숄더,,,,A라인,플로럴,,지퍼
images/4bc5ec41e6738f5629d7fabd9e2c7b78.jpg,train,318.0,277.0,94.0,266.0,탑,,,,,,,기본 기장,,라운드넥,,레귤러핏,,,무지,,
images/4bc5ec41e6738f5629d7fabd9e2c7b78.jpg,train,248.0,223.0,275.0,397.0,코트,,,,,7부 소매,기본 소매,,,,칼라 없음,레귤러핏,,,,,
images/d3f5726dbdf091543d0727e66657fe04.jpg,train,186.0,285.0,232.0,254.0,재킷,,,,,반팔,기본 소매,크롭 기장,,,라펠 칼라,여유핏,,비대칭,체크,,단추|포켓
images/d3f5726dbdf091543d0727e66657fe04.jpg,train,242.0,509.0,149.0,141.0,스커트,,,,,,,,쇼츠·미니 기장,,,,,,무지,,지퍼
images/cb2f3d6bd8373d387003254fb2aaa480.jpg,train,234.0,295.0,145.0,596.0,점프수트,,,,,,,,롱·긴바지 기장,,,,,,플로럴,,지퍼
images/5c4e3cc97c411d5a0388c40e792fe643.jpg,val_train_split,223.0,196.0,275.0,412.0,니트,,,,,긴팔,기본 소매,크롭 기장,,라운드넥,,레귤러핏,,,,니트,
images/5c4e3cc97c411d5a0388c40e792fe643.jpg,val_train_split,270.0,542.0,179.0,401.0,팬츠,,,,,,,,롱·긴바지 기장,,,,,,무지,,
images/b74077d189b726427d67bd5d4559f0e7.jpg,train,105.0,476.0,193.0,182.0,스커트,,,,,,,,쇼츠·미니 기장,,,,스트레이트핏,H라인,도트,,지퍼
images/b74077d189b726427d67bd5d4559f0e7.jpg,train,79.0,278.0,230.0,207.0,탑,,,,,반팔,퍼프 소매,,,V넥,,오버핏,,,,,
images/0644c64e0ff320cade0753058f49ba22.jpg,train,245.0,459.0,196.0,166.0,스커트,,,,,,,,쇼츠·미니 기장,,,,,A라인,체크,,플리츠|지퍼
images/0644c64e0ff320cade0753058f49ba22.jpg,train,254.0,214.0,214.0,267.0,티셔츠,,,,,반팔,기본 소매,기본 기장,,보트넥,,레귤러핏,,,,,
images/a78936e8da22ad46d2969b785515e277.jpg,train,235.0,327.0,345.0,555.0,원피스,,,,,반팔,벨 소매,,쇼츠·미니 기장,오프숄더,,,,,무지,,프릴·러플
images/cfaf155cf5e7206b23dec5b2cb9ccbdd.jpg,train,207.0,726.0,279.0,297.0,청바지,,,,,,,,,,,,,,무지,데님,
images/cfaf155cf5e7206b23dec5b2cb9ccbdd.jpg,train,152.0,272.0,390.0,566.0,재킷,,,,,긴팔,,기본 기장,,,,여유핏,,,,퍼·플리스,
images/cfaf155cf5e7206b23dec5b2cb9ccbdd.jpg,train,150.0,330.0,388.0,433.0,셔츠,,,,,긴팔,,기본 기장,,,셔츠 칼라,레귤러핏,,,,,단추
images/6cd8d325466886e631420134107fd182.jpg,train,562.0,237.0,108.0,114.0,탑,,,,,반팔,,크롭 기장,,오프숄더,,레귤러핏,,,플로럴,,
images/6cd8d325466886e631420134107fd182.jpg,train,538.0,329.0,92.0,78.0,쇼츠,,,,,,,,쇼츠·미니 기장,,,,,,플로럴,,포켓|벨트
images/da520e68c5864d53803f08ba75a5713e.jpg,train,173.0,196.0,333.0,430.0,원피스,,,,,,,,쇼츠·미니 기장,라운드넥,,,,X라인,무지,,플리츠|지퍼
images/427a35147214d55d6ba61ab6500b77e2.jpg,train,413.0,140.0,230.0,308.0,재킷,,,,,긴팔,기본 소매,기본 기장,,,,여유핏,,,,,지퍼|후드
images/f7114b3f2451d18b583951f501375191.jpg,train,275.0,153.0,135.0,236.0,셔츠,,,,,,,,,,셔츠 칼라,레귤러핏,,,무지,,
images/f7114b3f2451d18b583951f501375191.jpg,train,196.0,182.0,234.0,494.0,코트,,,,,긴팔,기본 소매,,,,칼라 없음,여유핏,,,무지,,포켓
images/f7114b3f2451d18b583951f501375191.jpg,train,151.0,381.0,295.0,448.0,스커트,,,,,,,,미디·7부 기장,,,,스트레이트핏,비대칭,무지,,
images/2a6c5d1d4e3c76f9abcd87066074ed5e.jpg,train,155.0,353.0,265.0,391.0,탑,,,,,,,기본 기장,,V넥,,슬림핏,,,무지,,포켓
images/2a6c5d1d4e3c76f9abcd87066074ed5e.jpg,train,96.0,257.0,322.0,379.0,가디건,,,,,반팔,캡 소매,크롭 기장,,,,,,,무지,니트,스팽글
images/2a6c5d1d4e3c76f9abcd87066074ed5e.jpg,train,135.0,706.0,384.0,316.0,청바지,,,,,,,,,,,,,,무지,데님,포켓
images/6db5e68d6f0f8dee83af08df9b602a7e.jpg,train,84.0,242.0,435.0,762.0,원피스,,,,,,,,쇼츠·미니 기장,홀터넥,,,,,무지,,지퍼|벨트
images/116651b182573f2a0335fbeef4b9b141.jpg,val_train_split,356.0,273.0,59.0,30.0,티셔츠,,,,,,,,,라운드넥,,레귤러핏,,,무지,,
images/116651b182573f2a0335fbeef4b9b141.jpg,val_train_split,148.0,239.0,452.0,442.0,재킷,,,,,긴팔,기본 소매,크롭 기장,,,스탠드 칼라,여유핏,,,무지,,지퍼|포켓
images/75bf6b5f7c52af80058d3afb862931ff.jpg,train,477.0,44.0,285.0,405.0,후드티,,,,,긴팔,기본 소매,기본 기장,,,,레귤러핏,,,무지,,후드|포켓
images/75bf6b5f7c52af80058d3afb862931ff.jpg,train,449.0,340.0,259.0,294.0,청바지,,,,,,,,롱·긴바지 기장,,,,,,무지,데님,포켓
images/fbe1490f935d2bf4181c86cd820b8d5f.jpg,train,133.0,325.0,344.0,698.0,원피스,,,,,반팔,기본 소매,,,,,,,,그래픽,,벨트
images/6ff1c8302f558f7ad4a37310614f9742.jpg,train,200.0,207.0,149.0,189.0,탑,,,,,,,,,스퀘어넥,,슬림핏,,,무지,,
images/6ff1c8302f558f7ad4a37310614f9742.jpg,train,175.0,385.0,176.0,199.0,쇼츠,,,,,,,,쇼츠·미니 기장,,,,,,스트라이프,,플리츠|지퍼
images/1adbd1a24a287cafe2b6125579ceb2df.jpg,train,372.0,261.0,395.0,624.0,원피스,,,,,긴팔,벌룬 소매,,쇼츠·미니 기장,,,오버핏,,,플로럴,,
images/f7a916d86c50c203b809898c69f3388f.jpg,val_train_split,244.0,212.0,434.0,811.0,원피스,,,,,,,,쇼츠·미니 기장,,,,,A라인,플로럴,,
images/f7a916d86c50c203b809898c69f3388f.jpg,val_train_split,179.0,206.0,460.0,620.0,니트,,,,,긴팔,,크롭 기장,,라운드넥,,레귤러핏,,,무지,니트,
images/506866c1f5d814523e54cbc566661da4.jpg,train,622.0,277.0,135.0,360.0,팬츠,,,,,,,,롱·긴바지 기장,,,,스트레이트핏,H라인,도트,,포켓
images/506866c1f5d814523e54cbc566661da4.jpg,train,611.0,124.0,158.0,175.0,티셔츠,,,,,반팔,래글런 소매,기본 기장,,라운드넥,,슬림핏,,,무지,,
images/c9007f553b7fec4b3bb5a828cc273fe5.jpg,train,218.0,435.0,168.0,439.0,팬츠,,,,,,,,롱·긴바지 기장,,,,,,무지,,플리츠
images/c9007f553b7fec4b3bb5a828cc273fe5.jpg,train,268.0,256.0,166.0,256.0,티셔츠,,,,,긴팔,벌룬 소매,,,,셔츠 칼라,레귤러핏,,,도트,,
images/4c58cd215ee39540068f89100a89c37d.jpg,train,205.0,232.0,217.0,483.0,원피스,,,,,반팔,캡 소매,,미디·7부 기장,,피터팬 칼라,,,,도트,,지퍼
images/810be2716d29f68bb412f6b1a48e3809.jpg,train,362.0,64.0,333.0,618.0,탑,,,,,,,기본 기장,,라운드넥,,레귤러핏,,,무지,,지퍼
images/810be2716d29f68bb412f6b1a48e3809.jpg,train,272.0,11.0,531.0,616.0,재킷,,,,,긴팔,기본 소매,크롭 기장,,,스탠드 칼라,레귤러핏,,,무지,,지퍼|포켓
images/3493055c38509ec42e6aaf0e83a2328c.jpg,val_train_split,519.0,186.0,220.0,446.0,원피스,,,,,긴팔,,,쇼츠·미니 기장,,,오버핏,,,,,
images/b9978fc03558db7937c31ec958d8aa4d.jpg,train,246.0,319.0,232.0,328.0,원피스,,,,,,,,쇼츠·미니 기장,,,,,X라인,무지,,지퍼|프릴·러플|벨트
images/12b1c19d46ab5ffc39645a9650370d43.jpg,train,247.0,329.0,236.0,694.0,점프수트,,,,,,,,롱·긴바지 기장,,,,,,스트라이프,,
images/80b8655e612afc6527d7f8c4067514a7.jpg,train,428.0,349.0,240.0,250.0,청바지,,,,,,,,,,,,슬림핏,,무지,데님,
images/80b8655e612afc6527d7f8c4067514a7.jpg,train,605.0,114.0,172.0,342.0,셔츠,,,,,긴팔,벌룬 소매,,,,,여유핏,,,스트라이프,,플리츠|단추|포켓
images/7552c3d599c84dd9cc1c7a7b807e9a5a.jpg,train,123.0,339.0,187.0,309.0,원피스,,,,,,,,쇼츠·미니 기장,,,,,A라인,애니멀,,지퍼
images/43caf7593e2799ab75746c12d601f332.jpg,train,251.0,451.0,187.0,246.0,스커트,,,,,,,,무릎 기장,,,,스트레이트핏,H라인,무지,,지퍼
images/43caf7593e2799ab75746c12d601f332.jpg,train,206.0,167.0,263.0,382.0,티셔츠,,,,,긴팔,기본 소매,기본 기장,,V넥,,오버핏,,비대칭,무지,,
images/41aacb39e1faf0a97661f0e47d55c4bc.jpg,train,165.0,249.0,399.0,730.0,원피스,,,,,,,,쇼츠·미니 기장,,,,,X라인,체크,,지퍼
images/b3be8561787a5e5d515833be18fb1304.jpg,val_train_split,205.0,465.0,197.0,211.0,스커트,,,,,,,,쇼츠·미니 기장,,,,스트레이트핏,H라인,무지,,지퍼
images/b3be8561787a5e5d515833be18fb1304.jpg,val_train_split,181.0,191.0,280.0,294.0,셔츠,,,,,7부 소매,기본 소매,크롭 기장,,,피터팬 칼라,여유핏,,,무지,,
images/42fda5744403191f49af7fb2225dafb3.jpg,train,131.0,394.0,216.0,168.0,스커트,,,,,,,,쇼츠·미니 기장,,,,,A라인,무지,,지퍼
images/42fda5744403191f49af7fb2225dafb3.jpg,train,121.0,171.0,240.0,233.0,셔츠,,,,,7부 소매,기본 소매,,,,셔츠 칼라,슬림핏,,,무지,,플리츠|단추|프릴·러플
images/b6e001834fb72aea98aa624ad8f3ab30.jpg,train,300.0,53.0,565.0,698.0,원피스,,,,,긴팔,벌룬 소매,,미디·7부 기장,,,,,,플로럴,,단추|프릴·러플
images/f7f477cb59ad6dc39673bec9c5c1e997.jpg,train,205.0,206.0,296.0,497.0,원피스,,,,,반팔,캡 소매,,쇼츠·미니 기장,보트넥,,,,,무지,,지퍼|벨트
images/5574d4b2a657cc3319e5b01adbd2d3e9.jpg,val_train_split,293.0,363.0,302.0,558.0,원피스,,,,,,,,롱·긴바지 기장,,,,,,그래픽,,
images/5574d4b2a657cc3319e5b01adbd2d3e9.jpg,val_train_split,571.0,821.0,9.0,17.0,원피스,,,,,,,,,,,,,,,,
images/c1b1daf6e3b26dbd13d654245b2c25ce.jpg,train,663.0,208.0,137.0,212.0,탑,,,,,긴팔,벌룬 소매,기본 기장,,V넥,,레귤러핏,,,무지,,
images/c1b1daf6e3b26dbd13d654245b2c25ce.jpg,train,672.0,347.0,169.0,301.0,스커트,,,,,,,,롱·긴바지 기장,,,,,A라인,스트라이프,,지퍼
images/8122a49c27db7afb115124e5cdf6fb23.jpg,val_train_split,265.0,342.0,141.0,224.0,원피스,,,,,,,,쇼츠·미니 기장,홀터넥,,,,,무지,,지퍼
images/b32f29444d9fbe8cc45048aca174b687.jpg,train,0.0,397.0,681.0,569.0,셔츠,,,,,7부 소매,기본 소매,,,,스탠드 칼라,레귤러핏,,,애니멀,,단추
images/a6d2ae595acb1b72bc23792234d8a2ff.jpg,train,118.0,184.0,238.0,566.0,원피스,,,,,,,,무릎 기장,라운드넥,,,,,무지,,지퍼|벨트|프릴·러플
images/a6d2ae595acb1b72bc23792234d8a2ff.jpg,train,54.0,159.0,366.0,539.0,코트,,,,,긴팔,,,,,라펠 칼라,여유핏,,,무지,퍼·플리스,
images/e13fe54f2dff0c6c4ad9949d4fdb2ddd.jpg,train,59.0,183.0,310.0,358.0,재킷,,,,,긴팔,기본 소매,크롭 기장,,,스탠드 칼라,슬림핏,,,무지,,지퍼
images/e13fe54f2dff0c6c4ad9949d4fdb2ddd.jpg,train,169.0,275.0,175.0,306.0,원피스,,,,,,,,쇼츠·미니 기장,,,,,H라인,무지,,지퍼
images/e13fe54f2dff0c6c4ad9949d4fdb2ddd.jpg,train,177.0,557.0,81.0,249.0,팬츠,,,,,,,,롱·긴바지 기장,,,,슬림핏,,무지,,
images/e13fe54f2dff0c6c4ad9949d4fdb2ddd.jpg,train,243.0,547.0,97.0,305.0,팬츠,,,,,,,,롱·긴바지 기장,,,,슬림핏,,무지,,
images/9bfe683cc013acbdc4667e3cba54149c.jpg,train,277.0,201.0,144.0,340.0,원피스,,,,,,,,쇼츠·미니 기장,스퀘어넥,,,,H라인,무지,,지퍼
images/a65ad7ee014fb2dd7e14462a05b19535.jpg,train,138.0,228.0,279.0,681.0,원피스,,,,,,,,롱·긴바지 기장,스퀘어넥,,,,A라인,,,지퍼
images/8845c695013efe0c21009c59356410b6.jpg,train,224.0,266.0,252.0,660.0,원피스,,,,,,,,롱·긴바지 기장,홀터넥,,,,,무지,,지퍼
images/088fdaa3ae31e6940507c0ace7caa5c2.jpg,train,245.0,502.0,159.0,369.0,팬츠,,,,,,,,롱·긴바지 기장,,,,슬림핏,,무지,,
images/088fdaa3ae31e6940507c0ace7caa5c2.jpg,train,199.0,225.0,262.0,361.0,코트,,,,,7부 소매,기본 소매,,,,칼라 없음,슬림핏,,,,,단추
images/27c03617e2ac709744adf789c52e00a6.jpg,val_train_split,181.0,194.0,177.0,667.0,점프수트,,,,,,,,롱·긴바지 기장,V넥,,여유핏,,비대칭,무지,,지퍼
images/1c43610051e1b66a102408aa7520632e.jpg,train,306.0,217.0,94.0,177.0,티셔츠,,,,,,,,,,셔츠 칼라,레귤러핏,,,무지,,
images/1c43610051e1b66a102408aa7520632e.jpg,train,160.0,188.0,341.0,581.0,코트,,,,,긴팔,,,,,라펠 칼라,레귤러핏,,,체크,,단추|포켓
images/1c43610051e1b66a102408aa7520632e.jpg,train,304.0,392.0,152.0,260.0,스커트,,,,,,,,쇼츠·미니 기장,,,,,A라인,무지,,지퍼|포켓
images/50f0848cb4f268fbe52004c9ddb20797.jpg,val_train_split,695.0,142.0,229.0,344.0,점프수트,,,,,,,,,,,슬림핏,,,무지,,지퍼
images/0dec20dfb97168cb7dcc8297581756be.jpg,train,322.0,182.0,50.0,199.0,티셔츠,,,,,,,,,라운드넥,,슬림핏,,,스트라이프,,
images/0dec20dfb97168cb7dcc8297581756be.jpg,train,295.0,662.0,110.0,82.0,스커트,,,,,,,,무릎 기장,,,,스트레이트핏,H라인,무지,,지퍼
images/0dec20dfb97168cb7dcc8297581756be.jpg,train,250.0,158.0,272.0,609.0,코트,,,,,,,,,,,여유핏,,,무지,,지퍼
images/0dec20dfb97168cb7dcc8297581756be.jpg,train,254.0,180.0,275.0,505.0,코트,,,,,긴팔,,,,,라펠 칼라,레귤러핏,,,무지,,단추|지퍼
images/38ab4bd409d308f4171fa251b899f0dc.jpg,val_train_split,125.0,538.0,262.0,384.0,팬츠,,,,,,,,롱·긴바지 기장,,,,와이드핏,,,,
images/38ab4bd409d308f4171fa251b899f0dc.jpg,val_train_split,150.0,185.0,357.0,443.0,탑,,,,,7부 소매,벨 소매,기본 기장,,,,여유핏,,,무지,,
images/38b2e7b86af340eacc912b264921358e.jpg,train,245.0,283.0,244.0,399.0,원피스,,,,,,,,,,,,,A라인,무지,,스팽글|지퍼
images/3cbd3cad9dfdb064dfb389186842f3b4.jpg,train,261.0,210.0,183.0,347.0,원피스,,,,,,,,쇼츠·미니 기장,라운드넥,,,,A라인,무지,,스팽글|지퍼|프릴·러플
images/4a83747a17f603ecaa90b48db9ea9b17.jpg,train,281.0,282.0,154.0,133.0,탑,,,,,민소매,캡 소매,,,라운드넥,,레귤러핏,,,무지,,
images/4a83747a17f603ecaa90b48db9ea9b17.jpg,train,152.0,285.0,274.0,553.0,원피스,,,,,,,,롱·긴바지 기장,,,,,A라인,체크,,지퍼
images/377df0c7ae99d4292814c21f721c0a01.jpg,train,258.0,577.0,184.0,311.0,스커트,,,,,,,,무릎 기장,,,,,,무지,,지퍼
images/377df0c7ae99d4292814c21f721c0a01.jpg,train,261.0,364.0,133.0,222.0,탑,,,,,,,,,,,슬림핏,,,,,
images/377df0c7ae99d4292814c21f721c0a01.jpg,train,200.0,364.0,306.0,483.0,가디건,,,,,,,,,,칼라 없음,오버핏,,,,니트,
images/08e557164272c24ab490f3d083d86cf9.jpg,val_train_split,382.0,198.0,203.0,453.0,코트,,,,,긴팔,,,,,,여유핏,,,그래픽,,
images/08e557164272c24ab490f3d083d86cf9.jpg,val_train_split,420.0,577.0,170.0,391.0,팬츠,,,,,,,,롱·긴바지 기장,,,,,,무지,,
images/f3a782299db638313bc78a42fe799566.jpg,train,248.0,238.0,160.0,406.0,원피스,,,,,,,,쇼츠·미니 기장,보트넥,,,,H라인,무지,,지퍼
images/f3a782299db638313bc78a42fe799566.jpg,train,225.0,230.0,249.0,555.0,코트,,,,,,,,,,칼라 없음,여유핏,,,무지,,
images/92046a19fd08f8d60d6fe7e5e97ca519.jpg,train,120.0,386.0,379.0,580.0,원피스,,,,,,,,쇼츠·미니 기장,,,,,A라인,스트라이프,,지퍼
images/92046a19fd08f8d60d6fe7e5e97ca519.jpg,train,161.0,314.0,421.0,434.0,재킷,,,,,7부 소매,기본 소매,크롭 기장,,,스탠드 칼라,레귤러핏,,,무지,,
images/632eafe5ce50c2b8629b51308994c12b.jpg,train,189.0,200.0,293.0,511.0,원피스,,,,,7부 소매,벨 소매,,무릎 기장,,피터팬 칼라,,,A라인,무지,,단추
images/7ac3720c327c9e83a9c36c8df66bb297.jpg,train,203.0,286.0,322.0,605.0,점프수트,,,,,긴팔,기본 소매,,,,셔츠 칼라,슬림핏,,,무지,,지퍼|벨트
images/ea5543d79152af9fbcfb384d1d918e64.jpg,train,60.0,339.0,429.0,553.0,티셔츠,,,,,반팔,퍼프 소매,,,,피터팬 칼라,레귤러핏,,,무지,,플리츠
images/d606d4c8efe2cc1216e8ea6c8a98ce43.jpg,train,448.0,339.0,103.0,365.0,셔츠,,,,,,,,,,셔츠 칼라,레귤러핏,,,체크,,단추
images/d606d4c8efe2cc1216e8ea6c8a98ce43.jpg,train,360.0,317.0,301.0,404.0,재킷,,,,,긴팔,기본 소매,기본 기장,,,라펠 칼라,여유핏,,,무지,가죽,지퍼
images/d606d4c8efe2cc1216e8ea6c8a98ce43.jpg,train,407.0,294.0,174.0,427.0,가디건,,,,,,,,,,,여유핏,,,무지,니트,단추|지퍼
images/fb7b5fbb37f06c7e2eaab5a14903138b.jpg,train,36.0,219.0,363.0,451.0,원피스,,,,,반팔,퍼프 소매,,쇼츠·미니 기장,라운드넥,,,,,플로럴,,지퍼|리본
images/dfc3aac2398426e240ac64998d100cdf.jpg,train,85.0,234.0,372.0,457.0,코트,,,,,7부 소매,,,,,,여유핏,,비대칭,스트라이프,,단추|포켓|벨트
images/dfc3aac2398426e240ac64998d100cdf.jpg,train,170.0,596.0,207.0,275.0,팬츠,,,,,,,,롱·긴바지 기장,,,,,,무지,,
images/eb62e31087d230ad10db72ef3b520460.jpg,train,168.0,225.0,176.0,706.0,점프수트,,,,,,,,롱·긴바지 기장,터틀넥,,,,,무지,,지퍼
images/0a333b8f7f931127966e4d3b0a6efb40.jpg,train,517.0,248.0,176.0,294.0,재킷,,,,,긴팔,기본 소매,기본 기장,,,,오버핏,,,체크,,단추
images/dcf26c6b6044ceb59f606e641dd6e2c6.jpg,train,14.0,323.0,424.0,452.0,티셔츠,,,,,반팔,기본 소매,,,라운드넥,,레귤러핏,,,무지,,
images/dcf26c6b6044ceb59f606e641dd6e2c6.jpg,train,10.0,347.0,671.0,676.0,점프수트,,,,,,,,,,,레귤러핏,,,무지,,단추
images/7228918bbc02e74bed638e8cccd0a56d.jpg,train,272.0,243.0,138.0,379.0,원피스,,,,,,,,쇼츠·미니 기장,라운드넥,,,,A라인,그래픽,,지퍼
images/7228918bbc02e74bed638e8cccd0a56d.jpg,train,231.0,219.0,224.0,405.0,코트,,,,,긴팔,기본 소매,,,,라펠 칼라,슬림핏,,,무지,,단추
images/07800dd3418e1f30fc85af0f515245e8.jpg,train,161.0,221.0,318.0,602.0,원피스,,,,,,,,롱·긴바지 기장,,,,,,무지,,
images/07800dd3418e1f30fc85af0f515245e8.jpg,train,243.0,200.0,254.0,456.0,코트,,,,,긴팔,기본 소매,,,,,여유핏,,,무지,,지퍼|포켓|후드
images/990f0f5a8dd524c8779ec1aa8747c114.jpg,train,486.0,480.0,228.0,222.0,쇼츠,,,,,,,,쇼츠·미니 기장,,,,,,무지,,벨트
images/990f0f5a8dd524c8779ec1aa8747c114.jpg,train,467.0,215.0,331.0,317.0,탑,,,,,긴팔,,,,,스탠드 칼라,레귤러핏,,,무지,,
images/a0f7a23a7d3859373da797d6f424e2b4.jpg,val_train_split,259.0,229.0,168.0,283.0,탑,,,,,,,기본 기장,,라운드넥,,레귤러핏,,비대칭,무지|그래픽,,
images/a0f7a23a7d3859373da797d6f424e2b4.jpg,val_train_split,271.0,454.0,154.0,392.0,팬츠,,,,,,,,롱·긴바지 기장,,,,,,무지,,
images/af74dfc86963900cacba1348844383d4.jpg,train,274.0,278.0,159.0,316.0,원피스,,,,,,,,쇼츠·미니 기장,,,,,A라인,플로럴,,플리츠|지퍼
images/e0e7d522053a7eff833d4dca0cbe41aa.jpg,train,298.0,512.0,131.0,92.0,티셔츠,,,,,반팔,,,,오프숄더,,슬림핏,,,무지,,프릴·러플
images/e0e7d522053a7eff833d4dca0cbe41aa.jpg,train,315.0,596.0,98.0,252.0,팬츠,,,,,,,,미디·7부 기장,,,,와이드핏,,체크,,프릴·러플
images/4aa0625fc0e0354cb5942df004f232eb.jpg,train,147.0,299.0,466.0,382.0,원피스,,,,,긴팔,,,,오프숄더,,,,A라인,무지,니트,
images/2740365100a66b5fb566ebee917cdc0d.jpg,val_train_split,216.0,257.0,207.0,304.0,티셔츠,,,,,반팔,캡 소매,기본 기장,,보트넥,,레귤러핏,,,도트,,포켓|벨트
images/2740365100a66b5fb566ebee917cdc0d.jpg,val_train_split,253.0,462.0,152.0,424.0,팬츠,,,,,,,,롱·긴바지 기장,,,,슬림핏,,무지,,
images/2042af03a1727115c53536ecae4209a8.jpg,train,258.0,297.0,135.0,393.0,원피스,,,,,,,,쇼츠·미니 기장,,피터팬 칼라,,,,무지,,지퍼
images/2042af03a1727115c53536ecae4209a8.jpg,train,248.0,302.0,206.0,318.0,블레이저,,,,,7부 소매,기본 소매,기본 기장,,,,레귤러핏,,,무지,,
images/7de8a2d8fc404a9ffa056c0c770c2526.jpg,val_train_split,14.0,471.0,222.0,53.0,티셔츠,,,,,,,크롭 기장,,,,레귤러핏,,,무지,,
images/7de8a2d8fc404a9ffa056c0c770c2526.jpg,val_train_split,15.0,424.0,351.0,233.0,쇼츠,,,,,,,,쇼츠·미니 기장,,,,슬림핏,,무지,,지퍼
images/7de8a2d8fc404a9ffa056c0c770c2526.jpg,val_train_split,15.0,173.0,430.0,332.0,재킷,,,,,긴팔,기본 소매,크롭 기장,,,,레귤러핏,,,무지,퍼·플리스,지퍼
images/5ff4fe8a47338dcfa41888c5291f0501.jpg,train,203.0,211.0,255.0,174.0,탑,,,,,반팔,기본 소매,크롭 기장,,스퀘어넥,,슬림핏,,,무지,,
images/5ff4fe8a47338dcfa41888c5291f0501.jpg,train,243.0,379.0,178.0,184.0,스커트,,,,,,,,쇼츠·미니 기장,,,,,,무지,,지퍼
images/fe4f57b1dc8f46cbd79d69ad05652ac8.jpg,train,139.0,150.0,407.0,570.0,원피스,,,,,긴팔,,,무릎 기장,터틀넥,,,,,무지|스트라이프,,단추
images/ff8c8a6b773957fa70ae1b1d40887916.jpg,train,188.0,646.0,379.0,377.0,청바지,,,,,,,,,,,,슬림핏,,무지,데님,포켓
images/ff8c8a6b773957fa70ae1b1d40887916.jpg,train,214.0,258.0,388.0,400.0,티셔츠,,,,,긴팔,벌룬 소매,,,터틀넥,,레귤러핏,,,무지,,
images/64337aa962ffe282cb79be48bf8f30fe.jpg,val_train_split,204.0,279.0,168.0,201.0,탑,,,,,,,기본 기장,,,,슬림핏,,,무지,,
images/64337aa962ffe282cb79be48bf8f30fe.jpg,val_train_split,204.0,447.0,168.0,419.0,청바지,,,,,,,,롱·긴바지 기장,,,,슬림핏,,무지,데님,
images/64337aa962ffe282cb79be48bf8f30fe.jpg,val_train_split,158.0,174.0,255.0,331.0,재킷,,,,,긴팔,기본 소매,크롭 기장,,,스탠드 칼라,레귤러핏,,,무지,가죽|스웨이드,지퍼
images/629882c3dd8f4c18e408dbc7551ef934.jpg,train,171.0,367.0,529.0,565.0,니트,,,,,,,크롭 기장,,라운드넥,,레귤러핏,,,플로럴,니트,
images/629882c3dd8f4c18e408dbc7551ef934.jpg,train,359.0,750.0,235.0,272.0,팬츠,,,,,,,,,,,,슬림핏,,무지,,
images/1a80e64a8698888de314b055ebc76c0b.jpg,train,157.0,183.0,304.0,366.0,점프수트,,,,,긴팔,기본 소매,,쇼츠·미니 기장,,,레귤러핏,,,무지,,지퍼|프릴·러플
images/6246076876a805d5ca61325925235d95.jpg,train,303.0,213.0,123.0,288.0,셔츠,,,,,,,크롭 기장,,,셔츠 칼라,레귤러핏,,,무지,,단추
images/6246076876a805d5ca61325925235d95.jpg,train,309.0,242.0,113.0,203.0,티셔츠,,,,,,,크롭 기장,,터틀넥,,레귤러핏,,,도트,,
images/6246076876a805d5ca61325925235d95.jpg,train,284.0,451.0,142.0,197.0,스커트,,,,,,,,무릎 기장,,,,스트레이트핏,H라인,스트라이프,,지퍼
images/6246076876a805d5ca61325925235d95.jpg,train,234.0,216.0,247.0,282.0,재킷,,,,,긴팔,기본 소매,크롭 기장,,,라펠 칼라,여유핏,,,무지,,단추
images/f212428ccf6d94488cb91482747b9a9e.jpg,train,108.0,191.0,309.0,365.0,니트,,,,,긴팔,,기본 기장,,라운드넥,,여유핏,,,무지,니트,
images/f212428ccf6d94488cb91482747b9a9e.jpg,train,166.0,535.0,188.0,414.0,스커트,,,,,,,,롱·긴바지 기장,,,,스트레이트핏,비대칭,무지,,지퍼
images/96c1b75368513c4436fffc21d3b9c9ae.jpg,val_train_split,278.0,400.0,133.0,380.0,청바지,,,,,,,,롱·긴바지 기장,,,,,,무지,데님,단추
images/96c1b75368513c4436fffc21d3b9c9ae.jpg,val_train_split,260.0,274.0,155.0,140.0,티셔츠,,,,,반팔,캡 소매,,,,,슬림핏,,,도트,,
images/b34983ec390dbbeb53e0d4b0f467e40d.jpg,train,316.0,542.0,144.0,262.0,팬츠,,,,,,,,미디·7부 기장,,,,,,무지,,
images/b34983ec390dbbeb53e0d4b0f467e40d.jpg,train,302.0,426.0,156.0,154.0,티셔츠,,,,,긴팔,,기본 기장,,,,슬림핏,,,무지,,
images/b34983ec390dbbeb53e0d4b0f467e40d.jpg,train,289.0,338.0,161.0,152.0,재킷,,,,,반팔,기본 소매,크롭 기장,,,스탠드 칼라,레귤러핏,,,무지,,지퍼|리본
images/478e1c6a16018e377a8f5e7d2791a3e5.jpg,train,423.0,466.0,137.0,28.0,티셔츠,,,,,,,기본 기장,,,,,,,무지,,
images/478e1c6a16018e377a8f5e7d2791a3e5.jpg,train,399.0,242.0,191.0,245.0,니트,,,,,,,크롭 기장,,,,레귤러핏,,,무지,니트,지퍼
images/478e1c6a16018e377a8f5e7d2791a3e5.jpg,train,331.0,178.0,347.0,323.0,재킷,,,,,긴팔,,크롭 기장,,,라펠 칼라,레귤러핏,,,무지,,지퍼
images/478e1c6a16018e377a8f5e7d2791a3e5.jpg,train,403.0,463.0,185.0,409.0,팬츠,,,,,,,,,,,,슬림핏,,무지,,
images/478e1c6a16018e377a8f5e7d2791a3e5.jpg,train,325.0,122.0,356.0,580.0,코트,,,,,긴팔,,,,,라펠 칼라,여유핏,,,무지,,
images/7ca869554ddcf9bb90e8b1bc1714cd1f.jpg,train,284.0,683.0,225.0,114.0,청바지,,,,,,,,,,,,,,무지,데님,
images/7ca869554ddcf9bb90e8b1bc1714cd1f.jpg,train,414.0,362.0,17.0,57.0,티셔츠,,,,,,,,,라운드넥,,슬림핏,,,무지,,
images/7ca869554ddcf9bb90e8b1bc1714cd1f.jpg,train,210.0,244.0,337.0,498.0,셔츠,,,,,반팔,기본 소매,크롭 기장,,,셔츠 칼라,여유핏,,,체크,,단추|포켓|리본
images/fa31b46055418e54ce72eae3fb3a8cb6.jpg,train,253.0,559.0,213.0,463.0,청바지,,,,,,,,,,,,,,무지,데님,포켓
images/fa31b46055418e54ce72eae3fb3a8cb6.jpg,train,212.0,291.0,309.0,328.0,재킷,,,,,7부 소매,기본 소매,크롭 기장,,,스탠드 칼라,레귤러핏,,,무지,,지퍼
images/fb3bfabdb33a7762456b4dad4ff78747.jpg,train,84.0,421.0,472.0,466.0,팬츠,,,,,,,,롱·긴바지 기장,,,,,,무지,,포켓|벨트
images/fb3bfabdb33a7762456b4dad4ff78747.jpg,train,417.0,239.0,170.0,221.0,티셔츠,,,,,,,,,,,레귤러핏,,비대칭,무지,,플리츠
images/b851944d5b57efe8507e81443f136d87.jpg,train,210.0,206.0,272.0,375.0,원피스,,,,,긴팔,기본 소매,,쇼츠·미니 기장,,,,,,애니멀,,플리츠|지퍼
images/dc31918af1d121d750a1c5acc92c6215.jpg,train,148.0,187.0,245.0,532.0,원피스,,,,,반팔,캡 소매,,쇼츠·미니 기장,라운드넥,,,,A라인,무지|스트라이프,,지퍼|프릴·러플
images/808bb5ae2cfb2765f5581e50190137f9.jpg,train,232.0,776.0,178.0,239.0,탑,,,,,긴팔,,,,,,오버핏,,,무지,,
images/1ef70e799ace11eb0f93104826460f11.jpg,train,441.0,334.0,190.0,289.0,탑,,,,,,,,,스퀘어넥,,슬림핏,,,무지,,
images/1ef70e799ace11eb0f93104826460f11.jpg,train,370.0,347.0,323.0,330.0,셔츠,,,,,7부 소매,,,,,,레귤러핏,,,플로럴,,
images/dfac259163714f1e82db567d014d5730.jpg,val_train_split,227.0,346.0,168.0,333.0,원피스,,,,,긴팔,래글런 소매,,쇼츠·미니 기장,라운드넥,,오버핏,,,무지,니트,
images/3586e21550d7657c04c066aafada185a.jpg,train,178.0,299.0,359.0,666.0,탑,,,,,7부 소매,캡 소매,기본 기장,,,,레귤러핏,,비대칭,그래픽,,
images/523aaa8b3e42b5e69c83bcdf3a6cfd25.jpg,train,498.0,253.0,236.0,695.0,점프수트,,,,,긴팔,,,롱·긴바지 기장,라운드넥,,,,,무지,,지퍼|프릴·러플
images/3b299d031d75b7534438ce0e6610bdf7.jpg,train,468.0,105.0,136.0,329.0,원피스,,,,,,,,쇼츠·미니 기장,,,,,A라인,그래픽,,지퍼|프릴·러플
images/13e6f97b0087e04bd0e2328bf327dd45.jpg,train,237.0,267.0,247.0,278.0,재킷,,,,,긴팔,기본 소매,크롭 기장,,,라펠 칼라,레귤러핏,,,무지,,지퍼
images/13e6f97b0087e04bd0e2328bf327dd45.jpg,train,284.0,256.0,143.0,295.0,니트,,,,,,,크롭 기장,,,,레귤러핏,,,,니트,포켓|지퍼
images/13e6f97b0087e04bd0e2328bf327dd45.jpg,train,280.0,525.0,149.0,298.0,팬츠,,,,,,,,롱·긴바지 기장,,,,스트레이트핏,H라인,무지,,
images/44f438c7854661132529b22c329fda72.jpg,val_train_split,185.0,300.0,299.0,521.0,원피스,,,,,,,,롱·긴바지 기장,라운드넥,,,,A라인,무지|그래픽,,지퍼|벨트
images/bd12a7f4e9c0fbb1c553587e9c678039.jpg,train,133.0,127.0,217.0,591.0,원피스,,,,,,,,쇼츠·미니 기장,,스탠드 칼라,,,,무지|체크,,플리츠|지퍼
images/45d0d9663dca4dd7c2d8fec220606559.jpg,train,355.0,195.0,117.0,153.0,코트,,,,,7부 소매,기본 소매,,,,,레귤러핏,,,무지,퍼·플리스,
images/45d0d9663dca4dd7c2d8fec220606559.jpg,train,372.0,222.0,70.0,170.0,원피스,,,,,,,,쇼츠·미니 기장,,,,,A라인,무지,,지퍼|벨트
images/df121f7ffb8958d82e0a6ca178e673be.jpg,val_train_split,106.0,206.0,354.0,749.0,원피스,,,,,긴팔,벌룬 소매,,무릎 기장,라운드넥,,,,A라인,무지,,지퍼|벨트
images/df121f7ffb8958d82e0a6ca178e673be.jpg,val_train_split,253.0,918.0,115.0,105.0,팬츠,,,,,,,,,,,,,,무지,,
images/ca68cde200813d870597e1c7e58a3e2e.jpg,val_train_split,340.0,225.0,329.0,338.0,재킷,,,,,긴팔,기본 소매,크롭 기장,,,라펠 칼라,레귤러핏,,,무지,퍼·플리스,단추|포켓|지퍼
images/ca68cde200813d870597e1c7e58a3e2e.jpg,val_train_split,373.0,511.0,238.0,170.0,쇼츠,,,,,,,,쇼츠·미니 기장,,,,,,무지,,포켓
images/453962dddda3aba707937775f2ecf8e2.jpg,train,156.0,501.0,295.0,449.0,팬츠,,,,,,,,롱·긴바지 기장,,,,스트레이트핏,H라인,무지,,포켓|지퍼
images/453962dddda3aba707937775f2ecf8e2.jpg,train,210.0,182.0,134.0,335.0,셔츠,,,,,,,,,,셔츠 칼라,레귤러핏,,,체크,,단추
images/453962dddda3aba707937775f2ecf8e2.jpg,train,97.0,192.0,333.0,409.0,블레이저,,,,,긴팔,기본 소매,크롭 기장,,,라펠 칼라,레귤러핏,,,스트라이프,,단추|포켓|벨트
images/a802bf905ec57704c5b7e819dc2196cd.jpg,train,188.0,266.0,292.0,489.0,원피스,,,,,긴팔,,,미디·7부 기장,오프숄더,,,,,스트라이프,,지퍼|프릴·러플
images/d083f701ef623b3b74fc6d2df61b75a3.jpg,val_train_split,115.0,170.0,379.0,532.0,재킷,,,,,긴팔,기본 소매,기본 기장,,,,오버핏,,,애니멀,퍼·플리스,
images/d083f701ef623b3b74fc6d2df61b75a3.jpg,val_train_split,185.0,327.0,289.0,551.0,원피스,,,,,,,,쇼츠·미니 기장,,,,,A라인,스트라이프,니트,지퍼
images/1f0b0b100763effe9eb310b5c16a6415.jpg,val_train_split,354.0,454.0,167.0,475.0,팬츠,,,,,,,,롱·긴바지 기장,,,,와이드핏,,무지,,
images/1f0b0b100763effe9eb310b5c16a6415.jpg,val_train_split,321.0,215.0,206.0,277.0,셔츠,,,,,긴팔,기본 소매,크롭 기장,,,스탠드 칼라,레귤러핏,,,,,
images/278207f132b8a0bcfae2923dca9f91be.jpg,train,227.0,333.0,209.0,251.0,티셔츠,,,,,반팔,캡 소매,기본 기장,,스퀘어넥,,슬림핏,,,스트라이프,,포켓
images/278207f132b8a0bcfae2923dca9f91be.jpg,train,227.0,564.0,304.0,423.0,팬츠,,,,,,,,롱·긴바지 기장,,,,,,무지,,
images/bb4c5b3f9be7e0436c65e79f69caef85.jpg,train,237.0,220.0,256.0,355.0,코트,,,,,긴팔,기본 소매,,,,피터팬 칼라,레귤러핏,,,카모,,지퍼|포켓
images/bb4c5b3f9be7e0436c65e79f69caef85.jpg,train,301.0,259.0,147.0,490.0,점프수트,,,,,,,,무릎 기장,라운드넥,,레귤러핏,,,무지,,지퍼
images/924df09a7e33fd9ee0a3452372148f9a.jpg,train,138.0,313.0,388.0,710.0,원피스,,,,,,,,,라운드넥,,,,A라인,무지,,지퍼|프릴·러플|스팽글
images/abfea48e35ce5462063f74e2aadeda6e.jpg,val_train_split,594.0,305.0,145.0,172.0,스커트,,,,,,,,무릎 기장,,,,,,도트,,플리츠|지퍼|프릴·러플
images/abfea48e35ce5462063f74e2aadeda6e.jpg,val_train_split,621.0,198.0,101.0,114.0,셔츠,,,,,반팔,,,,,,여유핏,,,플로럴,,
images/48bc15dbdf085c84d5c47e3fdbdfc32c.jpg,train,222.0,374.0,149.0,174.0,탑,,,,,반팔,벨 소매,,,라운드넥,,레귤러핏,,,무지,,프릴·러플
images/48bc15dbdf085c84d5c47e3fdbdfc32c.jpg,train,217.0,507.0,208.0,411.0,팬츠,,,,,,,,롱·긴바지 기장,,,,,,무지,,포켓
images/da4e674c24d910700aeafbf3691150be.jpg,train,190.0,193.0,164.0,282.0,티셔츠,,,,,,,기본 기장,,보트넥,,슬림핏,,,스트라이프,,
images/da4e674c24d910700aeafbf3691150be.jpg,train,149.0,175.0,242.0,313.0,가디건,,,,,긴팔,,크롭 기장,,,,레귤러핏,,,무지,니트,
images/da4e674c24d910700aeafbf3691150be.jpg,train,173.0,457.0,185.0,115.0,쇼츠,,,,,,,,쇼츠·미니 기장,,,,,,무지,,포켓
images/7a3ab06756dc149ab8a7ca80e8fda56d.jpg,train,153.0,287.0,214.0,474.0,원피스,,,,,,,,무릎 기장,,,,,A라인,애니멀,,지퍼
images/c7a677ae80e64d97e6b4a14aad3acb30.jpg,train,269.0,311.0,82.0,247.0,블레이저,,,,,긴팔,,기본 기장,,,,레귤러핏,,,무지,,
images/c7a677ae80e64d97e6b4a14aad3acb30.jpg,train,289.0,454.0,123.0,453.0,팬츠,,,,,,,,롱·긴바지 기장,,,,,,무지,,
images/fef3f30b5332d8bc00978a4c37dfd230.jpg,train,465.0,204.0,100.0,123.0,탑,,,,,,,,,V넥,,여유핏,,,무지,,
images/fef3f30b5332d8bc00978a4c37dfd230.jpg,train,422.0,309.0,149.0,249.0,스커트,,,,,,,,롱·긴바지 기장,,,,,,그래픽,,지퍼|포켓
images/a54e0204d34a7b276a36265522be1cea.jpg,train,289.0,244.0,131.0,568.0,원피스,,,,,,,,미디·7부 기장,,,,,A라인,무지,,지퍼
images/a54e0204d34a7b276a36265522be1cea.jpg,train,300.0,200.0,125.0,283.0,베스트,,,,,,,기본 기장,,라운드넥,,여유핏,,,무지,,
images/a54e0204d34a7b276a36265522be1cea.jpg,train,316.0,231.0,189.0,448.0,코트,,,,,,,,,,,여유핏,,,무지,,
images/9479cf76a55dae97eeb2012af04a3aa2.jpg,val_train_split,68.0,282.0,519.0,478.0,니트,,,,,긴팔,기본 소매,크롭 기장,,라운드넥,,여유핏,,,,니트,
images/9479cf76a55dae97eeb2012af04a3aa2.jpg,val_train_split,159.0,811.0,334.0,212.0,스커트,,,,,,,,,,,,,,무지,,지퍼
images/9479cf76a55dae97eeb2012af04a3aa2.jpg,val_train_split,146.0,288.0,356.0,568.0,탑,,,,,,,기본 기장,,라운드넥,,레귤러핏,,,무지,,
images/95cd07a4041ca7c345b7f8b18178c8f8.jpg,train,143.0,364.0,485.0,659.0,원피스,,,,,7부 소매,기본 소매,,,보트넥,,오버핏,,,무지,,스팽글
images/86c868f29202da879066b1e5deef8a19.jpg,train,381.0,207.0,403.0,512.0,원피스,,,,,긴팔,기본 소매,,,터틀넥,,,,A라인,무지,니트,지퍼
images/c9ac007c19f5d119f055cc17caaa30c9.jpg,train,176.0,223.0,366.0,481.0,셔츠,,,,,긴팔,기본 소매,크롭 기장,,,셔츠 칼라,여유핏,,,,,단추
images/c9ac007c19f5d119f055cc17caaa30c9.jpg,train,221.0,536.0,264.0,487.0,팬츠,,,,,,,,,,,,,,그래픽,,벨트
images/913b475ee2ad4389ffb312b4f167b50c.jpg,val_train_split,581.0,238.0,211.0,365.0,원피스,,,,,반팔,,,롱·긴바지 기장,오프숄더,,,,,무지|플로럴,,지퍼|프릴·러플
images/cbc5c6672c4816ab28fdbd7bb42940e6.jpg,val_train_split,91.0,290.0,403.0,646.0,재킷,,,,,긴팔,기본 소매,기본 기장,,,스탠드 칼라,여유핏,,,무지,,단추
images/cbc5c6672c4816ab28fdbd7bb42940e6.jpg,val_train_split,124.0,858.0,288.0,165.0,스커트,,,,,,,,,,,,스트레이트핏,H라인,,,지퍼
images/a0b8b097b635dd19603a5f934eb6659a.jpg,train,254.0,412.0,172.0,487.0,팬츠,,,,,,,,롱·긴바지 기장,,,,,,체크,,
images/a0b8b097b635dd19603a5f934eb6659a.jpg,train,233.0,180.0,223.0,371.0,셔츠,,,,,긴팔,,,,,,레귤러핏,,,,,
images/b15fcfdb8b7262ea4470d042d339f96e.jpg,train,210.0,195.0,243.0,527.0,원피스,,,,,긴팔,래글런 소매,,무릎 기장,라운드넥,,,,,,,지퍼
images/497975da2b37214508e9840a45d326e4.jpg,val_train_split,536.0,309.0,113.0,264.0,티셔츠,,,,,,,,,터틀넥,,슬림핏,,,무지,,
images/497975da2b37214508e9840a45d326e4.jpg,val_train_split,346.0,345.0,350.0,338.0,가디건,,,,,긴팔,,크롭 기장,,,,오버핏,,,무지,니트,
images/497975da2b37214508e9840a45d326e4.jpg,val_train_split,377.0,559.0,471.0,419.0,스커트,,,,,,,,롱·긴바지 기장,,,,,A라인,무지,,플리츠|지퍼
images/00102686c01fa625aba3b2478f48f415.jpg,train,347.0,265.0,481.0,758.0,원피스,,,,,긴팔,,,,터틀넥,,,,,무지,,지퍼
images/4f6db2d3e2cedf82e527a1dabd0ef679.jpg,train,448.0,288.0,130.0,212.0,코트,,,,,긴팔,기본 소매,,,,,레귤러핏,,,무지,퍼·플리스,지퍼|포켓|후드
images/4f6db2d3e2cedf82e527a1dabd0ef679.jpg,train,478.0,484.0,79.0,126.0,청바지,,,,,,,,롱·긴바지 기장,,,,,,무지,데님,
images/74f7910626d66e03068922654e30d605.jpg,train,94.0,309.0,415.0,531.0,티셔츠,,,,,반팔,캡 소매,크롭 기장,,라운드넥,,슬림핏,,,무지,,스팽글
images/74f7910626d66e03068922654e30d605.jpg,train,137.0,803.0,333.0,220.0,팬츠,,,,,,,,,,,,,,무지,,
images/6ae1de87bc538a893c65c3d37401c92a.jpg,train,197.0,292.0,277.0,544.0,원피스,,,,,,,,롱·긴바지 기장,라운드넥,,,,A라인,무지|그래픽,,지퍼
images/e0a45945e65b84a3202c8a9680258537.jpg,train,280.0,293.0,242.0,446.0,원피스,,,,,,,,쇼츠·미니 기장,,,,,X라인,플로럴,,지퍼|벨트
images/ab850e5b43a079346d03c6661f5c1487.jpg,train,167.0,245.0,187.0,534.0,원피스,,,,,,,,미디·7부 기장,,,,,,체크,,지퍼|프릴·러플
images/531904d3f9aa9326e9a0d7827d010a51.jpg,train,373.0,317.0,110.0,181.0,탑,,,,,,,,,라운드넥,,레귤러핏,,,무지,,플리츠
images/531904d3f9aa9326e9a0d7827d010a51.jpg,train,244.0,287.0,297.0,320.0,가디건,,,,,긴팔,래글런 소매,,,,,레귤러핏,,,무지,니트,단추
images/531904d3f9aa9326e9a0d7827d010a51.jpg,train,340.0,461.0,177.0,150.0,스커트,,,,,,,,쇼츠·미니 기장,,,,플레어핏,,무지,,지퍼
images/5bd7e17aea2f8922dd2d003c84577cab.jpg,train,139.0,170.0,263.0,830.0,원피스,,,,,,,,롱·긴바지 기장,,,,,비대칭,무지,,지퍼|프릴·러플
images/6ab6f5f2011cbadd719953a8c3dd72af.jpg,train,77.0,519.0,485.0,324.0,청바지,,,,,,,,롱·긴바지 기장,,,,슬림핏,,무지,데님,
images/6ab6f5f2011cbadd719953a8c3dd72af.jpg,train,132.0,209.0,372.0,341.0,셔츠,,,,,반팔,기본 소매,크롭 기장,,,칼라 없음,레귤러핏,,,그래픽,,단추
images/6ab6f5f2011cbadd719953a8c3dd72af.jpg,train,265.0,364.0,56.0,88.0,탑,,,,,,,,,,,슬림핏,,,무지,,
images/9edb5baf7e13e9598f3c9409f3dd19b5.jpg,train,386.0,166.0,337.0,409.0,재킷,,,,,긴팔,기본 소매,기본 기장,,,칼라 없음,오버핏,,,무지,,단추|포켓
images/9edb5baf7e13e9598f3c9409f3dd19b5.jpg,train,430.0,169.0,163.0,327.0,티셔츠,,,,,,,,,라운드넥,,레귤러핏,,,무지,,
images/10b48206db164b19649c11e80d4d3c34.jpg,train,272.0,254.0,192.0,528.0,원피스,,,,,반팔,캡 소매,,롱·긴바지 기장,,,,,A라인,무지|플로럴,,지퍼|스팽글
images/7c3e6e27f921ca935ca1b694bfee2880.jpg,train,284.0,437.0,148.0,445.0,청바지,,,,,,,,롱·긴바지 기장,,,,슬림핏,,무지,데님,포켓
images/7c3e6e27f921ca935ca1b694bfee2880.jpg,train,251.0,232.0,196.0,198.0,셔츠,,,,,긴팔,,크롭 기장,,오프숄더,,슬림핏,,,무지,,
images/48c5fb79d331054e06dec3e00f248e41.jpg,train,0.0,429.0,654.0,590.0,원피스,,,,,긴팔,기본 소매,,쇼츠·미니 기장,,셔츠 칼라,오버핏,,,그래픽,,단추
images/87eb0050031be3aa3ab4a1978a05e841.jpg,train,136.0,217.0,335.0,391.0,재킷,,,,,긴팔,기본 소매,크롭 기장,,,스탠드 칼라,여유핏,,,무지,,단추
images/87eb0050031be3aa3ab4a1978a05e841.jpg,train,214.0,225.0,207.0,304.0,셔츠,,,,,,,크롭 기장,,,,레귤러핏,,,무지,,단추
images/87eb0050031be3aa3ab4a1978a05e841.jpg,train,94.0,493.0,304.0,185.0,쇼츠,,,,,,,,쇼츠·미니 기장,,,,,,무지,,
images/c00c6f5d6fd890919061327dff18e937.jpg,train,245.0,262.0,244.0,314.0,재킷,,,,,긴팔,래글런 소매,크롭 기장,,,,레귤러핏,,,무지,,지퍼
images/c00c6f5d6fd890919061327dff18e937.jpg,train,268.0,246.0,168.0,422.0,원피스,,,,,,,,쇼츠·미니 기장,,피터팬 칼라,,,,애니멀,,지퍼
images/64799431a11278a3eeeaa34807f71683.jpg,val_train_split,135.0,490.0,239.0,260.0,니트,,,,,긴팔,,크롭 기장,,라운드넥,,오버핏,,,,니트,
images/64799431a11278a3eeeaa34807f71683.jpg,val_train_split,158.0,507.0,274.0,440.0,원피스,,,,,,,,미디·7부 기장,,,,,A라인,플로럴,,
images/98b3efff970059c0d8ec92530b3e534d.jpg,train,169.0,487.0,213.0,472.0,팬츠,,,,,,,,롱·긴바지 기장,,,,,,체크,,포켓
images/98b3efff970059c0d8ec92530b3e534d.jpg,train,118.0,164.0,327.0,374.0,셔츠,,,,,긴팔,기본 소매,크롭 기장,,,셔츠 칼라,레귤러핏,,,체크,,단추
images/553a51b23cc43464d5cabe9b51b893f6.jpg,val_train_split,331.0,210.0,286.0,671.0,점프수트,,,,,,,,롱·긴바지 기장,,,여유핏,,,무지,,단추|포켓
images/553a51b23cc43464d5cabe9b51b893f6.jpg,val_train_split,285.0,223.0,145.0,179.0,탑,,,,,7부 소매,,,,오프숄더,,여유핏,,,무지,,
images/35dd53989f934384e284e9d1c7d75d2f.jpg,train,295.0,277.0,113.0,365.0,원피스,,,,,긴팔,기본 소매,,쇼츠·미니 기장,,,,,,무지,,지퍼
images/35dd53989f934384e284e9d1c7d75d2f.jpg,train,280.0,280.0,134.0,362.0,가디건,,,,,,,크롭 기장,,,,여유핏,,,무지,니트,
images/1dc67f7c2ce84a7ea13cf2e4dbea35c4.jpg,train,153.0,236.0,352.0,720.0,원피스,,,,,,,,롱·긴바지 기장,,,,,비대칭,무지,,지퍼|프릴·러플
images/e1b78e9e00c404618897c75fddebb5b8.jpg,val_train_split,296.0,274.0,326.0,603.0,원피스,,,,,,,,쇼츠·미니 기장,터틀넥,,,,,체크,,지퍼|벨트
images/373b1606345a24ece0f532d92fb7b5ba.jpg,train,100.0,264.0,395.0,701.0,원피스,,,,,,,,롱·긴바지 기장,,,,,A라인,무지,,스팽글|지퍼
images/5ea9afdf817ef4ccd8db4f5c784f4018.jpg,train,324.0,205.0,254.0,413.0,원피스,,,,,반팔,캡 소매,,쇼츠·미니 기장,라운드넥,,,,,무지|플로럴,,지퍼|벨트|프릴·러플
images/f8664a2137497c3ed70d877e3f2ad86b.jpg,val_train_split,187.0,217.0,308.0,236.0,티셔츠,,,,,7부 소매,기본 소매,,,터틀넥,,슬림핏,,,무지,,
images/f8664a2137497c3ed70d877e3f2ad86b.jpg,val_train_split,188.0,431.0,324.0,487.0,스커트,,,,,,,,롱·긴바지 기장,,,,플레어핏,,플로럴,,지퍼
images/c51c04d1f14992fe09dfe4c67d6dc075.jpg,train,318.0,252.0,32.0,60.0,탑,,,,,,,,,,,슬림핏,,,무지,,
images/c51c04d1f14992fe09dfe4c67d6dc075.jpg,train,189.0,398.0,401.0,334.0,스커트,,,,,,,,무릎 기장,,,,,,무지,,지퍼|벨트
images/c51c04d1f14992fe09dfe4c67d6dc075.jpg,train,193.0,176.0,326.0,226.0,셔츠,,,,,반팔,퍼프 소매,크롭 기장,,,셔츠 칼라,슬림핏,,,무지,,플리츠|단추
images/77b5df89a526ed4dc55d025dfa217394.jpg,val_train_split,90.0,271.0,511.0,752.0,가디건,,,,,긴팔,,,,,,여유핏,,,무지,니트,
images/77b5df89a526ed4dc55d025dfa217394.jpg,val_train_split,211.0,336.0,269.0,420.0,탑,,,,,,,기본 기장,,,,레귤러핏,,,무지,,
images/77b5df89a526ed4dc55d025dfa217394.jpg,val_train_split,196.0,703.0,273.0,185.0,스커트,,,,,,,,쇼츠·미니 기장,,,,스트레이트핏,H라인,무지,,지퍼
images/7cf591d47de27e814f15dbee5bd87f13.jpg,train,162.0,246.0,111.0,195.0,탑,,,,,,,,,,,레귤러핏,,,무지,,
images/7cf591d47de27e814f15dbee5bd87f13.jpg,train,122.0,424.0,195.0,192.0,스커트,,,,,,,,쇼츠·미니 기장,,,,스트레이트핏,비대칭,애니멀,,단추|지퍼
images/7cf591d47de27e814f15dbee5bd87f13.jpg,train,80.0,161.0,289.0,359.0,블레이저,,,,,긴팔,기본 소매,크롭 기장,,,라펠 칼라,슬림핏,,,무지,,단추|포켓
images/4c7e497f8436652dcd8b01555f0af2b7.jpg,train,37.0,167.0,495.0,667.0,티셔츠,,,,,반팔,래글런 소매,,,라운드넥,,레귤러핏,,,무지,,리본
images/4c7e497f8436652dcd8b01555f0af2b7.jpg,train,235.0,756.0,154.0,251.0,쇼츠,,,,,,,,쇼츠·미니 기장,,,,,,무지,,포켓
images/a01252a8805a15bcca6cfdd40614b71c.jpg,train,247.0,427.0,179.0,270.0,스커트,,,,,,,,무릎 기장,,,,스트레이트핏,H라인,무지,,지퍼
images/a01252a8805a15bcca6cfdd40614b71c.jpg,train,226.0,206.0,252.0,248.0,티셔츠,,,,,7부 소매,,크롭 기장,,,,레귤러핏,,,플로럴,,벨트
images/a01252a8805a15bcca6cfdd40614b71c.jpg,train,188.0,162.0,329.0,254.0,재킷,,,,,반팔,,크롭 기장,,V넥,,오버핏,,,,,리본
images/70b02e6e5f6929694b8d979002e12f13.jpg,train,211.0,184.0,246.0,535.0,원피스,,,,,7부 소매,기본 소매,,무릎 기장,,,,,,무지|플로럴,,지퍼|리본|프릴·러플
images/5b5b6cafff8646f021b4a97a3df59110.jpg,train,90.0,221.0,515.0,464.0,원피스,,,,,,,,무릎 기장,,,,,,무지,,스팽글|지퍼|벨트|프릴·러플
images/54f0b87826d514f9ad949fe8a9b268b1.jpg,train,182.0,266.0,564.0,490.0,니트,,,,,긴팔,,크롭 기장,,라운드넥,,오버핏,,,스트라이프,니트,
images/54f0b87826d514f9ad949fe8a9b268b1.jpg,train,68.0,634.0,386.0,388.0,청바지,,,,,,,,,,,,,,무지,데님,지퍼
images/54f0b87826d514f9ad949fe8a9b268b1.jpg,train,107.0,645.0,456.0,377.0,재킷,,,,,,,크롭 기장,,,,레귤러핏,,,무지,,지퍼
images/e3b79827f69106dd20bce3c02d3698ab.jpg,train,208.0,211.0,262.0,280.0,셔츠,,,,,,기본 소매,,,,셔츠 칼라,슬림핏,,,체크,,단추
images/e3b79827f69106dd20bce3c02d3698ab.jpg,train,254.0,225.0,183.0,266.0,베스트,,,,,,,크롭 기장,,,,슬림핏,,,무지,,단추
images/e3b79827f69106dd20bce3c02d3698ab.jpg,train,231.0,480.0,211.0,394.0,청바지,,,,,,,,롱·긴바지 기장,,,,,,무지,데님,포켓|벨트
images/64f451f12559659963e7a802322b131b.jpg,val_train_split,292.0,179.0,74.0,269.0,티셔츠,,,,,,,크롭 기장,,라운드넥,,레귤러핏,,,무지,,
images/64f451f12559659963e7a802322b131b.jpg,val_train_split,223.0,447.0,196.0,486.0,스커트,,,,,,,,롱·긴바지 기장,,,,스트레이트핏,H라인,무지,,지퍼
images/64f451f12559659963e7a802322b131b.jpg,val_train_split,153.0,139.0,324.0,573.0,코트,,,,,긴팔,기본 소매,,,,라펠 칼라,여유핏,,,스트라이프,,단추
images/180f7739e037ce4d8bc70219c5cf46f2.jpg,val_train_split,336.0,471.0,153.0,199.0,스커트,,,,,,,,쇼츠·미니 기장,,,,,,,,지퍼
images/180f7739e037ce4d8bc70219c5cf46f2.jpg,val_train_split,351.0,352.0,35.0,120.0,탑,,,,,,,,,,,레귤러핏,,,무지,,
images/8a857987304f1cd1ba2cd3d57120c1fc.jpg,train,604.0,216.0,57.0,170.0,탑,,,,,,,,,,,레귤러핏,,,무지,,
images/8a857987304f1cd1ba2cd3d57120c1fc.jpg,train,441.0,198.0,303.0,362.0,재킷,,,,,긴팔,기본 소매,크롭 기장,,,,여유핏,,,무지,,지퍼|포켓|후드
images/3b6d0582d91eb4144f43f0410b16ba18.jpg,train,92.0,292.0,443.0,643.0,원피스,,,,,,,,쇼츠·미니 기장,,,,,X라인,무지,,지퍼|프릴·러플
images/ecb96a10b5007cac877671cd626e11bc.jpg,train,180.0,393.0,390.0,630.0,원피스,,,,,반팔,벨 소매,,,,,,,,플로럴,,프릴·러플
images/9dd2aae9c484bd20d8ab15bd3dab926a.jpg,val_train_split,200.0,282.0,309.0,409.0,재킷,,,,,긴팔,기본 소매,크롭 기장,,,,슬림핏,,,무지,,
images/9dd2aae9c484bd20d8ab15bd3dab926a.jpg,val_train_split,252.0,282.0,214.0,426.0,원피스,,,,,,,,,스퀘어넥,,,,,무지,,지퍼
images/e8bcb4a22a5873f84c3a0c0ecf54cfe2.jpg,train,270.0,151.0,206.0,469.0,원피스,,,,,,,,쇼츠·미니 기장,터틀넥,,,,A라인,무지,니트,지퍼
images/887d34211be2155405ced96645eda91f.jpg,val_train_split,495.0,319.0,134.0,237.0,스커트,,,,,,,,롱·긴바지 기장,,,,,A라인,플로럴,,지퍼
images/887d34211be2155405ced96645eda91f.jpg,val_train_split,498.0,234.0,129.0,84.0,탑,,,,,긴팔,,크롭 기장,,오프숄더,,여유핏,,,무지,,
images/2a7e465727e16e395d8e1803461f2b8e.jpg,val_train_split,183.0,752.0,291.0,271.0,팬츠,,,,,,,,,,,,,,무지,,포켓
images/2a7e465727e16e395d8e1803461f2b8e.jpg,val_train_split,226.0,507.0,265.0,306.0,티셔츠,,,,,긴팔,,기본 기장,,라운드넥,,여유핏,,,카모,,
images/7fb488f9c5ab62fc486ac4f2df1215cf.jpg,train,198.0,843.0,325.0,180.0,청바지,,,,,,,,,,,,,,무지,데님,
images/7fb488f9c5ab62fc486ac4f2df1215cf.jpg,train,285.0,311.0,187.0,547.0,티셔츠,,,,,,,기본 기장,,라운드넥,,레귤러핏,,,무지,,
images/7fb488f9c5ab62fc486ac4f2df1215cf.jpg,train,44.0,324.0,593.0,589.0,가디건,,,,,긴팔,기본 소매,,,,,오버핏,,,무지,니트,
images/b9c5263c58995e7fd1b35d53659bbe60.jpg,train,261.0,329.0,132.0,156.0,셔츠,,,,,반팔,기본 소매,,,,피터팬 칼라,레귤러핏,,,무지,,단추
images/b9c5263c58995e7fd1b35d53659bbe60.jpg,train,223.0,474.0,168.0,297.0,스커트,,,,,,,,무릎 기장,,,,,A라인,그래픽,,지퍼
images/cbfd91ede4b7af2fcaf2627feca1f549.jpg,train,284.0,529.0,133.0,253.0,팬츠,,,,,,,,미디·7부 기장,,,,,,무지,,
images/cbfd91ede4b7af2fcaf2627feca1f549.jpg,train,255.0,288.0,177.0,425.0,탑,,,,,반팔,캡 소매,기본 기장,,스퀘어넥,,레귤러핏,,비대칭,무지,,
images/437890e530adff3c3ddc0f4d4f4f5c49.jpg,train,133.0,233.0,471.0,678.0,원피스,,,,,반팔,,,롱·긴바지 기장,오프숄더,,,,,플로럴,,지퍼|프릴·러플
images/c2e6ed9e8dcbe1be1d30cc59af67e435.jpg,train,167.0,240.0,255.0,191.0,티셔츠,,,,,반팔,기본 소매,,,라운드넥,,레귤러핏,,,플로럴,,
images/c2e6ed9e8dcbe1be1d30cc59af67e435.jpg,train,186.0,416.0,244.0,422.0,스커트,,,,,,,,무릎 기장,,,,,A라인,무지,,지퍼|프릴·러플
images/6f808be07ddff7e5a09901a5b3464c72.jpg,train,360.0,47.0,377.0,634.0,재킷,,,,,긴팔,기본 소매,,,,라펠 칼라,여유핏,,,무지,,지퍼|포켓|후드
images/e8cee03e91799ef2935d4ad9ff1bbd8e.jpg,train,504.0,189.0,188.0,265.0,셔츠,,,,,,,크롭 기장,,V넥,,레귤러핏,,,애니멀,,단추
images/e8cee03e91799ef2935d4ad9ff1bbd8e.jpg,train,487.0,437.0,189.0,243.0,스커트,,,,,,,,쇼츠·미니 기장,,,,스트레이트핏,H라인,무지,,지퍼
images/fd88cd62ec84cf975adbc84182f63ed7.jpg,train,174.0,353.0,218.0,268.0,니트,,,,,긴팔,,크롭 기장,,,,레귤러핏,,,무지,니트,
images/fd88cd62ec84cf975adbc84182f63ed7.jpg,train,180.0,515.0,176.0,140.0,점프수트,,,,,,,,쇼츠·미니 기장,,,,,O라인,플로럴,,
images/b0fcc2d5303ba8f66d0c05bdc5bae3ac.jpg,train,539.0,164.0,244.0,517.0,원피스,,,,,,,,,스퀘어넥,,,,A라인,무지,,지퍼|벨트
images/0ac6d13ca245107c4d1b17904130c338.jpg,train,192.0,145.0,289.0,408.0,재킷,,,,,긴팔,기본 소매,크롭 기장,,,,오버핏,,,무지,,후드|벨트
images/0ac6d13ca245107c4d1b17904130c338.jpg,train,279.0,154.0,91.0,331.0,탑,,,,,,,기본 기장,,라운드넥,,레귤러핏,,,무지,,
images/7a4e4283601b6ab483c41a34c363350b.jpg,train,275.0,189.0,198.0,737.0,점프수트,,,,,,,,롱·긴바지 기장,,,여유핏,,,무지,,스팽글|지퍼
images/9f153a8fb4f8d3c1f230034c9c1b23e7.jpg,train,354.0,172.0,99.0,216.0,셔츠,,,,,긴팔,,크롭 기장,,,스탠드 칼라,레귤러핏,,,,,단추
images/9f153a8fb4f8d3c1f230034c9c1b23e7.jpg,train,304.0,376.0,144.0,211.0,청바지,,,,,,,,롱·긴바지 기장,,,,,,무지,데님,
images/9f153a8fb4f8d3c1f230034c9c1b23e7.jpg,train,310.0,149.0,177.0,272.0,재킷,,,,,긴팔,기본 소매,,,,,,,,,퍼·플리스,
images/dd28e1cc7ba1502eb9c0113e50db7a8e.jpg,train,600.0,434.0,175.0,205.0,팬츠,,,,,,,,,,,,슬림핏,,무지,,
images/dd28e1cc7ba1502eb9c0113e50db7a8e.jpg,train,609.0,395.0,146.0,51.0,탑,,,,,,,크롭 기장,,,,슬림핏,,,무지,,
images/dd28e1cc7ba1502eb9c0113e50db7a8e.jpg,train,548.0,152.0,236.0,262.0,재킷,,,,,긴팔,기본 소매,크롭 기장,,,스탠드 칼라,레귤러핏,,,무지,,
images/a1742a327d0276f8dce0bdfeacee9d88.jpg,train,236.0,225.0,212.0,419.0,원피스,,,,,민소매,캡 소매,,쇼츠·미니 기장,라운드넥,,,,A라인,무지,,지퍼
images/497f8ae07aab32a52f251d034a59b81e.jpg,train,160.0,257.0,269.0,707.0,원피스,,,,,,,,롱·긴바지 기장,,,,,A라인,애니멀,,지퍼
images/5590ade6a31c7c908bcfa6bc468e9fb8.jpg,train,146.0,382.0,257.0,559.0,팬츠,,,,,,,,롱·긴바지 기장,,,,,,무지,,
images/5590ade6a31c7c908bcfa6bc468e9fb8.jpg,train,108.0,199.0,259.0,410.0,티셔츠,,,,,,,,,보트넥,,오버핏,,,무지,,
images/6d73c8b7dd0b6664a6ba69f5bd0121bb.jpg,train,101.0,219.0,504.0,643.0,티셔츠,,,,,반팔,기본 소매,기본 기장,,라운드넥,,레귤러핏,,,카모,,
images/6d73c8b7dd0b6664a6ba69f5bd0121bb.jpg,train,120.0,776.0,364.0,247.0,청바지,,,,,,,,,,,,,,무지,데님,
images/70a22dba8d18c74f814b51edf1a5541d.jpg,val_train_split,528.0,512.0,146.0,96.0,쇼츠,,,,,,,,쇼츠·미니 기장,,,,슬림핏,,무지,,포켓
images/70a22dba8d18c74f814b51edf1a5541d.jpg,val_train_split,532.0,301.0,151.0,236.0,티셔츠,,,,,긴팔,기본 소매,,,,스탠드 칼라,슬림핏,,,무지,,
images/c2567572dcb61481cdf347eda868ffea.jpg,val_train_split,244.0,358.0,191.0,383.0,스커트,,,,,,,,무릎 기장,,,,,,무지,가죽|스웨이드,단추|리본
images/c2567572dcb61481cdf347eda868ffea.jpg,val_train_split,184.0,183.0,292.0,191.0,티셔츠,,,,,,,,,보트넥,,여유핏,,,무지,,
images/efbabd4dbe886d88050553fa7f845e7b.jpg,train,218.0,232.0,240.0,287.0,니트,,,,,긴팔,래글런 소매,크롭 기장,,라운드넥,,레귤러핏,,,애니멀,니트,
images/efbabd4dbe886d88050553fa7f845e7b.jpg,train,254.0,510.0,208.0,96.0,스커트,,,,,,,,쇼츠·미니 기장,,,,,A라인,무지,,지퍼
images/32d74b3525737ab6282549d1feb0ff47.jpg,train,393.0,329.0,151.0,279.0,점프수트,,,,,,,,쇼츠·미니 기장,,,레귤러핏,,,무지,,단추|포켓
images/32d74b3525737ab6282549d1feb0ff47.jpg,train,402.0,332.0,131.0,143.0,탑,,,,,,,크롭 기장,,,,슬림핏,,,무지,,
images/53544f701cff0f27913c17b12bacce71.jpg,train,183.0,184.0,212.0,728.0,원피스,,,,,,,,롱·긴바지 기장,,,,,A라인,무지,,지퍼
images/53544f701cff0f27913c17b12bacce71.jpg,train,149.0,170.0,274.0,390.0,티셔츠,,,,,긴팔,기본 소매,,,터틀넥,,레귤러핏,,,무지,,포켓
images/4f49dd778423ea5e21f21ce72e3950a2.jpg,train,305.0,248.0,235.0,362.0,원피스,,,,,반팔,캡 소매,,쇼츠·미니 기장,보트넥,,,,A라인,스트라이프,니트,지퍼|벨트
images/b1b37f9fbd8e3f8f64e8a3c6f1c36078.jpg,train,451.0,327.0,118.0,203.0,스커트,,,,,,,,무릎 기장,,,,,A라인,무지,,지퍼|벨트
images/b1b37f9fbd8e3f8f64e8a3c6f1c36078.jpg,train,489.0,178.0,56.0,149.0,티셔츠,,,,,,,,,터틀넥,,슬림핏,,,무지,,
images/b1b37f9fbd8e3f8f64e8a3c6f1c36078.jpg,train,427.0,200.0,193.0,214.0,재킷,,,,,긴팔,기본 소매,크롭 기장,,,라펠 칼라,레귤러핏,,,무지,,지퍼|포켓|벨트
images/6e08f82234bb5a5386e782057e13a574.jpg,val_train_split,253.0,478.0,186.0,95.0,쇼츠,,,,,,,,쇼츠·미니 기장,,,,슬림핏,,무지,,
images/6e08f82234bb5a5386e782057e13a574.jpg,val_train_split,220.0,197.0,257.0,228.0,재킷,,,,,반팔,기본 소매,크롭 기장,,,,,,,무지,,지퍼|리본
images/6e08f82234bb5a5386e782057e13a574.jpg,val_train_split,204.0,174.0,283.0,344.0,셔츠,,,,,긴팔,,크롭 기장,,,피터팬 칼라,레귤러핏,,,무지,,단추
images/ac7c77afd16fcae5a7fcaf701618f4d6.jpg,train,221.0,180.0,167.0,252.0,탑,,,,,,,,,,,여유핏,,,무지,,
images/ac7c77afd16fcae5a7fcaf701618f4d6.jpg,train,26.0,181.0,444.0,494.0,코트,,,,,긴팔,기본 소매,,,,,레귤러핏,,,무지,퍼·플리스,
images/ac7c77afd16fcae5a7fcaf701618f4d6.jpg,train,208.0,405.0,181.0,531.0,팬츠,,,,,,,,롱·긴바지 기장,,,,슬림핏,,애니멀,,
images/55914ae5e6fa80d9fc4d47be71fb2d4c.jpg,train,204.0,209.0,248.0,562.0,원피스,,,,,반팔,기본 소매,,무릎 기장,,스탠드 칼라,,,A라인,무지,,지퍼|벨트
images/268c21af77b29c070e24ed69bacf24e0.jpg,train,300.0,342.0,191.0,269.0,원피스,,,,,반팔,,,쇼츠·미니 기장,오프숄더,,,,,무지,,지퍼
images/c18545691810a592becf4da1fb29d094.jpg,train,55.0,221.0,340.0,704.0,원피스,,,,,,,,롱·긴바지 기장,,,,,,무지,,지퍼|스팽글
images/b4cdc3e4d75dc36493bbfbba83cbbc00.jpg,val_train_split,523.0,107.0,225.0,295.0,코트,,,,,긴팔,기본 소매,,,,,레귤러핏,,,무지,,후드
images/7cbc8a8ce14a35b9a698c5e2f087ff81.jpg,train,483.0,416.0,226.0,224.0,스커트,,,,,,,,쇼츠·미니 기장,,,,,A라인,무지,,지퍼
images/7cbc8a8ce14a35b9a698c5e2f087ff81.jpg,train,447.0,60.0,325.0,419.0,셔츠,,,,,7부 소매,벌룬 소매,크롭 기장,,,셔츠 칼라,레귤러핏,,,무지,,단추
images/88aa3cbc1e4b758dfcadc3a8b0480843.jpg,train,270.0,447.0,145.0,192.0,쇼츠,,,,,,,,쇼츠·미니 기장,,,,,,무지,,포켓
images/88aa3cbc1e4b758dfcadc3a8b0480843.jpg,train,234.0,240.0,270.0,492.0,코트,,,,,,,,,,,여유핏,,,무지,가죽|스웨이드,
images/4a9749fb427ecc451f7cba3992b5d855.jpg,train,414.0,217.0,206.0,404.0,원피스,,,,,반팔,기본 소매,,무릎 기장,,피터팬 칼라,,,,무지,,단추|포켓
images/b57f6a4ddbe011f711773b1ad21cb201.jpg,train,286.0,242.0,210.0,454.0,원피스,,,,,,,,미디·7부 기장,보트넥,,,,O라인,플로럴,,지퍼|프릴·러플
images/5cd6bfd8f38ae14751cc4ef49cd5510a.jpg,train,230.0,139.0,193.0,241.0,티셔츠,,,,,긴팔,,,,터틀넥,,레귤러핏,,,무지,,
images/5cd6bfd8f38ae14751cc4ef49cd5510a.jpg,train,186.0,156.0,334.0,397.0,재킷,,,,,긴팔,기본 소매,크롭 기장,,,라펠 칼라,오버핏,,,무지,가죽,지퍼|벨트
images/5cd6bfd8f38ae14751cc4ef49cd5510a.jpg,train,228.0,372.0,239.0,272.0,스커트,,,,,,,,쇼츠·미니 기장,,,,스트레이트핏,H라인,무지,,지퍼
images/d589d487bac68227887ee1e2e1da64fc.jpg,train,241.0,500.0,198.0,395.0,팬츠,,,,,,,,롱·긴바지 기장,,,,슬림핏,,체크,,포켓
images/d589d487bac68227887ee1e2e1da64fc.jpg,train,184.0,191.0,299.0,328.0,티셔츠,,,,,반팔,기본 소매,기본 기장,,라운드넥,,레귤러핏,,,카모,,
images/dfee4f2995f9c29bab58f8e7a5a7e923.jpg,train,162.0,287.0,519.0,692.0,재킷,,,,,긴팔,기본 소매,크롭 기장,,,스탠드 칼라,레귤러핏,,,무지,,지퍼|포켓
images/dfee4f2995f9c29bab58f8e7a5a7e923.jpg,train,254.0,341.0,410.0,644.0,니트,,,,,긴팔,,크롭 기장,,라운드넥,,레귤러핏,,,무지,니트,포켓|지퍼
images/dfee4f2995f9c29bab58f8e7a5a7e923.jpg,train,311.0,338.0,90.0,48.0,티셔츠,,,,,,,,,라운드넥,,슬림핏,,,무지,,
images/0194f4352a3c08a377a8437fca9d0bb5.jpg,train,190.0,184.0,291.0,408.0,원피스,,,,,반팔,벨 소매,,쇼츠·미니 기장,스퀘어넥,,,,A라인,무지,,리본
images/0194f4352a3c08a377a8437fca9d0bb5.jpg,train,265.0,472.0,151.0,365.0,원피스,,,,,,,,롱·긴바지 기장,,,,,,도트,,지퍼
images/6428927b6444f3ea2918add5a42f296b.jpg,train,462.0,566.0,245.0,217.0,스커트,,,,,,,,무릎 기장,,,,,A라인,스트라이프,,플리츠
images/6428927b6444f3ea2918add5a42f296b.jpg,train,493.0,231.0,256.0,362.0,코트,,,,,긴팔,기본 소매,,,,라펠 칼라,여유핏,,,무지,,단추|포켓|벨트
images/5ab112de953b3afb417623fc1a378ac8.jpg,train,66.0,205.0,284.0,320.0,재킷,,,,,,,크롭 기장,,,칼라 없음,여유핏,,,무지,,
images/5ab112de953b3afb417623fc1a378ac8.jpg,train,86.0,247.0,226.0,423.0,원피스,,,,,,,,쇼츠·미니 기장,,,,,A라인,무지,,지퍼
images/8981b3a45f3c8dedd14e3014ae1ce64b.jpg,train,216.0,285.0,257.0,557.0,원피스,,,,,,,,롱·긴바지 기장,홀터넥,,,,,플로럴,,지퍼
images/cc24b68d62327a2f923e55ca5204cbf8.jpg,val_train_split,570.0,248.0,397.0,433.0,티셔츠,,,,,긴팔,,,,,,레귤러핏,,,스트라이프,,
images/cc24b68d62327a2f923e55ca5204cbf8.jpg,val_train_split,622.0,485.0,221.0,150.0,셔츠,,,,,,,크롭 기장,,,,레귤러핏,,,무지,,단추
images/cc24b68d62327a2f923e55ca5204cbf8.jpg,val_train_split,394.0,367.0,448.0,314.0,청바지,,,,,,,,,,,,,,체크,데님,포켓
images/cc24b68d62327a2f923e55ca5204cbf8.jpg,val_train_split,636.0,192.0,310.0,489.0,베스트,,,,,,,,,라운드넥,,레귤러핏,,,무지,,지퍼
images/2fe61798150a59af0868d2e941e10635.jpg,train,363.0,558.0,125.0,186.0,탑,,,,,반팔,벨 소매,기본 기장,,오프숄더,,여유핏,,,스트라이프,,
images/2fe61798150a59af0868d2e941e10635.jpg,train,377.0,722.0,98.0,39.0,쇼츠,,,,,,,,쇼츠·미니 기장,,,,,,무지,,
images/68f860969d5639c5df313d845929115b.jpg,train,54.0,420.0,448.0,555.0,재킷,,,,,긴팔,기본 소매,,,,,레귤러핏,,,체크,,지퍼|포켓|후드
images/68f860969d5639c5df313d845929115b.jpg,train,209.0,467.0,162.0,349.0,티셔츠,,,,,,,,,라운드넥,,레귤러핏,,,무지,,
images/68f860969d5639c5df313d845929115b.jpg,train,70.0,788.0,406.0,219.0,쇼츠,,,,,,,,쇼츠·미니 기장,,,,,,무지,,포켓
images/fa732862659cc7283477d8294a8ff3b9.jpg,train,339.0,339.0,98.0,139.0,티셔츠,,,,,,,크롭 기장,,,,슬림핏,,,무지,,
images/fa732862659cc7283477d8294a8ff3b9.jpg,train,310.0,466.0,180.0,402.0,청바지,,,,,,,,롱·긴바지 기장,,,,슬림핏,,체크,데님,포켓
images/fa732862659cc7283477d8294a8ff3b9.jpg,train,257.0,343.0,287.0,346.0,가디건,,,,,긴팔,,,,,,여유핏,,,무지,니트,
images/fa732862659cc7283477d8294a8ff3b9.jpg,train,283.0,231.0,237.0,252.0,재킷,,,,,긴팔,기본 소매,크롭 기장,,,,여유핏,,,무지,,지퍼
images/459e5617e9b90c829bc30c44efd7ce4b.jpg,train,210.0,185.0,296.0,351.0,재킷,,,,,긴팔,기본 소매,크롭 기장,,,스탠드 칼라,레귤러핏,,,무지,,지퍼
images/459e5617e9b90c829bc30c44efd7ce4b.jpg,train,253.0,260.0,172.0,250.0,티셔츠,,,,,,,기본 기장,,,,슬림핏,,,무지,,
images/459e5617e9b90c829bc30c44efd7ce4b.jpg,train,253.0,472.0,171.0,404.0,팬츠,,,,,,,,롱·긴바지 기장,,,,슬림핏,,체크,,
images/d4e397af8e4bb7e1c12b9cd3a9e2ddd2.jpg,train,219.0,208.0,255.0,249.0,재킷,,,,,7부 소매,,크롭 기장,,,피터팬 칼라,여유핏,,,무지,,단추|포켓|벨트
images/d4e397af8e4bb7e1c12b9cd3a9e2ddd2.jpg,train,249.0,436.0,192.0,294.0,스커트,,,,,,,,무릎 기장,,,,,,무지,,지퍼
images/b0054737990fed012b57ec4160544e6e.jpg,train,57.0,166.0,328.0,779.0,원피스,,,,,긴팔,벨 소매,,롱·긴바지 기장,라운드넥,,,,,,,지퍼|프릴·러플|벨트
images/9c2e1da5b4bd49b419eccb1defe6c9a0.jpg,train,209.0,434.0,150.0,260.0,원피스,,,,,,,,쇼츠·미니 기장,홀터넥,,,,A라인,무지,,지퍼
images/d15dcfb753751d3d49f0de2d0d995556.jpg,train,148.0,252.0,294.0,562.0,원피스,,,,,반팔,래글런 소매,,쇼츠·미니 기장,,,,,,무지,,
images/32475f420ea68f0c3532bdb4a39a5c03.jpg,train,240.0,399.0,210.0,377.0,스커트,,,,,,,,무릎 기장,,,,,,무지,,지퍼|프릴·러플
images/32475f420ea68f0c3532bdb4a39a5c03.jpg,train,287.0,200.0,184.0,217.0,탑,,,,,,,,,,스탠드 칼라,슬림핏,,,무지,,프릴·러플
images/141c502118b03c7ab6cc3fbf41cedc11.jpg,train,348.0,358.0,285.0,254.0,탑,,,,,반팔,기본 소매,크롭 기장,,터틀넥,,슬림핏,,,무지,,리본
images/141c502118b03c7ab6cc3fbf41cedc11.jpg,train,358.0,554.0,214.0,340.0,스커트,,,,,,,,쇼츠·미니 기장,,,,스트레이트핏,H라인,무지,,지퍼
images/71afece8d01e7f918efa65b54bd8d0cb.jpg,train,205.0,202.0,174.0,717.0,점프수트,,,,,긴팔,기본 소매,,롱·긴바지 기장,,,,,,무지,,지퍼|포켓|벨트
images/677e9643ad867a1a436660ccf21913f5.jpg,val_train_split,295.0,207.0,214.0,267.0,베스트,,,,,,,크롭 기장,,라운드넥,,레귤러핏,,,,,
images/677e9643ad867a1a436660ccf21913f5.jpg,val_train_split,301.0,448.0,210.0,63.0,탑,,,,,,,크롭 기장,,,,레귤러핏,,,무지,,
images/677e9643ad867a1a436660ccf21913f5.jpg,val_train_split,290.0,492.0,205.0,200.0,스커트,,,,,,,,쇼츠·미니 기장,,,,,,애니멀,,지퍼
images/f154253b7faa4c66547fb55952736809.jpg,val_train_split,320.0,437.0,71.0,115.0,팬츠,,,,,,,,롱·긴바지 기장,,,,슬림핏,,무지,,
images/f154253b7faa4c66547fb55952736809.jpg,val_train_split,310.0,294.0,96.0,150.0,후드티,,,,,긴팔,,기본 기장,,,,여유핏,,,무지,,후드|포켓
images/ce1052d1a8ba99e3574c979e2e8a18f5.jpg,val_train_split,251.0,638.0,100.0,270.0,청바지,,,,,,,,미디·7부 기장,,,,,,무지,데님,포켓
images/ce1052d1a8ba99e3574c979e2e8a18f5.jpg,val_train_split,262.0,531.0,110.0,120.0,티셔츠,,,,,반팔,기본 소매,크롭 기장,,라운드넥,,레귤러핏,,,무지,,
images/ce1052d1a8ba99e3574c979e2e8a18f5.jpg,val_train_split,212.0,564.0,195.0,224.0,코트,,,,,긴팔,,,,,,레귤러핏,,,무지,퍼·플리스,지퍼
images/c89c796b14899c1de77428115b4aba62.jpg,train,128.0,290.0,441.0,489.0,재킷,,,,,긴팔,기본 소매,기본 기장,,,셔츠 칼라,레귤러핏,,,무지,가죽,단추|포켓|벨트
images/c89c796b14899c1de77428115b4aba62.jpg,train,282.0,319.0,148.0,368.0,티셔츠,,,,,,,,,라운드넥,,레귤러핏,,,무지,,
images/c89c796b14899c1de77428115b4aba62.jpg,train,240.0,674.0,265.0,349.0,팬츠,,,,,,,,,,,,슬림핏,,무지,,
images/20151b4806384531f9513cb76057101d.jpg,train,482.0,209.0,259.0,404.0,탑,,,,,,,,,,,레귤러핏,,,도트,,
images/20151b4806384531f9513cb76057101d.jpg,train,500.0,356.0,166.0,165.0,쇼츠,,,,,,,,쇼츠·미니 기장,,,,슬림핏,,무지,,
images/0d7d16c4be68b0a8275040cabc9d87e3.jpg,train,92.0,375.0,550.0,648.0,원피스,,,,,,,,,스퀘어넥,,,,,,,지퍼
images/b5c3a2b93c8263baffd827b3865fa6ff.jpg,train,250.0,440.0,350.0,474.0,탑,,,,,,,,,,,레귤러핏,,,무지,,
images/b5c3a2b93c8263baffd827b3865fa6ff.jpg,train,344.0,427.0,180.0,172.0,탑,,,,,,,,,,,레귤러핏,,비대칭,무지,,
images/b5c3a2b93c8263baffd827b3865fa6ff.jpg,train,60.0,229.0,697.0,561.0,재킷,,,,,긴팔,래글런 소매,크롭 기장,,,셔츠 칼라,레귤러핏,,,무지,,지퍼|포켓
images/88db8ed525f0f64f0ad209a8f654d9ea.jpg,train,211.0,181.0,263.0,322.0,셔츠,,,,,긴팔,기본 소매,크롭 기장,,,피터팬 칼라,레귤러핏,,,무지,,단추
images/88db8ed525f0f64f0ad209a8f654d9ea.jpg,train,236.0,198.0,185.0,269.0,베스트,,,,,,,크롭 기장,,,라펠 칼라,레귤러핏,,,무지,,지퍼
images/88db8ed525f0f64f0ad209a8f654d9ea.jpg,train,236.0,470.0,178.0,395.0,팬츠,,,,,,,,롱·긴바지 기장,,,,슬림핏,,체크,,
images/944bea3e4e77bfe2aa8c1f16bf60c70a.jpg,val_train_split,190.0,500.0,191.0,367.0,팬츠,,,,,,,,롱·긴바지 기장,,,,,,무지,,포켓
images/944bea3e4e77bfe2aa8c1f16bf60c70a.jpg,val_train_split,167.0,222.0,247.0,324.0,니트,,,,,긴팔,,크롭 기장,,라운드넥,,여유핏,,,무지,니트,
images/06d0eecde79b2927b185f7044714cbfc.jpg,val_train_split,102.0,221.0,313.0,699.0,점프수트,,,,,반팔,캡 소매,,롱·긴바지 기장,라운드넥,,,,,무지,,지퍼
images/759768a82b41b41ba9df70e21a2b4b04.jpg,val_train_split,251.0,432.0,182.0,228.0,스커트,,,,,,,,무릎 기장,,,,스트레이트핏,H라인,,,지퍼
images/759768a82b41b41ba9df70e21a2b4b04.jpg,val_train_split,257.0,279.0,199.0,221.0,탑,,,,,,,기본 기장,,,,슬림핏,,,그래픽,,지퍼
images/58432504665f6df9df4fad8fb48159f2.jpg,train,84.0,293.0,214.0,455.0,원피스,,,,,,,,롱·긴바지 기장,,,,,A라인,플로럴|그래픽,,지퍼
images/d373c91282ca77e2ed88950b4ab57160.jpg,train,202.0,437.0,358.0,586.0,원피스,,,,,,,,,,,,,,무지,,스팽글|지퍼
images/856c924909db0c1b18f4e4840f0864cf.jpg,val_train_split,246.0,279.0,155.0,242.0,티셔츠,,,,,,,기본 기장,,보트넥,,슬림핏,,비대칭,무지,,
images/856c924909db0c1b18f4e4840f0864cf.jpg,val_train_split,252.0,464.0,163.0,340.0,팬츠,,,,,,,,미디·7부 기장,,,,,,스트라이프,,
images/c2041d6ca08fdc55156555d4ae835872.jpg,train,170.0,182.0,187.0,162.0,탑,,,,,,,크롭 기장,,,,슬림핏,,,무지,,스팽글
images/c2041d6ca08fdc55156555d4ae835872.jpg,train,162.0,346.0,234.0,469.0,스커트,,,,,,,,쇼츠·미니 기장,,,,스트레이트핏,H라인,무지,,지퍼|스팽글
images/ec3f79f28ec1bff3e9ff8ea0c29d544c.jpg,val_train_split,262.0,185.0,333.0,419.0,탑,,,,,,,기본 기장,,터틀넥,,여유핏,,비대칭,무지,,
images/ec3f79f28ec1bff3e9ff8ea0c29d544c.jpg,val_train_split,268.0,479.0,180.0,223.0,스커트,,,,,,,,무릎 기장,,,,스트레이트핏,H라인,스트라이프,,
images/838675c200a0b3d1421b4fb47bd3f043.jpg,val_train_split,205.0,402.0,343.0,307.0,스커트,,,,,,,,무릎 기장,,,,,,무지,,
images/838675c200a0b3d1421b4fb47bd3f043.jpg,val_train_split,215.0,155.0,282.0,385.0,재킷,,,,,긴팔,기본 소매,크롭 기장,,,스탠드 칼라,레귤러핏,,,무지,,지퍼
images/838675c200a0b3d1421b4fb47bd3f043.jpg,val_train_split,285.0,176.0,106.0,242.0,티셔츠,,,,,,,,,라운드넥,,레귤러핏,,,무지,,
images/e2e6e28b37aff251bba2a60b398b5f3c.jpg,val_train_split,223.0,302.0,255.0,645.0,점프수트,,,,,반팔,기본 소매,,롱·긴바지 기장,V넥,,,,,무지,,
images/501b31cf222b2e74db0075decfbc863f.jpg,val_train_split,209.0,137.0,260.0,542.0,가디건,,,,,7부 소매,,,,,,여유핏,,비대칭,,니트,
images/501b31cf222b2e74db0075decfbc863f.jpg,val_train_split,282.0,545.0,110.0,344.0,팬츠,,,,,,,,롱·긴바지 기장,,,,슬림핏,,무지,,
images/ff5c303cb978725b41ecdc33f99a9811.jpg,val_train_split,213.0,749.0,333.0,224.0,쇼츠,,,,,,,,쇼츠·미니 기장,,,,,,무지,,
images/ff5c303cb978725b41ecdc33f99a9811.jpg,val_train_split,115.0,420.0,447.0,568.0,셔츠,,,,,반팔,,,,V넥,,레귤러핏,,,그래픽,,단추|리본
images/387e45f0f23074ae7c8d1a8c93176bb2.jpg,train,70.0,155.0,575.0,773.0,원피스,,,,,,,,롱·긴바지 기장,홀터넥,,,,비대칭,무지,,지퍼
images/3fc8c7bf8d58543d12b654c415543115.jpg,train,32.0,594.0,516.0,352.0,원피스,,,,,긴팔,,,쇼츠·미니 기장,,,,,O라인,,니트,지퍼|포켓|벨트
images/3fc8c7bf8d58543d12b654c415543115.jpg,train,24.0,215.0,564.0,548.0,재킷,,,,,7부 소매,기본 소매,크롭 기장,,,라펠 칼라,오버핏,,,무지,,
images/95a1ef7342460cf1add678caad1e5ac6.jpg,train,252.0,279.0,155.0,228.0,탑,,,,,,,크롭 기장,,라운드넥,,여유핏,,,카모,,
images/95a1ef7342460cf1add678caad1e5ac6.jpg,train,173.0,440.0,296.0,410.0,팬츠,,,,,,,,롱·긴바지 기장,,,,슬림핏,,무지,,포켓
images/59962f5a006f1c63ff30b55f9d9a8fc5.jpg,train,254.0,428.0,174.0,105.0,쇼츠,,,,,,,,쇼츠·미니 기장,,,,슬림핏,,무지,,
images/59962f5a006f1c63ff30b55f9d9a8fc5.jpg,train,204.0,183.0,235.0,256.0,셔츠,,,,,7부 소매,기본 소매,크롭 기장,,,셔츠 칼라,레귤러핏,,,체크,,
images/c3592e30aad29cc8cad7bdfe98c08c22.jpg,train,274.0,491.0,146.0,407.0,팬츠,,,,,,,,롱·긴바지 기장,,,,,,무지,,
images/c3592e30aad29cc8cad7bdfe98c08c22.jpg,train,239.0,206.0,224.0,344.0,티셔츠,,,,,긴팔,기본 소매,기본 기장,,터틀넥,,슬림핏,,,스트라이프,,벨트
images/11df54a801f853ec8f4cb01426d45dd2.jpg,val_train_split,122.0,182.0,276.0,738.0,점프수트,,,,,,,,롱·긴바지 기장,홀터넥,,,,,,,지퍼|포켓
images/65ac8d07e30f4ff15d166ff64d252cd2.jpg,train,344.0,284.0,293.0,397.0,원피스,,,,,,,,,,,,,,무지,,
images/65ac8d07e30f4ff15d166ff64d252cd2.jpg,train,222.0,284.0,585.0,397.0,가디건,,,,,,,,,,,레귤러핏,,,무지,니트,
images/3ec662a431abbf389b3047e17bf02f2b.jpg,train,738.0,347.0,98.0,113.0,스커트,,,,,,,,쇼츠·미니 기장,,,,,,무지,,지퍼
images/3ec662a431abbf389b3047e17bf02f2b.jpg,train,721.0,275.0,105.0,77.0,탑,,,,,반팔,퍼프 소매,,,오프숄더,,여유핏,,,무지,,
images/de0c5aeee7df3590e48ec3fdc9a33075.jpg,train,250.0,353.0,231.0,276.0,코트,,,,,긴팔,기본 소매,,,라운드넥,라펠 칼라,레귤러핏,,,무지,,포켓|벨트
images/de0c5aeee7df3590e48ec3fdc9a33075.jpg,train,277.0,380.0,208.0,436.0,원피스,,,,,,,,롱·긴바지 기장,,,,,A라인,스트라이프,,
images/3f216060e97d1cc0f86d4bc16169ef5b.jpg,train,228.0,293.0,291.0,570.0,원피스,,,,,,,,쇼츠·미니 기장,스퀘어넥,,,,H라인,무지|플로럴,,지퍼
images/fe46926b885764330c031ff92aedaabc.jpg,train,107.0,181.0,460.0,796.0,코트,,,,,긴팔,기본 소매,,,,,레귤러핏,,,체크,,단추|벨트
images/fe46926b885764330c031ff92aedaabc.jpg,train,214.0,755.0,254.0,268.0,팬츠,,,,,,,,,,,,슬림핏,,애니멀,,
images/be892654403863535fb1993e46ff696c.jpg,train,203.0,201.0,288.0,544.0,원피스,,,,,반팔,캡 소매,,쇼츠·미니 기장,,셔츠 칼라,,,A라인,체크,,단추
images/dd0a70c6ebac3fb0228fa1343f460212.jpg,train,202.0,244.0,443.0,739.0,원피스,,,,,,,,쇼츠·미니 기장,,폴로 칼라,,,H라인,무지,,지퍼
images/325ef0995650a2bbbf5e04babfc7ebca.jpg,train,262.0,191.0,198.0,413.0,원피스,,,,,,,,쇼츠·미니 기장,,,,,O라인,,,
images/325ef0995650a2bbbf5e04babfc7ebca.jpg,train,300.0,564.0,126.0,267.0,팬츠,,,,,,,,미디·7부 기장,,,,슬림핏,,무지,,
images/e5ae75cf1de516a2c34fa0ef5757b3e5.jpg,train,119.0,309.0,254.0,599.0,원피스,,,,,,,,롱·긴바지 기장,홀터넥,,,,,플로럴,,프릴·러플
images/1ab727c082f90bda85bfc895b5d0c16c.jpg,train,214.0,278.0,252.0,404.0,코트,,,,,7부 소매,기본 소매,,,,라펠 칼라,레귤러핏,,,무지,,단추
images/1ab727c082f90bda85bfc895b5d0c16c.jpg,train,256.0,359.0,139.0,360.0,원피스,,,,,,,,쇼츠·미니 기장,,,,,A라인,무지,,플리츠|지퍼
images/ea211af99b5765bca863b0269d9eeac2.jpg,train,207.0,196.0,283.0,359.0,가디건,,,,,긴팔,기본 소매,기본 기장,,,라펠 칼라,레귤러핏,,,무지,니트,단추|포켓
images/ea211af99b5765bca863b0269d9eeac2.jpg,train,268.0,517.0,168.0,397.0,청바지,,,,,,,,롱·긴바지 기장,,,,슬림핏,,무지,데님,
images/f5adac4a358a38f98e383471ed6bb0e8.jpg,train,293.0,507.0,217.0,402.0,후드티,,,,,,,기본 기장,,,셔츠 칼라,레귤러핏,,,무지,,후드|포켓
images/f5adac4a358a38f98e383471ed6bb0e8.jpg,train,214.0,535.0,306.0,380.0,재킷,,,,,긴팔,기본 소매,크롭 기장,,,,레귤러핏,,,무지,,단추|포켓
images/c6838e6f126b5910953269ea82d9b46e.jpg,train,182.0,220.0,205.0,429.0,원피스,,,,,,,,쇼츠·미니 기장,,피터팬 칼라,,,A라인,무지,,지퍼
images/c6838e6f126b5910953269ea82d9b46e.jpg,train,164.0,220.0,319.0,335.0,재킷,,,,,긴팔,기본 소매,크롭 기장,,,,레귤러핏,,,무지,,지퍼
images/fbeff36938372a354129e51e3fdaea68.jpg,val_train_split,373.0,273.0,20.0,11.0,티셔츠,,,,,,,,,라운드넥,,레귤러핏,,,무지,,
images/fbeff36938372a354129e51e3fdaea68.jpg,val_train_split,360.0,267.0,118.0,247.0,후드티,,,,,,,,,,,레귤러핏,,,무지,,후드|벨트
images/fbeff36938372a354129e51e3fdaea68.jpg,val_train_split,221.0,269.0,318.0,523.0,코트,,,,,긴팔,기본 소매,,,,,슬림핏,,,무지,,단추
images/fbeff36938372a354129e51e3fdaea68.jpg,val_train_split,339.0,497.0,149.0,394.0,팬츠,,,,,,,,롱·긴바지 기장,,,,,,무지,,
images/fbeff36938372a354129e51e3fdaea68.jpg,val_train_split,113.0,529.0,258.0,291.0,코트,,,,,,,,,,,여유핏,,,무지,가죽,
images/74738eebfd1e330a3e68e7a5bf520ecf.jpg,train,176.0,313.0,498.0,675.0,원피스,,,,,반팔,기본 소매,,쇼츠·미니 기장,V넥,,,,,무지,,스팽글|지퍼|리본
images/91024a18a40cd532e0e18f3b8005a5eb.jpg,train,171.0,346.0,318.0,677.0,원피스,,,,,,,,,라운드넥,,,,A라인,무지,,스팽글|지퍼
images/a3aeaa28a0ddfb9733a455243258610b.jpg,train,182.0,228.0,350.0,726.0,원피스,,,,,반팔,래글런 소매,,롱·긴바지 기장,,,,,비대칭,무지,,지퍼
images/fe19122a04e02fa4294e1bd362df4f4c.jpg,val_train_split,331.0,239.0,25.0,16.0,탑,,,,,,,,,,,슬림핏,,,무지,,
images/fe19122a04e02fa4294e1bd362df4f4c.jpg,val_train_split,143.0,157.0,338.0,808.0,원피스,,,,,7부 소매,,,롱·긴바지 기장,V넥,,여유핏,,,플로럴|도트,,
images/4b1e8bd9e3da3822a07973f2fecefb63.jpg,train,252.0,454.0,186.0,476.0,팬츠,,,,,,,,롱·긴바지 기장,,,,,,무지,,
images/4b1e8bd9e3da3822a07973f2fecefb63.jpg,train,325.0,165.0,62.0,43.0,셔츠,,,,,,,,,,셔츠 칼라,레귤러핏,,,무지,,
images/4b1e8bd9e3da3822a07973f2fecefb63.jpg,train,229.0,163.0,265.0,307.0,재킷,,,,,7부 소매,기본 소매,크롭 기장,,,셔츠 칼라,여유핏,,,무지,가죽,포켓
images/6c280422a0afa2fa16b8457592ea6f2b.jpg,train,266.0,751.0,129.0,262.0,쇼츠,,,,,,,,쇼츠·미니 기장,,,,,,무지,,
images/6c280422a0afa2fa16b8457592ea6f2b.jpg,train,0.0,347.0,566.0,676.0,가디건,,,,,,,,,,,여유핏,,,무지,니트,
images/6c280422a0afa2fa16b8457592ea6f2b.jpg,train,253.0,472.0,153.0,294.0,탑,,,,,,,,,,,레귤러핏,,,무지,,
images/3f036c039e753c85eca1d28c7efd5c42.jpg,train,540.0,212.0,114.0,433.0,원피스,,,,,,,,롱·긴바지 기장,,,,,,플로럴,,지퍼
images/3f036c039e753c85eca1d28c7efd5c42.jpg,train,490.0,176.0,223.0,122.0,재킷,,,,,긴팔,기본 소매,크롭 기장,,,스탠드 칼라,슬림핏,,,무지,,
images/8691035e0eab4d0a434b2582730105e3.jpg,train,365.0,199.0,258.0,465.0,원피스,,,,,,,,쇼츠·미니 기장,보트넥,,,,O라인,무지,,지퍼|벨트
images/ddfb17e43927a57558265284735c6495.jpg,train,232.0,215.0,208.0,377.0,원피스,,,,,긴팔,벌룬 소매,,쇼츠·미니 기장,,,,,비대칭,무지,,지퍼|벨트
images/d1996ee9a3bffc93c938f20ecc21e8c5.jpg,val_train_split,237.0,93.0,300.0,432.0,재킷,,,,,긴팔,기본 소매,크롭 기장,,,,레귤러핏,,,무지,,지퍼|포켓|후드
images/d1996ee9a3bffc93c938f20ecc21e8c5.jpg,val_train_split,306.0,560.0,142.0,173.0,팬츠,,,,,,,,,,,,슬림핏,,무지,,
images/257d7df29bcad13f606a64952e2d813d.jpg,train,259.0,486.0,166.0,109.0,쇼츠,,,,,,,,쇼츠·미니 기장,,,,슬림핏,,무지,,포켓
images/257d7df29bcad13f606a64952e2d813d.jpg,train,264.0,226.0,167.0,270.0,티셔츠,,,,,,,크롭 기장,,,스탠드 칼라,여유핏,,,무지,,프릴·러플
images/7235f420515632e227554abea70cb270.jpg,train,184.0,182.0,187.0,211.0,탑,,,,,반팔,기본 소매,,,,,레귤러핏,,비대칭,무지,,
images/7235f420515632e227554abea70cb270.jpg,train,215.0,386.0,163.0,382.0,팬츠,,,,,,,,,,,,,,무지,,플리츠|포켓
images/92149a37724255115c430dcd92c612b3.jpg,train,470.0,338.0,92.0,74.0,쇼츠,,,,,,,,쇼츠·미니 기장,,,,,,스트라이프,,
images/92149a37724255115c430dcd92c612b3.jpg,train,453.0,214.0,110.0,197.0,탑,,,,,,,기본 기장,,,,여유핏,,,애니멀,,
images/7258a39c400eaf57c11fdbdce461afa5.jpg,train,126.0,616.0,344.0,407.0,팬츠,,,,,,,,,,,,,,무지,,포켓
images/7258a39c400eaf57c11fdbdce461afa5.jpg,train,115.0,232.0,408.0,680.0,가디건,,,,,,,,,,,레귤러핏,,,무지,니트,단추
images/7258a39c400eaf57c11fdbdce461afa5.jpg,train,162.0,250.0,344.0,383.0,티셔츠,,,,,반팔,기본 소매,,,스퀘어넥,,레귤러핏,,,무지,,
images/7e43f096a904c28187876807f11c1ade.jpg,train,451.0,258.0,283.0,421.0,원피스,,,,,반팔,퍼프 소매,,,,,,,A라인,무지|도트,,지퍼
images/6f420aa88f0e2205e1d7e1a5add66da6.jpg,train,163.0,176.0,398.0,794.0,원피스,,,,,,,,롱·긴바지 기장,,,,,A라인,무지|도트,,스팽글|지퍼
images/efc32b950b690eee47b7f034364ec5df.jpg,train,206.0,199.0,250.0,605.0,원피스,,,,,긴팔,래글런 소매,,롱·긴바지 기장,,,,,,무지,,지퍼
images/6f252fb35b1aa3beac2015ebde4f4ae2.jpg,train,214.0,253.0,242.0,328.0,코트,,,,,7부 소매,기본 소매,,,,라펠 칼라,슬림핏,,,무지,,단추
images/6f252fb35b1aa3beac2015ebde4f4ae2.jpg,train,264.0,271.0,165.0,309.0,점프수트,,,,,,,,쇼츠·미니 기장,,,레귤러핏,,,플로럴,,지퍼|벨트|프릴·러플
images/577dd8253854cb29c4510fa0f2429c57.jpg,val_train_split,181.0,453.0,405.0,483.0,티셔츠,,,,,반팔,래글런 소매,,,,칼라 없음,레귤러핏,,,무지,,
images/c3b2623f17cdb43f984570946c5d9d46.jpg,train,191.0,201.0,289.0,411.0,원피스,,,,,긴팔,래글런 소매,,쇼츠·미니 기장,,,오버핏,,,무지,,지퍼
images/f48286bba251fbc4a5b758461e4898bc.jpg,train,65.0,234.0,511.0,789.0,코트,,,,,,,,,,,레귤러핏,,,무지,가죽,지퍼|포켓
images/d8a685b8bea7165c0fd88aeae1e5602d.jpg,train,202.0,218.0,111.0,439.0,원피스,,,,,,,,쇼츠·미니 기장,라운드넥,,,,A라인,그래픽,,지퍼
images/d8a685b8bea7165c0fd88aeae1e5602d.jpg,train,131.0,196.0,280.0,465.0,코트,,,,,긴팔,기본 소매,,,,,여유핏,,,무지,,단추
images/a568ebcb4b8ed3fa3ec46941c7d1ba7e.jpg,val_train_split,195.0,600.0,241.0,322.0,탑,,,,,,기본 소매,크롭 기장,,오프숄더,,여유핏,,,무지,,
images/a568ebcb4b8ed3fa3ec46941c7d1ba7e.jpg,val_train_split,100.0,733.0,199.0,176.0,쇼츠,,,,,,,,쇼츠·미니 기장,,,,슬림핏,,무지,,벨트
images/b081a91a9f2dc8b7963c4f590e95f43b.jpg,train,215.0,291.0,238.0,520.0,원피스,,,,,,,,쇼츠·미니 기장,홀터넥,,,,,무지,,지퍼
images/a80cbc5e8bead1b9b3decb8387b081b0.jpg,train,220.0,185.0,310.0,374.0,코트,,,,,긴팔,기본 소매,,,라운드넥,라펠 칼라,레귤러핏,,,무지,,단추
images/a80cbc5e8bead1b9b3decb8387b081b0.jpg,train,268.0,221.0,200.0,732.0,원피스,,,,,,,,롱·긴바지 기장,,,,,비대칭,무지,,
images/a80cbc5e8bead1b9b3decb8387b081b0.jpg,train,295.0,379.0,172.0,582.0,팬츠,,,,,,,,롱·긴바지 기장,,,,,,무지,,
images/b1d7676cab66ec4f27c5d7a5a7a9baeb.jpg,train,473.0,166.0,116.0,224.0,원피스,,,,,,,,쇼츠·미니 기장,오프숄더,,,,,무지,,지퍼
images/29dcbc6092d3a0f8d787bab3828621ff.jpg,train,103.0,182.0,344.0,801.0,원피스,,,,,7부 소매,벨 소매,,롱·긴바지 기장,V넥,,,,A라인,플로럴,,프릴·러플
images/7c7ed7ed1af0ef524adaacdd32d221ce.jpg,train,100.0,495.0,213.0,198.0,재킷,,,,,긴팔,래글런 소매,크롭 기장,,,,레귤러핏,,,무지,,지퍼
images/7c7ed7ed1af0ef524adaacdd32d221ce.jpg,train,107.0,460.0,204.0,245.0,후드티,,,,,긴팔,,크롭 기장,,,,레귤러핏,,,무지,,후드
images/7c7ed7ed1af0ef524adaacdd32d221ce.jpg,train,122.0,656.0,141.0,283.0,팬츠,,,,,,,,롱·긴바지 기장,,,,,,무지,,
images/dfc70c8b7a72d2d70829704ae22d6272.jpg,train,314.0,502.0,194.0,186.0,스커트,,,,,,,,쇼츠·미니 기장,,,,,A라인,무지,,지퍼|프릴·러플
images/dfc70c8b7a72d2d70829704ae22d6272.jpg,train,257.0,217.0,287.0,322.0,티셔츠,,,,,긴팔,기본 소매,기본 기장,,,,레귤러핏,,,무지,,
images/dfc70c8b7a72d2d70829704ae22d6272.jpg,train,113.0,340.0,240.0,627.0,코트,,,,,,,,,,,여유핏,,,무지,퍼·플리스,
images/d9bfd916f6d1b16884c6e525024d89f1.jpg,train,317.0,318.0,396.0,363.0,원피스,,,,,반팔,벨 소매,,쇼츠·미니 기장,,,,,,무지,,
images/364df2a62f4efedf0d2654a08148137f.jpg,train,232.0,238.0,216.0,394.0,원피스,,,,,반팔,캡 소매,,쇼츠·미니 기장,,칼라 없음,,,,애니멀,,지퍼
images/5292a9428df78d742082ff5925d5e291.jpg,train,370.0,218.0,260.0,310.0,니트,,,,,긴팔,,기본 기장,,라운드넥,,여유핏,,,무지,니트,
images/5292a9428df78d742082ff5925d5e291.jpg,train,352.0,435.0,274.0,358.0,스커트,,,,,,,,무릎 기장,,,,,A라인,무지,,플리츠|지퍼
images/5292a9428df78d742082ff5925d5e291.jpg,train,240.0,207.0,490.0,452.0,코트,,,,,긴팔,기본 소매,,,,라펠 칼라,슬림핏,,,무지,,단추
images/af9fe2f1120c4df9d68a3d9a6d981764.jpg,train,198.0,166.0,282.0,518.0,원피스,,,,,긴팔,기본 소매,,무릎 기장,,스탠드 칼라,,,,무지,,포켓
images/e7fc3b30a9e4b4dadd61a5043132e531.jpg,train,261.0,512.0,175.0,364.0,청바지,,,,,,,,롱·긴바지 기장,,,,슬림핏,,무지,데님,
images/e7fc3b30a9e4b4dadd61a5043132e531.jpg,train,184.0,181.0,324.0,344.0,재킷,,,,,긴팔,기본 소매,기본 기장,,,라펠 칼라,여유핏,,,무지,퍼·플리스,단추|포켓
images/7fe40ce9b123d15f9e4d3f2326495295.jpg,train,290.0,270.0,158.0,353.0,점프수트,,,,,,캡 소매,,쇼츠·미니 기장,,칼라 없음,레귤러핏,,,무지,,지퍼|포켓
images/7fe40ce9b123d15f9e4d3f2326495295.jpg,train,216.0,242.0,227.0,361.0,베스트,,,,,,,기본 기장,,,,여유핏,,,무지,,지퍼|포켓|후드
images/b49d2471e7cc7191713bef3e24529641.jpg,val_train_split,277.0,475.0,190.0,428.0,팬츠,,,,,,,,롱·긴바지 기장,,,,슬림핏,,무지,,
images/b49d2471e7cc7191713bef3e24529641.jpg,val_train_split,248.0,196.0,204.0,290.0,티셔츠,,,,,긴팔,기본 소매,크롭 기장,,터틀넥,,슬림핏,,,스트라이프,,
images/3614780636266697fc1fdd8188e088a7.jpg,train,196.0,231.0,307.0,442.0,원피스,,,,,긴팔,벨 소매,,쇼츠·미니 기장,V넥,,오버핏,,,무지|플로럴,,프릴·러플
images/ec96f4a5df079c8e5485d6c07c821694.jpg,train,325.0,306.0,207.0,519.0,원피스,,,,,,,,롱·긴바지 기장,터틀넥,,,,,무지,,지퍼
images/1c4eb8ef423f3ea9c172a897507cf8c2.jpg,val_train_split,400.0,118.0,288.0,397.0,코트,,,,,,,,,,라펠 칼라,여유핏,,,무지,퍼·플리스,
images/1c4eb8ef423f3ea9c172a897507cf8c2.jpg,val_train_split,439.0,169.0,114.0,169.0,티셔츠,,,,,,,,,,,슬림핏,,,무지,,
images/1c4eb8ef423f3ea9c172a897507cf8c2.jpg,val_train_split,384.0,322.0,264.0,359.0,청바지,,,,,,,,,,,,,,무지,데님,포켓|벨트
images/be3d6b0499faefc9080403e496bb3ea5.jpg,train,651.0,128.0,43.0,177.0,후드티,,,,,,,크롭 기장,,,,레귤러핏,,,무지,,후드
images/be3d6b0499faefc9080403e496bb3ea5.jpg,train,553.0,147.0,181.0,185.0,재킷,,,,,긴팔,기본 소매,크롭 기장,,,,레귤러핏,,,무지,,지퍼|포켓
images/be3d6b0499faefc9080403e496bb3ea5.jpg,train,591.0,304.0,128.0,333.0,팬츠,,,,,,,,롱·긴바지 기장,,,,슬림핏,,무지,,
images/0ab075a7271e89c07f3d0d9b32b936ec.jpg,val_train_split,280.0,426.0,160.0,212.0,탑,,,,,,래글런 소매,기본 기장,,,,레귤러핏,,,무지,,벨트
images/0ab075a7271e89c07f3d0d9b32b936ec.jpg,val_train_split,319.0,610.0,121.0,209.0,청바지,,,,,,,,,,,,,,무지,데님,
images/4d20ef3797d97143cffc9f19452be846.jpg,train,203.0,225.0,207.0,353.0,티셔츠,,,,,반팔,퍼프 소매,기본 기장,,,,슬림핏,,,무지,,
images/4d20ef3797d97143cffc9f19452be846.jpg,train,230.0,524.0,147.0,100.0,쇼츠,,,,,,,,쇼츠·미니 기장,,,,,,무지,,포켓
images/cb9d6b1e53b855ad3361e11b02a1b1cd.jpg,train,161.0,235.0,379.0,749.0,원피스,,,,,,,,롱·긴바지 기장,오프숄더,,,,,무지,,지퍼
images/dbd5ef2bb46de4f9f05c1d20b7f913f1.jpg,train,199.0,300.0,244.0,602.0,원피스,,,,,,,,무릎 기장,홀터넥,,,,,무지,,지퍼
images/2a5f75af59bc56e7874aa7137f314542.jpg,train,655.0,242.0,106.0,119.0,탑,,,,,,,크롭 기장,,,,슬림핏,,,그래픽,,
images/2a5f75af59bc56e7874aa7137f314542.jpg,train,651.0,354.0,106.0,66.0,쇼츠,,,,,,,,쇼츠·미니 기장,,,,,,무지,,포켓
images/e280ca1dacd4983266511f8205ee7c54.jpg,train,395.0,488.0,198.0,512.0,스커트,,,,,,,,롱·긴바지 기장,,,,,A라인,,,지퍼
images/e280ca1dacd4983266511f8205ee7c54.jpg,train,449.0,316.0,112.0,172.0,티셔츠,,,,,반팔,퍼프 소매,,,,,슬림핏,,,무지,,
images/4b95968d00d810031684d840965b7750.jpg,train,608.0,308.0,121.0,426.0,점프수트,,,,,,,,,라운드넥,,,,,무지,,플리츠|지퍼
images/525751313efeed60d64ea034d2dda605.jpg,train,196.0,501.0,159.0,183.0,스커트,,,,,,,,무릎 기장,,,,,,,,지퍼
images/525751313efeed60d64ea034d2dda605.jpg,train,188.0,202.0,176.0,327.0,탑,,,,,,,기본 기장,,,,여유핏,,,무지,,
images/525751313efeed60d64ea034d2dda605.jpg,train,155.0,220.0,244.0,296.0,재킷,,,,,긴팔,퍼프 소매,크롭 기장,,,,여유핏,,,무지,,지퍼
images/a70db4a98687fe31ea2a920c72a8ba67.jpg,train,136.0,178.0,260.0,439.0,원피스,,,,,,,,쇼츠·미니 기장,보트넥,,,,X라인,플로럴,,지퍼|벨트
images/5760128a6d16c03dfcbbd03cf7e36ab3.jpg,train,225.0,208.0,242.0,349.0,재킷,,,,,긴팔,기본 소매,,,,라펠 칼라,여유핏,,,무지,,단추|포켓
images/5760128a6d16c03dfcbbd03cf7e36ab3.jpg,train,319.0,294.0,51.0,216.0,가디건,,,,,,,크롭 기장,,V넥,,레귤러핏,,,무지,니트,단추
images/5760128a6d16c03dfcbbd03cf7e36ab3.jpg,train,318.0,214.0,65.0,299.0,셔츠,,,,,,,기본 기장,,,,레귤러핏,,,체크,,단추
images/5760128a6d16c03dfcbbd03cf7e36ab3.jpg,train,270.0,511.0,137.0,305.0,팬츠,,,,,,,,롱·긴바지 기장,,,,스트레이트핏,H라인,무지,,
images/7ee6c957150c32f9bd70da879fe2269f.jpg,train,162.0,355.0,202.0,316.0,스커트,,,,,,,,쇼츠·미니 기장,,,,,비대칭,그래픽,,지퍼
images/7ee6c957150c32f9bd70da879fe2269f.jpg,train,189.0,174.0,157.0,195.0,탑,,,,,,,,,라운드넥,,레귤러핏,,,무지,,
images/0f2421786d043c7b0221be11f76aa21a.jpg,train,478.0,503.0,367.0,178.0,청바지,,,,,,,,,,,,슬림핏,,무지,데님,
images/0f2421786d043c7b0221be11f76aa21a.jpg,train,358.0,213.0,343.0,431.0,원피스,,,,,반팔,기본 소매,,쇼츠·미니 기장,,스탠드 칼라,오버핏,,,,,단추|리본
images/e5b39063bf782aad3b15a79d1f2d20c2.jpg,train,187.0,164.0,291.0,468.0,코트,,,,,긴팔,벌룬 소매,,,,,여유핏,,,,,단추|포켓|벨트
images/e5b39063bf782aad3b15a79d1f2d20c2.jpg,train,292.0,156.0,129.0,517.0,원피스,,,,,,,,쇼츠·미니 기장,,,,,,무지,,지퍼
images/4ee00f949320ac817caff9030f450b91.jpg,train,169.0,332.0,387.0,547.0,탑,,,,,,,크롭 기장,,,,여유핏,,,그래픽,,
images/4ee00f949320ac817caff9030f450b91.jpg,train,193.0,762.0,334.0,228.0,쇼츠,,,,,,,,쇼츠·미니 기장,,,,,,무지,,포켓
images/6961172d2019578310cbec6b25f1da71.jpg,train,229.0,497.0,216.0,443.0,팬츠,,,,,,,,롱·긴바지 기장,,,,와이드핏,,체크,,포켓
images/6961172d2019578310cbec6b25f1da71.jpg,train,229.0,215.0,294.0,331.0,탑,,,,,,벨 소매,크롭 기장,,,,여유핏,,,플로럴,,벨트
images/b3bf07e4d346f1f2f9446d62d9f43605.jpg,train,311.0,267.0,75.0,225.0,니트,,,,,,,크롭 기장,,,,레귤러핏,,,무지,니트,지퍼
images/b3bf07e4d346f1f2f9446d62d9f43605.jpg,train,219.0,207.0,253.0,329.0,재킷,,,,,긴팔,기본 소매,,,,,여유핏,,,무지,퍼·플리스,지퍼|후드
images/b3bf07e4d346f1f2f9446d62d9f43605.jpg,train,276.0,481.0,141.0,332.0,팬츠,,,,,,,,롱·긴바지 기장,,,,스트레이트핏,H라인,무지,,
images/b3bf07e4d346f1f2f9446d62d9f43605.jpg,train,230.0,241.0,233.0,278.0,셔츠,,,,,긴팔,기본 소매,,,,,레귤러핏,,,무지,,단추|포켓|지퍼
images/b3bf07e4d346f1f2f9446d62d9f43605.jpg,train,311.0,211.0,81.0,254.0,재킷,,,,,,,크롭 기장,,,셔츠 칼라,여유핏,,,무지,,단추|지퍼
images/1c62d56ad1f59d3da9d5d963877966c9.jpg,train,235.0,357.0,227.0,499.0,셔츠,,,,,,,크롭 기장,,,셔츠 칼라,레귤러핏,,,스트라이프,,단추|포켓
images/1c62d56ad1f59d3da9d5d963877966c9.jpg,train,135.0,94.0,420.0,749.0,재킷,,,,,,기본 소매,크롭 기장,,,,슬림핏,,,무지,,단추|후드
images/1c62d56ad1f59d3da9d5d963877966c9.jpg,train,177.0,746.0,315.0,258.0,쇼츠,,,,,,,,쇼츠·미니 기장,,,,,,무지,,포켓
images/5338745e9b279d577a26793e0574be80.jpg,train,735.0,274.0,39.0,48.0,쇼츠,,,,,,,,쇼츠·미니 기장,,,,슬림핏,,무지|플로럴,,
images/5338745e9b279d577a26793e0574be80.jpg,train,528.0,181.0,252.0,500.0,원피스,,,,,,,,롱·긴바지 기장,,칼라 없음,,,,무지,,지퍼|프릴·러플
images/c8309e5818c28b424bc61e5ca67f373e.jpg,train,610.0,135.0,167.0,223.0,셔츠,,,,,,기본 소매,기본 기장,,,셔츠 칼라,레귤러핏,,,무지,,단추
images/c8309e5818c28b424bc61e5ca67f373e.jpg,train,657.0,140.0,120.0,227.0,베스트,,,,,,,크롭 기장,,,,레귤러핏,,,무지,,지퍼
images/c8309e5818c28b424bc61e5ca67f373e.jpg,train,515.0,292.0,218.0,191.0,청바지,,,,,,,,롱·긴바지 기장,,,,,,무지,데님,
images/541772f9b7bf2d7e91865ddf45ab3571.jpg,train,175.0,301.0,253.0,704.0,원피스,,,,,,,,무릎 기장,,,,,A라인,무지,,포켓
images/541772f9b7bf2d7e91865ddf45ab3571.jpg,train,42.0,180.0,444.0,820.0,코트,,,,,긴팔,기본 소매,,,,,레귤러핏,,,그래픽,,단추
images/541772f9b7bf2d7e91865ddf45ab3571.jpg,train,176.0,895.0,255.0,128.0,팬츠,,,,,,,,,,,,,,무지,,
images/e3b5aed7b9a464696329e8e96cebd5f1.jpg,train,210.0,164.0,243.0,314.0,재킷,,,,,긴팔,,크롭 기장,,,스탠드 칼라,슬림핏,,,스트라이프,,지퍼
images/e3b5aed7b9a464696329e8e96cebd5f1.jpg,train,226.0,427.0,175.0,446.0,팬츠,,,,,,,,,,,,,,스트라이프,,플리츠
images/ddfe062d3c6b76df6e7548fc9ace15b7.jpg,train,661.0,256.0,155.0,174.0,재킷,,,,,긴팔,기본 소매,크롭 기장,,,,여유핏,,,무지,퍼·플리스,후드
images/ddfe062d3c6b76df6e7548fc9ace15b7.jpg,train,656.0,445.0,65.0,129.0,팬츠,,,,,,,,롱·긴바지 기장,,,,,,무지,,
images/5f95dc244aa1132aa7bef69da2c509bf.jpg,train,535.0,265.0,326.0,189.0,니트,,,,,긴팔,,크롭 기장,,오프숄더,,오버핏,,,무지,니트,
images/5f95dc244aa1132aa7bef69da2c509bf.jpg,train,646.0,387.0,59.0,69.0,쇼츠,,,,,,,,쇼츠·미니 기장,,,,,,무지,,포켓
images/5efe7d7106ea2a9c349694993ec47782.jpg,train,165.0,256.0,248.0,673.0,원피스,,,,,7부 소매,벌룬 소매,,쇼츠·미니 기장,,,,,A라인,플로럴,,지퍼|벨트
images/317ad6720b44d890c85208a0d6fdfd36.jpg,train,289.0,457.0,132.0,170.0,쇼츠,,,,,,,,쇼츠·미니 기장,,,,,,무지,,스팽글|포켓|지퍼
images/317ad6720b44d890c85208a0d6fdfd36.jpg,train,271.0,312.0,122.0,152.0,탑,,,,,,,크롭 기장,,,,레귤러핏,,,무지,,
images/6547a0989f988878ca2ef67097ea97de.jpg,train,165.0,261.0,194.0,217.0,탑,,,,,반팔,기본 소매,기본 기장,,V넥,,슬림핏,,,무지,,리본
images/6547a0989f988878ca2ef67097ea97de.jpg,train,189.0,454.0,140.0,138.0,스커트,,,,,,,,쇼츠·미니 기장,,,,,,무지,,지퍼
images/cde91125a5cdaeed535a9ebbbd3632dd.jpg,train,274.0,258.0,160.0,287.0,원피스,,,,,,,,쇼츠·미니 기장,,,,,O라인,,,지퍼
images/6a7f7a7e65bfd87feb9ae04b520f019e.jpg,train,430.0,114.0,217.0,226.0,블레이저,,,,,7부 소매,기본 소매,크롭 기장,,,라펠 칼라,레귤러핏,,,체크,,단추|포켓
images/6a7f7a7e65bfd87feb9ae04b520f019e.jpg,train,431.0,98.0,230.0,366.0,셔츠,,,,,7부 소매,기본 소매,,,,셔츠 칼라,레귤러핏,,,스트라이프,,단추
images/6a7f7a7e65bfd87feb9ae04b520f019e.jpg,train,364.0,293.0,178.0,209.0,스커트,,,,,,,,무릎 기장,,,,,A라인,체크,,지퍼
images/706e52ee08f07e4fc03b84d19283f1a4.jpg,train,164.0,285.0,323.0,735.0,원피스,,,,,,,,롱·긴바지 기장,오프숄더,,,,,무지,,지퍼
images/47b65ab34b16a036dad00aa315488c11.jpg,train,83.0,264.0,375.0,706.0,원피스,,,,,,,,롱·긴바지 기장,홀터넥,,,,,무지,,플리츠|지퍼
images/9276588c5036e95a0c0b63f2ff932ffb.jpg,val_train_split,234.0,195.0,233.0,585.0,원피스,,,,,반팔,벨 소매,,미디·7부 기장,,,,,,무지,,
images/9cf0c9b895e02dd926e9c7d83eed18d2.jpg,val_train_split,198.0,598.0,327.0,425.0,스커트,,,,,,,,,,,,스트레이트핏,H라인,체크,,지퍼
images/9cf0c9b895e02dd926e9c7d83eed18d2.jpg,val_train_split,45.0,276.0,509.0,448.0,셔츠,,,,,7부 소매,퍼프 소매,,,,,레귤러핏,,,무지,,단추|포켓|리본
images/4f1cb65b504cb8e3752ce0288ca8273e.jpg,train,176.0,450.0,379.0,573.0,티셔츠,,,,,긴팔,,기본 기장,,,,슬림핏,,비대칭,무지|애니멀,,
images/4fba98d55b78da295c077c3b43d8945d.jpg,train,178.0,269.0,225.0,407.0,원피스,,,,,,,,쇼츠·미니 기장,,스탠드 칼라,,,A라인,도트,,단추
images/6d297446c45b83b5480b9dbe0bb7202c.jpg,train,116.0,176.0,240.0,459.0,원피스,,,,,,,,쇼츠·미니 기장,터틀넥,,,,A라인,무지,,지퍼|벨트
images/51792c5016dadfc022bdcfab6a1fecbd.jpg,train,164.0,435.0,198.0,435.0,팬츠,,,,,,,,롱·긴바지 기장,,,,,,무지,,플리츠|벨트
images/51792c5016dadfc022bdcfab6a1fecbd.jpg,train,148.0,171.0,261.0,336.0,재킷,,,,,긴팔,기본 소매,크롭 기장,,,스탠드 칼라,슬림핏,,비대칭,무지,,지퍼
images/0be8d0e14127cfe5d68e92275e01556d.jpg,train,187.0,288.0,241.0,393.0,원피스,,,,,긴팔,기본 소매,,쇼츠·미니 기장,터틀넥,,,,H라인,무지,니트,지퍼
images/b0dba359c6aa483ca9f647586d3cc2f0.jpg,train,110.0,464.0,570.0,413.0,청바지,,,,,,,,롱·긴바지 기장,,,,,,무지,데님,
images/b0dba359c6aa483ca9f647586d3cc2f0.jpg,train,218.0,393.0,366.0,224.0,티셔츠,,,,,반팔,기본 소매,,,라운드넥,,레귤러핏,,,그래픽,,
images/385891fca5868b773a6cde7a458f3450.jpg,train,266.0,547.0,155.0,337.0,팬츠,,,,,,,,롱·긴바지 기장,,,,,,무지,,
images/385891fca5868b773a6cde7a458f3450.jpg,train,263.0,305.0,152.0,253.0,탑,,,,,,,기본 기장,,,,레귤러핏,,,무지,,
images/385891fca5868b773a6cde7a458f3450.jpg,train,256.0,252.0,215.0,324.0,블레이저,,,,,긴팔,기본 소매,기본 기장,,,라펠 칼라,레귤러핏,,,무지,가죽|스웨이드,
images/b4d23773c5899041bf22abcc9b702090.jpg,train,129.0,496.0,207.0,202.0,팬츠,,,,,,,,,,,,슬림핏,,무지,,
images/b4d23773c5899041bf22abcc9b702090.jpg,train,73.0,205.0,339.0,369.0,재킷,,,,,긴팔,기본 소매,크롭 기장,,,라펠 칼라,여유핏,,,무지,가죽,
images/c0cffeaaf8c3e44adb1a26855f44e536.jpg,val_train_split,203.0,234.0,224.0,395.0,원피스,,,,,반팔,래글런 소매,,쇼츠·미니 기장,,스탠드 칼라,,,H라인,무지,,지퍼|리본
images/3fd41f5aacb2f46a1e12d7e4f390e8dd.jpg,train,93.0,239.0,436.0,784.0,원피스,,,,,,,,,홀터넥,,,,A라인,무지,,플리츠|지퍼|벨트
images/dc05161b67cf780e6c48f2d0ed8a6cf0.jpg,train,225.0,457.0,154.0,407.0,청바지,,,,,,,,롱·긴바지 기장,,,,,,무지,데님,
images/dc05161b67cf780e6c48f2d0ed8a6cf0.jpg,train,217.0,245.0,182.0,292.0,탑,,,,,,,기본 기장,,V넥,,여유핏,,,무지,,포켓|스팽글
images/dc05161b67cf780e6c48f2d0ed8a6cf0.jpg,train,159.0,201.0,340.0,297.0,블레이저,,,,,긴팔,기본 소매,크롭 기장,,,셔츠 칼라,레귤러핏,,,무지,,포켓|지퍼
images/d189550a5a6fc4ae2800988bf271c5a6.jpg,train,186.0,519.0,303.0,162.0,스커트,,,,,,,,,,,,,,무지,,
images/d189550a5a6fc4ae2800988bf271c5a6.jpg,train,224.0,137.0,311.0,442.0,탑,,,,,반팔,,기본 기장,,라운드넥,,오버핏,,,무지,,리본
images/4cac8ded05d9644378604d25f4e3eaed.jpg,train,304.0,561.0,178.0,332.0,팬츠,,,,,,,,롱·긴바지 기장,,,,슬림핏,,무지,,
images/4cac8ded05d9644378604d25f4e3eaed.jpg,train,276.0,200.0,179.0,404.0,탑,,,,,,,기본 기장,,,,여유핏,,,무지,,
images/4cac8ded05d9644378604d25f4e3eaed.jpg,train,260.0,194.0,250.0,275.0,가디건,,,,,7부 소매,기본 소매,크롭 기장,,,칼라 없음,슬림핏,,,무지,니트,
images/76e4cd4ae9fdb90691902264f6e6f289.jpg,train,248.0,337.0,270.0,369.0,원피스,,,,,7부 소매,,,무릎 기장,스퀘어넥,,,,,,,지퍼
images/0daca55f62d1a92797cdbdc91a665531.jpg,train,463.0,265.0,126.0,217.0,원피스,,,,,반팔,래글런 소매,,무릎 기장,보트넥,,,,H라인,플로럴,,지퍼
images/feda1f5774749002a55815f192079b3f.jpg,val_train_split,174.0,367.0,265.0,407.0,원피스,,,,,,,,쇼츠·미니 기장,,,,,A라인,애니멀,,지퍼
images/0789ea94748e7961b3034e525eb15fe3.jpg,train,254.0,449.0,167.0,449.0,팬츠,,,,,,,,롱·긴바지 기장,,,,,,무지,,플리츠
images/0789ea94748e7961b3034e525eb15fe3.jpg,train,270.0,232.0,132.0,224.0,티셔츠,,,,,,,,,,,여유핏,,,무지,,
images/0789ea94748e7961b3034e525eb15fe3.jpg,train,175.0,171.0,330.0,582.0,가디건,,,,,,기본 소매,,,,라펠 칼라,오버핏,,,,니트,
images/d7078e8b95ea1fac8672cc25e7d7f27e.jpg,val_train_split,143.0,149.0,381.0,589.0,코트,,,,,,래글런 소매,,,,,여유핏,,,무지,퍼·플리스,
images/d7078e8b95ea1fac8672cc25e7d7f27e.jpg,val_train_split,214.0,378.0,219.0,387.0,팬츠,,,,,,,,,,,,,,무지,,
images/d7078e8b95ea1fac8672cc25e7d7f27e.jpg,val_train_split,196.0,127.0,161.0,384.0,티셔츠,,,,,긴팔,,,,,,여유핏,,,무지,,
images/bece40d0bf73e20cc9eddd9219155286.jpg,train,184.0,238.0,247.0,465.0,원피스,,,,,,,,무릎 기장,,스탠드 칼라,,,,무지,,플리츠|지퍼|벨트
images/eab97a1586bf707381bf2f9e3b3c678d.jpg,train,208.0,396.0,202.0,291.0,스커트,,,,,,,,쇼츠·미니 기장,,,,,,플로럴,,지퍼
images/eab97a1586bf707381bf2f9e3b3c678d.jpg,train,230.0,184.0,141.0,331.0,티셔츠,,,,,,,,,V넥,,슬림핏,,,무지,,
images/eab97a1586bf707381bf2f9e3b3c678d.jpg,train,156.0,216.0,276.0,272.0,블레이저,,,,,7부 소매,기본 소매,크롭 기장,,,라펠 칼라,여유핏,,,무지,,단추
images/1856f18bd31975b66af7047e8849c200.jpg,train,225.0,200.0,259.0,473.0,원피스,,,,,긴팔,벌룬 소매,,무릎 기장,V넥,,,,,무지,,
images/cbabeaba863b82cf57b3c0cf5b5fc9f0.jpg,train,274.0,188.0,182.0,346.0,탑,,,,,,,기본 기장,,,칼라 없음,슬림핏,,,무지,,
images/cbabeaba863b82cf57b3c0cf5b5fc9f0.jpg,train,253.0,443.0,184.0,416.0,스커트,,,,,,,,롱·긴바지 기장,,,,,비대칭,무지,,
images/be23ed116d9eecc66991f6910dc5cc83.jpg,train,130.0,231.0,305.0,556.0,원피스,,,,,반팔,퍼프 소매,,무릎 기장,오프숄더,,,,,플로럴,,지퍼
images/51095b2c57b35062db393fb38824e69f.jpg,train,139.0,670.0,231.0,254.0,팬츠,,,,,,,,롱·긴바지 기장,,,,,,체크,,
images/51095b2c57b35062db393fb38824e69f.jpg,train,263.0,536.0,192.0,192.0,티셔츠,,,,,반팔,기본 소매,기본 기장,,라운드넥,,오버핏,,,무지,,
images/cb53960e20677579049947c731caa8b7.jpg,train,543.0,120.0,129.0,183.0,재킷,,,,,반팔,기본 소매,크롭 기장,,,셔츠 칼라,레귤러핏,,,무지,,단추|리본|포켓
images/cb53960e20677579049947c731caa8b7.jpg,train,525.0,276.0,147.0,151.0,점프수트,,,,,,,,쇼츠·미니 기장,,,여유핏,,,무지,,
images/c4f6d991df2a2cdcd0a25077931adbcc.jpg,val_train_split,67.0,146.0,400.0,516.0,원피스,,,,,반팔,벨 소매,,쇼츠·미니 기장,,,,,,플로럴,,플리츠|리본
images/2194acf36bb8b5a50a90f47a0da35716.jpg,train,345.0,182.0,171.0,485.0,원피스,,,,,반팔,벨 소매,,무릎 기장,보트넥,,,,,스트라이프,,지퍼|리본
images/5d5b33de2ec28116ceee5c0720f5f057.jpg,val_train_split,169.0,203.0,379.0,392.0,원피스,,,,,반팔,벨 소매,,쇼츠·미니 기장,보트넥,,,,H라인,체크,,지퍼|리본|프릴·러플
images/59f3c848c41f2491f536ab833bc4d576.jpg,train,240.0,364.0,147.0,136.0,셔츠,,,,,반팔,기본 소매,크롭 기장,,,스탠드 칼라,여유핏,,,스트라이프,,단추|리본
images/59f3c848c41f2491f536ab833bc4d576.jpg,train,224.0,482.0,237.0,288.0,스커트,,,,,,,,미디·7부 기장,,,,,,스트라이프,,플리츠|지퍼
images/59e176af8a78bc1179aa61e3ebd0c74c.jpg,val_train_split,219.0,211.0,182.0,723.0,원피스,,,,,,,,롱·긴바지 기장,홀터넥,,,,,무지,,지퍼
images/81a76a217710df498c2047af45780e9c.jpg,train,137.0,221.0,254.0,383.0,원피스,,,,,,벌룬 소매,,쇼츠·미니 기장,라운드넥,,,,A라인,,,지퍼|포켓
images/81a76a217710df498c2047af45780e9c.jpg,train,256.0,306.0,39.0,234.0,티셔츠,,,,,,,기본 기장,,,,슬림핏,,,무지,,
images/5ac709f7aa8d6b70821586edb7e3dbd8.jpg,train,238.0,676.0,94.0,148.0,팬츠,,,,,,,,롱·긴바지 기장,,,,,,무지,,
images/5ac709f7aa8d6b70821586edb7e3dbd8.jpg,train,159.0,234.0,245.0,474.0,원피스,,,,,7부 소매,기본 소매,,무릎 기장,보트넥,,,,A라인,플로럴,,
images/e1a19670ef6c5cd7637c76060de17f2d.jpg,train,108.0,191.0,262.0,348.0,셔츠,,,,,,,,,,셔츠 칼라,여유핏,,,체크,,단추|포켓
images/e1a19670ef6c5cd7637c76060de17f2d.jpg,train,154.0,518.0,185.0,306.0,스커트,,,,,,,,무릎 기장,,,,스트레이트핏,비대칭,그래픽,,지퍼
images/38146c1e38064d31f32d3bfe41f92140.jpg,train,446.0,285.0,121.0,287.0,원피스,,,,,,,,,보트넥,,,,,무지,,지퍼|프릴·러플
images/34a3891a8d628e3b586b3c9f17369088.jpg,val_train_split,313.0,193.0,339.0,330.0,티셔츠,,,,,반팔,기본 소매,,,,칼라 없음,레귤러핏,,,무지,,프릴·러플|벨트
images/33a3c32794aee59e009f3dca6d7a5253.jpg,train,250.0,194.0,240.0,268.0,가디건,,,,,긴팔,기본 소매,크롭 기장,,,,레귤러핏,,,무지,니트,단추
images/33a3c32794aee59e009f3dca6d7a5253.jpg,train,231.0,184.0,220.0,395.0,원피스,,,,,,,,쇼츠·미니 기장,홀터넥,,,,A라인,무지,,지퍼
images/f8c5808efb569286aec71da8001164e9.jpg,train,215.0,502.0,177.0,433.0,청바지,,,,,,,,롱·긴바지 기장,,,,,,무지,데님,
images/f8c5808efb569286aec71da8001164e9.jpg,train,167.0,229.0,246.0,319.0,티셔츠,,,,,7부 소매,기본 소매,기본 기장,,,칼라 없음,슬림핏,,,무지,,
images/4e0d2fe2a7ddce5766230c2eadb0c490.jpg,train,547.0,85.0,357.0,526.0,니트,,,,,긴팔,,,,,,여유핏,,,무지,니트,후드
images/4e0d2fe2a7ddce5766230c2eadb0c490.jpg,train,840.0,605.0,53.0,46.0,쇼츠,,,,,,,,쇼츠·미니 기장,,,,,,무지,,
images/4c6fd92f96a670835b1a59e7f744f6af.jpg,train,239.0,243.0,321.0,382.0,가디건,,,,,7부 소매,기본 소매,,,,,여유핏,,,무지,니트,단추
images/4c6fd92f96a670835b1a59e7f744f6af.jpg,train,237.0,245.0,221.0,392.0,원피스,,,,,7부 소매,기본 소매,,쇼츠·미니 기장,,,,,,,,지퍼|리본|벨트
images/71cd7d0a7ef0fd80ba13f85a858f5425.jpg,train,444.0,239.0,272.0,442.0,원피스,,,,,긴팔,기본 소매,,,,,,,A라인,무지,니트,지퍼
images/71cd7d0a7ef0fd80ba13f85a858f5425.jpg,train,383.0,229.0,436.0,452.0,재킷,,,,,긴팔,기본 소매,크롭 기장,,,셔츠 칼라,레귤러핏,,,애니멀,가죽,지퍼
images/3cbc71f1bcbc7a77f565360630dee9e9.jpg,train,106.0,262.0,486.0,474.0,재킷,,,,,7부 소매,퍼프 소매,크롭 기장,,,,슬림핏,,,스트라이프,,단추
images/3cbc71f1bcbc7a77f565360630dee9e9.jpg,train,135.0,377.0,432.0,646.0,원피스,,,,,,,,,,,,,X라인,무지,,지퍼
images/5396d17f119af7ee46ae91c15a71eca1.jpg,train,300.0,392.0,205.0,247.0,스커트,,,,,,,,쇼츠·미니 기장,,,,,A라인,도트,,지퍼
images/5396d17f119af7ee46ae91c15a71eca1.jpg,train,394.0,237.0,117.0,142.0,탑,,,,,,,,,,,슬림핏,,,무지,퍼·플리스,
images/391e40b64ed528d7a51416662546d29a.jpg,val_train_split,460.0,389.0,282.0,235.0,스커트,,,,,,,,무릎 기장,,,,플레어핏,,무지,,지퍼
images/391e40b64ed528d7a51416662546d29a.jpg,val_train_split,525.0,314.0,162.0,119.0,탑,,,,,,,,,오프숄더,,여유핏,,,무지,,프릴·러플
images/14144237992ba5e18910f54d1062ee4e.jpg,train,519.0,336.0,141.0,317.0,원피스,,,,,,,,쇼츠·미니 기장,,,,,A라인,무지,,지퍼|포켓
images/14144237992ba5e18910f54d1062ee4e.jpg,train,507.0,318.0,195.0,299.0,재킷,,,,,긴팔,기본 소매,,,,,여유핏,,,무지,,지퍼|후드
images/14144237992ba5e18910f54d1062ee4e.jpg,train,547.0,327.0,61.0,78.0,티셔츠,,,,,,,,,라운드넥,,레귤러핏,,,무지,,
images/7d7909b832b08e8fb2428bbff5ae89ce.jpg,train,616.0,117.0,150.0,265.0,원피스,,,,,,,,쇼츠·미니 기장,홀터넥,,,,,무지,,지퍼
images/91270cfa4dccd577dabb451cabe2ffdb.jpg,val_train_split,279.0,201.0,243.0,450.0,원피스,,,,,긴팔,벌룬 소매,,쇼츠·미니 기장,,칼라 없음,,,,도트,,지퍼|프릴·러플
images/9abb732d1d14b933068d1fbd1e083c09.jpg,train,243.0,373.0,161.0,478.0,팬츠,,,,,,,,롱·긴바지 기장,,,,,,무지,,
images/9abb732d1d14b933068d1fbd1e083c09.jpg,train,188.0,182.0,260.0,331.0,재킷,,,,,긴팔,기본 소매,크롭 기장,,,셔츠 칼라,슬림핏,,,,,단추
images/9abb732d1d14b933068d1fbd1e083c09.jpg,train,268.0,234.0,80.0,147.0,탑,,,,,,,,,,칼라 없음,레귤러핏,,,무지,,
images/e421c9b15f9a64e48a1c198e0752e668.jpg,train,257.0,591.0,370.0,316.0,스커트,,,,,,,,쇼츠·미니 기장,,,,플레어핏,,무지,,지퍼
images/e421c9b15f9a64e48a1c198e0752e668.jpg,train,321.0,299.0,264.0,303.0,탑,,,,,,,,,오프숄더,,슬림핏,,,무지,,
images/3541824537b33d9ab132cbbdc885b184.jpg,train,230.0,236.0,215.0,285.0,셔츠,,,,,긴팔,벌룬 소매,,,,셔츠 칼라,레귤러핏,,,무지,,단추
images/3541824537b33d9ab132cbbdc885b184.jpg,train,246.0,409.0,166.0,206.0,스커트,,,,,,,,쇼츠·미니 기장,,,,,,,,지퍼
images/025185cac077fac4b9a3a2f054d0f162.jpg,val_train_split,137.0,226.0,512.0,569.0,재킷,,,,,긴팔,래글런 소매,크롭 기장,,,,레귤러핏,,,체크,,포켓
images/530136a040dfd5eb51c56c90c6f51b20.jpg,train,290.0,365.0,194.0,211.0,티셔츠,,,,,,기본 소매,기본 기장,,,스탠드 칼라,레귤러핏,,,무지,,
images/530136a040dfd5eb51c56c90c6f51b20.jpg,train,345.0,558.0,120.0,283.0,팬츠,,,,,,,,롱·긴바지 기장,,,,,,무지,,포켓
images/aa72992dde29fa99b375b644efb6c131.jpg,train,108.0,232.0,364.0,486.0,코트,,,,,,,,,,,여유핏,,,무지,퍼·플리스,
images/aa72992dde29fa99b375b644efb6c131.jpg,train,229.0,258.0,137.0,146.0,탑,,,,,,,크롭 기장,,,,슬림핏,,,무지,,
images/aa72992dde29fa99b375b644efb6c131.jpg,train,215.0,407.0,177.0,200.0,스커트,,,,,,,,쇼츠·미니 기장,,,,스트레이트핏,H라인,무지,,플리츠|지퍼
images/257da5b2d621a784aa28210368f520a7.jpg,train,278.0,210.0,275.0,748.0,원피스,,,,,,,,롱·긴바지 기장,,,,,,플로럴,,
images/257da5b2d621a784aa28210368f520a7.jpg,train,305.0,191.0,224.0,342.0,재킷,,,,,긴팔,기본 소매,크롭 기장,,,칼라 없음,레귤러핏,,,무지,,지퍼
images/541b90c1dc5472c0b413e66ca4c84fa3.jpg,val_train_split,232.0,270.0,220.0,289.0,베스트,,,,,,,,,,,여유핏,,,스트라이프,,
images/541b90c1dc5472c0b413e66ca4c84fa3.jpg,val_train_split,273.0,268.0,146.0,226.0,폴로 셔츠,,,,,,,,,,폴로 칼라,레귤러핏,,,무지,,
images/541b90c1dc5472c0b413e66ca4c84fa3.jpg,val_train_split,240.0,477.0,188.0,407.0,팬츠,,,,,,,,,,,,,,무지,,포켓
images/3d0a084617009c0cdfd3e32a0f98f5b6.jpg,train,340.0,689.0,178.0,332.0,팬츠,,,,,,,,롱·긴바지 기장,,,,,,무지,,
images/3d0a084617009c0cdfd3e32a0f98f5b6.jpg,train,346.0,452.0,140.0,277.0,니트,,,,,,,크롭 기장,,터틀넥,라펠 칼라,레귤러핏,,,무지,니트,벨트
images/3d0a084617009c0cdfd3e32a0f98f5b6.jpg,train,302.0,471.0,252.0,384.0,코트,,,,,긴팔,기본 소매,,,,,레귤러핏,,,무지,,단추|포켓
images/24950bfade2ecc0b82785c8b32a01379.jpg,train,55.0,322.0,626.0,667.0,원피스,,,,,반팔,기본 소매,,쇼츠·미니 기장,,피터팬 칼라,,,X라인,무지|플로럴,,플리츠|지퍼|리본|벨트
images/ef087cb8183fb76e3531b4d5eb6a39c1.jpg,val_train_split,419.0,352.0,87.0,237.0,청바지,,,,,,,,롱·긴바지 기장,,,,,,무지,데님,포켓
images/ef087cb8183fb76e3531b4d5eb6a39c1.jpg,val_train_split,389.0,231.0,91.0,166.0,재킷,,,,,긴팔,기본 소매,크롭 기장,,,,,,,무지,퍼·플리스,포켓
images/ef087cb8183fb76e3531b4d5eb6a39c1.jpg,val_train_split,403.0,247.0,144.0,143.0,셔츠,,,,,긴팔,기본 소매,,,,,여유핏,,,무지,,단추|프릴·러플
images/8c29c78777b5060a56f35d83a262d405.jpg,train,238.0,402.0,180.0,527.0,팬츠,,,,,,,,롱·긴바지 기장,,,,,,무지,,
images/8c29c78777b5060a56f35d83a262d405.jpg,train,212.0,202.0,285.0,246.0,티셔츠,,,,,7부 소매,퍼프 소매,크롭 기장,,,,여유핏,,,무지,,
images/8c29c78777b5060a56f35d83a262d405.jpg,train,210.0,180.0,273.0,359.0,셔츠,,,,,긴팔,기본 소매,,,,,레귤러핏,,,무지,,단추
images/b3ad13345d3f0ecab71f8a54403dc1e6.jpg,train,310.0,298.0,495.0,725.0,코트,,,,,긴팔,기본 소매,,,,,레귤러핏,,,무지,가죽|스웨이드,포켓
images/b3ad13345d3f0ecab71f8a54403dc1e6.jpg,train,374.0,705.0,239.0,318.0,청바지,,,,,,,,,,,,슬림핏,,무지,데님,
images/b3ad13345d3f0ecab71f8a54403dc1e6.jpg,train,405.0,203.0,236.0,571.0,티셔츠,,,,,긴팔,기본 소매,기본 기장,,터틀넥,,레귤러핏,,,무지,퍼·플리스,
images/b3b572da3161bb51fc3c4c0426e56883.jpg,val_train_split,125.0,161.0,152.0,240.0,코트,,,,,긴팔,기본 소매,,,,,레귤러핏,,,무지,퍼·플리스,지퍼|포켓|벨트
images/b3b572da3161bb51fc3c4c0426e56883.jpg,val_train_split,124.0,397.0,117.0,129.0,팬츠,,,,,,,,롱·긴바지 기장,,,,슬림핏,,무지,,
images/c7f5dbc9d9911247ac9af053b3f4cbde.jpg,train,345.0,177.0,302.0,459.0,원피스,,,,,,,,롱·긴바지 기장,오프숄더,,,,,체크,,지퍼
images/ab120a2b869cb3485557cd04d31f5c57.jpg,train,143.0,283.0,352.0,739.0,원피스,,,,,,,,쇼츠·미니 기장,,,,,,무지,,지퍼
images/ab120a2b869cb3485557cd04d31f5c57.jpg,train,80.0,281.0,480.0,525.0,가디건,,,,,,기본 소매,크롭 기장,,V넥,,레귤러핏,,,무지,니트,포켓
images/a0d98ea2193dc6bd956dce409708e8b2.jpg,train,297.0,298.0,54.0,121.0,탑,,,,,,,,,,,슬림핏,,,무지,,
images/a0d98ea2193dc6bd956dce409708e8b2.jpg,train,273.0,415.0,198.0,196.0,스커트,,,,,,,,쇼츠·미니 기장,,,,,A라인,무지,,플리츠|지퍼|포켓
images/a0d98ea2193dc6bd956dce409708e8b2.jpg,train,273.0,220.0,199.0,317.0,재킷,,,,,긴팔,퍼프 소매,크롭 기장,,,칼라 없음,레귤러핏,,,,,
images/4e70acb619fc39622e892cc02eea5796.jpg,val_train_split,122.0,278.0,338.0,625.0,셔츠,,,,,,,크롭 기장,,,,레귤러핏,,,무지,,단추
images/4e70acb619fc39622e892cc02eea5796.jpg,val_train_split,141.0,278.0,303.0,481.0,베스트,,,,,,,크롭 기장,,V넥,라펠 칼라,레귤러핏,,,무지,,단추|포켓|지퍼
images/4e70acb619fc39622e892cc02eea5796.jpg,val_train_split,129.0,750.0,304.0,211.0,쇼츠,,,,,,,,쇼츠·미니 기장,,,,,,무지,,플리츠|포켓
images/33b17acbf19fc7fdff4a18b4dd2948c7.jpg,train,115.0,315.0,490.0,708.0,가디건,,,,,반팔,기본 소매,,,,,슬림핏,,,무지,니트,
images/33b17acbf19fc7fdff4a18b4dd2948c7.jpg,train,208.0,368.0,393.0,653.0,원피스,,,,,,,,쇼츠·미니 기장,,,,,,도트,,지퍼
images/d41b3ad2f7957d7b99929faadce3a438.jpg,val_train_split,88.0,558.0,593.0,465.0,티셔츠,,,,,,기본 소매,,,오프숄더,,레귤러핏,,,플로럴,,프릴·러플
images/664cc9c8505b36bcbddc4a4cdbafcac9.jpg,val_train_split,159.0,429.0,303.0,459.0,점프수트,,,,,,,,롱·긴바지 기장,,,,,,스트라이프,,
images/f1d41ef95d871674e43f340863842c53.jpg,train,248.0,291.0,182.0,344.0,원피스,,,,,반팔,캡 소매,,쇼츠·미니 기장,보트넥,,,,,무지,,지퍼
images/96b8e9ab84c112d87cf9080378907c11.jpg,train,228.0,213.0,200.0,546.0,원피스,,,,,반팔,캡 소매,,미디·7부 기장,보트넥,,,,,무지|플로럴,,지퍼
images/f147884207e3410a1579b59fa53a5810.jpg,train,468.0,337.0,126.0,292.0,팬츠,,,,,,,,롱·긴바지 기장,,,,,,무지,,포켓|벨트
images/f147884207e3410a1579b59fa53a5810.jpg,train,418.0,170.0,229.0,186.0,셔츠,,,,,,기본 소매,,,,셔츠 칼라,슬림핏,,,카모,,단추
images/39ce75f22ea2174af11dfb6a752963fe.jpg,train,258.0,284.0,156.0,231.0,티셔츠,,,,,,,기본 기장,,,피터팬 칼라,레귤러핏,,,무지,,
images/39ce75f22ea2174af11dfb6a752963fe.jpg,train,255.0,501.0,162.0,346.0,팬츠,,,,,,,,롱·긴바지 기장,,,,슬림핏,,무지,,
images/19e58a577eb02e4bf9652ae9b194fcd3.jpg,train,198.0,362.0,82.0,381.0,원피스,,,,,,,,무릎 기장,,,,,,무지,,스팽글|지퍼
images/19e58a577eb02e4bf9652ae9b194fcd3.jpg,train,161.0,319.0,247.0,445.0,코트,,,,,긴팔,기본 소매,,,,,오버핏,,,무지,퍼·플리스,포켓
images/3c267032132dda03065f8b74fca8949e.jpg,val_train_split,183.0,515.0,157.0,98.0,쇼츠,,,,,,,,쇼츠·미니 기장,,,,,,무지,,
images/3c267032132dda03065f8b74fca8949e.jpg,val_train_split,173.0,279.0,203.0,277.0,니트,,,,,긴팔,기본 소매,크롭 기장,,,,슬림핏,,,무지,니트,
images/43562e12b340c34614c8effb6be18d92.jpg,train,289.0,217.0,222.0,137.0,티셔츠,,,,,반팔,기본 소매,,,,,레귤러핏,,,무지,,
images/43562e12b340c34614c8effb6be18d92.jpg,train,334.0,229.0,129.0,113.0,베스트,,,,,,,크롭 기장,,보트넥,,슬림핏,,,무지,,단추
images/43562e12b340c34614c8effb6be18d92.jpg,train,303.0,327.0,211.0,239.0,스커트,,,,,,,,쇼츠·미니 기장,,,,스트레이트핏,H라인,무지,,지퍼
images/55b596425e09097092f38fe54b55f151.jpg,train,266.0,396.0,221.0,242.0,재킷,,,,,긴팔,기본 소매,크롭 기장,,,라펠 칼라,여유핏,,,무지,가죽,지퍼
images/55b596425e09097092f38fe54b55f151.jpg,train,299.0,619.0,127.0,268.0,청바지,,,,,,,,롱·긴바지 기장,,,,슬림핏,,무지,데님,포켓
images/55b596425e09097092f38fe54b55f151.jpg,train,346.0,424.0,80.0,197.0,티셔츠,,,,,,,기본 기장,,라운드넥,,레귤러핏,,,무지,,지퍼
images/254562f69a74627d285f03f1a3e06258.jpg,train,229.0,231.0,284.0,220.0,티셔츠,,,,,반팔,캡 소매,,,라운드넥,,레귤러핏,,,무지,,
images/254562f69a74627d285f03f1a3e06258.jpg,train,394.0,436.0,216.0,287.0,팬츠,,,,,,,,롱·긴바지 기장,,,,와이드핏,,체크,,
images/254562f69a74627d285f03f1a3e06258.jpg,train,157.0,428.0,238.0,293.0,팬츠,,,,,,,,롱·긴바지 기장,,,,와이드핏,,체크,,
images/d89c61e80a8c17035cef77b61e6e5197.jpg,train,174.0,160.0,288.0,350.0,후드티,,,,,,기본 소매,,,,셔츠 칼라,여유핏,,,무지,,후드
images/d89c61e80a8c17035cef77b61e6e5197.jpg,train,157.0,177.0,305.0,390.0,가디건,,,,,,기본 소매,,,,,여유핏,,,무지,니트,단추|포켓
images/d89c61e80a8c17035cef77b61e6e5197.jpg,train,236.0,390.0,196.0,491.0,팬츠,,,,,,,,미디·7부 기장,,,,,,스트라이프,,포켓
images/0ad211ec7e038848d5c67812732cc2e7.jpg,val_train_split,291.0,519.0,138.0,343.0,팬츠,,,,,,,,롱·긴바지 기장,,,,스트레이트핏,H라인,무지,,
images/0ad211ec7e038848d5c67812732cc2e7.jpg,val_train_split,228.0,387.0,252.0,156.0,원피스,,,,,긴팔,,,쇼츠·미니 기장,,,오버핏,,,무지,,
images/0ad211ec7e038848d5c67812732cc2e7.jpg,val_train_split,234.0,187.0,236.0,234.0,재킷,,,,,반팔,기본 소매,크롭 기장,,,,레귤러핏,,,플로럴,,지퍼|리본
images/506ef436ee07135364169352762f25a7.jpg,train,306.0,469.0,192.0,488.0,팬츠,,,,,,,,롱·긴바지 기장,,,,,,그래픽,,플리츠|포켓
images/506ef436ee07135364169352762f25a7.jpg,train,223.0,167.0,375.0,495.0,코트,,,,,,기본 소매,,,,라펠 칼라,슬림핏,,,무지,,단추|포켓
images/506ef436ee07135364169352762f25a7.jpg,train,260.0,193.0,237.0,361.0,니트,,,,,긴팔,,크롭 기장,,,,레귤러핏,,,무지,니트,
images/cbf3a564933125269dba0f10edafc8ca.jpg,train,410.0,188.0,269.0,386.0,원피스,,,,,반팔,벌룬 소매,,쇼츠·미니 기장,,,,,A라인,무지,,지퍼|리본
images/cbf3a564933125269dba0f10edafc8ca.jpg,train,295.0,296.0,211.0,280.0,코트,,,,,,,,,,,레귤러핏,,,무지,,
images/de7692fc9c47049ecd208386dcfd81e2.jpg,val_train_split,201.0,195.0,303.0,498.0,원피스,,,,,,,,쇼츠·미니 기장,,칼라 없음,,,A라인,,퍼·플리스,지퍼|벨트
images/788e22a9387cec58a950fddf01c85ee8.jpg,train,216.0,289.0,211.0,449.0,원피스,,,,,,,,,,,,,O라인,무지,,지퍼
images/0f2b5a6dffb1c2c2c8d85cb9df770933.jpg,train,113.0,170.0,235.0,466.0,원피스,,,,,반팔,퍼프 소매,,쇼츠·미니 기장,,,,,,도트,,지퍼
images/2f38f1d951bd58c0d24948a48821a45e.jpg,train,253.0,184.0,223.0,396.0,원피스,,,,,,,,쇼츠·미니 기장,,,,,O라인,무지,,지퍼|스팽글
images/4a9f2863e4bbf0e55ac91de651c100aa.jpg,val_train_split,316.0,622.0,359.0,400.0,팬츠,,,,,,,,,,,,슬림핏,,무지,,
images/4a9f2863e4bbf0e55ac91de651c100aa.jpg,val_train_split,326.0,326.0,281.0,334.0,탑,,,,,,,,,홀터넥,,슬림핏,,,,,
images/ad3ca1b2f0f8e8ad4329f692a00e31b5.jpg,train,255.0,151.0,264.0,371.0,티셔츠,,,,,긴팔,기본 소매,,,터틀넥,,레귤러핏,,,무지,,
images/ad3ca1b2f0f8e8ad4329f692a00e31b5.jpg,train,247.0,393.0,301.0,561.0,팬츠,,,,,,,,롱·긴바지 기장,,,,와이드핏,,무지,,플리츠
images/134188c02c34106080772a4da1ea5b59.jpg,train,184.0,257.0,261.0,580.0,원피스,,,,,,,,쇼츠·미니 기장,홀터넥,,,,A라인,무지,,플리츠|지퍼
images/087d7279b86a6cf8be2cce1bc2191364.jpg,train,415.0,0.0,167.0,400.0,가디건,,,,,,기본 소매,,,,,여유핏,,,무지,니트,
images/087d7279b86a6cf8be2cce1bc2191364.jpg,train,424.0,42.0,117.0,338.0,원피스,,,,,,,,무릎 기장,,,,,,플로럴|도트,,
images/2019ac89b11a5ec028a0578aa5fe4edf.jpg,train,196.0,460.0,146.0,102.0,쇼츠,,,,,,,,쇼츠·미니 기장,,,,,,무지,,
images/2019ac89b11a5ec028a0578aa5fe4edf.jpg,train,178.0,144.0,180.0,396.0,재킷,,,,,,벌룬 소매,기본 기장,,,,레귤러핏,,,무지,,
images/f1f62b9263956a1f09a84c7465dbec7a.jpg,val_train_split,250.0,438.0,170.0,132.0,쇼츠,,,,,,,,쇼츠·미니 기장,,,,슬림핏,,무지,,포켓
images/f1f62b9263956a1f09a84c7465dbec7a.jpg,val_train_split,232.0,146.0,258.0,318.0,니트,,,,,7부 소매,기본 소매,크롭 기장,,,,레귤러핏,,,체크|그래픽,니트,
images/2f3a0d67921577de4ee25dad07526c93.jpg,train,216.0,494.0,187.0,105.0,원피스,,,,,긴팔,기본 소매,,쇼츠·미니 기장,,,,,,무지,니트,
images/2f3a0d67921577de4ee25dad07526c93.jpg,train,265.0,572.0,138.0,368.0,팬츠,,,,,,,,롱·긴바지 기장,,,,슬림핏,,무지,,
images/2f3a0d67921577de4ee25dad07526c93.jpg,train,184.0,148.0,270.0,394.0,재킷,,,,,긴팔,기본 소매,기본 기장,,,,여유핏,,,무지,가죽,
images/f0994a64ef16a9cace08edc2014675ea.jpg,train,237.0,378.0,283.0,625.0,원피스,,,,,,,,,,폴로 칼라,,,A라인,무지,,지퍼|포켓
images/f24ef181702762fa165b7834c8734689.jpg,train,145.0,204.0,196.0,359.0,티셔츠,,,,,,,기본 기장,,,,레귤러핏,,,무지,,후드
images/f24ef181702762fa165b7834c8734689.jpg,train,148.0,558.0,184.0,295.0,팬츠,,,,,,,,롱·긴바지 기장,,,,,,,,
images/0a3c893933eb2882eae9165b095a0cba.jpg,train,188.0,746.0,232.0,81.0,탑,,,,,,,기본 기장,,,,레귤러핏,,,무지,,
images/0a3c893933eb2882eae9165b095a0cba.jpg,train,132.0,749.0,287.0,273.0,팬츠,,,,,,,,,,,,슬림핏,,무지,,포켓
images/0a3c893933eb2882eae9165b095a0cba.jpg,train,77.0,371.0,392.0,424.0,재킷,,,,,,,크롭 기장,,,스탠드 칼라,슬림핏,,비대칭,무지,,지퍼
images/0331c2925e7fcdde7d4a5b155f1b9a8f.jpg,train,227.0,444.0,290.0,317.0,청바지,,,,,,,,미디·7부 기장,,,,슬림핏,,무지,데님,포켓
images/0331c2925e7fcdde7d4a5b155f1b9a8f.jpg,train,243.0,332.0,79.0,128.0,티셔츠,,,,,,,,,V넥,,슬림핏,,,무지,,
images/0331c2925e7fcdde7d4a5b155f1b9a8f.jpg,train,18.0,218.0,469.0,333.0,재킷,,,,,긴팔,,크롭 기장,,,,오버핏,,,무지,퍼·플리스,
images/7681f7783b48087e8568abb994f7ea23.jpg,val_train_split,185.0,239.0,157.0,398.0,원피스,,,,,,,,롱·긴바지 기장,오프숄더,,,,,무지|플로럴,,지퍼|프릴·러플
images/50d856d8ae170f4098b738d24b9392af.jpg,train,318.0,426.0,17.0,21.0,티셔츠,,,,,,,,,,,,,,무지,,
images/50d856d8ae170f4098b738d24b9392af.jpg,train,199.0,630.0,174.0,254.0,청바지,,,,,,,,,,,,,,무지,데님,
images/50d856d8ae170f4098b738d24b9392af.jpg,train,189.0,310.0,235.0,333.0,가디건,,,,,긴팔,기본 소매,,,,라펠 칼라,여유핏,,비대칭,무지,니트,단추
images/883c9b0e3fc43041011d61d4ca465e39.jpg,train,302.0,193.0,271.0,317.0,가디건,,,,,,,크롭 기장,,,,레귤러핏,,,스트라이프,니트,단추
images/883c9b0e3fc43041011d61d4ca465e39.jpg,train,343.0,195.0,148.0,262.0,티셔츠,,,,,,,기본 기장,,,칼라 없음,레귤러핏,,,무지,,포켓
images/883c9b0e3fc43041011d61d4ca465e39.jpg,train,339.0,439.0,205.0,94.0,쇼츠,,,,,,,,쇼츠·미니 기장,,,,슬림핏,,무지,,
images/2b96000b0ca1df59d711c370f4f85d34.jpg,train,240.0,288.0,259.0,510.0,원피스,,,,,,,,무릎 기장,,,,,,도트,,지퍼|프릴·러플
images/e1181e6afee2e2ce232dc6d44d1a8362.jpg,train,174.0,252.0,323.0,500.0,원피스,,,,,반팔,기본 소매,,무릎 기장,,피터팬 칼라,,,,무지,,단추|리본
images/c0038b454da04126665314eeb7400380.jpg,val_train_split,171.0,333.0,351.0,690.0,스커트,,,,,,,,,,,,스트레이트핏,H라인,무지,,지퍼
images/c0038b454da04126665314eeb7400380.jpg,val_train_split,153.0,297.0,414.0,381.0,셔츠,,,,,,,,,,스탠드 칼라,레귤러핏,,,무지,,단추
images/f952ce406de173f000008795197ef2a5.jpg,val_train_split,248.0,219.0,194.0,172.0,티셔츠,,,,,반팔,기본 소매,,,,,슬림핏,,,무지,,리본
images/f952ce406de173f000008795197ef2a5.jpg,val_train_split,276.0,375.0,161.0,249.0,스커트,,,,,,,,쇼츠·미니 기장,,,,,,체크,,지퍼
images/ee486dd0d177c55670640d377fbccd0e.jpg,train,481.0,324.0,61.0,124.0,티셔츠,,,,,,,,,,,슬림핏,,,무지,,
images/ee486dd0d177c55670640d377fbccd0e.jpg,train,287.0,237.0,414.0,539.0,셔츠,,,,,긴팔,,,,,,레귤러핏,,,무지,,
images/ee486dd0d177c55670640d377fbccd0e.jpg,train,286.0,227.0,436.0,500.0,재킷,,,,,7부 소매,기본 소매,크롭 기장,,,셔츠 칼라,레귤러핏,,,스트라이프,,지퍼|포켓
images/ee486dd0d177c55670640d377fbccd0e.jpg,train,299.0,640.0,392.0,382.0,팬츠,,,,,,,,,,,,와이드핏,,체크,,
images/9ffebfa30476f88ac60967936b92dfe1.jpg,train,260.0,275.0,349.0,748.0,점프수트,,,,,긴팔,퍼프 소매,,,라운드넥,,,,,무지,,플리츠|지퍼|프릴·러플
images/60af7ccf8b191d923b0d8e8efc5d22bc.jpg,train,242.0,313.0,152.0,701.0,원피스,,,,,,,,롱·긴바지 기장,,,,,,무지|플로럴,,지퍼|스팽글
images/3d99406a0be001507bb91137538bca0c.jpg,train,279.0,226.0,241.0,322.0,탑,,,,,,,,,스퀘어넥,,슬림핏,,,무지,,
images/3d99406a0be001507bb91137538bca0c.jpg,train,50.0,447.0,469.0,404.0,팬츠,,,,,,,,롱·긴바지 기장,,,,스트레이트핏,H라인,무지,,포켓
images/b0a48030f13e62a4722402a117aee2f2.jpg,train,152.0,266.0,394.0,699.0,원피스,,,,,반팔,캡 소매,,쇼츠·미니 기장,스퀘어넥,,,,A라인,무지|플로럴,,지퍼
images/4333fc194f477bb757bac907df986ab4.jpg,train,273.0,206.0,226.0,459.0,원피스,,,,,,,,쇼츠·미니 기장,,,,,A라인,무지,,단추
images/4333fc194f477bb757bac907df986ab4.jpg,train,302.0,608.0,67.0,64.0,쇼츠,,,,,,,,쇼츠·미니 기장,,,,슬림핏,,플로럴,,
images/4333fc194f477bb757bac907df986ab4.jpg,train,364.0,636.0,68.0,58.0,쇼츠,,,,,,,,쇼츠·미니 기장,,,,슬림핏,,플로럴,,
images/4333fc194f477bb757bac907df986ab4.jpg,train,263.0,202.0,238.0,235.0,재킷,,,,,7부 소매,기본 소매,크롭 기장,,,칼라 없음,레귤러핏,,,무지,,단추
images/4333fc194f477bb757bac907df986ab4.jpg,train,285.0,222.0,15.0,8.0,재킷,,,,,,,,,,,슬림핏,,,,,단추
images/499bddbfb8bd0dd1be4c257fddc6121b.jpg,train,165.0,208.0,277.0,456.0,코트,,,,,7부 소매,래글런 소매,,,,,레귤러핏,,,,,벨트
images/499bddbfb8bd0dd1be4c257fddc6121b.jpg,train,310.0,290.0,17.0,66.0,탑,,,,,,,,,,,슬림핏,,,스트라이프,,
images/499bddbfb8bd0dd1be4c257fddc6121b.jpg,train,240.0,507.0,74.0,338.0,팬츠,,,,,,,,롱·긴바지 기장,,,,슬림핏,,무지,,
images/499bddbfb8bd0dd1be4c257fddc6121b.jpg,train,312.0,543.0,58.0,285.0,팬츠,,,,,,,,롱·긴바지 기장,,,,슬림핏,,무지,,
images/990e2c80d7ab3cc0c237f0c1244511fd.jpg,train,314.0,470.0,130.0,147.0,탑,,,,,,,기본 기장,,,,레귤러핏,,,무지,,벨트
images/990e2c80d7ab3cc0c237f0c1244511fd.jpg,train,294.0,608.0,158.0,126.0,스커트,,,,,,,,쇼츠·미니 기장,,,,스트레이트핏,H라인,무지,,지퍼
images/990e2c80d7ab3cc0c237f0c1244511fd.jpg,train,282.0,402.0,184.0,254.0,블레이저,,,,,긴팔,기본 소매,크롭 기장,,,라펠 칼라,슬림핏,,비대칭,무지,,
images/77de21c43584986f77fbfab6f2ce173f.jpg,train,146.0,349.0,143.0,258.0,티셔츠,,,,,긴팔,,,,오프숄더,,레귤러핏,,,무지|플로럴,,벨트
images/77de21c43584986f77fbfab6f2ce173f.jpg,train,162.0,522.0,157.0,126.0,쇼츠,,,,,,,,쇼츠·미니 기장,,,,슬림핏,,무지,,포켓
images/204baf9cdad41d437099547a0991b114.jpg,train,216.0,426.0,132.0,455.0,팬츠,,,,,,,,,,,,슬림핏,,무지,,
images/204baf9cdad41d437099547a0991b114.jpg,train,244.0,248.0,85.0,192.0,티셔츠,,,,,,,,,,,레귤러핏,,,무지,,
images/204baf9cdad41d437099547a0991b114.jpg,train,142.0,187.0,311.0,409.0,재킷,,,,,긴팔,기본 소매,,,,셔츠 칼라,오버핏,,,,퍼·플리스,
images/2f4409984a9343fce2968999336664e3.jpg,train,175.0,230.0,347.0,675.0,원피스,,,,,,,,롱·긴바지 기장,홀터넥,,,,,무지|플로럴,,지퍼
images/939b46b9542a948d26fcc455c4acd1df.jpg,train,242.0,647.0,260.0,228.0,쇼츠,,,,,,,,쇼츠·미니 기장,,,,,,무지,,포켓
images/939b46b9542a948d26fcc455c4acd1df.jpg,train,204.0,296.0,363.0,344.0,블레이저,,,,,반팔,기본 소매,크롭 기장,,,라펠 칼라,슬림핏,,,무지,,리본
images/939b46b9542a948d26fcc455c4acd1df.jpg,train,265.0,293.0,205.0,406.0,셔츠,,,,,,,크롭 기장,,,셔츠 칼라,슬림핏,,,무지,,단추
images/939b46b9542a948d26fcc455c4acd1df.jpg,train,258.0,384.0,229.0,270.0,탑,,,,,,,기본 기장,,,,레귤러핏,,,무지,,포켓|벨트
images/b763f8468d4004d4784d6f7ec950eece.jpg,train,213.0,250.0,227.0,305.0,티셔츠,,,,,7부 소매,기본 소매,기본 기장,,,칼라 없음,슬림핏,,,무지,,
images/b763f8468d4004d4784d6f7ec950eece.jpg,train,243.0,522.0,181.0,417.0,청바지,,,,,,,,롱·긴바지 기장,,,,,,무지,데님,
images/52a1caf5cd3ae543c009e8658c04d1f2.jpg,train,157.0,225.0,245.0,426.0,원피스,,,,,7부 소매,기본 소매,,무릎 기장,,칼라 없음,,,A라인,,,지퍼
images/fb72dc6e2ce94df5525b3a9c570743e9.jpg,train,156.0,435.0,501.0,482.0,니트,,,,,긴팔,,크롭 기장,,V넥,,레귤러핏,,,무지,니트,
images/fb72dc6e2ce94df5525b3a9c570743e9.jpg,train,241.0,463.0,29.0,23.0,티셔츠,,,,,,,,,,,,,,무지,,
images/02ebb1f750ae4c80219591ad44788c54.jpg,train,230.0,129.0,203.0,379.0,원피스,,,,,반팔,퍼프 소매,,,오프숄더,,,,A라인,무지,,지퍼|프릴·러플
images/fbca15037c332d6e9e658e2129217794.jpg,train,241.0,234.0,232.0,349.0,원피스,,,,,,,,쇼츠·미니 기장,,,,,A라인,무지,,플리츠|지퍼|리본|프릴·러플
images/ed15e7aafb072c8d8090c74bc3526c25.jpg,train,143.0,239.0,252.0,321.0,티셔츠,,,,,긴팔,벌룬 소매,기본 기장,,라운드넥,,슬림핏,,비대칭,무지,,
images/ed15e7aafb072c8d8090c74bc3526c25.jpg,train,171.0,421.0,183.0,186.0,스커트,,,,,,,,쇼츠·미니 기장,,,,,,무지,,지퍼
images/a1296314a1b16790eda76df1bf48e762.jpg,train,204.0,259.0,204.0,371.0,원피스,,,,,반팔,캡 소매,,쇼츠·미니 기장,터틀넥,,,,,무지|스트라이프,,지퍼
images/fc5a027606dbe0083aa320457aed4d7f.jpg,train,301.0,265.0,181.0,287.0,원피스,,,,,긴팔,기본 소매,,쇼츠·미니 기장,,칼라 없음,,,H라인,무지,,지퍼
images/47078263a46e4432b793aa1c37ab2d61.jpg,train,139.0,345.0,307.0,493.0,원피스,,,,,,,,쇼츠·미니 기장,보트넥,,,,,그래픽,,지퍼
images/0edc1b9f037fae870fdc21f069b128bc.jpg,train,184.0,262.0,324.0,655.0,원피스,,,,,,,,롱·긴바지 기장,터틀넥,,오버핏,,,,,단추
images/7a19bbef2f96972095052b319923d8ec.jpg,train,363.0,169.0,183.0,443.0,원피스,,,,,,,,쇼츠·미니 기장,터틀넥,,,,,무지,니트,
images/7a19bbef2f96972095052b319923d8ec.jpg,train,358.0,599.0,149.0,247.0,팬츠,,,,,,,,,,,,슬림핏,,무지,,
images/e73ee29406ff410167478dd5cff502cd.jpg,train,373.0,164.0,205.0,281.0,원피스,,,,,,,,쇼츠·미니 기장,,,,,X라인,무지,,지퍼
images/b4aec2877fbd4f6d83a972486b86baab.jpg,train,293.0,259.0,208.0,172.0,티셔츠,,,,,반팔,캡 소매,,,스퀘어넥,,슬림핏,,,무지,,
images/b4aec2877fbd4f6d83a972486b86baab.jpg,train,301.0,419.0,192.0,327.0,스커트,,,,,,,,무릎 기장,,,,스트레이트핏,H라인,무지,,지퍼
images/fcd16d2aff932d81d867e5c584275d0a.jpg,train,217.0,578.0,179.0,374.0,팬츠,,,,,,,,롱·긴바지 기장,,,,,,무지,,
images/fcd16d2aff932d81d867e5c584275d0a.jpg,train,174.0,162.0,263.0,452.0,니트,,,,,긴팔,,기본 기장,,,,여유핏,,,무지,니트,후드
images/90b8e60076c2247216c64dae670ae38c.jpg,train,149.0,411.0,343.0,611.0,원피스,,,,,,,,,홀터넥,,,,A라인,무지,,
images/a522c337db83b3ef34596b2760d56bd1.jpg,train,126.0,199.0,226.0,527.0,원피스,,,,,반팔,캡 소매,,무릎 기장,보트넥,,,,,무지,,지퍼
images/3e7f4eda0991022d7d9941a4dfe48d22.jpg,train,152.0,355.0,470.0,293.0,탑,,,,,7부 소매,벌룬 소매,,,,,여유핏,,,무지,,
images/3e7f4eda0991022d7d9941a4dfe48d22.jpg,train,278.0,547.0,265.0,132.0,스커트,,,,,,,,쇼츠·미니 기장,,,,,A라인,,,지퍼
images/1c2e0148a896f578d89292cfb120e3c1.jpg,train,142.0,239.0,255.0,483.0,원피스,,,,,반팔,기본 소매,,무릎 기장,,,,,A라인,도트,,단추
images/10e976f5615d6d3b67e812cb2e8407ca.jpg,train,203.0,198.0,272.0,706.0,점프수트,,,,,,,,롱·긴바지 기장,V넥,,,,,무지,,플리츠
images/1b47dab9341b9275814047c94e59cac2.jpg,train,234.0,240.0,177.0,413.0,원피스,,,,,,,,쇼츠·미니 기장,홀터넥,,,,H라인,무지,,지퍼
images/a87083462d0f8c45d396bee1d1c5c937.jpg,val_train_split,235.0,167.0,298.0,438.0,원피스,,,,,반팔,기본 소매,,쇼츠·미니 기장,,,오버핏,,비대칭,무지,니트,리본
images/d6960a850bc0eb14f6ef614cf805cd72.jpg,train,208.0,481.0,216.0,189.0,스커트,,,,,,,,쇼츠·미니 기장,,,,,,무지,,지퍼
images/d6960a850bc0eb14f6ef614cf805cd72.jpg,train,193.0,180.0,277.0,354.0,니트,,,,,긴팔,,크롭 기장,,터틀넥,,여유핏,,,무지,니트,
images/7796af8da204b6e245aa65b6fe36c391.jpg,train,156.0,302.0,291.0,270.0,재킷,,,,,7부 소매,래글런 소매,크롭 기장,,,칼라 없음,여유핏,,,무지,퍼·플리스,
images/7796af8da204b6e245aa65b6fe36c391.jpg,train,261.0,317.0,9.0,23.0,탑,,,,,,,크롭 기장,,,,레귤러핏,,,무지,,
images/7796af8da204b6e245aa65b6fe36c391.jpg,train,219.0,363.0,175.0,259.0,탑,,,,,,,기본 기장,,,,레귤러핏,,,무지,,
images/7796af8da204b6e245aa65b6fe36c391.jpg,train,311.0,597.0,82.0,308.0,팬츠,,,,,,,,롱·긴바지 기장,,,,슬림핏,,무지,퍼·플리스,
images/7796af8da204b6e245aa65b6fe36c391.jpg,train,229.0,617.0,83.0,279.0,팬츠,,,,,,,,롱·긴바지 기장,,,,슬림핏,,무지,퍼·플리스,
images/1ddf8ad866370816f24b0c4ecba0cd8c.jpg,train,497.0,529.0,152.0,69.0,쇼츠,,,,,,,,쇼츠·미니 기장,,,,,,무지,,포켓
images/1ddf8ad866370816f24b0c4ecba0cd8c.jpg,train,478.0,234.0,185.0,304.0,티셔츠,,,,,긴팔,기본 소매,기본 기장,,,피터팬 칼라,슬림핏,,,무지,,포켓
images/1a4eb9f662a81cf2651590d06fb5284a.jpg,train,196.0,226.0,253.0,261.0,티셔츠,,,,,7부 소매,래글런 소매,크롭 기장,,,,여유핏,,비대칭,애니멀,,
images/1a4eb9f662a81cf2651590d06fb5284a.jpg,train,273.0,457.0,171.0,404.0,팬츠,,,,,,,,롱·긴바지 기장,,,,슬림핏,,애니멀,,
images/76dd1f131459ff64602129499ae61a0f.jpg,train,275.0,185.0,241.0,413.0,원피스,,,,,,,,쇼츠·미니 기장,,,,,X라인,무지,,지퍼
images/b9c32af18f17f8387a9713e5bb436fd7.jpg,val_train_split,73.0,180.0,285.0,803.0,원피스,,,,,,,,롱·긴바지 기장,보트넥,,,,X라인,무지|그래픽,,플리츠|지퍼|프릴·러플
images/0683db033b7041f9fd74e269b9febe30.jpg,train,265.0,501.0,188.0,521.0,팬츠,,,,,,,,롱·긴바지 기장,,,,슬림핏,,무지,,
images/0683db033b7041f9fd74e269b9febe30.jpg,train,201.0,240.0,443.0,751.0,원피스,,,,,긴팔,래글런 소매,,롱·긴바지 기장,,,,,,,,지퍼
images/0d0cfe9e0e244b0262d94ad4da115b98.jpg,train,224.0,511.0,189.0,437.0,팬츠,,,,,,,,롱·긴바지 기장,,,,,,무지,,
images/0d0cfe9e0e244b0262d94ad4da115b98.jpg,train,176.0,160.0,297.0,478.0,코트,,,,,긴팔,기본 소매,,,,라펠 칼라,레귤러핏,,,무지,,단추|포켓
images/0d0cfe9e0e244b0262d94ad4da115b98.jpg,train,289.0,156.0,73.0,356.0,니트,,,,,,,크롭 기장,,,,레귤러핏,,,무지,니트,
images/0b066b571e9a6e4b924b0895b803e23b.jpg,train,605.0,172.0,118.0,186.0,점프수트,,,,,,,,쇼츠·미니 기장,,,레귤러핏,,,무지,,지퍼|벨트
images/61568eb933805b84eef238bd3f3114d5.jpg,val_train_split,243.0,731.0,255.0,106.0,쇼츠,,,,,,,,쇼츠·미니 기장,,,,,,무지,,지퍼|포켓
images/61568eb933805b84eef238bd3f3114d5.jpg,val_train_split,170.0,353.0,348.0,446.0,티셔츠,,,,,반팔,,기본 기장,,,,오버핏,,비대칭,무지,,
images/0180c5bbfcd5a0bf843dce7ddebee9eb.jpg,val_train_split,231.0,194.0,210.0,314.0,후드티,,,,,,,기본 기장,,,,레귤러핏,,,무지,,후드|지퍼
images/0180c5bbfcd5a0bf843dce7ddebee9eb.jpg,val_train_split,184.0,170.0,340.0,371.0,재킷,,,,,긴팔,기본 소매,크롭 기장,,,,슬림핏,,,무지,퍼·플리스,지퍼
images/0180c5bbfcd5a0bf843dce7ddebee9eb.jpg,val_train_split,269.0,483.0,170.0,325.0,청바지,,,,,,,,,,,,슬림핏,,무지,데님,포켓|지퍼
images/85e4bfa4075ea2d447493cbd1f425d91.jpg,train,129.0,306.0,333.0,373.0,티셔츠,,,,,긴팔,기본 소매,,,V넥,,레귤러핏,,,도트,,
images/85e4bfa4075ea2d447493cbd1f425d91.jpg,train,332.0,432.0,39.0,44.0,탑,,,,,,,,,,,슬림핏,,,무지,,
images/85e4bfa4075ea2d447493cbd1f425d91.jpg,train,189.0,656.0,257.0,366.0,팬츠,,,,,,,,,,,,슬림핏,,스트라이프,,벨트
images/50572bc4c177f9c7729135e7778b93bf.jpg,val_train_split,138.0,357.0,395.0,628.0,원피스,,,,,,,,쇼츠·미니 기장,오프숄더,,,,,무지,,지퍼
images/229099760bdd658cfd0f0fd9fba32c33.jpg,train,254.0,244.0,247.0,392.0,원피스,,,,,반팔,캡 소매,,쇼츠·미니 기장,라운드넥,,,,,체크,,지퍼
images/5c8cd9fe876e089c7a9a4dd5e6eeaa2b.jpg,train,256.0,610.0,205.0,413.0,팬츠,,,,,,,,롱·긴바지 기장,,,,슬림핏,,무지,,
images/5c8cd9fe876e089c7a9a4dd5e6eeaa2b.jpg,train,214.0,248.0,362.0,390.0,티셔츠,,,,,긴팔,기본 소매,크롭 기장,,,,레귤러핏,,,무지,,
images/2ceeaffc4851fc795288a74010e97dd2.jpg,train,168.0,358.0,374.0,624.0,원피스,,,,,,,,롱·긴바지 기장,홀터넥,,,,,무지|플로럴,,지퍼|프릴·러플
images/466710a4ca3e255f4cf99d40e7e8ad33.jpg,train,168.0,387.0,271.0,432.0,점프수트,,,,,,,,쇼츠·미니 기장,,,슬림핏,,,무지,,단추|벨트
images/466710a4ca3e255f4cf99d40e7e8ad33.jpg,train,0.0,309.0,515.0,387.0,재킷,,,,,긴팔,기본 소매,크롭 기장,,,,레귤러핏,,,무지,,
images/1c6523ef78ae3c8a5e1cda1664a64cc4.jpg,train,160.0,197.0,147.0,221.0,티셔츠,,,,,,,,,,,여유핏,,,무지,,
images/1c6523ef78ae3c8a5e1cda1664a64cc4.jpg,train,101.0,189.0,253.0,280.0,재킷,,,,,,기본 소매,크롭 기장,,,,레귤러핏,,,애니멀,,스팽글|지퍼
images/1c6523ef78ae3c8a5e1cda1664a64cc4.jpg,train,141.0,396.0,187.0,491.0,팬츠,,,,,,,,롱·긴바지 기장,,,,,,무지,,포켓|벨트
images/fb2caae18057c265cbacbd2f7863b28d.jpg,train,0.0,286.0,678.0,737.0,재킷,,,,,긴팔,기본 소매,기본 기장,,,셔츠 칼라,오버핏,,,무지,,지퍼
images/f453124a40f3bdbbe0c9dfe4996b6844.jpg,train,281.0,261.0,199.0,700.0,원피스,,,,,긴팔,벌룬 소매,,롱·긴바지 기장,,,,,,무지,,지퍼
images/3250408f71af13d905b96b23aea2bee0.jpg,train,199.0,179.0,289.0,446.0,코트,,,,,긴팔,기본 소매,,,,라펠 칼라,레귤러핏,,,무지,퍼·플리스|가죽,단추|벨트|프릴·러플
images/3250408f71af13d905b96b23aea2bee0.jpg,train,207.0,204.0,317.0,771.0,원피스,,,,,,,,롱·긴바지 기장,,,,,A라인,무지,,지퍼
images/51e40873673f70ee8589dc60f787271f.jpg,val_train_split,139.0,261.0,241.0,646.0,원피스,,,,,반팔,기본 소매,,롱·긴바지 기장,오프숄더,,,,,플로럴,,지퍼|리본
images/063ae554a49adf34b623ced85f7937c4.jpg,train,328.0,267.0,365.0,607.0,니트,,,,,긴팔,기본 소매,크롭 기장,,,,레귤러핏,,,무지,니트,
images/063ae554a49adf34b623ced85f7937c4.jpg,train,364.0,694.0,349.0,304.0,스커트,,,,,,,,쇼츠·미니 기장,,,,스트레이트핏,H라인,무지,,지퍼|프릴·러플
images/a09d86e426444e315edebb2e5b4187bd.jpg,train,302.0,279.0,113.0,200.0,탑,,,,,,,크롭 기장,,V넥,,슬림핏,,,무지,,
images/a09d86e426444e315edebb2e5b4187bd.jpg,train,168.0,299.0,349.0,617.0,코트,,,,,7부 소매,래글런 소매,,,,,레귤러핏,,,무지,,벨트
images/8c68d9fc1ae28a0b469585a11f3c6d84.jpg,train,185.0,583.0,287.0,440.0,팬츠,,,,,,,,,,,,,,무지,,
images/8c68d9fc1ae28a0b469585a11f3c6d84.jpg,train,310.0,317.0,39.0,102.0,탑,,,,,,,,,,,슬림핏,,,무지,,
images/8c68d9fc1ae28a0b469585a11f3c6d84.jpg,train,171.0,169.0,336.0,770.0,가디건,,,,,반팔,기본 소매,,,,라펠 칼라,여유핏,,,,니트,포켓|리본|벨트
images/e2f4a0b114da67bbf2aa373498c9f6c3.jpg,val_train_split,193.0,628.0,118.0,254.0,청바지,,,,,,,,,,,,슬림핏,,무지,데님,
images/e2f4a0b114da67bbf2aa373498c9f6c3.jpg,val_train_split,210.0,304.0,140.0,341.0,탑,,,,,,,기본 기장,,,,슬림핏,,,무지,,
images/e2f4a0b114da67bbf2aa373498c9f6c3.jpg,val_train_split,114.0,237.0,370.0,412.0,가디건,,,,,긴팔,기본 소매,,,,,레귤러핏,,,무지,니트,
images/0f2c55bd12238f76b85ab4a8c0ebfe96.jpg,val_train_split,160.0,199.0,367.0,453.0,재킷,,,,,7부 소매,기본 소매,크롭 기장,,,칼라 없음,여유핏,,비대칭,체크,,단추
images/0f2c55bd12238f76b85ab4a8c0ebfe96.jpg,val_train_split,96.0,583.0,485.0,434.0,스커트,,,,,,,,쇼츠·미니 기장,,,,,A라인,스트라이프,,지퍼
images/5388bca572b7d4ae84c26e50ea9954c2.jpg,train,167.0,141.0,391.0,595.0,코트,,,,,,기본 소매,,,,라펠 칼라,오버핏,,,그래픽,,포켓
images/5388bca572b7d4ae84c26e50ea9954c2.jpg,train,288.0,602.0,117.0,280.0,팬츠,,,,,,,,롱·긴바지 기장,,,,슬림핏,,무지,,
images/9dfe84f4a058599469ac94405a4afc07.jpg,train,279.0,239.0,217.0,292.0,원피스,,,,,반팔,벨 소매,,쇼츠·미니 기장,,,,,,무지|체크,,플리츠|지퍼|포켓|프릴·러플
images/b5a9a0abccdf21bf33b4d08cbd4fe250.jpg,train,14.0,339.0,589.0,683.0,티셔츠,,,,,긴팔,래글런 소매,,,라운드넥,,레귤러핏,,,스트라이프,,
images/3278756a4bc0a219e546d38f64dcc272.jpg,train,195.0,387.0,148.0,334.0,스커트,,,,,,,,무릎 기장,,,,스트레이트핏,H라인,무지,,지퍼
images/3278756a4bc0a219e546d38f64dcc272.jpg,train,195.0,231.0,136.0,168.0,탑,,,,,,,,,,,여유핏,,,무지,,
images/3278756a4bc0a219e546d38f64dcc272.jpg,train,116.0,206.0,282.0,594.0,가디건,,,,,긴팔,,,,,,여유핏,,,무지,니트,포켓
images/4abb1159cc305b69fa3113a557d7e96e.jpg,train,284.0,289.0,387.0,392.0,코트,,,,,긴팔,기본 소매,,,,,레귤러핏,,,애니멀,,단추
images/4abb1159cc305b69fa3113a557d7e96e.jpg,train,373.0,421.0,201.0,201.0,재킷,,,,,긴팔,기본 소매,크롭 기장,,,,레귤러핏,,,무지,,지퍼
images/4abb1159cc305b69fa3113a557d7e96e.jpg,train,421.0,566.0,138.0,78.0,니트,,,,,긴팔,기본 소매,크롭 기장,,,,레귤러핏,,,무지,니트,지퍼
images/7a818effbe31bcd2fc6b3b8fd2618cbf.jpg,train,173.0,165.0,323.0,338.0,후드티,,,,,긴팔,기본 소매,기본 기장,,,,여유핏,,,무지,,후드|포켓|지퍼
images/7a818effbe31bcd2fc6b3b8fd2618cbf.jpg,train,237.0,482.0,199.0,187.0,쇼츠,,,,,,,,쇼츠·미니 기장,,,,,,무지,,포켓
images/2012deea50db24147421b7a95ad44a23.jpg,val_train_split,230.0,413.0,192.0,477.0,스커트,,,,,,,,롱·긴바지 기장,,,,,,그래픽,,지퍼
images/2012deea50db24147421b7a95ad44a23.jpg,val_train_split,260.0,248.0,143.0,168.0,탑,,,,,,,,,,,슬림핏,,,무지,,
images/a8550b3e5883d9da2df13ca9a681ce49.jpg,train,228.0,242.0,183.0,281.0,셔츠,,,,,,,크롭 기장,,,,슬림핏,,,무지,,단추
images/a8550b3e5883d9da2df13ca9a681ce49.jpg,train,237.0,503.0,170.0,144.0,스커트,,,,,,,,쇼츠·미니 기장,,,,,,무지,,지퍼
images/a8550b3e5883d9da2df13ca9a681ce49.jpg,train,235.0,213.0,175.0,213.0,재킷,,,,,,,크롭 기장,,라운드넥,스탠드 칼라,슬림핏,,,무지,,단추
images/7c7a9937d60df1cbf51850f277325ea3.jpg,train,271.0,507.0,187.0,213.0,스커트,,,,,,,,쇼츠·미니 기장,,,,,A라인,무지,,지퍼
images/7c7a9937d60df1cbf51850f277325ea3.jpg,train,251.0,375.0,211.0,183.0,탑,,,,,7부 소매,기본 소매,,,오프숄더,,여유핏,,,무지,,
images/8e485ee0bba9743dcee215d2f3d2ff6c.jpg,train,18.0,234.0,274.0,498.0,재킷,,,,,긴팔,기본 소매,크롭 기장,,,,레귤러핏,,,애니멀,가죽,단추
images/8e485ee0bba9743dcee215d2f3d2ff6c.jpg,train,431.0,267.0,246.0,563.0,재킷,,,,,긴팔,기본 소매,크롭 기장,,,,레귤러핏,,,애니멀,가죽,단추
images/8e485ee0bba9743dcee215d2f3d2ff6c.jpg,train,226.0,554.0,217.0,177.0,탑,,,,,,,크롭 기장,,,,슬림핏,,,무지,,
images/8e485ee0bba9743dcee215d2f3d2ff6c.jpg,train,183.0,683.0,494.0,340.0,쇼츠,,,,,,,,쇼츠·미니 기장,,,,,,무지,,지퍼
images/77093a416fddbd43f039126b02755860.jpg,val_train_split,458.0,158.0,162.0,186.0,탑,,,,,반팔,기본 소매,기본 기장,,오프숄더,,레귤러핏,,,무지,,리본
images/77093a416fddbd43f039126b02755860.jpg,val_train_split,451.0,327.0,152.0,260.0,청바지,,,,,,,,롱·긴바지 기장,,,,슬림핏,,무지,데님,
images/cdb41a01b377e65f0b182025e622751f.jpg,val_train_split,347.0,537.0,195.0,386.0,팬츠,,,,,,,,롱·긴바지 기장,,,,슬림핏,,무지,,
images/cdb41a01b377e65f0b182025e622751f.jpg,val_train_split,373.0,346.0,137.0,210.0,티셔츠,,,,,,,기본 기장,,,,레귤러핏,,,무지,,
images/cdb41a01b377e65f0b182025e622751f.jpg,val_train_split,304.0,251.0,330.0,503.0,코트,,,,,긴팔,기본 소매,,,,라펠 칼라,레귤러핏,,,무지,,단추|포켓
images/cdb41a01b377e65f0b182025e622751f.jpg,val_train_split,410.0,243.0,38.0,29.0,티셔츠,,,,,,,,,터틀넥,,레귤러핏,,,무지,,
images/51769cabae5e536a0c1442906e97e025.jpg,train,195.0,172.0,289.0,359.0,재킷,,,,,긴팔,기본 소매,크롭 기장,,,스탠드 칼라,슬림핏,,,무지,,지퍼|포켓
images/51769cabae5e536a0c1442906e97e025.jpg,train,245.0,449.0,179.0,416.0,팬츠,,,,,,,,롱·긴바지 기장,,,,,,무지,,포켓
images/f287bf8293c9b1743464a48b91dfba1c.jpg,train,202.0,502.0,13.0,18.0,티셔츠,,,,,,,,,,,레귤러핏,,,무지,,
images/f287bf8293c9b1743464a48b91dfba1c.jpg,train,175.0,236.0,228.0,286.0,티셔츠,,,,,7부 소매,기본 소매,기본 기장,,보트넥,,레귤러핏,,,무지,,
images/f287bf8293c9b1743464a48b91dfba1c.jpg,train,181.0,500.0,269.0,223.0,스커트,,,,,,,,무릎 기장,,,,,A라인,체크,,지퍼
images/838ea27048ed95edf5de81975edfc682.jpg,train,230.0,287.0,57.0,161.0,탑,,,,,,,크롭 기장,,,,슬림핏,,,무지,,
images/838ea27048ed95edf5de81975edfc682.jpg,train,2.0,160.0,394.0,620.0,코트,,,,,긴팔,기본 소매,,,,라펠 칼라,레귤러핏,,,무지,퍼·플리스,단추|포켓
images/838ea27048ed95edf5de81975edfc682.jpg,train,169.0,507.0,342.0,425.0,팬츠,,,,,,,,,,,,,,무지,,포켓
images/fbb3d385a147c034e449b320fd71125e.jpg,train,452.0,378.0,146.0,209.0,스커트,,,,,,,,,,,,,A라인,무지,,지퍼
images/fbb3d385a147c034e449b320fd71125e.jpg,train,433.0,144.0,246.0,286.0,탑,,,,,긴팔,기본 소매,크롭 기장,,오프숄더,,슬림핏,,,무지,,
images/921f90118acea2ecd6ced7513b215180.jpg,train,460.0,0.0,559.0,611.0,원피스,,,,,긴팔,기본 소매,,쇼츠·미니 기장,,,,,,그래픽,,플리츠|프릴·러플|지퍼
images/90c244758a7772c54c935a44cf3244b6.jpg,train,217.0,239.0,306.0,692.0,원피스,,,,,,,,롱·긴바지 기장,,,,,,애니멀,,플리츠|지퍼
images/11f03adc83f9c0eddee9cb3c67dbdb89.jpg,train,258.0,481.0,310.0,472.0,재킷,,,,,긴팔,기본 소매,,,,,여유핏,,,무지,,단추|포켓|후드
images/11f03adc83f9c0eddee9cb3c67dbdb89.jpg,train,295.0,532.0,145.0,272.0,니트,,,,,,,크롭 기장,,,,레귤러핏,,,,니트,
images/11f03adc83f9c0eddee9cb3c67dbdb89.jpg,train,330.0,788.0,168.0,235.0,청바지,,,,,,,,,,,,슬림핏,,무지,데님,
images/52622dd535905fc5716a402bbdf8545b.jpg,train,136.0,198.0,256.0,408.0,원피스,,,,,반팔,벨 소매,,쇼츠·미니 기장,,,,,A라인,플로럴,,지퍼|리본|벨트
images/59e445d1d41f0920726bb15380c49519.jpg,train,373.0,314.0,426.0,367.0,니트,,,,,긴팔,기본 소매,,,,,레귤러핏,,,무지,니트,
images/18b0839967f8d1a8c945fc113919c7ab.jpg,train,546.0,151.0,72.0,187.0,티셔츠,,,,,,,,,,,슬림핏,,,무지,,
images/18b0839967f8d1a8c945fc113919c7ab.jpg,train,533.0,337.0,184.0,344.0,팬츠,,,,,,,,,,,,와이드핏,,스트라이프,,
images/18b0839967f8d1a8c945fc113919c7ab.jpg,train,437.0,106.0,352.0,384.0,재킷,,,,,긴팔,기본 소매,크롭 기장,,,라펠 칼라,레귤러핏,,,무지,가죽,지퍼
images/a17dc4a2d6dee1ffb2b6195cb2a7f17b.jpg,train,105.0,307.0,423.0,570.0,탑,,,,,반팔,캡 소매,기본 기장,,보트넥,,레귤러핏,,,무지,,플리츠
images/5f96f4fe61602e9442ef91da7fb080c8.jpg,train,239.0,204.0,275.0,303.0,티셔츠,,,,,긴팔,기본 소매,기본 기장,,라운드넥,,레귤러핏,,,무지,,
images/5f96f4fe61602e9442ef91da7fb080c8.jpg,train,239.0,484.0,160.0,417.0,팬츠,,,,,,,,롱·긴바지 기장,,,,,,무지,,
images/5f96f4fe61602e9442ef91da7fb080c8.jpg,train,127.0,217.0,192.0,553.0,코트,,,,,,,,,,,여유핏,,,애니멀,퍼·플리스,
images/5196d9370942b113462e8988922175ba.jpg,train,305.0,284.0,158.0,330.0,원피스,,,,,,,,쇼츠·미니 기장,홀터넥,,,,A라인,도트,,지퍼
images/eeef32e2aec10dccad1ef1e412cd106e.jpg,train,169.0,255.0,456.0,617.0,원피스,,,,,민소매,캡 소매,,쇼츠·미니 기장,보트넥,,,,X라인,무지,,지퍼
images/ba5e1487eb75568bb63f06096ab126e6.jpg,train,341.0,207.0,64.0,227.0,셔츠,,,,,,,,,,셔츠 칼라,레귤러핏,,,무지,,단추
images/ba5e1487eb75568bb63f06096ab126e6.jpg,train,169.0,429.0,338.0,391.0,팬츠,,,,,,,,,,,,슬림핏,,무지,,
images/ba5e1487eb75568bb63f06096ab126e6.jpg,train,242.0,200.0,246.0,299.0,재킷,,,,,긴팔,기본 소매,크롭 기장,,,라펠 칼라,레귤러핏,,,무지,가죽|스웨이드,지퍼
images/082ca26e530a0670576775457b6fbac9.jpg,train,234.0,418.0,188.0,312.0,스커트,,,,,,,,무릎 기장,,,,,,무지,,지퍼
images/082ca26e530a0670576775457b6fbac9.jpg,train,241.0,159.0,171.0,168.0,티셔츠,,,,,,,,,,칼라 없음,,,,무지,,
images/082ca26e530a0670576775457b6fbac9.jpg,train,229.0,352.0,200.0,92.0,티셔츠,,,,,,,,,,,,,,무지,,
images/eba07acf72ce52a971af7b6e7dc36f3f.jpg,train,274.0,215.0,150.0,153.0,탑,,,,,,,크롭 기장,,V넥,,슬림핏,,,무지,,
images/eba07acf72ce52a971af7b6e7dc36f3f.jpg,train,251.0,384.0,188.0,449.0,팬츠,,,,,,,,롱·긴바지 기장,,,,,,애니멀,,
images/b73d2931639a6b577b812e49dedc9438.jpg,train,227.0,467.0,189.0,472.0,스커트,,,,,,,,롱·긴바지 기장,,,,,,무지,,지퍼
images/b73d2931639a6b577b812e49dedc9438.jpg,train,232.0,249.0,171.0,236.0,탑,,,,,,,크롭 기장,,,,레귤러핏,,,애니멀,,
images/e449dc7f2058926b4e1630b8bbaebfe2.jpg,train,134.0,170.0,278.0,385.0,점프수트,,,,,7부 소매,기본 소매,,쇼츠·미니 기장,,셔츠 칼라,슬림핏,,,무지,,지퍼|포켓|벨트
images/7ac3eeac3bed48ff8e81cadda1a682a2.jpg,train,108.0,202.0,455.0,756.0,원피스,,,,,긴팔,기본 소매,,롱·긴바지 기장,,칼라 없음,,,,무지|플로럴,,지퍼|프릴·러플
images/8a1d2ed69b5324f534c9c05ce8e17814.jpg,val_train_split,149.0,189.0,175.0,710.0,점프수트,,,,,,,,롱·긴바지 기장,V넥,,여유핏,,,플로럴,,지퍼|프릴·러플
images/b8db1c8612983c9820639102907d251c.jpg,train,194.0,285.0,254.0,403.0,원피스,,,,,반팔,기본 소매,,쇼츠·미니 기장,,,오버핏,,,무지,,지퍼
images/0aef0085f9dd64eedbbcd3f422c2e4fc.jpg,train,277.0,504.0,205.0,427.0,팬츠,,,,,,,,롱·긴바지 기장,,,,슬림핏,,무지,,
images/0aef0085f9dd64eedbbcd3f422c2e4fc.jpg,train,288.0,203.0,199.0,344.0,탑,,,,,,,기본 기장,,,폴로 칼라,레귤러핏,,,무지,,포켓|지퍼
images/0aef0085f9dd64eedbbcd3f422c2e4fc.jpg,train,221.0,190.0,296.0,412.0,재킷,,,,,긴팔,기본 소매,크롭 기장,,,,여유핏,,,무지,,지퍼|포켓|벨트
images/a464d96fae299e8a04491ca0c7915d14.jpg,train,337.0,465.0,153.0,426.0,청바지,,,,,,,,롱·긴바지 기장,,,,슬림핏,,무지,데님,
images/a464d96fae299e8a04491ca0c7915d14.jpg,train,290.0,195.0,170.0,408.0,가디건,,,,,긴팔,기본 소매,,,,라펠 칼라,여유핏,,,무지,니트,
images/f708370d2e41cd3bdd62bb4018bbb63c.jpg,val_train_split,284.0,285.0,111.0,333.0,티셔츠,,,,,,,기본 기장,,,,레귤러핏,,,무지,,
images/f708370d2e41cd3bdd62bb4018bbb63c.jpg,val_train_split,194.0,170.0,288.0,489.0,재킷,,,,,긴팔,,,,,,여유핏,,,무지,,지퍼|포켓|후드
images/f708370d2e41cd3bdd62bb4018bbb63c.jpg,val_train_split,263.0,615.0,162.0,303.0,팬츠,,,,,,,,롱·긴바지 기장,,,,,,무지,,포켓|지퍼
images/5c58aae536241e020226e9c9885e2d3b.jpg,train,177.0,578.0,199.0,421.0,팬츠,,,,,,,,롱·긴바지 기장,,,,,,스트라이프,,
images/5c58aae536241e020226e9c9885e2d3b.jpg,train,118.0,217.0,322.0,400.0,후드티,,,,,긴팔,,기본 기장,,,,레귤러핏,,,무지,,후드
images/72eefd08ed57bd960218d039c3b64014.jpg,train,271.0,254.0,133.0,70.0,티셔츠,,,,,반팔,기본 소매,,,라운드넥,,레귤러핏,,,무지,,
images/72eefd08ed57bd960218d039c3b64014.jpg,train,167.0,258.0,295.0,520.0,점프수트,,,,,,,,롱·긴바지 기장,,,,,,무지,,단추|벨트
images/72eefd08ed57bd960218d039c3b64014.jpg,train,278.0,404.0,90.0,229.0,셔츠,,,,,,,,,,,레귤러핏,,,체크,,단추|포켓
images/3a23c1f80b1db673259bc882d35d8436.jpg,train,131.0,200.0,326.0,324.0,재킷,,,,,긴팔,기본 소매,크롭 기장,,,셔츠 칼라,레귤러핏,,,무지,,단추|포켓|벨트
images/3a23c1f80b1db673259bc882d35d8436.jpg,train,167.0,196.0,269.0,471.0,원피스,,,,,,,,무릎 기장,,,,,,도트,,지퍼
images/fc12a3aa8ccc5556d66b12eb76a15fe2.jpg,train,119.0,335.0,459.0,461.0,티셔츠,,,,,7부 소매,기본 소매,크롭 기장,,,,레귤러핏,,,무지,,지퍼
images/fc12a3aa8ccc5556d66b12eb76a15fe2.jpg,train,145.0,336.0,411.0,425.0,베스트,,,,,,,크롭 기장,,,,레귤러핏,,,,퍼·플리스,지퍼|포켓
images/fc12a3aa8ccc5556d66b12eb76a15fe2.jpg,train,162.0,724.0,379.0,269.0,쇼츠,,,,,,,,쇼츠·미니 기장,,,,,,무지,,플리츠
images/fc12a3aa8ccc5556d66b12eb76a15fe2.jpg,train,102.0,303.0,498.0,492.0,가디건,,,,,반팔,기본 소매,크롭 기장,,라운드넥,라펠 칼라,여유핏,,,무지,니트,리본
images/a260fae62c3a139913f647dec68de716.jpg,train,299.0,459.0,132.0,420.0,청바지,,,,,,,,롱·긴바지 기장,,,,슬림핏,,무지,데님,
images/a260fae62c3a139913f647dec68de716.jpg,train,205.0,215.0,311.0,486.0,코트,,,,,긴팔,기본 소매,,,,,슬림핏,,,무지,퍼·플리스,단추|포켓
images/32508e6997f2fd4ff5132b9439a7482a.jpg,train,252.0,293.0,243.0,238.0,티셔츠,,,,,반팔,기본 소매,,,,스탠드 칼라,레귤러핏,,,무지,,
images/32508e6997f2fd4ff5132b9439a7482a.jpg,train,234.0,510.0,227.0,409.0,스커트,,,,,,,,미디·7부 기장,,,,스트레이트핏,H라인,무지,,지퍼
images/ab553188680b771c9ad5a85e3b1124f1.jpg,train,197.0,204.0,156.0,380.0,셔츠,,,,,,,기본 기장,,,셔츠 칼라,레귤러핏,,,스트라이프,,단추|지퍼
images/ab553188680b771c9ad5a85e3b1124f1.jpg,train,190.0,528.0,171.0,365.0,청바지,,,,,,,,롱·긴바지 기장,,,,,,무지,데님,
images/ab553188680b771c9ad5a85e3b1124f1.jpg,train,125.0,197.0,304.0,458.0,재킷,,,,,긴팔,기본 소매,크롭 기장,,,라펠 칼라,레귤러핏,,,무지,,지퍼|포켓|벨트
images/d9ccc0dbbbc6eafff0415e6d69d97798.jpg,val_train_split,263.0,425.0,312.0,490.0,원피스,,,,,긴팔,기본 소매,,쇼츠·미니 기장,,,,,A라인,,,
images/d9ccc0dbbbc6eafff0415e6d69d97798.jpg,val_train_split,225.0,264.0,154.0,245.0,티셔츠,,,,,,,,,터틀넥,,레귤러핏,,,무지,,
images/d9ccc0dbbbc6eafff0415e6d69d97798.jpg,val_train_split,120.0,276.0,419.0,474.0,재킷,,,,,긴팔,기본 소매,크롭 기장,,,,여유핏,,,무지,,단추|포켓
images/948ed0a09852bb1b48e6a96931fb95e6.jpg,train,192.0,319.0,265.0,627.0,원피스,,,,,반팔,퍼프 소매,,롱·긴바지 기장,V넥,,,,,무지,,
images/89517108764788e675ff5e850035bb8e.jpg,train,448.0,247.0,88.0,110.0,티셔츠,,,,,반팔,캡 소매,,,V넥,,슬림핏,,,무지,,
images/89517108764788e675ff5e850035bb8e.jpg,train,438.0,351.0,99.0,78.0,쇼츠,,,,,,,,쇼츠·미니 기장,,,,슬림핏,,무지,,포켓|벨트
images/91fdf597ef0cf63b25410ae6aafe1b55.jpg,train,152.0,181.0,254.0,477.0,원피스,,,,,반팔,캡 소매,,쇼츠·미니 기장,V넥,,,,A라인,,,스팽글|지퍼
images/345ccd4d1fa0d43a103c1590b76f131d.jpg,val_train_split,208.0,387.0,203.0,630.0,스커트,,,,,,,,롱·긴바지 기장,,,,,,무지,,스팽글|지퍼
images/345ccd4d1fa0d43a103c1590b76f131d.jpg,val_train_split,181.0,227.0,326.0,304.0,탑,,,,,긴팔,기본 소매,크롭 기장,,V넥,,슬림핏,,,무지,,스팽글
images/8dbfea5d219d531b9a0a4e331fb0a98c.jpg,train,270.0,235.0,360.0,787.0,점프수트,,,,,,,,,,,,,,,,지퍼
images/ee9ba96fe055cbfa17dbe24799365177.jpg,train,532.0,188.0,238.0,341.0,셔츠,,,,,긴팔,기본 소매,,,,셔츠 칼라,레귤러핏,,,스트라이프,,단추
images/ee9ba96fe055cbfa17dbe24799365177.jpg,train,353.0,310.0,378.0,316.0,점프수트,,,,,,,,,,,,,,무지,,단추
images/ee9ba96fe055cbfa17dbe24799365177.jpg,train,476.0,233.0,387.0,393.0,코트,,,,,7부 소매,래글런 소매,,,,,레귤러핏,,,무지,퍼·플리스,
images/e12c7dcd780bc5c6eb7a7d9dad6293c7.jpg,train,232.0,181.0,75.0,136.0,셔츠,,,,,,,,,,셔츠 칼라,레귤러핏,,,무지,,단추|포켓
images/e12c7dcd780bc5c6eb7a7d9dad6293c7.jpg,train,218.0,264.0,26.0,110.0,베스트,,,,,,,,,,,슬림핏,,,무지,,
images/e12c7dcd780bc5c6eb7a7d9dad6293c7.jpg,train,195.0,192.0,200.0,393.0,블레이저,,,,,긴팔,기본 소매,,,,라펠 칼라,레귤러핏,,,무지,,단추|포켓
images/e12c7dcd780bc5c6eb7a7d9dad6293c7.jpg,train,214.0,527.0,160.0,421.0,팬츠,,,,,,,,롱·긴바지 기장,,,,,,무지,,
images/6c5461e1eadd0d54806cbdc901ff52c5.jpg,train,247.0,505.0,231.0,182.0,스커트,,,,,,,,쇼츠·미니 기장,,,,,A라인,무지,,포켓|벨트
images/6c5461e1eadd0d54806cbdc901ff52c5.jpg,train,238.0,262.0,276.0,281.0,셔츠,,,,,7부 소매,기본 소매,크롭 기장,,,칼라 없음,레귤러핏,,,무지,,단추|포켓
images/d8627028a05670254e1a067a4d28bf92.jpg,train,145.0,604.0,361.0,396.0,원피스,,,,,,,,롱·긴바지 기장,,,,,,플로럴,,지퍼
images/d8627028a05670254e1a067a4d28bf92.jpg,train,217.0,203.0,249.0,437.0,코트,,,,,7부 소매,래글런 소매,,,,스탠드 칼라,오버핏,,,무지,,
images/f0fbfa88cb125451684fc71de30a5572.jpg,train,364.0,211.0,216.0,420.0,재킷,,,,,긴팔,기본 소매,크롭 기장,,,칼라 없음,슬림핏,,,,,지퍼
images/f0fbfa88cb125451684fc71de30a5572.jpg,train,406.0,560.0,106.0,29.0,탑,,,,,,,기본 기장,,,,레귤러핏,,,무지,,
images/f0fbfa88cb125451684fc71de30a5572.jpg,train,402.0,574.0,185.0,245.0,팬츠,,,,,,,,,,,,슬림핏,,무지,,
images/9fa50ff1fae7799cd9c22cdda9affd8e.jpg,train,0.0,210.0,491.0,717.0,점프수트,,,,,,,,롱·긴바지 기장,,,,,,스트라이프,,지퍼
images/0e1759ba6178f5d5af33e920dc655dd0.jpg,train,203.0,585.0,172.0,292.0,스커트,,,,,,,,미디·7부 기장,,,,플레어핏,,플로럴,,지퍼
images/0e1759ba6178f5d5af33e920dc655dd0.jpg,train,148.0,352.0,230.0,275.0,니트,,,,,긴팔,,크롭 기장,,터틀넥,,여유핏,,,무지,니트,
images/2124b52497a93f93819952413f528c72.jpg,train,281.0,270.0,103.0,230.0,티셔츠,,,,,,,,,,,레귤러핏,,,무지,,
images/2124b52497a93f93819952413f528c72.jpg,train,161.0,215.0,298.0,458.0,가디건,,,,,긴팔,기본 소매,,,,,레귤러핏,,,,니트,
images/2124b52497a93f93819952413f528c72.jpg,train,219.0,480.0,149.0,476.0,청바지,,,,,,,,롱·긴바지 기장,,,,,,무지,데님,
images/390824a76beba397e7b2e4be65cfaac2.jpg,val_train_split,110.0,175.0,280.0,475.0,원피스,,,,,반팔,벨 소매,,쇼츠·미니 기장,V넥,,,,A라인,무지,,지퍼
images/10f04b3b2d20d30195d123cec3024ee1.jpg,train,111.0,249.0,390.0,517.0,니트,,,,,긴팔,래글런 소매,크롭 기장,,,,여유핏,,,무지,니트,
images/10f04b3b2d20d30195d123cec3024ee1.jpg,train,157.0,705.0,332.0,318.0,청바지,,,,,,,,,,,,,,무지,데님,
images/5fa5bb97edafefbd86b207a0beaa2476.jpg,train,256.0,180.0,179.0,327.0,티셔츠,,,,,,,기본 기장,,라운드넥,,레귤러핏,,,무지,,
images/5fa5bb97edafefbd86b207a0beaa2476.jpg,train,200.0,149.0,295.0,371.0,셔츠,,,,,긴팔,기본 소매,크롭 기장,,,셔츠 칼라,레귤러핏,,,그래픽,,단추
images/5fa5bb97edafefbd86b207a0beaa2476.jpg,train,259.0,494.0,172.0,149.0,쇼츠,,,,,,,,쇼츠·미니 기장,,,,,,무지,,
images/cb7c2f3655a0ad2c5c0bd7b8168b88dd.jpg,train,263.0,282.0,124.0,489.0,원피스,,,,,,,,미디·7부 기장,라운드넥,,,,A라인,무지,,지퍼|벨트
images/cb7c2f3655a0ad2c5c0bd7b8168b88dd.jpg,train,170.0,259.0,312.0,517.0,코트,,,,,긴팔,기본 소매,,,,라펠 칼라,여유핏,,,무지,,단추
images/ed4b8c22432181c5a6987db1e00bbdd3.jpg,train,252.0,283.0,230.0,446.0,점프수트,,,,,긴팔,벌룬 소매,,롱·긴바지 기장,스퀘어넥,,,,,무지,,지퍼
images/db586d73243aa6c76765a175542da1ec.jpg,train,182.0,244.0,176.0,366.0,셔츠,,,,,,,,,,,레귤러핏,,,무지,,단추|포켓
images/db586d73243aa6c76765a175542da1ec.jpg,train,187.0,587.0,159.0,281.0,팬츠,,,,,,,,,,,,스트레이트핏,H라인,카모,,
images/db586d73243aa6c76765a175542da1ec.jpg,train,129.0,237.0,277.0,317.0,재킷,,,,,긴팔,기본 소매,기본 기장,,,,레귤러핏,,,무지,가죽|스웨이드,지퍼
images/ae87ae76022729b78439e8cb45531795.jpg,train,95.0,540.0,265.0,382.0,청바지,,,,,,,,롱·긴바지 기장,,,,,,무지,데님,포켓
images/ae87ae76022729b78439e8cb45531795.jpg,train,136.0,199.0,305.0,392.0,티셔츠,,,,,반팔,기본 소매,기본 기장,,,,오버핏,,,스트라이프,,
images/05d7cc75b0118ac6deb1e5ac10f5c630.jpg,train,70.0,32.0,546.0,942.0,코트,,,,,반팔,기본 소매,,,,,여유핏,,,체크,,단추|포켓|리본|벨트|후드
images/05d7cc75b0118ac6deb1e5ac10f5c630.jpg,train,234.0,943.0,395.0,79.0,청바지,,,,,,,,,,,,슬림핏,,무지,데님,
images/90a3056a013d55a006569d4eb659016b.jpg,train,436.0,32.0,200.0,416.0,니트,,,,,긴팔,,크롭 기장,,,,여유핏,,,무지,니트,
images/90a3056a013d55a006569d4eb659016b.jpg,train,491.0,460.0,153.0,106.0,쇼츠,,,,,,,,쇼츠·미니 기장,,,,,,무지,,지퍼|포켓
images/fc793fec408447595b641820e5c7fe87.jpg,val_train_split,188.0,223.0,286.0,396.0,니트,,,,,긴팔,,크롭 기장,,,,레귤러핏,,,,니트,
images/fc793fec408447595b641820e5c7fe87.jpg,val_train_split,208.0,570.0,222.0,110.0,팬츠,,,,,,,,,,,,,,무지,,
images/6cdfef0149119255b336a5647d570873.jpg,train,201.0,159.0,223.0,210.0,티셔츠,,,,,,,,,터틀넥,,레귤러핏,,,무지,,
images/6cdfef0149119255b336a5647d570873.jpg,train,216.0,359.0,183.0,534.0,팬츠,,,,,,,,롱·긴바지 기장,,,,,,무지,,플리츠
images/a176eeeb2f4d4a8abd24d5ceda72a676.jpg,train,312.0,217.0,482.0,462.0,셔츠,,,,,반팔,기본 소매,크롭 기장,,,셔츠 칼라,레귤러핏,,,도트,,단추
images/d710af295ecf4c0cf8752f37a9d1f77c.jpg,train,193.0,806.0,336.0,217.0,팬츠,,,,,,,,,,,,슬림핏,,무지,,
images/d710af295ecf4c0cf8752f37a9d1f77c.jpg,train,224.0,395.0,343.0,440.0,탑,,,,,반팔,퍼프 소매,기본 기장,,오프숄더,,레귤러핏,,,무지,,플리츠
images/9491b3c39d28aa18ed56fb6545dc9cd9.jpg,train,392.0,215.0,275.0,379.0,재킷,,,,,긴팔,기본 소매,크롭 기장,,,라펠 칼라,슬림핏,,,무지,가죽|스웨이드,지퍼|포켓
images/9491b3c39d28aa18ed56fb6545dc9cd9.jpg,train,425.0,532.0,208.0,150.0,팬츠,,,,,,,,,,,,슬림핏,,무지,,
images/8878d149f53f92e29c1134ed8fc1ac6b.jpg,train,272.0,199.0,156.0,470.0,탑,,,,,,,기본 기장,,,,슬림핏,,비대칭,무지,,
images/8878d149f53f92e29c1134ed8fc1ac6b.jpg,train,290.0,433.0,156.0,452.0,팬츠,,,,,,,,롱·긴바지 기장,,,,,,,,
images/8878d149f53f92e29c1134ed8fc1ac6b.jpg,train,243.0,145.0,275.0,488.0,코트,,,,,긴팔,기본 소매,,,,칼라 없음,레귤러핏,,,,,단추
images/b332a0cf591dcca08d822a4118856698.jpg,train,245.0,168.0,245.0,734.0,원피스,,,,,,,,롱·긴바지 기장,홀터넥,,,,A라인,무지,,지퍼
images/88154ee43a7d3941e24f14cfd73eb9e9.jpg,train,188.0,222.0,319.0,539.0,원피스,,,,,긴팔,기본 소매,,쇼츠·미니 기장,V넥,,,,,스트라이프,,스팽글|지퍼
images/1722ea35dc9eaa241d00e0fb4fe41781.jpg,train,276.0,430.0,265.0,208.0,스커트,,,,,,,,쇼츠·미니 기장,,,,플레어핏,,체크,,지퍼|벨트
images/1722ea35dc9eaa241d00e0fb4fe41781.jpg,train,282.0,167.0,208.0,214.0,티셔츠,,,,,,기본 소매,,,,,레귤러핏,,,무지,,
images/1722ea35dc9eaa241d00e0fb4fe41781.jpg,train,332.0,243.0,161.0,218.0,탑,,,,,,기본 소매,,,,,슬림핏,,,도트,,벨트
images/7e17bba5f72960eda38d263d26be9190.jpg,train,226.0,284.0,206.0,673.0,점프수트,,,,,,,,롱·긴바지 기장,,,,,,,,지퍼
images/f14289e278349330c8d64de9318b4281.jpg,val_train_split,428.0,302.0,162.0,166.0,탑,,,,,,,크롭 기장,,오프숄더,,오버핏,,,무지,,프릴·러플
images/f14289e278349330c8d64de9318b4281.jpg,val_train_split,518.0,414.0,93.0,75.0,쇼츠,,,,,,,,쇼츠·미니 기장,,,,,,무지,,
images/f84f9768737adcfdfef24418ee5e6304.jpg,val_train_split,207.0,242.0,263.0,592.0,원피스,,,,,,,,쇼츠·미니 기장,,,,,H라인,,,스팽글|지퍼
images/53fbf721ad39146325bd247d4acbf545.jpg,train,171.0,243.0,227.0,383.0,원피스,,,,,긴팔,기본 소매,,쇼츠·미니 기장,,,,,,,가죽,지퍼
images/15648e714c95a87801429c1302c581c0.jpg,train,301.0,329.0,262.0,351.0,탑,,,,,7부 소매,,크롭 기장,,오프숄더,,여유핏,,,무지,,
images/15648e714c95a87801429c1302c581c0.jpg,train,315.0,672.0,270.0,285.0,쇼츠,,,,,,,,쇼츠·미니 기장,,,,슬림핏,,무지,,포켓|벨트
images/39c2c593d26df56095922d8050f660d4.jpg,val_train_split,393.0,529.0,159.0,153.0,팬츠,,,,,,,,,,,,슬림핏,,무지,,
images/39c2c593d26df56095922d8050f660d4.jpg,val_train_split,304.0,161.0,324.0,440.0,코트,,,,,긴팔,기본 소매,,,,라펠 칼라,슬림핏,,,무지,퍼·플리스,지퍼
images/275872919804a45f6bf4499d1639d28f.jpg,train,196.0,279.0,264.0,484.0,원피스,,,,,긴팔,벨 소매,,롱·긴바지 기장,V넥,,,,,애니멀,,
images/275872919804a45f6bf4499d1639d28f.jpg,train,287.0,600.0,113.0,254.0,팬츠,,,,,,,,롱·긴바지 기장,,,,,,무지,,
images/e82678f0fc193967712fcb09c3e4bc14.jpg,train,307.0,187.0,181.0,257.0,탑,,,,,,,크롭 기장,,,,슬림핏,,,무지|플로럴,,
images/e82678f0fc193967712fcb09c3e4bc14.jpg,train,286.0,423.0,217.0,410.0,스커트,,,,,,,,미디·7부 기장,,,,플레어핏,X라인,무지,,플리츠|지퍼
images/197608ffe859ec4cba3a9aca573c0edf.jpg,train,246.0,194.0,74.0,99.0,티셔츠,,,,,,,,,,셔츠 칼라,레귤러핏,,,무지,,
images/197608ffe859ec4cba3a9aca573c0edf.jpg,train,222.0,231.0,119.0,261.0,베스트,,,,,,,크롭 기장,,,,레귤러핏,,,무지,,단추
images/197608ffe859ec4cba3a9aca573c0edf.jpg,train,124.0,210.0,333.0,344.0,재킷,,,,,긴팔,기본 소매,기본 기장,,,,여유핏,,,무지,,지퍼
images/197608ffe859ec4cba3a9aca573c0edf.jpg,train,204.0,446.0,196.0,437.0,팬츠,,,,,,,,롱·긴바지 기장,,,,,,무지,,포켓|지퍼
images/9f6bbac2ce05795a576f4f79551c4688.jpg,train,187.0,227.0,194.0,343.0,원피스,,,,,,,,쇼츠·미니 기장,,,,,,무지,,지퍼|포켓
images/9f6bbac2ce05795a576f4f79551c4688.jpg,train,181.0,144.0,197.0,368.0,베스트,,,,,,,기본 기장,,,셔츠 칼라,슬림핏,,,무지,,단추
images/30a71d462ae6742e29d4d797e594b21d.jpg,val_train_split,141.0,198.0,414.0,723.0,원피스,,,,,7부 소매,벨 소매,,롱·긴바지 기장,,,,,,무지|플로럴,,플리츠|지퍼|벨트
images/73c14e984c69ad9459f0b256704faf56.jpg,train,350.0,216.0,54.0,140.0,티셔츠,,,,,,,,,,,슬림핏,,,무지,,
images/73c14e984c69ad9459f0b256704faf56.jpg,train,308.0,324.0,234.0,169.0,청바지,,,,,,,,롱·긴바지 기장,,,,슬림핏,,무지,데님,
images/73c14e984c69ad9459f0b256704faf56.jpg,train,247.0,177.0,282.0,347.0,가디건,,,,,긴팔,기본 소매,,,,,레귤러핏,,,,니트,
images/187c506e921b268071238feacce39c5b.jpg,train,357.0,161.0,237.0,338.0,재킷,,,,,긴팔,기본 소매,크롭 기장,,,칼라 없음,레귤러핏,,,무지,,지퍼|포켓|벨트
images/187c506e921b268071238feacce39c5b.jpg,train,387.0,182.0,260.0,440.0,셔츠,,,,,,,,,,,레귤러핏,,,무지,,단추
images/187c506e921b268071238feacce39c5b.jpg,train,373.0,434.0,277.0,469.0,팬츠,,,,,,,,,,,,슬림핏,,무지,,
images/1a43788fa4d2bb1a3ea66543a0922d62.jpg,train,259.0,257.0,187.0,146.0,티셔츠,,,,,반팔,,,,,,레귤러핏,,,무지,,
images/1a43788fa4d2bb1a3ea66543a0922d62.jpg,train,263.0,390.0,147.0,290.0,스커트,,,,,,,,무릎 기장,,,,,,그래픽,,지퍼
images/b7a7b63a8c1150abab6f7007e4e4e290.jpg,val_train_split,643.0,221.0,44.0,95.0,티셔츠,,,,,,,,,터틀넥,라펠 칼라,슬림핏,,,무지,,
images/b7a7b63a8c1150abab6f7007e4e4e290.jpg,val_train_split,622.0,312.0,110.0,182.0,청바지,,,,,,,,롱·긴바지 기장,,,,슬림핏,,무지,데님,
images/b7a7b63a8c1150abab6f7007e4e4e290.jpg,val_train_split,602.0,234.0,112.0,144.0,재킷,,,,,긴팔,기본 소매,크롭 기장,,,,레귤러핏,,,무지,,지퍼|포켓
images/976c6f1ac0a75066c261d9be138242d0.jpg,train,135.0,765.0,299.0,258.0,팬츠,,,,,,,,,,,,슬림핏,,무지,,
images/976c6f1ac0a75066c261d9be138242d0.jpg,train,71.0,325.0,453.0,533.0,티셔츠,,,,,긴팔,,기본 기장,,,,레귤러핏,,비대칭,무지,,
images/976c6f1ac0a75066c261d9be138242d0.jpg,train,90.0,692.0,370.0,331.0,셔츠,,,,,,,,,,,레귤러핏,,,체크,,
images/c4709436499578c8426c1ad4d946f8e2.jpg,train,255.0,257.0,155.0,127.0,탑,,,,,,,크롭 기장,,,,레귤러핏,,,,,
images/c4709436499578c8426c1ad4d946f8e2.jpg,train,215.0,369.0,222.0,479.0,스커트,,,,,,,,롱·긴바지 기장,,,,,,그래픽,,지퍼
images/5d88193e5acf4ebb5505cbfd534c7c58.jpg,train,291.0,251.0,201.0,408.0,원피스,,,,,,,,무릎 기장,,,,,,애니멀|플로럴,,지퍼
images/3e43c43714b671ff8963a7b12e266f18.jpg,train,149.0,553.0,520.0,470.0,코트,,,,,,,,,,,레귤러핏,,,무지,퍼·플리스,
images/3e43c43714b671ff8963a7b12e266f18.jpg,train,232.0,347.0,348.0,383.0,티셔츠,,,,,,기본 소매,크롭 기장,,라운드넥,,슬림핏,,,무지,,
images/816ddd1e042d7684604e92178041cda5.jpg,train,226.0,271.0,258.0,239.0,탑,,,,,긴팔,기본 소매,크롭 기장,,,,슬림핏,,,무지,,
images/816ddd1e042d7684604e92178041cda5.jpg,train,225.0,233.0,269.0,180.0,재킷,,,,,반팔,기본 소매,크롭 기장,,,칼라 없음,레귤러핏,,,무지,,리본
images/816ddd1e042d7684604e92178041cda5.jpg,train,264.0,387.0,163.0,263.0,스커트,,,,,,,,쇼츠·미니 기장,,,,,,무지,,지퍼
images/60300271fcc85f30d2bcdaccddaf0503.jpg,val_train_split,215.0,233.0,249.0,463.0,원피스,,,,,,,,쇼츠·미니 기장,V넥,,,,O라인,플로럴,,지퍼|벨트
images/c3c6eba9302cd924da6d2bf7d071b854.jpg,train,104.0,213.0,379.0,783.0,원피스,,,,,,,,롱·긴바지 기장,,,,,,,,스팽글|지퍼
images/1c9f3eb0bae321d9b6ee0f5749faa8d2.jpg,val_train_split,206.0,260.0,135.0,215.0,탑,,,,,,,크롭 기장,,보트넥,,슬림핏,,,그래픽,,
images/1c9f3eb0bae321d9b6ee0f5749faa8d2.jpg,val_train_split,105.0,442.0,247.0,444.0,팬츠,,,,,,,,롱·긴바지 기장,,,,,,그래픽,,
images/c5ad374fdef1cd50748cb4807183f208.jpg,train,311.0,271.0,113.0,348.0,원피스,,,,,,,,쇼츠·미니 기장,라운드넥,,,,H라인,,,지퍼
images/c5ad374fdef1cd50748cb4807183f208.jpg,train,269.0,263.0,219.0,329.0,원피스,,,,,반팔,기본 소매,,쇼츠·미니 기장,,,,,A라인,스트라이프,,
images/4db2b0e839e61ebfb603a388a0d47c85.jpg,train,248.0,490.0,210.0,381.0,팬츠,,,,,,,,롱·긴바지 기장,,,,와이드핏,,무지,,
images/4db2b0e839e61ebfb603a388a0d47c85.jpg,train,229.0,212.0,233.0,345.0,탑,,,,,반팔,기본 소매,기본 기장,,V넥,,여유핏,,,무지|그래픽,,
images/7399df05368aa6fa3e00d0ff95b9b716.jpg,train,383.0,167.0,114.0,135.0,점프수트,,,,,,,,쇼츠·미니 기장,오프숄더,,레귤러핏,,,,,프릴·러플
images/b911a9fde3cb77a61e8882e7cf78fb4f.jpg,train,217.0,193.0,259.0,473.0,원피스,,,,,반팔,기본 소매,,무릎 기장,보트넥,,,,A라인,무지,,플리츠|지퍼|리본
images/42b1c8258381d9d3dfc45ef8eed977aa.jpg,train,146.0,270.0,348.0,753.0,원피스,,,,,,,,,보트넥,,,,,스트라이프,,지퍼
images/42b1c8258381d9d3dfc45ef8eed977aa.jpg,train,85.0,281.0,452.0,732.0,가디건,,,,,긴팔,,,,,,레귤러핏,,,무지,니트,
images/af96f687201ffefaec29954ed7e29e8b.jpg,train,49.0,252.0,620.0,671.0,코트,,,,,긴팔,기본 소매,,,,라펠 칼라,레귤러핏,,,무지,퍼·플리스,지퍼|포켓
images/af96f687201ffefaec29954ed7e29e8b.jpg,train,55.0,178.0,346.0,533.0,니트,,,,,긴팔,기본 소매,크롭 기장,,,,여유핏,,,무지,니트,포켓|지퍼
images/af96f687201ffefaec29954ed7e29e8b.jpg,train,232.0,620.0,218.0,403.0,팬츠,,,,,,,,,,,,슬림핏,,무지,,포켓|벨트
images/16368e1aa869e1e5cbeafc261834f392.jpg,train,73.0,314.0,562.0,709.0,원피스,,,,,7부 소매,기본 소매,,,,,,,A라인,그래픽,,지퍼
images/51699fa0287b3ed44291d70c74dfb075.jpg,val_train_split,233.0,391.0,227.0,315.0,원피스,,,,,긴팔,,,쇼츠·미니 기장,,,,,A라인,무지,,지퍼|포켓
images/51699fa0287b3ed44291d70c74dfb075.jpg,val_train_split,181.0,333.0,425.0,625.0,코트,,,,,긴팔,기본 소매,,,,라펠 칼라,여유핏,,,무지,가죽|스웨이드,
images/be6e6f65306006a11c6490e3ba77a3de.jpg,train,356.0,269.0,363.0,304.0,후드티,,,,,긴팔,기본 소매,크롭 기장,,,,레귤러핏,,,무지,,후드|포켓
images/be6e6f65306006a11c6490e3ba77a3de.jpg,train,377.0,558.0,158.0,123.0,청바지,,,,,,,,,,,,,,무지,데님,포켓|지퍼
images/45ec3723b394df387ba0950de2f66c5a.jpg,train,267.0,257.0,296.0,606.0,원피스,,,,,,,,쇼츠·미니 기장,V넥,,여유핏,,비대칭,무지,,벨트
images/45ec3723b394df387ba0950de2f66c5a.jpg,train,192.0,243.0,469.0,637.0,코트,,,,,7부 소매,기본 소매,,,,,여유핏,,,무지,퍼·플리스,
images/7c87b727d2c0e7cab7dd5fd76b0a44b0.jpg,train,347.0,305.0,288.0,376.0,원피스,,,,,반팔,기본 소매,,,오프숄더,,,,A라인,플로럴,,지퍼|리본
images/c82b46cc370ac7430efef65fd0e35a07.jpg,train,165.0,139.0,223.0,402.0,원피스,,,,,7부 소매,벨 소매,,무릎 기장,,,오버핏,,,무지,,포켓|지퍼
images/1b27a5b7b95962097fdc4a3beeaed1d0.jpg,train,125.0,196.0,192.0,323.0,탑,,,,,,,크롭 기장,,홀터넥,,슬림핏,,비대칭,스트라이프,,
images/1b27a5b7b95962097fdc4a3beeaed1d0.jpg,train,133.0,468.0,159.0,428.0,팬츠,,,,,,,,롱·긴바지 기장,,,,슬림핏,,무지,,
images/bc20025ca20eba55d72d425aedf7ab73.jpg,train,308.0,374.0,378.0,307.0,티셔츠,,,,,,래글런 소매,,,라운드넥,,레귤러핏,,,무지,,
images/7ad613dc0a0bb3fd60602ddde2963c68.jpg,train,95.0,447.0,279.0,514.0,원피스,,,,,,,,쇼츠·미니 기장,스퀘어넥,,,,,무지,,플리츠|리본|프릴·러플
images/b3c80b74b902e7b56bbc68e61d884c57.jpg,train,192.0,173.0,157.0,234.0,티셔츠,,,,,,,크롭 기장,,터틀넥,,슬림핏,,,무지,,
images/b3c80b74b902e7b56bbc68e61d884c57.jpg,train,157.0,377.0,219.0,257.0,스커트,,,,,,,,쇼츠·미니 기장,,,,플레어핏,X라인,무지,,플리츠|지퍼
images/b3c80b74b902e7b56bbc68e61d884c57.jpg,train,86.0,185.0,360.0,327.0,블레이저,,,,,긴팔,기본 소매,크롭 기장,,,라펠 칼라,레귤러핏,,,그래픽,,
images/864d3e9e4cbcdafb6e21444aec4c17e4.jpg,train,152.0,275.0,176.0,251.0,티셔츠,,,,,긴팔,기본 소매,크롭 기장,,보트넥,,레귤러핏,,,그래픽,,
images/864d3e9e4cbcdafb6e21444aec4c17e4.jpg,train,149.0,278.0,196.0,347.0,원피스,,,,,,,,쇼츠·미니 기장,,,,,A라인,무지,,지퍼
images/79a07e833197a93914776a1cf5207aff.jpg,val_train_split,254.0,587.0,202.0,340.0,청바지,,,,,,,,롱·긴바지 기장,,,,,,무지,데님,
images/79a07e833197a93914776a1cf5207aff.jpg,val_train_split,222.0,206.0,326.0,389.0,가디건,,,,,긴팔,래글런 소매,,,,,레귤러핏,,,무지,니트,단추|포켓
images/79a07e833197a93914776a1cf5207aff.jpg,val_train_split,326.0,208.0,104.0,125.0,셔츠,,,,,,,,,,셔츠 칼라,레귤러핏,,,무지,,단추|포켓
images/79a07e833197a93914776a1cf5207aff.jpg,val_train_split,354.0,242.0,40.0,49.0,티셔츠,,,,,,,,,V넥,,슬림핏,,,무지,,
images/096cfc1b12912443fc22c4618b1efe36.jpg,train,542.0,302.0,106.0,89.0,쇼츠,,,,,,,,쇼츠·미니 기장,,,,,,무지,,지퍼
images/096cfc1b12912443fc22c4618b1efe36.jpg,train,509.0,186.0,242.0,130.0,니트,,,,,7부 소매,기본 소매,크롭 기장,,라운드넥,,레귤러핏,,,무지|플로럴,니트,
images/fdbea88aeaa93ac7dbcb38d07b917e7d.jpg,train,118.0,254.0,189.0,352.0,원피스,,,,,7부 소매,,,쇼츠·미니 기장,오프숄더,,,,,무지,,지퍼|벨트
images/f4ece804809bd6b8a0e5926e9ed2a384.jpg,train,252.0,223.0,209.0,296.0,재킷,,,,,긴팔,기본 소매,크롭 기장,,,스탠드 칼라,레귤러핏,,,무지,,지퍼
images/f4ece804809bd6b8a0e5926e9ed2a384.jpg,train,280.0,422.0,170.0,418.0,청바지,,,,,,,,롱·긴바지 기장,,,,슬림핏,,무지,데님,
images/f4ece804809bd6b8a0e5926e9ed2a384.jpg,train,280.0,253.0,75.0,179.0,티셔츠,,,,,,,크롭 기장,,,,레귤러핏,,,무지,,
images/9bdf5643986f3d885a53040daed06606.jpg,train,242.0,158.0,144.0,321.0,베스트,,,,,,,크롭 기장,,,,레귤러핏,,,무지,퍼·플리스,
images/9bdf5643986f3d885a53040daed06606.jpg,train,256.0,411.0,189.0,510.0,팬츠,,,,,,,,롱·긴바지 기장,,,,슬림핏,,무지,,
images/9bdf5643986f3d885a53040daed06606.jpg,train,167.0,156.0,369.0,365.0,블레이저,,,,,긴팔,기본 소매,기본 기장,,,라펠 칼라,레귤러핏,,,무지,,단추|포켓
images/9bdf5643986f3d885a53040daed06606.jpg,train,238.0,136.0,133.0,365.0,니트,,,,,긴팔,기본 소매,,,터틀넥,,,,,무지,니트,
images/e028373316feae8c830f8ae451d2013a.jpg,train,251.0,301.0,222.0,422.0,점프수트,,,,,,,,쇼츠·미니 기장,,,레귤러핏,,,플로럴,,프릴·러플
images/4fd744e84349bfd3a8b49c506f151a83.jpg,train,402.0,235.0,261.0,350.0,블레이저,,,,,7부 소매,기본 소매,,,,라펠 칼라,레귤러핏,,,무지,,
images/4fd744e84349bfd3a8b49c506f151a83.jpg,train,438.0,283.0,92.0,198.0,탑,,,,,,,크롭 기장,,,,레귤러핏,,,무지,,
images/4fd744e84349bfd3a8b49c506f151a83.jpg,train,399.0,475.0,208.0,410.0,청바지,,,,,,,,롱·긴바지 기장,,,,슬림핏,,무지,데님,스팽글|포켓|지퍼
images/1b52f2065f70c30cc3068a11d0bc27a9.jpg,train,339.0,471.0,149.0,103.0,티셔츠,,,,,반팔,래글런 소매,크롭 기장,,,,레귤러핏,,,,,
images/1b52f2065f70c30cc3068a11d0bc27a9.jpg,train,360.0,565.0,105.0,264.0,스커트,,,,,,,,미디·7부 기장,,,,,,무지,,지퍼
images/231b2789c26d2e6a0c032c884427bda6.jpg,train,285.0,441.0,124.0,384.0,팬츠,,,,,,,,미디·7부 기장,,,,슬림핏,,무지,,
images/231b2789c26d2e6a0c032c884427bda6.jpg,train,218.0,214.0,268.0,349.0,셔츠,,,,,긴팔,,,,,셔츠 칼라,레귤러핏,,,무지,,단추
images/231b2789c26d2e6a0c032c884427bda6.jpg,train,180.0,218.0,268.0,651.0,코트,,,,,긴팔,래글런 소매,,,,,여유핏,,,무지,,
images/97b10da2e8b743fcf458d45ca0a2e5d2.jpg,val_train_split,217.0,47.0,246.0,629.0,원피스,,,,,반팔,캡 소매,,무릎 기장,V넥,,오버핏,,,무지,,후드
images/1d5925d31f000e79bd40f06682c141da.jpg,train,124.0,198.0,364.0,517.0,원피스,,,,,,,,무릎 기장,스퀘어넥,,,,,무지,,플리츠|지퍼
images/5a2d0b570dce4d9e6bdb05431bf03a76.jpg,train,72.0,304.0,376.0,719.0,원피스,,,,,,,,,스퀘어넥,,,,A라인,,,지퍼
images/16367dfc5ac9876f0d91a8afb2e78829.jpg,train,484.0,205.0,115.0,208.0,점프수트,,,,,,,,쇼츠·미니 기장,,,여유핏,,,,,
images/02041cc24ec7e8519945e3a90f806634.jpg,train,467.0,489.0,102.0,397.0,팬츠,,,,,,,,,,,,슬림핏,,무지,,
images/02041cc24ec7e8519945e3a90f806634.jpg,train,489.0,213.0,63.0,279.0,티셔츠,,,,,,,크롭 기장,,,,슬림핏,,,무지,,
images/02041cc24ec7e8519945e3a90f806634.jpg,train,396.0,241.0,220.0,435.0,코트,,,,,,,,,,칼라 없음,레귤러핏,,,,,
images/17195df67f1f125bad9592bf22e5be02.jpg,val_train_split,263.0,312.0,142.0,181.0,셔츠,,,,,,,크롭 기장,,,칼라 없음,슬림핏,,,무지,,지퍼
images/17195df67f1f125bad9592bf22e5be02.jpg,val_train_split,222.0,506.0,232.0,356.0,팬츠,,,,,,,,롱·긴바지 기장,,,,슬림핏,,,,
images/341b64b6f8122833afe2e36ea010c5a4.jpg,val_train_split,134.0,327.0,476.0,579.0,원피스,,,,,반팔,기본 소매,,쇼츠·미니 기장,,셔츠 칼라,,,X라인,체크,,플리츠|지퍼|포켓|프릴·러플
images/cbc1c3dfe2e4a7dce7a98a9779ba10ae.jpg,val_train_split,217.0,243.0,297.0,452.0,코트,,,,,긴팔,기본 소매,,,,라펠 칼라,여유핏,,,체크,,단추|포켓
images/cbc1c3dfe2e4a7dce7a98a9779ba10ae.jpg,val_train_split,387.0,664.0,69.0,111.0,쇼츠,,,,,,,,쇼츠·미니 기장,,,,슬림핏,,무지,,
images/cbc1c3dfe2e4a7dce7a98a9779ba10ae.jpg,val_train_split,304.0,686.0,63.0,97.0,쇼츠,,,,,,,,쇼츠·미니 기장,,,,슬림핏,,무지,,
images/6299e6b790109a51e54cf55359132be7.jpg,train,173.0,280.0,102.0,185.0,티셔츠,,,,,,,크롭 기장,,터틀넥,,슬림핏,,,스트라이프,,
images/6299e6b790109a51e54cf55359132be7.jpg,train,199.0,437.0,195.0,186.0,스커트,,,,,,,,쇼츠·미니 기장,,,,,,무지,,지퍼
images/6299e6b790109a51e54cf55359132be7.jpg,train,80.0,274.0,288.0,346.0,코트,,,,,긴팔,기본 소매,,,,스탠드 칼라,레귤러핏,,,무지,,단추|포켓
images/ffb493fb5d67f7d118109797d6bbce10.jpg,train,177.0,169.0,302.0,500.0,코트,,,,,긴팔,래글런 소매,,,,라펠 칼라,여유핏,,,무지,,단추|포켓
images/24940c398f23f181f3f7420c358b20a6.jpg,train,56.0,563.0,232.0,457.0,코트,,,,,,,,,,,레귤러핏,,,무지,,
images/24940c398f23f181f3f7420c358b20a6.jpg,train,242.0,274.0,326.0,748.0,원피스,,,,,반팔,캡 소매,,,V넥,,,,A라인,플로럴,,단추
images/95dcd37217339b56caaac226b05e0f20.jpg,train,62.0,241.0,482.0,781.0,원피스,,,,,7부 소매,기본 소매,,,,셔츠 칼라,,,H라인,그래픽,,단추|포켓|벨트
images/1dfa4554eb0f0621be5cd286a72e0083.jpg,val_train_split,400.0,460.0,196.0,473.0,청바지,,,,,,,,롱·긴바지 기장,,,,슬림핏,,무지,데님,
images/1dfa4554eb0f0621be5cd286a72e0083.jpg,val_train_split,383.0,172.0,262.0,313.0,니트,,,,,긴팔,기본 소매,크롭 기장,,터틀넥,,레귤러핏,,,무지,니트,포켓
images/37511241b580b1309276e030e9830a8f.jpg,train,218.0,397.0,164.0,331.0,스커트,,,,,,,,무릎 기장,,,,,,,,지퍼
images/37511241b580b1309276e030e9830a8f.jpg,train,147.0,201.0,271.0,312.0,블레이저,,,,,긴팔,벌룬 소매,크롭 기장,,,라펠 칼라,여유핏,,,무지,,
images/a5c2487b1dd5e0c7eac8d3b368c00bfc.jpg,train,365.0,284.0,162.0,324.0,원피스,,,,,,,,쇼츠·미니 기장,스퀘어넥,,,,A라인,도트,,지퍼
images/99ceb09f194d783d852b0261cf59fc99.jpg,train,177.0,210.0,167.0,408.0,원피스,,,,,,,,쇼츠·미니 기장,라운드넥,,,,A라인,,,지퍼
images/99ceb09f194d783d852b0261cf59fc99.jpg,train,150.0,218.0,230.0,137.0,티셔츠,,,,,반팔,벨 소매,,,,,레귤러핏,,,무지,,
images/c64b0773307ad2628b5fe9bdd8337dab.jpg,train,249.0,208.0,177.0,346.0,원피스,,,,,,,,쇼츠·미니 기장,라운드넥,,,,,무지,,지퍼
images/c64b0773307ad2628b5fe9bdd8337dab.jpg,train,218.0,141.0,260.0,323.0,재킷,,,,,,기본 소매,크롭 기장,,,스탠드 칼라,레귤러핏,,,무지,,지퍼
images/f392bf310e3ea1a5870f7e833488fd37.jpg,train,233.0,383.0,186.0,501.0,팬츠,,,,,,,,롱·긴바지 기장,,,,슬림핏,,애니멀,,포켓|벨트
images/f392bf310e3ea1a5870f7e833488fd37.jpg,train,261.0,246.0,151.0,155.0,탑,,,,,,,크롭 기장,,,,슬림핏,,,무지,,
images/6c0b90d860dd0c1237000bfa7eec499f.jpg,train,526.0,395.0,422.0,573.0,점프수트,,,,,,,,쇼츠·미니 기장,,,,,,무지,,지퍼
images/cc5eed45e61a9b722f53117bec0c176a.jpg,train,327.0,265.0,265.0,449.0,원피스,,,,,긴팔,벌룬 소매,,무릎 기장,,,오버핏,,,무지,,벨트
images/a7ba02afa81920ccc07e89435727ca45.jpg,train,88.0,206.0,301.0,237.0,탑,,,,,7부 소매,벌룬 소매,크롭 기장,,,,슬림핏,,,무지,,
images/a7ba02afa81920ccc07e89435727ca45.jpg,train,153.0,421.0,190.0,184.0,스커트,,,,,,,,쇼츠·미니 기장,,,,,,무지,,지퍼
images/f9e94c74e5b5cdbfd1c1a1e803b44d02.jpg,train,241.0,235.0,269.0,423.0,코트,,,,,7부 소매,,,,,라펠 칼라,여유핏,,,무지,,단추|포켓
images/f9e94c74e5b5cdbfd1c1a1e803b44d02.jpg,train,286.0,229.0,62.0,88.0,티셔츠,,,,,,,,,터틀넥,,슬림핏,,,무지,,
images/fbef048015735f126a5b210541a2fc0d.jpg,train,191.0,322.0,355.0,336.0,티셔츠,,,,,반팔,퍼프 소매,크롭 기장,,,,슬림핏,,,플로럴,,스팽글
images/fbef048015735f126a5b210541a2fc0d.jpg,train,165.0,630.0,368.0,393.0,스커트,,,,,,,,,,,,,비대칭,무지,,
images/67a069314b59a2565dafde96850d26ca.jpg,train,244.0,768.0,187.0,255.0,청바지,,,,,,,,,,,,슬림핏,,무지,데님,포켓|지퍼
images/67a069314b59a2565dafde96850d26ca.jpg,train,222.0,538.0,223.0,256.0,티셔츠,,,,,반팔,기본 소매,크롭 기장,,터틀넥,,슬림핏,,,무지,,
images/00cd5bb501e031aeeeeb337fb3f5b6d8.jpg,train,245.0,741.0,224.0,33.0,스커트,,,,,,,,미디·7부 기장,,,,,A라인,스트라이프,,플리츠|지퍼
images/00cd5bb501e031aeeeeb337fb3f5b6d8.jpg,train,195.0,244.0,351.0,507.0,코트,,,,,긴팔,퍼프 소매,,,,,,,,무지,,단추
images/00cd5bb501e031aeeeeb337fb3f5b6d8.jpg,train,200.0,253.0,173.0,167.0,셔츠,,,,,긴팔,,,,,,레귤러핏,,,무지,,
images/729232cfdba532daeb67819f17cfeb05.jpg,val_train_split,553.0,125.0,216.0,483.0,원피스,,,,,7부 소매,기본 소매,,무릎 기장,,셔츠 칼라,오버핏,,,무지,,단추
images/729232cfdba532daeb67819f17cfeb05.jpg,val_train_split,517.0,134.0,201.0,399.0,코트,,,,,7부 소매,기본 소매,,,,,여유핏,,,무지,,포켓
images/170096e579e9507e690f6326fcdee529.jpg,train,199.0,262.0,222.0,658.0,원피스,,,,,,,,롱·긴바지 기장,스퀘어넥,,,,A라인,무지,,지퍼
images/cde8b89c650ec766fa35bdf588e64d4e.jpg,val_train_split,72.0,444.0,450.0,396.0,원피스,,,,,긴팔,벌룬 소매,,롱·긴바지 기장,보트넥,,,,,플로럴,,지퍼
images/c2d582ad8c2ac4f26773cd655e43f993.jpg,train,276.0,468.0,180.0,298.0,청바지,,,,,,,,,,,,슬림핏,,무지,데님,포켓
images/c2d582ad8c2ac4f26773cd655e43f993.jpg,train,263.0,248.0,204.0,221.0,베스트,,,,,,,크롭 기장,,,,슬림핏,,,무지,,
images/c2d582ad8c2ac4f26773cd655e43f993.jpg,train,244.0,255.0,252.0,247.0,셔츠,,,,,7부 소매,기본 소매,크롭 기장,,,,레귤러핏,,,체크,,
images/7d9a32bcd3e34feff43ea1c59c5995ac.jpg,train,171.0,273.0,192.0,402.0,원피스,,,,,반팔,캡 소매,,쇼츠·미니 기장,,,,,,애니멀,,지퍼|벨트
images/f4819d949656ae9170a491928eddf564.jpg,val_train_split,207.0,258.0,150.0,264.0,티셔츠,,,,,,,크롭 기장,,라운드넥,,슬림핏,,,무지,,
images/f4819d949656ae9170a491928eddf564.jpg,val_train_split,60.0,256.0,407.0,443.0,재킷,,,,,긴팔,기본 소매,,,,,레귤러핏,,,무지,,지퍼
images/f4819d949656ae9170a491928eddf564.jpg,val_train_split,107.0,506.0,341.0,516.0,스커트,,,,,,,,쇼츠·미니 기장,,,,스트레이트핏,H라인,무지,,스팽글|지퍼
images/09f746ad33a66d8bb695c65af8c2db60.jpg,train,192.0,242.0,547.0,376.0,원피스,,,,,,,,,홀터넥,,,,A라인,무지,,지퍼
images/fa98e4d98ba21cbe4f69d99eddfeaa7f.jpg,train,259.0,228.0,175.0,420.0,원피스,,,,,,,,무릎 기장,,,,,H라인,무지,,지퍼
images/fa98e4d98ba21cbe4f69d99eddfeaa7f.jpg,train,214.0,205.0,266.0,300.0,블레이저,,,,,긴팔,기본 소매,크롭 기장,,,라펠 칼라,레귤러핏,,,무지,,스팽글
images/4ea1d3fb2c6ddd18bc119b984d7f293f.jpg,val_train_split,162.0,178.0,315.0,758.0,원피스,,,,,긴팔,벨 소매,,롱·긴바지 기장,,,,,A라인,무지,,플리츠|지퍼
images/60241851e405b7b69d131c2b3abc0eb3.jpg,val_train_split,191.0,212.0,272.0,386.0,티셔츠,,,,,반팔,기본 소매,기본 기장,,라운드넥,,오버핏,,,무지,,리본
images/60241851e405b7b69d131c2b3abc0eb3.jpg,val_train_split,269.0,567.0,146.0,168.0,쇼츠,,,,,,,,쇼츠·미니 기장,,,,,,무지,,
images/86f02572a41bd7506b9ce2c431f437f3.jpg,val_train_split,337.0,759.0,75.0,156.0,쇼츠,,,,,,,,쇼츠·미니 기장,,,,슬림핏,,무지,,
images/86f02572a41bd7506b9ce2c431f437f3.jpg,val_train_split,272.0,481.0,146.0,224.0,탑,,,,,반팔,벨 소매,크롭 기장,,,,레귤러핏,,,무지,,
images/1abc49e9d7a0f4356eb31165b01b450d.jpg,train,238.0,604.0,362.0,334.0,스커트,,,,,,,,쇼츠·미니 기장,,,,,O라인,무지,,지퍼|포켓
images/1abc49e9d7a0f4356eb31165b01b450d.jpg,train,286.0,350.0,217.0,265.0,탑,,,,,,,크롭 기장,,,,레귤러핏,,비대칭,무지,,
images/7218f640f9d5072dc9ff598a928d3828.jpg,train,238.0,197.0,181.0,506.0,원피스,,,,,,,,미디·7부 기장,홀터넥,,,,A라인,플로럴,,지퍼
images/7218f640f9d5072dc9ff598a928d3828.jpg,train,358.0,500.0,158.0,363.0,베스트,,,,,,,,,,,레귤러핏,,,무지,퍼·플리스,
images/8b5371a5be259c159cd52239a2c1466a.jpg,train,302.0,392.0,165.0,284.0,원피스,,,,,반팔,기본 소매,,쇼츠·미니 기장,,,,,,,,스팽글|지퍼
images/435c9a86866f061e7607110f677df893.jpg,train,173.0,232.0,257.0,313.0,원피스,,,,,,,,쇼츠·미니 기장,,,,,X라인,무지,,지퍼
images/aae4945eeb9dc4cb66c2186e311ed95d.jpg,val_train_split,234.0,251.0,302.0,422.0,원피스,,,,,7부 소매,래글런 소매,,,,,,,,무지,,지퍼|프릴·러플
images/583d19a8a008af1b195b8a3e2dcf7ec1.jpg,train,110.0,186.0,299.0,338.0,탑,,,,,긴팔,벌룬 소매,크롭 기장,,,,여유핏,,,무지,,
images/583d19a8a008af1b195b8a3e2dcf7ec1.jpg,train,139.0,338.0,179.0,393.0,스커트,,,,,,,,무릎 기장,,,,,,무지,,지퍼
images/4c1ad47c11b68a7e59c1328d3db90373.jpg,train,312.0,138.0,347.0,670.0,코트,,,,,7부 소매,기본 소매,,,,셔츠 칼라,여유핏,,,무지,,
images/4c1ad47c11b68a7e59c1328d3db90373.jpg,train,260.0,209.0,239.0,555.0,원피스,,,,,7부 소매,기본 소매,,무릎 기장,,,,,A라인,체크,,지퍼
images/fe632bf22671aac3a358ab6ae73ae31a.jpg,val_train_split,374.0,224.0,117.0,376.0,팬츠,,,,,,,,롱·긴바지 기장,,,,와이드핏,,무지,,플리츠
images/fe632bf22671aac3a358ab6ae73ae31a.jpg,val_train_split,367.0,123.0,138.0,106.0,티셔츠,,,,,반팔,캡 소매,크롭 기장,,,피터팬 칼라,슬림핏,,,무지,,
images/fc255615eef73ca5aa9960ee7b97057e.jpg,train,147.0,402.0,463.0,621.0,원피스,,,,,,,,,V넥,,,,,애니멀,,지퍼
images/73fa6cf608fb82642f12f0929d5f5280.jpg,train,100.0,162.0,262.0,257.0,후드티,,,,,7부 소매,래글런 소매,크롭 기장,,,,레귤러핏,,,무지,,후드|포켓
images/73fa6cf608fb82642f12f0929d5f5280.jpg,train,133.0,400.0,160.0,406.0,팬츠,,,,,,,,롱·긴바지 기장,,,,슬림핏,,무지,,
images/45bdbb756562901416a4f1ffa13ca1f8.jpg,train,193.0,263.0,241.0,434.0,원피스,,,,,,,,무릎 기장,보트넥,,,,비대칭,무지,,지퍼
images/23d1c20c9ab876c927a7b9960dcb30c5.jpg,val_train_split,21.0,150.0,341.0,393.0,코트,,,,,반팔,래글런 소매,,,,,슬림핏,,,무지,퍼·플리스,포켓|리본|벨트
images/23d1c20c9ab876c927a7b9960dcb30c5.jpg,val_train_split,143.0,458.0,223.0,155.0,스커트,,,,,,,,쇼츠·미니 기장,,,,스트레이트핏,H라인,무지,,지퍼|프릴·러플
images/23d1c20c9ab876c927a7b9960dcb30c5.jpg,val_train_split,36.0,316.0,316.0,151.0,티셔츠,,,,,7부 소매,,크롭 기장,,,,레귤러핏,,,스트라이프,,
images/7b5e37e1419ee43f89c04790f600dc7b.jpg,train,312.0,505.0,129.0,185.0,블레이저,,,,,긴팔,기본 소매,,,,라펠 칼라,레귤러핏,,비대칭,무지,,스팽글|단추
images/7b5e37e1419ee43f89c04790f600dc7b.jpg,train,365.0,602.0,37.0,42.0,티셔츠,,,,,,,크롭 기장,,,,슬림핏,,,무지,,
images/5ce9583395e68c5f1b1865a4654a8771.jpg,train,411.0,250.0,386.0,570.0,가디건,,,,,긴팔,,크롭 기장,,,,여유핏,,,무지,니트,
images/5ce9583395e68c5f1b1865a4654a8771.jpg,train,387.0,621.0,344.0,402.0,청바지,,,,,,,,,,,,슬림핏,,무지,데님,
images/f17040edeca252e7d5a441879fd99dc6.jpg,train,104.0,330.0,465.0,665.0,원피스,,,,,반팔,캡 소매,,롱·긴바지 기장,스퀘어넥,,,,,플로럴,,지퍼
images/3bafc51972208ced863f6479d308ee19.jpg,train,114.0,342.0,330.0,570.0,원피스,,,,,민소매,캡 소매,,쇼츠·미니 기장,라운드넥,,,,A라인,,,플리츠|지퍼
images/816db0e2ad70f7c2e385edd39637cd95.jpg,train,93.0,167.0,259.0,345.0,재킷,,,,,7부 소매,기본 소매,기본 기장,,,,레귤러핏,,,무지,,포켓|지퍼|후드
images/816db0e2ad70f7c2e385edd39637cd95.jpg,train,130.0,501.0,194.0,404.0,팬츠,,,,,,,,롱·긴바지 기장,,,,,,무지,,
images/d53ca0ad393e7ce4182c681bc8439d67.jpg,train,296.0,132.0,365.0,549.0,니트,,,,,긴팔,기본 소매,,,터틀넥,,여유핏,,,무지,니트,
images/912864f26e3c36f1ec59bcfb0ea97ab0.jpg,train,5.0,374.0,605.0,649.0,재킷,,,,,,래글런 소매,,,,라펠 칼라,레귤러핏,,,무지,,단추
images/912864f26e3c36f1ec59bcfb0ea97ab0.jpg,train,149.0,415.0,300.0,608.0,티셔츠,,,,,,,,,라운드넥,,여유핏,,,무지,,포켓
images/be587187ae88369f62be9bcc8f105e49.jpg,train,222.0,227.0,247.0,381.0,원피스,,,,,반팔,기본 소매,,쇼츠·미니 기장,스퀘어넥,,,,,무지|체크,,지퍼
images/402e9bfe897977d5b15fbaa31f267abe.jpg,train,96.0,336.0,386.0,357.0,탑,,,,,반팔,벨 소매,크롭 기장,,오프숄더,,레귤러핏,,,무지,,
images/402e9bfe897977d5b15fbaa31f267abe.jpg,train,234.0,626.0,260.0,217.0,쇼츠,,,,,,,,쇼츠·미니 기장,,,,,,무지,,포켓|지퍼
images/a7abb74f213cccecfb81d92e2c29f789.jpg,train,219.0,200.0,206.0,716.0,점프수트,,,,,반팔,기본 소매,,롱·긴바지 기장,,,,,,무지,,플리츠|지퍼|리본
images/9a266ee0e4c8f8f20a8f2b59fd38192d.jpg,train,241.0,342.0,223.0,547.0,점프수트,,,,,,,,미디·7부 기장,홀터넥,,,,,스트라이프,,지퍼
images/fea766f421f8f6c6a957315567f75d10.jpg,train,270.0,372.0,228.0,574.0,원피스,,,,,긴팔,퍼프 소매,,롱·긴바지 기장,,,,,A라인,,,지퍼
images/077f6bff21e5881d18d42507de0bcb9b.jpg,train,223.0,183.0,269.0,394.0,원피스,,,,,7부 소매,퍼프 소매,,쇼츠·미니 기장,라운드넥,,,,,무지,,지퍼
images/e34b15008c0a384370af5252f0bb8315.jpg,train,349.0,151.0,209.0,475.0,원피스,,,,,,,,롱·긴바지 기장,,,,,,그래픽|도트,,지퍼
images/779fb8bdf442c60501caf24e8999c77b.jpg,train,234.0,373.0,178.0,515.0,팬츠,,,,,,,,롱·긴바지 기장,,,,슬림핏,,무지,,
images/779fb8bdf442c60501caf24e8999c77b.jpg,train,192.0,154.0,244.0,321.0,셔츠,,,,,긴팔,기본 소매,크롭 기장,,,스탠드 칼라,레귤러핏,,,무지,,지퍼
images/8be69610b3b8531d74aec963774a6e5e.jpg,train,153.0,167.0,265.0,712.0,원피스,,,,,반팔,벨 소매,,롱·긴바지 기장,V넥,,,,A라인,플로럴,,리본
images/f68ce7091675af0430bab98222605980.jpg,train,207.0,350.0,237.0,565.0,원피스,,,,,,,,무릎 기장,,칼라 없음,,,A라인,무지,,단추
images/39cb49a71b07fa74b9217f2009daa5a8.jpg,train,237.0,220.0,224.0,741.0,원피스,,,,,,,,롱·긴바지 기장,,,,,,무지,,지퍼|스팽글
images/79fc8166d7f69d8c5810e364f70cba7b.jpg,train,365.0,316.0,222.0,221.0,청바지,,,,,,,,,,,,슬림핏,,무지,데님,
images/79fc8166d7f69d8c5810e364f70cba7b.jpg,train,576.0,205.0,94.0,114.0,티셔츠,,,,,,,크롭 기장,,,,슬림핏,,,무지,,
images/79fc8166d7f69d8c5810e364f70cba7b.jpg,train,512.0,112.0,275.0,344.0,가디건,,,,,긴팔,기본 소매,기본 기장,,,,여유핏,,,무지,니트,
images/a3dbb3cc8ebd262389f33812a34ceb36.jpg,val_train_split,221.0,261.0,253.0,262.0,재킷,,,,,긴팔,기본 소매,크롭 기장,,,,레귤러핏,,,무지,,스팽글|지퍼|포켓
images/a3dbb3cc8ebd262389f33812a34ceb36.jpg,val_train_split,319.0,297.0,26.0,29.0,티셔츠,,,,,,,크롭 기장,,,,슬림핏,,,무지,,
images/a3dbb3cc8ebd262389f33812a34ceb36.jpg,val_train_split,258.0,490.0,210.0,409.0,청바지,,,,,,,,롱·긴바지 기장,,,,,,무지,데님,포켓
images/270836df6fcd70c453213bce9f2345fa.jpg,val_train_split,237.0,193.0,245.0,448.0,후드티,,,,,긴팔,래글런 소매,기본 기장,,,,레귤러핏,,,무지,,후드|포켓|지퍼
images/98d6cc8037706abf2e81e9c93e1c1dfe.jpg,train,308.0,288.0,113.0,98.0,쇼츠,,,,,,,,쇼츠·미니 기장,,,,슬림핏,,무지,,포켓
images/98d6cc8037706abf2e81e9c93e1c1dfe.jpg,train,269.0,123.0,163.0,159.0,탑,,,,,반팔,기본 소매,크롭 기장,,오프숄더,,레귤러핏,,,무지,,리본
images/30fa80bc75241bcdb3c8ad8c110252dc.jpg,train,472.0,230.0,165.0,225.0,코트,,,,,반팔,기본 소매,,,,라펠 칼라,슬림핏,,,애니멀,,단추
images/30fa80bc75241bcdb3c8ad8c110252dc.jpg,train,542.0,255.0,59.0,196.0,원피스,,,,,,,,쇼츠·미니 기장,,,,,A라인,무지,,지퍼
images/d07c929b5b3a3c9c09a581e27aa77295.jpg,train,208.0,256.0,289.0,310.0,재킷,,,,,7부 소매,기본 소매,기본 기장,,,,오버핏,,,무지,퍼·플리스,
images/d07c929b5b3a3c9c09a581e27aa77295.jpg,train,268.0,356.0,170.0,416.0,원피스,,,,,,,,무릎 기장,V넥,,,,H라인,무지,,지퍼
images/d454e5ad8ec73c4116a71ff8e89150bf.jpg,train,574.0,302.0,101.0,111.0,쇼츠,,,,,,,,쇼츠·미니 기장,,,,,,무지,,
images/d454e5ad8ec73c4116a71ff8e89150bf.jpg,train,665.0,293.0,43.0,44.0,탑,,,,,,,크롭 기장,,,,슬림핏,,,무지,,
images/d454e5ad8ec73c4116a71ff8e89150bf.jpg,train,583.0,163.0,262.0,272.0,가디건,,,,,,기본 소매,,,,,여유핏,,,무지,니트,포켓
images/73d36e29ccf4034a27beff51ada524ab.jpg,train,165.0,264.0,459.0,558.0,티셔츠,,,,,긴팔,래글런 소매,크롭 기장,,라운드넥,셔츠 칼라,레귤러핏,,,무지,,
images/73d36e29ccf4034a27beff51ada524ab.jpg,train,209.0,768.0,372.0,254.0,청바지,,,,,,,,,,,,슬림핏,,무지,데님,
images/291258878d0efd0546762e6c02d60034.jpg,train,203.0,165.0,314.0,351.0,가디건,,,,,긴팔,래글런 소매,크롭 기장,,,,레귤러핏,,,,니트,단추
images/291258878d0efd0546762e6c02d60034.jpg,train,201.0,156.0,308.0,408.0,셔츠,,,,,긴팔,,,,,셔츠 칼라,레귤러핏,,,무지,,단추
images/291258878d0efd0546762e6c02d60034.jpg,train,200.0,190.0,255.0,334.0,니트,,,,,긴팔,래글런 소매,기본 기장,,,,레귤러핏,,,,니트,
images/291258878d0efd0546762e6c02d60034.jpg,train,259.0,524.0,180.0,352.0,팬츠,,,,,,,,롱·긴바지 기장,,,,슬림핏,,무지,,
images/32bfc0ca57d7e77dfba6a855e8f0aded.jpg,train,115.0,771.0,418.0,252.0,청바지,,,,,,,,,,,,슬림핏,,무지,데님,
images/32bfc0ca57d7e77dfba6a855e8f0aded.jpg,train,163.0,321.0,404.0,535.0,셔츠,,,,,,,크롭 기장,,,스탠드 칼라,여유핏,,,플로럴,,단추
images/29a7212a7874abadb8b7394cea2d7818.jpg,train,195.0,297.0,366.0,307.0,티셔츠,,,,,반팔,래글런 소매,크롭 기장,,,,레귤러핏,,비대칭,무지,,리본
images/29a7212a7874abadb8b7394cea2d7818.jpg,train,188.0,520.0,352.0,440.0,원피스,,,,,,,,쇼츠·미니 기장,,,,,O라인,무지,,지퍼
images/9213aca6ecd731c668840e21cc8a4c63.jpg,train,248.0,567.0,166.0,456.0,점프수트,,,,,,,,,,,,,,플로럴,,지퍼
images/fc89503fd779c2f56648303ee6ea281e.jpg,train,141.0,281.0,393.0,651.0,원피스,,,,,7부 소매,벨 소매,,쇼츠·미니 기장,라운드넥,,,,H라인,무지,,벨트
images/65337ea28459cfc66189d3b5892afe9c.jpg,train,651.0,498.0,162.0,183.0,쇼츠,,,,,,,,쇼츠·미니 기장,,,,,,,,
images/65337ea28459cfc66189d3b5892afe9c.jpg,train,712.0,344.0,144.0,157.0,탑,,,,,,,크롭 기장,,홀터넥,,슬림핏,,,,,
images/7d62ef80a338cb1a732292957236ef15.jpg,train,184.0,284.0,253.0,446.0,원피스,,,,,반팔,캡 소매,,무릎 기장,보트넥,,,,A라인,무지,,벨트
images/1834d78942d40aa91c442d088df93dba.jpg,val_train_split,144.0,291.0,414.0,688.0,원피스,,,,,반팔,캡 소매,,쇼츠·미니 기장,,피터팬 칼라,,,A라인,플로럴,,플리츠|지퍼|벨트
images/326cb98e31c6b91a65c96de11bb0a811.jpg,train,307.0,198.0,164.0,344.0,원피스,,,,,,,,쇼츠·미니 기장,,라펠 칼라,,,,무지|도트,,지퍼
images/d60e63216c83ae196349f39b46516994.jpg,train,289.0,279.0,213.0,204.0,티셔츠,,,,,긴팔,기본 소매,크롭 기장,,오프숄더,,슬림핏,,,무지,,
images/d60e63216c83ae196349f39b46516994.jpg,train,295.0,417.0,189.0,408.0,청바지,,,,,,,,롱·긴바지 기장,,,,슬림핏,,무지,데님,
images/cc811febe8d1c159158cd4b26544ec6f.jpg,train,436.0,445.0,166.0,199.0,스커트,,,,,,,,쇼츠·미니 기장,,,,스트레이트핏,H라인,무지,,지퍼
images/cc811febe8d1c159158cd4b26544ec6f.jpg,train,409.0,238.0,176.0,239.0,베스트,,,,,,,크롭 기장,,,,슬림핏,,,무지,,벨트
images/74c53ffd0ab40bfb2211019c4c88d233.jpg,train,238.0,414.0,212.0,462.0,팬츠,,,,,,,,롱·긴바지 기장,,,,슬림핏,,그래픽,퍼·플리스,
images/74c53ffd0ab40bfb2211019c4c88d233.jpg,train,223.0,210.0,221.0,262.0,티셔츠,,,,,반팔,기본 소매,기본 기장,,,,여유핏,,,무지,,리본
images/d69cb794d7ec167b1846748956c1cb5a.jpg,val_train_split,181.0,534.0,330.0,489.0,탑,,,,,,,크롭 기장,,오프숄더,,레귤러핏,,,스트라이프,,프릴·러플
images/dc939ec6bf5cc3ded550bd83be2147d5.jpg,train,214.0,290.0,298.0,395.0,코트,,,,,7부 소매,기본 소매,,,,셔츠 칼라,레귤러핏,,,체크,,단추|벨트|포켓
images/3d61bfddb4bd23bd004841bfa3f46751.jpg,val_train_split,218.0,204.0,232.0,497.0,코트,,,,,긴팔,기본 소매,,,V넥,,슬림핏,,,카모,,단추|벨트
images/3d61bfddb4bd23bd004841bfa3f46751.jpg,val_train_split,300.0,209.0,97.0,383.0,원피스,,,,,,,,쇼츠·미니 기장,,,,,,무지,니트,
images/1c550dc816d7c155ed3b2fe84990d27a.jpg,train,218.0,216.0,271.0,311.0,티셔츠,,,,,반팔,기본 소매,크롭 기장,,라운드넥,,레귤러핏,,,무지,,
images/1c550dc816d7c155ed3b2fe84990d27a.jpg,train,217.0,197.0,267.0,379.0,셔츠,,,,,긴팔,,기본 기장,,,셔츠 칼라,레귤러핏,,,무지,,단추
images/1c550dc816d7c155ed3b2fe84990d27a.jpg,train,256.0,510.0,202.0,144.0,쇼츠,,,,,,,,쇼츠·미니 기장,,,,,,플로럴,,포켓
images/676da1d5bba0c763157a9c76dbd9343f.jpg,val_train_split,424.0,204.0,384.0,454.0,원피스,,,,,긴팔,벌룬 소매,,쇼츠·미니 기장,,,오버핏,,,도트,니트,
images/379059d2f058033489bc9760ca6ad064.jpg,train,249.0,343.0,393.0,576.0,티셔츠,,,,,반팔,퍼프 소매,크롭 기장,,라운드넥,,슬림핏,,비대칭,무지,,리본
images/379059d2f058033489bc9760ca6ad064.jpg,train,261.0,708.0,303.0,315.0,스커트,,,,,,,,,,,,스트레이트핏,H라인,,,지퍼
images/75fc5e23033a42b2d31b30e0797d1098.jpg,train,259.0,220.0,232.0,414.0,원피스,,,,,,,,쇼츠·미니 기장,V넥,,,,X라인,스트라이프,,플리츠|지퍼
images/cbced716535e5a4f7a55568945b0052a.jpg,train,172.0,431.0,267.0,277.0,스커트,,,,,,,,무릎 기장,,,,,,무지,,지퍼
images/cbced716535e5a4f7a55568945b0052a.jpg,train,219.0,150.0,201.0,386.0,가디건,,,,,,,크롭 기장,,,라펠 칼라,레귤러핏,,,무지,니트,지퍼|벨트
images/cbced716535e5a4f7a55568945b0052a.jpg,train,300.0,165.0,47.0,95.0,티셔츠,,,,,,,,,,,슬림핏,,,무지,,
images/fd6d4108b7febaa1acc8395d60c1ac64.jpg,train,160.0,501.0,380.0,511.0,가디건,,,,,긴팔,,,,,,여유핏,,,도트,니트,단추
images/fd6d4108b7febaa1acc8395d60c1ac64.jpg,train,263.0,516.0,175.0,364.0,탑,,,,,,,크롭 기장,,,,레귤러핏,,,무지,,
images/fd6d4108b7febaa1acc8395d60c1ac64.jpg,train,235.0,857.0,227.0,166.0,청바지,,,,,,,,,,,,슬림핏,,무지,데님,
images/9f929c0b29bae87d4cfa73a47858b57b.jpg,train,58.0,278.0,239.0,395.0,원피스,,,,,긴팔,벌룬 소매,,쇼츠·미니 기장,,,,,O라인,,,지퍼
images/f30c3b0ef7280fa1f88cc40ed047edf1.jpg,val_train_split,294.0,185.0,141.0,199.0,티셔츠,,,,,반팔,캡 소매,크롭 기장,,보트넥,,슬림핏,,,무지,,
images/f30c3b0ef7280fa1f88cc40ed047edf1.jpg,val_train_split,289.0,353.0,142.0,260.0,스커트,,,,,,,,쇼츠·미니 기장,,,,스트레이트핏,H라인,도트,,지퍼|벨트
images/83babd9f14152b7f974fb68907be4f66.jpg,train,271.0,206.0,297.0,286.0,가디건,,,,,긴팔,기본 소매,크롭 기장,,,칼라 없음,레귤러핏,,,무지,니트,단추
images/83babd9f14152b7f974fb68907be4f66.jpg,train,331.0,243.0,170.0,258.0,탑,,,,,,,기본 기장,,,,슬림핏,,,무지,,
images/83babd9f14152b7f974fb68907be4f66.jpg,train,331.0,474.0,175.0,61.0,쇼츠,,,,,,,,쇼츠·미니 기장,,,,,,무지,,
images/1a06bb3caa9f1e38db378af5551861cb.jpg,train,231.0,256.0,333.0,568.0,원피스,,,,,긴팔,벨 소매,,미디·7부 기장,V넥,,,,A라인,무지|플로럴,,지퍼
images/396277e073738b508b5a8b90fb94141b.jpg,train,80.0,147.0,271.0,464.0,가디건,,,,,,,,,,,여유핏,,,카모,니트,
images/396277e073738b508b5a8b90fb94141b.jpg,train,97.0,188.0,372.0,378.0,원피스,,,,,반팔,기본 소매,,,,,,,A라인,플로럴,,지퍼|리본
images/f4e446373d3fba156d30e5fbe6b020fc.jpg,val_train_split,244.0,234.0,230.0,586.0,점프수트,,,,,반팔,기본 소매,,무릎 기장,V넥,,,,,플로럴,,단추|벨트
images/0130063d21dad71e8f04b68c31dad43c.jpg,train,323.0,250.0,48.0,388.0,원피스,,,,,,,,쇼츠·미니 기장,라운드넥,,,,A라인,무지,,지퍼
images/0130063d21dad71e8f04b68c31dad43c.jpg,train,207.0,210.0,294.0,465.0,코트,,,,,긴팔,기본 소매,,,,,여유핏,,,무지,,리본|벨트
images/a56f5dd243952d05974c3994f71d2b09.jpg,train,226.0,211.0,252.0,462.0,원피스,,,,,긴팔,벨 소매,,무릎 기장,,,,,,무지,,지퍼
images/f8a9e2cdb3b507b0dc1abe046efa6055.jpg,train,517.0,183.0,432.0,449.0,원피스,,,,,긴팔,벌룬 소매,,쇼츠·미니 기장,,,,,A라인,체크,,지퍼
images/f37c878eabe890594cf33067096e6bd8.jpg,train,251.0,170.0,183.0,389.0,점프수트,,,,,,,,쇼츠·미니 기장,,,레귤러핏,,,,,
images/3643545996e5c83332140059497c01f7.jpg,train,92.0,348.0,527.0,674.0,원피스,,,,,7부 소매,기본 소매,,,,칼라 없음,,,A라인,무지,,
images/02dda109ad70d552d715cf60f217fbc1.jpg,train,168.0,197.0,201.0,635.0,원피스,,,,,반팔,캡 소매,,미디·7부 기장,,칼라 없음,,,A라인,무지,,지퍼|벨트
images/a88a873b950543fa75d52251d2b29a53.jpg,train,159.0,110.0,457.0,652.0,가디건,,,,,긴팔,기본 소매,,,,,여유핏,,,무지,니트,
images/a88a873b950543fa75d52251d2b29a53.jpg,train,322.0,160.0,107.0,200.0,탑,,,,,,,크롭 기장,,,,슬림핏,,,무지,,
images/a88a873b950543fa75d52251d2b29a53.jpg,train,286.0,398.0,144.0,224.0,스커트,,,,,,,,쇼츠·미니 기장,,,,스트레이트핏,H라인,무지,,지퍼
images/2ab69d6ea7a08264477a62c3ec643d1a.jpg,val_train_split,231.0,553.0,270.0,422.0,탑,,,,,,,크롭 기장,,,,슬림핏,,,무지,,지퍼
images/2ab69d6ea7a08264477a62c3ec643d1a.jpg,val_train_split,136.0,102.0,545.0,921.0,코트,,,,,긴팔,기본 소매,,,,,레귤러핏,,,무지,,지퍼|후드
images/1970c2faad5a68fb349098c6f773eff5.jpg,val_train_split,149.0,405.0,181.0,403.0,스커트,,,,,,,,미디·7부 기장,,,,,비대칭,무지,,지퍼
images/1970c2faad5a68fb349098c6f773eff5.jpg,val_train_split,101.0,138.0,275.0,477.0,베스트,,,,,,,크롭 기장,,,라펠 칼라,레귤러핏,,,무지,,지퍼
images/1970c2faad5a68fb349098c6f773eff5.jpg,val_train_split,151.0,152.0,224.0,240.0,셔츠,,,,,,기본 소매,,,,셔츠 칼라,레귤러핏,,,무지,,
images/6134693adc8252c2890d4be97ab99b86.jpg,train,96.0,354.0,427.0,669.0,원피스,,,,,반팔,캡 소매,,,V넥,,,,A라인,무지,,지퍼|벨트|프릴·러플
images/f7f4700571d380c01dea70e419f9fd2d.jpg,train,226.0,199.0,200.0,272.0,가디건,,,,,긴팔,기본 소매,크롭 기장,,,칼라 없음,레귤러핏,,,무지,니트,지퍼
images/f7f4700571d380c01dea70e419f9fd2d.jpg,train,242.0,183.0,148.0,373.0,원피스,,,,,,,,쇼츠·미니 기장,,셔츠 칼라,,,A라인,애니멀,,지퍼
images/443a181e0a9476e46e5c09f2dcf151ef.jpg,train,73.0,260.0,683.0,423.0,블레이저,,,,,긴팔,기본 소매,,,,라펠 칼라,레귤러핏,,,무지,,단추
images/443a181e0a9476e46e5c09f2dcf151ef.jpg,train,332.0,233.0,176.0,450.0,티셔츠,,,,,,,,,터틀넥,,슬림핏,,,무지,,
images/50c0b9a595e38d3597145359620a86fd.jpg,train,225.0,299.0,306.0,366.0,재킷,,,,,7부 소매,기본 소매,,,,라펠 칼라,레귤러핏,,,무지,,스팽글|지퍼
images/50c0b9a595e38d3597145359620a86fd.jpg,train,341.0,320.0,203.0,344.0,원피스,,,,,,,,,,,,,A라인,무지,,지퍼
images/dc4403038db9c2551bc10de40879d506.jpg,train,299.0,568.0,167.0,67.0,쇼츠,,,,,,,,쇼츠·미니 기장,,,,,,무지,,
images/dc4403038db9c2551bc10de40879d506.jpg,train,282.0,295.0,213.0,298.0,후드티,,,,,반팔,,기본 기장,,,,레귤러핏,,,무지,,후드|리본
images/ce35b8496c3bb2c85089302e1651c23d.jpg,train,178.0,310.0,264.0,428.0,가디건,,,,,,벨 소매,,,,,레귤러핏,,,무지,니트,
images/ce35b8496c3bb2c85089302e1651c23d.jpg,train,301.0,263.0,160.0,494.0,원피스,,,,,,,,,,,,,H라인,무지,,
images/ce35b8496c3bb2c85089302e1651c23d.jpg,train,176.0,671.0,268.0,274.0,팬츠,,,,,,,,롱·긴바지 기장,,,,슬림핏,,무지,,
images/f910f0e7b360f15ea1aace97b2878bad.jpg,train,225.0,392.0,206.0,233.0,스커트,,,,,,,,쇼츠·미니 기장,,,,,,무지,,지퍼
images/f910f0e7b360f15ea1aace97b2878bad.jpg,train,197.0,205.0,256.0,301.0,재킷,,,,,긴팔,벌룬 소매,크롭 기장,,,칼라 없음,슬림핏,,,,,지퍼
images/4dbd8f9ff36cfb61da17c0ca7730836f.jpg,train,453.0,173.0,338.0,326.0,후드티,,,,,긴팔,,크롭 기장,,,,레귤러핏,,,무지,,후드|포켓
images/4dbd8f9ff36cfb61da17c0ca7730836f.jpg,train,399.0,458.0,305.0,473.0,청바지,,,,,,,,롱·긴바지 기장,,,,슬림핏,,무지,데님,포켓
images/566d5e9467702bb8d404eb840e2c7b83.jpg,train,518.0,328.0,70.0,45.0,쇼츠,,,,,,,,쇼츠·미니 기장,,,,,,무지,,
images/566d5e9467702bb8d404eb840e2c7b83.jpg,train,492.0,149.0,128.0,199.0,재킷,,,,,긴팔,기본 소매,기본 기장,,,,레귤러핏,,,무지,,지퍼|후드|포켓
images/5b60edb545c0d0af07250f75fefc525c.jpg,train,64.0,254.0,316.0,486.0,코트,,,,,긴팔,벨 소매,,,,라펠 칼라,여유핏,,,무지,퍼·플리스,
images/5b60edb545c0d0af07250f75fefc525c.jpg,train,110.0,311.0,222.0,588.0,원피스,,,,,,,,쇼츠·미니 기장,,,,,A라인,무지,,지퍼
images/ef62de0f48252df7444453d7a7b05a67.jpg,train,178.0,172.0,308.0,487.0,원피스,,,,,긴팔,,,쇼츠·미니 기장,,,오버핏,,,플로럴,퍼·플리스,지퍼
images/e2754f79396fcfae42d3d5d580d65f6c.jpg,train,547.0,271.0,203.0,331.0,재킷,,,,,긴팔,기본 소매,크롭 기장,,,,레귤러핏,,,무지,,지퍼
images/e2754f79396fcfae42d3d5d580d65f6c.jpg,train,542.0,271.0,187.0,347.0,니트,,,,,긴팔,,크롭 기장,,터틀넥,라펠 칼라,레귤러핏,,,무지,니트,포켓|벨트|지퍼
images/77bee575c102b900bd9d948bae341a49.jpg,train,153.0,233.0,184.0,618.0,점프수트,,,,,,,,롱·긴바지 기장,,,,,,무지,,지퍼
images/77bee575c102b900bd9d948bae341a49.jpg,train,152.0,243.0,284.0,377.0,재킷,,,,,긴팔,기본 소매,,,,라펠 칼라,여유핏,,,무지,,지퍼|포켓|벨트
images/c895d330bf5a7c76bc17e4503fb5c749.jpg,val_train_split,552.0,207.0,189.0,471.0,원피스,,,,,,,,,,,,,,무지,,지퍼|스팽글|프릴·러플
images/107b0af42c81184f8aea382dc7a5d06f.jpg,train,329.0,655.0,81.0,142.0,청바지,,,,,,,,,,,,,,무지,데님,
images/107b0af42c81184f8aea382dc7a5d06f.jpg,train,242.0,359.0,190.0,316.0,코트,,,,,긴팔,기본 소매,,,,,레귤러핏,,,무지,퍼·플리스,지퍼|포켓
images/c63d004c0ba29e899c837321bad8709a.jpg,train,95.0,433.0,511.0,570.0,탑,,,,,,,크롭 기장,,오프숄더,,레귤러핏,,비대칭,,,프릴·러플
images/eb7f6175ec35ff5dfe7e9c17ce8549da.jpg,train,336.0,248.0,80.0,171.0,티셔츠,,,,,,,크롭 기장,,,,레귤러핏,,,무지,,
images/eb7f6175ec35ff5dfe7e9c17ce8549da.jpg,train,292.0,403.0,192.0,463.0,스커트,,,,,,,,쇼츠·미니 기장,,,,,비대칭,,,지퍼
images/eb7f6175ec35ff5dfe7e9c17ce8549da.jpg,train,227.0,216.0,297.0,449.0,코트,,,,,긴팔,기본 소매,,,,,레귤러핏,,,무지,퍼·플리스,단추
images/12ea3d84f21ccc58f6908a695172e6b5.jpg,train,253.0,702.0,335.0,321.0,스커트,,,,,,,,,,,,,,무지,,지퍼
images/12ea3d84f21ccc58f6908a695172e6b5.jpg,train,55.0,286.0,588.0,464.0,티셔츠,,,,,,래글런 소매,크롭 기장,,V넥,,레귤러핏,,,무지,,
images/4f8fb1b8c41dbc8b7fac430789e9fbbf.jpg,train,246.0,546.0,161.0,97.0,쇼츠,,,,,,,,쇼츠·미니 기장,,,,,,무지,,플리츠
images/4f8fb1b8c41dbc8b7fac430789e9fbbf.jpg,train,300.0,304.0,69.0,247.0,티셔츠,,,,,,,크롭 기장,,V넥,,레귤러핏,,,,,
images/4f8fb1b8c41dbc8b7fac430789e9fbbf.jpg,train,188.0,303.0,244.0,255.0,재킷,,,,,반팔,캡 소매,크롭 기장,,,,슬림핏,,,무지,퍼·플리스,
images/bc6d3d2d38051d9af8286bcd4379f0ee.jpg,val_train_split,386.0,604.0,429.0,224.0,청바지,,,,,,,,,,,,슬림핏,,무지,데님,포켓
images/bc6d3d2d38051d9af8286bcd4379f0ee.jpg,val_train_split,380.0,288.0,447.0,423.0,니트,,,,,긴팔,기본 소매,크롭 기장,,터틀넥,,레귤러핏,,,무지,니트,
images/5cd10e0abd6dd5f4177d71bdea1f769e.jpg,train,326.0,266.0,220.0,307.0,셔츠,,,,,,,크롭 기장,,,,레귤러핏,,,그래픽,,단추
images/5cd10e0abd6dd5f4177d71bdea1f769e.jpg,train,290.0,544.0,263.0,460.0,스커트,,,,,,,,쇼츠·미니 기장,,,,,,체크,,단추
images/5cd10e0abd6dd5f4177d71bdea1f769e.jpg,train,178.0,257.0,503.0,766.0,코트,,,,,긴팔,,,,,셔츠 칼라,여유핏,,,무지,,지퍼
images/c7c0f774b1af98b39c24fb9bb908035c.jpg,val_train_split,78.0,311.0,580.0,623.0,원피스,,,,,,,,롱·긴바지 기장,오프숄더,,,,,무지,,플리츠|지퍼
images/bbeb3d02ed5b752e63caa1124023c0ae.jpg,train,227.0,314.0,286.0,709.0,원피스,,,,,,,,,스퀘어넥,,,,,무지,,지퍼|벨트
images/35809b9714ade87db20ca39da5e56b73.jpg,train,405.0,358.0,131.0,297.0,점프수트,,,,,,,,쇼츠·미니 기장,,,슬림핏,,,무지,,지퍼
images/953a05fbf1daed5997be310f5eb911d9.jpg,train,232.0,381.0,166.0,229.0,스커트,,,,,,,,쇼츠·미니 기장,,,,,,무지,,지퍼|포켓
images/953a05fbf1daed5997be310f5eb911d9.jpg,train,198.0,188.0,268.0,279.0,재킷,,,,,긴팔,기본 소매,기본 기장,,,칼라 없음,슬림핏,,,,,지퍼|포켓
images/2f23fa23d202f4bdd77a72f3ff7b4825.jpg,train,328.0,401.0,155.0,284.0,원피스,,,,,,,,쇼츠·미니 기장,,,,,H라인,무지,,지퍼|스팽글
images/2f23fa23d202f4bdd77a72f3ff7b4825.jpg,train,273.0,331.0,267.0,342.0,코트,,,,,긴팔,기본 소매,,,,라펠 칼라,레귤러핏,,,무지,가죽,지퍼|포켓|벨트
images/ef799f1091458a0ad3f100eb2f04ca4f.jpg,train,0.0,290.0,681.0,733.0,원피스,,,,,반팔,퍼프 소매,,,라운드넥,,,,,무지,,스팽글|지퍼|프릴·러플
images/d0837f0ac1c9538a5171c56c13f7f89f.jpg,train,212.0,216.0,331.0,494.0,원피스,,,,,,,,쇼츠·미니 기장,스퀘어넥,,,,,플로럴|도트,,지퍼
images/4637fefa857125a56a8d532a454bce57.jpg,train,470.0,519.0,288.0,162.0,청바지,,,,,,,,,,,,슬림핏,,무지,데님,
images/4637fefa857125a56a8d532a454bce57.jpg,train,450.0,14.0,347.0,530.0,니트,,,,,긴팔,기본 소매,,,,,여유핏,,,,니트,
images/d802474e7b4665419a3200dcb9d03471.jpg,train,215.0,624.0,210.0,357.0,티셔츠,,,,,,,크롭 기장,,라운드넥,,레귤러핏,,,스트라이프,,
images/d802474e7b4665419a3200dcb9d03471.jpg,train,99.0,549.0,480.0,474.0,가디건,,,,,,기본 소매,크롭 기장,,,라펠 칼라,여유핏,,,무지,니트,포켓
images/94f222009b84a205e40e792912baaa6e.jpg,train,359.0,56.0,340.0,287.0,후드티,,,,,긴팔,래글런 소매,기본 기장,,,,레귤러핏,,,무지,,후드
images/94f222009b84a205e40e792912baaa6e.jpg,train,369.0,183.0,283.0,206.0,팬츠,,,,,,,,롱·긴바지 기장,,,,슬림핏,,무지,,
images/963a696c424f6c66d3eb6be5f10ef7ac.jpg,train,409.0,179.0,106.0,209.0,원피스,,,,,,,,무릎 기장,오프숄더,,,,,무지,,지퍼
images/1d6fbcb92c04d50a88348af5f17c7da6.jpg,train,120.0,146.0,414.0,828.0,코트,,,,,긴팔,기본 소매,,,,,여유핏,,,무지,퍼·플리스,단추
images/d331dca4fe746a4220ecde6bdabd45b0.jpg,train,211.0,509.0,189.0,400.0,팬츠,,,,,,,,롱·긴바지 기장,,,,슬림핏,,무지,,포켓
images/d331dca4fe746a4220ecde6bdabd45b0.jpg,train,245.0,227.0,156.0,329.0,탑,,,,,,,기본 기장,,라운드넥,,레귤러핏,,,무지,,포켓
images/d331dca4fe746a4220ecde6bdabd45b0.jpg,train,214.0,196.0,267.0,280.0,재킷,,,,,,기본 소매,크롭 기장,,,,여유핏,,,무지,퍼·플리스,
images/7ecc35f586eb4af51a9e7f41d5c2dff5.jpg,train,216.0,551.0,150.0,327.0,청바지,,,,,,,,롱·긴바지 기장,,,,,,무지,데님,
images/7ecc35f586eb4af51a9e7f41d5c2dff5.jpg,train,255.0,255.0,71.0,299.0,티셔츠,,,,,,,기본 기장,,라운드넥,,레귤러핏,,,무지,,지퍼
images/7ecc35f586eb4af51a9e7f41d5c2dff5.jpg,train,169.0,225.0,261.0,375.0,재킷,,,,,긴팔,기본 소매,,,,라펠 칼라,오버핏,,,무지,,지퍼|포켓|후드
images/8d29a8b45533db9b32dfabdc1607e94e.jpg,train,436.0,801.0,162.0,222.0,팬츠,,,,,,,,,,,,,,무지,,
images/8d29a8b45533db9b32dfabdc1607e94e.jpg,train,397.0,491.0,257.0,343.0,재킷,,,,,긴팔,기본 소매,기본 기장,,,,레귤러핏,,,무지,,지퍼|후드
images/2645d84a17aaad6df76fde13d68e2458.jpg,train,394.0,350.0,109.0,187.0,청바지,,,,,,,,,,,,,,무지,데님,
images/2645d84a17aaad6df76fde13d68e2458.jpg,train,373.0,129.0,154.0,258.0,베스트,,,,,,,,,,,오버핏,,,무지,퍼·플리스,
images/2645d84a17aaad6df76fde13d68e2458.jpg,train,356.0,168.0,128.0,192.0,셔츠,,,,,7부 소매,기본 소매,기본 기장,,,,레귤러핏,,,,,단추
images/2645d84a17aaad6df76fde13d68e2458.jpg,train,444.0,206.0,14.0,10.0,탑,,,,,,,,,,,레귤러핏,,,무지,,
images/2645d84a17aaad6df76fde13d68e2458.jpg,train,355.0,177.0,151.0,182.0,블레이저,,,,,,,기본 기장,,,,여유핏,,,무지,,단추
images/53cb6bdf178387bf236f4f6611536416.jpg,train,305.0,414.0,210.0,266.0,원피스,,,,,,,,무릎 기장,,,,,X라인,도트,,지퍼|프릴·러플|벨트
images/3cb7a8098f2b8eaab86ed0839f543778.jpg,val_train_split,507.0,111.0,167.0,319.0,원피스,,,,,,,,무릎 기장,,,,,A라인,그래픽,,지퍼|프릴·러플
images/953cdb25c0e6e93fc031646bbc4d4163.jpg,train,553.0,381.0,180.0,156.0,쇼츠,,,,,,,,쇼츠·미니 기장,,,,슬림핏,,무지,,
images/953cdb25c0e6e93fc031646bbc4d4163.jpg,train,545.0,212.0,196.0,244.0,베스트,,,,,,,크롭 기장,,,셔츠 칼라,레귤러핏,,,무지,,단추|포켓
images/be71ce80ef21437f1197c51a1a19a535.jpg,train,217.0,239.0,434.0,546.0,니트,,,,,긴팔,기본 소매,기본 기장,,라운드넥,,레귤러핏,,,무지,니트,
images/be71ce80ef21437f1197c51a1a19a535.jpg,train,294.0,749.0,297.0,273.0,청바지,,,,,,,,,,,,,,무지,데님,
images/9eeeb7544764b89794fa7fbee85e1f93.jpg,train,592.0,412.0,57.0,138.0,팬츠,,,,,,,,롱·긴바지 기장,,,,슬림핏,,무지,,
images/9eeeb7544764b89794fa7fbee85e1f93.jpg,train,553.0,262.0,126.0,157.0,후드티,,,,,긴팔,기본 소매,기본 기장,,,,레귤러핏,,,무지,,후드
images/426b9796a52977b22b425159494b0d7b.jpg,train,328.0,235.0,303.0,408.0,원피스,,,,,,,,쇼츠·미니 기장,,스탠드 칼라,,,X라인,,,지퍼|프릴·러플|스팽글
images/5f6d93ca05cb18cb194ac91860622b20.jpg,train,145.0,227.0,497.0,739.0,니트,,,,,긴팔,,,,,,여유핏,,,무지,니트,
images/5f6d93ca05cb18cb194ac91860622b20.jpg,train,329.0,685.0,295.0,336.0,청바지,,,,,,,,,,,,슬림핏,,무지,데님,포켓
images/475fabccd6310439ddfd560fcac6bacb.jpg,train,223.0,210.0,224.0,295.0,니트,,,,,7부 소매,기본 소매,크롭 기장,,라운드넥,,슬림핏,,,스트라이프,니트,벨트
images/475fabccd6310439ddfd560fcac6bacb.jpg,train,224.0,489.0,238.0,160.0,스커트,,,,,,,,쇼츠·미니 기장,,,,,,무지,,플리츠|지퍼
images/1dc1156df1a05674eefd5ae1d25aa987.jpg,val_train_split,126.0,197.0,276.0,338.0,재킷,,,,,긴팔,기본 소매,크롭 기장,,,스탠드 칼라,레귤러핏,,,,,지퍼
images/1dc1156df1a05674eefd5ae1d25aa987.jpg,val_train_split,182.0,479.0,166.0,29.0,티셔츠,,,,,,,크롭 기장,,,,레귤러핏,,,무지,,
images/1dc1156df1a05674eefd5ae1d25aa987.jpg,val_train_split,182.0,496.0,178.0,287.0,팬츠,,,,,,,,미디·7부 기장,,,,,,무지,,
images/a53c53cce540b95e590bdf944f07f8cd.jpg,train,175.0,225.0,254.0,679.0,원피스,,,,,긴팔,벨 소매,,롱·긴바지 기장,,,,,A라인,,,지퍼
images/2ef089c17e03878dad0cc04040284fa7.jpg,val_train_split,252.0,436.0,174.0,86.0,쇼츠,,,,,,,,쇼츠·미니 기장,,,,슬림핏,,무지,,포켓
images/2ef089c17e03878dad0cc04040284fa7.jpg,val_train_split,126.0,155.0,321.0,328.0,티셔츠,,,,,긴팔,래글런 소매,기본 기장,,라운드넥,,레귤러핏,,,무지,,
images/f09d61f84c1598cc7b5a7fa1dabfcf83.jpg,val_train_split,258.0,228.0,163.0,208.0,티셔츠,,,,,반팔,기본 소매,크롭 기장,,,셔츠 칼라,레귤러핏,,,체크,,리본
images/f09d61f84c1598cc7b5a7fa1dabfcf83.jpg,val_train_split,226.0,426.0,221.0,343.0,스커트,,,,,,,,미디·7부 기장,,,,,,,,플리츠|지퍼|프릴·러플
images/c32a9e71fba99cfe719e132829038d2f.jpg,val_train_split,361.0,255.0,113.0,418.0,코트,,,,,긴팔,기본 소매,,,,,레귤러핏,,,무지,,
images/c32a9e71fba99cfe719e132829038d2f.jpg,val_train_split,482.0,261.0,136.0,415.0,코트,,,,,긴팔,기본 소매,,,,라펠 칼라,레귤러핏,,,무지,,
images/c32a9e71fba99cfe719e132829038d2f.jpg,val_train_split,405.0,672.0,157.0,10.0,팬츠,,,,,,,,,,,,슬림핏,,무지,,
images/47f593bf27566792b2ddc55b4da6a3f5.jpg,train,150.0,211.0,216.0,557.0,원피스,,,,,반팔,퍼프 소매,,미디·7부 기장,,피터팬 칼라,,,,도트,,지퍼
images/c189ac7e77434d1da138511fe90a6665.jpg,train,251.0,215.0,195.0,170.0,탑,,,,,반팔,캡 소매,크롭 기장,,라운드넥,,슬림핏,,,체크|플로럴,,
images/c189ac7e77434d1da138511fe90a6665.jpg,train,265.0,399.0,166.0,507.0,팬츠,,,,,,,,롱·긴바지 기장,,,,와이드핏,,그래픽,,
images/09bc8851dd2a997a49b3abbc8a7131ba.jpg,train,132.0,172.0,285.0,350.0,탑,,,,,긴팔,벨 소매,크롭 기장,,라운드넥,,레귤러핏,,,무지,,프릴·러플
images/09bc8851dd2a997a49b3abbc8a7131ba.jpg,train,170.0,375.0,209.0,282.0,쇼츠,,,,,,,,쇼츠·미니 기장,,,,슬림핏,,무지,,벨트
images/b86f4dd633b6c2d19146b1032fb22bdd.jpg,train,150.0,219.0,174.0,502.0,점프수트,,,,,,,,무릎 기장,,라펠 칼라,,,H라인,무지,,지퍼
images/49df08cc4b93b14b2028beb0b45db42c.jpg,train,198.0,135.0,204.0,680.0,재킷,,,,,,,크롭 기장,,,,레귤러핏,,,무지,,지퍼|후드
images/49df08cc4b93b14b2028beb0b45db42c.jpg,train,292.0,390.0,75.0,271.0,탑,,,,,,,크롭 기장,,,칼라 없음,레귤러핏,,,무지,,
images/49df08cc4b93b14b2028beb0b45db42c.jpg,train,84.0,788.0,577.0,235.0,팬츠,,,,,,,,,,,,,,무지,,
images/49df08cc4b93b14b2028beb0b45db42c.jpg,train,107.0,379.0,395.0,543.0,재킷,,,,,긴팔,기본 소매,크롭 기장,,,셔츠 칼라,레귤러핏,,,무지,,단추|포켓
images/6c9dba1c2414b05167b064d9717f67fa.jpg,train,308.0,677.0,257.0,346.0,청바지,,,,,,,,,,,,슬림핏,,무지,데님,
images/6c9dba1c2414b05167b064d9717f67fa.jpg,train,302.0,385.0,220.0,289.0,탑,,,,,,,크롭 기장,,홀터넥,,슬림핏,,,체크,,
images/fe2441413104bba1f61a500010932168.jpg,train,296.0,226.0,278.0,394.0,원피스,,,,,,,,쇼츠·미니 기장,,,,,A라인,무지,,지퍼
images/fe2441413104bba1f61a500010932168.jpg,train,242.0,226.0,136.0,405.0,블레이저,,,,,긴팔,기본 소매,,,,셔츠 칼라,레귤러핏,,,애니멀,,지퍼|벨트
images/7650d00d084f7102e8791581994eb401.jpg,train,491.0,201.0,382.0,265.0,원피스,,,,,,,,쇼츠·미니 기장,스퀘어넥,,,,H라인,무지,,지퍼
images/0a662733eaf62976e44ccbf16ac71a95.jpg,train,352.0,271.0,406.0,752.0,원피스,,,,,긴팔,벌룬 소매,,,라운드넥,,,,A라인,플로럴,,지퍼
images/ab8659d228937dafec577c7ea2093a54.jpg,val_train_split,576.0,427.0,94.0,131.0,청바지,,,,,,,,롱·긴바지 기장,,,,슬림핏,,무지,데님,포켓
images/ab8659d228937dafec577c7ea2093a54.jpg,val_train_split,471.0,365.0,212.0,125.0,니트,,,,,긴팔,,,,라운드넥,,여유핏,,,무지,니트,
images/a44ea7791bbcf4791cf5e40b42b0f5ed.jpg,val_train_split,269.0,276.0,509.0,405.0,티셔츠,,,,,긴팔,래글런 소매,,,라운드넥,,레귤러핏,,,무지,,
images/fc74b1fc4095a324b1f1ca1ac322278d.jpg,train,231.0,179.0,183.0,360.0,원피스,,,,,,,,쇼츠·미니 기장,터틀넥,,,,,무지,,
images/fc74b1fc4095a324b1f1ca1ac322278d.jpg,train,234.0,233.0,175.0,207.0,탑,,,,,,,크롭 기장,,V넥,,슬림핏,,,무지,,포켓
images/fc74b1fc4095a324b1f1ca1ac322278d.jpg,train,190.0,173.0,264.0,327.0,재킷,,,,,긴팔,기본 소매,크롭 기장,,,,슬림핏,,,무지,,
images/5baf6fb5ee4995a5094a1de2b4fca02f.jpg,val_train_split,203.0,200.0,200.0,481.0,원피스,,,,,긴팔,기본 소매,,쇼츠·미니 기장,터틀넥,,,,,무지|스트라이프,,지퍼
images/0c6dce78ac11df795b7a865d03475550.jpg,train,222.0,706.0,231.0,275.0,쇼츠,,,,,,,,쇼츠·미니 기장,,,,,,무지,,포켓
images/0c6dce78ac11df795b7a865d03475550.jpg,train,179.0,381.0,347.0,347.0,탑,,,,,반팔,,크롭 기장,,오프숄더,,레귤러핏,,,무지,,플리츠|리본
images/16ba7bf6fe1fb9f1b5a858e71d9b785f.jpg,val_train_split,285.0,396.0,200.0,299.0,점프수트,,,,,,,,쇼츠·미니 기장,,,여유핏,,,스트라이프,,포켓
images/9a48ca10a976135454f60a7c7d33b1d0.jpg,train,178.0,134.0,340.0,337.0,원피스,,,,,긴팔,래글런 소매,,쇼츠·미니 기장,,,오버핏,,,무지,니트,포켓|후드
images/21cbb9921a5ff09bd1fa446d30374cec.jpg,train,267.0,257.0,216.0,431.0,원피스,,,,,반팔,기본 소매,,쇼츠·미니 기장,터틀넥,,,,A라인,무지,,
images/f8955634207f89528840460e5cf642d9.jpg,train,402.0,223.0,135.0,265.0,원피스,,,,,,,,무릎 기장,,,,,H라인,무지,,지퍼
images/f8955634207f89528840460e5cf642d9.jpg,train,446.0,186.0,129.0,77.0,재킷,,,,,반팔,기본 소매,,,,,여유핏,,비대칭,무지,퍼·플리스,
images/938e7eff0bdcc18ee85252d1746423fc.jpg,train,168.0,475.0,303.0,548.0,티셔츠,,,,,,기본 소매,,,터틀넥,,레귤러핏,,,무지,,
images/c4cbd4a139cd218609c63d3296e7b039.jpg,train,243.0,259.0,194.0,304.0,탑,,,,,반팔,캡 소매,기본 기장,,보트넥,,레귤러핏,,,무지,,플리츠
images/c4cbd4a139cd218609c63d3296e7b039.jpg,train,264.0,510.0,147.0,347.0,팬츠,,,,,,,,롱·긴바지 기장,,,,슬림핏,,무지,,플리츠
images/ccf2a873ac6882aa4283a11522d871a5.jpg,train,261.0,355.0,154.0,399.0,스커트,,,,,,,,무릎 기장,,,,스트레이트핏,H라인,무지,,지퍼
images/ccf2a873ac6882aa4283a11522d871a5.jpg,train,294.0,227.0,100.0,144.0,탑,,,,,,,크롭 기장,,라운드넥,,슬림핏,,,무지,,
images/ccf2a873ac6882aa4283a11522d871a5.jpg,train,226.0,235.0,233.0,345.0,재킷,,,,,긴팔,기본 소매,크롭 기장,,,칼라 없음,여유핏,,,무지,,지퍼
images/45855bea30a972c9a3fa8e81564cf8f2.jpg,train,165.0,372.0,157.0,278.0,원피스,,,,,,,,쇼츠·미니 기장,,,,,A라인,무지,,지퍼
images/45855bea30a972c9a3fa8e81564cf8f2.jpg,train,104.0,294.0,342.0,306.0,재킷,,,,,긴팔,벨 소매,,,,,오버핏,,,무지,퍼·플리스,
images/069da0569d492b9ad003d6d6c4baa9c5.jpg,val_train_split,434.0,319.0,145.0,275.0,팬츠,,,,,,,,롱·긴바지 기장,,,,슬림핏,,무지,,
images/069da0569d492b9ad003d6d6c4baa9c5.jpg,val_train_split,438.0,101.0,187.0,400.0,코트,,,,,긴팔,기본 소매,,,,,레귤러핏,,,무지,퍼·플리스,
images/c365e823a12e942f36abe7c2a36f856a.jpg,train,328.0,459.0,157.0,268.0,코트,,,,,반팔,,,,,셔츠 칼라,레귤러핏,,,무지,퍼·플리스,단추|리본
images/4e4da4d63810e4ea3502e2260aa125cd.jpg,val_train_split,80.0,298.0,525.0,274.0,탑,,,,,7부 소매,벨 소매,크롭 기장,,오프숄더,,오버핏,,,무지,,
images/4e4da4d63810e4ea3502e2260aa125cd.jpg,val_train_split,203.0,544.0,269.0,213.0,쇼츠,,,,,,,,쇼츠·미니 기장,,,,,,무지,,
images/5292f79f8cb1766d45fd7a1ce46f1315.jpg,train,194.0,445.0,205.0,142.0,쇼츠,,,,,,,,쇼츠·미니 기장,,,,,,무지,,포켓
images/5292f79f8cb1766d45fd7a1ce46f1315.jpg,train,156.0,177.0,290.0,370.0,니트,,,,,긴팔,기본 소매,크롭 기장,,라운드넥,,레귤러핏,,,스트라이프,니트,
images/5292f79f8cb1766d45fd7a1ce46f1315.jpg,train,234.0,159.0,124.0,69.0,셔츠,,,,,,,,,,셔츠 칼라,레귤러핏,,,무지,,단추
images/2d36b288f7b3401f4534a65b5c2fcd04.jpg,train,163.0,210.0,327.0,335.0,니트,,,,,긴팔,벨 소매,크롭 기장,,,,레귤러핏,,,,니트,
images/2d36b288f7b3401f4534a65b5c2fcd04.jpg,train,233.0,493.0,203.0,417.0,청바지,,,,,,,,롱·긴바지 기장,,,,슬림핏,,무지,데님,
images/eb2bbc40d914d047f6a15d0d1db4af9b.jpg,train,254.0,768.0,291.0,226.0,쇼츠,,,,,,,,쇼츠·미니 기장,,,,,,무지,,
images/eb2bbc40d914d047f6a15d0d1db4af9b.jpg,train,238.0,297.0,300.0,541.0,셔츠,,,,,,,크롭 기장,,,스탠드 칼라,레귤러핏,,,무지,,단추
images/fc5936b8327164d33f25b9a844e774e2.jpg,train,100.0,270.0,581.0,753.0,코트,,,,,긴팔,,,,터틀넥,라펠 칼라,레귤러핏,,,무지,,단추
images/fc5936b8327164d33f25b9a844e774e2.jpg,train,207.0,281.0,350.0,742.0,원피스,,,,,,,,,,,,,A라인,무지,,
images/b025b9be3efcbd51800e87e08642fe2c.jpg,train,265.0,340.0,269.0,480.0,원피스,,,,,반팔,벌룬 소매,,미디·7부 기장,오프숄더,,,,A라인,플로럴,,리본
images/731cfcf6707164e4166841230ad2e42b.jpg,train,243.0,206.0,215.0,302.0,셔츠,,,,,긴팔,벌룬 소매,크롭 기장,,,스탠드 칼라,슬림핏,,,무지,,단추
images/731cfcf6707164e4166841230ad2e42b.jpg,train,266.0,412.0,195.0,187.0,스커트,,,,,,,,쇼츠·미니 기장,,,,스트레이트핏,H라인,무지,,지퍼
images/a5f071ab0dc8f1a1cb6f2cbaff9c0e99.jpg,val_train_split,78.0,147.0,297.0,740.0,원피스,,,,,긴팔,벨 소매,,롱·긴바지 기장,,셔츠 칼라,,,,무지,,포켓
images/34058ab28176459a6f2dde50d5d5ccf8.jpg,train,218.0,208.0,188.0,647.0,점프수트,,,,,,,,롱·긴바지 기장,,,,,H라인,,,지퍼
images/adbb4d56bac64b10b008efaf58bd2c29.jpg,train,122.0,219.0,208.0,682.0,점프수트,,,,,긴팔,기본 소매,,,V넥,,슬림핏,,,카모,,지퍼|벨트
images/b6036b53e1f787cf7430ec4b1385b6bd.jpg,val_train_split,116.0,398.0,313.0,183.0,탑,,,,,긴팔,벨 소매,크롭 기장,,,,슬림핏,,,무지,,플리츠|프릴·러플
images/b6036b53e1f787cf7430ec4b1385b6bd.jpg,val_train_split,132.0,531.0,350.0,249.0,청바지,,,,,,,,롱·긴바지 기장,,,,슬림핏,,무지,데님,
images/cc0e959eafc82a8cc8de9beaba03e6c6.jpg,train,126.0,208.0,240.0,297.0,셔츠,,,,,긴팔,캡 소매,,,,스탠드 칼라,레귤러핏,,,무지,,단추
images/cc0e959eafc82a8cc8de9beaba03e6c6.jpg,train,122.0,232.0,248.0,300.0,니트,,,,,긴팔,캡 소매,크롭 기장,,,,슬림핏,,,스트라이프,니트,
images/cc0e959eafc82a8cc8de9beaba03e6c6.jpg,train,83.0,208.0,313.0,595.0,코트,,,,,긴팔,기본 소매,,,,,레귤러핏,,,무지,,단추|포켓
images/cc0e959eafc82a8cc8de9beaba03e6c6.jpg,train,153.0,526.0,149.0,431.0,팬츠,,,,,,,,롱·긴바지 기장,,,,,,무지,,
images/2c3e36fbba0ca0a0b36a8285308d20cf.jpg,train,375.0,173.0,52.0,34.0,셔츠,,,,,,,,,,셔츠 칼라,레귤러핏,,,무지,,단추
images/2c3e36fbba0ca0a0b36a8285308d20cf.jpg,train,347.0,195.0,112.0,234.0,니트,,,,,,,크롭 기장,,라운드넥,,레귤러핏,,,무지,니트,
images/2c3e36fbba0ca0a0b36a8285308d20cf.jpg,train,330.0,421.0,119.0,355.0,팬츠,,,,,,,,롱·긴바지 기장,,,,,,스트라이프,,포켓
images/2c3e36fbba0ca0a0b36a8285308d20cf.jpg,train,235.0,157.0,334.0,422.0,코트,,,,,긴팔,기본 소매,,,,라펠 칼라,레귤러핏,,,무지,,단추|벨트
images/b87c1900a699060623aaf411f1db540a.jpg,train,248.0,225.0,189.0,344.0,탑,,,,,,,기본 기장,,V넥,,레귤러핏,,,무지,,플리츠|포켓|지퍼
images/b87c1900a699060623aaf411f1db540a.jpg,train,241.0,542.0,196.0,387.0,팬츠,,,,,,,,롱·긴바지 기장,,,,,,도트,,
images/b87c1900a699060623aaf411f1db540a.jpg,train,199.0,241.0,281.0,368.0,재킷,,,,,긴팔,기본 소매,크롭 기장,,,,레귤러핏,,,무지,,지퍼|포켓
images/75b910be2a45e8b5f1bf88a9c83d67e8.jpg,train,218.0,206.0,203.0,444.0,원피스,,,,,,,,쇼츠·미니 기장,V넥,,,,H라인,무지|애니멀,,지퍼
images/c77b69cf7ece9d07a4e9664507607a2d.jpg,val_train_split,139.0,277.0,270.0,235.0,니트,,,,,긴팔,기본 소매,크롭 기장,,,,레귤러핏,,,무지,니트,
images/c77b69cf7ece9d07a4e9664507607a2d.jpg,val_train_split,90.0,456.0,349.0,330.0,스커트,,,,,,,,롱·긴바지 기장,,,,플레어핏,,무지,,지퍼
images/abba3d41e139c8e489e2bf9c8652bf74.jpg,train,248.0,258.0,182.0,383.0,원피스,,,,,,,,쇼츠·미니 기장,홀터넥,,,,H라인,애니멀,,지퍼
images/c347f1a153d3a8865a40ea666293c8c6.jpg,val_train_split,223.0,435.0,200.0,190.0,스커트,,,,,,,,쇼츠·미니 기장,,,,,,도트,,지퍼|플리츠
images/c347f1a153d3a8865a40ea666293c8c6.jpg,val_train_split,267.0,296.0,147.0,161.0,탑,,,,,,,크롭 기장,,홀터넥,,레귤러핏,,,무지,,
images/ee5496363de594f16af10259b5007cbf.jpg,train,189.0,115.0,295.0,524.0,코트,,,,,긴팔,,,,,,여유핏,,,무지,,단추|포켓|후드
images/ee5496363de594f16af10259b5007cbf.jpg,train,219.0,613.0,242.0,240.0,팬츠,,,,,,,,롱·긴바지 기장,,,,슬림핏,,무지,,
images/72fe0e2aaa5db6ca594d41c203000e53.jpg,train,254.0,197.0,213.0,739.0,원피스,,,,,,,,롱·긴바지 기장,V넥,,,,비대칭,,,스팽글|지퍼
images/72fe0e2aaa5db6ca594d41c203000e53.jpg,train,263.0,495.0,128.0,410.0,팬츠,,,,,,,,롱·긴바지 기장,,,,,,,,
images/727ea756b43af94c9de88e88a4b37b82.jpg,train,141.0,199.0,470.0,717.0,코트,,,,,긴팔,기본 소매,,,,,레귤러핏,,,무지,퍼·플리스,지퍼|포켓|후드
images/727ea756b43af94c9de88e88a4b37b82.jpg,train,254.0,914.0,253.0,109.0,원피스,,,,,,,,,,,,,,무지,니트,
images/727ea756b43af94c9de88e88a4b37b82.jpg,train,251.0,496.0,358.0,485.0,가디건,,,,,,,,,,,레귤러핏,,,무지,니트,포켓
images/bc6444d6ee9a9ccd42f14a85c79bbc1b.jpg,val_train_split,284.0,409.0,193.0,242.0,스커트,,,,,,,,쇼츠·미니 기장,,,,스트레이트핏,H라인,,,지퍼
images/bc6444d6ee9a9ccd42f14a85c79bbc1b.jpg,val_train_split,286.0,206.0,200.0,254.0,베스트,,,,,,,,,,칼라 없음,여유핏,,,무지,,
images/bc6444d6ee9a9ccd42f14a85c79bbc1b.jpg,val_train_split,261.0,251.0,233.0,163.0,티셔츠,,,,,반팔,기본 소매,크롭 기장,,V넥,,레귤러핏,,,무지,,
images/b2a2cadc90eb8425d9b23e18d5be6e27.jpg,train,230.0,517.0,174.0,407.0,청바지,,,,,,,,롱·긴바지 기장,,,,,,무지,데님,포켓
images/b2a2cadc90eb8425d9b23e18d5be6e27.jpg,train,234.0,246.0,180.0,290.0,베스트,,,,,,,크롭 기장,,,,여유핏,,,무지,,단추|포켓
images/b2a2cadc90eb8425d9b23e18d5be6e27.jpg,train,138.0,222.0,344.0,318.0,셔츠,,,,,긴팔,기본 소매,,,,셔츠 칼라,레귤러핏,,,무지,,단추|벨트
images/7630103818ec2cedff698d14612a20a0.jpg,train,316.0,527.0,159.0,125.0,쇼츠,,,,,,,,쇼츠·미니 기장,,,,슬림핏,,무지,,
images/7630103818ec2cedff698d14612a20a0.jpg,train,267.0,263.0,341.0,312.0,니트,,,,,긴팔,,크롭 기장,,라운드넥,,레귤러핏,,,무지,니트,
images/ad30a679aeb77278b0bd6f54b0769873.jpg,train,194.0,450.0,165.0,179.0,스커트,,,,,,,,쇼츠·미니 기장,,,,스트레이트핏,H라인,무지,,지퍼
images/ad30a679aeb77278b0bd6f54b0769873.jpg,train,201.0,223.0,192.0,239.0,티셔츠,,,,,반팔,캡 소매,크롭 기장,,스퀘어넥,,슬림핏,,,무지,,
images/79bcca92f12b0ad476b569186fbde2fd.jpg,train,183.0,474.0,164.0,363.0,팬츠,,,,,,,,롱·긴바지 기장,,,,슬림핏,,체크,,
images/79bcca92f12b0ad476b569186fbde2fd.jpg,train,112.0,195.0,275.0,300.0,셔츠,,,,,긴팔,기본 소매,크롭 기장,,,셔츠 칼라,레귤러핏,,,무지,,단추
images/79bcca92f12b0ad476b569186fbde2fd.jpg,train,96.0,422.0,293.0,72.0,티셔츠,,,,,,,,,,,레귤러핏,,,무지,,
images/79bcca92f12b0ad476b569186fbde2fd.jpg,train,164.0,207.0,184.0,252.0,베스트,,,,,,,크롭 기장,,,라펠 칼라,여유핏,,,무지,,지퍼
images/3be815372c241810990b639a56fe1a07.jpg,val_train_split,194.0,407.0,273.0,616.0,원피스,,,,,반팔,퍼프 소매,,,,,,,,무지,,프릴·러플
images/2bb4312c12baa72ca5259c4d5e611561.jpg,train,197.0,312.0,197.0,596.0,스커트,,,,,,,,롱·긴바지 기장,,,,,,무지,,플리츠|지퍼|벨트
images/2bb4312c12baa72ca5259c4d5e611561.jpg,train,198.0,189.0,172.0,171.0,티셔츠,,,,,반팔,캡 소매,크롭 기장,,,스탠드 칼라,레귤러핏,,,무지,,
images/bc3b5d9c9df8497dec8371fe624c65de.jpg,train,229.0,489.0,197.0,151.0,스커트,,,,,,,,쇼츠·미니 기장,,,,,,그래픽,,플리츠|지퍼
images/bc3b5d9c9df8497dec8371fe624c65de.jpg,train,271.0,250.0,111.0,268.0,셔츠,,,,,,,크롭 기장,,,셔츠 칼라,레귤러핏,,,스트라이프,,단추|벨트
images/bc3b5d9c9df8497dec8371fe624c65de.jpg,train,216.0,228.0,208.0,320.0,재킷,,,,,,기본 소매,,,,,여유핏,,,무지,,지퍼
images/1c8eede3166f6b8893466ecb893254d1.jpg,train,396.0,327.0,67.0,121.0,티셔츠,,,,,,,크롭 기장,,보트넥,,레귤러핏,,,도트,,
images/1c8eede3166f6b8893466ecb893254d1.jpg,train,354.0,437.0,117.0,225.0,스커트,,,,,,,,무릎 기장,,,,,,무지,,지퍼
images/1c8eede3166f6b8893466ecb893254d1.jpg,train,316.0,308.0,199.0,416.0,코트,,,,,긴팔,기본 소매,,,,,레귤러핏,,,무지,,
images/73404936220153f3bcb692a93b9ef112.jpg,train,230.0,69.0,587.0,769.0,티셔츠,,,,,긴팔,벨 소매,크롭 기장,,라운드넥,,레귤러핏,,,무지,,
images/73404936220153f3bcb692a93b9ef112.jpg,train,360.0,481.0,351.0,542.0,팬츠,,,,,,,,,,,,슬림핏,,애니멀,,
images/47a829a4f248a7457a3458824b81841b.jpg,train,196.0,414.0,266.0,341.0,스커트,,,,,,,,쇼츠·미니 기장,,,,스트레이트핏,H라인,무지,,플리츠|지퍼
images/47a829a4f248a7457a3458824b81841b.jpg,train,182.0,208.0,129.0,227.0,탑,,,,,,,크롭 기장,,,,슬림핏,,,무지,,
images/47a829a4f248a7457a3458824b81841b.jpg,train,122.0,180.0,298.0,385.0,셔츠,,,,,7부 소매,기본 소매,크롭 기장,,,,레귤러핏,,,스트라이프,,단추|포켓
images/b407a4a97efa343ed48cb256f0b23179.jpg,train,479.0,551.0,122.0,148.0,팬츠,,,,,,,,,,,,슬림핏,,무지,,
images/b407a4a97efa343ed48cb256f0b23179.jpg,train,401.0,182.0,264.0,439.0,가디건,,,,,,,,,,,여유핏,,,카모,니트,
images/c7f4db79068bef6dc5a3512bf04ae6fd.jpg,train,202.0,312.0,366.0,447.0,티셔츠,,,,,,,크롭 기장,,오프숄더,,슬림핏,,,스트라이프,,
images/c7f4db79068bef6dc5a3512bf04ae6fd.jpg,train,266.0,695.0,366.0,327.0,청바지,,,,,,,,,,,,슬림핏,,무지,데님,
images/fb4627ae9ea893956d3fb169ccc9525c.jpg,train,442.0,200.0,193.0,340.0,후드티,,,,,,기본 소매,크롭 기장,,,,레귤러핏,,,무지,,후드
images/fb4627ae9ea893956d3fb169ccc9525c.jpg,train,476.0,528.0,150.0,29.0,티셔츠,,,,,,,기본 기장,,,,레귤러핏,,,무지,,
images/fb4627ae9ea893956d3fb169ccc9525c.jpg,train,471.0,534.0,157.0,135.0,쇼츠,,,,,,,,쇼츠·미니 기장,,,,,,무지,,
images/1a0529d9fbd018f995d5815458f719bc.jpg,val_train_split,212.0,453.0,181.0,421.0,팬츠,,,,,,,,롱·긴바지 기장,,,,,,무지,,
images/1a0529d9fbd018f995d5815458f719bc.jpg,val_train_split,211.0,164.0,188.0,259.0,베스트,,,,,,,크롭 기장,,,,레귤러핏,,,,,단추
images/1a0529d9fbd018f995d5815458f719bc.jpg,val_train_split,158.0,176.0,301.0,342.0,티셔츠,,,,,긴팔,기본 소매,크롭 기장,,,,슬림핏,,,무지,,프릴·러플
images/63496473ed7dda6a41f30e7530229037.jpg,train,269.0,343.0,178.0,545.0,원피스,,,,,,,,롱·긴바지 기장,홀터넥,,,,H라인,무지,,지퍼
images/95de08396d7dbc0c2999e98927ab80ad.jpg,train,253.0,167.0,73.0,148.0,셔츠,,,,,,,,,,셔츠 칼라,레귤러핏,,,플로럴,,단추
images/95de08396d7dbc0c2999e98927ab80ad.jpg,train,253.0,182.0,109.0,316.0,베스트,,,,,,,크롭 기장,,,,레귤러핏,,,무지,,단추|포켓
images/95de08396d7dbc0c2999e98927ab80ad.jpg,train,215.0,471.0,181.0,427.0,팬츠,,,,,,,,롱·긴바지 기장,,,,,,무지,,
images/95de08396d7dbc0c2999e98927ab80ad.jpg,train,166.0,163.0,292.0,375.0,블레이저,,,,,긴팔,기본 소매,기본 기장,,,라펠 칼라,레귤러핏,,,무지,,단추|포켓
images/bb9b265d275ebf3fceebe2c30d90cb8e.jpg,train,162.0,317.0,143.0,224.0,청바지,,,,,,,,롱·긴바지 기장,,,,슬림핏,,무지,데님,
images/bb9b265d275ebf3fceebe2c30d90cb8e.jpg,train,266.0,183.0,181.0,241.0,가디건,,,,,긴팔,기본 소매,,,,,여유핏,,,,니트,지퍼
images/32754e624dd1c072fb7a5e2a48ca3092.jpg,train,136.0,94.0,497.0,763.0,점프수트,,,,,,,,미디·7부 기장,,,,,,스트라이프,,단추
images/fa158f2b4e028f26ab8911cbe21930ae.jpg,train,185.0,0.0,498.0,653.0,원피스,,,,,7부 소매,,,쇼츠·미니 기장,,라펠 칼라,,,A라인,플로럴,,지퍼|벨트
images/fa158f2b4e028f26ab8911cbe21930ae.jpg,train,169.0,0.0,532.0,679.0,코트,,,,,7부 소매,기본 소매,,,,,레귤러핏,,,무지,,
images/d38e6a660759a2717d2d68dbc3b391a9.jpg,train,358.0,123.0,299.0,330.0,원피스,,,,,,,,무릎 기장,라운드넥,,,,,체크,,지퍼|프릴·러플
images/f8afe4d90106784a10ce097673a07d75.jpg,train,285.0,483.0,132.0,398.0,팬츠,,,,,,,,롱·긴바지 기장,,,,슬림핏,,무지,,
images/f8afe4d90106784a10ce097673a07d75.jpg,train,215.0,236.0,272.0,372.0,코트,,,,,긴팔,기본 소매,,,V넥,,레귤러핏,,,,퍼·플리스,단추
images/2454a5eddb9318a876fda9f6369f7a3c.jpg,train,537.0,147.0,302.0,368.0,원피스,,,,,반팔,캡 소매,,미디·7부 기장,보트넥,,,,X라인,스트라이프,,지퍼|프릴·러플
images/7cc8fa7afcc30e53e069dffe6bdd3ebe.jpg,train,450.0,236.0,151.0,225.0,원피스,,,,,,,,쇼츠·미니 기장,,,,,A라인,무지,,지퍼
images/7cc8fa7afcc30e53e069dffe6bdd3ebe.jpg,train,466.0,204.0,145.0,189.0,가디건,,,,,,기본 소매,크롭 기장,,V넥,,레귤러핏,,,스트라이프,니트,단추|포켓
images/3376cef882b2a8c6c632768b3f067729.jpg,train,246.0,413.0,263.0,572.0,팬츠,,,,,,,,롱·긴바지 기장,,,,,,무지,,
images/3376cef882b2a8c6c632768b3f067729.jpg,train,141.0,176.0,335.0,356.0,블레이저,,,,,긴팔,기본 소매,기본 기장,,,라펠 칼라,레귤러핏,,,무지,,단추
images/3376cef882b2a8c6c632768b3f067729.jpg,train,202.0,186.0,254.0,327.0,셔츠,,,,,긴팔,기본 소매,,,,스탠드 칼라,레귤러핏,,,도트,,지퍼|포켓|벨트
images/65662dd682c30561df0d94a8aece29c1.jpg,train,246.0,181.0,188.0,453.0,원피스,,,,,긴팔,,,쇼츠·미니 기장,,,,,H라인,무지,,지퍼|스팽글
images/65662dd682c30561df0d94a8aece29c1.jpg,train,141.0,182.0,340.0,359.0,재킷,,,,,긴팔,,크롭 기장,,,,오버핏,,비대칭,애니멀,퍼·플리스,스팽글
images/f3afb39c66261dafd63fec9cf42edb09.jpg,train,239.0,214.0,155.0,211.0,셔츠,,,,,7부 소매,벨 소매,크롭 기장,,V넥,,여유핏,,,무지,,
images/f3afb39c66261dafd63fec9cf42edb09.jpg,train,241.0,378.0,129.0,145.0,스커트,,,,,,,,쇼츠·미니 기장,,,,스트레이트핏,H라인,무지,,지퍼
images/e43a78bf7b276e3c12f2c4ca0aa4658b.jpg,train,174.0,256.0,149.0,181.0,셔츠,,,,,,,,,,셔츠 칼라,레귤러핏,,,체크,,단추
images/e43a78bf7b276e3c12f2c4ca0aa4658b.jpg,train,8.0,312.0,592.0,711.0,니트,,,,,긴팔,기본 소매,,,라운드넥,,레귤러핏,,,무지,니트,
images/30ce0ea343ff5f9adbcad8bc23e4d9c0.jpg,train,162.0,253.0,354.0,351.0,탑,,,,,7부 소매,벨 소매,크롭 기장,,,,슬림핏,,,무지,,프릴·러플
images/3665ba39ac154f44d3b942b3d8ee5f14.jpg,train,276.0,242.0,213.0,275.0,후드티,,,,,긴팔,기본 소매,기본 기장,,,,오버핏,,,무지,,후드
images/3665ba39ac154f44d3b942b3d8ee5f14.jpg,train,310.0,495.0,136.0,120.0,쇼츠,,,,,,,,쇼츠·미니 기장,,,,,,무지,,
images/edbfb7131fc9f9fe99b6fca5e485aec9.jpg,train,170.0,539.0,174.0,301.0,팬츠,,,,,,,,롱·긴바지 기장,,,,,,무지,,포켓|지퍼
images/edbfb7131fc9f9fe99b6fca5e485aec9.jpg,train,121.0,298.0,205.0,278.0,재킷,,,,,긴팔,기본 소매,크롭 기장,,,,여유핏,,,무지,퍼·플리스,지퍼|포켓
images/e825000821233b2be00c83549eea786a.jpg,train,186.0,350.0,162.0,331.0,원피스,,,,,,,,쇼츠·미니 기장,,,,,O라인,무지,,
images/e825000821233b2be00c83549eea786a.jpg,train,178.0,335.0,205.0,249.0,재킷,,,,,반팔,기본 소매,크롭 기장,,,,여유핏,,,무지,,단추|리본
images/5c1840b181fafeb111dad7700edcd24f.jpg,val_train_split,32.0,289.0,616.0,436.0,재킷,,,,,긴팔,기본 소매,크롭 기장,,,,레귤러핏,,,무지,,지퍼|포켓
images/5c1840b181fafeb111dad7700edcd24f.jpg,val_train_split,138.0,288.0,355.0,583.0,점프수트,,,,,,,,쇼츠·미니 기장,,,레귤러핏,,,무지,,포켓|지퍼
images/2cb49f931931b5a7f40a6e0485832001.jpg,train,562.0,209.0,102.0,193.0,티셔츠,,,,,,,기본 기장,,,셔츠 칼라,레귤러핏,,,무지,,
images/2cb49f931931b5a7f40a6e0485832001.jpg,train,551.0,205.0,143.0,172.0,니트,,,,,긴팔,기본 소매,크롭 기장,,,,슬림핏,,,무지,니트,
images/2cb49f931931b5a7f40a6e0485832001.jpg,train,580.0,365.0,71.0,60.0,쇼츠,,,,,,,,쇼츠·미니 기장,,,,,,무지,,포켓
images/3976529bd60f801d5102f378c413e9f9.jpg,train,94.0,207.0,453.0,501.0,원피스,,,,,,벨 소매,,쇼츠·미니 기장,,,,,,무지,,지퍼
images/4061b08f70a9147ca1d4a9c2bcd70a52.jpg,train,221.0,303.0,194.0,425.0,원피스,,,,,,,,무릎 기장,,,,,,,,지퍼
images/4061b08f70a9147ca1d4a9c2bcd70a52.jpg,train,220.0,295.0,232.0,292.0,재킷,,,,,긴팔,,크롭 기장,,보트넥,라펠 칼라,여유핏,,비대칭,무지,,지퍼|벨트
images/497886f3f68cf91b0b606606a1e29c81.jpg,train,143.0,676.0,336.0,296.0,쇼츠,,,,,,,,쇼츠·미니 기장,,,,,,무지,,포켓|지퍼
images/497886f3f68cf91b0b606606a1e29c81.jpg,train,182.0,75.0,367.0,771.0,가디건,,,,,긴팔,기본 소매,크롭 기장,,,칼라 없음,슬림핏,,,무지,니트,단추
images/909f113d064ee05bf06571e59de5b561.jpg,train,275.0,183.0,181.0,457.0,원피스,,,,,,,,무릎 기장,스퀘어넥,,,,,,,지퍼|프릴·러플
images/cece066ac8a4fce55c54654cf1198afb.jpg,train,309.0,370.0,293.0,224.0,스커트,,,,,,,,쇼츠·미니 기장,,,,,,무지,,지퍼|벨트
images/cece066ac8a4fce55c54654cf1198afb.jpg,train,323.0,187.0,172.0,183.0,탑,,,,,,,크롭 기장,,,,슬림핏,,,무지,,스팽글
images/a1741b89ed9beb117964b0fbfdd75bf0.jpg,train,218.0,173.0,252.0,489.0,원피스,,,,,,,,쇼츠·미니 기장,,,,,H라인,무지,,스팽글|지퍼
images/532b9a22e53fc758e939ed798d88e86b.jpg,train,226.0,281.0,507.0,742.0,원피스,,,,,긴팔,벌룬 소매,,,,,,,A라인,플로럴,,
images/685033bf00d36bd128c66d24db57a9be.jpg,train,102.0,223.0,472.0,547.0,원피스,,,,,7부 소매,벨 소매,,미디·7부 기장,보트넥,,,,,무지,,지퍼
images/345aca89731ba798b7c054b0036bae54.jpg,train,146.0,367.0,259.0,614.0,원피스,,,,,,,,쇼츠·미니 기장,홀터넥,,,,,스트라이프,,지퍼
images/e43655b10009c18cbd946216f0700e53.jpg,val_train_split,563.0,247.0,141.0,207.0,원피스,,,,,반팔,벨 소매,,무릎 기장,,,,,A라인,플로럴,,지퍼
images/37e7781adb8ac09137680300663dbddf.jpg,train,247.0,599.0,134.0,298.0,팬츠,,,,,,,,롱·긴바지 기장,,,,,,무지,,
images/37e7781adb8ac09137680300663dbddf.jpg,train,255.0,503.0,84.0,104.0,스커트,,,,,,,,쇼츠·미니 기장,,,,,,무지,,지퍼
images/37e7781adb8ac09137680300663dbddf.jpg,train,278.0,173.0,88.0,335.0,티셔츠,,,,,,,크롭 기장,,,,레귤러핏,,,무지,,
images/37e7781adb8ac09137680300663dbddf.jpg,train,160.0,192.0,327.0,494.0,코트,,,,,긴팔,기본 소매,,,,,여유핏,,,무지,퍼·플리스,단추
images/719c85ac0e27f823f3f37a098ad7d61c.jpg,train,582.0,250.0,204.0,212.0,원피스,,,,,긴팔,벌룬 소매,,쇼츠·미니 기장,V넥,,,,A라인,무지,,지퍼
images/6684d7e54fa290904ad10f7762ba3ff6.jpg,train,181.0,389.0,204.0,249.0,스커트,,,,,,,,쇼츠·미니 기장,,,,스트레이트핏,H라인,그래픽,,지퍼
images/6684d7e54fa290904ad10f7762ba3ff6.jpg,train,177.0,206.0,231.0,212.0,티셔츠,,,,,,,크롭 기장,,오프숄더,,슬림핏,,,무지,,
images/4404226f53e4177a9352c120823ab178.jpg,train,5.0,291.0,449.0,732.0,원피스,,,,,,,,,,,,,A라인,도트,,지퍼|벨트
images/fb7863480e907bd66354b8733ebf07f7.jpg,train,246.0,271.0,237.0,417.0,원피스,,,,,,,,쇼츠·미니 기장,터틀넥,,,,A라인,무지,,지퍼
images/fb7863480e907bd66354b8733ebf07f7.jpg,train,201.0,241.0,324.0,348.0,재킷,,,,,7부 소매,기본 소매,크롭 기장,,,,레귤러핏,,,플로럴,,지퍼
images/426ffbc62b9971587c7d6076be4c2f8b.jpg,val_train_split,181.0,235.0,188.0,318.0,원피스,,,,,반팔,,,무릎 기장,오프숄더,,,,,무지,,지퍼
images/e37ec04406341bf9d2747ddc2f516034.jpg,val_train_split,324.0,636.0,252.0,204.0,팬츠,,,,,,,,롱·긴바지 기장,,,,슬림핏,,무지,,
images/e37ec04406341bf9d2747ddc2f516034.jpg,val_train_split,358.0,488.0,170.0,166.0,스커트,,,,,,,,쇼츠·미니 기장,,,,,,무지,퍼·플리스,지퍼
images/e37ec04406341bf9d2747ddc2f516034.jpg,val_train_split,367.0,290.0,114.0,293.0,재킷,,,,,긴팔,기본 소매,크롭 기장,,,,슬림핏,,,무지,퍼·플리스,지퍼|포켓
images/9014586c864ec1a74efa15afdb817128.jpg,val_train_split,113.0,211.0,236.0,390.0,원피스,,,,,,,,쇼츠·미니 기장,라운드넥,라펠 칼라,,,O라인,무지,,지퍼
images/9014586c864ec1a74efa15afdb817128.jpg,val_train_split,42.0,160.0,182.0,435.0,코트,,,,,,기본 소매,,,,,레귤러핏,,,무지,,
images/9014586c864ec1a74efa15afdb817128.jpg,val_train_split,255.0,160.0,156.0,435.0,코트,,,,,,기본 소매,,,,,레귤러핏,,,무지,,
images/a3a448f0dcd35f8aa9c92194535e4afb.jpg,train,326.0,280.0,128.0,219.0,가디건,,,,,,,크롭 기장,,,,레귤러핏,,,무지,니트,단추|포켓
images/a3a448f0dcd35f8aa9c92194535e4afb.jpg,train,297.0,468.0,165.0,383.0,팬츠,,,,,,,,롱·긴바지 기장,,,,슬림핏,,체크,,
images/a3a448f0dcd35f8aa9c92194535e4afb.jpg,train,223.0,225.0,260.0,296.0,블레이저,,,,,긴팔,기본 소매,크롭 기장,,,,슬림핏,,,체크,,단추|포켓
images/a3a448f0dcd35f8aa9c92194535e4afb.jpg,train,298.0,205.0,162.0,313.0,셔츠,,,,,,,크롭 기장,,,셔츠 칼라,레귤러핏,,,무지,,단추
images/b9b90649d0c6e51d92f9827c40fb60f8.jpg,train,361.0,337.0,133.0,243.0,스커트,,,,,,,,쇼츠·미니 기장,,,,스트레이트핏,H라인,무지,,지퍼
images/b9b90649d0c6e51d92f9827c40fb60f8.jpg,train,384.0,150.0,152.0,348.0,티셔츠,,,,,긴팔,기본 소매,크롭 기장,,,피터팬 칼라,슬림핏,,,무지,,
images/640980ddd4dfe5fa1b2680a7555e3fb2.jpg,train,198.0,468.0,214.0,459.0,팬츠,,,,,,,,롱·긴바지 기장,,,,슬림핏,,무지,,포켓
images/640980ddd4dfe5fa1b2680a7555e3fb2.jpg,train,148.0,192.0,278.0,364.0,니트,,,,,긴팔,,크롭 기장,,보트넥,,여유핏,,,무지,니트,
images/18ff92f7a98bad6103b3c46d94dd1ae2.jpg,train,451.0,245.0,360.0,778.0,원피스,,,,,긴팔,벌룬 소매,,,,,,,,플로럴,,
images/74e2f663e00a943091e23f8cd32978ca.jpg,train,221.0,455.0,197.0,484.0,팬츠,,,,,,,,롱·긴바지 기장,,,,,,무지,,포켓
images/74e2f663e00a943091e23f8cd32978ca.jpg,train,154.0,160.0,317.0,353.0,티셔츠,,,,,,기본 소매,크롭 기장,,,,오버핏,,,,,후드
images/8d4fc08bb97ef69065962f947ff7e17a.jpg,train,183.0,211.0,310.0,729.0,원피스,,,,,반팔,벨 소매,,롱·긴바지 기장,,,,,,플로럴,,리본|벨트
images/f5066bd6c22a0d81e0adefa774de4121.jpg,train,104.0,214.0,274.0,540.0,점프수트,,,,,,,,미디·7부 기장,,,,,,무지,,지퍼|포켓|벨트
images/566b03eb92365cd019911a077b6a74c4.jpg,train,259.0,253.0,243.0,364.0,티셔츠,,,,,긴팔,래글런 소매,크롭 기장,,라운드넥,,슬림핏,,,무지,,플리츠|지퍼
images/566b03eb92365cd019911a077b6a74c4.jpg,train,280.0,464.0,191.0,495.0,팬츠,,,,,,,,미디·7부 기장,,,,,,무지,,
images/e65bcb14db6aa38ad43050e7428ddd49.jpg,train,503.0,322.0,174.0,276.0,셔츠,,,,,,,크롭 기장,,,스탠드 칼라,레귤러핏,,,도트,,단추
images/c9c9012df5ea3824b8c07bd16a8a71b3.jpg,val_train_split,189.0,194.0,193.0,311.0,탑,,,,,,,크롭 기장,,터틀넥,,여유핏,,,무지,,
images/c9c9012df5ea3824b8c07bd16a8a71b3.jpg,val_train_split,136.0,220.0,316.0,430.0,가디건,,,,,긴팔,,,,,,여유핏,,,무지,니트,
images/c9c9012df5ea3824b8c07bd16a8a71b3.jpg,val_train_split,187.0,474.0,184.0,435.0,팬츠,,,,,,,,롱·긴바지 기장,,,,와이드핏,,무지,,
images/4ed3c79894519b4d659489febe0ea691.jpg,train,162.0,210.0,135.0,273.0,코트,,,,,,,,,V넥,,레귤러핏,,,무지,퍼·플리스,
images/4ed3c79894519b4d659489febe0ea691.jpg,train,151.0,251.0,158.0,285.0,원피스,,,,,반팔,기본 소매,,무릎 기장,,,,,,,,지퍼|리본
images/720dc836488bd4916e3c9f9fc655c799.jpg,train,320.0,225.0,168.0,174.0,티셔츠,,,,,반팔,퍼프 소매,크롭 기장,,,,슬림핏,,,무지,,프릴·러플
images/720dc836488bd4916e3c9f9fc655c799.jpg,train,311.0,386.0,149.0,419.0,팬츠,,,,,,,,미디·7부 기장,,,,,,무지,,플리츠|포켓|벨트
images/78e6c76dc62e9a296dd0053b8242e583.jpg,train,297.0,306.0,85.0,306.0,원피스,,,,,,,,쇼츠·미니 기장,,,,,H라인,무지,,지퍼
images/78e6c76dc62e9a296dd0053b8242e583.jpg,train,250.0,251.0,184.0,385.0,코트,,,,,반팔,,,,,칼라 없음,레귤러핏,,,무지,,리본
images/efd62f9d6b12bd45d0acec406b66ad20.jpg,train,178.0,211.0,275.0,353.0,재킷,,,,,긴팔,래글런 소매,기본 기장,,,셔츠 칼라,여유핏,,,,,단추|포켓
images/efd62f9d6b12bd45d0acec406b66ad20.jpg,train,178.0,502.0,237.0,206.0,스커트,,,,,,,,쇼츠·미니 기장,,,,플레어핏,,무지,,지퍼
images/f6a1cdf13548538c6162051f3ebf82ab.jpg,train,343.0,263.0,93.0,113.0,탑,,,,,,,크롭 기장,,,,슬림핏,,,무지,,
images/f6a1cdf13548538c6162051f3ebf82ab.jpg,train,293.0,369.0,167.0,171.0,스커트,,,,,,,,쇼츠·미니 기장,,,,,A라인,그래픽,,지퍼
images/f6a1cdf13548538c6162051f3ebf82ab.jpg,train,251.0,210.0,261.0,221.0,재킷,,,,,7부 소매,,크롭 기장,,,칼라 없음,레귤러핏,,,,,
images/e8b9baa123b77c913c7f4642dad47298.jpg,train,290.0,255.0,76.0,189.0,니트,,,,,,,,,터틀넥,,슬림핏,,,무지,니트,
images/e8b9baa123b77c913c7f4642dad47298.jpg,train,197.0,262.0,266.0,400.0,코트,,,,,긴팔,기본 소매,,,,라펠 칼라,레귤러핏,,,무지,,포켓
images/e8b9baa123b77c913c7f4642dad47298.jpg,train,266.0,438.0,94.0,169.0,스커트,,,,,,,,쇼츠·미니 기장,,,,스트레이트핏,H라인,무지,,지퍼
images/69fe206590ca01cce29441f3a58c0eda.jpg,val_train_split,401.0,182.0,112.0,422.0,티셔츠,,,,,,,크롭 기장,,터틀넥,,레귤러핏,,,무지,,
images/69fe206590ca01cce29441f3a58c0eda.jpg,val_train_split,228.0,202.0,492.0,479.0,코트,,,,,긴팔,,,,,라펠 칼라,레귤러핏,,,무지,가죽,지퍼|포켓
images/8757003ea9db50f92c71821ccffdfbe9.jpg,train,348.0,206.0,191.0,268.0,티셔츠,,,,,반팔,기본 소매,크롭 기장,,라운드넥,,레귤러핏,,,무지,,
images/8757003ea9db50f92c71821ccffdfbe9.jpg,train,231.0,220.0,270.0,683.0,점프수트,,,,,,,,롱·긴바지 기장,,,,,,무지,,단추|포켓
images/b02c55d197322a8fce9adf16aaced3ea.jpg,train,284.0,329.0,129.0,192.0,티셔츠,,,,,반팔,,크롭 기장,,,,여유핏,,비대칭,무지,,리본
images/b02c55d197322a8fce9adf16aaced3ea.jpg,train,299.0,513.0,105.0,88.0,쇼츠,,,,,,,,쇼츠·미니 기장,,,,,,무지,,포켓
images/0286c9078cb8e3e8002622de380cde42.jpg,train,241.0,501.0,132.0,387.0,팬츠,,,,,,,,롱·긴바지 기장,,,,,,플로럴,,플리츠|포켓
images/0286c9078cb8e3e8002622de380cde42.jpg,train,249.0,317.0,140.0,190.0,탑,,,,,반팔,벨 소매,크롭 기장,,,,여유핏,,,플로럴,,리본
images/d79c8b19045b15af8b7816ea74d1e517.jpg,train,112.0,415.0,355.0,477.0,스커트,,,,,,,,롱·긴바지 기장,,,,,,플로럴,,지퍼
images/d79c8b19045b15af8b7816ea74d1e517.jpg,train,272.0,250.0,133.0,162.0,탑,,,,,,,크롭 기장,,홀터넥,,슬림핏,,,플로럴,,
images/ae40d4f1de509541b4476caf512cb7fd.jpg,train,360.0,253.0,423.0,428.0,코트,,,,,7부 소매,기본 소매,,,,,레귤러핏,,,,퍼·플리스,
images/ae40d4f1de509541b4476caf512cb7fd.jpg,train,374.0,212.0,399.0,413.0,티셔츠,,,,,7부 소매,,,,,라펠 칼라,슬림핏,,,무지,,
images/0a721484b0cc6561103a9f5db2d66649.jpg,train,67.0,162.0,365.0,607.0,원피스,,,,,,,,미디·7부 기장,홀터넥,,,,,무지,,지퍼
images/aa1207c6a5d603dc9af422c6744e0b8a.jpg,train,602.0,325.0,264.0,318.0,점프수트,,,,,,,,쇼츠·미니 기장,,,레귤러핏,,,무지,,지퍼
images/4db4ec460211cd95b2edc734c8162e62.jpg,train,291.0,638.0,234.0,385.0,팬츠,,,,,,,,,,,,,,무지,,
images/4db4ec460211cd95b2edc734c8162e62.jpg,train,358.0,250.0,62.0,271.0,티셔츠,,,,,,,크롭 기장,,터틀넥,,레귤러핏,,,무지,,
images/4db4ec460211cd95b2edc734c8162e62.jpg,train,199.0,266.0,332.0,641.0,코트,,,,,긴팔,기본 소매,,,,라펠 칼라,레귤러핏,,,무지,,포켓
images/8d907a3df6202ebdbb79a6582d4ece57.jpg,train,192.0,323.0,216.0,338.0,원피스,,,,,긴팔,,,쇼츠·미니 기장,,,,,,무지,니트,포켓|후드
images/3f2bbed88ba12cbac95512a9d7041798.jpg,train,370.0,230.0,337.0,451.0,원피스,,,,,,,,,,칼라 없음,,,,무지,,지퍼
images/3d5ee211eb9c1e51f11c66b93e1447d6.jpg,train,345.0,264.0,261.0,222.0,티셔츠,,,,,반팔,캡 소매,크롭 기장,,,,슬림핏,,,무지,,프릴·러플
images/3d5ee211eb9c1e51f11c66b93e1447d6.jpg,train,396.0,475.0,236.0,169.0,스커트,,,,,,,,쇼츠·미니 기장,,,,,,무지,,지퍼
images/f9baaf1b77e3b7bb3c3e74aa6ce10100.jpg,train,192.0,218.0,283.0,519.0,원피스,,,,,긴팔,벌룬 소매,,무릎 기장,,,,,,플로럴,,벨트
images/3cfb499a916723d6552febf0e617b35e.jpg,train,579.0,144.0,297.0,537.0,원피스,,,,,7부 소매,벨 소매,,,,,여유핏,,,무지,,플리츠
images/da33c96b6da64e25458aa684b77d9a05.jpg,val_train_split,304.0,417.0,114.0,63.0,티셔츠,,,,,,,크롭 기장,,,,레귤러핏,,,무지,,
images/da33c96b6da64e25458aa684b77d9a05.jpg,val_train_split,310.0,289.0,102.0,203.0,셔츠,,,,,,,크롭 기장,,,셔츠 칼라,레귤러핏,,,무지,,단추|포켓|벨트
images/da33c96b6da64e25458aa684b77d9a05.jpg,val_train_split,302.0,459.0,123.0,125.0,쇼츠,,,,,,,,쇼츠·미니 기장,,,,,,무지,,포켓
images/da33c96b6da64e25458aa684b77d9a05.jpg,val_train_split,254.0,292.0,188.0,172.0,재킷,,,,,,기본 소매,크롭 기장,,,라펠 칼라,슬림핏,,,무지,,
images/119b800fbfe7c2d1fd6b2be7553e01ba.jpg,train,203.0,206.0,278.0,374.0,코트,,,,,긴팔,기본 소매,,,,,레귤러핏,,,무지,,지퍼|후드
images/f696cd4b578a9a2b652e7522706de638.jpg,val_train_split,225.0,474.0,206.0,198.0,팬츠,,,,,,,,,,,,슬림핏,,무지,,
images/f696cd4b578a9a2b652e7522706de638.jpg,val_train_split,217.0,211.0,227.0,313.0,셔츠,,,,,,기본 소매,,,,,레귤러핏,,,무지,,단추
images/f696cd4b578a9a2b652e7522706de638.jpg,val_train_split,257.0,201.0,149.0,216.0,베스트,,,,,,,크롭 기장,,,스탠드 칼라,슬림핏,,,무지,,단추
images/7b684a18f40e259fc848a4c8130af282.jpg,train,200.0,184.0,266.0,289.0,티셔츠,,,,,반팔,,크롭 기장,,라운드넥,,여유핏,,,무지,,
images/7b684a18f40e259fc848a4c8130af282.jpg,train,219.0,460.0,199.0,251.0,스커트,,,,,,,,무릎 기장,,,,플레어핏,비대칭,플로럴,,지퍼
images/a70a4f16b53838a7dfba4565b95c3226.jpg,train,244.0,239.0,161.0,126.0,탑,,,,,,,크롭 기장,,,,슬림핏,,,무지,,
images/a70a4f16b53838a7dfba4565b95c3226.jpg,train,153.0,190.0,312.0,332.0,재킷,,,,,긴팔,기본 소매,크롭 기장,,,,레귤러핏,,,,,스팽글|지퍼
images/a70a4f16b53838a7dfba4565b95c3226.jpg,train,224.0,357.0,256.0,330.0,스커트,,,,,,,,쇼츠·미니 기장,,,,플레어핏,X라인,무지,,지퍼
images/ead4b84435cbc3a56b36b1f4c9af9e53.jpg,train,266.0,594.0,188.0,200.0,팬츠,,,,,,,,미디·7부 기장,,,,,,무지,,
images/ead4b84435cbc3a56b36b1f4c9af9e53.jpg,train,260.0,471.0,212.0,159.0,티셔츠,,,,,,,기본 기장,,,,레귤러핏,,,무지,,
images/ead4b84435cbc3a56b36b1f4c9af9e53.jpg,train,193.0,174.0,328.0,374.0,재킷,,,,,긴팔,기본 소매,크롭 기장,,,,여유핏,,,무지,,스팽글|지퍼
images/48a6eebbad23e6488b8cafb121db3747.jpg,train,563.0,208.0,166.0,215.0,베스트,,,,,,,기본 기장,,,,여유핏,,,무지,,
images/48a6eebbad23e6488b8cafb121db3747.jpg,train,580.0,414.0,131.0,109.0,팬츠,,,,,,,,롱·긴바지 기장,,,,슬림핏,,무지,,
images/48a6eebbad23e6488b8cafb121db3747.jpg,train,548.0,216.0,202.0,150.0,티셔츠,,,,,,기본 소매,,,,,레귤러핏,,,무지,,
images/2e56b2590c64cf2f5ffcdd9d881fab4d.jpg,val_train_split,406.0,217.0,211.0,260.0,티셔츠,,,,,긴팔,기본 소매,크롭 기장,,라운드넥,,레귤러핏,,,무지,,포켓
images/2e56b2590c64cf2f5ffcdd9d881fab4d.jpg,val_train_split,326.0,197.0,287.0,314.0,블레이저,,,,,긴팔,기본 소매,크롭 기장,,,라펠 칼라,레귤러핏,,,체크,,스팽글|단추
images/2e56b2590c64cf2f5ffcdd9d881fab4d.jpg,val_train_split,366.0,434.0,216.0,391.0,팬츠,,,,,,,,롱·긴바지 기장,,,,슬림핏,,무지,,
images/9224a226ba17066adce1db5da9034a65.jpg,train,241.0,380.0,261.0,600.0,원피스,,,,,,,,쇼츠·미니 기장,,,,,A라인,무지,,지퍼|프릴·러플
images/ebb0ce6905f4e95c76ed55041e322ab5.jpg,train,51.0,344.0,624.0,679.0,티셔츠,,,,,반팔,기본 소매,,,라운드넥,,레귤러핏,,,카모,,
images/e6690dbab81b1555f9cc1dc9ddcc330f.jpg,train,66.0,389.0,448.0,634.0,원피스,,,,,긴팔,벨 소매,,,오프숄더,,,,,도트,,스팽글|지퍼
images/0eeb6f07bb4fe031889eff7a36925ada.jpg,train,212.0,193.0,280.0,362.0,셔츠,,,,,7부 소매,벌룬 소매,,,,,슬림핏,,,무지,,단추
images/0eeb6f07bb4fe031889eff7a36925ada.jpg,train,210.0,453.0,214.0,475.0,팬츠,,,,,,,,롱·긴바지 기장,,,,,,무지,,
images/400069822140abfa9296137574b9139a.jpg,train,123.0,150.0,284.0,476.0,원피스,,,,,긴팔,벌룬 소매,,쇼츠·미니 기장,,라펠 칼라,,,A라인,무지,,단추
images/781febb3dc8ef8a38ac242bdd9146bfb.jpg,train,223.0,215.0,219.0,660.0,점프수트,,,,,7부 소매,,,롱·긴바지 기장,,,,,H라인,무지,,
images/781febb3dc8ef8a38ac242bdd9146bfb.jpg,train,224.0,242.0,224.0,405.0,탑,,,,,7부 소매,,기본 기장,,,,여유핏,,비대칭,무지,,
images/b19da068a2f524ff79b8820615b69d76.jpg,train,88.0,198.0,542.0,780.0,원피스,,,,,,,,롱·긴바지 기장,홀터넥,,,,,무지,,지퍼
images/2ef8879f57c6b0624fb8356d54d7d3fc.jpg,train,240.0,204.0,186.0,494.0,원피스,,,,,,,,무릎 기장,홀터넥,,,,,무지,,지퍼
images/bc071bd8224218772eb8dfb105cedab2.jpg,val_train_split,0.0,267.0,795.0,756.0,원피스,,,,,반팔,벨 소매,,,,,,,,플로럴,,지퍼
images/717451ff61e16d4d340a6ed99ae8c1c8.jpg,train,189.0,196.0,238.0,428.0,원피스,,,,,반팔,캡 소매,,쇼츠·미니 기장,,칼라 없음,,,H라인,무지,,지퍼
images/f9b7c350d61c0395c5c56f1a9f8dcdf6.jpg,val_train_split,223.0,494.0,181.0,63.0,쇼츠,,,,,,,,쇼츠·미니 기장,,,,,,무지,,
images/f9b7c350d61c0395c5c56f1a9f8dcdf6.jpg,val_train_split,223.0,259.0,181.0,267.0,탑,,,,,,,기본 기장,,,,슬림핏,,,무지,,
images/f9b7c350d61c0395c5c56f1a9f8dcdf6.jpg,val_train_split,178.0,209.0,297.0,310.0,가디건,,,,,긴팔,기본 소매,크롭 기장,,,,레귤러핏,,,무지,니트,단추
images/da0e35dfcab1918a30728b336108e0bb.jpg,train,233.0,174.0,220.0,455.0,원피스,,,,,반팔,,,쇼츠·미니 기장,,스탠드 칼라,,,H라인,플로럴,,단추|리본
images/9b930e5e92b074eb4ec8ca4fd459074f.jpg,train,209.0,261.0,357.0,554.0,니트,,,,,긴팔,,기본 기장,,,,여유핏,,,무지,니트,포켓|지퍼
images/9b930e5e92b074eb4ec8ca4fd459074f.jpg,train,156.0,171.0,442.0,545.0,베스트,,,,,,,크롭 기장,,,셔츠 칼라,오버핏,,,무지,퍼·플리스,지퍼
images/9b930e5e92b074eb4ec8ca4fd459074f.jpg,train,213.0,766.0,278.0,257.0,팬츠,,,,,,,,,,,,슬림핏,,무지,,
images/8f5afc5fe1f0f6a6a3f29889ab394c17.jpg,train,231.0,251.0,182.0,358.0,탑,,,,,7부 소매,,기본 기장,,,,여유핏,,비대칭,무지,,
images/8f5afc5fe1f0f6a6a3f29889ab394c17.jpg,train,255.0,496.0,157.0,397.0,팬츠,,,,,,,,롱·긴바지 기장,,,,,,애니멀,,
images/131013e5b5b0018b1211e683638bd200.jpg,train,176.0,173.0,382.0,259.0,티셔츠,,,,,7부 소매,벌룬 소매,크롭 기장,,,,레귤러핏,,,무지,,
images/131013e5b5b0018b1211e683638bd200.jpg,train,232.0,424.0,179.0,178.0,스커트,,,,,,,,쇼츠·미니 기장,,,,스트레이트핏,H라인,체크,,지퍼|벨트
images/131013e5b5b0018b1211e683638bd200.jpg,train,0.0,236.0,273.0,523.0,코트,,,,,,,,,,,레귤러핏,,,체크,,단추
images/c2d44eb336cdd16324d0dd91206ec7d3.jpg,train,244.0,198.0,230.0,770.0,원피스,,,,,,,,롱·긴바지 기장,V넥,,,,A라인,무지,,지퍼|후드
images/f43afa8680b4f8a546965d7df846a3f4.jpg,val_train_split,167.0,470.0,366.0,483.0,스커트,,,,,,,,무릎 기장,,,,,A라인,무지,,플리츠|지퍼|포켓
images/f43afa8680b4f8a546965d7df846a3f4.jpg,val_train_split,110.0,203.0,475.0,721.0,코트,,,,,긴팔,기본 소매,,,,라펠 칼라,여유핏,,,무지,,단추|지퍼
images/f43afa8680b4f8a546965d7df846a3f4.jpg,val_train_split,303.0,170.0,107.0,246.0,셔츠,,,,,,,크롭 기장,,,,레귤러핏,,,무지,,단추
images/8381b71d61719aa9d931ad3eb226e360.jpg,train,166.0,249.0,261.0,293.0,티셔츠,,,,,반팔,래글런 소매,크롭 기장,,,,레귤러핏,,,무지,,
images/8381b71d61719aa9d931ad3eb226e360.jpg,train,149.0,490.0,247.0,421.0,스커트,,,,,,,,무릎 기장,,,,,O라인,무지,,단추
images/9160ca2db1e145652d4422390a54a2e2.jpg,val_train_split,168.0,356.0,260.0,224.0,가디건,,,,,긴팔,기본 소매,크롭 기장,,라운드넥,,레귤러핏,,,무지,니트,단추
images/9160ca2db1e145652d4422390a54a2e2.jpg,val_train_split,314.0,459.0,499.0,202.0,청바지,,,,,,,,롱·긴바지 기장,,,,슬림핏,,무지,데님,
images/792585d20d0fd6751d4ceb82ea43bee3.jpg,train,203.0,196.0,243.0,315.0,니트,,,,,긴팔,기본 소매,크롭 기장,,라운드넥,,여유핏,,,무지,니트,
images/792585d20d0fd6751d4ceb82ea43bee3.jpg,train,242.0,402.0,167.0,504.0,스커트,,,,,,,,롱·긴바지 기장,,,,,A라인,무지,,
images/e286c72421fc2b74e15fd18580ec2781.jpg,val_train_split,86.0,554.0,442.0,469.0,가디건,,,,,7부 소매,기본 소매,,,,,레귤러핏,,,,니트,
images/db6d9b191a2b62f794e96ca4fd3e6c36.jpg,train,252.0,245.0,214.0,376.0,원피스,,,,,,,,쇼츠·미니 기장,,,,,,그래픽,,지퍼
images/db6d9b191a2b62f794e96ca4fd3e6c36.jpg,train,267.0,243.0,216.0,264.0,가디건,,,,,긴팔,기본 소매,크롭 기장,,,,레귤러핏,,,그래픽,니트,단추
images/a1e676389cceac8e1c6bf38223c8f71e.jpg,train,128.0,345.0,381.0,625.0,점프수트,,,,,,,,쇼츠·미니 기장,,,레귤러핏,,,무지,,지퍼|벨트|포켓
images/5779b823ec85eac13c0cd2d25826bf8e.jpg,train,501.0,469.0,227.0,195.0,쇼츠,,,,,,,,쇼츠·미니 기장,,,,,,무지,,포켓
images/5779b823ec85eac13c0cd2d25826bf8e.jpg,train,465.0,41.0,316.0,434.0,후드티,,,,,긴팔,래글런 소매,크롭 기장,,,,여유핏,,,무지,,후드
images/b2c45881bc6479c662182ca33eafe075.jpg,train,195.0,194.0,224.0,352.0,티셔츠,,,,,,,,,터틀넥,,슬림핏,,,무지,,
images/b2c45881bc6479c662182ca33eafe075.jpg,train,250.0,464.0,170.0,446.0,팬츠,,,,,,,,롱·긴바지 기장,,,,슬림핏,,무지,,
images/b2c45881bc6479c662182ca33eafe075.jpg,train,194.0,212.0,238.0,320.0,재킷,,,,,긴팔,기본 소매,크롭 기장,,,스탠드 칼라,,,비대칭,무지,,지퍼
images/0b589a54aed8b194a770dff49b8bd79b.jpg,train,34.0,167.0,385.0,683.0,원피스,,,,,긴팔,벌룬 소매,,무릎 기장,,스탠드 칼라,,,H라인,플로럴,,
images/29ed825a579eb9f5289d4d531278c5ae.jpg,train,76.0,226.0,415.0,568.0,티셔츠,,,,,긴팔,,크롭 기장,,,,레귤러핏,,,무지,,포켓
images/29ed825a579eb9f5289d4d531278c5ae.jpg,train,76.0,188.0,414.0,734.0,코트,,,,,,,,,,셔츠 칼라,여유핏,,,무지,퍼·플리스,벨트
images/29ed825a579eb9f5289d4d531278c5ae.jpg,train,45.0,279.0,494.0,385.0,재킷,,,,,7부 소매,,크롭 기장,,,,여유핏,,,무지,퍼·플리스,단추
images/29ed825a579eb9f5289d4d531278c5ae.jpg,train,162.0,771.0,281.0,252.0,팬츠,,,,,,,,,,,,슬림핏,,무지,,
images/d9cf2924687d2de4d9f2f29364e3cb56.jpg,train,521.0,144.0,76.0,184.0,코트,,,,,긴팔,기본 소매,,,,,레귤러핏,,,무지,가죽|스웨이드,
images/d9cf2924687d2de4d9f2f29364e3cb56.jpg,train,594.0,137.0,135.0,295.0,코트,,,,,긴팔,기본 소매,,,,스탠드 칼라,여유핏,,,무지,가죽|스웨이드,
images/d9cf2924687d2de4d9f2f29364e3cb56.jpg,train,542.0,189.0,116.0,163.0,탑,,,,,,,크롭 기장,,,,슬림핏,,,무지,,
images/d9cf2924687d2de4d9f2f29364e3cb56.jpg,train,534.0,327.0,131.0,261.0,팬츠,,,,,,,,롱·긴바지 기장,,,,슬림핏,,무지,,
images/629c9ffd00d529dffc4c43efe7ed75c5.jpg,train,214.0,224.0,205.0,538.0,원피스,,,,,,,,무릎 기장,스퀘어넥,,,,,무지,,
images/f4fe1ba40065807edb72c03485dff3d2.jpg,train,144.0,411.0,358.0,138.0,탑,,,,,,,크롭 기장,,오프숄더,,슬림핏,,,무지,,플리츠
images/f4fe1ba40065807edb72c03485dff3d2.jpg,train,178.0,257.0,322.0,647.0,베스트,,,,,,,,,,라펠 칼라,오버핏,,,무지,,단추
images/f4fe1ba40065807edb72c03485dff3d2.jpg,train,218.0,596.0,283.0,427.0,팬츠,,,,,,,,,,,,,,무지,,
images/4fcca45d23e33a0f7894e05e8c9a7fdb.jpg,val_train_split,129.0,176.0,265.0,424.0,원피스,,,,,긴팔,벌룬 소매,,쇼츠·미니 기장,,,,,,무지,,지퍼
images/2f25a6d072b2a4cb6a0d49988ba87378.jpg,train,201.0,227.0,234.0,504.0,원피스,,,,,긴팔,기본 소매,,무릎 기장,보트넥,,,,,도트,,지퍼|스팽글
images/3ea428bbbcbf9da2b5677399a3a6c3c4.jpg,train,80.0,183.0,404.0,809.0,코트,,,,,긴팔,기본 소매,,,,,레귤러핏,,,무지,퍼·플리스,벨트|스팽글
images/be56ec6d2d5e6770aa8c18170b0c66c7.jpg,train,274.0,329.0,133.0,261.0,원피스,,,,,반팔,캡 소매,,쇼츠·미니 기장,스퀘어넥,,,,,무지,,지퍼
images/a0113cde036c34a73d63c3235340caa7.jpg,train,89.0,198.0,266.0,451.0,가디건,,,,,7부 소매,기본 소매,크롭 기장,,스퀘어넥,,슬림핏,,,무지,니트,단추
images/3b2b6df543d3d99c7c474d050ba73d4a.jpg,train,472.0,207.0,445.0,284.0,니트,,,,,7부 소매,,,,라운드넥,,여유핏,,,플로럴,니트,
images/3b2b6df543d3d99c7c474d050ba73d4a.jpg,train,325.0,365.0,528.0,316.0,청바지,,,,,,,,,,,,,,무지,퍼·플리스|데님,
images/971d5bee5d1be267d106059610fb62d5.jpg,train,97.0,157.0,381.0,665.0,코트,,,,,,기본 소매,,,,라펠 칼라,,,,무지,퍼·플리스,
images/971d5bee5d1be267d106059610fb62d5.jpg,train,214.0,147.0,159.0,778.0,원피스,,,,,,,,미디·7부 기장,,,,,,무지,니트,
images/75b37b695ae12305f339ce355e1f427b.jpg,train,257.0,248.0,287.0,564.0,원피스,,,,,,,,미디·7부 기장,,,,,A라인,무지,,지퍼|프릴·러플
images/4ea9538068a47bd5bb25c2f5657dcb81.jpg,train,225.0,229.0,143.0,289.0,베스트,,,,,,,기본 기장,,,,레귤러핏,,,무지,,포켓
images/4ea9538068a47bd5bb25c2f5657dcb81.jpg,train,226.0,486.0,170.0,110.0,스커트,,,,,,,,쇼츠·미니 기장,,,,,A라인,무지,,지퍼
images/7ba37754d0ac70b781d7aef6b7af4e3d.jpg,train,177.0,385.0,408.0,550.0,베스트,,,,,,,크롭 기장,,,,레귤러핏,,,체크,,단추|포켓|벨트
images/7ba37754d0ac70b781d7aef6b7af4e3d.jpg,train,0.0,37.0,570.0,925.0,블레이저,,,,,7부 소매,기본 소매,크롭 기장,,,라펠 칼라,레귤러핏,,,체크,,단추|포켓
images/7ba37754d0ac70b781d7aef6b7af4e3d.jpg,train,144.0,138.0,312.0,385.0,셔츠,,,,,,,,,,셔츠 칼라,레귤러핏,,,무지,,단추
images/61a45dde641ba7901241249263c99def.jpg,train,285.0,499.0,150.0,120.0,쇼츠,,,,,,,,쇼츠·미니 기장,,,,,,무지,,포켓
images/61a45dde641ba7901241249263c99def.jpg,train,247.0,225.0,199.0,324.0,가디건,,,,,긴팔,벌룬 소매,크롭 기장,,,,레귤러핏,,,무지,니트,
images/e90c3c533856b84c1d94cb2d77e1bfaa.jpg,train,212.0,386.0,198.0,376.0,티셔츠,,,,,반팔,래글런 소매,기본 기장,,라운드넥,,여유핏,,,무지,,
images/e90c3c533856b84c1d94cb2d77e1bfaa.jpg,train,214.0,705.0,206.0,242.0,스커트,,,,,,,,쇼츠·미니 기장,,,,,,무지,,
images/657d8f67bc8d3c189e3aaeb8381ecdc5.jpg,train,164.0,829.0,335.0,194.0,스커트,,,,,,,,,,,,스트레이트핏,H라인,무지,,지퍼
images/657d8f67bc8d3c189e3aaeb8381ecdc5.jpg,train,92.0,361.0,429.0,526.0,셔츠,,,,,반팔,기본 소매,크롭 기장,,,스탠드 칼라,레귤러핏,,,무지,,단추|리본|포켓
images/9a85bfdce3ddf36b3ec9afe39bba7bc2.jpg,train,134.0,184.0,277.0,303.0,셔츠,,,,,긴팔,기본 소매,,,,셔츠 칼라,레귤러핏,,,체크,,단추
images/9a85bfdce3ddf36b3ec9afe39bba7bc2.jpg,train,178.0,197.0,186.0,287.0,베스트,,,,,,,크롭 기장,,,,레귤러핏,,,체크,,단추
images/9a85bfdce3ddf36b3ec9afe39bba7bc2.jpg,train,181.0,463.0,168.0,418.0,팬츠,,,,,,,,롱·긴바지 기장,,,,스트레이트핏,H라인,무지,,
images/fe8702c3e0b29091a557a00eb6056570.jpg,val_train_split,187.0,160.0,390.0,783.0,점프수트,,,,,7부 소매,,,롱·긴바지 기장,,,,,,무지,,지퍼
images/fb0f8cb54c3bc6b56b1167d8cc8324d8.jpg,train,283.0,237.0,251.0,341.0,블레이저,,,,,,기본 소매,기본 기장,,,셔츠 칼라,레귤러핏,,,무지,,단추|포켓
images/fb0f8cb54c3bc6b56b1167d8cc8324d8.jpg,train,273.0,237.0,241.0,421.0,원피스,,,,,,기본 소매,,쇼츠·미니 기장,,,,,A라인,애니멀,,
images/74dfd454cf34901329bb167e24decdbb.jpg,train,308.0,387.0,92.0,212.0,티셔츠,,,,,,,크롭 기장,,터틀넥,,레귤러핏,,,무지,,
images/74dfd454cf34901329bb167e24decdbb.jpg,train,164.0,628.0,347.0,194.0,팬츠,,,,,,,,롱·긴바지 기장,,,,,,무지,,
images/74dfd454cf34901329bb167e24decdbb.jpg,train,197.0,390.0,341.0,366.0,재킷,,,,,긴팔,기본 소매,기본 기장,,,라펠 칼라,레귤러핏,,,무지,,지퍼|포켓
images/611945c1bfdf20f77faa6c13274eafbb.jpg,train,300.0,322.0,213.0,324.0,원피스,,,,,,,,쇼츠·미니 기장,,,,,A라인,애니멀,,지퍼|프릴·러플
images/611945c1bfdf20f77faa6c13274eafbb.jpg,train,297.0,274.0,188.0,246.0,베스트,,,,,,,크롭 기장,,,,슬림핏,,,무지,,단추|벨트
images/5513d76b5436cd3506d4d78a6795aaf9.jpg,train,285.0,535.0,205.0,128.0,스커트,,,,,,,,쇼츠·미니 기장,,,,,,그래픽,,지퍼|포켓
images/5513d76b5436cd3506d4d78a6795aaf9.jpg,train,179.0,293.0,316.0,294.0,셔츠,,,,,긴팔,기본 소매,크롭 기장,,,,레귤러핏,,,무지,,
images/69aed9030ff7e61aeaa161b935cce2ab.jpg,train,96.0,239.0,464.0,530.0,티셔츠,,,,,반팔,,크롭 기장,,라운드넥,,오버핏,,,무지,,리본
images/69aed9030ff7e61aeaa161b935cce2ab.jpg,train,144.0,662.0,384.0,306.0,쇼츠,,,,,,,,쇼츠·미니 기장,,,,,,무지,,포켓
images/2ba8669d8885f38da218d48cd96d82eb.jpg,train,118.0,326.0,372.0,602.0,원피스,,,,,반팔,기본 소매,,쇼츠·미니 기장,,,,,A라인,무지,니트,리본
images/405f8ed5e2ce6cee469fe2d4aed16349.jpg,train,356.0,190.0,326.0,409.0,블레이저,,,,,긴팔,기본 소매,기본 기장,,,셔츠 칼라,레귤러핏,,,무지,가죽,
images/405f8ed5e2ce6cee469fe2d4aed16349.jpg,train,418.0,558.0,204.0,181.0,스커트,,,,,,,,무릎 기장,,,,스트레이트핏,H라인,무지,,지퍼
images/92cc40a27da63274c650695be4f7b48e.jpg,train,248.0,232.0,217.0,234.0,티셔츠,,,,,반팔,벨 소매,크롭 기장,,,,슬림핏,,,무지,,
images/92cc40a27da63274c650695be4f7b48e.jpg,train,189.0,428.0,268.0,415.0,청바지,,,,,,,,롱·긴바지 기장,,,,슬림핏,,무지,데님,포켓
images/aa0fcbcfbc90c0f9ba7eb64f35d64060.jpg,train,200.0,192.0,263.0,433.0,코트,,,,,긴팔,기본 소매,,,터틀넥,,레귤러핏,,,무지,,
images/5f8d8f63887fb369fe2b82a339aacd11.jpg,val_train_split,171.0,248.0,333.0,724.0,원피스,,,,,긴팔,기본 소매,,롱·긴바지 기장,,,,,,무지,,지퍼|스팽글
images/84c5f03c126131c71c278a3551f4b6c6.jpg,train,230.0,360.0,228.0,448.0,팬츠,,,,,,,,미디·7부 기장,,,,슬림핏,,도트,,
images/84c5f03c126131c71c278a3551f4b6c6.jpg,train,266.0,222.0,139.0,164.0,탑,,,,,,,크롭 기장,,,,레귤러핏,,,무지,,
images/ba1f428c85d0898deaa80e28baaf464b.jpg,val_train_split,224.0,549.0,172.0,144.0,쇼츠,,,,,,,,쇼츠·미니 기장,,,,,,무지,,
images/ba1f428c85d0898deaa80e28baaf464b.jpg,val_train_split,221.0,263.0,176.0,316.0,베스트,,,,,,,크롭 기장,,,,레귤러핏,,,무지,,
images/51687e7097c56a5a44a44c175bd0cd8e.jpg,val_train_split,220.0,273.0,320.0,224.0,셔츠,,,,,긴팔,기본 소매,,,,셔츠 칼라,슬림핏,,,,,단추
images/51687e7097c56a5a44a44c175bd0cd8e.jpg,val_train_split,291.0,277.0,152.0,205.0,베스트,,,,,,,크롭 기장,,,,슬림핏,,,무지,,단추|벨트
images/51687e7097c56a5a44a44c175bd0cd8e.jpg,val_train_split,283.0,473.0,164.0,360.0,팬츠,,,,,,,,미디·7부 기장,,,,슬림핏,,무지,,포켓
images/fee00ae17df4c334fefc8bdfd235e069.jpg,train,243.0,492.0,209.0,428.0,청바지,,,,,,,,롱·긴바지 기장,,,,슬림핏,,무지,데님,포켓
images/fee00ae17df4c334fefc8bdfd235e069.jpg,train,236.0,173.0,210.0,333.0,니트,,,,,,,크롭 기장,,터틀넥,,레귤러핏,,,무지,니트,포켓|지퍼
images/fee00ae17df4c334fefc8bdfd235e069.jpg,train,214.0,181.0,249.0,302.0,재킷,,,,,,,크롭 기장,,,,레귤러핏,,,무지,,지퍼
images/337a8b626cc31b5fec8b486c23cb898b.jpg,train,244.0,342.0,157.0,403.0,원피스,,,,,,,,무릎 기장,라운드넥,,,,,무지,,지퍼
images/337a8b626cc31b5fec8b486c23cb898b.jpg,train,211.0,315.0,241.0,272.0,재킷,,,,,긴팔,,기본 기장,,,,여유핏,,,무지,퍼·플리스,
images/7a69abd75486d9b585b39e98435e6d25.jpg,train,406.0,249.0,85.0,102.0,베스트,,,,,,,크롭 기장,,,셔츠 칼라,레귤러핏,,,무지,,단추|포켓
images/7a69abd75486d9b585b39e98435e6d25.jpg,train,419.0,381.0,60.0,53.0,쇼츠,,,,,,,,쇼츠·미니 기장,,,,슬림핏,,무지,,
images/7a69abd75486d9b585b39e98435e6d25.jpg,train,394.0,299.0,98.0,162.0,탑,,,,,,,기본 기장,,,,레귤러핏,,,무지,,
images/d8fe322b00b627ec9e4b2501ec5507c9.jpg,train,289.0,105.0,241.0,252.0,셔츠,,,,,반팔,기본 소매,,,터틀넥,,레귤러핏,,,무지,,단추
images/d8fe322b00b627ec9e4b2501ec5507c9.jpg,train,75.0,267.0,317.0,395.0,팬츠,,,,,,,,롱·긴바지 기장,,,,,,무지,,벨트
images/e9102c7e60e239afb3ab4d706997ef45.jpg,train,274.0,283.0,173.0,337.0,원피스,,,,,,,,쇼츠·미니 기장,,피터팬 칼라,,,,무지,,지퍼|포켓
images/90aaa631ec7fb79f83a32188d3db13ae.jpg,train,148.0,625.0,289.0,228.0,쇼츠,,,,,,,,쇼츠·미니 기장,,,,,,그래픽,,
images/90aaa631ec7fb79f83a32188d3db13ae.jpg,train,188.0,309.0,339.0,382.0,재킷,,,,,,,크롭 기장,,,폴로 칼라,여유핏,,,무지,,지퍼
images/44188180c5c183d342a44a33fe3429bf.jpg,train,193.0,223.0,191.0,627.0,점프수트,,,,,,,,롱·긴바지 기장,,,,,,무지,,지퍼|스팽글
images/ff5c9a01ad0680dd9f6170fc08eefc66.jpg,train,175.0,216.0,283.0,333.0,셔츠,,,,,긴팔,벌룬 소매,,,V넥,,여유핏,,,무지,,단추
images/ff5c9a01ad0680dd9f6170fc08eefc66.jpg,train,218.0,380.0,186.0,396.0,스커트,,,,,,,,미디·7부 기장,,,,,,,,지퍼
images/9e2ca779946688fa1e8a3413af8b9ddf.jpg,train,63.0,398.0,507.0,600.0,원피스,,,,,,,,쇼츠·미니 기장,,,,,O라인,무지,,지퍼
images/944c3feecad343efc7787de2d4f60779.jpg,train,223.0,131.0,310.0,419.0,코트,,,,,긴팔,기본 소매,,,,,여유핏,,,무지,,단추|포켓|후드
images/6d93f68c3aaadfc22958932f778bd43e.jpg,train,334.0,267.0,173.0,224.0,탑,,,,,,,크롭 기장,,홀터넥,,슬림핏,,,스트라이프,,
images/6d93f68c3aaadfc22958932f778bd43e.jpg,train,320.0,487.0,186.0,131.0,스커트,,,,,,,,쇼츠·미니 기장,,,,스트레이트핏,H라인,무지,,포켓
images/19854260d3b289f83af20d576ddae844.jpg,train,286.0,657.0,120.0,223.0,팬츠,,,,,,,,롱·긴바지 기장,,,,슬림핏,,무지,,
images/19854260d3b289f83af20d576ddae844.jpg,train,217.0,243.0,209.0,462.0,원피스,,,,,,,,무릎 기장,,칼라 없음,,,A라인,플로럴,,
images/19854260d3b289f83af20d576ddae844.jpg,train,171.0,213.0,339.0,375.0,코트,,,,,긴팔,기본 소매,,,,,레귤러핏,,,무지,가죽,
images/e33ce5dee1109ca0be04edfce80bd1f9.jpg,train,283.0,352.0,220.0,448.0,탑,,,,,,,크롭 기장,,홀터넥,,슬림핏,,,애니멀,,
images/e33ce5dee1109ca0be04edfce80bd1f9.jpg,train,228.0,766.0,271.0,206.0,쇼츠,,,,,,,,쇼츠·미니 기장,,,,,,무지,,
images/008c5f4c625b35fad4c6ca66f0256adc.jpg,train,387.0,138.0,490.0,591.0,원피스,,,,,,,,롱·긴바지 기장,스퀘어넥,,,,,무지,,지퍼
images/40c92f7d13ca81bcfc416eb16d25810d.jpg,train,262.0,503.0,156.0,349.0,팬츠,,,,,,,,롱·긴바지 기장,,,,슬림핏,,무지,,
images/40c92f7d13ca81bcfc416eb16d25810d.jpg,train,305.0,215.0,67.0,288.0,티셔츠,,,,,,,크롭 기장,,,셔츠 칼라,레귤러핏,,,무지,,리본
images/40c92f7d13ca81bcfc416eb16d25810d.jpg,train,205.0,214.0,261.0,360.0,블레이저,,,,,긴팔,기본 소매,,,,라펠 칼라,슬림핏,,,무지,가죽|스웨이드,
images/188efc60f8901d0e1666e5cd1b5bdc4b.jpg,val_train_split,29.0,588.0,546.0,435.0,스커트,,,,,,,,무릎 기장,,,,,,무지,,
images/188efc60f8901d0e1666e5cd1b5bdc4b.jpg,val_train_split,239.0,287.0,216.0,355.0,탑,,,,,,,크롭 기장,,홀터넥,,레귤러핏,,,무지,,
images/f463791e29516d5e1b9f9dba7064b489.jpg,train,186.0,179.0,263.0,443.0,셔츠,,,,,7부 소매,기본 소매,,,,셔츠 칼라,레귤러핏,,,무지,,스팽글|단추
images/f463791e29516d5e1b9f9dba7064b489.jpg,train,255.0,563.0,164.0,294.0,청바지,,,,,,,,미디·7부 기장,,,,슬림핏,,무지,데님,
images/8888484aae9d4cdd2dafafdd0357b20e.jpg,train,205.0,222.0,256.0,382.0,원피스,,,,,반팔,래글런 소매,,쇼츠·미니 기장,라운드넥,,,,H라인,무지,,지퍼
images/3e8c1ac89e0a86d3dce48b88f09d9f53.jpg,val_train_split,316.0,469.0,154.0,388.0,팬츠,,,,,,,,롱·긴바지 기장,,,,슬림핏,,무지,,
images/3e8c1ac89e0a86d3dce48b88f09d9f53.jpg,val_train_split,259.0,224.0,271.0,257.0,재킷,,,,,7부 소매,벨 소매,크롭 기장,,,셔츠 칼라,여유핏,,,무지,,단추
images/3a83c5cd92589e3df7883f699baab4c6.jpg,val_train_split,290.0,463.0,69.0,149.0,스커트,,,,,,,,쇼츠·미니 기장,,,,,A라인,무지,,지퍼
images/3a83c5cd92589e3df7883f699baab4c6.jpg,val_train_split,208.0,237.0,253.0,444.0,코트,,,,,7부 소매,벨 소매,,,,,여유핏,,,,,
images/3a83c5cd92589e3df7883f699baab4c6.jpg,val_train_split,284.0,261.0,103.0,248.0,티셔츠,,,,,,,기본 기장,,,,레귤러핏,,,무지,,
images/d72bfddcd8a81833c2267af28469a0f0.jpg,train,236.0,213.0,246.0,181.0,티셔츠,,,,,반팔,벨 소매,크롭 기장,,V넥,,여유핏,,,무지,,리본
images/d72bfddcd8a81833c2267af28469a0f0.jpg,train,231.0,346.0,200.0,590.0,원피스,,,,,,,,롱·긴바지 기장,,,,,A라인,플로럴,,지퍼
images/e2b7fa86d6ff042ea003c778559b2412.jpg,train,254.0,195.0,204.0,656.0,점프수트,,,,,,,,롱·긴바지 기장,,,,,,무지,,
images/e2b7fa86d6ff042ea003c778559b2412.jpg,train,282.0,198.0,146.0,148.0,탑,,,,,,,크롭 기장,,라운드넥,,슬림핏,,,무지,,
images/d83e34815bbdfee30b0c6f91a7151b82.jpg,train,170.0,356.0,284.0,365.0,탑,,,,,,,크롭 기장,,,스탠드 칼라,레귤러핏,,,애니멀,,
images/d83e34815bbdfee30b0c6f91a7151b82.jpg,train,57.0,663.0,467.0,360.0,스커트,,,,,,,,,,,,플레어핏,,무지,,지퍼
images/578a781f117d730f5e214bf73c0432f1.jpg,train,215.0,179.0,244.0,339.0,가디건,,,,,긴팔,기본 소매,크롭 기장,,,,레귤러핏,,,무지,니트,포켓
images/578a781f117d730f5e214bf73c0432f1.jpg,train,241.0,170.0,209.0,264.0,셔츠,,,,,긴팔,기본 소매,,,,셔츠 칼라,레귤러핏,,,도트,,단추|벨트
images/578a781f117d730f5e214bf73c0432f1.jpg,train,220.0,393.0,234.0,389.0,팬츠,,,,,,,,미디·7부 기장,,,,,,무지,,
images/e0a4c85fca72fe9d50b0d4c3c0c3243a.jpg,train,227.0,435.0,215.0,517.0,팬츠,,,,,,,,롱·긴바지 기장,,,,,,플로럴,,
images/e0a4c85fca72fe9d50b0d4c3c0c3243a.jpg,train,198.0,238.0,282.0,299.0,니트,,,,,긴팔,기본 소매,크롭 기장,,보트넥,,슬림핏,,,무지,니트,
images/93709f594c501f4029d6e2e5705c1623.jpg,train,209.0,94.0,318.0,469.0,코트,,,,,긴팔,기본 소매,,,,,레귤러핏,,,무지,퍼·플리스,
images/93709f594c501f4029d6e2e5705c1623.jpg,train,321.0,120.0,88.0,322.0,티셔츠,,,,,,,크롭 기장,,,,슬림핏,,,무지,,
images/93709f594c501f4029d6e2e5705c1623.jpg,train,283.0,473.0,193.0,418.0,팬츠,,,,,,,,미디·7부 기장,,,,와이드핏,,무지,,
images/6dc09b8c69e3112734490003ab02804d.jpg,train,180.0,384.0,228.0,197.0,스커트,,,,,,,,쇼츠·미니 기장,,,,,O라인,무지,,벨트
images/6dc09b8c69e3112734490003ab02804d.jpg,train,232.0,192.0,148.0,193.0,탑,,,,,,,크롭 기장,,V넥,,레귤러핏,,,애니멀,,
images/84189bead8882388d1c27084b7831fd0.jpg,train,374.0,278.0,41.0,117.0,셔츠,,,,,,,,,,,슬림핏,,,애니멀,,단추
images/84189bead8882388d1c27084b7831fd0.jpg,train,252.0,145.0,284.0,443.0,코트,,,,,긴팔,기본 소매,,,,,레귤러핏,,,애니멀,퍼·플리스,
images/84189bead8882388d1c27084b7831fd0.jpg,train,176.0,368.0,228.0,164.0,청바지,,,,,,,,롱·긴바지 기장,,,,,,무지,데님,
images/9f80ca7b00e5bf6eddc54e433d3d79a8.jpg,train,453.0,239.0,319.0,397.0,티셔츠,,,,,긴팔,,기본 기장,,,,오버핏,,비대칭,스트라이프,,
images/bd1c765c65924ef7402c6896e030e6ea.jpg,val_train_split,498.0,403.0,271.0,212.0,스커트,,,,,,,,쇼츠·미니 기장,,,,,A라인,무지,,플리츠|지퍼|프릴·러플
images/bd1c765c65924ef7402c6896e030e6ea.jpg,val_train_split,481.0,153.0,359.0,284.0,셔츠,,,,,긴팔,기본 소매,,,,셔츠 칼라,레귤러핏,,,스트라이프,,단추
images/c2f60d89b13f42a94c6ef4b15b510f9c.jpg,train,151.0,311.0,308.0,387.0,티셔츠,,,,,긴팔,기본 소매,크롭 기장,,,,슬림핏,,,애니멀,,
images/c2f60d89b13f42a94c6ef4b15b510f9c.jpg,train,253.0,638.0,205.0,295.0,쇼츠,,,,,,,,쇼츠·미니 기장,,,,,,무지,,포켓
images/067bd9c6f40ffa03f93bc8ba9ed06004.jpg,train,207.0,254.0,70.0,115.0,탑,,,,,,,크롭 기장,,,,슬림핏,,,무지,,
images/067bd9c6f40ffa03f93bc8ba9ed06004.jpg,train,155.0,208.0,209.0,401.0,베스트,,,,,,,,,,칼라 없음,여유핏,,,무지,가죽|스웨이드,
images/067bd9c6f40ffa03f93bc8ba9ed06004.jpg,train,180.0,359.0,194.0,298.0,스커트,,,,,,,,무릎 기장,,,,플레어핏,X라인,무지,가죽|스웨이드,지퍼
images/a5e6d14541c6031440a980d5499e8503.jpg,val_train_split,597.0,98.0,41.0,64.0,셔츠,,,,,,,,,,셔츠 칼라,레귤러핏,,,무지,,단추
images/a5e6d14541c6031440a980d5499e8503.jpg,val_train_split,570.0,106.0,105.0,160.0,가디건,,,,,긴팔,기본 소매,크롭 기장,,,,레귤러핏,,,무지,니트,단추
images/a5e6d14541c6031440a980d5499e8503.jpg,val_train_split,575.0,258.0,76.0,240.0,팬츠,,,,,,,,롱·긴바지 기장,,,,,,무지,,포켓
images/fe2482b01a4662ca5f76df3b2759e414.jpg,train,185.0,254.0,335.0,700.0,티셔츠,,,,,,,크롭 기장,,,,레귤러핏,,,무지,,
images/fe2482b01a4662ca5f76df3b2759e414.jpg,train,0.0,266.0,699.0,735.0,재킷,,,,,긴팔,벨 소매,크롭 기장,,,,여유핏,,,도트,,단추
images/f52b4f2a068060589e1670e7c3eedc29.jpg,train,0.0,301.0,514.0,624.0,원피스,,,,,,,,무릎 기장,,,,,X라인,무지,,지퍼
images/d60ce1ed23bbfac72d1ec4d22949bdb1.jpg,train,285.0,355.0,179.0,335.0,스커트,,,,,,,,무릎 기장,,,,,,,,지퍼
images/d60ce1ed23bbfac72d1ec4d22949bdb1.jpg,train,307.0,193.0,125.0,171.0,탑,,,,,,,크롭 기장,,홀터넥,,슬림핏,,,무지,,
images/8be1abc5e4d3cd06a01152eda81f79f8.jpg,train,223.0,357.0,328.0,261.0,원피스,,,,,긴팔,벨 소매,,쇼츠·미니 기장,,,,,비대칭,무지,,지퍼
images/fb93f0529fdf7aee7eb2fb98c8a9af9a.jpg,train,293.0,33.0,481.0,625.0,원피스,,,,,긴팔,벌룬 소매,,쇼츠·미니 기장,,,오버핏,,,플로럴,,
images/18f0d23c5a78067748eb81cbaf632a03.jpg,val_train_split,267.0,233.0,255.0,305.0,티셔츠,,,,,,벨 소매,크롭 기장,,,,오버핏,,,무지,,
images/18f0d23c5a78067748eb81cbaf632a03.jpg,val_train_split,278.0,509.0,198.0,199.0,스커트,,,,,,,,무릎 기장,,,,스트레이트핏,H라인,무지,,지퍼
images/f5435ae9d91bcfe351ae36f0cee28daf.jpg,train,230.0,515.0,291.0,412.0,폴로 셔츠,,,,,반팔,기본 소매,크롭 기장,,,폴로 칼라,레귤러핏,,,무지,,
images/f5435ae9d91bcfe351ae36f0cee28daf.jpg,train,273.0,889.0,237.0,134.0,청바지,,,,,,,,,,,,,,무지,데님,
images/774a8891f7d3969433479edc6ccac6a7.jpg,val_train_split,116.0,276.0,246.0,338.0,탑,,,,,,,크롭 기장,,,칼라 없음,슬림핏,,,카모,,
images/774a8891f7d3969433479edc6ccac6a7.jpg,val_train_split,171.0,603.0,261.0,178.0,쇼츠,,,,,,,,쇼츠·미니 기장,,,,,,,,포켓|벨트
images/6e876d1920778101cae1c7f5fbf990bf.jpg,train,635.0,315.0,31.0,57.0,탑,,,,,,,,,홀터넥,,슬림핏,,,무지,,
images/6e876d1920778101cae1c7f5fbf990bf.jpg,train,649.0,372.0,19.0,51.0,스커트,,,,,,,,쇼츠·미니 기장,,,,,,무지,,지퍼
images/6e876d1920778101cae1c7f5fbf990bf.jpg,train,609.0,319.0,76.0,173.0,가디건,,,,,긴팔,기본 소매,,,,,여유핏,,,무지,니트,포켓
images/b9a5a10aa13184e55d2a373bbae597d4.jpg,train,151.0,188.0,257.0,432.0,원피스,,,,,7부 소매,벨 소매,,쇼츠·미니 기장,,,,,A라인,무지,,지퍼
images/02069722738df66e1d0e856ea18c91f3.jpg,train,249.0,236.0,241.0,528.0,원피스,,,,,긴팔,기본 소매,,무릎 기장,보트넥,,,,,무지|도트,,지퍼
images/9a36b51ad5ae404ce4b542dd1229226a.jpg,train,45.0,374.0,345.0,624.0,스커트,,,,,,,,롱·긴바지 기장,,,,,비대칭,무지,,단추
images/9a36b51ad5ae404ce4b542dd1229226a.jpg,train,184.0,146.0,145.0,190.0,탑,,,,,,,크롭 기장,,홀터넥,,여유핏,,,무지,,플리츠
images/0d8898fcb5904309c83f9c7512f49add.jpg,train,249.0,292.0,154.0,195.0,베스트,,,,,,,크롭 기장,,,라펠 칼라,슬림핏,,,무지,,포켓|벨트
images/0d8898fcb5904309c83f9c7512f49add.jpg,train,219.0,471.0,181.0,343.0,팬츠,,,,,,,,미디·7부 기장,,,,,,무지,,
images/dd9c1553be3382324ea1c2983e701e60.jpg,val_train_split,115.0,307.0,397.0,716.0,원피스,,,,,,,,,홀터넥,,,,,플로럴,,지퍼|벨트
images/662cad5b9f07a1bbbf2709c98a13f410.jpg,train,180.0,129.0,283.0,465.0,코트,,,,,긴팔,기본 소매,,,,스탠드 칼라,여유핏,,,체크,,단추|벨트
images/662cad5b9f07a1bbbf2709c98a13f410.jpg,train,232.0,578.0,168.0,350.0,팬츠,,,,,,,,롱·긴바지 기장,,,,,,체크,,
images/ceafad0971ee0328ecbfb082a8899434.jpg,train,281.0,477.0,187.0,449.0,팬츠,,,,,,,,롱·긴바지 기장,,,,,,무지,,
images/ceafad0971ee0328ecbfb082a8899434.jpg,train,279.0,226.0,190.0,289.0,탑,,,,,,,기본 기장,,,,레귤러핏,,,체크,,
images/ceafad0971ee0328ecbfb082a8899434.jpg,train,244.0,211.0,233.0,230.0,재킷,,,,,7부 소매,기본 소매,크롭 기장,,,칼라 없음,슬림핏,,,,,지퍼
images/f812661e83be12ecc38b3e572fbeeecf.jpg,val_train_split,410.0,494.0,220.0,287.0,원피스,,,,,반팔,퍼프 소매,,쇼츠·미니 기장,,,오버핏,,,플로럴,,리본
images/a7ece2682404d8c207440f6c9a448e84.jpg,train,279.0,197.0,117.0,343.0,티셔츠,,,,,,,기본 기장,,,,레귤러핏,,,무지,,후드
images/a7ece2682404d8c207440f6c9a448e84.jpg,train,341.0,201.0,164.0,438.0,코트,,,,,긴팔,기본 소매,,,,,레귤러핏,,,무지,,단추|포켓|지퍼
images/a7ece2682404d8c207440f6c9a448e84.jpg,train,216.0,206.0,109.0,432.0,코트,,,,,긴팔,기본 소매,,,,,레귤러핏,,,무지,,단추|포켓|지퍼
images/a7ece2682404d8c207440f6c9a448e84.jpg,train,273.0,505.0,127.0,356.0,팬츠,,,,,,,,롱·긴바지 기장,,,,슬림핏,,무지,,
images/e6cdce56d8b28548e8242d6eaa298476.jpg,train,56.0,142.0,579.0,873.0,원피스,,,,,,,,롱·긴바지 기장,홀터넥,,,,,무지,,지퍼
images/3fe8f9c7fef873f2423474d157e38a89.jpg,train,120.0,474.0,186.0,180.0,쇼츠,,,,,,,,쇼츠·미니 기장,,,,,,무지,,포켓
images/3fe8f9c7fef873f2423474d157e38a89.jpg,train,14.0,189.0,293.0,391.0,티셔츠,,,,,반팔,퍼프 소매,크롭 기장,,V넥,,슬림핏,,,무지,,
images/04b027428cf676a4c40d463979c91acc.jpg,train,220.0,194.0,216.0,313.0,베스트,,,,,,,크롭 기장,,,,레귤러핏,,,무지,퍼·플리스,지퍼
images/04b027428cf676a4c40d463979c91acc.jpg,train,237.0,473.0,186.0,142.0,탑,,,,,,,기본 기장,,,,레귤러핏,,,무지,,
images/04b027428cf676a4c40d463979c91acc.jpg,train,258.0,567.0,153.0,343.0,팬츠,,,,,,,,롱·긴바지 기장,,,,슬림핏,,무지,,
images/44d9501561ae524aa221ce2af77ae468.jpg,train,57.0,251.0,296.0,337.0,니트,,,,,긴팔,기본 소매,크롭 기장,,V넥,,레귤러핏,,,무지,니트,
images/44d9501561ae524aa221ce2af77ae468.jpg,train,113.0,237.0,267.0,513.0,원피스,,,,,,,,무릎 기장,,,,,A라인,도트,,지퍼
images/412ddd4a74ab27554c78c4c754dfe12f.jpg,train,185.0,339.0,363.0,471.0,탑,,,,,7부 소매,벨 소매,기본 기장,,,,레귤러핏,,,무지,,
images/412ddd4a74ab27554c78c4c754dfe12f.jpg,train,228.0,769.0,256.0,254.0,청바지,,,,,,,,,,,,슬림핏,,무지,데님,포켓
images/358acae3954b730dab862031b2363034.jpg,train,493.0,400.0,177.0,177.0,스커트,,,,,,,,쇼츠·미니 기장,,,,,A라인,그래픽,,지퍼
images/358acae3954b730dab862031b2363034.jpg,train,469.0,291.0,121.0,130.0,탑,,,,,,,크롭 기장,,V넥,,슬림핏,,,무지,,
images/95cd5d1fe8183ba2e99614e82a7f5b82.jpg,val_train_split,54.0,427.0,307.0,542.0,원피스,,,,,,,,쇼츠·미니 기장,,,,,,무지,,지퍼
images/95cd5d1fe8183ba2e99614e82a7f5b82.jpg,val_train_split,6.0,215.0,465.0,711.0,재킷,,,,,,,크롭 기장,,,,여유핏,,,무지,퍼·플리스,
images/16169de2459461218e49c4a9381ad69c.jpg,train,244.0,428.0,179.0,294.0,스커트,,,,,,,,무릎 기장,,,,,,무지,,지퍼
images/16169de2459461218e49c4a9381ad69c.jpg,train,131.0,232.0,318.0,400.0,가디건,,,,,7부 소매,기본 소매,기본 기장,,,,여유핏,,,무지,니트,포켓
images/16169de2459461218e49c4a9381ad69c.jpg,train,208.0,302.0,234.0,134.0,티셔츠,,,,,7부 소매,,크롭 기장,,,,레귤러핏,,,스트라이프,,
images/b371516d6ada4cb61dfd594d046e8112.jpg,val_train_split,216.0,230.0,242.0,653.0,원피스,,,,,,,,롱·긴바지 기장,홀터넥,,,,A라인,무지,,지퍼|벨트
images/1b98171f3da45205c37b35accd26c66f.jpg,train,438.0,170.0,194.0,193.0,후드티,,,,,긴팔,기본 소매,기본 기장,,,,여유핏,,,무지,,후드
images/1b98171f3da45205c37b35accd26c66f.jpg,train,345.0,353.0,263.0,249.0,팬츠,,,,,,,,롱·긴바지 기장,,,,,,무지,,
images/7ed2c00feb544ebdff36e7951f287464.jpg,train,111.0,219.0,236.0,409.0,원피스,,,,,반팔,벨 소매,,쇼츠·미니 기장,보트넥,,,,,,,지퍼
images/d9093bae94620d51fd18f8fe1f4437f8.jpg,val_train_split,314.0,214.0,249.0,436.0,원피스,,,,,긴팔,벌룬 소매,,쇼츠·미니 기장,,스탠드 칼라,오버핏,,,무지,니트,
images/4dd91390fdf1782c49bd0f141bcfbf7a.jpg,val_train_split,129.0,425.0,406.0,598.0,원피스,,,,,7부 소매,벌룬 소매,,,,,여유핏,,,무지,,지퍼
images/72e36d3acfb606861bbde02b2240a143.jpg,train,126.0,316.0,195.0,363.0,재킷,,,,,,,크롭 기장,,V넥,,슬림핏,,,무지,,단추
images/72e36d3acfb606861bbde02b2240a143.jpg,train,145.0,317.0,227.0,391.0,티셔츠,,,,,,,크롭 기장,,,,오버핏,,,무지,,
images/72e36d3acfb606861bbde02b2240a143.jpg,train,159.0,700.0,243.0,322.0,팬츠,,,,,,,,,,,,,,무지,,
images/a0f6b0d503809394c7acdab6cd253576.jpg,train,244.0,477.0,198.0,265.0,쇼츠,,,,,,,,쇼츠·미니 기장,,,,,,무지,,
images/a0f6b0d503809394c7acdab6cd253576.jpg,train,214.0,171.0,277.0,347.0,셔츠,,,,,반팔,벨 소매,기본 기장,,,셔츠 칼라,여유핏,,,,,단추|포켓|리본
images/9576d0bb06c88cd0d109d85b98fa837e.jpg,train,176.0,299.0,341.0,724.0,원피스,,,,,,,,,홀터넥,,,,,무지,,지퍼|벨트
images/4d46228039331bfc433854b8cf03b008.jpg,train,199.0,204.0,296.0,572.0,원피스,,,,,7부 소매,벌룬 소매,,미디·7부 기장,,,,,,,,지퍼
images/8002315cc3594bb3b8507129982a9251.jpg,train,29.0,269.0,291.0,472.0,가디건,,,,,긴팔,,,,,,오버핏,,,스트라이프,니트,단추
images/8002315cc3594bb3b8507129982a9251.jpg,train,94.0,605.0,133.0,326.0,팬츠,,,,,,,,롱·긴바지 기장,,,,,,스트라이프,,
images/8028a3d5a448d0410cf02bd7d10654f4.jpg,train,208.0,280.0,258.0,235.0,탑,,,,,반팔,캡 소매,크롭 기장,,,스탠드 칼라,슬림핏,,,무지,,
images/8028a3d5a448d0410cf02bd7d10654f4.jpg,train,219.0,502.0,291.0,431.0,스커트,,,,,,,,쇼츠·미니 기장,,,,스트레이트핏,H라인,무지,,지퍼|벨트
images/4fc2f24e9de7ccca30c2ff19a361741d.jpg,train,260.0,665.0,133.0,152.0,팬츠,,,,,,,,미디·7부 기장,,,,,,무지,,
images/4fc2f24e9de7ccca30c2ff19a361741d.jpg,train,189.0,153.0,290.0,519.0,코트,,,,,긴팔,기본 소매,,,,,여유핏,,,무지,퍼·플리스,
images/6739eb9a45c8985990195f7034d6691e.jpg,train,114.0,157.0,365.0,433.0,원피스,,,,,7부 소매,기본 소매,,쇼츠·미니 기장,,,오버핏,,,무지,,지퍼
images/6739eb9a45c8985990195f7034d6691e.jpg,train,185.0,154.0,290.0,421.0,코트,,,,,7부 소매,기본 소매,,,라운드넥,,레귤러핏,,,무지,퍼·플리스,벨트
images/9ca649eac087a56b1f75415142e4820d.jpg,val_train_split,267.0,327.0,173.0,444.0,원피스,,,,,7부 소매,벨 소매,,롱·긴바지 기장,라운드넥,,오버핏,,비대칭,무지,,지퍼
images/e9b7140c37208e6a386c4f646092f2cf.jpg,val_train_split,269.0,262.0,168.0,337.0,원피스,,,,,,,,쇼츠·미니 기장,,피터팬 칼라,,,A라인,체크,,지퍼|벨트
images/9d92c08341e006bb68ab31d0e71760ab.jpg,train,132.0,288.0,349.0,443.0,티셔츠,,,,,반팔,래글런 소매,크롭 기장,,라운드넥,,슬림핏,,,무지,,
images/9d92c08341e006bb68ab31d0e71760ab.jpg,train,134.0,717.0,313.0,186.0,스커트,,,,,,,,쇼츠·미니 기장,,,,,A라인,애니멀,,지퍼
images/30fe3d8243112937069c9a5aa80e679c.jpg,val_train_split,166.0,153.0,308.0,348.0,재킷,,,,,긴팔,기본 소매,기본 기장,,,셔츠 칼라,레귤러핏,,,무지,가죽|스웨이드,벨트
images/30fe3d8243112937069c9a5aa80e679c.jpg,val_train_split,201.0,152.0,270.0,408.0,원피스,,,,,,,,쇼츠·미니 기장,,,,,H라인,스트라이프,,지퍼
images/f0d4c8437230f8283d05c52c3bd1e649.jpg,train,174.0,159.0,365.0,470.0,원피스,,,,,,,,쇼츠·미니 기장,홀터넥,,,,,,,플리츠
images/a13eb5e707657bedfe2e3d2201cd58c2.jpg,train,194.0,270.0,257.0,454.0,원피스,,,,,,,,무릎 기장,오프숄더,,,,,무지,,지퍼|프릴·러플
images/8f8194fc2d8d69fe3774db46fbcf96e2.jpg,val_train_split,275.0,618.0,163.0,182.0,스커트,,,,,,,,미디·7부 기장,,,,,,플로럴,,지퍼
images/8f8194fc2d8d69fe3774db46fbcf96e2.jpg,val_train_split,245.0,337.0,192.0,319.0,탑,,,,,반팔,캡 소매,기본 기장,,,,여유핏,,,체크,,플리츠
images/e1d7f26a50af3e7b0cad8e6b20ea125d.jpg,train,301.0,662.0,217.0,286.0,스커트,,,,,,,,쇼츠·미니 기장,,,,,,무지,,지퍼
images/e1d7f26a50af3e7b0cad8e6b20ea125d.jpg,train,196.0,344.0,415.0,622.0,코트,,,,,긴팔,기본 소매,,,,스탠드 칼라,레귤러핏,,,무지,,단추|포켓
images/e1d7f26a50af3e7b0cad8e6b20ea125d.jpg,train,315.0,352.0,170.0,324.0,티셔츠,,,,,,,크롭 기장,,터틀넥,,슬림핏,,,스트라이프,,
images/de29467b5ced5c6b572b462ce9a10d65.jpg,val_train_split,79.0,470.0,457.0,553.0,후드티,,,,,긴팔,기본 소매,크롭 기장,,,,레귤러핏,,,무지,,후드
images/de29467b5ced5c6b572b462ce9a10d65.jpg,val_train_split,208.0,613.0,248.0,371.0,베스트,,,,,,,크롭 기장,,라운드넥,,레귤러핏,,,무지,,
images/a0e704bb415c439712cb75a1aeb7e299.jpg,train,302.0,211.0,101.0,299.0,티셔츠,,,,,,,기본 기장,,,,레귤러핏,,,무지,,
images/a0e704bb415c439712cb75a1aeb7e299.jpg,train,275.0,498.0,138.0,207.0,청바지,,,,,,,,,,,,슬림핏,,무지,데님,
images/a0e704bb415c439712cb75a1aeb7e299.jpg,train,198.0,153.0,272.0,466.0,코트,,,,,긴팔,기본 소매,,,,,레귤러핏,,,무지,,지퍼|포켓|후드
images/8d1171812e17e9a13937a8da40a1f001.jpg,train,177.0,422.0,381.0,530.0,원피스,,,,,반팔,퍼프 소매,,롱·긴바지 기장,,,,,,무지,,지퍼
images/f0486361e9d1ecdd9dad6a31135977aa.jpg,train,277.0,504.0,234.0,386.0,팬츠,,,,,,,,롱·긴바지 기장,,,,,,무지,,
images/f0486361e9d1ecdd9dad6a31135977aa.jpg,train,191.0,232.0,317.0,314.0,재킷,,,,,긴팔,기본 소매,크롭 기장,,,,슬림핏,,,도트,,
images/f0486361e9d1ecdd9dad6a31135977aa.jpg,train,308.0,250.0,141.0,269.0,탑,,,,,,,크롭 기장,,라운드넥,,슬림핏,,,무지,,
images/c3b46e00748c30240a820fc2787769ee.jpg,train,290.0,504.0,150.0,159.0,스커트,,,,,,,,쇼츠·미니 기장,,,,,O라인,무지,,지퍼|벨트
images/c3b46e00748c30240a820fc2787769ee.jpg,train,258.0,314.0,170.0,231.0,티셔츠,,,,,반팔,캡 소매,기본 기장,,라운드넥,,레귤러핏,,,무지,,
images/950adabd9398921ae88399a5f4085df9.jpg,train,260.0,214.0,170.0,281.0,탑,,,,,,,크롭 기장,,스퀘어넥,,여유핏,,,무지,,
images/950adabd9398921ae88399a5f4085df9.jpg,train,166.0,477.0,261.0,374.0,팬츠,,,,,,,,미디·7부 기장,,,,,,무지,,
images/b1a24d4e8a31072ed74cdbf95d059da5.jpg,train,253.0,492.0,203.0,229.0,스커트,,,,,,,,무릎 기장,,,,,,무지,,지퍼
images/b1a24d4e8a31072ed74cdbf95d059da5.jpg,train,285.0,227.0,166.0,273.0,티셔츠,,,,,,,크롭 기장,,라운드넥,,여유핏,,,무지,,플리츠
images/b1a24d4e8a31072ed74cdbf95d059da5.jpg,train,226.0,241.0,244.0,279.0,가디건,,,,,7부 소매,기본 소매,크롭 기장,,,,레귤러핏,,,무지,니트,단추
images/7544c0ea0845443dcb6011848242c6a4.jpg,train,367.0,426.0,205.0,345.0,팬츠,,,,,,,,롱·긴바지 기장,,,,와이드핏,,체크,,포켓
images/7544c0ea0845443dcb6011848242c6a4.jpg,train,405.0,215.0,187.0,251.0,탑,,,,,7부 소매,벨 소매,크롭 기장,,,,여유핏,,,플로럴,,
images/aa21751784b901f6a454972df0bd7a69.jpg,train,61.0,268.0,545.0,650.0,원피스,,,,,7부 소매,벌룬 소매,,쇼츠·미니 기장,,,,,A라인,무지,,
images/60ce7a103900eb3d5bd13c1dae88f7fe.jpg,val_train_split,76.0,260.0,484.0,540.0,니트,,,,,긴팔,,크롭 기장,,터틀넥,,레귤러핏,,,무지,니트,
images/60ce7a103900eb3d5bd13c1dae88f7fe.jpg,val_train_split,180.0,703.0,321.0,282.0,스커트,,,,,,,,쇼츠·미니 기장,,,,스트레이트핏,H라인,애니멀,,지퍼
images/feaea3365e791a5f02646688a67344f2.jpg,train,407.0,246.0,454.0,434.0,원피스,,,,,반팔,,,롱·긴바지 기장,오프숄더,,,,,무지,,지퍼
images/1467b7afa64e78237156b3aa5df84d99.jpg,train,546.0,468.0,207.0,201.0,스커트,,,,,,,,쇼츠·미니 기장,,,,,A라인,스트라이프,,지퍼|포켓
images/1467b7afa64e78237156b3aa5df84d99.jpg,train,554.0,231.0,159.0,270.0,탑,,,,,,,크롭 기장,,홀터넥,,레귤러핏,,,무지,,
images/c5ac6d2003623ac8fc99944fc8df069d.jpg,train,136.0,238.0,322.0,785.0,원피스,,,,,,,,,,,,,A라인,무지,,지퍼|스팽글
images/4f9e020b241e8da50479bdc9bcec9b8d.jpg,val_train_split,308.0,296.0,248.0,344.0,원피스,,,,,,,,쇼츠·미니 기장,,,,,O라인,무지,,지퍼|스팽글
images/26789b2428d714072196d78a9f201e4b.jpg,train,257.0,414.0,571.0,182.0,청바지,,,,,,,,롱·긴바지 기장,,,,,,무지,데님,
images/26789b2428d714072196d78a9f201e4b.jpg,train,79.0,197.0,351.0,317.0,탑,,,,,반팔,퍼프 소매,크롭 기장,,오프숄더,,여유핏,,,그래픽,,리본
images/5f794b543039e8a9275560eca36ca3cd.jpg,train,498.0,499.0,217.0,179.0,쇼츠,,,,,,,,쇼츠·미니 기장,,,,슬림핏,,무지,,포켓
images/5f794b543039e8a9275560eca36ca3cd.jpg,train,535.0,265.0,124.0,239.0,셔츠,,,,,,,,,,,레귤러핏,,,도트,,단추
images/5f794b543039e8a9275560eca36ca3cd.jpg,train,473.0,254.0,287.0,398.0,블레이저,,,,,긴팔,기본 소매,,,,라펠 칼라,레귤러핏,,,무지,,단추|포켓
images/798ffb5d8a04f9ae8db6b1a0d308302a.jpg,train,260.0,164.0,302.0,358.0,니트,,,,,긴팔,래글런 소매,크롭 기장,,라운드넥,,레귤러핏,,,스트라이프,니트,
images/798ffb5d8a04f9ae8db6b1a0d308302a.jpg,train,322.0,485.0,195.0,180.0,쇼츠,,,,,,,,쇼츠·미니 기장,,,,,,스트라이프,,
images/c91485bc6d72464553de3c93b8eff92a.jpg,train,55.0,344.0,420.0,679.0,원피스,,,,,7부 소매,벨 소매,,,,,오버핏,,,무지,,
images/0fce9ee3909ebf4264a4714e8715f916.jpg,train,268.0,299.0,127.0,191.0,티셔츠,,,,,반팔,기본 소매,크롭 기장,,라운드넥,,슬림핏,,,무지,,
images/0fce9ee3909ebf4264a4714e8715f916.jpg,train,254.0,357.0,162.0,277.0,점프수트,,,,,,,,,,,레귤러핏,,,무지,,단추|포켓
images/f3b36bad122accd9cc49965ee180afdd.jpg,train,212.0,473.0,214.0,534.0,팬츠,,,,,,,,롱·긴바지 기장,,,,와이드핏,,무지,,
images/f3b36bad122accd9cc49965ee180afdd.jpg,train,228.0,259.0,121.0,224.0,탑,,,,,,,크롭 기장,,,,슬림핏,,,무지,,스팽글
images/f3b36bad122accd9cc49965ee180afdd.jpg,train,174.0,160.0,279.0,401.0,블레이저,,,,,긴팔,기본 소매,크롭 기장,,,,레귤러핏,,,무지,,지퍼|스팽글
images/5b07f325067b9127016db1225039f009.jpg,train,91.0,180.0,280.0,381.0,재킷,,,,,긴팔,기본 소매,크롭 기장,,,칼라 없음,슬림핏,,,무지,,지퍼
images/5b07f325067b9127016db1225039f009.jpg,train,113.0,425.0,203.0,482.0,팬츠,,,,,,,,롱·긴바지 기장,,,,,,무지,,플리츠
images/62c935912afd95cda2864f8a74717194.jpg,train,168.0,407.0,274.0,468.0,원피스,,,,,반팔,캡 소매,,쇼츠·미니 기장,스퀘어넥,,,,H라인,플로럴,,지퍼
images/ba84dfb004895fc770a576b544515487.jpg,train,304.0,276.0,130.0,403.0,원피스,,,,,,,,쇼츠·미니 기장,,,,,,체크,,포켓
images/ba84dfb004895fc770a576b544515487.jpg,train,205.0,251.0,296.0,369.0,가디건,,,,,긴팔,기본 소매,기본 기장,,,,레귤러핏,,,무지,니트,
images/ed600a7588ee7703e3d587ad0f093574.jpg,train,313.0,215.0,87.0,290.0,베스트,,,,,,,크롭 기장,,,,슬림핏,,,무지,,단추|벨트
images/ed600a7588ee7703e3d587ad0f093574.jpg,train,206.0,197.0,244.0,345.0,블레이저,,,,,긴팔,기본 소매,기본 기장,,,,레귤러핏,,,무지,,단추
images/ed600a7588ee7703e3d587ad0f093574.jpg,train,231.0,194.0,202.0,330.0,셔츠,,,,,긴팔,기본 소매,,,,라펠 칼라,슬림핏,,,무지,,단추|포켓
images/ed600a7588ee7703e3d587ad0f093574.jpg,train,241.0,489.0,186.0,386.0,팬츠,,,,,,,,롱·긴바지 기장,,,,스트레이트핏,H라인,무지,,포켓
images/ee12a413c107097ee629a6204e4d2167.jpg,train,128.0,449.0,260.0,209.0,쇼츠,,,,,,,,쇼츠·미니 기장,,,,,,무지,,
images/ee12a413c107097ee629a6204e4d2167.jpg,train,79.0,136.0,357.0,486.0,티셔츠,,,,,반팔,벨 소매,기본 기장,,,,레귤러핏,,비대칭,무지,,
images/93b3ef96eaaa96d75bda19045d9be528.jpg,train,244.0,690.0,348.0,333.0,청바지,,,,,,,,,,,,슬림핏,,무지,데님,포켓
images/93b3ef96eaaa96d75bda19045d9be528.jpg,train,35.0,253.0,477.0,482.0,셔츠,,,,,긴팔,기본 소매,크롭 기장,,,스탠드 칼라,슬림핏,,,무지,,플리츠|단추
images/42510e58c71c871d55f847a028d87d2c.jpg,train,114.0,655.0,383.0,236.0,팬츠,,,,,,,,롱·긴바지 기장,,,,,,무지,,포켓
images/42510e58c71c871d55f847a028d87d2c.jpg,train,142.0,502.0,381.0,315.0,후드티,,,,,,기본 소매,기본 기장,,,,레귤러핏,,,무지,,후드
images/95916efe1db0a845fc66c44fcbd9c180.jpg,train,435.0,372.0,153.0,386.0,팬츠,,,,,,,,롱·긴바지 기장,,,,,,무지,,포켓|벨트
images/95916efe1db0a845fc66c44fcbd9c180.jpg,train,447.0,199.0,159.0,196.0,베스트,,,,,,,크롭 기장,,,,여유핏,,,무지,퍼·플리스,단추
images/95916efe1db0a845fc66c44fcbd9c180.jpg,train,480.0,221.0,97.0,166.0,탑,,,,,,,크롭 기장,,,,슬림핏,,,무지,,
images/17dee09421539a7c1d9cc002c3d7b24a.jpg,train,200.0,239.0,226.0,783.0,원피스,,,,,,,,,홀터넥,,,,,무지,,스팽글|지퍼
images/d737532640847bda5a8d03276a1bfb0b.jpg,train,65.0,765.0,353.0,258.0,청바지,,,,,,,,,,,,슬림핏,,무지,데님,
images/d737532640847bda5a8d03276a1bfb0b.jpg,train,177.0,409.0,423.0,613.0,가디건,,,,,7부 소매,기본 소매,,,,,여유핏,,,무지,니트,
images/d737532640847bda5a8d03276a1bfb0b.jpg,train,295.0,482.0,125.0,283.0,탑,,,,,,,크롭 기장,,,,슬림핏,,,무지,,
images/fff8d9bd5ad4354b66355dd797942b42.jpg,train,185.0,326.0,188.0,396.0,원피스,,,,,,,,무릎 기장,오프숄더,,,,A라인,,,지퍼
images/de0b0f090576e3b75cc55a6a5ef05dea.jpg,train,367.0,223.0,258.0,250.0,코트,,,,,긴팔,기본 소매,,,,셔츠 칼라,여유핏,,,체크,,단추|포켓
images/de0b0f090576e3b75cc55a6a5ef05dea.jpg,train,479.0,240.0,65.0,182.0,티셔츠,,,,,,,기본 기장,,라운드넥,,레귤러핏,,,그래픽,,
images/de0b0f090576e3b75cc55a6a5ef05dea.jpg,train,478.0,409.0,70.0,26.0,쇼츠,,,,,,,,쇼츠·미니 기장,,,,슬림핏,,무지,,
images/89b14dfcdac3b060fcbb27315cab960a.jpg,train,484.0,178.0,130.0,253.0,점프수트,,,,,,,,쇼츠·미니 기장,,,레귤러핏,,,플로럴,,지퍼|포켓
images/b868e10ec24b09417534f52b73b4a25b.jpg,train,242.0,204.0,225.0,478.0,원피스,,,,,,,,무릎 기장,V넥,,,,,애니멀,,
images/a5a75e6404b2c9078a8b0ce7dfb61c0f.jpg,val_train_split,632.0,275.0,101.0,270.0,원피스,,,,,,,,무릎 기장,보트넥,,,,H라인,도트,,지퍼|벨트
images/c952f6ac618e42e346e49e52a4fe4909.jpg,val_train_split,290.0,375.0,259.0,374.0,원피스,,,,,반팔,퍼프 소매,,쇼츠·미니 기장,,,,,,도트,,지퍼|리본
images/f7425ea7ad7415f38909a80a848a0c96.jpg,train,300.0,221.0,96.0,393.0,셔츠,,,,,,,,,,셔츠 칼라,레귤러핏,,,무지,,단추|포켓
images/f7425ea7ad7415f38909a80a848a0c96.jpg,train,211.0,217.0,287.0,584.0,코트,,,,,긴팔,래글런 소매,,,,라펠 칼라,여유핏,,,무지,,포켓
images/f7425ea7ad7415f38909a80a848a0c96.jpg,train,295.0,614.0,183.0,301.0,청바지,,,,,,,,롱·긴바지 기장,,,,,,무지,데님,
images/5ec0e50a31a4368e5d5ada2e34a49e8e.jpg,val_train_split,236.0,511.0,158.0,372.0,탑,,,,,,,크롭 기장,,,,슬림핏,,,무지,,
images/5ec0e50a31a4368e5d5ada2e34a49e8e.jpg,val_train_split,238.0,416.0,67.0,155.0,탑,,,,,,,크롭 기장,,,,슬림핏,,,무지,,
images/5ec0e50a31a4368e5d5ada2e34a49e8e.jpg,val_train_split,181.0,283.0,500.0,603.0,베스트,,,,,,,크롭 기장,,,,여유핏,,,무지,퍼·플리스|가죽,포켓
images/5ec0e50a31a4368e5d5ada2e34a49e8e.jpg,val_train_split,219.0,836.0,329.0,187.0,쇼츠,,,,,,,,쇼츠·미니 기장,,,,,,무지,,포켓|벨트
images/c0354242ec9f3c2fe020986e88445178.jpg,train,398.0,186.0,358.0,446.0,원피스,,,,,반팔,,,롱·긴바지 기장,홀터넥,,,,X라인,무지,,지퍼
images/787119993fdecf3b924ce6a3bf31a888.jpg,val_train_split,224.0,250.0,253.0,183.0,티셔츠,,,,,반팔,,크롭 기장,,보트넥,,오버핏,,,,,리본
images/787119993fdecf3b924ce6a3bf31a888.jpg,val_train_split,254.0,414.0,181.0,422.0,팬츠,,,,,,,,미디·7부 기장,,,,와이드핏,,무지,,벨트
images/346cb105784aa7e29bed3ccbc04f2582.jpg,train,224.0,346.0,175.0,283.0,원피스,,,,,,,,쇼츠·미니 기장,,,,,H라인,무지,,지퍼
images/6865ed61286dc931d5202f48064d3178.jpg,train,125.0,215.0,435.0,714.0,원피스,,,,,,,,롱·긴바지 기장,스퀘어넥,,,,X라인,무지,,지퍼
images/7db2f7f73e2d00f4236e866e7a1d3c9c.jpg,train,288.0,297.0,157.0,581.0,점프수트,,,,,,,,미디·7부 기장,,,,,,스트라이프,,지퍼
images/7db2f7f73e2d00f4236e866e7a1d3c9c.jpg,train,231.0,263.0,249.0,226.0,블레이저,,,,,7부 소매,기본 소매,크롭 기장,,,,슬림핏,,,무지,,
images/ebcf07697cd6120a648f858ef8e19d61.jpg,val_train_split,245.0,296.0,210.0,383.0,원피스,,,,,긴팔,벨 소매,,쇼츠·미니 기장,,,,,,무지|그래픽,,지퍼|벨트
images/5f62af062ca96ca2f476d5d40377c27f.jpg,val_train_split,428.0,435.0,164.0,90.0,쇼츠,,,,,,,,쇼츠·미니 기장,,,,,,무지,,포켓
images/5f62af062ca96ca2f476d5d40377c27f.jpg,val_train_split,382.0,213.0,214.0,239.0,티셔츠,,,,,반팔,래글런 소매,크롭 기장,,,,슬림핏,,,무지,,리본
images/b6869ddda9b31065ab912791da15e281.jpg,val_train_split,334.0,240.0,168.0,427.0,원피스,,,,,,,,,홀터넥,,,,A라인,무지,,지퍼
images/dea003a3a678b631910340a2f612db99.jpg,val_train_split,368.0,346.0,214.0,147.0,스커트,,,,,,,,쇼츠·미니 기장,,,,,A라인,무지,,플리츠|지퍼
images/dea003a3a678b631910340a2f612db99.jpg,val_train_split,396.0,210.0,212.0,183.0,티셔츠,,,,,긴팔,벌룬 소매,크롭 기장,,,,레귤러핏,,,플로럴,,
images/393327625650a292997047114003ea13.jpg,train,259.0,186.0,174.0,406.0,원피스,,,,,,,,쇼츠·미니 기장,홀터넥,,,,A라인,,,지퍼
images/bf5227bfbc6b5f0b01e8a95896898ed3.jpg,val_train_split,736.0,321.0,87.0,186.0,스커트,,,,,,,,롱·긴바지 기장,,,,,비대칭,도트,,지퍼
images/bf5227bfbc6b5f0b01e8a95896898ed3.jpg,val_train_split,746.0,269.0,68.0,63.0,탑,,,,,,,크롭 기장,,오프숄더,,레귤러핏,,,도트,,
images/111b047b7e4289d58e57031bc125262f.jpg,train,406.0,186.0,185.0,419.0,가디건,,,,,긴팔,기본 소매,,,,,레귤러핏,,,무지,니트,
images/111b047b7e4289d58e57031bc125262f.jpg,train,456.0,587.0,151.0,311.0,청바지,,,,,,,,롱·긴바지 기장,,,,슬림핏,,무지,데님,
images/df4d89efb152cd35e79b0aa11d3eb93a.jpg,train,551.0,256.0,127.0,235.0,원피스,,,,,,,,쇼츠·미니 기장,,,,,A라인,무지,,지퍼
images/df4d89efb152cd35e79b0aa11d3eb93a.jpg,train,536.0,209.0,158.0,233.0,재킷,,,,,긴팔,기본 소매,크롭 기장,,,,레귤러핏,,,무지,,지퍼|후드
images/9c28fd18f4f11a2ce888a80a9f2e9922.jpg,train,225.0,46.0,277.0,587.0,코트,,,,,긴팔,기본 소매,,,,,레귤러핏,,,무지,,포켓|후드|벨트
images/9c28fd18f4f11a2ce888a80a9f2e9922.jpg,train,305.0,275.0,129.0,188.0,니트,,,,,긴팔,,,,,,레귤러핏,,,,니트,
images/c891c663e7c79783ab1c7a0281e8cc89.jpg,val_train_split,162.0,431.0,309.0,501.0,티셔츠,,,,,,,크롭 기장,,라운드넥,,레귤러핏,,,무지,,지퍼
images/c891c663e7c79783ab1c7a0281e8cc89.jpg,val_train_split,0.0,375.0,667.0,648.0,재킷,,,,,7부 소매,기본 소매,기본 기장,,,,여유핏,,,카모,,지퍼
images/ab66f6282d4b2407e501ea113c8e5ea1.jpg,train,321.0,640.0,78.0,117.0,가디건,,,,,긴팔,기본 소매,크롭 기장,,,,레귤러핏,,,무지,니트,단추
images/ab66f6282d4b2407e501ea113c8e5ea1.jpg,train,315.0,677.0,41.0,54.0,셔츠,,,,,긴팔,기본 소매,,,,,레귤러핏,,,무지,,
images/ab66f6282d4b2407e501ea113c8e5ea1.jpg,train,328.0,743.0,86.0,156.0,청바지,,,,,,,,롱·긴바지 기장,,,,슬림핏,,무지,데님,
images/0c52ee967208e0cd9819f259ab1f14aa.jpg,train,99.0,276.0,374.0,486.0,원피스,,,,,7부 소매,벨 소매,,무릎 기장,,,,,A라인,애니멀,,
images/ac24804ce4798b5e0d99d91fdbc71abd.jpg,val_train_split,72.0,371.0,198.0,406.0,원피스,,,,,반팔,캡 소매,,무릎 기장,,,,,A라인,무지,,지퍼|프릴·러플
images/1fee2ff674fbb415e1b23d63a8d217b2.jpg,train,249.0,519.0,171.0,314.0,팬츠,,,,,,,,롱·긴바지 기장,,,,,,무지,,플리츠|포켓
images/1fee2ff674fbb415e1b23d63a8d217b2.jpg,train,212.0,178.0,244.0,372.0,후드티,,,,,긴팔,래글런 소매,기본 기장,,,,오버핏,,,무지,,후드
images/a107bafb7541c67bb92e3452211773b3.jpg,train,171.0,220.0,291.0,778.0,원피스,,,,,반팔,기본 소매,,롱·긴바지 기장,,,,,,무지,,스팽글|지퍼
images/e5c9b0790e26c71f3d7d33078411049c.jpg,train,327.0,313.0,171.0,231.0,점프수트,,,,,,,,쇼츠·미니 기장,,,레귤러핏,,,무지,,단추|포켓
images/e5c9b0790e26c71f3d7d33078411049c.jpg,train,334.0,204.0,153.0,173.0,탑,,,,,,,크롭 기장,,,,슬림핏,,,무지,,
images/93eca45a069709925230b65ebab3b39c.jpg,val_train_split,196.0,283.0,362.0,740.0,원피스,,,,,,,,,,,,,,무지,,프릴·러플
images/93eca45a069709925230b65ebab3b39c.jpg,val_train_split,140.0,286.0,645.0,737.0,코트,,,,,긴팔,기본 소매,,,,,레귤러핏,,,무지,퍼·플리스,
images/5ccda8cdf1129c5bcff5375455ca1438.jpg,train,233.0,355.0,51.0,102.0,탑,,,,,,,크롭 기장,,,,레귤러핏,,,무지,,
images/5ccda8cdf1129c5bcff5375455ca1438.jpg,train,158.0,450.0,171.0,437.0,청바지,,,,,,,,롱·긴바지 기장,,,,,,무지,데님,
images/5ccda8cdf1129c5bcff5375455ca1438.jpg,train,139.0,206.0,244.0,285.0,재킷,,,,,,기본 소매,크롭 기장,,,칼라 없음,레귤러핏,,,무지,,지퍼
images/97e45101f7235a9e56fa95c5e4980c17.jpg,val_train_split,182.0,220.0,290.0,427.0,니트,,,,,긴팔,,기본 기장,,,,오버핏,,,무지,니트,
images/97e45101f7235a9e56fa95c5e4980c17.jpg,val_train_split,238.0,537.0,176.0,69.0,쇼츠,,,,,,,,쇼츠·미니 기장,,,,,,무지,,
images/41f415aa0fc1f81d99cc91dca9a2e56c.jpg,val_train_split,303.0,243.0,144.0,274.0,원피스,,,,,,,,무릎 기장,,,,,,무지,,
images/41f415aa0fc1f81d99cc91dca9a2e56c.jpg,val_train_split,330.0,259.0,95.0,65.0,베스트,,,,,,,크롭 기장,,,,슬림핏,,,,,
images/ecb4116ed3655dc1d650edfb670dd9d2.jpg,val_train_split,228.0,206.0,175.0,568.0,원피스,,,,,,,,미디·7부 기장,보트넥,,,,A라인,무지,,스팽글|지퍼
images/21c5c122b7545a70509749e7b47778ce.jpg,train,168.0,338.0,338.0,685.0,원피스,,,,,,,,,,,,,,무지|도트,,지퍼
images/21c5c122b7545a70509749e7b47778ce.jpg,train,193.0,338.0,313.0,325.0,탑,,,,,,,크롭 기장,,,,레귤러핏,,,도트,,스팽글
images/e6fbe678e393423558815e54e96aa4e4.jpg,train,495.0,670.0,138.0,11.0,스커트,,,,,,,,,,,,,,,,
images/e6fbe678e393423558815e54e96aa4e4.jpg,train,202.0,271.0,431.0,410.0,니트,,,,,7부 소매,,크롭 기장,,,,슬림핏,,,무지,니트,
images/095a29c0297c935f3483a8521bf6e13b.jpg,train,194.0,210.0,170.0,682.0,점프수트,,,,,,,,롱·긴바지 기장,홀터넥,,,,H라인,무지,,지퍼
images/1fd9fccea7c960c56f83f760c04c4685.jpg,train,300.0,181.0,224.0,359.0,재킷,,,,,긴팔,기본 소매,크롭 기장,,,,레귤러핏,,,무지,,단추|포켓|후드
images/1fd9fccea7c960c56f83f760c04c4685.jpg,train,389.0,355.0,49.0,74.0,탑,,,,,,,크롭 기장,,,,슬림핏,,,무지,,
images/1fd9fccea7c960c56f83f760c04c4685.jpg,train,347.0,478.0,148.0,102.0,쇼츠,,,,,,,,쇼츠·미니 기장,,,,슬림핏,,무지,,
images/cfa30df621b92ce96e577bdc675859b0.jpg,train,281.0,418.0,166.0,270.0,스커트,,,,,,,,무릎 기장,,,,,,무지,,지퍼
images/cfa30df621b92ce96e577bdc675859b0.jpg,train,189.0,219.0,325.0,247.0,재킷,,,,,,기본 소매,크롭 기장,,,스탠드 칼라,슬림핏,,,무지,,
images/cfa30df621b92ce96e577bdc675859b0.jpg,train,329.0,250.0,60.0,168.0,탑,,,,,,,크롭 기장,,라운드넥,,슬림핏,,,무지,,
images/b8a9290d7ea62cd23a7402a896b1167c.jpg,train,367.0,315.0,35.0,127.0,탑,,,,,,,크롭 기장,,,,슬림핏,,,무지,,
images/b8a9290d7ea62cd23a7402a896b1167c.jpg,train,181.0,532.0,218.0,344.0,스커트,,,,,,,,롱·긴바지 기장,,,,,,,,지퍼
images/ed8829cdbfcbea5a1fc069db0c1d4650.jpg,train,314.0,29.0,187.0,422.0,가디건,,,,,긴팔,기본 소매,,,,,오버핏,,비대칭,무지,니트,
images/ed8829cdbfcbea5a1fc069db0c1d4650.jpg,train,342.0,375.0,56.0,181.0,청바지,,,,,,,,롱·긴바지 기장,,,,슬림핏,,무지,데님,
images/ed8829cdbfcbea5a1fc069db0c1d4650.jpg,train,398.0,364.0,72.0,190.0,청바지,,,,,,,,롱·긴바지 기장,,,,슬림핏,,무지,데님,
images/0efa0cf779033b2b633eaef5dc2c014b.jpg,val_train_split,238.0,203.0,213.0,304.0,블레이저,,,,,7부 소매,기본 소매,크롭 기장,,라운드넥,셔츠 칼라,레귤러핏,,,무지,,
images/0efa0cf779033b2b633eaef5dc2c014b.jpg,val_train_split,241.0,228.0,221.0,435.0,원피스,,,,,,,,무릎 기장,,,,,A라인,플로럴,,지퍼
images/121e424fcf533cd473fbb5727bc8c815.jpg,val_train_split,200.0,251.0,266.0,214.0,셔츠,,,,,,기본 소매,,,,셔츠 칼라,레귤러핏,,,무지,,단추
images/121e424fcf533cd473fbb5727bc8c815.jpg,val_train_split,342.0,366.0,200.0,380.0,쇼츠,,,,,,,,쇼츠·미니 기장,,,,,,스트라이프,,플리츠|벨트
images/61c189acdc02fe7c63a47ea27e691acb.jpg,val_train_split,633.0,436.0,390.0,245.0,청바지,,,,,,,,,,,,슬림핏,,무지,데님,지퍼
images/61c189acdc02fe7c63a47ea27e691acb.jpg,val_train_split,462.0,438.0,289.0,230.0,티셔츠,,,,,,,크롭 기장,,,,레귤러핏,,,무지,,
images/61c189acdc02fe7c63a47ea27e691acb.jpg,val_train_split,127.0,153.0,714.0,484.0,재킷,,,,,긴팔,기본 소매,크롭 기장,,,라펠 칼라,오버핏,,,무지,퍼·플리스,지퍼
images/357d978b387f7bf658ba03b301a01acc.jpg,train,65.0,309.0,298.0,428.0,가디건,,,,,긴팔,기본 소매,,,,,레귤러핏,,,무지,니트,단추
images/357d978b387f7bf658ba03b301a01acc.jpg,train,124.0,347.0,217.0,461.0,원피스,,,,,,,,쇼츠·미니 기장,V넥,,,,A라인,무지,,지퍼
images/4eff8c4fb07a48f72755babb91c676fd.jpg,train,242.0,423.0,184.0,377.0,팬츠,,,,,,,,롱·긴바지 기장,,,,,,무지,,플리츠
images/4eff8c4fb07a48f72755babb91c676fd.jpg,train,187.0,155.0,308.0,340.0,재킷,,,,,긴팔,기본 소매,크롭 기장,,,,여유핏,,,,,지퍼|벨트
images/4eff8c4fb07a48f72755babb91c676fd.jpg,train,271.0,201.0,98.0,232.0,티셔츠,,,,,,,크롭 기장,,라운드넥,,레귤러핏,,,무지,,
images/45918103ccf4c59ffeebf1ac3f13834e.jpg,val_train_split,220.0,251.0,170.0,346.0,원피스,,,,,,,,쇼츠·미니 기장,,,,,,플로럴,,지퍼
images/45918103ccf4c59ffeebf1ac3f13834e.jpg,val_train_split,159.0,214.0,269.0,294.0,블레이저,,,,,긴팔,퍼프 소매,크롭 기장,,,,레귤러핏,,,무지,가죽|스웨이드,
images/fb0046f5396fc4731f4dda322433f18c.jpg,train,242.0,375.0,169.0,215.0,스커트,,,,,,,,쇼츠·미니 기장,,,,,,,,지퍼
images/fb0046f5396fc4731f4dda322433f18c.jpg,train,247.0,299.0,37.0,62.0,탑,,,,,,,크롭 기장,,,,슬림핏,,,무지,,
images/fb0046f5396fc4731f4dda322433f18c.jpg,train,159.0,185.0,375.0,464.0,코트,,,,,긴팔,기본 소매,,,,,여유핏,,,무지,퍼·플리스,
images/3ae02774f961013f5498e580367a0c34.jpg,val_train_split,250.0,225.0,157.0,389.0,원피스,,,,,,,,쇼츠·미니 기장,,,,,,플로럴|도트,,지퍼
images/3ae02774f961013f5498e580367a0c34.jpg,val_train_split,199.0,204.0,118.0,429.0,코트,,,,,긴팔,기본 소매,,,,,여유핏,,,스트라이프,,
images/3ae02774f961013f5498e580367a0c34.jpg,val_train_split,369.0,206.0,151.0,425.0,코트,,,,,긴팔,기본 소매,,,,,여유핏,,,스트라이프,,
images/c64907f981cdd55f49335084f32b027b.jpg,train,276.0,489.0,141.0,288.0,스커트,,,,,,,,미디·7부 기장,,,,,,체크,,
images/c64907f981cdd55f49335084f32b027b.jpg,train,239.0,329.0,219.0,167.0,티셔츠,,,,,반팔,벨 소매,크롭 기장,,보트넥,,여유핏,,,도트,,
images/f701653e4cac2fc6e5a3fb9baa3591e1.jpg,train,182.0,238.0,394.0,749.0,원피스,,,,,긴팔,벌룬 소매,,롱·긴바지 기장,V넥,,,,A라인,플로럴,,
images/06fa3e5101b0e7cbf19d4e031c59aea6.jpg,val_train_split,240.0,248.0,183.0,240.0,셔츠,,,,,반팔,캡 소매,크롭 기장,,V넥,,슬림핏,,,무지,,단추
images/06fa3e5101b0e7cbf19d4e031c59aea6.jpg,val_train_split,250.0,466.0,213.0,311.0,스커트,,,,,,,,미디·7부 기장,,,,,A라인,도트,,지퍼
images/bb8fd8aeb8a6aa2a6cd3682a85b9e3ac.jpg,val_train_split,190.0,531.0,214.0,162.0,스커트,,,,,,,,쇼츠·미니 기장,,,,스트레이트핏,H라인,그래픽,,지퍼
images/bb8fd8aeb8a6aa2a6cd3682a85b9e3ac.jpg,val_train_split,162.0,219.0,286.0,344.0,코트,,,,,긴팔,,,,,셔츠 칼라,슬림핏,,,스트라이프,,단추|벨트
images/7afd9c957d49502825be8ab5733f0a6a.jpg,train,207.0,403.0,303.0,383.0,가디건,,,,,,,,,,,오버핏,,비대칭,무지,니트,단추
images/7afd9c957d49502825be8ab5733f0a6a.jpg,train,255.0,545.0,141.0,358.0,팬츠,,,,,,,,롱·긴바지 기장,,,,,,무지,,
images/d36af75bd96eba530a370f837ea223d0.jpg,train,305.0,656.0,73.0,80.0,후드티,,,,,긴팔,기본 소매,기본 기장,,,,여유핏,,,무지,,후드
images/d36af75bd96eba530a370f837ea223d0.jpg,train,299.0,718.0,83.0,78.0,청바지,,,,,,,,롱·긴바지 기장,,,,,,무지,데님,
images/ac2053ab6f68f714bfee45c2295b3dd4.jpg,val_train_split,449.0,391.0,135.0,425.0,팬츠,,,,,,,,롱·긴바지 기장,,,,와이드핏,,무지,,포켓|벨트
images/ac2053ab6f68f714bfee45c2295b3dd4.jpg,val_train_split,422.0,193.0,187.0,217.0,재킷,,,,,,,크롭 기장,,,,여유핏,,,,퍼·플리스,
images/ac2053ab6f68f714bfee45c2295b3dd4.jpg,val_train_split,456.0,230.0,60.0,181.0,탑,,,,,,,크롭 기장,,,,슬림핏,,,무지,,
images/d935f1898b80d3531a538b89970c0320.jpg,train,341.0,291.0,42.0,96.0,탑,,,,,,,크롭 기장,,,,슬림핏,,,무지,,
images/d935f1898b80d3531a538b89970c0320.jpg,train,224.0,220.0,286.0,320.0,재킷,,,,,긴팔,기본 소매,기본 기장,,,칼라 없음,레귤러핏,,,체크,,
images/d935f1898b80d3531a538b89970c0320.jpg,train,272.0,419.0,163.0,496.0,팬츠,,,,,,,,롱·긴바지 기장,,,,,,무지,,
images/e5794b1e13ca002134f0038e121da459.jpg,train,193.0,342.0,358.0,465.0,원피스,,,,,,,,무릎 기장,,,,,,그래픽,,지퍼|벨트|프릴·러플
images/c430bf98979343f1ac6bda368c8f455e.jpg,train,174.0,292.0,125.0,165.0,티셔츠,,,,,7부 소매,기본 소매,크롭 기장,,,,레귤러핏,,,무지,,
images/c430bf98979343f1ac6bda368c8f455e.jpg,train,121.0,332.0,265.0,411.0,점프수트,,,,,,,,,,,여유핏,,,무지,,단추|포켓
images/eacdcf92221b1c80ed080345482e3d61.jpg,train,300.0,234.0,123.0,345.0,셔츠,,,,,,,크롭 기장,,,셔츠 칼라,레귤러핏,,,무지,,단추|포켓
images/eacdcf92221b1c80ed080345482e3d61.jpg,train,208.0,231.0,301.0,411.0,코트,,,,,긴팔,기본 소매,,,,라펠 칼라,레귤러핏,,,무지,,단추|포켓
images/eacdcf92221b1c80ed080345482e3d61.jpg,train,239.0,534.0,174.0,233.0,쇼츠,,,,,,,,쇼츠·미니 기장,,,,,,스트라이프,,
images/e5d13843fc6451dacdd48a28117cbf49.jpg,train,204.0,391.0,410.0,570.0,니트,,,,,긴팔,기본 소매,크롭 기장,,라운드넥,,레귤러핏,,,무지,니트,포켓
images/e862fff11bd581242e9618556991a15d.jpg,train,182.0,215.0,264.0,293.0,티셔츠,,,,,긴팔,래글런 소매,크롭 기장,,라운드넥,,레귤러핏,,,무지,,
images/52cf9a0ccba820b33f04b0326f83aecd.jpg,train,65.0,164.0,297.0,209.0,재킷,,,,,,,크롭 기장,,,,여유핏,,,,퍼·플리스,스팽글
images/52cf9a0ccba820b33f04b0326f83aecd.jpg,train,64.0,276.0,293.0,724.0,원피스,,,,,,,,롱·긴바지 기장,,,,,,무지,,지퍼|스팽글
images/66bcb9387a04e8b45cf7bd813449d19d.jpg,train,107.0,314.0,513.0,485.0,탑,,,,,,,크롭 기장,,오프숄더,,여유핏,,,도트,,
images/66bcb9387a04e8b45cf7bd813449d19d.jpg,train,101.0,764.0,349.0,235.0,스커트,,,,,,,,쇼츠·미니 기장,,,,스트레이트핏,H라인,무지,,
images/ca7ea1603b9c3dc36537e2309aea7e9b.jpg,train,146.0,311.0,334.0,676.0,원피스,,,,,,,,쇼츠·미니 기장,,,,,H라인,애니멀,,지퍼
images/af2186a66a20adf06c22a3b2913b5cad.jpg,train,211.0,169.0,220.0,229.0,폴로 셔츠,,,,,반팔,기본 소매,크롭 기장,,,폴로 칼라,슬림핏,,,무지,,리본
images/af2186a66a20adf06c22a3b2913b5cad.jpg,train,220.0,384.0,283.0,364.0,스커트,,,,,,,,무릎 기장,,,,플레어핏,,,,지퍼
images/3e911dacd5eba2d543547e1f5385ebe0.jpg,train,208.0,266.0,209.0,327.0,원피스,,,,,,,,쇼츠·미니 기장,스퀘어넥,,,,,무지,,지퍼
images/2ce4f37608c4fa9317c9f3ac1f48ca75.jpg,train,478.0,340.0,117.0,68.0,쇼츠,,,,,,,,쇼츠·미니 기장,,,,,,무지,,
images/2ce4f37608c4fa9317c9f3ac1f48ca75.jpg,train,497.0,205.0,89.0,147.0,베스트,,,,,,,크롭 기장,,,,슬림핏,,,무지,,
images/f8cf1de3af7c123b25a0a7bd451bc047.jpg,train,246.0,284.0,412.0,397.0,재킷,,,,,긴팔,기본 소매,크롭 기장,,,라펠 칼라,레귤러핏,,비대칭,무지,가죽|스웨이드,지퍼
images/1542730152ed7edd9e60883cc8730e57.jpg,train,255.0,250.0,198.0,491.0,점프수트,,,,,,,,무릎 기장,,,,,,,,플리츠|지퍼
images/f3c00b82c17efd0225952e1e24126dcf.jpg,train,228.0,314.0,200.0,296.0,티셔츠,,,,,긴팔,벌룬 소매,크롭 기장,,터틀넥,,슬림핏,,,무지,,
images/6e9ecb3423f76fff2576b25278a877d5.jpg,train,256.0,233.0,216.0,420.0,원피스,,,,,반팔,벨 소매,,무릎 기장,,,,,비대칭,무지,,지퍼
images/c73c597687b3534e3b4c95a16b5dfaf7.jpg,train,246.0,270.0,175.0,459.0,원피스,,,,,,,,무릎 기장,,,,,H라인,무지,,지퍼
images/c73c597687b3534e3b4c95a16b5dfaf7.jpg,train,196.0,213.0,300.0,401.0,코트,,,,,긴팔,기본 소매,,,,,레귤러핏,,,무지,퍼·플리스,
images/d0f134a7936dd9580b9ca6a64279014c.jpg,train,173.0,205.0,270.0,427.0,원피스,,,,,반팔,벨 소매,,쇼츠·미니 기장,,,,,A라인,그래픽,,
images/a1623b23425d8e7d38a9508afd4f15ee.jpg,train,299.0,530.0,150.0,325.0,팬츠,,,,,,,,롱·긴바지 기장,,,,슬림핏,,무지,,
images/a1623b23425d8e7d38a9508afd4f15ee.jpg,train,356.0,216.0,84.0,321.0,티셔츠,,,,,,,기본 기장,,터틀넥,,레귤러핏,,,무지,,
images/a1623b23425d8e7d38a9508afd4f15ee.jpg,train,275.0,226.0,250.0,445.0,코트,,,,,긴팔,기본 소매,,,,라펠 칼라,여유핏,,,체크,,단추
images/12baec7f4ad25be3a4fb603eacd9944f.jpg,train,282.0,228.0,218.0,174.0,티셔츠,,,,,반팔,퍼프 소매,크롭 기장,,,,슬림핏,,,무지,,
images/12baec7f4ad25be3a4fb603eacd9944f.jpg,train,311.0,391.0,171.0,201.0,스커트,,,,,,,,쇼츠·미니 기장,,,,,,무지,,지퍼
images/b0f2803d8b0ef7663937ef32d995866f.jpg,train,181.0,527.0,271.0,286.0,스커트,,,,,,,,쇼츠·미니 기장,,,,,,무지,,지퍼
images/b0f2803d8b0ef7663937ef32d995866f.jpg,train,133.0,243.0,357.0,312.0,가디건,,,,,7부 소매,기본 소매,크롭 기장,,,,슬림핏,,,무지,니트,단추|벨트
images/b0f2803d8b0ef7663937ef32d995866f.jpg,train,205.0,223.0,211.0,314.0,셔츠,,,,,,,,,,셔츠 칼라,슬림핏,,,,,
images/5ff46c574d5004855b48be942aadf56e.jpg,train,205.0,254.0,291.0,649.0,점프수트,,,,,,,,롱·긴바지 기장,,,,,,무지,,지퍼
images/5ff46c574d5004855b48be942aadf56e.jpg,train,226.0,175.0,179.0,239.0,탑,,,,,,,크롭 기장,,,,여유핏,,,애니멀,,
images/de5ba775c77fa5e66806982f5debf06a.jpg,val_train_split,205.0,254.0,307.0,517.0,코트,,,,,긴팔,기본 소매,,,,라펠 칼라,여유핏,,,무지,,단추
images/de5ba775c77fa5e66806982f5debf06a.jpg,val_train_split,308.0,267.0,163.0,241.0,셔츠,,,,,긴팔,기본 소매,,,,셔츠 칼라,레귤러핏,,,무지,,단추|벨트
images/de5ba775c77fa5e66806982f5debf06a.jpg,val_train_split,310.0,247.0,55.0,36.0,티셔츠,,,,,,,,,,,슬림핏,,,무지,,
images/de5ba775c77fa5e66806982f5debf06a.jpg,val_train_split,291.0,482.0,161.0,433.0,팬츠,,,,,,,,롱·긴바지 기장,,,,스트레이트핏,H라인,무지,,포켓
images/b239942f133c56c0da3094b71d64b0ef.jpg,train,228.0,439.0,143.0,323.0,탑,,,,,,,기본 기장,,,,여유핏,,,무지,,
images/b239942f133c56c0da3094b71d64b0ef.jpg,train,168.0,345.0,222.0,327.0,셔츠,,,,,반팔,기본 소매,크롭 기장,,,,레귤러핏,,,도트,,단추
images/b239942f133c56c0da3094b71d64b0ef.jpg,train,282.0,573.0,315.0,319.0,팬츠,,,,,,,,롱·긴바지 기장,,,,슬림핏,,애니멀,,
images/7151932f4600847dedd8a806a7505e5d.jpg,train,424.0,596.0,120.0,244.0,청바지,,,,,,,,,,,,,,무지,데님,포켓
images/7151932f4600847dedd8a806a7505e5d.jpg,train,424.0,403.0,112.0,221.0,티셔츠,,,,,,,기본 기장,,라운드넥,,오버핏,,,무지,,
images/7151932f4600847dedd8a806a7505e5d.jpg,train,380.0,389.0,206.0,297.0,가디건,,,,,긴팔,기본 소매,,,,,여유핏,,,무지,니트,
images/47fef5213078e059265a2ada33e94a1c.jpg,val_train_split,282.0,178.0,166.0,683.0,원피스,,,,,,,,롱·긴바지 기장,홀터넥,,,,H라인,무지,,
images/5eb38f67de2b0389b9e2689431ee9a11.jpg,train,190.0,404.0,189.0,619.0,점프수트,,,,,,,,,,라펠 칼라,레귤러핏,,,,,단추|포켓|벨트
images/5eb38f67de2b0389b9e2689431ee9a11.jpg,train,57.0,447.0,203.0,576.0,코트,,,,,긴팔,기본 소매,,,,라펠 칼라,레귤러핏,,,무지,,단추
images/5eb38f67de2b0389b9e2689431ee9a11.jpg,train,323.0,434.0,248.0,589.0,코트,,,,,긴팔,기본 소매,,,,라펠 칼라,레귤러핏,,,무지,,단추|포켓
images/818f307682e6cf6c57b37258b6401f2f.jpg,val_train_split,286.0,596.0,235.0,268.0,팬츠,,,,,,,,미디·7부 기장,,,,,,무지,,포켓
images/818f307682e6cf6c57b37258b6401f2f.jpg,val_train_split,269.0,360.0,123.0,298.0,티셔츠,,,,,,,기본 기장,,라운드넥,,여유핏,,,무지,,포켓
images/818f307682e6cf6c57b37258b6401f2f.jpg,val_train_split,204.0,334.0,237.0,311.0,재킷,,,,,긴팔,기본 소매,기본 기장,,,셔츠 칼라,여유핏,,,무지,가죽,단추
images/c7c0849a526d0c7afc7f1fdbe21d773c.jpg,train,264.0,649.0,155.0,348.0,스커트,,,,,,,,롱·긴바지 기장,,,,플레어핏,,,,지퍼
images/c7c0849a526d0c7afc7f1fdbe21d773c.jpg,train,222.0,318.0,256.0,342.0,니트,,,,,긴팔,벌룬 소매,기본 기장,,,,,,,무지,니트,
images/9eabfc85ce0c4e5b0bff309916141c41.jpg,val_train_split,98.0,327.0,457.0,696.0,원피스,,,,,,,,,V넥,,,,,플로럴,,지퍼|스팽글
images/a151a273ea0996d7706ee009e4751883.jpg,train,574.0,312.0,190.0,369.0,원피스,,,,,,,,,,스탠드 칼라,,,,도트,,
images/08fc98b47358c5ae54fc642ebdbe64a0.jpg,train,129.0,204.0,248.0,298.0,셔츠,,,,,긴팔,기본 소매,크롭 기장,,,,레귤러핏,,,무지,,단추
images/08fc98b47358c5ae54fc642ebdbe64a0.jpg,train,186.0,389.0,165.0,258.0,쇼츠,,,,,,,,쇼츠·미니 기장,,,,,,애니멀,,
images/722fc552af055aaf01cd7a98f8999047.jpg,train,226.0,470.0,167.0,348.0,팬츠,,,,,,,,롱·긴바지 기장,,,,,,무지,,
images/722fc552af055aaf01cd7a98f8999047.jpg,train,172.0,203.0,267.0,305.0,니트,,,,,긴팔,기본 소매,크롭 기장,,,,레귤러핏,,,무지,니트,후드
images/1ad08ca84d22d95144d44fd1d62dae8f.jpg,train,402.0,180.0,215.0,563.0,코트,,,,,,,,,,셔츠 칼라,레귤러핏,,,무지,가죽|스웨이드,벨트
images/e9d6a217f43414d6b0f47956ba627bd6.jpg,train,154.0,181.0,300.0,467.0,탑,,,,,7부 소매,벨 소매,기본 기장,,보트넥,,레귤러핏,,,무지,,
images/e9d6a217f43414d6b0f47956ba627bd6.jpg,train,241.0,577.0,71.0,302.0,팬츠,,,,,,,,롱·긴바지 기장,,,,슬림핏,,무지,,
images/e9d6a217f43414d6b0f47956ba627bd6.jpg,train,299.0,584.0,94.0,316.0,팬츠,,,,,,,,롱·긴바지 기장,,,,슬림핏,,무지,,
images/b7892ba164b21edcfbb83cfcf5833fd1.jpg,train,150.0,492.0,77.0,68.0,쇼츠,,,,,,,,쇼츠·미니 기장,,,,슬림핏,,무지,,
images/b7892ba164b21edcfbb83cfcf5833fd1.jpg,train,96.0,216.0,264.0,771.0,원피스,,,,,반팔,기본 소매,,롱·긴바지 기장,,,,,비대칭,무지,,리본
images/c97e978062ca43d787acfac201820572.jpg,train,250.0,397.0,176.0,270.0,스커트,,,,,,,,쇼츠·미니 기장,,,,,,무지,,지퍼|스팽글
images/c97e978062ca43d787acfac201820572.jpg,train,245.0,257.0,140.0,156.0,베스트,,,,,,,,,,,,,,무지,,
images/972ca6dbb1dafbcf59fb7013b404a560.jpg,train,149.0,202.0,256.0,514.0,원피스,,,,,,,,쇼츠·미니 기장,,,,,A라인,플로럴,,지퍼
images/7d523882f294d2ac57d74d82a170e65e.jpg,train,274.0,335.0,116.0,111.0,티셔츠,,,,,,,크롭 기장,,,,슬림핏,,,,,
images/7d523882f294d2ac57d74d82a170e65e.jpg,train,184.0,462.0,222.0,254.0,스커트,,,,,,,,쇼츠·미니 기장,,,,,O라인,무지,,지퍼
images/7d523882f294d2ac57d74d82a170e65e.jpg,train,197.0,307.0,269.0,400.0,코트,,,,,반팔,기본 소매,,,,,여유핏,,,,,벨트
images/d3956b9036a84b12f93c69bff1af051b.jpg,val_train_split,495.0,341.0,147.0,244.0,티셔츠,,,,,,,크롭 기장,,,,슬림핏,,,무지,,
images/d3956b9036a84b12f93c69bff1af051b.jpg,val_train_split,496.0,568.0,141.0,113.0,스커트,,,,,,,,,,,,,,무지,,지퍼
images/d3956b9036a84b12f93c69bff1af051b.jpg,val_train_split,304.0,263.0,563.0,418.0,코트,,,,,긴팔,기본 소매,,,터틀넥,,여유핏,,,무지,,지퍼|포켓
images/82c9aaeffcecc96b26116ad13da6f069.jpg,train,192.0,205.0,243.0,302.0,탑,,,,,긴팔,기본 소매,기본 기장,,보트넥,,여유핏,,,무지,,벨트
images/82c9aaeffcecc96b26116ad13da6f069.jpg,train,188.0,480.0,230.0,228.0,스커트,,,,,,,,무릎 기장,,,,,,그래픽,,지퍼
images/1e7b82ca3669309e347d5a9bf98c82cd.jpg,train,27.0,254.0,541.0,691.0,원피스,,,,,,,,무릎 기장,스퀘어넥,,,,,무지|스트라이프,,지퍼
images/bff5e64ca81a76c95fab83f4d6a15b03.jpg,val_train_split,274.0,319.0,327.0,687.0,원피스,,,,,,,,쇼츠·미니 기장,라운드넥,,,,H라인,무지,,지퍼
images/bff5e64ca81a76c95fab83f4d6a15b03.jpg,val_train_split,200.0,202.0,457.0,670.0,재킷,,,,,긴팔,기본 소매,크롭 기장,,,,여유핏,,,무지,퍼·플리스,단추
images/e2c84ac0b0e5e8f011cd67edf819a0f2.jpg,train,324.0,495.0,110.0,174.0,티셔츠,,,,,,,크롭 기장,,라운드넥,,여유핏,,,무지,,
images/e2c84ac0b0e5e8f011cd67edf819a0f2.jpg,train,276.0,457.0,186.0,234.0,재킷,,,,,긴팔,기본 소매,크롭 기장,,,,여유핏,,,,퍼·플리스,
images/e2c84ac0b0e5e8f011cd67edf819a0f2.jpg,train,327.0,658.0,105.0,208.0,청바지,,,,,,,,롱·긴바지 기장,,,,슬림핏,,무지,데님,
images/5e5a68bb267afc287b8e800f144c1e26.jpg,train,211.0,186.0,255.0,169.0,탑,,,,,,,크롭 기장,,스퀘어넥,,여유핏,,,무지,,
images/5e5a68bb267afc287b8e800f144c1e26.jpg,train,217.0,160.0,261.0,364.0,셔츠,,,,,긴팔,,,,,셔츠 칼라,레귤러핏,,,무지,,단추
images/5e5a68bb267afc287b8e800f144c1e26.jpg,train,242.0,376.0,188.0,243.0,스커트,,,,,,,,쇼츠·미니 기장,,,,,,무지,,지퍼
images/2a383525bf91af7962ee9a88e1cee2e6.jpg,train,181.0,259.0,307.0,706.0,원피스,,,,,,,,롱·긴바지 기장,,,,,,그래픽,,지퍼|벨트
images/6e1851e908162f3fbd5bd0ffaccdb127.jpg,val_train_split,218.0,206.0,267.0,256.0,재킷,,,,,7부 소매,기본 소매,크롭 기장,,,,여유핏,,,,퍼·플리스,
images/6e1851e908162f3fbd5bd0ffaccdb127.jpg,val_train_split,226.0,189.0,246.0,394.0,셔츠,,,,,긴팔,,,,,,레귤러핏,,,체크,,단추
images/6e1851e908162f3fbd5bd0ffaccdb127.jpg,val_train_split,272.0,522.0,79.0,174.0,청바지,,,,,,,,,,,,,,무지,데님,
images/6e1851e908162f3fbd5bd0ffaccdb127.jpg,val_train_split,358.0,566.0,82.0,129.0,청바지,,,,,,,,,,,,,,무지,데님,
images/a35de2e3a3f76e43818f7d44bd9cabe1.jpg,train,173.0,215.0,251.0,181.0,탑,,,,,반팔,기본 소매,크롭 기장,,스퀘어넥,,여유핏,,,무지,,
images/a35de2e3a3f76e43818f7d44bd9cabe1.jpg,train,195.0,415.0,179.0,450.0,청바지,,,,,,,,롱·긴바지 기장,,,,,,무지,데님,
images/8a9cebbd5cd463f7d5121f5634f0e135.jpg,train,200.0,218.0,230.0,767.0,원피스,,,,,,,,롱·긴바지 기장,스퀘어넥,,,,H라인,무지,,지퍼
images/0e3f1faa00fab86b17e97e6e9a3a8c31.jpg,train,135.0,243.0,334.0,656.0,원피스,,,,,,,,롱·긴바지 기장,스퀘어넥,,,,,,,지퍼
images/2915fb83c4f9b52c3093139a83bd0353.jpg,train,237.0,231.0,222.0,640.0,점프수트,,,,,,,,미디·7부 기장,,,,,,무지,,단추|포켓
images/2915fb83c4f9b52c3093139a83bd0353.jpg,train,182.0,230.0,297.0,187.0,티셔츠,,,,,반팔,기본 소매,크롭 기장,,라운드넥,,여유핏,,,무지,,
images/9de1c2ecccf482cee64a7297a9282707.jpg,train,497.0,323.0,78.0,60.0,쇼츠,,,,,,,,쇼츠·미니 기장,,,,,,무지,,
images/9de1c2ecccf482cee64a7297a9282707.jpg,train,517.0,192.0,42.0,134.0,후드티,,,,,,,크롭 기장,,,,레귤러핏,,,무지,,후드
images/9de1c2ecccf482cee64a7297a9282707.jpg,train,479.0,188.0,123.0,160.0,코트,,,,,긴팔,기본 소매,,,,,레귤러핏,,,무지,,지퍼|포켓|후드
images/2127a53f03388bee20e3bfc8b229df28.jpg,train,88.0,241.0,249.0,407.0,원피스,,,,,,,,무릎 기장,스퀘어넥,,,,,무지|플로럴,,지퍼|벨트
images/47209168235ce43983e1df47d7bcab39.jpg,train,287.0,607.0,278.0,416.0,청바지,,,,,,,,,,,,슬림핏,,무지,데님,포켓
images/ce58e988f108dd47f6c137cf76378812.jpg,train,293.0,471.0,148.0,122.0,쇼츠,,,,,,,,쇼츠·미니 기장,,,,슬림핏,,무지,,벨트
images/ce58e988f108dd47f6c137cf76378812.jpg,train,294.0,316.0,81.0,170.0,티셔츠,,,,,,,크롭 기장,,,,슬림핏,,,무지,,
images/ce58e988f108dd47f6c137cf76378812.jpg,train,362.0,434.0,83.0,140.0,셔츠,,,,,,,크롭 기장,,,,슬림핏,,,체크,,단추
images/ce58e988f108dd47f6c137cf76378812.jpg,train,363.0,275.0,119.0,163.0,셔츠,,,,,반팔,기본 소매,크롭 기장,,,셔츠 칼라,슬림핏,,,체크,,단추|리본|포켓
images/ce58e988f108dd47f6c137cf76378812.jpg,train,430.0,282.0,15.0,8.0,셔츠,,,,,,,크롭 기장,,,,슬림핏,,,체크,,단추
images/ce58e988f108dd47f6c137cf76378812.jpg,train,250.0,281.0,70.0,211.0,셔츠,,,,,반팔,기본 소매,크롭 기장,,,,슬림핏,,,체크,,단추|리본|포켓
images/3f6753705b0b3b324d360fa52495c848.jpg,train,211.0,518.0,174.0,307.0,팬츠,,,,,,,,미디·7부 기장,,,,,,무지,,
images/3f6753705b0b3b324d360fa52495c848.jpg,train,152.0,173.0,284.0,355.0,티셔츠,,,,,긴팔,래글런 소매,기본 기장,,라운드넥,,여유핏,,,무지,,
images/08a29758ecb141a52a28e709b485ac3d.jpg,train,149.0,448.0,220.0,353.0,팬츠,,,,,,,,미디·7부 기장,,,,,,무지,,포켓
images/08a29758ecb141a52a28e709b485ac3d.jpg,train,145.0,196.0,253.0,333.0,니트,,,,,긴팔,,크롭 기장,,보트넥,,레귤러핏,,,무지,니트,
images/34299a54b636d6ae659ec77f1709a5f4.jpg,train,318.0,538.0,32.0,128.0,티셔츠,,,,,,,크롭 기장,,,셔츠 칼라,레귤러핏,,,무지,,
images/34299a54b636d6ae659ec77f1709a5f4.jpg,train,233.0,541.0,190.0,206.0,재킷,,,,,긴팔,기본 소매,,,,라펠 칼라,슬림핏,,,스트라이프,,
images/34299a54b636d6ae659ec77f1709a5f4.jpg,train,271.0,666.0,109.0,110.0,스커트,,,,,,,,쇼츠·미니 기장,,,,스트레이트핏,H라인,체크,,단추
images/8c641a2d7d22d5a517a69b572b6cb86a.jpg,val_train_split,143.0,215.0,205.0,417.0,원피스,,,,,반팔,,,무릎 기장,,칼라 없음,,,,무지,,지퍼
images/c4f66ee6ccaa2a82299393170c39c92e.jpg,train,262.0,278.0,328.0,493.0,탑,,,,,,,기본 기장,,보트넥,,,,,그래픽,,
images/c4f66ee6ccaa2a82299393170c39c92e.jpg,train,351.0,740.0,232.0,160.0,스커트,,,,,,,,쇼츠·미니 기장,,,,,,,,지퍼
images/e49a0aa5a447e3a4cd25b7064c15ce62.jpg,val_train_split,215.0,393.0,231.0,289.0,스커트,,,,,,,,쇼츠·미니 기장,,,,플레어핏,,,,
images/e49a0aa5a447e3a4cd25b7064c15ce62.jpg,val_train_split,243.0,211.0,206.0,189.0,티셔츠,,,,,반팔,캡 소매,크롭 기장,,보트넥,,슬림핏,,,무지,,스팽글
images/489f81c9eda9b6a1fef210186d5fb851.jpg,train,75.0,379.0,333.0,644.0,원피스,,,,,,,,,,,,,,무지,,스팽글
images/c663df3c229948f7ff004aa452385324.jpg,train,190.0,180.0,313.0,509.0,원피스,,,,,긴팔,벨 소매,,무릎 기장,보트넥,,,,A라인,무지,,지퍼
images/4ff65e76bbffd7c644e566e0dc293516.jpg,train,298.0,199.0,131.0,318.0,티셔츠,,,,,긴팔,,크롭 기장,,터틀넥,,레귤러핏,,,무지,,
images/4ff65e76bbffd7c644e566e0dc293516.jpg,train,236.0,424.0,221.0,252.0,스커트,,,,,,,,무릎 기장,,,,플레어핏,X라인,무지,,지퍼
images/4ff65e76bbffd7c644e566e0dc293516.jpg,train,172.0,207.0,307.0,345.0,재킷,,,,,긴팔,기본 소매,크롭 기장,,,라펠 칼라,여유핏,,,무지,가죽,벨트|지퍼
images/16cb7a9b2a1954a5e39886d1b850a1e8.jpg,train,157.0,397.0,255.0,210.0,스커트,,,,,,,,쇼츠·미니 기장,,,,플레어핏,,무지,,플리츠|지퍼
images/16cb7a9b2a1954a5e39886d1b850a1e8.jpg,train,322.0,291.0,195.0,180.0,티셔츠,,,,,,,크롭 기장,,,,슬림핏,,,플로럴,,
images/16cb7a9b2a1954a5e39886d1b850a1e8.jpg,train,191.0,159.0,357.0,444.0,가디건,,,,,긴팔,기본 소매,크롭 기장,,,,레귤러핏,,,무지,니트,단추
images/375cdddc3df2667d1c9a0efc3af04741.jpg,train,67.0,246.0,310.0,412.0,점프수트,,,,,7부 소매,벨 소매,,쇼츠·미니 기장,,,여유핏,,,플로럴,,
images/b63e9ca00ba7cbab8ba48e151be9cb9d.jpg,train,273.0,324.0,252.0,634.0,원피스,,,,,7부 소매,,,롱·긴바지 기장,,,,,,도트,,지퍼
images/dd9096bc6c0c4833135d82d17b4acf5a.jpg,train,216.0,194.0,162.0,248.0,베스트,,,,,,,,,,,슬림핏,,,무지,,
images/dd9096bc6c0c4833135d82d17b4acf5a.jpg,train,218.0,422.0,225.0,546.0,스커트,,,,,,,,롱·긴바지 기장,,,,,비대칭,무지,,지퍼
images/9916c171eb422c2c04822252b6b43d5e.jpg,train,282.0,304.0,110.0,552.0,점프수트,,,,,,,,롱·긴바지 기장,,,슬림핏,,,무지,,지퍼
images/9916c171eb422c2c04822252b6b43d5e.jpg,train,204.0,225.0,264.0,406.0,가디건,,,,,반팔,,,,,,여유핏,,,무지,니트,리본|포켓
images/e6df78458fc975fcd10af43b39508190.jpg,train,199.0,498.0,409.0,524.0,원피스,,,,,7부 소매,,,,,,오버핏,,,스트라이프,,
images/e6df78458fc975fcd10af43b39508190.jpg,train,80.0,396.0,522.0,443.0,재킷,,,,,7부 소매,,크롭 기장,,,라펠 칼라,오버핏,,,체크,,단추
images/a365b7fae909e0714445379f1673fc31.jpg,train,347.0,65.0,373.0,492.0,베스트,,,,,,,크롭 기장,,,,레귤러핏,,,그래픽,,
images/b226be45595139742e303d83ab1e6fa4.jpg,train,218.0,290.0,286.0,318.0,원피스,,,,,긴팔,기본 소매,,쇼츠·미니 기장,,,,,A라인,그래픽,,
images/bf986edd3fecd64ec1d2517ee1de6c23.jpg,train,276.0,225.0,146.0,226.0,베스트,,,,,,,크롭 기장,,,라펠 칼라,레귤러핏,,,,,지퍼
images/bf986edd3fecd64ec1d2517ee1de6c23.jpg,train,230.0,264.0,221.0,324.0,원피스,,,,,긴팔,기본 소매,,쇼츠·미니 기장,,,,,,무지,,지퍼
images/773c4fd0ac3a188e9898cd57de9046bc.jpg,train,78.0,299.0,325.0,277.0,재킷,,,,,긴팔,기본 소매,크롭 기장,,,,레귤러핏,,,무지,,단추|포켓
images/773c4fd0ac3a188e9898cd57de9046bc.jpg,train,161.0,275.0,147.0,417.0,원피스,,,,,,,,쇼츠·미니 기장,,셔츠 칼라,,,A라인,스트라이프,,지퍼|포켓|벨트
images/b59cda633ed6197fefac3eec2cbdd6df.jpg,train,179.0,250.0,313.0,271.0,탑,,,,,,,크롭 기장,,오프숄더,,슬림핏,,,무지,,
images/b59cda633ed6197fefac3eec2cbdd6df.jpg,train,180.0,454.0,241.0,537.0,팬츠,,,,,,,,롱·긴바지 기장,,,,,,무지,,
images/6a70c8d08b476ada7cc52e1c19b862fc.jpg,train,130.0,245.0,271.0,395.0,원피스,,,,,반팔,,,쇼츠·미니 기장,보트넥,,,,,무지,,스팽글|리본
images/755b37051fc24be68509b68815ef4868.jpg,train,217.0,242.0,291.0,551.0,원피스,,,,,,,,미디·7부 기장,,,,,,무지,,스팽글|지퍼|벨트|프릴·러플
images/4aa3adbe60289a222a1981610686196f.jpg,train,417.0,331.0,130.0,57.0,쇼츠,,,,,,,,쇼츠·미니 기장,,,,,,무지,,
images/4aa3adbe60289a222a1981610686196f.jpg,train,406.0,152.0,159.0,193.0,탑,,,,,반팔,,기본 기장,,보트넥,,오버핏,,,무지,,
images/60c2ec8558b3e0f9031c4fb70a3296a5.jpg,train,259.0,247.0,134.0,164.0,탑,,,,,,,크롭 기장,,스퀘어넥,,슬림핏,,,무지,,
images/60c2ec8558b3e0f9031c4fb70a3296a5.jpg,train,262.0,435.0,172.0,421.0,팬츠,,,,,,,,롱·긴바지 기장,,,,슬림핏,,무지,,
images/988955519890b91e68278521c52cf181.jpg,train,187.0,436.0,129.0,125.0,쇼츠,,,,,,,,쇼츠·미니 기장,,,,슬림핏,,무지,,
images/988955519890b91e68278521c52cf181.jpg,train,26.0,310.0,288.0,249.0,셔츠,,,,,반팔,캡 소매,크롭 기장,,,,슬림핏,,,무지,,플리츠|단추|프릴·러플
images/bc05d29efae8f6cdcf042244a1294ac9.jpg,train,148.0,303.0,416.0,681.0,원피스,,,,,긴팔,벨 소매,,쇼츠·미니 기장,라운드넥,,,,H라인,체크,,지퍼
images/ec80ecfe0216662837a4f95560aa0da8.jpg,val_train_split,208.0,228.0,280.0,418.0,원피스,,,,,민소매,캡 소매,,쇼츠·미니 기장,,,,,,무지,,지퍼
images/44edce99ef66aee0956fe17e938a9dbe.jpg,train,407.0,271.0,205.0,206.0,니트,,,,,7부 소매,래글런 소매,,,,,여유핏,,,무지,니트,
images/44edce99ef66aee0956fe17e938a9dbe.jpg,train,426.0,431.0,161.0,128.0,쇼츠,,,,,,,,쇼츠·미니 기장,,,,,,무지,,포켓
images/d2d34421524e3383a096590683621e01.jpg,train,225.0,505.0,148.0,395.0,팬츠,,,,,,,,롱·긴바지 기장,,,,,,무지,,
images/d2d34421524e3383a096590683621e01.jpg,train,176.0,211.0,248.0,342.0,블레이저,,,,,긴팔,기본 소매,기본 기장,,,라펠 칼라,레귤러핏,,,무지,,단추|포켓
images/d2d34421524e3383a096590683621e01.jpg,train,285.0,212.0,62.0,84.0,셔츠,,,,,,,,,,,레귤러핏,,,무지,,단추
images/d2d34421524e3383a096590683621e01.jpg,train,285.0,269.0,61.0,243.0,베스트,,,,,,,크롭 기장,,,,슬림핏,,,무지,,단추
images/63513e53433ff199f1e1f40f93901f3e.jpg,train,282.0,460.0,35.0,122.0,탑,,,,,,,크롭 기장,,,,레귤러핏,,,무지,,
images/63513e53433ff199f1e1f40f93901f3e.jpg,train,111.0,579.0,317.0,443.0,청바지,,,,,,,,,,,,슬림핏,,무지,데님,
images/63513e53433ff199f1e1f40f93901f3e.jpg,train,97.0,269.0,414.0,425.0,재킷,,,,,7부 소매,기본 소매,크롭 기장,,,스탠드 칼라,레귤러핏,,,무지,,지퍼|포켓
images/b35e61330a0472810009b80910bc29b2.jpg,val_train_split,193.0,223.0,250.0,390.0,원피스,,,,,,,,쇼츠·미니 기장,,,오버핏,,,애니멀,,벨트
images/a3496ab4f2737c0878324cbd7607351f.jpg,train,493.0,230.0,97.0,233.0,베스트,,,,,,,,,,,슬림핏,,,무지,,단추
images/a3496ab4f2737c0878324cbd7607351f.jpg,train,498.0,222.0,87.0,153.0,셔츠,,,,,,,,,,셔츠 칼라,레귤러핏,,,무지,,단추
images/a3496ab4f2737c0878324cbd7607351f.jpg,train,417.0,237.0,242.0,336.0,블레이저,,,,,,,크롭 기장,,,라펠 칼라,슬림핏,,,무지,,단추|포켓
images/d6e328a06de36af3f821d8d743c78500.jpg,train,341.0,264.0,326.0,385.0,니트,,,,,긴팔,,크롭 기장,,,,레귤러핏,,,무지,니트,
images/d6e328a06de36af3f821d8d743c78500.jpg,train,507.0,270.0,14.0,24.0,니트,,,,,,,,,라운드넥,,,,,,니트,
images/d6e328a06de36af3f821d8d743c78500.jpg,train,325.0,629.0,300.0,394.0,팬츠,,,,,,,,,,,,,,무지,,
images/6a7d721c17ddf7712cd86bde6f067fab.jpg,train,224.0,47.0,151.0,304.0,티셔츠,,,,,,,크롭 기장,,,,레귤러핏,,,무지,,
images/6a7d721c17ddf7712cd86bde6f067fab.jpg,train,125.0,344.0,330.0,293.0,스커트,,,,,,,,무릎 기장,,,,플레어핏,비대칭,무지,,플리츠|지퍼
images/6a7d721c17ddf7712cd86bde6f067fab.jpg,train,127.0,57.0,304.0,461.0,코트,,,,,긴팔,기본 소매,,,,라펠 칼라,레귤러핏,,,무지,,단추
images/0fa4be98f11aaf7970d0230df4ae3ddf.jpg,val_train_split,113.0,230.0,373.0,612.0,원피스,,,,,,,,쇼츠·미니 기장,,,,,A라인,그래픽,,지퍼
images/587418867f37855df1410aaa8e232094.jpg,train,204.0,214.0,267.0,330.0,후드티,,,,,긴팔,래글런 소매,크롭 기장,,,,레귤러핏,,,무지,,후드|포켓|지퍼
images/587418867f37855df1410aaa8e232094.jpg,train,245.0,474.0,175.0,450.0,청바지,,,,,,,,롱·긴바지 기장,,,,슬림핏,,무지,데님,포켓
images/f796edb2c8fd0de4ba251a802316acfb.jpg,train,111.0,339.0,370.0,404.0,스커트,,,,,,,,무릎 기장,,,,,,무지,,지퍼|프릴·러플
images/f796edb2c8fd0de4ba251a802316acfb.jpg,train,184.0,178.0,145.0,177.0,베스트,,,,,,,,,,,,,,그래픽,,
images/f796edb2c8fd0de4ba251a802316acfb.jpg,train,133.0,186.0,253.0,299.0,가디건,,,,,긴팔,,크롭 기장,,,,슬림핏,,,무지,니트,단추|리본
images/b2bac779c3ce5733ca8c477e44ad4d3c.jpg,train,218.0,278.0,249.0,371.0,베스트,,,,,,,크롭 기장,,라운드넥,,슬림핏,,,,,
images/b2bac779c3ce5733ca8c477e44ad4d3c.jpg,train,93.0,628.0,495.0,344.0,팬츠,,,,,,,,롱·긴바지 기장,,,,슬림핏,,무지,,
images/c35a07ed7a2ed05559c11c38d00235ec.jpg,val_train_split,444.0,375.0,308.0,250.0,점프수트,,,,,,,,,,,여유핏,,,무지,,단추
images/c35a07ed7a2ed05559c11c38d00235ec.jpg,val_train_split,534.0,199.0,157.0,183.0,베스트,,,,,,,,,,,,,비대칭,무지,,
images/9046316b4a890b8aa427ad36b04443ad.jpg,train,346.0,265.0,334.0,757.0,원피스,,,,,긴팔,벌룬 소매,,,,,,,A라인,무지,,지퍼
images/35d89b79e4ffd9da703408aa25cf230a.jpg,train,380.0,113.0,347.0,289.0,재킷,,,,,,,,,,셔츠 칼라,여유핏,,,무지,,단추|포켓
images/35d89b79e4ffd9da703408aa25cf230a.jpg,train,452.0,158.0,136.0,137.0,니트,,,,,,,크롭 기장,,,,레귤러핏,,,,니트,
images/35d89b79e4ffd9da703408aa25cf230a.jpg,train,454.0,277.0,127.0,318.0,팬츠,,,,,,,,롱·긴바지 기장,,,,,,스트라이프,,지퍼
images/1b65d189910ba8ba68e64a57d58eb863.jpg,train,201.0,189.0,274.0,448.0,원피스,,,,,긴팔,,,쇼츠·미니 기장,,,,,A라인,그래픽,,지퍼
images/63bc20562923b07a6c0dff23c64f19b1.jpg,train,163.0,307.0,79.0,80.0,티셔츠,,,,,반팔,퍼프 소매,,,,,레귤러핏,,,무지,,
images/63bc20562923b07a6c0dff23c64f19b1.jpg,train,121.0,305.0,151.0,299.0,점프수트,,,,,,,,쇼츠·미니 기장,,,여유핏,,,무지,,지퍼
images/a023123759d96ac5abe8cd2c6b0c93f2.jpg,train,148.0,138.0,361.0,372.0,블레이저,,,,,긴팔,,크롭 기장,,,라펠 칼라,오버핏,,,무지,퍼·플리스,단추
images/a023123759d96ac5abe8cd2c6b0c93f2.jpg,train,248.0,415.0,187.0,489.0,팬츠,,,,,,,,롱·긴바지 기장,,,,,,무지,,
images/a023123759d96ac5abe8cd2c6b0c93f2.jpg,train,191.0,176.0,285.0,339.0,티셔츠,,,,,긴팔,,크롭 기장,,라운드넥,,레귤러핏,,,무지,,
images/417d1ab0069ab5ba8515dc22e7446449.jpg,train,205.0,378.0,292.0,516.0,원피스,,,,,,,,쇼츠·미니 기장,,,,,A라인,도트,,지퍼
images/417d1ab0069ab5ba8515dc22e7446449.jpg,train,160.0,394.0,240.0,170.0,티셔츠,,,,,반팔,,크롭 기장,,오프숄더,,슬림핏,,,무지,,
images/d2530e8342cc6ede0a60aa803e55ec70.jpg,train,201.0,174.0,381.0,427.0,탑,,,,,7부 소매,벨 소매,기본 기장,,,,여유핏,,,도트,,
images/d2530e8342cc6ede0a60aa803e55ec70.jpg,train,319.0,517.0,174.0,398.0,팬츠,,,,,,,,롱·긴바지 기장,,,,,,,,
images/cbaf473aaed480be991c5620d82475ef.jpg,train,179.0,508.0,181.0,422.0,팬츠,,,,,,,,롱·긴바지 기장,,,,슬림핏,,무지,,
images/cbaf473aaed480be991c5620d82475ef.jpg,train,182.0,462.0,178.0,63.0,탑,,,,,,,크롭 기장,,,,슬림핏,,,무지,,
images/cbaf473aaed480be991c5620d82475ef.jpg,train,151.0,230.0,248.0,251.0,재킷,,,,,7부 소매,기본 소매,크롭 기장,,,스탠드 칼라,슬림핏,,,무지,,지퍼
images/93e6cf5581a6f3d6b49a18caed5593e9.jpg,train,254.0,224.0,220.0,412.0,원피스,,,,,긴팔,,,쇼츠·미니 기장,,,,,,그래픽,,지퍼
images/93e6cf5581a6f3d6b49a18caed5593e9.jpg,train,210.0,205.0,306.0,424.0,코트,,,,,긴팔,,,,,,여유핏,,,무지,,단추|포켓
images/4767251a8a3f92c6d0585fee551e74a4.jpg,train,251.0,309.0,398.0,714.0,원피스,,,,,긴팔,래글런 소매,,,,,,,A라인,무지,,지퍼
images/78106bc7a4a774692fa534f0dd65e198.jpg,train,291.0,177.0,300.0,354.0,재킷,,,,,긴팔,기본 소매,크롭 기장,,,,여유핏,,,무지,퍼·플리스,
images/90f9303884cfe59328016d6ceb441adc.jpg,train,268.0,349.0,356.0,314.0,티셔츠,,,,,반팔,래글런 소매,크롭 기장,,,,슬림핏,,,스트라이프,,
images/90f9303884cfe59328016d6ceb441adc.jpg,train,287.0,630.0,372.0,359.0,스커트,,,,,,,,쇼츠·미니 기장,,,,플레어핏,,무지,,
images/680696016e07ba4f18aecee96fd9861f.jpg,train,148.0,215.0,321.0,454.0,원피스,,,,,7부 소매,벨 소매,,무릎 기장,,,,,A라인,무지,,지퍼|벨트
images/dbee568e0f861db3bd4081cb12d6878a.jpg,train,278.0,484.0,167.0,384.0,팬츠,,,,,,,,롱·긴바지 기장,,,,,,그래픽,,
images/dbee568e0f861db3bd4081cb12d6878a.jpg,train,254.0,241.0,238.0,296.0,티셔츠,,,,,반팔,기본 소매,기본 기장,,라운드넥,,레귤러핏,,,무지,,
images/3086fbc479c8ff1c107b746b3529567a.jpg,train,278.0,338.0,233.0,322.0,티셔츠,,,,,긴팔,,기본 기장,,터틀넥,,여유핏,,,무지,,
images/3086fbc479c8ff1c107b746b3529567a.jpg,train,296.0,372.0,197.0,364.0,코트,,,,,반팔,,,,,,여유핏,,,무지,,리본
images/0856ba7fc6614b953232b228ea1baf48.jpg,train,274.0,583.0,133.0,219.0,스커트,,,,,,,,미디·7부 기장,,,,,,무지,,지퍼
images/0856ba7fc6614b953232b228ea1baf48.jpg,train,201.0,245.0,252.0,384.0,원피스,,,,,긴팔,,,쇼츠·미니 기장,V넥,,오버핏,,,무지,니트,후드
images/0097977ba02a750e562c1f6bde0b686e.jpg,val_train_split,184.0,228.0,288.0,655.0,원피스,,,,,,,,무릎 기장,홀터넥,,,,,무지,,지퍼|스팽글
images/b35686885e9fcf93bc51b4b8e54cc07b.jpg,train,105.0,436.0,390.0,587.0,원피스,,,,,,,,,,,,,,무지,,지퍼
images/b35686885e9fcf93bc51b4b8e54cc07b.jpg,train,116.0,260.0,415.0,508.0,재킷,,,,,7부 소매,,크롭 기장,,V넥,,여유핏,,,무지,퍼·플리스,
images/e8dfb3d9e716614c64f1cd8686feb38d.jpg,train,216.0,201.0,223.0,447.0,원피스,,,,,,,,쇼츠·미니 기장,,,,,H라인,무지,,지퍼
images/e8dfb3d9e716614c64f1cd8686feb38d.jpg,train,214.0,156.0,238.0,347.0,재킷,,,,,7부 소매,기본 소매,크롭 기장,,라운드넥,스탠드 칼라,레귤러핏,,,무지,,단추
images/1b1f0ac0a015f5d5d65fbbb6fb92ee64.jpg,train,167.0,243.0,279.0,438.0,점프수트,,,,,,,,,,,레귤러핏,,,무지,,단추|포켓|벨트
images/edb7db1fcb69296415e2f32cd5cac1ba.jpg,val_train_split,122.0,313.0,468.0,608.0,블레이저,,,,,7부 소매,기본 소매,,,,라펠 칼라,레귤러핏,,,체크,,단추|벨트
images/edb7db1fcb69296415e2f32cd5cac1ba.jpg,val_train_split,262.0,708.0,294.0,315.0,청바지,,,,,,,,,,,,슬림핏,,무지,데님,포켓
images/edb7db1fcb69296415e2f32cd5cac1ba.jpg,val_train_split,176.0,319.0,414.0,413.0,셔츠,,,,,긴팔,기본 소매,,,,셔츠 칼라,레귤러핏,,,무지,,단추
images/62177ff1f8eb6740e6b057208800ebae.jpg,train,388.0,317.0,317.0,363.0,원피스,,,,,7부 소매,벌룬 소매,,,V넥,,오버핏,,,플로럴,,
images/712d0f3fd44731177e4b83a1929b3c4a.jpg,train,273.0,228.0,87.0,228.0,셔츠,,,,,,,,,,셔츠 칼라,레귤러핏,,,무지,,단추
images/712d0f3fd44731177e4b83a1929b3c4a.jpg,train,201.0,240.0,248.0,307.0,블레이저,,,,,긴팔,기본 소매,,,,라펠 칼라,여유핏,,,체크,,단추
images/712d0f3fd44731177e4b83a1929b3c4a.jpg,train,244.0,448.0,161.0,358.0,청바지,,,,,,,,롱·긴바지 기장,,,,스트레이트핏,H라인,무지,데님,벨트
images/4e4d50d02301ed854ba1ad6a60b86028.jpg,train,294.0,200.0,265.0,620.0,원피스,,,,,,,,롱·긴바지 기장,,,,,A라인,,,지퍼|스팽글
images/16c7ee29a772300230322380e1502dbb.jpg,train,596.0,201.0,196.0,370.0,원피스,,,,,,,,,오프숄더,,,,,무지,,
images/5d2dfb88c5aaae295d7e6e3e4bc8529d.jpg,train,301.0,332.0,267.0,474.0,원피스,,,,,반팔,기본 소매,,쇼츠·미니 기장,V넥,,,,,무지,,지퍼|리본
images/52498782176312b5b46efc6fa2e457fd.jpg,train,268.0,605.0,191.0,342.0,청바지,,,,,,,,롱·긴바지 기장,,,,,,무지,데님,
images/52498782176312b5b46efc6fa2e457fd.jpg,train,316.0,284.0,115.0,118.0,셔츠,,,,,,,,,,셔츠 칼라,레귤러핏,,,스트라이프,,단추
images/52498782176312b5b46efc6fa2e457fd.jpg,train,310.0,349.0,102.0,262.0,니트,,,,,,,크롭 기장,,V넥,,레귤러핏,,,무지,니트,
images/52498782176312b5b46efc6fa2e457fd.jpg,train,226.0,301.0,280.0,357.0,가디건,,,,,긴팔,래글런 소매,기본 기장,,,,여유핏,,,무지,니트,단추
images/ef4b3530901e19c29a6debd14fb05eac.jpg,train,192.0,287.0,217.0,417.0,원피스,,,,,,,,무릎 기장,오프숄더,,,,,무지,,지퍼
images/1d83d29297c4f06d45ec0f77ad91563f.jpg,train,21.0,376.0,532.0,642.0,원피스,,,,,,,,롱·긴바지 기장,,,,,,무지,,지퍼|스팽글
images/1d83d29297c4f06d45ec0f77ad91563f.jpg,train,104.0,143.0,305.0,244.0,재킷,,,,,,,크롭 기장,,,,오버핏,,,,퍼·플리스,
images/ebfda352bd5113859294aff74239faed.jpg,train,331.0,472.0,100.0,133.0,티셔츠,,,,,,,,,,,슬림핏,,,무지,,
images/ebfda352bd5113859294aff74239faed.jpg,train,246.0,469.0,227.0,486.0,가디건,,,,,긴팔,,,,,,여유핏,,,무지,니트,후드
images/ebfda352bd5113859294aff74239faed.jpg,train,283.0,859.0,164.0,164.0,청바지,,,,,,,,,,,,슬림핏,,무지,데님,
images/1a4431dbcda81b234de55e098a5af094.jpg,train,128.0,177.0,407.0,506.0,원피스,,,,,긴팔,벨 소매,,무릎 기장,라운드넥,,오버핏,,,,,지퍼
images/14513692f82f1c603cdc9ae52ebc1469.jpg,train,92.0,460.0,404.0,416.0,팬츠,,,,,,,,롱·긴바지 기장,,,,슬림핏,,,,
images/14513692f82f1c603cdc9ae52ebc1469.jpg,train,173.0,243.0,357.0,441.0,재킷,,,,,,,크롭 기장,,,,오버핏,,,,퍼·플리스,
images/14513692f82f1c603cdc9ae52ebc1469.jpg,train,304.0,294.0,64.0,113.0,셔츠,,,,,,,,,,,레귤러핏,,,,,
images/c13a5eb445b0b9a1bdac23e7509017aa.jpg,train,213.0,258.0,233.0,282.0,블레이저,,,,,7부 소매,기본 소매,기본 기장,,,라펠 칼라,여유핏,,비대칭,무지,,벨트
images/c13a5eb445b0b9a1bdac23e7509017aa.jpg,train,259.0,507.0,160.0,323.0,팬츠,,,,,,,,롱·긴바지 기장,,,,스트레이트핏,H라인,무지,,
images/6f0f8e6a7c065f36231d75b2fdbd933b.jpg,train,201.0,222.0,238.0,203.0,가디건,,,,,,,크롭 기장,,,,레귤러핏,,,무지,니트,단추
images/6f0f8e6a7c065f36231d75b2fdbd933b.jpg,train,573.0,233.0,121.0,354.0,가디건,,,,,,,크롭 기장,,,,레귤러핏,,,무지,니트,단추
images/6f0f8e6a7c065f36231d75b2fdbd933b.jpg,train,363.0,192.0,314.0,489.0,원피스,,,,,,,,,,셔츠 칼라,,,A라인,무지,,지퍼|포켓
images/16b51737ef50be4e67b5d13eb9514ae7.jpg,train,218.0,178.0,262.0,346.0,셔츠,,,,,긴팔,,,,,셔츠 칼라,레귤러핏,,,무지,,단추|포켓|벨트
images/16b51737ef50be4e67b5d13eb9514ae7.jpg,train,236.0,373.0,198.0,605.0,팬츠,,,,,,,,롱·긴바지 기장,,,,스트레이트핏,H라인,무지,,
images/84227dbe5d6cfabfe14b8fcd631dbba6.jpg,train,124.0,383.0,363.0,640.0,원피스,,,,,,,,,,,,,A라인,무지,,지퍼|포켓|스팽글
images/798bedc91845c2c3918d4a0597c706e1.jpg,train,186.0,210.0,220.0,498.0,원피스,,,,,,,,무릎 기장,홀터넥,,,,,무지,,지퍼
images/81946da9c6d8118f1a46ebc3ad451e46.jpg,train,137.0,205.0,263.0,350.0,재킷,,,,,긴팔,기본 소매,크롭 기장,,라운드넥,라펠 칼라,오버핏,,비대칭,플로럴,,
images/81946da9c6d8118f1a46ebc3ad451e46.jpg,train,165.0,453.0,162.0,408.0,팬츠,,,,,,,,롱·긴바지 기장,,,,슬림핏,,무지,,포켓
images/1586ec1b2d4e048d260ffeecd75ea7d4.jpg,train,611.0,470.0,217.0,467.0,팬츠,,,,,,,,롱·긴바지 기장,,,,,,무지,,포켓
images/1586ec1b2d4e048d260ffeecd75ea7d4.jpg,train,579.0,179.0,297.0,311.0,니트,,,,,긴팔,기본 소매,크롭 기장,,,,레귤러핏,,,무지,니트,
images/d084bd303691fafe4e0bb33b7d972a40.jpg,train,247.0,285.0,215.0,319.0,원피스,,,,,,,,쇼츠·미니 기장,,,,,A라인,무지,,지퍼|스팽글
images/260184d82355f4db33679864e81d3712.jpg,train,199.0,165.0,283.0,439.0,원피스,,,,,민소매,캡 소매,,쇼츠·미니 기장,,,,,A라인,무지,,지퍼
images/736b0de74bafd4886034106860e2f28a.jpg,train,77.0,345.0,361.0,500.0,원피스,,,,,긴팔,래글런 소매,,쇼츠·미니 기장,,,레귤러핏,,,무지,니트,포켓
images/0d48961151d7c5c9c91c2d00493b4e90.jpg,val_train_split,257.0,404.0,182.0,545.0,팬츠,,,,,,,,롱·긴바지 기장,,,,와이드핏,,무지,,
images/0d48961151d7c5c9c91c2d00493b4e90.jpg,val_train_split,198.0,215.0,251.0,332.0,셔츠,,,,,긴팔,기본 소매,,,,스탠드 칼라,레귤러핏,,,그래픽,,단추|벨트
images/2ff075f2f386cfee100032d926e26c7f.jpg,train,64.0,293.0,411.0,730.0,원피스,,,,,,,,,스퀘어넥,,,,A라인,무지,,지퍼
images/d97435543c5fb5f1507ef5cc669e45e5.jpg,train,255.0,538.0,175.0,237.0,팬츠,,,,,,,,,,,,,,무지,,포켓
images/d97435543c5fb5f1507ef5cc669e45e5.jpg,train,220.0,220.0,235.0,340.0,후드티,,,,,긴팔,,기본 기장,,,,여유핏,,,무지,,후드|포켓
images/cd778b422a0bcce577269e2a60b7da34.jpg,train,598.0,153.0,74.0,61.0,셔츠,,,,,,,,,,셔츠 칼라,레귤러핏,,,무지,,단추
images/cd778b422a0bcce577269e2a60b7da34.jpg,train,548.0,177.0,108.0,114.0,베스트,,,,,,,,,,,레귤러핏,,,체크,,단추|포켓
images/cd778b422a0bcce577269e2a60b7da34.jpg,train,493.0,91.0,239.0,319.0,블레이저,,,,,긴팔,기본 소매,크롭 기장,,,라펠 칼라,여유핏,,,체크,,단추|포켓
images/cd778b422a0bcce577269e2a60b7da34.jpg,train,254.0,285.0,404.0,259.0,팬츠,,,,,,,,롱·긴바지 기장,,,,,,체크,,
images/071bb6f1aa6248b0743386c4004a5ad5.jpg,train,147.0,248.0,396.0,698.0,니트,,,,,긴팔,,,,터틀넥,,여유핏,,,무지,니트,
images/071bb6f1aa6248b0743386c4004a5ad5.jpg,train,164.0,784.0,225.0,237.0,청바지,,,,,,,,,,,,,,무지,데님,
images/883bad73c004b4080abaee671932702b.jpg,train,28.0,253.0,602.0,392.0,셔츠,,,,,반팔,,,,,스탠드 칼라,슬림핏,,,무지,,단추|리본
images/883bad73c004b4080abaee671932702b.jpg,train,176.0,631.0,325.0,296.0,쇼츠,,,,,,,,쇼츠·미니 기장,,,,,,무지,,벨트
images/c68fa6bbbafcd58a4736d5b43cf53a9a.jpg,train,209.0,251.0,213.0,275.0,탑,,,,,,,기본 기장,,스퀘어넥,,,,,무지,,프릴·러플
images/c68fa6bbbafcd58a4736d5b43cf53a9a.jpg,train,236.0,484.0,164.0,441.0,팬츠,,,,,,,,롱·긴바지 기장,,,,,,,,
images/6346ae23337968030e5bffaf2ad0c049.jpg,train,173.0,225.0,308.0,386.0,니트,,,,,긴팔,,기본 기장,,,,오버핏,,,,니트,
images/6346ae23337968030e5bffaf2ad0c049.jpg,train,262.0,557.0,180.0,379.0,팬츠,,,,,,,,롱·긴바지 기장,,,,,,체크,,포켓
images/e413414d90a71c9b27042564d09bed3d.jpg,train,221.0,430.0,186.0,494.0,원피스,,,,,,,,롱·긴바지 기장,,,,,,무지,,플리츠|지퍼
images/e413414d90a71c9b27042564d09bed3d.jpg,train,231.0,198.0,208.0,264.0,베스트,,,,,,,크롭 기장,,,,슬림핏,,비대칭,무지,,지퍼
images/975c1046b07f2eb0fc891cd01490223e.jpg,train,153.0,634.0,314.0,389.0,원피스,,,,,,,,,,,,,,도트,,
images/907855f021a2979d0d31d0b2f51ef4fd.jpg,val_train_split,0.0,403.0,681.0,609.0,원피스,,,,,,,,,,,,,X라인,스트라이프|플로럴,,
images/ece69a65ed45a3edf1fc00efbbfaedb7.jpg,train,120.0,260.0,519.0,746.0,니트,,,,,긴팔,,,,라운드넥,,여유핏,,,도트,니트,
images/492665c84ad9cdd888c17f958114771e.jpg,train,491.0,273.0,189.0,358.0,원피스,,,,,,,,,홀터넥,,,,A라인,플로럴,,지퍼
images/defd3f17ff1ab4c3b9b15ba42ebcd91c.jpg,train,302.0,433.0,172.0,187.0,스커트,,,,,,,,쇼츠·미니 기장,,,,스트레이트핏,H라인,무지,,지퍼
images/defd3f17ff1ab4c3b9b15ba42ebcd91c.jpg,train,269.0,266.0,251.0,336.0,탑,,,,,반팔,퍼프 소매,기본 기장,,,,여유핏,,,무지,,리본
images/e38fc2fabdfd599cf82fd12f02f35bdf.jpg,train,198.0,198.0,190.0,718.0,원피스,,,,,,,,롱·긴바지 기장,V넥,,,,,애니멀,,지퍼
images/76be1c1468ac1271bc68b200a3146569.jpg,train,175.0,167.0,216.0,415.0,니트,,,,,긴팔,기본 소매,크롭 기장,,,,레귤러핏,,,무지,니트,
images/76be1c1468ac1271bc68b200a3146569.jpg,train,123.0,502.0,271.0,406.0,팬츠,,,,,,,,롱·긴바지 기장,,,,,,무지,,
images/464cdc1e453ffd114dd166376154ea01.jpg,val_train_split,487.0,508.0,134.0,146.0,스커트,,,,,,,,쇼츠·미니 기장,,,,,,,,지퍼
images/464cdc1e453ffd114dd166376154ea01.jpg,val_train_split,470.0,285.0,179.0,272.0,재킷,,,,,긴팔,기본 소매,기본 기장,,,라펠 칼라,레귤러핏,,,,,단추
images/464cdc1e453ffd114dd166376154ea01.jpg,val_train_split,523.0,287.0,48.0,92.0,셔츠,,,,,,,,,,스탠드 칼라,레귤러핏,,,무지,,단추
images/a90b1fc4118b95bd9ef8835ce306123a.jpg,val_train_split,208.0,302.0,180.0,278.0,코트,,,,,,,,,,라펠 칼라,레귤러핏,,,플로럴,,단추|포켓
images/a90b1fc4118b95bd9ef8835ce306123a.jpg,val_train_split,206.0,328.0,183.0,155.0,티셔츠,,,,,반팔,기본 소매,크롭 기장,,,,슬림핏,,,무지,,리본|벨트
images/a90b1fc4118b95bd9ef8835ce306123a.jpg,val_train_split,232.0,514.0,156.0,93.0,쇼츠,,,,,,,,쇼츠·미니 기장,,,,,,무지,,
images/920d2409acc87590fc5956168428c8ab.jpg,val_train_split,284.0,346.0,25.0,95.0,탑,,,,,,,크롭 기장,,,,슬림핏,,,무지,,
images/920d2409acc87590fc5956168428c8ab.jpg,val_train_split,261.0,441.0,104.0,206.0,청바지,,,,,,,,롱·긴바지 기장,,,,,,무지,데님,
images/920d2409acc87590fc5956168428c8ab.jpg,val_train_split,237.0,185.0,135.0,364.0,가디건,,,,,긴팔,기본 소매,,,,,여유핏,,,무지,니트,
images/61d43b680a681d565e4ce7bfc6e38502.jpg,val_train_split,146.0,192.0,212.0,765.0,점프수트,,,,,,,,롱·긴바지 기장,라운드넥,,,,H라인,무지,,지퍼
images/aad6da14e636fdf9fef1316cd628b211.jpg,train,120.0,263.0,461.0,760.0,원피스,,,,,긴팔,벌룬 소매,,,라운드넥,,,,A라인,플로럴|애니멀,,단추|벨트
images/b57c41280195386ba3520f8af180edf6.jpg,val_train_split,117.0,249.0,337.0,768.0,원피스,,,,,,,,무릎 기장,스퀘어넥,,,,,,,지퍼
images/d02a0314c1260087aabf2dda18728c3b.jpg,train,256.0,372.0,118.0,153.0,재킷,,,,,,,크롭 기장,,,셔츠 칼라,여유핏,,,무지,,지퍼
images/d02a0314c1260087aabf2dda18728c3b.jpg,train,270.0,424.0,90.0,93.0,탑,,,,,,,크롭 기장,,,,,,,무지,,
images/d02a0314c1260087aabf2dda18728c3b.jpg,train,267.0,511.0,99.0,244.0,팬츠,,,,,,,,롱·긴바지 기장,,,,슬림핏,,무지,,
images/d02a0314c1260087aabf2dda18728c3b.jpg,train,227.0,387.0,214.0,279.0,가디건,,,,,긴팔,,,,,,오버핏,,비대칭,무지,니트,
images/cd8c942a76c4fe113b13efb99b064a8c.jpg,train,172.0,238.0,269.0,750.0,점프수트,,,,,,,,롱·긴바지 기장,,,슬림핏,,,무지,,지퍼
images/eff8fab25885cd391f5c5ace9c41fcc3.jpg,train,554.0,254.0,450.0,769.0,원피스,,,,,긴팔,래글런 소매,,,,,,,H라인,,니트,
images/02edaf3649fc1cb00d7e65ea35f40e0b.jpg,train,507.0,269.0,107.0,199.0,스커트,,,,,,,,무릎 기장,,,,스트레이트핏,H라인,무지,,지퍼
images/02edaf3649fc1cb00d7e65ea35f40e0b.jpg,train,492.0,162.0,88.0,163.0,티셔츠,,,,,긴팔,,크롭 기장,,,,레귤러핏,,,무지,,
images/02edaf3649fc1cb00d7e65ea35f40e0b.jpg,train,451.0,170.0,220.0,262.0,코트,,,,,긴팔,기본 소매,,,,,레귤러핏,,,무지,퍼·플리스,
images/e4ad90e8643463cc81a3eaf8a0e0faaa.jpg,train,111.0,175.0,259.0,445.0,코트,,,,,긴팔,,,,,라펠 칼라,레귤러핏,,,무지,,단추
images/e4ad90e8643463cc81a3eaf8a0e0faaa.jpg,train,194.0,182.0,96.0,304.0,셔츠,,,,,,,크롭 기장,,,피터팬 칼라,여유핏,,,무지,,단추
images/e4ad90e8643463cc81a3eaf8a0e0faaa.jpg,train,181.0,468.0,117.0,378.0,팬츠,,,,,,,,롱·긴바지 기장,,,,슬림핏,,체크,,
images/a6b99b9387b94aabf7d94eb04428b37f.jpg,train,261.0,484.0,170.0,398.0,팬츠,,,,,,,,롱·긴바지 기장,,,,,,무지,,포켓
images/a6b99b9387b94aabf7d94eb04428b37f.jpg,train,211.0,180.0,279.0,380.0,재킷,,,,,긴팔,기본 소매,크롭 기장,,,라펠 칼라,여유핏,,,무지,,지퍼
images/a6b99b9387b94aabf7d94eb04428b37f.jpg,train,271.0,241.0,106.0,249.0,니트,,,,,,,크롭 기장,,,,레귤러핏,,,무지,니트,
images/ae5beb769790b4c829ee1a82ce84d3a7.jpg,val_train_split,114.0,282.0,439.0,670.0,원피스,,,,,,,,롱·긴바지 기장,,,,,,무지,,지퍼|프릴·러플|스팽글
images/84c386e623c5ea91d006f551381d489c.jpg,train,347.0,306.0,404.0,717.0,원피스,,,,,긴팔,,,,보트넥,,,,,플로럴,,지퍼
images/84c386e623c5ea91d006f551381d489c.jpg,train,292.0,281.0,420.0,724.0,가디건,,,,,긴팔,,,,,,여유핏,,,무지,니트,
images/984b6d86cbbdbf4e1def14d268a45411.jpg,train,550.0,378.0,127.0,198.0,탑,,,,,긴팔,,기본 기장,,보트넥,,오버핏,,,무지,,프릴·러플
images/984b6d86cbbdbf4e1def14d268a45411.jpg,train,588.0,545.0,81.0,86.0,스커트,,,,,,,,쇼츠·미니 기장,,,,,,무지,,지퍼
images/0eae6c841d633f667881e09121950d4c.jpg,train,238.0,270.0,264.0,370.0,원피스,,,,,긴팔,벨 소매,,쇼츠·미니 기장,,,,,A라인,무지,,벨트
images/bf9e46ee8ffae0a539a58c0c1dff4901.jpg,val_train_split,216.0,174.0,230.0,382.0,니트,,,,,긴팔,기본 소매,,,,,슬림핏,,,무지|스트라이프,니트,
images/bf9e46ee8ffae0a539a58c0c1dff4901.jpg,val_train_split,245.0,525.0,165.0,314.0,팬츠,,,,,,,,,,,,슬림핏,,무지,,
images/35ce48809654e311ba3235eb83ea301e.jpg,train,157.0,203.0,344.0,268.0,티셔츠,,,,,,,크롭 기장,,보트넥,,오버핏,,비대칭,무지,,
images/35ce48809654e311ba3235eb83ea301e.jpg,train,221.0,197.0,190.0,733.0,원피스,,,,,,,,롱·긴바지 기장,,,,,,,,지퍼
images/a736c9d1a70cbb27f8a8b8809d681551.jpg,train,233.0,245.0,191.0,414.0,원피스,,,,,,,,쇼츠·미니 기장,,,,,,그래픽,,지퍼
images/a736c9d1a70cbb27f8a8b8809d681551.jpg,train,259.0,188.0,273.0,249.0,베스트,,,,,,,크롭 기장,,,셔츠 칼라,레귤러핏,,,무지,,단추|포켓
images/e84e626bbdbb3059a6039db93e220402.jpg,train,191.0,274.0,213.0,426.0,원피스,,,,,반팔,기본 소매,,무릎 기장,스퀘어넥,,,,,무지,,지퍼
images/159fb5092121e61d0c310c93ed8f0661.jpg,train,172.0,188.0,364.0,678.0,원피스,,,,,긴팔,기본 소매,,롱·긴바지 기장,스퀘어넥,,,,,무지,,지퍼|스팽글|프릴·러플
images/4f9d3d581e7aa362ce8144b2a13f3655.jpg,train,110.0,559.0,386.0,464.0,팬츠,,,,,,,,,,,,슬림핏,,무지,,
images/4f9d3d581e7aa362ce8144b2a13f3655.jpg,train,134.0,210.0,351.0,596.0,코트,,,,,,,,,,,레귤러핏,,,무지,퍼·플리스,단추
images/0fbe2264711709d20ae06107f1663715.jpg,train,181.0,196.0,279.0,338.0,셔츠,,,,,긴팔,기본 소매,,,,셔츠 칼라,레귤러핏,,,체크,,단추|포켓|벨트
images/0fbe2264711709d20ae06107f1663715.jpg,train,176.0,205.0,284.0,333.0,블레이저,,,,,긴팔,기본 소매,기본 기장,,,,레귤러핏,,,체크,,단추
images/0fbe2264711709d20ae06107f1663715.jpg,train,212.0,465.0,164.0,433.0,팬츠,,,,,,,,롱·긴바지 기장,,,,스트레이트핏,H라인,무지,,
images/89675eec0672ff23c7d99325af4c7029.jpg,train,345.0,201.0,150.0,201.0,탑,,,,,,,크롭 기장,,,,슬림핏,,,애니멀,,
images/89675eec0672ff23c7d99325af4c7029.jpg,train,272.0,376.0,256.0,577.0,스커트,,,,,,,,롱·긴바지 기장,,,,,,애니멀,,지퍼
images/6ff68b88c40d1697e25de83050056d97.jpg,train,145.0,486.0,334.0,537.0,니트,,,,,긴팔,기본 소매,,,,라펠 칼라,여유핏,,,무지,니트,포켓|후드
images/6ff68b88c40d1697e25de83050056d97.jpg,train,46.0,562.0,587.0,461.0,재킷,,,,,긴팔,기본 소매,,,,,레귤러핏,,,무지,,단추|포켓
images/21d0c3738299714db55446f95e13c873.jpg,train,203.0,173.0,343.0,508.0,원피스,,,,,긴팔,,,,오프숄더,,,,,무지,,지퍼
images/3af82cf2c4bdc1f1d45fa2177f7957f0.jpg,val_train_split,258.0,260.0,147.0,166.0,탑,,,,,,,크롭 기장,,,,레귤러핏,,,무지,,
images/3af82cf2c4bdc1f1d45fa2177f7957f0.jpg,val_train_split,224.0,415.0,197.0,453.0,팬츠,,,,,,,,롱·긴바지 기장,,,,슬림핏,,무지,,
images/3af82cf2c4bdc1f1d45fa2177f7957f0.jpg,val_train_split,132.0,202.0,354.0,557.0,가디건,,,,,긴팔,,,,,,여유핏,,비대칭,무지,니트,
images/3af82cf2c4bdc1f1d45fa2177f7957f0.jpg,val_train_split,223.0,180.0,207.0,276.0,재킷,,,,,긴팔,,크롭 기장,,,라펠 칼라,여유핏,,,무지,,지퍼
images/f332b2302c4a5a309ab57109118b4fb7.jpg,train,404.0,290.0,168.0,221.0,니트,,,,,긴팔,기본 소매,크롭 기장,,,,슬림핏,,,무지,니트,
images/f332b2302c4a5a309ab57109118b4fb7.jpg,train,438.0,428.0,131.0,145.0,스커트,,,,,,,,쇼츠·미니 기장,,,,,,무지,,지퍼
images/2300ccd45e43b0652231f64339e16adc.jpg,train,177.0,464.0,316.0,340.0,스커트,,,,,,,,미디·7부 기장,,,,,A라인,무지,,
images/2300ccd45e43b0652231f64339e16adc.jpg,train,210.0,282.0,246.0,562.0,원피스,,,,,,,,미디·7부 기장,,칼라 없음,,,A라인,플로럴,,지퍼
images/bd9b5581ab632e1343384b6dd98d49cd.jpg,train,274.0,331.0,200.0,343.0,원피스,,,,,,,,무릎 기장,,,,,O라인,무지,,지퍼
images/ee03173e68cff58b1bb46a1d263fecac.jpg,val_train_split,197.0,265.0,126.0,185.0,탑,,,,,,,크롭 기장,,V넥,,레귤러핏,,,무지,,
images/ee03173e68cff58b1bb46a1d263fecac.jpg,val_train_split,155.0,223.0,261.0,265.0,블레이저,,,,,7부 소매,기본 소매,크롭 기장,,,라펠 칼라,레귤러핏,,,무지,,
images/ee03173e68cff58b1bb46a1d263fecac.jpg,val_train_split,179.0,442.0,183.0,484.0,팬츠,,,,,,,,롱·긴바지 기장,,,,,,무지,,플리츠
images/6ec14cc3464630ed3b49369bcb456f76.jpg,val_train_split,143.0,826.0,324.0,197.0,청바지,,,,,,,,,,,,슬림핏,,무지,데님,
images/6ec14cc3464630ed3b49369bcb456f76.jpg,val_train_split,6.0,363.0,675.0,551.0,탑,,,,,긴팔,벨 소매,기본 기장,,,,레귤러핏,,,무지,,
images/79a6ffd357e2c2278ac100fe39740c30.jpg,train,216.0,188.0,234.0,646.0,점프수트,,,,,반팔,캡 소매,,롱·긴바지 기장,V넥,,,,,,,지퍼
images/a60080b30873eeebd34287d18dfb5474.jpg,train,181.0,189.0,369.0,812.0,코트,,,,,긴팔,기본 소매,,,,라펠 칼라,레귤러핏,,,무지,,단추|포켓
images/a60080b30873eeebd34287d18dfb5474.jpg,train,271.0,186.0,129.0,141.0,니트,,,,,,,,,,라펠 칼라,레귤러핏,,,무지,니트,
images/a60080b30873eeebd34287d18dfb5474.jpg,train,275.0,990.0,136.0,33.0,팬츠,,,,,,,,,,,,,,무지,,
images/83375099c7faa85f0b2b00ad22684847.jpg,val_train_split,214.0,270.0,197.0,334.0,원피스,,,,,,,,쇼츠·미니 기장,,,오버핏,,,스트라이프,니트,포켓
images/83375099c7faa85f0b2b00ad22684847.jpg,val_train_split,230.0,519.0,170.0,416.0,청바지,,,,,,,,롱·긴바지 기장,,,,슬림핏,,무지,데님,
images/821a1deaca546a7348f1be2e76d45531.jpg,train,204.0,241.0,114.0,416.0,셔츠,,,,,7부 소매,,,,,,여유핏,,,플로럴,,
images/821a1deaca546a7348f1be2e76d45531.jpg,train,362.0,256.0,123.0,442.0,셔츠,,,,,7부 소매,,,,,,레귤러핏,,,플로럴,,
images/821a1deaca546a7348f1be2e76d45531.jpg,train,275.0,301.0,95.0,367.0,원피스,,,,,,,,쇼츠·미니 기장,,라펠 칼라,오버핏,,,도트,,지퍼
images/ef09d235229612ce8f001f82158f7021.jpg,val_train_split,366.0,117.0,303.0,291.0,코트,,,,,,,,,,,여유핏,,,무지,퍼·플리스,
images/ef09d235229612ce8f001f82158f7021.jpg,val_train_split,459.0,224.0,240.0,246.0,원피스,,,,,,,,,,,,,,무지,,지퍼
images/c828bb4e1eec99a7f4cceebcf153e2f2.jpg,val_train_split,14.0,189.0,477.0,539.0,원피스,,,,,,,,무릎 기장,스퀘어넥,,,,,플로럴,,플리츠|지퍼|프릴·러플
images/24617189571230d7b5bd62ddcbd9d09f.jpg,train,194.0,201.0,242.0,692.0,원피스,,,,,긴팔,기본 소매,,롱·긴바지 기장,라운드넥,,,,,무지,,스팽글|지퍼
images/bd2ba5259c2671cef23d072d244cce31.jpg,train,725.0,358.0,207.0,223.0,재킷,,,,,반팔,기본 소매,크롭 기장,,,칼라 없음,레귤러핏,,,,,단추|포켓|벨트
images/bd2ba5259c2671cef23d072d244cce31.jpg,train,729.0,426.0,172.0,304.0,원피스,,,,,,,,,,,,,,무지,,플리츠|지퍼
images/0f0429153de2e3f55f5328a8c283663d.jpg,train,261.0,247.0,175.0,608.0,점프수트,,,,,,,,롱·긴바지 기장,홀터넥,,,,H라인,스트라이프,,지퍼
images/e2d1d076d622a4cd666c802f843504fa.jpg,train,241.0,225.0,221.0,724.0,원피스,,,,,긴팔,기본 소매,,롱·긴바지 기장,V넥,,,,비대칭,무지,,스팽글|지퍼
images/085c16ea274b9b1254dde4e659fc88a7.jpg,train,0.0,310.0,630.0,635.0,원피스,,,,,,,,롱·긴바지 기장,,,,,X라인,무지,,지퍼
images/d25b6a3eb2edf5fe71b7af9f94ffb7a3.jpg,train,104.0,322.0,495.0,701.0,원피스,,,,,반팔,벨 소매,,,,라펠 칼라,,,A라인,플로럴,,
images/d25b6a3eb2edf5fe71b7af9f94ffb7a3.jpg,train,266.0,339.0,136.0,290.0,베스트,,,,,,,,,,,,,,무지,,
images/d8d5a53fec0b817c70839f859afadeca.jpg,train,233.0,220.0,181.0,679.0,점프수트,,,,,,,,롱·긴바지 기장,,,,,H라인,무지,,지퍼
images/e332bcf8fe973b00755f8db6d4af64a7.jpg,train,0.0,258.0,465.0,572.0,가디건,,,,,,,,,,,여유핏,,,무지,니트,
images/e332bcf8fe973b00755f8db6d4af64a7.jpg,train,475.0,167.0,77.0,311.0,가디건,,,,,긴팔,기본 소매,,,,,레귤러핏,,,무지,니트,
images/ec828384117ef8757483d6516a32a6b7.jpg,train,262.0,421.0,152.0,365.0,팬츠,,,,,,,,미디·7부 기장,,,,슬림핏,,플로럴,,
images/ec828384117ef8757483d6516a32a6b7.jpg,train,235.0,199.0,225.0,330.0,탑,,,,,긴팔,기본 소매,기본 기장,,보트넥,,오버핏,,비대칭,무지,,
images/8964fee7fcbc078956691f5f5cfe7cb2.jpg,train,153.0,200.0,254.0,508.0,원피스,,,,,반팔,캡 소매,,무릎 기장,,,,,비대칭,무지,,지퍼|리본
images/5232865579ff7c84b5aec7854ea644b0.jpg,train,182.0,233.0,365.0,425.0,재킷,,,,,긴팔,,기본 기장,,,라펠 칼라,여유핏,,,체크,,단추
images/5232865579ff7c84b5aec7854ea644b0.jpg,train,237.0,580.0,216.0,322.0,스커트,,,,,,,,무릎 기장,,,,스트레이트핏,H라인,무지,,지퍼
images/c1a23dc181ddacecab05a6f38ae42f35.jpg,train,178.0,22.0,320.0,540.0,후드티,,,,,긴팔,,크롭 기장,,,,여유핏,,,무지,,후드
images/aa59c306a90520e9ded0aebbcd3bb5da.jpg,train,189.0,197.0,202.0,532.0,원피스,,,,,7부 소매,기본 소매,,무릎 기장,,,,,비대칭,무지|도트,,지퍼
images/1dcd544c43f07ebf326f903ecba8ee35.jpg,train,625.0,510.0,76.0,172.0,팬츠,,,,,,,,,,,,,,무지,,
images/1dcd544c43f07ebf326f903ecba8ee35.jpg,train,609.0,230.0,192.0,300.0,코트,,,,,긴팔,기본 소매,,,,,레귤러핏,,,무지,,포켓|후드
images/4ff0ebcba7b53e61b7e99f12b74a0849.jpg,train,199.0,167.0,375.0,524.0,원피스,,,,,,,,쇼츠·미니 기장,,,,,A라인,그래픽,,지퍼
images/808cbe872f3d1dc20f8fb3f340bb7dce.jpg,train,229.0,215.0,220.0,213.0,티셔츠,,,,,7부 소매,기본 소매,크롭 기장,,,라펠 칼라,슬림핏,,,,,
images/808cbe872f3d1dc20f8fb3f340bb7dce.jpg,train,256.0,374.0,169.0,312.0,스커트,,,,,,,,무릎 기장,,,,플레어핏,X라인,무지,,플리츠|지퍼
images/872defa89a33afb36bbfa46bf0bc1ff5.jpg,train,292.0,240.0,157.0,343.0,원피스,,,,,,,,쇼츠·미니 기장,스퀘어넥,,,,,무지,,지퍼
images/a28ae8316cffe4002ae5a69df918d405.jpg,train,577.0,219.0,199.0,386.0,원피스,,,,,,,,무릎 기장,,,,,A라인,그래픽,,지퍼|벨트
images/7ffda2d7b203bacfa09e6f13beba6a8a.jpg,train,645.0,256.0,117.0,198.0,원피스,,,,,반팔,캡 소매,,쇼츠·미니 기장,,,오버핏,,,무지,,지퍼
images/a325850402cf9ddb1968bb6f21d1a10a.jpg,train,317.0,462.0,223.0,331.0,쇼츠,,,,,,,,쇼츠·미니 기장,,,,,,스트라이프,,
images/a325850402cf9ddb1968bb6f21d1a10a.jpg,train,220.0,190.0,351.0,469.0,티셔츠,,,,,7부 소매,벨 소매,기본 기장,,,,레귤러핏,,비대칭,스트라이프,,
images/96160d4e52faf19188a8ba6619e1263e.jpg,train,221.0,228.0,178.0,430.0,원피스,,,,,,,,무릎 기장,스퀘어넥,,,,,무지,,지퍼
images/8109b11bf496bd88b35577a8c8860a91.jpg,train,211.0,318.0,166.0,242.0,점프수트,,,,,,,,쇼츠·미니 기장,,,레귤러핏,,,무지,,지퍼
images/8109b11bf496bd88b35577a8c8860a91.jpg,train,175.0,216.0,262.0,326.0,재킷,,,,,긴팔,기본 소매,크롭 기장,,,라펠 칼라,여유핏,,비대칭,무지,,지퍼
images/c5ee3a5f9074fdbd0c18caf64a09f355.jpg,train,222.0,301.0,222.0,390.0,원피스,,,,,반팔,캡 소매,,쇼츠·미니 기장,,,,,A라인,애니멀|도트,,스팽글|지퍼
images/c5ee3a5f9074fdbd0c18caf64a09f355.jpg,train,262.0,677.0,123.0,266.0,팬츠,,,,,,,,롱·긴바지 기장,,,,슬림핏,,무지,,
images/ec17cad82433b462169355794980667d.jpg,train,550.0,349.0,141.0,133.0,스커트,,,,,,,,쇼츠·미니 기장,,,,플레어핏,,체크|그래픽,,지퍼
images/ec17cad82433b462169355794980667d.jpg,train,552.0,250.0,115.0,108.0,탑,,,,,,,크롭 기장,,,,슬림핏,,,무지|체크,,리본
images/ae170430f769db569af1c7443901e4b0.jpg,val_train_split,252.0,455.0,156.0,307.0,원피스,,,,,,,,쇼츠·미니 기장,,,,,H라인,무지,,지퍼|스팽글
images/5e80d664c5f4cc729328615294206888.jpg,train,12.0,475.0,424.0,335.0,스커트,,,,,,,,쇼츠·미니 기장,,,,플레어핏,,무지,,플리츠
images/5e80d664c5f4cc729328615294206888.jpg,train,380.0,220.0,40.0,18.0,셔츠,,,,,,,,,,,슬림핏,,,스트라이프,,
images/5e80d664c5f4cc729328615294206888.jpg,train,197.0,210.0,441.0,401.0,셔츠,,,,,반팔,캡 소매,크롭 기장,,V넥,,슬림핏,,,스트라이프,,
images/0038e8912ece8b5f9d3c520b3fd7ef3b.jpg,train,191.0,346.0,224.0,352.0,원피스,,,,,,,,쇼츠·미니 기장,라운드넥,,,,X라인,무지,,지퍼
images/e3d1ac52e90beeb4fb235e93fbe30fa5.jpg,train,139.0,217.0,335.0,240.0,셔츠,,,,,7부 소매,기본 소매,,,,셔츠 칼라,레귤러핏,,비대칭,그래픽,,단추
images/e3d1ac52e90beeb4fb235e93fbe30fa5.jpg,train,189.0,359.0,194.0,255.0,스커트,,,,,,,,쇼츠·미니 기장,,,,,,무지,,단추
images/8ddea765e11675948a80742c94940cc4.jpg,train,254.0,345.0,251.0,274.0,원피스,,,,,반팔,벨 소매,,쇼츠·미니 기장,,,오버핏,,,,,지퍼
images/c7fbfc81a6610dd36a99108372b78c6e.jpg,train,228.0,266.0,235.0,410.0,원피스,,,,,반팔,캡 소매,,쇼츠·미니 기장,,,,,,체크,,플리츠|지퍼|포켓
images/dc1262ebac0572e0d1216b08a91859f0.jpg,train,317.0,334.0,128.0,179.0,베스트,,,,,,,,,V넥,,슬림핏,,,무지,,
images/dc1262ebac0572e0d1216b08a91859f0.jpg,train,169.0,477.0,263.0,429.0,스커트,,,,,,,,미디·7부 기장,,,,,,무지,,지퍼
images/cf52c0367acdbb6381e22b0820fb49c0.jpg,train,458.0,129.0,140.0,325.0,원피스,,,,,반팔,기본 소매,,미디·7부 기장,,,,,A라인,무지|애니멀,,지퍼
images/1e0d5fd2900ba1199dc8cff16dfcb62b.jpg,train,306.0,328.0,184.0,401.0,코트,,,,,긴팔,,,,,,여유핏,,,무지,퍼·플리스,단추|포켓
images/020444664a7bdd8faee934026db2032c.jpg,train,282.0,250.0,91.0,68.0,셔츠,,,,,,,,,,셔츠 칼라,레귤러핏,,,,,단추
images/020444664a7bdd8faee934026db2032c.jpg,train,277.0,302.0,161.0,462.0,니트,,,,,,,크롭 기장,,라운드넥,,레귤러핏,,,,니트,
images/020444664a7bdd8faee934026db2032c.jpg,train,96.0,192.0,554.0,794.0,코트,,,,,긴팔,기본 소매,,,,,여유핏,,,체크,,지퍼|포켓
images/c40b4f0449367504bcef34fa13987dd4.jpg,train,301.0,288.0,232.0,282.0,니트,,,,,반팔,기본 소매,크롭 기장,,보트넥,,여유핏,,,무지,니트,리본
images/c40b4f0449367504bcef34fa13987dd4.jpg,train,281.0,515.0,212.0,135.0,쇼츠,,,,,,,,쇼츠·미니 기장,,,,,,무지,,
images/c40c012cf81df4a3127bca8a459f0f7a.jpg,val_train_split,275.0,256.0,71.0,272.0,폴로 셔츠,,,,,,,크롭 기장,,,폴로 칼라,슬림핏,,,무지,,
images/c40c012cf81df4a3127bca8a459f0f7a.jpg,val_train_split,161.0,257.0,267.0,326.0,재킷,,,,,긴팔,기본 소매,크롭 기장,,,셔츠 칼라,레귤러핏,,,무지,,포켓
images/c40c012cf81df4a3127bca8a459f0f7a.jpg,val_train_split,231.0,516.0,159.0,325.0,청바지,,,,,,,,롱·긴바지 기장,,,,,,무지,데님,
images/6f8104adfae184b950342f29d1b9e58b.jpg,train,225.0,172.0,233.0,352.0,셔츠,,,,,긴팔,기본 소매,크롭 기장,,,스탠드 칼라,슬림핏,,,무지,,지퍼
images/6f8104adfae184b950342f29d1b9e58b.jpg,train,255.0,435.0,180.0,454.0,팬츠,,,,,,,,롱·긴바지 기장,,,,슬림핏,,무지,,
images/6c62abc2457f706a6df06c8219a25963.jpg,train,347.0,273.0,129.0,147.0,스커트,,,,,,,,쇼츠·미니 기장,,,,,A라인,도트,,지퍼
images/6c62abc2457f706a6df06c8219a25963.jpg,train,395.0,198.0,70.0,77.0,베스트,,,,,,,,,,,슬림핏,,,무지,,
images/3dac35e2876ab7282c760309e769d09b.jpg,train,715.0,390.0,116.0,101.0,쇼츠,,,,,,,,쇼츠·미니 기장,,,,슬림핏,,무지,,지퍼
images/3dac35e2876ab7282c760309e769d09b.jpg,train,494.0,267.0,290.0,262.0,셔츠,,,,,7부 소매,래글런 소매,기본 기장,,,,여유핏,,,무지,,단추
images/17f17ffcf8711a352135cbc3ed4bdc99.jpg,train,130.0,688.0,352.0,236.0,쇼츠,,,,,,,,쇼츠·미니 기장,,,,,,무지,,포켓|벨트
images/17f17ffcf8711a352135cbc3ed4bdc99.jpg,train,88.0,315.0,453.0,527.0,셔츠,,,,,긴팔,벌룬 소매,,,V넥,,여유핏,,,무지,,단추
images/0115eccb4483ca6761887747c4c0f5cd.jpg,train,127.0,153.0,350.0,320.0,셔츠,,,,,긴팔,,크롭 기장,,,셔츠 칼라,레귤러핏,,,무지,,단추
images/0115eccb4483ca6761887747c4c0f5cd.jpg,train,131.0,182.0,336.0,261.0,니트,,,,,7부 소매,기본 소매,크롭 기장,,,,슬림핏,,,무지,니트,벨트
images/0115eccb4483ca6761887747c4c0f5cd.jpg,train,202.0,444.0,227.0,494.0,팬츠,,,,,,,,롱·긴바지 기장,,,,,,무지,,
images/9b51260e2aec676abfc46fa5a3f8d07c.jpg,train,274.0,552.0,257.0,127.0,스커트,,,,,,,,쇼츠·미니 기장,,,,플레어핏,,무지,,지퍼
images/9b51260e2aec676abfc46fa5a3f8d07c.jpg,train,198.0,320.0,364.0,287.0,탑,,,,,7부 소매,벌룬 소매,크롭 기장,,V넥,,여유핏,,,무지,,
images/5c19a4d31906d6c88734dac15d7f329f.jpg,train,185.0,290.0,462.0,733.0,원피스,,,,,긴팔,벌룬 소매,,,,,,,,무지,,지퍼
images/385ddae11f69b826e27fd6c2f378313f.jpg,train,234.0,634.0,306.0,388.0,스커트,,,,,,,,,,,,,,무지,,포켓
images/385ddae11f69b826e27fd6c2f378313f.jpg,train,165.0,363.0,433.0,383.0,티셔츠,,,,,7부 소매,,크롭 기장,,,,레귤러핏,,,무지,,지퍼
images/385ddae11f69b826e27fd6c2f378313f.jpg,train,174.0,245.0,476.0,560.0,베스트,,,,,,,기본 기장,,,셔츠 칼라,오버핏,,,플로럴,퍼·플리스,지퍼
images/814b8b397a28454fb44aa6954a8f7275.jpg,train,269.0,105.0,174.0,316.0,원피스,,,,,반팔,캡 소매,,,보트넥,,오버핏,,,무지,,지퍼
images/f544226f2cbf18f0edaeb1d90d63b1d6.jpg,train,269.0,253.0,554.0,415.0,스커트,,,,,,,,무릎 기장,,,,,A라인,그래픽,,지퍼
images/f544226f2cbf18f0edaeb1d90d63b1d6.jpg,train,642.0,164.0,213.0,282.0,베스트,,,,,,,크롭 기장,,,셔츠 칼라,레귤러핏,,,무지,,단추|포켓
images/f544226f2cbf18f0edaeb1d90d63b1d6.jpg,train,246.0,637.0,61.0,34.0,스커트,,,,,,,,무릎 기장,,,,,,그래픽,,지퍼
images/392646e161b8b398bd27bda7da20fd44.jpg,train,286.0,720.0,307.0,303.0,팬츠,,,,,,,,,,,,,,무지,,
images/392646e161b8b398bd27bda7da20fd44.jpg,train,144.0,316.0,445.0,517.0,니트,,,,,긴팔,래글런 소매,크롭 기장,,,,여유핏,,,무지,니트,
images/3081d0ba1696969e2190a6a80ecbbd1d.jpg,train,351.0,278.0,285.0,569.0,원피스,,,,,,,,롱·긴바지 기장,스퀘어넥,,,,,플로럴,,
images/a8e7d12b5efc2135d8cd8dfad3bf52cd.jpg,train,118.0,230.0,392.0,657.0,원피스,,,,,반팔,기본 소매,,쇼츠·미니 기장,V넥,,,,,,,지퍼|리본|스팽글
images/9509135a62e98f3b630c664483edbeb2.jpg,train,150.0,169.0,457.0,593.0,티셔츠,,,,,긴팔,기본 소매,크롭 기장,,터틀넥,,슬림핏,,,무지,,
images/9509135a62e98f3b630c664483edbeb2.jpg,train,159.0,523.0,374.0,500.0,팬츠,,,,,,,,,,,,,,무지,,플리츠
images/10e608d8426299086d9707ae731dca17.jpg,val_train_split,200.0,200.0,214.0,816.0,원피스,,,,,,,,롱·긴바지 기장,,,,,,무지,,스팽글|지퍼
images/f48a5c4d543fd34ce50d44d1b32c346d.jpg,train,197.0,673.0,85.0,254.0,티셔츠,,,,,긴팔,,,,,,슬림핏,,,무지,,
images/f48a5c4d543fd34ce50d44d1b32c346d.jpg,train,466.0,513.0,84.0,416.0,티셔츠,,,,,긴팔,,,,,,슬림핏,,,무지,,
images/f48a5c4d543fd34ce50d44d1b32c346d.jpg,train,195.0,370.0,367.0,642.0,코트,,,,,,,,,,,여유핏,,,무지,퍼·플리스,벨트
images/d0e7a342cb0badfb1178fb489e0178b9.jpg,train,165.0,292.0,30.0,79.0,탑,,,,,,,크롭 기장,,,,슬림핏,,,무지,,
images/d0e7a342cb0badfb1178fb489e0178b9.jpg,train,113.0,371.0,202.0,185.0,스커트,,,,,,,,쇼츠·미니 기장,,,,플레어핏,X라인,무지,,플리츠|지퍼
images/d0e7a342cb0badfb1178fb489e0178b9.jpg,train,48.0,203.0,300.0,228.0,재킷,,,,,긴팔,기본 소매,크롭 기장,,V넥,,여유핏,,,,퍼·플리스,
images/9770669aadcad0874356fee0f43f9234.jpg,val_train_split,540.0,117.0,204.0,205.0,니트,,,,,반팔,기본 소매,크롭 기장,,,,레귤러핏,,,,니트,
images/9770669aadcad0874356fee0f43f9234.jpg,val_train_split,509.0,296.0,214.0,205.0,청바지,,,,,,,,롱·긴바지 기장,,,,,,무지,데님,
images/9770669aadcad0874356fee0f43f9234.jpg,val_train_split,533.0,315.0,137.0,286.0,청바지,,,,,,,,롱·긴바지 기장,,,,,,무지,데님,
images/e529ab026fc8b2b7f47320246a39bd3c.jpg,train,584.0,194.0,264.0,406.0,원피스,,,,,반팔,퍼프 소매,,쇼츠·미니 기장,V넥,,,,A라인,,,지퍼|리본
images/22244542586b0a477dfd85aefe978c10.jpg,train,134.0,246.0,364.0,754.0,원피스,,,,,반팔,기본 소매,,쇼츠·미니 기장,,,오버핏,,,무지,,
images/9f3c0db4df21867c06863e030ba602f0.jpg,train,128.0,189.0,265.0,402.0,원피스,,,,,,,,쇼츠·미니 기장,라운드넥,,,,,무지,,스팽글|지퍼
images/7a6248ededdf8681b5cc36660ab73783.jpg,train,273.0,407.0,227.0,133.0,쇼츠,,,,,,,,쇼츠·미니 기장,,,,,,무지,,
images/7a6248ededdf8681b5cc36660ab73783.jpg,train,229.0,170.0,287.0,334.0,셔츠,,,,,반팔,기본 소매,크롭 기장,,V넥,,레귤러핏,,,체크,,단추|리본
images/53182881110fbeb8910186e47f9ba17d.jpg,train,304.0,172.0,260.0,427.0,원피스,,,,,7부 소매,벨 소매,,쇼츠·미니 기장,,,오버핏,,,무지,,프릴·러플
images/070cd03d8b17d97b7a54c5570ca1c941.jpg,train,195.0,686.0,375.0,336.0,청바지,,,,,,,,,,,,,,무지,데님,포켓
images/070cd03d8b17d97b7a54c5570ca1c941.jpg,train,141.0,270.0,463.0,545.0,니트,,,,,7부 소매,,크롭 기장,,,,여유핏,,,무지,니트,
images/c8772a2be4368efc1a47a4decc4b6a24.jpg,train,285.0,321.0,308.0,304.0,스커트,,,,,,,,쇼츠·미니 기장,,,,플레어핏,비대칭,무지,,
images/c8772a2be4368efc1a47a4decc4b6a24.jpg,train,297.0,176.0,402.0,184.0,셔츠,,,,,반팔,,,,V넥,,여유핏,,,무지,,단추|리본
images/6d257bdfd2569f666763ec7e906d6b38.jpg,train,238.0,252.0,280.0,694.0,원피스,,,,,,,,무릎 기장,스퀘어넥,,,,,무지,,지퍼
images/fb20c4def7205631c3f3080f667731ee.jpg,train,110.0,842.0,359.0,181.0,팬츠,,,,,,,,,,,,,,무지,,
images/fb20c4def7205631c3f3080f667731ee.jpg,train,99.0,312.0,496.0,648.0,셔츠,,,,,긴팔,기본 소매,크롭 기장,,,,레귤러핏,,,무지,,단추
images/fb20c4def7205631c3f3080f667731ee.jpg,train,161.0,264.0,407.0,643.0,베스트,,,,,,,크롭 기장,,,셔츠 칼라,레귤러핏,,,무지,,단추|포켓
images/7a2884cc79bf4e091b0e3fedfd641245.jpg,train,312.0,335.0,197.0,274.0,블레이저,,,,,,,크롭 기장,,,폴로 칼라,여유핏,,,무지,,단추|포켓
images/7a2884cc79bf4e091b0e3fedfd641245.jpg,train,352.0,573.0,137.0,302.0,청바지,,,,,,,,롱·긴바지 기장,,,,,,무지,데님,
images/7a2884cc79bf4e091b0e3fedfd641245.jpg,train,366.0,361.0,42.0,221.0,티셔츠,,,,,,,크롭 기장,,,,레귤러핏,,,무지,,
images/fda45725bd7750278757ce3e70d0d21e.jpg,val_train_split,330.0,337.0,179.0,218.0,팬츠,,,,,,,,,,,,,,무지,,
images/fda45725bd7750278757ce3e70d0d21e.jpg,val_train_split,363.0,149.0,117.0,207.0,티셔츠,,,,,반팔,기본 소매,기본 기장,,스퀘어넥,,슬림핏,,,무지,,리본
images/b8da5d9754b505ccebe22c95dfa9e879.jpg,train,185.0,475.0,370.0,485.0,원피스,,,,,,,,쇼츠·미니 기장,,,,,A라인,무지|도트,,지퍼
images/bf0f52ba4d0da9ceea68685ec828ca99.jpg,train,148.0,156.0,339.0,388.0,재킷,,,,,긴팔,기본 소매,크롭 기장,,,스탠드 칼라,레귤러핏,,,무지,,단추|포켓
images/bf0f52ba4d0da9ceea68685ec828ca99.jpg,train,220.0,464.0,191.0,441.0,청바지,,,,,,,,롱·긴바지 기장,,,,,,무지,데님,포켓
images/dca81ba95ca23cdd2e5ca8fb06d6f7f5.jpg,train,0.0,331.0,501.0,692.0,원피스,,,,,,,,,스퀘어넥,,,,,무지,,지퍼
images/761657c39e3e57ec71502af9f6fb4ec5.jpg,train,115.0,142.0,395.0,750.0,원피스,,,,,,,,롱·긴바지 기장,,,,,비대칭,스트라이프,,지퍼|프릴·러플
images/5f3f97a986363ba3d56ebd6e3ee3c21e.jpg,train,174.0,265.0,313.0,758.0,원피스,,,,,반팔,기본 소매,,,V넥,,,,A라인,플로럴,,지퍼|리본
images/114c251327259bbf0f1416fd2e0feb34.jpg,train,280.0,201.0,279.0,192.0,티셔츠,,,,,,,크롭 기장,,,,슬림핏,,비대칭,무지,,프릴·러플
images/114c251327259bbf0f1416fd2e0feb34.jpg,train,265.0,382.0,208.0,566.0,스커트,,,,,,,,롱·긴바지 기장,,,,,,무지,,지퍼
images/77d7f11ec0533a9189cd4a8672de5de7.jpg,train,239.0,222.0,214.0,470.0,원피스,,,,,긴팔,,,쇼츠·미니 기장,,칼라 없음,,,H라인,무지,,지퍼
images/77d7f11ec0533a9189cd4a8672de5de7.jpg,train,147.0,247.0,375.0,331.0,재킷,,,,,긴팔,래글런 소매,크롭 기장,,,,여유핏,,,무지,,지퍼|포켓
images/7215b1e593daf366ca037ac9faecbde6.jpg,train,150.0,268.0,367.0,489.0,원피스,,,,,긴팔,벌룬 소매,,무릎 기장,,,,,,플로럴,,지퍼
images/466cb4063ec6eda1a0fe2e4115a3073e.jpg,train,213.0,243.0,277.0,357.0,원피스,,,,,,,,쇼츠·미니 기장,,,,,A라인,애니멀,,지퍼
images/466cb4063ec6eda1a0fe2e4115a3073e.jpg,train,215.0,196.0,265.0,228.0,가디건,,,,,7부 소매,,크롭 기장,,,,슬림핏,,,무지,니트,
images/e6d99f99f63e1fa48db8c039b8662b3a.jpg,train,272.0,188.0,284.0,485.0,코트,,,,,긴팔,,,,,라펠 칼라,여유핏,,,플로럴|카모,,포켓|지퍼
images/95707b37f12635bd5bacc0ec0f754826.jpg,train,264.0,335.0,183.0,451.0,팬츠,,,,,,,,롱·긴바지 기장,,,,,,무지,,
images/95707b37f12635bd5bacc0ec0f754826.jpg,train,245.0,165.0,203.0,177.0,탑,,,,,반팔,캡 소매,크롭 기장,,V넥,,슬림핏,,,무지,,
images/233ac379bac4ae9328a1da27a1832e9f.jpg,train,194.0,254.0,346.0,448.0,티셔츠,,,,,반팔,기본 소매,기본 기장,,,,레귤러핏,,,무지,,플리츠|리본
images/233ac379bac4ae9328a1da27a1832e9f.jpg,train,222.0,241.0,252.0,355.0,베스트,,,,,,,크롭 기장,,,,레귤러핏,,,무지,,단추|포켓
images/233ac379bac4ae9328a1da27a1832e9f.jpg,train,194.0,614.0,263.0,175.0,쇼츠,,,,,,,,쇼츠·미니 기장,,,,,,무지,,포켓
images/d4f3abc98b7a93040130b7c614439747.jpg,val_train_split,444.0,154.0,94.0,221.0,티셔츠,,,,,,,크롭 기장,,라운드넥,,레귤러핏,,,무지,,
images/d4f3abc98b7a93040130b7c614439747.jpg,val_train_split,405.0,157.0,162.0,247.0,재킷,,,,,긴팔,,기본 기장,,,,레귤러핏,,,무지,,포켓|지퍼
images/d4f3abc98b7a93040130b7c614439747.jpg,val_train_split,388.0,127.0,210.0,274.0,재킷,,,,,긴팔,,기본 기장,,,,레귤러핏,,,무지,,지퍼|후드
images/d4f3abc98b7a93040130b7c614439747.jpg,val_train_split,413.0,359.0,149.0,300.0,청바지,,,,,,,,롱·긴바지 기장,,,,,,무지,데님,
images/ef090c0d96839916af72390e72b6f450.jpg,train,396.0,168.0,170.0,331.0,원피스,,,,,반팔,,,무릎 기장,,,,,,무지,퍼·플리스,지퍼
images/3ed7c903637a4015e738ea61361c63e7.jpg,train,349.0,62.0,339.0,518.0,후드티,,,,,긴팔,,기본 기장,,,,여유핏,,,그래픽,,후드
images/3ed7c903637a4015e738ea61361c63e7.jpg,train,212.0,482.0,244.0,199.0,청바지,,,,,,,,,,,,슬림핏,,무지,데님,
images/3ed7c903637a4015e738ea61361c63e7.jpg,train,449.0,522.0,157.0,159.0,청바지,,,,,,,,,,,,슬림핏,,무지,데님,
images/af4cb454b2d5e8144744370522e8dfc8.jpg,val_train_split,194.0,219.0,204.0,424.0,원피스,,,,,반팔,캡 소매,,쇼츠·미니 기장,오프숄더,,,,A라인,그래픽,,지퍼|벨트
images/9338013d6af31d10154136b68f147096.jpg,train,566.0,299.0,151.0,124.0,스커트,,,,,,,,쇼츠·미니 기장,,,,플레어핏,,무지,,지퍼
images/9338013d6af31d10154136b68f147096.jpg,train,588.0,115.0,197.0,198.0,니트,,,,,긴팔,기본 소매,크롭 기장,,,,레귤러핏,,,무지,니트,지퍼
images/645bb09458eed94a9906eaf553497da2.jpg,val_train_split,441.0,181.0,190.0,201.0,티셔츠,,,,,,,크롭 기장,,,,오버핏,,비대칭,무지,,
images/a5ae1dc9c9710ac0c6330609ce4026c6.jpg,train,189.0,244.0,251.0,399.0,원피스,,,,,긴팔,벌룬 소매,,쇼츠·미니 기장,,,,,A라인,무지,,지퍼
images/9c023f6e90957806e894b636dfd433b8.jpg,train,187.0,261.0,198.0,388.0,원피스,,,,,,,,쇼츠·미니 기장,,,,,,무지,,지퍼
images/9c023f6e90957806e894b636dfd433b8.jpg,train,131.0,209.0,272.0,269.0,재킷,,,,,긴팔,기본 소매,크롭 기장,,,,슬림핏,,,그래픽,,
images/66289b00ac2719afe312040a9bbf6425.jpg,train,74.0,476.0,369.0,547.0,점프수트,,,,,,,,,오프숄더,,,,H라인,무지,,지퍼|프릴·러플
images/b6b53755b66c7263580f79bea2a4b234.jpg,val_train_split,259.0,443.0,170.0,134.0,스커트,,,,,,,,쇼츠·미니 기장,,,,,,무지,,지퍼|포켓
images/b6b53755b66c7263580f79bea2a4b234.jpg,val_train_split,266.0,252.0,165.0,244.0,셔츠,,,,,,,크롭 기장,,V넥,라펠 칼라,슬림핏,,,스트라이프,,단추|포켓|지퍼
images/b6b53755b66c7263580f79bea2a4b234.jpg,val_train_split,260.0,238.0,180.0,231.0,재킷,,,,,,기본 소매,크롭 기장,,,,슬림핏,,비대칭,무지,가죽|스웨이드,지퍼
images/dc1e3813bec8dda4f2e3709177ab0923.jpg,val_train_split,384.0,420.0,286.0,423.0,팬츠,,,,,,,,롱·긴바지 기장,,,,슬림핏,,무지,,
images/dc1e3813bec8dda4f2e3709177ab0923.jpg,val_train_split,314.0,171.0,273.0,312.0,가디건,,,,,7부 소매,벨 소매,크롭 기장,,,,레귤러핏,,,스트라이프,니트,단추
images/dc1e3813bec8dda4f2e3709177ab0923.jpg,val_train_split,360.0,174.0,203.0,265.0,탑,,,,,,,크롭 기장,,,,레귤러핏,,,무지,,
images/655b30beb7052fe2ceaa142c42360b51.jpg,train,270.0,273.0,197.0,230.0,티셔츠,,,,,반팔,캡 소매,크롭 기장,,라운드넥,,레귤러핏,,,무지,,
images/655b30beb7052fe2ceaa142c42360b51.jpg,train,277.0,447.0,157.0,238.0,스커트,,,,,,,,쇼츠·미니 기장,,,,,비대칭,무지,,지퍼
images/fc7fcf201a224ba3387878e611362139.jpg,train,166.0,222.0,189.0,655.0,원피스,,,,,,,,롱·긴바지 기장,,,,,A라인,애니멀,,
images/b91c11d1ae1c269d2ab7f717817c750e.jpg,train,125.0,202.0,500.0,777.0,원피스,,,,,긴팔,래글런 소매,,롱·긴바지 기장,,,,,,무지|플로럴,,지퍼
images/c90aa06f0d806f2676de35d18ee62952.jpg,train,210.0,198.0,273.0,318.0,셔츠,,,,,긴팔,기본 소매,,,,,레귤러핏,,,무지,,단추
images/c90aa06f0d806f2676de35d18ee62952.jpg,train,262.0,189.0,184.0,293.0,베스트,,,,,,,크롭 기장,,,셔츠 칼라,레귤러핏,,,무지,,지퍼|포켓
images/c90aa06f0d806f2676de35d18ee62952.jpg,train,267.0,476.0,165.0,366.0,티셔츠,,,,,,,,,,,,,,무지,,포켓
images/d3355afeb501c1bb3aca8f512882224d.jpg,train,114.0,335.0,295.0,560.0,가디건,,,,,긴팔,기본 소매,,,,,,,,무지,니트,
images/d3355afeb501c1bb3aca8f512882224d.jpg,train,316.0,496.0,93.0,272.0,원피스,,,,,,,,쇼츠·미니 기장,,,,,H라인,무지,,지퍼
images/ca86285ab370e52137daf95e1a63f083.jpg,train,57.0,456.0,207.0,149.0,스커트,,,,,,,,쇼츠·미니 기장,,,,,A라인,애니멀,,지퍼
images/ca86285ab370e52137daf95e1a63f083.jpg,train,82.0,251.0,354.0,283.0,니트,,,,,7부 소매,래글런 소매,크롭 기장,,,,여유핏,,,스트라이프,니트,
images/6b8cbb09993db53d4823015d063cdd77.jpg,train,368.0,619.0,63.0,147.0,팬츠,,,,,,,,롱·긴바지 기장,,,,슬림핏,,무지,,
images/6b8cbb09993db53d4823015d063cdd77.jpg,train,298.0,613.0,51.0,153.0,팬츠,,,,,,,,롱·긴바지 기장,,,,슬림핏,,무지,,
images/6b8cbb09993db53d4823015d063cdd77.jpg,train,234.0,400.0,253.0,277.0,코트,,,,,,,,,,,레귤러핏,,,무지,퍼·플리스,지퍼|후드
images/6b8cbb09993db53d4823015d063cdd77.jpg,train,266.0,296.0,166.0,125.0,티셔츠,,,,,,,,,,,레귤러핏,,,무지,,
images/d13400c44e0adf670b248c85aed95d57.jpg,train,236.0,413.0,196.0,119.0,티셔츠,,,,,긴팔,벌룬 소매,크롭 기장,,,,레귤러핏,,,무지,,
images/d13400c44e0adf670b248c85aed95d57.jpg,train,250.0,311.0,163.0,248.0,티셔츠,,,,,반팔,기본 소매,크롭 기장,,,,레귤러핏,,,무지,,리본
images/a7fc2f00fea38f8d531577dbd1ef200a.jpg,train,257.0,311.0,249.0,589.0,원피스,,,,,반팔,벨 소매,,쇼츠·미니 기장,라운드넥,,,,,무지,,지퍼|리본
images/a7fc2f00fea38f8d531577dbd1ef200a.jpg,train,79.0,277.0,404.0,746.0,코트,,,,,반팔,벨 소매,,,,,여유핏,,,스트라이프,,리본
images/b26563b1febae1b89b5f3eb3b4d569f2.jpg,train,167.0,530.0,224.0,361.0,스커트,,,,,,,,롱·긴바지 기장,,,,,,애니멀,,지퍼
images/b26563b1febae1b89b5f3eb3b4d569f2.jpg,train,304.0,294.0,61.0,235.0,셔츠,,,,,,,크롭 기장,,,셔츠 칼라,여유핏,,,무지,,단추
images/b26563b1febae1b89b5f3eb3b4d569f2.jpg,train,214.0,300.0,214.0,275.0,재킷,,,,,긴팔,기본 소매,크롭 기장,,,,레귤러핏,,,무지,,지퍼
images/2d8914591e7d936c5cb3157b978368e9.jpg,train,257.0,368.0,257.0,315.0,탑,,,,,,,크롭 기장,,,,슬림핏,,,플로럴,,
images/2d8914591e7d936c5cb3157b978368e9.jpg,train,165.0,669.0,393.0,354.0,스커트,,,,,,,,,,,,,A라인,무지,,스팽글|지퍼|벨트
images/28011ec5456372787a60861c6f1098f6.jpg,train,141.0,849.0,262.0,174.0,청바지,,,,,,,,,,,,,,무지,데님,
images/28011ec5456372787a60861c6f1098f6.jpg,train,151.0,385.0,259.0,490.0,셔츠,,,,,긴팔,,크롭 기장,,,,레귤러핏,,,,,단추
images/28011ec5456372787a60861c6f1098f6.jpg,train,118.0,425.0,364.0,274.0,셔츠,,,,,긴팔,기본 소매,크롭 기장,,,,레귤러핏,,,무지,,
images/28011ec5456372787a60861c6f1098f6.jpg,train,119.0,384.0,385.0,567.0,재킷,,,,,,,,,,,오버핏,,,,퍼·플리스,
images/817195d089f45e2d687a235fdde6c388.jpg,train,284.0,448.0,171.0,207.0,탑,,,,,7부 소매,기본 소매,크롭 기장,,라운드넥,,여유핏,,,무지,,스팽글
images/817195d089f45e2d687a235fdde6c388.jpg,train,292.0,570.0,148.0,155.0,스커트,,,,,,,,쇼츠·미니 기장,,,,,A라인,무지,,지퍼
images/8902272dbeb1c1b9459aab5b90b3aa82.jpg,train,371.0,553.0,59.0,42.0,쇼츠,,,,,,,,쇼츠·미니 기장,,,,슬림핏,,무지,,
images/8902272dbeb1c1b9459aab5b90b3aa82.jpg,train,311.0,357.0,238.0,278.0,티셔츠,,,,,긴팔,,크롭 기장,,라운드넥,,오버핏,,,무지,,포켓
images/f940d88ae2eb0c6fd9852dc7ce6c89ea.jpg,val_train_split,438.0,188.0,264.0,345.0,티셔츠,,,,,긴팔,기본 소매,기본 기장,,터틀넥,,레귤러핏,,,무지,,
images/f940d88ae2eb0c6fd9852dc7ce6c89ea.jpg,val_train_split,436.0,450.0,251.0,361.0,스커트,,,,,,,,미디·7부 기장,,,,,A라인,무지,,지퍼
images/fb862c97335ac52fc3b608a0f9822b74.jpg,train,72.0,263.0,294.0,405.0,원피스,,,,,,,,쇼츠·미니 기장,,,,,O라인,무지,,지퍼
images/5a952595b07a0e32ecae7af4099b150a.jpg,train,345.0,179.0,117.0,190.0,티셔츠,,,,,,,기본 기장,,터틀넥,,여유핏,,,무지,,
images/5a952595b07a0e32ecae7af4099b150a.jpg,train,347.0,323.0,108.0,151.0,스커트,,,,,,,,무릎 기장,,,,스트레이트핏,H라인,무지,,지퍼
images/a942acc72069c52d04a46d95c9546a83.jpg,train,194.0,231.0,564.0,792.0,원피스,,,,,7부 소매,기본 소매,,,,셔츠 칼라,,,A라인,체크,,단추|벨트
images/3391bf277f389d631509fa1bfcb2cee9.jpg,train,200.0,471.0,258.0,278.0,스커트,,,,,,,,쇼츠·미니 기장,,,,플레어핏,,,,플리츠
images/3391bf277f389d631509fa1bfcb2cee9.jpg,train,198.0,243.0,246.0,214.0,탑,,,,,,,크롭 기장,,,,레귤러핏,,비대칭,무지,,프릴·러플
images/79440579119c4a262840e37736474aed.jpg,val_train_split,324.0,467.0,191.0,190.0,쇼츠,,,,,,,,쇼츠·미니 기장,,,,,,무지,,
images/79440579119c4a262840e37736474aed.jpg,val_train_split,335.0,356.0,107.0,105.0,탑,,,,,,,크롭 기장,,V넥,,슬림핏,,,플로럴,,
images/79440579119c4a262840e37736474aed.jpg,val_train_split,264.0,183.0,258.0,365.0,재킷,,,,,7부 소매,래글런 소매,크롭 기장,,,셔츠 칼라,레귤러핏,,,무지,,단추|포켓
images/7f72c99d3e27ebb4c3f21f11f38fbb56.jpg,train,212.0,325.0,257.0,434.0,원피스,,,,,,,,쇼츠·미니 기장,,,오버핏,,,무지,,지퍼|프릴·러플
images/66e8a614039b1f03466667b94d0b719e.jpg,train,276.0,185.0,237.0,478.0,코트,,,,,긴팔,퍼프 소매,,,,,레귤러핏,,,무지,,지퍼|벨트
images/69f84c0aa3af6e8d9c28d1abbe21b447.jpg,val_train_split,90.0,731.0,373.0,256.0,쇼츠,,,,,,,,쇼츠·미니 기장,,,,슬림핏,,무지,,포켓
images/69f84c0aa3af6e8d9c28d1abbe21b447.jpg,val_train_split,201.0,447.0,301.0,387.0,티셔츠,,,,,,,크롭 기장,,,,슬림핏,,,스트라이프,,
images/69f84c0aa3af6e8d9c28d1abbe21b447.jpg,val_train_split,188.0,406.0,115.0,199.0,티셔츠,,,,,반팔,캡 소매,크롭 기장,,,,슬림핏,,,스트라이프,,
images/69f84c0aa3af6e8d9c28d1abbe21b447.jpg,val_train_split,441.0,375.0,160.0,169.0,티셔츠,,,,,반팔,캡 소매,크롭 기장,,,,슬림핏,,,스트라이프,,
images/4ccfdfea4055cd9c64293c7b3d6d823f.jpg,train,589.0,192.0,324.0,454.0,원피스,,,,,,,,쇼츠·미니 기장,스퀘어넥,,,,A라인,무지,,지퍼
images/66bdc50168b0f6897a699d84f896aaa3.jpg,train,110.0,373.0,236.0,227.0,스커트,,,,,,,,쇼츠·미니 기장,,,,플레어핏,,무지,,플리츠|지퍼|포켓
images/66bdc50168b0f6897a699d84f896aaa3.jpg,train,176.0,200.0,143.0,197.0,셔츠,,,,,,,,,,셔츠 칼라,레귤러핏,,,무지,,단추|포켓
images/66bdc50168b0f6897a699d84f896aaa3.jpg,train,131.0,193.0,236.0,271.0,블레이저,,,,,긴팔,기본 소매,크롭 기장,,,라펠 칼라,레귤러핏,,,무지,,
images/2973e31beb047a91d675276f871b01a5.jpg,train,43.0,291.0,413.0,480.0,셔츠,,,,,반팔,퍼프 소매,크롭 기장,,V넥,,슬림핏,,,무지,,단추
images/2973e31beb047a91d675276f871b01a5.jpg,train,125.0,703.0,334.0,320.0,팬츠,,,,,,,,,,,,,,무지,,플리츠|포켓
images/eed02311844d3e3d081f6f8596d0c7ca.jpg,val_train_split,200.0,802.0,316.0,160.0,쇼츠,,,,,,,,쇼츠·미니 기장,,,,,,무지,,
images/eed02311844d3e3d081f6f8596d0c7ca.jpg,val_train_split,220.0,296.0,277.0,533.0,베스트,,,,,,,기본 기장,,,,여유핏,,,무지,,벨트
images/3ab3f2352553089b35b097dbb8b62441.jpg,train,185.0,289.0,372.0,734.0,원피스,,,,,반팔,퍼프 소매,,,보트넥,,,,,무지,,지퍼
images/2d9863ce41505449ee4698522a99b94e.jpg,train,114.0,321.0,405.0,476.0,니트,,,,,긴팔,,크롭 기장,,오프숄더,,레귤러핏,,,무지,니트,
images/2d9863ce41505449ee4698522a99b94e.jpg,train,225.0,568.0,411.0,455.0,팬츠,,,,,,,,,,,,,,무지,,
images/59ec31471e1246e32420ae5b3ef9f75f.jpg,train,222.0,190.0,300.0,308.0,재킷,,,,,긴팔,기본 소매,크롭 기장,,,피터팬 칼라,슬림핏,,,무지,,단추
images/59ec31471e1246e32420ae5b3ef9f75f.jpg,train,139.0,353.0,415.0,367.0,스커트,,,,,,,,무릎 기장,,,,,,무지,,지퍼
images/41bcada72994c54d0a6175fd59074e5a.jpg,train,122.0,331.0,274.0,297.0,재킷,,,,,긴팔,기본 소매,기본 기장,,,,여유핏,,,무지,,지퍼|포켓
images/41bcada72994c54d0a6175fd59074e5a.jpg,train,231.0,249.0,105.0,432.0,후드티,,,,,,,,,,,레귤러핏,,,무지,,후드|지퍼
images/41bcada72994c54d0a6175fd59074e5a.jpg,train,174.0,611.0,121.0,309.0,청바지,,,,,,,,,,,,,,무지,데님,포켓
images/4b1daa9ee164b79e22a4a64e9f3dcc05.jpg,val_train_split,192.0,376.0,272.0,539.0,원피스,,,,,,,,쇼츠·미니 기장,,,,,,무지,,지퍼|스팽글
images/c999d591263a3a04996ee616921fc139.jpg,train,185.0,200.0,373.0,593.0,원피스,,,,,7부 소매,벌룬 소매,,미디·7부 기장,,,,,,무지,,플리츠|지퍼|벨트|프릴·러플
images/83953c8bd94a99a00dd52c930d5d14b8.jpg,train,133.0,224.0,346.0,545.0,원피스,,,,,긴팔,퍼프 소매,,쇼츠·미니 기장,,,,,H라인,무지,,지퍼|벨트
images/f0729609d43fdd77bb3f6d6e49b19147.jpg,train,285.0,194.0,200.0,777.0,점프수트,,,,,,,,롱·긴바지 기장,V넥,,,,H라인,무지,,지퍼|벨트
images/84116dd811c68952d5860f7af44be3fa.jpg,val_train_split,271.0,602.0,154.0,124.0,쇼츠,,,,,,,,쇼츠·미니 기장,,,,,,무지,,포켓
images/84116dd811c68952d5860f7af44be3fa.jpg,val_train_split,235.0,363.0,165.0,264.0,티셔츠,,,,,반팔,기본 소매,기본 기장,,라운드넥,,오버핏,,,무지,,리본
images/c567520e4c02440700b2b2ebb1c19d1f.jpg,train,142.0,447.0,151.0,173.0,쇼츠,,,,,,,,쇼츠·미니 기장,,,,,,스트라이프,,지퍼|포켓
images/c567520e4c02440700b2b2ebb1c19d1f.jpg,train,157.0,226.0,189.0,225.0,티셔츠,,,,,반팔,캡 소매,크롭 기장,,,,슬림핏,,,무지,,
images/0caa2deea7f9c22bd13631a4227bbf61.jpg,val_train_split,0.0,222.0,680.0,673.0,코트,,,,,7부 소매,기본 소매,,,,,여유핏,,,,,
images/0caa2deea7f9c22bd13631a4227bbf61.jpg,val_train_split,203.0,361.0,237.0,294.0,탑,,,,,,,크롭 기장,,V넥,,레귤러핏,,,무지,,
images/0caa2deea7f9c22bd13631a4227bbf61.jpg,val_train_split,214.0,334.0,388.0,452.0,팬츠,,,,,,,,롱·긴바지 기장,,,,슬림핏,,스트라이프,,
images/605e75216a7150f165a6d1e85a32ceb9.jpg,train,374.0,258.0,236.0,300.0,티셔츠,,,,,반팔,벨 소매,크롭 기장,,,,여유핏,,,무지,,리본
images/605e75216a7150f165a6d1e85a32ceb9.jpg,train,321.0,500.0,224.0,319.0,스커트,,,,,,,,무릎 기장,,,,,A라인,무지,,포켓
images/c0a939bcde53be3c7793bbc29ea4f75b.jpg,val_train_split,148.0,250.0,329.0,702.0,원피스,,,,,,,,롱·긴바지 기장,오프숄더,,,,A라인,플로럴,,지퍼
images/b30abf28f657f8227774c20d435a34bd.jpg,train,317.0,237.0,199.0,334.0,스커트,,,,,,,,롱·긴바지 기장,,,,,,도트,,지퍼
images/b30abf28f657f8227774c20d435a34bd.jpg,train,390.0,126.0,74.0,104.0,탑,,,,,,,크롭 기장,,,,슬림핏,,,도트,,
images/85e269e0a9e5b22123e57913bb27b2df.jpg,train,305.0,227.0,64.0,103.0,셔츠,,,,,,,,,,스탠드 칼라,레귤러핏,,,무지,,단추
images/85e269e0a9e5b22123e57913bb27b2df.jpg,train,204.0,521.0,30.0,15.0,셔츠,,,,,긴팔,,,,,,레귤러핏,,,무지,,
images/85e269e0a9e5b22123e57913bb27b2df.jpg,train,433.0,503.0,26.0,14.0,셔츠,,,,,,,,,,,레귤러핏,,,무지,,
images/85e269e0a9e5b22123e57913bb27b2df.jpg,train,252.0,501.0,170.0,355.0,팬츠,,,,,,,,롱·긴바지 기장,,,,스트레이트핏,H라인,무지,,
images/85e269e0a9e5b22123e57913bb27b2df.jpg,train,273.0,241.0,113.0,278.0,베스트,,,,,,,크롭 기장,,,,레귤러핏,,,무지,,단추
images/85e269e0a9e5b22123e57913bb27b2df.jpg,train,199.0,234.0,263.0,309.0,재킷,,,,,긴팔,기본 소매,크롭 기장,,,,레귤러핏,,,무지,,단추
images/c2005fd7e0f70a7d8898d2b574bed261.jpg,train,206.0,285.0,262.0,273.0,티셔츠,,,,,긴팔,퍼프 소매,크롭 기장,,보트넥,,슬림핏,,,무지,,
images/c2005fd7e0f70a7d8898d2b574bed261.jpg,train,191.0,436.0,248.0,319.0,스커트,,,,,,,,무릎 기장,,,,플레어핏,비대칭,도트,,지퍼
images/b571f18312e8ab2193c3f8caa72ae8f3.jpg,val_train_split,103.0,133.0,334.0,856.0,점프수트,,,,,긴팔,기본 소매,,롱·긴바지 기장,,,,,,,,플리츠|지퍼
images/9efe1a24916cbae034038d84734a7a87.jpg,train,429.0,455.0,109.0,139.0,재킷,,,,,긴팔,기본 소매,크롭 기장,,,,여유핏,,,,,지퍼|후드
images/9efe1a24916cbae034038d84734a7a87.jpg,train,517.0,564.0,30.0,21.0,티셔츠,,,,,,,크롭 기장,,,,슬림핏,,,무지,,
images/9efe1a24916cbae034038d84734a7a87.jpg,train,460.0,573.0,98.0,101.0,팬츠,,,,,,,,롱·긴바지 기장,,,,,,무지,,
images/ead27f48cb52ffb87b70323ffb450d45.jpg,train,286.0,217.0,156.0,200.0,탑,,,,,,,크롭 기장,,,,슬림핏,,,무지,,
images/ead27f48cb52ffb87b70323ffb450d45.jpg,train,287.0,390.0,174.0,527.0,팬츠,,,,,,,,롱·긴바지 기장,,,,,,도트|그래픽,,
images/3d8ebdffef169cfea00afdf448d852b6.jpg,train,279.0,457.0,158.0,319.0,팬츠,,,,,,,,,,,,,,,,
images/3d8ebdffef169cfea00afdf448d852b6.jpg,train,279.0,400.0,160.0,69.0,탑,,,,,,,크롭 기장,,,,레귤러핏,,,무지,,
images/3d8ebdffef169cfea00afdf448d852b6.jpg,train,247.0,81.0,227.0,349.0,재킷,,,,,7부 소매,기본 소매,크롭 기장,,,,레귤러핏,,,무지,,지퍼|포켓|후드
images/9dd68ffe8fbb16698231e104aa5bcc16.jpg,train,449.0,130.0,190.0,264.0,원피스,,,,,반팔,벨 소매,,쇼츠·미니 기장,V넥,,,,A라인,그래픽,,지퍼
images/2689c7da5828ea1b8e609a4e3c637ff4.jpg,train,266.0,258.0,138.0,126.0,베스트,,,,,,,,,,,,,,무지,,
images/2689c7da5828ea1b8e609a4e3c637ff4.jpg,train,233.0,373.0,225.0,583.0,스커트,,,,,,,,롱·긴바지 기장,,,,,,,,플리츠|지퍼|포켓
images/ee5d437f1e34fbb8482fa7bea7128182.jpg,train,201.0,182.0,272.0,389.0,원피스,,,,,긴팔,벨 소매,,쇼츠·미니 기장,보트넥,,,,H라인,,,지퍼|벨트
images/2fdb21216f92bbeb0f0150bdac9f6e2a.jpg,val_train_split,198.0,152.0,224.0,464.0,후드티,,,,,7부 소매,,기본 기장,,,,레귤러핏,,,무지,,후드
images/2fdb21216f92bbeb0f0150bdac9f6e2a.jpg,val_train_split,238.0,602.0,177.0,265.0,스커트,,,,,,,,무릎 기장,,,,스트레이트핏,H라인,무지,,지퍼
images/b32ea928e5113a616b5646aa99925599.jpg,train,225.0,356.0,369.0,549.0,탑,,,,,반팔,기본 소매,기본 기장,,,,여유핏,,,무지,,리본
images/b32ea928e5113a616b5646aa99925599.jpg,train,468.0,733.0,69.0,28.0,탑,,,,,,,크롭 기장,,,,슬림핏,,,무지,,
images/b32ea928e5113a616b5646aa99925599.jpg,train,230.0,753.0,325.0,269.0,스커트,,,,,,,,,,,,,A라인,,,지퍼
images/b32ea928e5113a616b5646aa99925599.jpg,train,197.0,314.0,317.0,375.0,재킷,,,,,,,크롭 기장,,V넥,셔츠 칼라,레귤러핏,,,무지,,단추|포켓
images/48874b63e5f1d7043311711951cafc01.jpg,train,275.0,298.0,200.0,526.0,셔츠,,,,,,,크롭 기장,,,셔츠 칼라,레귤러핏,,,무지,,단추
images/48874b63e5f1d7043311711951cafc01.jpg,train,316.0,428.0,143.0,317.0,탑,,,,,,,크롭 기장,,,,레귤러핏,,,,,벨트
images/48874b63e5f1d7043311711951cafc01.jpg,train,212.0,275.0,290.0,597.0,블레이저,,,,,,,크롭 기장,,,라펠 칼라,레귤러핏,,,무지,,단추
images/48874b63e5f1d7043311711951cafc01.jpg,train,207.0,744.0,343.0,279.0,스커트,,,,,,,,,,,,플레어핏,,스트라이프,,플리츠|지퍼
images/48874b63e5f1d7043311711951cafc01.jpg,train,23.0,262.0,514.0,761.0,코트,,,,,긴팔,기본 소매,,,,셔츠 칼라,레귤러핏,,,무지,,단추
images/6885d5dd91e9a28386886edc0a71d661.jpg,train,206.0,230.0,155.0,657.0,원피스,,,,,,,,롱·긴바지 기장,터틀넥,,,,H라인,무지,,지퍼
images/311d912acbc876afc385e390f71071c8.jpg,val_train_split,288.0,220.0,338.0,401.0,티셔츠,,,,,긴팔,,기본 기장,,터틀넥,,레귤러핏,,,무지,,
images/311d912acbc876afc385e390f71071c8.jpg,val_train_split,349.0,510.0,455.0,288.0,청바지,,,,,,,,미디·7부 기장,,,,,,무지,데님,
images/24712623d430c97484a9328205be46b8.jpg,train,99.0,183.0,204.0,425.0,원피스,,,,,,,,쇼츠·미니 기장,스퀘어넥,,,,H라인,,,지퍼
images/a42ca6a44884122c0912061ad0ae087e.jpg,train,117.0,240.0,249.0,441.0,원피스,,,,,긴팔,기본 소매,,무릎 기장,스퀘어넥,,,,H라인,무지,,지퍼
images/8a8e4f4b3e228d5a0853f3fdbf0af2e7.jpg,train,312.0,472.0,191.0,273.0,쇼츠,,,,,,,,쇼츠·미니 기장,,,,,,무지,,
images/8a8e4f4b3e228d5a0853f3fdbf0af2e7.jpg,train,317.0,177.0,184.0,318.0,탑,,,,,,,크롭 기장,,홀터넥,,슬림핏,,,애니멀,,
images/ee252b9339acb9c7c54cd29fd25b04de.jpg,train,342.0,246.0,150.0,275.0,스커트,,,,,,,,무릎 기장,,,,,A라인,그래픽,,지퍼
images/ee252b9339acb9c7c54cd29fd25b04de.jpg,train,353.0,116.0,167.0,142.0,티셔츠,,,,,,,크롭 기장,,,,슬림핏,,,무지,,
images/d5f031a522646928d1c825e9aa9347c5.jpg,train,193.0,237.0,270.0,381.0,탑,,,,,,,기본 기장,,,,여유핏,,,무지,,
images/d5f031a522646928d1c825e9aa9347c5.jpg,train,204.0,568.0,214.0,50.0,쇼츠,,,,,,,,쇼츠·미니 기장,,,,,,무지,,
images/d5f031a522646928d1c825e9aa9347c5.jpg,train,182.0,237.0,320.0,408.0,코트,,,,,긴팔,벌룬 소매,,,,,여유핏,,,,,
images/a996c708c64adeb6aac74f3d79119b98.jpg,train,548.0,162.0,103.0,265.0,원피스,,,,,,,,무릎 기장,라운드넥,,,,H라인,,,지퍼
images/a996c708c64adeb6aac74f3d79119b98.jpg,train,573.0,424.0,70.0,137.0,팬츠,,,,,,,,롱·긴바지 기장,,,,,,무지,,
images/a996c708c64adeb6aac74f3d79119b98.jpg,train,527.0,147.0,147.0,245.0,재킷,,,,,긴팔,기본 소매,,,,,오버핏,,비대칭,무지,,
images/8e1bb683df98207040fd200121fc1d92.jpg,train,108.0,173.0,324.0,849.0,원피스,,,,,,,,롱·긴바지 기장,홀터넥,,,,,무지,,스팽글|지퍼
images/2a8e1a638dd8c796f36cf0da1e1ad3aa.jpg,val_train_split,337.0,181.0,243.0,435.0,원피스,,,,,7부 소매,래글런 소매,,쇼츠·미니 기장,터틀넥,,,,,무지,,지퍼
images/3f093fb999f8ef02e3e0140c0bb41e1c.jpg,train,139.0,221.0,323.0,446.0,원피스,,,,,반팔,벨 소매,,쇼츠·미니 기장,,,,,,도트,,지퍼|리본|프릴·러플
images/96c40d45cde14aa967e27999daaec436.jpg,train,107.0,188.0,251.0,759.0,원피스,,,,,반팔,캡 소매,,롱·긴바지 기장,스퀘어넥,,,,,무지,,
images/be988e634badbf287af60f563d24b84c.jpg,train,209.0,137.0,285.0,475.0,재킷,,,,,긴팔,래글런 소매,크롭 기장,,,,오버핏,,,그래픽,,지퍼|후드
images/246567cd99e245025ae25ae7d705c5a6.jpg,val_train_split,458.0,178.0,130.0,150.0,셔츠,,,,,7부 소매,기본 소매,,,V넥,셔츠 칼라,레귤러핏,,,무지,,단추
images/246567cd99e245025ae25ae7d705c5a6.jpg,val_train_split,407.0,294.0,163.0,352.0,팬츠,,,,,,,,롱·긴바지 기장,,,,,,체크,,벨트
images/800fd8e137f67eb434922d7f7a0b3baf.jpg,val_train_split,216.0,240.0,311.0,354.0,탑,,,,,,,크롭 기장,,,,레귤러핏,,,스트라이프,,
images/800fd8e137f67eb434922d7f7a0b3baf.jpg,val_train_split,62.0,538.0,411.0,401.0,스커트,,,,,,,,쇼츠·미니 기장,,,,플레어핏,,,가죽,지퍼
images/5ca0dd8301b1ce304973aa47cab07973.jpg,val_train_split,250.0,202.0,244.0,690.0,원피스,,,,,,,,롱·긴바지 기장,스퀘어넥,,,,A라인,,,지퍼
images/5c23717c88a724bc8b9b4d88bbca9c64.jpg,train,244.0,239.0,218.0,492.0,코트,,,,,긴팔,벌룬 소매,,,,셔츠 칼라,슬림핏,,,무지,,단추|벨트
images/a2b9d9485ea83deb4ec4a19a60488eef.jpg,train,270.0,198.0,113.0,205.0,티셔츠,,,,,7부 소매,,기본 기장,,터틀넥,,슬림핏,,,스트라이프,,벨트|지퍼
images/a2b9d9485ea83deb4ec4a19a60488eef.jpg,train,281.0,216.0,206.0,253.0,재킷,,,,,7부 소매,,크롭 기장,,,,여유핏,,,무지,,지퍼|후드
images/a2b9d9485ea83deb4ec4a19a60488eef.jpg,train,281.0,411.0,141.0,473.0,팬츠,,,,,,,,롱·긴바지 기장,,,,,,무지,,
images/a2b9d9485ea83deb4ec4a19a60488eef.jpg,train,346.0,458.0,52.0,54.0,티셔츠,,,,,긴팔,,기본 기장,,,,슬림핏,,,스트라이프,,
images/4fc6cbf387ab1923258055fe88e72846.jpg,val_train_split,51.0,227.0,487.0,591.0,원피스,,,,,,,,미디·7부 기장,스퀘어넥,,,,X라인,플로럴,,지퍼
images/cef15db502a207ccc406e5e921ab5c3e.jpg,train,77.0,320.0,468.0,699.0,원피스,,,,,,,,무릎 기장,,,,,,무지,,플리츠|지퍼|스팽글
images/8f03b6819262c1aae7b167391ab2cc6b.jpg,train,214.0,208.0,124.0,121.0,탑,,,,,,,크롭 기장,,V넥,,레귤러핏,,,무지,,
images/8f03b6819262c1aae7b167391ab2cc6b.jpg,train,177.0,314.0,176.0,186.0,쇼츠,,,,,,,,쇼츠·미니 기장,,,,,,무지,,플리츠
images/8f03b6819262c1aae7b167391ab2cc6b.jpg,train,82.0,158.0,268.0,226.0,재킷,,,,,7부 소매,래글런 소매,크롭 기장,,,칼라 없음,여유핏,,,무지,,
images/51a0b9e218612af5a1811feece28eed4.jpg,train,125.0,184.0,242.0,474.0,원피스,,,,,반팔,캡 소매,,쇼츠·미니 기장,,,,,H라인,무지,,스팽글|지퍼
images/92097803af890f637b6212b6a45ba567.jpg,val_train_split,229.0,304.0,252.0,415.0,탑,,,,,,,크롭 기장,,,,슬림핏,,,무지,,
images/92097803af890f637b6212b6a45ba567.jpg,val_train_split,94.0,280.0,178.0,416.0,블레이저,,,,,7부 소매,기본 소매,크롭 기장,,,라펠 칼라,슬림핏,,,애니멀,,포켓
images/92097803af890f637b6212b6a45ba567.jpg,val_train_split,514.0,332.0,24.0,19.0,블레이저,,,,,,,크롭 기장,,,,,,,애니멀,,
images/92097803af890f637b6212b6a45ba567.jpg,val_train_split,517.0,366.0,158.0,253.0,블레이저,,,,,7부 소매,기본 소매,크롭 기장,,,,,,,애니멀,,
images/92097803af890f637b6212b6a45ba567.jpg,val_train_split,460.0,514.0,81.0,110.0,블레이저,,,,,,,크롭 기장,,,라펠 칼라,,,,애니멀,,
images/92097803af890f637b6212b6a45ba567.jpg,val_train_split,154.0,672.0,373.0,351.0,청바지,,,,,,,,,,,,슬림핏,,무지,데님,포켓|지퍼
images/eef9ad394c1d42deb92e847aec0219aa.jpg,train,205.0,566.0,250.0,372.0,스커트,,,,,,,,무릎 기장,,,,,A라인,무지,가죽,지퍼
images/eef9ad394c1d42deb92e847aec0219aa.jpg,train,258.0,307.0,198.0,277.0,탑,,,,,,,크롭 기장,,,,슬림핏,,,무지,,
images/3d930885ccd9ca82242697001fa833b6.jpg,train,216.0,434.0,221.0,179.0,쇼츠,,,,,,,,쇼츠·미니 기장,,,,,,무지,,포켓
images/3d930885ccd9ca82242697001fa833b6.jpg,train,179.0,219.0,216.0,222.0,탑,,,,,반팔,캡 소매,크롭 기장,,,,슬림핏,,,스트라이프,,
images/5fdf06a09ca54b941d2d6325a260c04b.jpg,train,120.0,271.0,504.0,752.0,원피스,,,,,,,,,,,,,,무지|도트,,지퍼
images/4b0d54030a21b4afa1abe295e66d5a6a.jpg,train,442.0,200.0,182.0,278.0,원피스,,,,,긴팔,래글런 소매,,쇼츠·미니 기장,오프숄더,,오버핏,,비대칭,애니멀,,
images/43ec72ec3836f73f3f3f00186d0db581.jpg,val_train_split,424.0,202.0,247.0,410.0,원피스,,,,,,,,,홀터넥,,,,,무지,,플리츠|지퍼
images/bfd31c7b12baebece7af6a376f1903d0.jpg,train,194.0,188.0,275.0,425.0,원피스,,,,,긴팔,기본 소매,,쇼츠·미니 기장,,,,,A라인,그래픽,,지퍼
images/0d9e73a63eeefe78ff104ea8252a5818.jpg,val_train_split,247.0,179.0,213.0,327.0,티셔츠,,,,,,,크롭 기장,,,,여유핏,,,무지,,지퍼
images/0d9e73a63eeefe78ff104ea8252a5818.jpg,val_train_split,177.0,165.0,301.0,612.0,코트,,,,,긴팔,기본 소매,,,,,여유핏,,,무지,,지퍼|포켓|후드
images/0d9e73a63eeefe78ff104ea8252a5818.jpg,val_train_split,227.0,483.0,130.0,450.0,팬츠,,,,,,,,롱·긴바지 기장,,,,,,무지,,지퍼
images/0d9e73a63eeefe78ff104ea8252a5818.jpg,val_train_split,309.0,524.0,97.0,318.0,팬츠,,,,,,,,롱·긴바지 기장,,,,,,무지,,지퍼
images/d390dd96e81f0c044577e6a9ae11850e.jpg,train,420.0,159.0,59.0,168.0,티셔츠,,,,,,,크롭 기장,,스퀘어넥,,레귤러핏,,,무지,,
images/d390dd96e81f0c044577e6a9ae11850e.jpg,train,380.0,312.0,118.0,286.0,청바지,,,,,,,,롱·긴바지 기장,,,,,,무지,데님,포켓
images/d390dd96e81f0c044577e6a9ae11850e.jpg,train,354.0,154.0,184.0,219.0,재킷,,,,,긴팔,기본 소매,크롭 기장,,,셔츠 칼라,레귤러핏,,,무지,,단추|포켓
images/15326dcccc9a410bc1bda3e7e8a7abe9.jpg,train,285.0,301.0,133.0,506.0,원피스,,,,,,,,롱·긴바지 기장,,,,,A라인,무지,,스팽글|지퍼
images/d0e8d603423cca5cace34ad531f457a5.jpg,val_train_split,631.0,175.0,118.0,178.0,탑,,,,,,,크롭 기장,,,스탠드 칼라,레귤러핏,,,무지,,지퍼
images/d0e8d603423cca5cace34ad531f457a5.jpg,val_train_split,634.0,347.0,122.0,232.0,팬츠,,,,,,,,미디·7부 기장,,,,,,무지,,
images/b778a59d50e00f13d5ea70d75df06a2a.jpg,train,152.0,323.0,374.0,652.0,원피스,,,,,반팔,캡 소매,,쇼츠·미니 기장,보트넥,,,,,,,스팽글|지퍼
images/24a1d881ee229011f5818c5232b941f7.jpg,train,240.0,295.0,199.0,697.0,점프수트,,,,,,,,롱·긴바지 기장,,,,,H라인,플로럴,,플리츠|지퍼
images/24a1d881ee229011f5818c5232b941f7.jpg,train,215.0,243.0,313.0,518.0,코트,,,,,,,,,,,여유핏,,,무지,,
images/8a20effd8b6ebcaf2b74caa7d35eee41.jpg,train,238.0,309.0,233.0,713.0,원피스,,,,,,,,,라운드넥,,,,A라인,플로럴,,지퍼
images/8a20effd8b6ebcaf2b74caa7d35eee41.jpg,train,111.0,262.0,407.0,760.0,재킷,,,,,긴팔,기본 소매,,,,라펠 칼라,레귤러핏,,,체크,,단추|포켓|지퍼
images/7195a80781724bbacd54999125fe6d26.jpg,train,117.0,314.0,447.0,688.0,베스트,,,,,,,기본 기장,,,,레귤러핏,,,무지,,지퍼|포켓
images/67644215a127f4940898c57b0d0efd4b.jpg,val_train_split,469.0,137.0,97.0,120.0,탑,,,,,반팔,기본 소매,크롭 기장,,보트넥,,레귤러핏,,,무지,,리본
images/67644215a127f4940898c57b0d0efd4b.jpg,val_train_split,465.0,141.0,96.0,383.0,점프수트,,,,,,,,롱·긴바지 기장,,,여유핏,,,무지,,단추|포켓
images/4b1b8876d9d4412d3e9047fae89fe895.jpg,train,86.0,458.0,430.0,565.0,재킷,,,,,긴팔,기본 소매,,,,,여유핏,,,무지,,후드
images/df1513847f5756eae57b0f429c0cec0f.jpg,train,54.0,199.0,567.0,697.0,블레이저,,,,,긴팔,기본 소매,크롭 기장,,,라펠 칼라,레귤러핏,,,,,스팽글|리본
images/df1513847f5756eae57b0f429c0cec0f.jpg,train,225.0,410.0,222.0,289.0,셔츠,,,,,,,,,,,레귤러핏,,,무지,,단추
images/6b61e5dab7f4d938ea282aebd1f9808e.jpg,val_train_split,287.0,302.0,135.0,186.0,베스트,,,,,,,크롭 기장,,,,슬림핏,,,무지,,
images/6b61e5dab7f4d938ea282aebd1f9808e.jpg,val_train_split,227.0,483.0,225.0,394.0,팬츠,,,,,,,,롱·긴바지 기장,,,,,,무지,,
images/6ce044f8adb1edb6a290c00855573817.jpg,train,321.0,129.0,58.0,51.0,티셔츠,,,,,,,,,,,슬림핏,,,무지,,
images/6ce044f8adb1edb6a290c00855573817.jpg,train,199.0,138.0,279.0,309.0,재킷,,,,,7부 소매,기본 소매,크롭 기장,,,셔츠 칼라,여유핏,,,애니멀,퍼·플리스,
images/6ce044f8adb1edb6a290c00855573817.jpg,train,236.0,419.0,179.0,472.0,팬츠,,,,,,,,롱·긴바지 기장,,,,슬림핏,,무지,,
images/d51bdf4541d32a4a984b4f30b00807d2.jpg,val_train_split,312.0,95.0,468.0,586.0,재킷,,,,,긴팔,퍼프 소매,크롭 기장,,,,오버핏,,,무지,퍼·플리스,지퍼|포켓
images/fd786dc34f4ec2591ee528a272088d87.jpg,train,464.0,433.0,117.0,134.0,티셔츠,,,,,,,크롭 기장,,,,슬림핏,,,무지,,
images/fd786dc34f4ec2591ee528a272088d87.jpg,train,258.0,127.0,481.0,554.0,코트,,,,,긴팔,기본 소매,,,,,레귤러핏,,,,퍼·플리스,단추|포켓
images/e1717d7d32f9aa2abb390747d750ad69.jpg,train,215.0,587.0,210.0,332.0,팬츠,,,,,,,,롱·긴바지 기장,,,,,,무지,,
images/e1717d7d32f9aa2abb390747d750ad69.jpg,train,232.0,330.0,249.0,297.0,재킷,,,,,긴팔,기본 소매,크롭 기장,,,,레귤러핏,,,무지,,단추|포켓
images/e1717d7d32f9aa2abb390747d750ad69.jpg,train,275.0,305.0,151.0,305.0,후드티,,,,,,,크롭 기장,,,,여유핏,,,무지,,후드|포켓
images/77477a00ce5a4017a32bae98283c554a.jpg,train,193.0,224.0,254.0,586.0,원피스,,,,,긴팔,래글런 소매,,롱·긴바지 기장,,,,,비대칭,무지,,지퍼
images/7a4e709651d784b52b0dd197a352152a.jpg,train,219.0,180.0,149.0,511.0,원피스,,,,,,,,무릎 기장,터틀넥,,,,비대칭,무지,니트,지퍼
images/7a4e709651d784b52b0dd197a352152a.jpg,train,160.0,204.0,258.0,433.0,코트,,,,,긴팔,기본 소매,,,,,여유핏,,,무지,,
images/6854783632de60235dfe2a0f0d828397.jpg,val_train_split,297.0,315.0,342.0,523.0,원피스,,,,,,,,쇼츠·미니 기장,,,,,,무지|도트,,지퍼
images/b752c9a90f4746e1c20699d2e980758b.jpg,val_train_split,473.0,364.0,82.0,100.0,티셔츠,,,,,,,크롭 기장,,라운드넥,,레귤러핏,,,무지,,
images/b752c9a90f4746e1c20699d2e980758b.jpg,val_train_split,433.0,297.0,176.0,142.0,재킷,,,,,긴팔,기본 소매,크롭 기장,,,,레귤러핏,,,체크,,후드
images/b752c9a90f4746e1c20699d2e980758b.jpg,val_train_split,449.0,443.0,135.0,60.0,쇼츠,,,,,,,,쇼츠·미니 기장,,,,,,무지,,
images/0a45bb7e2cc2503f0aa4b48b710874a9.jpg,train,142.0,272.0,283.0,675.0,원피스,,,,,,,,미디·7부 기장,,,,,O라인,무지,,지퍼
images/b70489ae557feb25daf32a41fcc40f40.jpg,train,152.0,451.0,128.0,341.0,팬츠,,,,,,,,롱·긴바지 기장,,,,,,무지,,포켓|지퍼
images/b70489ae557feb25daf32a41fcc40f40.jpg,train,123.0,271.0,201.0,253.0,셔츠,,,,,긴팔,기본 소매,크롭 기장,,라운드넥,,슬림핏,,,무지,,단추
images/3cb8ec9dd297a704569a6a04c9b8ea04.jpg,train,100.0,412.0,416.0,269.0,청바지,,,,,,,,,,,,,,무지,데님,포켓
images/3cb8ec9dd297a704569a6a04c9b8ea04.jpg,train,162.0,234.0,408.0,398.0,후드티,,,,,긴팔,기본 소매,기본 기장,,,,레귤러핏,,,무지,,후드|지퍼
images/3cb8ec9dd297a704569a6a04c9b8ea04.jpg,train,371.0,215.0,92.0,98.0,티셔츠,,,,,,,,,,,레귤러핏,,,무지,,지퍼
images/f1354e53ebdfee518ca634a2c2cd2514.jpg,train,283.0,552.0,109.0,54.0,쇼츠,,,,,,,,쇼츠·미니 기장,,,,,,무지,,
images/f1354e53ebdfee518ca634a2c2cd2514.jpg,train,301.0,350.0,69.0,209.0,탑,,,,,,,기본 기장,,라운드넥,,레귤러핏,,,무지,,스팽글
images/f1354e53ebdfee518ca634a2c2cd2514.jpg,train,250.0,318.0,189.0,188.0,블레이저,,,,,7부 소매,기본 소매,크롭 기장,,,라펠 칼라,레귤러핏,,,무지,,
images/f685bcf765d006b37524c311c4678f38.jpg,train,221.0,220.0,250.0,318.0,티셔츠,,,,,긴팔,기본 소매,기본 기장,,라운드넥,칼라 없음,오버핏,,,무지,,
images/f685bcf765d006b37524c311c4678f38.jpg,train,353.0,222.0,41.0,30.0,티셔츠,,,,,,,,,,,레귤러핏,,,무지,,
images/f685bcf765d006b37524c311c4678f38.jpg,train,262.0,440.0,154.0,243.0,쇼츠,,,,,,,,쇼츠·미니 기장,,,,,,무지,,벨트
images/f685bcf765d006b37524c311c4678f38.jpg,train,350.0,481.0,12.0,27.0,쇼츠,,,,,,,,쇼츠·미니 기장,,,,,,무지,,
images/2a6f39db78965e6a987110ff2e5d2a5a.jpg,train,75.0,180.0,351.0,831.0,점프수트,,,,,,,,롱·긴바지 기장,,,,,,카모,,스팽글|지퍼
images/39e6e40416dfd4a9ab4b3d11db6cc95d.jpg,train,105.0,309.0,609.0,439.0,티셔츠,,,,,반팔,퍼프 소매,크롭 기장,,,,레귤러핏,,,무지,,리본|프릴·러플
images/39e6e40416dfd4a9ab4b3d11db6cc95d.jpg,train,138.0,709.0,415.0,314.0,스커트,,,,,,,,,,,,,,무지,,지퍼
images/6b4ccd34ee66555dfe2eabd2b9ac1a61.jpg,train,171.0,187.0,297.0,779.0,원피스,,,,,,,,롱·긴바지 기장,,,,,A라인,무지,,지퍼|스팽글
images/ae0b89d763837b81d07e24e363eb32fb.jpg,train,719.0,200.0,89.0,145.0,폴로 셔츠,,,,,,,기본 기장,,,폴로 칼라,레귤러핏,,,무지,,
images/ae0b89d763837b81d07e24e363eb32fb.jpg,train,715.0,329.0,90.0,160.0,청바지,,,,,,,,롱·긴바지 기장,,,,,,무지,데님,
images/6b63628bf798d1319e8577bff5307e04.jpg,train,128.0,262.0,271.0,555.0,원피스,,,,,,,,쇼츠·미니 기장,라운드넥,,,,O라인,스트라이프,니트,지퍼
images/2325a8d5bef54d86e47bebe2aab5be11.jpg,train,386.0,373.0,205.0,501.0,청바지,,,,,,,,롱·긴바지 기장,,,,,,무지,데님,
images/2325a8d5bef54d86e47bebe2aab5be11.jpg,train,457.0,132.0,152.0,265.0,티셔츠,,,,,7부 소매,래글런 소매,크롭 기장,,,,슬림핏,,비대칭,스트라이프,,
images/295867d42bc37bf4df0834af5167a3cf.jpg,train,295.0,310.0,180.0,316.0,원피스,,,,,,,,쇼츠·미니 기장,,,,,,무지,,스팽글|지퍼|프릴·러플
images/ad72690805400fd91f0b3039404cb581.jpg,train,227.0,175.0,206.0,281.0,탑,,,,,,,크롭 기장,,,스탠드 칼라,오버핏,,,무지,,
images/ad72690805400fd91f0b3039404cb581.jpg,train,242.0,426.0,184.0,491.0,팬츠,,,,,,,,롱·긴바지 기장,,,,,,무지,,
images/44a07e5cd7f55901ba96589b0276ea58.jpg,val_train_split,263.0,387.0,263.0,547.0,점프수트,,,,,,,,롱·긴바지 기장,,,슬림핏,,,무지,,지퍼
images/44a07e5cd7f55901ba96589b0276ea58.jpg,val_train_split,205.0,352.0,340.0,310.0,가디건,,,,,긴팔,기본 소매,,,,,레귤러핏,,,스트라이프,니트,벨트
images/b49433569026007f7debc62e834f0b84.jpg,train,196.0,227.0,269.0,504.0,원피스,,,,,,,,쇼츠·미니 기장,,,,,비대칭,애니멀,,지퍼
images/3b6b1b93912f9f4a7b84b974a9ba1243.jpg,train,234.0,214.0,227.0,272.0,셔츠,,,,,긴팔,,크롭 기장,,터틀넥,,여유핏,,,무지,,
images/3b6b1b93912f9f4a7b84b974a9ba1243.jpg,train,248.0,431.0,174.0,459.0,팬츠,,,,,,,,롱·긴바지 기장,,,,,,무지,,플리츠|포켓
images/cce94245fe728143cde54ba9bfb58248.jpg,train,208.0,245.0,189.0,224.0,탑,,,,,,,크롭 기장,,V넥,,레귤러핏,,비대칭,무지,,
images/cce94245fe728143cde54ba9bfb58248.jpg,train,250.0,447.0,168.0,130.0,스커트,,,,,,,,쇼츠·미니 기장,,,,,A라인,무지,,지퍼
images/39e31a1428cee0c98d839eedf9d4cdb2.jpg,train,221.0,208.0,265.0,400.0,원피스,,,,,7부 소매,퍼프 소매,,쇼츠·미니 기장,,라펠 칼라,,,,도트,,지퍼|포켓|벨트
images/50175d125c3075e7362f822d85bd6da2.jpg,train,181.0,208.0,280.0,391.0,코트,,,,,긴팔,기본 소매,,,,,레귤러핏,,,무지,퍼·플리스,지퍼|포켓|후드
images/50175d125c3075e7362f822d85bd6da2.jpg,train,261.0,501.0,78.0,163.0,팬츠,,,,,,,,,,,,슬림핏,,무지,,
images/50175d125c3075e7362f822d85bd6da2.jpg,train,362.0,588.0,57.0,64.0,팬츠,,,,,,,,,,,,슬림핏,,무지,,
images/ed6461c98f306db5f83dca0c72169aa8.jpg,val_train_split,221.0,190.0,265.0,411.0,원피스,,,,,긴팔,벨 소매,,쇼츠·미니 기장,,,,,H라인,무지,,지퍼
images/ed6461c98f306db5f83dca0c72169aa8.jpg,val_train_split,242.0,158.0,244.0,424.0,원피스,,,,,긴팔,벨 소매,,쇼츠·미니 기장,,,,,,,퍼·플리스,
images/a63e875a575e9fa627070143864e4e45.jpg,train,191.0,263.0,454.0,729.0,원피스,,,,,반팔,기본 소매,,쇼츠·미니 기장,보트넥,,,,A라인,무지,,플리츠|지퍼|프릴·러플
images/3a61a866bd521b70672d35acfc7602f4.jpg,train,276.0,507.0,163.0,390.0,팬츠,,,,,,,,롱·긴바지 기장,,,,슬림핏,,애니멀,,
images/3a61a866bd521b70672d35acfc7602f4.jpg,train,280.0,272.0,164.0,241.0,탑,,,,,,,크롭 기장,,,,레귤러핏,,,무지,,
images/7fef33328e831a48e3479d46d092efe3.jpg,train,192.0,706.0,427.0,288.0,쇼츠,,,,,,,,쇼츠·미니 기장,,,,,,무지,,
images/7fef33328e831a48e3479d46d092efe3.jpg,train,334.0,397.0,349.0,362.0,티셔츠,,,,,반팔,퍼프 소매,크롭 기장,,,,여유핏,,,무지,,
images/b4209b055590298aea89c0beb8fa1e9f.jpg,val_train_split,298.0,411.0,175.0,190.0,스커트,,,,,,,,쇼츠·미니 기장,,,,,A라인,무지,,지퍼
images/b4209b055590298aea89c0beb8fa1e9f.jpg,val_train_split,316.0,269.0,96.0,180.0,티셔츠,,,,,,,크롭 기장,,,피터팬 칼라,레귤러핏,,,무지,,
images/b4209b055590298aea89c0beb8fa1e9f.jpg,val_train_split,257.0,284.0,249.0,399.0,코트,,,,,긴팔,,,,,라펠 칼라,레귤러핏,,,무지,,벨트
images/59474c7ea1ee6a1d76cc0c9a386c53f7.jpg,train,246.0,234.0,238.0,341.0,원피스,,,,,긴팔,기본 소매,,쇼츠·미니 기장,,,,,비대칭,무지,,지퍼|스팽글
images/dfa4926c89838fef695372838d22b637.jpg,val_train_split,134.0,247.0,227.0,202.0,티셔츠,,,,,반팔,기본 소매,크롭 기장,,,,슬림핏,,,무지,,
images/dfa4926c89838fef695372838d22b637.jpg,val_train_split,159.0,434.0,224.0,329.0,스커트,,,,,,,,무릎 기장,,,,,,도트,,지퍼
images/233267ba85107b9eb8df31258a185196.jpg,train,259.0,196.0,233.0,442.0,원피스,,,,,긴팔,벌룬 소매,,쇼츠·미니 기장,,,,,A라인,무지,,벨트
images/90a8606b87ea924f786de238f8208eff.jpg,train,174.0,196.0,289.0,420.0,원피스,,,,,반팔,,,쇼츠·미니 기장,V넥,,오버핏,,,,,리본|벨트
images/bc0939dbeeaec1abe60bc9494013d765.jpg,train,449.0,564.0,238.0,117.0,팬츠,,,,,,,,,,,,슬림핏,,무지,,
images/bc0939dbeeaec1abe60bc9494013d765.jpg,train,334.0,89.0,433.0,497.0,니트,,,,,긴팔,기본 소매,,,,,레귤러핏,,,그래픽,니트,포켓|후드
images/f03f09dc920412e23ffca0ab2c821998.jpg,train,191.0,181.0,260.0,351.0,블레이저,,,,,긴팔,기본 소매,기본 기장,,,라펠 칼라,레귤러핏,,,무지,,단추|포켓
images/f03f09dc920412e23ffca0ab2c821998.jpg,train,285.0,214.0,61.0,113.0,니트,,,,,,,크롭 기장,,,,슬림핏,,,무지,니트,
images/f03f09dc920412e23ffca0ab2c821998.jpg,train,282.0,175.0,70.0,49.0,셔츠,,,,,,,,,,셔츠 칼라,슬림핏,,,무지,,단추
images/f03f09dc920412e23ffca0ab2c821998.jpg,train,191.0,392.0,255.0,162.0,니트,,,,,긴팔,,크롭 기장,,,,슬림핏,,,무지,니트,포켓
images/f03f09dc920412e23ffca0ab2c821998.jpg,train,228.0,514.0,166.0,387.0,청바지,,,,,,,,롱·긴바지 기장,,,,스트레이트핏,H라인,무지,데님,
images/83429b0d4d3dc733de7f0415561ccca3.jpg,train,129.0,180.0,279.0,516.0,코트,,,,,,,,,스퀘어넥,,레귤러핏,,,무지,,
images/89ef01ff87898d9c9264a7abc8270835.jpg,val_train_split,174.0,199.0,373.0,306.0,셔츠,,,,,,,크롭 기장,,,라펠 칼라,여유핏,,,무지,,단추
images/89ef01ff87898d9c9264a7abc8270835.jpg,val_train_split,234.0,425.0,232.0,224.0,스커트,,,,,,,,쇼츠·미니 기장,,,,,A라인,체크,,플리츠|지퍼
images/89ef01ff87898d9c9264a7abc8270835.jpg,val_train_split,220.0,413.0,90.0,87.0,스커트,,,,,,,,쇼츠·미니 기장,,,,,,체크,,플리츠|지퍼
images/5bb16a254639bfd24599fa10dd746bd4.jpg,train,588.0,509.0,186.0,120.0,쇼츠,,,,,,,,쇼츠·미니 기장,,,,슬림핏,,무지,,포켓|벨트
images/5bb16a254639bfd24599fa10dd746bd4.jpg,train,539.0,287.0,264.0,326.0,탑,,,,,,,크롭 기장,,오프숄더,,여유핏,,,무지,,
images/5dfd0e6b2c4898872efd45905b24df6e.jpg,val_train_split,413.0,168.0,134.0,222.0,원피스,,,,,반팔,기본 소매,,쇼츠·미니 기장,스퀘어넥,,,,,무지,,지퍼
images/739ca3fafecaedc9e51aa0e056988c03.jpg,train,142.0,284.0,237.0,718.0,원피스,,,,,,,,롱·긴바지 기장,스퀘어넥,,,,H라인,플로럴,,지퍼
images/2058dd138bdc168ec26724df84611edc.jpg,train,250.0,275.0,210.0,312.0,원피스,,,,,,,,쇼츠·미니 기장,,,,,O라인,무지,,지퍼|스팽글
images/cbc16a451e87d180604f540c52bcf10c.jpg,train,570.0,83.0,224.0,253.0,재킷,,,,,긴팔,기본 소매,,,,,여유핏,,,플로럴,,지퍼|포켓|후드
images/cbc16a451e87d180604f540c52bcf10c.jpg,train,642.0,94.0,117.0,444.0,점프수트,,,,,,,,롱·긴바지 기장,,,여유핏,,,무지,,단추|지퍼
images/cbc16a451e87d180604f540c52bcf10c.jpg,train,670.0,79.0,74.0,105.0,티셔츠,,,,,,,크롭 기장,,터틀넥,,레귤러핏,,,무지,,
images/f9c294bab05e287059da087c0c94470e.jpg,train,53.0,328.0,539.0,672.0,원피스,,,,,반팔,벨 소매,,쇼츠·미니 기장,라운드넥,,,,,무지,,지퍼
images/b9e4ceb049d792dbfe50a4d6df15d376.jpg,train,191.0,232.0,313.0,243.0,셔츠,,,,,긴팔,기본 소매,,,,,레귤러핏,,,무지,,단추|포켓
images/b9e4ceb049d792dbfe50a4d6df15d376.jpg,train,218.0,416.0,226.0,388.0,스커트,,,,,,,,미디·7부 기장,,,,,,무지,가죽|스웨이드,지퍼
images/cdc69aeff25a01a3d9d00aae5135f9d1.jpg,train,249.0,398.0,166.0,360.0,팬츠,,,,,,,,미디·7부 기장,,,,,,무지,,
images/cdc69aeff25a01a3d9d00aae5135f9d1.jpg,train,177.0,160.0,310.0,548.0,코트,,,,,긴팔,기본 소매,,,,라펠 칼라,레귤러핏,,,무지,퍼·플리스,
images/cdc69aeff25a01a3d9d00aae5135f9d1.jpg,train,282.0,213.0,70.0,191.0,티셔츠,,,,,,,크롭 기장,,라운드넥,,레귤러핏,,,무지,,
images/b4594df6d918c3c747d6bd39df10be26.jpg,val_train_split,121.0,270.0,293.0,457.0,원피스,,,,,반팔,퍼프 소매,,쇼츠·미니 기장,,,,,,무지,,지퍼|프릴·러플
images/18221cc9972085715118965adb234242.jpg,train,270.0,249.0,238.0,359.0,니트,,,,,긴팔,기본 소매,,,,,여유핏,,,무지,니트,
images/18221cc9972085715118965adb234242.jpg,train,328.0,500.0,187.0,392.0,청바지,,,,,,,,미디·7부 기장,,,,스트레이트핏,H라인,무지,데님,
images/747db5b11e4d1df9ebef65e4a3370eb1.jpg,train,209.0,224.0,271.0,673.0,점프수트,,,,,,,,롱·긴바지 기장,,,,,,무지,,지퍼
images/d1e805cf25f9757172ba64e1cc69ee9f.jpg,train,222.0,270.0,283.0,455.0,원피스,,,,,,,,미디·7부 기장,홀터넥,,,,,무지,,지퍼|프릴·러플
images/ad1030c1188637b62b9dc0c7ed124099.jpg,train,107.0,374.0,534.0,612.0,재킷,,,,,긴팔,기본 소매,크롭 기장,,,,레귤러핏,,,무지,,지퍼
images/ad1030c1188637b62b9dc0c7ed124099.jpg,train,159.0,331.0,383.0,693.0,재킷,,,,,,,기본 기장,,,,여유핏,,,무지,,지퍼|포켓|후드
images/ad1030c1188637b62b9dc0c7ed124099.jpg,train,284.0,355.0,94.0,209.0,티셔츠,,,,,,,,,V넥,,레귤러핏,,,무지,,
images/6b1d8eca7401ee95b070f5c28e2df96d.jpg,train,506.0,262.0,216.0,297.0,탑,,,,,,,크롭 기장,,스퀘어넥,,슬림핏,,,무지,,
images/6b1d8eca7401ee95b070f5c28e2df96d.jpg,train,456.0,552.0,277.0,471.0,팬츠,,,,,,,,,,,,,,무지,,
images/16ddba3f9f400eb18f9996323bb4fed9.jpg,train,162.0,151.0,316.0,396.0,재킷,,,,,긴팔,,크롭 기장,,터틀넥,스탠드 칼라,슬림핏,,,,,단추
images/16ddba3f9f400eb18f9996323bb4fed9.jpg,train,227.0,437.0,180.0,432.0,팬츠,,,,,,,,롱·긴바지 기장,,,,,,무지,,
images/6129606eaca52c6b455df9e1a9657a97.jpg,train,286.0,458.0,222.0,370.0,티셔츠,,,,,반팔,벨 소매,기본 기장,,,,슬림핏,,비대칭,무지,,리본
images/80301efa49132c72f94f7c723148da87.jpg,train,224.0,497.0,250.0,378.0,청바지,,,,,,,,,,,,슬림핏,,무지,데님,
images/80301efa49132c72f94f7c723148da87.jpg,train,199.0,0.0,276.0,526.0,니트,,,,,긴팔,기본 소매,기본 기장,,,,레귤러핏,,,무지,니트,포켓|후드|지퍼
images/f6e378bd282aab7fbf22f9c240a79f92.jpg,train,309.0,313.0,548.0,650.0,점프수트,,,,,,,,,스퀘어넥,,,,,플로럴,,지퍼
images/a24b1f3ab95d4f9731d394c35fe3a649.jpg,train,239.0,200.0,188.0,436.0,베스트,,,,,,,,,라운드넥,,여유핏,,,그래픽|카모,,
images/a24b1f3ab95d4f9731d394c35fe3a649.jpg,train,249.0,622.0,88.0,188.0,청바지,,,,,,,,롱·긴바지 기장,,,,슬림핏,,무지,데님,
images/a24b1f3ab95d4f9731d394c35fe3a649.jpg,train,328.0,605.0,79.0,279.0,청바지,,,,,,,,롱·긴바지 기장,,,,슬림핏,,무지,데님,
images/3d9779203d671de4fef802b755bd21be.jpg,train,528.0,530.0,113.0,94.0,쇼츠,,,,,,,,쇼츠·미니 기장,,,,,,무지,,
images/3d9779203d671de4fef802b755bd21be.jpg,train,260.0,339.0,376.0,227.0,니트,,,,,긴팔,래글런 소매,크롭 기장,,,,여유핏,,,도트,니트,
images/d3b01695e85eb50b05ee6efe64c3513a.jpg,val_train_split,554.0,143.0,219.0,328.0,원피스,,,,,,,,쇼츠·미니 기장,,,,,X라인,플로럴,,지퍼
images/84dffcc7dbd6ca7142e979259d8ed555.jpg,train,364.0,277.0,93.0,200.0,셔츠,,,,,,,크롭 기장,,,,슬림핏,,,무지,,단추
images/84dffcc7dbd6ca7142e979259d8ed555.jpg,train,318.0,267.0,217.0,330.0,가디건,,,,,긴팔,래글런 소매,,,,,여유핏,,,,니트,
images/84dffcc7dbd6ca7142e979259d8ed555.jpg,train,337.0,530.0,152.0,298.0,청바지,,,,,,,,롱·긴바지 기장,,,,슬림핏,,무지,데님,
images/34d2a6056a6799e309a3e8f8a028a41c.jpg,train,173.0,959.0,389.0,64.0,청바지,,,,,,,,,,,,스트레이트핏,H라인,무지,데님,
images/34d2a6056a6799e309a3e8f8a028a41c.jpg,train,252.0,283.0,148.0,96.0,셔츠,,,,,,,,,,셔츠 칼라,레귤러핏,,,무지,,
images/34d2a6056a6799e309a3e8f8a028a41c.jpg,train,41.0,279.0,592.0,744.0,블레이저,,,,,긴팔,기본 소매,크롭 기장,,,라펠 칼라,레귤러핏,,,무지,,단추
images/34d2a6056a6799e309a3e8f8a028a41c.jpg,train,113.0,356.0,488.0,580.0,니트,,,,,,,,,,,슬림핏,,,무지,니트,포켓
images/34d2a6056a6799e309a3e8f8a028a41c.jpg,train,127.0,882.0,458.0,55.0,셔츠,,,,,,,,,,,레귤러핏,,,무지,,단추
images/75889c15e7b48fe1d0f129e69fc131fb.jpg,val_train_split,330.0,287.0,164.0,223.0,탑,,,,,,,크롭 기장,,V넥,,슬림핏,,,무지,,포켓|프릴·러플|벨트
images/75889c15e7b48fe1d0f129e69fc131fb.jpg,val_train_split,309.0,516.0,188.0,355.0,팬츠,,,,,,,,롱·긴바지 기장,,,,슬림핏,,무지,,벨트
images/cd0978d023eb31706c8d93270d7e80b8.jpg,train,597.0,219.0,129.0,191.0,점프수트,,,,,7부 소매,벨 소매,,쇼츠·미니 기장,,,레귤러핏,,,플로럴,,지퍼|벨트
images/a057fc4dbdb229cb5eb8fb00fd15df94.jpg,val_train_split,184.0,248.0,244.0,174.0,티셔츠,,,,,반팔,기본 소매,크롭 기장,,V넥,,슬림핏,,,무지,,
images/a057fc4dbdb229cb5eb8fb00fd15df94.jpg,val_train_split,164.0,418.0,272.0,318.0,스커트,,,,,,,,무릎 기장,,,,플레어핏,,그래픽,,지퍼|포켓
images/b4a89d87875e0e809f6d1c502b7ebafb.jpg,train,272.0,204.0,239.0,308.0,탑,,,,,,,크롭 기장,,터틀넥,,슬림핏,,,플로럴,,
images/b4a89d87875e0e809f6d1c502b7ebafb.jpg,train,106.0,480.0,455.0,543.0,스커트,,,,,,,,미디·7부 기장,,,,플레어핏,,무지,,지퍼
images/6dcd550752dc3989511f4643d89a999f.jpg,val_train_split,52.0,486.0,443.0,431.0,원피스,,,,,반팔,벨 소매,,,,,오버핏,,,도트,,플리츠|리본
images/bae4028e6676f57b7966b6459cbcb8f5.jpg,train,202.0,237.0,221.0,363.0,점프수트,,,,,,,,쇼츠·미니 기장,,,레귤러핏,,,무지,,단추
images/bae4028e6676f57b7966b6459cbcb8f5.jpg,train,247.0,240.0,144.0,154.0,탑,,,,,,,크롭 기장,,,,레귤러핏,,,,,
images/bae4028e6676f57b7966b6459cbcb8f5.jpg,train,216.0,216.0,204.0,213.0,셔츠,,,,,반팔,캡 소매,크롭 기장,,,셔츠 칼라,슬림핏,,,무지,,단추
images/01fadd6dba7d2e96e1abd377d3d6cdc0.jpg,val_train_split,170.0,213.0,164.0,242.0,재킷,,,,,7부 소매,기본 소매,,,,,여유핏,,,,퍼·플리스,벨트
images/01fadd6dba7d2e96e1abd377d3d6cdc0.jpg,val_train_split,185.0,261.0,120.0,351.0,셔츠,,,,,,,,,,,여유핏,,비대칭,무지,,단추
images/01fadd6dba7d2e96e1abd377d3d6cdc0.jpg,val_train_split,211.0,276.0,23.0,71.0,셔츠,,,,,,,,,,,여유핏,,비대칭,무지,,
images/01fadd6dba7d2e96e1abd377d3d6cdc0.jpg,val_train_split,201.0,360.0,36.0,162.0,스커트,,,,,,,,쇼츠·미니 기장,,,,스트레이트핏,H라인,무지,,지퍼
images/98fcb5a8632cd8972816693bad5dee07.jpg,train,551.0,464.0,72.0,28.0,스커트,,,,,,,,쇼츠·미니 기장,,,,,,무지,,지퍼
images/98fcb5a8632cd8972816693bad5dee07.jpg,train,556.0,332.0,45.0,48.0,티셔츠,,,,,,,,,,셔츠 칼라,레귤러핏,,,무지,,
images/98fcb5a8632cd8972816693bad5dee07.jpg,train,527.0,338.0,104.0,145.0,재킷,,,,,긴팔,기본 소매,기본 기장,,,,오버핏,,,무지,가죽,포켓
images/bba8dda970656dd454a66ad2fbfae904.jpg,train,207.0,508.0,266.0,255.0,원피스,,,,,,,,무릎 기장,,,,,A라인,플로럴,,
images/bba8dda970656dd454a66ad2fbfae904.jpg,train,162.0,245.0,227.0,277.0,재킷,,,,,반팔,기본 소매,크롭 기장,,,셔츠 칼라,슬림핏,,,무지,,단추|리본
images/f13c49fa842dcb780385e6b9d0701580.jpg,val_train_split,208.0,495.0,180.0,432.0,팬츠,,,,,,,,롱·긴바지 기장,,,,슬림핏,,그래픽,,
images/f13c49fa842dcb780385e6b9d0701580.jpg,val_train_split,170.0,180.0,280.0,381.0,티셔츠,,,,,긴팔,래글런 소매,기본 기장,,,,레귤러핏,,,무지,,포켓|지퍼
images/f13c49fa842dcb780385e6b9d0701580.jpg,val_train_split,207.0,486.0,185.0,31.0,티셔츠,,,,,,,기본 기장,,,,레귤러핏,,,무지,,
images/e8ac1daf11fc17f25b601ab4f0276a75.jpg,val_train_split,200.0,291.0,211.0,442.0,원피스,,,,,7부 소매,기본 소매,,무릎 기장,,스탠드 칼라,,,A라인,스트라이프,,단추|벨트
images/73fd4326aa9628702a416296f2deae97.jpg,val_train_split,223.0,193.0,227.0,410.0,탑,,,,,,,기본 기장,,,,여유핏,,비대칭,무지,,
images/73fd4326aa9628702a416296f2deae97.jpg,val_train_split,265.0,445.0,182.0,242.0,스커트,,,,,,,,무릎 기장,,,,,,그래픽,,지퍼
images/384a0947e8fb7d16da1d61dffa993744.jpg,train,215.0,237.0,195.0,404.0,원피스,,,,,반팔,캡 소매,,쇼츠·미니 기장,보트넥,,,,A라인,,,지퍼|벨트
images/b4b8802ba4e48876fb2eb0a5e8887ab4.jpg,val_train_split,255.0,374.0,141.0,330.0,원피스,,,,,,,,쇼츠·미니 기장,스퀘어넥,,,,H라인,무지,,지퍼
images/39c4bed33ff3d686c73feed9f889fa6b.jpg,train,242.0,284.0,145.0,228.0,탑,,,,,,,크롭 기장,,,,레귤러핏,,,무지,,포켓
images/39c4bed33ff3d686c73feed9f889fa6b.jpg,train,213.0,265.0,226.0,274.0,셔츠,,,,,반팔,래글런 소매,크롭 기장,,,셔츠 칼라,레귤러핏,,,스트라이프,,단추
images/39c4bed33ff3d686c73feed9f889fa6b.jpg,train,227.0,479.0,187.0,162.0,쇼츠,,,,,,,,쇼츠·미니 기장,,,,,,무지,,포켓
images/45aa231d2782a7a8fbf0730e1edcb1d3.jpg,train,339.0,461.0,129.0,224.0,원피스,,,,,,,,쇼츠·미니 기장,,,,,,스트라이프,니트,
images/45aa231d2782a7a8fbf0730e1edcb1d3.jpg,train,335.0,254.0,141.0,322.0,블레이저,,,,,긴팔,퍼프 소매,크롭 기장,,,,슬림핏,,,무지,,단추|포켓
images/998399b02a7a4056c7b1095a3bf30144.jpg,train,388.0,219.0,217.0,374.0,원피스,,,,,,,,쇼츠·미니 기장,,,,,A라인,무지,,스팽글
images/8b313afbb152dd3ec7cd1a91673cf543.jpg,train,393.0,368.0,241.0,313.0,원피스,,,,,반팔,캡 소매,,,,라펠 칼라,,,A라인,도트,,단추|벨트
images/2a96b2ad9266bed8c38db587d6ad257a.jpg,train,215.0,313.0,328.0,437.0,니트,,,,,긴팔,,기본 기장,,,,오버핏,,,플로럴,니트,
images/2a96b2ad9266bed8c38db587d6ad257a.jpg,train,279.0,625.0,217.0,397.0,청바지,,,,,,,,,,,,슬림핏,,무지,데님,
images/c33a8c831a5ee0e827e2169faa8f89a1.jpg,train,160.0,184.0,251.0,254.0,티셔츠,,,,,반팔,벨 소매,크롭 기장,,보트넥,,레귤러핏,,,무지,,리본
images/c33a8c831a5ee0e827e2169faa8f89a1.jpg,train,211.0,422.0,199.0,427.0,팬츠,,,,,,,,미디·7부 기장,,,,,,무지,,
images/a4d5823fa0388afdcdd09e17d808edbc.jpg,train,307.0,427.0,135.0,222.0,스커트,,,,,,,,무릎 기장,,,,,,무지,,스팽글|지퍼|벨트
images/a4d5823fa0388afdcdd09e17d808edbc.jpg,train,320.0,340.0,102.0,88.0,탑,,,,,,,크롭 기장,,,,슬림핏,,,무지,,
images/6e0d1eb36988ec9e9bbee0978f7d9c08.jpg,train,155.0,167.0,298.0,494.0,원피스,,,,,긴팔,벨 소매,,쇼츠·미니 기장,,,,,,플로럴,,벨트
images/61d1a5912a2f1f936d179a893b0b86f1.jpg,train,377.0,375.0,291.0,400.0,탑,,,,,반팔,캡 소매,기본 기장,,V넥,,오버핏,,,무지,,벨트
images/dfd35ea6a5a5aa5b7b92a8f3d1f8fbb1.jpg,train,274.0,240.0,201.0,683.0,점프수트,,,,,,,,롱·긴바지 기장,V넥,,,,H라인,무지,,지퍼|벨트
images/60d3f973222e16d0802fbe7350a795d6.jpg,train,275.0,245.0,118.0,156.0,탑,,,,,,,크롭 기장,,라운드넥,,슬림핏,,,무지,,
images/60d3f973222e16d0802fbe7350a795d6.jpg,train,217.0,424.0,258.0,431.0,스커트,,,,,,,,롱·긴바지 기장,,,,플레어핏,,무지,,지퍼
images/60d3f973222e16d0802fbe7350a795d6.jpg,train,160.0,239.0,324.0,598.0,코트,,,,,긴팔,기본 소매,,,,,여유핏,,,무지,퍼·플리스,포켓
images/0e3be712a7c9606e66b3574b1ba97432.jpg,train,457.0,116.0,209.0,265.0,셔츠,,,,,긴팔,벌룬 소매,크롭 기장,,,,여유핏,,,무지,,
images/0e3be712a7c9606e66b3574b1ba97432.jpg,train,493.0,249.0,127.0,117.0,쇼츠,,,,,,,,쇼츠·미니 기장,,,,슬림핏,,무지,,벨트
images/763783cd64c26ac26c1fdeacda925d70.jpg,train,278.0,216.0,161.0,406.0,원피스,,,,,,,,쇼츠·미니 기장,보트넥,,,,,체크|플로럴,,
images/fb2bc7dbb5078a3820493b481d893376.jpg,train,211.0,190.0,315.0,433.0,셔츠,,,,,반팔,캡 소매,크롭 기장,,,셔츠 칼라,레귤러핏,,,그래픽,,단추
images/fb2bc7dbb5078a3820493b481d893376.jpg,train,242.0,587.0,220.0,436.0,팬츠,,,,,,,,,,,,,,무지,,
images/96fb34468fa35728ef0c952c2916d36a.jpg,train,179.0,233.0,301.0,202.0,재킷,,,,,반팔,퍼프 소매,크롭 기장,,,칼라 없음,오버핏,,,무지,,리본
images/96fb34468fa35728ef0c952c2916d36a.jpg,train,262.0,242.0,127.0,175.0,탑,,,,,,,크롭 기장,,,,슬림핏,,,무지,,
images/967ffd3c8ddd2431b08e6e30d6ed9e81.jpg,val_train_split,198.0,181.0,231.0,692.0,원피스,,,,,,,,롱·긴바지 기장,홀터넥,,,,,무지,,
images/6aea61fc986f23e1abef20a8feb17f5d.jpg,train,406.0,484.0,322.0,354.0,스커트,,,,,,,,,,,,,A라인,무지,,지퍼
images/6aea61fc986f23e1abef20a8feb17f5d.jpg,train,403.0,208.0,249.0,316.0,탑,,,,,반팔,래글런 소매,크롭 기장,,라운드넥,,슬림핏,,,스트라이프,,
images/8e62d473bc162ca223890aa872b7e08d.jpg,train,221.0,283.0,211.0,95.0,원피스,,,,,반팔,벨 소매,,,오프숄더,,,,,무지,,지퍼
images/8e62d473bc162ca223890aa872b7e08d.jpg,train,262.0,400.0,170.0,291.0,원피스,,,,,,,,쇼츠·미니 기장,,,,,비대칭,무지,,지퍼
images/2014002bdb2ffdaf901d659ae33642a5.jpg,train,421.0,266.0,169.0,138.0,코트,,,,,,,,,,,,,,무지,,단추
images/2014002bdb2ffdaf901d659ae33642a5.jpg,train,437.0,353.0,153.0,79.0,원피스,,,,,,,,쇼츠·미니 기장,,,,,,그래픽,,지퍼
images/2014002bdb2ffdaf901d659ae33642a5.jpg,train,494.0,174.0,192.0,143.0,코트,,,,,긴팔,,,,,,,,,무지,,단추|벨트
images/2014002bdb2ffdaf901d659ae33642a5.jpg,train,412.0,128.0,110.0,101.0,원피스,,,,,긴팔,,,,,,,,,무지,,
images/e9ee2beb9aa87616e2e2698e2a886dee.jpg,train,204.0,471.0,201.0,192.0,스커트,,,,,,,,쇼츠·미니 기장,,,,스트레이트핏,비대칭,무지,,지퍼
images/e9ee2beb9aa87616e2e2698e2a886dee.jpg,train,185.0,188.0,232.0,310.0,티셔츠,,,,,반팔,벨 소매,기본 기장,,,,레귤러핏,,,무지,,
images/95c9e9d87901067aed2656a6fb75ad63.jpg,train,220.0,180.0,221.0,217.0,티셔츠,,,,,,,크롭 기장,,보트넥,,레귤러핏,,,무지,,
images/95c9e9d87901067aed2656a6fb75ad63.jpg,train,182.0,386.0,223.0,331.0,스커트,,,,,,,,무릎 기장,,,,,비대칭,무지,,지퍼
images/b24b8fbe6dd5105ca4da2621d5841e44.jpg,val_train_split,258.0,266.0,201.0,315.0,원피스,,,,,긴팔,벨 소매,,쇼츠·미니 기장,,,,,H라인,무지,,
images/1302aceedb0ff7a47225feb188246f00.jpg,train,278.0,325.0,184.0,368.0,원피스,,,,,,,,쇼츠·미니 기장,,,,,A라인,무지,,스팽글|지퍼
images/d963a880016df7d7570cfe3ee44e4334.jpg,train,183.0,179.0,222.0,287.0,재킷,,,,,긴팔,기본 소매,크롭 기장,,,라펠 칼라,레귤러핏,,,무지,,지퍼
images/d963a880016df7d7570cfe3ee44e4334.jpg,train,361.0,295.0,46.0,124.0,니트,,,,,,,크롭 기장,,,,슬림핏,,,무지,니트,
images/d963a880016df7d7570cfe3ee44e4334.jpg,train,240.0,420.0,204.0,443.0,청바지,,,,,,,,롱·긴바지 기장,,,,슬림핏,,무지,데님,포켓
images/df693c35d1e9b5a1d3f2d9a96faf9dbf.jpg,train,177.0,213.0,234.0,263.0,티셔츠,,,,,긴팔,,기본 기장,,,,오버핏,,,무지,,
images/df693c35d1e9b5a1d3f2d9a96faf9dbf.jpg,train,188.0,450.0,223.0,283.0,스커트,,,,,,,,무릎 기장,,,,,,카모,,지퍼|포켓
images/82cf96c7277e9d032b0c3b915511d4a7.jpg,val_train_split,293.0,298.0,70.0,129.0,셔츠,,,,,,,,,,셔츠 칼라,레귤러핏,,,무지,,단추
images/82cf96c7277e9d032b0c3b915511d4a7.jpg,val_train_split,238.0,324.0,222.0,517.0,재킷,,,,,긴팔,기본 소매,크롭 기장,,,,레귤러핏,,,무지,,
images/82cf96c7277e9d032b0c3b915511d4a7.jpg,val_train_split,94.0,269.0,388.0,673.0,재킷,,,,,긴팔,기본 소매,크롭 기장,,,라펠 칼라,여유핏,,,무지,,벨트
images/82cf96c7277e9d032b0c3b915511d4a7.jpg,val_train_split,152.0,782.0,325.0,201.0,쇼츠,,,,,,,,쇼츠·미니 기장,,,,,,스트라이프,,포켓
images/f4e2a742b849c9fe5d5c2cdcb83d9f3f.jpg,train,153.0,332.0,528.0,691.0,원피스,,,,,7부 소매,벌룬 소매,,,,,여유핏,,,플로럴,,벨트
images/522fd48098d816399db2669288b8d707.jpg,train,186.0,203.0,208.0,638.0,원피스,,,,,,,,롱·긴바지 기장,,,여유핏,,,플로럴,,스팽글
images/1178337e43792501334e6b01ec491a2c.jpg,train,247.0,188.0,177.0,123.0,티셔츠,,,,,반팔,캡 소매,크롭 기장,,보트넥,,레귤러핏,,,무지,,
images/1178337e43792501334e6b01ec491a2c.jpg,train,215.0,305.0,197.0,164.0,스커트,,,,,,,,쇼츠·미니 기장,,,,,A라인,무지,,지퍼
images/70b12a8964babdb5c1e74646865c888e.jpg,train,248.0,257.0,374.0,715.0,원피스,,,,,,,,롱·긴바지 기장,,,,,A라인,,,지퍼|스팽글
images/388853816511fc730778c2809bfc44c9.jpg,train,216.0,304.0,247.0,198.0,티셔츠,,,,,긴팔,기본 소매,기본 기장,,,,여유핏,,,스트라이프,,후드
images/388853816511fc730778c2809bfc44c9.jpg,train,223.0,472.0,58.0,47.0,티셔츠,,,,,,,기본 기장,,,,레귤러핏,,,무지,,
images/388853816511fc730778c2809bfc44c9.jpg,train,243.0,453.0,173.0,112.0,팬츠,,,,,,,,롱·긴바지 기장,,,,,,무지,,
images/ba8c88efcc6ddd75257064bd0f9f9175.jpg,train,225.0,232.0,259.0,389.0,원피스,,,,,반팔,기본 소매,,쇼츠·미니 기장,,,,,A라인,무지,,스팽글
images/7eb30bef5fe2539ce6e5e1fda051e1ab.jpg,train,117.0,311.0,380.0,712.0,점프수트,,,,,반팔,캡 소매,,,V넥,,,,,무지,,지퍼|벨트
images/e901488d473f7143cfaedd4ac12f0c40.jpg,train,252.0,394.0,42.0,89.0,티셔츠,,,,,,,크롭 기장,,,,슬림핏,,,무지,,
images/e901488d473f7143cfaedd4ac12f0c40.jpg,train,211.0,351.0,322.0,672.0,티셔츠,,,,,,,크롭 기장,,라운드넥,,슬림핏,,,무지,,
images/e901488d473f7143cfaedd4ac12f0c40.jpg,train,643.0,402.0,170.0,476.0,티셔츠,,,,,7부 소매,기본 소매,크롭 기장,,,,슬림핏,,,무지,,
images/e901488d473f7143cfaedd4ac12f0c40.jpg,train,327.0,343.0,365.0,680.0,베스트,,,,,,,크롭 기장,,,라펠 칼라,레귤러핏,,,,,단추|포켓
images/e901488d473f7143cfaedd4ac12f0c40.jpg,train,149.0,305.0,255.0,694.0,베스트,,,,,,,크롭 기장,,,라펠 칼라,,,,,,단추
images/15a9a67d49ea97e1ae6c5cff775b8f50.jpg,val_train_split,434.0,190.0,167.0,213.0,탑,,,,,,,크롭 기장,,스퀘어넥,,슬림핏,,,무지,,
images/15a9a67d49ea97e1ae6c5cff775b8f50.jpg,val_train_split,395.0,398.0,212.0,189.0,쇼츠,,,,,,,,쇼츠·미니 기장,,,,,,무지,,포켓|벨트
images/d871be843eab6ff246eb1b320aaaec0c.jpg,train,195.0,217.0,397.0,712.0,원피스,,,,,긴팔,벨 소매,,롱·긴바지 기장,,,,,A라인,무지,,지퍼
images/d55748c9729c82b4806ce9f8841957ba.jpg,train,251.0,256.0,216.0,382.0,원피스,,,,,,,,쇼츠·미니 기장,스퀘어넥,,,,A라인,스트라이프,,포켓|벨트
images/b539364b808902b98aba38581f52ddec.jpg,train,184.0,255.0,360.0,650.0,원피스,,,,,,,,롱·긴바지 기장,,,,,,애니멀,,지퍼
images/4901aaefd2d25e9ab74ba7410812e21c.jpg,train,205.0,203.0,253.0,619.0,원피스,,,,,반팔,캡 소매,,미디·7부 기장,V넥,,,,A라인,무지,,단추
images/4901aaefd2d25e9ab74ba7410812e21c.jpg,train,268.0,219.0,152.0,194.0,베스트,,,,,,,크롭 기장,,V넥,,슬림핏,,,무지,,단추
images/b06991e98f7b080f43e9e755a31a2b25.jpg,train,214.0,232.0,330.0,742.0,원피스,,,,,,,,롱·긴바지 기장,,,,,,무지,,지퍼|프릴·러플|스팽글
images/4341b1940871ef9e701c7e6cd07f8244.jpg,train,155.0,280.0,192.0,172.0,니트,,,,,반팔,기본 소매,크롭 기장,,,,오버핏,,,무지,니트,리본
images/4341b1940871ef9e701c7e6cd07f8244.jpg,train,173.0,424.0,189.0,241.0,코트,,,,,긴팔,,,,,,여유핏,,,무지,,
images/4341b1940871ef9e701c7e6cd07f8244.jpg,train,223.0,470.0,101.0,256.0,청바지,,,,,,,,롱·긴바지 기장,,,,슬림핏,,,데님,
images/4341b1940871ef9e701c7e6cd07f8244.jpg,train,262.0,424.0,24.0,52.0,티셔츠,,,,,,,크롭 기장,,,,레귤러핏,,,무지,,
images/a4987508860dafabdf39caed31bb0500.jpg,val_train_split,125.0,232.0,351.0,675.0,원피스,,,,,,,,롱·긴바지 기장,V넥,,,,A라인,스트라이프|플로럴,,지퍼|프릴·러플
images/77a1ebd15fcee192ea65ebcfb535844a.jpg,train,237.0,304.0,278.0,535.0,원피스,,,,,반팔,캡 소매,,쇼츠·미니 기장,보트넥,,,,H라인,그래픽,,지퍼
images/82ab9093d6930fc23a23823f2bed7b64.jpg,val_train_split,244.0,225.0,196.0,702.0,점프수트,,,,,7부 소매,기본 소매,,롱·긴바지 기장,라운드넥,,,,비대칭,무지,,지퍼
images/75c784955642eac3629a459588a08d54.jpg,train,283.0,463.0,173.0,119.0,쇼츠,,,,,,,,쇼츠·미니 기장,,,,,,무지,,포켓
images/75c784955642eac3629a459588a08d54.jpg,train,261.0,240.0,207.0,245.0,베스트,,,,,,,크롭 기장,,,셔츠 칼라,슬림핏,,,무지,,단추|포켓|지퍼
images/75c784955642eac3629a459588a08d54.jpg,train,291.0,314.0,110.0,157.0,탑,,,,,,,크롭 기장,,,,슬림핏,,,무지,,
images/f4b7671db92ae841c09fd0d96e32337b.jpg,train,201.0,451.0,182.0,260.0,스커트,,,,,,,,무릎 기장,,,,스트레이트핏,H라인,무지,,
images/f4b7671db92ae841c09fd0d96e32337b.jpg,train,188.0,159.0,211.0,358.0,티셔츠,,,,,,,기본 기장,,터틀넥,,레귤러핏,,,무지,,
images/fd071f8578a757dfbe8598521fd70e6b.jpg,val_train_split,238.0,209.0,347.0,702.0,코트,,,,,긴팔,기본 소매,,,,라펠 칼라,여유핏,,,무지,가죽|스웨이드,
images/474423c1056051d5125cbafd3129d860.jpg,train,85.0,241.0,523.0,758.0,코트,,,,,긴팔,래글런 소매,,,,,레귤러핏,,,그래픽,,포켓
images/474423c1056051d5125cbafd3129d860.jpg,train,162.0,592.0,232.0,431.0,청바지,,,,,,,,,,,,,,무지,데님,포켓
images/474423c1056051d5125cbafd3129d860.jpg,train,255.0,266.0,139.0,334.0,티셔츠,,,,,,,크롭 기장,,,,레귤러핏,,,무지,,
images/96a0b2b2cf613efab929e41999cd50f3.jpg,train,265.0,178.0,272.0,520.0,코트,,,,,,,,,,,여유핏,,,무지,,단추|포켓|벨트|후드
images/d83cf04bd2559efb4badbba077609f8f.jpg,train,277.0,461.0,165.0,430.0,팬츠,,,,,,,,롱·긴바지 기장,,,,슬림핏,,무지,,
images/d83cf04bd2559efb4badbba077609f8f.jpg,train,323.0,246.0,121.0,231.0,탑,,,,,,,크롭 기장,,,,슬림핏,,,무지,,
images/d83cf04bd2559efb4badbba077609f8f.jpg,train,233.0,199.0,279.0,390.0,가디건,,,,,긴팔,기본 소매,,,,라펠 칼라,여유핏,,,무지,니트,
images/fea615cf6f1a5cb0d70249471fb9d3c1.jpg,train,195.0,146.0,343.0,300.0,티셔츠,,,,,긴팔,래글런 소매,크롭 기장,,라운드넥,,레귤러핏,,,무지|그래픽,,
images/fea615cf6f1a5cb0d70249471fb9d3c1.jpg,train,230.0,420.0,240.0,383.0,청바지,,,,,,,,미디·7부 기장,,,,,,무지,데님,
images/d528d967b1b90c21ca4d50ef1849e663.jpg,train,117.0,352.0,312.0,454.0,원피스,,,,,긴팔,퍼프 소매,,미디·7부 기장,,셔츠 칼라,,,,무지,,단추|프릴·러플
images/90ba14dba62af73d0dce65148a7d177d.jpg,train,447.0,671.0,301.0,287.0,쇼츠,,,,,,,,쇼츠·미니 기장,,,,,,무지,,포켓
images/90ba14dba62af73d0dce65148a7d177d.jpg,train,428.0,295.0,404.0,450.0,셔츠,,,,,7부 소매,,크롭 기장,,V넥,,여유핏,,,스트라이프,,단추
images/9cdc715bac715c215fc35245bc663749.jpg,train,279.0,290.0,101.0,424.0,원피스,,,,,,,,미디·7부 기장,라운드넥,,,,H라인,무지,,지퍼|벨트
images/9cdc715bac715c215fc35245bc663749.jpg,train,242.0,224.0,204.0,419.0,코트,,,,,긴팔,기본 소매,,,,,여유핏,,,체크,퍼·플리스,단추
images/83ba0d45caa675e4450d18e459bfba6d.jpg,train,220.0,392.0,234.0,561.0,스커트,,,,,,,,롱·긴바지 기장,,,,스트레이트핏,H라인,무지,,스팽글|지퍼
images/83ba0d45caa675e4450d18e459bfba6d.jpg,train,260.0,184.0,188.0,262.0,티셔츠,,,,,,,크롭 기장,,,,,,비대칭,무지,,플리츠
images/e8b8b720bc6ffff04bf00ae6ecc33079.jpg,train,129.0,244.0,343.0,712.0,원피스,,,,,,,,쇼츠·미니 기장,,,,,,도트,,지퍼
images/cf650e8c3df6a28a618c7e42694e970f.jpg,val_train_split,159.0,223.0,206.0,163.0,티셔츠,,,,,반팔,기본 소매,크롭 기장,,라운드넥,,레귤러핏,,,무지|애니멀,,
images/cf650e8c3df6a28a618c7e42694e970f.jpg,val_train_split,179.0,384.0,159.0,360.0,스커트,,,,,,,,쇼츠·미니 기장,,,,,비대칭,무지,,
images/c5edb3a991796aa7294d8862d73ed7d2.jpg,val_train_split,382.0,140.0,247.0,333.0,코트,,,,,긴팔,기본 소매,,,,라펠 칼라,레귤러핏,,,카모,,단추|포켓
images/c5edb3a991796aa7294d8862d73ed7d2.jpg,val_train_split,450.0,217.0,124.0,385.0,원피스,,,,,,,,,,,,,,무지,,지퍼
images/9550fd5be0b81c316248a53387063725.jpg,train,129.0,541.0,371.0,482.0,원피스,,,,,,,,,,,,,A라인,,,스팽글|지퍼
images/9550fd5be0b81c316248a53387063725.jpg,train,149.0,355.0,380.0,496.0,블레이저,,,,,반팔,벨 소매,크롭 기장,,,,레귤러핏,,,도트,,리본
images/1e41ae0fc5a4a34ac0c78a034eef7522.jpg,train,252.0,494.0,164.0,109.0,쇼츠,,,,,,,,쇼츠·미니 기장,,,,슬림핏,,무지,,
images/1e41ae0fc5a4a34ac0c78a034eef7522.jpg,train,189.0,194.0,288.0,347.0,재킷,,,,,긴팔,기본 소매,크롭 기장,,,,레귤러핏,,,그래픽,,지퍼
images/6458f94e7e5b0146699bc77a0e5d0bf0.jpg,train,269.0,222.0,167.0,177.0,티셔츠,,,,,,,크롭 기장,,,,레귤러핏,,,플로럴,,
images/6458f94e7e5b0146699bc77a0e5d0bf0.jpg,train,247.0,389.0,200.0,463.0,팬츠,,,,,,,,롱·긴바지 기장,,,,스트레이트핏,H라인,무지,,
images/6458f94e7e5b0146699bc77a0e5d0bf0.jpg,train,185.0,207.0,125.0,552.0,코트,,,,,긴팔,기본 소매,,,,,여유핏,,,그래픽,,
images/6458f94e7e5b0146699bc77a0e5d0bf0.jpg,train,398.0,239.0,148.0,534.0,코트,,,,,긴팔,기본 소매,,,,,여유핏,,,그래픽,,
images/e76f60d8f4e11567e108587da71e54f6.jpg,train,157.0,129.0,494.0,569.0,코트,,,,,긴팔,기본 소매,,,라운드넥,,여유핏,,,무지,,
images/e76f60d8f4e11567e108587da71e54f6.jpg,train,283.0,150.0,150.0,239.0,니트,,,,,,,크롭 기장,,,,레귤러핏,,,무지,니트,
images/e76f60d8f4e11567e108587da71e54f6.jpg,train,308.0,337.0,196.0,332.0,스커트,,,,,,,,쇼츠·미니 기장,,,,,,무지,,지퍼
images/e72c4e2571f5334a1c3c9eba1253ff9a.jpg,train,202.0,523.0,267.0,251.0,니트,,,,,긴팔,,크롭 기장,,V넥,,오버핏,,,무지,니트,
images/e72c4e2571f5334a1c3c9eba1253ff9a.jpg,train,223.0,761.0,203.0,262.0,팬츠,,,,,,,,,,,,슬림핏,,무지,,포켓
images/6b47f570fbedc31f9ef307775bdd9c90.jpg,train,291.0,492.0,90.0,119.0,스커트,,,,,,,,쇼츠·미니 기장,,,,,,체크,,지퍼
images/6b47f570fbedc31f9ef307775bdd9c90.jpg,train,284.0,325.0,142.0,176.0,블레이저,,,,,7부 소매,기본 소매,크롭 기장,,,라펠 칼라,슬림핏,,,체크,,단추
images/6b47f570fbedc31f9ef307775bdd9c90.jpg,train,288.0,320.0,94.0,172.0,니트,,,,,,,크롭 기장,,라운드넥,,슬림핏,,,무지,니트,
images/06a91dda9474ffe83290ac19eb9cbde6.jpg,val_train_split,284.0,243.0,70.0,156.0,티셔츠,,,,,,,크롭 기장,,,,슬림핏,,,무지,,
images/06a91dda9474ffe83290ac19eb9cbde6.jpg,val_train_split,294.0,423.0,179.0,207.0,스커트,,,,,,,,쇼츠·미니 기장,,,,,A라인,무지,,지퍼
images/06a91dda9474ffe83290ac19eb9cbde6.jpg,val_train_split,319.0,268.0,242.0,191.0,티셔츠,,,,,7부 소매,기본 소매,크롭 기장,,,피터팬 칼라,슬림핏,,,무지,,
images/3e9e1ba71146750d8511c567b3d2ab98.jpg,val_train_split,355.0,260.0,262.0,277.0,가디건,,,,,7부 소매,기본 소매,,,,,슬림핏,,,무지,니트,벨트
images/3e9e1ba71146750d8511c567b3d2ab98.jpg,val_train_split,416.0,256.0,141.0,239.0,티셔츠,,,,,,,크롭 기장,,V넥,,슬림핏,,,무지,,
images/3e9e1ba71146750d8511c567b3d2ab98.jpg,val_train_split,456.0,507.0,58.0,42.0,쇼츠,,,,,,,,쇼츠·미니 기장,,,,,,무지,,
images/3d896d88873bea8ee21cf2b05ee05892.jpg,train,268.0,347.0,297.0,537.0,원피스,,,,,긴팔,기본 소매,,롱·긴바지 기장,스퀘어넥,,,,,무지,,지퍼|스팽글
images/4ea8f9e73a1673808dbc6270ee71323d.jpg,val_train_split,131.0,197.0,227.0,449.0,원피스,,,,,,,,쇼츠·미니 기장,,,오버핏,,,그래픽,,
images/c1f8b0697aacdfb68bf8eebd649c1955.jpg,train,270.0,209.0,134.0,366.0,원피스,,,,,,,,쇼츠·미니 기장,라운드넥,,,,H라인,,,지퍼
images/c1f8b0697aacdfb68bf8eebd649c1955.jpg,train,231.0,216.0,203.0,123.0,티셔츠,,,,,반팔,퍼프 소매,,,,,레귤러핏,,,무지,,
images/db9b3be32fcf8f9d65dd91f9468ec0b8.jpg,train,291.0,163.0,300.0,480.0,원피스,,,,,반팔,퍼프 소매,,쇼츠·미니 기장,,,,,H라인,무지,,리본
images/dd091c93f1409765b4ae095f5d312c4e.jpg,train,132.0,210.0,319.0,692.0,원피스,,,,,,,,롱·긴바지 기장,홀터넥,,,,,,,지퍼
images/ca93b8cb8d2c7ac37fe887af9217ccab.jpg,train,96.0,275.0,373.0,370.0,티셔츠,,,,,긴팔,벨 소매,,,,,레귤러핏,,,무지,,
images/ca93b8cb8d2c7ac37fe887af9217ccab.jpg,train,47.0,286.0,305.0,379.0,원피스,,,,,,,,,라운드넥,,,,A라인,플로럴,,
images/bfa6272e40f614f69a3e50da8d658ce0.jpg,train,219.0,498.0,241.0,393.0,팬츠,,,,,,,,롱·긴바지 기장,,,,,,스트라이프,,플리츠|포켓
images/bfa6272e40f614f69a3e50da8d658ce0.jpg,train,213.0,250.0,254.0,282.0,재킷,,,,,긴팔,기본 소매,크롭 기장,,,스탠드 칼라,슬림핏,,,스트라이프,,지퍼|포켓
images/7c46a6c7dfd0b61598e4f2db24ef18da.jpg,train,423.0,175.0,169.0,301.0,원피스,,,,,,,,무릎 기장,오프숄더,,,,A라인,무지|플로럴,,지퍼
images/d829587c4458acfee95a17eda9260fbf.jpg,train,185.0,540.0,198.0,208.0,스커트,,,,,,,,무릎 기장,,,,,A라인,,,지퍼
images/d829587c4458acfee95a17eda9260fbf.jpg,train,148.0,173.0,255.0,402.0,탑,,,,,반팔,캡 소매,기본 기장,,V넥,,여유핏,,,체크,,플리츠
images/000775b6b5e27b011dc8bba2d7b85211.jpg,train,123.0,370.0,535.0,598.0,티셔츠,,,,,긴팔,래글런 소매,,,,,레귤러핏,,,무지,,
images/000775b6b5e27b011dc8bba2d7b85211.jpg,train,246.0,515.0,435.0,508.0,팬츠,,,,,,,,,,,,,,무지,,벨트
images/a92c95e131e2d1a5f02fc141d28840c3.jpg,train,490.0,248.0,175.0,222.0,탑,,,,,,,크롭 기장,,보트넥,,슬림핏,,,무지,,
images/a92c95e131e2d1a5f02fc141d28840c3.jpg,train,548.0,433.0,180.0,248.0,스커트,,,,,,,,,,,,,A라인,무지,,프릴·러플
images/253aff3bc375270a47ca51ee05aa8dda.jpg,train,106.0,514.0,184.0,378.0,스커트,,,,,,,,미디·7부 기장,,,,,A라인,무지,,
images/253aff3bc375270a47ca51ee05aa8dda.jpg,train,80.0,161.0,301.0,384.0,가디건,,,,,긴팔,기본 소매,기본 기장,,,,오버핏,,,무지,니트,
images/25632460099a389ff105f8a491ff58b0.jpg,train,146.0,320.0,553.0,590.0,티셔츠,,,,,긴팔,래글런 소매,크롭 기장,,,,레귤러핏,,,스트라이프,,
images/25632460099a389ff105f8a491ff58b0.jpg,train,250.0,824.0,360.0,198.0,팬츠,,,,,,,,,,,,슬림핏,,무지,,
images/a416e32b7ff72cca27a1a7f469dba5fa.jpg,train,184.0,195.0,400.0,486.0,탑,,,,,반팔,퍼프 소매,기본 기장,,,,여유핏,,,무지,,
images/a416e32b7ff72cca27a1a7f469dba5fa.jpg,train,0.0,526.0,498.0,155.0,청바지,,,,,,,,,,,,,,무지,데님,
images/3d3cf3a4efb787eea406beec9ff1405c.jpg,val_train_split,298.0,511.0,203.0,450.0,팬츠,,,,,,,,롱·긴바지 기장,,,,스트레이트핏,H라인,스트라이프,,
images/3d3cf3a4efb787eea406beec9ff1405c.jpg,val_train_split,233.0,198.0,303.0,329.0,가디건,,,,,긴팔,기본 소매,크롭 기장,,V넥,,,,,무지,니트,단추
images/311c7a9497e7807a09f5afa589ea2516.jpg,train,180.0,214.0,247.0,374.0,재킷,,,,,긴팔,기본 소매,크롭 기장,,,라펠 칼라,레귤러핏,,,무지,,지퍼
images/311c7a9497e7807a09f5afa589ea2516.jpg,train,224.0,266.0,182.0,324.0,원피스,,,,,,,,쇼츠·미니 기장,라운드넥,,,,A라인,무지,,지퍼|포켓|벨트
images/311c7a9497e7807a09f5afa589ea2516.jpg,train,224.0,581.0,186.0,209.0,팬츠,,,,,,,,,,,,슬림핏,,무지,,
images/3fbac3bc8fc12aa3fb0ea08dace0a554.jpg,train,207.0,505.0,171.0,388.0,팬츠,,,,,,,,,,,,,,무지,,포켓|벨트
images/3fbac3bc8fc12aa3fb0ea08dace0a554.jpg,train,140.0,215.0,292.0,315.0,티셔츠,,,,,긴팔,,기본 기장,,라운드넥,,오버핏,,,무지,,
images/810d31e67b2e13c9682d82158d3e5b0b.jpg,val_train_split,270.0,237.0,206.0,442.0,원피스,,,,,,,,쇼츠·미니 기장,,,,,,무지,니트,
images/810d31e67b2e13c9682d82158d3e5b0b.jpg,val_train_split,233.0,212.0,264.0,325.0,재킷,,,,,긴팔,기본 소매,크롭 기장,,,스탠드 칼라,슬림핏,,비대칭,무지,,지퍼
images/e672b538faf81184cb31ae19ad1e0933.jpg,train,223.0,191.0,289.0,391.0,원피스,,,,,7부 소매,기본 소매,,쇼츠·미니 기장,,피터팬 칼라,,,H라인,스트라이프,,지퍼
images/adef062df128631fdc6acb961d78568b.jpg,train,290.0,347.0,124.0,216.0,탑,,,,,,,크롭 기장,,,,여유핏,,,체크,,
images/adef062df128631fdc6acb961d78568b.jpg,train,187.0,534.0,253.0,420.0,팬츠,,,,,,,,롱·긴바지 기장,,,,,,무지,,
images/ca0ff96592bd01f72694244d9410f6dd.jpg,val_train_split,269.0,427.0,143.0,485.0,청바지,,,,,,,,롱·긴바지 기장,,,,,,무지,데님,
images/ca0ff96592bd01f72694244d9410f6dd.jpg,val_train_split,194.0,161.0,294.0,507.0,코트,,,,,긴팔,기본 소매,,,,라펠 칼라,레귤러핏,,,그래픽,,단추
images/ca0ff96592bd01f72694244d9410f6dd.jpg,val_train_split,285.0,168.0,89.0,263.0,셔츠,,,,,,,,,,셔츠 칼라,여유핏,,,무지,,단추
images/857e9ada3543839fdda78dde79174c98.jpg,train,222.0,331.0,313.0,398.0,원피스,,,,,,,,무릎 기장,,,,,,무지|그래픽,,지퍼
images/8e0fc73184878d8e3e42ba4d95d4d118.jpg,train,221.0,275.0,204.0,449.0,원피스,,,,,,,,쇼츠·미니 기장,,,,,H라인,무지|그래픽,,지퍼
images/69cb0d32256f02a23b94f626838f6074.jpg,train,345.0,327.0,92.0,103.0,탑,,,,,,,크롭 기장,,,,슬림핏,,,무지,,
images/69cb0d32256f02a23b94f626838f6074.jpg,train,340.0,285.0,148.0,150.0,베스트,,,,,,,크롭 기장,,,,레귤러핏,,,스트라이프,,단추
images/69cb0d32256f02a23b94f626838f6074.jpg,train,291.0,463.0,191.0,397.0,팬츠,,,,,,,,미디·7부 기장,,,,,,무지,,플리츠|포켓|벨트
images/143bed93dc182847e401264bb0743034.jpg,train,288.0,267.0,331.0,319.0,티셔츠,,,,,반팔,기본 소매,,,라운드넥,,레귤러핏,,,도트,,
images/143bed93dc182847e401264bb0743034.jpg,train,7.0,396.0,382.0,340.0,스커트,,,,,,,,,,,,스트레이트핏,H라인,무지,,지퍼
images/90599e7873508a829829dd50abdf78d4.jpg,train,233.0,345.0,203.0,352.0,원피스,,,,,긴팔,래글런 소매,,쇼츠·미니 기장,라운드넥,,,,,무지,니트,플리츠|프릴·러플
images/b6b32e90d9284f57b7acb246697e21f7.jpg,train,155.0,140.0,304.0,480.0,원피스,,,,,긴팔,,,쇼츠·미니 기장,터틀넥,,여유핏,,,무지,니트,
images/9be973fb190fe7ffbe830709d1b1a04f.jpg,train,261.0,232.0,257.0,470.0,원피스,,,,,,,,쇼츠·미니 기장,터틀넥,,,,비대칭,무지,니트,벨트
images/ff7445dcc6299c1e0688d875a7cf9f44.jpg,train,290.0,303.0,212.0,302.0,원피스,,,,,,,,쇼츠·미니 기장,,,오버핏,,,무지,니트,
images/ff7445dcc6299c1e0688d875a7cf9f44.jpg,train,298.0,283.0,211.0,166.0,재킷,,,,,반팔,퍼프 소매,크롭 기장,,,스탠드 칼라,여유핏,,,무지,,
images/152a81692a46ba2231ca0780333a51d3.jpg,val_train_split,327.0,231.0,29.0,86.0,탑,,,,,,,,,,,슬림핏,,,무지,,
images/152a81692a46ba2231ca0780333a51d3.jpg,val_train_split,206.0,179.0,295.0,758.0,코트,,,,,긴팔,벨 소매,,,,,여유핏,,,무지,,포켓
images/eed8042f1efdc3306ac6e71d0b3ad23a.jpg,train,172.0,239.0,189.0,475.0,원피스,,,,,,,,무릎 기장,홀터넥,,,,,무지,,
images/19defa246cef47aadc23fcd4831b89db.jpg,train,191.0,322.0,225.0,554.0,점프수트,,,,,긴팔,기본 소매,,롱·긴바지 기장,,,레귤러핏,,,,,지퍼
images/b7c454ed7c2431ee6b8c94c15cbbb365.jpg,train,269.0,449.0,166.0,455.0,팬츠,,,,,,,,롱·긴바지 기장,,,,,,무지,,
images/b7c454ed7c2431ee6b8c94c15cbbb365.jpg,train,233.0,238.0,252.0,308.0,재킷,,,,,긴팔,기본 소매,크롭 기장,,,스탠드 칼라,슬림핏,,비대칭,무지,,지퍼
images/5fb9b038518a94dbac8a77ee1d220e4f.jpg,train,251.0,480.0,175.0,197.0,스커트,,,,,,,,쇼츠·미니 기장,,,,,A라인,체크,,지퍼
images/5fb9b038518a94dbac8a77ee1d220e4f.jpg,train,212.0,337.0,210.0,154.0,티셔츠,,,,,반팔,,,,오프숄더,,레귤러핏,,,무지,,
images/ab0917a196a77b3a80c12ec87d40da95.jpg,train,280.0,223.0,203.0,209.0,탑,,,,,,,크롭 기장,,,,슬림핏,,,애니멀,,
images/ab0917a196a77b3a80c12ec87d40da95.jpg,train,196.0,440.0,219.0,157.0,쇼츠,,,,,,,,쇼츠·미니 기장,,,,,,무지,,
images/49e72355754823edd48687fc41ceabd0.jpg,train,350.0,338.0,112.0,45.0,스커트,,,,,,,,쇼츠·미니 기장,,,,스트레이트핏,H라인,무지,,플리츠|지퍼
images/49e72355754823edd48687fc41ceabd0.jpg,train,344.0,154.0,149.0,195.0,니트,,,,,긴팔,래글런 소매,,,라운드넥,,레귤러핏,,,무지,니트,
images/88f71154cae3724a633fa8f9745a5cbc.jpg,train,601.0,156.0,118.0,514.0,점프수트,,,,,,,,롱·긴바지 기장,,,레귤러핏,,,무지,,지퍼
images/88f71154cae3724a633fa8f9745a5cbc.jpg,train,549.0,149.0,208.0,301.0,재킷,,,,,7부 소매,,크롭 기장,,,라펠 칼라,오버핏,,,무지,,
images/e4dc18c73af07df17a433bcef5f6327e.jpg,train,41.0,312.0,441.0,647.0,가디건,,,,,긴팔,,,,,,여유핏,,,무지,니트,단추
images/e4dc18c73af07df17a433bcef5f6327e.jpg,train,292.0,340.0,128.0,319.0,탑,,,,,,,크롭 기장,,라운드넥,,레귤러핏,,,무지,,
images/e4dc18c73af07df17a433bcef5f6327e.jpg,train,199.0,647.0,352.0,376.0,청바지,,,,,,,,,,,,슬림핏,,무지,데님,포켓
images/9ea8007a7eccff2074a01d012b1f7168.jpg,train,576.0,198.0,224.0,357.0,원피스,,,,,7부 소매,퍼프 소매,,쇼츠·미니 기장,,칼라 없음,,,,,,플리츠|지퍼|포켓
images/68f574226e16cee7766d57ce2f1464de.jpg,train,599.0,219.0,299.0,471.0,니트,,,,,긴팔,,,,오프숄더,,여유핏,,,무지,니트,
images/68f574226e16cee7766d57ce2f1464de.jpg,train,275.0,383.0,552.0,313.0,청바지,,,,,,,,롱·긴바지 기장,,,,,,무지,데님,
images/82692be3e78e8e0a22c795427b85dedf.jpg,val_train_split,187.0,195.0,240.0,439.0,티셔츠,,,,,7부 소매,벨 소매,,,,,여유핏,,비대칭,스트라이프,,
images/82692be3e78e8e0a22c795427b85dedf.jpg,val_train_split,225.0,461.0,184.0,280.0,팬츠,,,,,,,,미디·7부 기장,,,,,,스트라이프,,
images/4bbd41fa881936765c02469135e50433.jpg,train,218.0,204.0,178.0,343.0,점프수트,,,,,반팔,캡 소매,,쇼츠·미니 기장,,,레귤러핏,,,무지,,단추|벨트
images/6742fe0d07b63cf35b1febbe4fa6e199.jpg,train,64.0,497.0,607.0,487.0,탑,,,,,반팔,벨 소매,크롭 기장,,,,레귤러핏,,,,,지퍼
images/e1d8e922177c80557afa4263fe5c333d.jpg,train,211.0,216.0,331.0,680.0,원피스,,,,,,,,롱·긴바지 기장,보트넥,,,,,,,지퍼|프릴·러플
images/1c377c87282e897b61047f64fd8be67c.jpg,train,319.0,226.0,172.0,438.0,원피스,,,,,,,,쇼츠·미니 기장,라운드넥,,,,X라인,무지,,지퍼
images/1c377c87282e897b61047f64fd8be67c.jpg,train,205.0,206.0,297.0,489.0,코트,,,,,긴팔,기본 소매,,,,,레귤러핏,,,무지,,단추|프릴·러플
images/e71213118b5e01eeac2db341d3d0f0c1.jpg,val_train_split,225.0,603.0,401.0,230.0,스커트,,,,,,,,쇼츠·미니 기장,,,,,A라인,무지,,플리츠|지퍼
images/e71213118b5e01eeac2db341d3d0f0c1.jpg,val_train_split,341.0,352.0,144.0,277.0,셔츠,,,,,,,크롭 기장,,,라펠 칼라,레귤러핏,,,무지,,단추|지퍼
images/e71213118b5e01eeac2db341d3d0f0c1.jpg,val_train_split,185.0,340.0,447.0,428.0,재킷,,,,,7부 소매,,기본 기장,,,,여유핏,,,,,벨트
images/e9d77067389acfaa2897de087ec279a1.jpg,train,363.0,265.0,311.0,356.0,원피스,,,,,긴팔,,,쇼츠·미니 기장,라운드넥,,오버핏,,,무지,니트,
images/8dc40383ed66fae60e48456a82898130.jpg,train,501.0,476.0,126.0,274.0,원피스,,,,,반팔,캡 소매,,무릎 기장,보트넥,,,,H라인,플로럴,,지퍼
images/cdf8b35a72c9c42a0699c19ee1f0ed89.jpg,train,425.0,461.0,242.0,435.0,청바지,,,,,,,,롱·긴바지 기장,,,,슬림핏,,무지,데님,
images/cdf8b35a72c9c42a0699c19ee1f0ed89.jpg,train,389.0,238.0,236.0,291.0,니트,,,,,7부 소매,,크롭 기장,,보트넥,,여유핏,,,무지,니트,포켓
images/463d4e2929945fc822d371bf0ed49056.jpg,train,131.0,855.0,326.0,168.0,팬츠,,,,,,,,,,,,,,무지,,
images/463d4e2929945fc822d371bf0ed49056.jpg,train,41.0,239.0,521.0,661.0,코트,,,,,긴팔,기본 소매,,,,라펠 칼라,슬림핏,,,무지,가죽,포켓|벨트
images/821ec1ae5ceb050717efa0bc85355f0b.jpg,val_train_split,120.0,208.0,367.0,703.0,원피스,,,,,,,,롱·긴바지 기장,홀터넥,,,,,무지,,지퍼
images/2ca60f67cf8da29517cda35e07e4d1d4.jpg,train,232.0,210.0,191.0,408.0,원피스,,,,,,,,쇼츠·미니 기장,,,,,비대칭,애니멀,,지퍼
images/7e15a81ade3a13e0a68e9af945b6236e.jpg,train,202.0,405.0,214.0,544.0,스커트,,,,,,,,롱·긴바지 기장,,,,,A라인,무지,,플리츠
images/7e15a81ade3a13e0a68e9af945b6236e.jpg,train,219.0,208.0,222.0,204.0,티셔츠,,,,,반팔,캡 소매,크롭 기장,,라운드넥,,슬림핏,,,무지,,
images/f114424b146bbac14feed5b860350369.jpg,train,140.0,263.0,243.0,497.0,원피스,,,,,,,,무릎 기장,,,,,X라인,무지,,지퍼
images/b7b4bdfc9943cf1eb16327a1613551d4.jpg,train,154.0,212.0,290.0,542.0,원피스,,,,,,,,쇼츠·미니 기장,홀터넥,,,,,,,플리츠|벨트
images/a4af22f819357cb3187ce7cbbc7168ac.jpg,train,457.0,616.0,119.0,211.0,팬츠,,,,,,,,미디·7부 기장,,,,와이드핏,,무지,,
images/a4af22f819357cb3187ce7cbbc7168ac.jpg,train,413.0,230.0,201.0,407.0,코트,,,,,,기본 소매,,,,셔츠 칼라,슬림핏,,,무지,가죽|스웨이드,포켓
images/1435a0ea78a896cae4b7b5f997a19877.jpg,train,545.0,224.0,216.0,239.0,원피스,,,,,긴팔,,,쇼츠·미니 기장,오프숄더,,,,X라인,무지,,플리츠
images/58be4c52013a81f47f7b82466e76b156.jpg,train,68.0,321.0,188.0,307.0,점프수트,,,,,,,,쇼츠·미니 기장,,,슬림핏,,,무지,,스팽글
images/47a807d0155bdea34474c864473ee342.jpg,train,0.0,583.0,309.0,440.0,팬츠,,,,,,,,,,,,스트레이트핏,H라인,무지,,
images/47a807d0155bdea34474c864473ee342.jpg,train,20.0,111.0,380.0,561.0,가디건,,,,,,기본 소매,크롭 기장,,,칼라 없음,레귤러핏,,,무지,니트,단추
images/eb233ba9a294351cb1d597d9ce488c0d.jpg,train,48.0,315.0,509.0,672.0,탑,,,,,7부 소매,,기본 기장,,,,오버핏,,,무지|도트,,
images/eb233ba9a294351cb1d597d9ce488c0d.jpg,train,69.0,759.0,405.0,264.0,스커트,,,,,,,,,,,,스트레이트핏,H라인,무지,,지퍼
images/ba479dbda840fcb4b930517ff5e94015.jpg,val_train_split,112.0,236.0,354.0,726.0,원피스,,,,,,,,쇼츠·미니 기장,스퀘어넥,,,,A라인,무지,,지퍼
images/b8f538e52799a33e9787570fb670b4a0.jpg,train,429.0,458.0,566.0,326.0,탑,,,,,7부 소매,,크롭 기장,,오프숄더,,여유핏,,,무지,,포켓
images/70b7f2252ccda497895e48cca01dae39.jpg,val_train_split,195.0,372.0,253.0,348.0,셔츠,,,,,긴팔,기본 소매,기본 기장,,,피터팬 칼라,레귤러핏,,,플로럴,,단추
images/70b7f2252ccda497895e48cca01dae39.jpg,val_train_split,245.0,698.0,203.0,324.0,팬츠,,,,,,,,,,,,,,플로럴,,
images/fb3d9f6c1bd922dc7d53a341f7f2b496.jpg,train,277.0,300.0,144.0,336.0,원피스,,,,,,,,쇼츠·미니 기장,라운드넥,,,,A라인,그래픽|도트,,지퍼
images/fb3d9f6c1bd922dc7d53a341f7f2b496.jpg,train,238.0,290.0,275.0,361.0,코트,,,,,긴팔,기본 소매,,,,라펠 칼라,오버핏,,,,,
images/5e7c76814d5eeebef2450387e99d2272.jpg,train,90.0,613.0,348.0,409.0,스커트,,,,,,,,쇼츠·미니 기장,,,,스트레이트핏,H라인,무지,,포켓
images/5e7c76814d5eeebef2450387e99d2272.jpg,train,57.0,294.0,301.0,539.0,티셔츠,,,,,반팔,퍼프 소매,크롭 기장,,,,슬림핏,,,무지,,
images/ac1caad328cdaf65584e3f971b1a40ff.jpg,train,255.0,174.0,256.0,441.0,코트,,,,,긴팔,기본 소매,,,,라펠 칼라,레귤러핏,,,무지,,단추
images/ac1caad328cdaf65584e3f971b1a40ff.jpg,train,204.0,488.0,253.0,355.0,팬츠,,,,,,,,롱·긴바지 기장,,,,슬림핏,,무지,,
images/ac1caad328cdaf65584e3f971b1a40ff.jpg,train,244.0,376.0,273.0,109.0,니트,,,,,긴팔,기본 소매,,,,,레귤러핏,,,무지,니트,
images/b72f66aa0849775091f13cbc4e331d65.jpg,train,137.0,210.0,428.0,498.0,원피스,,,,,반팔,캡 소매,,무릎 기장,홀터넥,,,,,플로럴,,플리츠
images/97cc3174dbb44747ec6e9e3bc677b8b8.jpg,train,249.0,228.0,184.0,311.0,점프수트,,,,,,,,쇼츠·미니 기장,,,슬림핏,,,플로럴,,지퍼
images/9bf2a25482bdb3019d53e5a782bc584f.jpg,train,123.0,204.0,214.0,335.0,원피스,,,,,,,,쇼츠·미니 기장,,,,,O라인,무지,,지퍼
images/7d0518774f0baee9725fa65843dc214c.jpg,train,250.0,215.0,115.0,150.0,탑,,,,,,,크롭 기장,,홀터넥,,슬림핏,,,,,
images/7d0518774f0baee9725fa65843dc214c.jpg,train,193.0,387.0,205.0,198.0,스커트,,,,,,,,쇼츠·미니 기장,,,,,A라인,,,지퍼
images/d347fccadc4b7517f983fd965f3cd660.jpg,train,419.0,433.0,168.0,248.0,스커트,,,,,,,,,,,,,A라인,,,지퍼
images/d347fccadc4b7517f983fd965f3cd660.jpg,train,422.0,211.0,163.0,230.0,탑,,,,,,,크롭 기장,,,,슬림핏,,,무지,,스팽글
images/4dc82eac8970b5940b3fd60cf771b0ec.jpg,train,20.0,210.0,597.0,813.0,코트,,,,,긴팔,기본 소매,,,,,레귤러핏,,,무지,,단추|포켓|지퍼
images/4dc82eac8970b5940b3fd60cf771b0ec.jpg,train,111.0,693.0,404.0,330.0,팬츠,,,,,,,,,,,,슬림핏,,무지,,
images/4dc82eac8970b5940b3fd60cf771b0ec.jpg,train,170.0,638.0,211.0,170.0,니트,,,,,긴팔,기본 소매,,,,,레귤러핏,,,무지,니트,
images/695537c60333b3c6d79f88ad1851dbbf.jpg,val_train_split,170.0,664.0,260.0,359.0,청바지,,,,,,,,,,,,슬림핏,,무지,데님,포켓|지퍼
images/695537c60333b3c6d79f88ad1851dbbf.jpg,val_train_split,51.0,145.0,486.0,614.0,티셔츠,,,,,긴팔,래글런 소매,크롭 기장,,라운드넥,,여유핏,,,무지,,
images/026f81f30d9ec9ba6944322bebd8a471.jpg,train,171.0,233.0,278.0,744.0,원피스,,,,,긴팔,기본 소매,,롱·긴바지 기장,터틀넥,,,,,도트,,지퍼|벨트
images/b78423688872e43e2dc2c3d9cbaa4a65.jpg,val_train_split,157.0,243.0,247.0,412.0,원피스,,,,,,,,쇼츠·미니 기장,,,,,,무지,,플리츠
images/b78423688872e43e2dc2c3d9cbaa4a65.jpg,val_train_split,119.0,143.0,294.0,338.0,재킷,,,,,7부 소매,기본 소매,크롭 기장,,,스탠드 칼라,레귤러핏,,,무지,,지퍼
images/f7131ad06c5735b293ff7f13be9a17c5.jpg,train,148.0,274.0,213.0,425.0,원피스,,,,,,,,쇼츠·미니 기장,스퀘어넥,,,,A라인,무지,,지퍼
images/eea76211c790d725a7dd027a99213afb.jpg,train,193.0,538.0,136.0,127.0,쇼츠,,,,,,,,쇼츠·미니 기장,,,,슬림핏,,무지,,
images/eea76211c790d725a7dd027a99213afb.jpg,train,126.0,250.0,258.0,307.0,탑,,,,,7부 소매,벌룬 소매,크롭 기장,,오프숄더,,여유핏,,,무지,,
images/63847c8350753003a0429db90b7288a4.jpg,train,74.0,365.0,563.0,589.0,원피스,,,,,긴팔,래글런 소매,,쇼츠·미니 기장,,,,,,무지,,지퍼
images/28ad67e10a254228ac690e44ca36aeac.jpg,val_train_split,194.0,892.0,226.0,131.0,팬츠,,,,,,,,,,,,슬림핏,,무지,,
images/28ad67e10a254228ac690e44ca36aeac.jpg,val_train_split,116.0,372.0,336.0,556.0,원피스,,,,,반팔,퍼프 소매,,쇼츠·미니 기장,오프숄더,,,,A라인,무지,,
images/f1d4fb7917686fce630fa62be98f1c29.jpg,train,209.0,276.0,286.0,310.0,티셔츠,,,,,긴팔,기본 소매,크롭 기장,,,칼라 없음,레귤러핏,,,무지,,
images/f1d4fb7917686fce630fa62be98f1c29.jpg,train,269.0,572.0,187.0,383.0,팬츠,,,,,,,,롱·긴바지 기장,,,,,,무지,,
images/ad3c729fe8fcf7fab457fce834813e80.jpg,val_train_split,129.0,312.0,413.0,634.0,원피스,,,,,반팔,퍼프 소매,,쇼츠·미니 기장,,,,,A라인,무지,,지퍼
images/85e11c901a7ac743a23f705598cde1af.jpg,val_train_split,295.0,215.0,298.0,434.0,원피스,,,,,7부 소매,기본 소매,,쇼츠·미니 기장,보트넥,,오버핏,,,,,
images/2dd4ed5fccd3b12a6f9c66a81b979ce6.jpg,train,176.0,186.0,405.0,257.0,가디건,,,,,반팔,기본 소매,크롭 기장,,,라펠 칼라,레귤러핏,,,무지,니트,리본
images/2dd4ed5fccd3b12a6f9c66a81b979ce6.jpg,train,311.0,290.0,147.0,194.0,탑,,,,,,,크롭 기장,,,,슬림핏,,,무지,,
images/2dd4ed5fccd3b12a6f9c66a81b979ce6.jpg,train,305.0,392.0,207.0,274.0,스커트,,,,,,,,쇼츠·미니 기장,,,,,A라인,무지,,
images/bd89b8a9a641bc94dfc04fedbe3a9b9d.jpg,train,296.0,250.0,270.0,359.0,원피스,,,,,,,,쇼츠·미니 기장,,,,,X라인,체크,,지퍼|벨트
images/806162fa9fe31365c9a265ea9d6d9b35.jpg,val_train_split,249.0,262.0,189.0,390.0,원피스,,,,,,,,쇼츠·미니 기장,,,,,,애니멀,,지퍼|벨트
images/ba739b05316025af041b2da8b75fa8de.jpg,train,260.0,242.0,158.0,335.0,원피스,,,,,,,,쇼츠·미니 기장,오프숄더,,,,,무지,,지퍼
images/bf2a37d16337e34e129e389fda781233.jpg,train,339.0,379.0,341.0,643.0,코트,,,,,긴팔,,,,,칼라 없음,여유핏,,,무지,,
images/bf2a37d16337e34e129e389fda781233.jpg,train,368.0,404.0,163.0,480.0,원피스,,,,,,,,쇼츠·미니 기장,,,,,A라인,도트,,
images/92a269c5d2f873a7af420d9cb22b53d2.jpg,train,258.0,236.0,220.0,332.0,티셔츠,,,,,,,,,,,레귤러핏,,비대칭,무지,,
images/92a269c5d2f873a7af420d9cb22b53d2.jpg,train,224.0,158.0,236.0,289.0,재킷,,,,,7부 소매,,크롭 기장,,,셔츠 칼라,레귤러핏,,,무지,퍼·플리스,지퍼|벨트
images/92a269c5d2f873a7af420d9cb22b53d2.jpg,train,260.0,452.0,162.0,404.0,팬츠,,,,,,,,롱·긴바지 기장,,,,,,무지,,
images/64d317cf9e8fee073e62cb57a14816b9.jpg,train,130.0,508.0,415.0,515.0,점프수트,,,,,,,,,,,여유핏,,,무지,,
images/b7f8dbe0d681671fc893c36728c234af.jpg,train,195.0,345.0,213.0,252.0,니트,,,,,긴팔,기본 소매,크롭 기장,,보트넥,,레귤러핏,,,무지,니트,
images/b7f8dbe0d681671fc893c36728c234af.jpg,train,235.0,547.0,147.0,303.0,팬츠,,,,,,,,롱·긴바지 기장,,,,,,무지,,
images/c79ef3945f1a78b4721f7e6e09f9fa1c.jpg,val_train_split,123.0,192.0,270.0,505.0,원피스,,,,,긴팔,기본 소매,,무릎 기장,,칼라 없음,,,,,,포켓|벨트
images/003e4ee955f0a919440714bb6afefb94.jpg,train,247.0,266.0,213.0,284.0,티셔츠,,,,,긴팔,기본 소매,,,,,슬림핏,,,무지,,
images/003e4ee955f0a919440714bb6afefb94.jpg,train,193.0,405.0,268.0,339.0,스커트,,,,,,,,,,,,,A라인,플로럴,,플리츠|지퍼
images/9bb49f6cb91283db48e5c989a65ad127.jpg,train,218.0,284.0,198.0,317.0,원피스,,,,,,,,쇼츠·미니 기장,,,,,,그래픽,,지퍼|벨트
images/de535efc86390d2916e1cba06b8771a9.jpg,train,196.0,422.0,255.0,351.0,탑,,,,,,,,,,,슬림핏,,,도트,,
images/de535efc86390d2916e1cba06b8771a9.jpg,train,53.0,723.0,599.0,300.0,스커트,,,,,,,,쇼츠·미니 기장,,,,,,그래픽,,플리츠|지퍼
images/c85fdf372cde78c4fe73f94052932d39.jpg,val_train_split,184.0,505.0,309.0,225.0,탑,,,,,,,크롭 기장,,,,슬림핏,,,무지,,
images/c85fdf372cde78c4fe73f94052932d39.jpg,val_train_split,138.0,341.0,365.0,468.0,베스트,,,,,,,크롭 기장,,,셔츠 칼라,레귤러핏,,,무지,,단추|포켓
images/c85fdf372cde78c4fe73f94052932d39.jpg,val_train_split,139.0,713.0,381.0,289.0,쇼츠,,,,,,,,쇼츠·미니 기장,,,,슬림핏,,무지,,포켓
images/e581d06b09b3d116202a130e99b6ff9b.jpg,train,68.0,271.0,298.0,507.0,탑,,,,,반팔,퍼프 소매,크롭 기장,,오프숄더,,여유핏,,,도트,,프릴·러플
images/e581d06b09b3d116202a130e99b6ff9b.jpg,train,65.0,707.0,251.0,285.0,스커트,,,,,,,,쇼츠·미니 기장,,,,,,무지,,포켓
images/12fd93a91d9b14fee54532b3c52d94d9.jpg,train,258.0,456.0,185.0,413.0,팬츠,,,,,,,,,,,,슬림핏,,무지,,
images/12fd93a91d9b14fee54532b3c52d94d9.jpg,train,251.0,176.0,193.0,306.0,니트,,,,,긴팔,,크롭 기장,,보트넥,,레귤러핏,,,,니트,
images/35e66fefa0c2fa24a57cb0e6cf3124ec.jpg,train,508.0,361.0,78.0,88.0,스커트,,,,,,,,쇼츠·미니 기장,,,,스트레이트핏,H라인,도트,,지퍼
images/35e66fefa0c2fa24a57cb0e6cf3124ec.jpg,train,512.0,294.0,79.0,108.0,탑,,,,,,,기본 기장,,,,레귤러핏,,,무지,,
images/35e66fefa0c2fa24a57cb0e6cf3124ec.jpg,train,435.0,270.0,171.0,263.0,코트,,,,,,,,,,라펠 칼라,여유핏,,,무지,,
images/9a66aa7d5fefb992ce4f0bdf8d6dd8ba.jpg,train,125.0,572.0,179.0,368.0,팬츠,,,,,,,,롱·긴바지 기장,,,,슬림핏,,무지,,
images/9a66aa7d5fefb992ce4f0bdf8d6dd8ba.jpg,train,81.0,157.0,239.0,427.0,원피스,,,,,반팔,캡 소매,,쇼츠·미니 기장,,,,,,무지,니트,
images/9a66aa7d5fefb992ce4f0bdf8d6dd8ba.jpg,train,233.0,339.0,236.0,302.0,재킷,,,,,,,크롭 기장,,,,여유핏,,,무지,퍼·플리스,
images/95157a247e83dc4d2da192120d1b2e6d.jpg,train,302.0,426.0,205.0,227.0,쇼츠,,,,,,,,쇼츠·미니 기장,,,,,,스트라이프,,단추
images/95157a247e83dc4d2da192120d1b2e6d.jpg,train,407.0,302.0,96.0,132.0,탑,,,,,,,,,,,슬림핏,,,무지,,
images/95157a247e83dc4d2da192120d1b2e6d.jpg,train,195.0,222.0,433.0,328.0,블레이저,,,,,긴팔,래글런 소매,크롭 기장,,,,레귤러핏,,,무지,,
images/4c800b8b01965e6e11307fcca617d5ce.jpg,train,247.0,322.0,161.0,181.0,베스트,,,,,,,크롭 기장,,,칼라 없음,슬림핏,,,체크,,단추|지퍼
images/4c800b8b01965e6e11307fcca617d5ce.jpg,train,188.0,488.0,309.0,449.0,팬츠,,,,,,,,롱·긴바지 기장,,,,와이드핏,,무지|플로럴,,플리츠|포켓
images/4c800b8b01965e6e11307fcca617d5ce.jpg,train,177.0,196.0,336.0,312.0,재킷,,,,,긴팔,,크롭 기장,,,,레귤러핏,,,무지,,지퍼
images/81322c491c5b2f8a1abc08689ac92492.jpg,train,121.0,191.0,297.0,503.0,원피스,,,,,7부 소매,벨 소매,,쇼츠·미니 기장,,,,,,무지,,
images/2c1d35560df45335a2ee352c68aaf8d6.jpg,train,286.0,471.0,159.0,424.0,팬츠,,,,,,,,롱·긴바지 기장,,,,스트레이트핏,H라인,무지,,
images/2c1d35560df45335a2ee352c68aaf8d6.jpg,train,308.0,204.0,81.0,251.0,셔츠,,,,,,,,,,셔츠 칼라,레귤러핏,,,,,단추|리본
images/2c1d35560df45335a2ee352c68aaf8d6.jpg,train,219.0,211.0,323.0,367.0,재킷,,,,,긴팔,기본 소매,크롭 기장,,,라펠 칼라,레귤러핏,,,무지,,단추|포켓|벨트
images/81a270269decc7fca76b894c8e16bb58.jpg,train,139.0,181.0,335.0,802.0,원피스,,,,,,,,롱·긴바지 기장,스퀘어넥,,,,A라인,플로럴,,플리츠|지퍼
images/f9b2be5381ff936438dd9f4510530248.jpg,train,213.0,235.0,266.0,309.0,블레이저,,,,,긴팔,벌룬 소매,크롭 기장,,,,레귤러핏,,,무지,,
images/f9b2be5381ff936438dd9f4510530248.jpg,train,249.0,275.0,211.0,349.0,원피스,,,,,,,,쇼츠·미니 기장,라운드넥,,,,A라인,무지,,지퍼
images/be80e115eb8358259febe774f299bac0.jpg,train,285.0,308.0,117.0,250.0,베스트,,,,,,,크롭 기장,,,,레귤러핏,,,무지,,단추|포켓
images/be80e115eb8358259febe774f299bac0.jpg,train,207.0,260.0,292.0,326.0,재킷,,,,,긴팔,기본 소매,크롭 기장,,,라펠 칼라,레귤러핏,,,무지,,포켓
images/be80e115eb8358259febe774f299bac0.jpg,train,302.0,260.0,70.0,123.0,셔츠,,,,,,,,,,셔츠 칼라,레귤러핏,,,도트,,단추
images/be80e115eb8358259febe774f299bac0.jpg,train,264.0,532.0,199.0,376.0,팬츠,,,,,,,,롱·긴바지 기장,,,,스트레이트핏,H라인,무지,,포켓
images/4705089aabe22e9ed4f240dad1fbee8b.jpg,val_train_split,194.0,165.0,270.0,452.0,원피스,,,,,긴팔,래글런 소매,,쇼츠·미니 기장,,,,,,무지,,지퍼
images/2dafbee8005e455f8347464682b53aa8.jpg,val_train_split,259.0,619.0,162.0,208.0,팬츠,,,,,,,,롱·긴바지 기장,,,,슬림핏,,플로럴,,
images/2dafbee8005e455f8347464682b53aa8.jpg,val_train_split,225.0,305.0,262.0,362.0,코트,,,,,긴팔,기본 소매,,,,,,,,무지,퍼·플리스,지퍼|벨트
images/aa086a4af5cb977af999cc17c8103c2f.jpg,val_train_split,218.0,412.0,237.0,207.0,스커트,,,,,,,,쇼츠·미니 기장,,,,플레어핏,,무지,,지퍼
images/aa086a4af5cb977af999cc17c8103c2f.jpg,val_train_split,208.0,259.0,254.0,316.0,탑,,,,,긴팔,,크롭 기장,,오프숄더,,레귤러핏,,,무지,,
images/7b15b34d377e7ec4acddd266887395ab.jpg,train,206.0,562.0,195.0,70.0,쇼츠,,,,,,,,쇼츠·미니 기장,,,,,,무지,,
images/7b15b34d377e7ec4acddd266887395ab.jpg,train,148.0,259.0,254.0,349.0,탑,,,,,,,기본 기장,,스퀘어넥,,여유핏,,,무지,,
images/770cb921a624f95748aa619571ed1812.jpg,train,241.0,473.0,477.0,395.0,청바지,,,,,,,,롱·긴바지 기장,,,,슬림핏,,무지,데님,포켓|지퍼
images/770cb921a624f95748aa619571ed1812.jpg,train,321.0,226.0,419.0,468.0,니트,,,,,긴팔,,크롭 기장,,,,오버핏,,,무지,니트,
images/6ab9d26b8c78a10d5c8f1f9f83feaef9.jpg,train,52.0,361.0,331.0,391.0,스커트,,,,,,,,무릎 기장,,,,플레어핏,,무지,,지퍼
images/6ab9d26b8c78a10d5c8f1f9f83feaef9.jpg,train,192.0,186.0,147.0,187.0,탑,,,,,,,크롭 기장,,,,슬림핏,,,무지,,
images/6ab9d26b8c78a10d5c8f1f9f83feaef9.jpg,train,98.0,196.0,294.0,302.0,가디건,,,,,긴팔,,크롭 기장,,,,레귤러핏,,,무지,니트,지퍼|리본
images/a655f2c9d1d887a5d144982f5f9b67b4.jpg,train,66.0,0.0,385.0,567.0,쇼츠,,,,,,,,쇼츠·미니 기장,,,,슬림핏,,애니멀,,벨트
images/a655f2c9d1d887a5d144982f5f9b67b4.jpg,train,145.0,0.0,265.0,24.0,티셔츠,,,,,,,크롭 기장,,,,,,,무지,,
images/5d07b3eff2ae4a5bbbc7da1cef339aaf.jpg,train,290.0,218.0,68.0,257.0,티셔츠,,,,,,,,,라운드넥,,레귤러핏,,,무지,,
images/5d07b3eff2ae4a5bbbc7da1cef339aaf.jpg,train,182.0,199.0,316.0,320.0,재킷,,,,,긴팔,기본 소매,크롭 기장,,,스탠드 칼라,레귤러핏,,,무지,,지퍼
images/5d07b3eff2ae4a5bbbc7da1cef339aaf.jpg,train,233.0,470.0,187.0,413.0,청바지,,,,,,,,롱·긴바지 기장,,,,,,무지,데님,포켓|지퍼
images/f18d8bab17529fb342cf1ca965a28763.jpg,train,246.0,164.0,258.0,393.0,원피스,,,,,긴팔,래글런 소매,,쇼츠·미니 기장,,,레귤러핏,,,무지,니트,포켓|후드
images/e6388682b975e9a60bf450e772148e14.jpg,train,148.0,203.0,251.0,376.0,원피스,,,,,,,,쇼츠·미니 기장,,,,,X라인,플로럴,,플리츠|지퍼
images/2f903217736a6a9a729a98b231338a98.jpg,train,296.0,318.0,113.0,184.0,니트,,,,,,,크롭 기장,,,,레귤러핏,,,무지,니트,포켓
images/2f903217736a6a9a729a98b231338a98.jpg,train,309.0,296.0,95.0,223.0,셔츠,,,,,,,,,,피터팬 칼라,레귤러핏,,,무지,,단추
images/2f903217736a6a9a729a98b231338a98.jpg,train,298.0,493.0,108.0,219.0,팬츠,,,,,,,,미디·7부 기장,,,,,,,,
images/2f903217736a6a9a729a98b231338a98.jpg,train,277.0,297.0,149.0,201.0,재킷,,,,,긴팔,,크롭 기장,,,라펠 칼라,슬림핏,,,무지,가죽|스웨이드,지퍼
images/a0c500c0c29a728f0e018eb182744d6f.jpg,train,361.0,552.0,127.0,182.0,코트,,,,,긴팔,,,,,라펠 칼라,여유핏,,,무지,,
images/a0c500c0c29a728f0e018eb182744d6f.jpg,train,394.0,657.0,72.0,157.0,팬츠,,,,,,,,롱·긴바지 기장,,,,스트레이트핏,H라인,체크,,
images/a0c500c0c29a728f0e018eb182744d6f.jpg,train,378.0,555.0,95.0,147.0,재킷,,,,,긴팔,,,,,라펠 칼라,레귤러핏,,,체크,,포켓
images/a0c500c0c29a728f0e018eb182744d6f.jpg,train,381.0,557.0,50.0,73.0,셔츠,,,,,긴팔,,,,,,레귤러핏,,,무지,,단추
images/cdc43ae82dd5ea78a5fa7f0eb1aa2a10.jpg,train,217.0,654.0,372.0,369.0,스커트,,,,,,,,,,,,,A라인,카모,,지퍼|벨트
images/cdc43ae82dd5ea78a5fa7f0eb1aa2a10.jpg,train,191.0,348.0,322.0,314.0,탑,,,,,,,,,보트넥,,오버핏,,,무지,,
images/2d46e4fbe7cd55b6b5a0ff5c470ac57e.jpg,train,274.0,285.0,100.0,224.0,가디건,,,,,,,크롭 기장,,,칼라 없음,여유핏,,,무지,니트,단추
images/2d46e4fbe7cd55b6b5a0ff5c470ac57e.jpg,train,292.0,267.0,84.0,259.0,셔츠,,,,,,,기본 기장,,,셔츠 칼라,레귤러핏,,,무지,,단추
images/2d46e4fbe7cd55b6b5a0ff5c470ac57e.jpg,train,234.0,270.0,193.0,278.0,재킷,,,,,긴팔,,,,,,,,,무지,,지퍼|후드
images/2d46e4fbe7cd55b6b5a0ff5c470ac57e.jpg,train,254.0,505.0,154.0,146.0,쇼츠,,,,,,,,쇼츠·미니 기장,,,,,,스트라이프,,포켓
images/6d940f40d3fdaca532db684e53e87f7c.jpg,train,185.0,159.0,496.0,864.0,코트,,,,,긴팔,기본 소매,,,,라펠 칼라,여유핏,,,,퍼·플리스,
images/83ea1a83a344eda8bfb79c9c082bc2d3.jpg,train,170.0,227.0,408.0,635.0,원피스,,,,,반팔,캡 소매,,쇼츠·미니 기장,보트넥,,,,H라인,무지,,플리츠|지퍼
images/edd4187d7476277fb1d1a91251da4ef0.jpg,train,495.0,393.0,66.0,149.0,팬츠,,,,,,,,롱·긴바지 기장,,,,와이드핏,,무지,,
images/edd4187d7476277fb1d1a91251da4ef0.jpg,train,477.0,279.0,82.0,136.0,니트,,,,,긴팔,기본 소매,크롭 기장,,,,여유핏,,,무지,니트,
images/7b0020ff8c15d93985f3931e3e43a860.jpg,train,176.0,203.0,329.0,688.0,원피스,,,,,,,,쇼츠·미니 기장,,,,,,그래픽,,플리츠|지퍼
images/dad91b3ee9ae7da716a4fbd6f7bf2cd8.jpg,train,666.0,444.0,79.0,223.0,팬츠,,,,,,,,롱·긴바지 기장,,,,,,무지,,벨트
images/dad91b3ee9ae7da716a4fbd6f7bf2cd8.jpg,train,679.0,362.0,59.0,98.0,티셔츠,,,,,,,크롭 기장,,보트넥,,레귤러핏,,,무지,,
images/dad91b3ee9ae7da716a4fbd6f7bf2cd8.jpg,train,648.0,362.0,118.0,118.0,재킷,,,,,7부 소매,기본 소매,크롭 기장,,,,레귤러핏,,,플로럴,퍼·플리스,지퍼
images/917f5f5ba7442481bb51f7657d5d3653.jpg,train,201.0,263.0,259.0,705.0,점프수트,,,,,긴팔,기본 소매,,롱·긴바지 기장,,,,,,무지,,단추|포켓
images/0eec10b413180b744d744f9b43c9e227.jpg,train,138.0,213.0,319.0,643.0,원피스,,,,,긴팔,기본 소매,,미디·7부 기장,터틀넥,,,,,그래픽,,지퍼
images/303a80234c13cf3e281d1a14f9fafcdf.jpg,train,297.0,144.0,290.0,566.0,원피스,,,,,,,,쇼츠·미니 기장,,스탠드 칼라,,,A라인,무지,,단추|벨트
images/649436b06b095701c581c509aaac6b79.jpg,train,106.0,173.0,257.0,617.0,원피스,,,,,,,,미디·7부 기장,터틀넥,,,,A라인,무지,,지퍼
images/21b08b79483bf02e90c7682ae4f6e0ee.jpg,train,175.0,182.0,180.0,482.0,원피스,,,,,,,,쇼츠·미니 기장,V넥,,,,O라인,,,
images/0e6d4dc9e9ddf120314518718bff0876.jpg,train,259.0,289.0,459.0,733.0,원피스,,,,,,,,쇼츠·미니 기장,보트넥,,,,A라인,체크,,지퍼
images/b8b61026a8bf9f283c5319ae2dfbc887.jpg,val_train_split,134.0,237.0,315.0,404.0,원피스,,,,,반팔,기본 소매,,쇼츠·미니 기장,보트넥,,,,X라인,도트,,지퍼
images/a5d686bb768bd3aedd456a501d2520b0.jpg,train,173.0,201.0,243.0,311.0,재킷,,,,,긴팔,기본 소매,크롭 기장,,,스탠드 칼라,슬림핏,,,무지,,지퍼
images/a5d686bb768bd3aedd456a501d2520b0.jpg,train,215.0,463.0,180.0,356.0,팬츠,,,,,,,,,,,,슬림핏,,무지,,
images/ff69c0a845bf36a00f645fd3f878dda3.jpg,train,225.0,194.0,236.0,428.0,원피스,,,,,7부 소매,기본 소매,,쇼츠·미니 기장,,,,,A라인,무지,,플리츠|지퍼
images/ff69c0a845bf36a00f645fd3f878dda3.jpg,train,232.0,180.0,223.0,379.0,티셔츠,,,,,긴팔,,,,터틀넥,피터팬 칼라,슬림핏,,,체크,,
images/8a80c28e119ea451aab8741d52800f3b.jpg,train,226.0,506.0,145.0,350.0,팬츠,,,,,,,,롱·긴바지 기장,,,,,,무지,,
images/8a80c28e119ea451aab8741d52800f3b.jpg,train,173.0,301.0,225.0,257.0,블레이저,,,,,긴팔,기본 소매,크롭 기장,,,칼라 없음,레귤러핏,,,무지,,단추|포켓|지퍼
images/8a80c28e119ea451aab8741d52800f3b.jpg,train,271.0,309.0,67.0,214.0,티셔츠,,,,,,,크롭 기장,,V넥,,레귤러핏,,,,,지퍼
images/fa2c514037f31c0ab98d66373d371e3a.jpg,val_train_split,169.0,274.0,196.0,258.0,탑,,,,,,,,,,,슬림핏,,,무지,,
images/fa2c514037f31c0ab98d66373d371e3a.jpg,val_train_split,77.0,205.0,364.0,334.0,재킷,,,,,긴팔,기본 소매,크롭 기장,,,칼라 없음,레귤러핏,,,무지,,지퍼
images/fa2c514037f31c0ab98d66373d371e3a.jpg,val_train_split,123.0,488.0,257.0,193.0,쇼츠,,,,,,,,쇼츠·미니 기장,,,,,,무지,,포켓|벨트
images/7e75cbbf7cbfeafd65ec128dda7fe22f.jpg,train,244.0,212.0,176.0,386.0,원피스,,,,,,,,쇼츠·미니 기장,보트넥,,,,H라인,,,단추
images/7e75cbbf7cbfeafd65ec128dda7fe22f.jpg,train,203.0,585.0,186.0,271.0,스커트,,,,,,,,롱·긴바지 기장,,,,,비대칭,무지,,지퍼
images/26640ed90fbd5888f2dde83052d4cd23.jpg,val_train_split,258.0,270.0,97.0,206.0,탑,,,,,,,,,라운드넥,,여유핏,,,무지,,
images/26640ed90fbd5888f2dde83052d4cd23.jpg,val_train_split,230.0,231.0,223.0,339.0,재킷,,,,,긴팔,기본 소매,크롭 기장,,,라펠 칼라,레귤러핏,,,무지,,단추|포켓
images/26640ed90fbd5888f2dde83052d4cd23.jpg,val_train_split,262.0,472.0,138.0,421.0,팬츠,,,,,,,,롱·긴바지 기장,,,,슬림핏,,애니멀,,플리츠
images/edeb4c984ccd6fe29b1bd98612d8f998.jpg,train,208.0,346.0,249.0,677.0,원피스,,,,,,,,,,,,,,스트라이프,,지퍼
images/edeb4c984ccd6fe29b1bd98612d8f998.jpg,train,177.0,277.0,356.0,673.0,코트,,,,,긴팔,기본 소매,,,,,여유핏,,,스트라이프,퍼·플리스,
images/24c1e5e9bfdfa5b40f7c71f8e9a25248.jpg,train,219.0,214.0,295.0,382.0,코트,,,,,긴팔,기본 소매,,,,,레귤러핏,,,무지,,지퍼|후드
images/24c1e5e9bfdfa5b40f7c71f8e9a25248.jpg,train,339.0,304.0,117.0,261.0,티셔츠,,,,,,,,,터틀넥,,레귤러핏,,,무지,,
images/24c1e5e9bfdfa5b40f7c71f8e9a25248.jpg,train,214.0,538.0,292.0,163.0,팬츠,,,,,,,,,,,,,,무지,,
images/cef9b6bd333e3c635531e62a5ac33c84.jpg,train,291.0,413.0,192.0,173.0,쇼츠,,,,,,,,쇼츠·미니 기장,,,,슬림핏,,무지,,
images/cef9b6bd333e3c635531e62a5ac33c84.jpg,train,250.0,297.0,151.0,162.0,탑,,,,,,,,,홀터넥,,슬림핏,,,플로럴,,
images/b24a5f11e01f6c693fda2ae0c7e4b8b6.jpg,train,203.0,248.0,181.0,222.0,베스트,,,,,,,크롭 기장,,,,레귤러핏,,,무지,,단추|포켓|벨트
images/b24a5f11e01f6c693fda2ae0c7e4b8b6.jpg,train,145.0,179.0,300.0,277.0,재킷,,,,,7부 소매,기본 소매,크롭 기장,,,셔츠 칼라,레귤러핏,,,무지,,단추
images/b24a5f11e01f6c693fda2ae0c7e4b8b6.jpg,train,136.0,282.0,300.0,243.0,티셔츠,,,,,긴팔,,,,,,슬림핏,,,무지,,
images/b24a5f11e01f6c693fda2ae0c7e4b8b6.jpg,train,199.0,460.0,204.0,316.0,스커트,,,,,,,,미디·7부 기장,,,,,,무지,,포켓
images/d5080190f8fa6c9eddac95606373f7f8.jpg,train,237.0,200.0,156.0,220.0,탑,,,,,,,크롭 기장,,스퀘어넥,,레귤러핏,,,무지,,스팽글
images/d5080190f8fa6c9eddac95606373f7f8.jpg,train,187.0,416.0,283.0,348.0,스커트,,,,,,,,미디·7부 기장,,,,,A라인,,,지퍼
images/d60ade2ce0dc997c6302ea0346e56a37.jpg,train,228.0,534.0,160.0,348.0,팬츠,,,,,,,,롱·긴바지 기장,,,,,,무지,,
images/d60ade2ce0dc997c6302ea0346e56a37.jpg,train,206.0,256.0,234.0,312.0,셔츠,,,,,긴팔,기본 소매,기본 기장,,,스탠드 칼라,레귤러핏,,,스트라이프,,단추
images/c54d523e3a9a9a9e11b3f3eca23d3e78.jpg,train,184.0,474.0,325.0,259.0,스커트,,,,,,,,무릎 기장,,,,,A라인,그래픽,,지퍼
images/c54d523e3a9a9a9e11b3f3eca23d3e78.jpg,train,207.0,219.0,218.0,264.0,티셔츠,,,,,반팔,기본 소매,기본 기장,,라운드넥,,레귤러핏,,,무지,,
images/d96c6fbc01d552adf2f05d0d0988632a.jpg,train,264.0,230.0,227.0,293.0,니트,,,,,긴팔,기본 소매,크롭 기장,,,,여유핏,,,무지,니트,
images/d96c6fbc01d552adf2f05d0d0988632a.jpg,train,298.0,497.0,202.0,401.0,청바지,,,,,,,,롱·긴바지 기장,,,,,,무지,데님,포켓
images/ac5089af4644008eb69a46887fb0f8f9.jpg,train,113.0,132.0,294.0,586.0,원피스,,,,,반팔,벨 소매,,무릎 기장,,,,,,무지,,지퍼|리본
images/c0d486cdb68e4b1cfe1d7c97545f5df5.jpg,val_train_split,249.0,409.0,150.0,344.0,원피스,,,,,반팔,캡 소매,,무릎 기장,보트넥,,,,,무지,,지퍼
images/ad6734c6c91f5921049d40fb18d99535.jpg,train,290.0,294.0,214.0,369.0,원피스,,,,,긴팔,기본 소매,,쇼츠·미니 기장,,칼라 없음,,,,무지,,플리츠|지퍼|프릴·러플
images/b54246c2b530b4f2d18c8e12e08bf8d0.jpg,train,227.0,159.0,95.0,240.0,탑,,,,,긴팔,,기본 기장,,,,오버핏,,,스트라이프,,포켓
images/b54246c2b530b4f2d18c8e12e08bf8d0.jpg,train,239.0,375.0,53.0,32.0,쇼츠,,,,,,,,쇼츠·미니 기장,,,,,,무지,,
images/db3277f1662e2163237a782703f09d74.jpg,train,490.0,403.0,91.0,116.0,스커트,,,,,,,,쇼츠·미니 기장,,,,,,도트,,지퍼
images/db3277f1662e2163237a782703f09d74.jpg,train,502.0,339.0,86.0,72.0,티셔츠,,,,,반팔,캡 소매,,,,,슬림핏,,,무지,,
images/63710a0a5db929841e2e8269e7f1a2f8.jpg,train,136.0,376.0,239.0,289.0,스커트,,,,,,,,쇼츠·미니 기장,,,,,,무지,,플리츠|지퍼
images/63710a0a5db929841e2e8269e7f1a2f8.jpg,train,146.0,206.0,182.0,179.0,탑,,,,,,,크롭 기장,,라운드넥,,슬림핏,,,도트,,
images/ca40c988c4421614eaa8c5adee6f5233.jpg,train,353.0,190.0,203.0,329.0,점프수트,,,,,반팔,기본 소매,,미디·7부 기장,,,,,,무지,,단추|포켓|벨트
images/f73d54fbc3071dd0d207fd1053e681f3.jpg,train,170.0,589.0,380.0,401.0,스커트,,,,,,,,쇼츠·미니 기장,,,,,,무지,,지퍼|프릴·러플
images/f73d54fbc3071dd0d207fd1053e681f3.jpg,train,227.0,339.0,289.0,358.0,탑,,,,,반팔,캡 소매,크롭 기장,,,,슬림핏,,,플로럴,,
images/78c00a15d510fac70994cc6da091084b.jpg,train,346.0,273.0,175.0,281.0,셔츠,,,,,긴팔,기본 소매,크롭 기장,,,,레귤러핏,,,그래픽,,단추|지퍼
images/78c00a15d510fac70994cc6da091084b.jpg,train,328.0,235.0,188.0,305.0,베스트,,,,,,,기본 기장,,,,여유핏,,,무지,퍼·플리스,지퍼|후드
images/78c00a15d510fac70994cc6da091084b.jpg,train,274.0,494.0,305.0,371.0,팬츠,,,,,,,,롱·긴바지 기장,,,,,,무지,,
images/ceebfc64a93392893cc454e30346550b.jpg,train,315.0,709.0,200.0,212.0,스커트,,,,,,,,쇼츠·미니 기장,,,,,,스트라이프,,지퍼
images/ceebfc64a93392893cc454e30346550b.jpg,train,167.0,289.0,431.0,549.0,재킷,,,,,긴팔,기본 소매,크롭 기장,,,,오버핏,,,무지,퍼·플리스,
images/52a1c573a62a6857d5794d99c7cc5cee.jpg,train,161.0,169.0,356.0,424.0,코트,,,,,긴팔,기본 소매,,,,라펠 칼라,레귤러핏,,,무지,가죽,단추|포켓
images/52a1c573a62a6857d5794d99c7cc5cee.jpg,train,249.0,585.0,181.0,106.0,쇼츠,,,,,,,,쇼츠·미니 기장,,,,,,플로럴,,
images/0612f526e1e64481548861eae2ac385b.jpg,train,224.0,277.0,310.0,361.0,원피스,,,,,,,,쇼츠·미니 기장,,,,,X라인,애니멀,,스팽글|지퍼|프릴·러플
images/4308ffe9b1c38f6db5b1af3b2a17c2d4.jpg,train,219.0,201.0,196.0,385.0,원피스,,,,,반팔,캡 소매,,쇼츠·미니 기장,스퀘어넥,,,,,무지,,지퍼
images/e58240b0dc6eb8bcbfd2804098c1c4b7.jpg,train,226.0,472.0,182.0,461.0,팬츠,,,,,,,,롱·긴바지 기장,,,,스트레이트핏,H라인,무지,,
images/e58240b0dc6eb8bcbfd2804098c1c4b7.jpg,train,173.0,194.0,278.0,355.0,티셔츠,,,,,긴팔,기본 소매,기본 기장,,,,레귤러핏,,비대칭,무지,,리본
images/d48c9b521f7f0439456451de93863200.jpg,train,193.0,226.0,259.0,333.0,원피스,,,,,반팔,벨 소매,,쇼츠·미니 기장,,,,,,무지,,
images/d109f44b08e4360e021c0e2db41692df.jpg,train,81.0,333.0,373.0,689.0,원피스,,,,,반팔,퍼프 소매,,,라운드넥,,,,,무지,,
images/e2287572306e59c87d06eadb6325bc9d.jpg,val_train_split,241.0,88.0,330.0,615.0,코트,,,,,긴팔,기본 소매,,,,,여유핏,,,무지,,후드|지퍼|포켓
images/e2287572306e59c87d06eadb6325bc9d.jpg,val_train_split,299.0,229.0,174.0,441.0,원피스,,,,,,,,쇼츠·미니 기장,V넥,,,,A라인,무지|체크,,지퍼
images/faf4d51d41176c91e5e2088d32a50a19.jpg,val_train_split,237.0,311.0,130.0,325.0,원피스,,,,,,,,쇼츠·미니 기장,보트넥,,,,A라인,,,지퍼
images/faf4d51d41176c91e5e2088d32a50a19.jpg,val_train_split,182.0,277.0,254.0,393.0,코트,,,,,7부 소매,기본 소매,,,,스탠드 칼라,레귤러핏,,,,,포켓
images/aa7fe8f2ff4dd19535e55d71a35c2c9d.jpg,train,426.0,192.0,286.0,375.0,탑,,,,,민소매,,,,,,슬림핏,,,무지,,
images/aa7fe8f2ff4dd19535e55d71a35c2c9d.jpg,train,408.0,231.0,313.0,450.0,점프수트,,,,,,,,,,,레귤러핏,,,무지,,단추
images/416ee56214c5b612d501a752183b77f4.jpg,train,112.0,225.0,248.0,534.0,원피스,,,,,7부 소매,기본 소매,,미디·7부 기장,보트넥,,,,비대칭,무지,,지퍼
images/9aede8ee71e3314f05b824b8bb71892b.jpg,train,416.0,229.0,392.0,412.0,가디건,,,,,긴팔,기본 소매,,,,,여유핏,,,무지,니트,단추
images/9aede8ee71e3314f05b824b8bb71892b.jpg,train,384.0,295.0,420.0,358.0,원피스,,,,,,,,미디·7부 기장,,,,,,플로럴|도트,,지퍼
images/f6ed0faaa9609fd2c594b65f55c4205b.jpg,train,318.0,226.0,154.0,197.0,탑,,,,,,,,,홀터넥,,슬림핏,,,무지,,
images/f6ed0faaa9609fd2c594b65f55c4205b.jpg,train,328.0,413.0,137.0,216.0,스커트,,,,,,,,쇼츠·미니 기장,,,,스트레이트핏,H라인,무지,,지퍼|포켓
images/f6ed0faaa9609fd2c594b65f55c4205b.jpg,train,456.0,545.0,7.0,40.0,스커트,,,,,,,,,,,,스트레이트핏,H라인,무지,,지퍼
images/f6ed0faaa9609fd2c594b65f55c4205b.jpg,train,468.0,566.0,10.0,49.0,스커트,,,,,,,,,,,,스트레이트핏,H라인,무지,,지퍼
images/736308e4f4d3bdf92245dd6e1f7091b0.jpg,train,171.0,338.0,376.0,685.0,원피스,,,,,,,,,,,,,,플로럴,,지퍼|스팽글
images/627adf01b1a1df6cff19a55daf615916.jpg,val_train_split,170.0,422.0,183.0,433.0,팬츠,,,,,,,,롱·긴바지 기장,,,,,,무지,,플리츠
images/627adf01b1a1df6cff19a55daf615916.jpg,val_train_split,186.0,263.0,144.0,182.0,탑,,,,,,,크롭 기장,,,,슬림핏,,,무지,,지퍼
images/627adf01b1a1df6cff19a55daf615916.jpg,val_train_split,126.0,174.0,250.0,310.0,재킷,,,,,긴팔,캡 소매,크롭 기장,,,,레귤러핏,,,무지,가죽,지퍼
images/dfbd03f3b9f17fa256714a3d64fc0126.jpg,train,558.0,261.0,240.0,261.0,셔츠,,,,,반팔,기본 소매,크롭 기장,,,셔츠 칼라,레귤러핏,,,무지,,단추|리본|포켓
images/dfbd03f3b9f17fa256714a3d64fc0126.jpg,train,625.0,468.0,108.0,101.0,쇼츠,,,,,,,,쇼츠·미니 기장,,,,,,그래픽,,
images/dfbd03f3b9f17fa256714a3d64fc0126.jpg,train,584.0,456.0,72.0,124.0,쇼츠,,,,,,,,쇼츠·미니 기장,,,,,,무지,,
images/bd722fc81079dbb8569bb1202e323a97.jpg,train,220.0,205.0,307.0,264.0,가디건,,,,,긴팔,,크롭 기장,,,,레귤러핏,,,무지,니트,
images/bd722fc81079dbb8569bb1202e323a97.jpg,train,224.0,202.0,261.0,377.0,원피스,,,,,,,,쇼츠·미니 기장,라운드넥,,,,,무지,,지퍼
images/fb63fd01b85b06e44c4f15afcce511c6.jpg,train,550.0,393.0,98.0,77.0,쇼츠,,,,,,,,쇼츠·미니 기장,,,,,,무지,,포켓
images/fb63fd01b85b06e44c4f15afcce511c6.jpg,train,449.0,343.0,136.0,95.0,니트,,,,,긴팔,기본 소매,,,,,슬림핏,,,무지,니트,
images/620257530244ccf3d94104570514ddf8.jpg,val_train_split,587.0,197.0,198.0,279.0,원피스,,,,,반팔,벨 소매,,쇼츠·미니 기장,V넥,,,,A라인,무지,,지퍼
images/79b71dd0dcbd3433120dc2b18c981133.jpg,train,221.0,259.0,137.0,517.0,점프수트,,,,,,,,미디·7부 기장,,,,,H라인,무지,,플리츠|지퍼
images/60a975fe8269dc86959ca989f7eea4d2.jpg,val_train_split,336.0,496.0,80.0,91.0,쇼츠,,,,,,,,쇼츠·미니 기장,,,,,,무지,,벨트
images/60a975fe8269dc86959ca989f7eea4d2.jpg,val_train_split,346.0,380.0,28.0,120.0,셔츠,,,,,,,크롭 기장,,,셔츠 칼라,레귤러핏,,,스트라이프,,
images/60a975fe8269dc86959ca989f7eea4d2.jpg,val_train_split,335.0,378.0,127.0,188.0,가디건,,,,,,,기본 기장,,,,여유핏,,,무지,니트,단추
images/553a963e19de8dceff88791814419a9e.jpg,train,275.0,273.0,175.0,164.0,베스트,,,,,,,크롭 기장,,스퀘어넥,셔츠 칼라,레귤러핏,,,무지,,단추|포켓
images/553a963e19de8dceff88791814419a9e.jpg,train,369.0,332.0,42.0,35.0,탑,,,,,,,,,스퀘어넥,,레귤러핏,,,무지,,
images/553a963e19de8dceff88791814419a9e.jpg,train,274.0,293.0,208.0,561.0,점프수트,,,,,,,,미디·7부 기장,,,,,,무지,,단추|벨트
images/4d0de29f96288f7fb4599471a9a51079.jpg,train,253.0,321.0,190.0,129.0,티셔츠,,,,,,,크롭 기장,,터틀넥,,레귤러핏,,,무지,,
images/4d0de29f96288f7fb4599471a9a51079.jpg,train,426.0,448.0,61.0,145.0,쇼츠,,,,,,,,쇼츠·미니 기장,,,,,,무지,,포켓
images/4d0de29f96288f7fb4599471a9a51079.jpg,train,226.0,330.0,311.0,342.0,가디건,,,,,긴팔,기본 소매,기본 기장,,,,여유핏,,,무지,니트,
images/44bf8bfd8e8ea39b7fd4f923ec3e1511.jpg,train,266.0,568.0,116.0,130.0,셔츠,,,,,긴팔,기본 소매,,,,셔츠 칼라,레귤러핏,,,무지,,단추
images/44bf8bfd8e8ea39b7fd4f923ec3e1511.jpg,train,296.0,593.0,96.0,96.0,베스트,,,,,,,크롭 기장,,,,레귤러핏,,,체크,,단추
images/44bf8bfd8e8ea39b7fd4f923ec3e1511.jpg,train,269.0,674.0,191.0,297.0,팬츠,,,,,,,,롱·긴바지 기장,,,,,,무지|플로럴,,플리츠|포켓
images/44bf8bfd8e8ea39b7fd4f923ec3e1511.jpg,train,380.0,614.0,28.0,106.0,셔츠,,,,,긴팔,기본 소매,,,,,레귤러핏,,,무지,,단추
images/2a8b34d490011c75f061168043af3595.jpg,train,141.0,210.0,400.0,230.0,재킷,,,,,긴팔,기본 소매,크롭 기장,,,,슬림핏,,비대칭,무지,,지퍼|포켓
images/2a8b34d490011c75f061168043af3595.jpg,train,264.0,425.0,178.0,242.0,스커트,,,,,,,,쇼츠·미니 기장,,,,스트레이트핏,H라인,체크,,지퍼
images/1426c261dfaf263bfb133a3a372bf0c9.jpg,train,71.0,229.0,365.0,270.0,티셔츠,,,,,긴팔,기본 소매,,,,,레귤러핏,,,무지,,
images/1426c261dfaf263bfb133a3a372bf0c9.jpg,train,157.0,217.0,215.0,324.0,베스트,,,,,,,,,라운드넥,,레귤러핏,,,스트라이프,,단추
images/1426c261dfaf263bfb133a3a372bf0c9.jpg,train,73.0,456.0,411.0,298.0,팬츠,,,,,,,,미디·7부 기장,,,,,,무지,,
images/f22157005b6e96055d440acb439d36f0.jpg,train,232.0,207.0,196.0,658.0,점프수트,,,,,,,,롱·긴바지 기장,V넥,,,,,,,지퍼|포켓|벨트
images/164d3cbbac9213d77f58755bfa949a7b.jpg,val_train_split,610.0,353.0,36.0,66.0,탑,,,,,,,크롭 기장,,,,슬림핏,,,무지,,
images/164d3cbbac9213d77f58755bfa949a7b.jpg,val_train_split,517.0,419.0,189.0,167.0,스커트,,,,,,,,쇼츠·미니 기장,,,,,A라인,그래픽,,지퍼
images/164d3cbbac9213d77f58755bfa949a7b.jpg,val_train_split,501.0,284.0,215.0,265.0,재킷,,,,,긴팔,기본 소매,크롭 기장,,,스탠드 칼라,레귤러핏,,,무지,,포켓
images/2f59f9d4b1ac53b60a6a7d36b8ee2d49.jpg,val_train_split,302.0,550.0,125.0,473.0,티셔츠,,,,,,,,,,,레귤러핏,,,무지,,
images/2f59f9d4b1ac53b60a6a7d36b8ee2d49.jpg,val_train_split,57.0,421.0,519.0,602.0,가디건,,,,,긴팔,기본 소매,기본 기장,,,,오버핏,,,무지,퍼·플리스|니트,단추
images/66c1702e288c98340a6076759b000b04.jpg,train,123.0,311.0,476.0,712.0,원피스,,,,,,,,,,,,,,무지,,지퍼|프릴·러플
images/ebf3e64738e17fd1b64075f136c04f32.jpg,train,482.0,516.0,253.0,165.0,스커트,,,,,,,,쇼츠·미니 기장,,,,,A라인,도트,,지퍼
images/ebf3e64738e17fd1b64075f136c04f32.jpg,train,453.0,381.0,240.0,202.0,셔츠,,,,,긴팔,기본 소매,,,,셔츠 칼라,여유핏,,,무지,,단추|포켓
images/97cff2d1c3423bc7a254acec15926561.jpg,val_train_split,518.0,253.0,140.0,171.0,탑,,,,,,,,,,,레귤러핏,,,무지,,
images/97cff2d1c3423bc7a254acec15926561.jpg,val_train_split,506.0,188.0,192.0,199.0,재킷,,,,,긴팔,기본 소매,크롭 기장,,,피터팬 칼라,레귤러핏,,,무지,,지퍼
images/97cff2d1c3423bc7a254acec15926561.jpg,val_train_split,527.0,375.0,269.0,194.0,팬츠,,,,,,,,,,,,슬림핏,,애니멀,,포켓
images/feb527d59d79e3b191ea21a06a3a72b3.jpg,train,293.0,631.0,128.0,198.0,팬츠,,,,,,,,,,,,슬림핏,,무지,,
images/feb527d59d79e3b191ea21a06a3a72b3.jpg,train,285.0,470.0,73.0,170.0,원피스,,,,,,,,쇼츠·미니 기장,,,,,A라인,무지,,지퍼
images/feb527d59d79e3b191ea21a06a3a72b3.jpg,train,233.0,307.0,253.0,452.0,가디건,,,,,긴팔,기본 소매,,,라운드넥,,레귤러핏,,,무지,니트,단추
images/44bba8bc2fcfadb8fe7ff8f523fa126b.jpg,val_train_split,283.0,188.0,166.0,712.0,점프수트,,,,,,,,롱·긴바지 기장,홀터넥,,,,,그래픽,,지퍼|벨트
images/379c142f0c399e7ec816210dc04d52f2.jpg,train,215.0,206.0,242.0,219.0,재킷,,,,,반팔,기본 소매,크롭 기장,,,스탠드 칼라,레귤러핏,,,무지,,지퍼
images/379c142f0c399e7ec816210dc04d52f2.jpg,train,264.0,518.0,175.0,307.0,팬츠,,,,,,,,,,,,,,무지,,
images/379c142f0c399e7ec816210dc04d52f2.jpg,train,202.0,378.0,269.0,184.0,티셔츠,,,,,긴팔,,기본 기장,,,,슬림핏,,,무지,,
images/9ed9bb13d45a41e54207e4af1b000f37.jpg,train,268.0,258.0,191.0,446.0,원피스,,,,,반팔,래글런 소매,,미디·7부 기장,,,,,비대칭,,,지퍼
images/e554988110f3fc3612a5ca8d74de9f58.jpg,val_train_split,231.0,327.0,191.0,496.0,원피스,,,,,긴팔,기본 소매,,롱·긴바지 기장,터틀넥,,,,,무지,,지퍼
images/1abcf73071f1abbb1bb91108bd2d1380.jpg,val_train_split,240.0,187.0,241.0,412.0,원피스,,,,,긴팔,기본 소매,,쇼츠·미니 기장,터틀넥,,,,,무지,니트,벨트
images/45883c226e884a2922e437839f973e0f.jpg,train,288.0,123.0,88.0,197.0,탑,,,,,,,,,,,슬림핏,,,무지,,
images/45883c226e884a2922e437839f973e0f.jpg,train,227.0,132.0,209.0,357.0,원피스,,,,,,,,쇼츠·미니 기장,,,,,A라인,무지,,지퍼|후드
images/369265098290fafd283faf42da50141c.jpg,train,312.0,516.0,153.0,385.0,팬츠,,,,,,,,롱·긴바지 기장,,,,,,무지,,
images/369265098290fafd283faf42da50141c.jpg,train,272.0,215.0,235.0,346.0,티셔츠,,,,,7부 소매,,기본 기장,,터틀넥,,오버핏,,,무지,,
images/871809eed78e6a127d300ca9d39fe160.jpg,val_train_split,331.0,328.0,132.0,186.0,스커트,,,,,,,,쇼츠·미니 기장,,,,,,무지,,지퍼
images/871809eed78e6a127d300ca9d39fe160.jpg,val_train_split,334.0,180.0,132.0,161.0,셔츠,,,,,,,크롭 기장,,,스탠드 칼라,레귤러핏,,,,,지퍼
images/dc86daafa9ef319f7712b04391cf3934.jpg,val_train_split,556.0,303.0,274.0,221.0,팬츠,,,,,,,,롱·긴바지 기장,,,,,,무지,,포켓|지퍼
images/dc86daafa9ef319f7712b04391cf3934.jpg,val_train_split,491.0,177.0,253.0,224.0,후드티,,,,,긴팔,기본 소매,,,,,레귤러핏,,,무지,,후드|지퍼
images/dc86daafa9ef319f7712b04391cf3934.jpg,val_train_split,448.0,218.0,285.0,295.0,재킷,,,,,,,크롭 기장,,,,레귤러핏,,,무지,,지퍼|포켓
images/64d79ba5cf7f6c8fc3d3d258e4759b29.jpg,val_train_split,116.0,219.0,264.0,611.0,점프수트,,,,,7부 소매,,,미디·7부 기장,,,여유핏,,,무지,,지퍼|벨트
images/18bae6c6ddc49ec34caf1f5661e6bbee.jpg,train,476.0,338.0,50.0,143.0,청바지,,,,,,,,롱·긴바지 기장,,,,,,무지,데님,
images/18bae6c6ddc49ec34caf1f5661e6bbee.jpg,train,465.0,215.0,89.0,131.0,재킷,,,,,긴팔,기본 소매,기본 기장,,,,여유핏,,,무지,,지퍼|포켓|후드
images/0a63d265cdf839791891024b78d7a5ba.jpg,train,202.0,347.0,175.0,269.0,점프수트,,,,,,,,쇼츠·미니 기장,,,슬림핏,,,,,플리츠|지퍼|프릴·러플
images/dcb45f3d2079eefc23d57309fb45b4a2.jpg,train,447.0,236.0,149.0,285.0,스커트,,,,,,,,무릎 기장,,,,스트레이트핏,H라인,무지,,스팽글|지퍼
images/dcb45f3d2079eefc23d57309fb45b4a2.jpg,train,446.0,120.0,158.0,241.0,티셔츠,,,,,긴팔,벌룬 소매,,,라운드넥,,여유핏,,,무지,,
images/1eb3ed5ea1deb6ec1ab56573373684d1.jpg,train,113.0,195.0,362.0,576.0,원피스,,,,,반팔,벨 소매,,미디·7부 기장,V넥,,,,A라인,무지,,지퍼
images/44c81654ba086eea7fdb675d172b540b.jpg,val_train_split,307.0,334.0,170.0,202.0,스커트,,,,,,,,쇼츠·미니 기장,,,,스트레이트핏,H라인,무지,,스팽글|지퍼
images/44c81654ba086eea7fdb675d172b540b.jpg,val_train_split,350.0,236.0,144.0,109.0,탑,,,,,,,크롭 기장,,,,슬림핏,,,도트,,스팽글
images/75f9886ae87101d346dcd30ad617bfb6.jpg,val_train_split,203.0,246.0,172.0,695.0,원피스,,,,,,,,롱·긴바지 기장,홀터넥,,,,,무지,,지퍼
images/4118d61914327257049141f73481b4a5.jpg,train,181.0,398.0,190.0,283.0,탑,,,,,,,,,스퀘어넥,,슬림핏,,,무지,,
images/4118d61914327257049141f73481b4a5.jpg,train,110.0,654.0,351.0,368.0,팬츠,,,,,,,,,,,,와이드핏,,무지,,벨트
images/4118d61914327257049141f73481b4a5.jpg,train,85.0,254.0,525.0,768.0,코트,,,,,긴팔,기본 소매,,,,라펠 칼라,레귤러핏,,,무지,,단추
images/3b2c867dd3233fc525a2bf52f9ed9d17.jpg,train,212.0,302.0,576.0,339.0,셔츠,,,,,7부 소매,기본 소매,,,스퀘어넥,,레귤러핏,,,무지,,단추
images/3b2c867dd3233fc525a2bf52f9ed9d17.jpg,train,315.0,588.0,350.0,432.0,스커트,,,,,,,,,,,,,,무지,,지퍼|벨트
images/0def0fc3d6bdaf0334a80d19c1ec4a16.jpg,train,233.0,308.0,287.0,384.0,원피스,,,,,반팔,,,쇼츠·미니 기장,오프숄더,,,,A라인,무지,,지퍼
images/62fb0624c794fad0b3f1cb60f51337fb.jpg,train,210.0,251.0,266.0,336.0,블레이저,,,,,긴팔,,크롭 기장,,,,여유핏,,비대칭,무지,,벨트
images/62fb0624c794fad0b3f1cb60f51337fb.jpg,train,274.0,249.0,172.0,436.0,원피스,,,,,,,,무릎 기장,보트넥,,,,,무지,,지퍼
images/6e0b1a135628ae4a2db8bd35761a0e14.jpg,train,268.0,545.0,203.0,238.0,팬츠,,,,,,,,미디·7부 기장,,,,슬림핏,,무지,,리본
images/6e0b1a135628ae4a2db8bd35761a0e14.jpg,train,293.0,299.0,183.0,283.0,원피스,,,,,반팔,캡 소매,,쇼츠·미니 기장,V넥,,,,A라인,무지|플로럴,,벨트
images/2962a3ac95e9d2abc549d66d95953c85.jpg,val_train_split,195.0,248.0,257.0,398.0,원피스,,,,,,,,쇼츠·미니 기장,,칼라 없음,,,A라인,플로럴,,
images/2705cf2a30069bac8a950ebfcecdef4f.jpg,train,240.0,197.0,282.0,695.0,점프수트,,,,,긴팔,,,롱·긴바지 기장,,,,,H라인,,,지퍼|벨트
images/585ffb80af352b6ca521d81b2b57802b.jpg,train,318.0,136.0,137.0,184.0,점프수트,,,,,,,,쇼츠·미니 기장,라운드넥,,레귤러핏,,,무지,,단추|포켓
images/585ffb80af352b6ca521d81b2b57802b.jpg,train,262.0,114.0,199.0,175.0,티셔츠,,,,,긴팔,,,,,,오버핏,,,무지,,
images/824a1d9c5eb5140b15b52785ca04fcdd.jpg,val_train_split,192.0,186.0,287.0,558.0,점프수트,,,,,반팔,기본 소매,,무릎 기장,라운드넥,,여유핏,,,무지,,지퍼|프릴·러플
images/f1407777c6e9aa86977848c4009dd697.jpg,train,266.0,286.0,221.0,378.0,원피스,,,,,,,,무릎 기장,,,,,A라인,,,지퍼
images/f1407777c6e9aa86977848c4009dd697.jpg,train,277.0,276.0,178.0,283.0,가디건,,,,,긴팔,,,,라운드넥,칼라 없음,레귤러핏,,,무지,니트,
images/905077fecba9f520cc7d2dde10aeb9dd.jpg,val_train_split,74.0,128.0,492.0,895.0,점프수트,,,,,긴팔,기본 소매,,,V넥,,레귤러핏,,,무지,,플리츠|단추
images/4d6c15c4558fcbe8aff23a91e09ddbf1.jpg,val_train_split,435.0,211.0,73.0,174.0,원피스,,,,,긴팔,기본 소매,,쇼츠·미니 기장,,스탠드 칼라,,,,무지,,지퍼|벨트
images/c4488c5fa3235aad99d7eff98dd1ceff.jpg,train,282.0,281.0,227.0,373.0,원피스,,,,,긴팔,벨 소매,,쇼츠·미니 기장,,스탠드 칼라,,,A라인,무지,,단추
images/c8d31f4571f5fb88bbb18486ee42e4f8.jpg,train,158.0,476.0,270.0,547.0,원피스,,,,,,,,,,,,,,스트라이프,,스팽글|지퍼
images/719c101e496adf9ebd761f8eb65dbb75.jpg,train,379.0,323.0,253.0,221.0,셔츠,,,,,반팔,퍼프 소매,,,,셔츠 칼라,슬림핏,,,무지,,단추
images/719c101e496adf9ebd761f8eb65dbb75.jpg,train,186.0,521.0,397.0,179.0,팬츠,,,,,,,,미디·7부 기장,,,,,,무지,,
images/29da1fdd2188636fa6fe5f3b6d328c6b.jpg,train,210.0,463.0,165.0,188.0,쇼츠,,,,,,,,쇼츠·미니 기장,,,,슬림핏,,무지|플로럴,,
images/29da1fdd2188636fa6fe5f3b6d328c6b.jpg,train,225.0,157.0,143.0,267.0,후드티,,,,,,,크롭 기장,,,,슬림핏,,,무지,,후드
images/22596e5d671ff97f26fb313f4bb13ce4.jpg,train,294.0,841.0,315.0,181.0,팬츠,,,,,,,,,,,,슬림핏,,무지,,
images/22596e5d671ff97f26fb313f4bb13ce4.jpg,train,310.0,273.0,337.0,628.0,재킷,,,,,긴팔,기본 소매,크롭 기장,,,,레귤러핏,,,무지,,
images/22596e5d671ff97f26fb313f4bb13ce4.jpg,train,271.0,223.0,409.0,686.0,베스트,,,,,,,기본 기장,,,,오버핏,,,무지,가죽|스웨이드|퍼·플리스,
images/115f65d54ec98f69f68596c677b3a0f7.jpg,val_train_split,679.0,184.0,247.0,442.0,탑,,,,,,,,,,스탠드 칼라,슬림핏,,,,,
images/115f65d54ec98f69f68596c677b3a0f7.jpg,val_train_split,293.0,240.0,522.0,422.0,팬츠,,,,,,,,롱·긴바지 기장,,,,,,무지,,
images/2efe795499ba1f3224aa90aca4ec6f9d.jpg,train,16.0,411.0,524.0,247.0,탑,,,,,7부 소매,,크롭 기장,,오프숄더,,슬림핏,,,무지,,
images/2efe795499ba1f3224aa90aca4ec6f9d.jpg,train,140.0,703.0,343.0,320.0,스커트,,,,,,,,,,,,,,플로럴,,지퍼
images/46d4191c42e8baab8033f2c9c466f234.jpg,train,215.0,361.0,299.0,302.0,재킷,,,,,긴팔,기본 소매,크롭 기장,,,칼라 없음,여유핏,,,무지,,
images/46d4191c42e8baab8033f2c9c466f234.jpg,train,267.0,424.0,258.0,496.0,원피스,,,,,,,,무릎 기장,,,,,,무지,,플리츠|지퍼
images/46d8f978af24cc4750f3f243796e1b74.jpg,train,159.0,188.0,299.0,415.0,셔츠,,,,,긴팔,벌룬 소매,,,,셔츠 칼라,레귤러핏,,,,,단추|벨트
images/46d8f978af24cc4750f3f243796e1b74.jpg,train,149.0,424.0,213.0,247.0,스커트,,,,,,,,쇼츠·미니 기장,,,,,A라인,무지,,지퍼
images/b8060cc4b612d0d2c155508fe9a65c34.jpg,train,213.0,228.0,215.0,372.0,원피스,,,,,,,,쇼츠·미니 기장,보트넥,,,,,그래픽,,지퍼
images/aeb01f843ae60a360579d59f6bf44fdd.jpg,train,210.0,122.0,269.0,256.0,재킷,,,,,긴팔,기본 소매,크롭 기장,,,라펠 칼라,슬림핏,,,무지,,포켓|지퍼
images/aeb01f843ae60a360579d59f6bf44fdd.jpg,train,322.0,119.0,74.0,177.0,니트,,,,,,,크롭 기장,,터틀넥,,레귤러핏,,,무지,니트,
images/aeb01f843ae60a360579d59f6bf44fdd.jpg,train,326.0,290.0,79.0,20.0,티셔츠,,,,,,,,,,,슬림핏,,,무지,,
images/aeb01f843ae60a360579d59f6bf44fdd.jpg,train,194.0,302.0,296.0,321.0,쇼츠,,,,,,,,쇼츠·미니 기장,,,,,,무지,,포켓
images/5521845e7dc17f4eb854c519d6b70b36.jpg,train,400.0,220.0,293.0,267.0,티셔츠,,,,,반팔,래글런 소매,크롭 기장,,라운드넥,,오버핏,,,스트라이프,,
images/5521845e7dc17f4eb854c519d6b70b36.jpg,train,530.0,453.0,207.0,206.0,스커트,,,,,,,,쇼츠·미니 기장,,,,플레어핏,,무지,,
images/91d0498a9750c26e9467c23d868fb839.jpg,val_train_split,316.0,459.0,190.0,117.0,쇼츠,,,,,,,,쇼츠·미니 기장,,,,,,무지,,
images/91d0498a9750c26e9467c23d868fb839.jpg,val_train_split,283.0,165.0,261.0,375.0,블레이저,,,,,반팔,기본 소매,크롭 기장,,,,레귤러핏,,,플로럴,,스팽글|리본
images/91d0498a9750c26e9467c23d868fb839.jpg,val_train_split,313.0,215.0,184.0,250.0,탑,,,,,,,기본 기장,,V넥,,레귤러핏,,,무지,,
images/ab02a0a15c69122b6ae5cf2fd4f4edd0.jpg,train,118.0,190.0,279.0,418.0,원피스,,,,,반팔,캡 소매,,쇼츠·미니 기장,스퀘어넥,,,,A라인,무지|스트라이프,,지퍼
images/dded9a6b4f92855c12c58ab2d189a0b6.jpg,val_train_split,97.0,275.0,590.0,748.0,니트,,,,,긴팔,,,,터틀넥,,레귤러핏,,,무지,니트,
images/39c91c5a7c7b4f71f455f484d81d71c6.jpg,train,649.0,250.0,80.0,108.0,탑,,,,,,,크롭 기장,,,,슬림핏,,,무지,,
images/39c91c5a7c7b4f71f455f484d81d71c6.jpg,train,556.0,138.0,254.0,360.0,재킷,,,,,긴팔,,,,,,여유핏,,,카모,,지퍼|포켓|후드
images/39c91c5a7c7b4f71f455f484d81d71c6.jpg,train,596.0,422.0,120.0,255.0,청바지,,,,,,,,,,,,,,무지,데님,지퍼
images/0ccb5f8c2c6d761c272ee45e4e42c3f8.jpg,train,332.0,284.0,103.0,216.0,셔츠,,,,,,,크롭 기장,,,,슬림핏,,,무지,,지퍼
images/0ccb5f8c2c6d761c272ee45e4e42c3f8.jpg,train,221.0,195.0,259.0,368.0,블레이저,,,,,7부 소매,기본 소매,크롭 기장,,,라펠 칼라,레귤러핏,,,무지,,지퍼|포켓
images/0ccb5f8c2c6d761c272ee45e4e42c3f8.jpg,train,259.0,486.0,198.0,387.0,팬츠,,,,,,,,,,,,,,무지,,스팽글
images/371b16046ac8dbd947a9c2cced1ae68c.jpg,train,416.0,444.0,268.0,223.0,탑,,,,,긴팔,벌룬 소매,,,,,오버핏,,,무지,,
images/371b16046ac8dbd947a9c2cced1ae68c.jpg,train,452.0,611.0,130.0,105.0,쇼츠,,,,,,,,쇼츠·미니 기장,,,,,,무지,,
images/1c0b8ab267a92945af5449346e297fb4.jpg,train,251.0,489.0,167.0,168.0,스커트,,,,,,,,쇼츠·미니 기장,,,,스트레이트핏,H라인,무지,,스팽글|지퍼
images/1c0b8ab267a92945af5449346e297fb4.jpg,train,297.0,266.0,158.0,235.0,티셔츠,,,,,7부 소매,기본 소매,크롭 기장,,터틀넥,,레귤러핏,,,무지,,
images/c8a1963f472c4d8d5e6a83713010b231.jpg,train,283.0,229.0,130.0,146.0,탑,,,,,,,크롭 기장,,,,슬림핏,,,무지,,
images/c8a1963f472c4d8d5e6a83713010b231.jpg,train,151.0,182.0,377.0,360.0,재킷,,,,,긴팔,기본 소매,크롭 기장,,,스탠드 칼라,레귤러핏,,,무지,,단추|포켓
images/c8a1963f472c4d8d5e6a83713010b231.jpg,train,270.0,449.0,195.0,121.0,쇼츠,,,,,,,,쇼츠·미니 기장,,,,슬림핏,,무지,,
images/e7e3642665116b72dd1ba4b8390238b7.jpg,train,294.0,244.0,22.0,9.0,티셔츠,,,,,,,,,터틀넥,,레귤러핏,,,무지,,
images/e7e3642665116b72dd1ba4b8390238b7.jpg,train,248.0,209.0,93.0,277.0,셔츠,,,,,,,,,,셔츠 칼라,레귤러핏,,,무지,,단추
images/e7e3642665116b72dd1ba4b8390238b7.jpg,train,199.0,478.0,178.0,415.0,팬츠,,,,,,,,롱·긴바지 기장,,,,스트레이트핏,H라인,무지,,벨트
images/e7e3642665116b72dd1ba4b8390238b7.jpg,train,157.0,213.0,262.0,379.0,블레이저,,,,,긴팔,기본 소매,기본 기장,,,라펠 칼라,레귤러핏,,,무지,,단추
images/083f6e4a4d3349cfa1082c5302a043bc.jpg,val_train_split,162.0,234.0,349.0,461.0,원피스,,,,,반팔,캡 소매,,무릎 기장,라운드넥,,,,X라인,도트,,지퍼|리본
images/ce8ee386021842996a0a72323a7a8d6b.jpg,train,199.0,263.0,237.0,297.0,원피스,,,,,,,,롱·긴바지 기장,,,,,,무지,,지퍼|스팽글
images/203385124632e27fbd4469df0e8427fb.jpg,train,484.0,129.0,167.0,349.0,원피스,,,,,반팔,,,미디·7부 기장,스퀘어넥,,,,A라인,무지,,지퍼
images/203385124632e27fbd4469df0e8427fb.jpg,train,520.0,457.0,93.0,111.0,팬츠,,,,,,,,롱·긴바지 기장,,,,,,무지,,
images/0acb86058a6ad3d2e08238a24d2e18eb.jpg,train,446.0,438.0,216.0,472.0,청바지,,,,,,,,롱·긴바지 기장,,,,,,무지,데님,포켓|벨트|지퍼
images/0acb86058a6ad3d2e08238a24d2e18eb.jpg,train,467.0,209.0,281.0,269.0,티셔츠,,,,,7부 소매,,,,라운드넥,,오버핏,,,스트라이프,,
images/8f356c846d3460fd78f491c8fa0a18b8.jpg,val_train_split,296.0,208.0,135.0,164.0,탑,,,,,,,,,,,레귤러핏,,,무지,,
images/8f356c846d3460fd78f491c8fa0a18b8.jpg,val_train_split,269.0,364.0,187.0,220.0,스커트,,,,,,,,쇼츠·미니 기장,,,,,,,,지퍼
images/8f356c846d3460fd78f491c8fa0a18b8.jpg,val_train_split,171.0,187.0,322.0,291.0,재킷,,,,,긴팔,기본 소매,크롭 기장,,,칼라 없음,레귤러핏,,,,,
images/e9d7264c04feab8cd6ce55e88c4d4d81.jpg,train,298.0,267.0,155.0,427.0,원피스,,,,,,,,무릎 기장,,,,,,무지,,지퍼|포켓
images/e9d7264c04feab8cd6ce55e88c4d4d81.jpg,train,255.0,218.0,234.0,281.0,블레이저,,,,,긴팔,기본 소매,크롭 기장,,V넥,라펠 칼라,여유핏,,,무지,,스팽글|지퍼
images/80f562623bf7bf4230fc71ddf934d4f6.jpg,train,579.0,169.0,222.0,281.0,원피스,,,,,반팔,퍼프 소매,,쇼츠·미니 기장,라운드넥,,,,,플로럴,,지퍼|리본
images/875d8ede5dc6614c21bab984ee40529f.jpg,train,357.0,270.0,180.0,669.0,점프수트,,,,,,,,롱·긴바지 기장,,라펠 칼라,,,H라인,무지,,지퍼|포켓
images/875d8ede5dc6614c21bab984ee40529f.jpg,train,289.0,267.0,290.0,513.0,코트,,,,,긴팔,기본 소매,,,,라펠 칼라,여유핏,,,무지,,단추
images/0eb6deee664450aa59998c2b6aacfebe.jpg,train,186.0,206.0,285.0,407.0,원피스,,,,,반팔,캡 소매,,쇼츠·미니 기장,보트넥,,,,,무지,,플리츠|지퍼
images/3d0e4dab028c9225eea51dea1a7350c0.jpg,train,64.0,420.0,495.0,341.0,원피스,,,,,긴팔,벌룬 소매,,쇼츠·미니 기장,,스탠드 칼라,오버핏,,,무지,,
images/77bf4c5ec2e3d6c148e7290f6bfbc070.jpg,val_train_split,83.0,191.0,376.0,819.0,원피스,,,,,긴팔,벌룬 소매,,롱·긴바지 기장,,,,,,플로럴,,
images/d7fd60a88e10d5ea1549fe9b690dc23e.jpg,train,580.0,542.0,237.0,135.0,쇼츠,,,,,,,,쇼츠·미니 기장,,,,슬림핏,,무지,,
images/d7fd60a88e10d5ea1549fe9b690dc23e.jpg,train,573.0,220.0,259.0,413.0,베스트,,,,,,,크롭 기장,,,,레귤러핏,,,무지,,지퍼
images/d7fd60a88e10d5ea1549fe9b690dc23e.jpg,train,602.0,291.0,244.0,259.0,티셔츠,,,,,반팔,기본 소매,,,V넥,,슬림핏,,,무지,,
images/6971b5f285fa73ca7c3f991dfb922523.jpg,train,117.0,199.0,310.0,824.0,점프수트,,,,,,,,,,셔츠 칼라,레귤러핏,,,무지,,지퍼|벨트
images/b0499b22084e781b5296965a3d1dbd3d.jpg,val_train_split,196.0,614.0,206.0,250.0,팬츠,,,,,,,,롱·긴바지 기장,,,,,,,,
images/b0499b22084e781b5296965a3d1dbd3d.jpg,val_train_split,225.0,297.0,238.0,457.0,원피스,,,,,긴팔,벨 소매,,미디·7부 기장,보트넥,,,,A라인,무지,,스팽글
images/10897bccc9bf53012874b6c362d3e193.jpg,train,252.0,421.0,120.0,298.0,티셔츠,,,,,,,,,라운드넥,,레귤러핏,,,무지,,
images/10897bccc9bf53012874b6c362d3e193.jpg,train,0.0,397.0,697.0,626.0,코트,,,,,긴팔,기본 소매,,,,라펠 칼라,여유핏,,,무지,가죽,단추
images/0a95beb0451c6a251e1498c73209c44d.jpg,train,73.0,228.0,517.0,529.0,원피스,,,,,반팔,퍼프 소매,,무릎 기장,,,,,X라인,무지,,플리츠|지퍼
images/ba61d3fe7b674fade22fe6f17324f1fa.jpg,train,153.0,377.0,216.0,304.0,티셔츠,,,,,,,,,,,레귤러핏,,,무지,,
images/ba61d3fe7b674fade22fe6f17324f1fa.jpg,train,32.0,164.0,625.0,517.0,재킷,,,,,긴팔,기본 소매,,,,칼라 없음,레귤러핏,,,무지,,지퍼
images/004dc465c15bb89f419f4e528468ef57.jpg,train,113.0,288.0,371.0,669.0,원피스,,,,,,,,쇼츠·미니 기장,보트넥,,,,,무지,,지퍼|프릴·러플
images/ec157bd9b47cc2930c71d9378e84e13e.jpg,train,142.0,641.0,292.0,360.0,스커트,,,,,,,,쇼츠·미니 기장,,,,,,스트라이프,,지퍼
images/ec157bd9b47cc2930c71d9378e84e13e.jpg,train,191.0,273.0,320.0,447.0,탑,,,,,민소매,캡 소매,크롭 기장,,라운드넥,,슬림핏,,,무지,,
images/6ed0e94d6d67f3adb63c12ee46f19ae8.jpg,train,240.0,318.0,232.0,347.0,베스트,,,,,,,크롭 기장,,,셔츠 칼라,여유핏,,,무지,,단추|포켓
images/6ed0e94d6d67f3adb63c12ee46f19ae8.jpg,train,215.0,597.0,268.0,425.0,팬츠,,,,,,,,,,,,슬림핏,,,,
images/c088dfe977199a9104a23704ad04d4ee.jpg,train,202.0,215.0,285.0,424.0,코트,,,,,긴팔,기본 소매,,,,피터팬 칼라,레귤러핏,,,무지,퍼·플리스,벨트
images/f056f7839a65080c6ab2e3263fb6a2cf.jpg,train,250.0,240.0,226.0,318.0,재킷,,,,,긴팔,기본 소매,기본 기장,,,라펠 칼라,여유핏,,,무지,가죽,지퍼
images/f056f7839a65080c6ab2e3263fb6a2cf.jpg,train,297.0,297.0,148.0,322.0,원피스,,,,,,,,쇼츠·미니 기장,,,,,A라인,,,지퍼
images/560ad12826c6f00ee24bc36eba83ef08.jpg,train,309.0,223.0,335.0,504.0,원피스,,,,,반팔,벨 소매,,쇼츠·미니 기장,,,,,A라인,,,
images/c3176b4351d94046ea4a84a6c8496c02.jpg,train,151.0,252.0,249.0,256.0,셔츠,,,,,긴팔,벌룬 소매,크롭 기장,,,,슬림핏,,,무지,,
images/c3176b4351d94046ea4a84a6c8496c02.jpg,train,156.0,174.0,226.0,261.0,베스트,,,,,,,크롭 기장,,,라펠 칼라,슬림핏,,,무지,,지퍼
images/c3176b4351d94046ea4a84a6c8496c02.jpg,train,185.0,409.0,157.0,444.0,팬츠,,,,,,,,롱·긴바지 기장,,,,,,무지,,
images/08d8f9750c00f0bba7dfd99aab134ff4.jpg,val_train_split,265.0,203.0,161.0,298.0,탑,,,,,,,기본 기장,,,,여유핏,,,스트라이프,,
images/08d8f9750c00f0bba7dfd99aab134ff4.jpg,val_train_split,247.0,490.0,204.0,147.0,스커트,,,,,,,,쇼츠·미니 기장,,,,,A라인,무지,,지퍼
images/08d8f9750c00f0bba7dfd99aab134ff4.jpg,val_train_split,189.0,186.0,310.0,421.0,코트,,,,,긴팔,,,,,라펠 칼라,레귤러핏,,,무지,퍼·플리스,단추|포켓
images/dfefd6df755e2b7b0860eca5ea6c6e86.jpg,train,339.0,353.0,243.0,328.0,점프수트,,,,,,,,쇼츠·미니 기장,V넥,,,,X라인,플로럴,,지퍼|벨트
images/fccc5ed7162831ea417d6c5486513973.jpg,train,263.0,465.0,187.0,134.0,쇼츠,,,,,,,,쇼츠·미니 기장,,,,,,무지,,
images/fccc5ed7162831ea417d6c5486513973.jpg,train,267.0,225.0,203.0,251.0,탑,,,,,반팔,래글런 소매,크롭 기장,,V넥,,오버핏,,,무지,,플리츠
images/b17b7aa38ad69c4d665085004b5a08be.jpg,train,257.0,196.0,345.0,173.0,셔츠,,,,,반팔,퍼프 소매,크롭 기장,,,셔츠 칼라,레귤러핏,,,무지,,단추|리본
images/b17b7aa38ad69c4d665085004b5a08be.jpg,train,274.0,333.0,246.0,271.0,스커트,,,,,,,,쇼츠·미니 기장,,,,,,무지,,플리츠|벨트
images/6125b7fc9f6dcb5d0f1a7d1667bd1090.jpg,train,145.0,204.0,320.0,677.0,점프수트,,,,,긴팔,벌룬 소매,,롱·긴바지 기장,스퀘어넥,,여유핏,,,무지,,지퍼
images/de05e6fb85a83e1676524a1ddb64709a.jpg,train,212.0,215.0,302.0,335.0,재킷,,,,,긴팔,기본 소매,크롭 기장,,,셔츠 칼라,여유핏,,,무지,,지퍼|포켓
images/de05e6fb85a83e1676524a1ddb64709a.jpg,train,295.0,186.0,130.0,350.0,재킷,,,,,,,크롭 기장,,,,레귤러핏,,,무지,가죽|스웨이드,지퍼|후드
images/de05e6fb85a83e1676524a1ddb64709a.jpg,train,307.0,231.0,98.0,288.0,티셔츠,,,,,,,크롭 기장,,V넥,,레귤러핏,,,무지,,
images/de05e6fb85a83e1676524a1ddb64709a.jpg,train,274.0,508.0,182.0,383.0,팬츠,,,,,,,,롱·긴바지 기장,,,,,,무지,,
images/191a42e542c4d2a88e4acd92fd9d9d5d.jpg,train,192.0,208.0,297.0,298.0,티셔츠,,,,,긴팔,기본 소매,크롭 기장,,보트넥,,레귤러핏,,,,,벨트
images/191a42e542c4d2a88e4acd92fd9d9d5d.jpg,train,169.0,380.0,320.0,457.0,스커트,,,,,,,,미디·7부 기장,,,,,,무지,,플리츠|지퍼|프릴·러플
images/9bf2b382dc108625f5cf28edf11c7788.jpg,val_train_split,259.0,428.0,148.0,241.0,셔츠,,,,,긴팔,,,,라운드넥,셔츠 칼라,레귤러핏,,,,,
images/9bf2b382dc108625f5cf28edf11c7788.jpg,val_train_split,251.0,437.0,185.0,227.0,티셔츠,,,,,긴팔,래글런 소매,기본 기장,,,,레귤러핏,,,무지,,
images/9bf2b382dc108625f5cf28edf11c7788.jpg,val_train_split,281.0,643.0,124.0,272.0,팬츠,,,,,,,,롱·긴바지 기장,,,,,,무지,,포켓
images/5d409d0dd7a7bc56e90be631bcf8737d.jpg,train,269.0,641.0,142.0,234.0,팬츠,,,,,,,,,,,,슬림핏,,무지,,
images/5d409d0dd7a7bc56e90be631bcf8737d.jpg,train,253.0,370.0,208.0,295.0,원피스,,,,,반팔,래글런 소매,,쇼츠·미니 기장,스퀘어넥,,오버핏,,,플로럴,,리본
images/b958e2fe9688ffc036f4459443efd3ef.jpg,val_train_split,291.0,173.0,288.0,338.0,니트,,,,,7부 소매,래글런 소매,크롭 기장,,터틀넥,,레귤러핏,,,무지,니트,
images/b958e2fe9688ffc036f4459443efd3ef.jpg,val_train_split,252.0,486.0,264.0,398.0,팬츠,,,,,,,,미디·7부 기장,,,,와이드핏,,무지,,
images/20df22d6144787e06d3faf1cec0cb0ec.jpg,train,239.0,247.0,364.0,775.0,원피스,,,,,,,,롱·긴바지 기장,홀터넥,,,,,무지,,지퍼
images/b737bc99e8d257f517a7be8ee1dd38b9.jpg,train,194.0,232.0,331.0,718.0,원피스,,,,,반팔,퍼프 소매,,롱·긴바지 기장,오프숄더,,,,,,,지퍼
images/0fdfd1fe12a8a114ec2df8a23898b535.jpg,val_train_split,259.0,179.0,248.0,479.0,코트,,,,,긴팔,기본 소매,,,,,여유핏,,,체크,,단추|후드
images/0fdfd1fe12a8a114ec2df8a23898b535.jpg,val_train_split,297.0,229.0,206.0,441.0,원피스,,,,,,,,무릎 기장,,,,,A라인,무지,,지퍼
images/383821aa827c21559d3fd6034d863f85.jpg,train,232.0,200.0,214.0,456.0,원피스,,,,,,,,쇼츠·미니 기장,,칼라 없음,,,,무지,,지퍼
images/123501bd70ac6a532954f96aa5bcd3fc.jpg,train,216.0,187.0,218.0,217.0,탑,,,,,,,크롭 기장,,라운드넥,,슬림핏,,,도트,,
images/123501bd70ac6a532954f96aa5bcd3fc.jpg,train,288.0,347.0,330.0,367.0,스커트,,,,,,,,쇼츠·미니 기장,,,,,A라인,,,지퍼
images/0d3220c832cb887aefc7d1b80b9f7717.jpg,train,330.0,358.0,184.0,276.0,원피스,,,,,,,,쇼츠·미니 기장,,,,,,무지,,지퍼
images/0d3220c832cb887aefc7d1b80b9f7717.jpg,train,307.0,265.0,229.0,199.0,가디건,,,,,반팔,기본 소매,크롭 기장,,,,레귤러핏,,,무지,니트,벨트
images/2ac36f3f5e5b639b78c57fb380eaf406.jpg,val_train_split,163.0,441.0,309.0,582.0,코트,,,,,긴팔,기본 소매,,,,,레귤러핏,,,무지,,지퍼|포켓|후드
images/c2e92b18342d98dee5069212b9059907.jpg,val_train_split,243.0,521.0,166.0,248.0,원피스,,,,,,,,무릎 기장,,피터팬 칼라,,,,무지,,지퍼|프릴·러플
images/03d00dabc2c91876852113315b7e349b.jpg,val_train_split,127.0,207.0,323.0,702.0,원피스,,,,,,,,무릎 기장,홀터넥,,,,,무지,,플리츠|지퍼|벨트
images/3e2b713607949fb17286fb3e8a884f8d.jpg,train,187.0,244.0,226.0,434.0,원피스,,,,,,,,쇼츠·미니 기장,,칼라 없음,,,,애니멀,,지퍼|벨트
images/98b20c1873900307c7fae89474f4baad.jpg,train,500.0,340.0,137.0,128.0,스커트,,,,,,,,쇼츠·미니 기장,,,,플레어핏,,무지,,플리츠|지퍼
images/98b20c1873900307c7fae89474f4baad.jpg,train,542.0,261.0,61.0,82.0,탑,,,,,,,,,,,슬림핏,,,무지,,
images/98b20c1873900307c7fae89474f4baad.jpg,train,494.0,177.0,177.0,178.0,재킷,,,,,7부 소매,기본 소매,크롭 기장,,,라펠 칼라,레귤러핏,,,무지,,지퍼|벨트
images/cc464eb8c2a1594295e46204b4ea40db.jpg,val_train_split,133.0,297.0,548.0,616.0,원피스,,,,,,,,롱·긴바지 기장,,,,,,무지,,스팽글|지퍼
images/ae0914b30be8ef0dee43496f462940ff.jpg,val_train_split,190.0,644.0,280.0,379.0,팬츠,,,,,,,,,,,,슬림핏,,무지,,
images/ae0914b30be8ef0dee43496f462940ff.jpg,val_train_split,114.0,212.0,423.0,413.0,재킷,,,,,7부 소매,기본 소매,크롭 기장,,,칼라 없음,레귤러핏,,,체크,,포켓
images/ae0914b30be8ef0dee43496f462940ff.jpg,val_train_split,96.0,184.0,431.0,531.0,티셔츠,,,,,긴팔,기본 소매,기본 기장,,터틀넥,,레귤러핏,,,무지,,
images/0ce6a815fcbac235d869ca96b2c746a0.jpg,val_train_split,107.0,193.0,526.0,755.0,원피스,,,,,긴팔,퍼프 소매,,,,,오버핏,,,무지,,
images/3b4cfa14a7b7903a9e1d3a390fa2a093.jpg,train,288.0,197.0,89.0,153.0,셔츠,,,,,,,,,,셔츠 칼라,레귤러핏,,,도트,,단추
images/3b4cfa14a7b7903a9e1d3a390fa2a093.jpg,train,166.0,504.0,240.0,427.0,팬츠,,,,,,,,롱·긴바지 기장,,,,스트레이트핏,H라인,체크,,
images/3b4cfa14a7b7903a9e1d3a390fa2a093.jpg,train,177.0,210.0,299.0,371.0,블레이저,,,,,긴팔,기본 소매,크롭 기장,,,라펠 칼라,슬림핏,,,체크,,단추|포켓
images/d4b076358afc50d742b2120924896670.jpg,train,279.0,221.0,68.0,169.0,탑,,,,,,,,,라운드넥,,슬림핏,,,무지,,
images/d4b076358afc50d742b2120924896670.jpg,train,227.0,389.0,183.0,330.0,스커트,,,,,,,,무릎 기장,,,,스트레이트핏,비대칭,무지,,지퍼|포켓
images/d4b076358afc50d742b2120924896670.jpg,train,184.0,197.0,265.0,384.0,재킷,,,,,긴팔,기본 소매,크롭 기장,,,라펠 칼라,레귤러핏,,,도트,,지퍼|벨트
images/f8e429d3966c2c28540dabd10b7372d0.jpg,train,259.0,250.0,184.0,462.0,점프수트,,,,,,,,무릎 기장,,,여유핏,,,무지,,지퍼|포켓
images/f8e429d3966c2c28540dabd10b7372d0.jpg,train,201.0,198.0,298.0,335.0,후드티,,,,,긴팔,기본 소매,,,,,레귤러핏,,,무지,,후드
images/9164d305cb3df706fa4aee4d16f8e0a4.jpg,val_train_split,329.0,153.0,172.0,124.0,재킷,,,,,,기본 소매,크롭 기장,,,셔츠 칼라,레귤러핏,,,무지,,단추|포켓
images/9164d305cb3df706fa4aee4d16f8e0a4.jpg,val_train_split,344.0,182.0,140.0,217.0,점프수트,,,,,,,,쇼츠·미니 기장,,,,,,무지,,
images/b030a75904244cb70840c003c019486d.jpg,train,312.0,524.0,152.0,142.0,쇼츠,,,,,,,,쇼츠·미니 기장,,,,,,무지,,포켓
images/b030a75904244cb70840c003c019486d.jpg,train,301.0,260.0,175.0,312.0,베스트,,,,,,,크롭 기장,,,칼라 없음,레귤러핏,,,무지,,지퍼|포켓
images/b030a75904244cb70840c003c019486d.jpg,train,321.0,299.0,153.0,126.0,티셔츠,,,,,반팔,기본 소매,,,,,레귤러핏,,,무지,,
images/15a368cba0b0c569e2bc6ef1ed54c5b7.jpg,train,493.0,213.0,162.0,603.0,원피스,,,,,,,,쇼츠·미니 기장,,,,,,무지,,지퍼
images/15a368cba0b0c569e2bc6ef1ed54c5b7.jpg,train,348.0,148.0,394.0,678.0,코트,,,,,반팔,퍼프 소매,,,,라펠 칼라,여유핏,,,무지,퍼·플리스,스팽글|단추|리본|벨트
images/f6838e747fba59fb008b1044873a9c77.jpg,train,194.0,235.0,257.0,334.0,니트,,,,,긴팔,,크롭 기장,,터틀넥,,레귤러핏,,,무지,니트,
images/f6838e747fba59fb008b1044873a9c77.jpg,train,364.0,236.0,15.0,63.0,니트,,,,,,,,,,,,,,무지,니트,
images/f6838e747fba59fb008b1044873a9c77.jpg,train,245.0,513.0,159.0,334.0,팬츠,,,,,,,,롱·긴바지 기장,,,,슬림핏,,무지,,
images/383db789a27c5593a2ddd6a5b7abb0c8.jpg,train,224.0,172.0,228.0,764.0,원피스,,,,,,,,롱·긴바지 기장,라운드넥,,,,,무지,,스팽글|지퍼|벨트
images/6813cf7df3cd7f2982f8c3c035ee9397.jpg,train,477.0,420.0,290.0,500.0,원피스,,,,,반팔,,,롱·긴바지 기장,라운드넥,,,,,애니멀,,지퍼|리본|벨트
images/77a42dfcd3d4c6142cfaf968f13a0080.jpg,train,302.0,171.0,215.0,411.0,원피스,,,,,반팔,기본 소매,,쇼츠·미니 기장,,칼라 없음,,,H라인,무지,,단추
images/24c39947fd4cd4c2626c466556528e44.jpg,train,81.0,283.0,383.0,704.0,점프수트,,,,,반팔,캡 소매,,쇼츠·미니 기장,,칼라 없음,레귤러핏,,,무지,,플리츠|단추
images/6a5b2a22cb5e5410120a1a5ab6c1d5be.jpg,train,134.0,507.0,382.0,516.0,가디건,,,,,긴팔,,크롭 기장,,,,레귤러핏,,,무지,니트,
images/65a605270a7c65af2a12936ee08dfb6f.jpg,train,316.0,269.0,75.0,106.0,탑,,,,,,,,,,,슬림핏,,,무지,,
images/65a605270a7c65af2a12936ee08dfb6f.jpg,train,284.0,374.0,121.0,203.0,스커트,,,,,,,,쇼츠·미니 기장,,,,스트레이트핏,H라인,무지,,지퍼
images/65a605270a7c65af2a12936ee08dfb6f.jpg,train,186.0,194.0,285.0,442.0,코트,,,,,,기본 소매,,,,,레귤러핏,,,무지,퍼·플리스,포켓
images/f6fbbfe18b442983b09d279d3e4e7c55.jpg,train,284.0,245.0,200.0,313.0,탑,,,,,,,기본 기장,,라운드넥,,,,,그래픽,,
images/f6fbbfe18b442983b09d279d3e4e7c55.jpg,train,317.0,549.0,158.0,89.0,스커트,,,,,,,,쇼츠·미니 기장,,,,스트레이트핏,H라인,,,지퍼
images/523b1454dd8767ee11bfaf21b29b1718.jpg,train,283.0,374.0,295.0,239.0,팬츠,,,,,,,,롱·긴바지 기장,,,,,,,,
images/523b1454dd8767ee11bfaf21b29b1718.jpg,train,424.0,151.0,140.0,224.0,탑,,,,,,,,,홀터넥,,슬림핏,,,무지,,
images/002ecdbdc4ebf4b5436388c981025631.jpg,train,176.0,221.0,262.0,328.0,티셔츠,,,,,긴팔,래글런 소매,크롭 기장,,V넥,,슬림핏,,비대칭,무지,,지퍼
images/002ecdbdc4ebf4b5436388c981025631.jpg,train,200.0,437.0,178.0,470.0,팬츠,,,,,,,,롱·긴바지 기장,,,,,,무지,,
images/a712f8838aa5404a9ec7c1cf0f19056a.jpg,train,242.0,336.0,258.0,346.0,원피스,,,,,긴팔,기본 소매,,쇼츠·미니 기장,,,오버핏,,,플로럴,,
images/81fe790eef7a98b386d199bdc7c62997.jpg,train,219.0,230.0,255.0,316.0,탑,,,,,긴팔,래글런 소매,기본 기장,,라운드넥,,레귤러핏,,,,,
images/81fe790eef7a98b386d199bdc7c62997.jpg,train,266.0,460.0,165.0,274.0,팬츠,,,,,,,,미디·7부 기장,,,,슬림핏,,무지,,
images/8cf03452ecb66e0b7b2174b9e5964eb0.jpg,train,462.0,262.0,373.0,495.0,베스트,,,,,,,,,,셔츠 칼라,레귤러핏,,,무지,,단추|포켓
images/8cf03452ecb66e0b7b2174b9e5964eb0.jpg,train,484.0,448.0,105.0,309.0,탑,,,,,,,,,,,레귤러핏,,,무지,,
images/fd150330c8a62cd9ab45e51f4de6969f.jpg,val_train_split,188.0,179.0,260.0,440.0,원피스,,,,,반팔,기본 소매,,쇼츠·미니 기장,스퀘어넥,,,,,무지,,지퍼
images/14631f2f41cff96f27ebd3dd47dd5ba4.jpg,train,198.0,275.0,349.0,740.0,원피스,,,,,,,,롱·긴바지 기장,,칼라 없음,,,,무지,,지퍼
images/9e6bd17db4f65575cb6215a76886f070.jpg,train,173.0,216.0,244.0,228.0,티셔츠,,,,,반팔,기본 소매,크롭 기장,,스퀘어넥,,,,,무지,,
images/9e6bd17db4f65575cb6215a76886f070.jpg,train,181.0,427.0,185.0,464.0,팬츠,,,,,,,,롱·긴바지 기장,,,,,,무지,,
images/f8b38d085dc15913e26ed1580d0cb644.jpg,train,268.0,247.0,100.0,334.0,셔츠,,,,,,,크롭 기장,,,스탠드 칼라,레귤러핏,,,무지,,단추
images/f8b38d085dc15913e26ed1580d0cb644.jpg,train,213.0,236.0,310.0,383.0,코트,,,,,긴팔,기본 소매,,,,라펠 칼라,슬림핏,,,무지,,단추|포켓
images/f8b38d085dc15913e26ed1580d0cb644.jpg,train,239.0,544.0,190.0,200.0,쇼츠,,,,,,,,쇼츠·미니 기장,,,,,,무지,,
images/079f679445c53bf072b359c5e0539180.jpg,train,552.0,250.0,209.0,367.0,원피스,,,,,반팔,기본 소매,,쇼츠·미니 기장,오프숄더,,,,,무지,,지퍼
images/0d50bf3e70fac72eb7bb14ac38a3e8a1.jpg,val_train_split,248.0,292.0,147.0,266.0,원피스,,,,,,,,쇼츠·미니 기장,,,,,A라인,애니멀,,지퍼
images/3360ac3426485b2569ea382ceaf570fa.jpg,train,538.0,390.0,110.0,198.0,팬츠,,,,,,,,롱·긴바지 기장,,,,슬림핏,,무지,,
images/3360ac3426485b2569ea382ceaf570fa.jpg,train,579.0,152.0,9.0,26.0,셔츠,,,,,,,,,,,레귤러핏,,,무지,,
images/3360ac3426485b2569ea382ceaf570fa.jpg,train,505.0,102.0,201.0,368.0,코트,,,,,,,,,,,레귤러핏,,,무지,퍼·플리스,지퍼|포켓
images/b1c6ba7eb4cf9819a3952821d7ac1cf9.jpg,train,256.0,185.0,177.0,257.0,셔츠,,,,,,,크롭 기장,,,칼라 없음,여유핏,,,무지,,단추
images/b1c6ba7eb4cf9819a3952821d7ac1cf9.jpg,train,262.0,422.0,192.0,81.0,탑,,,,,,,기본 기장,,,,여유핏,,,무지,,
images/b1c6ba7eb4cf9819a3952821d7ac1cf9.jpg,train,261.0,472.0,193.0,233.0,스커트,,,,,,,,무릎 기장,,,,,A라인,무지,,지퍼
images/b1c6ba7eb4cf9819a3952821d7ac1cf9.jpg,train,208.0,186.0,259.0,252.0,재킷,,,,,,기본 소매,크롭 기장,,,,슬림핏,,,무지,,단추
images/d7aecbd93df9771234baa7977a50aa4e.jpg,train,132.0,234.0,441.0,780.0,원피스,,,,,,,,롱·긴바지 기장,,,,,,무지,,스팽글|지퍼|프릴·러플
images/a96de75f34f220d25fe2088accdf40c7.jpg,train,253.0,293.0,260.0,227.0,탑,,,,,7부 소매,벨 소매,크롭 기장,,오프숄더,,슬림핏,,,무지,,프릴·러플
images/a96de75f34f220d25fe2088accdf40c7.jpg,train,255.0,391.0,214.0,492.0,스커트,,,,,,,,롱·긴바지 기장,,,,,,무지,,지퍼|프릴·러플
images/21a33a92e296242cf9aeb34b42e30aae.jpg,train,228.0,387.0,254.0,295.0,스커트,,,,,,,,무릎 기장,,,,플레어핏,비대칭,무지,,지퍼
images/21a33a92e296242cf9aeb34b42e30aae.jpg,train,266.0,200.0,234.0,230.0,셔츠,,,,,7부 소매,기본 소매,,,,스탠드 칼라,레귤러핏,,,,,단추
images/92a48aa449b3f5b3aae75b0dbbcd2583.jpg,train,206.0,237.0,257.0,680.0,점프수트,,,,,긴팔,기본 소매,,롱·긴바지 기장,,,,,H라인,,,지퍼
images/6fcd22b0108bf5e44fdb52a329e46a38.jpg,train,143.0,192.0,220.0,504.0,원피스,,,,,반팔,캡 소매,,무릎 기장,보트넥,,,,A라인,플로럴,,플리츠|지퍼|프릴·러플
images/9874a9f07cbfb30880b8b1c87e5ce540.jpg,train,109.0,261.0,515.0,653.0,원피스,,,,,반팔,퍼프 소매,,쇼츠·미니 기장,라운드넥,,,,,무지,,지퍼
images/760ba118919a38413b8bdf007680cee7.jpg,train,286.0,439.0,258.0,226.0,스커트,,,,,,,,쇼츠·미니 기장,,,,,A라인,무지,,지퍼
images/760ba118919a38413b8bdf007680cee7.jpg,train,279.0,199.0,244.0,265.0,티셔츠,,,,,7부 소매,,크롭 기장,,,,여유핏,,,애니멀,,벨트
images/97df5388bf78738b78a740bcec64c989.jpg,train,278.0,348.0,155.0,240.0,티셔츠,,,,,긴팔,퍼프 소매,크롭 기장,,,,레귤러핏,,,그래픽,,
images/97df5388bf78738b78a740bcec64c989.jpg,train,275.0,571.0,134.0,117.0,스커트,,,,,,,,쇼츠·미니 기장,,,,,,무지,,지퍼
images/ce973f8a34691340fbfc79852a2a46dc.jpg,val_train_split,319.0,506.0,216.0,396.0,청바지,,,,,,,,,,,,,,무지,데님,
images/ce973f8a34691340fbfc79852a2a46dc.jpg,val_train_split,282.0,219.0,237.0,300.0,니트,,,,,,래글런 소매,크롭 기장,,,,레귤러핏,,,애니멀,니트,
images/0cefac638d9465857abbe689d40ce39a.jpg,train,259.0,626.0,396.0,397.0,스커트,,,,,,,,,,,,,A라인,무지,,단추|포켓
images/0cefac638d9465857abbe689d40ce39a.jpg,train,52.0,266.0,574.0,408.0,셔츠,,,,,7부 소매,기본 소매,,,,셔츠 칼라,레귤러핏,,,체크,,플리츠|프릴·러플
images/260df1186b973c6a6cc40c4d9b89c2da.jpg,train,90.0,391.0,211.0,477.0,팬츠,,,,,,,,롱·긴바지 기장,,,,와이드핏,,스트라이프,,포켓|벨트
images/260df1186b973c6a6cc40c4d9b89c2da.jpg,train,49.0,238.0,303.0,169.0,탑,,,,,,기본 소매,크롭 기장,,오프숄더,,여유핏,,,스트라이프,,
images/bf9181a16f832e9e93a5f8a5257751e2.jpg,train,296.0,248.0,196.0,261.0,탑,,,,,,,크롭 기장,,홀터넥,,여유핏,,,무지,,
images/bf9181a16f832e9e93a5f8a5257751e2.jpg,train,309.0,453.0,198.0,119.0,쇼츠,,,,,,,,쇼츠·미니 기장,,,,,,무지,,
images/2f86a38fac7a98cb3cba34973439ddc6.jpg,train,67.0,175.0,280.0,473.0,원피스,,,,,민소매,캡 소매,,쇼츠·미니 기장,,,,,A라인,무지,,지퍼
images/cda59fdd8a0dbe2db83b322a72b4750f.jpg,train,48.0,268.0,342.0,410.0,재킷,,,,,7부 소매,기본 소매,크롭 기장,,,라펠 칼라,레귤러핏,,,,퍼·플리스,지퍼
images/cda59fdd8a0dbe2db83b322a72b4750f.jpg,train,227.0,338.0,94.0,253.0,탑,,,,,,,크롭 기장,,,,레귤러핏,,,무지,,
images/cda59fdd8a0dbe2db83b322a72b4750f.jpg,train,96.0,577.0,437.0,272.0,팬츠,,,,,,,,,,,,슬림핏,,무지,,포켓
images/96c5755e16acfd9da438228291a43891.jpg,train,369.0,492.0,209.0,298.0,스커트,,,,,,,,미디·7부 기장,,,,,A라인,무지,,지퍼
images/96c5755e16acfd9da438228291a43891.jpg,train,402.0,104.0,193.0,326.0,베스트,,,,,긴팔,기본 소매,크롭 기장,,,,레귤러핏,,,무지,퍼·플리스,후드
images/9e2d300c3c2f7fdde9ad4a55304cb5e6.jpg,train,86.0,120.0,324.0,606.0,코트,,,,,긴팔,기본 소매,,,,,레귤러핏,,,무지,퍼·플리스,벨트
images/baf4cd42e2d6fd237457cf4fccaee636.jpg,val_train_split,585.0,245.0,306.0,729.0,점프수트,,,,,긴팔,기본 소매,,롱·긴바지 기장,V넥,,,,,무지,,지퍼|벨트
images/cb9b57411708ff18c6efedf6a3f5b239.jpg,train,111.0,223.0,255.0,490.0,원피스,,,,,반팔,캡 소매,,무릎 기장,,칼라 없음,,,,무지,,지퍼
images/d3f96ac3cfb4235b17d81d6586655c24.jpg,train,303.0,494.0,238.0,313.0,청바지,,,,,,,,롱·긴바지 기장,,,,슬림핏,,무지,데님,포켓
images/d3f96ac3cfb4235b17d81d6586655c24.jpg,train,338.0,451.0,92.0,61.0,탑,,,,,,,크롭 기장,,,,레귤러핏,,,무지,,
images/d3f96ac3cfb4235b17d81d6586655c24.jpg,train,266.0,291.0,204.0,243.0,재킷,,,,,긴팔,기본 소매,크롭 기장,,,스탠드 칼라,슬림핏,,,무지,,지퍼|포켓
images/fff11e31ec0146bd469e5e3afa14a37a.jpg,train,197.0,199.0,270.0,355.0,니트,,,,,긴팔,기본 소매,크롭 기장,,라운드넥,,레귤러핏,,,,니트,포켓
images/fff11e31ec0146bd469e5e3afa14a37a.jpg,train,283.0,168.0,76.0,46.0,셔츠,,,,,,,,,,셔츠 칼라,레귤러핏,,,,,
images/fff11e31ec0146bd469e5e3afa14a37a.jpg,train,244.0,502.0,175.0,413.0,팬츠,,,,,,,,롱·긴바지 기장,,,,,,무지,,
images/fff11e31ec0146bd469e5e3afa14a37a.jpg,train,190.0,167.0,281.0,388.0,블레이저,,,,,긴팔,기본 소매,,,,라펠 칼라,레귤러핏,,,무지,,단추
images/9280e506e3a96381650429e5b9591b8b.jpg,train,184.0,510.0,256.0,513.0,팬츠,,,,,,,,,,,,슬림핏,,플로럴,,
images/9280e506e3a96381650429e5b9591b8b.jpg,train,229.0,260.0,302.0,283.0,티셔츠,,,,,반팔,벨 소매,크롭 기장,,,,슬림핏,,,플로럴,,리본
images/5d23a6a918c310eaf22f1ffc207fc078.jpg,val_train_split,344.0,303.0,200.0,352.0,티셔츠,,,,,반팔,래글런 소매,기본 기장,,,,여유핏,,비대칭,무지,,리본
images/5d23a6a918c310eaf22f1ffc207fc078.jpg,val_train_split,330.0,507.0,129.0,152.0,쇼츠,,,,,,,,쇼츠·미니 기장,,,,,,무지,,포켓
images/db19b84083f7c19bbc87f27a95e4a35a.jpg,train,200.0,232.0,259.0,356.0,블레이저,,,,,긴팔,기본 소매,기본 기장,,,칼라 없음,레귤러핏,,,플로럴,,지퍼
images/db19b84083f7c19bbc87f27a95e4a35a.jpg,train,184.0,563.0,257.0,390.0,스커트,,,,,,,,롱·긴바지 기장,,,,,A라인,무지,,지퍼
images/137d28c29a22cfa69c560b4cc13d31b0.jpg,train,226.0,483.0,210.0,429.0,팬츠,,,,,,,,롱·긴바지 기장,,,,슬림핏,,무지,,
images/137d28c29a22cfa69c560b4cc13d31b0.jpg,train,256.0,488.0,140.0,51.0,티셔츠,,,,,,,기본 기장,,,,레귤러핏,,,무지,,
images/137d28c29a22cfa69c560b4cc13d31b0.jpg,train,222.0,124.0,215.0,376.0,니트,,,,,,,크롭 기장,,터틀넥,셔츠 칼라,레귤러핏,,,무지,니트,지퍼
images/137d28c29a22cfa69c560b4cc13d31b0.jpg,train,187.0,148.0,302.0,368.0,재킷,,,,,긴팔,기본 소매,크롭 기장,,,,레귤러핏,,비대칭,무지,,지퍼
images/eaf0a9326b46fac24998e1d5a6e4f8f6.jpg,train,242.0,177.0,228.0,732.0,원피스,,,,,반팔,캡 소매,,롱·긴바지 기장,,스탠드 칼라,,,H라인,무지,,단추
images/d931e24c06cca65913f8d54777fb7b66.jpg,train,192.0,320.0,313.0,610.0,원피스,,,,,,,,롱·긴바지 기장,,,,,,무지|플로럴,,지퍼|스팽글
images/f4c868518f6194c3d708d889b79c4357.jpg,train,159.0,188.0,275.0,359.0,재킷,,,,,7부 소매,벨 소매,,,,셔츠 칼라,오버핏,,,무지,퍼·플리스,
images/6efb9db7585de62376a490bede3f970d.jpg,train,129.0,362.0,454.0,538.0,스커트,,,,,,,,롱·긴바지 기장,,,,,A라인,,,지퍼
images/6efb9db7585de62376a490bede3f970d.jpg,train,207.0,221.0,250.0,328.0,셔츠,,,,,7부 소매,기본 소매,,,,스탠드 칼라,슬림핏,,,,,
images/7c6ffefbb00cfb386d943bacb78c6957.jpg,train,427.0,310.0,472.0,630.0,블레이저,,,,,긴팔,기본 소매,,,,라펠 칼라,레귤러핏,,,체크,,단추|포켓
images/7c6ffefbb00cfb386d943bacb78c6957.jpg,train,575.0,357.0,118.0,225.0,티셔츠,,,,,,,,,V넥,,레귤러핏,,,무지,,
images/11e3b192c8f97d1d9f2ce0c84f910e4e.jpg,val_train_split,201.0,227.0,198.0,511.0,원피스,,,,,,,,무릎 기장,V넥,,,,비대칭,무지,,지퍼
images/e669bd76f5c18c48cb1c0c0d6587e750.jpg,train,250.0,198.0,226.0,492.0,원피스,,,,,반팔,캡 소매,,무릎 기장,스퀘어넥,,,,H라인,무지,,지퍼
images/de3027025a2e0c80cda700c0800fa95d.jpg,train,184.0,162.0,352.0,489.0,코트,,,,,긴팔,기본 소매,,,,,슬림핏,,,무지,퍼·플리스,지퍼
images/332b944339eddd151b966b9d0eee15b1.jpg,train,284.0,182.0,346.0,564.0,원피스,,,,,,,,롱·긴바지 기장,스퀘어넥,,,,,체크,,지퍼
images/a6686574e4b9d31e95af39a47ceee390.jpg,train,215.0,432.0,246.0,523.0,청바지,,,,,,,,롱·긴바지 기장,,,,와이드핏,,무지,데님,포켓
images/a6686574e4b9d31e95af39a47ceee390.jpg,train,214.0,233.0,254.0,219.0,티셔츠,,,,,반팔,캡 소매,크롭 기장,,터틀넥,,여유핏,,,무지,,
images/4b24692f4f34b07cea91f3f7eb7fa8a4.jpg,val_train_split,300.0,177.0,90.0,147.0,셔츠,,,,,,,,,,셔츠 칼라,레귤러핏,,,무지,,단추
images/4b24692f4f34b07cea91f3f7eb7fa8a4.jpg,val_train_split,179.0,175.0,332.0,423.0,블레이저,,,,,긴팔,기본 소매,,,,라펠 칼라,여유핏,,,체크,,단추|포켓
images/4b24692f4f34b07cea91f3f7eb7fa8a4.jpg,val_train_split,301.0,243.0,90.0,195.0,베스트,,,,,,,,,,,슬림핏,,,무지,,단추
images/4b24692f4f34b07cea91f3f7eb7fa8a4.jpg,val_train_split,237.0,511.0,184.0,423.0,팬츠,,,,,,,,롱·긴바지 기장,,,,,,무지,,
images/a36db7e62a6b39502f35013c9d7cbe71.jpg,train,204.0,182.0,258.0,587.0,원피스,,,,,7부 소매,벌룬 소매,,미디·7부 기장,,셔츠 칼라,,,A라인,,,지퍼
images/39760148c350d2266bb53157f68809aa.jpg,train,152.0,145.0,313.0,370.0,재킷,,,,,긴팔,,크롭 기장,,,라펠 칼라,여유핏,,,애니멀,가죽,스팽글
images/39760148c350d2266bb53157f68809aa.jpg,train,219.0,197.0,195.0,219.0,티셔츠,,,,,,,크롭 기장,,,,레귤러핏,,,무지,,
images/39760148c350d2266bb53157f68809aa.jpg,train,320.0,406.0,111.0,484.0,팬츠,,,,,,,,롱·긴바지 기장,,,,슬림핏,,무지,,
images/39760148c350d2266bb53157f68809aa.jpg,train,109.0,396.0,380.0,490.0,스커트,,,,,,,,롱·긴바지 기장,,,,플레어핏,,무지,,지퍼
images/fc0c9e6b36dea888b073b4362dfbaedc.jpg,val_train_split,244.0,474.0,253.0,423.0,팬츠,,,,,,,,롱·긴바지 기장,,,,스트레이트핏,H라인,무지,,
images/fc0c9e6b36dea888b073b4362dfbaedc.jpg,val_train_split,151.0,91.0,314.0,388.0,후드티,,,,,7부 소매,,크롭 기장,,,,레귤러핏,,,무지,,후드
images/05527bba1360e632cb5c7c736de6c6b5.jpg,train,522.0,167.0,155.0,344.0,점프수트,,,,,,,,,,,,,,무지,,플리츠|지퍼|포켓
images/3803dbec7d00c6fdb6cdf1cd29d016c7.jpg,train,119.0,165.0,224.0,327.0,셔츠,,,,,긴팔,기본 소매,,,,셔츠 칼라,레귤러핏,,,도트,,단추
images/3803dbec7d00c6fdb6cdf1cd29d016c7.jpg,train,114.0,187.0,234.0,266.0,가디건,,,,,7부 소매,기본 소매,크롭 기장,,,,레귤러핏,,,스트라이프,니트,단추
images/3803dbec7d00c6fdb6cdf1cd29d016c7.jpg,train,156.0,463.0,190.0,174.0,스커트,,,,,,,,쇼츠·미니 기장,,,,,,무지,,지퍼
images/8b61e0c945ecbf196188249b05501689.jpg,train,114.0,287.0,370.0,649.0,원피스,,,,,반팔,래글런 소매,,쇼츠·미니 기장,라운드넥,,,,A라인,무지,,
images/23775abe97e8047cf59541eaec3e9f3c.jpg,train,440.0,248.0,128.0,299.0,원피스,,,,,7부 소매,기본 소매,,무릎 기장,,셔츠 칼라,,,A라인,무지,,지퍼
images/23775abe97e8047cf59541eaec3e9f3c.jpg,train,433.0,326.0,120.0,174.0,가디건,,,,,,,크롭 기장,,,,여유핏,,비대칭,무지,니트,
images/6a6bb77054aa50449b12a8173807f1dd.jpg,train,87.0,688.0,594.0,335.0,청바지,,,,,,,,,,,,슬림핏,,무지,데님,
images/6a6bb77054aa50449b12a8173807f1dd.jpg,train,161.0,761.0,28.0,19.0,니트,,,,,,,,,,,여유핏,,,,니트,
images/6a6bb77054aa50449b12a8173807f1dd.jpg,train,201.0,471.0,417.0,376.0,티셔츠,,,,,,,크롭 기장,,오프숄더,,레귤러핏,,,스트라이프,,
images/6a6bb77054aa50449b12a8173807f1dd.jpg,train,116.0,443.0,559.0,580.0,가디건,,,,,긴팔,,,,,,레귤러핏,,,무지,니트,
images/1a28386ee7c2f6a645f656938c7145d3.jpg,train,408.0,166.0,318.0,359.0,가디건,,,,,7부 소매,기본 소매,크롭 기장,,,,레귤러핏,,,무지,니트,단추
images/1a28386ee7c2f6a645f656938c7145d3.jpg,train,462.0,166.0,169.0,335.0,셔츠,,,,,,,기본 기장,,,스탠드 칼라,레귤러핏,,,무지,,단추
images/a55ab94838f1b960eded7c326bc517e6.jpg,train,135.0,296.0,343.0,434.0,원피스,,,,,,,,무릎 기장,,,,,X라인,도트,,지퍼
images/d5dd26f50be84c775df9cdda18cdda4c.jpg,train,203.0,215.0,633.0,409.0,가디건,,,,,긴팔,래글런 소매,기본 기장,,,,레귤러핏,,,무지,니트,
images/15a96b121d229539c852face7c91bd99.jpg,train,190.0,138.0,218.0,136.0,가디건,,,,,반팔,기본 소매,크롭 기장,,,,슬림핏,,,무지,니트,단추|리본
images/15a96b121d229539c852face7c91bd99.jpg,train,271.0,185.0,99.0,100.0,탑,,,,,,,크롭 기장,,,,슬림핏,,,무지,,
images/15a96b121d229539c852face7c91bd99.jpg,train,248.0,266.0,156.0,135.0,스커트,,,,,,,,쇼츠·미니 기장,,,,,A라인,무지,,지퍼
images/a8793a38a108e8f776c7b068f9ff0b3a.jpg,val_train_split,422.0,301.0,211.0,115.0,스커트,,,,,,,,쇼츠·미니 기장,,,,플레어핏,,무지,,지퍼
images/a8793a38a108e8f776c7b068f9ff0b3a.jpg,val_train_split,481.0,210.0,98.0,103.0,탑,,,,,7부 소매,벌룬 소매,크롭 기장,,,,여유핏,,,무지,,
images/a076aae7e46e6926e0928796b349cf36.jpg,train,255.0,637.0,380.0,386.0,스커트,,,,,,,,,,,,스트레이트핏,H라인,무지,,지퍼
images/a076aae7e46e6926e0928796b349cf36.jpg,train,291.0,342.0,219.0,314.0,탑,,,,,,,크롭 기장,,V넥,,레귤러핏,,,도트,,
images/a076aae7e46e6926e0928796b349cf36.jpg,train,145.0,231.0,536.0,647.0,블레이저,,,,,긴팔,기본 소매,기본 기장,,,라펠 칼라,여유핏,,,무지,,지퍼
images/67e9d4a73fc637d59b06463e5641a290.jpg,train,402.0,139.0,137.0,321.0,원피스,,,,,반팔,캡 소매,,무릎 기장,스퀘어넥,,,,,도트,,지퍼|벨트
images/5a07ba58327c154911e6ed75a6cf5a65.jpg,train,237.0,232.0,273.0,597.0,원피스,,,,,반팔,퍼프 소매,,미디·7부 기장,,,,,A라인,무지,,단추|리본
images/b229c35689e6c276515c19aef8c444e5.jpg,val_train_split,253.0,399.0,193.0,339.0,블레이저,,,,,7부 소매,기본 소매,,,,라펠 칼라,여유핏,,,무지,,
images/b229c35689e6c276515c19aef8c444e5.jpg,val_train_split,308.0,466.0,77.0,212.0,티셔츠,,,,,,,기본 기장,,라운드넥,,레귤러핏,,,무지,,
images/b229c35689e6c276515c19aef8c444e5.jpg,val_train_split,316.0,653.0,191.0,279.0,팬츠,,,,,,,,롱·긴바지 기장,,,,슬림핏,,체크,,
images/64f57f154965ca9b57ab3e665ec9d17b.jpg,val_train_split,99.0,212.0,498.0,811.0,가디건,,,,,,,,,,,레귤러핏,,,,니트,포켓
images/149b4e512f6ece4a648a98189a01a40a.jpg,train,221.0,468.0,234.0,89.0,쇼츠,,,,,,,,쇼츠·미니 기장,,,,슬림핏,,무지,,
images/149b4e512f6ece4a648a98189a01a40a.jpg,train,234.0,189.0,199.0,312.0,탑,,,,,,,크롭 기장,,,,슬림핏,,,무지,,
images/149b4e512f6ece4a648a98189a01a40a.jpg,train,234.0,178.0,217.0,297.0,베스트,,,,,,,크롭 기장,,,,레귤러핏,,,무지,,지퍼
images/a746f97883ce9c78b20fd26343cc9cb8.jpg,train,463.0,196.0,169.0,205.0,니트,,,,,긴팔,,크롭 기장,,,,오버핏,,,무지,니트,
images/fda0cc84c602b0eebec18ae0895fc335.jpg,train,276.0,441.0,138.0,312.0,팬츠,,,,,,,,롱·긴바지 기장,,,,,,무지,,
images/fda0cc84c602b0eebec18ae0895fc335.jpg,train,241.0,200.0,213.0,292.0,재킷,,,,,긴팔,기본 소매,크롭 기장,,,셔츠 칼라,여유핏,,,무지,,지퍼|포켓
images/fda0cc84c602b0eebec18ae0895fc335.jpg,train,301.0,224.0,56.0,232.0,니트,,,,,,,크롭 기장,,V넥,,레귤러핏,,,무지,니트,
images/fda0cc84c602b0eebec18ae0895fc335.jpg,train,318.0,232.0,23.0,48.0,티셔츠,,,,,,,,,V넥,,레귤러핏,,,무지,,
images/485599c97f576262368933170a69adca.jpg,train,63.0,196.0,394.0,532.0,원피스,,,,,반팔,래글런 소매,,무릎 기장,,,,,,무지,,지퍼|리본
images/ed84cfa2f7a6805e38a369a24622ab68.jpg,train,185.0,246.0,322.0,267.0,티셔츠,,,,,긴팔,,크롭 기장,,V넥,,여유핏,,,,,플리츠
images/ed84cfa2f7a6805e38a369a24622ab68.jpg,train,230.0,254.0,267.0,444.0,원피스,,,,,긴팔,,,쇼츠·미니 기장,,,,,,플로럴,,지퍼
images/ba7b11cb4920742b64eb6273c940fe13.jpg,train,59.0,238.0,367.0,409.0,원피스,,,,,,벨 소매,,쇼츠·미니 기장,오프숄더,,,,,그래픽,,지퍼
images/c0ac80e39503446113f9a19af52109a1.jpg,train,408.0,212.0,93.0,85.0,탑,,,,,반팔,,크롭 기장,,오프숄더,,슬림핏,,,무지,,
images/c0ac80e39503446113f9a19af52109a1.jpg,train,409.0,302.0,114.0,117.0,스커트,,,,,,,,쇼츠·미니 기장,,,,,,무지,,지퍼
images/551dd133b1f6dbc7df41abcfab662331.jpg,train,153.0,279.0,434.0,387.0,티셔츠,,,,,반팔,기본 소매,크롭 기장,,,,슬림핏,,,스트라이프,,리본
images/551dd133b1f6dbc7df41abcfab662331.jpg,train,190.0,612.0,371.0,315.0,쇼츠,,,,,,,,쇼츠·미니 기장,,,,슬림핏,,무지,,
images/e1e227b6346e2394773d7e4aaa3b0ca3.jpg,train,312.0,383.0,380.0,219.0,청바지,,,,,,,,,,,,,,무지,데님,
images/e1e227b6346e2394773d7e4aaa3b0ca3.jpg,train,273.0,115.0,448.0,405.0,후드티,,,,,긴팔,기본 소매,크롭 기장,,,,여유핏,,,무지,,후드
images/b3cb053480ed769081ae77d2dc9b5a33.jpg,train,175.0,245.0,167.0,283.0,탑,,,,,,,기본 기장,,V넥,,레귤러핏,,,무지,,지퍼
images/b3cb053480ed769081ae77d2dc9b5a33.jpg,train,161.0,452.0,201.0,452.0,팬츠,,,,,,,,롱·긴바지 기장,,,,슬림핏,,무지,,
images/b3cb053480ed769081ae77d2dc9b5a33.jpg,train,112.0,160.0,263.0,318.0,재킷,,,,,7부 소매,래글런 소매,크롭 기장,,,,,,,스트라이프,,스팽글|지퍼
images/d7045c3a9eea443ad0ea3ab975f838f4.jpg,train,234.0,194.0,180.0,383.0,원피스,,,,,,,,쇼츠·미니 기장,보트넥,,,,H라인,플로럴,,지퍼|스팽글
images/381557f51a701eabc363b9d159268105.jpg,train,510.0,275.0,159.0,177.0,티셔츠,,,,,,,크롭 기장,,,,슬림핏,,,스트라이프,,
images/381557f51a701eabc363b9d159268105.jpg,train,427.0,245.0,307.0,345.0,가디건,,,,,긴팔,기본 소매,기본 기장,,,,여유핏,,,무지,니트,단추
images/381557f51a701eabc363b9d159268105.jpg,train,491.0,430.0,192.0,155.0,쇼츠,,,,,,,,쇼츠·미니 기장,,,,슬림핏,,무지,,포켓
images/61f464700f1e7ce024d6790bec8aa802.jpg,train,672.0,609.0,172.0,72.0,스커트,,,,,,,,,,,,,,무지,,플리츠|지퍼
images/61f464700f1e7ce024d6790bec8aa802.jpg,train,658.0,434.0,201.0,197.0,니트,,,,,긴팔,래글런 소매,크롭 기장,,,,오버핏,,,무지,니트,
images/07d0cdf49943d667b687f9a2483c4b55.jpg,train,253.0,178.0,179.0,399.0,셔츠,,,,,,,,,,셔츠 칼라,레귤러핏,,,체크,,단추|포켓
images/07d0cdf49943d667b687f9a2483c4b55.jpg,train,248.0,525.0,173.0,358.0,팬츠,,,,,,,,롱·긴바지 기장,,,,,,체크,,
images/07d0cdf49943d667b687f9a2483c4b55.jpg,train,123.0,143.0,429.0,666.0,코트,,,,,,,,,,,여유핏,,,무지,퍼·플리스,
images/7b5bfbbd6d3e21fc92a6730fcad24f38.jpg,val_train_split,29.0,218.0,196.0,445.0,원피스,,,,,,,,무릎 기장,,폴로 칼라,,,A라인,스트라이프,,
images/7b5bfbbd6d3e21fc92a6730fcad24f38.jpg,val_train_split,50.0,232.0,234.0,240.0,재킷,,,,,긴팔,기본 소매,크롭 기장,,,셔츠 칼라,레귤러핏,,,무지,,포켓
images/977a378a5033c044f27567b578b2e011.jpg,train,334.0,307.0,307.0,529.0,티셔츠,,,,,,,크롭 기장,,라운드넥,,레귤러핏,,,무지,,
images/977a378a5033c044f27567b578b2e011.jpg,train,377.0,793.0,328.0,229.0,청바지,,,,,,,,,,,,슬림핏,,무지,데님,포켓
images/977a378a5033c044f27567b578b2e011.jpg,train,224.0,282.0,498.0,719.0,가디건,,,,,긴팔,기본 소매,기본 기장,,,라펠 칼라,레귤러핏,,,무지,니트,단추
images/34d2f072276e7f88b994e6b0c469b9e3.jpg,train,270.0,204.0,202.0,155.0,재킷,,,,,반팔,캡 소매,크롭 기장,,,칼라 없음,레귤러핏,,,무지,,
images/34d2f072276e7f88b994e6b0c469b9e3.jpg,train,308.0,271.0,117.0,71.0,탑,,,,,,,크롭 기장,,,,슬림핏,,,무지,,
images/34d2f072276e7f88b994e6b0c469b9e3.jpg,train,282.0,333.0,159.0,276.0,스커트,,,,,,,,쇼츠·미니 기장,,,,,,무지,,지퍼
images/3c9bdee27d77c01d1162437e3d548805.jpg,train,295.0,584.0,384.0,338.0,청바지,,,,,,,,,,,,슬림핏,,무지,데님,포켓
images/3c9bdee27d77c01d1162437e3d548805.jpg,train,234.0,395.0,163.0,253.0,탑,,,,,,,크롭 기장,,홀터넥,,슬림핏,,,무지,,벨트
images/12b92e02f78a590b2757400198b5aebb.jpg,train,190.0,533.0,328.0,444.0,티셔츠,,,,,긴팔,기본 소매,크롭 기장,,터틀넥,,슬림핏,,,무지,,
images/12b92e02f78a590b2757400198b5aebb.jpg,train,177.0,808.0,384.0,215.0,스커트,,,,,,,,쇼츠·미니 기장,,,,,A라인,무지,,지퍼
images/fe3b3e71b5b50f68eeda326971ac77e8.jpg,train,206.0,168.0,271.0,375.0,원피스,,,,,긴팔,벌룬 소매,,,오프숄더,,,,A라인,무지,니트,지퍼
images/0cf49e1d708edb43784f52d11b6fec83.jpg,train,192.0,428.0,214.0,173.0,쇼츠,,,,,,,,쇼츠·미니 기장,,,,슬림핏,,무지,,포켓|벨트
images/0cf49e1d708edb43784f52d11b6fec83.jpg,train,100.0,193.0,353.0,368.0,가디건,,,,,,,기본 기장,,,,슬림핏,,,무지,니트,단추
images/0cf49e1d708edb43784f52d11b6fec83.jpg,train,212.0,250.0,138.0,195.0,탑,,,,,,,크롭 기장,,,,슬림핏,,,무지,,
images/bd3ed58d6c396c4882a65ca9630d289c.jpg,train,215.0,366.0,260.0,143.0,탑,,,,,반팔,벨 소매,크롭 기장,,오프숄더,,여유핏,,,플로럴,,
images/bd3ed58d6c396c4882a65ca9630d289c.jpg,train,218.0,496.0,210.0,181.0,스커트,,,,,,,,쇼츠·미니 기장,,,,,A라인,무지,,플리츠|지퍼|프릴·러플
images/e4237054b7a0fbb785bc8c988060ec93.jpg,val_train_split,339.0,279.0,272.0,289.0,베스트,,,,,,,크롭 기장,,,,레귤러핏,,,체크,,단추
images/e4237054b7a0fbb785bc8c988060ec93.jpg,val_train_split,222.0,2.0,489.0,589.0,셔츠,,,,,7부 소매,,,,,셔츠 칼라,여유핏,,,무지,,단추
images/b858203a6dc0acfd60be5a63f90a7d44.jpg,train,116.0,238.0,267.0,393.0,가디건,,,,,긴팔,기본 소매,,,,라펠 칼라,레귤러핏,,,무지,니트,단추
images/b858203a6dc0acfd60be5a63f90a7d44.jpg,train,165.0,259.0,157.0,288.0,티셔츠,,,,,,,크롭 기장,,라운드넥,,레귤러핏,,,무지,,
images/b858203a6dc0acfd60be5a63f90a7d44.jpg,train,165.0,532.0,162.0,338.0,청바지,,,,,,,,롱·긴바지 기장,,,,,,무지,데님,포켓
images/9dcdc4c0b07c5ec6e1efbd0842e059bc.jpg,train,411.0,178.0,234.0,199.0,니트,,,,,긴팔,기본 소매,크롭 기장,,라운드넥,,여유핏,,,그래픽,니트,포켓
images/9dcdc4c0b07c5ec6e1efbd0842e059bc.jpg,train,324.0,316.0,279.0,245.0,청바지,,,,,,,,,,,,슬림핏,,무지,데님,포켓
images/2d456b8a7da46219a0477edc2268f382.jpg,train,506.0,167.0,245.0,753.0,점프수트,,,,,,,,롱·긴바지 기장,,셔츠 칼라,,,,무지,,단추|포켓|벨트
images/d1277df07bdd799b091d1fbb1102de21.jpg,train,193.0,449.0,695.0,574.0,탑,,,,,긴팔,벌룬 소매,기본 기장,,오프숄더,,여유핏,,,도트,,
images/c3c3d1ba51cd84bf0683481189f3245b.jpg,train,122.0,168.0,486.0,743.0,재킷,,,,,긴팔,래글런 소매,크롭 기장,,,셔츠 칼라,여유핏,,,무지,,단추|포켓|벨트
images/c3c3d1ba51cd84bf0683481189f3245b.jpg,train,271.0,281.0,71.0,56.0,티셔츠,,,,,,,,,,,슬림핏,,,무지,,
images/c3c3d1ba51cd84bf0683481189f3245b.jpg,train,210.0,225.0,167.0,578.0,니트,,,,,,,크롭 기장,,V넥,,레귤러핏,,,무지,니트,
images/c3c3d1ba51cd84bf0683481189f3245b.jpg,train,187.0,792.0,383.0,231.0,청바지,,,,,,,,,,,,,,무지,데님,포켓
images/89a67773efbcb8df2eed400984d0cfb9.jpg,train,153.0,235.0,216.0,439.0,원피스,,,,,반팔,기본 소매,,쇼츠·미니 기장,,셔츠 칼라,,,H라인,애니멀,,단추
images/3fea9013f6874f6c5718ce4bb3515a71.jpg,val_train_split,280.0,385.0,350.0,197.0,탑,,,,,반팔,퍼프 소매,크롭 기장,,오프숄더,,여유핏,,,무지,,
images/a922a1556cd41662b26221934dd1fc41.jpg,train,279.0,248.0,79.0,202.0,티셔츠,,,,,,,크롭 기장,,터틀넥,,슬림핏,,,무지,,
images/a922a1556cd41662b26221934dd1fc41.jpg,train,207.0,261.0,236.0,368.0,코트,,,,,,기본 소매,,,,라펠 칼라,슬림핏,,,그래픽,,단추
images/a922a1556cd41662b26221934dd1fc41.jpg,train,252.0,443.0,148.0,506.0,팬츠,,,,,,,,롱·긴바지 기장,,,,와이드핏,,무지,,벨트
images/3e1db44aff3a56c2315bf1a04d29b5aa.jpg,val_train_split,159.0,486.0,276.0,343.0,청바지,,,,,,,,,,,,,,무지,데님,
images/3e1db44aff3a56c2315bf1a04d29b5aa.jpg,val_train_split,249.0,491.0,202.0,130.0,니트,,,,,,,,,,,슬림핏,,,무지,니트,
images/3e1db44aff3a56c2315bf1a04d29b5aa.jpg,val_train_split,269.0,216.0,186.0,367.0,재킷,,,,,긴팔,,크롭 기장,,,셔츠 칼라,슬림핏,,,무지,,지퍼|포켓
images/f58643ec59ae403ab00ee5c25810ef7e.jpg,train,181.0,176.0,305.0,511.0,니트,,,,,긴팔,벨 소매,,,,,오버핏,,,,니트,
images/f58643ec59ae403ab00ee5c25810ef7e.jpg,train,285.0,642.0,120.0,175.0,팬츠,,,,,,,,,,,,슬림핏,,무지,,
images/971aa183777df1c9ce874ec2d8abd0cf.jpg,val_train_split,249.0,668.0,222.0,355.0,팬츠,,,,,,,,,,,,,,무지,,포켓
images/971aa183777df1c9ce874ec2d8abd0cf.jpg,val_train_split,330.0,284.0,98.0,70.0,셔츠,,,,,,,,,,셔츠 칼라,레귤러핏,,,무지,,단추
images/971aa183777df1c9ce874ec2d8abd0cf.jpg,val_train_split,264.0,327.0,254.0,428.0,티셔츠,,,,,긴팔,,크롭 기장,,,,레귤러핏,,,무지,,지퍼
images/971aa183777df1c9ce874ec2d8abd0cf.jpg,val_train_split,203.0,265.0,326.0,477.0,재킷,,,,,긴팔,기본 소매,크롭 기장,,,라펠 칼라,레귤러핏,,,무지,가죽|스웨이드,지퍼
images/ea35d69924f9310e70438ab9565c7a4d.jpg,train,158.0,642.0,411.0,380.0,팬츠,,,,,,,,,,,,,,체크,,플리츠|포켓
images/ea35d69924f9310e70438ab9565c7a4d.jpg,train,210.0,248.0,418.0,440.0,셔츠,,,,,,기본 소매,,,,스탠드 칼라,레귤러핏,,,무지,,단추|포켓
images/4c18200c1bd8207ac6aa97ce9f985a0a.jpg,train,470.0,216.0,400.0,383.0,탑,,,,,,,크롭 기장,,,칼라 없음,레귤러핏,,,무지,,
images/4c18200c1bd8207ac6aa97ce9f985a0a.jpg,train,642.0,548.0,217.0,201.0,스커트,,,,,,,,쇼츠·미니 기장,,,,,,무지,가죽|스웨이드,지퍼
images/cdc164c62b29db46a0c0dc59d5f5e840.jpg,train,493.0,152.0,136.0,428.0,티셔츠,,,,,,,크롭 기장,,터틀넥,,레귤러핏,,,스트라이프,,
images/cdc164c62b29db46a0c0dc59d5f5e840.jpg,train,377.0,133.0,439.0,459.0,재킷,,,,,긴팔,기본 소매,크롭 기장,,,셔츠 칼라,여유핏,,,무지,퍼·플리스,
images/4120094515caa7056e53aadd6b043792.jpg,train,241.0,46.0,226.0,426.0,재킷,,,,,긴팔,기본 소매,크롭 기장,,,,레귤러핏,,,,,단추|후드
images/4120094515caa7056e53aadd6b043792.jpg,train,267.0,333.0,154.0,476.0,팬츠,,,,,,,,롱·긴바지 기장,,,,,,무지,,
images/9726a8eea5b5b9af470fd6935a1e6fbf.jpg,val_train_split,234.0,488.0,354.0,438.0,원피스,,,,,,,,쇼츠·미니 기장,,,,,A라인,무지,,지퍼
images/9726a8eea5b5b9af470fd6935a1e6fbf.jpg,val_train_split,129.0,245.0,441.0,553.0,재킷,,,,,긴팔,벌룬 소매,크롭 기장,,,셔츠 칼라,슬림핏,,,,,단추
images/aaa821adaba98b91151724622c4586f6.jpg,train,182.0,223.0,285.0,353.0,원피스,,,,,반팔,벨 소매,,쇼츠·미니 기장,,,오버핏,,,무지,,
images/a1f981691d74e6600d75415cb1494494.jpg,train,108.0,63.0,599.0,476.0,후드티,,,,,긴팔,기본 소매,크롭 기장,,,,여유핏,,,무지,,후드
images/a1f981691d74e6600d75415cb1494494.jpg,train,124.0,281.0,343.0,498.0,청바지,,,,,,,,롱·긴바지 기장,,,,,,무지,데님,포켓
images/dd352a1a5f7f283a1ac9e87b1db48414.jpg,train,244.0,329.0,154.0,318.0,원피스,,,,,,,,쇼츠·미니 기장,,,,,,애니멀,,지퍼
images/2766728d466a6084e1f84683b3d22d45.jpg,train,287.0,394.0,124.0,404.0,원피스,,,,,,,,롱·긴바지 기장,,,,,,무지|플로럴,,지퍼
images/2766728d466a6084e1f84683b3d22d45.jpg,train,265.0,334.0,170.0,458.0,가디건,,,,,긴팔,기본 소매,,,,,레귤러핏,,,무지,니트,
images/7dbc1b762b5da37c4e25a6f7ce33c10b.jpg,train,370.0,172.0,302.0,302.0,원피스,,,,,반팔,벨 소매,,롱·긴바지 기장,,,,,,무지,,지퍼|프릴·러플
images/93819f3e8579572235d3b5d6f0f4242d.jpg,train,231.0,354.0,324.0,306.0,티셔츠,,,,,긴팔,래글런 소매,크롭 기장,,,,슬림핏,,,무지,,
images/93819f3e8579572235d3b5d6f0f4242d.jpg,train,51.0,579.0,591.0,425.0,팬츠,,,,,,,,롱·긴바지 기장,,,,와이드핏,,무지,,
images/a7818c69fa82227083fcce0b4fd7c244.jpg,train,487.0,407.0,226.0,196.0,스커트,,,,,,,,쇼츠·미니 기장,,,,플레어핏,,플로럴,,플리츠|지퍼
images/a7818c69fa82227083fcce0b4fd7c244.jpg,train,534.0,265.0,167.0,158.0,셔츠,,,,,반팔,퍼프 소매,,,,셔츠 칼라,슬림핏,,,무지,,단추
images/3ae9f2f491f1ba296d149e6d72732d6e.jpg,train,302.0,241.0,153.0,268.0,티셔츠,,,,,,,,,터틀넥,,슬림핏,,,무지,,
images/3ae9f2f491f1ba296d149e6d72732d6e.jpg,train,193.0,270.0,360.0,358.0,가디건,,,,,긴팔,기본 소매,기본 기장,,,,레귤러핏,,,무지,니트,
images/3ae9f2f491f1ba296d149e6d72732d6e.jpg,train,208.0,492.0,275.0,169.0,청바지,,,,,,,,,,,,,,무지,데님,
images/1e5e456826c88706df0d107bed168d39.jpg,train,223.0,382.0,101.0,231.0,스커트,,,,,,,,쇼츠·미니 기장,,,,,,,,지퍼
images/1e5e456826c88706df0d107bed168d39.jpg,train,175.0,185.0,315.0,539.0,코트,,,,,긴팔,기본 소매,,,,스탠드 칼라,레귤러핏,,,무지,,단추|포켓
images/1e5e456826c88706df0d107bed168d39.jpg,train,222.0,147.0,60.0,244.0,티셔츠,,,,,,,크롭 기장,,터틀넥,,레귤러핏,,,무지,,
images/3dfea5d68a35fb96e04e7b60e925ffd2.jpg,train,86.0,630.0,283.0,244.0,쇼츠,,,,,,,,쇼츠·미니 기장,,,,슬림핏,,플로럴|그래픽,,지퍼
images/3dfea5d68a35fb96e04e7b60e925ffd2.jpg,train,161.0,326.0,239.0,479.0,탑,,,,,,,크롭 기장,,,,레귤러핏,,비대칭,무지,,리본
images/d3e8767b123261d2b13b7c3188310562.jpg,train,243.0,525.0,175.0,293.0,탑,,,,,,,기본 기장,,,,레귤러핏,,,무지,,
images/d3e8767b123261d2b13b7c3188310562.jpg,train,277.0,697.0,163.0,320.0,청바지,,,,,,,,롱·긴바지 기장,,,,,,무지,데님,
images/d3e8767b123261d2b13b7c3188310562.jpg,train,214.0,503.0,202.0,207.0,재킷,,,,,,,크롭 기장,,라운드넥,라펠 칼라,레귤러핏,,,도트,,지퍼|포켓
images/416da9d351249e09596ed1c7da13f73e.jpg,val_train_split,136.0,182.0,218.0,830.0,원피스,,,,,,,,롱·긴바지 기장,홀터넥,,,,,무지,,지퍼
images/5453df008cb3d158f8a604b9b76b59f4.jpg,train,174.0,355.0,239.0,324.0,스커트,,,,,,,,,,,,,,무지,,플리츠|지퍼
images/5453df008cb3d158f8a604b9b76b59f4.jpg,train,216.0,208.0,171.0,148.0,탑,,,,,,,크롭 기장,,,,슬림핏,,,무지,,스팽글
images/e3400d8adfb73b8ab6f112a9fa3434e7.jpg,val_train_split,261.0,159.0,279.0,460.0,원피스,,,,,긴팔,기본 소매,,쇼츠·미니 기장,,셔츠 칼라,오버핏,,,,,단추
images/1a233b44dd4b119ce04d495705a4062a.jpg,train,416.0,441.0,121.0,71.0,티셔츠,,,,,,,크롭 기장,,,,레귤러핏,,,애니멀,,
images/1a233b44dd4b119ce04d495705a4062a.jpg,train,403.0,204.0,184.0,268.0,재킷,,,,,긴팔,기본 소매,크롭 기장,,,,레귤러핏,,,무지|스트라이프,,지퍼
images/1a233b44dd4b119ce04d495705a4062a.jpg,train,436.0,460.0,130.0,436.0,팬츠,,,,,,,,롱·긴바지 기장,,,,슬림핏,,무지,,
images/ede24f7303e3998c65be9c7d9a175bcc.jpg,val_train_split,442.0,310.0,347.0,420.0,티셔츠,,,,,,,기본 기장,,라운드넥,,여유핏,,,무지,,
images/5dc3e39aad962159adb6d9dee87867cf.jpg,val_train_split,195.0,305.0,310.0,718.0,원피스,,,,,,,,,,칼라 없음,,,,무지,,지퍼
images/72b5a982998780a0e45e112b6103e4b9.jpg,train,417.0,469.0,289.0,301.0,원피스,,,,,,,,무릎 기장,보트넥,,,,X라인,플로럴,,지퍼|프릴·러플
images/cf5e2358d61551a9aba55fd01502fd6f.jpg,train,161.0,177.0,264.0,408.0,블레이저,,,,,긴팔,기본 소매,,,,라펠 칼라,레귤러핏,,,무지,,단추|포켓
images/cf5e2358d61551a9aba55fd01502fd6f.jpg,train,265.0,172.0,106.0,204.0,셔츠,,,,,,,,,,스탠드 칼라,레귤러핏,,,무지,,단추
images/cf5e2358d61551a9aba55fd01502fd6f.jpg,train,207.0,557.0,166.0,393.0,청바지,,,,,,,,롱·긴바지 기장,,,,,,무지,데님,
images/a55e32424a9aae709ec07bf371894c37.jpg,val_train_split,252.0,476.0,202.0,427.0,팬츠,,,,,,,,롱·긴바지 기장,,,,스트레이트핏,H라인,무지,,
images/a55e32424a9aae709ec07bf371894c37.jpg,val_train_split,223.0,191.0,255.0,335.0,재킷,,,,,긴팔,기본 소매,크롭 기장,,,,레귤러핏,,,무지,,단추|포켓
images/a55e32424a9aae709ec07bf371894c37.jpg,val_train_split,269.0,181.0,167.0,381.0,셔츠,,,,,,,,,,스탠드 칼라,레귤러핏,,,무지,,단추
images/5baa420e76adc124941fc006179803d7.jpg,train,99.0,214.0,501.0,373.0,가디건,,,,,긴팔,래글런 소매,기본 기장,,,,여유핏,,,무지,니트,
images/5baa420e76adc124941fc006179803d7.jpg,train,231.0,217.0,375.0,296.0,티셔츠,,,,,긴팔,,크롭 기장,,터틀넥,,레귤러핏,,,무지,,
images/5baa420e76adc124941fc006179803d7.jpg,train,220.0,490.0,209.0,223.0,청바지,,,,,,,,,,,,,,무지,데님,
images/8d883a9a64eb71ebe729cfaaaefcf2b1.jpg,train,222.0,459.0,325.0,215.0,스커트,,,,,,,,쇼츠·미니 기장,,,,,,체크,,플리츠|지퍼
images/8d883a9a64eb71ebe729cfaaaefcf2b1.jpg,train,267.0,261.0,197.0,215.0,탑,,,,,,,크롭 기장,,,,슬림핏,,,무지,,
images/8d883a9a64eb71ebe729cfaaaefcf2b1.jpg,train,267.0,183.0,194.0,275.0,베스트,,,,,,,크롭 기장,,,,슬림핏,,,체크,,
images/acdadb01c7ad2b84e0f39566f4c3ef18.jpg,train,21.0,303.0,517.0,601.0,원피스,,,,,긴팔,기본 소매,,쇼츠·미니 기장,,,,,,무지|애니멀,,지퍼|벨트
images/69f8899827551e45f27bb7fc6cbfd595.jpg,train,101.0,244.0,488.0,669.0,재킷,,,,,긴팔,기본 소매,크롭 기장,,,,레귤러핏,,,애니멀,퍼·플리스,
images/69f8899827551e45f27bb7fc6cbfd595.jpg,train,187.0,819.0,352.0,204.0,팬츠,,,,,,,,,,,,슬림핏,,무지,,
images/69f8899827551e45f27bb7fc6cbfd595.jpg,train,220.0,456.0,258.0,387.0,탑,,,,,,,크롭 기장,,,,슬림핏,,,무지,,
images/188e03b8c484a549f32ef3e611303c15.jpg,train,230.0,231.0,188.0,669.0,원피스,,,,,,,,롱·긴바지 기장,스퀘어넥,,,,H라인,무지,,지퍼
images/9ce53e1c68dae392a405347729550d07.jpg,val_train_split,232.0,215.0,237.0,496.0,원피스,,,,,반팔,기본 소매,,쇼츠·미니 기장,라운드넥,,,,H라인,그래픽,,지퍼|리본
images/ab4b447c2583d501e106e174d1418a43.jpg,train,167.0,582.0,292.0,430.0,스커트,,,,,,,,쇼츠·미니 기장,,,,플레어핏,,플로럴,,지퍼
images/ab4b447c2583d501e106e174d1418a43.jpg,train,204.0,334.0,300.0,313.0,탑,,,,,긴팔,벌룬 소매,크롭 기장,,,,레귤러핏,,,무지,,
images/42e3a31d833983c58122273bfec102a8.jpg,train,273.0,227.0,181.0,342.0,원피스,,,,,긴팔,벌룬 소매,,쇼츠·미니 기장,,셔츠 칼라,,,H라인,그래픽,,단추
images/9ce198fc13cc74c97a790f14f00d20b2.jpg,val_train_split,119.0,229.0,399.0,794.0,점프수트,,,,,긴팔,벌룬 소매,,,,셔츠 칼라,,,,,,지퍼|포켓|벨트
images/5cda9d200452d4ef827d8526ff4829a9.jpg,train,134.0,340.0,323.0,636.0,원피스,,,,,,,,롱·긴바지 기장,보트넥,,,,A라인,애니멀,,지퍼
images/102d4a7b90591a6a2e9b0b1e193be46e.jpg,train,249.0,254.0,196.0,243.0,탑,,,,,,,기본 기장,,V넥,,,,,무지,,지퍼
images/102d4a7b90591a6a2e9b0b1e193be46e.jpg,train,256.0,484.0,178.0,449.0,팬츠,,,,,,,,롱·긴바지 기장,,,,,,무지,,
images/583a51b6c13121b4018ff8ddc61be2f6.jpg,train,247.0,453.0,230.0,238.0,재킷,,,,,긴팔,기본 소매,기본 기장,,,라펠 칼라,여유핏,,,무지,,단추
images/583a51b6c13121b4018ff8ddc61be2f6.jpg,train,382.0,455.0,19.0,57.0,셔츠,,,,,,,,,,스탠드 칼라,레귤러핏,,,,,
images/583a51b6c13121b4018ff8ddc61be2f6.jpg,train,192.0,592.0,303.0,192.0,청바지,,,,,,,,롱·긴바지 기장,,,,,,무지,데님,
images/ea11c57941afc2136301df744111a0fd.jpg,val_train_split,256.0,174.0,216.0,609.0,원피스,,,,,,,,미디·7부 기장,,스탠드 칼라,,,,무지,,지퍼
images/ffa3ea1e617fc51d9f897c3651d8c58c.jpg,train,109.0,568.0,385.0,455.0,스커트,,,,,,,,쇼츠·미니 기장,,,,,O라인,무지,,포켓
images/ffa3ea1e617fc51d9f897c3651d8c58c.jpg,train,67.0,293.0,508.0,662.0,코트,,,,,긴팔,,,,,,슬림핏,,,무지,가죽,
images/ffa3ea1e617fc51d9f897c3651d8c58c.jpg,train,261.0,246.0,144.0,137.0,티셔츠,,,,,,,,,,,슬림핏,,,무지,,
images/9f1e705a5685e13cc69656de263e880c.jpg,train,343.0,293.0,44.0,18.0,탑,,,,,,,,,,,레귤러핏,,,무지,,
images/9f1e705a5685e13cc69656de263e880c.jpg,train,281.0,553.0,184.0,216.0,쇼츠,,,,,,,,쇼츠·미니 기장,,,,,,무지,,포켓
images/9f1e705a5685e13cc69656de263e880c.jpg,train,279.0,227.0,173.0,355.0,베스트,,,,,,,기본 기장,,,,여유핏,,,그래픽,,
images/41c324169eeb24ed674c12b5ed730434.jpg,val_train_split,420.0,190.0,278.0,254.0,니트,,,,,7부 소매,기본 소매,크롭 기장,,,,오버핏,,,무지,니트,
images/41c324169eeb24ed674c12b5ed730434.jpg,val_train_split,435.0,417.0,258.0,247.0,청바지,,,,,,,,,,,,슬림핏,,무지,데님,
images/cbf05a382c2d8b6d7b401dd5b3cbe41a.jpg,train,257.0,529.0,163.0,277.0,팬츠,,,,,,,,미디·7부 기장,,,,,,무지,,
images/cbf05a382c2d8b6d7b401dd5b3cbe41a.jpg,train,295.0,326.0,74.0,214.0,티셔츠,,,,,,,크롭 기장,,V넥,,레귤러핏,,,무지,,
images/cbf05a382c2d8b6d7b401dd5b3cbe41a.jpg,train,166.0,277.0,305.0,441.0,코트,,,,,긴팔,벌룬 소매,,,,,여유핏,,,무지,,
images/61d9c7a5bb32bf978bc882623f512893.jpg,train,20.0,271.0,480.0,752.0,원피스,,,,,반팔,퍼프 소매,,,,,,,A라인,무지|플로럴,,지퍼|프릴·러플
images/605443a80838acba2c88cec68f8eee11.jpg,train,226.0,201.0,292.0,510.0,코트,,,,,긴팔,기본 소매,,,,라펠 칼라,레귤러핏,,,무지,퍼·플리스,지퍼|포켓
images/605443a80838acba2c88cec68f8eee11.jpg,train,315.0,674.0,190.0,191.0,청바지,,,,,,,,롱·긴바지 기장,,,,,,무지,데님,
images/80132519afb9157a363a40c6072e1a8e.jpg,train,595.0,420.0,147.0,141.0,쇼츠,,,,,,,,쇼츠·미니 기장,,,,슬림핏,,무지,,포켓
images/80132519afb9157a363a40c6072e1a8e.jpg,train,535.0,262.0,168.0,201.0,셔츠,,,,,7부 소매,기본 소매,크롭 기장,,,셔츠 칼라,슬림핏,,,체크,,단추
images/37af9186f8339fec04336204c082f2a2.jpg,train,303.0,268.0,263.0,569.0,원피스,,,,,반팔,기본 소매,,미디·7부 기장,V넥,,,,,플로럴,,지퍼|리본
images/37af9186f8339fec04336204c082f2a2.jpg,train,220.0,270.0,116.0,347.0,블레이저,,,,,,,크롭 기장,,,,레귤러핏,,,그래픽,,단추
images/e1d1d2832d427df8bf094ccdc46d1182.jpg,train,289.0,345.0,172.0,623.0,점프수트,,,,,,,,롱·긴바지 기장,,,,,,무지,,단추
images/e1d1d2832d427df8bf094ccdc46d1182.jpg,train,252.0,344.0,255.0,163.0,티셔츠,,,,,반팔,,크롭 기장,,V넥,,레귤러핏,,,무지,,
images/70bc4d6babf677d8745c19ca6ce46609.jpg,val_train_split,533.0,277.0,118.0,110.0,셔츠,,,,,,,,,,,레귤러핏,,,,,단추
images/70bc4d6babf677d8745c19ca6ce46609.jpg,val_train_split,465.0,270.0,263.0,298.0,가디건,,,,,7부 소매,기본 소매,크롭 기장,,V넥,셔츠 칼라,레귤러핏,,,무지,니트,단추
images/70bc4d6babf677d8745c19ca6ce46609.jpg,val_train_split,448.0,494.0,238.0,254.0,청바지,,,,,,,,,,,,슬림핏,,무지,데님,
images/b73a014265578b0977b27d1ecf9a1eae.jpg,val_train_split,190.0,267.0,185.0,240.0,탑,,,,,,,크롭 기장,,,,슬림핏,,,무지,,
images/b73a014265578b0977b27d1ecf9a1eae.jpg,val_train_split,170.0,196.0,227.0,309.0,재킷,,,,,반팔,캡 소매,크롭 기장,,,라펠 칼라,레귤러핏,,,무지,,지퍼
images/b73a014265578b0977b27d1ecf9a1eae.jpg,val_train_split,189.0,491.0,186.0,298.0,팬츠,,,,,,,,,,,,슬림핏,,무지,,
images/0b3ffa712c9448e14cb245b306111d50.jpg,train,252.0,245.0,82.0,157.0,셔츠,,,,,,,,,,셔츠 칼라,레귤러핏,,,무지,,단추
images/0b3ffa712c9448e14cb245b306111d50.jpg,train,115.0,258.0,500.0,764.0,코트,,,,,긴팔,래글런 소매,,,,라펠 칼라,여유핏,,,무지,,단추|포켓
images/7ae181873bf9bae88957641ef5db2f49.jpg,val_train_split,204.0,786.0,102.0,154.0,청바지,,,,,,,,,,,,슬림핏,,무지,데님,
images/7ae181873bf9bae88957641ef5db2f49.jpg,val_train_split,317.0,779.0,113.0,132.0,청바지,,,,,,,,,,,,슬림핏,,무지,데님,
images/7ae181873bf9bae88957641ef5db2f49.jpg,val_train_split,84.0,303.0,421.0,514.0,가디건,,,,,긴팔,기본 소매,,,,라펠 칼라,오버핏,,,무지,니트,
images/97d7e3955df810fe8545861bf8f1e68c.jpg,val_train_split,694.0,175.0,224.0,305.0,원피스,,,,,,,,무릎 기장,,,,,O라인,무지,,지퍼
images/e01aa0b489bb88ec0c7a7537c7b9ddb0.jpg,train,139.0,361.0,290.0,615.0,원피스,,,,,,,,쇼츠·미니 기장,,,,,H라인,,,지퍼|스팽글|프릴·러플
images/e01aa0b489bb88ec0c7a7537c7b9ddb0.jpg,train,137.0,226.0,436.0,293.0,재킷,,,,,반팔,기본 소매,크롭 기장,,,,슬림핏,,,무지,,리본
images/9c950cdc756c7387da49d0cff0787d71.jpg,val_train_split,174.0,407.0,166.0,515.0,팬츠,,,,,,,,롱·긴바지 기장,,,,,,무지,,플리츠
images/9c950cdc756c7387da49d0cff0787d71.jpg,val_train_split,145.0,247.0,229.0,175.0,셔츠,,,,,반팔,캡 소매,크롭 기장,,,셔츠 칼라,레귤러핏,,,무지,,단추
images/3b6151d5d5d83fa5599a8bde2819643f.jpg,val_train_split,384.0,269.0,315.0,171.0,탑,,,,,7부 소매,벨 소매,크롭 기장,,,,여유핏,,,무지,,
images/3b6151d5d5d83fa5599a8bde2819643f.jpg,val_train_split,341.0,407.0,294.0,569.0,팬츠,,,,,,,,,,,,,,무지,,프릴·러플
images/f12aa2d52dfe701047e0410dff2562c5.jpg,train,245.0,404.0,189.0,434.0,원피스,,,,,,,,쇼츠·미니 기장,,,,,,,,스팽글|지퍼
images/f12aa2d52dfe701047e0410dff2562c5.jpg,train,112.0,278.0,410.0,584.0,코트,,,,,긴팔,기본 소매,,,,셔츠 칼라,슬림핏,,,무지,가죽,지퍼
images/2d9a5b8b88193b1fa4abfc5a581e5473.jpg,train,159.0,227.0,379.0,375.0,재킷,,,,,긴팔,기본 소매,크롭 기장,,,,레귤러핏,,,,퍼·플리스,
images/2d9a5b8b88193b1fa4abfc5a581e5473.jpg,train,216.0,479.0,194.0,441.0,스커트,,,,,,,,롱·긴바지 기장,,,,,,무지,,지퍼
images/2d9a5b8b88193b1fa4abfc5a581e5473.jpg,train,240.0,254.0,148.0,226.0,탑,,,,,,,크롭 기장,,V넥,,슬림핏,,,무지,,
images/f4d811181ca6367340272ea2817eebb6.jpg,train,218.0,783.0,221.0,192.0,스커트,,,,,,,,쇼츠·미니 기장,,,,,,무지,,지퍼|포켓
images/f4d811181ca6367340272ea2817eebb6.jpg,train,203.0,489.0,260.0,324.0,티셔츠,,,,,긴팔,,크롭 기장,,라운드넥,,레귤러핏,,,무지|애니멀,,
images/327e031815a55aa9e44da20bae4ed3ac.jpg,train,165.0,506.0,299.0,293.0,티셔츠,,,,,반팔,캡 소매,크롭 기장,,,칼라 없음,레귤러핏,,,도트,,
images/327e031815a55aa9e44da20bae4ed3ac.jpg,train,166.0,527.0,314.0,496.0,원피스,,,,,,,,,,,,,A라인,무지,,지퍼
images/69a9b253f799d9636cd9a9a75139f3d2.jpg,train,104.0,166.0,346.0,835.0,원피스,,,,,긴팔,벌룬 소매,,롱·긴바지 기장,,,,,A라인,무지,,지퍼
images/72ec8a69b59e7c23a2542b752906df83.jpg,train,223.0,191.0,252.0,532.0,원피스,,,,,7부 소매,기본 소매,,무릎 기장,,셔츠 칼라,,,,무지,,단추|포켓
images/72ec8a69b59e7c23a2542b752906df83.jpg,train,227.0,343.0,203.0,320.0,가디건,,,,,,,크롭 기장,,,,여유핏,,비대칭,무지,니트,
images/d65eff760d841520cfd3dd89019e2b33.jpg,train,355.0,479.0,334.0,201.0,청바지,,,,,,,,,,,,,,무지,데님,포켓
images/eda1db8a392e00b4042d72e07a94fca9.jpg,train,177.0,264.0,239.0,290.0,티셔츠,,,,,긴팔,,기본 기장,,라운드넥,,레귤러핏,,,무지,,
images/eda1db8a392e00b4042d72e07a94fca9.jpg,train,174.0,249.0,276.0,488.0,가디건,,,,,,,,,,,여유핏,,,무지,니트,
images/eda1db8a392e00b4042d72e07a94fca9.jpg,train,223.0,529.0,137.0,279.0,팬츠,,,,,,,,미디·7부 기장,,,,,,무지,,
images/816fc4498c6a6ef9aa206b2824d462de.jpg,train,434.0,179.0,122.0,214.0,점프수트,,,,,,,,쇼츠·미니 기장,,,레귤러핏,,,애니멀,,지퍼|벨트
images/c950bfe4a731109105d6d4c542ab7521.jpg,train,121.0,261.0,369.0,424.0,원피스,,,,,반팔,,,무릎 기장,오프숄더,,,,X라인,무지,,지퍼|프릴·러플
images/e840c9c831261958fe40c964019b4a5d.jpg,train,271.0,224.0,490.0,457.0,블레이저,,,,,7부 소매,기본 소매,크롭 기장,,,라펠 칼라,여유핏,,,플로럴,,단추
images/e840c9c831261958fe40c964019b4a5d.jpg,train,518.0,534.0,331.0,147.0,스커트,,,,,,,,,,,,플레어핏,,,,플리츠|지퍼
images/127c75d34261223429e1168c5a1e1cb1.jpg,train,122.0,334.0,454.0,689.0,원피스,,,,,반팔,벨 소매,,,V넥,,,,A라인,플로럴,,
images/684b97721444b805b517cfe41ca766e7.jpg,train,20.0,283.0,612.0,449.0,코트,,,,,,,,,,,여유핏,,,무지,퍼·플리스,
images/684b97721444b805b517cfe41ca766e7.jpg,train,64.0,355.0,402.0,618.0,원피스,,,,,,,,,,,,,A라인,무지,,지퍼
images/1ddb68e975cbb2358b80048fcc9443e5.jpg,train,43.0,207.0,458.0,542.0,원피스,,,,,,,,무릎 기장,,,,,X라인,무지|스트라이프,,플리츠|지퍼|프릴·러플
images/d9b8aa840a8f28c9782f336c96272da7.jpg,train,196.0,191.0,172.0,275.0,니트,,,,,긴팔,기본 소매,크롭 기장,,라운드넥,,슬림핏,,,스트라이프,니트,
images/d9b8aa840a8f28c9782f336c96272da7.jpg,train,216.0,440.0,161.0,153.0,쇼츠,,,,,,,,쇼츠·미니 기장,,,,,,무지,,포켓
images/67e7319e00c149fcd4aae65ad40c7f44.jpg,train,250.0,398.0,117.0,104.0,탑,,,,,,,크롭 기장,,홀터넥,,슬림핏,,,무지,,
images/67e7319e00c149fcd4aae65ad40c7f44.jpg,train,237.0,520.0,154.0,99.0,쇼츠,,,,,,,,쇼츠·미니 기장,,,,슬림핏,,무지,,포켓|지퍼
images/ba5f951394e6f52e9aef5329d756dba5.jpg,val_train_split,693.0,498.0,188.0,183.0,팬츠,,,,,,,,,,,,,,무지,,
images/ba5f951394e6f52e9aef5329d756dba5.jpg,val_train_split,637.0,327.0,174.0,217.0,재킷,,,,,,,크롭 기장,,,,레귤러핏,,,무지,,지퍼
images/ba5f951394e6f52e9aef5329d756dba5.jpg,val_train_split,858.0,376.0,46.0,160.0,티셔츠,,,,,,,크롭 기장,,,,레귤러핏,,,무지,,
images/ba5f951394e6f52e9aef5329d756dba5.jpg,val_train_split,720.0,232.0,100.0,99.0,베스트,,,,,,,,,,,여유핏,,,무지,,지퍼
images/ba5f951394e6f52e9aef5329d756dba5.jpg,val_train_split,794.0,370.0,62.0,135.0,티셔츠,,,,,,,크롭 기장,,,,슬림핏,,,무지,,
images/ba5f951394e6f52e9aef5329d756dba5.jpg,val_train_split,674.0,242.0,265.0,307.0,셔츠,,,,,7부 소매,기본 소매,크롭 기장,,,,레귤러핏,,,무지,,단추
images/1fe93879493814aa2b0d774c0da652a6.jpg,train,263.0,447.0,200.0,523.0,팬츠,,,,,,,,롱·긴바지 기장,,,,,,무지,,벨트
images/1fe93879493814aa2b0d774c0da652a6.jpg,train,183.0,187.0,270.0,265.0,셔츠,,,,,반팔,퍼프 소매,,,,셔츠 칼라,레귤러핏,,,스트라이프,,단추|리본
images/1e9d0c5e3ada209cb9fc3bd3458e05c6.jpg,train,343.0,369.0,97.0,257.0,티셔츠,,,,,,,기본 기장,,라운드넥,,여유핏,,,무지,,지퍼
images/1e9d0c5e3ada209cb9fc3bd3458e05c6.jpg,train,242.0,315.0,225.0,326.0,재킷,,,,,긴팔,래글런 소매,기본 기장,,,,여유핏,,,무지,,지퍼
images/1e9d0c5e3ada209cb9fc3bd3458e05c6.jpg,train,225.0,586.0,234.0,300.0,팬츠,,,,,,,,,,,,,,무지,,포켓
images/1c876972570c14c52a1cd27efd060c5a.jpg,train,271.0,165.0,245.0,805.0,점프수트,,,,,긴팔,기본 소매,,롱·긴바지 기장,,셔츠 칼라,,,,,,플리츠|지퍼|프릴·러플
images/7fa6155d8f9ae272c6da03a30087a72c.jpg,train,454.0,166.0,415.0,571.0,원피스,,,,,,,,롱·긴바지 기장,,,,,,무지,,스팽글|지퍼
images/dda70ed01956c01289ed436d975903c9.jpg,train,230.0,516.0,255.0,481.0,청바지,,,,,,,,롱·긴바지 기장,,,,,,무지,데님,포켓
images/dda70ed01956c01289ed436d975903c9.jpg,train,151.0,194.0,347.0,374.0,재킷,,,,,긴팔,기본 소매,크롭 기장,,,,레귤러핏,,,무지,,지퍼|포켓
images/dda70ed01956c01289ed436d975903c9.jpg,train,247.0,194.0,134.0,366.0,셔츠,,,,,,,크롭 기장,,,스탠드 칼라,레귤러핏,,,체크,,단추
images/d2ab861cbac076b3d9f0b2da78a1f78f.jpg,train,230.0,155.0,231.0,312.0,티셔츠,,,,,반팔,캡 소매,크롭 기장,,터틀넥,,레귤러핏,,,무지,,리본
images/d2ab861cbac076b3d9f0b2da78a1f78f.jpg,train,263.0,449.0,191.0,454.0,팬츠,,,,,,,,롱·긴바지 기장,,,,,,,,
images/ebf9e2e8b1a58a6e9c477d544586100a.jpg,train,208.0,295.0,334.0,467.0,베스트,,,,,,,크롭 기장,,스퀘어넥,,,,,무지,,
images/ebf9e2e8b1a58a6e9c477d544586100a.jpg,train,197.0,713.0,431.0,310.0,쇼츠,,,,,,,,쇼츠·미니 기장,,,,,,무지,,
images/c540000106d55577fcd57dfe0c2c722d.jpg,train,688.0,111.0,214.0,374.0,원피스,,,,,,,,무릎 기장,스퀘어넥,,,,,도트,,지퍼|벨트
images/7fd7a3d2ea9c0daf96b11744a522857e.jpg,train,246.0,331.0,154.0,202.0,베스트,,,,,,,크롭 기장,,,셔츠 칼라,슬림핏,,,무지,,단추
images/7fd7a3d2ea9c0daf96b11744a522857e.jpg,train,199.0,315.0,233.0,537.0,점프수트,,,,,7부 소매,기본 소매,,미디·7부 기장,,셔츠 칼라,여유핏,,,무지,,단추
images/8f273c7d20fd25adc1d4aaa9f8bb477a.jpg,train,257.0,272.0,298.0,552.0,원피스,,,,,,,,쇼츠·미니 기장,스퀘어넥,,,,A라인,,,
images/81249ba37014842014297e424bee0789.jpg,train,208.0,256.0,260.0,555.0,원피스,,,,,,,,쇼츠·미니 기장,홀터넥,,,,H라인,무지,,지퍼
images/30634a08f683d41229ff5484fec62050.jpg,train,159.0,383.0,398.0,640.0,원피스,,,,,,,,,,,,,,무지,,지퍼|프릴·러플
images/30634a08f683d41229ff5484fec62050.jpg,train,192.0,251.0,439.0,221.0,재킷,,,,,반팔,기본 소매,크롭 기장,,,,슬림핏,,,,,스팽글
images/aa78926266b1eac6552723873fa2a3bb.jpg,train,201.0,211.0,192.0,409.0,원피스,,,,,,,,쇼츠·미니 기장,V넥,,오버핏,,,무지,,
images/aa78926266b1eac6552723873fa2a3bb.jpg,train,126.0,160.0,315.0,387.0,가디건,,,,,긴팔,,,,V넥,,여유핏,,,무지,니트,단추
images/c1e1a128de1e6ab6af55263bc6dab76e.jpg,train,192.0,295.0,102.0,191.0,티셔츠,,,,,,,크롭 기장,,,,레귤러핏,,,무지,,
images/c1e1a128de1e6ab6af55263bc6dab76e.jpg,train,205.0,354.0,143.0,206.0,점프수트,,,,,,,,쇼츠·미니 기장,,,레귤러핏,,,무지,,단추|포켓
images/f018ae5b52384173c930db393eec5dbf.jpg,val_train_split,197.0,192.0,237.0,302.0,니트,,,,,긴팔,기본 소매,크롭 기장,,,,슬림핏,,,도트,니트,
images/f018ae5b52384173c930db393eec5dbf.jpg,val_train_split,241.0,400.0,177.0,490.0,팬츠,,,,,,,,롱·긴바지 기장,,,,슬림핏,,무지,,
images/f018ae5b52384173c930db393eec5dbf.jpg,val_train_split,199.0,164.0,219.0,350.0,셔츠,,,,,긴팔,,,,,셔츠 칼라,레귤러핏,,,무지,,단추
images/f83c3156d65e285ea0321b14d3abbe03.jpg,train,92.0,169.0,282.0,437.0,코트,,,,,긴팔,기본 소매,,,,,레귤러핏,,,무지,퍼·플리스,지퍼|포켓
images/ab9fcab359bc5027280c4e3f3695989d.jpg,train,454.0,499.0,48.0,108.0,니트,,,,,,,크롭 기장,,,,,,,무지,니트,
images/ab9fcab359bc5027280c4e3f3695989d.jpg,train,385.0,479.0,143.0,187.0,재킷,,,,,긴팔,기본 소매,크롭 기장,,,라펠 칼라,레귤러핏,,,무지,,지퍼|포켓|벨트
images/ab9fcab359bc5027280c4e3f3695989d.jpg,train,390.0,603.0,109.0,254.0,청바지,,,,,,,,롱·긴바지 기장,,,,,,무지,데님,포켓
images/4afb4563597c0b51fa7a9b854ff9c350.jpg,train,210.0,236.0,124.0,170.0,셔츠,,,,,,,크롭 기장,,V넥,,레귤러핏,,,무지,,단추
images/4afb4563597c0b51fa7a9b854ff9c350.jpg,train,207.0,194.0,200.0,208.0,블레이저,,,,,반팔,기본 소매,크롭 기장,,,,슬림핏,,,무지,,리본
images/4afb4563597c0b51fa7a9b854ff9c350.jpg,train,211.0,393.0,167.0,259.0,스커트,,,,,,,,쇼츠·미니 기장,,,,,비대칭,무지,,지퍼
images/478d7d6d1603f4be001f42816a8ce6eb.jpg,train,253.0,186.0,233.0,423.0,원피스,,,,,반팔,퍼프 소매,,쇼츠·미니 기장,,,,,,무지,니트,리본
images/d9aa7ed1a388a9effcf7734b15bda48d.jpg,train,208.0,191.0,250.0,332.0,후드티,,,,,반팔,,기본 기장,,,,여유핏,,,스트라이프,,후드|리본
images/d9aa7ed1a388a9effcf7734b15bda48d.jpg,train,256.0,502.0,157.0,353.0,팬츠,,,,,,,,롱·긴바지 기장,,,,,,무지,,
images/ff5e9e53ee2519b86e0a8fbcda9dbc0f.jpg,val_train_split,438.0,176.0,185.0,180.0,원피스,,,,,7부 소매,벌룬 소매,,쇼츠·미니 기장,,,오버핏,,,무지,,
images/a1d539f35227eb104d001deebe9ecb0e.jpg,val_train_split,256.0,338.0,170.0,247.0,후드티,,,,,,,크롭 기장,,V넥,,슬림핏,,,스트라이프,,후드
images/a1d539f35227eb104d001deebe9ecb0e.jpg,val_train_split,250.0,571.0,264.0,358.0,스커트,,,,,,,,무릎 기장,,,,,A라인,애니멀,,지퍼
images/a1d539f35227eb104d001deebe9ecb0e.jpg,val_train_split,206.0,342.0,254.0,298.0,블레이저,,,,,7부 소매,기본 소매,크롭 기장,,,,레귤러핏,,,무지,,
images/09d069c15100319af1a11bcc472e0272.jpg,val_train_split,506.0,188.0,336.0,299.0,원피스,,,,,반팔,퍼프 소매,,,,,,,,무지,니트,포켓
images/09d069c15100319af1a11bcc472e0272.jpg,val_train_split,662.0,159.0,182.0,197.0,니트,,,,,,,크롭 기장,,,,레귤러핏,,,무지,니트,
images/9af5b5a3cc08488675bbe84ae8ccc3d7.jpg,train,356.0,205.0,566.0,370.0,원피스,,,,,,,,,,,,,A라인,애니멀,,지퍼
images/8c739729b2f3258af70ac3df671e45bc.jpg,train,263.0,440.0,119.0,434.0,팬츠,,,,,,,,롱·긴바지 기장,,,,슬림핏,,무지,,
images/8c739729b2f3258af70ac3df671e45bc.jpg,train,187.0,256.0,293.0,356.0,코트,,,,,긴팔,기본 소매,,,V넥,,레귤러핏,,,,퍼·플리스,단추
images/714fc0054ca41b90307f6b9e993b6647.jpg,train,90.0,267.0,305.0,756.0,원피스,,,,,반팔,퍼프 소매,,,,,,,A라인,무지,,지퍼|리본
images/b66efe855cd4e944035110d37c879554.jpg,train,177.0,252.0,275.0,445.0,티셔츠,,,,,반팔,캡 소매,크롭 기장,,,,슬림핏,,,무지,,
images/b66efe855cd4e944035110d37c879554.jpg,train,187.0,613.0,441.0,151.0,스커트,,,,,,,,쇼츠·미니 기장,,,,,,무지,,스팽글|지퍼
images/2fb02b77f9dc6f6611935563f0baaba4.jpg,train,228.0,251.0,249.0,350.0,원피스,,,,,,,,쇼츠·미니 기장,보트넥,,오버핏,,,무지,,벨트
images/9d5e6e6469d1753bc9bdb1e8d756bc3b.jpg,train,233.0,290.0,243.0,378.0,원피스,,,,,반팔,퍼프 소매,,쇼츠·미니 기장,라운드넥,,,,H라인,무지,니트,벨트
images/150cea4ed92f94fadbf786d196d8cdfc.jpg,train,280.0,466.0,217.0,244.0,스커트,,,,,,,,무릎 기장,,,,,A라인,체크,,지퍼
images/150cea4ed92f94fadbf786d196d8cdfc.jpg,train,240.0,267.0,242.0,257.0,재킷,,,,,긴팔,래글런 소매,크롭 기장,,,,여유핏,,,무지,,지퍼|포켓
images/3fe68ecb824fa1242718dd4688fa1363.jpg,train,285.0,280.0,177.0,467.0,원피스,,,,,,,,무릎 기장,라운드넥,,,,비대칭,플로럴,,지퍼
images/3fe68ecb824fa1242718dd4688fa1363.jpg,train,401.0,246.0,148.0,447.0,코트,,,,,긴팔,기본 소매,,,,,레귤러핏,,,체크,,지퍼
images/3fe68ecb824fa1242718dd4688fa1363.jpg,train,179.0,245.0,172.0,444.0,코트,,,,,긴팔,기본 소매,,,,,레귤러핏,,,체크,,지퍼
images/560df4adbc3d072b9bbe361f9e90c99d.jpg,val_train_split,256.0,307.0,87.0,141.0,티셔츠,,,,,,,크롭 기장,,라운드넥,라펠 칼라,슬림핏,,,무지,,
images/560df4adbc3d072b9bbe361f9e90c99d.jpg,val_train_split,317.0,292.0,104.0,413.0,코트,,,,,7부 소매,기본 소매,,,,,슬림핏,,,무지,,
images/560df4adbc3d072b9bbe361f9e90c99d.jpg,val_train_split,233.0,304.0,65.0,410.0,코트,,,,,7부 소매,기본 소매,,,,,슬림핏,,,무지,,
images/560df4adbc3d072b9bbe361f9e90c99d.jpg,val_train_split,247.0,446.0,112.0,164.0,스커트,,,,,,,,쇼츠·미니 기장,,,,,,무지,,지퍼
images/560df4adbc3d072b9bbe361f9e90c99d.jpg,val_train_split,216.0,460.0,17.0,24.0,코트,,,,,,,,,,,,,,무지,,
images/a545000c0512b9014dc1b90bd98f89eb.jpg,train,136.0,350.0,421.0,425.0,티셔츠,,,,,반팔,기본 소매,크롭 기장,,,,레귤러핏,,,무지,,리본
images/a545000c0512b9014dc1b90bd98f89eb.jpg,train,161.0,745.0,365.0,278.0,스커트,,,,,,,,,,,,,,애니멀,,지퍼
images/24c1e1491a328513e0288dd4180d7100.jpg,train,415.0,208.0,245.0,277.0,탑,,,,,,,크롭 기장,,스퀘어넥,,레귤러핏,,,무지,,
images/24c1e1491a328513e0288dd4180d7100.jpg,train,377.0,421.0,295.0,225.0,스커트,,,,,,,,쇼츠·미니 기장,,,,플레어핏,,그래픽,,지퍼
images/94f8ed8e4f2ff4662c720a3e160dee09.jpg,train,445.0,219.0,304.0,329.0,티셔츠,,,,,긴팔,기본 소매,기본 기장,,,피터팬 칼라,레귤러핏,,,무지,,
images/94f8ed8e4f2ff4662c720a3e160dee09.jpg,train,556.0,470.0,176.0,132.0,쇼츠,,,,,,,,쇼츠·미니 기장,,,,,,무지,,
images/8d1e7df9537e50142b22b646f3594eb7.jpg,train,181.0,286.0,415.0,736.0,원피스,,,,,반팔,캡 소매,,,스퀘어넥,,,,,플로럴,,지퍼|벨트
images/079d3dbf1ebaad3980151dc0475cca6f.jpg,train,155.0,261.0,344.0,657.0,원피스,,,,,7부 소매,기본 소매,,롱·긴바지 기장,,,,,A라인,스트라이프,,스팽글|지퍼
images/52515854ee7cd57713bd638e510cfbb8.jpg,train,264.0,314.0,193.0,319.0,원피스,,,,,,,,쇼츠·미니 기장,,,,,A라인,플로럴|애니멀,,지퍼
images/ddf54f3ff81977dc93a6f6f0dd40f5c7.jpg,val_train_split,444.0,804.0,123.0,219.0,팬츠,,,,,,,,,,,,슬림핏,,무지,,
images/ddf54f3ff81977dc93a6f6f0dd40f5c7.jpg,val_train_split,344.0,814.0,56.0,180.0,팬츠,,,,,,,,,,,,슬림핏,,무지,,지퍼
images/ddf54f3ff81977dc93a6f6f0dd40f5c7.jpg,val_train_split,342.0,810.0,13.0,80.0,팬츠,,,,,,,,,,,,,,무지,,
images/ddf54f3ff81977dc93a6f6f0dd40f5c7.jpg,val_train_split,353.0,735.0,212.0,113.0,티셔츠,,,,,,,크롭 기장,,,,레귤러핏,,,무지,,
images/ddf54f3ff81977dc93a6f6f0dd40f5c7.jpg,val_train_split,310.0,445.0,270.0,544.0,재킷,,,,,긴팔,기본 소매,크롭 기장,,,라펠 칼라,레귤러핏,,,무지,가죽|스웨이드,지퍼|포켓|벨트
images/b2a7724d5693744f9f8490db678bcae6.jpg,train,274.0,239.0,178.0,503.0,점프수트,,,,,,,,무릎 기장,,,,,,플로럴,,지퍼
images/b2a7724d5693744f9f8490db678bcae6.jpg,train,156.0,239.0,323.0,418.0,코트,,,,,긴팔,기본 소매,,,,,여유핏,,,무지,,
images/9e3ac6b5bb9f7f6091d7b6dc882e3c8b.jpg,val_train_split,86.0,342.0,474.0,462.0,원피스,,,,,반팔,벨 소매,,쇼츠·미니 기장,오프숄더,,오버핏,,,무지,,리본
images/78fe0b03a1a88920bfab0fa62c1d85e9.jpg,train,638.0,116.0,130.0,139.0,티셔츠,,,,,,,크롭 기장,,V넥,,레귤러핏,,,무지,,프릴·러플
images/78fe0b03a1a88920bfab0fa62c1d85e9.jpg,train,729.0,164.0,158.0,314.0,코트,,,,,긴팔,,,,,,여유핏,,,무지,,
images/78fe0b03a1a88920bfab0fa62c1d85e9.jpg,train,658.0,250.0,105.0,261.0,스커트,,,,,,,,롱·긴바지 기장,,,,스트레이트핏,비대칭,무지,,지퍼
images/78fe0b03a1a88920bfab0fa62c1d85e9.jpg,train,671.0,442.0,26.0,76.0,스커트,,,,,,,,롱·긴바지 기장,,,,,,무지,,지퍼
images/a28a61419238a2565e6c187c3456761a.jpg,train,228.0,767.0,239.0,256.0,스커트,,,,,,,,,,,,스트레이트핏,H라인,무지,,스팽글|지퍼
images/a28a61419238a2565e6c187c3456761a.jpg,train,145.0,140.0,402.0,666.0,코트,,,,,긴팔,기본 소매,,,,,여유핏,,,무지,퍼·플리스,단추
images/332e5fa94196a20c198810b3a497b988.jpg,train,458.0,250.0,178.0,353.0,원피스,,,,,반팔,기본 소매,,쇼츠·미니 기장,,,,,,무지,,스팽글|지퍼
images/388189990072777c94c483fb136b7be5.jpg,train,168.0,244.0,315.0,759.0,원피스,,,,,,,,롱·긴바지 기장,,,,,A라인,,,스팽글|지퍼
images/ca8efad3a5a4b04c9eb7d378cf4e6723.jpg,train,145.0,311.0,518.0,712.0,점프수트,,,,,7부 소매,벨 소매,,,,라펠 칼라,,,,무지,,스팽글|벨트
images/5a71b2676ad6a490a87782e3d7039afc.jpg,train,197.0,261.0,275.0,393.0,원피스,,,,,긴팔,기본 소매,,쇼츠·미니 기장,보트넥,,,,,도트,,지퍼
images/72a9fa5b84746adc3d54f513f4bf2eef.jpg,train,131.0,188.0,220.0,393.0,원피스,,,,,,,,쇼츠·미니 기장,스퀘어넥,,,,,무지,,지퍼
images/3577b54373e569f683795fbb7e18374a.jpg,train,172.0,294.0,317.0,729.0,원피스,,,,,,,,,,,,,,,,스팽글|지퍼
images/4f1e84d1931cb797860cdb2c790debf4.jpg,train,319.0,375.0,206.0,412.0,티셔츠,,,,,,,크롭 기장,,,,레귤러핏,,,무지,,
images/4f1e84d1931cb797860cdb2c790debf4.jpg,train,256.0,742.0,311.0,280.0,팬츠,,,,,,,,,,,,슬림핏,,무지,,
images/4f1e84d1931cb797860cdb2c790debf4.jpg,train,143.0,315.0,502.0,624.0,재킷,,,,,긴팔,기본 소매,크롭 기장,,,라펠 칼라,여유핏,,,애니멀,,지퍼
images/843eead2aa8ebff81e3161894da68671.jpg,train,220.0,237.0,212.0,410.0,베스트,,,,,,,,,,,여유핏,,,무지,,
images/843eead2aa8ebff81e3161894da68671.jpg,train,186.0,233.0,280.0,376.0,셔츠,,,,,긴팔,기본 소매,기본 기장,,,,여유핏,,,무지,,단추
images/843eead2aa8ebff81e3161894da68671.jpg,train,227.0,552.0,191.0,152.0,쇼츠,,,,,,,,쇼츠·미니 기장,,,,,,무지,,플리츠
images/d071849b7e82efe7e24858b1eed87b55.jpg,train,161.0,280.0,401.0,618.0,원피스,,,,,,,,쇼츠·미니 기장,라운드넥,,,,A라인,무지,,스팽글|프릴·러플
images/6c26b5932abffb7e69837fb55ea44c48.jpg,train,173.0,220.0,254.0,293.0,셔츠,,,,,,,크롭 기장,,,셔츠 칼라,여유핏,,,무지,,단추|포켓
images/6c26b5932abffb7e69837fb55ea44c48.jpg,train,218.0,484.0,229.0,424.0,팬츠,,,,,,,,롱·긴바지 기장,,,,,,그래픽,,포켓
images/1653ca16bcde0ee42a5796b1df977daa.jpg,train,225.0,230.0,257.0,318.0,블레이저,,,,,긴팔,기본 소매,크롭 기장,,,라펠 칼라,레귤러핏,,,무지,,포켓
images/1653ca16bcde0ee42a5796b1df977daa.jpg,train,265.0,507.0,168.0,415.0,팬츠,,,,,,,,롱·긴바지 기장,,,,스트레이트핏,H라인,무지,,
images/1653ca16bcde0ee42a5796b1df977daa.jpg,train,334.0,230.0,82.0,280.0,셔츠,,,,,,,,,,스탠드 칼라,레귤러핏,,,무지,,단추
images/711a07610f53d184691899afc5c4a697.jpg,val_train_split,111.0,183.0,288.0,469.0,티셔츠,,,,,7부 소매,벨 소매,기본 기장,,,,레귤러핏,,비대칭,스트라이프,,벨트
images/711a07610f53d184691899afc5c4a697.jpg,val_train_split,171.0,455.0,209.0,332.0,팬츠,,,,,,,,미디·7부 기장,,,,,,스트라이프,,
images/19ed14764409b5c3551b5683f6dc2be0.jpg,train,268.0,335.0,128.0,152.0,탑,,,,,,,크롭 기장,,,,레귤러핏,,,무지,,
images/19ed14764409b5c3551b5683f6dc2be0.jpg,train,244.0,469.0,166.0,505.0,팬츠,,,,,,,,롱·긴바지 기장,,,,,,도트,,
images/afefec0f5763262152b5fd04993b1c68.jpg,train,242.0,542.0,316.0,249.0,스커트,,,,,,,,무릎 기장,,,,,,무지,,
images/afefec0f5763262152b5fd04993b1c68.jpg,train,263.0,421.0,165.0,128.0,티셔츠,,,,,반팔,퍼프 소매,크롭 기장,,,셔츠 칼라,슬림핏,,,플로럴,,
images/32b9f4ed8dadd8780cd3495d704f35dd.jpg,train,132.0,428.0,176.0,246.0,원피스,,,,,긴팔,벨 소매,,쇼츠·미니 기장,V넥,,,,,무지,,
images/32b9f4ed8dadd8780cd3495d704f35dd.jpg,train,145.0,640.0,119.0,56.0,쇼츠,,,,,,,,쇼츠·미니 기장,,,,슬림핏,,스트라이프,,
images/32b9f4ed8dadd8780cd3495d704f35dd.jpg,train,178.0,430.0,76.0,54.0,탑,,,,,,,,,V넥,,레귤러핏,,,무지,,
images/4ac5bb8ddf170b87459d9d6a816eda16.jpg,train,271.0,186.0,274.0,515.0,원피스,,,,,,,,무릎 기장,V넥,,,,,도트,,지퍼
images/81bacddb05a9f901563a56fd8c91d414.jpg,train,269.0,229.0,166.0,329.0,원피스,,,,,,,,쇼츠·미니 기장,,,,,H라인,무지,,
images/81bacddb05a9f901563a56fd8c91d414.jpg,train,213.0,149.0,291.0,476.0,가디건,,,,,긴팔,기본 소매,,,,,여유핏,,,,니트,
images/9ed7ec3047f38c3ac5bf81dbfcc1c012.jpg,train,186.0,195.0,249.0,399.0,원피스,,,,,7부 소매,래글런 소매,,쇼츠·미니 기장,라운드넥,,,,,무지,니트,
images/bbb5d3cd170e73a9585652a5c0d1ed61.jpg,train,179.0,550.0,308.0,404.0,팬츠,,,,,,,,롱·긴바지 기장,,,,,,그래픽,,
images/bbb5d3cd170e73a9585652a5c0d1ed61.jpg,train,254.0,387.0,110.0,177.0,탑,,,,,,,크롭 기장,,,,레귤러핏,,,무지|그래픽,,
images/ff57107f8d6a119901cee2c1fd1a08bf.jpg,train,353.0,228.0,162.0,366.0,원피스,,,,,,,,무릎 기장,,,,,A라인,무지|도트,,스팽글|지퍼
images/7deecd2e99a800fbfbba9824937d7841.jpg,val_train_split,296.0,187.0,318.0,811.0,원피스,,,,,,,,롱·긴바지 기장,,,,,A라인,그래픽,,지퍼
images/3d75adc500761bf7ee7147c6640610f8.jpg,train,0.0,305.0,596.0,714.0,원피스,,,,,,,,롱·긴바지 기장,,,,,X라인,무지,,지퍼
images/0e00238cd3150fdc3b147883c4eab930.jpg,val_train_split,363.0,409.0,264.0,254.0,스커트,,,,,,,,쇼츠·미니 기장,,,,,A라인,플로럴,,지퍼
images/0e00238cd3150fdc3b147883c4eab930.jpg,val_train_split,356.0,201.0,239.0,314.0,니트,,,,,긴팔,기본 소매,크롭 기장,,,,슬림핏,,,무지,니트,
images/d1664a99e30bd7829a08155b5ce01f93.jpg,train,360.0,248.0,119.0,227.0,티셔츠,,,,,,,크롭 기장,,,,슬림핏,,,무지,,
images/d1664a99e30bd7829a08155b5ce01f93.jpg,train,257.0,174.0,240.0,413.0,가디건,,,,,긴팔,기본 소매,기본 기장,,,,,,,무지,니트,
images/d1664a99e30bd7829a08155b5ce01f93.jpg,train,315.0,465.0,164.0,410.0,팬츠,,,,,,,,롱·긴바지 기장,,,,슬림핏,,무지,,
images/8c0172362ab99b8713aae33dfc1e43db.jpg,train,105.0,250.0,513.0,772.0,코트,,,,,긴팔,기본 소매,,,,셔츠 칼라,레귤러핏,,,무지,,단추|포켓
images/8c0172362ab99b8713aae33dfc1e43db.jpg,train,308.0,210.0,149.0,716.0,니트,,,,,긴팔,,기본 기장,,터틀넥,,,,,무지,니트,
images/06be88288ff65f00926e8d8c6f80550e.jpg,train,87.0,269.0,228.0,361.0,원피스,,,,,,,,쇼츠·미니 기장,,,,,X라인,체크,,지퍼|벨트
images/017ecf3e725226aa94c62d8e84223983.jpg,train,261.0,322.0,381.0,550.0,재킷,,,,,긴팔,래글런 소매,기본 기장,,터틀넥,,레귤러핏,,,무지,,지퍼
images/017ecf3e725226aa94c62d8e84223983.jpg,train,303.0,344.0,154.0,306.0,티셔츠,,,,,,,기본 기장,,,,,,,,,
images/017ecf3e725226aa94c62d8e84223983.jpg,train,224.0,645.0,279.0,275.0,스커트,,,,,,,,쇼츠·미니 기장,,,,스트레이트핏,H라인,무지,,포켓
images/3e30863d071bdb441d54ef7050c54cca.jpg,train,161.0,360.0,152.0,216.0,스커트,,,,,,,,쇼츠·미니 기장,,,,,A라인,무지,,
images/3e30863d071bdb441d54ef7050c54cca.jpg,train,92.0,170.0,264.0,679.0,원피스,,,,,,,,롱·긴바지 기장,,,,,X라인,체크,,벨트
