image_path,split,bbox_x,bbox_y,bbox_w,bbox_h,category,lower_subtype,pant_leg_shape,pant_length,lower_detail,sleeve_length,sleeve_shape,upper_length,lower_length,neckline,collar,upper_fit,lower_fit,silhouette,pattern,material,detail
images/10690635_0.jpeg,val,,,,,팬츠,하렘 팬츠,,,,,,,,,,,,,,,
images/21313534_0.jpeg,train,,,,,팬츠,하렘 팬츠,,,,,,,,,,,,,,,
images/25132417_0.jpeg,val,,,,,팬츠,하렘 팬츠,,,드로스트링,,,,,,,,,,,,
images/27093790_0.jpeg,train,,,,,팬츠,하렘 팬츠,,,,,,,,,,,,,,,
images/27533098_0.jpeg,train,,,,,팬츠,하렘 팬츠,,,,,,,,,,,,,,,
images/29164036_0.jpeg,train,,,,,팬츠,하렘 팬츠,,,,,,,,,,,,,,,
images/29502716_0.jpeg,train,,,,,팬츠,하렘 팬츠,,,,,,,,,,,,,,,
images/29579404_1.jpeg,train,,,,,팬츠,하렘 팬츠,,,,,,,,,,,,,,,
images/30215157_1.jpeg,val,,,,,팬츠,하렘 팬츠,테이퍼드,,,,,,,,,,테이퍼드핏,,,,
images/30329124_0.jpeg,train,,,,,팬츠,하렘 팬츠,,,,,,,,,,,,,,,
images/34159533_0.jpeg,train,,,,,팬츠,조거·스웨트팬츠,스트레이트,,,,,,,,,,스트레이트핏,,,,
images/34454308_1.jpeg,train,,,,,팬츠,,페그,,,,,,,,,,테이퍼드핏,,,,
images/35402230_0.jpeg,train,,,,,팬츠,트랙팬츠,,,,,,,,,,,,,,,
images/36056077_0.jpeg,train,,,,,팬츠,,스트레이트,,,,,,,,,,스트레이트핏,,,,
images/36184455_0.jpeg,train,,,,,팬츠,,스트레이트,,,,,,,,,,스트레이트핏,,,,
images/36350107_0.jpeg,train,,,,,팬츠,,스트레이트,,,,,,,,,,스트레이트핏,,,,
images/37190895_0.jpeg,train,,,,,청바지,청바지,스트레이트,,,,,,,,,,스트레이트핏,,,데님,
images/37214250_0.jpeg,train,,,,,청바지,청바지,스트레이트,,,,,,,,,,스트레이트핏,,,데님,
images/38497370_1.jpeg,train,,,,,팬츠,,스트레이트,,,,,,,,,,스트레이트핏,,,,
images/39958704_0.jpeg,train,,,,,팬츠,치노 팬츠,스트레이트,,,,,,,,,,스트레이트핏,,,,
images/40467438_0.jpeg,train,,,,,팬츠,하렘 팬츠,,,,,,,,,,,,,,,
images/41878581_0.jpeg,train,,,,,팬츠,치노 팬츠,스트레이트,,,,,,,,,,스트레이트핏,,,,
images/42365987_0.jpeg,train,,,,,팬츠,하렘 팬츠,,,,,,,,,,,,,,,
images/42456891_0.jpeg,train,,,,,팬츠,하렘 팬츠,,,,,,,,,,,,,,,
images/42471145_0.jpeg,train,,,,,팬츠,하렘 팬츠,스트레이트,,,,,,,,,,스트레이트핏,,,,
images/42562545_1.jpeg,train,,,,,팬츠,,스트레이트,,플리츠·턱,,,,,,,,스트레이트핏,,,,
images/42706991_0.jpeg,val,,,,,팬츠,,스트레이트,,,,,,,,,,스트레이트핏,,,,
images/42840947_0.jpeg,train,,,,,팬츠,,스트레이트,,,,,,,,,,스트레이트핏,,,,
images/43250881_0.jpeg,val,,,,,팬츠,,스트레이트,카프리·7부,,,,,미디·7부 기장,,,,스트레이트핏,,,,
images/44454128_2.jpeg,train,,,,,팬츠,하렘 팬츠,,,,,,,,,,,,,,,
images/44586706_0.jpeg,train,,,,,팬츠,,스키니,,,,,,,,,,슬림핏,,,,
images/44646813_0.jpeg,train,,,,,팬츠,,스트레이트,,플리츠·턱,,,,,,,,스트레이트핏,,,,
images/44743420_1.jpeg,val,,,,,팬츠,,스트레이트,,드로스트링,,,,,,,,스트레이트핏,,,,
images/46432542_0.jpeg,train,,,,,청바지,청바지,스키니,,,,,,,,,,슬림핏,,,데님,
images/46451695_0.jpeg,train,,,,,팬츠,하렘 팬츠,,,드로스트링,,,,,,,,,,,,
images/47013892_0.jpeg,train,,,,,청바지,청바지,스키니,,,,,,,,,,슬림핏,,,데님,
images/47099119_0.jpeg,train,,,,,팬츠,,테이퍼드,,,,,,,,,,테이퍼드핏,,,,
images/47623450_0.jpeg,train,,,,,청바지,청바지,스키니,,,,,,,,,,슬림핏,,,데님,
images/47626440_3.jpeg,train,,,,,팬츠,,스키니,,,,,,,,,,슬림핏,,,,
images/48013958_0.jpeg,train,,,,,팬츠,,스트레이트,,,,,,,,,,스트레이트핏,,,,
images/48692946_0.jpeg,train,,,,,팬츠,하렘 팬츠,,,,,,,,,,,,,,,
images/49057825_1.jpeg,train,,,,,팬츠,,스트레이트,,드로스트링,,,,,,,,스트레이트핏,,,,
images/49505814_0.jpeg,train,,,,,팬츠,레깅스,,,,,,,,,,,,,,,
images/49732046_1.jpeg,train,,,,,팬츠,트랙팬츠,스트레이트,,,,,,,,,,스트레이트핏,,,,
images/50102766_1.jpeg,train,,,,,팬츠,,플레어,,,,,,,,,,플레어핏,,,,
images/50153631_2.jpeg,train,,,,,팬츠,카고 팬츠,스트레이트,,카고 포켓,,,,,,,,스트레이트핏,,,,
images/50160096_0.jpeg,train,,,,,팬츠,,와이드,,플리츠·턱,,,,,,,,와이드핏,,,,
images/50160652_0.jpeg,train,,,,,팬츠,,스키니,,5포켓,,,,,,,,슬림핏,,,,
images/51278776_0.jpeg,train,,,,,팬츠,,스트레이트,,플리츠·턱,,,,,,,,스트레이트핏,,,,
images/51444756_0.jpeg,train,,,,,팬츠,치노 팬츠,스트레이트,,,,,,,,,,스트레이트핏,,,,
images/51524594_1.jpeg,train,,,,,팬츠,치노 팬츠,스트레이트,,,,,,,,,,스트레이트핏,,,,
images/51541504_0.jpeg,train,,,,,팬츠,하렘 팬츠,테이퍼드,,,,,,,,,,테이퍼드핏,,,,
images/51627097_0.jpeg,val,,,,,팬츠,,스키니,,5포켓,,,,,,,,슬림핏,,,,
images/51644774_1.jpeg,train,,,,,팬츠,하렘 팬츠,,,,,,,,,,,,,,,
images/51649756_0.jpeg,train,,,,,팬츠,슬랙스,스트레이트,,,,,,,,,,스트레이트핏,,,,
images/51666151_0.jpeg,train,,,,,팬츠,,스트레이트,,,,,,,,,,스트레이트핏,,,,
images/51720388_0.jpeg,train,,,,,청바지,청바지,와이드,,,,,,,,,,와이드핏,,,데님,
images/51769682_0.jpeg,train,,,,,팬츠,트랙팬츠,,,,,,,,,,,,,,,
images/52401718_0.jpeg,val,,,,,팬츠,,스트레이트,,,,,,,,,,스트레이트핏,,,,
images/53251688_2.jpeg,train,,,,,팬츠,조거·스웨트팬츠,스트레이트,,,,,,,,,,스트레이트핏,,,,
images/54615099_1.jpeg,train,,,,,청바지,청바지,플레어,,,,,,,,,,플레어핏,,,데님,
images/54656507_0.jpeg,train,,,,,팬츠,,테이퍼드,,,,,,,,,,테이퍼드핏,,,,
images/54789682_0.jpeg,train,,,,,팬츠,하렘 팬츠,,,,,,,,,,,,,,,
images/55712557_0.jpeg,val,,,,,팬츠,,플레어,,,,,,,,,,플레어핏,,,,
images/55723939_0.jpeg,val,,,,,청바지,청바지,스키니,,,,,,,,,,슬림핏,,,데님,
images/56085565_2.jpeg,train,,,,,팬츠,,스트레이트,,플리츠·턱,,,,,,,,스트레이트핏,,,,
images/56921338_0.jpeg,train,,,,,팬츠,,테이퍼드,,,,,,,,,,테이퍼드핏,,,,
images/56926929_3.jpeg,train,,,,,팬츠,,와이드,,,,,,,,,,와이드핏,,,,
images/56929995_1.jpeg,train,,,,,청바지,청바지,와이드,,,,,,,,,,와이드핏,,,데님,
images/56930519_0.jpeg,train,,,,,청바지,청바지,스트레이트,,,,,,,,,,스트레이트핏,,,데님,
images/56970502_0.jpeg,train,,,,,팬츠,카고 팬츠,와이드,,카고 포켓|드로스트링,,,,,,,,와이드핏,,,,
images/57717842_1.jpeg,val,,,,,팬츠,,팔라초,,,,,,,,,,와이드핏,,,,
images/57762633_0.jpeg,train,,,,,팬츠,,팔라초,,,,,,,,,,와이드핏,,,,
images/58027909_0.jpeg,train,,,,,팬츠,,스트레이트,,플리츠·턱,,,,,,,,스트레이트핏,,,,
images/58029774_0.jpeg,train,,,,,팬츠,카고 팬츠,스키니,,카고 포켓,,,,,,,,슬림핏,,,,
images/58227075_0.jpeg,train,,,,,청바지,청바지,와이드,,,,,,,,,,와이드핏,,,데님,
images/58609018_0.jpeg,train,,,,,팬츠,,스키니,,,,,,,,,,슬림핏,,,,
images/59686758_2.jpeg,val,,,,,팬츠,트랙팬츠,,,,,,,,,,,,,,,
images/59887934_0.jpeg,train,,,,,팬츠,,스트레이트,,,,,,,,,,스트레이트핏,,,,
images/59904113_0.jpeg,train,,,,,팬츠,,스트레이트,,드로스트링,,,,,,,,스트레이트핏,,,,
images/59906023_0.jpeg,val,,,,,팬츠,레깅스,,카프리·7부,,,,,미디·7부 기장,,,,,,,,
images/59956067_0.jpeg,val,,,,,팬츠,,와이드,,,,,,,,,,와이드핏,,,,
images/59970911_1.jpeg,train,,,,,팬츠,조거·스웨트팬츠,스트레이트,,,,,,,,,,스트레이트핏,,,,
images/59979313_1.jpeg,train,,,,,팬츠,하렘 팬츠,,,,,,,,,,,,,,,
images/60397962_0.jpeg,train,,,,,팬츠,,테이퍼드,,드로스트링,,,,,,,,테이퍼드핏,,,,
images/61357893_0.jpeg,val,,,,,팬츠,,와이드,,,,,,,,,,와이드핏,,,,
images/61433571_0.jpeg,train,,,,,청바지,청바지,플레어,,,,,,,,,,플레어핏,,,데님,
images/61491352_0.jpeg,train,,,,,팬츠,,스트레이트,,,,,,,,,,스트레이트핏,,,,
images/61503781_0.jpeg,val,,,,,팬츠,,와이드,,플리츠·턱,,,,,,,,와이드핏,,,,
images/61573487_1.jpeg,val,,,,,청바지,청바지,와이드,,,,,,,,,,와이드핏,,,데님,
images/62293480_1.jpeg,val,,,,,팬츠,하렘 팬츠,,,,,,,,,,,,,,,
images/62294258_0.jpeg,train,,,,,팬츠,,테이퍼드,,,,,,,,,,테이퍼드핏,,,,
images/62617378_0.jpeg,train,,,,,팬츠,,스키니,,,,,,,,,,슬림핏,,,,
images/62629384_3.jpeg,train,,,,,팬츠,,플레어,,,,,,,,,,플레어핏,,,,
images/62873212_2.jpeg,train,,,,,팬츠,하렘 팬츠,,,드로스트링,,,,,,,,,,,,
images/62955760_0.jpeg,train,,,,,팬츠,,테이퍼드,,,,,,,,,,테이퍼드핏,,,,
images/63424252_0.jpeg,train,,,,,청바지,청바지,스키니,,,,,,,,,,슬림핏,,,데님,
images/63432739_0.jpeg,train,,,,,팬츠,,팔라초,,,,,,,,,,와이드핏,,,,
images/63717663_0.jpeg,train,,,,,팬츠,,부츠컷,,,,,,,,,,플레어핏,,,,
images/63801385_0.jpeg,train,,,,,팬츠,,부츠컷,,,,,,,,,,플레어핏,,,,
images/63808834_0.jpeg,train,,,,,팬츠,,스트레이트,,,,,,,,,,스트레이트핏,,,,
images/65070167_0.jpeg,train,,,,,팬츠,,스트레이트,,드로스트링,,,,,,,,스트레이트핏,,,,
images/65088494_0.jpeg,train,,,,,팬츠,,플레어,,,,,,,,,,플레어핏,,,,
images/65574912_0.jpeg,train,,,,,팬츠,조거·스웨트팬츠,,,,,,,,,,,,,,,
images/65730867_0.jpeg,train,,,,,팬츠,하렘 팬츠,테이퍼드,,,,,,,,,,테이퍼드핏,,,,
images/65763207_0.jpeg,train,,,,,팬츠,레깅스,,,사이드 스트라이프,,,,,,,,,,,,
images/66071392_0.jpeg,val,,,,,팬츠,,와이드,,,,,,,,,,와이드핏,,,,
images/66132226_2.jpeg,train,,,,,팬츠,하렘 팬츠,테이퍼드,,,,,,,,,,테이퍼드핏,,,,
images/66153721_1.jpeg,train,,,,,팬츠,,와이드,,드로스트링,,,,,,,,와이드핏,,,,
images/66223179_0.jpeg,train,,,,,청바지,청바지,스키니,,,,,,,,,,슬림핏,,,데님,
images/67000568_0.jpeg,train,,,,,팬츠,,와이드,,,,,,,,,,와이드핏,,,,
images/67008180_0.jpeg,train,,,,,팬츠,,스키니,,,,,,,,,,슬림핏,,,,
images/67052031_2.jpeg,train,,,,,팬츠,하렘 팬츠,,,,,,,,,,,,,,,
images/67174026_0.jpeg,train,,,,,팬츠,트랙팬츠,,,,,,,,,,,,,,,
images/67174732_1.jpeg,train,,,,,팬츠,,플레어,,,,,,,,,,플레어핏,,,,
images/67174832_0.jpeg,train,,,,,팬츠,트랙팬츠,와이드,,,,,,,,,,와이드핏,,,,
images/67886542_0.jpeg,val,,,,,팬츠,하렘 팬츠,,,,,,,,,,,,,,,
images/67961294_0.jpeg,val,,,,,청바지,청바지,스트레이트,,,,,,,,,,스트레이트핏,,,데님,
images/67970518_0.jpeg,train,,,,,팬츠,,와이드,,,,,,,,,,와이드핏,,,,
images/68000170_0.jpeg,train,,,,,팬츠,,부츠컷,,,,,,,,,,플레어핏,,,,
images/68039061_3.jpeg,train,,,,,팬츠,,플레어,,,,,,,,,,플레어핏,,,,
images/68042290_0.jpeg,train,,,,,팬츠,,스키니,,,,,,,,,,슬림핏,,,,
images/68054399_0.jpeg,train,,,,,팬츠,,스키니,,5포켓,,,,,,,,슬림핏,,,,
images/68077312_3.jpeg,train,,,,,팬츠,카고 팬츠,와이드,,카고 포켓,,,,,,,,와이드핏,,,,
images/68080296_0.jpeg,train,,,,,청바지,청바지,스키니,,,,,,,,,,슬림핏,,,데님,
images/68098915_0.jpeg,train,,,,,팬츠,레깅스,스키니,,,,,,,,,,슬림핏,,,,
images/68101342_0.jpeg,train,,,,,팬츠,,스키니,,,,,,,,,,슬림핏,,,,
images/68103231_0.jpeg,val,,,,,팬츠,하렘 팬츠,,,,,,,,,,,,,,,
images/68108121_3.jpeg,train,,,,,팬츠,,플레어,,,,,,,,,,플레어핏,,,,
images/68112297_0.jpeg,train,,,,,팬츠,,스트레이트,,,,,,,,,,스트레이트핏,,,,
images/68137966_1.jpeg,train,,,,,청바지,청바지,스키니,,,,,,,,,,슬림핏,,,데님,
images/68391978_0.jpeg,train,,,,,팬츠,,플레어,,,,,,,,,,플레어핏,,,,
images/68393164_0.jpeg,train,,,,,팬츠,레깅스,스키니,,,,,,,,,,슬림핏,,,,
images/68442220_0.jpeg,train,,,,,팬츠,,페그,,,,,,,,,,테이퍼드핏,,,,
images/68507400_4.jpeg,train,,,,,팬츠,하렘 팬츠,,,,,,,,,,,,,,,
images/68546146_0.jpeg,train,,,,,팬츠,,테이퍼드,,,,,,,,,,테이퍼드핏,,,,
images/68845475_0.jpeg,train,,,,,팬츠,하렘 팬츠,스트레이트,,,,,,,,,,스트레이트핏,,,,
images/68877367_0.jpeg,train,,,,,팬츠,조거·스웨트팬츠,스트레이트,,드로스트링,,,,,,,,스트레이트핏,,,,
images/68879442_0.jpeg,train,,,,,팬츠,,스트레이트,,플리츠·턱,,,,,,,,스트레이트핏,,,,
images/68919205_0.jpeg,train,,,,,팬츠,,스트레이트,,플리츠·턱,,,,,,,,스트레이트핏,,,,
images/69299079_0.jpeg,train,,,,,팬츠,,테이퍼드,,,,,,,,,,테이퍼드핏,,,,
images/69299305_0.jpeg,train,,,,,팬츠,,스트레이트,,,,,,,,,,스트레이트핏,,,,
images/69404329_0.jpeg,train,,,,,청바지,청바지,플레어,,,,,,,,,,플레어핏,,,데님,
images/69838498_1.jpeg,train,,,,,팬츠,,스트레이트,,,,,,,,,,스트레이트핏,,,,
images/70204289_0.jpeg,train,,,,,팬츠,,스트레이트,,,,,,,,,,스트레이트핏,,,,
images/70220931_2.jpeg,train,,,,,팬츠,,와이드,,,,,,,,,,와이드핏,,,,
images/70280734_1.jpeg,train,,,,,팬츠,카고 팬츠,스트레이트,,카고 포켓,,,,,,,,스트레이트핏,,,,
images/70454742_4.jpeg,train,,,,,팬츠,,스트레이트,,,,,,,,,,스트레이트핏,,,,
images/70482432_0.jpeg,train,,,,,팬츠,카고 팬츠,,풀렝스,카고 포켓,,,,롱·긴바지 기장,,,,,,,,
images/70620687_0.jpeg,train,,,,,팬츠,,스키니,,,,,,,,,,슬림핏,,,,
images/70665892_0.jpeg,train,,,,,팬츠,,스트레이트,,,,,,,,,,스트레이트핏,,,,
images/70667662_0.jpeg,train,,,,,청바지,청바지,스트레이트,,,,,,,,,,스트레이트핏,,,데님,
images/70685806_0.jpeg,train,,,,,팬츠,,부츠컷,,,,,,,,,,플레어핏,,,,
images/70861906_0.jpeg,val,,,,,팬츠,,부츠컷,,,,,,,,,,플레어핏,,,,
images/70896110_0.jpeg,train,,,,,팬츠,,스키니,,,,,,,,,,슬림핏,,,,
images/70926229_0.jpeg,train,,,,,팬츠,트랙팬츠,,,,,,,,,,,,,,,
images/70967345_0.jpeg,train,,,,,팬츠,카고 팬츠,스트레이트,,카고 포켓,,,,,,,,스트레이트핏,,,,
images/70968946_0.jpeg,val,,,,,팬츠,,스키니,,5포켓,,,,,,,,슬림핏,,,,
images/71097976_0.jpeg,train,,,,,팬츠,,스키니,,,,,,,,,,슬림핏,,,,
images/71100457_1.jpeg,train,,,,,팬츠,,플레어,,,,,,,,,,플레어핏,,,,
images/71293140_0.jpeg,train,,,,,팬츠,,와이드,,,,,,,,,,와이드핏,,,,
images/71304755_0.jpeg,train,,,,,팬츠,,팔라초,,,,,,,,,,와이드핏,,,,
images/71375576_0.jpeg,train,,,,,팬츠,조거·스웨트팬츠,스키니,,,,,,,,,,슬림핏,,,,
images/71383499_0.jpeg,val,,,,,팬츠,,스트레이트,,,,,,,,,,스트레이트핏,,,,
images/71547218_0.jpeg,train,,,,,팬츠,슬랙스,테이퍼드,,,,,,,,,,테이퍼드핏,,,,
images/71661656_0.jpeg,train,,,,,팬츠,요가 팬츠,스트레이트,,,,,,,,,,스트레이트핏,,,,
images/71697415_0.jpeg,train,,,,,팬츠,하렘 팬츠,,,,,,,,,,,,,,,
images/71753929_0.jpeg,train,,,,,팬츠,,와이드,,,,,,,,,,와이드핏,,,,
images/71778972_0.jpeg,val,,,,,팬츠,카고 팬츠,스키니,,카고 포켓,,,,,,,,슬림핏,,,,
images/72042658_0.jpeg,train,,,,,팬츠,트랙팬츠,스트레이트,,,,,,,,,,스트레이트핏,,,,
images/72296847_0.jpeg,train,,,,,청바지,청바지,스키니,,,,,,,,,,슬림핏,,,데님,
images/72316751_0.jpeg,train,,,,,팬츠,,스트레이트,,,,,,,,,,스트레이트핏,,,,
images/72319235_0.jpeg,train,,,,,팬츠,하렘 팬츠,,,,,,,,,,,,,,,
images/72329346_0.jpeg,train,,,,,팬츠,하렘 팬츠,,,,,,,,,,,,,,,
images/72452897_0.jpeg,train,,,,,팬츠,,플레어,풀렝스,,,,,롱·긴바지 기장,,,,플레어핏,,,,
images/72519862_0.jpeg,train,,,,,팬츠,트랙팬츠,,,,,,,,,,,,,,,
images/72810974_0.jpeg,train,,,,,팬츠,트랙팬츠,,,,,,,,,,,,,,,
images/73119246_0.jpeg,train,,,,,팬츠,하렘 팬츠,테이퍼드,,,,,,,,,,테이퍼드핏,,,,
images/73249553_0.jpeg,train,,,,,팬츠,조거·스웨트팬츠,스키니,,,,,,,,,,슬림핏,,,,
images/73681746_2.jpeg,train,,,,,팬츠,,와이드,,플리츠·턱,,,,,,,,와이드핏,,,,
images/73924263_0.jpeg,train,,,,,팬츠,하렘 팬츠,,,밴딩 허리,,,,,,,,,,,,
images/74060160_0.jpeg,train,,,,,팬츠,,와이드,,플리츠·턱,,,,,,,,와이드핏,,,,
images/74134582_0.jpeg,train,,,,,팬츠,조거·스웨트팬츠,,카프리·7부,,,,,미디·7부 기장,,,,,,,,
images/74229995_0.jpeg,train,,,,,팬츠,,스키니,,,,,,,,,,슬림핏,,,,
images/74258540_0.jpeg,val,,,,,팬츠,하렘 팬츠,,,,,,,,,,,,,,,
images/74287955_0.jpeg,train,,,,,팬츠,,팔라초,,,,,,,,,,와이드핏,,,,
images/74396375_0.jpeg,train,,,,,청바지,청바지,와이드,,플리츠·턱,,,,,,,,와이드핏,,,데님,
images/74547697_0.jpeg,train,,,,,팬츠,,스트레이트,,,,,,,,,,스트레이트핏,,,,
images/74758961_0.jpeg,train,,,,,팬츠,,와이드,,,,,,,,,,와이드핏,,,,
images/74983439_0.jpeg,val,,,,,팬츠,하렘 팬츠,,,,,,,,,,,,,,,
images/75009071_0.jpeg,train,,,,,팬츠,슬랙스,스트레이트,,,,,,,,,,스트레이트핏,,,,
images/75141792_0.jpeg,train,,,,,팬츠,,스트레이트,,,,,,,,,,스트레이트핏,,,,
images/75279897_0.jpeg,train,,,,,팬츠,하렘 팬츠,,,드로스트링,,,,,,,,,,,,
images/75450899_2.jpeg,train,,,,,팬츠,,와이드,,플리츠·턱,,,,,,,,와이드핏,,,,
images/75474688_4.jpeg,train,,,,,팬츠,,플레어,,,,,,,,,,플레어핏,,,,
images/75502835_0.jpeg,train,,,,,팬츠,트랙팬츠,스트레이트,,,,,,,,,,스트레이트핏,,,,
images/75813592_0.jpeg,train,,,,,팬츠,,스트레이트,,,,,,,,,,스트레이트핏,,,,
images/76091825_0.jpeg,val,,,,,팬츠,,페그,,,,,,,,,,테이퍼드핏,,,,
images/76129040_0.jpeg,val,,,,,팬츠,,플레어,,,,,,,,,,플레어핏,,,,
images/76219410_0.jpeg,train,,,,,팬츠,,플레어,,,,,,,,,,플레어핏,,,,
images/76267504_0.jpeg,train,,,,,팬츠,,와이드,,,,,,,,,,와이드핏,,,,
images/76274161_0.jpeg,train,,,,,팬츠,하렘 팬츠,,,,,,,,,,,,,,,
images/76274215_0.jpeg,val,,,,,팬츠,카고 팬츠,스키니,,카고 포켓,,,,,,,,슬림핏,,,,
images/76316743_0.jpeg,train,,,,,청바지,청바지,스키니,,,,,,,,,,슬림핏,,,데님,
images/76640389_0.jpeg,train,,,,,팬츠,카고 팬츠,스키니,,카고 포켓,,,,,,,,슬림핏,,,,
images/76640685_0.jpeg,train,,,,,팬츠,카고 팬츠,스키니,,카고 포켓,,,,,,,,슬림핏,,,,
images/77190824_0.jpeg,train,,,,,팬츠,,와이드,,밑단 커프,,,,,,,,와이드핏,,,,
images/77255435_0.jpeg,train,,,,,팬츠,,스트레이트,,,,,,,,,,스트레이트핏,,,,
images/77255614_0.jpeg,train,,,,,팬츠,,스트레이트,,,,,,,,,,스트레이트핏,,,,
images/77477603_0.jpeg,train,,,,,팬츠,카고 팬츠,,풀렝스,카고 포켓,,,,롱·긴바지 기장,,,,,,,,
images/77803230_1.jpeg,train,,,,,팬츠,,부츠컷,,,,,,,,,,플레어핏,,,,
images/77809332_0.jpeg,val,,,,,팬츠,하렘 팬츠,,,,,,,,,,,,,,,
images/77830381_0.jpeg,train,,,,,팬츠,,스트레이트,,,,,,,,,,스트레이트핏,,,,
images/77831157_0.jpeg,train,,,,,팬츠,,테이퍼드,,,,,,,,,,테이퍼드핏,,,,
images/77864542_1.jpeg,train,,,,,팬츠,,스트레이트,,,,,,,,,,스트레이트핏,,,,
images/77893407_6.jpeg,train,,,,,팬츠,,스트레이트,,플리츠·턱,,,,,,,,스트레이트핏,,,,
images/77977323_0.jpeg,train,,,,,팬츠,,스트레이트,,,,,,,,,,스트레이트핏,,,,
images/78261296_0.jpeg,train,,,,,팬츠,,와이드,,플리츠·턱,,,,,,,,와이드핏,,,,
images/78382681_0.jpeg,train,,,,,팬츠,,플레어,,,,,,,,,,플레어핏,,,,
images/78639775_0.jpeg,train,,,,,팬츠,,스트레이트,,,,,,,,,,스트레이트핏,,,,
images/78714776_0.jpeg,val,,,,,청바지,청바지,스트레이트,,,,,,,,,,스트레이트핏,,,데님,
images/78857419_0.jpeg,val,,,,,팬츠,,팔라초,풀렝스,,,,,롱·긴바지 기장,,,,와이드핏,,,,
images/78946376_0.jpeg,train,,,,,팬츠,,스트레이트,,,,,,,,,,스트레이트핏,,,,
images/79023074_0.jpeg,train,,,,,팬츠,슬랙스,스트레이트,,플리츠·턱,,,,,,,,스트레이트핏,,,,
images/79170237_0.jpeg,val,,,,,팬츠,조거·스웨트팬츠,스트레이트,,,,,,,,,,스트레이트핏,,,,
images/79191684_0.jpeg,train,,,,,팬츠,카고 팬츠,스키니,,카고 포켓,,,,,,,,슬림핏,,,,
images/79220998_0.jpeg,val,,,,,팬츠,,스트레이트,,,,,,,,,,스트레이트핏,,,,
images/79233333_0.jpeg,train,,,,,팬츠,,스트레이트,,,,,,,,,,스트레이트핏,,,,
images/79234275_0.jpeg,train,,,,,팬츠,,스트레이트,,,,,,,,,,스트레이트핏,,,,
images/79255898_0.jpeg,val,,,,,팬츠,트랙팬츠,스트레이트,,,,,,,,,,스트레이트핏,,,,
images/79357989_0.jpeg,val,,,,,팬츠,,와이드,,,,,,,,,,와이드핏,,,,
images/79402018_0.jpeg,train,,,,,팬츠,,와이드,,드로스트링,,,,,,,,와이드핏,,,,
images/79420147_1.jpeg,val,,,,,팬츠,,와이드,,,,,,,,,,와이드핏,,,,
images/79598023_0.jpeg,train,,,,,팬츠,,와이드,,,,,,,,,,와이드핏,,,,
images/79598100_0.jpeg,train,,,,,팬츠,하렘 팬츠,,,,,,,,,,,,,,,
images/79598335_0.jpeg,val,,,,,팬츠,하렘 팬츠,,,,,,,,,,,,,,,
images/80030559_0.jpeg,train,,,,,팬츠,,와이드,,,,,,,,,,와이드핏,,,,
images/80107518_0.jpeg,train,,,,,청바지,청바지,와이드,,,,,,,,,,와이드핏,,,데님,
images/80115835_0.jpeg,train,,,,,팬츠,,스트레이트,,,,,,,,,,스트레이트핏,,,,
images/80321539_0.jpeg,train,,,,,팬츠,,와이드,,플리츠·턱,,,,,,,,와이드핏,,,,
images/80365354_0.jpeg,train,,,,,청바지,청바지,스키니,,,,,,,,,,슬림핏,,,데님,
images/80383198_0.jpeg,train,,,,,팬츠,,스트레이트,,드로스트링,,,,,,,,스트레이트핏,,,,
images/80387731_0.jpeg,train,,,,,팬츠,,스키니,,,,,,,,,,슬림핏,,,,
images/80554769_1.jpeg,val,,,,,팬츠,,와이드,,,,,,,,,,와이드핏,,,,
images/80560457_2.jpeg,train,,,,,팬츠,,와이드,,,,,,,,,,와이드핏,,,,
images/80717075_1.jpeg,train,,,,,팬츠,,플레어,,,,,,,,,,플레어핏,,,,
images/80754202_0.jpeg,train,,,,,청바지,청바지,스트레이트,,,,,,,,,,스트레이트핏,,,데님,
images/80784161_0.jpeg,train,,,,,팬츠,슬랙스,스트레이트,,,,,,,,,,스트레이트핏,,,,
images/80834904_0.jpeg,train,,,,,팬츠,,스키니,,,,,,,,,,슬림핏,,,,
images/80844702_0.jpeg,train,,,,,팬츠,,스키니,,,,,,,,,,슬림핏,,,,
images/81084949_0.jpeg,train,,,,,팬츠,,와이드,,,,,,,,,,와이드핏,,,,
images/81203758_1.jpeg,train,,,,,팬츠,,플레어,풀렝스,,,,,롱·긴바지 기장,,,,플레어핏,,,,
images/81304847_0.jpeg,train,,,,,팬츠,조거·스웨트팬츠,스트레이트,,,,,,,,,,스트레이트핏,,,,
images/81420758_0.jpeg,train,,,,,팬츠,하렘 팬츠,,,,,,,,,,,,,,,
images/81827871_2.jpeg,train,,,,,팬츠,하렘 팬츠,,,,,,,,,,,,,,,
images/81831141_0.jpeg,train,,,,,팬츠,,스트레이트,,,,,,,,,,스트레이트핏,,,,
images/82029614_0.jpeg,train,,,,,팬츠,,스트레이트,,플리츠·턱,,,,,,,,스트레이트핏,,,,
images/82038264_0.jpeg,train,,,,,팬츠,,스키니,,,,,,,,,,슬림핏,,,,
images/82068772_0.jpeg,train,,,,,팬츠,하렘 팬츠,,,,,,,,,,,,,,,
images/82680270_0.jpeg,train,,,,,팬츠,,스트레이트,,,,,,,,,,스트레이트핏,,,,
images/82901868_0.jpeg,train,,,,,팬츠,,페그,,,,,,,,,,테이퍼드핏,,,,
images/82989816_0.jpeg,train,,,,,청바지,청바지,플레어,,,,,,,,,,플레어핏,,,데님,
images/83163461_2.jpeg,val,,,,,팬츠,,플레어,,,,,,,,,,플레어핏,,,,
images/83218636_1.jpeg,train,,,,,팬츠,,스트레이트,,,,,,,,,,스트레이트핏,,,,
images/83244994_0.jpeg,train,,,,,팬츠,하렘 팬츠,,,,,,,,,,,,,,,
images/83244998_0.jpeg,val,,,,,팬츠,하렘 팬츠,테이퍼드,,,,,,,,,,테이퍼드핏,,,,
images/83339862_0.jpeg,train,,,,,팬츠,조거·스웨트팬츠,스트레이트,,,,,,,,,,스트레이트핏,,,,
images/83341789_0.jpeg,train,,,,,팬츠,,스트레이트,,,,,,,,,,스트레이트핏,,,,
images/83379468_0.jpeg,train,,,,,팬츠,하렘 팬츠,,,플리츠·턱,,,,,,,,,,,,
images/83523941_1.jpeg,train,,,,,팬츠,하렘 팬츠,,,,,,,,,,,,,,,
images/83802693_0.jpeg,train,,,,,팬츠,,스키니,,,,,,,,,,슬림핏,,,,
images/83899561_0.jpeg,val,,,,,팬츠,,팔라초,풀렝스,,,,,롱·긴바지 기장,,,,와이드핏,,,,
images/83911488_0.jpeg,train,,,,,팬츠,슬랙스,와이드,,,,,,,,,,와이드핏,,,,
images/83911491_0.jpeg,val,,,,,팬츠,슬랙스,와이드,,,,,,,,,,와이드핏,,,,
images/83986630_0.jpeg,train,,,,,팬츠,,스키니,,,,,,,,,,슬림핏,,,,
images/84019378_0.jpeg,val,,,,,팬츠,,스트레이트,,,,,,,,,,스트레이트핏,,,,
images/84093030_0.jpeg,train,,,,,팬츠,하렘 팬츠,,,,,,,,,,,,,,,
images/84099921_0.jpeg,train,,,,,팬츠,,,풀렝스,,,,,롱·긴바지 기장,,,,,,,,
images/84106492_0.jpeg,train,,,,,팬츠,,와이드,,,,,,,,,,와이드핏,,,,
images/84107316_0.jpeg,train,,,,,팬츠,,플레어,,,,,,,,,,플레어핏,,,,
images/84117275_0.jpeg,train,,,,,팬츠,세일러 팬츠,와이드,,,,,,,,,,와이드핏,,,,
images/84150341_0.jpeg,train,,,,,팬츠,하렘 팬츠,,,,,,,,,,,,,,,
images/84153430_0.jpeg,val,,,,,팬츠,,스키니,,,,,,,,,,슬림핏,,,,
images/84160692_0.jpeg,val,,,,,팬츠,,와이드,,드로스트링,,,,,,,,와이드핏,,,,
images/84415747_0.jpeg,train,,,,,팬츠,하렘 팬츠,,,,,,,,,,,,,,,
images/84668028_0.jpeg,train,,,,,팬츠,카고 팬츠,와이드,,카고 포켓,,,,,,,,와이드핏,,,,
images/84710303_2.jpeg,train,,,,,팬츠,트랙팬츠,스트레이트,,,,,,,,,,스트레이트핏,,,,
images/84944622_1.jpeg,train,,,,,청바지,청바지,테이퍼드,,,,,,,,,,테이퍼드핏,,,데님,
images/85086920_0.jpeg,train,,,,,청바지,청바지,스트레이트,,,,,,,,,,스트레이트핏,,,데님,
images/85233390_0.jpeg,train,,,,,팬츠,,와이드,,,,,,,,,,와이드핏,,,,
images/85253470_0.jpeg,train,,,,,팬츠,카고 팬츠,스키니,,카고 포켓,,,,,,,,슬림핏,,,,
images/85256634_0.jpeg,val,,,,,팬츠,,,풀렝스,,,,,롱·긴바지 기장,,,,,,,,
images/85257213_2.jpeg,train,,,,,팬츠,하렘 팬츠,테이퍼드,,,,,,,,,,테이퍼드핏,,,,
images/85261324_1.jpeg,train,,,,,팬츠,하렘 팬츠,테이퍼드,,,,,,,,,,테이퍼드핏,,,,
images/85265822_1.jpeg,train,,,,,팬츠,슬랙스,스트레이트,,,,,,,,,,스트레이트핏,,,,
images/85384064_0.jpeg,train,,,,,팬츠,,페그,,,,,,,,,,테이퍼드핏,,,,
images/85412380_0.jpeg,train,,,,,팬츠,,스키니,,,,,,,,,,슬림핏,,,,
images/85498518_0.jpeg,val,,,,,팬츠,,스키니,,,,,,,,,,슬림핏,,,,
images/86079174_2.jpeg,train,,,,,팬츠,카고 팬츠,와이드,,카고 포켓,,,,,,,,와이드핏,,,,
images/86098145_2.jpeg,train,,,,,팬츠,,와이드,,,,,,,,,,와이드핏,,,,
images/86109094_0.jpeg,train,,,,,팬츠,,플레어,풀렝스,,,,,롱·긴바지 기장,,,,플레어핏,,,,
images/86389621_3.jpeg,train,,,,,청바지,청바지,플레어,,,,,,,,,,플레어핏,,,데님,
images/86458674_2.jpeg,train,,,,,팬츠,하렘 팬츠,,,,,,,,,,,,,,,
images/86462624_2.jpeg,val,,,,,팬츠,하렘 팬츠,,,,,,,,,,,,,,,
images/86636101_0.jpeg,train,,,,,팬츠,하렘 팬츠,,,,,,,,,,,,,,,
images/86637622_2.jpeg,train,,,,,팬츠,,와이드,,플리츠·턱,,,,,,,,와이드핏,,,,
images/86806666_0.jpeg,train,,,,,팬츠,레깅스,,카프리·7부,,,,,미디·7부 기장,,,,,,,,
images/86852545_0.jpeg,train,,,,,청바지,청바지,와이드,,,,,,,,,,와이드핏,,,데님,
images/86943557_4.jpeg,train,,,,,팬츠,,와이드,,,,,,,,,,와이드핏,,,,
images/86947506_0.jpeg,train,,,,,팬츠,,와이드,,,,,,,,,,와이드핏,,,,
images/86967398_0.jpeg,train,,,,,팬츠,,와이드,,플리츠·턱,,,,,,,,와이드핏,,,,
images/86968072_2.jpeg,val,,,,,팬츠,,와이드,,,,,,,,,,와이드핏,,,,
images/86983571_1.jpeg,train,,,,,팬츠,하렘 팬츠,테이퍼드,,,,,,,,,,테이퍼드핏,,,,
images/86995479_0.jpeg,train,,,,,팬츠,,테이퍼드,,,,,,,,,,테이퍼드핏,,,,
images/87009198_1.jpeg,train,,,,,팬츠,하렘 팬츠,테이퍼드,,,,,,,,,,테이퍼드핏,,,,
images/87025460_0.jpeg,train,,,,,팬츠,치노 팬츠,와이드,,,,,,,,,,와이드핏,,,,
images/87094304_0.jpeg,train,,,,,팬츠,조거·스웨트팬츠,,,,,,,,,,,,,,,
images/87125533_0.jpeg,val,,,,,팬츠,,와이드,,플리츠·턱,,,,,,,,와이드핏,,,,
images/87134692_0.jpeg,train,,,,,팬츠,레깅스,,,스터럽,,,,,,,,,,,,
images/87259557_0.jpeg,train,,,,,청바지,청바지,스트레이트,,,,,,,,,,스트레이트핏,,,데님,
images/87463307_0.jpeg,train,,,,,팬츠,,스트레이트,,,,,,,,,,스트레이트핏,,,,
images/87463374_0.jpeg,train,,,,,팬츠,,와이드,,,,,,,,,,와이드핏,,,,
images/87546084_0.jpeg,train,,,,,팬츠,하렘 팬츠,,,,,,,,,,,,,,,
images/87574933_0.jpeg,train,,,,,팬츠,,플레어,,,,,,,,,,플레어핏,,,,
images/87589632_0.jpeg,train,,,,,청바지,청바지,스트레이트,,,,,,,,,,스트레이트핏,,,데님,
images/87593755_0.jpeg,train,,,,,청바지,청바지,와이드,,,,,,,,,,와이드핏,,,데님,
images/87607634_0.jpeg,train,,,,,팬츠,카고 팬츠,와이드,,카고 포켓,,,,,,,,와이드핏,,,,
images/87615545_0.jpeg,val,,,,,팬츠,,스트레이트,,,,,,,,,,스트레이트핏,,,,
images/87618017_0.jpeg,train,,,,,팬츠,,테이퍼드,,,,,,,,,,테이퍼드핏,,,,
images/87652607_0.jpeg,train,,,,,팬츠,슬랙스,스키니,,,,,,,,,,슬림핏,,,,
images/87678102_0.jpeg,train,,,,,팬츠,,스키니,,,,,,,,,,슬림핏,,,,
images/87684835_0.jpeg,train,,,,,팬츠,하렘 팬츠,,,,,,,,,,,,,,,
images/87687731_0.jpeg,train,,,,,팬츠,,와이드,,,,,,,,,,와이드핏,,,,
images/87697636_0.jpeg,train,,,,,팬츠,,스키니,,,,,,,,,,슬림핏,,,,
images/87700075_0.jpeg,train,,,,,팬츠,치노 팬츠,스트레이트,,,,,,,,,,스트레이트핏,,,,
images/87712609_0.jpeg,train,,,,,팬츠,하렘 팬츠,,,,,,,,,,,,,,,
images/87713437_1.jpeg,val,,,,,팬츠,,와이드,,,,,,,,,,와이드핏,,,,
images/87713699_3.jpeg,train,,,,,팬츠,하렘 팬츠,,,,,,,,,,,,,,,
images/87720967_3.jpeg,train,,,,,팬츠,,와이드,,,,,,,,,,와이드핏,,,,
images/87725049_0.jpeg,train,,,,,청바지,청바지,스키니,,,,,,,,,,슬림핏,,,데님,
images/87730484_1.jpeg,train,,,,,팬츠,,스키니,,,,,,,,,,슬림핏,,,,
images/87736720_2.jpeg,train,,,,,팬츠,,팔라초,,,,,,,,,,와이드핏,,,,
images/87738976_0.jpeg,val,,,,,팬츠,하렘 팬츠,,,,,,,,,,,,,,,
images/87740641_0.jpeg,val,,,,,팬츠,,와이드,,,,,,,,,,와이드핏,,,,
images/87743090_0.jpeg,train,,,,,팬츠,,,풀렝스,,,,,롱·긴바지 기장,,,,,,,,
images/87743699_0.jpeg,train,,,,,팬츠,카고 팬츠,스트레이트,,카고 포켓,,,,,,,,스트레이트핏,,,,
images/87746902_0.jpeg,train,,,,,팬츠,,와이드,,플리츠·턱,,,,,,,,와이드핏,,,,
images/87746952_0.jpeg,train,,,,,팬츠,슬랙스,와이드,,,,,,,,,,와이드핏,,,,
images/87747449_0.jpeg,train,,,,,팬츠,,스트레이트,,,,,,,,,,스트레이트핏,,,,
images/87747863_2.jpeg,train,,,,,팬츠,하렘 팬츠,,,,,,,,,,,,,,,
images/87752955_1.jpeg,train,,,,,팬츠,,팔라초,,,,,,,,,,와이드핏,,,,
images/87773734_0.jpeg,train,,,,,청바지,청바지,플레어,,,,,,,,,,플레어핏,,,데님,
images/87776108_0.jpeg,train,,,,,팬츠,,와이드,,,,,,,,,,와이드핏,,,,
images/87782593_0.jpeg,train,,,,,팬츠,조거·스웨트팬츠,스트레이트,,,,,,,,,,스트레이트핏,,,,
images/87783238_0.jpeg,train,,,,,청바지,청바지,스키니,,,,,,,,,,슬림핏,,,데님,
images/87785884_0.jpeg,train,,,,,팬츠,치노 팬츠,스트레이트,,,,,,,,,,스트레이트핏,,,,
images/87787774_0.jpeg,train,,,,,팬츠,,부츠컷,,,,,,,,,,플레어핏,,,,
images/87788261_0.jpeg,train,,,,,팬츠,레깅스,,카프리·7부,,,,,미디·7부 기장,,,,,,,,
images/87807612_0.jpeg,val,,,,,청바지,청바지,플레어,,,,,,,,,,플레어핏,,,데님,
images/87807744_2.jpeg,val,,,,,팬츠,,팔라초,,,,,,,,,,와이드핏,,,,
images/87814283_0.jpeg,train,,,,,팬츠,,테이퍼드,,,,,,,,,,테이퍼드핏,,,,
images/87814688_0.jpeg,train,,,,,팬츠,,페그,,,,,,,,,,테이퍼드핏,,,,
images/87819048_1.jpeg,train,,,,,팬츠,,테이퍼드,,,,,,,,,,테이퍼드핏,,,,
images/87820791_1.jpeg,train,,,,,팬츠,,와이드,,,,,,,,,,와이드핏,,,,
images/87823302_0.jpeg,train,,,,,청바지,청바지,스키니,,,,,,,,,,슬림핏,,,데님,
images/87829649_0.jpeg,val,,,,,팬츠,레깅스,,,,,,,,,,,,,,,
images/87834948_0.jpeg,train,,,,,팬츠,하렘 팬츠,부츠컷,,,,,,,,,,플레어핏,,,,
images/87841768_0.jpeg,train,,,,,팬츠,,스트레이트,,,,,,,,,,스트레이트핏,,,,
images/87842973_1.jpeg,val,,,,,팬츠,,스트레이트,,,,,,,,,,스트레이트핏,,,,
images/87843531_0.jpeg,train,,,,,팬츠,카고 팬츠,스키니,,카고 포켓,,,,,,,,슬림핏,,,,
images/87846449_0.jpeg,train,,,,,팬츠,,와이드,,,,,,,,,,와이드핏,,,,
images/87848843_0.jpeg,train,,,,,팬츠,치노 팬츠,스트레이트,,,,,,,,,,스트레이트핏,,,,
images/87849538_0.jpeg,val,,,,,팬츠,,스트레이트,,,,,,,,,,스트레이트핏,,,,
images/87850417_0.jpeg,val,,,,,팬츠,하렘 팬츠,,,,,,,,,,,,,,,
images/87852796_0.jpeg,train,,,,,팬츠,,와이드,,플리츠·턱,,,,,,,,와이드핏,,,,
images/87854414_0.jpeg,train,,,,,팬츠,,스키니,,,,,,,,,,슬림핏,,,,
images/87855445_0.jpeg,train,,,,,팬츠,,스트레이트,,,,,,,,,,스트레이트핏,,,,
images/87857861_0.jpeg,train,,,,,팬츠,,스키니,,,,,,,,,,슬림핏,,,,
images/87857899_0.jpeg,train,,,,,팬츠,레깅스,스키니,,,,,,,,,,슬림핏,,,,
images/87858051_1.jpeg,train,,,,,팬츠,,스키니,,,,,,,,,,슬림핏,,,,
images/87858101_0.jpeg,train,,,,,팬츠,,스키니,카프리·7부,,,,,미디·7부 기장,,,,슬림핏,,,,
images/87858852_0.jpeg,val,,,,,팬츠,,와이드,,드로스트링,,,,,,,,와이드핏,,,,
images/87858885_2.jpeg,train,,,,,팬츠,,팔라초,,,,,,,,,,와이드핏,,,,
images/87866825_0.jpeg,train,,,,,팬츠,치노 팬츠,스키니,,,,,,,,,,슬림핏,,,,
images/87867017_0.jpeg,train,,,,,팬츠,,부츠컷,풀렝스,,,,,롱·긴바지 기장,,,,플레어핏,,,,
images/87867066_0.jpeg,train,,,,,청바지,청바지,스트레이트,,,,,,,,,,스트레이트핏,,,데님,
images/87867511_0.jpeg,train,,,,,청바지,청바지,스트레이트,,,,,,,,,,스트레이트핏,,,데님,
images/87867574_0.jpeg,train,,,,,팬츠,,스트레이트,,,,,,,,,,스트레이트핏,,,,
images/87867922_0.jpeg,train,,,,,팬츠,하렘 팬츠,테이퍼드,,,,,,,,,,테이퍼드핏,,,,
images/87870510_0.jpeg,train,,,,,팬츠,,스키니,,,,,,,,,,슬림핏,,,,
images/87871476_0.jpeg,train,,,,,팬츠,,스키니,,,,,,,,,,슬림핏,,,,
images/87875859_0.jpeg,train,,,,,팬츠,,테이퍼드,,,,,,,,,,테이퍼드핏,,,,
images/87888903_2.jpeg,train,,,,,팬츠,,팔라초,,,,,,,,,,와이드핏,,,,
images/87890430_3.jpeg,val,,,,,팬츠,,와이드,,,,,,,,,,와이드핏,,,,
images/87902365_0.jpeg,train,,,,,팬츠,,테이퍼드,,,,,,,,,,테이퍼드핏,,,,
images/87904132_2.jpeg,train,,,,,팬츠,,스키니,,,,,,,,,,슬림핏,,,,
images/87906615_0.jpeg,train,,,,,팬츠,,스트레이트,,,,,,,,,,스트레이트핏,,,,
images/87912648_0.jpeg,train,,,,,팬츠,치노 팬츠,스트레이트,카프리·7부,,,,,미디·7부 기장,,,,스트레이트핏,,,,
images/87920983_1.jpeg,train,,,,,팬츠,하렘 팬츠,,,,,,,,,,,,,,,
images/87924654_0.jpeg,train,,,,,팬츠,,팔라초,,,,,,,,,,와이드핏,,,,
images/87926712_0.jpeg,val,,,,,팬츠,,스키니,카프리·7부,,,,,미디·7부 기장,,,,슬림핏,,,,
images/87930832_0.jpeg,train,,,,,청바지,청바지,스트레이트,,,,,,,,,,스트레이트핏,,,데님,
images/87936601_0.jpeg,train,,,,,팬츠,,와이드,,드로스트링,,,,,,,,와이드핏,,,,
images/87936749_0.jpeg,val,,,,,팬츠,하렘 팬츠,,,드로스트링,,,,,,,,,,,,
images/87937017_0.jpeg,train,,,,,팬츠,,스트레이트,,드로스트링,,,,,,,,스트레이트핏,,,,
images/87937228_0.jpeg,train,,,,,팬츠,,스트레이트,,드로스트링,,,,,,,,스트레이트핏,,,,
images/87937257_0.jpeg,train,,,,,팬츠,,스트레이트,,드로스트링,,,,,,,,스트레이트핏,,,,
images/87955360_0.jpeg,val,,,,,팬츠,치노 팬츠,스트레이트,,,,,,,,,,스트레이트핏,,,,
images/87959774_0.jpeg,train,,,,,청바지,청바지,스키니,,,,,,,,,,슬림핏,,,데님,
images/87961684_0.jpeg,train,,,,,팬츠,하렘 팬츠,,,,,,,,,,,,,,,
images/87982464_0.jpeg,train,,,,,팬츠,,스트레이트,,밑단 커프,,,,,,,,스트레이트핏,,,,
images/87986331_0.jpeg,train,,,,,팬츠,레깅스,스키니,,,,,,,,,,슬림핏,,,,
images/88002382_0.jpeg,train,,,,,팬츠,,스트레이트,,,,,,,,,,스트레이트핏,,,,
images/88014518_0.jpeg,train,,,,,팬츠,,와이드,,,,,,,,,,와이드핏,,,,
images/88014522_2.jpeg,train,,,,,팬츠,,팔라초,,,,,,,,,,와이드핏,,,,
images/88014607_3.jpeg,val,,,,,팬츠,치노 팬츠,스트레이트,,,,,,,,,,스트레이트핏,,,,
images/88014704_0.jpeg,train,,,,,팬츠,,스트레이트,,플리츠·턱,,,,,,,,스트레이트핏,,,,
images/88021160_0.jpeg,val,,,,,팬츠,하렘 팬츠,테이퍼드,,,,,,,,,,테이퍼드핏,,,,
images/88027611_0.jpeg,train,,,,,팬츠,,테이퍼드,,,,,,,,,,테이퍼드핏,,,,
images/88029162_0.jpeg,train,,,,,팬츠,치노 팬츠,스트레이트,,,,,,,,,,스트레이트핏,,,,
images/88040050_0.jpeg,train,,,,,팬츠,슬랙스,스트레이트,,,,,,,,,,스트레이트핏,,,,
images/88064198_1.jpeg,train,,,,,팬츠,카고 팬츠,스트레이트,,카고 포켓,,,,,,,,스트레이트핏,,,,
images/88064698_0.jpeg,train,,,,,팬츠,,테이퍼드,,,,,,,,,,테이퍼드핏,,,,
images/88066007_0.jpeg,val,,,,,팬츠,,플레어,,플리츠·턱,,,,,,,,플레어핏,,,,
images/88101052_1.jpeg,train,,,,,청바지,청바지,와이드,,,,,,,,,,와이드핏,,,데님,
images/88112284_1.jpeg,val,,,,,팬츠,,와이드,,플리츠·턱,,,,,,,,와이드핏,,,,
images/88112750_0.jpeg,train,,,,,팬츠,조거·스웨트팬츠,와이드,,,,,,,,,,와이드핏,,,,
images/88115073_2.jpeg,train,,,,,팬츠,세일러 팬츠,와이드,,,,,,,,,,와이드핏,,,,
images/88117225_0.jpeg,val,,,,,팬츠,,스트레이트,,,,,,,,,,스트레이트핏,,,,
images/88130814_0.jpeg,train,,,,,팬츠,,플레어,,,,,,,,,,플레어핏,,,,
images/88138460_0.jpeg,train,,,,,팬츠,,스트레이트,,,,,,,,,,스트레이트핏,,,,
images/88143867_0.jpeg,val,,,,,팬츠,,스트레이트,,,,,,,,,,스트레이트핏,,,,
images/88152821_0.jpeg,train,,,,,팬츠,치노 팬츠,,풀렝스,,,,,롱·긴바지 기장,,,,,,,,
images/88154851_2.jpeg,val,,,,,팬츠,,팔라초,,,,,,,,,,와이드핏,,,,
images/88158335_0.jpeg,train,,,,,팬츠,슬랙스,,풀렝스,,,,,롱·긴바지 기장,,,,,,,,
images/88159969_0.jpeg,train,,,,,팬츠,레깅스,스키니,,,,,,,,,,슬림핏,,,,
images/88160595_0.jpeg,val,,,,,팬츠,,와이드,,드로스트링,,,,,,,,와이드핏,,,,
images/88167327_0.jpeg,train,,,,,팬츠,,플레어,,,,,,,,,,플레어핏,,,,
images/88168212_0.jpeg,train,,,,,팬츠,,플레어,풀렝스,,,,,롱·긴바지 기장,,,,플레어핏,,,,
images/88175479_0.jpeg,train,,,,,팬츠,,와이드,,,,,,,,,,와이드핏,,,,
images/88175707_0.jpeg,train,,,,,팬츠,,팔라초,,,,,,,,,,와이드핏,,,,
images/88180047_0.jpeg,val,,,,,청바지,청바지,스키니,,,,,,,,,,슬림핏,,,데님,
images/88186325_0.jpeg,val,,,,,팬츠,카고 팬츠,스키니,,카고 포켓,,,,,,,,슬림핏,,,,
images/88193275_0.jpeg,train,,,,,팬츠,하렘 팬츠,,,,,,,,,,,,,,,
images/88199573_0.jpeg,val,,,,,팬츠,,스트레이트,,밑단 커프,,,,,,,,스트레이트핏,,,,
images/88201290_3.jpeg,train,,,,,팬츠,,플레어,풀렝스,,,,,롱·긴바지 기장,,,,플레어핏,,,,
images/88206901_0.jpeg,train,,,,,팬츠,,스트레이트,,드로스트링,,,,,,,,스트레이트핏,,,,
images/88216247_0.jpeg,train,,,,,팬츠,슬랙스,스트레이트,,,,,,,,,,스트레이트핏,,,,
images/88226778_0.jpeg,val,,,,,팬츠,슬랙스,스트레이트,,,,,,,,,,스트레이트핏,,,,
images/88227311_0.jpeg,train,,,,,팬츠,,스트레이트,,,,,,,,,,스트레이트핏,,,,
images/88227984_0.jpeg,train,,,,,팬츠,치노 팬츠,스트레이트,,,,,,,,,,스트레이트핏,,,,
images/88228009_0.jpeg,train,,,,,팬츠,치노 팬츠,스트레이트,,,,,,,,,,스트레이트핏,,,,
images/88228409_0.jpeg,train,,,,,팬츠,,스트레이트,,,,,,,,,,스트레이트핏,,,,
images/88243256_0.jpeg,train,,,,,팬츠,슬랙스,스키니,,,,,,,,,,슬림핏,,,,
images/88248027_0.jpeg,train,,,,,팬츠,슬랙스,스트레이트,,,,,,,,,,스트레이트핏,,,,
images/88259036_2.jpeg,train,,,,,팬츠,,팔라초,,,,,,,,,,와이드핏,,,,
images/88266235_0.jpeg,train,,,,,청바지,청바지,와이드,,,,,,,,,,와이드핏,,,데님,
images/88266698_0.jpeg,train,,,,,팬츠,,스키니,,드로스트링,,,,,,,,슬림핏,,,,
images/88272222_2.jpeg,train,,,,,팬츠,,,풀렝스,플리츠·턱,,,,롱·긴바지 기장,,,,,,,,
images/88272475_0.jpeg,val,,,,,팬츠,세일러 팬츠,와이드,,,,,,,,,,와이드핏,,,,
images/88273966_1.jpeg,train,,,,,팬츠,치노 팬츠,스트레이트,,,,,,,,,,스트레이트핏,,,,
images/88274268_2.jpeg,train,,,,,청바지,청바지,플레어,,,,,,,,,,플레어핏,,,데님,
images/88278876_1.jpeg,train,,,,,팬츠,,테이퍼드,,플리츠·턱,,,,,,,,테이퍼드핏,,,,
images/88279049_0.jpeg,train,,,,,팬츠,슬랙스,스트레이트,,,,,,,,,,스트레이트핏,,,,
images/88279367_2.jpeg,train,,,,,팬츠,,와이드,,플리츠·턱,,,,,,,,와이드핏,,,,
images/88279774_0.jpeg,train,,,,,팬츠,,팔라초,,,,,,,,,,와이드핏,,,,
images/88279927_0.jpeg,train,,,,,팬츠,,스트레이트,,,,,,,,,,스트레이트핏,,,,
images/88283555_1.jpeg,val,,,,,팬츠,트랙팬츠,,풀렝스,,,,,롱·긴바지 기장,,,,,,,,
images/88286728_0.jpeg,train,,,,,팬츠,하렘 팬츠,,,,,,,,,,,,,,,
images/88288278_0.jpeg,val,,,,,팬츠,,스키니,,,,,,,,,,슬림핏,,,,
images/88292880_0.jpeg,train,,,,,팬츠,,팔라초,,플리츠·턱,,,,,,,,와이드핏,,,,
images/88295842_0.jpeg,train,,,,,팬츠,,팔라초,,,,,,,,,,와이드핏,,,,
images/88297391_0.jpeg,train,,,,,팬츠,,와이드,,플리츠·턱,,,,,,,,와이드핏,,,,
images/88298290_0.jpeg,val,,,,,청바지,청바지,스키니,,,,,,,,,,슬림핏,,,데님,
images/88316441_0.jpeg,train,,,,,팬츠,트랙팬츠,와이드,,,,,,,,,,와이드핏,,,,
images/88317579_1.jpeg,train,,,,,팬츠,,와이드,,,,,,,,,,와이드핏,,,,
images/88317808_0.jpeg,train,,,,,팬츠,,팔라초,,,,,,,,,,와이드핏,,,,
images/88318579_1.jpeg,train,,,,,팬츠,,와이드,,플리츠·턱,,,,,,,,와이드핏,,,,
images/88318922_0.jpeg,train,,,,,팬츠,,팔라초,,플리츠·턱,,,,,,,,와이드핏,,,,
images/88353917_0.jpeg,val,,,,,팬츠,레깅스,,카프리·7부,,,,,미디·7부 기장,,,,,,,,
images/88369883_0.jpeg,train,,,,,팬츠,,,풀렝스,플리츠·턱,,,,롱·긴바지 기장,,,,,,,,
images/88389260_0.jpeg,train,,,,,팬츠,,와이드,,플리츠·턱,,,,,,,,와이드핏,,,,
images/88394355_0.jpeg,train,,,,,팬츠,하렘 팬츠,,,,,,,,,,,,,,,
images/88396129_0.jpeg,train,,,,,팬츠,,페그,풀렝스,,,,,롱·긴바지 기장,,,,테이퍼드핏,,,,
images/88400775_0.jpeg,val,,,,,팬츠,,와이드,,,,,,,,,,와이드핏,,,,
images/88404897_0.jpeg,train,,,,,팬츠,,부츠컷,,,,,,,,,,플레어핏,,,,
images/88406768_1.jpeg,val,,,,,팬츠,하렘 팬츠,,,,,,,,,,,,,,,
images/88412705_0.jpeg,train,,,,,팬츠,조거·스웨트팬츠,스키니,,,,,,,,,,슬림핏,,,,
images/88412866_0.jpeg,val,,,,,팬츠,하렘 팬츠,,,,,,,,,,,,,,,
images/88412981_0.jpeg,train,,,,,팬츠,조거·스웨트팬츠,,풀렝스,사이드 스트라이프,,,,롱·긴바지 기장,,,,,,,,
images/88416506_0.jpeg,train,,,,,팬츠,,와이드,,플리츠·턱,,,,,,,,와이드핏,,,,
images/88420836_0.jpeg,train,,,,,팬츠,레깅스,,카프리·7부,,,,,미디·7부 기장,,,,,,,,
images/88428378_0.jpeg,train,,,,,청바지,청바지,스트레이트,,,,,,,,,,스트레이트핏,,,데님,
images/88482743_0.jpeg,train,,,,,팬츠,하렘 팬츠,,,,,,,,,,,,,,,
images/88484473_0.jpeg,val,,,,,팬츠,,스키니,,,,,,,,,,슬림핏,,,,
images/88557602_0.jpeg,val,,,,,팬츠,하렘 팬츠,,,,,,,,,,,,,,,
images/88561751_0.jpeg,train,,,,,팬츠,,와이드,,,,,,,,,,와이드핏,,,,
images/88567991_1.jpeg,train,,,,,팬츠,,와이드,,,,,,,,,,와이드핏,,,,
images/88569793_1.jpeg,val,,,,,팬츠,,플레어,,,,,,,,,,플레어핏,,,,
images/88571725_2.jpeg,train,,,,,팬츠,슬랙스,와이드,,플리츠·턱,,,,,,,,와이드핏,,,,
images/88580242_0.jpeg,val,,,,,팬츠,,스키니,,,,,,,,,,슬림핏,,,,
images/88596171_0.jpeg,train,,,,,팬츠,레깅스,,카프리·7부,,,,,미디·7부 기장,,,,,,,,
images/88601504_0.jpeg,train,,,,,팬츠,,와이드,,,,,,,,,,와이드핏,,,,
images/88602996_1.jpeg,train,,,,,팬츠,,와이드,풀렝스,플리츠·턱,,,,롱·긴바지 기장,,,,와이드핏,,,,
images/88604998_2.jpeg,train,,,,,팬츠,,플레어,풀렝스,,,,,롱·긴바지 기장,,,,플레어핏,,,,
images/88606379_0.jpeg,val,,,,,팬츠,,스트레이트,,,,,,,,,,스트레이트핏,,,,
images/88612473_0.jpeg,val,,,,,팬츠,,플레어,,,,,,,,,,플레어핏,,,,
images/88612865_0.jpeg,train,,,,,팬츠,,플레어,,,,,,,,,,플레어핏,,,,
images/88613389_0.jpeg,train,,,,,팬츠,,플레어,풀렝스,,,,,롱·긴바지 기장,,,,플레어핏,,,,
images/88613562_0.jpeg,train,,,,,팬츠,하렘 팬츠,플레어,,,,,,,,,,플레어핏,,,,
images/88620151_0.jpeg,train,,,,,팬츠,,팔라초,,,,,,,,,,와이드핏,,,,
images/88621214_0.jpeg,train,,,,,팬츠,,,풀렝스,드로스트링,,,,롱·긴바지 기장,,,,,,,,
images/88625238_0.jpeg,val,,,,,팬츠,,와이드,,,,,,,,,,와이드핏,,,,
images/88630807_4.jpeg,train,,,,,팬츠,슬랙스,스트레이트,,,,,,,,,,스트레이트핏,,,,
images/88631801_0.jpeg,train,,,,,팬츠,하렘 팬츠,테이퍼드,,,,,,,,,,테이퍼드핏,,,,
images/88632595_0.jpeg,val,,,,,팬츠,,와이드,,드로스트링,,,,,,,,와이드핏,,,,
images/88633901_0.jpeg,train,,,,,팬츠,,와이드,,,,,,,,,,와이드핏,,,,
images/88634025_0.jpeg,train,,,,,팬츠,,스키니,카프리·7부,,,,,미디·7부 기장,,,,슬림핏,,,,
images/88635573_0.jpeg,val,,,,,청바지,청바지,와이드,,,,,,,,,,와이드핏,,,데님,
images/88646399_0.jpeg,train,,,,,팬츠,,스키니,,,,,,,,,,슬림핏,,,,
images/88647457_0.jpeg,val,,,,,팬츠,,스키니,,,,,,,,,,슬림핏,,,,
images/88652246_0.jpeg,val,,,,,팬츠,,와이드,,사이드 스트라이프,,,,,,,,와이드핏,,,,
images/88655009_0.jpeg,train,,,,,팬츠,,페그,,,,,,,,,,테이퍼드핏,,,,
images/88664167_0.jpeg,val,,,,,팬츠,,와이드,,플리츠·턱,,,,,,,,와이드핏,,,,
images/88666829_0.jpeg,val,,,,,팬츠,,와이드,,밴딩 허리,,,,,,,,와이드핏,,,,
images/88667990_1.jpeg,val,,,,,팬츠,,팔라초,풀렝스,,,,,롱·긴바지 기장,,,,와이드핏,,,,
images/88670952_0.jpeg,train,,,,,팬츠,하렘 팬츠,테이퍼드,,,,,,,,,,테이퍼드핏,,,,
images/88677167_3.jpeg,train,,,,,팬츠,,와이드,,,,,,,,,,와이드핏,,,,
images/88678411_2.jpeg,val,,,,,팬츠,하렘 팬츠,,,,,,,,,,,,,,,
images/88680203_2.jpeg,train,,,,,팬츠,하렘 팬츠,,,,,,,,,,,,,,,
images/88693596_0.jpeg,train,,,,,팬츠,카고 팬츠,,,카고 포켓,,,,,,,,,,,,
images/88699314_0.jpeg,train,,,,,팬츠,하렘 팬츠,,,,,,,,,,,,,,,
images/88703775_0.jpeg,train,,,,,팬츠,,와이드,,드로스트링,,,,,,,,와이드핏,,,,
images/88705845_2.jpeg,train,,,,,팬츠,하렘 팬츠,,,,,,,,,,,,,,,
images/88710328_0.jpeg,train,,,,,팬츠,조거·스웨트팬츠,스트레이트,,,,,,,,,,스트레이트핏,,,,
images/88711892_0.jpeg,train,,,,,팬츠,조거·스웨트팬츠,스트레이트,,,,,,,,,,스트레이트핏,,,,
images/88712016_0.jpeg,train,,,,,팬츠,조거·스웨트팬츠,스트레이트,,,,,,,,,,스트레이트핏,,,,
images/88718511_2.jpeg,train,,,,,팬츠,,와이드,,드로스트링,,,,,,,,와이드핏,,,,
images/88745525_0.jpeg,train,,,,,청바지,청바지,스키니,카프리·7부,,,,,미디·7부 기장,,,,슬림핏,,,데님,
images/88753436_0.jpeg,val,,,,,팬츠,,스트레이트,,드로스트링,,,,,,,,스트레이트핏,,,,
images/88760669_2.jpeg,train,,,,,팬츠,,플레어,,,,,,,,,,플레어핏,,,,
images/88762351_0.jpeg,train,,,,,팬츠,세일러 팬츠,스트레이트,,,,,,,,,,스트레이트핏,,,,
images/88770627_0.jpeg,val,,,,,팬츠,치노 팬츠,스트레이트,,,,,,,,,,스트레이트핏,,,,
images/88772481_1.jpeg,train,,,,,팬츠,,팔라초,,드로스트링,,,,,,,,와이드핏,,,,
images/88772574_0.jpeg,val,,,,,팬츠,,스키니,풀렝스,,,,,롱·긴바지 기장,,,,슬림핏,,,,
images/88773310_0.jpeg,train,,,,,팬츠,레깅스,,,,,,,,,,,,,,,
images/88773905_0.jpeg,train,,,,,팬츠,치노 팬츠,스키니,,,,,,,,,,슬림핏,,,,
images/88775160_0.jpeg,train,,,,,팬츠,치노 팬츠,스트레이트,,,,,,,,,,스트레이트핏,,,,
images/88779575_0.jpeg,train,,,,,팬츠,,와이드,,,,,,,,,,와이드핏,,,,
images/88783436_0.jpeg,train,,,,,팬츠,하렘 팬츠,,,드로스트링,,,,,,,,,,,,
images/88784449_0.jpeg,train,,,,,팬츠,,,풀렝스,,,,,롱·긴바지 기장,,,,,,,,
images/88786893_0.jpeg,train,,,,,팬츠,카고 팬츠,,풀렝스,카고 포켓,,,,롱·긴바지 기장,,,,,,,,
images/88809400_0.jpeg,train,,,,,팬츠,,플레어,,,,,,,,,,플레어핏,,,,
images/88809796_2.jpeg,train,,,,,팬츠,,팔라초,,,,,,,,,,와이드핏,,,,
images/88810420_0.jpeg,train,,,,,팬츠,,스트레이트,,,,,,,,,,스트레이트핏,,,,
images/88812369_0.jpeg,train,,,,,팬츠,하렘 팬츠,테이퍼드,,,,,,,,,,테이퍼드핏,,,,
images/88818284_0.jpeg,train,,,,,팬츠,,테이퍼드,,드로스트링,,,,,,,,테이퍼드핏,,,,
images/88833616_0.jpeg,train,,,,,팬츠,하렘 팬츠,,,,,,,,,,,,,,,
images/88834338_2.jpeg,val,,,,,팬츠,,팔라초,,,,,,,,,,와이드핏,,,,
images/88834532_0.jpeg,train,,,,,팬츠,하렘 팬츠,플레어,,,,,,,,,,플레어핏,,,,
images/88838700_1.jpeg,train,,,,,팬츠,,와이드,,플리츠·턱,,,,,,,,와이드핏,,,,
images/88852029_10.jpeg,train,,,,,팬츠,,팔라초,,사이드 스트라이프,,,,,,,,와이드핏,,,,
images/88855082_0.jpeg,train,,,,,팬츠,카고 팬츠,와이드,,카고 포켓,,,,,,,,와이드핏,,,,
images/88856157_0.jpeg,train,,,,,팬츠,,,풀렝스,플리츠·턱,,,,롱·긴바지 기장,,,,,,,,
images/88857521_0.jpeg,train,,,,,팬츠,하렘 팬츠,테이퍼드,,,,,,,,,,테이퍼드핏,,,,
images/88857646_0.jpeg,train,,,,,팬츠,,,풀렝스,,,,,롱·긴바지 기장,,,,,,,,
images/88868555_0.jpeg,train,,,,,청바지,청바지,플레어,풀렝스,,,,,롱·긴바지 기장,,,,플레어핏,,,데님,
images/88900213_0.jpeg,train,,,,,팬츠,하렘 팬츠,,,,,,,,,,,,,,,
images/88902965_0.jpeg,train,,,,,팬츠,,스키니,,,,,,,,,,슬림핏,,,,
images/88905875_0.jpeg,train,,,,,팬츠,,,풀렝스,,,,,롱·긴바지 기장,,,,,,,,
images/88912404_2.jpeg,train,,,,,팬츠,,와이드,,플리츠·턱,,,,,,,,와이드핏,,,,
images/88928237_0.jpeg,train,,,,,팬츠,,스트레이트,,,,,,,,,,스트레이트핏,,,,
images/88942094_0.jpeg,train,,,,,팬츠,,플레어,풀렝스,,,,,롱·긴바지 기장,,,,플레어핏,,,,
images/88946400_0.jpeg,train,,,,,팬츠,카고 팬츠,,풀렝스,카고 포켓,,,,롱·긴바지 기장,,,,,,,,
images/88949802_0.jpeg,val,,,,,팬츠,하렘 팬츠,,,드로스트링,,,,,,,,,,,,
images/88951852_0.jpeg,train,,,,,팬츠,하렘 팬츠,,,,,,,,,,,,,,,
images/88951994_0.jpeg,train,,,,,팬츠,,테이퍼드,,,,,,,,,,테이퍼드핏,,,,
images/88956940_0.jpeg,train,,,,,청바지,청바지,와이드,,,,,,,,,,와이드핏,,,데님,
images/88960791_1.jpeg,train,,,,,팬츠,,와이드,,,,,,,,,,와이드핏,,,,
images/88966847_0.jpeg,train,,,,,팬츠,,와이드,,,,,,,,,,와이드핏,,,,
images/88987293_1.jpeg,train,,,,,팬츠,,팔라초,,,,,,,,,,와이드핏,,,,
images/88992237_0.jpeg,val,,,,,팬츠,,스트레이트,,플리츠·턱,,,,,,,,스트레이트핏,,,,
images/89014943_0.jpeg,val,,,,,팬츠,,와이드,,,,,,,,,,와이드핏,,,,
images/89018105_0.jpeg,train,,,,,팬츠,카고 팬츠,스키니,,카고 포켓,,,,,,,,슬림핏,,,,
images/89036740_0.jpeg,train,,,,,팬츠,,와이드,풀렝스,,,,,롱·긴바지 기장,,,,와이드핏,,,,
images/89049171_0.jpeg,train,,,,,팬츠,트랙팬츠,,풀렝스,,,,,롱·긴바지 기장,,,,,,,,
images/89052314_0.jpeg,val,,,,,팬츠,,,풀렝스,,,,,롱·긴바지 기장,,,,,,,,
images/89069916_0.jpeg,train,,,,,팬츠,,팔라초,,,,,,,,,,와이드핏,,,,
images/89085347_0.jpeg,train,,,,,팬츠,,스트레이트,,밴딩 허리,,,,,,,,스트레이트핏,,,,
images/89088440_0.jpeg,train,,,,,팬츠,,스트레이트,,,,,,,,,,스트레이트핏,,,,
images/89089213_1.jpeg,val,,,,,팬츠,트랙팬츠,,,,,,,,,,,,,,,
images/89090181_1.jpeg,train,,,,,팬츠,하렘 팬츠,테이퍼드,,,,,,,,,,테이퍼드핏,,,,
images/89101203_0.jpeg,train,,,,,팬츠,,플레어,,플리츠·턱,,,,,,,,플레어핏,,,,
images/89103372_0.jpeg,train,,,,,팬츠,,,풀렝스,드로스트링,,,,롱·긴바지 기장,,,,,,,,
images/89109430_0.jpeg,val,,,,,팬츠,하렘 팬츠,,,,,,,,,,,,,,,
images/89116083_0.jpeg,val,,,,,팬츠,레깅스,,,,,,,,,,,,,,,
images/89129567_0.jpeg,val,,,,,팬츠,치노 팬츠,,풀렝스,,,,,롱·긴바지 기장,,,,,,,,
images/89129894_0.jpeg,train,,,,,팬츠,,스트레이트,,5포켓,,,,,,,,스트레이트핏,,,,
images/89136379_0.jpeg,val,,,,,팬츠,,스트레이트,,밴딩 허리|밑단 커프,,,,,,,,스트레이트핏,,,,
images/89142244_2.jpeg,train,,,,,팬츠,,와이드,,밴딩 허리,,,,,,,,와이드핏,,,,
images/89152703_0.jpeg,train,,,,,팬츠,하렘 팬츠,,,,,,,,,,,,,,,
images/89160368_0.jpeg,val,,,,,팬츠,레깅스,,카프리·7부,,,,,미디·7부 기장,,,,,,,,
images/89168811_0.jpeg,train,,,,,팬츠,,스트레이트,,,,,,,,,,스트레이트핏,,,,
images/89171603_1.jpeg,train,,,,,팬츠,,팔라초,,플리츠·턱,,,,,,,,와이드핏,,,,
images/89178472_0.jpeg,train,,,,,팬츠,레깅스,,카프리·7부,,,,,미디·7부 기장,,,,,,,,
images/89183569_0.jpeg,val,,,,,팬츠,,플레어,,,,,,,,,,플레어핏,,,,
images/89185484_0.jpeg,train,,,,,팬츠,,와이드,,,,,,,,,,와이드핏,,,,
images/89189401_0.jpeg,train,,,,,팬츠,,와이드,,,,,,,,,,와이드핏,,,,
images/89189505_0.jpeg,train,,,,,팬츠,하렘 팬츠,,,,,,,,,,,,,,,
images/89189915_0.jpeg,train,,,,,팬츠,하렘 팬츠,,,,,,,,,,,,,,,
images/89198134_0.jpeg,train,,,,,팬츠,,테이퍼드,,,,,,,,,,테이퍼드핏,,,,
images/89199192_0.jpeg,train,,,,,팬츠,,팔라초,,,,,,,,,,와이드핏,,,,
images/89203754_0.jpeg,train,,,,,팬츠,,스키니,,,,,,,,,,슬림핏,,,,
images/89208141_1.jpeg,train,,,,,팬츠,하렘 팬츠,,풀렝스,,,,,롱·긴바지 기장,,,,,,,,
images/89213141_0.jpeg,val,,,,,팬츠,조거·스웨트팬츠,와이드,,,,,,,,,,와이드핏,,,,
images/89214285_0.jpeg,train,,,,,팬츠,,,풀렝스,,,,,롱·긴바지 기장,,,,,,,,
images/89225437_2.jpeg,train,,,,,팬츠,,팔라초,,,,,,,,,,와이드핏,,,,
images/89239553_0.jpeg,val,,,,,팬츠,카고 팬츠,와이드,,카고 포켓,,,,,,,,와이드핏,,,,
images/89241487_0.jpeg,train,,,,,팬츠,,팔라초,,,,,,,,,,와이드핏,,,,
images/89252183_1.jpeg,train,,,,,팬츠,,와이드,,,,,,,,,,와이드핏,,,,
images/89253155_2.jpeg,val,,,,,팬츠,,페그,,,,,,,,,,테이퍼드핏,,,,
images/89257685_0.jpeg,train,,,,,팬츠,,스키니,풀렝스,,,,,롱·긴바지 기장,,,,슬림핏,,,,
images/89258535_0.jpeg,train,,,,,팬츠,레깅스,,,,,,,,,,,,,,,
images/89263457_0.jpeg,val,,,,,팬츠,,스키니,,,,,,,,,,슬림핏,,,,
images/89292159_1.jpeg,val,,,,,팬츠,,스트레이트,,,,,,,,,,스트레이트핏,,,,
images/89293164_0.jpeg,train,,,,,팬츠,조거·스웨트팬츠,,풀렝스,,,,,롱·긴바지 기장,,,,,,,,
images/89295855_1.jpeg,train,,,,,팬츠,치노 팬츠,스트레이트,,,,,,,,,,스트레이트핏,,,,
images/89297930_0.jpeg,train,,,,,팬츠,하렘 팬츠,페그,,,,,,,,,,테이퍼드핏,,,,
images/89299119_0.jpeg,train,,,,,팬츠,슬랙스,스트레이트,,,,,,,,,,스트레이트핏,,,,
images/89303613_0.jpeg,train,,,,,팬츠,카고 팬츠,,풀렝스,카고 포켓,,,,롱·긴바지 기장,,,,,,,,
images/89303863_0.jpeg,train,,,,,팬츠,치노 팬츠,와이드,,,,,,,,,,와이드핏,,,,
images/89313998_0.jpeg,train,,,,,팬츠,,페그,,,,,,,,,,테이퍼드핏,,,,
images/89316752_0.jpeg,train,,,,,팬츠,하렘 팬츠,,,,,,,,,,,,,,,
images/89324494_1.jpeg,train,,,,,팬츠,,와이드,,플리츠·턱,,,,,,,,와이드핏,,,,
images/89325794_0.jpeg,val,,,,,팬츠,,스트레이트,,드로스트링,,,,,,,,스트레이트핏,,,,
images/89325900_0.jpeg,train,,,,,팬츠,,플레어,,,,,,,,,,플레어핏,,,,
images/89327227_0.jpeg,train,,,,,팬츠,,,풀렝스,스터럽,,,,롱·긴바지 기장,,,,,,,,
images/89327230_0.jpeg,val,,,,,팬츠,,플레어,,,,,,,,,,플레어핏,,,,
images/89327646_0.jpeg,train,,,,,팬츠,,팔라초,,,,,,,,,,와이드핏,,,,
images/89328811_0.jpeg,val,,,,,팬츠,,테이퍼드,,,,,,,,,,테이퍼드핏,,,,
images/89335792_0.jpeg,train,,,,,팬츠,카고 팬츠,스트레이트,,카고 포켓,,,,,,,,스트레이트핏,,,,
images/89338117_0.jpeg,val,,,,,팬츠,,스키니,,,,,,,,,,슬림핏,,,,
images/89344459_0.jpeg,train,,,,,팬츠,트랙팬츠,스트레이트,,,,,,,,,,스트레이트핏,,,,
images/89347549_2.jpeg,train,,,,,팬츠,,와이드,,플리츠·턱,,,,,,,,와이드핏,,,,
images/89348277_1.jpeg,train,,,,,팬츠,,스키니,,,,,,,,,,슬림핏,,,,
images/89352145_0.jpeg,train,,,,,팬츠,카고 팬츠,스키니,,카고 포켓,,,,,,,,슬림핏,,,,
images/89353047_0.jpeg,train,,,,,청바지,청바지,스키니,,,,,,,,,,슬림핏,,,데님,
images/89355501_0.jpeg,train,,,,,팬츠,,,풀렝스,,,,,롱·긴바지 기장,,,,,,,,
images/89360257_0.jpeg,train,,,,,팬츠,조거·스웨트팬츠,,풀렝스,,,,,롱·긴바지 기장,,,,,,,,
images/89370965_0.jpeg,train,,,,,팬츠,,스트레이트,,플리츠·턱,,,,,,,,스트레이트핏,,,,
images/89372329_0.jpeg,train,,,,,팬츠,하렘 팬츠,,,,,,,,,,,,,,,
images/89387561_0.jpeg,train,,,,,팬츠,하렘 팬츠,,,,,,,,,,,,,,,
images/89389810_0.jpeg,train,,,,,팬츠,,,풀렝스,드로스트링,,,,롱·긴바지 기장,,,,,,,,
images/89393068_0.jpeg,train,,,,,팬츠,슬랙스,스키니,,,,,,,,,,슬림핏,,,,
images/89397345_0.jpeg,train,,,,,팬츠,하렘 팬츠,,,,,,,,,,,,,,,
images/89398388_0.jpeg,train,,,,,팬츠,하렘 팬츠,,,,,,,,,,,,,,,
images/89399580_0.jpeg,train,,,,,팬츠,,스키니,,,,,,,,,,슬림핏,,,,
images/89400148_0.jpeg,train,,,,,팬츠,,,풀렝스,,,,,롱·긴바지 기장,,,,,,,,
images/89401688_0.jpeg,train,,,,,팬츠,,플레어,,,,,,,,,,플레어핏,,,,
images/89411043_3.jpeg,val,,,,,팬츠,,스트레이트,,,,,,,,,,스트레이트핏,,,,
images/89429470_0.jpeg,train,,,,,팬츠,하렘 팬츠,,,,,,,,,,,,,,,
images/89431209_2.jpeg,train,,,,,팬츠,,팔라초,,,,,,,,,,와이드핏,,,,
images/89442334_0.jpeg,train,,,,,팬츠,슬랙스,와이드,,,,,,,,,,와이드핏,,,,
images/89443109_2.jpeg,val,,,,,팬츠,하렘 팬츠,,,플리츠·턱,,,,,,,,,,,,
images/89452372_0.jpeg,train,,,,,팬츠,,플레어,,,,,,,,,,플레어핏,,,,
images/89453175_0.jpeg,train,,,,,팬츠,,,풀렝스,,,,,롱·긴바지 기장,,,,,,,,
images/89455230_0.jpeg,train,,,,,팬츠,하렘 팬츠,와이드,,,,,,,,,,와이드핏,,,,
images/89456643_1.jpeg,val,,,,,팬츠,,와이드,,플리츠·턱,,,,,,,,와이드핏,,,,
images/89456787_0.jpeg,train,,,,,팬츠,,스트레이트,,,,,,,,,,스트레이트핏,,,,
images/89456916_0.jpeg,train,,,,,팬츠,,,풀렝스,,,,,롱·긴바지 기장,,,,,,,,
images/89457478_0.jpeg,val,,,,,팬츠,,스트레이트,,,,,,,,,,스트레이트핏,,,,
images/89458783_0.jpeg,train,,,,,팬츠,,와이드,,,,,,,,,,와이드핏,,,,
images/89460890_0.jpeg,train,,,,,팬츠,,스키니,,플리츠·턱,,,,,,,,슬림핏,,,,
images/89463921_1.jpeg,train,,,,,팬츠,,팔라초,,,,,,,,,,와이드핏,,,,
images/89467189_0.jpeg,train,,,,,팬츠,,스트레이트,,드로스트링,,,,,,,,스트레이트핏,,,,
images/89470617_1.jpeg,train,,,,,팬츠,,스트레이트,,드로스트링,,,,,,,,스트레이트핏,,,,
images/89473230_0.jpeg,train,,,,,팬츠,,스키니,,,,,,,,,,슬림핏,,,,
images/89474192_0.jpeg,train,,,,,팬츠,,,풀렝스,,,,,롱·긴바지 기장,,,,,,,,
images/89480127_0.jpeg,train,,,,,팬츠,하렘 팬츠,,,,,,,,,,,,,,,
images/89484947_1.jpeg,train,,,,,팬츠,,플레어,,,,,,,,,,플레어핏,,,,
images/89495728_0.jpeg,train,,,,,팬츠,레깅스,,카프리·7부,,,,,미디·7부 기장,,,,,,,,
images/89498284_0.jpeg,train,,,,,팬츠,,스트레이트,,,,,,,,,,스트레이트핏,,,,
images/89520870_0.jpeg,val,,,,,팬츠,,,풀렝스,,,,,롱·긴바지 기장,,,,,,,,
images/89521886_0.jpeg,train,,,,,팬츠,,와이드,,드로스트링,,,,,,,,와이드핏,,,,
images/89523241_0.jpeg,train,,,,,팬츠,,스키니,,플리츠·턱,,,,,,,,슬림핏,,,,
images/89523354_0.jpeg,train,,,,,팬츠,,,풀렝스,드로스트링,,,,롱·긴바지 기장,,,,,,,,
images/89523910_0.jpeg,train,,,,,청바지,청바지,스트레이트,,,,,,,,,,스트레이트핏,,,데님,
images/89524161_3.jpeg,train,,,,,팬츠,,팔라초,,,,,,,,,,와이드핏,,,,
images/89524649_0.jpeg,train,,,,,팬츠,,,풀렝스,밑단 커프,,,,롱·긴바지 기장,,,,,,,,
images/89525157_0.jpeg,val,,,,,팬츠,,와이드,,플리츠·턱,,,,,,,,와이드핏,,,,
images/89525377_0.jpeg,train,,,,,팬츠,,페그,풀렝스,,,,,롱·긴바지 기장,,,,테이퍼드핏,,,,
images/89526696_0.jpeg,train,,,,,청바지,청바지,스키니,,,,,,,,,,슬림핏,,,데님,
images/89533414_0.jpeg,val,,,,,팬츠,,테이퍼드,,,,,,,,,,테이퍼드핏,,,,
images/89534020_0.jpeg,val,,,,,팬츠,,와이드,,드로스트링,,,,,,,,와이드핏,,,,
images/89541258_0.jpeg,val,,,,,팬츠,,페그,,,,,,,,,,테이퍼드핏,,,,
images/89541278_0.jpeg,train,,,,,팬츠,,스키니,,,,,,,,,,슬림핏,,,,
images/89542326_0.jpeg,train,,,,,팬츠,,스트레이트,,플리츠·턱,,,,,,,,스트레이트핏,,,,
images/89550214_0.jpeg,train,,,,,팬츠,레깅스,,카프리·7부,,,,,미디·7부 기장,,,,,,,,
images/89550582_0.jpeg,train,,,,,팬츠,,팔라초,,,,,,,,,,와이드핏,,,,
images/89554360_0.jpeg,train,,,,,팬츠,,와이드,,,,,,,,,,와이드핏,,,,
images/89554397_0.jpeg,train,,,,,팬츠,,와이드,,,,,,,,,,와이드핏,,,,
images/89555431_0.jpeg,val,,,,,팬츠,하렘 팬츠,,,플리츠·턱,,,,,,,,,,,,
images/89558829_0.jpeg,train,,,,,팬츠,,스트레이트,,,,,,,,,,스트레이트핏,,,,
images/89560852_0.jpeg,train,,,,,팬츠,하렘 팬츠,,,,,,,,,,,,,,,
images/89561048_0.jpeg,train,,,,,팬츠,카고 팬츠,,풀렝스,카고 포켓,,,,롱·긴바지 기장,,,,,,,,
images/89563002_0.jpeg,train,,,,,팬츠,카고 팬츠,스키니,,카고 포켓,,,,,,,,슬림핏,,,,
images/89567399_0.jpeg,train,,,,,팬츠,,스키니,,,,,,,,,,슬림핏,,,,
images/89567948_0.jpeg,train,,,,,팬츠,,페그,,,,,,,,,,테이퍼드핏,,,,
images/89568914_0.jpeg,train,,,,,팬츠,,스키니,카프리·7부,,,,,미디·7부 기장,,,,슬림핏,,,,
images/89572555_1.jpeg,train,,,,,팬츠,,와이드,,플리츠·턱,,,,,,,,와이드핏,,,,
images/89578494_0.jpeg,train,,,,,팬츠,조거·스웨트팬츠,스키니,,,,,,,,,,슬림핏,,,,
images/89582635_0.jpeg,train,,,,,팬츠,하렘 팬츠,,,,,,,,,,,,,,,
images/89583685_0.jpeg,train,,,,,팬츠,,와이드,,플리츠·턱,,,,,,,,와이드핏,,,,
images/89591800_0.jpeg,train,,,,,팬츠,조거·스웨트팬츠,,풀렝스,,,,,롱·긴바지 기장,,,,,,,,
images/89594169_1.jpeg,val,,,,,팬츠,,팔라초,,,,,,,,,,와이드핏,,,,
images/89596138_0.jpeg,train,,,,,팬츠,,와이드,,밑단 커프,,,,,,,,와이드핏,,,,
images/89597211_1.jpeg,val,,,,,팬츠,,팔라초,,,,,,,,,,와이드핏,,,,
images/89598701_0.jpeg,train,,,,,팬츠,,플레어,,,,,,,,,,플레어핏,,,,
images/89602232_0.jpeg,val,,,,,팬츠,트랙팬츠,,풀렝스,,,,,롱·긴바지 기장,,,,,,,,
images/89605602_0.jpeg,train,,,,,팬츠,슬랙스,스키니,,,,,,,,,,슬림핏,,,,
images/89606145_0.jpeg,val,,,,,팬츠,,와이드,,플리츠·턱,,,,,,,,와이드핏,,,,
images/89606779_0.jpeg,train,,,,,팬츠,,플레어,풀렝스,,,,,롱·긴바지 기장,,,,플레어핏,,,,
images/89606835_0.jpeg,train,,,,,팬츠,조거·스웨트팬츠,,풀렝스,,,,,롱·긴바지 기장,,,,,,,,
images/89607893_0.jpeg,train,,,,,팬츠,,와이드,,플리츠·턱,,,,,,,,와이드핏,,,,
images/89607988_0.jpeg,train,,,,,팬츠,하렘 팬츠,,,,,,,,,,,,,,,
images/89608202_0.jpeg,train,,,,,팬츠,,테이퍼드,,,,,,,,,,테이퍼드핏,,,,
images/89609216_0.jpeg,train,,,,,팬츠,,,풀렝스,플리츠·턱,,,,롱·긴바지 기장,,,,,,,,
images/89609264_0.jpeg,val,,,,,팬츠,하렘 팬츠,,,,,,,,,,,,,,,
images/89609394_0.jpeg,train,,,,,팬츠,레깅스,,,,,,,,,,,,,,,
images/89609909_0.jpeg,train,,,,,팬츠,,스키니,,,,,,,,,,슬림핏,,,,
images/89610157_0.jpeg,train,,,,,팬츠,,플레어,,,,,,,,,,플레어핏,,,,
images/89610449_0.jpeg,train,,,,,팬츠,,팔라초,,,,,,,,,,와이드핏,,,,
images/89610935_0.jpeg,train,,,,,팬츠,,와이드,풀렝스,,,,,롱·긴바지 기장,,,,와이드핏,,,,
images/89612088_0.jpeg,val,,,,,팬츠,,스키니,,,,,,,,,,슬림핏,,,,
images/89613014_0.jpeg,train,,,,,팬츠,조거·스웨트팬츠,,풀렝스,,,,,롱·긴바지 기장,,,,,,,,
images/89613113_0.jpeg,train,,,,,팬츠,,스키니,,,,,,,,,,슬림핏,,,,
images/89613319_0.jpeg,train,,,,,팬츠,,테이퍼드,풀렝스,,,,,롱·긴바지 기장,,,,테이퍼드핏,,,,
images/89613394_0.jpeg,val,,,,,팬츠,레깅스,스키니,,,,,,,,,,슬림핏,,,,
images/89614148_0.jpeg,train,,,,,팬츠,슬랙스,와이드,,,,,,,,,,와이드핏,,,,
images/89614229_0.jpeg,val,,,,,팬츠,치노 팬츠,,풀렝스,,,,,롱·긴바지 기장,,,,,,,,
images/89614936_0.jpeg,train,,,,,팬츠,,스키니,,,,,,,,,,슬림핏,,,,
images/89615158_0.jpeg,val,,,,,팬츠,조거·스웨트팬츠,,,,,,,,,,,,,,,
images/89615223_0.jpeg,val,,,,,팬츠,,플레어,풀렝스,,,,,롱·긴바지 기장,,,,플레어핏,,,,
images/89615694_0.jpeg,train,,,,,팬츠,하렘 팬츠,,,,,,,,,,,,,,,
images/89615695_0.jpeg,train,,,,,팬츠,조거·스웨트팬츠,,,,,,,,,,,,,,,
images/89615789_0.jpeg,val,,,,,팬츠,,와이드,,플리츠·턱,,,,,,,,와이드핏,,,,
images/89616035_0.jpeg,train,,,,,팬츠,조거·스웨트팬츠,와이드,,,,,,,,,,와이드핏,,,,
images/89616483_0.jpeg,val,,,,,팬츠,조거·스웨트팬츠,,,,,,,,,,,,,,,
images/89616598_0.jpeg,train,,,,,팬츠,하렘 팬츠,,,,,,,,,,,,,,,
images/89617040_0.jpeg,val,,,,,팬츠,,와이드,,,,,,,,,,와이드핏,,,,
images/89617694_0.jpeg,train,,,,,팬츠,하렘 팬츠,,,,,,,,,,,,,,,
images/89617814_0.jpeg,train,,,,,팬츠,,와이드,,,,,,,,,,와이드핏,,,,
images/89617864_1.jpeg,train,,,,,팬츠,,와이드,,플리츠·턱,,,,,,,,와이드핏,,,,
images/89618047_0.jpeg,val,,,,,팬츠,조거·스웨트팬츠,,,,,,,,,,,,,,,
images/89618285_0.jpeg,train,,,,,팬츠,조거·스웨트팬츠,,풀렝스,,,,,롱·긴바지 기장,,,,,,,,
images/89618480_0.jpeg,train,,,,,팬츠,슬랙스,와이드,,,,,,,,,,와이드핏,,,,
images/89618784_0.jpeg,train,,,,,팬츠,조거·스웨트팬츠,,,,,,,,,,,,,,,
images/89618790_0.jpeg,train,,,,,팬츠,,스키니,,,,,,,,,,슬림핏,,,,
images/89618810_0.jpeg,val,,,,,팬츠,슬랙스,와이드,,,,,,,,,,와이드핏,,,,
images/89619199_0.jpeg,train,,,,,팬츠,조거·스웨트팬츠,스트레이트,,,,,,,,,,스트레이트핏,,,,
images/89619419_1.jpeg,train,,,,,팬츠,,와이드,,플리츠·턱,,,,,,,,와이드핏,,,,
images/89619462_0.jpeg,val,,,,,팬츠,조거·스웨트팬츠,,풀렝스,,,,,롱·긴바지 기장,,,,,,,,
images/89619705_0.jpeg,val,,,,,팬츠,하렘 팬츠,,,,,,,,,,,,,,,
images/89619715_0.jpeg,val,,,,,팬츠,,테이퍼드,풀렝스,,,,,롱·긴바지 기장,,,,테이퍼드핏,,,,
images/89620204_0.jpeg,train,,,,,팬츠,조거·스웨트팬츠,스트레이트,,,,,,,,,,스트레이트핏,,,,
images/89620602_0.jpeg,val,,,,,팬츠,,스키니,,,,,,,,,,슬림핏,,,,
images/89621400_0.jpeg,train,,,,,팬츠,레깅스,,,,,,,,,,,,,,,
images/89622170_0.jpeg,train,,,,,팬츠,조거·스웨트팬츠,스키니,,,,,,,,,,슬림핏,,,,
images/89622469_0.jpeg,train,,,,,팬츠,하렘 팬츠,,,,,,,,,,,,,,,
images/89623023_0.jpeg,train,,,,,팬츠,,스키니,,,,,,,,,,슬림핏,,,,
images/89625183_2.jpeg,val,,,,,팬츠,,팔라초,,,,,,,,,,와이드핏,,,,
images/89628399_0.jpeg,train,,,,,팬츠,조거·스웨트팬츠,,,,,,,,,,,,,,,
images/89628417_0.jpeg,val,,,,,팬츠,,스키니,,,,,,,,,,슬림핏,,,,
images/89630891_0.jpeg,train,,,,,팬츠,,와이드,,,,,,,,,,와이드핏,,,,
images/89634718_1.jpeg,train,,,,,팬츠,,와이드,,,,,,,,,,와이드핏,,,,
images/89635254_0.jpeg,train,,,,,팬츠,카고 팬츠,스키니,,카고 포켓,,,,,,,,슬림핏,,,,
images/89641134_0.jpeg,val,,,,,팬츠,,스키니,,,,,,,,,,슬림핏,,,,
images/89641478_0.jpeg,train,,,,,팬츠,조거·스웨트팬츠,스키니,,,,,,,,,,슬림핏,,,,
images/89642195_0.jpeg,train,,,,,팬츠,슬랙스,스트레이트,,,,,,,,,,스트레이트핏,,,,
images/89642278_1.jpeg,train,,,,,팬츠,,팔라초,,,,,,,,,,와이드핏,,,,
images/89642714_0.jpeg,train,,,,,팬츠,,테이퍼드,,,,,,,,,,테이퍼드핏,,,,
images/89642846_0.jpeg,train,,,,,팬츠,,팔라초,,,,,,,,,,와이드핏,,,,
images/89643486_0.jpeg,train,,,,,팬츠,슬랙스,,풀렝스,,,,,롱·긴바지 기장,,,,,,,,
images/89643551_0.jpeg,train,,,,,팬츠,,스트레이트,,,,,,,,,,스트레이트핏,,,,
images/89646477_0.jpeg,train,,,,,팬츠,,와이드,,,,,,,,,,와이드핏,,,,
images/89649446_0.jpeg,train,,,,,팬츠,카고 팬츠,스트레이트,,카고 포켓,,,,,,,,스트레이트핏,,,,
images/89651688_2.jpeg,train,,,,,팬츠,,스트레이트,,,,,,,,,,스트레이트핏,,,,
images/89652155_0.jpeg,train,,,,,팬츠,카고 팬츠,스키니,,카고 포켓,,,,,,,,슬림핏,,,,
images/89657564_0.jpeg,train,,,,,팬츠,조거·스웨트팬츠,테이퍼드,풀렝스,,,,,롱·긴바지 기장,,,,테이퍼드핏,,,,
images/89661244_0.jpeg,train,,,,,팬츠,,와이드,풀렝스,,,,,롱·긴바지 기장,,,,와이드핏,,,,
images/89661363_0.jpeg,train,,,,,팬츠,조거·스웨트팬츠,,,,,,,,,,,,,,,
images/89662222_0.jpeg,train,,,,,팬츠,레깅스,,,,,,,,,,,,,,,
images/89662498_0.jpeg,train,,,,,팬츠,,와이드,,,,,,,,,,와이드핏,,,,
images/89662986_0.jpeg,val,,,,,팬츠,,스키니,,,,,,,,,,슬림핏,,,,
images/89667408_0.jpeg,train,,,,,팬츠,,플레어,,,,,,,,,,플레어핏,,,,
images/89667986_1.jpeg,train,,,,,팬츠,,스키니,,,,,,,,,,슬림핏,,,,
images/89668180_0.jpeg,train,,,,,팬츠,,와이드,풀렝스,,,,,롱·긴바지 기장,,,,와이드핏,,,,
images/89669060_0.jpeg,train,,,,,팬츠,,팔라초,,,,,,,,,,와이드핏,,,,
images/89670147_0.jpeg,val,,,,,팬츠,,와이드,,플리츠·턱,,,,,,,,와이드핏,,,,
images/89680465_0.jpeg,train,,,,,팬츠,레깅스,,카프리·7부,,,,,미디·7부 기장,,,,,,,,
images/89680975_0.jpeg,val,,,,,팬츠,,스키니,,밑단 커프,,,,,,,,슬림핏,,,,
images/89684307_0.jpeg,train,,,,,팬츠,,스키니,,5포켓,,,,,,,,슬림핏,,,,
images/89686189_1.jpeg,val,,,,,팬츠,하렘 팬츠,,,,,,,,,,,,,,,
images/89686387_0.jpeg,train,,,,,팬츠,,와이드,,,,,,,,,,와이드핏,,,,
images/89686632_0.jpeg,train,,,,,팬츠,레깅스,스키니,카프리·7부,,,,,미디·7부 기장,,,,슬림핏,,,,
images/89686638_0.jpeg,train,,,,,팬츠,,플레어,,,,,,,,,,플레어핏,,,,
images/89687241_0.jpeg,train,,,,,팬츠,슬랙스,스트레이트,,,,,,,,,,스트레이트핏,,,,
images/89689266_0.jpeg,train,,,,,팬츠,하렘 팬츠,,,,,,,,,,,,,,,
images/89689535_0.jpeg,train,,,,,팬츠,,와이드,,,,,,,,,,와이드핏,,,,
images/89691423_0.jpeg,train,,,,,팬츠,,테이퍼드,,,,,,,,,,테이퍼드핏,,,,
images/89695904_0.jpeg,train,,,,,팬츠,,,풀렝스,,,,,롱·긴바지 기장,,,,,,,,
images/89698679_0.jpeg,val,,,,,팬츠,,,풀렝스,,,,,롱·긴바지 기장,,,,,,,,
images/89703244_0.jpeg,val,,,,,팬츠,하렘 팬츠,스트레이트,,,,,,,,,,스트레이트핏,,,,
images/89706398_1.jpeg,train,,,,,팬츠,,팔라초,,플리츠·턱,,,,,,,,와이드핏,,,,
images/89715875_0.jpeg,train,,,,,팬츠,,,풀렝스,,,,,롱·긴바지 기장,,,,,,,,
images/89716090_0.jpeg,train,,,,,팬츠,레깅스,,카프리·7부,,,,,미디·7부 기장,,,,,,,,
images/89717463_0.jpeg,train,,,,,팬츠,하렘 팬츠,,,,,,,,,,,,,,,
images/89722756_2.jpeg,train,,,,,팬츠,,와이드,,,,,,,,,,와이드핏,,,,
images/89725168_0.jpeg,train,,,,,팬츠,,스키니,,밴딩 허리,,,,,,,,슬림핏,,,,
images/89726980_0.jpeg,train,,,,,팬츠,치노 팬츠,스트레이트,,,,,,,,,,스트레이트핏,,,,
images/89731490_1.jpeg,train,,,,,팬츠,,와이드,,플리츠·턱,,,,,,,,와이드핏,,,,
images/89732869_0.jpeg,train,,,,,팬츠,조거·스웨트팬츠,스트레이트,,,,,,,,,,스트레이트핏,,,,
images/89734261_0.jpeg,train,,,,,팬츠,,플레어,,,,,,,,,,플레어핏,,,,
images/89736161_1.jpeg,train,,,,,팬츠,하렘 팬츠,,,,,,,,,,,,,,,
images/89737488_0.jpeg,train,,,,,팬츠,하렘 팬츠,,,,,,,,,,,,,,,
images/89737808_0.jpeg,train,,,,,팬츠,,와이드,,,,,,,,,,와이드핏,,,,
images/89746955_0.jpeg,train,,,,,팬츠,,플레어,,,,,,,,,,플레어핏,,,,
images/89759945_0.jpeg,train,,,,,팬츠,,,풀렝스,,,,,롱·긴바지 기장,,,,,,,,
images/89768890_0.jpeg,train,,,,,팬츠,,,풀렝스,,,,,롱·긴바지 기장,,,,,,,,
images/89769293_0.jpeg,val,,,,,팬츠,레깅스,,,,,,,,,,,,,,,
images/89770388_0.jpeg,train,,,,,팬츠,,와이드,,,,,,,,,,와이드핏,,,,
images/89773856_0.jpeg,train,,,,,팬츠,,와이드,,플리츠·턱,,,,,,,,와이드핏,,,,
images/89777329_0.jpeg,train,,,,,팬츠,슬랙스,스트레이트,,,,,,,,,,스트레이트핏,,,,
images/89779613_0.jpeg,train,,,,,팬츠,,스트레이트,,,,,,,,,,스트레이트핏,,,,
images/89782156_0.jpeg,val,,,,,팬츠,,,풀렝스,,,,,롱·긴바지 기장,,,,,,,,
images/89784788_0.jpeg,train,,,,,팬츠,레깅스,,,,,,,,,,,,,,,
images/89785135_2.jpeg,train,,,,,팬츠,,플레어,풀렝스,,,,,롱·긴바지 기장,,,,플레어핏,,,,
images/89785559_0.jpeg,train,,,,,팬츠,,플레어,풀렝스,,,,,롱·긴바지 기장,,,,플레어핏,,,,
images/89794767_0.jpeg,train,,,,,팬츠,,스트레이트,,,,,,,,,,스트레이트핏,,,,
images/89797179_0.jpeg,train,,,,,팬츠,,와이드,,,,,,,,,,와이드핏,,,,
images/89797315_0.jpeg,train,,,,,팬츠,슬랙스,플레어,,,,,,,,,,플레어핏,,,,
images/89798533_0.jpeg,train,,,,,팬츠,하렘 팬츠,,,,,,,,,,,,,,,
images/89802664_0.jpeg,train,,,,,팬츠,,스키니,,,,,,,,,,슬림핏,,,,
images/89803122_0.jpeg,train,,,,,팬츠,,스키니,,,,,,,,,,슬림핏,,,,
images/89804424_0.jpeg,train,,,,,팬츠,,와이드,,,,,,,,,,와이드핏,,,,
images/89805323_0.jpeg,train,,,,,팬츠,,,풀렝스,,,,,롱·긴바지 기장,,,,,,,,
images/89807618_0.jpeg,train,,,,,팬츠,슬랙스,스트레이트,,,,,,,,,,스트레이트핏,,,,
images/89808321_0.jpeg,train,,,,,팬츠,레깅스,스키니,,,,,,,,,,슬림핏,,,,
images/89817423_0.jpeg,val,,,,,팬츠,하렘 팬츠,,,,,,,,,,,,,,,
images/89818247_0.jpeg,train,,,,,팬츠,,페그,풀렝스,,,,,롱·긴바지 기장,,,,테이퍼드핏,,,,
images/89823303_0.jpeg,train,,,,,팬츠,,스키니,,,,,,,,,,슬림핏,,,,
images/89826311_0.jpeg,train,,,,,팬츠,하렘 팬츠,,,,,,,,,,,,,,,
images/89830857_0.jpeg,train,,,,,팬츠,,테이퍼드,,,,,,,,,,테이퍼드핏,,,,
images/89834874_0.jpeg,val,,,,,팬츠,,테이퍼드,,,,,,,,,,테이퍼드핏,,,,
images/89834961_0.jpeg,val,,,,,팬츠,,,풀렝스,,,,,롱·긴바지 기장,,,,,,,,
images/89835584_0.jpeg,val,,,,,팬츠,하렘 팬츠,,,,,,,,,,,,,,,
images/89836990_2.jpeg,train,,,,,팬츠,레깅스,,카프리·7부,,,,,미디·7부 기장,,,,,,,,
images/89838148_0.jpeg,train,,,,,팬츠,,페그,,,,,,,,,,테이퍼드핏,,,,
images/89841857_2.jpeg,train,,,,,팬츠,,팔라초,,,,,,,,,,와이드핏,,,,
images/89846330_2.jpeg,train,,,,,팬츠,,팔라초,,,,,,,,,,와이드핏,,,,
images/89852697_0.jpeg,val,,,,,팬츠,,스트레이트,,,,,,,,,,스트레이트핏,,,,
images/89854513_0.jpeg,train,,,,,팬츠,트랙팬츠,,풀렝스,,,,,롱·긴바지 기장,,,,,,,,
images/89856493_0.jpeg,val,,,,,팬츠,,와이드,,,,,,,,,,와이드핏,,,,
images/89857589_0.jpeg,train,,,,,팬츠,,스키니,,,,,,,,,,슬림핏,,,,
images/89858140_0.jpeg,val,,,,,팬츠,,와이드,,드로스트링,,,,,,,,와이드핏,,,,
images/89859913_0.jpeg,val,,,,,팬츠,하렘 팬츠,,,플리츠·턱,,,,,,,,,,,,
images/89862183_0.jpeg,train,,,,,팬츠,,와이드,,플리츠·턱,,,,,,,,와이드핏,,,,
images/89863504_2.jpeg,val,,,,,팬츠,조거·스웨트팬츠,스트레이트,,,,,,,,,,스트레이트핏,,,,
images/89864040_1.jpeg,train,,,,,팬츠,,스트레이트,,,,,,,,,,스트레이트핏,,,,
images/89869889_0.jpeg,train,,,,,팬츠,,테이퍼드,,,,,,,,,,테이퍼드핏,,,,
images/89873398_0.jpeg,train,,,,,팬츠,요가 팬츠,,,,,,,,,,,,,,,
images/89875594_0.jpeg,train,,,,,팬츠,,와이드,,,,,,,,,,와이드핏,,,,
images/89876547_0.jpeg,train,,,,,팬츠,,와이드,,,,,,,,,,와이드핏,,,,
images/89884580_1.jpeg,val,,,,,팬츠,,스키니,,,,,,,,,,슬림핏,,,,
images/89884671_0.jpeg,train,,,,,팬츠,,와이드,,플리츠·턱,,,,,,,,와이드핏,,,,
images/89887423_0.jpeg,train,,,,,팬츠,레깅스,스키니,,,,,,,,,,슬림핏,,,,
images/89888963_1.jpeg,val,,,,,팬츠,,플레어,,,,,,,,,,플레어핏,,,,
images/89889493_0.jpeg,train,,,,,팬츠,조거·스웨트팬츠,스트레이트,,,,,,,,,,스트레이트핏,,,,
images/89889782_0.jpeg,train,,,,,팬츠,트랙팬츠,테이퍼드,,,,,,,,,,테이퍼드핏,,,,
images/89891800_0.jpeg,train,,,,,팬츠,치노 팬츠,스키니,,,,,,,,,,슬림핏,,,,
images/89892080_0.jpeg,val,,,,,팬츠,치노 팬츠,부츠컷,풀렝스,,,,,롱·긴바지 기장,,,,플레어핏,,,,
images/89893762_0.jpeg,val,,,,,팬츠,하렘 팬츠,,,,,,,,,,,,,,,
images/89895409_1.jpeg,train,,,,,팬츠,트랙팬츠,테이퍼드,,,,,,,,,,테이퍼드핏,,,,
images/89895764_0.jpeg,val,,,,,팬츠,조거·스웨트팬츠,,풀렝스,,,,,롱·긴바지 기장,,,,,,,,
images/89895996_0.jpeg,train,,,,,팬츠,트랙팬츠,,풀렝스,,,,,롱·긴바지 기장,,,,,,,,
images/89896354_0.jpeg,train,,,,,팬츠,,와이드,,,,,,,,,,와이드핏,,,,
images/89896765_0.jpeg,train,,,,,팬츠,,와이드,,사이드 스트라이프,,,,,,,,와이드핏,,,,
images/89898387_0.jpeg,train,,,,,팬츠,조거·스웨트팬츠,스키니,,,,,,,,,,슬림핏,,,,
images/89901383_0.jpeg,train,,,,,팬츠,,부츠컷,,,,,,,,,,플레어핏,,,,
images/89901480_0.jpeg,train,,,,,팬츠,,와이드,,,,,,,,,,와이드핏,,,,
images/89902477_0.jpeg,train,,,,,팬츠,,,풀렝스,,,,,롱·긴바지 기장,,,,,,,,
images/89924605_0.jpeg,train,,,,,팬츠,,스트레이트,,,,,,,,,,스트레이트핏,,,,
images/89929054_0.jpeg,train,,,,,팬츠,레깅스,,,사이드 스트라이프,,,,,,,,,,,,
images/89932893_0.jpeg,train,,,,,팬츠,조거·스웨트팬츠,스키니,,,,,,,,,,슬림핏,,,,
images/89932918_0.jpeg,train,,,,,팬츠,,와이드,,,,,,,,,,와이드핏,,,,
images/89932980_0.jpeg,train,,,,,팬츠,조거·스웨트팬츠,,풀렝스,,,,,롱·긴바지 기장,,,,,,,,
images/89933456_0.jpeg,train,,,,,팬츠,,스키니,,,,,,,,,,슬림핏,,,,
images/89934096_0.jpeg,val,,,,,팬츠,,플레어,,,,,,,,,,플레어핏,,,,
images/89935086_0.jpeg,train,,,,,팬츠,,스키니,,,,,,,,,,슬림핏,,,,
images/89935196_0.jpeg,val,,,,,팬츠,,페그,,,,,,,,,,테이퍼드핏,,,,
images/89943771_0.jpeg,train,,,,,팬츠,하렘 팬츠,,,,,,,,,,,,,,,
images/89952526_0.jpeg,train,,,,,팬츠,,테이퍼드,,,,,,,,,,테이퍼드핏,,,,
images/89954751_0.jpeg,train,,,,,팬츠,,와이드,,드로스트링,,,,,,,,와이드핏,,,,
images/89957406_0.jpeg,train,,,,,청바지,청바지,스트레이트,,,,,,,,,,스트레이트핏,,,데님,
images/89957599_1.jpeg,train,,,,,팬츠,하렘 팬츠,테이퍼드,,,,,,,,,,테이퍼드핏,,,,
images/89957824_1.jpeg,val,,,,,팬츠,하렘 팬츠,테이퍼드,,,,,,,,,,테이퍼드핏,,,,
images/89957932_0.jpeg,val,,,,,팬츠,카고 팬츠,스트레이트,,카고 포켓,,,,,,,,스트레이트핏,,,,
images/89958030_1.jpeg,train,,,,,팬츠,,와이드,,,,,,,,,,와이드핏,,,,
images/89958307_1.jpeg,train,,,,,팬츠,,스키니,,,,,,,,,,슬림핏,,,,
images/89959676_0.jpeg,train,,,,,팬츠,,테이퍼드,,,,,,,,,,테이퍼드핏,,,,
images/89959850_1.jpeg,train,,,,,팬츠,하렘 팬츠,테이퍼드,,,,,,,,,,테이퍼드핏,,,,
images/89960134_0.jpeg,train,,,,,팬츠,트랙팬츠,스키니,,,,,,,,,,슬림핏,,,,
images/89961114_3.jpeg,val,,,,,팬츠,하렘 팬츠,테이퍼드,,,,,,,,,,테이퍼드핏,,,,
images/89964802_1.jpeg,train,,,,,팬츠,,테이퍼드,,,,,,,,,,테이퍼드핏,,,,
images/89965072_0.jpeg,train,,,,,팬츠,,테이퍼드,,,,,,,,,,테이퍼드핏,,,,
images/89965851_0.jpeg,train,,,,,팬츠,,테이퍼드,,,,,,,,,,테이퍼드핏,,,,
images/89965866_1.jpeg,train,,,,,팬츠,,테이퍼드,,,,,,,,,,테이퍼드핏,,,,
images/89966468_2.jpeg,val,,,,,팬츠,,스키니,,,,,,,,,,슬림핏,,,,
images/89967835_0.jpeg,val,,,,,팬츠,슬랙스,스키니,풀렝스,,,,,롱·긴바지 기장,,,,슬림핏,,,,
images/89970148_0.jpeg,train,,,,,팬츠,조거·스웨트팬츠,,,,,,,,,,,,,,,
images/89972253_0.jpeg,val,,,,,팬츠,,부츠컷,,,,,,,,,,플레어핏,,,,
images/89976657_0.jpeg,train,,,,,팬츠,하렘 팬츠,테이퍼드,,,,,,,,,,테이퍼드핏,,,,
images/89978186_0.jpeg,train,,,,,팬츠,,,풀렝스,드로스트링,,,,롱·긴바지 기장,,,,,,,,
images/89978680_0.jpeg,val,,,,,팬츠,카고 팬츠,스트레이트,,카고 포켓,,,,,,,,스트레이트핏,,,,
images/89983469_0.jpeg,train,,,,,팬츠,,팔라초,,,,,,,,,,와이드핏,,,,
images/89988306_0.jpeg,train,,,,,팬츠,,부츠컷,풀렝스,,,,,롱·긴바지 기장,,,,플레어핏,,,,
images/90003397_0.jpeg,train,,,,,팬츠,하렘 팬츠,,,드로스트링,,,,,,,,,,,,
images/90010901_0.jpeg,train,,,,,팬츠,,스트레이트,,드로스트링,,,,,,,,스트레이트핏,,,,
images/90020445_1.jpeg,train,,,,,팬츠,치노 팬츠,스트레이트,,,,,,,,,,스트레이트핏,,,,
images/90026803_0.jpeg,train,,,,,팬츠,,플레어,,,,,,,,,,플레어핏,,,,
images/90027598_0.jpeg,train,,,,,팬츠,트랙팬츠,,풀렝스,,,,,롱·긴바지 기장,,,,,,,,
images/90027650_0.jpeg,train,,,,,팬츠,,,풀렝스,,,,,롱·긴바지 기장,,,,,,,,
images/90029391_0.jpeg,train,,,,,팬츠,하렘 팬츠,,,,,,,,,,,,,,,
images/90029465_0.jpeg,train,,,,,팬츠,,스키니,,,,,,,,,,슬림핏,,,,
images/90030118_0.jpeg,train,,,,,팬츠,,스키니,,,,,,,,,,슬림핏,,,,
images/90030802_0.jpeg,train,,,,,팬츠,,스키니,,밑단 커프,,,,,,,,슬림핏,,,,
images/90031006_0.jpeg,train,,,,,팬츠,하렘 팬츠,,,드로스트링,,,,,,,,,,,,
images/90035779_0.jpeg,val,,,,,팬츠,트랙팬츠,,풀렝스,,,,,롱·긴바지 기장,,,,,,,,
images/90040099_0.jpeg,train,,,,,팬츠,하렘 팬츠,,,,,,,,,,,,,,,
images/90041248_0.jpeg,val,,,,,팬츠,하렘 팬츠,테이퍼드,,플리츠·턱,,,,,,,,테이퍼드핏,,,,
images/90047960_0.jpeg,train,,,,,팬츠,,,풀렝스,드로스트링,,,,롱·긴바지 기장,,,,,,,,
images/90048073_0.jpeg,val,,,,,팬츠,트랙팬츠,,풀렝스,,,,,롱·긴바지 기장,,,,,,,,
images/90048301_0.jpeg,train,,,,,팬츠,슬랙스,스트레이트,,,,,,,,,,스트레이트핏,,,,
images/90050152_0.jpeg,train,,,,,팬츠,,스키니,,,,,,,,,,슬림핏,,,,
images/90050804_0.jpeg,train,,,,,팬츠,레깅스,,카프리·7부,,,,,미디·7부 기장,,,,,,,,
images/90053059_1.jpeg,train,,,,,팬츠,하렘 팬츠,,,,,,,,,,,,,,,
images/90056447_0.jpeg,train,,,,,팬츠,치노 팬츠,스키니,,,,,,,,,,슬림핏,,,,
images/90057326_1.jpeg,train,,,,,팬츠,치노 팬츠,와이드,,,,,,,,,,와이드핏,,,,
images/90059007_0.jpeg,train,,,,,청바지,청바지,스키니,,,,,,,,,,슬림핏,,,데님,
images/90063244_0.jpeg,train,,,,,팬츠,,,풀렝스,,,,,롱·긴바지 기장,,,,,,,,
images/90063552_0.jpeg,train,,,,,팬츠,,스키니,,,,,,,,,,슬림핏,,,,
images/90064769_0.jpeg,train,,,,,팬츠,,스키니,풀렝스,,,,,롱·긴바지 기장,,,,슬림핏,,,,
images/90066355_0.jpeg,train,,,,,팬츠,,부츠컷,,,,,,,,,,플레어핏,,,,
images/90066488_0.jpeg,train,,,,,팬츠,,부츠컷,,,,,,,,,,플레어핏,,,,
images/90067236_0.jpeg,val,,,,,팬츠,치노 팬츠,스키니,,,,,,,,,,슬림핏,,,,
images/90068006_0.jpeg,val,,,,,팬츠,,스키니,풀렝스,,,,,롱·긴바지 기장,,,,슬림핏,,,,
images/90068019_0.jpeg,train,,,,,팬츠,,스트레이트,,,,,,,,,,스트레이트핏,,,,
images/90070620_0.jpeg,train,,,,,팬츠,,와이드,,드로스트링,,,,,,,,와이드핏,,,,
images/90077043_0.jpeg,train,,,,,팬츠,,스키니,,,,,,,,,,슬림핏,,,,
images/90080041_0.jpeg,train,,,,,팬츠,,스트레이트,,,,,,,,,,스트레이트핏,,,,
images/90085765_0.jpeg,train,,,,,팬츠,치노 팬츠,스키니,,,,,,,,,,슬림핏,,,,
images/90103939_0.jpeg,train,,,,,팬츠,레깅스,테이퍼드,,,,,,,,,,테이퍼드핏,,,,
images/90107923_1.jpeg,train,,,,,팬츠,,팔라초,,플리츠·턱,,,,,,,,와이드핏,,,,
images/90108158_0.jpeg,val,,,,,팬츠,하렘 팬츠,테이퍼드,,,,,,,,,,테이퍼드핏,,,,
images/90109291_1.jpeg,train,,,,,팬츠,,팔라초,,플리츠·턱,,,,,,,,와이드핏,,,,
images/90114129_0.jpeg,val,,,,,팬츠,,스키니,,,,,,,,,,슬림핏,,,,
images/90116073_0.jpeg,val,,,,,팬츠,,플레어,풀렝스,,,,,롱·긴바지 기장,,,,플레어핏,,,,
images/90116923_0.jpeg,val,,,,,팬츠,,팔라초,,,,,,,,,,와이드핏,,,,
images/90120756_0.jpeg,val,,,,,팬츠,하렘 팬츠,,,플리츠·턱,,,,,,,,,,,,
images/90120781_0.jpeg,train,,,,,팬츠,하렘 팬츠,,,플리츠·턱,,,,,,,,,,,,
images/90121615_0.jpeg,train,,,,,팬츠,,와이드,,,,,,,,,,와이드핏,,,,
images/90124036_0.jpeg,val,,,,,팬츠,,와이드,,플리츠·턱,,,,,,,,와이드핏,,,,
images/90124190_1.jpeg,val,,,,,팬츠,,와이드,,,,,,,,,,와이드핏,,,,
images/90125367_0.jpeg,train,,,,,팬츠,하렘 팬츠,,,,,,,,,,,,,,,
images/90126965_0.jpeg,train,,,,,팬츠,카고 팬츠,,,카고 포켓,,,,,,,,,,,,
images/90127493_0.jpeg,train,,,,,팬츠,,와이드,,,,,,,,,,와이드핏,,,,
images/90127788_0.jpeg,val,,,,,팬츠,,와이드,,,,,,,,,,와이드핏,,,,
images/90128727_0.jpeg,train,,,,,팬츠,,스트레이트,,플리츠·턱,,,,,,,,스트레이트핏,,,,
images/90130164_0.jpeg,train,,,,,팬츠,,플레어,풀렝스,,,,,롱·긴바지 기장,,,,플레어핏,,,,
images/90131868_0.jpeg,val,,,,,팬츠,,와이드,,,,,,,,,,와이드핏,,,,
images/90133023_1.jpeg,train,,,,,팬츠,,팔라초,,,,,,,,,,와이드핏,,,,
images/90136354_0.jpeg,train,,,,,팬츠,,스키니,,,,,,,,,,슬림핏,,,,
images/90137024_1.jpeg,train,,,,,팬츠,,팔라초,,,,,,,,,,와이드핏,,,,
images/90137464_0.jpeg,train,,,,,팬츠,,스키니,,드로스트링,,,,,,,,슬림핏,,,,
images/90138785_0.jpeg,train,,,,,팬츠,,부츠컷,,,,,,,,,,플레어핏,,,,
images/90140092_0.jpeg,train,,,,,팬츠,조거·스웨트팬츠,스키니,,,,,,,,,,슬림핏,,,,
images/90140203_0.jpeg,train,,,,,팬츠,하렘 팬츠,,,,,,,,,,,,,,,
images/90144851_0.jpeg,train,,,,,팬츠,,팔라초,,,,,,,,,,와이드핏,,,,
images/90145270_0.jpeg,train,,,,,팬츠,,팔라초,,,,,,,,,,와이드핏,,,,
images/90149191_0.jpeg,train,,,,,팬츠,슬랙스,와이드,,,,,,,,,,와이드핏,,,,
images/90155180_0.jpeg,train,,,,,팬츠,,스키니,,,,,,,,,,슬림핏,,,,
images/90156729_0.jpeg,train,,,,,팬츠,카고 팬츠,와이드,,카고 포켓,,,,,,,,와이드핏,,,,
images/90156799_0.jpeg,train,,,,,팬츠,,플레어,,,,,,,,,,플레어핏,,,,
images/90157586_0.jpeg,train,,,,,팬츠,,스키니,,,,,,,,,,슬림핏,,,,
images/90163268_0.jpeg,train,,,,,팬츠,,팔라초,,,,,,,,,,와이드핏,,,,
images/90163421_0.jpeg,train,,,,,팬츠,,팔라초,,,,,,,,,,와이드핏,,,,
images/90164160_0.jpeg,train,,,,,팬츠,,플레어,,,,,,,,,,플레어핏,,,,
images/90167274_0.jpeg,train,,,,,팬츠,,,크롭·앵클,,,,,미디·7부 기장,,,,,,,,
images/90169639_0.jpeg,train,,,,,팬츠,,,크롭·앵클,,,,,미디·7부 기장,,,,,,,,
images/90170095_0.jpeg,train,,,,,팬츠,,와이드,,,,,,,,,,와이드핏,,,,
images/90170433_0.jpeg,train,,,,,팬츠,레깅스,,,,,,,,,,,,,,,
images/90171776_0.jpeg,train,,,,,팬츠,,플레어,,,,,,,,,,플레어핏,,,,
images/90172086_2.jpeg,train,,,,,팬츠,,와이드,,,,,,,,,,와이드핏,,,,
images/90172640_0.jpeg,train,,,,,팬츠,,와이드,,,,,,,,,,와이드핏,,,,
images/90176399_0.jpeg,train,,,,,팬츠,,와이드,,플리츠·턱,,,,,,,,와이드핏,,,,
images/90176751_0.jpeg,train,,,,,팬츠,,스키니,,,,,,,,,,슬림핏,,,,
images/90177871_0.jpeg,train,,,,,팬츠,카고 팬츠,플레어,,카고 포켓,,,,,,,,플레어핏,,,,
images/90178916_1.jpeg,train,,,,,팬츠,,,크롭·앵클,플리츠·턱,,,,미디·7부 기장,,,,,,,,
images/90178929_0.jpeg,train,,,,,팬츠,,와이드,,,,,,,,,,와이드핏,,,,
images/90179031_0.jpeg,train,,,,,청바지,청바지,스키니,,,,,,,,,,슬림핏,,,데님,
images/90179247_0.jpeg,val,,,,,팬츠,하렘 팬츠,,,,,,,,,,,,,,,
images/90181323_0.jpeg,train,,,,,청바지,청바지,스키니,,,,,,,,,,슬림핏,,,데님,
images/90183205_0.jpeg,train,,,,,팬츠,,팔라초,크롭·앵클,,,,,미디·7부 기장,,,,와이드핏,,,,
images/90183655_0.jpeg,train,,,,,팬츠,,플레어,,,,,,,,,,플레어핏,,,,
images/90185066_0.jpeg,train,,,,,팬츠,,팔라초,크롭·앵클,,,,,미디·7부 기장,,,,와이드핏,,,,
images/90189003_0.jpeg,val,,,,,팬츠,,스키니,,,,,,,,,,슬림핏,,,,
images/90190946_1.jpeg,train,,,,,팬츠,카고 팬츠,스트레이트,,카고 포켓,,,,,,,,스트레이트핏,,,,
images/90190956_0.jpeg,train,,,,,팬츠,,와이드,,,,,,,,,,와이드핏,,,,
images/90191295_0.jpeg,train,,,,,팬츠,슬랙스,,풀렝스,,,,,롱·긴바지 기장,,,,,,,,
images/90191613_0.jpeg,train,,,,,팬츠,,스키니,,,,,,,,,,슬림핏,,,,
images/90191671_0.jpeg,train,,,,,팬츠,,팔라초,,,,,,,,,,와이드핏,,,,
images/90193778_0.jpeg,train,,,,,팬츠,,스키니,,,,,,,,,,슬림핏,,,,
images/90193838_0.jpeg,train,,,,,팬츠,조거·스웨트팬츠,스키니,,,,,,,,,,슬림핏,,,,
images/90194243_0.jpeg,val,,,,,팬츠,세일러 팬츠,와이드,,,,,,,,,,와이드핏,,,,
images/90197475_0.jpeg,train,,,,,청바지,청바지,부츠컷,,,,,,,,,,플레어핏,,,데님,
images/90199597_0.jpeg,val,,,,,팬츠,조거·스웨트팬츠,,풀렝스,,,,,롱·긴바지 기장,,,,,,,,
images/90200414_0.jpeg,train,,,,,팬츠,레깅스,,카프리·7부,,,,,미디·7부 기장,,,,,,,,
images/90201045_0.jpeg,val,,,,,팬츠,,팔라초,,,,,,,,,,와이드핏,,,,
images/90202847_0.jpeg,train,,,,,팬츠,치노 팬츠,,크롭·앵클,,,,,미디·7부 기장,,,,,,,,
images/90205093_0.jpeg,val,,,,,팬츠,,,크롭·앵클,,,,,미디·7부 기장,,,,,,,,
images/90205814_0.jpeg,train,,,,,팬츠,,와이드,,,,,,,,,,와이드핏,,,,
images/90214676_0.jpeg,train,,,,,팬츠,,플레어,,,,,,,,,,플레어핏,,,,
images/90215531_0.jpeg,train,,,,,팬츠,,,크롭·앵클,,,,,미디·7부 기장,,,,,,,,
images/90216590_0.jpeg,val,,,,,팬츠,조거·스웨트팬츠,,,,,,,,,,,,,,,
images/90217291_0.jpeg,train,,,,,팬츠,,와이드,,,,,,,,,,와이드핏,,,,
images/90219554_0.jpeg,val,,,,,팬츠,치노 팬츠,,풀렝스,,,,,롱·긴바지 기장,,,,,,,,
images/90220331_0.jpeg,train,,,,,팬츠,레깅스,,,,,,,,,,,,,,,
images/90222220_0.jpeg,train,,,,,팬츠,,팔라초,,,,,,,,,,와이드핏,,,,
images/90222554_2.jpeg,train,,,,,팬츠,,와이드,,,,,,,,,,와이드핏,,,,
images/90222764_0.jpeg,train,,,,,팬츠,치노 팬츠,,크롭·앵클,,,,,미디·7부 기장,,,,,,,,
images/90224823_0.jpeg,train,,,,,팬츠,,와이드,,플리츠·턱,,,,,,,,와이드핏,,,,
images/90229438_0.jpeg,val,,,,,팬츠,,,크롭·앵클,,,,,미디·7부 기장,,,,,,,,
images/90229444_0.jpeg,train,,,,,팬츠,,와이드,,플리츠·턱,,,,,,,,와이드핏,,,,
images/90232675_2.jpeg,train,,,,,팬츠,,,풀렝스,,,,,롱·긴바지 기장,,,,,,,,
images/90232722_0.jpeg,train,,,,,팬츠,치노 팬츠,,크롭·앵클,,,,,미디·7부 기장,,,,,,,,
images/90235235_0.jpeg,train,,,,,팬츠,하렘 팬츠,,,,,,,,,,,,,,,
images/90235321_0.jpeg,train,,,,,팬츠,치노 팬츠,,크롭·앵클,,,,,미디·7부 기장,,,,,,,,
images/90235919_0.jpeg,train,,,,,팬츠,,,풀렝스,사이드 스트라이프,,,,롱·긴바지 기장,,,,,,,,
images/90236177_0.jpeg,train,,,,,팬츠,,플레어,,,,,,,,,,플레어핏,,,,
images/90243833_3.jpeg,train,,,,,팬츠,하렘 팬츠,,,,,,,,,,,,,,,
images/90243870_1.jpeg,train,,,,,팬츠,,팔라초,,,,,,,,,,와이드핏,,,,
images/90244120_0.jpeg,train,,,,,팬츠,,,풀렝스,드로스트링,,,,롱·긴바지 기장,,,,,,,,
images/90245388_0.jpeg,train,,,,,팬츠,,와이드,크롭·앵클,,,,,미디·7부 기장,,,,와이드핏,,,,
images/90254925_0.jpeg,train,,,,,팬츠,조거·스웨트팬츠,스키니,,,,,,,,,,슬림핏,,,,
images/90255194_0.jpeg,val,,,,,팬츠,,,크롭·앵클,,,,,미디·7부 기장,,,,,,,,
images/90255271_0.jpeg,train,,,,,팬츠,,,크롭·앵클,플리츠·턱,,,,미디·7부 기장,,,,,,,,
images/90256339_0.jpeg,train,,,,,청바지,청바지,와이드,,,,,,,,,,와이드핏,,,데님,
images/90257885_0.jpeg,val,,,,,팬츠,하렘 팬츠,와이드,,,,,,,,,,와이드핏,,,,
images/90269269_0.jpeg,val,,,,,팬츠,레깅스,스키니,,,,,,,,,,슬림핏,,,,
images/90272066_0.jpeg,train,,,,,팬츠,세일러 팬츠,와이드,,,,,,,,,,와이드핏,,,,
images/90272404_0.jpeg,train,,,,,팬츠,,플레어,크롭·앵클,,,,,미디·7부 기장,,,,플레어핏,,,,
images/90273003_0.jpeg,val,,,,,팬츠,,부츠컷,,,,,,,,,,플레어핏,,,,
images/90274066_0.jpeg,train,,,,,팬츠,,와이드,,,,,,,,,,와이드핏,,,,
images/90274429_1.jpeg,val,,,,,팬츠,,스키니,,사이드 스트라이프,,,,,,,,슬림핏,,,,
images/90276276_2.jpeg,train,,,,,팬츠,,와이드,,플리츠·턱,,,,,,,,와이드핏,,,,
images/90280886_0.jpeg,train,,,,,팬츠,조거·스웨트팬츠,,풀렝스,,,,,롱·긴바지 기장,,,,,,,,
images/90281490_0.jpeg,train,,,,,팬츠,,부츠컷,,,,,,,,,,플레어핏,,,,
images/90281600_1.jpeg,train,,,,,팬츠,카고 팬츠,,크롭·앵클,카고 포켓,,,,미디·7부 기장,,,,,,,,
images/90281708_0.jpeg,train,,,,,팬츠,,스트레이트,,,,,,,,,,스트레이트핏,,,,
images/90281921_0.jpeg,train,,,,,팬츠,카고 팬츠,스트레이트,,카고 포켓,,,,,,,,스트레이트핏,,,,
images/90282256_0.jpeg,train,,,,,팬츠,,와이드,,,,,,,,,,와이드핏,,,,
images/90282887_0.jpeg,train,,,,,팬츠,,부츠컷,풀렝스,,,,,롱·긴바지 기장,,,,플레어핏,,,,
images/90282955_0.jpeg,val,,,,,팬츠,,,카프리·7부,,,,,미디·7부 기장,,,,,,,,
images/90283473_0.jpeg,train,,,,,팬츠,카고 팬츠,,카프리·7부,카고 포켓,,,,미디·7부 기장,,,,,,,,
images/90284882_0.jpeg,train,,,,,팬츠,,와이드,크롭·앵클,플리츠·턱,,,,미디·7부 기장,,,,와이드핏,,,,
images/90285003_0.jpeg,train,,,,,팬츠,,,크롭·앵클,드로스트링,,,,미디·7부 기장,,,,,,,,
images/90285416_0.jpeg,train,,,,,팬츠,조거·스웨트팬츠,,,,,,,,,,,,,,,
images/90286680_0.jpeg,val,,,,,팬츠,,부츠컷,풀렝스,,,,,롱·긴바지 기장,,,,플레어핏,,,,
images/90287028_0.jpeg,train,,,,,팬츠,카고 팬츠,,크롭·앵클,카고 포켓,,,,미디·7부 기장,,,,,,,,
images/90287685_0.jpeg,train,,,,,팬츠,,페그,,,,,,,,,,테이퍼드핏,,,,
images/90289520_1.jpeg,train,,,,,팬츠,슬랙스,,풀렝스,,,,,롱·긴바지 기장,,,,,,,,
images/90290927_0.jpeg,train,,,,,팬츠,,,풀렝스,드로스트링,,,,롱·긴바지 기장,,,,,,,,
images/90291279_0.jpeg,train,,,,,팬츠,,플레어,,,,,,,,,,플레어핏,,,,
images/90291407_1.jpeg,val,,,,,팬츠,카고 팬츠,,크롭·앵클,카고 포켓,,,,미디·7부 기장,,,,,,,,
images/90291551_0.jpeg,train,,,,,팬츠,하렘 팬츠,페그,,,,,,,,,,테이퍼드핏,,,,
images/90292300_0.jpeg,train,,,,,팬츠,조거·스웨트팬츠,스트레이트,,,,,,,,,,스트레이트핏,,,,
images/90292735_0.jpeg,val,,,,,팬츠,,팔라초,,,,,,,,,,와이드핏,,,,
images/90294334_2.jpeg,train,,,,,팬츠,,팔라초,,,,,,,,,,와이드핏,,,,
images/90298290_0.jpeg,train,,,,,팬츠,,스트레이트,,,,,,,,,,스트레이트핏,,,,
images/90298837_1.jpeg,train,,,,,팬츠,,테이퍼드,풀렝스,,,,,롱·긴바지 기장,,,,테이퍼드핏,,,,
images/90300527_0.jpeg,val,,,,,팬츠,조거·스웨트팬츠,,크롭·앵클,,,,,미디·7부 기장,,,,,,,,
images/90300655_0.jpeg,train,,,,,팬츠,,부츠컷,,,,,,,,,,플레어핏,,,,
images/90301634_0.jpeg,train,,,,,팬츠,조거·스웨트팬츠,,풀렝스,,,,,롱·긴바지 기장,,,,,,,,
images/90304322_1.jpeg,train,,,,,팬츠,트랙팬츠,,,,,,,,,,,,,,,
images/90309417_0.jpeg,train,,,,,팬츠,,와이드,,,,,,,,,,와이드핏,,,,
images/90310566_1.jpeg,train,,,,,팬츠,,와이드,크롭·앵클,,,,,미디·7부 기장,,,,와이드핏,,,,
images/90319576_0.jpeg,train,,,,,팬츠,,,풀렝스,,,,,롱·긴바지 기장,,,,,,,,
images/90319925_0.jpeg,train,,,,,팬츠,,테이퍼드,,,,,,,,,,테이퍼드핏,,,,
images/90320753_0.jpeg,train,,,,,팬츠,,와이드,,,,,,,,,,와이드핏,,,,
images/90320934_0.jpeg,train,,,,,팬츠,슬랙스,,풀렝스,,,,,롱·긴바지 기장,,,,,,,,
images/90321357_0.jpeg,train,,,,,팬츠,,테이퍼드,크롭·앵클,,,,,미디·7부 기장,,,,테이퍼드핏,,,,
images/90322346_0.jpeg,train,,,,,팬츠,,팔라초,,플리츠·턱,,,,,,,,와이드핏,,,,
images/90323631_0.jpeg,val,,,,,팬츠,,와이드,,플리츠·턱,,,,,,,,와이드핏,,,,
images/90324432_0.jpeg,train,,,,,팬츠,,와이드,,,,,,,,,,와이드핏,,,,
images/90325468_0.jpeg,train,,,,,팬츠,하렘 팬츠,팔라초,,,,,,,,,,와이드핏,,,,
images/90325547_0.jpeg,train,,,,,팬츠,,스트레이트,,플리츠·턱,,,,,,,,스트레이트핏,,,,
images/90325910_0.jpeg,train,,,,,팬츠,,,크롭·앵클,,,,,미디·7부 기장,,,,,,,,
images/90326339_0.jpeg,train,,,,,팬츠,,부츠컷,,사이드 스트라이프,,,,,,,,플레어핏,,,,
images/90326416_0.jpeg,train,,,,,팬츠,,,풀렝스,플리츠·턱,,,,롱·긴바지 기장,,,,,,,,
images/90326628_0.jpeg,train,,,,,팬츠,,,풀렝스,,,,,롱·긴바지 기장,,,,,,,,
images/90326991_0.jpeg,train,,,,,팬츠,,,크롭·앵클,플리츠·턱,,,,미디·7부 기장,,,,,,,,
images/90327643_0.jpeg,train,,,,,팬츠,,팔라초,,사이드 스트라이프,,,,,,,,와이드핏,,,,
images/90328001_0.jpeg,train,,,,,팬츠,,부츠컷,풀렝스,,,,,롱·긴바지 기장,,,,플레어핏,,,,
images/90330143_1.jpeg,train,,,,,팬츠,,와이드,,,,,,,,,,와이드핏,,,,
images/90330488_0.jpeg,train,,,,,팬츠,하렘 팬츠,부츠컷,,,,,,,,,,플레어핏,,,,
images/90330813_0.jpeg,train,,,,,팬츠,,스트레이트,,플리츠·턱,,,,,,,,스트레이트핏,,,,
images/90333083_0.jpeg,val,,,,,팬츠,,플레어,,,,,,,,,,플레어핏,,,,
images/90334195_0.jpeg,train,,,,,팬츠,,와이드,,,,,,,,,,와이드핏,,,,
images/90334551_0.jpeg,train,,,,,팬츠,치노 팬츠,,풀렝스,,,,,롱·긴바지 기장,,,,,,,,
images/90334667_0.jpeg,val,,,,,팬츠,,와이드,,,,,,,,,,와이드핏,,,,
images/90335083_0.jpeg,train,,,,,팬츠,,스키니,,플리츠·턱,,,,,,,,슬림핏,,,,
images/90335473_1.jpeg,train,,,,,팬츠,,부츠컷,풀렝스,,,,,롱·긴바지 기장,,,,플레어핏,,,,
images/90337696_0.jpeg,train,,,,,팬츠,,,크롭·앵클,,,,,미디·7부 기장,,,,,,,,
images/90338300_0.jpeg,train,,,,,팬츠,하렘 팬츠,,,드로스트링,,,,,,,,,,,,
images/90338333_0.jpeg,train,,,,,팬츠,레깅스,,카프리·7부,,,,,미디·7부 기장,,,,,,,,
images/90338433_0.jpeg,train,,,,,팬츠,,테이퍼드,,플리츠·턱,,,,,,,,테이퍼드핏,,,,
images/90339075_0.jpeg,train,,,,,팬츠,,와이드,풀렝스,플리츠·턱,,,,롱·긴바지 기장,,,,와이드핏,,,,
images/90339591_0.jpeg,train,,,,,팬츠,,,풀렝스,,,,,롱·긴바지 기장,,,,,,,,
images/90339599_0.jpeg,val,,,,,팬츠,,와이드,,,,,,,,,,와이드핏,,,,
images/90339616_0.jpeg,train,,,,,팬츠,카고 팬츠,,풀렝스,카고 포켓,,,,롱·긴바지 기장,,,,,,,,
images/90339746_1.jpeg,train,,,,,팬츠,,와이드,,플리츠·턱,,,,,,,,와이드핏,,,,
images/90339748_0.jpeg,train,,,,,팬츠,,스트레이트,,플리츠·턱,,,,,,,,스트레이트핏,,,,
images/90342377_1.jpeg,train,,,,,팬츠,하렘 팬츠,,,플리츠·턱,,,,,,,,,,,,
images/90345014_0.jpeg,train,,,,,팬츠,,와이드,,,,,,,,,,와이드핏,,,,
images/90345734_0.jpeg,val,,,,,팬츠,슬랙스,,크롭·앵클,,,,,미디·7부 기장,,,,,,,,
images/90345765_0.jpeg,val,,,,,팬츠,,,풀렝스,,,,,롱·긴바지 기장,,,,,,,,
images/90346438_0.jpeg,train,,,,,팬츠,,스트레이트,,,,,,,,,,스트레이트핏,,,,
images/90346993_0.jpeg,val,,,,,팬츠,,플레어,,,,,,,,,,플레어핏,,,,
images/90348691_0.jpeg,train,,,,,팬츠,,플레어,풀렝스,,,,,롱·긴바지 기장,,,,플레어핏,,,,
images/90349895_0.jpeg,train,,,,,팬츠,,,풀렝스,,,,,롱·긴바지 기장,,,,,,,,
images/90350816_0.jpeg,train,,,,,팬츠,,,크롭·앵클,,,,,미디·7부 기장,,,,,,,,
images/90351251_0.jpeg,train,,,,,팬츠,하렘 팬츠,,,,,,,,,,,,,,,
images/90351981_0.jpeg,train,,,,,팬츠,,스키니,,플리츠·턱,,,,,,,,슬림핏,,,,
images/90352943_0.jpeg,train,,,,,팬츠,세일러 팬츠,와이드,,,,,,,,,,와이드핏,,,,
images/90353782_0.jpeg,val,,,,,팬츠,하렘 팬츠,,,플리츠·턱,,,,,,,,,,,,
images/90355357_0.jpeg,train,,,,,팬츠,,스트레이트,,,,,,,,,,스트레이트핏,,,,
images/90357435_0.jpeg,train,,,,,팬츠,조거·스웨트팬츠,스키니,,,,,,,,,,슬림핏,,,,
images/90359685_1.jpeg,train,,,,,팬츠,,테이퍼드,풀렝스,,,,,롱·긴바지 기장,,,,테이퍼드핏,,,,
images/90359739_0.jpeg,train,,,,,팬츠,,,크롭·앵클,,,,,미디·7부 기장,,,,,,,,
images/90360888_0.jpeg,train,,,,,팬츠,,,크롭·앵클,,,,,미디·7부 기장,,,,,,,,
images/90363709_0.jpeg,val,,,,,팬츠,,테이퍼드,,,,,,,,,,테이퍼드핏,,,,
images/90364525_0.jpeg,val,,,,,팬츠,레깅스,,,,,,,,,,,,,,,
images/90364703_0.jpeg,train,,,,,팬츠,,와이드,,플리츠·턱|드로스트링,,,,,,,,와이드핏,,,,
images/90365269_0.jpeg,train,,,,,팬츠,조거·스웨트팬츠,,,,,,,,,,,,,,,
images/90366520_0.jpeg,train,,,,,팬츠,,스키니,,,,,,,,,,슬림핏,,,,
images/90366536_0.jpeg,train,,,,,팬츠,,플레어,,,,,,,,,,플레어핏,,,,
images/90368216_0.jpeg,train,,,,,팬츠,,,풀렝스,,,,,롱·긴바지 기장,,,,,,,,
images/90369200_1.jpeg,train,,,,,팬츠,,플레어,풀렝스,,,,,롱·긴바지 기장,,,,플레어핏,,,,
images/90370769_0.jpeg,train,,,,,팬츠,조거·스웨트팬츠,,풀렝스,,,,,롱·긴바지 기장,,,,,,,,
images/90374169_0.jpeg,train,,,,,팬츠,,팔라초,풀렝스,,,,,롱·긴바지 기장,,,,와이드핏,,,,
images/90376444_0.jpeg,train,,,,,팬츠,레깅스,,카프리·7부,,,,,미디·7부 기장,,,,,,,,
images/90377763_0.jpeg,train,,,,,팬츠,조거·스웨트팬츠,,,,,,,,,,,,,,,
images/90382205_0.jpeg,val,,,,,팬츠,,스트레이트,,,,,,,,,,스트레이트핏,,,,
images/90383332_0.jpeg,train,,,,,팬츠,레깅스,,카프리·7부,,,,,미디·7부 기장,,,,,,,,
images/90387241_0.jpeg,train,,,,,팬츠,레깅스,,,,,,,,,,,,,,,
images/90387321_0.jpeg,train,,,,,팬츠,하렘 팬츠,,,,,,,,,,,,,,,
images/90387847_0.jpeg,train,,,,,팬츠,조거·스웨트팬츠,와이드,,,,,,,,,,와이드핏,,,,
images/90389243_1.jpeg,train,,,,,팬츠,레깅스,부츠컷,,,,,,,,,,플레어핏,,,,
images/90389744_0.jpeg,train,,,,,팬츠,,팔라초,풀렝스,,,,,롱·긴바지 기장,,,,와이드핏,,,,
images/90389752_0.jpeg,train,,,,,팬츠,,스키니,,,,,,,,,,슬림핏,,,,
images/90389831_0.jpeg,val,,,,,팬츠,치노 팬츠,와이드,,,,,,,,,,와이드핏,,,,
images/90390265_0.jpeg,train,,,,,팬츠,,플레어,풀렝스,,,,,롱·긴바지 기장,,,,플레어핏,,,,
images/90390855_1.jpeg,train,,,,,팬츠,레깅스,,카프리·7부,,,,,미디·7부 기장,,,,,,,,
images/90391190_0.jpeg,val,,,,,팬츠,,플레어,크롭·앵클,,,,,미디·7부 기장,,,,플레어핏,,,,
images/90391736_0.jpeg,train,,,,,팬츠,,팔라초,,,,,,,,,,와이드핏,,,,
images/90391893_0.jpeg,train,,,,,팬츠,,,풀렝스,드로스트링,,,,롱·긴바지 기장,,,,,,,,
images/90392318_0.jpeg,train,,,,,팬츠,레깅스,,카프리·7부,,,,,미디·7부 기장,,,,,,,,
images/90392525_0.jpeg,train,,,,,팬츠,,플레어,,,,,,,,,,플레어핏,,,,
images/90392845_1.jpeg,train,,,,,팬츠,,플레어,,,,,,,,,,플레어핏,,,,
images/90396084_0.jpeg,train,,,,,팬츠,레깅스,,카프리·7부,,,,,미디·7부 기장,,,,,,,,
images/90397360_0.jpeg,train,,,,,팬츠,레깅스,,,,,,,,,,,,,,,
images/90398735_0.jpeg,val,,,,,팬츠,,와이드,,,,,,,,,,와이드핏,,,,
images/90399553_0.jpeg,train,,,,,청바지,청바지,,크롭·앵클,,,,,미디·7부 기장,,,,,,,데님,
images/90400274_0.jpeg,val,,,,,팬츠,,테이퍼드,크롭·앵클,,,,,미디·7부 기장,,,,테이퍼드핏,,,,
images/90401367_0.jpeg,val,,,,,팬츠,,,크롭·앵클,,,,,미디·7부 기장,,,,,,,,
images/90401615_0.jpeg,val,,,,,팬츠,,,크롭·앵클,,,,,미디·7부 기장,,,,,,,,
images/90401638_0.jpeg,train,,,,,팬츠,,,카프리·7부,,,,,미디·7부 기장,,,,,,,,
images/90401911_0.jpeg,train,,,,,팬츠,,,카프리·7부,,,,,미디·7부 기장,,,,,,,,
images/90402113_0.jpeg,train,,,,,팬츠,하렘 팬츠,,카프리·7부,,,,,미디·7부 기장,,,,,,,,
images/90402384_0.jpeg,val,,,,,팬츠,,,풀렝스,드로스트링,,,,롱·긴바지 기장,,,,,,,,
images/90403072_0.jpeg,val,,,,,팬츠,조거·스웨트팬츠,,크롭·앵클,,,,,미디·7부 기장,,,,,,,,
images/90403124_0.jpeg,train,,,,,팬츠,슬랙스,스키니,,,,,,,,,,슬림핏,,,,
images/90403225_0.jpeg,train,,,,,팬츠,,,카프리·7부,,,,,미디·7부 기장,,,,,,,,
images/90407633_0.jpeg,train,,,,,팬츠,,,크롭·앵클,,,,,미디·7부 기장,,,,,,,,
images/90409791_0.jpeg,train,,,,,팬츠,슬랙스,,크롭·앵클,,,,,미디·7부 기장,,,,,,,,
images/90411555_0.jpeg,train,,,,,팬츠,레깅스,,,,,,,,,,,,,,,
images/90412868_0.jpeg,val,,,,,팬츠,,스트레이트,,,,,,,,,,스트레이트핏,,,,
images/90413083_0.jpeg,train,,,,,팬츠,레깅스,,,,,,,,,,,,,,,
images/90413616_0.jpeg,train,,,,,팬츠,,,크롭·앵클,플리츠·턱,,,,미디·7부 기장,,,,,,,,
images/90414151_0.jpeg,train,,,,,팬츠,,스키니,,,,,,,,,,슬림핏,,,,
images/90414220_0.jpeg,train,,,,,팬츠,조거·스웨트팬츠,,,,,,,,,,,,,,,
images/90414654_0.jpeg,train,,,,,팬츠,트랙팬츠,스키니,,,,,,,,,,슬림핏,,,,
images/90414810_1.jpeg,train,,,,,팬츠,치노 팬츠,스트레이트,,,,,,,,,,스트레이트핏,,,,
images/90418267_0.jpeg,train,,,,,팬츠,,페그,크롭·앵클,,,,,미디·7부 기장,,,,테이퍼드핏,,,,
images/90420862_0.jpeg,train,,,,,팬츠,조거·스웨트팬츠,와이드,,,,,,,,,,와이드핏,,,,
images/90422097_0.jpeg,train,,,,,팬츠,,와이드,,드로스트링,,,,,,,,와이드핏,,,,
images/90422427_0.jpeg,train,,,,,팬츠,,,풀렝스,,,,,롱·긴바지 기장,,,,,,,,
images/90422530_0.jpeg,train,,,,,팬츠,조거·스웨트팬츠,,풀렝스,,,,,롱·긴바지 기장,,,,,,,,
images/90422630_0.jpeg,train,,,,,팬츠,레깅스,,,,,,,,,,,,,,,
images/90422827_0.jpeg,train,,,,,팬츠,,스트레이트,,,,,,,,,,스트레이트핏,,,,
images/90422887_0.jpeg,train,,,,,팬츠,,와이드,,,,,,,,,,와이드핏,,,,
images/90422995_0.jpeg,train,,,,,팬츠,레깅스,,카프리·7부,,,,,미디·7부 기장,,,,,,,,
images/90423079_0.jpeg,train,,,,,팬츠,,스키니,,5포켓,,,,,,,,슬림핏,,,,
images/90423174_0.jpeg,train,,,,,팬츠,레깅스,,카프리·7부,,,,,미디·7부 기장,,,,,,,,
images/90423328_0.jpeg,train,,,,,팬츠,조거·스웨트팬츠,,크롭·앵클,,,,,미디·7부 기장,,,,,,,,
images/90423350_0.jpeg,val,,,,,팬츠,조거·스웨트팬츠,스트레이트,,,,,,,,,,스트레이트핏,,,,
images/90423398_0.jpeg,train,,,,,팬츠,레깅스,,카프리·7부,,,,,미디·7부 기장,,,,,,,,
images/90423430_0.jpeg,train,,,,,청바지,청바지,와이드,,,,,,,,,,와이드핏,,,데님,
images/90423491_0.jpeg,train,,,,,팬츠,,스트레이트,,,,,,,,,,스트레이트핏,,,,
images/90423539_0.jpeg,train,,,,,팬츠,,,풀렝스,,,,,롱·긴바지 기장,,,,,,,,
images/90423557_0.jpeg,train,,,,,팬츠,,스트레이트,,,,,,,,,,스트레이트핏,,,,
images/90424166_0.jpeg,train,,,,,팬츠,슬랙스,,풀렝스,,,,,롱·긴바지 기장,,,,,,,,
images/90424574_0.jpeg,train,,,,,팬츠,카고 팬츠,,크롭·앵클,카고 포켓,,,,미디·7부 기장,,,,,,,,
images/90424754_0.jpeg,train,,,,,팬츠,,,크롭·앵클,,,,,미디·7부 기장,,,,,,,,
images/90424851_0.jpeg,train,,,,,팬츠,,부츠컷,,,,,,,,,,플레어핏,,,,
images/90424929_0.jpeg,train,,,,,팬츠,,스키니,카프리·7부,,,,,미디·7부 기장,,,,슬림핏,,,,
images/90425003_0.jpeg,train,,,,,팬츠,슬랙스,,풀렝스,플리츠·턱,,,,롱·긴바지 기장,,,,,,,,
images/90426497_0.jpeg,val,,,,,팬츠,슬랙스,와이드,,,,,,,,,,와이드핏,,,,
images/90426744_0.jpeg,train,,,,,팬츠,,,풀렝스,드로스트링,,,,롱·긴바지 기장,,,,,,,,
images/90427346_0.jpeg,val,,,,,팬츠,,플레어,풀렝스,,,,,롱·긴바지 기장,,,,플레어핏,,,,
images/90429124_0.jpeg,train,,,,,팬츠,치노 팬츠,스키니,,밑단 커프,,,,,,,,슬림핏,,,,
images/90430109_0.jpeg,train,,,,,팬츠,트랙팬츠,,크롭·앵클,,,,,미디·7부 기장,,,,,,,,
images/90438513_0.jpeg,val,,,,,팬츠,레깅스,,카프리·7부,,,,,미디·7부 기장,,,,,,,,
images/90438655_1.jpeg,val,,,,,팬츠,,플레어,,,,,,,,,,플레어핏,,,,
images/90438977_0.jpeg,train,,,,,팬츠,레깅스,,,사이드 스트라이프,,,,,,,,,,,,
images/90439200_0.jpeg,train,,,,,팬츠,,스키니,,,,,,,,,,슬림핏,,,,
images/90439843_0.jpeg,train,,,,,팬츠,,팔라초,풀렝스,,,,,롱·긴바지 기장,,,,와이드핏,,,,
images/90440156_0.jpeg,train,,,,,팬츠,레깅스,,,,,,,,,,,,,,,
images/90440184_0.jpeg,train,,,,,팬츠,,테이퍼드,크롭·앵클,,,,,미디·7부 기장,,,,테이퍼드핏,,,,
images/90440413_0.jpeg,train,,,,,팬츠,,와이드,,플리츠·턱,,,,,,,,와이드핏,,,,
images/90440452_0.jpeg,train,,,,,팬츠,레깅스,,,,,,,,,,,,,,,
images/90440494_0.jpeg,train,,,,,팬츠,,,크롭·앵클,,,,,미디·7부 기장,,,,,,,,
images/90440520_0.jpeg,train,,,,,팬츠,,,크롭·앵클,드로스트링,,,,미디·7부 기장,,,,,,,,
images/90440921_0.jpeg,train,,,,,팬츠,조거·스웨트팬츠,,크롭·앵클,드로스트링,,,,미디·7부 기장,,,,,,,,
images/90440932_0.jpeg,train,,,,,팬츠,조거·스웨트팬츠,,,,,,,,,,,,,,,
images/90441133_0.jpeg,train,,,,,팬츠,,,풀렝스,플리츠·턱,,,,롱·긴바지 기장,,,,,,,,
images/90441379_0.jpeg,val,,,,,팬츠,하렘 팬츠,,,드로스트링,,,,,,,,,,,,
images/90441466_0.jpeg,train,,,,,팬츠,,,카프리·7부,,,,,미디·7부 기장,,,,,,,,
images/90441756_0.jpeg,train,,,,,팬츠,,,크롭·앵클,플리츠·턱,,,,미디·7부 기장,,,,,,,,
images/90441766_0.jpeg,train,,,,,팬츠,,와이드,,드로스트링,,,,,,,,와이드핏,,,,
images/90441916_0.jpeg,val,,,,,팬츠,조거·스웨트팬츠,,,,,,,,,,,,,,,
images/90441933_0.jpeg,train,,,,,팬츠,,,풀렝스,,,,,롱·긴바지 기장,,,,,,,,
images/90442190_0.jpeg,train,,,,,팬츠,,테이퍼드,풀렝스,플리츠·턱,,,,롱·긴바지 기장,,,,테이퍼드핏,,,,
images/90442227_0.jpeg,train,,,,,팬츠,레깅스,,카프리·7부,,,,,미디·7부 기장,,,,,,,,
images/90442573_0.jpeg,train,,,,,팬츠,,스키니,,,,,,,,,,슬림핏,,,,
images/90448828_0.jpeg,val,,,,,팬츠,,플레어,풀렝스,,,,,롱·긴바지 기장,,,,플레어핏,,,,
images/90448842_0.jpeg,train,,,,,팬츠,레깅스,,,,,,,,,,,,,,,
images/90449855_0.jpeg,train,,,,,팬츠,하렘 팬츠,,,밑단 커프,,,,,,,,,,,,
images/90452783_0.jpeg,train,,,,,팬츠,레깅스,,카프리·7부,,,,,미디·7부 기장,,,,,,,,
images/90457436_0.jpeg,train,,,,,팬츠,,,풀렝스,,,,,롱·긴바지 기장,,,,,,,,
images/90457713_0.jpeg,train,,,,,팬츠,,테이퍼드,풀렝스,,,,,롱·긴바지 기장,,,,테이퍼드핏,,,,
images/90458446_0.jpeg,val,,,,,팬츠,카고 팬츠,스키니,크롭·앵클,카고 포켓,,,,미디·7부 기장,,,,슬림핏,,,,
images/90458563_0.jpeg,train,,,,,팬츠,슬랙스,,크롭·앵클,,,,,미디·7부 기장,,,,,,,,
images/90459581_0.jpeg,train,,,,,팬츠,,,카프리·7부,,,,,미디·7부 기장,,,,,,,,
images/90459751_0.jpeg,train,,,,,팬츠,,,크롭·앵클,,,,,미디·7부 기장,,,,,,,,
images/90459755_0.jpeg,val,,,,,팬츠,,,풀렝스,플리츠·턱,,,,롱·긴바지 기장,,,,,,,,
images/90459948_0.jpeg,train,,,,,팬츠,,,크롭·앵클,,,,,미디·7부 기장,,,,,,,,
images/90460321_0.jpeg,train,,,,,팬츠,카고 팬츠,,크롭·앵클,카고 포켓,,,,미디·7부 기장,,,,,,,,
images/90461270_0.jpeg,val,,,,,팬츠,,팔라초,,,,,,,,,,와이드핏,,,,
images/90462365_3.jpeg,train,,,,,팬츠,조거·스웨트팬츠,,크롭·앵클,,,,,미디·7부 기장,,,,,,,,
images/90463202_0.jpeg,train,,,,,팬츠,,,크롭·앵클,,,,,미디·7부 기장,,,,,,,,
images/90463719_0.jpeg,train,,,,,팬츠,치노 팬츠,와이드,,,,,,,,,,와이드핏,,,,
images/90464126_0.jpeg,train,,,,,팬츠,,페그,크롭·앵클,,,,,미디·7부 기장,,,,테이퍼드핏,,,,
images/90464163_0.jpeg,train,,,,,팬츠,치노 팬츠,와이드,크롭·앵클,,,,,미디·7부 기장,,,,와이드핏,,,,
images/90464170_0.jpeg,train,,,,,팬츠,레깅스,,카프리·7부,,,,,미디·7부 기장,,,,,,,,
images/90464671_0.jpeg,train,,,,,팬츠,치노 팬츠,와이드,크롭·앵클,,,,,미디·7부 기장,,,,와이드핏,,,,
images/90465930_0.jpeg,train,,,,,팬츠,,스키니,,5포켓,,,,,,,,슬림핏,,,,
images/90466108_0.jpeg,train,,,,,팬츠,,팔라초,,,,,,,,,,와이드핏,,,,
images/90468116_1.jpeg,train,,,,,팬츠,,플레어,,,,,,,,,,플레어핏,,,,
images/90468253_0.jpeg,train,,,,,팬츠,,,크롭·앵클,드로스트링,,,,미디·7부 기장,,,,,,,,
images/90468306_2.jpeg,train,,,,,팬츠,,플레어,크롭·앵클,,,,,미디·7부 기장,,,,플레어핏,,,,
images/90468471_0.jpeg,train,,,,,팬츠,,와이드,,,,,,,,,,와이드핏,,,,
images/90468887_0.jpeg,train,,,,,팬츠,조거·스웨트팬츠,테이퍼드,,,,,,,,,,테이퍼드핏,,,,
images/90469530_0.jpeg,train,,,,,팬츠,레깅스,,,,,,,,,,,,,,,
images/90470905_3.jpeg,train,,,,,팬츠,,스트레이트,,,,,,,,,,스트레이트핏,,,,
images/90470954_0.jpeg,train,,,,,팬츠,레깅스,,카프리·7부,,,,,미디·7부 기장,,,,,,,,
images/90471492_1.jpeg,train,,,,,팬츠,,스키니,,플리츠·턱,,,,,,,,슬림핏,,,,
images/90471903_0.jpeg,val,,,,,팬츠,레깅스,,,5포켓,,,,,,,,,,,,
images/90472764_2.jpeg,train,,,,,팬츠,,와이드,,플리츠·턱,,,,,,,,와이드핏,,,,
images/90472905_0.jpeg,train,,,,,팬츠,,플레어,,,,,,,,,,플레어핏,,,,
images/90473066_0.jpeg,train,,,,,팬츠,조거·스웨트팬츠,,크롭·앵클,,,,,미디·7부 기장,,,,,,,,
images/90473413_0.jpeg,train,,,,,팬츠,레깅스,,카프리·7부,,,,,미디·7부 기장,,,,,,,,
images/90475238_1.jpeg,train,,,,,팬츠,치노 팬츠,와이드,,,,,,,,,,와이드핏,,,,
images/90475284_0.jpeg,train,,,,,팬츠,치노 팬츠,,크롭·앵클,,,,,미디·7부 기장,,,,,,,,
images/90475813_1.jpeg,val,,,,,팬츠,레깅스,,,5포켓,,,,,,,,,,,,
images/90481633_0.jpeg,val,,,,,팬츠,치노 팬츠,와이드,,,,,,,,,,와이드핏,,,,
images/90481676_0.jpeg,train,,,,,팬츠,,,크롭·앵클,플리츠·턱,,,,미디·7부 기장,,,,,,,,
images/90483688_0.jpeg,val,,,,,팬츠,레깅스,,,,,,,,,,,,,,,
images/90485330_0.jpeg,train,,,,,팬츠,치노 팬츠,부츠컷,풀렝스,,,,,롱·긴바지 기장,,,,플레어핏,,,,
images/90485426_1.jpeg,val,,,,,팬츠,,와이드,,,,,,,,,,와이드핏,,,,
images/90486588_0.jpeg,train,,,,,팬츠,요가 팬츠,,,,,,,,,,,,,,,
images/90486655_0.jpeg,train,,,,,팬츠,,스키니,,드로스트링,,,,,,,,슬림핏,,,,
images/90487254_0.jpeg,train,,,,,팬츠,,플레어,,,,,,,,,,플레어핏,,,,
images/90487315_1.jpeg,train,,,,,팬츠,,,카프리·7부,,,,,미디·7부 기장,,,,,,,,
images/90487399_0.jpeg,train,,,,,팬츠,레깅스,,카프리·7부,,,,,미디·7부 기장,,,,,,,,
images/90487484_5.jpeg,val,,,,,팬츠,,팔라초,,,,,,,,,,와이드핏,,,,
images/90487572_0.jpeg,val,,,,,팬츠,레깅스,,,플리츠·턱,,,,,,,,,,,,
images/90487835_0.jpeg,val,,,,,팬츠,,,카프리·7부,,,,,미디·7부 기장,,,,,,,,
images/90487857_0.jpeg,val,,,,,팬츠,레깅스,,,,,,,,,,,,,,,
images/90489337_0.jpeg,val,,,,,팬츠,,플레어,크롭·앵클,,,,,미디·7부 기장,,,,플레어핏,,,,
images/90490490_0.jpeg,train,,,,,팬츠,,테이퍼드,풀렝스,,,,,롱·긴바지 기장,,,,테이퍼드핏,,,,
images/90491251_0.jpeg,train,,,,,팬츠,레깅스,,,,,,,,,,,,,,,
images/90491552_0.jpeg,train,,,,,팬츠,트랙팬츠,,풀렝스,,,,,롱·긴바지 기장,,,,,,,,
images/90491736_0.jpeg,train,,,,,팬츠,,테이퍼드,풀렝스,,,,,롱·긴바지 기장,,,,테이퍼드핏,,,,
images/90492051_2.jpeg,train,,,,,팬츠,레깅스,,,,,,,,,,,,,,,
images/90492218_0.jpeg,train,,,,,팬츠,조거·스웨트팬츠,,풀렝스,드로스트링,,,,롱·긴바지 기장,,,,,,,,
images/90492341_1.jpeg,train,,,,,팬츠,레깅스,,,,,,,,,,,,,,,
images/90492433_0.jpeg,val,,,,,팬츠,,테이퍼드,풀렝스,,,,,롱·긴바지 기장,,,,테이퍼드핏,,,,
images/90492444_1.jpeg,train,,,,,팬츠,트랙팬츠,,풀렝스,,,,,롱·긴바지 기장,,,,,,,,
images/90492713_0.jpeg,train,,,,,팬츠,,테이퍼드,풀렝스,,,,,롱·긴바지 기장,,,,테이퍼드핏,,,,
images/90493016_0.jpeg,train,,,,,팬츠,카고 팬츠,,풀렝스,카고 포켓,,,,롱·긴바지 기장,,,,,,,,
images/90493414_1.jpeg,train,,,,,팬츠,,,풀렝스,,,,,롱·긴바지 기장,,,,,,,,
images/90493848_0.jpeg,val,,,,,팬츠,,스트레이트,,플리츠·턱,,,,,,,,스트레이트핏,,,,
images/90493882_1.jpeg,val,,,,,팬츠,,플레어,풀렝스,,,,,롱·긴바지 기장,,,,플레어핏,,,,
images/90493966_1.jpeg,train,,,,,팬츠,,와이드,,플리츠·턱,,,,,,,,와이드핏,,,,
images/90493996_1.jpeg,train,,,,,팬츠,,와이드,,플리츠·턱,,,,,,,,와이드핏,,,,
images/90494175_1.jpeg,val,,,,,팬츠,트랙팬츠,스키니,,,,,,,,,,슬림핏,,,,
images/90494771_1.jpeg,train,,,,,팬츠,,테이퍼드,,,,,,,,,,테이퍼드핏,,,,
images/90495103_1.jpeg,train,,,,,팬츠,,와이드,,플리츠·턱,,,,,,,,와이드핏,,,,
images/90495241_0.jpeg,val,,,,,팬츠,,플레어,,,,,,,,,,플레어핏,,,,
images/90495947_0.jpeg,val,,,,,팬츠,,플레어,풀렝스,,,,,롱·긴바지 기장,,,,플레어핏,,,,
images/90496167_0.jpeg,val,,,,,팬츠,,테이퍼드,풀렝스,플리츠·턱,,,,롱·긴바지 기장,,,,테이퍼드핏,,,,
images/90496207_1.jpeg,train,,,,,팬츠,,테이퍼드,,,,,,,,,,테이퍼드핏,,,,
images/90496692_0.jpeg,train,,,,,팬츠,트랙팬츠,,크롭·앵클,,,,,미디·7부 기장,,,,,,,,
images/90498836_0.jpeg,train,,,,,팬츠,,스트레이트,,드로스트링,,,,,,,,스트레이트핏,,,,
images/90499370_0.jpeg,val,,,,,팬츠,치노 팬츠,스트레이트,,,,,,,,,,스트레이트핏,,,,
images/90500614_0.jpeg,val,,,,,팬츠,하렘 팬츠,,,,,,,,,,,,,,,
images/90501261_0.jpeg,train,,,,,팬츠,,부츠컷,,,,,,,,,,플레어핏,,,,
images/90503548_0.jpeg,train,,,,,팬츠,,,크롭·앵클,,,,,미디·7부 기장,,,,,,,,
images/90504221_0.jpeg,train,,,,,팬츠,,,풀렝스,드로스트링,,,,롱·긴바지 기장,,,,,,,,
images/90505061_0.jpeg,train,,,,,팬츠,,페그,크롭·앵클,,,,,미디·7부 기장,,,,테이퍼드핏,,,,
images/90505328_0.jpeg,train,,,,,팬츠,,와이드,,사이드 스트라이프,,,,,,,,와이드핏,,,,
images/90507024_0.jpeg,train,,,,,팬츠,요가 팬츠,스트레이트,,,,,,,,,,스트레이트핏,,,,
images/90507044_0.jpeg,train,,,,,팬츠,,플레어,풀렝스,,,,,롱·긴바지 기장,,,,플레어핏,,,,
images/90507078_0.jpeg,val,,,,,팬츠,조거·스웨트팬츠,,풀렝스,,,,,롱·긴바지 기장,,,,,,,,
images/90510115_0.jpeg,train,,,,,팬츠,요가 팬츠,,풀렝스,,,,,롱·긴바지 기장,,,,,,,,
images/90510950_0.jpeg,train,,,,,팬츠,요가 팬츠,와이드,,,,,,,,,,와이드핏,,,,
images/90511195_0.jpeg,train,,,,,팬츠,요가 팬츠,와이드,,,,,,,,,,와이드핏,,,,
images/90512465_0.jpeg,val,,,,,팬츠,트랙팬츠,스트레이트,,,,,,,,,,스트레이트핏,,,,
images/90512591_0.jpeg,train,,,,,팬츠,,,풀렝스,드로스트링,,,,롱·긴바지 기장,,,,,,,,
images/90513326_0.jpeg,val,,,,,팬츠,,테이퍼드,풀렝스,,,,,롱·긴바지 기장,,,,테이퍼드핏,,,,
images/90513665_1.jpeg,train,,,,,팬츠,,와이드,,,,,,,,,,와이드핏,,,,
images/90516256_1.jpeg,train,,,,,팬츠,,와이드,,플리츠·턱,,,,,,,,와이드핏,,,,
images/90516383_1.jpeg,train,,,,,팬츠,,팔라초,,,,,,,,,,와이드핏,,,,
images/90516508_2.jpeg,train,,,,,팬츠,트랙팬츠,,크롭·앵클,,,,,미디·7부 기장,,,,,,,,
images/90516776_0.jpeg,val,,,,,팬츠,,테이퍼드,,,,,,,,,,테이퍼드핏,,,,
images/90517345_0.jpeg,val,,,,,팬츠,,스트레이트,,,,,,,,,,스트레이트핏,,,,
images/90517548_0.jpeg,val,,,,,팬츠,,테이퍼드,풀렝스,,,,,롱·긴바지 기장,,,,테이퍼드핏,,,,
images/90517707_0.jpeg,train,,,,,팬츠,,부츠컷,,,,,,,,,,플레어핏,,,,
images/90517844_0.jpeg,val,,,,,팬츠,,,풀렝스,,,,,롱·긴바지 기장,,,,,,,,
images/90518335_1.jpeg,train,,,,,팬츠,,테이퍼드,크롭·앵클,,,,,미디·7부 기장,,,,테이퍼드핏,,,,
images/90518504_1.jpeg,train,,,,,팬츠,,와이드,,,,,,,,,,와이드핏,,,,
images/90518563_1.jpeg,train,,,,,팬츠,,테이퍼드,풀렝스,,,,,롱·긴바지 기장,,,,테이퍼드핏,,,,
images/90518580_0.jpeg,train,,,,,팬츠,,스키니,,,,,,,,,,슬림핏,,,,
images/90518656_1.jpeg,train,,,,,팬츠,,테이퍼드,크롭·앵클,,,,,미디·7부 기장,,,,테이퍼드핏,,,,
images/90519030_1.jpeg,train,,,,,팬츠,,테이퍼드,,,,,,,,,,테이퍼드핏,,,,
images/90519270_0.jpeg,train,,,,,팬츠,,테이퍼드,풀렝스,,,,,롱·긴바지 기장,,,,테이퍼드핏,,,,
images/90519298_1.jpeg,train,,,,,팬츠,,테이퍼드,풀렝스,플리츠·턱,,,,롱·긴바지 기장,,,,테이퍼드핏,,,,
images/90519508_0.jpeg,train,,,,,팬츠,,테이퍼드,풀렝스,,,,,롱·긴바지 기장,,,,테이퍼드핏,,,,
images/90520074_0.jpeg,train,,,,,팬츠,,플레어,풀렝스,,,,,롱·긴바지 기장,,,,플레어핏,,,,
images/90520435_0.jpeg,train,,,,,팬츠,하렘 팬츠,테이퍼드,,,,,,,,,,테이퍼드핏,,,,
images/90520673_1.jpeg,train,,,,,팬츠,,테이퍼드,,,,,,,,,,테이퍼드핏,,,,
images/90520714_1.jpeg,train,,,,,팬츠,,테이퍼드,풀렝스,,,,,롱·긴바지 기장,,,,테이퍼드핏,,,,
images/90520802_0.jpeg,val,,,,,팬츠,,테이퍼드,크롭·앵클,,,,,미디·7부 기장,,,,테이퍼드핏,,,,
images/90521125_0.jpeg,train,,,,,팬츠,레깅스,,카프리·7부,,,,,미디·7부 기장,,,,,,,,
images/90521700_1.jpeg,train,,,,,팬츠,,테이퍼드,풀렝스,,,,,롱·긴바지 기장,,,,테이퍼드핏,,,,
images/90522445_0.jpeg,val,,,,,팬츠,,,풀렝스,드로스트링,,,,롱·긴바지 기장,,,,,,,,
images/90522610_0.jpeg,val,,,,,팬츠,레깅스,,카프리·7부,,,,,미디·7부 기장,,,,,,,,
images/90524369_1.jpeg,train,,,,,팬츠,,스키니,,,,,,,,,,슬림핏,,,,
images/90526659_1.jpeg,train,,,,,팬츠,,테이퍼드,크롭·앵클,,,,,미디·7부 기장,,,,테이퍼드핏,,,,
images/90526910_1.jpeg,train,,,,,팬츠,하렘 팬츠,테이퍼드,,,,,,,,,,테이퍼드핏,,,,
images/90527213_0.jpeg,val,,,,,팬츠,,,카프리·7부,,,,,미디·7부 기장,,,,,,,,
images/90527265_1.jpeg,train,,,,,팬츠,,와이드,,,,,,,,,,와이드핏,,,,
images/90528994_0.jpeg,val,,,,,팬츠,요가 팬츠,,풀렝스,,,,,롱·긴바지 기장,,,,,,,,
images/90529155_0.jpeg,train,,,,,청바지,청바지,,크롭·앵클,,,,,미디·7부 기장,,,,,,,데님,
images/90530134_0.jpeg,train,,,,,팬츠,슬랙스,부츠컷,풀렝스,,,,,롱·긴바지 기장,,,,플레어핏,,,,
images/90530181_0.jpeg,train,,,,,팬츠,,페그,크롭·앵클,,,,,미디·7부 기장,,,,테이퍼드핏,,,,
images/90530642_0.jpeg,train,,,,,팬츠,,플레어,,,,,,,,,,플레어핏,,,,
images/90530668_0.jpeg,train,,,,,팬츠,,,크롭·앵클,플리츠·턱,,,,미디·7부 기장,,,,,,,,
images/90530719_0.jpeg,val,,,,,팬츠,슬랙스,스트레이트,,,,,,,,,,스트레이트핏,,,,
images/90530793_0.jpeg,val,,,,,팬츠,,와이드,,,,,,,,,,와이드핏,,,,
images/90530866_0.jpeg,train,,,,,팬츠,,,카프리·7부,,,,,미디·7부 기장,,,,,,,,
images/90530905_0.jpeg,train,,,,,팬츠,레깅스,,카프리·7부,,,,,미디·7부 기장,,,,,,,,
images/90533491_0.jpeg,train,,,,,팬츠,,플레어,크롭·앵클,,,,,미디·7부 기장,,,,플레어핏,,,,
images/90534010_0.jpeg,train,,,,,팬츠,레깅스,,카프리·7부,,,,,미디·7부 기장,,,,,,,,
images/90535356_0.jpeg,val,,,,,팬츠,,플레어,크롭·앵클,,,,,미디·7부 기장,,,,플레어핏,,,,
images/90536484_0.jpeg,train,,,,,팬츠,조거·스웨트팬츠,,풀렝스,,,,,롱·긴바지 기장,,,,,,,,
images/90536672_0.jpeg,train,,,,,팬츠,레깅스,페그,,,,,,,,,,테이퍼드핏,,,,
images/90537444_0.jpeg,train,,,,,팬츠,,팔라초,,,,,,,,,,와이드핏,,,,
images/90539156_0.jpeg,val,,,,,팬츠,,,풀렝스,,,,,롱·긴바지 기장,,,,,,,,
images/90539396_1.jpeg,train,,,,,팬츠,,,크롭·앵클,,,,,미디·7부 기장,,,,,,,,
images/90539873_0.jpeg,train,,,,,팬츠,,스트레이트,,,,,,,,,,스트레이트핏,,,,
images/90540671_0.jpeg,train,,,,,팬츠,,페그,풀렝스,,,,,롱·긴바지 기장,,,,테이퍼드핏,,,,
images/90541861_1.jpeg,val,,,,,팬츠,카고 팬츠,,풀렝스,카고 포켓,,,,롱·긴바지 기장,,,,,,,,
images/90543213_1.jpeg,train,,,,,팬츠,,플레어,,,,,,,,,,플레어핏,,,,
images/90543568_0.jpeg,val,,,,,팬츠,,,풀렝스,,,,,롱·긴바지 기장,,,,,,,,
images/90545628_0.jpeg,train,,,,,팬츠,,페그,크롭·앵클,,,,,미디·7부 기장,,,,테이퍼드핏,,,,
images/90547943_0.jpeg,train,,,,,팬츠,,와이드,,플리츠·턱,,,,,,,,와이드핏,,,,
images/90547947_2.jpeg,train,,,,,팬츠,,와이드,,플리츠·턱,,,,,,,,와이드핏,,,,
images/90548331_0.jpeg,train,,,,,팬츠,치노 팬츠,,크롭·앵클,,,,,미디·7부 기장,,,,,,,,
images/90548658_1.jpeg,train,,,,,팬츠,,테이퍼드,풀렝스,,,,,롱·긴바지 기장,,,,테이퍼드핏,,,,
images/90550994_0.jpeg,train,,,,,팬츠,,플레어,,,,,,,,,,플레어핏,,,,
images/90551112_0.jpeg,val,,,,,팬츠,,플레어,풀렝스,,,,,롱·긴바지 기장,,,,플레어핏,,,,
images/90551205_0.jpeg,train,,,,,팬츠,,테이퍼드,풀렝스,,,,,롱·긴바지 기장,,,,테이퍼드핏,,,,
images/90551459_1.jpeg,val,,,,,팬츠,,스키니,,,,,,,,,,슬림핏,,,,
images/90552493_1.jpeg,train,,,,,팬츠,하렘 팬츠,,,,,,,,,,,,,,,
images/90553862_0.jpeg,train,,,,,팬츠,,,풀렝스,,,,,롱·긴바지 기장,,,,,,,,
images/90555166_0.jpeg,train,,,,,팬츠,,테이퍼드,크롭·앵클,드로스트링,,,,미디·7부 기장,,,,테이퍼드핏,,,,
images/90555393_1.jpeg,train,,,,,팬츠,레깅스,,,,,,,,,,,,,,,
images/90555937_0.jpeg,train,,,,,팬츠,레깅스,,,,,,,,,,,,,,,
images/90555938_0.jpeg,train,,,,,팬츠,,테이퍼드,크롭·앵클,,,,,미디·7부 기장,,,,테이퍼드핏,,,,
images/90555943_0.jpeg,train,,,,,팬츠,,,풀렝스,,,,,롱·긴바지 기장,,,,,,,,
images/90556769_0.jpeg,val,,,,,팬츠,조거·스웨트팬츠,,풀렝스,,,,,롱·긴바지 기장,,,,,,,,
images/90556868_0.jpeg,train,,,,,팬츠,,,크롭·앵클,,,,,미디·7부 기장,,,,,,,,
images/90557682_0.jpeg,val,,,,,팬츠,레깅스,,,,,,,,,,,,,,,
images/90558491_0.jpeg,train,,,,,팬츠,요가 팬츠,,풀렝스,,,,,롱·긴바지 기장,,,,,,,,
images/90559849_1.jpeg,train,,,,,팬츠,,테이퍼드,풀렝스,,,,,롱·긴바지 기장,,,,테이퍼드핏,,,,
images/90560025_0.jpeg,val,,,,,팬츠,,팔라초,,,,,,,,,,와이드핏,,,,
images/90560945_0.jpeg,val,,,,,팬츠,,스키니,,,,,,,,,,슬림핏,,,,
images/90562265_0.jpeg,train,,,,,팬츠,,플레어,풀렝스,,,,,롱·긴바지 기장,,,,플레어핏,,,,
images/90562586_1.jpeg,train,,,,,팬츠,레깅스,,카프리·7부,,,,,미디·7부 기장,,,,,,,,
images/90563349_0.jpeg,train,,,,,팬츠,치노 팬츠,부츠컷,풀렝스,,,,,롱·긴바지 기장,,,,플레어핏,,,,
images/90563380_0.jpeg,train,,,,,팬츠,,,풀렝스,,,,,롱·긴바지 기장,,,,,,,,
images/90563958_0.jpeg,train,,,,,팬츠,트랙팬츠,,풀렝스,,,,,롱·긴바지 기장,,,,,,,,
images/90565355_0.jpeg,train,,,,,팬츠,,플레어,크롭·앵클,,,,,미디·7부 기장,,,,플레어핏,,,,
images/90566633_0.jpeg,train,,,,,팬츠,,부츠컷,풀렝스,,,,,롱·긴바지 기장,,,,플레어핏,,,,
images/90568024_0.jpeg,train,,,,,팬츠,,,크롭·앵클,,,,,미디·7부 기장,,,,,,,,
images/90568138_1.jpeg,train,,,,,팬츠,,팔라초,,,,,,,,,,와이드핏,,,,
images/90568787_0.jpeg,val,,,,,팬츠,,테이퍼드,,,,,,,,,,테이퍼드핏,,,,
images/90568985_1.jpeg,train,,,,,팬츠,,팔라초,풀렝스,,,,,롱·긴바지 기장,,,,와이드핏,,,,
images/90569354_0.jpeg,val,,,,,팬츠,치노 팬츠,,크롭·앵클,,,,,미디·7부 기장,,,,,,,,
images/90570693_0.jpeg,val,,,,,팬츠,,플레어,,,,,,,,,,플레어핏,,,,
images/90576482_0.jpeg,train,,,,,팬츠,,페그,,,,,,,,,,테이퍼드핏,,,,
images/90578228_0.jpeg,train,,,,,팬츠,,스키니,,,,,,,,,,슬림핏,,,,
images/90581672_0.jpeg,val,,,,,팬츠,하렘 팬츠,,,,,,,,,,,,,,,
images/90581924_2.jpeg,train,,,,,팬츠,,와이드,,플리츠·턱,,,,,,,,와이드핏,,,,
images/90582043_0.jpeg,train,,,,,팬츠,레깅스,,,,,,,,,,,,,,,
images/90582488_0.jpeg,val,,,,,팬츠,,부츠컷,풀렝스,,,,,롱·긴바지 기장,,,,플레어핏,,,,
images/90583092_0.jpeg,train,,,,,팬츠,세일러 팬츠,,크롭·앵클,,,,,미디·7부 기장,,,,,,,,
images/90584366_0.jpeg,train,,,,,팬츠,조거·스웨트팬츠,,풀렝스,드로스트링,,,,롱·긴바지 기장,,,,,,,,
images/90584463_0.jpeg,train,,,,,팬츠,,와이드,,,,,,,,,,와이드핏,,,,
images/90585212_0.jpeg,train,,,,,팬츠,,,풀렝스,,,,,롱·긴바지 기장,,,,,,,,
images/90587709_0.jpeg,train,,,,,팬츠,레깅스,,카프리·7부,,,,,미디·7부 기장,,,,,,,,
images/90587872_0.jpeg,train,,,,,팬츠,하렘 팬츠,,,,,,,,,,,,,,,
images/90588212_0.jpeg,train,,,,,팬츠,치노 팬츠,,풀렝스,,,,,롱·긴바지 기장,,,,,,,,
images/90588235_0.jpeg,train,,,,,팬츠,,,크롭·앵클,,,,,미디·7부 기장,,,,,,,,
images/90588609_0.jpeg,train,,,,,팬츠,,,크롭·앵클,밴딩 허리|밑단 커프,,,,미디·7부 기장,,,,,,,,
images/90588946_0.jpeg,train,,,,,팬츠,,스트레이트,,,,,,,,,,스트레이트핏,,,,
images/90591349_0.jpeg,train,,,,,팬츠,조거·스웨트팬츠,,풀렝스,,,,,롱·긴바지 기장,,,,,,,,
images/90591572_0.jpeg,train,,,,,팬츠,,,크롭·앵클,,,,,미디·7부 기장,,,,,,,,
images/90592491_0.jpeg,val,,,,,팬츠,하렘 팬츠,,,밴딩 허리|밑단 커프,,,,,,,,,,,,
images/90592509_0.jpeg,train,,,,,팬츠,,스키니,,5포켓,,,,,,,,슬림핏,,,,
images/90592516_0.jpeg,val,,,,,팬츠,,스트레이트,,,,,,,,,,스트레이트핏,,,,
images/90592556_0.jpeg,train,,,,,팬츠,조거·스웨트팬츠,,풀렝스,,,,,롱·긴바지 기장,,,,,,,,
images/90593251_0.jpeg,train,,,,,팬츠,트랙팬츠,,풀렝스,,,,,롱·긴바지 기장,,,,,,,,
images/90593451_0.jpeg,train,,,,,팬츠,,스트레이트,,,,,,,,,,스트레이트핏,,,,
images/90594082_0.jpeg,train,,,,,팬츠,트랙팬츠,,풀렝스,,,,,롱·긴바지 기장,,,,,,,,
images/90594289_0.jpeg,train,,,,,팬츠,,,크롭·앵클,,,,,미디·7부 기장,,,,,,,,
images/90595025_0.jpeg,train,,,,,팬츠,,부츠컷,풀렝스,,,,,롱·긴바지 기장,,,,플레어핏,,,,
images/90596404_0.jpeg,train,,,,,팬츠,,,크롭·앵클,드로스트링,,,,미디·7부 기장,,,,,,,,
images/90596952_0.jpeg,train,,,,,팬츠,슬랙스,스트레이트,,,,,,,,,,스트레이트핏,,,,
images/90597011_0.jpeg,val,,,,,팬츠,,플레어,,,,,,,,,,플레어핏,,,,
images/90597052_0.jpeg,train,,,,,팬츠,세일러 팬츠,와이드,,,,,,,,,,와이드핏,,,,
images/90597134_0.jpeg,train,,,,,팬츠,,,크롭·앵클,,,,,미디·7부 기장,,,,,,,,
images/90597138_0.jpeg,train,,,,,팬츠,,,크롭·앵클,,,,,미디·7부 기장,,,,,,,,
images/90597221_1.jpeg,train,,,,,팬츠,트랙팬츠,,크롭·앵클,,,,,미디·7부 기장,,,,,,,,
images/90599585_0.jpeg,train,,,,,팬츠,레깅스,,카프리·7부,,,,,미디·7부 기장,,,,,,,,
images/90600130_0.jpeg,train,,,,,팬츠,,스키니,크롭·앵클,,,,,미디·7부 기장,,,,슬림핏,,,,
images/90600556_0.jpeg,train,,,,,팬츠,레깅스,,,,,,,,,,,,,,,
images/90600978_0.jpeg,val,,,,,팬츠,치노 팬츠,스키니,,,,,,,,,,슬림핏,,,,
images/90601497_0.jpeg,val,,,,,팬츠,조거·스웨트팬츠,스트레이트,,,,,,,,,,스트레이트핏,,,,
images/90601626_0.jpeg,train,,,,,팬츠,레깅스,,,밑단 커프,,,,,,,,,,,,
images/90602420_0.jpeg,train,,,,,팬츠,레깅스,,카프리·7부,,,,,미디·7부 기장,,,,,,,,
images/90602446_0.jpeg,train,,,,,팬츠,조거·스웨트팬츠,,,,,,,,,,,,,,,
images/90603631_0.jpeg,val,,,,,팬츠,,페그,,,,,,,,,,테이퍼드핏,,,,
images/90604152_0.jpeg,val,,,,,팬츠,,,풀렝스,,,,,롱·긴바지 기장,,,,,,,,
images/90604353_0.jpeg,val,,,,,팬츠,,,크롭·앵클,플리츠·턱,,,,미디·7부 기장,,,,,,,,
images/90604447_0.jpeg,train,,,,,팬츠,,,크롭·앵클,,,,,미디·7부 기장,,,,,,,,
images/90604510_0.jpeg,train,,,,,팬츠,하렘 팬츠,,,,,,,,,,,,,,,
images/90604717_0.jpeg,train,,,,,팬츠,,와이드,,플리츠·턱,,,,,,,,와이드핏,,,,
images/90604731_0.jpeg,train,,,,,팬츠,,와이드,,플리츠·턱,,,,,,,,와이드핏,,,,
images/90605518_0.jpeg,train,,,,,팬츠,하렘 팬츠,,,드로스트링,,,,,,,,,,,,
images/90605582_1.jpeg,val,,,,,팬츠,하렘 팬츠,,,,,,,,,,,,,,,
images/90605637_2.jpeg,val,,,,,팬츠,,와이드,,,,,,,,,,와이드핏,,,,
images/90605809_0.jpeg,train,,,,,팬츠,하렘 팬츠,페그,,,,,,,,,,테이퍼드핏,,,,
images/90606000_0.jpeg,train,,,,,청바지,청바지,스트레이트,크롭·앵클,,,,,미디·7부 기장,,,,스트레이트핏,,,데님,
images/90606610_0.jpeg,val,,,,,팬츠,레깅스,,,밑단 커프,,,,,,,,,,,,
images/90606693_0.jpeg,train,,,,,팬츠,,와이드,,,,,,,,,,와이드핏,,,,
images/90607485_0.jpeg,train,,,,,팬츠,,플레어,,,,,,,,,,플레어핏,,,,
images/90607550_0.jpeg,train,,,,,팬츠,슬랙스,플레어,크롭·앵클,,,,,미디·7부 기장,,,,플레어핏,,,,
images/90609232_0.jpeg,val,,,,,팬츠,,,크롭·앵클,,,,,미디·7부 기장,,,,,,,,
images/90609931_0.jpeg,train,,,,,팬츠,레깅스,,,,,,,,,,,,,,,
images/90610020_3.jpeg,train,,,,,팬츠,치노 팬츠,,크롭·앵클,,,,,미디·7부 기장,,,,,,,,
images/90610995_0.jpeg,train,,,,,팬츠,레깅스,,,,,,,,,,,,,,,
images/90611078_0.jpeg,train,,,,,팬츠,조거·스웨트팬츠,,,,,,,,,,,,,,,
images/90611909_0.jpeg,val,,,,,팬츠,,부츠컷,풀렝스,,,,,롱·긴바지 기장,,,,플레어핏,,,,
images/90613747_0.jpeg,train,,,,,팬츠,조거·스웨트팬츠,,풀렝스,,,,,롱·긴바지 기장,,,,,,,,
images/90613914_0.jpeg,train,,,,,청바지,청바지,,크롭·앵클,,,,,미디·7부 기장,,,,,,,데님,
images/90614330_1.jpeg,val,,,,,팬츠,,와이드,카프리·7부,,,,,미디·7부 기장,,,,와이드핏,,,,
images/90614335_0.jpeg,train,,,,,팬츠,,,카프리·7부,,,,,미디·7부 기장,,,,,,,,
images/90614590_0.jpeg,train,,,,,팬츠,,스키니,,,,,,,,,,슬림핏,,,,
images/90614635_3.jpeg,train,,,,,팬츠,하렘 팬츠,테이퍼드,,,,,,,,,,테이퍼드핏,,,,
images/90615465_0.jpeg,train,,,,,팬츠,요가 팬츠,,,,,,,,,,,,,,,
images/90617094_0.jpeg,train,,,,,팬츠,치노 팬츠,,풀렝스,,,,,롱·긴바지 기장,,,,,,,,
images/90618237_0.jpeg,train,,,,,팬츠,,,크롭·앵클,,,,,미디·7부 기장,,,,,,,,
images/90619382_0.jpeg,val,,,,,팬츠,,플레어,,,,,,,,,,플레어핏,,,,
images/90619431_0.jpeg,val,,,,,팬츠,,스키니,,,,,,,,,,슬림핏,,,,
images/90621690_0.jpeg,train,,,,,팬츠,,팔라초,,,,,,,,,,와이드핏,,,,
images/90621896_0.jpeg,train,,,,,팬츠,,스키니,,,,,,,,,,슬림핏,,,,
images/90622330_0.jpeg,train,,,,,팬츠,,,카프리·7부,,,,,미디·7부 기장,,,,,,,,
images/90622373_0.jpeg,train,,,,,팬츠,레깅스,,카프리·7부,,,,,미디·7부 기장,,,,,,,,
images/90622916_0.jpeg,train,,,,,팬츠,,,크롭·앵클,,,,,미디·7부 기장,,,,,,,,
images/90623213_0.jpeg,train,,,,,팬츠,,플레어,,,,,,,,,,플레어핏,,,,
images/90623303_0.jpeg,train,,,,,팬츠,,스트레이트,,스터럽,,,,,,,,스트레이트핏,,,,
images/90623459_0.jpeg,train,,,,,팬츠,,플레어,크롭·앵클,,,,,미디·7부 기장,,,,플레어핏,,,,
images/90623760_0.jpeg,train,,,,,팬츠,레깅스,,카프리·7부,,,,,미디·7부 기장,,,,,,,,
images/90623949_0.jpeg,train,,,,,팬츠,레깅스,스키니,,,,,,,,,,슬림핏,,,,
images/90624105_0.jpeg,train,,,,,팬츠,,스키니,카프리·7부,,,,,미디·7부 기장,,,,슬림핏,,,,
images/90624478_0.jpeg,train,,,,,팬츠,레깅스,,,,,,,,,,,,,,,
images/90624479_0.jpeg,val,,,,,팬츠,레깅스,,,,,,,,,,,,,,,
images/90625007_0.jpeg,train,,,,,팬츠,,,크롭·앵클,,,,,미디·7부 기장,,,,,,,,
images/90625069_0.jpeg,train,,,,,팬츠,조거·스웨트팬츠,스트레이트,,,,,,,,,,스트레이트핏,,,,
images/90625176_0.jpeg,train,,,,,팬츠,,,크롭·앵클,,,,,미디·7부 기장,,,,,,,,
images/90625220_0.jpeg,train,,,,,팬츠,,,풀렝스,,,,,롱·긴바지 기장,,,,,,,,
images/90625902_1.jpeg,train,,,,,팬츠,조거·스웨트팬츠,,,,,,,,,,,,,,,
images/90626116_0.jpeg,train,,,,,팬츠,,플레어,풀렝스,,,,,롱·긴바지 기장,,,,플레어핏,,,,
images/90626238_0.jpeg,train,,,,,팬츠,레깅스,,,,,,,,,,,,,,,
images/90626562_0.jpeg,train,,,,,팬츠,레깅스,,카프리·7부,,,,,미디·7부 기장,,,,,,,,
images/90626934_0.jpeg,train,,,,,팬츠,레깅스,,카프리·7부,,,,,미디·7부 기장,,,,,,,,
images/90627120_0.jpeg,val,,,,,팬츠,,플레어,,,,,,,,,,플레어핏,,,,
images/90627513_0.jpeg,train,,,,,팬츠,조거·스웨트팬츠,,풀렝스,,,,,롱·긴바지 기장,,,,,,,,
images/90627955_0.jpeg,val,,,,,팬츠,레깅스,,,,,,,,,,,,,,,
images/90628113_0.jpeg,train,,,,,팬츠,레깅스,,,,,,,,,,,,,,,
images/90628203_0.jpeg,val,,,,,팬츠,조거·스웨트팬츠,스키니,,,,,,,,,,슬림핏,,,,
images/90632154_2.jpeg,train,,,,,팬츠,,플레어,,,,,,,,,,플레어핏,,,,
images/90632729_0.jpeg,train,,,,,팬츠,조거·스웨트팬츠,스키니,,,,,,,,,,슬림핏,,,,
images/90633947_0.jpeg,train,,,,,팬츠,,스키니,,,,,,,,,,슬림핏,,,,
images/90634306_0.jpeg,val,,,,,팬츠,,,풀렝스,드로스트링,,,,롱·긴바지 기장,,,,,,,,
images/90634512_0.jpeg,train,,,,,팬츠,,,크롭·앵클,플리츠·턱,,,,미디·7부 기장,,,,,,,,
images/90634866_0.jpeg,train,,,,,팬츠,,,크롭·앵클,,,,,미디·7부 기장,,,,,,,,
images/90635058_0.jpeg,train,,,,,팬츠,트랙팬츠,,크롭·앵클,드로스트링,,,,미디·7부 기장,,,,,,,,
images/90636782_0.jpeg,train,,,,,팬츠,,,크롭·앵클,플리츠·턱,,,,미디·7부 기장,,,,,,,,
images/90637182_0.jpeg,val,,,,,팬츠,레깅스,,카프리·7부,,,,,미디·7부 기장,,,,,,,,
images/90637828_0.jpeg,train,,,,,팬츠,,와이드,,,,,,,,,,와이드핏,,,,
images/90638113_0.jpeg,train,,,,,팬츠,,,크롭·앵클,플리츠·턱,,,,미디·7부 기장,,,,,,,,
images/90638329_0.jpeg,val,,,,,팬츠,,스키니,,,,,,,,,,슬림핏,,,,
images/90638893_0.jpeg,val,,,,,팬츠,세일러 팬츠,스키니,,,,,,,,,,슬림핏,,,,
images/90638913_1.jpeg,train,,,,,팬츠,레깅스,,,,,,,,,,,,,,,
images/90639776_0.jpeg,val,,,,,팬츠,,플레어,,,,,,,,,,플레어핏,,,,
images/90640168_0.jpeg,train,,,,,팬츠,조거·스웨트팬츠,스트레이트,,,,,,,,,,스트레이트핏,,,,
images/90640504_0.jpeg,train,,,,,팬츠,하렘 팬츠,,,,,,,,,,,,,,,
images/90640510_0.jpeg,train,,,,,팬츠,조거·스웨트팬츠,,풀렝스,,,,,롱·긴바지 기장,,,,,,,,
images/90640642_0.jpeg,train,,,,,팬츠,,와이드,,,,,,,,,,와이드핏,,,,
images/90640747_0.jpeg,train,,,,,팬츠,조거·스웨트팬츠,,풀렝스,,,,,롱·긴바지 기장,,,,,,,,
images/90641394_0.jpeg,train,,,,,팬츠,조거·스웨트팬츠,,,,,,,,,,,,,,,
images/90642949_0.jpeg,train,,,,,팬츠,,,카프리·7부,,,,,미디·7부 기장,,,,,,,,
images/90643980_0.jpeg,train,,,,,팬츠,조거·스웨트팬츠,,크롭·앵클,,,,,미디·7부 기장,,,,,,,,
images/90644868_0.jpeg,val,,,,,팬츠,,와이드,,,,,,,,,,와이드핏,,,,
images/90645929_3.jpeg,val,,,,,팬츠,카고 팬츠,,크롭·앵클,카고 포켓,,,,미디·7부 기장,,,,,,,,
images/90646440_0.jpeg,train,,,,,팬츠,,스트레이트,,,,,,,,,,스트레이트핏,,,,
images/90647151_0.jpeg,train,,,,,팬츠,,,크롭·앵클,드로스트링,,,,미디·7부 기장,,,,,,,,
images/90647426_0.jpeg,train,,,,,팬츠,,와이드,,플리츠·턱,,,,,,,,와이드핏,,,,
images/90647494_1.jpeg,val,,,,,팬츠,하렘 팬츠,부츠컷,,,,,,,,,,플레어핏,,,,
images/90648417_0.jpeg,train,,,,,팬츠,슬랙스,,크롭·앵클,,,,,미디·7부 기장,,,,,,,,
images/90648460_0.jpeg,val,,,,,팬츠,슬랙스,와이드,,,,,,,,,,와이드핏,,,,
images/90648989_0.jpeg,train,,,,,팬츠,,,풀렝스,,,,,롱·긴바지 기장,,,,,,,,
images/90649090_0.jpeg,val,,,,,팬츠,조거·스웨트팬츠,,,,,,,,,,,,,,,
images/90650063_0.jpeg,train,,,,,팬츠,,,풀렝스,,,,,롱·긴바지 기장,,,,,,,,
images/90652318_0.jpeg,train,,,,,팬츠,,스트레이트,,,,,,,,,,스트레이트핏,,,,
images/90654534_0.jpeg,train,,,,,팬츠,,,크롭·앵클,드로스트링,,,,미디·7부 기장,,,,,,,,
images/90654870_0.jpeg,train,,,,,팬츠,,,크롭·앵클,드로스트링,,,,미디·7부 기장,,,,,,,,
images/90655071_0.jpeg,train,,,,,팬츠,,와이드,,,,,,,,,,와이드핏,,,,
images/90655482_1.jpeg,train,,,,,팬츠,,플레어,,,,,,,,,,플레어핏,,,,
images/90656849_0.jpeg,train,,,,,팬츠,,,풀렝스,,,,,롱·긴바지 기장,,,,,,,,
images/90657227_0.jpeg,val,,,,,팬츠,,,크롭·앵클,,,,,미디·7부 기장,,,,,,,,
images/90657617_0.jpeg,val,,,,,팬츠,,,크롭·앵클,,,,,미디·7부 기장,,,,,,,,
images/90658086_0.jpeg,train,,,,,팬츠,,,크롭·앵클,,,,,미디·7부 기장,,,,,,,,
images/90658120_2.jpeg,train,,,,,팬츠,,와이드,,,,,,,,,,와이드핏,,,,
images/90658608_0.jpeg,val,,,,,팬츠,하렘 팬츠,,,,,,,,,,,,,,,
images/90658788_0.jpeg,train,,,,,팬츠,,팔라초,크롭·앵클,,,,,미디·7부 기장,,,,와이드핏,,,,
images/90659441_0.jpeg,train,,,,,팬츠,하렘 팬츠,,,,,,,,,,,,,,,
images/90660072_0.jpeg,train,,,,,팬츠,,스트레이트,,플리츠·턱,,,,,,,,스트레이트핏,,,,
images/90660776_0.jpeg,train,,,,,팬츠,,,풀렝스,,,,,롱·긴바지 기장,,,,,,,,
images/90660822_0.jpeg,val,,,,,팬츠,레깅스,,,사이드 스트라이프,,,,,,,,,,,,
images/90661037_0.jpeg,val,,,,,팬츠,,와이드,,플리츠·턱,,,,,,,,와이드핏,,,,
images/90661265_1.jpeg,train,,,,,팬츠,카고 팬츠,,크롭·앵클,카고 포켓,,,,미디·7부 기장,,,,,,,,
images/90662307_0.jpeg,train,,,,,팬츠,,부츠컷,크롭·앵클,,,,,미디·7부 기장,,,,플레어핏,,,,
images/90662671_0.jpeg,train,,,,,팬츠,,팔라초,,,,,,,,,,와이드핏,,,,
images/90662678_0.jpeg,train,,,,,팬츠,,테이퍼드,풀렝스,,,,,롱·긴바지 기장,,,,테이퍼드핏,,,,
images/90663369_0.jpeg,train,,,,,팬츠,,,크롭·앵클,,,,,미디·7부 기장,,,,,,,,
images/90663387_0.jpeg,train,,,,,팬츠,,,크롭·앵클,,,,,미디·7부 기장,,,,,,,,
images/90663591_0.jpeg,train,,,,,팬츠,,테이퍼드,풀렝스,,,,,롱·긴바지 기장,,,,테이퍼드핏,,,,
images/90664353_0.jpeg,train,,,,,팬츠,,스트레이트,,스터럽,,,,,,,,스트레이트핏,,,,
images/90664747_0.jpeg,val,,,,,팬츠,,테이퍼드,풀렝스,,,,,롱·긴바지 기장,,,,테이퍼드핏,,,,
images/90664986_0.jpeg,train,,,,,팬츠,,플레어,풀렝스,,,,,롱·긴바지 기장,,,,플레어핏,,,,
images/90666079_0.jpeg,train,,,,,팬츠,하렘 팬츠,,,,,,,,,,,,,,,
images/90666224_0.jpeg,train,,,,,팬츠,,,크롭·앵클,플리츠·턱,,,,미디·7부 기장,,,,,,,,
images/90666483_0.jpeg,train,,,,,팬츠,레깅스,,카프리·7부,,,,,미디·7부 기장,,,,,,,,
images/90667016_0.jpeg,train,,,,,팬츠,하렘 팬츠,,,,,,,,,,,,,,,
images/90667033_0.jpeg,train,,,,,팬츠,,와이드,,,,,,,,,,와이드핏,,,,
images/90667232_0.jpeg,train,,,,,팬츠,,,크롭·앵클,,,,,미디·7부 기장,,,,,,,,
images/90667766_0.jpeg,val,,,,,팬츠,,,크롭·앵클,플리츠·턱,,,,미디·7부 기장,,,,,,,,
images/90668084_0.jpeg,train,,,,,팬츠,레깅스,,풀렝스,,,,,롱·긴바지 기장,,,,,,,,
images/90668111_1.jpeg,train,,,,,팬츠,,,크롭·앵클,플리츠·턱,,,,미디·7부 기장,,,,,,,,
images/90668200_0.jpeg,train,,,,,팬츠,하렘 팬츠,,,플리츠·턱,,,,,,,,,,,,
images/90668839_0.jpeg,val,,,,,팬츠,조거·스웨트팬츠,,크롭·앵클,,,,,미디·7부 기장,,,,,,,,
images/90669037_0.jpeg,train,,,,,팬츠,,테이퍼드,크롭·앵클,플리츠·턱,,,,미디·7부 기장,,,,테이퍼드핏,,,,
images/90670358_0.jpeg,train,,,,,팬츠,레깅스,,,,,,,,,,,,,,,
images/90670720_0.jpeg,train,,,,,팬츠,치노 팬츠,,크롭·앵클,사이드 스트라이프,,,,미디·7부 기장,,,,,,,,
images/90671709_1.jpeg,train,,,,,팬츠,,팔라초,,,,,,,,,,와이드핏,,,,
images/90672183_0.jpeg,train,,,,,팬츠,슬랙스,,크롭·앵클,,,,,미디·7부 기장,,,,,,,,
images/90672258_1.jpeg,val,,,,,팬츠,,와이드,,플리츠·턱,,,,,,,,와이드핏,,,,
images/90673299_0.jpeg,train,,,,,팬츠,레깅스,,,스터럽,,,,,,,,,,,,
images/90673303_0.jpeg,train,,,,,팬츠,,,풀렝스,,,,,롱·긴바지 기장,,,,,,,,
images/90673835_0.jpeg,val,,,,,팬츠,조거·스웨트팬츠,,풀렝스,,,,,롱·긴바지 기장,,,,,,,,
images/90674695_0.jpeg,train,,,,,팬츠,,스키니,,,,,,,,,,슬림핏,,,,
images/90674997_0.jpeg,train,,,,,팬츠,조거·스웨트팬츠,,풀렝스,,,,,롱·긴바지 기장,,,,,,,,
images/90675108_0.jpeg,train,,,,,팬츠,,,크롭·앵클,,,,,미디·7부 기장,,,,,,,,
images/90675376_0.jpeg,val,,,,,팬츠,,스키니,,,,,,,,,,슬림핏,,,,
images/90675811_2.jpeg,train,,,,,팬츠,,,크롭·앵클,,,,,미디·7부 기장,,,,,,,,
images/90676010_0.jpeg,train,,,,,팬츠,,와이드,,스터럽,,,,,,,,와이드핏,,,,
images/90676079_0.jpeg,val,,,,,팬츠,요가 팬츠,,,,,,,,,,,,,,,
images/90676276_0.jpeg,val,,,,,팬츠,,와이드,,,,,,,,,,와이드핏,,,,
images/90676877_0.jpeg,train,,,,,팬츠,,스키니,풀렝스,,,,,롱·긴바지 기장,,,,슬림핏,,,,
images/90677593_0.jpeg,train,,,,,팬츠,,,크롭·앵클,,,,,미디·7부 기장,,,,,,,,
images/90677597_0.jpeg,train,,,,,팬츠,,,크롭·앵클,,,,,미디·7부 기장,,,,,,,,
images/90678023_0.jpeg,train,,,,,팬츠,,플레어,,,,,,,,,,플레어핏,,,,
images/90678398_0.jpeg,train,,,,,팬츠,하렘 팬츠,,,,,,,,,,,,,,,
images/90678519_0.jpeg,train,,,,,팬츠,,,크롭·앵클,,,,,미디·7부 기장,,,,,,,,
images/90679012_0.jpeg,train,,,,,팬츠,레깅스,,카프리·7부,,,,,미디·7부 기장,,,,,,,,
images/90679166_0.jpeg,train,,,,,팬츠,,플레어,풀렝스,,,,,롱·긴바지 기장,,,,플레어핏,,,,
images/90679766_0.jpeg,val,,,,,팬츠,,,풀렝스,플리츠·턱,,,,롱·긴바지 기장,,,,,,,,
images/90679975_0.jpeg,train,,,,,팬츠,레깅스,,,,,,,,,,,,,,,
images/90684760_1.jpeg,val,,,,,팬츠,,팔라초,,,,,,,,,,와이드핏,,,,
images/90685038_0.jpeg,train,,,,,청바지,청바지,와이드,,,,,,,,,,와이드핏,,,데님,
images/90685600_0.jpeg,train,,,,,팬츠,,페그,풀렝스,,,,,롱·긴바지 기장,,,,테이퍼드핏,,,,
images/90685970_0.jpeg,val,,,,,팬츠,,플레어,풀렝스,,,,,롱·긴바지 기장,,,,플레어핏,,,,
images/90686658_0.jpeg,val,,,,,팬츠,조거·스웨트팬츠,,풀렝스,,,,,롱·긴바지 기장,,,,,,,,
images/90687853_0.jpeg,train,,,,,팬츠,,스키니,,,,,,,,,,슬림핏,,,,
images/90688218_0.jpeg,val,,,,,팬츠,,,풀렝스,,,,,롱·긴바지 기장,,,,,,,,
images/90689077_0.jpeg,train,,,,,팬츠,레깅스,,,,,,,,,,,,,,,
images/90689824_1.jpeg,val,,,,,팬츠,레깅스,,,,,,,,,,,,,,,
images/90690343_0.jpeg,val,,,,,팬츠,,스트레이트,,,,,,,,,,스트레이트핏,,,,
images/90692241_0.jpeg,train,,,,,팬츠,,,크롭·앵클,드로스트링,,,,미디·7부 기장,,,,,,,,
images/90692450_0.jpeg,train,,,,,팬츠,,테이퍼드,,,,,,,,,,테이퍼드핏,,,,
images/90692681_0.jpeg,train,,,,,팬츠,조거·스웨트팬츠,,,,,,,,,,,,,,,
images/90693083_0.jpeg,train,,,,,팬츠,요가 팬츠,스트레이트,,,,,,,,,,스트레이트핏,,,,
images/90693848_0.jpeg,train,,,,,팬츠,,와이드,,플리츠·턱,,,,,,,,와이드핏,,,,
images/90694296_0.jpeg,train,,,,,팬츠,하렘 팬츠,,,,,,,,,,,,,,,
images/90694303_0.jpeg,train,,,,,팬츠,,플레어,,,,,,,,,,플레어핏,,,,
images/90695133_0.jpeg,train,,,,,팬츠,,페그,풀렝스,,,,,롱·긴바지 기장,,,,테이퍼드핏,,,,
images/90696836_0.jpeg,train,,,,,팬츠,조거·스웨트팬츠,,,,,,,,,,,,,,,
images/90697242_0.jpeg,train,,,,,팬츠,,스트레이트,,사이드 스트라이프,,,,,,,,스트레이트핏,,,,
images/90697310_0.jpeg,train,,,,,팬츠,,스트레이트,,,,,,,,,,스트레이트핏,,,,
images/90698033_1.jpeg,train,,,,,팬츠,,스트레이트,,밑단 커프,,,,,,,,스트레이트핏,,,,
images/90698498_0.jpeg,train,,,,,팬츠,치노 팬츠,스트레이트,,,,,,,,,,스트레이트핏,,,,
images/90698528_0.jpeg,train,,,,,팬츠,,스키니,,,,,,,,,,슬림핏,,,,
images/90698902_0.jpeg,train,,,,,팬츠,,스키니,,,,,,,,,,슬림핏,,,,
images/90699447_0.jpeg,train,,,,,팬츠,,,풀렝스,,,,,롱·긴바지 기장,,,,,,,,
images/90700120_0.jpeg,train,,,,,팬츠,트랙팬츠,,풀렝스,,,,,롱·긴바지 기장,,,,,,,,
images/90700160_0.jpeg,train,,,,,팬츠,,플레어,크롭·앵클,,,,,미디·7부 기장,,,,플레어핏,,,,
images/90700437_0.jpeg,train,,,,,팬츠,트랙팬츠,스트레이트,,,,,,,,,,스트레이트핏,,,,
images/90700659_1.jpeg,train,,,,,팬츠,레깅스,,카프리·7부,,,,,미디·7부 기장,,,,,,,,
images/90700952_0.jpeg,train,,,,,팬츠,,스트레이트,,드로스트링,,,,,,,,스트레이트핏,,,,
images/90701890_0.jpeg,val,,,,,팬츠,하렘 팬츠,테이퍼드,,,,,,,,,,테이퍼드핏,,,,
images/90703003_0.jpeg,train,,,,,팬츠,조거·스웨트팬츠,스트레이트,,,,,,,,,,스트레이트핏,,,,
images/90703571_0.jpeg,train,,,,,팬츠,,,크롭·앵클,,,,,미디·7부 기장,,,,,,,,
images/90703822_0.jpeg,train,,,,,팬츠,,,크롭·앵클,플리츠·턱,,,,미디·7부 기장,,,,,,,,
images/90703834_0.jpeg,train,,,,,청바지,청바지,스키니,,,,,,,,,,슬림핏,,,데님,
images/90704694_1.jpeg,val,,,,,팬츠,,플레어,풀렝스,,,,,롱·긴바지 기장,,,,플레어핏,,,,
images/90705066_1.jpeg,train,,,,,팬츠,,스트레이트,,,,,,,,,,스트레이트핏,,,,
images/90705144_0.jpeg,train,,,,,팬츠,,테이퍼드,크롭·앵클,,,,,미디·7부 기장,,,,테이퍼드핏,,,,
images/90705769_0.jpeg,train,,,,,팬츠,트랙팬츠,와이드,,,,,,,,,,와이드핏,,,,
images/90706041_0.jpeg,val,,,,,팬츠,,테이퍼드,풀렝스,,,,,롱·긴바지 기장,,,,테이퍼드핏,,,,
images/90706460_0.jpeg,train,,,,,팬츠,하렘 팬츠,테이퍼드,,,,,,,,,,테이퍼드핏,,,,
images/90707007_1.jpeg,val,,,,,팬츠,,플레어,풀렝스,,,,,롱·긴바지 기장,,,,플레어핏,,,,
images/90707720_0.jpeg,train,,,,,팬츠,,스트레이트,,,,,,,,,,스트레이트핏,,,,
images/90708141_0.jpeg,train,,,,,팬츠,,스트레이트,크롭·앵클,,,,,미디·7부 기장,,,,스트레이트핏,,,,
images/90708568_0.jpeg,train,,,,,팬츠,,,풀렝스,사이드 스트라이프,,,,롱·긴바지 기장,,,,,,,,
images/90708670_0.jpeg,train,,,,,팬츠,슬랙스,스트레이트,,,,,,,,,,스트레이트핏,,,,
images/90708840_0.jpeg,train,,,,,팬츠,레깅스,,카프리·7부,,,,,미디·7부 기장,,,,,,,,
images/90709044_0.jpeg,val,,,,,팬츠,레깅스,,카프리·7부,,,,,미디·7부 기장,,,,,,,,
images/90709814_0.jpeg,train,,,,,팬츠,레깅스,,카프리·7부,,,,,미디·7부 기장,,,,,,,,
images/90710356_0.jpeg,train,,,,,팬츠,하렘 팬츠,,,플리츠·턱,,,,,,,,,,,,
images/90710388_0.jpeg,train,,,,,팬츠,트랙팬츠,,,,,,,,,,,,,,,
images/90711879_0.jpeg,train,,,,,팬츠,레깅스,,카프리·7부,,,,,미디·7부 기장,,,,,,,,
images/90711895_1.jpeg,train,,,,,팬츠,,와이드,,,,,,,,,,와이드핏,,,,
images/90711962_0.jpeg,train,,,,,팬츠,,,크롭·앵클,,,,,미디·7부 기장,,,,,,,,
images/90712147_0.jpeg,train,,,,,팬츠,,,풀렝스,드로스트링,,,,롱·긴바지 기장,,,,,,,,
images/90712769_0.jpeg,train,,,,,팬츠,트랙팬츠,,크롭·앵클,,,,,미디·7부 기장,,,,,,,,
images/90712791_0.jpeg,train,,,,,팬츠,조거·스웨트팬츠,,풀렝스,,,,,롱·긴바지 기장,,,,,,,,
images/90713551_0.jpeg,train,,,,,팬츠,레깅스,,카프리·7부,,,,,미디·7부 기장,,,,,,,,
images/90713636_0.jpeg,train,,,,,팬츠,트랙팬츠,와이드,,,,,,,,,,와이드핏,,,,
images/90713675_1.jpeg,train,,,,,팬츠,,테이퍼드,,,,,,,,,,테이퍼드핏,,,,
images/90713717_0.jpeg,train,,,,,팬츠,,테이퍼드,크롭·앵클,,,,,미디·7부 기장,,,,테이퍼드핏,,,,
images/90713728_1.jpeg,train,,,,,팬츠,트랙팬츠,,풀렝스,,,,,롱·긴바지 기장,,,,,,,,
images/90714145_0.jpeg,train,,,,,팬츠,슬랙스,,크롭·앵클,,,,,미디·7부 기장,,,,,,,,
images/90714437_0.jpeg,train,,,,,팬츠,,테이퍼드,,,,,,,,,,테이퍼드핏,,,,
images/90714985_0.jpeg,train,,,,,팬츠,카고 팬츠,와이드,,카고 포켓,,,,,,,,와이드핏,,,,
images/90714987_0.jpeg,val,,,,,팬츠,,스키니,,,,,,,,,,슬림핏,,,,
images/90715053_0.jpeg,train,,,,,팬츠,,,크롭·앵클,,,,,미디·7부 기장,,,,,,,,
images/90715427_0.jpeg,train,,,,,팬츠,,,풀렝스,,,,,롱·긴바지 기장,,,,,,,,
images/90715443_0.jpeg,train,,,,,팬츠,,,크롭·앵클,,,,,미디·7부 기장,,,,,,,,
images/90715544_0.jpeg,train,,,,,팬츠,조거·스웨트팬츠,와이드,,,,,,,,,,와이드핏,,,,
images/90716054_0.jpeg,train,,,,,팬츠,조거·스웨트팬츠,,크롭·앵클,,,,,미디·7부 기장,,,,,,,,
images/90716381_0.jpeg,train,,,,,팬츠,,,크롭·앵클,,,,,미디·7부 기장,,,,,,,,
images/90716557_0.jpeg,train,,,,,팬츠,레깅스,,카프리·7부,,,,,미디·7부 기장,,,,,,,,
images/90717152_0.jpeg,train,,,,,팬츠,,스키니,,,,,,,,,,슬림핏,,,,
images/90717681_0.jpeg,train,,,,,팬츠,,테이퍼드,풀렝스,,,,,롱·긴바지 기장,,,,테이퍼드핏,,,,
images/90717756_1.jpeg,train,,,,,팬츠,트랙팬츠,,풀렝스,,,,,롱·긴바지 기장,,,,,,,,
images/90718087_0.jpeg,train,,,,,팬츠,조거·스웨트팬츠,스키니,,,,,,,,,,슬림핏,,,,
images/90719002_0.jpeg,train,,,,,팬츠,레깅스,,,,,,,,,,,,,,,
images/90719244_0.jpeg,val,,,,,팬츠,,와이드,,,,,,,,,,와이드핏,,,,
images/90720491_0.jpeg,val,,,,,팬츠,조거·스웨트팬츠,,풀렝스,,,,,롱·긴바지 기장,,,,,,,,
images/90720961_0.jpeg,train,,,,,팬츠,조거·스웨트팬츠,스키니,,,,,,,,,,슬림핏,,,,
images/90721130_0.jpeg,val,,,,,팬츠,,,카프리·7부,,,,,미디·7부 기장,,,,,,,,
images/90721790_0.jpeg,train,,,,,팬츠,레깅스,,카프리·7부,,,,,미디·7부 기장,,,,,,,,
images/90722104_0.jpeg,train,,,,,팬츠,레깅스,,카프리·7부,,,,,미디·7부 기장,,,,,,,,
images/90722172_0.jpeg,train,,,,,팬츠,,스키니,풀렝스,,,,,롱·긴바지 기장,,,,슬림핏,,,,
images/90722496_0.jpeg,train,,,,,팬츠,,와이드,,,,,,,,,,와이드핏,,,,
images/90723210_0.jpeg,train,,,,,팬츠,,스키니,카프리·7부,,,,,미디·7부 기장,,,,슬림핏,,,,
images/90723693_0.jpeg,train,,,,,팬츠,하렘 팬츠,,,드로스트링,,,,,,,,,,,,
images/90723709_0.jpeg,train,,,,,팬츠,,,크롭·앵클,,,,,미디·7부 기장,,,,,,,,
images/90724483_0.jpeg,val,,,,,팬츠,슬랙스,,크롭·앵클,,,,,미디·7부 기장,,,,,,,,
images/90724581_0.jpeg,train,,,,,팬츠,,페그,,,,,,,,,,테이퍼드핏,,,,
images/90725259_0.jpeg,train,,,,,팬츠,조거·스웨트팬츠,,풀렝스,,,,,롱·긴바지 기장,,,,,,,,
images/90726087_0.jpeg,train,,,,,팬츠,치노 팬츠,,크롭·앵클,,,,,미디·7부 기장,,,,,,,,
images/90726294_0.jpeg,train,,,,,팬츠,조거·스웨트팬츠,,,,,,,,,,,,,,,
images/90726404_0.jpeg,train,,,,,팬츠,레깅스,,,,,,,,,,,,,,,
images/90727047_0.jpeg,train,,,,,팬츠,세일러 팬츠,,풀렝스,,,,,롱·긴바지 기장,,,,,,,,
images/90727214_0.jpeg,train,,,,,팬츠,하렘 팬츠,테이퍼드,,,,,,,,,,테이퍼드핏,,,,
images/90727574_0.jpeg,train,,,,,팬츠,,와이드,,,,,,,,,,와이드핏,,,,
images/90727778_0.jpeg,train,,,,,팬츠,,플레어,,,,,,,,,,플레어핏,,,,
images/90728917_0.jpeg,train,,,,,팬츠,레깅스,,,,,,,,,,,,,,,
images/90728965_0.jpeg,train,,,,,팬츠,슬랙스,스트레이트,,,,,,,,,,스트레이트핏,,,,
images/90732363_1.jpeg,val,,,,,팬츠,치노 팬츠,스트레이트,,,,,,,,,,스트레이트핏,,,,
images/90732462_0.jpeg,val,,,,,팬츠,,,크롭·앵클,플리츠·턱,,,,미디·7부 기장,,,,,,,,
images/90734304_0.jpeg,train,,,,,팬츠,,팔라초,,,,,,,,,,와이드핏,,,,
images/90734743_0.jpeg,train,,,,,팬츠,하렘 팬츠,테이퍼드,,,,,,,,,,테이퍼드핏,,,,
images/90736097_0.jpeg,val,,,,,팬츠,,플레어,,,,,,,,,,플레어핏,,,,
images/90736450_0.jpeg,train,,,,,팬츠,,부츠컷,풀렝스,,,,,롱·긴바지 기장,,,,플레어핏,,,,
images/90736970_0.jpeg,train,,,,,팬츠,,부츠컷,,,,,,,,,,플레어핏,,,,
images/90738083_0.jpeg,train,,,,,팬츠,,,크롭·앵클,,,,,미디·7부 기장,,,,,,,,
images/90740418_0.jpeg,train,,,,,팬츠,,스트레이트,,,,,,,,,,스트레이트핏,,,,
images/90742654_0.jpeg,val,,,,,팬츠,,팔라초,,,,,,,,,,와이드핏,,,,
images/90744459_0.jpeg,train,,,,,팬츠,,,크롭·앵클,,,,,미디·7부 기장,,,,,,,,
images/90745354_0.jpeg,val,,,,,팬츠,,부츠컷,,,,,,,,,,플레어핏,,,,
images/90745480_0.jpeg,train,,,,,팬츠,,스트레이트,,,,,,,,,,스트레이트핏,,,,
images/90745720_0.jpeg,train,,,,,팬츠,,부츠컷,,,,,,,,,,플레어핏,,,,
images/90745766_0.jpeg,train,,,,,팬츠,,페그,,,,,,,,,,테이퍼드핏,,,,
images/90745897_0.jpeg,train,,,,,팬츠,,와이드,크롭·앵클,,,,,미디·7부 기장,,,,와이드핏,,,,
images/90746010_0.jpeg,train,,,,,팬츠,,와이드,,,,,,,,,,와이드핏,,,,
images/90746323_0.jpeg,train,,,,,팬츠,,테이퍼드,,,,,,,,,,테이퍼드핏,,,,
images/90746706_1.jpeg,train,,,,,팬츠,,,크롭·앵클,,,,,미디·7부 기장,,,,,,,,
images/90746709_0.jpeg,train,,,,,팬츠,치노 팬츠,,크롭·앵클,,,,,미디·7부 기장,,,,,,,,
images/90746816_0.jpeg,train,,,,,팬츠,트랙팬츠,스키니,,,,,,,,,,슬림핏,,,,
images/90747292_0.jpeg,train,,,,,팬츠,레깅스,,,,,,,,,,,,,,,
images/90749386_0.jpeg,train,,,,,팬츠,,스키니,,,,,,,,,,슬림핏,,,,
images/90751153_1.jpeg,train,,,,,팬츠,슬랙스,,크롭·앵클,,,,,미디·7부 기장,,,,,,,,
images/90751295_0.jpeg,train,,,,,팬츠,,,크롭·앵클,,,,,미디·7부 기장,,,,,,,,
images/90751880_0.jpeg,train,,,,,팬츠,치노 팬츠,,크롭·앵클,,,,,미디·7부 기장,,,,,,,,
images/90751996_0.jpeg,train,,,,,팬츠,하렘 팬츠,,,,,,,,,,,,,,,
images/90752508_3.jpeg,train,,,,,팬츠,,와이드,크롭·앵클,,,,,미디·7부 기장,,,,와이드핏,,,,
images/90752970_0.jpeg,val,,,,,팬츠,치노 팬츠,,크롭·앵클,,,,,미디·7부 기장,,,,,,,,
images/90753368_0.jpeg,train,,,,,팬츠,치노 팬츠,,크롭·앵클,,,,,미디·7부 기장,,,,,,,,
images/90753808_0.jpeg,train,,,,,팬츠,카고 팬츠,,,카고 포켓,,,,,,,,,,,,
images/90753896_0.jpeg,train,,,,,팬츠,조거·스웨트팬츠,,풀렝스,,,,,롱·긴바지 기장,,,,,,,,
images/90755129_0.jpeg,train,,,,,팬츠,,플레어,크롭·앵클,,,,,미디·7부 기장,,,,플레어핏,,,,
images/90755213_0.jpeg,train,,,,,팬츠,치노 팬츠,스키니,,,,,,,,,,슬림핏,,,,
images/90756578_0.jpeg,train,,,,,팬츠,,플레어,,,,,,,,,,플레어핏,,,,
images/90757103_0.jpeg,train,,,,,팬츠,트랙팬츠,,크롭·앵클,,,,,미디·7부 기장,,,,,,,,
images/90757268_0.jpeg,train,,,,,팬츠,,스키니,,,,,,,,,,슬림핏,,,,
images/90757838_0.jpeg,val,,,,,팬츠,,스키니,,,,,,,,,,슬림핏,,,,
images/90758568_0.jpeg,train,,,,,팬츠,슬랙스,,크롭·앵클,,,,,미디·7부 기장,,,,,,,,
images/90758591_1.jpeg,train,,,,,팬츠,치노 팬츠,,크롭·앵클,,,,,미디·7부 기장,,,,,,,,
images/90758604_0.jpeg,val,,,,,팬츠,,스키니,,,,,,,,,,슬림핏,,,,
images/90759701_0.jpeg,val,,,,,팬츠,,테이퍼드,풀렝스,,,,,롱·긴바지 기장,,,,테이퍼드핏,,,,
images/90760768_0.jpeg,train,,,,,팬츠,하렘 팬츠,페그,,,,,,,,,,테이퍼드핏,,,,
images/90760876_0.jpeg,train,,,,,팬츠,레깅스,,,플리츠·턱,,,,,,,,,,,,
images/90760998_0.jpeg,val,,,,,팬츠,레깅스,,카프리·7부,,,,,미디·7부 기장,,,,,,,,
images/90761511_0.jpeg,val,,,,,팬츠,,테이퍼드,,,,,,,,,,테이퍼드핏,,,,
images/90761827_0.jpeg,train,,,,,팬츠,,스키니,,,,,,,,,,슬림핏,,,,
images/90761901_1.jpeg,train,,,,,팬츠,,와이드,풀렝스,,,,,롱·긴바지 기장,,,,와이드핏,,,,
images/90762027_0.jpeg,train,,,,,팬츠,,플레어,,,,,,,,,,플레어핏,,,,
images/90762797_2.jpeg,train,,,,,팬츠,,플레어,,,,,,,,,,플레어핏,,,,
images/90763068_0.jpeg,train,,,,,팬츠,하렘 팬츠,,,,,,,,,,,,,,,
images/90766196_0.jpeg,val,,,,,팬츠,,와이드,,,,,,,,,,와이드핏,,,,
images/90768911_0.jpeg,train,,,,,팬츠,,,풀렝스,플리츠·턱,,,,롱·긴바지 기장,,,,,,,,
images/90768967_0.jpeg,train,,,,,팬츠,,와이드,,,,,,,,,,와이드핏,,,,
images/90769084_0.jpeg,val,,,,,팬츠,,플레어,풀렝스,,,,,롱·긴바지 기장,,,,플레어핏,,,,
images/90770402_0.jpeg,train,,,,,팬츠,,팔라초,풀렝스,,,,,롱·긴바지 기장,,,,와이드핏,,,,
images/90770595_0.jpeg,train,,,,,팬츠,조거·스웨트팬츠,스트레이트,,,,,,,,,,스트레이트핏,,,,
images/90771146_0.jpeg,val,,,,,팬츠,,스키니,,,,,,,,,,슬림핏,,,,
images/90771421_0.jpeg,train,,,,,팬츠,레깅스,,,,,,,,,,,,,,,
images/90772774_0.jpeg,train,,,,,팬츠,,와이드,,드로스트링,,,,,,,,와이드핏,,,,
images/90772910_0.jpeg,train,,,,,팬츠,치노 팬츠,스키니,,,,,,,,,,슬림핏,,,,
images/90773322_0.jpeg,train,,,,,팬츠,,,풀렝스,,,,,롱·긴바지 기장,,,,,,,,
images/90773484_0.jpeg,train,,,,,팬츠,,테이퍼드,풀렝스,플리츠·턱,,,,롱·긴바지 기장,,,,테이퍼드핏,,,,
images/90773946_0.jpeg,val,,,,,팬츠,치노 팬츠,스트레이트,,,,,,,,,,스트레이트핏,,,,
images/90774669_0.jpeg,val,,,,,팬츠,,와이드,,플리츠·턱,,,,,,,,와이드핏,,,,
images/90776612_0.jpeg,train,,,,,팬츠,치노 팬츠,스트레이트,,,,,,,,,,스트레이트핏,,,,
images/90777201_0.jpeg,train,,,,,팬츠,,와이드,,플리츠·턱,,,,,,,,와이드핏,,,,
images/90777884_0.jpeg,val,,,,,팬츠,레깅스,,,,,,,,,,,,,,,
images/90778160_0.jpeg,train,,,,,팬츠,,,카프리·7부,,,,,미디·7부 기장,,,,,,,,
images/90779129_0.jpeg,train,,,,,팬츠,,테이퍼드,크롭·앵클,,,,,미디·7부 기장,,,,테이퍼드핏,,,,
images/90779392_0.jpeg,train,,,,,팬츠,레깅스,,,,,,,,,,,,,,,
images/90780488_0.jpeg,train,,,,,팬츠,레깅스,,,,,,,,,,,,,,,
images/90783154_0.jpeg,train,,,,,팬츠,레깅스,,카프리·7부,,,,,미디·7부 기장,,,,,,,,
images/90784886_0.jpeg,train,,,,,팬츠,,와이드,,,,,,,,,,와이드핏,,,,
images/90785059_0.jpeg,val,,,,,팬츠,레깅스,,,,,,,,,,,,,,,
images/90785531_0.jpeg,train,,,,,팬츠,,,풀렝스,밑단 커프,,,,롱·긴바지 기장,,,,,,,,
images/90785597_0.jpeg,train,,,,,팬츠,,,크롭·앵클,,,,,미디·7부 기장,,,,,,,,
images/90786393_0.jpeg,train,,,,,팬츠,레깅스,,카프리·7부,,,,,미디·7부 기장,,,,,,,,
images/90786886_0.jpeg,val,,,,,팬츠,,스키니,,,,,,,,,,슬림핏,,,,
images/90787849_0.jpeg,train,,,,,팬츠,,스키니,,,,,,,,,,슬림핏,,,,
images/90787888_0.jpeg,train,,,,,팬츠,,스키니,,,,,,,,,,슬림핏,,,,
images/90788041_0.jpeg,train,,,,,팬츠,레깅스,,,,,,,,,,,,,,,
images/90788257_0.jpeg,train,,,,,팬츠,레깅스,,카프리·7부,,,,,미디·7부 기장,,,,,,,,
images/90788542_0.jpeg,train,,,,,팬츠,레깅스,스키니,,,,,,,,,,슬림핏,,,,
images/90789264_0.jpeg,train,,,,,팬츠,,,풀렝스,,,,,롱·긴바지 기장,,,,,,,,
images/90789293_0.jpeg,train,,,,,팬츠,,스트레이트,,플리츠·턱,,,,,,,,스트레이트핏,,,,
images/90789614_0.jpeg,train,,,,,팬츠,하렘 팬츠,페그,,,,,,,,,,테이퍼드핏,,,,
images/90789983_0.jpeg,train,,,,,팬츠,,테이퍼드,크롭·앵클,,,,,미디·7부 기장,,,,테이퍼드핏,,,,
images/90790166_0.jpeg,train,,,,,팬츠,,스트레이트,,,,,,,,,,스트레이트핏,,,,
images/90790462_0.jpeg,train,,,,,팬츠,,부츠컷,,,,,,,,,,플레어핏,,,,
images/90790614_0.jpeg,val,,,,,팬츠,,스트레이트,,,,,,,,,,스트레이트핏,,,,
images/90790812_0.jpeg,train,,,,,팬츠,레깅스,,카프리·7부,,,,,미디·7부 기장,,,,,,,,
images/90790992_0.jpeg,train,,,,,팬츠,슬랙스,와이드,,,,,,,,,,와이드핏,,,,
images/90791343_0.jpeg,train,,,,,팬츠,,스키니,,,,,,,,,,슬림핏,,,,
images/90792104_0.jpeg,train,,,,,청바지,청바지,스트레이트,,,,,,,,,,스트레이트핏,,,데님,
images/90792440_0.jpeg,train,,,,,팬츠,,,크롭·앵클,,,,,미디·7부 기장,,,,,,,,
images/90792775_0.jpeg,train,,,,,팬츠,,,풀렝스,,,,,롱·긴바지 기장,,,,,,,,
images/90793681_0.jpeg,train,,,,,팬츠,조거·스웨트팬츠,와이드,,,,,,,,,,와이드핏,,,,
images/90793761_0.jpeg,train,,,,,팬츠,레깅스,,,,,,,,,,,,,,,
images/90793945_0.jpeg,train,,,,,팬츠,,테이퍼드,풀렝스,,,,,롱·긴바지 기장,,,,테이퍼드핏,,,,
images/90794789_0.jpeg,train,,,,,팬츠,트랙팬츠,스트레이트,,,,,,,,,,스트레이트핏,,,,
images/90795128_0.jpeg,train,,,,,팬츠,,플레어,,,,,,,,,,플레어핏,,,,
images/90795444_5.jpeg,train,,,,,팬츠,,팔라초,크롭·앵클,,,,,미디·7부 기장,,,,와이드핏,,,,
images/90795774_0.jpeg,train,,,,,팬츠,,페그,크롭·앵클,,,,,미디·7부 기장,,,,테이퍼드핏,,,,
images/90795952_1.jpeg,train,,,,,팬츠,,와이드,,밴딩 허리,,,,,,,,와이드핏,,,,
images/90796309_0.jpeg,val,,,,,팬츠,,와이드,,플리츠·턱,,,,,,,,와이드핏,,,,
images/90796551_0.jpeg,train,,,,,팬츠,,부츠컷,,,,,,,,,,플레어핏,,,,
images/90796975_0.jpeg,train,,,,,팬츠,하렘 팬츠,,,드로스트링,,,,,,,,,,,,
images/90798391_0.jpeg,train,,,,,팬츠,슬랙스,스트레이트,,,,,,,,,,스트레이트핏,,,,
images/90799373_0.jpeg,val,,,,,팬츠,,스트레이트,,,,,,,,,,스트레이트핏,,,,
images/90799455_0.jpeg,train,,,,,팬츠,레깅스,,카프리·7부,,,,,미디·7부 기장,,,,,,,,
images/90799535_0.jpeg,train,,,,,팬츠,,플레어,크롭·앵클,,,,,미디·7부 기장,,,,플레어핏,,,,
images/90799780_0.jpeg,train,,,,,팬츠,,와이드,,플리츠·턱,,,,,,,,와이드핏,,,,
images/90800204_0.jpeg,train,,,,,팬츠,레깅스,,카프리·7부,,,,,미디·7부 기장,,,,,,,,
images/90801553_0.jpeg,train,,,,,팬츠,카고 팬츠,,크롭·앵클,카고 포켓,,,,미디·7부 기장,,,,,,,,
images/90801659_0.jpeg,train,,,,,팬츠,하렘 팬츠,,,,,,,,,,,,,,,
images/90801702_0.jpeg,train,,,,,팬츠,트랙팬츠,,크롭·앵클,,,,,미디·7부 기장,,,,,,,,
images/90801782_0.jpeg,train,,,,,팬츠,트랙팬츠,,크롭·앵클,,,,,미디·7부 기장,,,,,,,,
images/90801878_0.jpeg,train,,,,,팬츠,,,카프리·7부,,,,,미디·7부 기장,,,,,,,,
images/90801949_1.jpeg,train,,,,,팬츠,,스트레이트,,플리츠·턱,,,,,,,,스트레이트핏,,,,
images/90802053_0.jpeg,train,,,,,팬츠,레깅스,,,플리츠·턱,,,,,,,,,,,,
images/90802257_0.jpeg,train,,,,,팬츠,치노 팬츠,,풀렝스,,,,,롱·긴바지 기장,,,,,,,,
images/90802581_0.jpeg,train,,,,,팬츠,조거·스웨트팬츠,스키니,,,,,,,,,,슬림핏,,,,
images/90802860_0.jpeg,train,,,,,팬츠,,,크롭·앵클,,,,,미디·7부 기장,,,,,,,,
images/90802869_0.jpeg,train,,,,,팬츠,조거·스웨트팬츠,,풀렝스,,,,,롱·긴바지 기장,,,,,,,,
images/90802970_1.jpeg,train,,,,,팬츠,,스트레이트,,,,,,,,,,스트레이트핏,,,,
images/90803054_1.jpeg,train,,,,,팬츠,하렘 팬츠,테이퍼드,,,,,,,,,,테이퍼드핏,,,,
images/90803229_0.jpeg,train,,,,,팬츠,조거·스웨트팬츠,,풀렝스,,,,,롱·긴바지 기장,,,,,,,,
images/90803456_0.jpeg,train,,,,,팬츠,,,풀렝스,,,,,롱·긴바지 기장,,,,,,,,
images/90803526_0.jpeg,train,,,,,팬츠,,,크롭·앵클,,,,,미디·7부 기장,,,,,,,,
images/90803584_0.jpeg,train,,,,,팬츠,조거·스웨트팬츠,,풀렝스,,,,,롱·긴바지 기장,,,,,,,,
images/90803615_0.jpeg,train,,,,,팬츠,,,크롭·앵클,,,,,미디·7부 기장,,,,,,,,
images/90803716_0.jpeg,train,,,,,팬츠,레깅스,,,,,,,,,,,,,,,
images/90803730_0.jpeg,train,,,,,팬츠,트랙팬츠,,크롭·앵클,,,,,미디·7부 기장,,,,,,,,
images/90803849_0.jpeg,train,,,,,팬츠,,플레어,,,,,,,,,,플레어핏,,,,
images/90803968_0.jpeg,train,,,,,팬츠,치노 팬츠,,풀렝스,,,,,롱·긴바지 기장,,,,,,,,
images/90804266_0.jpeg,train,,,,,팬츠,,플레어,풀렝스,,,,,롱·긴바지 기장,,,,플레어핏,,,,
images/90805208_0.jpeg,train,,,,,팬츠,,와이드,크롭·앵클,플리츠·턱,,,,미디·7부 기장,,,,와이드핏,,,,
images/90807458_0.jpeg,train,,,,,팬츠,,테이퍼드,,,,,,,,,,테이퍼드핏,,,,
images/90807738_1.jpeg,train,,,,,팬츠,트랙팬츠,스키니,,,,,,,,,,슬림핏,,,,
images/90807786_0.jpeg,train,,,,,팬츠,,와이드,,,,,,,,,,와이드핏,,,,
images/90807952_0.jpeg,train,,,,,팬츠,치노 팬츠,스키니,,,,,,,,,,슬림핏,,,,
images/90808120_0.jpeg,train,,,,,팬츠,,플레어,,,,,,,,,,플레어핏,,,,
images/90808548_0.jpeg,train,,,,,팬츠,,와이드,,,,,,,,,,와이드핏,,,,
images/90808664_0.jpeg,train,,,,,팬츠,조거·스웨트팬츠,,크롭·앵클,,,,,미디·7부 기장,,,,,,,,
images/90809307_0.jpeg,train,,,,,팬츠,요가 팬츠,,,,,,,,,,,,,,,
images/90809410_0.jpeg,val,,,,,팬츠,,페그,,,,,,,,,,테이퍼드핏,,,,
images/90809670_1.jpeg,val,,,,,팬츠,,플레어,크롭·앵클,,,,,미디·7부 기장,,,,플레어핏,,,,
images/90809677_0.jpeg,train,,,,,팬츠,,,크롭·앵클,,,,,미디·7부 기장,,,,,,,,
images/90810008_0.jpeg,train,,,,,팬츠,레깅스,,,,,,,,,,,,,,,
images/90810771_3.jpeg,train,,,,,팬츠,하렘 팬츠,,,,,,,,,,,,,,,
images/90811196_0.jpeg,train,,,,,팬츠,,,크롭·앵클,,,,,미디·7부 기장,,,,,,,,
images/90812604_1.jpeg,train,,,,,팬츠,,와이드,,플리츠·턱,,,,,,,,와이드핏,,,,
images/90812615_0.jpeg,train,,,,,팬츠,,부츠컷,풀렝스,,,,,롱·긴바지 기장,,,,플레어핏,,,,
images/90812785_0.jpeg,train,,,,,팬츠,레깅스,,,,,,,,,,,,,,,
images/90812858_0.jpeg,val,,,,,팬츠,트랙팬츠,,풀렝스,,,,,롱·긴바지 기장,,,,,,,,
images/90813030_0.jpeg,train,,,,,팬츠,,스키니,,,,,,,,,,슬림핏,,,,
images/90813200_0.jpeg,train,,,,,팬츠,요가 팬츠,,,,,,,,,,,,,,,
images/90814436_0.jpeg,train,,,,,팬츠,카고 팬츠,,카프리·7부,카고 포켓,,,,미디·7부 기장,,,,,,,,
images/90814745_1.jpeg,train,,,,,팬츠,레깅스,,카프리·7부,,,,,미디·7부 기장,,,,,,,,
images/90815052_0.jpeg,train,,,,,팬츠,,스키니,,,,,,,,,,슬림핏,,,,
images/90815140_0.jpeg,train,,,,,팬츠,조거·스웨트팬츠,스트레이트,,,,,,,,,,스트레이트핏,,,,
images/90815461_0.jpeg,train,,,,,팬츠,,테이퍼드,풀렝스,,,,,롱·긴바지 기장,,,,테이퍼드핏,,,,
images/90815483_0.jpeg,train,,,,,팬츠,레깅스,,카프리·7부,,,,,미디·7부 기장,,,,,,,,
images/90815582_0.jpeg,train,,,,,팬츠,,,풀렝스,,,,,롱·긴바지 기장,,,,,,,,
images/90815694_0.jpeg,train,,,,,팬츠,,플레어,풀렝스,,,,,롱·긴바지 기장,,,,플레어핏,,,,
images/90815923_0.jpeg,train,,,,,팬츠,,스트레이트,,,,,,,,,,스트레이트핏,,,,
images/90816075_0.jpeg,train,,,,,팬츠,,와이드,,,,,,,,,,와이드핏,,,,
images/90816087_0.jpeg,train,,,,,팬츠,카고 팬츠,와이드,,카고 포켓|드로스트링,,,,,,,,와이드핏,,,,
images/90816422_1.jpeg,val,,,,,팬츠,,테이퍼드,,,,,,,,,,테이퍼드핏,,,,
images/90817037_0.jpeg,train,,,,,팬츠,조거·스웨트팬츠,스키니,,,,,,,,,,슬림핏,,,,
images/90818833_0.jpeg,train,,,,,팬츠,레깅스,스키니,,밑단 커프,,,,,,,,슬림핏,,,,
images/90819730_0.jpeg,train,,,,,팬츠,요가 팬츠,,풀렝스,,,,,롱·긴바지 기장,,,,,,,,
images/90820639_0.jpeg,train,,,,,팬츠,,,크롭·앵클,,,,,미디·7부 기장,,,,,,,,
images/90821695_0.jpeg,train,,,,,팬츠,,와이드,,플리츠·턱,,,,,,,,와이드핏,,,,
images/90822649_0.jpeg,train,,,,,팬츠,,스키니,,사이드 스트라이프,,,,,,,,슬림핏,,,,
images/90824346_0.jpeg,train,,,,,팬츠,,플레어,,밴딩 허리,,,,,,,,플레어핏,,,,
images/90824364_0.jpeg,train,,,,,팬츠,조거·스웨트팬츠,,크롭·앵클,,,,,미디·7부 기장,,,,,,,,
images/90824813_0.jpeg,train,,,,,팬츠,,부츠컷,풀렝스,,,,,롱·긴바지 기장,,,,플레어핏,,,,
images/90825862_0.jpeg,train,,,,,팬츠,조거·스웨트팬츠,스키니,,플리츠·턱,,,,,,,,슬림핏,,,,
images/90826549_0.jpeg,train,,,,,청바지,청바지,,크롭·앵클,,,,,미디·7부 기장,,,,,,,데님,
images/90826671_0.jpeg,train,,,,,팬츠,,스트레이트,,,,,,,,,,스트레이트핏,,,,
images/90826752_0.jpeg,train,,,,,팬츠,조거·스웨트팬츠,,풀렝스,,,,,롱·긴바지 기장,,,,,,,,
images/90827246_0.jpeg,train,,,,,팬츠,,플레어,,,,,,,,,,플레어핏,,,,
images/90827442_0.jpeg,val,,,,,팬츠,레깅스,,카프리·7부,,,,,미디·7부 기장,,,,,,,,
images/90827574_0.jpeg,val,,,,,팬츠,레깅스,,카프리·7부,,,,,미디·7부 기장,,,,,,,,
images/90828339_0.jpeg,train,,,,,팬츠,,플레어,크롭·앵클,,,,,미디·7부 기장,,,,플레어핏,,,,
images/90828445_1.jpeg,val,,,,,팬츠,,플레어,,,,,,,,,,플레어핏,,,,
images/90828469_0.jpeg,train,,,,,팬츠,,플레어,,,,,,,,,,플레어핏,,,,
images/90829030_0.jpeg,train,,,,,팬츠,조거·스웨트팬츠,,풀렝스,,,,,롱·긴바지 기장,,,,,,,,
images/90829208_0.jpeg,val,,,,,팬츠,레깅스,,,,,,,,,,,,,,,
images/90829587_0.jpeg,train,,,,,팬츠,,플레어,,,,,,,,,,플레어핏,,,,
images/90829677_0.jpeg,train,,,,,팬츠,레깅스,,,,,,,,,,,,,,,
images/90829796_0.jpeg,train,,,,,팬츠,레깅스,,카프리·7부,,,,,미디·7부 기장,,,,,,,,
images/90830399_1.jpeg,train,,,,,팬츠,,팔라초,,,,,,,,,,와이드핏,,,,
images/90830614_0.jpeg,train,,,,,팬츠,요가 팬츠,,,,,,,,,,,,,,,
images/90830926_0.jpeg,train,,,,,팬츠,,테이퍼드,크롭·앵클,,,,,미디·7부 기장,,,,테이퍼드핏,,,,
images/90830992_0.jpeg,train,,,,,팬츠,조거·스웨트팬츠,스트레이트,,,,,,,,,,스트레이트핏,,,,
images/90832028_0.jpeg,train,,,,,팬츠,,스키니,,밑단 커프,,,,,,,,슬림핏,,,,
images/90834925_0.jpeg,val,,,,,팬츠,,플레어,풀렝스,,,,,롱·긴바지 기장,,,,플레어핏,,,,
images/90835009_0.jpeg,train,,,,,팬츠,,,크롭·앵클,,,,,미디·7부 기장,,,,,,,,
images/90835696_0.jpeg,train,,,,,팬츠,하렘 팬츠,,,,,,,,,,,,,,,
images/90835868_0.jpeg,val,,,,,팬츠,,,풀렝스,,,,,롱·긴바지 기장,,,,,,,,
images/90835882_0.jpeg,val,,,,,팬츠,,와이드,,,,,,,,,,와이드핏,,,,
images/90836289_0.jpeg,train,,,,,팬츠,레깅스,,,,,,,,,,,,,,,
images/90836447_0.jpeg,train,,,,,팬츠,,페그,,,,,,,,,,테이퍼드핏,,,,
images/90836564_0.jpeg,train,,,,,팬츠,,,풀렝스,,,,,롱·긴바지 기장,,,,,,,,
images/90836598_0.jpeg,train,,,,,청바지,청바지,플레어,풀렝스,,,,,롱·긴바지 기장,,,,플레어핏,,,데님,
images/90836802_0.jpeg,train,,,,,팬츠,,스키니,,,,,,,,,,슬림핏,,,,
images/90836970_0.jpeg,val,,,,,팬츠,,테이퍼드,풀렝스,,,,,롱·긴바지 기장,,,,테이퍼드핏,,,,
images/90838757_0.jpeg,train,,,,,팬츠,레깅스,,카프리·7부,,,,,미디·7부 기장,,,,,,,,
images/90839217_0.jpeg,train,,,,,팬츠,레깅스,,,,,,,,,,,,,,,
images/90840254_0.jpeg,train,,,,,팬츠,카고 팬츠,,크롭·앵클,카고 포켓,,,,미디·7부 기장,,,,,,,,
images/90840619_0.jpeg,train,,,,,팬츠,레깅스,,,,,,,,,,,,,,,
images/90842184_0.jpeg,train,,,,,팬츠,,스키니,,,,,,,,,,슬림핏,,,,
images/90842668_0.jpeg,val,,,,,팬츠,레깅스,,,,,,,,,,,,,,,
images/90844023_0.jpeg,val,,,,,팬츠,하렘 팬츠,와이드,,,,,,,,,,와이드핏,,,,
images/90844100_0.jpeg,train,,,,,팬츠,레깅스,,카프리·7부,,,,,미디·7부 기장,,,,,,,,
images/90844755_0.jpeg,train,,,,,팬츠,,스트레이트,,,,,,,,,,스트레이트핏,,,,
images/90844974_0.jpeg,val,,,,,팬츠,,플레어,,,,,,,,,,플레어핏,,,,
images/90846275_0.jpeg,val,,,,,팬츠,,플레어,풀렝스,,,,,롱·긴바지 기장,,,,플레어핏,,,,
images/90846851_0.jpeg,train,,,,,팬츠,,,카프리·7부,,,,,미디·7부 기장,,,,,,,,
images/90847441_1.jpeg,train,,,,,팬츠,레깅스,,카프리·7부,,,,,미디·7부 기장,,,,,,,,
images/90847454_0.jpeg,val,,,,,팬츠,레깅스,,카프리·7부,,,,,미디·7부 기장,,,,,,,,
images/90847927_0.jpeg,val,,,,,팬츠,,,카프리·7부,,,,,미디·7부 기장,,,,,,,,
images/90848485_0.jpeg,train,,,,,팬츠,,부츠컷,,,,,,,,,,플레어핏,,,,
images/90848773_0.jpeg,train,,,,,팬츠,,와이드,,,,,,,,,,와이드핏,,,,
images/90848894_0.jpeg,train,,,,,팬츠,레깅스,,카프리·7부,,,,,미디·7부 기장,,,,,,,,
images/90849490_1.jpeg,train,,,,,팬츠,레깅스,,카프리·7부,,,,,미디·7부 기장,,,,,,,,
images/90850048_0.jpeg,train,,,,,팬츠,레깅스,,카프리·7부,,,,,미디·7부 기장,,,,,,,,
images/90850364_0.jpeg,val,,,,,팬츠,레깅스,,,스터럽,,,,,,,,,,,,
images/90850554_0.jpeg,train,,,,,팬츠,레깅스,,카프리·7부,,,,,미디·7부 기장,,,,,,,,
images/90851042_0.jpeg,val,,,,,팬츠,레깅스,,카프리·7부,,,,,미디·7부 기장,,,,,,,,
images/90851509_0.jpeg,train,,,,,팬츠,레깅스,,,,,,,,,,,,,,,
images/90852360_0.jpeg,train,,,,,팬츠,레깅스,,,,,,,,,,,,,,,
images/90853594_0.jpeg,train,,,,,팬츠,레깅스,,카프리·7부,,,,,미디·7부 기장,,,,,,,,
images/90854045_0.jpeg,train,,,,,팬츠,레깅스,스트레이트,,,,,,,,,,스트레이트핏,,,,
images/90854736_0.jpeg,train,,,,,팬츠,레깅스,,,,,,,,,,,,,,,
images/90855741_0.jpeg,train,,,,,팬츠,,스트레이트,,,,,,,,,,스트레이트핏,,,,
images/90856610_0.jpeg,train,,,,,팬츠,레깅스,,카프리·7부,,,,,미디·7부 기장,,,,,,,,
images/90856983_0.jpeg,train,,,,,팬츠,레깅스,,카프리·7부,,,,,미디·7부 기장,,,,,,,,
images/90860123_0.jpeg,train,,,,,팬츠,카고 팬츠,,,카고 포켓,,,,,,,,,,,,
images/90860554_0.jpeg,val,,,,,팬츠,,스트레이트,,,,,,,,,,스트레이트핏,,,,
images/90860807_0.jpeg,train,,,,,팬츠,,플레어,,,,,,,,,,플레어핏,,,,
images/90861280_0.jpeg,train,,,,,팬츠,조거·스웨트팬츠,,,,,,,,,,,,,,,
images/90861731_0.jpeg,val,,,,,팬츠,,,크롭·앵클,,,,,미디·7부 기장,,,,,,,,
images/90861939_0.jpeg,train,,,,,팬츠,,스트레이트,,,,,,,,,,스트레이트핏,,,,
images/90862320_0.jpeg,train,,,,,팬츠,,부츠컷,풀렝스,,,,,롱·긴바지 기장,,,,플레어핏,,,,
images/90862504_0.jpeg,train,,,,,팬츠,,,크롭·앵클,,,,,미디·7부 기장,,,,,,,,
images/90862552_0.jpeg,train,,,,,청바지,청바지,스키니,,,,,,,,,,슬림핏,,,데님,
images/90862655_0.jpeg,val,,,,,팬츠,,플레어,크롭·앵클,,,,,미디·7부 기장,,,,플레어핏,,,,
images/90863575_0.jpeg,train,,,,,팬츠,레깅스,,카프리·7부,,,,,미디·7부 기장,,,,,,,,
images/90864355_0.jpeg,train,,,,,팬츠,,,크롭·앵클,,,,,미디·7부 기장,,,,,,,,
images/90865525_1.jpeg,train,,,,,팬츠,,스키니,,,,,,,,,,슬림핏,,,,
images/90865913_0.jpeg,train,,,,,팬츠,,,크롭·앵클,,,,,미디·7부 기장,,,,,,,,
images/90867330_0.jpeg,train,,,,,팬츠,,,크롭·앵클,밑단 커프,,,,미디·7부 기장,,,,,,,,
images/90867858_0.jpeg,train,,,,,팬츠,,스키니,,,,,,,,,,슬림핏,,,,
images/90869320_0.jpeg,train,,,,,팬츠,,와이드,,,,,,,,,,와이드핏,,,,
images/90869540_0.jpeg,train,,,,,팬츠,,스키니,,,,,,,,,,슬림핏,,,,
images/90869661_0.jpeg,train,,,,,팬츠,레깅스,,,,,,,,,,,,,,,
images/90870721_0.jpeg,train,,,,,팬츠,레깅스,,,,,,,,,,,,,,,
images/90871881_0.jpeg,val,,,,,팬츠,요가 팬츠,,,,,,,,,,,,,,,
images/90872041_0.jpeg,val,,,,,팬츠,,,크롭·앵클,,,,,미디·7부 기장,,,,,,,,
images/90872086_0.jpeg,train,,,,,팬츠,레깅스,,카프리·7부,,,,,미디·7부 기장,,,,,,,,
images/90872850_0.jpeg,val,,,,,팬츠,,스키니,,,,,,,,,,슬림핏,,,,
images/90872991_0.jpeg,train,,,,,팬츠,요가 팬츠,스트레이트,,,,,,,,,,스트레이트핏,,,,
images/90873044_0.jpeg,train,,,,,팬츠,요가 팬츠,,,,,,,,,,,,,,,
images/90873073_0.jpeg,train,,,,,팬츠,요가 팬츠,스트레이트,,,,,,,,,,스트레이트핏,,,,
images/90873542_0.jpeg,val,,,,,팬츠,,,풀렝스,,,,,롱·긴바지 기장,,,,,,,,
images/90874055_0.jpeg,train,,,,,팬츠,,와이드,,플리츠·턱,,,,,,,,와이드핏,,,,
images/90874087_1.jpeg,train,,,,,팬츠,레깅스,,,,,,,,,,,,,,,
images/90874571_0.jpeg,train,,,,,팬츠,,와이드,,,,,,,,,,와이드핏,,,,
images/90874745_0.jpeg,train,,,,,팬츠,레깅스,,,,,,,,,,,,,,,
images/90874785_0.jpeg,train,,,,,팬츠,,플레어,풀렝스,,,,,롱·긴바지 기장,,,,플레어핏,,,,
images/90874792_0.jpeg,train,,,,,팬츠,트랙팬츠,와이드,,,,,,,,,,와이드핏,,,,
images/90874994_3.jpeg,train,,,,,팬츠,,플레어,,,,,,,,,,플레어핏,,,,
images/90875354_0.jpeg,val,,,,,팬츠,조거·스웨트팬츠,,풀렝스,,,,,롱·긴바지 기장,,,,,,,,
images/90876171_0.jpeg,train,,,,,팬츠,,,풀렝스,,,,,롱·긴바지 기장,,,,,,,,
images/90876555_0.jpeg,train,,,,,팬츠,,테이퍼드,크롭·앵클,,,,,미디·7부 기장,,,,테이퍼드핏,,,,
images/90877375_0.jpeg,val,,,,,팬츠,,스키니,,,,,,,,,,슬림핏,,,,
images/90878515_0.jpeg,train,,,,,팬츠,,팔라초,,,,,,,,,,와이드핏,,,,
images/90878589_0.jpeg,train,,,,,팬츠,,,크롭·앵클,,,,,미디·7부 기장,,,,,,,,
images/90878877_0.jpeg,train,,,,,팬츠,,,크롭·앵클,,,,,미디·7부 기장,,,,,,,,
images/90879082_0.jpeg,train,,,,,팬츠,레깅스,,카프리·7부,,,,,미디·7부 기장,,,,,,,,
images/90879098_0.jpeg,train,,,,,팬츠,슬랙스,스트레이트,,,,,,,,,,스트레이트핏,,,,
images/90879102_0.jpeg,val,,,,,팬츠,,스키니,,,,,,,,,,슬림핏,,,,
images/90879660_0.jpeg,train,,,,,팬츠,조거·스웨트팬츠,,풀렝스,,,,,롱·긴바지 기장,,,,,,,,
images/90879857_0.jpeg,train,,,,,팬츠,,플레어,크롭·앵클,,,,,미디·7부 기장,,,,플레어핏,,,,
images/90880109_0.jpeg,train,,,,,팬츠,레깅스,,카프리·7부,,,,,미디·7부 기장,,,,,,,,
images/90880654_0.jpeg,train,,,,,팬츠,,와이드,,사이드 스트라이프,,,,,,,,와이드핏,,,,
images/90881292_0.jpeg,train,,,,,팬츠,,스트레이트,,드로스트링,,,,,,,,스트레이트핏,,,,
images/90881878_0.jpeg,train,,,,,팬츠,조거·스웨트팬츠,스키니,,,,,,,,,,슬림핏,,,,
images/90881997_0.jpeg,val,,,,,팬츠,카고 팬츠,스키니,,카고 포켓,,,,,,,,슬림핏,,,,
images/90882216_0.jpeg,val,,,,,팬츠,,부츠컷,,,,,,,,,,플레어핏,,,,
images/90882498_0.jpeg,train,,,,,팬츠,,플레어,,,,,,,,,,플레어핏,,,,
images/90882750_0.jpeg,train,,,,,팬츠,트랙팬츠,,크롭·앵클,,,,,미디·7부 기장,,,,,,,,
images/90883703_0.jpeg,train,,,,,팬츠,하렘 팬츠,,,,,,,,,,,,,,,
images/90884055_0.jpeg,train,,,,,팬츠,조거·스웨트팬츠,,풀렝스,,,,,롱·긴바지 기장,,,,,,,,
images/90884376_0.jpeg,train,,,,,팬츠,,,카프리·7부,,,,,미디·7부 기장,,,,,,,,
images/90884928_0.jpeg,train,,,,,팬츠,,스키니,크롭·앵클,,,,,미디·7부 기장,,,,슬림핏,,,,
images/90885576_0.jpeg,val,,,,,팬츠,,페그,,,,,,,,,,테이퍼드핏,,,,
images/90887801_0.jpeg,train,,,,,팬츠,,부츠컷,풀렝스,,,,,롱·긴바지 기장,,,,플레어핏,,,,
images/90888792_0.jpeg,train,,,,,팬츠,,,풀렝스,밑단 커프,,,,롱·긴바지 기장,,,,,,,,
images/90890690_0.jpeg,train,,,,,팬츠,,부츠컷,풀렝스,,,,,롱·긴바지 기장,,,,플레어핏,,,,
images/90891233_0.jpeg,val,,,,,팬츠,,테이퍼드,풀렝스,드로스트링,,,,롱·긴바지 기장,,,,테이퍼드핏,,,,
images/90892908_0.jpeg,train,,,,,팬츠,조거·스웨트팬츠,,풀렝스,,,,,롱·긴바지 기장,,,,,,,,
images/90893720_0.jpeg,train,,,,,청바지,청바지,스키니,풀렝스,,,,,롱·긴바지 기장,,,,슬림핏,,,데님,
images/90894242_0.jpeg,train,,,,,청바지,청바지,,크롭·앵클,,,,,미디·7부 기장,,,,,,,데님,
images/90894609_0.jpeg,train,,,,,팬츠,카고 팬츠,스키니,,카고 포켓,,,,,,,,슬림핏,,,,
images/90894729_1.jpeg,train,,,,,팬츠,레깅스,,,,,,,,,,,,,,,
images/90894999_0.jpeg,train,,,,,팬츠,,,크롭·앵클,,,,,미디·7부 기장,,,,,,,,
images/90895622_0.jpeg,val,,,,,팬츠,,와이드,,플리츠·턱,,,,,,,,와이드핏,,,,
images/90896086_0.jpeg,train,,,,,팬츠,,,풀렝스,,,,,롱·긴바지 기장,,,,,,,,
images/90896223_0.jpeg,train,,,,,팬츠,,,크롭·앵클,플리츠·턱,,,,미디·7부 기장,,,,,,,,
images/90897423_0.jpeg,val,,,,,팬츠,,플레어,,,,,,,,,,플레어핏,,,,
images/90901258_0.jpeg,train,,,,,팬츠,,페그,크롭·앵클,,,,,미디·7부 기장,,,,테이퍼드핏,,,,
images/90902045_0.jpeg,train,,,,,팬츠,,스키니,,,,,,,,,,슬림핏,,,,
images/90902189_0.jpeg,train,,,,,팬츠,,,풀렝스,,,,,롱·긴바지 기장,,,,,,,,
images/90902244_0.jpeg,train,,,,,팬츠,레깅스,,,,,,,,,,,,,,,
images/90904077_0.jpeg,train,,,,,팬츠,,,풀렝스,,,,,롱·긴바지 기장,,,,,,,,
images/90904248_0.jpeg,train,,,,,팬츠,레깅스,,,,,,,,,,,,,,,
images/90904404_0.jpeg,val,,,,,팬츠,레깅스,,,스터럽,,,,,,,,,,,,
images/90904946_1.jpeg,train,,,,,팬츠,,테이퍼드,,,,,,,,,,테이퍼드핏,,,,
images/90905113_0.jpeg,train,,,,,팬츠,조거·스웨트팬츠,,크롭·앵클,,,,,미디·7부 기장,,,,,,,,
images/90905295_0.jpeg,train,,,,,팬츠,조거·스웨트팬츠,,풀렝스,,,,,롱·긴바지 기장,,,,,,,,
images/90906207_0.jpeg,train,,,,,팬츠,,플레어,,,,,,,,,,플레어핏,,,,
images/90906650_0.jpeg,train,,,,,팬츠,,스키니,,5포켓,,,,,,,,슬림핏,,,,
images/90907175_0.jpeg,train,,,,,팬츠,,,크롭·앵클,플리츠·턱,,,,미디·7부 기장,,,,,,,,
images/90907279_0.jpeg,train,,,,,팬츠,,와이드,,,,,,,,,,와이드핏,,,,
images/90907409_0.jpeg,train,,,,,팬츠,조거·스웨트팬츠,스트레이트,,,,,,,,,,스트레이트핏,,,,
images/90907636_0.jpeg,val,,,,,팬츠,,스트레이트,,,,,,,,,,스트레이트핏,,,,
images/90907771_1.jpeg,train,,,,,팬츠,,,크롭·앵클,,,,,미디·7부 기장,,,,,,,,
images/90907789_0.jpeg,train,,,,,청바지,청바지,플레어,,,,,,,,,,플레어핏,,,데님,
images/90907837_0.jpeg,train,,,,,팬츠,트랙팬츠,,풀렝스,,,,,롱·긴바지 기장,,,,,,,,
images/90908320_0.jpeg,train,,,,,팬츠,,스키니,,사이드 스트라이프,,,,,,,,슬림핏,,,,
images/90908582_0.jpeg,val,,,,,팬츠,조거·스웨트팬츠,,풀렝스,,,,,롱·긴바지 기장,,,,,,,,
images/90909437_0.jpeg,train,,,,,팬츠,트랙팬츠,,,,,,,,,,,,,,,
images/90909769_1.jpeg,train,,,,,팬츠,,,크롭·앵클,사이드 스트라이프,,,,미디·7부 기장,,,,,,,,
images/90912301_1.jpeg,train,,,,,팬츠,,,풀렝스,드로스트링,,,,롱·긴바지 기장,,,,,,,,
images/90912707_0.jpeg,train,,,,,팬츠,,플레어,,,,,,,,,,플레어핏,,,,
images/90912748_0.jpeg,train,,,,,팬츠,카고 팬츠,,풀렝스,카고 포켓,,,,롱·긴바지 기장,,,,,,,,
images/90912864_0.jpeg,train,,,,,팬츠,,,풀렝스,플리츠·턱,,,,롱·긴바지 기장,,,,,,,,
images/90913086_0.jpeg,val,,,,,팬츠,카고 팬츠,스키니,,카고 포켓|밑단 커프,,,,,,,,슬림핏,,,,
images/90913244_0.jpeg,train,,,,,팬츠,레깅스,,,,,,,,,,,,,,,
images/90913553_0.jpeg,train,,,,,팬츠,레깅스,,,,,,,,,,,,,,,
images/90913731_0.jpeg,val,,,,,팬츠,조거·스웨트팬츠,스키니,,,,,,,,,,슬림핏,,,,
images/90915383_1.jpeg,train,,,,,팬츠,,플레어,,,,,,,,,,플레어핏,,,,
images/90915402_1.jpeg,train,,,,,팬츠,,플레어,풀렝스,,,,,롱·긴바지 기장,,,,플레어핏,,,,
images/90917483_0.jpeg,train,,,,,팬츠,레깅스,,,,,,,,,,,,,,,
images/90917553_0.jpeg,train,,,,,청바지,청바지,와이드,,,,,,,,,,와이드핏,,,데님,
images/90918573_0.jpeg,train,,,,,팬츠,,,풀렝스,,,,,롱·긴바지 기장,,,,,,,,
images/90918704_0.jpeg,train,,,,,팬츠,,스트레이트,,,,,,,,,,스트레이트핏,,,,
images/90918729_0.jpeg,train,,,,,팬츠,레깅스,,카프리·7부,,,,,미디·7부 기장,,,,,,,,
images/90918834_0.jpeg,train,,,,,팬츠,레깅스,,,,,,,,,,,,,,,
images/90919995_0.jpeg,train,,,,,팬츠,,스키니,,,,,,,,,,슬림핏,,,,
images/90920389_0.jpeg,train,,,,,팬츠,,,카프리·7부,,,,,미디·7부 기장,,,,,,,,
images/90920673_0.jpeg,val,,,,,팬츠,레깅스,스키니,,,,,,,,,,슬림핏,,,,
images/90921518_0.jpeg,val,,,,,팬츠,,테이퍼드,크롭·앵클,,,,,미디·7부 기장,,,,테이퍼드핏,,,,
images/90921772_0.jpeg,train,,,,,팬츠,,,풀렝스,,,,,롱·긴바지 기장,,,,,,,,
images/90922405_0.jpeg,train,,,,,팬츠,치노 팬츠,스트레이트,,,,,,,,,,스트레이트핏,,,,
images/90923305_0.jpeg,train,,,,,팬츠,레깅스,스트레이트,,,,,,,,,,스트레이트핏,,,,
images/90924288_0.jpeg,train,,,,,팬츠,,스트레이트,,,,,,,,,,스트레이트핏,,,,
images/90925278_0.jpeg,val,,,,,팬츠,,,풀렝스,,,,,롱·긴바지 기장,,,,,,,,
images/90925486_1.jpeg,train,,,,,팬츠,트랙팬츠,,풀렝스,,,,,롱·긴바지 기장,,,,,,,,
images/90925832_0.jpeg,train,,,,,팬츠,슬랙스,,크롭·앵클,,,,,미디·7부 기장,,,,,,,,
images/90926242_0.jpeg,train,,,,,팬츠,카고 팬츠,,크롭·앵클,카고 포켓,,,,미디·7부 기장,,,,,,,,
images/90926495_0.jpeg,train,,,,,팬츠,,스키니,,,,,,,,,,슬림핏,,,,
images/90926578_2.jpeg,train,,,,,팬츠,,,크롭·앵클,,,,,미디·7부 기장,,,,,,,,
images/90926884_0.jpeg,train,,,,,팬츠,,부츠컷,풀렝스,,,,,롱·긴바지 기장,,,,플레어핏,,,,
images/90926918_1.jpeg,train,,,,,팬츠,,플레어,,,,,,,,,,플레어핏,,,,
images/90928134_0.jpeg,val,,,,,팬츠,레깅스,,카프리·7부,,,,,미디·7부 기장,,,,,,,,
images/90928249_0.jpeg,train,,,,,팬츠,,부츠컷,,,,,,,,,,플레어핏,,,,
images/90928255_0.jpeg,train,,,,,팬츠,,,풀렝스,,,,,롱·긴바지 기장,,,,,,,,
images/90928468_0.jpeg,train,,,,,팬츠,하렘 팬츠,플레어,,,,,,,,,,플레어핏,,,,
images/90928781_0.jpeg,train,,,,,팬츠,,,크롭·앵클,,,,,미디·7부 기장,,,,,,,,
images/90928828_0.jpeg,train,,,,,팬츠,,와이드,,,,,,,,,,와이드핏,,,,
images/90928970_0.jpeg,train,,,,,팬츠,조거·스웨트팬츠,,풀렝스,,,,,롱·긴바지 기장,,,,,,,,
images/90929060_0.jpeg,val,,,,,팬츠,,테이퍼드,,,,,,,,,,테이퍼드핏,,,,
images/90929451_0.jpeg,train,,,,,팬츠,,스키니,,,,,,,,,,슬림핏,,,,
images/90931903_0.jpeg,train,,,,,팬츠,트랙팬츠,스트레이트,,,,,,,,,,스트레이트핏,,,,
images/90932351_0.jpeg,train,,,,,팬츠,트랙팬츠,,풀렝스,,,,,롱·긴바지 기장,,,,,,,,
images/90933068_0.jpeg,val,,,,,팬츠,,와이드,,플리츠·턱,,,,,,,,와이드핏,,,,
images/90934714_0.jpeg,train,,,,,팬츠,,,풀렝스,드로스트링,,,,롱·긴바지 기장,,,,,,,,
images/90937940_3.jpeg,train,,,,,팬츠,하렘 팬츠,,,,,,,,,,,,,,,
images/90938157_0.jpeg,train,,,,,팬츠,,플레어,,,,,,,,,,플레어핏,,,,
images/90946778_0.jpeg,train,,,,,팬츠,레깅스,,카프리·7부,,,,,미디·7부 기장,,,,,,,,
images/90947644_0.jpeg,train,,,,,팬츠,카고 팬츠,,풀렝스,카고 포켓,,,,롱·긴바지 기장,,,,,,,,
images/90948769_0.jpeg,val,,,,,팬츠,레깅스,,카프리·7부,,,,,미디·7부 기장,,,,,,,,
images/90949230_0.jpeg,train,,,,,팬츠,,,크롭·앵클,,,,,미디·7부 기장,,,,,,,,
images/90949884_0.jpeg,train,,,,,팬츠,레깅스,,,,,,,,,,,,,,,
images/90949998_0.jpeg,val,,,,,팬츠,레깅스,,,,,,,,,,,,,,,
images/90950378_0.jpeg,train,,,,,팬츠,,스트레이트,,,,,,,,,,스트레이트핏,,,,
images/90951534_0.jpeg,train,,,,,팬츠,하렘 팬츠,,,드로스트링,,,,,,,,,,,,
images/90952344_0.jpeg,train,,,,,팬츠,,플레어,풀렝스,,,,,롱·긴바지 기장,,,,플레어핏,,,,
images/90952586_1.jpeg,train,,,,,팬츠,,테이퍼드,크롭·앵클,,,,,미디·7부 기장,,,,테이퍼드핏,,,,
images/90952593_0.jpeg,val,,,,,팬츠,치노 팬츠,,크롭·앵클,,,,,미디·7부 기장,,,,,,,,
images/90953078_0.jpeg,train,,,,,팬츠,,부츠컷,풀렝스,,,,,롱·긴바지 기장,,,,플레어핏,,,,
images/90953134_0.jpeg,train,,,,,팬츠,,스트레이트,,,,,,,,,,스트레이트핏,,,,
images/90953135_0.jpeg,train,,,,,팬츠,트랙팬츠,,크롭·앵클,,,,,미디·7부 기장,,,,,,,,
images/90953752_0.jpeg,train,,,,,팬츠,,,풀렝스,,,,,롱·긴바지 기장,,,,,,,,
images/90954770_0.jpeg,train,,,,,팬츠,,스키니,,,,,,,,,,슬림핏,,,,
images/90955273_1.jpeg,train,,,,,팬츠,세일러 팬츠,와이드,,,,,,,,,,와이드핏,,,,
images/90955810_0.jpeg,val,,,,,팬츠,,스트레이트,,,,,,,,,,스트레이트핏,,,,
images/90955938_0.jpeg,train,,,,,팬츠,,테이퍼드,풀렝스,,,,,롱·긴바지 기장,,,,테이퍼드핏,,,,
images/90956133_0.jpeg,train,,,,,팬츠,,스트레이트,,,,,,,,,,스트레이트핏,,,,
images/90956635_0.jpeg,val,,,,,팬츠,,와이드,크롭·앵클,,,,,미디·7부 기장,,,,와이드핏,,,,
images/90956859_0.jpeg,train,,,,,팬츠,,스키니,,,,,,,,,,슬림핏,,,,
images/90957112_0.jpeg,train,,,,,팬츠,세일러 팬츠,와이드,,,,,,,,,,와이드핏,,,,
images/90957229_0.jpeg,train,,,,,팬츠,레깅스,,,,,,,,,,,,,,,
images/90957768_0.jpeg,train,,,,,팬츠,레깅스,,,,,,,,,,,,,,,
images/90958599_0.jpeg,train,,,,,팬츠,하렘 팬츠,테이퍼드,,,,,,,,,,테이퍼드핏,,,,
images/90958857_0.jpeg,train,,,,,팬츠,,,풀렝스,,,,,롱·긴바지 기장,,,,,,,,
images/90958920_1.jpeg,val,,,,,팬츠,세일러 팬츠,와이드,,,,,,,,,,와이드핏,,,,
images/90958987_0.jpeg,val,,,,,팬츠,치노 팬츠,,풀렝스,,,,,롱·긴바지 기장,,,,,,,,
images/90959096_0.jpeg,train,,,,,팬츠,카고 팬츠,,,카고 포켓,,,,,,,,,,,,
images/90959617_0.jpeg,train,,,,,팬츠,하렘 팬츠,,,,,,,,,,,,,,,
images/90960286_1.jpeg,train,,,,,팬츠,조거·스웨트팬츠,스트레이트,,,,,,,,,,스트레이트핏,,,,
images/90960301_0.jpeg,train,,,,,팬츠,치노 팬츠,스트레이트,,,,,,,,,,스트레이트핏,,,,
images/90960919_0.jpeg,train,,,,,팬츠,조거·스웨트팬츠,,풀렝스,밑단 커프,,,,롱·긴바지 기장,,,,,,,,
images/90961107_0.jpeg,val,,,,,팬츠,,,풀렝스,,,,,롱·긴바지 기장,,,,,,,,
images/90961487_1.jpeg,train,,,,,팬츠,,테이퍼드,,,,,,,,,,테이퍼드핏,,,,
images/90962786_0.jpeg,val,,,,,팬츠,,,카프리·7부,,,,,미디·7부 기장,,,,,,,,
images/90962950_0.jpeg,train,,,,,팬츠,조거·스웨트팬츠,스키니,,,,,,,,,,슬림핏,,,,
images/90963943_0.jpeg,train,,,,,팬츠,하렘 팬츠,,,,,,,,,,,,,,,
images/90964324_0.jpeg,train,,,,,팬츠,슬랙스,,풀렝스,,,,,롱·긴바지 기장,,,,,,,,
images/90964530_1.jpeg,train,,,,,팬츠,,부츠컷,풀렝스,,,,,롱·긴바지 기장,,,,플레어핏,,,,
images/90965717_0.jpeg,train,,,,,팬츠,조거·스웨트팬츠,,풀렝스,,,,,롱·긴바지 기장,,,,,,,,
images/90966151_0.jpeg,train,,,,,팬츠,,,풀렝스,,,,,롱·긴바지 기장,,,,,,,,
images/90968687_0.jpeg,train,,,,,팬츠,,테이퍼드,,,,,,,,,,테이퍼드핏,,,,
images/90969539_1.jpeg,val,,,,,팬츠,,팔라초,,,,,,,,,,와이드핏,,,,
images/90969626_0.jpeg,val,,,,,팬츠,조거·스웨트팬츠,,풀렝스,밑단 커프,,,,롱·긴바지 기장,,,,,,,,
images/90969946_0.jpeg,train,,,,,팬츠,레깅스,스키니,,,,,,,,,,슬림핏,,,,
images/90970608_0.jpeg,train,,,,,팬츠,하렘 팬츠,,,,,,,,,,,,,,,
images/90970612_1.jpeg,train,,,,,팬츠,트랙팬츠,와이드,,,,,,,,,,와이드핏,,,,
images/90970645_0.jpeg,train,,,,,팬츠,,,풀렝스,,,,,롱·긴바지 기장,,,,,,,,
images/90971216_0.jpeg,train,,,,,팬츠,레깅스,스키니,,,,,,,,,,슬림핏,,,,
images/90971700_0.jpeg,train,,,,,팬츠,,,크롭·앵클,,,,,미디·7부 기장,,,,,,,,
images/90971837_0.jpeg,train,,,,,팬츠,트랙팬츠,,풀렝스,,,,,롱·긴바지 기장,,,,,,,,
images/90971914_1.jpeg,train,,,,,팬츠,하렘 팬츠,,,,,,,,,,,,,,,
images/90972553_0.jpeg,train,,,,,팬츠,,플레어,,,,,,,,,,플레어핏,,,,
images/90973095_0.jpeg,train,,,,,팬츠,하렘 팬츠,,,,,,,,,,,,,,,
images/90973642_0.jpeg,train,,,,,팬츠,트랙팬츠,,,,,,,,,,,,,,,
images/90973750_0.jpeg,val,,,,,팬츠,,,풀렝스,,,,,롱·긴바지 기장,,,,,,,,
images/90974005_0.jpeg,train,,,,,팬츠,세일러 팬츠,,크롭·앵클,,,,,미디·7부 기장,,,,,,,,
images/90975800_0.jpeg,val,,,,,팬츠,조거·스웨트팬츠,,풀렝스,,,,,롱·긴바지 기장,,,,,,,,
images/90976344_2.jpeg,train,,,,,팬츠,,,크롭·앵클,,,,,미디·7부 기장,,,,,,,,
images/90977243_0.jpeg,train,,,,,팬츠,조거·스웨트팬츠,,풀렝스,,,,,롱·긴바지 기장,,,,,,,,
images/90977480_0.jpeg,train,,,,,팬츠,레깅스,,카프리·7부,,,,,미디·7부 기장,,,,,,,,
images/90978965_1.jpeg,train,,,,,팬츠,,와이드,,,,,,,,,,와이드핏,,,,
images/90979854_0.jpeg,train,,,,,팬츠,,부츠컷,풀렝스,,,,,롱·긴바지 기장,,,,플레어핏,,,,
images/90982033_3.jpeg,val,,,,,팬츠,,팔라초,,,,,,,,,,와이드핏,,,,
images/90982110_0.jpeg,val,,,,,팬츠,,,풀렝스,,,,,롱·긴바지 기장,,,,,,,,
images/90982683_0.jpeg,val,,,,,팬츠,레깅스,,,,,,,,,,,,,,,
images/90983180_0.jpeg,train,,,,,팬츠,,스키니,,,,,,,,,,슬림핏,,,,
images/90983316_0.jpeg,train,,,,,팬츠,,스트레이트,,,,,,,,,,스트레이트핏,,,,
images/90983724_1.jpeg,val,,,,,팬츠,,,크롭·앵클,,,,,미디·7부 기장,,,,,,,,
images/90984019_0.jpeg,train,,,,,팬츠,,,크롭·앵클,,,,,미디·7부 기장,,,,,,,,
images/90985357_0.jpeg,train,,,,,팬츠,,,풀렝스,,,,,롱·긴바지 기장,,,,,,,,
images/90985429_0.jpeg,val,,,,,팬츠,조거·스웨트팬츠,,크롭·앵클,,,,,미디·7부 기장,,,,,,,,
images/90985719_0.jpeg,train,,,,,팬츠,레깅스,,카프리·7부,,,,,미디·7부 기장,,,,,,,,
images/90986215_0.jpeg,train,,,,,팬츠,,,크롭·앵클,,,,,미디·7부 기장,,,,,,,,
images/90987169_0.jpeg,train,,,,,팬츠,,스키니,,,,,,,,,,슬림핏,,,,
images/90987260_0.jpeg,train,,,,,팬츠,,스키니,,,,,,,,,,슬림핏,,,,
images/90987312_0.jpeg,val,,,,,팬츠,레깅스,,,,,,,,,,,,,,,
images/90987802_0.jpeg,train,,,,,팬츠,,,풀렝스,,,,,롱·긴바지 기장,,,,,,,,
images/90988672_0.jpeg,val,,,,,팬츠,조거·스웨트팬츠,,크롭·앵클,,,,,미디·7부 기장,,,,,,,,
images/90988796_0.jpeg,val,,,,,팬츠,,스키니,,,,,,,,,,슬림핏,,,,
images/90989832_0.jpeg,train,,,,,팬츠,,,풀렝스,드로스트링,,,,롱·긴바지 기장,,,,,,,,
images/90990470_0.jpeg,val,,,,,팬츠,,플레어,풀렝스,,,,,롱·긴바지 기장,,,,플레어핏,,,,
images/90990597_0.jpeg,train,,,,,팬츠,,스트레이트,,,,,,,,,,스트레이트핏,,,,
images/90991462_0.jpeg,train,,,,,팬츠,레깅스,,카프리·7부,,,,,미디·7부 기장,,,,,,,,
images/90991512_0.jpeg,train,,,,,팬츠,레깅스,,카프리·7부,,,,,미디·7부 기장,,,,,,,,
images/90991929_0.jpeg,train,,,,,팬츠,,,크롭·앵클,밑단 커프,,,,미디·7부 기장,,,,,,,,
images/90992119_0.jpeg,train,,,,,청바지,청바지,스키니,,,,,,,,,,슬림핏,,,데님,
images/90992651_0.jpeg,val,,,,,팬츠,,스트레이트,,드로스트링,,,,,,,,스트레이트핏,,,,
images/90993211_0.jpeg,train,,,,,팬츠,,,풀렝스,,,,,롱·긴바지 기장,,,,,,,,
images/90993486_0.jpeg,train,,,,,팬츠,,스트레이트,,,,,,,,,,스트레이트핏,,,,
images/90994255_0.jpeg,train,,,,,팬츠,,테이퍼드,크롭·앵클,,,,,미디·7부 기장,,,,테이퍼드핏,,,,
images/90994374_0.jpeg,train,,,,,팬츠,레깅스,,,,,,,,,,,,,,,
images/90995705_0.jpeg,train,,,,,팬츠,,,크롭·앵클,플리츠·턱,,,,미디·7부 기장,,,,,,,,
images/90996117_0.jpeg,train,,,,,팬츠,레깅스,,,,,,,,,,,,,,,
images/90996210_0.jpeg,val,,,,,팬츠,레깅스,,,사이드 스트라이프,,,,,,,,,,,,
images/90996311_0.jpeg,val,,,,,팬츠,,페그,풀렝스,,,,,롱·긴바지 기장,,,,테이퍼드핏,,,,
images/90996458_0.jpeg,train,,,,,팬츠,,,풀렝스,,,,,롱·긴바지 기장,,,,,,,,
images/90996464_0.jpeg,val,,,,,팬츠,,페그,,,,,,,,,,테이퍼드핏,,,,
images/90996651_0.jpeg,train,,,,,팬츠,,,카프리·7부,,,,,미디·7부 기장,,,,,,,,
images/90997676_0.jpeg,val,,,,,팬츠,,,풀렝스,,,,,롱·긴바지 기장,,,,,,,,
images/90997822_0.jpeg,train,,,,,팬츠,조거·스웨트팬츠,,풀렝스,,,,,롱·긴바지 기장,,,,,,,,
images/90997887_0.jpeg,train,,,,,팬츠,,플레어,풀렝스,,,,,롱·긴바지 기장,,,,플레어핏,,,,
images/90997922_0.jpeg,val,,,,,팬츠,조거·스웨트팬츠,,,,,,,,,,,,,,,
images/90998477_0.jpeg,train,,,,,팬츠,,테이퍼드,풀렝스,,,,,롱·긴바지 기장,,,,테이퍼드핏,,,,
images/90998513_0.jpeg,train,,,,,팬츠,,페그,풀렝스,,,,,롱·긴바지 기장,,,,테이퍼드핏,,,,
images/90999162_0.jpeg,val,,,,,팬츠,,스키니,,,,,,,,,,슬림핏,,,,
images/90999227_0.jpeg,train,,,,,팬츠,레깅스,스트레이트,,,,,,,,,,스트레이트핏,,,,
images/90999637_0.jpeg,train,,,,,팬츠,조거·스웨트팬츠,스트레이트,,,,,,,,,,스트레이트핏,,,,
images/91000327_0.jpeg,val,,,,,팬츠,트랙팬츠,,풀렝스,,,,,롱·긴바지 기장,,,,,,,,
images/91000693_0.jpeg,train,,,,,팬츠,,와이드,,,,,,,,,,와이드핏,,,,
images/91001176_0.jpeg,train,,,,,팬츠,레깅스,,,,,,,,,,,,,,,
images/91001700_0.jpeg,train,,,,,팬츠,,,크롭·앵클,,,,,미디·7부 기장,,,,,,,,
images/91001702_0.jpeg,train,,,,,팬츠,레깅스,,,,,,,,,,,,,,,
images/91001844_0.jpeg,train,,,,,팬츠,,테이퍼드,,,,,,,,,,테이퍼드핏,,,,
images/91001927_0.jpeg,train,,,,,팬츠,,와이드,,,,,,,,,,와이드핏,,,,
images/91002079_0.jpeg,train,,,,,팬츠,,,풀렝스,,,,,롱·긴바지 기장,,,,,,,,
images/91002213_0.jpeg,train,,,,,팬츠,,와이드,,플리츠·턱,,,,,,,,와이드핏,,,,
images/91002967_0.jpeg,train,,,,,팬츠,,테이퍼드,크롭·앵클,,,,,미디·7부 기장,,,,테이퍼드핏,,,,
images/91006650_0.jpeg,train,,,,,팬츠,,,풀렝스,,,,,롱·긴바지 기장,,,,,,,,
images/91006974_0.jpeg,train,,,,,팬츠,하렘 팬츠,,,,,,,,,,,,,,,
images/91006992_0.jpeg,train,,,,,팬츠,카고 팬츠,스트레이트,,카고 포켓,,,,,,,,스트레이트핏,,,,
images/91010718_0.jpeg,train,,,,,팬츠,,팔라초,,,,,,,,,,와이드핏,,,,
images/91010939_0.jpeg,train,,,,,팬츠,,스키니,,,,,,,,,,슬림핏,,,,
images/91011911_0.jpeg,train,,,,,팬츠,,플레어,크롭·앵클,,,,,미디·7부 기장,,,,플레어핏,,,,
images/91011954_0.jpeg,train,,,,,팬츠,,부츠컷,풀렝스,,,,,롱·긴바지 기장,,,,플레어핏,,,,
images/91012414_1.jpeg,train,,,,,팬츠,조거·스웨트팬츠,,풀렝스,,,,,롱·긴바지 기장,,,,,,,,
images/91013191_0.jpeg,train,,,,,팬츠,조거·스웨트팬츠,,크롭·앵클,,,,,미디·7부 기장,,,,,,,,
images/91014723_0.jpeg,train,,,,,팬츠,,플레어,풀렝스,,,,,롱·긴바지 기장,,,,플레어핏,,,,
images/91014764_0.jpeg,train,,,,,팬츠,조거·스웨트팬츠,스트레이트,,,,,,,,,,스트레이트핏,,,,
images/91016189_0.jpeg,train,,,,,팬츠,조거·스웨트팬츠,,크롭·앵클,,,,,미디·7부 기장,,,,,,,,
images/91016870_0.jpeg,val,,,,,팬츠,카고 팬츠,스키니,,카고 포켓,,,,,,,,슬림핏,,,,
images/91017006_0.jpeg,train,,,,,팬츠,,스트레이트,,,,,,,,,,스트레이트핏,,,,
images/91017399_0.jpeg,train,,,,,팬츠,,스트레이트,,드로스트링,,,,,,,,스트레이트핏,,,,
images/91017406_0.jpeg,train,,,,,팬츠,요가 팬츠,,,,,,,,,,,,,,,
images/91017442_0.jpeg,train,,,,,팬츠,,테이퍼드,풀렝스,,,,,롱·긴바지 기장,,,,테이퍼드핏,,,,
images/91017773_0.jpeg,train,,,,,팬츠,,,풀렝스,드로스트링,,,,롱·긴바지 기장,,,,,,,,
images/91017833_0.jpeg,train,,,,,팬츠,조거·스웨트팬츠,,크롭·앵클,,,,,미디·7부 기장,,,,,,,,
images/91017838_0.jpeg,train,,,,,팬츠,,테이퍼드,,,,,,,,,,테이퍼드핏,,,,
images/91017892_0.jpeg,train,,,,,팬츠,하렘 팬츠,,,드로스트링,,,,,,,,,,,,
images/91019289_0.jpeg,train,,,,,팬츠,,,풀렝스,드로스트링,,,,롱·긴바지 기장,,,,,,,,
images/91020499_0.jpeg,train,,,,,팬츠,레깅스,,카프리·7부,,,,,미디·7부 기장,,,,,,,,
images/91021615_0.jpeg,val,,,,,팬츠,카고 팬츠,,풀렝스,카고 포켓,,,,롱·긴바지 기장,,,,,,,,
images/91024084_0.jpeg,train,,,,,팬츠,,,카프리·7부,,,,,미디·7부 기장,,,,,,,,
images/91024688_2.jpeg,train,,,,,팬츠,레깅스,,카프리·7부,,,,,미디·7부 기장,,,,,,,,
images/91025726_0.jpeg,train,,,,,팬츠,레깅스,,카프리·7부,,,,,미디·7부 기장,,,,,,,,
images/91031326_2.jpeg,train,,,,,팬츠,레깅스,,카프리·7부,,,,,미디·7부 기장,,,,,,,,
images/91031617_0.jpeg,val,,,,,팬츠,,,카프리·7부,,,,,미디·7부 기장,,,,,,,,
images/91032764_0.jpeg,train,,,,,팬츠,,플레어,,,,,,,,,,플레어핏,,,,
images/91033233_0.jpeg,train,,,,,팬츠,,스트레이트,풀렝스,,,,,롱·긴바지 기장,,,,스트레이트핏,,,,
images/91033416_0.jpeg,train,,,,,팬츠,요가 팬츠,,,,,,,,,,,,,,,
images/91034322_1.jpeg,train,,,,,팬츠,하렘 팬츠,플레어,,,,,,,,,,플레어핏,,,,
images/91034920_0.jpeg,train,,,,,팬츠,레깅스,,카프리·7부,,,,,미디·7부 기장,,,,,,,,
images/91036299_0.jpeg,train,,,,,팬츠,트랙팬츠,스키니,,,,,,,,,,슬림핏,,,,
images/91037194_0.jpeg,val,,,,,팬츠,레깅스,,,,,,,,,,,,,,,
images/91037851_0.jpeg,train,,,,,팬츠,,스트레이트,,,,,,,,,,스트레이트핏,,,,
images/91038114_0.jpeg,train,,,,,팬츠,레깅스,,,,,,,,,,,,,,,
images/91039088_0.jpeg,val,,,,,팬츠,요가 팬츠,,크롭·앵클,,,,,미디·7부 기장,,,,,,,,
images/91039258_0.jpeg,train,,,,,팬츠,,,풀렝스,드로스트링,,,,롱·긴바지 기장,,,,,,,,
images/91039782_0.jpeg,train,,,,,팬츠,레깅스,,카프리·7부,,,,,미디·7부 기장,,,,,,,,
images/91040056_0.jpeg,train,,,,,청바지,청바지,스키니,,,,,,,,,,슬림핏,,,데님,
images/91043208_0.jpeg,train,,,,,팬츠,레깅스,,,,,,,,,,,,,,,
images/91043288_0.jpeg,val,,,,,팬츠,레깅스,,,,,,,,,,,,,,,
images/91043444_0.jpeg,train,,,,,팬츠,,,풀렝스,드로스트링,,,,롱·긴바지 기장,,,,,,,,
images/91044685_0.jpeg,train,,,,,팬츠,,스트레이트,,,,,,,,,,스트레이트핏,,,,
images/91044722_1.jpeg,train,,,,,팬츠,,팔라초,크롭·앵클,,,,,미디·7부 기장,,,,와이드핏,,,,
images/91046262_1.jpeg,train,,,,,팬츠,하렘 팬츠,,,,,,,,,,,,,,,
images/91047870_0.jpeg,train,,,,,팬츠,트랙팬츠,,풀렝스,,,,,롱·긴바지 기장,,,,,,,,
images/91050112_0.jpeg,train,,,,,팬츠,,,크롭·앵클,,,,,미디·7부 기장,,,,,,,,
images/91053017_0.jpeg,train,,,,,팬츠,레깅스,,카프리·7부,,,,,미디·7부 기장,,,,,,,,
images/91053559_0.jpeg,train,,,,,팬츠,레깅스,,카프리·7부,,,,,미디·7부 기장,,,,,,,,
images/91055269_0.jpeg,train,,,,,팬츠,레깅스,,카프리·7부,,,,,미디·7부 기장,,,,,,,,
images/91055883_0.jpeg,val,,,,,팬츠,,플레어,크롭·앵클,,,,,미디·7부 기장,,,,플레어핏,,,,
images/91058764_0.jpeg,train,,,,,팬츠,,,풀렝스,,,,,롱·긴바지 기장,,,,,,,,
images/91059868_0.jpeg,train,,,,,팬츠,요가 팬츠,,카프리·7부,,,,,미디·7부 기장,,,,,,,,
images/91061048_0.jpeg,train,,,,,팬츠,,테이퍼드,크롭·앵클,,,,,미디·7부 기장,,,,테이퍼드핏,,,,
images/91061244_0.jpeg,train,,,,,팬츠,,스트레이트,크롭·앵클,,,,,미디·7부 기장,,,,스트레이트핏,,,,
images/91061618_0.jpeg,train,,,,,팬츠,트랙팬츠,,크롭·앵클,,,,,미디·7부 기장,,,,,,,,
images/91062147_0.jpeg,train,,,,,팬츠,,테이퍼드,,,,,,,,,,테이퍼드핏,,,,
images/91063824_0.jpeg,train,,,,,팬츠,,,풀렝스,,,,,롱·긴바지 기장,,,,,,,,
images/91064591_0.jpeg,train,,,,,팬츠,조거·스웨트팬츠,스트레이트,,,,,,,,,,스트레이트핏,,,,
images/91065629_0.jpeg,train,,,,,팬츠,,플레어,크롭·앵클,,,,,미디·7부 기장,,,,플레어핏,,,,
images/91066607_0.jpeg,train,,,,,팬츠,,,풀렝스,밑단 커프,,,,롱·긴바지 기장,,,,,,,,
images/91066723_0.jpeg,train,,,,,팬츠,,스트레이트,,,,,,,,,,스트레이트핏,,,,
images/91066735_0.jpeg,train,,,,,팬츠,,,풀렝스,드로스트링,,,,롱·긴바지 기장,,,,,,,,
images/91066889_0.jpeg,train,,,,,팬츠,,,풀렝스,,,,,롱·긴바지 기장,,,,,,,,
images/91067186_1.jpeg,train,,,,,팬츠,,,카프리·7부,,,,,미디·7부 기장,,,,,,,,
images/91067253_0.jpeg,val,,,,,팬츠,,스트레이트,크롭·앵클,,,,,미디·7부 기장,,,,스트레이트핏,,,,
images/91067576_0.jpeg,train,,,,,팬츠,,와이드,,,,,,,,,,와이드핏,,,,
images/91068667_0.jpeg,val,,,,,팬츠,,페그,크롭·앵클,,,,,미디·7부 기장,,,,테이퍼드핏,,,,
images/91068684_0.jpeg,train,,,,,팬츠,요가 팬츠,,,,,,,,,,,,,,,
images/91069576_0.jpeg,train,,,,,팬츠,레깅스,,,,,,,,,,,,,,,
images/91070396_0.jpeg,train,,,,,팬츠,,와이드,,,,,,,,,,와이드핏,,,,
images/91070541_0.jpeg,train,,,,,팬츠,레깅스,,카프리·7부,,,,,미디·7부 기장,,,,,,,,
images/91070740_0.jpeg,val,,,,,팬츠,,페그,,,,,,,,,,테이퍼드핏,,,,
images/91070815_0.jpeg,train,,,,,팬츠,,스키니,,,,,,,,,,슬림핏,,,,
images/91071042_0.jpeg,val,,,,,팬츠,요가 팬츠,,카프리·7부,,,,,미디·7부 기장,,,,,,,,
images/91072083_0.jpeg,train,,,,,팬츠,치노 팬츠,,크롭·앵클,,,,,미디·7부 기장,,,,,,,,
images/91073147_0.jpeg,train,,,,,팬츠,,와이드,,,,,,,,,,와이드핏,,,,
images/91073242_1.jpeg,train,,,,,팬츠,,플레어,풀렝스,,,,,롱·긴바지 기장,,,,플레어핏,,,,
images/91073462_0.jpeg,train,,,,,팬츠,,스트레이트,,,,,,,,,,스트레이트핏,,,,
images/91073849_2.jpeg,train,,,,,팬츠,,와이드,,플리츠·턱,,,,,,,,와이드핏,,,,
images/91075241_0.jpeg,train,,,,,팬츠,,플레어,,,,,,,,,,플레어핏,,,,
images/91075850_0.jpeg,train,,,,,팬츠,,,크롭·앵클,,,,,미디·7부 기장,,,,,,,,
images/91076519_1.jpeg,train,,,,,팬츠,,팔라초,,,,,,,,,,와이드핏,,,,
images/91076873_0.jpeg,train,,,,,팬츠,,,카프리·7부,,,,,미디·7부 기장,,,,,,,,
images/91077368_0.jpeg,train,,,,,팬츠,,,크롭·앵클,,,,,미디·7부 기장,,,,,,,,
images/91077571_0.jpeg,val,,,,,팬츠,치노 팬츠,,크롭·앵클,,,,,미디·7부 기장,,,,,,,,
images/91077921_0.jpeg,train,,,,,청바지,청바지,스키니,,,,,,,,,,슬림핏,,,데님,
images/91077955_0.jpeg,train,,,,,팬츠,,,크롭·앵클,,,,,미디·7부 기장,,,,,,,,
images/91078122_0.jpeg,train,,,,,팬츠,,,카프리·7부,,,,,미디·7부 기장,,,,,,,,
images/91078279_0.jpeg,train,,,,,팬츠,치노 팬츠,와이드,,,,,,,,,,와이드핏,,,,
images/91079343_0.jpeg,train,,,,,팬츠,치노 팬츠,,크롭·앵클,,,,,미디·7부 기장,,,,,,,,
images/91079404_0.jpeg,train,,,,,팬츠,,스키니,,,,,,,,,,슬림핏,,,,
images/91079729_0.jpeg,train,,,,,팬츠,트랙팬츠,,풀렝스,,,,,롱·긴바지 기장,,,,,,,,
images/91080584_0.jpeg,train,,,,,팬츠,,팔라초,,,,,,,,,,와이드핏,,,,
images/91081960_0.jpeg,val,,,,,팬츠,,스키니,,,,,,,,,,슬림핏,,,,
images/91081965_0.jpeg,train,,,,,팬츠,,스트레이트,,드로스트링,,,,,,,,스트레이트핏,,,,
images/91081997_0.jpeg,train,,,,,팬츠,치노 팬츠,와이드,,,,,,,,,,와이드핏,,,,
images/91083370_1.jpeg,train,,,,,팬츠,,팔라초,,,,,,,,,,와이드핏,,,,
images/91083903_0.jpeg,train,,,,,팬츠,,,크롭·앵클,드로스트링,,,,미디·7부 기장,,,,,,,,
images/91084061_0.jpeg,train,,,,,팬츠,,스키니,,,,,,,,,,슬림핏,,,,
images/91084503_0.jpeg,train,,,,,팬츠,,,크롭·앵클,,,,,미디·7부 기장,,,,,,,,
images/91089370_0.jpeg,val,,,,,팬츠,,,풀렝스,플리츠·턱,,,,롱·긴바지 기장,,,,,,,,
images/91090324_0.jpeg,train,,,,,팬츠,조거·스웨트팬츠,,크롭·앵클,드로스트링,,,,미디·7부 기장,,,,,,,,
images/91090827_0.jpeg,train,,,,,팬츠,슬랙스,스트레이트,,,,,,,,,,스트레이트핏,,,,
images/91091135_0.jpeg,train,,,,,팬츠,,스트레이트,,사이드 스트라이프,,,,,,,,스트레이트핏,,,,
images/91091718_0.jpeg,train,,,,,팬츠,슬랙스,플레어,풀렝스,,,,,롱·긴바지 기장,,,,플레어핏,,,,
images/91093484_0.jpeg,train,,,,,팬츠,,스키니,,밑단 커프,,,,,,,,슬림핏,,,,
images/91093953_0.jpeg,train,,,,,팬츠,,,카프리·7부,,,,,미디·7부 기장,,,,,,,,
images/91093970_0.jpeg,train,,,,,팬츠,,부츠컷,,,,,,,,,,플레어핏,,,,
images/91094746_0.jpeg,val,,,,,팬츠,,스트레이트,,,,,,,,,,스트레이트핏,,,,
images/91094890_0.jpeg,train,,,,,팬츠,,,크롭·앵클,플리츠·턱,,,,미디·7부 기장,,,,,,,,
images/91095175_0.jpeg,train,,,,,팬츠,레깅스,,,,,,,,,,,,,,,
images/91096896_0.jpeg,train,,,,,팬츠,레깅스,,,,,,,,,,,,,,,
images/91097280_0.jpeg,train,,,,,팬츠,,와이드,,,,,,,,,,와이드핏,,,,
images/91097715_0.jpeg,train,,,,,팬츠,,와이드,,플리츠·턱,,,,,,,,와이드핏,,,,
images/91097937_0.jpeg,train,,,,,팬츠,,,크롭·앵클,,,,,미디·7부 기장,,,,,,,,
images/91098183_0.jpeg,train,,,,,팬츠,,플레어,,,,,,,,,,플레어핏,,,,
images/91098589_0.jpeg,train,,,,,팬츠,,,풀렝스,,,,,롱·긴바지 기장,,,,,,,,
images/91099098_0.jpeg,train,,,,,팬츠,,와이드,,,,,,,,,,와이드핏,,,,
images/91099157_0.jpeg,train,,,,,팬츠,,스트레이트,,,,,,,,,,스트레이트핏,,,,
images/91099520_0.jpeg,val,,,,,팬츠,,,풀렝스,,,,,롱·긴바지 기장,,,,,,,,
images/91100099_0.jpeg,train,,,,,팬츠,,스키니,,,,,,,,,,슬림핏,,,,
images/91100862_1.jpeg,train,,,,,청바지,청바지,플레어,풀렝스,,,,,롱·긴바지 기장,,,,플레어핏,,,데님,
images/91101480_1.jpeg,val,,,,,팬츠,치노 팬츠,,크롭·앵클,,,,,미디·7부 기장,,,,,,,,
images/91101894_1.jpeg,val,,,,,팬츠,치노 팬츠,,크롭·앵클,,,,,미디·7부 기장,,,,,,,,
images/91103285_0.jpeg,train,,,,,팬츠,,스키니,,,,,,,,,,슬림핏,,,,
images/91103704_2.jpeg,train,,,,,팬츠,레깅스,,카프리·7부,,,,,미디·7부 기장,,,,,,,,
images/91104814_1.jpeg,train,,,,,팬츠,트랙팬츠,,풀렝스,,,,,롱·긴바지 기장,,,,,,,,
images/91105820_0.jpeg,train,,,,,팬츠,레깅스,,,,,,,,,,,,,,,
images/91106950_0.jpeg,train,,,,,팬츠,하렘 팬츠,,,,,,,,,,,,,,,
images/91107325_0.jpeg,train,,,,,팬츠,치노 팬츠,,풀렝스,,,,,롱·긴바지 기장,,,,,,,,
images/91108091_0.jpeg,train,,,,,팬츠,,스키니,,,,,,,,,,슬림핏,,,,
images/91108356_1.jpeg,train,,,,,팬츠,,테이퍼드,크롭·앵클,,,,,미디·7부 기장,,,,테이퍼드핏,,,,
images/91109025_0.jpeg,train,,,,,팬츠,,,풀렝스,,,,,롱·긴바지 기장,,,,,,,,
images/91110854_0.jpeg,train,,,,,팬츠,,,풀렝스,,,,,롱·긴바지 기장,,,,,,,,
images/91112619_2.jpeg,train,,,,,팬츠,하렘 팬츠,,,,,,,,,,,,,,,
images/91112978_0.jpeg,train,,,,,팬츠,,테이퍼드,크롭·앵클,플리츠·턱,,,,미디·7부 기장,,,,테이퍼드핏,,,,
images/91113971_0.jpeg,train,,,,,팬츠,,와이드,,플리츠·턱,,,,,,,,와이드핏,,,,
images/91114153_0.jpeg,val,,,,,팬츠,,테이퍼드,풀렝스,,,,,롱·긴바지 기장,,,,테이퍼드핏,,,,
images/91114298_0.jpeg,val,,,,,팬츠,,,크롭·앵클,,,,,미디·7부 기장,,,,,,,,
images/91114615_0.jpeg,train,,,,,팬츠,레깅스,,,,,,,,,,,,,,,
images/91115967_0.jpeg,train,,,,,팬츠,,테이퍼드,크롭·앵클,플리츠·턱,,,,미디·7부 기장,,,,테이퍼드핏,,,,
images/91116111_0.jpeg,train,,,,,팬츠,,,풀렝스,,,,,롱·긴바지 기장,,,,,,,,
images/91116489_0.jpeg,train,,,,,팬츠,,스키니,,,,,,,,,,슬림핏,,,,
images/91116499_1.jpeg,val,,,,,팬츠,,테이퍼드,크롭·앵클,플리츠·턱,,,,미디·7부 기장,,,,테이퍼드핏,,,,
images/91116997_0.jpeg,train,,,,,팬츠,,부츠컷,풀렝스,,,,,롱·긴바지 기장,,,,플레어핏,,,,
images/91117488_0.jpeg,train,,,,,팬츠,,,크롭·앵클,,,,,미디·7부 기장,,,,,,,,
images/91119063_0.jpeg,train,,,,,팬츠,조거·스웨트팬츠,,,밑단 커프,,,,,,,,,,,,
images/91119796_3.jpeg,val,,,,,팬츠,,플레어,크롭·앵클,,,,,미디·7부 기장,,,,플레어핏,,,,
images/91120855_0.jpeg,train,,,,,팬츠,,,카프리·7부,,,,,미디·7부 기장,,,,,,,,
images/91121387_0.jpeg,train,,,,,팬츠,,플레어,풀렝스,,,,,롱·긴바지 기장,,,,플레어핏,,,,
images/91122136_0.jpeg,train,,,,,팬츠,,테이퍼드,크롭·앵클,,,,,미디·7부 기장,,,,테이퍼드핏,,,,
images/91123094_0.jpeg,train,,,,,팬츠,,스트레이트,,,,,,,,,,스트레이트핏,,,,
images/91123713_3.jpeg,val,,,,,팬츠,트랙팬츠,스키니,,,,,,,,,,슬림핏,,,,
images/91123831_0.jpeg,train,,,,,팬츠,,,크롭·앵클,밴딩 허리,,,,미디·7부 기장,,,,,,,,
images/91125377_0.jpeg,val,,,,,팬츠,,스트레이트,,,,,,,,,,스트레이트핏,,,,
images/91125840_0.jpeg,val,,,,,팬츠,조거·스웨트팬츠,,,,,,,,,,,,,,,
images/91125895_0.jpeg,train,,,,,팬츠,트랙팬츠,,풀렝스,,,,,롱·긴바지 기장,,,,,,,,
images/91126142_0.jpeg,val,,,,,팬츠,,스트레이트,,플리츠·턱,,,,,,,,스트레이트핏,,,,
images/91126571_0.jpeg,train,,,,,팬츠,,테이퍼드,풀렝스,,,,,롱·긴바지 기장,,,,테이퍼드핏,,,,
images/91126717_0.jpeg,train,,,,,팬츠,조거·스웨트팬츠,,풀렝스,밑단 커프,,,,롱·긴바지 기장,,,,,,,,
images/91126949_1.jpeg,train,,,,,팬츠,,와이드,,,,,,,,,,와이드핏,,,,
images/91126964_0.jpeg,train,,,,,팬츠,,스트레이트,,드로스트링,,,,,,,,스트레이트핏,,,,
images/91128170_0.jpeg,train,,,,,팬츠,요가 팬츠,,,,,,,,,,,,,,,
images/91128948_0.jpeg,train,,,,,팬츠,,,풀렝스,,,,,롱·긴바지 기장,,,,,,,,
images/91130158_0.jpeg,train,,,,,팬츠,요가 팬츠,스트레이트,,,,,,,,,,스트레이트핏,,,,
images/91130411_1.jpeg,train,,,,,팬츠,,부츠컷,,,,,,,,,,플레어핏,,,,
images/91130881_0.jpeg,train,,,,,팬츠,슬랙스,스트레이트,,,,,,,,,,스트레이트핏,,,,
images/91130976_0.jpeg,train,,,,,팬츠,,테이퍼드,크롭·앵클,,,,,미디·7부 기장,,,,테이퍼드핏,,,,
images/91131169_0.jpeg,train,,,,,팬츠,레깅스,,,스터럽,,,,,,,,,,,,
images/91131536_0.jpeg,train,,,,,팬츠,,와이드,,,,,,,,,,와이드핏,,,,
images/91132651_0.jpeg,val,,,,,팬츠,,와이드,,플리츠·턱,,,,,,,,와이드핏,,,,
images/91132885_0.jpeg,train,,,,,팬츠,요가 팬츠,부츠컷,,,,,,,,,,플레어핏,,,,
images/91133402_1.jpeg,val,,,,,팬츠,,스트레이트,,플리츠·턱,,,,,,,,스트레이트핏,,,,
images/91133625_0.jpeg,train,,,,,팬츠,,스트레이트,,5포켓,,,,,,,,스트레이트핏,,,,
images/91133701_0.jpeg,train,,,,,팬츠,트랙팬츠,,풀렝스,,,,,롱·긴바지 기장,,,,,,,,
images/91133926_0.jpeg,train,,,,,팬츠,,스트레이트,,5포켓,,,,,,,,스트레이트핏,,,,
images/91134462_2.jpeg,train,,,,,팬츠,,와이드,,,,,,,,,,와이드핏,,,,
images/91135004_0.jpeg,train,,,,,팬츠,,스키니,,,,,,,,,,슬림핏,,,,
images/91135247_0.jpeg,train,,,,,팬츠,,,크롭·앵클,,,,,미디·7부 기장,,,,,,,,
images/91135277_0.jpeg,train,,,,,팬츠,,,크롭·앵클,,,,,미디·7부 기장,,,,,,,,
images/91135351_0.jpeg,train,,,,,팬츠,,,풀렝스,,,,,롱·긴바지 기장,,,,,,,,
images/91135431_0.jpeg,val,,,,,팬츠,,부츠컷,풀렝스,,,,,롱·긴바지 기장,,,,플레어핏,,,,
images/91135984_0.jpeg,train,,,,,팬츠,,스트레이트,카프리·7부,,,,,미디·7부 기장,,,,스트레이트핏,,,,
images/91136480_1.jpeg,train,,,,,팬츠,,와이드,,,,,,,,,,와이드핏,,,,
images/91136904_1.jpeg,val,,,,,팬츠,,테이퍼드,풀렝스,플리츠·턱,,,,롱·긴바지 기장,,,,테이퍼드핏,,,,
images/91137392_0.jpeg,val,,,,,팬츠,레깅스,,,밴딩 허리,,,,,,,,,,,,
images/91137451_1.jpeg,train,,,,,팬츠,카고 팬츠,,풀렝스,카고 포켓,,,,롱·긴바지 기장,,,,,,,,
images/91137524_0.jpeg,val,,,,,팬츠,,스키니,,,,,,,,,,슬림핏,,,,
images/91140111_0.jpeg,train,,,,,팬츠,,플레어,크롭·앵클,,,,,미디·7부 기장,,,,플레어핏,,,,
images/91140642_0.jpeg,train,,,,,팬츠,,스키니,,,,,,,,,,슬림핏,,,,
images/91141062_0.jpeg,train,,,,,팬츠,레깅스,,,,,,,,,,,,,,,
images/91141183_0.jpeg,train,,,,,팬츠,레깅스,,카프리·7부,,,,,미디·7부 기장,,,,,,,,
images/91141949_0.jpeg,train,,,,,팬츠,,스트레이트,,,,,,,,,,스트레이트핏,,,,
images/91142102_0.jpeg,val,,,,,팬츠,,와이드,,,,,,,,,,와이드핏,,,,
images/91142818_0.jpeg,train,,,,,팬츠,조거·스웨트팬츠,,,,,,,,,,,,,,,
images/91143066_0.jpeg,train,,,,,팬츠,치노 팬츠,스트레이트,,,,,,,,,,스트레이트핏,,,,
images/91143599_0.jpeg,val,,,,,팬츠,,,크롭·앵클,,,,,미디·7부 기장,,,,,,,,
images/91143697_0.jpeg,train,,,,,팬츠,트랙팬츠,,크롭·앵클,,,,,미디·7부 기장,,,,,,,,
images/91143840_0.jpeg,train,,,,,팬츠,,와이드,,,,,,,,,,와이드핏,,,,
images/91143880_0.jpeg,val,,,,,팬츠,,,크롭·앵클,,,,,미디·7부 기장,,,,,,,,
images/91144603_0.jpeg,train,,,,,팬츠,카고 팬츠,스키니,,카고 포켓,,,,,,,,슬림핏,,,,
images/91145296_0.jpeg,train,,,,,팬츠,,,크롭·앵클,,,,,미디·7부 기장,,,,,,,,
images/91146072_0.jpeg,train,,,,,팬츠,레깅스,,카프리·7부,,,,,미디·7부 기장,,,,,,,,
images/91146576_0.jpeg,train,,,,,팬츠,치노 팬츠,스트레이트,,,,,,,,,,스트레이트핏,,,,
images/91146781_0.jpeg,val,,,,,팬츠,레깅스,,,,,,,,,,,,,,,
images/91147126_3.jpeg,train,,,,,팬츠,,플레어,,,,,,,,,,플레어핏,,,,
images/91147602_0.jpeg,train,,,,,팬츠,,와이드,,플리츠·턱,,,,,,,,와이드핏,,,,
images/91147877_0.jpeg,train,,,,,팬츠,조거·스웨트팬츠,,풀렝스,,,,,롱·긴바지 기장,,,,,,,,
images/91148609_0.jpeg,train,,,,,팬츠,,플레어,,,,,,,,,,플레어핏,,,,
images/91148676_0.jpeg,val,,,,,팬츠,트랙팬츠,,풀렝스,,,,,롱·긴바지 기장,,,,,,,,
images/91148850_0.jpeg,train,,,,,팬츠,,,풀렝스,,,,,롱·긴바지 기장,,,,,,,,
images/91148950_1.jpeg,val,,,,,팬츠,치노 팬츠,,풀렝스,,,,,롱·긴바지 기장,,,,,,,,
images/91148981_0.jpeg,train,,,,,팬츠,,,크롭·앵클,,,,,미디·7부 기장,,,,,,,,
images/91149181_0.jpeg,train,,,,,팬츠,,와이드,,플리츠·턱,,,,,,,,와이드핏,,,,
images/91149519_2.jpeg,val,,,,,팬츠,,스트레이트,,,,,,,,,,스트레이트핏,,,,
images/91150810_0.jpeg,train,,,,,팬츠,,,풀렝스,,,,,롱·긴바지 기장,,,,,,,,
images/91150909_0.jpeg,train,,,,,팬츠,,부츠컷,크롭·앵클,,,,,미디·7부 기장,,,,플레어핏,,,,
images/91151164_0.jpeg,train,,,,,팬츠,조거·스웨트팬츠,,풀렝스,,,,,롱·긴바지 기장,,,,,,,,
images/91151520_1.jpeg,val,,,,,팬츠,,와이드,,,,,,,,,,와이드핏,,,,
images/91151526_0.jpeg,train,,,,,팬츠,하렘 팬츠,,,,,,,,,,,,,,,
images/91151901_0.jpeg,train,,,,,팬츠,,와이드,,플리츠·턱,,,,,,,,와이드핏,,,,
images/91151936_1.jpeg,train,,,,,팬츠,,팔라초,,,,,,,,,,와이드핏,,,,
images/91151940_0.jpeg,train,,,,,팬츠,슬랙스,,크롭·앵클,,,,,미디·7부 기장,,,,,,,,
images/91152228_0.jpeg,val,,,,,팬츠,하렘 팬츠,테이퍼드,,,,,,,,,,테이퍼드핏,,,,
images/91153678_2.jpeg,train,,,,,팬츠,요가 팬츠,부츠컷,풀렝스,,,,,롱·긴바지 기장,,,,플레어핏,,,,
images/91153883_0.jpeg,train,,,,,팬츠,,,크롭·앵클,,,,,미디·7부 기장,,,,,,,,
images/91153927_0.jpeg,train,,,,,팬츠,슬랙스,스트레이트,,,,,,,,,,스트레이트핏,,,,
images/91153954_1.jpeg,train,,,,,팬츠,치노 팬츠,와이드,,,,,,,,,,와이드핏,,,,
images/91154650_0.jpeg,train,,,,,팬츠,레깅스,,카프리·7부,,,,,미디·7부 기장,,,,,,,,
images/91154724_0.jpeg,train,,,,,팬츠,레깅스,,카프리·7부,,,,,미디·7부 기장,,,,,,,,
images/91154909_1.jpeg,train,,,,,팬츠,,테이퍼드,크롭·앵클,,,,,미디·7부 기장,,,,테이퍼드핏,,,,
images/91155060_0.jpeg,val,,,,,팬츠,,부츠컷,,,,,,,,,,플레어핏,,,,
images/91155421_0.jpeg,val,,,,,팬츠,레깅스,,,,,,,,,,,,,,,
images/91155874_0.jpeg,train,,,,,팬츠,레깅스,,,,,,,,,,,,,,,
images/91156030_0.jpeg,train,,,,,팬츠,,,크롭·앵클,,,,,미디·7부 기장,,,,,,,,
images/91156336_0.jpeg,train,,,,,팬츠,레깅스,,카프리·7부,,,,,미디·7부 기장,,,,,,,,
images/91156395_0.jpeg,train,,,,,팬츠,,와이드,,드로스트링,,,,,,,,와이드핏,,,,
images/91156646_0.jpeg,train,,,,,팬츠,,,카프리·7부,,,,,미디·7부 기장,,,,,,,,
images/91158005_0.jpeg,train,,,,,팬츠,,부츠컷,풀렝스,,,,,롱·긴바지 기장,,,,플레어핏,,,,
images/91159576_0.jpeg,train,,,,,팬츠,레깅스,,,,,,,,,,,,,,,
images/91159992_1.jpeg,val,,,,,팬츠,,,풀렝스,,,,,롱·긴바지 기장,,,,,,,,
images/91161018_1.jpeg,train,,,,,팬츠,,플레어,크롭·앵클,,,,,미디·7부 기장,,,,플레어핏,,,,
images/91161375_0.jpeg,train,,,,,팬츠,,,크롭·앵클,5포켓,,,,미디·7부 기장,,,,,,,,
images/91161692_0.jpeg,train,,,,,팬츠,,스키니,,,,,,,,,,슬림핏,,,,
images/91162030_0.jpeg,train,,,,,팬츠,레깅스,,카프리·7부,,,,,미디·7부 기장,,,,,,,,
images/91162267_0.jpeg,train,,,,,팬츠,레깅스,,,,,,,,,,,,,,,
images/91162339_0.jpeg,train,,,,,팬츠,트랙팬츠,스키니,,,,,,,,,,슬림핏,,,,
images/91162644_0.jpeg,train,,,,,팬츠,레깅스,스키니,,,,,,,,,,슬림핏,,,,
images/91163687_0.jpeg,train,,,,,팬츠,조거·스웨트팬츠,,풀렝스,,,,,롱·긴바지 기장,,,,,,,,
images/91163844_0.jpeg,train,,,,,팬츠,,스트레이트,,,,,,,,,,스트레이트핏,,,,
images/91164809_0.jpeg,val,,,,,팬츠,,스키니,,드로스트링,,,,,,,,슬림핏,,,,
images/91164902_0.jpeg,train,,,,,팬츠,레깅스,,카프리·7부,,,,,미디·7부 기장,,,,,,,,
images/91164967_0.jpeg,train,,,,,팬츠,레깅스,,카프리·7부,,,,,미디·7부 기장,,,,,,,,
images/91164981_0.jpeg,val,,,,,팬츠,레깅스,,카프리·7부,,,,,미디·7부 기장,,,,,,,,
images/91165152_0.jpeg,train,,,,,팬츠,레깅스,,카프리·7부,,,,,미디·7부 기장,,,,,,,,
images/91165361_0.jpeg,train,,,,,팬츠,조거·스웨트팬츠,스트레이트,,,,,,,,,,스트레이트핏,,,,
images/91165420_0.jpeg,train,,,,,팬츠,치노 팬츠,,풀렝스,,,,,롱·긴바지 기장,,,,,,,,
images/91165647_0.jpeg,train,,,,,팬츠,치노 팬츠,,크롭·앵클,,,,,미디·7부 기장,,,,,,,,
images/91165751_0.jpeg,train,,,,,팬츠,레깅스,,카프리·7부,,,,,미디·7부 기장,,,,,,,,
images/91165763_0.jpeg,train,,,,,팬츠,조거·스웨트팬츠,,,,,,,,,,,,,,,
images/91165909_0.jpeg,train,,,,,팬츠,,,크롭·앵클,,,,,미디·7부 기장,,,,,,,,
images/91165919_0.jpeg,train,,,,,팬츠,,팔라초,,,,,,,,,,와이드핏,,,,
images/91165962_0.jpeg,val,,,,,팬츠,레깅스,,,,,,,,,,,,,,,
images/91166398_0.jpeg,train,,,,,팬츠,레깅스,,카프리·7부,,,,,미디·7부 기장,,,,,,,,
images/91166582_0.jpeg,train,,,,,팬츠,치노 팬츠,,풀렝스,,,,,롱·긴바지 기장,,,,,,,,
images/91166722_0.jpeg,train,,,,,팬츠,레깅스,,카프리·7부,,,,,미디·7부 기장,,,,,,,,
images/91166752_0.jpeg,train,,,,,팬츠,,와이드,,플리츠·턱,,,,,,,,와이드핏,,,,
images/91166898_0.jpeg,val,,,,,팬츠,레깅스,,카프리·7부,,,,,미디·7부 기장,,,,,,,,
images/91167105_0.jpeg,train,,,,,팬츠,,,카프리·7부,,,,,미디·7부 기장,,,,,,,,
images/91167265_0.jpeg,train,,,,,팬츠,,,카프리·7부,,,,,미디·7부 기장,,,,,,,,
images/91167594_0.jpeg,train,,,,,팬츠,레깅스,,카프리·7부,,,,,미디·7부 기장,,,,,,,,
images/91167601_0.jpeg,train,,,,,팬츠,,테이퍼드,크롭·앵클,,,,,미디·7부 기장,,,,테이퍼드핏,,,,
images/91167722_0.jpeg,train,,,,,팬츠,카고 팬츠,,,카고 포켓,,,,,,,,,,,,
images/91167743_0.jpeg,train,,,,,팬츠,조거·스웨트팬츠,,풀렝스,,,,,롱·긴바지 기장,,,,,,,,
images/91167763_0.jpeg,train,,,,,팬츠,레깅스,,,,,,,,,,,,,,,
images/91168817_0.jpeg,train,,,,,팬츠,레깅스,,,,,,,,,,,,,,,
images/91169100_0.jpeg,train,,,,,팬츠,하렘 팬츠,,풀렝스,,,,,롱·긴바지 기장,,,,,,,,
images/91169279_0.jpeg,train,,,,,팬츠,레깅스,,카프리·7부,,,,,미디·7부 기장,,,,,,,,
images/91169589_0.jpeg,val,,,,,팬츠,치노 팬츠,,크롭·앵클,,,,,미디·7부 기장,,,,,,,,
images/91170112_0.jpeg,train,,,,,청바지,청바지,스키니,크롭·앵클,,,,,미디·7부 기장,,,,슬림핏,,,데님,
images/91170490_0.jpeg,val,,,,,팬츠,,,풀렝스,플리츠·턱,,,,롱·긴바지 기장,,,,,,,,
images/91170515_0.jpeg,train,,,,,팬츠,레깅스,,,,,,,,,,,,,,,
images/91170741_0.jpeg,train,,,,,팬츠,레깅스,,,,,,,,,,,,,,,
images/91170996_0.jpeg,val,,,,,팬츠,레깅스,,카프리·7부,,,,,미디·7부 기장,,,,,,,,
images/91171371_0.jpeg,train,,,,,팬츠,,,풀렝스,,,,,롱·긴바지 기장,,,,,,,,
images/91171779_0.jpeg,train,,,,,팬츠,치노 팬츠,,크롭·앵클,,,,,미디·7부 기장,,,,,,,,
images/91172126_1.jpeg,train,,,,,팬츠,카고 팬츠,와이드,,카고 포켓,,,,,,,,와이드핏,,,,
images/91172858_0.jpeg,train,,,,,팬츠,,부츠컷,풀렝스,,,,,롱·긴바지 기장,,,,플레어핏,,,,
images/91173040_2.jpeg,train,,,,,팬츠,,와이드,,,,,,,,,,와이드핏,,,,
images/91173328_0.jpeg,val,,,,,팬츠,치노 팬츠,,크롭·앵클,,,,,미디·7부 기장,,,,,,,,
images/91173391_0.jpeg,train,,,,,청바지,청바지,스트레이트,풀렝스,,,,,롱·긴바지 기장,,,,스트레이트핏,,,데님,
images/91174686_0.jpeg,train,,,,,팬츠,,,크롭·앵클,,,,,미디·7부 기장,,,,,,,,
images/91175002_0.jpeg,train,,,,,팬츠,트랙팬츠,,,,,,,,,,,,,,,
images/91175525_0.jpeg,train,,,,,팬츠,레깅스,,,밑단 커프,,,,,,,,,,,,
images/91175542_0.jpeg,train,,,,,팬츠,,부츠컷,풀렝스,,,,,롱·긴바지 기장,,,,플레어핏,,,,
images/91177828_1.jpeg,train,,,,,팬츠,,,풀렝스,밑단 커프,,,,롱·긴바지 기장,,,,,,,,
images/91177941_0.jpeg,train,,,,,팬츠,,스키니,,,,,,,,,,슬림핏,,,,
images/91178531_0.jpeg,val,,,,,팬츠,조거·스웨트팬츠,,,,,,,,,,,,,,,
images/91178728_0.jpeg,val,,,,,팬츠,,플레어,,,,,,,,,,플레어핏,,,,
images/91178991_0.jpeg,train,,,,,팬츠,,스키니,크롭·앵클,,,,,미디·7부 기장,,,,슬림핏,,,,
images/91179049_0.jpeg,train,,,,,팬츠,트랙팬츠,,크롭·앵클,,,,,미디·7부 기장,,,,,,,,
images/91179099_0.jpeg,train,,,,,팬츠,레깅스,,,,,,,,,,,,,,,
images/91179219_0.jpeg,train,,,,,팬츠,,플레어,,,,,,,,,,플레어핏,,,,
images/91179366_0.jpeg,train,,,,,팬츠,트랙팬츠,와이드,,,,,,,,,,와이드핏,,,,
images/91179543_0.jpeg,train,,,,,청바지,청바지,스키니,,,,,,,,,,슬림핏,,,데님,
images/91179865_0.jpeg,val,,,,,팬츠,조거·스웨트팬츠,스트레이트,,사이드 스트라이프,,,,,,,,스트레이트핏,,,,
images/91179925_0.jpeg,train,,,,,팬츠,,,풀렝스,플리츠·턱,,,,롱·긴바지 기장,,,,,,,,
images/91180322_0.jpeg,train,,,,,팬츠,레깅스,스키니,,,,,,,,,,슬림핏,,,,
images/91180384_0.jpeg,train,,,,,팬츠,,플레어,크롭·앵클,,,,,미디·7부 기장,,,,플레어핏,,,,
images/91180465_0.jpeg,train,,,,,팬츠,카고 팬츠,테이퍼드,크롭·앵클,카고 포켓,,,,미디·7부 기장,,,,테이퍼드핏,,,,
images/91180572_0.jpeg,val,,,,,팬츠,트랙팬츠,,크롭·앵클,드로스트링,,,,미디·7부 기장,,,,,,,,
images/91181587_0.jpeg,val,,,,,팬츠,,,풀렝스,,,,,롱·긴바지 기장,,,,,,,,
images/91181884_0.jpeg,train,,,,,팬츠,,플레어,,,,,,,,,,플레어핏,,,,
images/91182643_0.jpeg,train,,,,,팬츠,하렘 팬츠,,,,,,,,,,,,,,,
images/91183015_0.jpeg,train,,,,,팬츠,레깅스,,,,,,,,,,,,,,,
images/91183920_0.jpeg,train,,,,,팬츠,조거·스웨트팬츠,,풀렝스,드로스트링,,,,롱·긴바지 기장,,,,,,,,
images/91184191_0.jpeg,train,,,,,팬츠,조거·스웨트팬츠,,풀렝스,,,,,롱·긴바지 기장,,,,,,,,
images/91184546_0.jpeg,val,,,,,팬츠,레깅스,,,,,,,,,,,,,,,
images/91185084_0.jpeg,train,,,,,팬츠,레깅스,,카프리·7부,,,,,미디·7부 기장,,,,,,,,
images/91186235_0.jpeg,train,,,,,팬츠,조거·스웨트팬츠,,,,,,,,,,,,,,,
images/91187045_0.jpeg,train,,,,,팬츠,,,풀렝스,,,,,롱·긴바지 기장,,,,,,,,
images/91187235_0.jpeg,train,,,,,팬츠,레깅스,,카프리·7부,,,,,미디·7부 기장,,,,,,,,
images/91189756_0.jpeg,train,,,,,팬츠,레깅스,,,,,,,,,,,,,,,
images/91191557_0.jpeg,train,,,,,팬츠,,와이드,,플리츠·턱,,,,,,,,와이드핏,,,,
images/91191633_0.jpeg,train,,,,,팬츠,레깅스,,카프리·7부,,,,,미디·7부 기장,,,,,,,,
images/91192309_0.jpeg,train,,,,,팬츠,,,크롭·앵클,,,,,미디·7부 기장,,,,,,,,
images/91192610_0.jpeg,train,,,,,팬츠,,페그,풀렝스,,,,,롱·긴바지 기장,,,,테이퍼드핏,,,,
images/91192903_0.jpeg,train,,,,,팬츠,,와이드,,사이드 스트라이프,,,,,,,,와이드핏,,,,
images/91193069_0.jpeg,val,,,,,팬츠,,와이드,,드로스트링,,,,,,,,와이드핏,,,,
images/91193465_0.jpeg,train,,,,,팬츠,,부츠컷,풀렝스,,,,,롱·긴바지 기장,,,,플레어핏,,,,
images/91193831_0.jpeg,train,,,,,팬츠,카고 팬츠,스키니,,카고 포켓,,,,,,,,슬림핏,,,,
images/91193866_0.jpeg,train,,,,,팬츠,,팔라초,,,,,,,,,,와이드핏,,,,
images/91194051_0.jpeg,train,,,,,팬츠,레깅스,,,,,,,,,,,,,,,
images/91194775_0.jpeg,train,,,,,팬츠,레깅스,,카프리·7부,,,,,미디·7부 기장,,,,,,,,
images/91194777_0.jpeg,val,,,,,팬츠,,,크롭·앵클,5포켓,,,,미디·7부 기장,,,,,,,,
images/91194812_0.jpeg,train,,,,,팬츠,,부츠컷,,,,,,,,,,플레어핏,,,,
images/91195080_0.jpeg,train,,,,,팬츠,트랙팬츠,테이퍼드,풀렝스,,,,,롱·긴바지 기장,,,,테이퍼드핏,,,,
images/91195512_0.jpeg,train,,,,,팬츠,,테이퍼드,풀렝스,,,,,롱·긴바지 기장,,,,테이퍼드핏,,,,
images/91195989_0.jpeg,val,,,,,팬츠,,스트레이트,,,,,,,,,,스트레이트핏,,,,
images/91196148_1.jpeg,train,,,,,팬츠,하렘 팬츠,,,,,,,,,,,,,,,
images/91196389_0.jpeg,train,,,,,팬츠,,,풀렝스,,,,,롱·긴바지 기장,,,,,,,,
images/91196960_0.jpeg,train,,,,,팬츠,,,카프리·7부,,,,,미디·7부 기장,,,,,,,,
images/91198504_0.jpeg,train,,,,,팬츠,슬랙스,,크롭·앵클,,,,,미디·7부 기장,,,,,,,,
images/91198743_0.jpeg,train,,,,,팬츠,,와이드,크롭·앵클,,,,,미디·7부 기장,,,,와이드핏,,,,
images/91199075_0.jpeg,val,,,,,팬츠,,테이퍼드,크롭·앵클,,,,,미디·7부 기장,,,,테이퍼드핏,,,,
images/91199239_0.jpeg,train,,,,,팬츠,,스트레이트,,,,,,,,,,스트레이트핏,,,,
images/91200417_0.jpeg,train,,,,,팬츠,,,크롭·앵클,,,,,미디·7부 기장,,,,,,,,
images/91200794_0.jpeg,train,,,,,팬츠,슬랙스,스키니,풀렝스,,,,,롱·긴바지 기장,,,,슬림핏,,,,
images/91200903_1.jpeg,train,,,,,팬츠,슬랙스,,풀렝스,,,,,롱·긴바지 기장,,,,,,,,
images/91201852_0.jpeg,train,,,,,팬츠,하렘 팬츠,플레어,,,,,,,,,,플레어핏,,,,
images/91202639_0.jpeg,val,,,,,팬츠,,,카프리·7부,,,,,미디·7부 기장,,,,,,,,
images/91203485_0.jpeg,val,,,,,팬츠,레깅스,,,,,,,,,,,,,,,
images/91204265_0.jpeg,train,,,,,팬츠,,팔라초,풀렝스,,,,,롱·긴바지 기장,,,,와이드핏,,,,
images/91206026_0.jpeg,train,,,,,팬츠,,스키니,,,,,,,,,,슬림핏,,,,
images/91206265_0.jpeg,train,,,,,팬츠,레깅스,,,,,,,,,,,,,,,
images/91206311_0.jpeg,train,,,,,팬츠,,와이드,,,,,,,,,,와이드핏,,,,
images/91206430_0.jpeg,train,,,,,팬츠,트랙팬츠,,풀렝스,,,,,롱·긴바지 기장,,,,,,,,
images/91207412_0.jpeg,train,,,,,팬츠,레깅스,,카프리·7부,,,,,미디·7부 기장,,,,,,,,
images/91209727_0.jpeg,train,,,,,팬츠,하렘 팬츠,,,,,,,,,,,,,,,
images/91209794_0.jpeg,train,,,,,팬츠,,,풀렝스,,,,,롱·긴바지 기장,,,,,,,,
images/91210022_0.jpeg,train,,,,,팬츠,레깅스,,카프리·7부,,,,,미디·7부 기장,,,,,,,,
images/91210157_3.jpeg,train,,,,,팬츠,,팔라초,,,,,,,,,,와이드핏,,,,
images/91210840_0.jpeg,train,,,,,팬츠,,플레어,크롭·앵클,,,,,미디·7부 기장,,,,플레어핏,,,,
images/91211151_0.jpeg,train,,,,,팬츠,레깅스,,카프리·7부,,,,,미디·7부 기장,,,,,,,,
images/91211672_0.jpeg,train,,,,,팬츠,,플레어,풀렝스,,,,,롱·긴바지 기장,,,,플레어핏,,,,
images/91211676_0.jpeg,val,,,,,팬츠,레깅스,,카프리·7부,,,,,미디·7부 기장,,,,,,,,
images/91211726_0.jpeg,train,,,,,팬츠,,와이드,,,,,,,,,,와이드핏,,,,
images/91211768_1.jpeg,val,,,,,팬츠,,테이퍼드,,,,,,,,,,테이퍼드핏,,,,
images/91212163_0.jpeg,train,,,,,팬츠,,,풀렝스,드로스트링,,,,롱·긴바지 기장,,,,,,,,
images/91212751_0.jpeg,train,,,,,팬츠,레깅스,,,,,,,,,,,,,,,
images/91212765_0.jpeg,val,,,,,팬츠,,부츠컷,크롭·앵클,,,,,미디·7부 기장,,,,플레어핏,,,,
images/91213269_0.jpeg,train,,,,,팬츠,,테이퍼드,풀렝스,,,,,롱·긴바지 기장,,,,테이퍼드핏,,,,
images/91213301_1.jpeg,train,,,,,팬츠,하렘 팬츠,테이퍼드,,,,,,,,,,테이퍼드핏,,,,
images/91213360_0.jpeg,train,,,,,팬츠,,,풀렝스,,,,,롱·긴바지 기장,,,,,,,,
images/91213475_1.jpeg,train,,,,,팬츠,,플레어,,,,,,,,,,플레어핏,,,,
images/91213558_1.jpeg,train,,,,,팬츠,,스키니,,,,,,,,,,슬림핏,,,,
images/91214200_0.jpeg,train,,,,,팬츠,조거·스웨트팬츠,,풀렝스,,,,,롱·긴바지 기장,,,,,,,,
images/91214229_0.jpeg,train,,,,,팬츠,레깅스,,카프리·7부,,,,,미디·7부 기장,,,,,,,,
images/91214514_1.jpeg,train,,,,,팬츠,,테이퍼드,풀렝스,플리츠·턱,,,,롱·긴바지 기장,,,,테이퍼드핏,,,,
images/91214871_1.jpeg,train,,,,,팬츠,트랙팬츠,,풀렝스,,,,,롱·긴바지 기장,,,,,,,,
images/91214907_0.jpeg,train,,,,,팬츠,트랙팬츠,,풀렝스,,,,,롱·긴바지 기장,,,,,,,,
images/91214941_0.jpeg,val,,,,,팬츠,레깅스,,카프리·7부,,,,,미디·7부 기장,,,,,,,,
images/91215214_1.jpeg,val,,,,,청바지,청바지,와이드,,,,,,,,,,와이드핏,,,데님,
images/91215625_0.jpeg,train,,,,,팬츠,레깅스,,카프리·7부,,,,,미디·7부 기장,,,,,,,,
images/91215959_0.jpeg,train,,,,,팬츠,,,카프리·7부,,,,,미디·7부 기장,,,,,,,,
images/91216829_0.jpeg,train,,,,,팬츠,,와이드,,,,,,,,,,와이드핏,,,,
images/91217107_0.jpeg,train,,,,,팬츠,,,크롭·앵클,,,,,미디·7부 기장,,,,,,,,
images/91217376_1.jpeg,train,,,,,팬츠,하렘 팬츠,테이퍼드,,,,,,,,,,테이퍼드핏,,,,
images/91217920_0.jpeg,val,,,,,팬츠,,,크롭·앵클,,,,,미디·7부 기장,,,,,,,,
images/91217951_1.jpeg,train,,,,,팬츠,,부츠컷,,,,,,,,,,플레어핏,,,,
images/91217981_0.jpeg,val,,,,,팬츠,,와이드,카프리·7부,,,,,미디·7부 기장,,,,와이드핏,,,,
images/91218016_0.jpeg,train,,,,,팬츠,,,크롭·앵클,플리츠·턱,,,,미디·7부 기장,,,,,,,,
images/91218227_0.jpeg,val,,,,,팬츠,레깅스,,카프리·7부,,,,,미디·7부 기장,,,,,,,,
images/91218443_0.jpeg,val,,,,,팬츠,,스키니,,,,,,,,,,슬림핏,,,,
images/91218483_1.jpeg,train,,,,,팬츠,레깅스,,,,,,,,,,,,,,,
images/91219225_0.jpeg,train,,,,,팬츠,레깅스,,,5포켓,,,,,,,,,,,,
images/91219325_0.jpeg,train,,,,,팬츠,레깅스,,,5포켓,,,,,,,,,,,,
images/91219515_0.jpeg,train,,,,,팬츠,,,크롭·앵클,,,,,미디·7부 기장,,,,,,,,
images/91219858_0.jpeg,train,,,,,팬츠,세일러 팬츠,스트레이트,,,,,,,,,,스트레이트핏,,,,
images/91220597_0.jpeg,train,,,,,팬츠,,스키니,,,,,,,,,,슬림핏,,,,
images/91221255_0.jpeg,val,,,,,팬츠,조거·스웨트팬츠,,풀렝스,,,,,롱·긴바지 기장,,,,,,,,
images/91221470_0.jpeg,train,,,,,팬츠,레깅스,,,,,,,,,,,,,,,
images/91221696_0.jpeg,train,,,,,팬츠,레깅스,,,5포켓,,,,,,,,,,,,
images/91222248_0.jpeg,train,,,,,팬츠,치노 팬츠,스트레이트,,,,,,,,,,스트레이트핏,,,,
images/91222633_0.jpeg,val,,,,,팬츠,,스키니,,,,,,,,,,슬림핏,,,,
images/91223188_0.jpeg,val,,,,,팬츠,,스키니,,,,,,,,,,슬림핏,,,,
images/91223246_0.jpeg,train,,,,,팬츠,,스키니,크롭·앵클,,,,,미디·7부 기장,,,,슬림핏,,,,
images/91223674_2.jpeg,train,,,,,팬츠,,,크롭·앵클,플리츠·턱,,,,미디·7부 기장,,,,,,,,
images/91224818_1.jpeg,val,,,,,팬츠,,테이퍼드,,,,,,,,,,테이퍼드핏,,,,
images/91226078_0.jpeg,train,,,,,팬츠,,스트레이트,,,,,,,,,,스트레이트핏,,,,
images/91226106_0.jpeg,val,,,,,팬츠,,와이드,풀렝스,,,,,롱·긴바지 기장,,,,와이드핏,,,,
images/91229384_0.jpeg,train,,,,,팬츠,,스키니,,,,,,,,,,슬림핏,,,,
images/91229592_0.jpeg,train,,,,,팬츠,레깅스,,,,,,,,,,,,,,,
images/91229766_0.jpeg,val,,,,,팬츠,,플레어,크롭·앵클,,,,,미디·7부 기장,,,,플레어핏,,,,
images/91230344_0.jpeg,train,,,,,팬츠,,와이드,,플리츠·턱,,,,,,,,와이드핏,,,,
images/91230953_0.jpeg,train,,,,,팬츠,,스키니,,,,,,,,,,슬림핏,,,,
images/91231163_0.jpeg,train,,,,,팬츠,,플레어,,,,,,,,,,플레어핏,,,,
images/91231581_0.jpeg,train,,,,,팬츠,,플레어,,,,,,,,,,플레어핏,,,,
images/91231968_0.jpeg,val,,,,,팬츠,,팔라초,,,,,,,,,,와이드핏,,,,
images/91232062_0.jpeg,train,,,,,팬츠,,플레어,,,,,,,,,,플레어핏,,,,
images/91232730_0.jpeg,val,,,,,팬츠,,와이드,,,,,,,,,,와이드핏,,,,
images/91233749_0.jpeg,train,,,,,팬츠,,,크롭·앵클,,,,,미디·7부 기장,,,,,,,,
images/91234064_0.jpeg,train,,,,,팬츠,,테이퍼드,,,,,,,,,,테이퍼드핏,,,,
images/91234115_0.jpeg,train,,,,,팬츠,,스트레이트,,드로스트링,,,,,,,,스트레이트핏,,,,
images/91234701_0.jpeg,train,,,,,팬츠,,스키니,,,,,,,,,,슬림핏,,,,
images/91235898_0.jpeg,train,,,,,팬츠,,와이드,,,,,,,,,,와이드핏,,,,
images/91237325_0.jpeg,train,,,,,팬츠,,플레어,풀렝스,,,,,롱·긴바지 기장,,,,플레어핏,,,,
images/91237421_0.jpeg,train,,,,,팬츠,레깅스,,,,,,,,,,,,,,,
images/91237517_0.jpeg,train,,,,,팬츠,,플레어,,,,,,,,,,플레어핏,,,,
images/91237820_0.jpeg,train,,,,,팬츠,,플레어,크롭·앵클,,,,,미디·7부 기장,,,,플레어핏,,,,
images/91238968_0.jpeg,train,,,,,팬츠,레깅스,,,,,,,,,,,,,,,
images/91239432_0.jpeg,train,,,,,팬츠,,스키니,,,,,,,,,,슬림핏,,,,
images/91239546_0.jpeg,train,,,,,팬츠,레깅스,,,,,,,,,,,,,,,
images/91239937_0.jpeg,train,,,,,팬츠,,,풀렝스,,,,,롱·긴바지 기장,,,,,,,,
images/91240327_0.jpeg,train,,,,,팬츠,,페그,크롭·앵클,,,,,미디·7부 기장,,,,테이퍼드핏,,,,
images/91242599_0.jpeg,train,,,,,팬츠,,부츠컷,,,,,,,,,,플레어핏,,,,
images/91242601_0.jpeg,train,,,,,팬츠,트랙팬츠,스키니,,,,,,,,,,슬림핏,,,,
images/91243236_0.jpeg,train,,,,,팬츠,,,크롭·앵클,플리츠·턱,,,,미디·7부 기장,,,,,,,,
images/91243318_0.jpeg,val,,,,,팬츠,,테이퍼드,,,,,,,,,,테이퍼드핏,,,,
images/91243385_0.jpeg,train,,,,,팬츠,,스트레이트,,플리츠·턱,,,,,,,,스트레이트핏,,,,
images/91243736_0.jpeg,train,,,,,팬츠,,부츠컷,풀렝스,,,,,롱·긴바지 기장,,,,플레어핏,,,,
images/91243966_0.jpeg,train,,,,,팬츠,트랙팬츠,,풀렝스,,,,,롱·긴바지 기장,,,,,,,,
images/91244701_0.jpeg,train,,,,,팬츠,,테이퍼드,,,,,,,,,,테이퍼드핏,,,,
images/91244914_1.jpeg,train,,,,,팬츠,,와이드,,플리츠·턱,,,,,,,,와이드핏,,,,
images/91245124_0.jpeg,train,,,,,팬츠,,스키니,풀렝스,,,,,롱·긴바지 기장,,,,슬림핏,,,,
images/91245402_1.jpeg,train,,,,,팬츠,,테이퍼드,크롭·앵클,,,,,미디·7부 기장,,,,테이퍼드핏,,,,
images/91245501_0.jpeg,train,,,,,팬츠,레깅스,,,,,,,,,,,,,,,
images/91245572_0.jpeg,train,,,,,팬츠,,스키니,크롭·앵클,,,,,미디·7부 기장,,,,슬림핏,,,,
images/91245635_0.jpeg,train,,,,,팬츠,,부츠컷,크롭·앵클,,,,,미디·7부 기장,,,,플레어핏,,,,
images/91245698_0.jpeg,train,,,,,팬츠,레깅스,,,,,,,,,,,,,,,
images/91245809_0.jpeg,train,,,,,팬츠,,플레어,풀렝스,,,,,롱·긴바지 기장,,,,플레어핏,,,,
images/91246220_0.jpeg,train,,,,,팬츠,,,풀렝스,플리츠·턱,,,,롱·긴바지 기장,,,,,,,,
images/91246441_1.jpeg,train,,,,,팬츠,,테이퍼드,풀렝스,플리츠·턱,,,,롱·긴바지 기장,,,,테이퍼드핏,,,,
images/91246496_0.jpeg,train,,,,,팬츠,트랙팬츠,,풀렝스,,,,,롱·긴바지 기장,,,,,,,,
images/91246854_0.jpeg,train,,,,,팬츠,,,크롭·앵클,,,,,미디·7부 기장,,,,,,,,
images/91247595_0.jpeg,train,,,,,팬츠,,와이드,,,,,,,,,,와이드핏,,,,
images/91247838_0.jpeg,val,,,,,팬츠,,팔라초,크롭·앵클,,,,,미디·7부 기장,,,,와이드핏,,,,
images/91247876_0.jpeg,train,,,,,팬츠,,스트레이트,,플리츠·턱,,,,,,,,스트레이트핏,,,,
images/91248189_0.jpeg,train,,,,,팬츠,슬랙스,스키니,,,,,,,,,,슬림핏,,,,
images/91248400_0.jpeg,train,,,,,팬츠,,스트레이트,,,,,,,,,,스트레이트핏,,,,
images/91248942_0.jpeg,train,,,,,팬츠,,테이퍼드,풀렝스,,,,,롱·긴바지 기장,,,,테이퍼드핏,,,,
images/91249006_0.jpeg,val,,,,,팬츠,레깅스,,,,,,,,,,,,,,,
images/91249027_1.jpeg,val,,,,,팬츠,트랙팬츠,플레어,,,,,,,,,,플레어핏,,,,
images/91249075_0.jpeg,train,,,,,팬츠,,,크롭·앵클,,,,,미디·7부 기장,,,,,,,,
images/91249610_0.jpeg,train,,,,,팬츠,,플레어,크롭·앵클,,,,,미디·7부 기장,,,,플레어핏,,,,
images/91249714_0.jpeg,train,,,,,청바지,청바지,스키니,,,,,,,,,,슬림핏,,,데님,
images/91250192_3.jpeg,train,,,,,팬츠,,팔라초,,,,,,,,,,와이드핏,,,,
images/91250195_0.jpeg,train,,,,,팬츠,요가 팬츠,,,,,,,,,,,,,,,
images/91250349_0.jpeg,val,,,,,팬츠,,스트레이트,,드로스트링,,,,,,,,스트레이트핏,,,,
images/91252071_0.jpeg,val,,,,,팬츠,,와이드,카프리·7부,,,,,미디·7부 기장,,,,와이드핏,,,,
images/91252240_0.jpeg,train,,,,,팬츠,,플레어,풀렝스,밑단 커프,,,,롱·긴바지 기장,,,,플레어핏,,,,
images/91253064_0.jpeg,train,,,,,팬츠,,,풀렝스,,,,,롱·긴바지 기장,,,,,,,,
images/91253444_0.jpeg,train,,,,,팬츠,하렘 팬츠,,,,,,,,,,,,,,,
images/91253446_0.jpeg,train,,,,,팬츠,,페그,,,,,,,,,,테이퍼드핏,,,,
images/91254152_0.jpeg,train,,,,,팬츠,하렘 팬츠,페그,,,,,,,,,,테이퍼드핏,,,,
images/91254872_0.jpeg,train,,,,,팬츠,,,풀렝스,드로스트링,,,,롱·긴바지 기장,,,,,,,,
images/91255022_0.jpeg,train,,,,,팬츠,레깅스,,,5포켓,,,,,,,,,,,,
images/91255153_0.jpeg,val,,,,,팬츠,,,풀렝스,,,,,롱·긴바지 기장,,,,,,,,
images/91256016_0.jpeg,val,,,,,팬츠,레깅스,,카프리·7부,,,,,미디·7부 기장,,,,,,,,
images/91256128_0.jpeg,train,,,,,팬츠,레깅스,,,5포켓,,,,,,,,,,,,
images/91257273_0.jpeg,train,,,,,팬츠,조거·스웨트팬츠,,풀렝스,,,,,롱·긴바지 기장,,,,,,,,
images/91258011_0.jpeg,train,,,,,팬츠,,부츠컷,,,,,,,,,,플레어핏,,,,
images/91258389_0.jpeg,train,,,,,팬츠,레깅스,,,,,,,,,,,,,,,
images/91258470_0.jpeg,train,,,,,팬츠,,페그,,,,,,,,,,테이퍼드핏,,,,
images/91259971_0.jpeg,train,,,,,팬츠,,,크롭·앵클,,,,,미디·7부 기장,,,,,,,,
images/91260543_0.jpeg,val,,,,,팬츠,레깅스,,,스터럽,,,,,,,,,,,,
images/91260883_0.jpeg,train,,,,,팬츠,,페그,,사이드 스트라이프,,,,,,,,테이퍼드핏,,,,
images/91260898_0.jpeg,train,,,,,팬츠,하렘 팬츠,페그,,,,,,,,,,테이퍼드핏,,,,
images/91261424_0.jpeg,val,,,,,팬츠,,페그,,,,,,,,,,테이퍼드핏,,,,
images/91261566_1.jpeg,train,,,,,팬츠,,스트레이트,,,,,,,,,,스트레이트핏,,,,
images/91261969_0.jpeg,val,,,,,팬츠,레깅스,,,사이드 스트라이프,,,,,,,,,,,,
images/91262233_0.jpeg,train,,,,,팬츠,,페그,,,,,,,,,,테이퍼드핏,,,,
images/91262259_0.jpeg,train,,,,,팬츠,,스키니,,,,,,,,,,슬림핏,,,,
images/91262714_0.jpeg,train,,,,,팬츠,레깅스,,,,,,,,,,,,,,,
images/91264165_0.jpeg,train,,,,,팬츠,조거·스웨트팬츠,스트레이트,,,,,,,,,,스트레이트핏,,,,
images/91264448_0.jpeg,train,,,,,팬츠,,플레어,풀렝스,,,,,롱·긴바지 기장,,,,플레어핏,,,,
images/91264705_0.jpeg,train,,,,,팬츠,레깅스,,,스터럽,,,,,,,,,,,,
images/91264811_0.jpeg,val,,,,,팬츠,조거·스웨트팬츠,,,,,,,,,,,,,,,
images/91265613_0.jpeg,train,,,,,팬츠,조거·스웨트팬츠,,크롭·앵클,사이드 스트라이프,,,,미디·7부 기장,,,,,,,,
images/91266855_0.jpeg,train,,,,,팬츠,,와이드,,,,,,,,,,와이드핏,,,,
images/91267193_0.jpeg,train,,,,,팬츠,,,카프리·7부,,,,,미디·7부 기장,,,,,,,,
images/91267990_0.jpeg,train,,,,,팬츠,트랙팬츠,,풀렝스,,,,,롱·긴바지 기장,,,,,,,,
images/91268410_0.jpeg,train,,,,,팬츠,,부츠컷,크롭·앵클,,,,,미디·7부 기장,,,,플레어핏,,,,
images/91268473_0.jpeg,val,,,,,팬츠,,,크롭·앵클,,,,,미디·7부 기장,,,,,,,,
images/91269638_0.jpeg,train,,,,,팬츠,치노 팬츠,와이드,,,,,,,,,,와이드핏,,,,
images/91269685_0.jpeg,train,,,,,팬츠,하렘 팬츠,,,,,,,,,,,,,,,
images/91270670_0.jpeg,train,,,,,팬츠,트랙팬츠,,풀렝스,,,,,롱·긴바지 기장,,,,,,,,
images/91271299_0.jpeg,train,,,,,팬츠,,팔라초,풀렝스,,,,,롱·긴바지 기장,,,,와이드핏,,,,
images/91271460_1.jpeg,train,,,,,팬츠,,,크롭·앵클,플리츠·턱,,,,미디·7부 기장,,,,,,,,
images/91271623_0.jpeg,train,,,,,팬츠,,페그,,,,,,,,,,테이퍼드핏,,,,
images/91271631_0.jpeg,train,,,,,팬츠,,플레어,,,,,,,,,,플레어핏,,,,
images/91271721_0.jpeg,train,,,,,팬츠,,,크롭·앵클,,,,,미디·7부 기장,,,,,,,,
images/91271971_0.jpeg,val,,,,,팬츠,,,크롭·앵클,,,,,미디·7부 기장,,,,,,,,
images/91272074_0.jpeg,train,,,,,팬츠,,테이퍼드,풀렝스,,,,,롱·긴바지 기장,,,,테이퍼드핏,,,,
images/91272406_0.jpeg,val,,,,,청바지,청바지,,풀렝스,,,,,롱·긴바지 기장,,,,,,,데님,
images/91272560_0.jpeg,train,,,,,팬츠,,스키니,,,,,,,,,,슬림핏,,,,
images/91272889_0.jpeg,train,,,,,팬츠,레깅스,,,,,,,,,,,,,,,
images/91273098_0.jpeg,train,,,,,팬츠,,와이드,,플리츠·턱,,,,,,,,와이드핏,,,,
images/91273779_1.jpeg,train,,,,,팬츠,,테이퍼드,,플리츠·턱,,,,,,,,테이퍼드핏,,,,
images/91274091_0.jpeg,train,,,,,팬츠,레깅스,,카프리·7부,,,,,미디·7부 기장,,,,,,,,
images/91274174_0.jpeg,train,,,,,팬츠,,와이드,,,,,,,,,,와이드핏,,,,
images/91274777_0.jpeg,train,,,,,팬츠,,,카프리·7부,,,,,미디·7부 기장,,,,,,,,
images/91275612_0.jpeg,train,,,,,팬츠,,스트레이트,,,,,,,,,,스트레이트핏,,,,
images/91275759_0.jpeg,train,,,,,팬츠,트랙팬츠,,풀렝스,,,,,롱·긴바지 기장,,,,,,,,
images/91276328_0.jpeg,train,,,,,팬츠,카고 팬츠,스트레이트,,카고 포켓,,,,,,,,스트레이트핏,,,,
images/91276759_0.jpeg,train,,,,,팬츠,,,풀렝스,,,,,롱·긴바지 기장,,,,,,,,
images/91276808_0.jpeg,train,,,,,팬츠,,부츠컷,,,,,,,,,,플레어핏,,,,
images/91277204_0.jpeg,train,,,,,팬츠,,와이드,크롭·앵클,,,,,미디·7부 기장,,,,와이드핏,,,,
images/91278173_0.jpeg,train,,,,,팬츠,,스트레이트,,플리츠·턱,,,,,,,,스트레이트핏,,,,
images/91278203_0.jpeg,train,,,,,팬츠,슬랙스,스트레이트,,,,,,,,,,스트레이트핏,,,,
images/91281012_0.jpeg,train,,,,,청바지,청바지,,풀렝스,5포켓,,,,롱·긴바지 기장,,,,,,,데님,
images/91281138_0.jpeg,train,,,,,팬츠,,테이퍼드,,,,,,,,,,테이퍼드핏,,,,
images/91281818_0.jpeg,train,,,,,팬츠,레깅스,,,,,,,,,,,,,,,
images/91283958_1.jpeg,train,,,,,팬츠,,플레어,풀렝스,,,,,롱·긴바지 기장,,,,플레어핏,,,,
images/91284860_0.jpeg,train,,,,,팬츠,레깅스,,,,,,,,,,,,,,,
images/91285512_0.jpeg,train,,,,,팬츠,레깅스,,,,,,,,,,,,,,,
images/91286313_0.jpeg,train,,,,,팬츠,,,크롭·앵클,,,,,미디·7부 기장,,,,,,,,
images/91286360_0.jpeg,train,,,,,팬츠,,,풀렝스,드로스트링,,,,롱·긴바지 기장,,,,,,,,
images/91286531_0.jpeg,train,,,,,팬츠,,,크롭·앵클,,,,,미디·7부 기장,,,,,,,,
images/91286754_0.jpeg,train,,,,,팬츠,조거·스웨트팬츠,,,,,,,,,,,,,,,
images/91287853_0.jpeg,train,,,,,팬츠,조거·스웨트팬츠,,,,,,,,,,,,,,,
images/91289208_0.jpeg,train,,,,,팬츠,카고 팬츠,와이드,,카고 포켓,,,,,,,,와이드핏,,,,
images/91289237_0.jpeg,train,,,,,팬츠,트랙팬츠,와이드,,,,,,,,,,와이드핏,,,,
images/91289508_0.jpeg,train,,,,,팬츠,트랙팬츠,,풀렝스,,,,,롱·긴바지 기장,,,,,,,,
images/91289535_0.jpeg,val,,,,,팬츠,,,크롭·앵클,,,,,미디·7부 기장,,,,,,,,
images/91289914_0.jpeg,train,,,,,팬츠,하렘 팬츠,,,드로스트링,,,,,,,,,,,,
images/91289922_0.jpeg,train,,,,,팬츠,조거·스웨트팬츠,,풀렝스,,,,,롱·긴바지 기장,,,,,,,,
images/91289966_0.jpeg,train,,,,,팬츠,,와이드,크롭·앵클,,,,,미디·7부 기장,,,,와이드핏,,,,
images/91290086_0.jpeg,val,,,,,팬츠,,와이드,,드로스트링,,,,,,,,와이드핏,,,,
images/91290391_0.jpeg,train,,,,,팬츠,요가 팬츠,,,,,,,,,,,,,,,
images/91290608_0.jpeg,train,,,,,팬츠,조거·스웨트팬츠,스키니,,,,,,,,,,슬림핏,,,,
images/91290865_0.jpeg,train,,,,,팬츠,레깅스,,,,,,,,,,,,,,,
images/91291014_0.jpeg,train,,,,,팬츠,,플레어,풀렝스,,,,,롱·긴바지 기장,,,,플레어핏,,,,
images/91291165_0.jpeg,train,,,,,팬츠,,플레어,,,,,,,,,,플레어핏,,,,
images/91291258_0.jpeg,train,,,,,팬츠,조거·스웨트팬츠,,풀렝스,,,,,롱·긴바지 기장,,,,,,,,
images/91291814_0.jpeg,train,,,,,팬츠,,,풀렝스,드로스트링,,,,롱·긴바지 기장,,,,,,,,
images/91292217_0.jpeg,train,,,,,팬츠,하렘 팬츠,,,,,,,,,,,,,,,
images/91292477_0.jpeg,val,,,,,팬츠,조거·스웨트팬츠,,크롭·앵클,,,,,미디·7부 기장,,,,,,,,
images/91292668_0.jpeg,train,,,,,팬츠,,,풀렝스,,,,,롱·긴바지 기장,,,,,,,,
images/91293344_0.jpeg,train,,,,,팬츠,,,풀렝스,,,,,롱·긴바지 기장,,,,,,,,
images/91293453_0.jpeg,train,,,,,팬츠,트랙팬츠,,풀렝스,,,,,롱·긴바지 기장,,,,,,,,
images/91293479_0.jpeg,train,,,,,팬츠,조거·스웨트팬츠,스키니,,,,,,,,,,슬림핏,,,,
images/91294212_0.jpeg,train,,,,,팬츠,세일러 팬츠,와이드,,,,,,,,,,와이드핏,,,,
images/91294551_0.jpeg,train,,,,,팬츠,,,크롭·앵클,,,,,미디·7부 기장,,,,,,,,
images/91294930_0.jpeg,train,,,,,팬츠,,플레어,카프리·7부,,,,,미디·7부 기장,,,,플레어핏,,,,
images/91295248_1.jpeg,train,,,,,팬츠,,스트레이트,,드로스트링,,,,,,,,스트레이트핏,,,,
images/91295359_0.jpeg,train,,,,,팬츠,,,풀렝스,,,,,롱·긴바지 기장,,,,,,,,
images/91295590_0.jpeg,val,,,,,팬츠,,테이퍼드,풀렝스,,,,,롱·긴바지 기장,,,,테이퍼드핏,,,,
images/91295727_0.jpeg,train,,,,,팬츠,,스키니,,5포켓,,,,,,,,슬림핏,,,,
images/91296370_0.jpeg,train,,,,,팬츠,,,풀렝스,드로스트링,,,,롱·긴바지 기장,,,,,,,,
images/91296414_0.jpeg,val,,,,,팬츠,,스트레이트,,,,,,,,,,스트레이트핏,,,,
images/91296445_0.jpeg,train,,,,,팬츠,,플레어,,,,,,,,,,플레어핏,,,,
images/91296482_0.jpeg,val,,,,,팬츠,레깅스,,,,,,,,,,,,,,,
images/91296612_0.jpeg,train,,,,,팬츠,,,카프리·7부,,,,,미디·7부 기장,,,,,,,,
images/91297685_0.jpeg,train,,,,,팬츠,조거·스웨트팬츠,스키니,,,,,,,,,,슬림핏,,,,
images/91298155_0.jpeg,val,,,,,팬츠,,와이드,,,,,,,,,,와이드핏,,,,
images/91298401_2.jpeg,train,,,,,팬츠,트랙팬츠,,풀렝스,,,,,롱·긴바지 기장,,,,,,,,
images/91299354_1.jpeg,val,,,,,팬츠,,부츠컷,풀렝스,,,,,롱·긴바지 기장,,,,플레어핏,,,,
images/91299532_0.jpeg,val,,,,,팬츠,,스트레이트,,,,,,,,,,스트레이트핏,,,,
images/91300256_0.jpeg,val,,,,,팬츠,,와이드,,드로스트링,,,,,,,,와이드핏,,,,
images/91300888_0.jpeg,train,,,,,팬츠,,테이퍼드,풀렝스,,,,,롱·긴바지 기장,,,,테이퍼드핏,,,,
images/91301745_0.jpeg,train,,,,,팬츠,레깅스,,카프리·7부,,,,,미디·7부 기장,,,,,,,,
images/91302191_0.jpeg,train,,,,,팬츠,조거·스웨트팬츠,,풀렝스,,,,,롱·긴바지 기장,,,,,,,,
images/91302743_0.jpeg,train,,,,,팬츠,,부츠컷,,,,,,,,,,플레어핏,,,,
images/91304236_0.jpeg,val,,,,,팬츠,,,크롭·앵클,,,,,미디·7부 기장,,,,,,,,
images/91304562_0.jpeg,train,,,,,팬츠,레깅스,,카프리·7부,,,,,미디·7부 기장,,,,,,,,
images/91305338_0.jpeg,train,,,,,팬츠,,페그,크롭·앵클,,,,,미디·7부 기장,,,,테이퍼드핏,,,,
images/91306289_0.jpeg,train,,,,,팬츠,레깅스,,카프리·7부,,,,,미디·7부 기장,,,,,,,,
images/91306885_0.jpeg,train,,,,,팬츠,조거·스웨트팬츠,,풀렝스,,,,,롱·긴바지 기장,,,,,,,,
images/91307419_0.jpeg,train,,,,,팬츠,,테이퍼드,크롭·앵클,,,,,미디·7부 기장,,,,테이퍼드핏,,,,
images/91308255_0.jpeg,train,,,,,팬츠,,스트레이트,,,,,,,,,,스트레이트핏,,,,
images/91309000_0.jpeg,train,,,,,팬츠,레깅스,,카프리·7부,,,,,미디·7부 기장,,,,,,,,
images/91310382_0.jpeg,val,,,,,팬츠,,,풀렝스,,,,,롱·긴바지 기장,,,,,,,,
images/91310422_0.jpeg,train,,,,,팬츠,,,풀렝스,,,,,롱·긴바지 기장,,,,,,,,
images/91310428_0.jpeg,train,,,,,팬츠,레깅스,,카프리·7부,,,,,미디·7부 기장,,,,,,,,
images/91310492_0.jpeg,train,,,,,팬츠,레깅스,,,,,,,,,,,,,,,
images/91310949_0.jpeg,train,,,,,팬츠,,플레어,풀렝스,,,,,롱·긴바지 기장,,,,플레어핏,,,,
images/91311029_0.jpeg,train,,,,,팬츠,,,풀렝스,,,,,롱·긴바지 기장,,,,,,,,
images/91311077_0.jpeg,train,,,,,팬츠,,스트레이트,,5포켓,,,,,,,,스트레이트핏,,,,
images/91311422_0.jpeg,train,,,,,팬츠,,테이퍼드,풀렝스,,,,,롱·긴바지 기장,,,,테이퍼드핏,,,,
images/91312097_0.jpeg,train,,,,,팬츠,,스트레이트,,5포켓,,,,,,,,스트레이트핏,,,,
images/91312535_0.jpeg,val,,,,,팬츠,,스트레이트,,5포켓,,,,,,,,스트레이트핏,,,,
images/91312877_0.jpeg,train,,,,,팬츠,,스트레이트,,5포켓,,,,,,,,스트레이트핏,,,,
images/91313198_0.jpeg,train,,,,,팬츠,,스키니,,드로스트링,,,,,,,,슬림핏,,,,
images/91313620_0.jpeg,train,,,,,팬츠,레깅스,,,5포켓,,,,,,,,,,,,
images/91314115_0.jpeg,train,,,,,팬츠,,스트레이트,,5포켓,,,,,,,,스트레이트핏,,,,
images/91314150_0.jpeg,train,,,,,팬츠,,페그,,,,,,,,,,테이퍼드핏,,,,
images/91314255_0.jpeg,val,,,,,팬츠,,플레어,풀렝스,5포켓,,,,롱·긴바지 기장,,,,플레어핏,,,,
images/91314385_0.jpeg,val,,,,,팬츠,조거·스웨트팬츠,,풀렝스,,,,,롱·긴바지 기장,,,,,,,,
images/91314984_0.jpeg,val,,,,,팬츠,레깅스,,,사이드 스트라이프,,,,,,,,,,,,
images/91315240_3.jpeg,train,,,,,팬츠,레깅스,,,스터럽,,,,,,,,,,,,
images/91315395_0.jpeg,train,,,,,팬츠,,플레어,,5포켓,,,,,,,,플레어핏,,,,
images/91315522_0.jpeg,val,,,,,팬츠,,,크롭·앵클,5포켓,,,,미디·7부 기장,,,,,,,,
images/91315706_0.jpeg,train,,,,,팬츠,,,풀렝스,,,,,롱·긴바지 기장,,,,,,,,
images/91315990_0.jpeg,train,,,,,팬츠,레깅스,,,,,,,,,,,,,,,
images/91316040_0.jpeg,train,,,,,팬츠,,팔라초,,,,,,,,,,와이드핏,,,,
images/91317182_0.jpeg,val,,,,,팬츠,조거·스웨트팬츠,스트레이트,,,,,,,,,,스트레이트핏,,,,
images/91317214_0.jpeg,train,,,,,팬츠,조거·스웨트팬츠,스트레이트,,,,,,,,,,스트레이트핏,,,,
images/91317987_0.jpeg,train,,,,,팬츠,,페그,풀렝스,,,,,롱·긴바지 기장,,,,테이퍼드핏,,,,
images/91318498_0.jpeg,train,,,,,팬츠,,와이드,,,,,,,,,,와이드핏,,,,
images/91318721_0.jpeg,train,,,,,팬츠,,부츠컷,크롭·앵클,,,,,미디·7부 기장,,,,플레어핏,,,,
images/91318898_0.jpeg,train,,,,,팬츠,,플레어,,,,,,,,,,플레어핏,,,,
images/91322484_0.jpeg,train,,,,,팬츠,,,크롭·앵클,드로스트링,,,,미디·7부 기장,,,,,,,,
images/91322601_0.jpeg,val,,,,,팬츠,슬랙스,,풀렝스,,,,,롱·긴바지 기장,,,,,,,,
images/91322608_0.jpeg,train,,,,,팬츠,레깅스,,,드로스트링,,,,,,,,,,,,
images/91324021_0.jpeg,val,,,,,팬츠,,부츠컷,크롭·앵클,,,,,미디·7부 기장,,,,플레어핏,,,,
images/91325004_0.jpeg,train,,,,,팬츠,,플레어,,,,,,,,,,플레어핏,,,,
images/91325215_0.jpeg,val,,,,,팬츠,,플레어,,,,,,,,,,플레어핏,,,,
images/91325975_0.jpeg,train,,,,,팬츠,,스트레이트,,,,,,,,,,스트레이트핏,,,,
images/91326244_0.jpeg,train,,,,,팬츠,,스트레이트,,,,,,,,,,스트레이트핏,,,,
images/91326937_0.jpeg,val,,,,,팬츠,,,풀렝스,플리츠·턱,,,,롱·긴바지 기장,,,,,,,,
images/91327189_0.jpeg,val,,,,,팬츠,,플레어,풀렝스,,,,,롱·긴바지 기장,,,,플레어핏,,,,
images/91327714_0.jpeg,train,,,,,팬츠,,,풀렝스,,,,,롱·긴바지 기장,,,,,,,,
images/91328031_0.jpeg,train,,,,,팬츠,,플레어,,,,,,,,,,플레어핏,,,,
images/91328090_0.jpeg,train,,,,,팬츠,,,풀렝스,,,,,롱·긴바지 기장,,,,,,,,
images/91329071_0.jpeg,val,,,,,팬츠,,스트레이트,,,,,,,,,,스트레이트핏,,,,
images/91329183_0.jpeg,train,,,,,팬츠,,,크롭·앵클,,,,,미디·7부 기장,,,,,,,,
images/91329313_0.jpeg,train,,,,,팬츠,,스키니,,,,,,,,,,슬림핏,,,,
images/91330137_0.jpeg,train,,,,,팬츠,,스키니,,드로스트링,,,,,,,,슬림핏,,,,
images/91331159_0.jpeg,train,,,,,팬츠,,,크롭·앵클,플리츠·턱,,,,미디·7부 기장,,,,,,,,
images/91331366_0.jpeg,train,,,,,청바지,청바지,스키니,,,,,,,,,,슬림핏,,,데님,
images/91331393_1.jpeg,train,,,,,팬츠,,,크롭·앵클,,,,,미디·7부 기장,,,,,,,,
images/91332113_0.jpeg,train,,,,,팬츠,,페그,크롭·앵클,,,,,미디·7부 기장,,,,테이퍼드핏,,,,
images/91332473_0.jpeg,train,,,,,팬츠,조거·스웨트팬츠,스트레이트,,,,,,,,,,스트레이트핏,,,,
images/91333578_0.jpeg,train,,,,,팬츠,,스트레이트,크롭·앵클,,,,,미디·7부 기장,,,,스트레이트핏,,,,
images/91334168_0.jpeg,train,,,,,팬츠,,테이퍼드,크롭·앵클,,,,,미디·7부 기장,,,,테이퍼드핏,,,,
images/91334514_0.jpeg,train,,,,,팬츠,,,크롭·앵클,,,,,미디·7부 기장,,,,,,,,
images/91334839_0.jpeg,train,,,,,팬츠,조거·스웨트팬츠,,,,,,,,,,,,,,,
images/91335264_0.jpeg,val,,,,,팬츠,요가 팬츠,와이드,,,,,,,,,,와이드핏,,,,
images/91335513_0.jpeg,train,,,,,팬츠,,스키니,,밴딩 허리,,,,,,,,슬림핏,,,,
images/91335741_0.jpeg,train,,,,,팬츠,하렘 팬츠,,,,,,,,,,,,,,,
images/91335826_1.jpeg,val,,,,,팬츠,,,크롭·앵클,플리츠·턱,,,,미디·7부 기장,,,,,,,,
images/91336259_0.jpeg,train,,,,,청바지,청바지,스키니,,,,,,,,,,슬림핏,,,데님,
images/91336609_1.jpeg,train,,,,,팬츠,치노 팬츠,스키니,,,,,,,,,,슬림핏,,,,
images/91336952_0.jpeg,train,,,,,팬츠,,스트레이트,,,,,,,,,,스트레이트핏,,,,
images/91337058_0.jpeg,train,,,,,팬츠,,팔라초,,,,,,,,,,와이드핏,,,,
images/91337112_0.jpeg,train,,,,,팬츠,레깅스,,,,,,,,,,,,,,,
images/91337689_0.jpeg,train,,,,,팬츠,레깅스,,,,,,,,,,,,,,,
images/91337932_0.jpeg,train,,,,,팬츠,레깅스,,,,,,,,,,,,,,,
images/91338258_0.jpeg,train,,,,,팬츠,,,풀렝스,드로스트링,,,,롱·긴바지 기장,,,,,,,,
images/91338469_0.jpeg,train,,,,,팬츠,하렘 팬츠,,,,,,,,,,,,,,,
images/91338762_0.jpeg,train,,,,,팬츠,트랙팬츠,,크롭·앵클,,,,,미디·7부 기장,,,,,,,,
images/91338827_1.jpeg,train,,,,,팬츠,레깅스,,카프리·7부,,,,,미디·7부 기장,,,,,,,,
images/91338929_0.jpeg,train,,,,,팬츠,,,크롭·앵클,,,,,미디·7부 기장,,,,,,,,
images/91339495_0.jpeg,train,,,,,팬츠,조거·스웨트팬츠,스트레이트,,,,,,,,,,스트레이트핏,,,,
images/91340185_0.jpeg,train,,,,,팬츠,,,크롭·앵클,,,,,미디·7부 기장,,,,,,,,
images/91340193_0.jpeg,val,,,,,팬츠,,팔라초,,,,,,,,,,와이드핏,,,,
images/91340743_0.jpeg,train,,,,,팬츠,레깅스,,카프리·7부,,,,,미디·7부 기장,,,,,,,,
images/91340754_0.jpeg,train,,,,,팬츠,조거·스웨트팬츠,,크롭·앵클,,,,,미디·7부 기장,,,,,,,,
images/91341062_1.jpeg,train,,,,,팬츠,레깅스,,카프리·7부,,,,,미디·7부 기장,,,,,,,,
images/91341126_0.jpeg,train,,,,,팬츠,,스트레이트,,,,,,,,,,스트레이트핏,,,,
images/91341160_0.jpeg,train,,,,,팬츠,,스키니,,,,,,,,,,슬림핏,,,,
images/91341642_0.jpeg,train,,,,,팬츠,레깅스,,카프리·7부,,,,,미디·7부 기장,,,,,,,,
images/91341797_0.jpeg,train,,,,,팬츠,슬랙스,,크롭·앵클,,,,,미디·7부 기장,,,,,,,,
images/91341921_1.jpeg,train,,,,,팬츠,,스키니,,,,,,,,,,슬림핏,,,,
images/91342697_0.jpeg,train,,,,,팬츠,,스트레이트,,드로스트링,,,,,,,,스트레이트핏,,,,
images/91342958_0.jpeg,train,,,,,팬츠,치노 팬츠,스키니,,,,,,,,,,슬림핏,,,,
images/91343639_0.jpeg,train,,,,,팬츠,레깅스,,카프리·7부,,,,,미디·7부 기장,,,,,,,,
images/91344021_1.jpeg,train,,,,,팬츠,레깅스,,카프리·7부,,,,,미디·7부 기장,,,,,,,,
images/91345301_0.jpeg,val,,,,,팬츠,레깅스,,카프리·7부,,,,,미디·7부 기장,,,,,,,,
images/91345864_0.jpeg,train,,,,,팬츠,레깅스,,카프리·7부,,,,,미디·7부 기장,,,,,,,,
images/91345995_0.jpeg,train,,,,,팬츠,트랙팬츠,스트레이트,,,,,,,,,,스트레이트핏,,,,
images/91346075_0.jpeg,val,,,,,팬츠,조거·스웨트팬츠,,크롭·앵클,,,,,미디·7부 기장,,,,,,,,
images/91346183_0.jpeg,train,,,,,팬츠,레깅스,,카프리·7부,,,,,미디·7부 기장,,,,,,,,
images/91346233_0.jpeg,val,,,,,팬츠,레깅스,,,,,,,,,,,,,,,
images/91346812_0.jpeg,train,,,,,팬츠,,스트레이트,,5포켓,,,,,,,,스트레이트핏,,,,
images/91348625_0.jpeg,val,,,,,팬츠,,플레어,풀렝스,,,,,롱·긴바지 기장,,,,플레어핏,,,,
images/91348698_0.jpeg,val,,,,,팬츠,,,크롭·앵클,,,,,미디·7부 기장,,,,,,,,
images/91348919_0.jpeg,val,,,,,팬츠,,,크롭·앵클,,,,,미디·7부 기장,,,,,,,,
images/91349258_0.jpeg,val,,,,,팬츠,,플레어,,,,,,,,,,플레어핏,,,,
images/91349318_0.jpeg,train,,,,,팬츠,레깅스,,,,,,,,,,,,,,,
images/91349450_0.jpeg,train,,,,,팬츠,레깅스,,카프리·7부,,,,,미디·7부 기장,,,,,,,,
images/91349542_0.jpeg,train,,,,,팬츠,레깅스,,,,,,,,,,,,,,,
images/91349867_0.jpeg,train,,,,,팬츠,,플레어,크롭·앵클,,,,,미디·7부 기장,,,,플레어핏,,,,
images/91349887_0.jpeg,train,,,,,팬츠,,스키니,,,,,,,,,,슬림핏,,,,
images/91350014_0.jpeg,train,,,,,팬츠,트랙팬츠,,크롭·앵클,드로스트링,,,,미디·7부 기장,,,,,,,,
images/91350192_0.jpeg,train,,,,,팬츠,레깅스,,,,,,,,,,,,,,,
images/91351682_0.jpeg,train,,,,,팬츠,,스키니,,,,,,,,,,슬림핏,,,,
images/91351752_0.jpeg,train,,,,,팬츠,,와이드,,,,,,,,,,와이드핏,,,,
images/91352360_0.jpeg,train,,,,,팬츠,,스트레이트,크롭·앵클,,,,,미디·7부 기장,,,,스트레이트핏,,,,
images/91352694_1.jpeg,train,,,,,팬츠,,,크롭·앵클,플리츠·턱,,,,미디·7부 기장,,,,,,,,
images/91352948_0.jpeg,train,,,,,팬츠,,부츠컷,풀렝스,,,,,롱·긴바지 기장,,,,플레어핏,,,,
images/91352989_0.jpeg,train,,,,,팬츠,,,크롭·앵클,드로스트링,,,,미디·7부 기장,,,,,,,,
images/91353235_0.jpeg,train,,,,,팬츠,,,풀렝스,,,,,롱·긴바지 기장,,,,,,,,
images/91353725_0.jpeg,train,,,,,팬츠,,,크롭·앵클,,,,,미디·7부 기장,,,,,,,,
images/91354121_0.jpeg,train,,,,,팬츠,레깅스,,,,,,,,,,,,,,,
images/91354660_1.jpeg,train,,,,,팬츠,,플레어,카프리·7부,,,,,미디·7부 기장,,,,플레어핏,,,,
images/91354996_0.jpeg,train,,,,,팬츠,,스트레이트,,드로스트링|사이드 스트라이프,,,,,,,,스트레이트핏,,,,
images/91355033_0.jpeg,train,,,,,팬츠,,,크롭·앵클,,,,,미디·7부 기장,,,,,,,,
images/91355223_0.jpeg,train,,,,,팬츠,요가 팬츠,,크롭·앵클,,,,,미디·7부 기장,,,,,,,,
images/91355234_0.jpeg,train,,,,,팬츠,레깅스,,카프리·7부,,,,,미디·7부 기장,,,,,,,,
images/91355300_0.jpeg,val,,,,,팬츠,슬랙스,스트레이트,,,,,,,,,,스트레이트핏,,,,
images/91355474_1.jpeg,train,,,,,팬츠,레깅스,,카프리·7부,,,,,미디·7부 기장,,,,,,,,
images/91356097_0.jpeg,train,,,,,팬츠,슬랙스,,크롭·앵클,,,,,미디·7부 기장,,,,,,,,
images/91356320_0.jpeg,val,,,,,팬츠,트랙팬츠,스트레이트,,,,,,,,,,스트레이트핏,,,,
images/91356434_0.jpeg,train,,,,,팬츠,조거·스웨트팬츠,,풀렝스,,,,,롱·긴바지 기장,,,,,,,,
images/91356731_0.jpeg,val,,,,,팬츠,레깅스,,,,,,,,,,,,,,,
images/91357604_0.jpeg,train,,,,,팬츠,,와이드,,플리츠·턱,,,,,,,,와이드핏,,,,
images/91357928_0.jpeg,train,,,,,팬츠,,스키니,,,,,,,,,,슬림핏,,,,
images/91359226_0.jpeg,train,,,,,팬츠,,테이퍼드,풀렝스,,,,,롱·긴바지 기장,,,,테이퍼드핏,,,,
images/91360924_0.jpeg,train,,,,,팬츠,,스트레이트,,,,,,,,,,스트레이트핏,,,,
images/91361035_0.jpeg,train,,,,,팬츠,,스트레이트,,드로스트링,,,,,,,,스트레이트핏,,,,
images/91361063_0.jpeg,train,,,,,팬츠,조거·스웨트팬츠,,풀렝스,,,,,롱·긴바지 기장,,,,,,,,
images/91361260_0.jpeg,train,,,,,팬츠,슬랙스,,풀렝스,,,,,롱·긴바지 기장,,,,,,,,
images/91361393_0.jpeg,train,,,,,팬츠,,,크롭·앵클,,,,,미디·7부 기장,,,,,,,,
images/91361730_0.jpeg,train,,,,,팬츠,,스키니,,,,,,,,,,슬림핏,,,,
images/91363994_0.jpeg,train,,,,,팬츠,,팔라초,,,,,,,,,,와이드핏,,,,
images/91364087_0.jpeg,train,,,,,팬츠,,부츠컷,,,,,,,,,,플레어핏,,,,
images/91364481_0.jpeg,train,,,,,팬츠,,플레어,,,,,,,,,,플레어핏,,,,
images/91365084_0.jpeg,train,,,,,팬츠,하렘 팬츠,테이퍼드,,,,,,,,,,테이퍼드핏,,,,
images/91365315_0.jpeg,train,,,,,팬츠,,플레어,크롭·앵클,,,,,미디·7부 기장,,,,플레어핏,,,,
images/91366162_0.jpeg,val,,,,,팬츠,,,풀렝스,,,,,롱·긴바지 기장,,,,,,,,
images/91366203_0.jpeg,train,,,,,팬츠,,플레어,,,,,,,,,,플레어핏,,,,
images/91366543_3.jpeg,train,,,,,팬츠,,와이드,,,,,,,,,,와이드핏,,,,
images/91367508_0.jpeg,val,,,,,팬츠,,,크롭·앵클,,,,,미디·7부 기장,,,,,,,,
images/91367985_0.jpeg,train,,,,,팬츠,레깅스,,,,,,,,,,,,,,,
images/91369422_0.jpeg,train,,,,,팬츠,레깅스,,,사이드 스트라이프,,,,,,,,,,,,
images/91369434_0.jpeg,train,,,,,팬츠,,부츠컷,풀렝스,,,,,롱·긴바지 기장,,,,플레어핏,,,,
images/91369440_0.jpeg,train,,,,,팬츠,레깅스,,,,,,,,,,,,,,,
images/91370663_0.jpeg,val,,,,,팬츠,,스키니,,,,,,,,,,슬림핏,,,,
images/91370706_0.jpeg,train,,,,,팬츠,,테이퍼드,풀렝스,,,,,롱·긴바지 기장,,,,테이퍼드핏,,,,
images/91370948_0.jpeg,val,,,,,팬츠,,와이드,,,,,,,,,,와이드핏,,,,
images/91371675_0.jpeg,train,,,,,팬츠,트랙팬츠,,풀렝스,,,,,롱·긴바지 기장,,,,,,,,
images/91371979_1.jpeg,train,,,,,팬츠,,스트레이트,,,,,,,,,,스트레이트핏,,,,
images/91372071_0.jpeg,train,,,,,팬츠,,,크롭·앵클,5포켓,,,,미디·7부 기장,,,,,,,,
images/91372307_0.jpeg,train,,,,,팬츠,,와이드,,,,,,,,,,와이드핏,,,,
images/91372784_0.jpeg,train,,,,,팬츠,치노 팬츠,스트레이트,,,,,,,,,,스트레이트핏,,,,
images/91373457_0.jpeg,train,,,,,팬츠,,와이드,,,,,,,,,,와이드핏,,,,
images/91373503_0.jpeg,train,,,,,팬츠,레깅스,,,,,,,,,,,,,,,
images/91373620_0.jpeg,train,,,,,팬츠,,테이퍼드,풀렝스,,,,,롱·긴바지 기장,,,,테이퍼드핏,,,,
images/91374682_0.jpeg,train,,,,,팬츠,카고 팬츠,,카프리·7부,카고 포켓,,,,미디·7부 기장,,,,,,,,
images/91374715_0.jpeg,train,,,,,팬츠,,,풀렝스,플리츠·턱,,,,롱·긴바지 기장,,,,,,,,
images/91375129_0.jpeg,train,,,,,팬츠,,,풀렝스,플리츠·턱,,,,롱·긴바지 기장,,,,,,,,
images/91375414_1.jpeg,train,,,,,팬츠,트랙팬츠,플레어,풀렝스,,,,,롱·긴바지 기장,,,,플레어핏,,,,
images/91375670_0.jpeg,train,,,,,팬츠,레깅스,,,,,,,,,,,,,,,
images/91375686_1.jpeg,train,,,,,팬츠,트랙팬츠,,풀렝스,,,,,롱·긴바지 기장,,,,,,,,
images/91376625_0.jpeg,val,,,,,팬츠,카고 팬츠,,카프리·7부,카고 포켓,,,,미디·7부 기장,,,,,,,,
images/91377943_0.jpeg,train,,,,,팬츠,,테이퍼드,,,,,,,,,,테이퍼드핏,,,,
images/91378224_0.jpeg,val,,,,,팬츠,,와이드,,,,,,,,,,와이드핏,,,,
images/91378495_0.jpeg,train,,,,,팬츠,레깅스,,,,,,,,,,,,,,,
images/91382239_0.jpeg,train,,,,,팬츠,,플레어,풀렝스,,,,,롱·긴바지 기장,,,,플레어핏,,,,
images/91382914_1.jpeg,train,,,,,팬츠,,테이퍼드,풀렝스,,,,,롱·긴바지 기장,,,,테이퍼드핏,,,,
images/91383052_1.jpeg,val,,,,,팬츠,,와이드,,,,,,,,,,와이드핏,,,,
images/91383861_0.jpeg,train,,,,,팬츠,,와이드,,플리츠·턱,,,,,,,,와이드핏,,,,
images/91384374_0.jpeg,train,,,,,팬츠,,,크롭·앵클,5포켓,,,,미디·7부 기장,,,,,,,,
images/91384463_0.jpeg,train,,,,,팬츠,레깅스,,,,,,,,,,,,,,,
images/91385115_0.jpeg,train,,,,,팬츠,,스트레이트,,,,,,,,,,스트레이트핏,,,,
images/91385340_0.jpeg,train,,,,,팬츠,,플레어,,,,,,,,,,플레어핏,,,,
images/91385458_0.jpeg,val,,,,,팬츠,요가 팬츠,,,,,,,,,,,,,,,
images/91386018_0.jpeg,train,,,,,팬츠,,,크롭·앵클,드로스트링,,,,미디·7부 기장,,,,,,,,
images/91386180_0.jpeg,train,,,,,팬츠,,,카프리·7부,,,,,미디·7부 기장,,,,,,,,
images/91386770_0.jpeg,train,,,,,팬츠,,,크롭·앵클,밑단 커프,,,,미디·7부 기장,,,,,,,,
images/91387160_0.jpeg,train,,,,,청바지,청바지,,풀렝스,,,,,롱·긴바지 기장,,,,,,,데님,
images/91388568_0.jpeg,train,,,,,팬츠,레깅스,,,5포켓,,,,,,,,,,,,
images/91388677_0.jpeg,train,,,,,팬츠,,,풀렝스,밴딩 허리,,,,롱·긴바지 기장,,,,,,,,
images/91389161_0.jpeg,train,,,,,팬츠,치노 팬츠,,크롭·앵클,,,,,미디·7부 기장,,,,,,,,
images/91389318_0.jpeg,train,,,,,팬츠,레깅스,,,,,,,,,,,,,,,
images/91389660_0.jpeg,train,,,,,팬츠,레깅스,스키니,,밑단 커프,,,,,,,,슬림핏,,,,
images/91389891_0.jpeg,train,,,,,팬츠,치노 팬츠,,크롭·앵클,,,,,미디·7부 기장,,,,,,,,
images/91389902_0.jpeg,val,,,,,팬츠,,스트레이트,풀렝스,,,,,롱·긴바지 기장,,,,스트레이트핏,,,,
images/91390515_0.jpeg,train,,,,,팬츠,,부츠컷,,,,,,,,,,플레어핏,,,,
images/91391886_1.jpeg,val,,,,,팬츠,레깅스,스키니,,밑단 커프,,,,,,,,슬림핏,,,,
images/91392320_0.jpeg,train,,,,,팬츠,치노 팬츠,테이퍼드,크롭·앵클,,,,,미디·7부 기장,,,,테이퍼드핏,,,,
images/91392795_0.jpeg,train,,,,,팬츠,,,풀렝스,,,,,롱·긴바지 기장,,,,,,,,
images/91393411_0.jpeg,train,,,,,팬츠,슬랙스,스트레이트,,,,,,,,,,스트레이트핏,,,,
images/91396272_0.jpeg,train,,,,,팬츠,,플레어,,,,,,,,,,플레어핏,,,,
images/91397136_0.jpeg,train,,,,,팬츠,,플레어,,,,,,,,,,플레어핏,,,,
images/91397718_1.jpeg,train,,,,,팬츠,,테이퍼드,크롭·앵클,,,,,미디·7부 기장,,,,테이퍼드핏,,,,
images/91398299_0.jpeg,train,,,,,팬츠,,와이드,,,,,,,,,,와이드핏,,,,
images/91400386_1.jpeg,train,,,,,팬츠,,,크롭·앵클,,,,,미디·7부 기장,,,,,,,,
images/91401578_2.jpeg,val,,,,,팬츠,레깅스,,,스터럽,,,,,,,,,,,,
images/91402953_1.jpeg,train,,,,,팬츠,,,풀렝스,,,,,롱·긴바지 기장,,,,,,,,
images/91404414_0.jpeg,train,,,,,팬츠,요가 팬츠,,,,,,,,,,,,,,,
images/91406030_0.jpeg,train,,,,,팬츠,,테이퍼드,풀렝스,,,,,롱·긴바지 기장,,,,테이퍼드핏,,,,
images/91406186_0.jpeg,train,,,,,팬츠,,,크롭·앵클,,,,,미디·7부 기장,,,,,,,,
images/91406874_1.jpeg,val,,,,,팬츠,레깅스,,,,,,,,,,,,,,,
images/91407032_0.jpeg,val,,,,,팬츠,,,크롭·앵클,,,,,미디·7부 기장,,,,,,,,
images/91407051_0.jpeg,train,,,,,팬츠,,스키니,,밴딩 허리,,,,,,,,슬림핏,,,,
images/91407083_0.jpeg,val,,,,,팬츠,,스트레이트,,,,,,,,,,스트레이트핏,,,,
images/91407302_0.jpeg,val,,,,,팬츠,레깅스,,,,,,,,,,,,,,,
images/91407431_0.jpeg,val,,,,,팬츠,,스키니,,,,,,,,,,슬림핏,,,,
images/91407615_0.jpeg,train,,,,,팬츠,요가 팬츠,,,,,,,,,,,,,,,
images/91407856_0.jpeg,train,,,,,팬츠,,테이퍼드,풀렝스,,,,,롱·긴바지 기장,,,,테이퍼드핏,,,,
images/91408120_0.jpeg,train,,,,,팬츠,세일러 팬츠,와이드,,,,,,,,,,와이드핏,,,,
images/91408349_0.jpeg,train,,,,,팬츠,요가 팬츠,,풀렝스,,,,,롱·긴바지 기장,,,,,,,,
images/91408454_0.jpeg,train,,,,,팬츠,레깅스,,카프리·7부,,,,,미디·7부 기장,,,,,,,,
images/91408587_0.jpeg,train,,,,,팬츠,카고 팬츠,,크롭·앵클,카고 포켓,,,,미디·7부 기장,,,,,,,,
images/91408662_0.jpeg,train,,,,,팬츠,세일러 팬츠,스트레이트,,,,,,,,,,스트레이트핏,,,,
images/91408787_0.jpeg,train,,,,,팬츠,,스트레이트,풀렝스,,,,,롱·긴바지 기장,,,,스트레이트핏,,,,
images/91408942_0.jpeg,train,,,,,팬츠,,테이퍼드,,,,,,,,,,테이퍼드핏,,,,
images/91408987_0.jpeg,train,,,,,팬츠,,스키니,,,,,,,,,,슬림핏,,,,
images/91409094_0.jpeg,train,,,,,청바지,청바지,스트레이트,,,,,,,,,,스트레이트핏,,,데님,
images/91409107_0.jpeg,train,,,,,팬츠,,팔라초,,,,,,,,,,와이드핏,,,,
images/91409175_0.jpeg,train,,,,,팬츠,,스트레이트,풀렝스,,,,,롱·긴바지 기장,,,,스트레이트핏,,,,
images/91409341_0.jpeg,train,,,,,팬츠,,스키니,,,,,,,,,,슬림핏,,,,
images/91409392_0.jpeg,train,,,,,팬츠,레깅스,,카프리·7부,,,,,미디·7부 기장,,,,,,,,
images/91409877_0.jpeg,train,,,,,팬츠,카고 팬츠,,크롭·앵클,카고 포켓,,,,미디·7부 기장,,,,,,,,
images/91410019_0.jpeg,train,,,,,청바지,청바지,와이드,,,,,,,,,,와이드핏,,,데님,
images/91410050_0.jpeg,train,,,,,팬츠,,,크롭·앵클,,,,,미디·7부 기장,,,,,,,,
images/91410344_0.jpeg,val,,,,,팬츠,,,풀렝스,,,,,롱·긴바지 기장,,,,,,,,
images/91410428_0.jpeg,val,,,,,팬츠,,,크롭·앵클,,,,,미디·7부 기장,,,,,,,,
images/91410574_0.jpeg,train,,,,,팬츠,카고 팬츠,,크롭·앵클,카고 포켓,,,,미디·7부 기장,,,,,,,,
images/91410834_0.jpeg,train,,,,,팬츠,,스키니,,,,,,,,,,슬림핏,,,,
images/91410858_0.jpeg,train,,,,,팬츠,레깅스,,카프리·7부,,,,,미디·7부 기장,,,,,,,,
images/91411085_0.jpeg,train,,,,,팬츠,,스트레이트,,,,,,,,,,스트레이트핏,,,,
images/91411110_0.jpeg,train,,,,,팬츠,레깅스,,,,,,,,,,,,,,,
images/91411118_0.jpeg,train,,,,,팬츠,,스키니,크롭·앵클,,,,,미디·7부 기장,,,,슬림핏,,,,
images/91411135_1.jpeg,train,,,,,팬츠,,,크롭·앵클,,,,,미디·7부 기장,,,,,,,,
images/91411381_0.jpeg,train,,,,,청바지,청바지,스트레이트,,,,,,,,,,스트레이트핏,,,데님,
images/91411389_0.jpeg,train,,,,,팬츠,,스트레이트,,,,,,,,,,스트레이트핏,,,,
images/91411582_0.jpeg,train,,,,,팬츠,,스키니,풀렝스,,,,,롱·긴바지 기장,,,,슬림핏,,,,
images/91411916_0.jpeg,train,,,,,팬츠,세일러 팬츠,,풀렝스,,,,,롱·긴바지 기장,,,,,,,,
images/91412202_0.jpeg,train,,,,,청바지,청바지,,크롭·앵클,드로스트링,,,,미디·7부 기장,,,,,,,데님,
images/91412547_0.jpeg,train,,,,,청바지,청바지,스트레이트,,,,,,,,,,스트레이트핏,,,데님,
images/91412813_0.jpeg,val,,,,,팬츠,,,카프리·7부,,,,,미디·7부 기장,,,,,,,,
images/91413206_0.jpeg,train,,,,,팬츠,레깅스,,카프리·7부,,,,,미디·7부 기장,,,,,,,,
images/91413389_0.jpeg,train,,,,,팬츠,레깅스,,,,,,,,,,,,,,,
images/91413462_0.jpeg,train,,,,,팬츠,,,크롭·앵클,,,,,미디·7부 기장,,,,,,,,
images/91415250_0.jpeg,train,,,,,팬츠,레깅스,,,,,,,,,,,,,,,
images/91415749_0.jpeg,val,,,,,팬츠,레깅스,,,,,,,,,,,,,,,
images/91415816_0.jpeg,val,,,,,팬츠,하렘 팬츠,,,,,,,,,,,,,,,
images/91415839_0.jpeg,val,,,,,팬츠,,플레어,,,,,,,,,,플레어핏,,,,
images/91416470_0.jpeg,val,,,,,팬츠,레깅스,,,5포켓,,,,,,,,,,,,
images/91416889_0.jpeg,train,,,,,팬츠,레깅스,,,5포켓,,,,,,,,,,,,
images/91417168_0.jpeg,train,,,,,팬츠,,스트레이트,,드로스트링,,,,,,,,스트레이트핏,,,,
images/91418754_3.jpeg,val,,,,,팬츠,,와이드,,,,,,,,,,와이드핏,,,,
images/91419121_0.jpeg,train,,,,,팬츠,조거·스웨트팬츠,,,,,,,,,,,,,,,
images/91419642_0.jpeg,val,,,,,팬츠,슬랙스,스키니,,,,,,,,,,슬림핏,,,,
images/91420720_0.jpeg,train,,,,,팬츠,레깅스,,,,,,,,,,,,,,,
images/91422264_0.jpeg,train,,,,,팬츠,레깅스,,,,,,,,,,,,,,,
images/91422465_0.jpeg,val,,,,,팬츠,,와이드,,,,,,,,,,와이드핏,,,,
images/91424673_0.jpeg,train,,,,,팬츠,레깅스,,,,,,,,,,,,,,,
images/91424713_0.jpeg,train,,,,,팬츠,,스트레이트,,드로스트링,,,,,,,,스트레이트핏,,,,
images/91424716_0.jpeg,train,,,,,팬츠,슬랙스,,크롭·앵클,,,,,미디·7부 기장,,,,,,,,
images/91424744_0.jpeg,train,,,,,팬츠,레깅스,스키니,,,,,,,,,,슬림핏,,,,
images/91427030_0.jpeg,train,,,,,팬츠,,스트레이트,,,,,,,,,,스트레이트핏,,,,
images/91427888_0.jpeg,train,,,,,팬츠,카고 팬츠,스키니,크롭·앵클,카고 포켓,,,,미디·7부 기장,,,,슬림핏,,,,
images/91428732_0.jpeg,train,,,,,팬츠,,와이드,,,,,,,,,,와이드핏,,,,
images/91429762_0.jpeg,train,,,,,팬츠,,와이드,,,,,,,,,,와이드핏,,,,
images/91429959_0.jpeg,val,,,,,팬츠,,,풀렝스,,,,,롱·긴바지 기장,,,,,,,,
images/91430614_1.jpeg,train,,,,,팬츠,,팔라초,,,,,,,,,,와이드핏,,,,
images/91431850_0.jpeg,train,,,,,팬츠,트랙팬츠,와이드,,,,,,,,,,와이드핏,,,,
images/91431861_0.jpeg,train,,,,,팬츠,,,풀렝스,,,,,롱·긴바지 기장,,,,,,,,
images/91433819_0.jpeg,train,,,,,팬츠,하렘 팬츠,,,,,,,,,,,,,,,
images/91433901_0.jpeg,val,,,,,팬츠,레깅스,,,,,,,,,,,,,,,
images/91434340_0.jpeg,train,,,,,팬츠,조거·스웨트팬츠,,,,,,,,,,,,,,,
images/91434440_0.jpeg,train,,,,,팬츠,,스키니,,,,,,,,,,슬림핏,,,,
images/91434759_0.jpeg,train,,,,,팬츠,,,크롭·앵클,밴딩 허리,,,,미디·7부 기장,,,,,,,,
images/91435018_0.jpeg,val,,,,,팬츠,,,풀렝스,,,,,롱·긴바지 기장,,,,,,,,
images/91435052_0.jpeg,train,,,,,팬츠,,스키니,,,,,,,,,,슬림핏,,,,
images/91435160_0.jpeg,train,,,,,팬츠,트랙팬츠,,풀렝스,,,,,롱·긴바지 기장,,,,,,,,
images/91436181_0.jpeg,train,,,,,팬츠,,,크롭·앵클,드로스트링,,,,미디·7부 기장,,,,,,,,
images/91436263_0.jpeg,val,,,,,팬츠,트랙팬츠,테이퍼드,풀렝스,,,,,롱·긴바지 기장,,,,테이퍼드핏,,,,
images/91436266_1.jpeg,train,,,,,팬츠,,와이드,,밴딩 허리,,,,,,,,와이드핏,,,,
images/91436598_0.jpeg,train,,,,,팬츠,,,풀렝스,,,,,롱·긴바지 기장,,,,,,,,
images/91437335_0.jpeg,train,,,,,팬츠,,스트레이트,,,,,,,,,,스트레이트핏,,,,
images/91437395_0.jpeg,train,,,,,팬츠,,스트레이트,,,,,,,,,,스트레이트핏,,,,
images/91437597_0.jpeg,train,,,,,팬츠,,테이퍼드,풀렝스,,,,,롱·긴바지 기장,,,,테이퍼드핏,,,,
