dataset,source_subset,product_id,image_number,original_filename,crop_count,usage_split,used_for_training
fashion200k,fashion200k_bottoms,10690635,0,10690635_0.jpeg,1,old_val,false
fashion200k,fashion200k_bottoms,21313534,0,21313534_0.jpeg,1,train,true
fashion200k,fashion200k_bottoms,25132417,0,25132417_0.jpeg,1,old_val,false
fashion200k,fashion200k_bottoms,27093790,0,27093790_0.jpeg,1,train,true
fashion200k,fashion200k_bottoms,27533098,0,27533098_0.jpeg,1,train,true
fashion200k,fashion200k_bottoms,29164036,0,29164036_0.jpeg,1,train,true
fashion200k,fashion200k_bottoms,29502716,0,29502716_0.jpeg,1,train,true
fashion200k,fashion200k_bottoms,29579404,1,29579404_1.jpeg,1,train,true
fashion200k,fashion200k_bottoms,30215157,1,30215157_1.jpeg,1,old_val,false
fashion200k,fashion200k_bottoms,30329124,0,30329124_0.jpeg,1,train,true
fashion200k,fashion200k_bottoms,34159533,0,34159533_0.jpeg,1,train,true
fashion200k,fashion200k_bottoms,34454308,1,34454308_1.jpeg,1,train,true
fashion200k,fashion200k_bottoms,35402230,0,35402230_0.jpeg,1,train,true
fashion200k,fashion200k_bottoms,36056077,0,36056077_0.jpeg,1,train,true
fashion200k,fashion200k_bottoms,36184455,0,36184455_0.jpeg,1,train,true
fashion200k,fashion200k_bottoms,36350107,0,36350107_0.jpeg,1,train,true
fashion200k,fashion200k_bottoms,37190895,0,37190895_0.jpeg,1,train,true
fashion200k,fashion200k_bottoms,37214250,0,37214250_0.jpeg,1,train,true
fashion200k,fashion200k_bottoms,38497370,1,38497370_1.jpeg,1,train,true
fashion200k,fashion200k_bottoms,39958704,0,39958704_0.jpeg,1,train,true
fashion200k,fashion200k_bottoms,40467438,0,40467438_0.jpeg,1,train,true
fashion200k,fashion200k_bottoms,41878581,0,41878581_0.jpeg,1,train,true
fashion200k,fashion200k_bottoms,42365987,0,42365987_0.jpeg,1,train,true
fashion200k,fashion200k_bottoms,42456891,0,42456891_0.jpeg,1,train,true
fashion200k,fashion200k_bottoms,42471145,0,42471145_0.jpeg,1,train,true
fashion200k,fashion200k_bottoms,42562545,1,42562545_1.jpeg,1,train,true
fashion200k,fashion200k_bottoms,42706991,0,42706991_0.jpeg,1,old_val,false
fashion200k,fashion200k_bottoms,42840947,0,42840947_0.jpeg,1,train,true
fashion200k,fashion200k_bottoms,43250881,0,43250881_0.jpeg,1,old_val,false
fashion200k,fashion200k_bottoms,44454128,2,44454128_2.jpeg,1,train,true
fashion200k,fashion200k_bottoms,44586706,0,44586706_0.jpeg,1,train,true
fashion200k,fashion200k_bottoms,44646813,0,44646813_0.jpeg,1,train,true
fashion200k,fashion200k_bottoms,44743420,1,44743420_1.jpeg,1,old_val,false
fashion200k,fashion200k_bottoms,46432542,0,46432542_0.jpeg,1,train,true
fashion200k,fashion200k_bottoms,46451695,0,46451695_0.jpeg,1,train,true
fashion200k,fashion200k_bottoms,47013892,0,47013892_0.jpeg,1,train,true
fashion200k,fashion200k_bottoms,47099119,0,47099119_0.jpeg,1,train,true
fashion200k,fashion200k_bottoms,47623450,0,47623450_0.jpeg,1,train,true
fashion200k,fashion200k_bottoms,47626440,3,47626440_3.jpeg,1,train,true
fashion200k,fashion200k_bottoms,48013958,0,48013958_0.jpeg,1,train,true
fashion200k,fashion200k_bottoms,48692946,0,48692946_0.jpeg,1,train,true
fashion200k,fashion200k_bottoms,49057825,1,49057825_1.jpeg,1,train,true
fashion200k,fashion200k_bottoms,49505814,0,49505814_0.jpeg,1,train,true
fashion200k,fashion200k_bottoms,49732046,1,49732046_1.jpeg,1,train,true
fashion200k,fashion200k_bottoms,50102766,1,50102766_1.jpeg,1,train,true
fashion200k,fashion200k_bottoms,50153631,2,50153631_2.jpeg,1,train,true
fashion200k,fashion200k_bottoms,50160096,0,50160096_0.jpeg,1,train,true
fashion200k,fashion200k_bottoms,50160652,0,50160652_0.jpeg,1,train,true
fashion200k,fashion200k_bottoms,51278776,0,51278776_0.jpeg,1,train,true
fashion200k,fashion200k_bottoms,51444756,0,51444756_0.jpeg,1,train,true
fashion200k,fashion200k_bottoms,51524594,1,51524594_1.jpeg,1,train,true
fashion200k,fashion200k_bottoms,51541504,0,51541504_0.jpeg,1,train,true
fashion200k,fashion200k_bottoms,51627097,0,51627097_0.jpeg,1,old_val,false
fashion200k,fashion200k_bottoms,51644774,1,51644774_1.jpeg,1,train,true
fashion200k,fashion200k_bottoms,51649756,0,51649756_0.jpeg,1,train,true
fashion200k,fashion200k_bottoms,51666151,0,51666151_0.jpeg,1,train,true
fashion200k,fashion200k_bottoms,51720388,0,51720388_0.jpeg,1,train,true
fashion200k,fashion200k_bottoms,51769682,0,51769682_0.jpeg,1,train,true
fashion200k,fashion200k_bottoms,52401718,0,52401718_0.jpeg,1,old_val,false
fashion200k,fashion200k_bottoms,53251688,2,53251688_2.jpeg,1,train,true
fashion200k,fashion200k_bottoms,54615099,1,54615099_1.jpeg,1,train,true
fashion200k,fashion200k_bottoms,54656507,0,54656507_0.jpeg,1,train,true
fashion200k,fashion200k_bottoms,54789682,0,54789682_0.jpeg,1,train,true
fashion200k,fashion200k_bottoms,55712557,0,55712557_0.jpeg,1,old_val,false
fashion200k,fashion200k_bottoms,55723939,0,55723939_0.jpeg,1,old_val,false
fashion200k,fashion200k_bottoms,56085565,2,56085565_2.jpeg,1,train,true
fashion200k,fashion200k_bottoms,56921338,0,56921338_0.jpeg,1,train,true
fashion200k,fashion200k_bottoms,56926929,3,56926929_3.jpeg,1,train,true
fashion200k,fashion200k_bottoms,56929995,1,56929995_1.jpeg,1,train,true
fashion200k,fashion200k_bottoms,56930519,0,56930519_0.jpeg,1,train,true
fashion200k,fashion200k_bottoms,56970502,0,56970502_0.jpeg,1,train,true
fashion200k,fashion200k_bottoms,57717842,1,57717842_1.jpeg,1,old_val,false
fashion200k,fashion200k_bottoms,57762633,0,57762633_0.jpeg,1,train,true
fashion200k,fashion200k_bottoms,58027909,0,58027909_0.jpeg,1,train,true
fashion200k,fashion200k_bottoms,58029774,0,58029774_0.jpeg,1,train,true
fashion200k,fashion200k_bottoms,58227075,0,58227075_0.jpeg,1,train,true
fashion200k,fashion200k_bottoms,58609018,0,58609018_0.jpeg,1,train,true
fashion200k,fashion200k_bottoms,59686758,2,59686758_2.jpeg,1,old_val,false
fashion200k,fashion200k_bottoms,59887934,0,59887934_0.jpeg,1,train,true
fashion200k,fashion200k_bottoms,59904113,0,59904113_0.jpeg,1,train,true
fashion200k,fashion200k_bottoms,59906023,0,59906023_0.jpeg,1,old_val,false
fashion200k,fashion200k_bottoms,59956067,0,59956067_0.jpeg,1,old_val,false
fashion200k,fashion200k_bottoms,59970911,1,59970911_1.jpeg,1,train,true
fashion200k,fashion200k_bottoms,59979313,1,59979313_1.jpeg,1,train,true
fashion200k,fashion200k_bottoms,60397962,0,60397962_0.jpeg,1,train,true
fashion200k,fashion200k_bottoms,61357893,0,61357893_0.jpeg,1,old_val,false
fashion200k,fashion200k_bottoms,61433571,0,61433571_0.jpeg,1,train,true
fashion200k,fashion200k_bottoms,61491352,0,61491352_0.jpeg,1,train,true
fashion200k,fashion200k_bottoms,61503781,0,61503781_0.jpeg,1,old_val,false
fashion200k,fashion200k_bottoms,61573487,1,61573487_1.jpeg,1,old_val,false
fashion200k,fashion200k_bottoms,62293480,1,62293480_1.jpeg,1,old_val,false
fashion200k,fashion200k_bottoms,62294258,0,62294258_0.jpeg,1,train,true
fashion200k,fashion200k_bottoms,62617378,0,62617378_0.jpeg,1,train,true
fashion200k,fashion200k_bottoms,62629384,3,62629384_3.jpeg,1,train,true
fashion200k,fashion200k_bottoms,62873212,2,62873212_2.jpeg,1,train,true
fashion200k,fashion200k_bottoms,62955760,0,62955760_0.jpeg,1,train,true
fashion200k,fashion200k_bottoms,63424252,0,63424252_0.jpeg,1,train,true
fashion200k,fashion200k_bottoms,63432739,0,63432739_0.jpeg,1,train,true
fashion200k,fashion200k_bottoms,63717663,0,63717663_0.jpeg,1,train,true
fashion200k,fashion200k_bottoms,63801385,0,63801385_0.jpeg,1,train,true
fashion200k,fashion200k_bottoms,63808834,0,63808834_0.jpeg,1,train,true
fashion200k,fashion200k_bottoms,65070167,0,65070167_0.jpeg,1,train,true
fashion200k,fashion200k_bottoms,65088494,0,65088494_0.jpeg,1,train,true
fashion200k,fashion200k_bottoms,65574912,0,65574912_0.jpeg,1,train,true
fashion200k,fashion200k_bottoms,65730867,0,65730867_0.jpeg,1,train,true
fashion200k,fashion200k_bottoms,65763207,0,65763207_0.jpeg,1,train,true
fashion200k,fashion200k_bottoms,66071392,0,66071392_0.jpeg,1,old_val,false
fashion200k,fashion200k_bottoms,66132226,2,66132226_2.jpeg,1,train,true
fashion200k,fashion200k_bottoms,66153721,1,66153721_1.jpeg,1,train,true
fashion200k,fashion200k_bottoms,66223179,0,66223179_0.jpeg,1,train,true
fashion200k,fashion200k_bottoms,67000568,0,67000568_0.jpeg,1,train,true
fashion200k,fashion200k_bottoms,67008180,0,67008180_0.jpeg,1,train,true
fashion200k,fashion200k_bottoms,67052031,2,67052031_2.jpeg,1,train,true
fashion200k,fashion200k_bottoms,67174026,0,67174026_0.jpeg,1,train,true
fashion200k,fashion200k_bottoms,67174732,1,67174732_1.jpeg,1,train,true
fashion200k,fashion200k_bottoms,67174832,0,67174832_0.jpeg,1,train,true
fashion200k,fashion200k_bottoms,67886542,0,67886542_0.jpeg,1,old_val,false
fashion200k,fashion200k_bottoms,67961294,0,67961294_0.jpeg,1,old_val,false
fashion200k,fashion200k_bottoms,67970518,0,67970518_0.jpeg,1,train,true
fashion200k,fashion200k_bottoms,68000170,0,68000170_0.jpeg,1,train,true
fashion200k,fashion200k_bottoms,68039061,3,68039061_3.jpeg,1,train,true
fashion200k,fashion200k_bottoms,68042290,0,68042290_0.jpeg,1,train,true
fashion200k,fashion200k_bottoms,68054399,0,68054399_0.jpeg,1,train,true
fashion200k,fashion200k_bottoms,68077312,3,68077312_3.jpeg,1,train,true
fashion200k,fashion200k_bottoms,68080296,0,68080296_0.jpeg,1,train,true
fashion200k,fashion200k_bottoms,68098915,0,68098915_0.jpeg,1,train,true
fashion200k,fashion200k_bottoms,68101342,0,68101342_0.jpeg,1,train,true
fashion200k,fashion200k_bottoms,68103231,0,68103231_0.jpeg,1,old_val,false
fashion200k,fashion200k_bottoms,68108121,3,68108121_3.jpeg,1,train,true
fashion200k,fashion200k_bottoms,68112297,0,68112297_0.jpeg,1,train,true
fashion200k,fashion200k_bottoms,68137966,1,68137966_1.jpeg,1,train,true
fashion200k,fashion200k_bottoms,68391978,0,68391978_0.jpeg,1,train,true
fashion200k,fashion200k_bottoms,68393164,0,68393164_0.jpeg,1,train,true
fashion200k,fashion200k_bottoms,68442220,0,68442220_0.jpeg,1,train,true
fashion200k,fashion200k_bottoms,68507400,4,68507400_4.jpeg,1,train,true
fashion200k,fashion200k_bottoms,68546146,0,68546146_0.jpeg,1,train,true
fashion200k,fashion200k_bottoms,68845475,0,68845475_0.jpeg,1,train,true
fashion200k,fashion200k_bottoms,68877367,0,68877367_0.jpeg,1,train,true
fashion200k,fashion200k_bottoms,68879442,0,68879442_0.jpeg,1,train,true
fashion200k,fashion200k_bottoms,68919205,0,68919205_0.jpeg,1,train,true
fashion200k,fashion200k_bottoms,69299079,0,69299079_0.jpeg,1,train,true
fashion200k,fashion200k_bottoms,69299305,0,69299305_0.jpeg,1,train,true
fashion200k,fashion200k_bottoms,69404329,0,69404329_0.jpeg,1,train,true
fashion200k,fashion200k_bottoms,69838498,1,69838498_1.jpeg,1,train,true
fashion200k,fashion200k_bottoms,70204289,0,70204289_0.jpeg,1,train,true
fashion200k,fashion200k_bottoms,70220931,2,70220931_2.jpeg,1,train,true
fashion200k,fashion200k_bottoms,70280734,1,70280734_1.jpeg,1,train,true
fashion200k,fashion200k_bottoms,70454742,4,70454742_4.jpeg,1,train,true
fashion200k,fashion200k_bottoms,70482432,0,70482432_0.jpeg,1,train,true
fashion200k,fashion200k_bottoms,70620687,0,70620687_0.jpeg,1,train,true
fashion200k,fashion200k_bottoms,70665892,0,70665892_0.jpeg,1,train,true
fashion200k,fashion200k_bottoms,70667662,0,70667662_0.jpeg,1,train,true
fashion200k,fashion200k_bottoms,70685806,0,70685806_0.jpeg,1,train,true
fashion200k,fashion200k_bottoms,70861906,0,70861906_0.jpeg,1,old_val,false
fashion200k,fashion200k_bottoms,70896110,0,70896110_0.jpeg,1,train,true
fashion200k,fashion200k_bottoms,70926229,0,70926229_0.jpeg,1,train,true
fashion200k,fashion200k_bottoms,70967345,0,70967345_0.jpeg,1,train,true
fashion200k,fashion200k_bottoms,70968946,0,70968946_0.jpeg,1,old_val,false
fashion200k,fashion200k_bottoms,71097976,0,71097976_0.jpeg,1,train,true
fashion200k,fashion200k_bottoms,71100457,1,71100457_1.jpeg,1,train,true
fashion200k,fashion200k_bottoms,71293140,0,71293140_0.jpeg,1,train,true
fashion200k,fashion200k_bottoms,71304755,0,71304755_0.jpeg,1,train,true
fashion200k,fashion200k_bottoms,71375576,0,71375576_0.jpeg,1,train,true
fashion200k,fashion200k_bottoms,71383499,0,71383499_0.jpeg,1,old_val,false
fashion200k,fashion200k_bottoms,71547218,0,71547218_0.jpeg,1,train,true
fashion200k,fashion200k_bottoms,71661656,0,71661656_0.jpeg,1,train,true
fashion200k,fashion200k_bottoms,71697415,0,71697415_0.jpeg,1,train,true
fashion200k,fashion200k_bottoms,71753929,0,71753929_0.jpeg,1,train,true
fashion200k,fashion200k_bottoms,71778972,0,71778972_0.jpeg,1,old_val,false
fashion200k,fashion200k_bottoms,72042658,0,72042658_0.jpeg,1,train,true
fashion200k,fashion200k_bottoms,72296847,0,72296847_0.jpeg,1,train,true
fashion200k,fashion200k_bottoms,72316751,0,72316751_0.jpeg,1,train,true
fashion200k,fashion200k_bottoms,72319235,0,72319235_0.jpeg,1,train,true
fashion200k,fashion200k_bottoms,72329346,0,72329346_0.jpeg,1,train,true
fashion200k,fashion200k_bottoms,72452897,0,72452897_0.jpeg,1,train,true
fashion200k,fashion200k_bottoms,72519862,0,72519862_0.jpeg,1,train,true
fashion200k,fashion200k_bottoms,72810974,0,72810974_0.jpeg,1,train,true
fashion200k,fashion200k_bottoms,73119246,0,73119246_0.jpeg,1,train,true
fashion200k,fashion200k_bottoms,73249553,0,73249553_0.jpeg,1,train,true
fashion200k,fashion200k_bottoms,73681746,2,73681746_2.jpeg,1,train,true
fashion200k,fashion200k_bottoms,73924263,0,73924263_0.jpeg,1,train,true
fashion200k,fashion200k_bottoms,74060160,0,74060160_0.jpeg,1,train,true
fashion200k,fashion200k_bottoms,74134582,0,74134582_0.jpeg,1,train,true
fashion200k,fashion200k_bottoms,74229995,0,74229995_0.jpeg,1,train,true
fashion200k,fashion200k_bottoms,74258540,0,74258540_0.jpeg,1,old_val,false
fashion200k,fashion200k_bottoms,74287955,0,74287955_0.jpeg,1,train,true
fashion200k,fashion200k_bottoms,74396375,0,74396375_0.jpeg,1,train,true
fashion200k,fashion200k_bottoms,74547697,0,74547697_0.jpeg,1,train,true
fashion200k,fashion200k_bottoms,74758961,0,74758961_0.jpeg,1,train,true
fashion200k,fashion200k_bottoms,74983439,0,74983439_0.jpeg,1,old_val,false
fashion200k,fashion200k_bottoms,75009071,0,75009071_0.jpeg,1,train,true
fashion200k,fashion200k_bottoms,75141792,0,75141792_0.jpeg,1,train,true
fashion200k,fashion200k_bottoms,75279897,0,75279897_0.jpeg,1,train,true
fashion200k,fashion200k_bottoms,75450899,2,75450899_2.jpeg,1,train,true
fashion200k,fashion200k_bottoms,75474688,4,75474688_4.jpeg,1,train,true
fashion200k,fashion200k_bottoms,75502835,0,75502835_0.jpeg,1,train,true
fashion200k,fashion200k_bottoms,75813592,0,75813592_0.jpeg,1,train,true
fashion200k,fashion200k_bottoms,76091825,0,76091825_0.jpeg,1,old_val,false
fashion200k,fashion200k_bottoms,76129040,0,76129040_0.jpeg,1,old_val,false
fashion200k,fashion200k_bottoms,76219410,0,76219410_0.jpeg,1,train,true
fashion200k,fashion200k_bottoms,76267504,0,76267504_0.jpeg,1,train,true
fashion200k,fashion200k_bottoms,76274161,0,76274161_0.jpeg,1,train,true
fashion200k,fashion200k_bottoms,76274215,0,76274215_0.jpeg,1,old_val,false
fashion200k,fashion200k_bottoms,76316743,0,76316743_0.jpeg,1,train,true
fashion200k,fashion200k_bottoms,76640389,0,76640389_0.jpeg,1,train,true
fashion200k,fashion200k_bottoms,76640685,0,76640685_0.jpeg,1,train,true
fashion200k,fashion200k_bottoms,77190824,0,77190824_0.jpeg,1,train,true
fashion200k,fashion200k_bottoms,77255435,0,77255435_0.jpeg,1,train,true
fashion200k,fashion200k_bottoms,77255614,0,77255614_0.jpeg,1,train,true
fashion200k,fashion200k_bottoms,77477603,0,77477603_0.jpeg,1,train,true
fashion200k,fashion200k_bottoms,77803230,1,77803230_1.jpeg,1,train,true
fashion200k,fashion200k_bottoms,77809332,0,77809332_0.jpeg,1,old_val,false
fashion200k,fashion200k_bottoms,77830381,0,77830381_0.jpeg,1,train,true
fashion200k,fashion200k_bottoms,77831157,0,77831157_0.jpeg,1,train,true
fashion200k,fashion200k_bottoms,77864542,1,77864542_1.jpeg,1,train,true
fashion200k,fashion200k_bottoms,77893407,6,77893407_6.jpeg,1,train,true
fashion200k,fashion200k_bottoms,77977323,0,77977323_0.jpeg,1,train,true
fashion200k,fashion200k_bottoms,78261296,0,78261296_0.jpeg,1,train,true
fashion200k,fashion200k_bottoms,78382681,0,78382681_0.jpeg,1,train,true
fashion200k,fashion200k_bottoms,78639775,0,78639775_0.jpeg,1,train,true
fashion200k,fashion200k_bottoms,78714776,0,78714776_0.jpeg,1,old_val,false
fashion200k,fashion200k_bottoms,78857419,0,78857419_0.jpeg,1,old_val,false
fashion200k,fashion200k_bottoms,78946376,0,78946376_0.jpeg,1,train,true
fashion200k,fashion200k_bottoms,79023074,0,79023074_0.jpeg,1,train,true
fashion200k,fashion200k_bottoms,79170237,0,79170237_0.jpeg,1,old_val,false
fashion200k,fashion200k_bottoms,79191684,0,79191684_0.jpeg,1,train,true
fashion200k,fashion200k_bottoms,79220998,0,79220998_0.jpeg,1,old_val,false
fashion200k,fashion200k_bottoms,79233333,0,79233333_0.jpeg,1,train,true
fashion200k,fashion200k_bottoms,79234275,0,79234275_0.jpeg,1,train,true
fashion200k,fashion200k_bottoms,79255898,0,79255898_0.jpeg,1,old_val,false
fashion200k,fashion200k_bottoms,79357989,0,79357989_0.jpeg,1,old_val,false
fashion200k,fashion200k_bottoms,79402018,0,79402018_0.jpeg,1,train,true
fashion200k,fashion200k_bottoms,79420147,1,79420147_1.jpeg,1,old_val,false
fashion200k,fashion200k_bottoms,79598023,0,79598023_0.jpeg,1,train,true
fashion200k,fashion200k_bottoms,79598100,0,79598100_0.jpeg,1,train,true
fashion200k,fashion200k_bottoms,79598335,0,79598335_0.jpeg,1,old_val,false
fashion200k,fashion200k_bottoms,80030559,0,80030559_0.jpeg,1,train,true
fashion200k,fashion200k_bottoms,80107518,0,80107518_0.jpeg,1,train,true
fashion200k,fashion200k_bottoms,80115835,0,80115835_0.jpeg,1,train,true
fashion200k,fashion200k_bottoms,80321539,0,80321539_0.jpeg,1,train,true
fashion200k,fashion200k_bottoms,80365354,0,80365354_0.jpeg,1,train,true
fashion200k,fashion200k_bottoms,80383198,0,80383198_0.jpeg,1,train,true
fashion200k,fashion200k_bottoms,80387731,0,80387731_0.jpeg,1,train,true
fashion200k,fashion200k_bottoms,80554769,1,80554769_1.jpeg,1,old_val,false
fashion200k,fashion200k_bottoms,80560457,2,80560457_2.jpeg,1,train,true
fashion200k,fashion200k_bottoms,80717075,1,80717075_1.jpeg,1,train,true
fashion200k,fashion200k_bottoms,80754202,0,80754202_0.jpeg,1,train,true
fashion200k,fashion200k_bottoms,80784161,0,80784161_0.jpeg,1,train,true
fashion200k,fashion200k_bottoms,80834904,0,80834904_0.jpeg,1,train,true
fashion200k,fashion200k_bottoms,80844702,0,80844702_0.jpeg,1,train,true
fashion200k,fashion200k_bottoms,81084949,0,81084949_0.jpeg,1,train,true
fashion200k,fashion200k_bottoms,81203758,1,81203758_1.jpeg,1,train,true
fashion200k,fashion200k_bottoms,81304847,0,81304847_0.jpeg,1,train,true
fashion200k,fashion200k_bottoms,81420758,0,81420758_0.jpeg,1,train,true
fashion200k,fashion200k_bottoms,81827871,2,81827871_2.jpeg,1,train,true
fashion200k,fashion200k_bottoms,81831141,0,81831141_0.jpeg,1,train,true
fashion200k,fashion200k_bottoms,82029614,0,82029614_0.jpeg,1,train,true
fashion200k,fashion200k_bottoms,82038264,0,82038264_0.jpeg,1,train,true
fashion200k,fashion200k_bottoms,82068772,0,82068772_0.jpeg,1,train,true
fashion200k,fashion200k_bottoms,82680270,0,82680270_0.jpeg,1,train,true
fashion200k,fashion200k_bottoms,82901868,0,82901868_0.jpeg,1,train,true
fashion200k,fashion200k_bottoms,82989816,0,82989816_0.jpeg,1,train,true
fashion200k,fashion200k_bottoms,83163461,2,83163461_2.jpeg,1,old_val,false
fashion200k,fashion200k_bottoms,83218636,1,83218636_1.jpeg,1,train,true
fashion200k,fashion200k_bottoms,83244994,0,83244994_0.jpeg,1,train,true
fashion200k,fashion200k_bottoms,83244998,0,83244998_0.jpeg,1,old_val,false
fashion200k,fashion200k_bottoms,83339862,0,83339862_0.jpeg,1,train,true
fashion200k,fashion200k_bottoms,83341789,0,83341789_0.jpeg,1,train,true
fashion200k,fashion200k_bottoms,83379468,0,83379468_0.jpeg,1,train,true
fashion200k,fashion200k_bottoms,83523941,1,83523941_1.jpeg,1,train,true
fashion200k,fashion200k_bottoms,83802693,0,83802693_0.jpeg,1,train,true
fashion200k,fashion200k_bottoms,83899561,0,83899561_0.jpeg,1,old_val,false
fashion200k,fashion200k_bottoms,83911488,0,83911488_0.jpeg,1,train,true
fashion200k,fashion200k_bottoms,83911491,0,83911491_0.jpeg,1,old_val,false
fashion200k,fashion200k_bottoms,83986630,0,83986630_0.jpeg,1,train,true
fashion200k,fashion200k_bottoms,84019378,0,84019378_0.jpeg,1,old_val,false
fashion200k,fashion200k_bottoms,84093030,0,84093030_0.jpeg,1,train,true
fashion200k,fashion200k_bottoms,84099921,0,84099921_0.jpeg,1,train,true
fashion200k,fashion200k_bottoms,84106492,0,84106492_0.jpeg,1,train,true
fashion200k,fashion200k_bottoms,84107316,0,84107316_0.jpeg,1,train,true
fashion200k,fashion200k_bottoms,84117275,0,84117275_0.jpeg,1,train,true
fashion200k,fashion200k_bottoms,84150341,0,84150341_0.jpeg,1,train,true
fashion200k,fashion200k_bottoms,84153430,0,84153430_0.jpeg,1,old_val,false
fashion200k,fashion200k_bottoms,84160692,0,84160692_0.jpeg,1,old_val,false
fashion200k,fashion200k_bottoms,84415747,0,84415747_0.jpeg,1,train,true
fashion200k,fashion200k_bottoms,84668028,0,84668028_0.jpeg,1,train,true
fashion200k,fashion200k_bottoms,84710303,2,84710303_2.jpeg,1,train,true
fashion200k,fashion200k_bottoms,84944622,1,84944622_1.jpeg,1,train,true
fashion200k,fashion200k_bottoms,85086920,0,85086920_0.jpeg,1,train,true
fashion200k,fashion200k_bottoms,85233390,0,85233390_0.jpeg,1,train,true
fashion200k,fashion200k_bottoms,85253470,0,85253470_0.jpeg,1,train,true
fashion200k,fashion200k_bottoms,85256634,0,85256634_0.jpeg,1,old_val,false
fashion200k,fashion200k_bottoms,85257213,2,85257213_2.jpeg,1,train,true
fashion200k,fashion200k_bottoms,85261324,1,85261324_1.jpeg,1,train,true
fashion200k,fashion200k_bottoms,85265822,1,85265822_1.jpeg,1,train,true
fashion200k,fashion200k_bottoms,85384064,0,85384064_0.jpeg,1,train,true
fashion200k,fashion200k_bottoms,85412380,0,85412380_0.jpeg,1,train,true
fashion200k,fashion200k_bottoms,85498518,0,85498518_0.jpeg,1,old_val,false
fashion200k,fashion200k_bottoms,86079174,2,86079174_2.jpeg,1,train,true
fashion200k,fashion200k_bottoms,86098145,2,86098145_2.jpeg,1,train,true
fashion200k,fashion200k_bottoms,86109094,0,86109094_0.jpeg,1,train,true
fashion200k,fashion200k_bottoms,86389621,3,86389621_3.jpeg,1,train,true
fashion200k,fashion200k_bottoms,86458674,2,86458674_2.jpeg,1,train,true
fashion200k,fashion200k_bottoms,86462624,2,86462624_2.jpeg,1,old_val,false
fashion200k,fashion200k_bottoms,86636101,0,86636101_0.jpeg,1,train,true
fashion200k,fashion200k_bottoms,86637622,2,86637622_2.jpeg,1,train,true
fashion200k,fashion200k_bottoms,86806666,0,86806666_0.jpeg,1,train,true
fashion200k,fashion200k_bottoms,86852545,0,86852545_0.jpeg,1,train,true
fashion200k,fashion200k_bottoms,86943557,4,86943557_4.jpeg,1,train,true
fashion200k,fashion200k_bottoms,86947506,0,86947506_0.jpeg,1,train,true
fashion200k,fashion200k_bottoms,86967398,0,86967398_0.jpeg,1,train,true
fashion200k,fashion200k_bottoms,86968072,2,86968072_2.jpeg,1,old_val,false
fashion200k,fashion200k_bottoms,86983571,1,86983571_1.jpeg,1,train,true
fashion200k,fashion200k_bottoms,86995479,0,86995479_0.jpeg,1,train,true
fashion200k,fashion200k_bottoms,87009198,1,87009198_1.jpeg,1,train,true
fashion200k,fashion200k_bottoms,87025460,0,87025460_0.jpeg,1,train,true
fashion200k,fashion200k_bottoms,87094304,0,87094304_0.jpeg,1,train,true
fashion200k,fashion200k_bottoms,87125533,0,87125533_0.jpeg,1,old_val,false
fashion200k,fashion200k_bottoms,87134692,0,87134692_0.jpeg,1,train,true
fashion200k,fashion200k_bottoms,87259557,0,87259557_0.jpeg,1,train,true
fashion200k,fashion200k_bottoms,87463307,0,87463307_0.jpeg,1,train,true
fashion200k,fashion200k_bottoms,87463374,0,87463374_0.jpeg,1,train,true
fashion200k,fashion200k_bottoms,87546084,0,87546084_0.jpeg,1,train,true
fashion200k,fashion200k_bottoms,87574933,0,87574933_0.jpeg,1,train,true
fashion200k,fashion200k_bottoms,87589632,0,87589632_0.jpeg,1,train,true
fashion200k,fashion200k_bottoms,87593755,0,87593755_0.jpeg,1,train,true
fashion200k,fashion200k_bottoms,87607634,0,87607634_0.jpeg,1,train,true
fashion200k,fashion200k_bottoms,87615545,0,87615545_0.jpeg,1,old_val,false
fashion200k,fashion200k_bottoms,87618017,0,87618017_0.jpeg,1,train,true
fashion200k,fashion200k_bottoms,87652607,0,87652607_0.jpeg,1,train,true
fashion200k,fashion200k_bottoms,87678102,0,87678102_0.jpeg,1,train,true
fashion200k,fashion200k_bottoms,87684835,0,87684835_0.jpeg,1,train,true
fashion200k,fashion200k_bottoms,87687731,0,87687731_0.jpeg,1,train,true
fashion200k,fashion200k_bottoms,87697636,0,87697636_0.jpeg,1,train,true
fashion200k,fashion200k_bottoms,87700075,0,87700075_0.jpeg,1,train,true
fashion200k,fashion200k_bottoms,87712609,0,87712609_0.jpeg,1,train,true
fashion200k,fashion200k_bottoms,87713437,1,87713437_1.jpeg,1,old_val,false
fashion200k,fashion200k_bottoms,87713699,3,87713699_3.jpeg,1,train,true
fashion200k,fashion200k_bottoms,87720967,3,87720967_3.jpeg,1,train,true
fashion200k,fashion200k_bottoms,87725049,0,87725049_0.jpeg,1,train,true
fashion200k,fashion200k_bottoms,87730484,1,87730484_1.jpeg,1,train,true
fashion200k,fashion200k_bottoms,87736720,2,87736720_2.jpeg,1,train,true
fashion200k,fashion200k_bottoms,87738976,0,87738976_0.jpeg,1,old_val,false
fashion200k,fashion200k_bottoms,87740641,0,87740641_0.jpeg,1,old_val,false
fashion200k,fashion200k_bottoms,87743090,0,87743090_0.jpeg,1,train,true
fashion200k,fashion200k_bottoms,87743699,0,87743699_0.jpeg,1,train,true
fashion200k,fashion200k_bottoms,87746902,0,87746902_0.jpeg,1,train,true
fashion200k,fashion200k_bottoms,87746952,0,87746952_0.jpeg,1,train,true
fashion200k,fashion200k_bottoms,87747449,0,87747449_0.jpeg,1,train,true
fashion200k,fashion200k_bottoms,87747863,2,87747863_2.jpeg,1,train,true
fashion200k,fashion200k_bottoms,87752955,1,87752955_1.jpeg,1,train,true
fashion200k,fashion200k_bottoms,87773734,0,87773734_0.jpeg,1,train,true
fashion200k,fashion200k_bottoms,87776108,0,87776108_0.jpeg,1,train,true
fashion200k,fashion200k_bottoms,87782593,0,87782593_0.jpeg,1,train,true
fashion200k,fashion200k_bottoms,87783238,0,87783238_0.jpeg,1,train,true
fashion200k,fashion200k_bottoms,87785884,0,87785884_0.jpeg,1,train,true
fashion200k,fashion200k_bottoms,87787774,0,87787774_0.jpeg,1,train,true
fashion200k,fashion200k_bottoms,87788261,0,87788261_0.jpeg,1,train,true
fashion200k,fashion200k_bottoms,87807612,0,87807612_0.jpeg,1,old_val,false
fashion200k,fashion200k_bottoms,87807744,2,87807744_2.jpeg,1,old_val,false
fashion200k,fashion200k_bottoms,87814283,0,87814283_0.jpeg,1,train,true
fashion200k,fashion200k_bottoms,87814688,0,87814688_0.jpeg,1,train,true
fashion200k,fashion200k_bottoms,87819048,1,87819048_1.jpeg,1,train,true
fashion200k,fashion200k_bottoms,87820791,1,87820791_1.jpeg,1,train,true
fashion200k,fashion200k_bottoms,87823302,0,87823302_0.jpeg,1,train,true
fashion200k,fashion200k_bottoms,87829649,0,87829649_0.jpeg,1,old_val,false
fashion200k,fashion200k_bottoms,87834948,0,87834948_0.jpeg,1,train,true
fashion200k,fashion200k_bottoms,87841768,0,87841768_0.jpeg,1,train,true
fashion200k,fashion200k_bottoms,87842973,1,87842973_1.jpeg,1,old_val,false
fashion200k,fashion200k_bottoms,87843531,0,87843531_0.jpeg,1,train,true
fashion200k,fashion200k_bottoms,87846449,0,87846449_0.jpeg,1,train,true
fashion200k,fashion200k_bottoms,87848843,0,87848843_0.jpeg,1,train,true
fashion200k,fashion200k_bottoms,87849538,0,87849538_0.jpeg,1,old_val,false
fashion200k,fashion200k_bottoms,87850417,0,87850417_0.jpeg,1,old_val,false
fashion200k,fashion200k_bottoms,87852796,0,87852796_0.jpeg,1,train,true
fashion200k,fashion200k_bottoms,87854414,0,87854414_0.jpeg,1,train,true
fashion200k,fashion200k_bottoms,87855445,0,87855445_0.jpeg,1,train,true
fashion200k,fashion200k_bottoms,87857861,0,87857861_0.jpeg,1,train,true
fashion200k,fashion200k_bottoms,87857899,0,87857899_0.jpeg,1,train,true
fashion200k,fashion200k_bottoms,87858051,1,87858051_1.jpeg,1,train,true
fashion200k,fashion200k_bottoms,87858101,0,87858101_0.jpeg,1,train,true
fashion200k,fashion200k_bottoms,87858852,0,87858852_0.jpeg,1,old_val,false
fashion200k,fashion200k_bottoms,87858885,2,87858885_2.jpeg,1,train,true
fashion200k,fashion200k_bottoms,87866825,0,87866825_0.jpeg,1,train,true
fashion200k,fashion200k_bottoms,87867017,0,87867017_0.jpeg,1,train,true
fashion200k,fashion200k_bottoms,87867066,0,87867066_0.jpeg,1,train,true
fashion200k,fashion200k_bottoms,87867511,0,87867511_0.jpeg,1,train,true
fashion200k,fashion200k_bottoms,87867574,0,87867574_0.jpeg,1,train,true
fashion200k,fashion200k_bottoms,87867922,0,87867922_0.jpeg,1,train,true
fashion200k,fashion200k_bottoms,87870510,0,87870510_0.jpeg,1,train,true
fashion200k,fashion200k_bottoms,87871476,0,87871476_0.jpeg,1,train,true
fashion200k,fashion200k_bottoms,87875859,0,87875859_0.jpeg,1,train,true
fashion200k,fashion200k_bottoms,87888903,2,87888903_2.jpeg,1,train,true
fashion200k,fashion200k_bottoms,87890430,3,87890430_3.jpeg,1,old_val,false
fashion200k,fashion200k_bottoms,87902365,0,87902365_0.jpeg,1,train,true
fashion200k,fashion200k_bottoms,87904132,2,87904132_2.jpeg,1,train,true
fashion200k,fashion200k_bottoms,87906615,0,87906615_0.jpeg,1,train,true
fashion200k,fashion200k_bottoms,87912648,0,87912648_0.jpeg,1,train,true
fashion200k,fashion200k_bottoms,87920983,1,87920983_1.jpeg,1,train,true
fashion200k,fashion200k_bottoms,87924654,0,87924654_0.jpeg,1,train,true
fashion200k,fashion200k_bottoms,87926712,0,87926712_0.jpeg,1,old_val,false
fashion200k,fashion200k_bottoms,87930832,0,87930832_0.jpeg,1,train,true
fashion200k,fashion200k_bottoms,87936601,0,87936601_0.jpeg,1,train,true
fashion200k,fashion200k_bottoms,87936749,0,87936749_0.jpeg,1,old_val,false
fashion200k,fashion200k_bottoms,87937017,0,87937017_0.jpeg,1,train,true
fashion200k,fashion200k_bottoms,87937228,0,87937228_0.jpeg,1,train,true
fashion200k,fashion200k_bottoms,87937257,0,87937257_0.jpeg,1,train,true
fashion200k,fashion200k_bottoms,87955360,0,87955360_0.jpeg,1,old_val,false
fashion200k,fashion200k_bottoms,87959774,0,87959774_0.jpeg,1,train,true
fashion200k,fashion200k_bottoms,87961684,0,87961684_0.jpeg,1,train,true
fashion200k,fashion200k_bottoms,87982464,0,87982464_0.jpeg,1,train,true
fashion200k,fashion200k_bottoms,87986331,0,87986331_0.jpeg,1,train,true
fashion200k,fashion200k_bottoms,88002382,0,88002382_0.jpeg,1,train,true
fashion200k,fashion200k_bottoms,88014518,0,88014518_0.jpeg,1,train,true
fashion200k,fashion200k_bottoms,88014522,2,88014522_2.jpeg,1,train,true
fashion200k,fashion200k_bottoms,88014607,3,88014607_3.jpeg,1,old_val,false
fashion200k,fashion200k_bottoms,88014704,0,88014704_0.jpeg,1,train,true
fashion200k,fashion200k_bottoms,88021160,0,88021160_0.jpeg,1,old_val,false
fashion200k,fashion200k_bottoms,88027611,0,88027611_0.jpeg,1,train,true
fashion200k,fashion200k_bottoms,88029162,0,88029162_0.jpeg,1,train,true
fashion200k,fashion200k_bottoms,88040050,0,88040050_0.jpeg,1,train,true
fashion200k,fashion200k_bottoms,88064198,1,88064198_1.jpeg,1,train,true
fashion200k,fashion200k_bottoms,88064698,0,88064698_0.jpeg,1,train,true
fashion200k,fashion200k_bottoms,88066007,0,88066007_0.jpeg,1,old_val,false
fashion200k,fashion200k_bottoms,88101052,1,88101052_1.jpeg,1,train,true
fashion200k,fashion200k_bottoms,88112284,1,88112284_1.jpeg,1,old_val,false
fashion200k,fashion200k_bottoms,88112750,0,88112750_0.jpeg,1,train,true
fashion200k,fashion200k_bottoms,88115073,2,88115073_2.jpeg,1,train,true
fashion200k,fashion200k_bottoms,88117225,0,88117225_0.jpeg,1,old_val,false
fashion200k,fashion200k_bottoms,88130814,0,88130814_0.jpeg,1,train,true
fashion200k,fashion200k_bottoms,88138460,0,88138460_0.jpeg,1,train,true
fashion200k,fashion200k_bottoms,88143867,0,88143867_0.jpeg,1,old_val,false
fashion200k,fashion200k_bottoms,88152821,0,88152821_0.jpeg,1,train,true
fashion200k,fashion200k_bottoms,88154851,2,88154851_2.jpeg,1,old_val,false
fashion200k,fashion200k_bottoms,88158335,0,88158335_0.jpeg,1,train,true
fashion200k,fashion200k_bottoms,88159969,0,88159969_0.jpeg,1,train,true
fashion200k,fashion200k_bottoms,88160595,0,88160595_0.jpeg,1,old_val,false
fashion200k,fashion200k_bottoms,88167327,0,88167327_0.jpeg,1,train,true
fashion200k,fashion200k_bottoms,88168212,0,88168212_0.jpeg,1,train,true
fashion200k,fashion200k_bottoms,88175479,0,88175479_0.jpeg,1,train,true
fashion200k,fashion200k_bottoms,88175707,0,88175707_0.jpeg,1,train,true
fashion200k,fashion200k_bottoms,88180047,0,88180047_0.jpeg,1,old_val,false
fashion200k,fashion200k_bottoms,88186325,0,88186325_0.jpeg,1,old_val,false
fashion200k,fashion200k_bottoms,88193275,0,88193275_0.jpeg,1,train,true
fashion200k,fashion200k_bottoms,88199573,0,88199573_0.jpeg,1,old_val,false
fashion200k,fashion200k_bottoms,88201290,3,88201290_3.jpeg,1,train,true
fashion200k,fashion200k_bottoms,88206901,0,88206901_0.jpeg,1,train,true
fashion200k,fashion200k_bottoms,88216247,0,88216247_0.jpeg,1,train,true
fashion200k,fashion200k_bottoms,88226778,0,88226778_0.jpeg,1,old_val,false
fashion200k,fashion200k_bottoms,88227311,0,88227311_0.jpeg,1,train,true
fashion200k,fashion200k_bottoms,88227984,0,88227984_0.jpeg,1,train,true
fashion200k,fashion200k_bottoms,88228009,0,88228009_0.jpeg,1,train,true
fashion200k,fashion200k_bottoms,88228409,0,88228409_0.jpeg,1,train,true
fashion200k,fashion200k_bottoms,88243256,0,88243256_0.jpeg,1,train,true
fashion200k,fashion200k_bottoms,88248027,0,88248027_0.jpeg,1,train,true
fashion200k,fashion200k_bottoms,88259036,2,88259036_2.jpeg,1,train,true
fashion200k,fashion200k_bottoms,88266235,0,88266235_0.jpeg,1,train,true
fashion200k,fashion200k_bottoms,88266698,0,88266698_0.jpeg,1,train,true
fashion200k,fashion200k_bottoms,88272222,2,88272222_2.jpeg,1,train,true
fashion200k,fashion200k_bottoms,88272475,0,88272475_0.jpeg,1,old_val,false
fashion200k,fashion200k_bottoms,88273966,1,88273966_1.jpeg,1,train,true
fashion200k,fashion200k_bottoms,88274268,2,88274268_2.jpeg,1,train,true
fashion200k,fashion200k_bottoms,88278876,1,88278876_1.jpeg,1,train,true
fashion200k,fashion200k_bottoms,88279049,0,88279049_0.jpeg,1,train,true
fashion200k,fashion200k_bottoms,88279367,2,88279367_2.jpeg,1,train,true
fashion200k,fashion200k_bottoms,88279774,0,88279774_0.jpeg,1,train,true
fashion200k,fashion200k_bottoms,88279927,0,88279927_0.jpeg,1,train,true
fashion200k,fashion200k_bottoms,88283555,1,88283555_1.jpeg,1,old_val,false
fashion200k,fashion200k_bottoms,88286728,0,88286728_0.jpeg,1,train,true
fashion200k,fashion200k_bottoms,88288278,0,88288278_0.jpeg,1,old_val,false
fashion200k,fashion200k_bottoms,88292880,0,88292880_0.jpeg,1,train,true
fashion200k,fashion200k_bottoms,88295842,0,88295842_0.jpeg,1,train,true
fashion200k,fashion200k_bottoms,88297391,0,88297391_0.jpeg,1,train,true
fashion200k,fashion200k_bottoms,88298290,0,88298290_0.jpeg,1,old_val,false
fashion200k,fashion200k_bottoms,88316441,0,88316441_0.jpeg,1,train,true
fashion200k,fashion200k_bottoms,88317579,1,88317579_1.jpeg,1,train,true
fashion200k,fashion200k_bottoms,88317808,0,88317808_0.jpeg,1,train,true
fashion200k,fashion200k_bottoms,88318579,1,88318579_1.jpeg,1,train,true
fashion200k,fashion200k_bottoms,88318922,0,88318922_0.jpeg,1,train,true
fashion200k,fashion200k_bottoms,88353917,0,88353917_0.jpeg,1,old_val,false
fashion200k,fashion200k_bottoms,88369883,0,88369883_0.jpeg,1,train,true
fashion200k,fashion200k_bottoms,88389260,0,88389260_0.jpeg,1,train,true
fashion200k,fashion200k_bottoms,88394355,0,88394355_0.jpeg,1,train,true
fashion200k,fashion200k_bottoms,88396129,0,88396129_0.jpeg,1,train,true
fashion200k,fashion200k_bottoms,88400775,0,88400775_0.jpeg,1,old_val,false
fashion200k,fashion200k_bottoms,88404897,0,88404897_0.jpeg,1,train,true
fashion200k,fashion200k_bottoms,88406768,1,88406768_1.jpeg,1,old_val,false
fashion200k,fashion200k_bottoms,88412705,0,88412705_0.jpeg,1,train,true
fashion200k,fashion200k_bottoms,88412866,0,88412866_0.jpeg,1,old_val,false
fashion200k,fashion200k_bottoms,88412981,0,88412981_0.jpeg,1,train,true
fashion200k,fashion200k_bottoms,88416506,0,88416506_0.jpeg,1,train,true
fashion200k,fashion200k_bottoms,88420836,0,88420836_0.jpeg,1,train,true
fashion200k,fashion200k_bottoms,88428378,0,88428378_0.jpeg,1,train,true
fashion200k,fashion200k_bottoms,88482743,0,88482743_0.jpeg,1,train,true
fashion200k,fashion200k_bottoms,88484473,0,88484473_0.jpeg,1,old_val,false
fashion200k,fashion200k_bottoms,88557602,0,88557602_0.jpeg,1,old_val,false
fashion200k,fashion200k_bottoms,88561751,0,88561751_0.jpeg,1,train,true
fashion200k,fashion200k_bottoms,88567991,1,88567991_1.jpeg,1,train,true
fashion200k,fashion200k_bottoms,88569793,1,88569793_1.jpeg,1,old_val,false
fashion200k,fashion200k_bottoms,88571725,2,88571725_2.jpeg,1,train,true
fashion200k,fashion200k_bottoms,88580242,0,88580242_0.jpeg,1,old_val,false
fashion200k,fashion200k_bottoms,88596171,0,88596171_0.jpeg,1,train,true
fashion200k,fashion200k_bottoms,88601504,0,88601504_0.jpeg,1,train,true
fashion200k,fashion200k_bottoms,88602996,1,88602996_1.jpeg,1,train,true
fashion200k,fashion200k_bottoms,88604998,2,88604998_2.jpeg,1,train,true
fashion200k,fashion200k_bottoms,88606379,0,88606379_0.jpeg,1,old_val,false
fashion200k,fashion200k_bottoms,88612473,0,88612473_0.jpeg,1,old_val,false
fashion200k,fashion200k_bottoms,88612865,0,88612865_0.jpeg,1,train,true
fashion200k,fashion200k_bottoms,88613389,0,88613389_0.jpeg,1,train,true
fashion200k,fashion200k_bottoms,88613562,0,88613562_0.jpeg,1,train,true
fashion200k,fashion200k_bottoms,88620151,0,88620151_0.jpeg,1,train,true
fashion200k,fashion200k_bottoms,88621214,0,88621214_0.jpeg,1,train,true
fashion200k,fashion200k_bottoms,88625238,0,88625238_0.jpeg,1,old_val,false
fashion200k,fashion200k_bottoms,88630807,4,88630807_4.jpeg,1,train,true
fashion200k,fashion200k_bottoms,88631801,0,88631801_0.jpeg,1,train,true
fashion200k,fashion200k_bottoms,88632595,0,88632595_0.jpeg,1,old_val,false
fashion200k,fashion200k_bottoms,88633901,0,88633901_0.jpeg,1,train,true
fashion200k,fashion200k_bottoms,88634025,0,88634025_0.jpeg,1,train,true
fashion200k,fashion200k_bottoms,88635573,0,88635573_0.jpeg,1,old_val,false
fashion200k,fashion200k_bottoms,88646399,0,88646399_0.jpeg,1,train,true
fashion200k,fashion200k_bottoms,88647457,0,88647457_0.jpeg,1,old_val,false
fashion200k,fashion200k_bottoms,88652246,0,88652246_0.jpeg,1,old_val,false
fashion200k,fashion200k_bottoms,88655009,0,88655009_0.jpeg,1,train,true
fashion200k,fashion200k_bottoms,88664167,0,88664167_0.jpeg,1,old_val,false
fashion200k,fashion200k_bottoms,88666829,0,88666829_0.jpeg,1,old_val,false
fashion200k,fashion200k_bottoms,88667990,1,88667990_1.jpeg,1,old_val,false
fashion200k,fashion200k_bottoms,88670952,0,88670952_0.jpeg,1,train,true
fashion200k,fashion200k_bottoms,88677167,3,88677167_3.jpeg,1,train,true
fashion200k,fashion200k_bottoms,88678411,2,88678411_2.jpeg,1,old_val,false
fashion200k,fashion200k_bottoms,88680203,2,88680203_2.jpeg,1,train,true
fashion200k,fashion200k_bottoms,88693596,0,88693596_0.jpeg,1,train,true
fashion200k,fashion200k_bottoms,88699314,0,88699314_0.jpeg,1,train,true
fashion200k,fashion200k_bottoms,88703775,0,88703775_0.jpeg,1,train,true
fashion200k,fashion200k_bottoms,88705845,2,88705845_2.jpeg,1,train,true
fashion200k,fashion200k_bottoms,88710328,0,88710328_0.jpeg,1,train,true
fashion200k,fashion200k_bottoms,88711892,0,88711892_0.jpeg,1,train,true
fashion200k,fashion200k_bottoms,88712016,0,88712016_0.jpeg,1,train,true
fashion200k,fashion200k_bottoms,88718511,2,88718511_2.jpeg,1,train,true
fashion200k,fashion200k_bottoms,88745525,0,88745525_0.jpeg,1,train,true
fashion200k,fashion200k_bottoms,88753436,0,88753436_0.jpeg,1,old_val,false
fashion200k,fashion200k_bottoms,88760669,2,88760669_2.jpeg,1,train,true
fashion200k,fashion200k_bottoms,88762351,0,88762351_0.jpeg,1,train,true
fashion200k,fashion200k_bottoms,88770627,0,88770627_0.jpeg,1,old_val,false
fashion200k,fashion200k_bottoms,88772481,1,88772481_1.jpeg,1,train,true
fashion200k,fashion200k_bottoms,88772574,0,88772574_0.jpeg,1,old_val,false
fashion200k,fashion200k_bottoms,88773310,0,88773310_0.jpeg,1,train,true
fashion200k,fashion200k_bottoms,88773905,0,88773905_0.jpeg,1,train,true
fashion200k,fashion200k_bottoms,88775160,0,88775160_0.jpeg,1,train,true
fashion200k,fashion200k_bottoms,88779575,0,88779575_0.jpeg,1,train,true
fashion200k,fashion200k_bottoms,88783436,0,88783436_0.jpeg,1,train,true
fashion200k,fashion200k_bottoms,88784449,0,88784449_0.jpeg,1,train,true
fashion200k,fashion200k_bottoms,88786893,0,88786893_0.jpeg,1,train,true
fashion200k,fashion200k_bottoms,88809400,0,88809400_0.jpeg,1,train,true
fashion200k,fashion200k_bottoms,88809796,2,88809796_2.jpeg,1,train,true
fashion200k,fashion200k_bottoms,88810420,0,88810420_0.jpeg,1,train,true
fashion200k,fashion200k_bottoms,88812369,0,88812369_0.jpeg,1,train,true
fashion200k,fashion200k_bottoms,88818284,0,88818284_0.jpeg,1,train,true
fashion200k,fashion200k_bottoms,88833616,0,88833616_0.jpeg,1,train,true
fashion200k,fashion200k_bottoms,88834338,2,88834338_2.jpeg,1,old_val,false
fashion200k,fashion200k_bottoms,88834532,0,88834532_0.jpeg,1,train,true
fashion200k,fashion200k_bottoms,88838700,1,88838700_1.jpeg,1,train,true
fashion200k,fashion200k_bottoms,88852029,10,88852029_10.jpeg,1,train,true
fashion200k,fashion200k_bottoms,88855082,0,88855082_0.jpeg,1,train,true
fashion200k,fashion200k_bottoms,88856157,0,88856157_0.jpeg,1,train,true
fashion200k,fashion200k_bottoms,88857521,0,88857521_0.jpeg,1,train,true
fashion200k,fashion200k_bottoms,88857646,0,88857646_0.jpeg,1,train,true
fashion200k,fashion200k_bottoms,88868555,0,88868555_0.jpeg,1,train,true
fashion200k,fashion200k_bottoms,88900213,0,88900213_0.jpeg,1,train,true
fashion200k,fashion200k_bottoms,88902965,0,88902965_0.jpeg,1,train,true
fashion200k,fashion200k_bottoms,88905875,0,88905875_0.jpeg,1,train,true
fashion200k,fashion200k_bottoms,88912404,2,88912404_2.jpeg,1,train,true
fashion200k,fashion200k_bottoms,88928237,0,88928237_0.jpeg,1,train,true
fashion200k,fashion200k_bottoms,88942094,0,88942094_0.jpeg,1,train,true
fashion200k,fashion200k_bottoms,88946400,0,88946400_0.jpeg,1,train,true
fashion200k,fashion200k_bottoms,88949802,0,88949802_0.jpeg,1,old_val,false
fashion200k,fashion200k_bottoms,88951852,0,88951852_0.jpeg,1,train,true
fashion200k,fashion200k_bottoms,88951994,0,88951994_0.jpeg,1,train,true
fashion200k,fashion200k_bottoms,88956940,0,88956940_0.jpeg,1,train,true
fashion200k,fashion200k_bottoms,88960791,1,88960791_1.jpeg,1,train,true
fashion200k,fashion200k_bottoms,88966847,0,88966847_0.jpeg,1,train,true
fashion200k,fashion200k_bottoms,88987293,1,88987293_1.jpeg,1,train,true
fashion200k,fashion200k_bottoms,88992237,0,88992237_0.jpeg,1,old_val,false
fashion200k,fashion200k_bottoms,89014943,0,89014943_0.jpeg,1,old_val,false
fashion200k,fashion200k_bottoms,89018105,0,89018105_0.jpeg,1,train,true
fashion200k,fashion200k_bottoms,89036740,0,89036740_0.jpeg,1,train,true
fashion200k,fashion200k_bottoms,89049171,0,89049171_0.jpeg,1,train,true
fashion200k,fashion200k_bottoms,89052314,0,89052314_0.jpeg,1,old_val,false
fashion200k,fashion200k_bottoms,89069916,0,89069916_0.jpeg,1,train,true
fashion200k,fashion200k_bottoms,89085347,0,89085347_0.jpeg,1,train,true
fashion200k,fashion200k_bottoms,89088440,0,89088440_0.jpeg,1,train,true
fashion200k,fashion200k_bottoms,89089213,1,89089213_1.jpeg,1,old_val,false
fashion200k,fashion200k_bottoms,89090181,1,89090181_1.jpeg,1,train,true
fashion200k,fashion200k_bottoms,89101203,0,89101203_0.jpeg,1,train,true
fashion200k,fashion200k_bottoms,89103372,0,89103372_0.jpeg,1,train,true
fashion200k,fashion200k_bottoms,89109430,0,89109430_0.jpeg,1,old_val,false
fashion200k,fashion200k_bottoms,89116083,0,89116083_0.jpeg,1,old_val,false
fashion200k,fashion200k_bottoms,89129567,0,89129567_0.jpeg,1,old_val,false
fashion200k,fashion200k_bottoms,89129894,0,89129894_0.jpeg,1,train,true
fashion200k,fashion200k_bottoms,89136379,0,89136379_0.jpeg,1,old_val,false
fashion200k,fashion200k_bottoms,89142244,2,89142244_2.jpeg,1,train,true
fashion200k,fashion200k_bottoms,89152703,0,89152703_0.jpeg,1,train,true
fashion200k,fashion200k_bottoms,89160368,0,89160368_0.jpeg,1,old_val,false
fashion200k,fashion200k_bottoms,89168811,0,89168811_0.jpeg,1,train,true
fashion200k,fashion200k_bottoms,89171603,1,89171603_1.jpeg,1,train,true
fashion200k,fashion200k_bottoms,89178472,0,89178472_0.jpeg,1,train,true
fashion200k,fashion200k_bottoms,89183569,0,89183569_0.jpeg,1,old_val,false
fashion200k,fashion200k_bottoms,89185484,0,89185484_0.jpeg,1,train,true
fashion200k,fashion200k_bottoms,89189401,0,89189401_0.jpeg,1,train,true
fashion200k,fashion200k_bottoms,89189505,0,89189505_0.jpeg,1,train,true
fashion200k,fashion200k_bottoms,89189915,0,89189915_0.jpeg,1,train,true
fashion200k,fashion200k_bottoms,89198134,0,89198134_0.jpeg,1,train,true
fashion200k,fashion200k_bottoms,89199192,0,89199192_0.jpeg,1,train,true
fashion200k,fashion200k_bottoms,89203754,0,89203754_0.jpeg,1,train,true
fashion200k,fashion200k_bottoms,89208141,1,89208141_1.jpeg,1,train,true
fashion200k,fashion200k_bottoms,89213141,0,89213141_0.jpeg,1,old_val,false
fashion200k,fashion200k_bottoms,89214285,0,89214285_0.jpeg,1,train,true
fashion200k,fashion200k_bottoms,89225437,2,89225437_2.jpeg,1,train,true
fashion200k,fashion200k_bottoms,89239553,0,89239553_0.jpeg,1,old_val,false
fashion200k,fashion200k_bottoms,89241487,0,89241487_0.jpeg,1,train,true
fashion200k,fashion200k_bottoms,89252183,1,89252183_1.jpeg,1,train,true
fashion200k,fashion200k_bottoms,89253155,2,89253155_2.jpeg,1,old_val,false
fashion200k,fashion200k_bottoms,89257685,0,89257685_0.jpeg,1,train,true
fashion200k,fashion200k_bottoms,89258535,0,89258535_0.jpeg,1,train,true
fashion200k,fashion200k_bottoms,89263457,0,89263457_0.jpeg,1,old_val,false
fashion200k,fashion200k_bottoms,89292159,1,89292159_1.jpeg,1,old_val,false
fashion200k,fashion200k_bottoms,89293164,0,89293164_0.jpeg,1,train,true
fashion200k,fashion200k_bottoms,89295855,1,89295855_1.jpeg,1,train,true
fashion200k,fashion200k_bottoms,89297930,0,89297930_0.jpeg,1,train,true
fashion200k,fashion200k_bottoms,89299119,0,89299119_0.jpeg,1,train,true
fashion200k,fashion200k_bottoms,89303613,0,89303613_0.jpeg,1,train,true
fashion200k,fashion200k_bottoms,89303863,0,89303863_0.jpeg,1,train,true
fashion200k,fashion200k_bottoms,89313998,0,89313998_0.jpeg,1,train,true
fashion200k,fashion200k_bottoms,89316752,0,89316752_0.jpeg,1,train,true
fashion200k,fashion200k_bottoms,89324494,1,89324494_1.jpeg,1,train,true
fashion200k,fashion200k_bottoms,89325794,0,89325794_0.jpeg,1,old_val,false
fashion200k,fashion200k_bottoms,89325900,0,89325900_0.jpeg,1,train,true
fashion200k,fashion200k_bottoms,89327227,0,89327227_0.jpeg,1,train,true
fashion200k,fashion200k_bottoms,89327230,0,89327230_0.jpeg,1,old_val,false
fashion200k,fashion200k_bottoms,89327646,0,89327646_0.jpeg,1,train,true
fashion200k,fashion200k_bottoms,89328811,0,89328811_0.jpeg,1,old_val,false
fashion200k,fashion200k_bottoms,89335792,0,89335792_0.jpeg,1,train,true
fashion200k,fashion200k_bottoms,89338117,0,89338117_0.jpeg,1,old_val,false
fashion200k,fashion200k_bottoms,89344459,0,89344459_0.jpeg,1,train,true
fashion200k,fashion200k_bottoms,89347549,2,89347549_2.jpeg,1,train,true
fashion200k,fashion200k_bottoms,89348277,1,89348277_1.jpeg,1,train,true
fashion200k,fashion200k_bottoms,89352145,0,89352145_0.jpeg,1,train,true
fashion200k,fashion200k_bottoms,89353047,0,89353047_0.jpeg,1,train,true
fashion200k,fashion200k_bottoms,89355501,0,89355501_0.jpeg,1,train,true
fashion200k,fashion200k_bottoms,89360257,0,89360257_0.jpeg,1,train,true
fashion200k,fashion200k_bottoms,89370965,0,89370965_0.jpeg,1,train,true
fashion200k,fashion200k_bottoms,89372329,0,89372329_0.jpeg,1,train,true
fashion200k,fashion200k_bottoms,89387561,0,89387561_0.jpeg,1,train,true
fashion200k,fashion200k_bottoms,89389810,0,89389810_0.jpeg,1,train,true
fashion200k,fashion200k_bottoms,89393068,0,89393068_0.jpeg,1,train,true
fashion200k,fashion200k_bottoms,89397345,0,89397345_0.jpeg,1,train,true
fashion200k,fashion200k_bottoms,89398388,0,89398388_0.jpeg,1,train,true
fashion200k,fashion200k_bottoms,89399580,0,89399580_0.jpeg,1,train,true
fashion200k,fashion200k_bottoms,89400148,0,89400148_0.jpeg,1,train,true
fashion200k,fashion200k_bottoms,89401688,0,89401688_0.jpeg,1,train,true
fashion200k,fashion200k_bottoms,89411043,3,89411043_3.jpeg,1,old_val,false
fashion200k,fashion200k_bottoms,89429470,0,89429470_0.jpeg,1,train,true
fashion200k,fashion200k_bottoms,89431209,2,89431209_2.jpeg,1,train,true
fashion200k,fashion200k_bottoms,89442334,0,89442334_0.jpeg,1,train,true
fashion200k,fashion200k_bottoms,89443109,2,89443109_2.jpeg,1,old_val,false
fashion200k,fashion200k_bottoms,89452372,0,89452372_0.jpeg,1,train,true
fashion200k,fashion200k_bottoms,89453175,0,89453175_0.jpeg,1,train,true
fashion200k,fashion200k_bottoms,89455230,0,89455230_0.jpeg,1,train,true
fashion200k,fashion200k_bottoms,89456643,1,89456643_1.jpeg,1,old_val,false
fashion200k,fashion200k_bottoms,89456787,0,89456787_0.jpeg,1,train,true
fashion200k,fashion200k_bottoms,89456916,0,89456916_0.jpeg,1,train,true
fashion200k,fashion200k_bottoms,89457478,0,89457478_0.jpeg,1,old_val,false
fashion200k,fashion200k_bottoms,89458783,0,89458783_0.jpeg,1,train,true
fashion200k,fashion200k_bottoms,89460890,0,89460890_0.jpeg,1,train,true
fashion200k,fashion200k_bottoms,89463921,1,89463921_1.jpeg,1,train,true
fashion200k,fashion200k_bottoms,89467189,0,89467189_0.jpeg,1,train,true
fashion200k,fashion200k_bottoms,89470617,1,89470617_1.jpeg,1,train,true
fashion200k,fashion200k_bottoms,89473230,0,89473230_0.jpeg,1,train,true
fashion200k,fashion200k_bottoms,89474192,0,89474192_0.jpeg,1,train,true
fashion200k,fashion200k_bottoms,89480127,0,89480127_0.jpeg,1,train,true
fashion200k,fashion200k_bottoms,89484947,1,89484947_1.jpeg,1,train,true
fashion200k,fashion200k_bottoms,89495728,0,89495728_0.jpeg,1,train,true
fashion200k,fashion200k_bottoms,89498284,0,89498284_0.jpeg,1,train,true
fashion200k,fashion200k_bottoms,89520870,0,89520870_0.jpeg,1,old_val,false
fashion200k,fashion200k_bottoms,89521886,0,89521886_0.jpeg,1,train,true
fashion200k,fashion200k_bottoms,89523241,0,89523241_0.jpeg,1,train,true
fashion200k,fashion200k_bottoms,89523354,0,89523354_0.jpeg,1,train,true
fashion200k,fashion200k_bottoms,89523910,0,89523910_0.jpeg,1,train,true
fashion200k,fashion200k_bottoms,89524161,3,89524161_3.jpeg,1,train,true
fashion200k,fashion200k_bottoms,89524649,0,89524649_0.jpeg,1,train,true
fashion200k,fashion200k_bottoms,89525157,0,89525157_0.jpeg,1,old_val,false
fashion200k,fashion200k_bottoms,89525377,0,89525377_0.jpeg,1,train,true
fashion200k,fashion200k_bottoms,89526696,0,89526696_0.jpeg,1,train,true
fashion200k,fashion200k_bottoms,89533414,0,89533414_0.jpeg,1,old_val,false
fashion200k,fashion200k_bottoms,89534020,0,89534020_0.jpeg,1,old_val,false
fashion200k,fashion200k_bottoms,89541258,0,89541258_0.jpeg,1,old_val,false
fashion200k,fashion200k_bottoms,89541278,0,89541278_0.jpeg,1,train,true
fashion200k,fashion200k_bottoms,89542326,0,89542326_0.jpeg,1,train,true
fashion200k,fashion200k_bottoms,89550214,0,89550214_0.jpeg,1,train,true
fashion200k,fashion200k_bottoms,89550582,0,89550582_0.jpeg,1,train,true
fashion200k,fashion200k_bottoms,89554360,0,89554360_0.jpeg,1,train,true
fashion200k,fashion200k_bottoms,89554397,0,89554397_0.jpeg,1,train,true
fashion200k,fashion200k_bottoms,89555431,0,89555431_0.jpeg,1,old_val,false
fashion200k,fashion200k_bottoms,89558829,0,89558829_0.jpeg,1,train,true
fashion200k,fashion200k_bottoms,89560852,0,89560852_0.jpeg,1,train,true
fashion200k,fashion200k_bottoms,89561048,0,89561048_0.jpeg,1,train,true
fashion200k,fashion200k_bottoms,89563002,0,89563002_0.jpeg,1,train,true
fashion200k,fashion200k_bottoms,89567399,0,89567399_0.jpeg,1,train,true
fashion200k,fashion200k_bottoms,89567948,0,89567948_0.jpeg,1,train,true
fashion200k,fashion200k_bottoms,89568914,0,89568914_0.jpeg,1,train,true
fashion200k,fashion200k_bottoms,89572555,1,89572555_1.jpeg,1,train,true
fashion200k,fashion200k_bottoms,89578494,0,89578494_0.jpeg,1,train,true
fashion200k,fashion200k_bottoms,89582635,0,89582635_0.jpeg,1,train,true
fashion200k,fashion200k_bottoms,89583685,0,89583685_0.jpeg,1,train,true
fashion200k,fashion200k_bottoms,89591800,0,89591800_0.jpeg,1,train,true
fashion200k,fashion200k_bottoms,89594169,1,89594169_1.jpeg,1,old_val,false
fashion200k,fashion200k_bottoms,89596138,0,89596138_0.jpeg,1,train,true
fashion200k,fashion200k_bottoms,89597211,1,89597211_1.jpeg,1,old_val,false
fashion200k,fashion200k_bottoms,89598701,0,89598701_0.jpeg,1,train,true
fashion200k,fashion200k_bottoms,89602232,0,89602232_0.jpeg,1,old_val,false
fashion200k,fashion200k_bottoms,89605602,0,89605602_0.jpeg,1,train,true
fashion200k,fashion200k_bottoms,89606145,0,89606145_0.jpeg,1,old_val,false
fashion200k,fashion200k_bottoms,89606779,0,89606779_0.jpeg,1,train,true
fashion200k,fashion200k_bottoms,89606835,0,89606835_0.jpeg,1,train,true
fashion200k,fashion200k_bottoms,89607893,0,89607893_0.jpeg,1,train,true
fashion200k,fashion200k_bottoms,89607988,0,89607988_0.jpeg,1,train,true
fashion200k,fashion200k_bottoms,89608202,0,89608202_0.jpeg,1,train,true
fashion200k,fashion200k_bottoms,89609216,0,89609216_0.jpeg,1,train,true
fashion200k,fashion200k_bottoms,89609264,0,89609264_0.jpeg,1,old_val,false
fashion200k,fashion200k_bottoms,89609394,0,89609394_0.jpeg,1,train,true
fashion200k,fashion200k_bottoms,89609909,0,89609909_0.jpeg,1,train,true
fashion200k,fashion200k_bottoms,89610157,0,89610157_0.jpeg,1,train,true
fashion200k,fashion200k_bottoms,89610449,0,89610449_0.jpeg,1,train,true
fashion200k,fashion200k_bottoms,89610935,0,89610935_0.jpeg,1,train,true
fashion200k,fashion200k_bottoms,89612088,0,89612088_0.jpeg,1,old_val,false
fashion200k,fashion200k_bottoms,89613014,0,89613014_0.jpeg,1,train,true
fashion200k,fashion200k_bottoms,89613113,0,89613113_0.jpeg,1,train,true
fashion200k,fashion200k_bottoms,89613319,0,89613319_0.jpeg,1,train,true
fashion200k,fashion200k_bottoms,89613394,0,89613394_0.jpeg,1,old_val,false
fashion200k,fashion200k_bottoms,89614148,0,89614148_0.jpeg,1,train,true
fashion200k,fashion200k_bottoms,89614229,0,89614229_0.jpeg,1,old_val,false
fashion200k,fashion200k_bottoms,89614936,0,89614936_0.jpeg,1,train,true
fashion200k,fashion200k_bottoms,89615158,0,89615158_0.jpeg,1,old_val,false
fashion200k,fashion200k_bottoms,89615223,0,89615223_0.jpeg,1,old_val,false
fashion200k,fashion200k_bottoms,89615694,0,89615694_0.jpeg,1,train,true
fashion200k,fashion200k_bottoms,89615695,0,89615695_0.jpeg,1,train,true
fashion200k,fashion200k_bottoms,89615789,0,89615789_0.jpeg,1,old_val,false
fashion200k,fashion200k_bottoms,89616035,0,89616035_0.jpeg,1,train,true
fashion200k,fashion200k_bottoms,89616483,0,89616483_0.jpeg,1,old_val,false
fashion200k,fashion200k_bottoms,89616598,0,89616598_0.jpeg,1,train,true
fashion200k,fashion200k_bottoms,89617040,0,89617040_0.jpeg,1,old_val,false
fashion200k,fashion200k_bottoms,89617694,0,89617694_0.jpeg,1,train,true
fashion200k,fashion200k_bottoms,89617814,0,89617814_0.jpeg,1,train,true
fashion200k,fashion200k_bottoms,89617864,1,89617864_1.jpeg,1,train,true
fashion200k,fashion200k_bottoms,89618047,0,89618047_0.jpeg,1,old_val,false
fashion200k,fashion200k_bottoms,89618285,0,89618285_0.jpeg,1,train,true
fashion200k,fashion200k_bottoms,89618480,0,89618480_0.jpeg,1,train,true
fashion200k,fashion200k_bottoms,89618784,0,89618784_0.jpeg,1,train,true
fashion200k,fashion200k_bottoms,89618790,0,89618790_0.jpeg,1,train,true
fashion200k,fashion200k_bottoms,89618810,0,89618810_0.jpeg,1,old_val,false
fashion200k,fashion200k_bottoms,89619199,0,89619199_0.jpeg,1,train,true
fashion200k,fashion200k_bottoms,89619419,1,89619419_1.jpeg,1,train,true
fashion200k,fashion200k_bottoms,89619462,0,89619462_0.jpeg,1,old_val,false
fashion200k,fashion200k_bottoms,89619705,0,89619705_0.jpeg,1,old_val,false
fashion200k,fashion200k_bottoms,89619715,0,89619715_0.jpeg,1,old_val,false
fashion200k,fashion200k_bottoms,89620204,0,89620204_0.jpeg,1,train,true
fashion200k,fashion200k_bottoms,89620602,0,89620602_0.jpeg,1,old_val,false
fashion200k,fashion200k_bottoms,89621400,0,89621400_0.jpeg,1,train,true
fashion200k,fashion200k_bottoms,89622170,0,89622170_0.jpeg,1,train,true
fashion200k,fashion200k_bottoms,89622469,0,89622469_0.jpeg,1,train,true
fashion200k,fashion200k_bottoms,89623023,0,89623023_0.jpeg,1,train,true
fashion200k,fashion200k_bottoms,89625183,2,89625183_2.jpeg,1,old_val,false
fashion200k,fashion200k_bottoms,89628399,0,89628399_0.jpeg,1,train,true
fashion200k,fashion200k_bottoms,89628417,0,89628417_0.jpeg,1,old_val,false
fashion200k,fashion200k_bottoms,89630891,0,89630891_0.jpeg,1,train,true
fashion200k,fashion200k_bottoms,89634718,1,89634718_1.jpeg,1,train,true
fashion200k,fashion200k_bottoms,89635254,0,89635254_0.jpeg,1,train,true
fashion200k,fashion200k_bottoms,89641134,0,89641134_0.jpeg,1,old_val,false
fashion200k,fashion200k_bottoms,89641478,0,89641478_0.jpeg,1,train,true
fashion200k,fashion200k_bottoms,89642195,0,89642195_0.jpeg,1,train,true
fashion200k,fashion200k_bottoms,89642278,1,89642278_1.jpeg,1,train,true
fashion200k,fashion200k_bottoms,89642714,0,89642714_0.jpeg,1,train,true
fashion200k,fashion200k_bottoms,89642846,0,89642846_0.jpeg,1,train,true
fashion200k,fashion200k_bottoms,89643486,0,89643486_0.jpeg,1,train,true
fashion200k,fashion200k_bottoms,89643551,0,89643551_0.jpeg,1,train,true
fashion200k,fashion200k_bottoms,89646477,0,89646477_0.jpeg,1,train,true
fashion200k,fashion200k_bottoms,89649446,0,89649446_0.jpeg,1,train,true
fashion200k,fashion200k_bottoms,89651688,2,89651688_2.jpeg,1,train,true
fashion200k,fashion200k_bottoms,89652155,0,89652155_0.jpeg,1,train,true
fashion200k,fashion200k_bottoms,89657564,0,89657564_0.jpeg,1,train,true
fashion200k,fashion200k_bottoms,89661244,0,89661244_0.jpeg,1,train,true
fashion200k,fashion200k_bottoms,89661363,0,89661363_0.jpeg,1,train,true
fashion200k,fashion200k_bottoms,89662222,0,89662222_0.jpeg,1,train,true
fashion200k,fashion200k_bottoms,89662498,0,89662498_0.jpeg,1,train,true
fashion200k,fashion200k_bottoms,89662986,0,89662986_0.jpeg,1,old_val,false
fashion200k,fashion200k_bottoms,89667408,0,89667408_0.jpeg,1,train,true
fashion200k,fashion200k_bottoms,89667986,1,89667986_1.jpeg,1,train,true
fashion200k,fashion200k_bottoms,89668180,0,89668180_0.jpeg,1,train,true
fashion200k,fashion200k_bottoms,89669060,0,89669060_0.jpeg,1,train,true
fashion200k,fashion200k_bottoms,89670147,0,89670147_0.jpeg,1,old_val,false
fashion200k,fashion200k_bottoms,89680465,0,89680465_0.jpeg,1,train,true
fashion200k,fashion200k_bottoms,89680975,0,89680975_0.jpeg,1,old_val,false
fashion200k,fashion200k_bottoms,89684307,0,89684307_0.jpeg,1,train,true
fashion200k,fashion200k_bottoms,89686189,1,89686189_1.jpeg,1,old_val,false
fashion200k,fashion200k_bottoms,89686387,0,89686387_0.jpeg,1,train,true
fashion200k,fashion200k_bottoms,89686632,0,89686632_0.jpeg,1,train,true
fashion200k,fashion200k_bottoms,89686638,0,89686638_0.jpeg,1,train,true
fashion200k,fashion200k_bottoms,89687241,0,89687241_0.jpeg,1,train,true
fashion200k,fashion200k_bottoms,89689266,0,89689266_0.jpeg,1,train,true
fashion200k,fashion200k_bottoms,89689535,0,89689535_0.jpeg,1,train,true
fashion200k,fashion200k_bottoms,89691423,0,89691423_0.jpeg,1,train,true
fashion200k,fashion200k_bottoms,89695904,0,89695904_0.jpeg,1,train,true
fashion200k,fashion200k_bottoms,89698679,0,89698679_0.jpeg,1,old_val,false
fashion200k,fashion200k_bottoms,89703244,0,89703244_0.jpeg,1,old_val,false
fashion200k,fashion200k_bottoms,89706398,1,89706398_1.jpeg,1,train,true
fashion200k,fashion200k_bottoms,89715875,0,89715875_0.jpeg,1,train,true
fashion200k,fashion200k_bottoms,89716090,0,89716090_0.jpeg,1,train,true
fashion200k,fashion200k_bottoms,89717463,0,89717463_0.jpeg,1,train,true
fashion200k,fashion200k_bottoms,89722756,2,89722756_2.jpeg,1,train,true
fashion200k,fashion200k_bottoms,89725168,0,89725168_0.jpeg,1,train,true
fashion200k,fashion200k_bottoms,89726980,0,89726980_0.jpeg,1,train,true
fashion200k,fashion200k_bottoms,89731490,1,89731490_1.jpeg,1,train,true
fashion200k,fashion200k_bottoms,89732869,0,89732869_0.jpeg,1,train,true
fashion200k,fashion200k_bottoms,89734261,0,89734261_0.jpeg,1,train,true
fashion200k,fashion200k_bottoms,89736161,1,89736161_1.jpeg,1,train,true
fashion200k,fashion200k_bottoms,89737488,0,89737488_0.jpeg,1,train,true
fashion200k,fashion200k_bottoms,89737808,0,89737808_0.jpeg,1,train,true
fashion200k,fashion200k_bottoms,89746955,0,89746955_0.jpeg,1,train,true
fashion200k,fashion200k_bottoms,89759945,0,89759945_0.jpeg,1,train,true
fashion200k,fashion200k_bottoms,89768890,0,89768890_0.jpeg,1,train,true
fashion200k,fashion200k_bottoms,89769293,0,89769293_0.jpeg,1,old_val,false
fashion200k,fashion200k_bottoms,89770388,0,89770388_0.jpeg,1,train,true
fashion200k,fashion200k_bottoms,89773856,0,89773856_0.jpeg,1,train,true
fashion200k,fashion200k_bottoms,89777329,0,89777329_0.jpeg,1,train,true
fashion200k,fashion200k_bottoms,89779613,0,89779613_0.jpeg,1,train,true
fashion200k,fashion200k_bottoms,89782156,0,89782156_0.jpeg,1,old_val,false
fashion200k,fashion200k_bottoms,89784788,0,89784788_0.jpeg,1,train,true
fashion200k,fashion200k_bottoms,89785135,2,89785135_2.jpeg,1,train,true
fashion200k,fashion200k_bottoms,89785559,0,89785559_0.jpeg,1,train,true
fashion200k,fashion200k_bottoms,89794767,0,89794767_0.jpeg,1,train,true
fashion200k,fashion200k_bottoms,89797179,0,89797179_0.jpeg,1,train,true
fashion200k,fashion200k_bottoms,89797315,0,89797315_0.jpeg,1,train,true
fashion200k,fashion200k_bottoms,89798533,0,89798533_0.jpeg,1,train,true
fashion200k,fashion200k_bottoms,89802664,0,89802664_0.jpeg,1,train,true
fashion200k,fashion200k_bottoms,89803122,0,89803122_0.jpeg,1,train,true
fashion200k,fashion200k_bottoms,89804424,0,89804424_0.jpeg,1,train,true
fashion200k,fashion200k_bottoms,89805323,0,89805323_0.jpeg,1,train,true
fashion200k,fashion200k_bottoms,89807618,0,89807618_0.jpeg,1,train,true
fashion200k,fashion200k_bottoms,89808321,0,89808321_0.jpeg,1,train,true
fashion200k,fashion200k_bottoms,89817423,0,89817423_0.jpeg,1,old_val,false
fashion200k,fashion200k_bottoms,89818247,0,89818247_0.jpeg,1,train,true
fashion200k,fashion200k_bottoms,89823303,0,89823303_0.jpeg,1,train,true
fashion200k,fashion200k_bottoms,89826311,0,89826311_0.jpeg,1,train,true
fashion200k,fashion200k_bottoms,89830857,0,89830857_0.jpeg,1,train,true
fashion200k,fashion200k_bottoms,89834874,0,89834874_0.jpeg,1,old_val,false
fashion200k,fashion200k_bottoms,89834961,0,89834961_0.jpeg,1,old_val,false
fashion200k,fashion200k_bottoms,89835584,0,89835584_0.jpeg,1,old_val,false
fashion200k,fashion200k_bottoms,89836990,2,89836990_2.jpeg,1,train,true
fashion200k,fashion200k_bottoms,89838148,0,89838148_0.jpeg,1,train,true
fashion200k,fashion200k_bottoms,89841857,2,89841857_2.jpeg,1,train,true
fashion200k,fashion200k_bottoms,89846330,2,89846330_2.jpeg,1,train,true
fashion200k,fashion200k_bottoms,89852697,0,89852697_0.jpeg,1,old_val,false
fashion200k,fashion200k_bottoms,89854513,0,89854513_0.jpeg,1,train,true
fashion200k,fashion200k_bottoms,89856493,0,89856493_0.jpeg,1,old_val,false
fashion200k,fashion200k_bottoms,89857589,0,89857589_0.jpeg,1,train,true
fashion200k,fashion200k_bottoms,89858140,0,89858140_0.jpeg,1,old_val,false
fashion200k,fashion200k_bottoms,89859913,0,89859913_0.jpeg,1,old_val,false
fashion200k,fashion200k_bottoms,89862183,0,89862183_0.jpeg,1,train,true
fashion200k,fashion200k_bottoms,89863504,2,89863504_2.jpeg,1,old_val,false
fashion200k,fashion200k_bottoms,89864040,1,89864040_1.jpeg,1,train,true
fashion200k,fashion200k_bottoms,89869889,0,89869889_0.jpeg,1,train,true
fashion200k,fashion200k_bottoms,89873398,0,89873398_0.jpeg,1,train,true
fashion200k,fashion200k_bottoms,89875594,0,89875594_0.jpeg,1,train,true
fashion200k,fashion200k_bottoms,89876547,0,89876547_0.jpeg,1,train,true
fashion200k,fashion200k_bottoms,89884580,1,89884580_1.jpeg,1,old_val,false
fashion200k,fashion200k_bottoms,89884671,0,89884671_0.jpeg,1,train,true
fashion200k,fashion200k_bottoms,89887423,0,89887423_0.jpeg,1,train,true
fashion200k,fashion200k_bottoms,89888963,1,89888963_1.jpeg,1,old_val,false
fashion200k,fashion200k_bottoms,89889493,0,89889493_0.jpeg,1,train,true
fashion200k,fashion200k_bottoms,89889782,0,89889782_0.jpeg,1,train,true
fashion200k,fashion200k_bottoms,89891800,0,89891800_0.jpeg,1,train,true
fashion200k,fashion200k_bottoms,89892080,0,89892080_0.jpeg,1,old_val,false
fashion200k,fashion200k_bottoms,89893762,0,89893762_0.jpeg,1,old_val,false
fashion200k,fashion200k_bottoms,89895409,1,89895409_1.jpeg,1,train,true
fashion200k,fashion200k_bottoms,89895764,0,89895764_0.jpeg,1,old_val,false
fashion200k,fashion200k_bottoms,89895996,0,89895996_0.jpeg,1,train,true
fashion200k,fashion200k_bottoms,89896354,0,89896354_0.jpeg,1,train,true
fashion200k,fashion200k_bottoms,89896765,0,89896765_0.jpeg,1,train,true
fashion200k,fashion200k_bottoms,89898387,0,89898387_0.jpeg,1,train,true
fashion200k,fashion200k_bottoms,89901383,0,89901383_0.jpeg,1,train,true
fashion200k,fashion200k_bottoms,89901480,0,89901480_0.jpeg,1,train,true
fashion200k,fashion200k_bottoms,89902477,0,89902477_0.jpeg,1,train,true
fashion200k,fashion200k_bottoms,89924605,0,89924605_0.jpeg,1,train,true
fashion200k,fashion200k_bottoms,89929054,0,89929054_0.jpeg,1,train,true
fashion200k,fashion200k_bottoms,89932893,0,89932893_0.jpeg,1,train,true
fashion200k,fashion200k_bottoms,89932918,0,89932918_0.jpeg,1,train,true
fashion200k,fashion200k_bottoms,89932980,0,89932980_0.jpeg,1,train,true
fashion200k,fashion200k_bottoms,89933456,0,89933456_0.jpeg,1,train,true
fashion200k,fashion200k_bottoms,89934096,0,89934096_0.jpeg,1,old_val,false
fashion200k,fashion200k_bottoms,89935086,0,89935086_0.jpeg,1,train,true
fashion200k,fashion200k_bottoms,89935196,0,89935196_0.jpeg,1,old_val,false
fashion200k,fashion200k_bottoms,89943771,0,89943771_0.jpeg,1,train,true
fashion200k,fashion200k_bottoms,89952526,0,89952526_0.jpeg,1,train,true
fashion200k,fashion200k_bottoms,89954751,0,89954751_0.jpeg,1,train,true
fashion200k,fashion200k_bottoms,89957406,0,89957406_0.jpeg,1,train,true
fashion200k,fashion200k_bottoms,89957599,1,89957599_1.jpeg,1,train,true
fashion200k,fashion200k_bottoms,89957824,1,89957824_1.jpeg,1,old_val,false
fashion200k,fashion200k_bottoms,89957932,0,89957932_0.jpeg,1,old_val,false
fashion200k,fashion200k_bottoms,89958030,1,89958030_1.jpeg,1,train,true
fashion200k,fashion200k_bottoms,89958307,1,89958307_1.jpeg,1,train,true
fashion200k,fashion200k_bottoms,89959676,0,89959676_0.jpeg,1,train,true
fashion200k,fashion200k_bottoms,89959850,1,89959850_1.jpeg,1,train,true
fashion200k,fashion200k_bottoms,89960134,0,89960134_0.jpeg,1,train,true
fashion200k,fashion200k_bottoms,89961114,3,89961114_3.jpeg,1,old_val,false
fashion200k,fashion200k_bottoms,89964802,1,89964802_1.jpeg,1,train,true
fashion200k,fashion200k_bottoms,89965072,0,89965072_0.jpeg,1,train,true
fashion200k,fashion200k_bottoms,89965851,0,89965851_0.jpeg,1,train,true
fashion200k,fashion200k_bottoms,89965866,1,89965866_1.jpeg,1,train,true
fashion200k,fashion200k_bottoms,89966468,2,89966468_2.jpeg,1,old_val,false
fashion200k,fashion200k_bottoms,89967835,0,89967835_0.jpeg,1,old_val,false
fashion200k,fashion200k_bottoms,89970148,0,89970148_0.jpeg,1,train,true
fashion200k,fashion200k_bottoms,89972253,0,89972253_0.jpeg,1,old_val,false
fashion200k,fashion200k_bottoms,89976657,0,89976657_0.jpeg,1,train,true
fashion200k,fashion200k_bottoms,89978186,0,89978186_0.jpeg,1,train,true
fashion200k,fashion200k_bottoms,89978680,0,89978680_0.jpeg,1,old_val,false
fashion200k,fashion200k_bottoms,89983469,0,89983469_0.jpeg,1,train,true
fashion200k,fashion200k_bottoms,89988306,0,89988306_0.jpeg,1,train,true
fashion200k,fashion200k_bottoms,90003397,0,90003397_0.jpeg,1,train,true
fashion200k,fashion200k_bottoms,90010901,0,90010901_0.jpeg,1,train,true
fashion200k,fashion200k_bottoms,90020445,1,90020445_1.jpeg,1,train,true
fashion200k,fashion200k_bottoms,90026803,0,90026803_0.jpeg,1,train,true
fashion200k,fashion200k_bottoms,90027598,0,90027598_0.jpeg,1,train,true
fashion200k,fashion200k_bottoms,90027650,0,90027650_0.jpeg,1,train,true
fashion200k,fashion200k_bottoms,90029391,0,90029391_0.jpeg,1,train,true
fashion200k,fashion200k_bottoms,90029465,0,90029465_0.jpeg,1,train,true
fashion200k,fashion200k_bottoms,90030118,0,90030118_0.jpeg,1,train,true
fashion200k,fashion200k_bottoms,90030802,0,90030802_0.jpeg,1,train,true
fashion200k,fashion200k_bottoms,90031006,0,90031006_0.jpeg,1,train,true
fashion200k,fashion200k_bottoms,90035779,0,90035779_0.jpeg,1,old_val,false
fashion200k,fashion200k_bottoms,90040099,0,90040099_0.jpeg,1,train,true
fashion200k,fashion200k_bottoms,90041248,0,90041248_0.jpeg,1,old_val,false
fashion200k,fashion200k_bottoms,90047960,0,90047960_0.jpeg,1,train,true
fashion200k,fashion200k_bottoms,90048073,0,90048073_0.jpeg,1,old_val,false
fashion200k,fashion200k_bottoms,90048301,0,90048301_0.jpeg,1,train,true
fashion200k,fashion200k_bottoms,90050152,0,90050152_0.jpeg,1,train,true
fashion200k,fashion200k_bottoms,90050804,0,90050804_0.jpeg,1,train,true
fashion200k,fashion200k_bottoms,90053059,1,90053059_1.jpeg,1,train,true
fashion200k,fashion200k_bottoms,90056447,0,90056447_0.jpeg,1,train,true
fashion200k,fashion200k_bottoms,90057326,1,90057326_1.jpeg,1,train,true
fashion200k,fashion200k_bottoms,90059007,0,90059007_0.jpeg,1,train,true
fashion200k,fashion200k_bottoms,90063244,0,90063244_0.jpeg,1,train,true
fashion200k,fashion200k_bottoms,90063552,0,90063552_0.jpeg,1,train,true
fashion200k,fashion200k_bottoms,90064769,0,90064769_0.jpeg,1,train,true
fashion200k,fashion200k_bottoms,90066355,0,90066355_0.jpeg,1,train,true
fashion200k,fashion200k_bottoms,90066488,0,90066488_0.jpeg,1,train,true
fashion200k,fashion200k_bottoms,90067236,0,90067236_0.jpeg,1,old_val,false
fashion200k,fashion200k_bottoms,90068006,0,90068006_0.jpeg,1,old_val,false
fashion200k,fashion200k_bottoms,90068019,0,90068019_0.jpeg,1,train,true
fashion200k,fashion200k_bottoms,90070620,0,90070620_0.jpeg,1,train,true
fashion200k,fashion200k_bottoms,90077043,0,90077043_0.jpeg,1,train,true
fashion200k,fashion200k_bottoms,90080041,0,90080041_0.jpeg,1,train,true
fashion200k,fashion200k_bottoms,90085765,0,90085765_0.jpeg,1,train,true
fashion200k,fashion200k_bottoms,90103939,0,90103939_0.jpeg,1,train,true
fashion200k,fashion200k_bottoms,90107923,1,90107923_1.jpeg,1,train,true
fashion200k,fashion200k_bottoms,90108158,0,90108158_0.jpeg,1,old_val,false
fashion200k,fashion200k_bottoms,90109291,1,90109291_1.jpeg,1,train,true
fashion200k,fashion200k_bottoms,90114129,0,90114129_0.jpeg,1,old_val,false
fashion200k,fashion200k_bottoms,90116073,0,90116073_0.jpeg,1,old_val,false
fashion200k,fashion200k_bottoms,90116923,0,90116923_0.jpeg,1,old_val,false
fashion200k,fashion200k_bottoms,90120756,0,90120756_0.jpeg,1,old_val,false
fashion200k,fashion200k_bottoms,90120781,0,90120781_0.jpeg,1,train,true
fashion200k,fashion200k_bottoms,90121615,0,90121615_0.jpeg,1,train,true
fashion200k,fashion200k_bottoms,90124036,0,90124036_0.jpeg,1,old_val,false
fashion200k,fashion200k_bottoms,90124190,1,90124190_1.jpeg,1,old_val,false
fashion200k,fashion200k_bottoms,90125367,0,90125367_0.jpeg,1,train,true
fashion200k,fashion200k_bottoms,90126965,0,90126965_0.jpeg,1,train,true
fashion200k,fashion200k_bottoms,90127493,0,90127493_0.jpeg,1,train,true
fashion200k,fashion200k_bottoms,90127788,0,90127788_0.jpeg,1,old_val,false
fashion200k,fashion200k_bottoms,90128727,0,90128727_0.jpeg,1,train,true
fashion200k,fashion200k_bottoms,90130164,0,90130164_0.jpeg,1,train,true
fashion200k,fashion200k_bottoms,90131868,0,90131868_0.jpeg,1,old_val,false
fashion200k,fashion200k_bottoms,90133023,1,90133023_1.jpeg,1,train,true
fashion200k,fashion200k_bottoms,90136354,0,90136354_0.jpeg,1,train,true
fashion200k,fashion200k_bottoms,90137024,1,90137024_1.jpeg,1,train,true
fashion200k,fashion200k_bottoms,90137464,0,90137464_0.jpeg,1,train,true
fashion200k,fashion200k_bottoms,90138785,0,90138785_0.jpeg,1,train,true
fashion200k,fashion200k_bottoms,90140092,0,90140092_0.jpeg,1,train,true
fashion200k,fashion200k_bottoms,90140203,0,90140203_0.jpeg,1,train,true
fashion200k,fashion200k_bottoms,90144851,0,90144851_0.jpeg,1,train,true
fashion200k,fashion200k_bottoms,90145270,0,90145270_0.jpeg,1,train,true
fashion200k,fashion200k_bottoms,90149191,0,90149191_0.jpeg,1,train,true
fashion200k,fashion200k_bottoms,90155180,0,90155180_0.jpeg,1,train,true
fashion200k,fashion200k_bottoms,90156729,0,90156729_0.jpeg,1,train,true
fashion200k,fashion200k_bottoms,90156799,0,90156799_0.jpeg,1,train,true
fashion200k,fashion200k_bottoms,90157586,0,90157586_0.jpeg,1,train,true
fashion200k,fashion200k_bottoms,90163268,0,90163268_0.jpeg,1,train,true
fashion200k,fashion200k_bottoms,90163421,0,90163421_0.jpeg,1,train,true
fashion200k,fashion200k_bottoms,90164160,0,90164160_0.jpeg,1,train,true
fashion200k,fashion200k_bottoms,90167274,0,90167274_0.jpeg,1,train,true
fashion200k,fashion200k_bottoms,90169639,0,90169639_0.jpeg,1,train,true
fashion200k,fashion200k_bottoms,90170095,0,90170095_0.jpeg,1,train,true
fashion200k,fashion200k_bottoms,90170433,0,90170433_0.jpeg,1,train,true
fashion200k,fashion200k_bottoms,90171776,0,90171776_0.jpeg,1,train,true
fashion200k,fashion200k_bottoms,90172086,2,90172086_2.jpeg,1,train,true
fashion200k,fashion200k_bottoms,90172640,0,90172640_0.jpeg,1,train,true
fashion200k,fashion200k_bottoms,90176399,0,90176399_0.jpeg,1,train,true
fashion200k,fashion200k_bottoms,90176751,0,90176751_0.jpeg,1,train,true
fashion200k,fashion200k_bottoms,90177871,0,90177871_0.jpeg,1,train,true
fashion200k,fashion200k_bottoms,90178916,1,90178916_1.jpeg,1,train,true
fashion200k,fashion200k_bottoms,90178929,0,90178929_0.jpeg,1,train,true
fashion200k,fashion200k_bottoms,90179031,0,90179031_0.jpeg,1,train,true
fashion200k,fashion200k_bottoms,90179247,0,90179247_0.jpeg,1,old_val,false
fashion200k,fashion200k_bottoms,90181323,0,90181323_0.jpeg,1,train,true
fashion200k,fashion200k_bottoms,90183205,0,90183205_0.jpeg,1,train,true
fashion200k,fashion200k_bottoms,90183655,0,90183655_0.jpeg,1,train,true
fashion200k,fashion200k_bottoms,90185066,0,90185066_0.jpeg,1,train,true
fashion200k,fashion200k_bottoms,90189003,0,90189003_0.jpeg,1,old_val,false
fashion200k,fashion200k_bottoms,90190946,1,90190946_1.jpeg,1,train,true
fashion200k,fashion200k_bottoms,90190956,0,90190956_0.jpeg,1,train,true
fashion200k,fashion200k_bottoms,90191295,0,90191295_0.jpeg,1,train,true
fashion200k,fashion200k_bottoms,90191613,0,90191613_0.jpeg,1,train,true
fashion200k,fashion200k_bottoms,90191671,0,90191671_0.jpeg,1,train,true
fashion200k,fashion200k_bottoms,90193778,0,90193778_0.jpeg,1,train,true
fashion200k,fashion200k_bottoms,90193838,0,90193838_0.jpeg,1,train,true
fashion200k,fashion200k_bottoms,90194243,0,90194243_0.jpeg,1,old_val,false
fashion200k,fashion200k_bottoms,90197475,0,90197475_0.jpeg,1,train,true
fashion200k,fashion200k_bottoms,90199597,0,90199597_0.jpeg,1,old_val,false
fashion200k,fashion200k_bottoms,90200414,0,90200414_0.jpeg,1,train,true
fashion200k,fashion200k_bottoms,90201045,0,90201045_0.jpeg,1,old_val,false
fashion200k,fashion200k_bottoms,90202847,0,90202847_0.jpeg,1,train,true
fashion200k,fashion200k_bottoms,90205093,0,90205093_0.jpeg,1,old_val,false
fashion200k,fashion200k_bottoms,90205814,0,90205814_0.jpeg,1,train,true
fashion200k,fashion200k_bottoms,90214676,0,90214676_0.jpeg,1,train,true
fashion200k,fashion200k_bottoms,90215531,0,90215531_0.jpeg,1,train,true
fashion200k,fashion200k_bottoms,90216590,0,90216590_0.jpeg,1,old_val,false
fashion200k,fashion200k_bottoms,90217291,0,90217291_0.jpeg,1,train,true
fashion200k,fashion200k_bottoms,90219554,0,90219554_0.jpeg,1,old_val,false
fashion200k,fashion200k_bottoms,90220331,0,90220331_0.jpeg,1,train,true
fashion200k,fashion200k_bottoms,90222220,0,90222220_0.jpeg,1,train,true
fashion200k,fashion200k_bottoms,90222554,2,90222554_2.jpeg,1,train,true
fashion200k,fashion200k_bottoms,90222764,0,90222764_0.jpeg,1,train,true
fashion200k,fashion200k_bottoms,90224823,0,90224823_0.jpeg,1,train,true
fashion200k,fashion200k_bottoms,90229438,0,90229438_0.jpeg,1,old_val,false
fashion200k,fashion200k_bottoms,90229444,0,90229444_0.jpeg,1,train,true
fashion200k,fashion200k_bottoms,90232675,2,90232675_2.jpeg,1,train,true
fashion200k,fashion200k_bottoms,90232722,0,90232722_0.jpeg,1,train,true
fashion200k,fashion200k_bottoms,90235235,0,90235235_0.jpeg,1,train,true
fashion200k,fashion200k_bottoms,90235321,0,90235321_0.jpeg,1,train,true
fashion200k,fashion200k_bottoms,90235919,0,90235919_0.jpeg,1,train,true
fashion200k,fashion200k_bottoms,90236177,0,90236177_0.jpeg,1,train,true
fashion200k,fashion200k_bottoms,90243833,3,90243833_3.jpeg,1,train,true
fashion200k,fashion200k_bottoms,90243870,1,90243870_1.jpeg,1,train,true
fashion200k,fashion200k_bottoms,90244120,0,90244120_0.jpeg,1,train,true
fashion200k,fashion200k_bottoms,90245388,0,90245388_0.jpeg,1,train,true
fashion200k,fashion200k_bottoms,90254925,0,90254925_0.jpeg,1,train,true
fashion200k,fashion200k_bottoms,90255194,0,90255194_0.jpeg,1,old_val,false
fashion200k,fashion200k_bottoms,90255271,0,90255271_0.jpeg,1,train,true
fashion200k,fashion200k_bottoms,90256339,0,90256339_0.jpeg,1,train,true
fashion200k,fashion200k_bottoms,90257885,0,90257885_0.jpeg,1,old_val,false
fashion200k,fashion200k_bottoms,90269269,0,90269269_0.jpeg,1,old_val,false
fashion200k,fashion200k_bottoms,90272066,0,90272066_0.jpeg,1,train,true
fashion200k,fashion200k_bottoms,90272404,0,90272404_0.jpeg,1,train,true
fashion200k,fashion200k_bottoms,90273003,0,90273003_0.jpeg,1,old_val,false
fashion200k,fashion200k_bottoms,90274066,0,90274066_0.jpeg,1,train,true
fashion200k,fashion200k_bottoms,90274429,1,90274429_1.jpeg,1,old_val,false
fashion200k,fashion200k_bottoms,90276276,2,90276276_2.jpeg,1,train,true
fashion200k,fashion200k_bottoms,90280886,0,90280886_0.jpeg,1,train,true
fashion200k,fashion200k_bottoms,90281490,0,90281490_0.jpeg,1,train,true
fashion200k,fashion200k_bottoms,90281600,1,90281600_1.jpeg,1,train,true
fashion200k,fashion200k_bottoms,90281708,0,90281708_0.jpeg,1,train,true
fashion200k,fashion200k_bottoms,90281921,0,90281921_0.jpeg,1,train,true
fashion200k,fashion200k_bottoms,90282256,0,90282256_0.jpeg,1,train,true
fashion200k,fashion200k_bottoms,90282887,0,90282887_0.jpeg,1,train,true
fashion200k,fashion200k_bottoms,90282955,0,90282955_0.jpeg,1,old_val,false
fashion200k,fashion200k_bottoms,90283473,0,90283473_0.jpeg,1,train,true
fashion200k,fashion200k_bottoms,90284882,0,90284882_0.jpeg,1,train,true
fashion200k,fashion200k_bottoms,90285003,0,90285003_0.jpeg,1,train,true
fashion200k,fashion200k_bottoms,90285416,0,90285416_0.jpeg,1,train,true
fashion200k,fashion200k_bottoms,90286680,0,90286680_0.jpeg,1,old_val,false
fashion200k,fashion200k_bottoms,90287028,0,90287028_0.jpeg,1,train,true
fashion200k,fashion200k_bottoms,90287685,0,90287685_0.jpeg,1,train,true
fashion200k,fashion200k_bottoms,90289520,1,90289520_1.jpeg,1,train,true
fashion200k,fashion200k_bottoms,90290927,0,90290927_0.jpeg,1,train,true
fashion200k,fashion200k_bottoms,90291279,0,90291279_0.jpeg,1,train,true
fashion200k,fashion200k_bottoms,90291407,1,90291407_1.jpeg,1,old_val,false
fashion200k,fashion200k_bottoms,90291551,0,90291551_0.jpeg,1,train,true
fashion200k,fashion200k_bottoms,90292300,0,90292300_0.jpeg,1,train,true
fashion200k,fashion200k_bottoms,90292735,0,90292735_0.jpeg,1,old_val,false
fashion200k,fashion200k_bottoms,90294334,2,90294334_2.jpeg,1,train,true
fashion200k,fashion200k_bottoms,90298290,0,90298290_0.jpeg,1,train,true
fashion200k,fashion200k_bottoms,90298837,1,90298837_1.jpeg,1,train,true
fashion200k,fashion200k_bottoms,90300527,0,90300527_0.jpeg,1,old_val,false
fashion200k,fashion200k_bottoms,90300655,0,90300655_0.jpeg,1,train,true
fashion200k,fashion200k_bottoms,90301634,0,90301634_0.jpeg,1,train,true
fashion200k,fashion200k_bottoms,90304322,1,90304322_1.jpeg,1,train,true
fashion200k,fashion200k_bottoms,90309417,0,90309417_0.jpeg,1,train,true
fashion200k,fashion200k_bottoms,90310566,1,90310566_1.jpeg,1,train,true
fashion200k,fashion200k_bottoms,90319576,0,90319576_0.jpeg,1,train,true
fashion200k,fashion200k_bottoms,90319925,0,90319925_0.jpeg,1,train,true
fashion200k,fashion200k_bottoms,90320753,0,90320753_0.jpeg,1,train,true
fashion200k,fashion200k_bottoms,90320934,0,90320934_0.jpeg,1,train,true
fashion200k,fashion200k_bottoms,90321357,0,90321357_0.jpeg,1,train,true
fashion200k,fashion200k_bottoms,90322346,0,90322346_0.jpeg,1,train,true
fashion200k,fashion200k_bottoms,90323631,0,90323631_0.jpeg,1,old_val,false
fashion200k,fashion200k_bottoms,90324432,0,90324432_0.jpeg,1,train,true
fashion200k,fashion200k_bottoms,90325468,0,90325468_0.jpeg,1,train,true
fashion200k,fashion200k_bottoms,90325547,0,90325547_0.jpeg,1,train,true
fashion200k,fashion200k_bottoms,90325910,0,90325910_0.jpeg,1,train,true
fashion200k,fashion200k_bottoms,90326339,0,90326339_0.jpeg,1,train,true
fashion200k,fashion200k_bottoms,90326416,0,90326416_0.jpeg,1,train,true
fashion200k,fashion200k_bottoms,90326628,0,90326628_0.jpeg,1,train,true
fashion200k,fashion200k_bottoms,90326991,0,90326991_0.jpeg,1,train,true
fashion200k,fashion200k_bottoms,90327643,0,90327643_0.jpeg,1,train,true
fashion200k,fashion200k_bottoms,90328001,0,90328001_0.jpeg,1,train,true
fashion200k,fashion200k_bottoms,90330143,1,90330143_1.jpeg,1,train,true
fashion200k,fashion200k_bottoms,90330488,0,90330488_0.jpeg,1,train,true
fashion200k,fashion200k_bottoms,90330813,0,90330813_0.jpeg,1,train,true
fashion200k,fashion200k_bottoms,90333083,0,90333083_0.jpeg,1,old_val,false
fashion200k,fashion200k_bottoms,90334195,0,90334195_0.jpeg,1,train,true
fashion200k,fashion200k_bottoms,90334551,0,90334551_0.jpeg,1,train,true
fashion200k,fashion200k_bottoms,90334667,0,90334667_0.jpeg,1,old_val,false
fashion200k,fashion200k_bottoms,90335083,0,90335083_0.jpeg,1,train,true
fashion200k,fashion200k_bottoms,90335473,1,90335473_1.jpeg,1,train,true
fashion200k,fashion200k_bottoms,90337696,0,90337696_0.jpeg,1,train,true
fashion200k,fashion200k_bottoms,90338300,0,90338300_0.jpeg,1,train,true
fashion200k,fashion200k_bottoms,90338333,0,90338333_0.jpeg,1,train,true
fashion200k,fashion200k_bottoms,90338433,0,90338433_0.jpeg,1,train,true
fashion200k,fashion200k_bottoms,90339075,0,90339075_0.jpeg,1,train,true
fashion200k,fashion200k_bottoms,90339591,0,90339591_0.jpeg,1,train,true
fashion200k,fashion200k_bottoms,90339599,0,90339599_0.jpeg,1,old_val,false
fashion200k,fashion200k_bottoms,90339616,0,90339616_0.jpeg,1,train,true
fashion200k,fashion200k_bottoms,90339746,1,90339746_1.jpeg,1,train,true
fashion200k,fashion200k_bottoms,90339748,0,90339748_0.jpeg,1,train,true
fashion200k,fashion200k_bottoms,90342377,1,90342377_1.jpeg,1,train,true
fashion200k,fashion200k_bottoms,90345014,0,90345014_0.jpeg,1,train,true
fashion200k,fashion200k_bottoms,90345734,0,90345734_0.jpeg,1,old_val,false
fashion200k,fashion200k_bottoms,90345765,0,90345765_0.jpeg,1,old_val,false
fashion200k,fashion200k_bottoms,90346438,0,90346438_0.jpeg,1,train,true
fashion200k,fashion200k_bottoms,90346993,0,90346993_0.jpeg,1,old_val,false
fashion200k,fashion200k_bottoms,90348691,0,90348691_0.jpeg,1,train,true
fashion200k,fashion200k_bottoms,90349895,0,90349895_0.jpeg,1,train,true
fashion200k,fashion200k_bottoms,90350816,0,90350816_0.jpeg,1,train,true
fashion200k,fashion200k_bottoms,90351251,0,90351251_0.jpeg,1,train,true
fashion200k,fashion200k_bottoms,90351981,0,90351981_0.jpeg,1,train,true
fashion200k,fashion200k_bottoms,90352943,0,90352943_0.jpeg,1,train,true
fashion200k,fashion200k_bottoms,90353782,0,90353782_0.jpeg,1,old_val,false
fashion200k,fashion200k_bottoms,90355357,0,90355357_0.jpeg,1,train,true
fashion200k,fashion200k_bottoms,90357435,0,90357435_0.jpeg,1,train,true
fashion200k,fashion200k_bottoms,90359685,1,90359685_1.jpeg,1,train,true
fashion200k,fashion200k_bottoms,90359739,0,90359739_0.jpeg,1,train,true
fashion200k,fashion200k_bottoms,90360888,0,90360888_0.jpeg,1,train,true
fashion200k,fashion200k_bottoms,90363709,0,90363709_0.jpeg,1,old_val,false
fashion200k,fashion200k_bottoms,90364525,0,90364525_0.jpeg,1,old_val,false
fashion200k,fashion200k_bottoms,90364703,0,90364703_0.jpeg,1,train,true
fashion200k,fashion200k_bottoms,90365269,0,90365269_0.jpeg,1,train,true
fashion200k,fashion200k_bottoms,90366520,0,90366520_0.jpeg,1,train,true
fashion200k,fashion200k_bottoms,90366536,0,90366536_0.jpeg,1,train,true
fashion200k,fashion200k_bottoms,90368216,0,90368216_0.jpeg,1,train,true
fashion200k,fashion200k_bottoms,90369200,1,90369200_1.jpeg,1,train,true
fashion200k,fashion200k_bottoms,90370769,0,90370769_0.jpeg,1,train,true
fashion200k,fashion200k_bottoms,90374169,0,90374169_0.jpeg,1,train,true
fashion200k,fashion200k_bottoms,90376444,0,90376444_0.jpeg,1,train,true
fashion200k,fashion200k_bottoms,90377763,0,90377763_0.jpeg,1,train,true
fashion200k,fashion200k_bottoms,90382205,0,90382205_0.jpeg,1,old_val,false
fashion200k,fashion200k_bottoms,90383332,0,90383332_0.jpeg,1,train,true
fashion200k,fashion200k_bottoms,90387241,0,90387241_0.jpeg,1,train,true
fashion200k,fashion200k_bottoms,90387321,0,90387321_0.jpeg,1,train,true
fashion200k,fashion200k_bottoms,90387847,0,90387847_0.jpeg,1,train,true
fashion200k,fashion200k_bottoms,90389243,1,90389243_1.jpeg,1,train,true
fashion200k,fashion200k_bottoms,90389744,0,90389744_0.jpeg,1,train,true
fashion200k,fashion200k_bottoms,90389752,0,90389752_0.jpeg,1,train,true
fashion200k,fashion200k_bottoms,90389831,0,90389831_0.jpeg,1,old_val,false
fashion200k,fashion200k_bottoms,90390265,0,90390265_0.jpeg,1,train,true
fashion200k,fashion200k_bottoms,90390855,1,90390855_1.jpeg,1,train,true
fashion200k,fashion200k_bottoms,90391190,0,90391190_0.jpeg,1,old_val,false
fashion200k,fashion200k_bottoms,90391736,0,90391736_0.jpeg,1,train,true
fashion200k,fashion200k_bottoms,90391893,0,90391893_0.jpeg,1,train,true
fashion200k,fashion200k_bottoms,90392318,0,90392318_0.jpeg,1,train,true
fashion200k,fashion200k_bottoms,90392525,0,90392525_0.jpeg,1,train,true
fashion200k,fashion200k_bottoms,90392845,1,90392845_1.jpeg,1,train,true
fashion200k,fashion200k_bottoms,90396084,0,90396084_0.jpeg,1,train,true
fashion200k,fashion200k_bottoms,90397360,0,90397360_0.jpeg,1,train,true
fashion200k,fashion200k_bottoms,90398735,0,90398735_0.jpeg,1,old_val,false
fashion200k,fashion200k_bottoms,90399553,0,90399553_0.jpeg,1,train,true
fashion200k,fashion200k_bottoms,90400274,0,90400274_0.jpeg,1,old_val,false
fashion200k,fashion200k_bottoms,90401367,0,90401367_0.jpeg,1,old_val,false
fashion200k,fashion200k_bottoms,90401615,0,90401615_0.jpeg,1,old_val,false
fashion200k,fashion200k_bottoms,90401638,0,90401638_0.jpeg,1,train,true
fashion200k,fashion200k_bottoms,90401911,0,90401911_0.jpeg,1,train,true
fashion200k,fashion200k_bottoms,90402113,0,90402113_0.jpeg,1,train,true
fashion200k,fashion200k_bottoms,90402384,0,90402384_0.jpeg,1,old_val,false
fashion200k,fashion200k_bottoms,90403072,0,90403072_0.jpeg,1,old_val,false
fashion200k,fashion200k_bottoms,90403124,0,90403124_0.jpeg,1,train,true
fashion200k,fashion200k_bottoms,90403225,0,90403225_0.jpeg,1,train,true
fashion200k,fashion200k_bottoms,90407633,0,90407633_0.jpeg,1,train,true
fashion200k,fashion200k_bottoms,90409791,0,90409791_0.jpeg,1,train,true
fashion200k,fashion200k_bottoms,90411555,0,90411555_0.jpeg,1,train,true
fashion200k,fashion200k_bottoms,90412868,0,90412868_0.jpeg,1,old_val,false
fashion200k,fashion200k_bottoms,90413083,0,90413083_0.jpeg,1,train,true
fashion200k,fashion200k_bottoms,90413616,0,90413616_0.jpeg,1,train,true
fashion200k,fashion200k_bottoms,90414151,0,90414151_0.jpeg,1,train,true
fashion200k,fashion200k_bottoms,90414220,0,90414220_0.jpeg,1,train,true
fashion200k,fashion200k_bottoms,90414654,0,90414654_0.jpeg,1,train,true
fashion200k,fashion200k_bottoms,90414810,1,90414810_1.jpeg,1,train,true
fashion200k,fashion200k_bottoms,90418267,0,90418267_0.jpeg,1,train,true
fashion200k,fashion200k_bottoms,90420862,0,90420862_0.jpeg,1,train,true
fashion200k,fashion200k_bottoms,90422097,0,90422097_0.jpeg,1,train,true
fashion200k,fashion200k_bottoms,90422427,0,90422427_0.jpeg,1,train,true
fashion200k,fashion200k_bottoms,90422530,0,90422530_0.jpeg,1,train,true
fashion200k,fashion200k_bottoms,90422630,0,90422630_0.jpeg,1,train,true
fashion200k,fashion200k_bottoms,90422827,0,90422827_0.jpeg,1,train,true
fashion200k,fashion200k_bottoms,90422887,0,90422887_0.jpeg,1,train,true
fashion200k,fashion200k_bottoms,90422995,0,90422995_0.jpeg,1,train,true
fashion200k,fashion200k_bottoms,90423079,0,90423079_0.jpeg,1,train,true
fashion200k,fashion200k_bottoms,90423174,0,90423174_0.jpeg,1,train,true
fashion200k,fashion200k_bottoms,90423328,0,90423328_0.jpeg,1,train,true
fashion200k,fashion200k_bottoms,90423350,0,90423350_0.jpeg,1,old_val,false
fashion200k,fashion200k_bottoms,90423398,0,90423398_0.jpeg,1,train,true
fashion200k,fashion200k_bottoms,90423430,0,90423430_0.jpeg,1,train,true
fashion200k,fashion200k_bottoms,90423491,0,90423491_0.jpeg,1,train,true
fashion200k,fashion200k_bottoms,90423539,0,90423539_0.jpeg,1,train,true
fashion200k,fashion200k_bottoms,90423557,0,90423557_0.jpeg,1,train,true
fashion200k,fashion200k_bottoms,90424166,0,90424166_0.jpeg,1,train,true
fashion200k,fashion200k_bottoms,90424574,0,90424574_0.jpeg,1,train,true
fashion200k,fashion200k_bottoms,90424754,0,90424754_0.jpeg,1,train,true
fashion200k,fashion200k_bottoms,90424851,0,90424851_0.jpeg,1,train,true
fashion200k,fashion200k_bottoms,90424929,0,90424929_0.jpeg,1,train,true
fashion200k,fashion200k_bottoms,90425003,0,90425003_0.jpeg,1,train,true
fashion200k,fashion200k_bottoms,90426497,0,90426497_0.jpeg,1,old_val,false
fashion200k,fashion200k_bottoms,90426744,0,90426744_0.jpeg,1,train,true
fashion200k,fashion200k_bottoms,90427346,0,90427346_0.jpeg,1,old_val,false
fashion200k,fashion200k_bottoms,90429124,0,90429124_0.jpeg,1,train,true
fashion200k,fashion200k_bottoms,90430109,0,90430109_0.jpeg,1,train,true
fashion200k,fashion200k_bottoms,90438513,0,90438513_0.jpeg,1,old_val,false
fashion200k,fashion200k_bottoms,90438655,1,90438655_1.jpeg,1,old_val,false
fashion200k,fashion200k_bottoms,90438977,0,90438977_0.jpeg,1,train,true
fashion200k,fashion200k_bottoms,90439200,0,90439200_0.jpeg,1,train,true
fashion200k,fashion200k_bottoms,90439843,0,90439843_0.jpeg,1,train,true
fashion200k,fashion200k_bottoms,90440156,0,90440156_0.jpeg,1,train,true
fashion200k,fashion200k_bottoms,90440184,0,90440184_0.jpeg,1,train,true
fashion200k,fashion200k_bottoms,90440413,0,90440413_0.jpeg,1,train,true
fashion200k,fashion200k_bottoms,90440452,0,90440452_0.jpeg,1,train,true
fashion200k,fashion200k_bottoms,90440494,0,90440494_0.jpeg,1,train,true
fashion200k,fashion200k_bottoms,90440520,0,90440520_0.jpeg,1,train,true
fashion200k,fashion200k_bottoms,90440921,0,90440921_0.jpeg,1,train,true
fashion200k,fashion200k_bottoms,90440932,0,90440932_0.jpeg,1,train,true
fashion200k,fashion200k_bottoms,90441133,0,90441133_0.jpeg,1,train,true
fashion200k,fashion200k_bottoms,90441379,0,90441379_0.jpeg,1,old_val,false
fashion200k,fashion200k_bottoms,90441466,0,90441466_0.jpeg,1,train,true
fashion200k,fashion200k_bottoms,90441756,0,90441756_0.jpeg,1,train,true
fashion200k,fashion200k_bottoms,90441766,0,90441766_0.jpeg,1,train,true
fashion200k,fashion200k_bottoms,90441916,0,90441916_0.jpeg,1,old_val,false
fashion200k,fashion200k_bottoms,90441933,0,90441933_0.jpeg,1,train,true
fashion200k,fashion200k_bottoms,90442190,0,90442190_0.jpeg,1,train,true
fashion200k,fashion200k_bottoms,90442227,0,90442227_0.jpeg,1,train,true
fashion200k,fashion200k_bottoms,90442573,0,90442573_0.jpeg,1,train,true
fashion200k,fashion200k_bottoms,90448828,0,90448828_0.jpeg,1,old_val,false
fashion200k,fashion200k_bottoms,90448842,0,90448842_0.jpeg,1,train,true
fashion200k,fashion200k_bottoms,90449855,0,90449855_0.jpeg,1,train,true
fashion200k,fashion200k_bottoms,90452783,0,90452783_0.jpeg,1,train,true
fashion200k,fashion200k_bottoms,90457436,0,90457436_0.jpeg,1,train,true
fashion200k,fashion200k_bottoms,90457713,0,90457713_0.jpeg,1,train,true
fashion200k,fashion200k_bottoms,90458446,0,90458446_0.jpeg,1,old_val,false
fashion200k,fashion200k_bottoms,90458563,0,90458563_0.jpeg,1,train,true
fashion200k,fashion200k_bottoms,90459581,0,90459581_0.jpeg,1,train,true
fashion200k,fashion200k_bottoms,90459751,0,90459751_0.jpeg,1,train,true
fashion200k,fashion200k_bottoms,90459755,0,90459755_0.jpeg,1,old_val,false
fashion200k,fashion200k_bottoms,90459948,0,90459948_0.jpeg,1,train,true
fashion200k,fashion200k_bottoms,90460321,0,90460321_0.jpeg,1,train,true
fashion200k,fashion200k_bottoms,90461270,0,90461270_0.jpeg,1,old_val,false
fashion200k,fashion200k_bottoms,90462365,3,90462365_3.jpeg,1,train,true
fashion200k,fashion200k_bottoms,90463202,0,90463202_0.jpeg,1,train,true
fashion200k,fashion200k_bottoms,90463719,0,90463719_0.jpeg,1,train,true
fashion200k,fashion200k_bottoms,90464126,0,90464126_0.jpeg,1,train,true
fashion200k,fashion200k_bottoms,90464163,0,90464163_0.jpeg,1,train,true
fashion200k,fashion200k_bottoms,90464170,0,90464170_0.jpeg,1,train,true
fashion200k,fashion200k_bottoms,90464671,0,90464671_0.jpeg,1,train,true
fashion200k,fashion200k_bottoms,90465930,0,90465930_0.jpeg,1,train,true
fashion200k,fashion200k_bottoms,90466108,0,90466108_0.jpeg,1,train,true
fashion200k,fashion200k_bottoms,90468116,1,90468116_1.jpeg,1,train,true
fashion200k,fashion200k_bottoms,90468253,0,90468253_0.jpeg,1,train,true
fashion200k,fashion200k_bottoms,90468306,2,90468306_2.jpeg,1,train,true
fashion200k,fashion200k_bottoms,90468471,0,90468471_0.jpeg,1,train,true
fashion200k,fashion200k_bottoms,90468887,0,90468887_0.jpeg,1,train,true
fashion200k,fashion200k_bottoms,90469530,0,90469530_0.jpeg,1,train,true
fashion200k,fashion200k_bottoms,90470905,3,90470905_3.jpeg,1,train,true
fashion200k,fashion200k_bottoms,90470954,0,90470954_0.jpeg,1,train,true
fashion200k,fashion200k_bottoms,90471492,1,90471492_1.jpeg,1,train,true
fashion200k,fashion200k_bottoms,90471903,0,90471903_0.jpeg,1,old_val,false
fashion200k,fashion200k_bottoms,90472764,2,90472764_2.jpeg,1,train,true
fashion200k,fashion200k_bottoms,90472905,0,90472905_0.jpeg,1,train,true
fashion200k,fashion200k_bottoms,90473066,0,90473066_0.jpeg,1,train,true
fashion200k,fashion200k_bottoms,90473413,0,90473413_0.jpeg,1,train,true
fashion200k,fashion200k_bottoms,90475238,1,90475238_1.jpeg,1,train,true
fashion200k,fashion200k_bottoms,90475284,0,90475284_0.jpeg,1,train,true
fashion200k,fashion200k_bottoms,90475813,1,90475813_1.jpeg,1,old_val,false
fashion200k,fashion200k_bottoms,90481633,0,90481633_0.jpeg,1,old_val,false
fashion200k,fashion200k_bottoms,90481676,0,90481676_0.jpeg,1,train,true
fashion200k,fashion200k_bottoms,90483688,0,90483688_0.jpeg,1,old_val,false
fashion200k,fashion200k_bottoms,90485330,0,90485330_0.jpeg,1,train,true
fashion200k,fashion200k_bottoms,90485426,1,90485426_1.jpeg,1,old_val,false
fashion200k,fashion200k_bottoms,90486588,0,90486588_0.jpeg,1,train,true
fashion200k,fashion200k_bottoms,90486655,0,90486655_0.jpeg,1,train,true
fashion200k,fashion200k_bottoms,90487254,0,90487254_0.jpeg,1,train,true
fashion200k,fashion200k_bottoms,90487315,1,90487315_1.jpeg,1,train,true
fashion200k,fashion200k_bottoms,90487399,0,90487399_0.jpeg,1,train,true
fashion200k,fashion200k_bottoms,90487484,5,90487484_5.jpeg,1,old_val,false
fashion200k,fashion200k_bottoms,90487572,0,90487572_0.jpeg,1,old_val,false
fashion200k,fashion200k_bottoms,90487835,0,90487835_0.jpeg,1,old_val,false
fashion200k,fashion200k_bottoms,90487857,0,90487857_0.jpeg,1,old_val,false
fashion200k,fashion200k_bottoms,90489337,0,90489337_0.jpeg,1,old_val,false
fashion200k,fashion200k_bottoms,90490490,0,90490490_0.jpeg,1,train,true
fashion200k,fashion200k_bottoms,90491251,0,90491251_0.jpeg,1,train,true
fashion200k,fashion200k_bottoms,90491552,0,90491552_0.jpeg,1,train,true
fashion200k,fashion200k_bottoms,90491736,0,90491736_0.jpeg,1,train,true
fashion200k,fashion200k_bottoms,90492051,2,90492051_2.jpeg,1,train,true
fashion200k,fashion200k_bottoms,90492218,0,90492218_0.jpeg,1,train,true
fashion200k,fashion200k_bottoms,90492341,1,90492341_1.jpeg,1,train,true
fashion200k,fashion200k_bottoms,90492433,0,90492433_0.jpeg,1,old_val,false
fashion200k,fashion200k_bottoms,90492444,1,90492444_1.jpeg,1,train,true
fashion200k,fashion200k_bottoms,90492713,0,90492713_0.jpeg,1,train,true
fashion200k,fashion200k_bottoms,90493016,0,90493016_0.jpeg,1,train,true
fashion200k,fashion200k_bottoms,90493414,1,90493414_1.jpeg,1,train,true
fashion200k,fashion200k_bottoms,90493848,0,90493848_0.jpeg,1,old_val,false
fashion200k,fashion200k_bottoms,90493882,1,90493882_1.jpeg,1,old_val,false
fashion200k,fashion200k_bottoms,90493966,1,90493966_1.jpeg,1,train,true
fashion200k,fashion200k_bottoms,90493996,1,90493996_1.jpeg,1,train,true
fashion200k,fashion200k_bottoms,90494175,1,90494175_1.jpeg,1,old_val,false
fashion200k,fashion200k_bottoms,90494771,1,90494771_1.jpeg,1,train,true
fashion200k,fashion200k_bottoms,90495103,1,90495103_1.jpeg,1,train,true
fashion200k,fashion200k_bottoms,90495241,0,90495241_0.jpeg,1,old_val,false
fashion200k,fashion200k_bottoms,90495947,0,90495947_0.jpeg,1,old_val,false
fashion200k,fashion200k_bottoms,90496167,0,90496167_0.jpeg,1,old_val,false
fashion200k,fashion200k_bottoms,90496207,1,90496207_1.jpeg,1,train,true
fashion200k,fashion200k_bottoms,90496692,0,90496692_0.jpeg,1,train,true
fashion200k,fashion200k_bottoms,90498836,0,90498836_0.jpeg,1,train,true
fashion200k,fashion200k_bottoms,90499370,0,90499370_0.jpeg,1,old_val,false
fashion200k,fashion200k_bottoms,90500614,0,90500614_0.jpeg,1,old_val,false
fashion200k,fashion200k_bottoms,90501261,0,90501261_0.jpeg,1,train,true
fashion200k,fashion200k_bottoms,90503548,0,90503548_0.jpeg,1,train,true
fashion200k,fashion200k_bottoms,90504221,0,90504221_0.jpeg,1,train,true
fashion200k,fashion200k_bottoms,90505061,0,90505061_0.jpeg,1,train,true
fashion200k,fashion200k_bottoms,90505328,0,90505328_0.jpeg,1,train,true
fashion200k,fashion200k_bottoms,90507024,0,90507024_0.jpeg,1,train,true
fashion200k,fashion200k_bottoms,90507044,0,90507044_0.jpeg,1,train,true
fashion200k,fashion200k_bottoms,90507078,0,90507078_0.jpeg,1,old_val,false
fashion200k,fashion200k_bottoms,90510115,0,90510115_0.jpeg,1,train,true
fashion200k,fashion200k_bottoms,90510950,0,90510950_0.jpeg,1,train,true
fashion200k,fashion200k_bottoms,90511195,0,90511195_0.jpeg,1,train,true
fashion200k,fashion200k_bottoms,90512465,0,90512465_0.jpeg,1,old_val,false
fashion200k,fashion200k_bottoms,90512591,0,90512591_0.jpeg,1,train,true
fashion200k,fashion200k_bottoms,90513326,0,90513326_0.jpeg,1,old_val,false
fashion200k,fashion200k_bottoms,90513665,1,90513665_1.jpeg,1,train,true
fashion200k,fashion200k_bottoms,90516256,1,90516256_1.jpeg,1,train,true
fashion200k,fashion200k_bottoms,90516383,1,90516383_1.jpeg,1,train,true
fashion200k,fashion200k_bottoms,90516508,2,90516508_2.jpeg,1,train,true
fashion200k,fashion200k_bottoms,90516776,0,90516776_0.jpeg,1,old_val,false
fashion200k,fashion200k_bottoms,90517345,0,90517345_0.jpeg,1,old_val,false
fashion200k,fashion200k_bottoms,90517548,0,90517548_0.jpeg,1,old_val,false
fashion200k,fashion200k_bottoms,90517707,0,90517707_0.jpeg,1,train,true
fashion200k,fashion200k_bottoms,90517844,0,90517844_0.jpeg,1,old_val,false
fashion200k,fashion200k_bottoms,90518335,1,90518335_1.jpeg,1,train,true
fashion200k,fashion200k_bottoms,90518504,1,90518504_1.jpeg,1,train,true
fashion200k,fashion200k_bottoms,90518563,1,90518563_1.jpeg,1,train,true
fashion200k,fashion200k_bottoms,90518580,0,90518580_0.jpeg,1,train,true
fashion200k,fashion200k_bottoms,90518656,1,90518656_1.jpeg,1,train,true
fashion200k,fashion200k_bottoms,90519030,1,90519030_1.jpeg,1,train,true
fashion200k,fashion200k_bottoms,90519270,0,90519270_0.jpeg,1,train,true
fashion200k,fashion200k_bottoms,90519298,1,90519298_1.jpeg,1,train,true
fashion200k,fashion200k_bottoms,90519508,0,90519508_0.jpeg,1,train,true
fashion200k,fashion200k_bottoms,90520074,0,90520074_0.jpeg,1,train,true
fashion200k,fashion200k_bottoms,90520435,0,90520435_0.jpeg,1,train,true
fashion200k,fashion200k_bottoms,90520673,1,90520673_1.jpeg,1,train,true
fashion200k,fashion200k_bottoms,90520714,1,90520714_1.jpeg,1,train,true
fashion200k,fashion200k_bottoms,90520802,0,90520802_0.jpeg,1,old_val,false
fashion200k,fashion200k_bottoms,90521125,0,90521125_0.jpeg,1,train,true
fashion200k,fashion200k_bottoms,90521700,1,90521700_1.jpeg,1,train,true
fashion200k,fashion200k_bottoms,90522445,0,90522445_0.jpeg,1,old_val,false
fashion200k,fashion200k_bottoms,90522610,0,90522610_0.jpeg,1,old_val,false
fashion200k,fashion200k_bottoms,90524369,1,90524369_1.jpeg,1,train,true
fashion200k,fashion200k_bottoms,90526659,1,90526659_1.jpeg,1,train,true
fashion200k,fashion200k_bottoms,90526910,1,90526910_1.jpeg,1,train,true
fashion200k,fashion200k_bottoms,90527213,0,90527213_0.jpeg,1,old_val,false
fashion200k,fashion200k_bottoms,90527265,1,90527265_1.jpeg,1,train,true
fashion200k,fashion200k_bottoms,90528994,0,90528994_0.jpeg,1,old_val,false
fashion200k,fashion200k_bottoms,90529155,0,90529155_0.jpeg,1,train,true
fashion200k,fashion200k_bottoms,90530134,0,90530134_0.jpeg,1,train,true
fashion200k,fashion200k_bottoms,90530181,0,90530181_0.jpeg,1,train,true
fashion200k,fashion200k_bottoms,90530642,0,90530642_0.jpeg,1,train,true
fashion200k,fashion200k_bottoms,90530668,0,90530668_0.jpeg,1,train,true
fashion200k,fashion200k_bottoms,90530719,0,90530719_0.jpeg,1,old_val,false
fashion200k,fashion200k_bottoms,90530793,0,90530793_0.jpeg,1,old_val,false
fashion200k,fashion200k_bottoms,90530866,0,90530866_0.jpeg,1,train,true
fashion200k,fashion200k_bottoms,90530905,0,90530905_0.jpeg,1,train,true
fashion200k,fashion200k_bottoms,90533491,0,90533491_0.jpeg,1,train,true
fashion200k,fashion200k_bottoms,90534010,0,90534010_0.jpeg,1,train,true
fashion200k,fashion200k_bottoms,90535356,0,90535356_0.jpeg,1,old_val,false
fashion200k,fashion200k_bottoms,90536484,0,90536484_0.jpeg,1,train,true
fashion200k,fashion200k_bottoms,90536672,0,90536672_0.jpeg,1,train,true
fashion200k,fashion200k_bottoms,90537444,0,90537444_0.jpeg,1,train,true
fashion200k,fashion200k_bottoms,90539156,0,90539156_0.jpeg,1,old_val,false
fashion200k,fashion200k_bottoms,90539396,1,90539396_1.jpeg,1,train,true
fashion200k,fashion200k_bottoms,90539873,0,90539873_0.jpeg,1,train,true
fashion200k,fashion200k_bottoms,90540671,0,90540671_0.jpeg,1,train,true
fashion200k,fashion200k_bottoms,90541861,1,90541861_1.jpeg,1,old_val,false
fashion200k,fashion200k_bottoms,90543213,1,90543213_1.jpeg,1,train,true
fashion200k,fashion200k_bottoms,90543568,0,90543568_0.jpeg,1,old_val,false
fashion200k,fashion200k_bottoms,90545628,0,90545628_0.jpeg,1,train,true
fashion200k,fashion200k_bottoms,90547943,0,90547943_0.jpeg,1,train,true
fashion200k,fashion200k_bottoms,90547947,2,90547947_2.jpeg,1,train,true
fashion200k,fashion200k_bottoms,90548331,0,90548331_0.jpeg,1,train,true
fashion200k,fashion200k_bottoms,90548658,1,90548658_1.jpeg,1,train,true
fashion200k,fashion200k_bottoms,90550994,0,90550994_0.jpeg,1,train,true
fashion200k,fashion200k_bottoms,90551112,0,90551112_0.jpeg,1,old_val,false
fashion200k,fashion200k_bottoms,90551205,0,90551205_0.jpeg,1,train,true
fashion200k,fashion200k_bottoms,90551459,1,90551459_1.jpeg,1,old_val,false
fashion200k,fashion200k_bottoms,90552493,1,90552493_1.jpeg,1,train,true
fashion200k,fashion200k_bottoms,90553862,0,90553862_0.jpeg,1,train,true
fashion200k,fashion200k_bottoms,90555166,0,90555166_0.jpeg,1,train,true
fashion200k,fashion200k_bottoms,90555393,1,90555393_1.jpeg,1,train,true
fashion200k,fashion200k_bottoms,90555937,0,90555937_0.jpeg,1,train,true
fashion200k,fashion200k_bottoms,90555938,0,90555938_0.jpeg,1,train,true
fashion200k,fashion200k_bottoms,90555943,0,90555943_0.jpeg,1,train,true
fashion200k,fashion200k_bottoms,90556769,0,90556769_0.jpeg,1,old_val,false
fashion200k,fashion200k_bottoms,90556868,0,90556868_0.jpeg,1,train,true
fashion200k,fashion200k_bottoms,90557682,0,90557682_0.jpeg,1,old_val,false
fashion200k,fashion200k_bottoms,90558491,0,90558491_0.jpeg,1,train,true
fashion200k,fashion200k_bottoms,90559849,1,90559849_1.jpeg,1,train,true
fashion200k,fashion200k_bottoms,90560025,0,90560025_0.jpeg,1,old_val,false
fashion200k,fashion200k_bottoms,90560945,0,90560945_0.jpeg,1,old_val,false
fashion200k,fashion200k_bottoms,90562265,0,90562265_0.jpeg,1,train,true
fashion200k,fashion200k_bottoms,90562586,1,90562586_1.jpeg,1,train,true
fashion200k,fashion200k_bottoms,90563349,0,90563349_0.jpeg,1,train,true
fashion200k,fashion200k_bottoms,90563380,0,90563380_0.jpeg,1,train,true
fashion200k,fashion200k_bottoms,90563958,0,90563958_0.jpeg,1,train,true
fashion200k,fashion200k_bottoms,90565355,0,90565355_0.jpeg,1,train,true
fashion200k,fashion200k_bottoms,90566633,0,90566633_0.jpeg,1,train,true
fashion200k,fashion200k_bottoms,90568024,0,90568024_0.jpeg,1,train,true
fashion200k,fashion200k_bottoms,90568138,1,90568138_1.jpeg,1,train,true
fashion200k,fashion200k_bottoms,90568787,0,90568787_0.jpeg,1,old_val,false
fashion200k,fashion200k_bottoms,90568985,1,90568985_1.jpeg,1,train,true
fashion200k,fashion200k_bottoms,90569354,0,90569354_0.jpeg,1,old_val,false
fashion200k,fashion200k_bottoms,90570693,0,90570693_0.jpeg,1,old_val,false
fashion200k,fashion200k_bottoms,90576482,0,90576482_0.jpeg,1,train,true
fashion200k,fashion200k_bottoms,90578228,0,90578228_0.jpeg,1,train,true
fashion200k,fashion200k_bottoms,90581672,0,90581672_0.jpeg,1,old_val,false
fashion200k,fashion200k_bottoms,90581924,2,90581924_2.jpeg,1,train,true
fashion200k,fashion200k_bottoms,90582043,0,90582043_0.jpeg,1,train,true
fashion200k,fashion200k_bottoms,90582488,0,90582488_0.jpeg,1,old_val,false
fashion200k,fashion200k_bottoms,90583092,0,90583092_0.jpeg,1,train,true
fashion200k,fashion200k_bottoms,90584366,0,90584366_0.jpeg,1,train,true
fashion200k,fashion200k_bottoms,90584463,0,90584463_0.jpeg,1,train,true
fashion200k,fashion200k_bottoms,90585212,0,90585212_0.jpeg,1,train,true
fashion200k,fashion200k_bottoms,90587709,0,90587709_0.jpeg,1,train,true
fashion200k,fashion200k_bottoms,90587872,0,90587872_0.jpeg,1,train,true
fashion200k,fashion200k_bottoms,90588212,0,90588212_0.jpeg,1,train,true
fashion200k,fashion200k_bottoms,90588235,0,90588235_0.jpeg,1,train,true
fashion200k,fashion200k_bottoms,90588609,0,90588609_0.jpeg,1,train,true
fashion200k,fashion200k_bottoms,90588946,0,90588946_0.jpeg,1,train,true
fashion200k,fashion200k_bottoms,90591349,0,90591349_0.jpeg,1,train,true
fashion200k,fashion200k_bottoms,90591572,0,90591572_0.jpeg,1,train,true
fashion200k,fashion200k_bottoms,90592491,0,90592491_0.jpeg,1,old_val,false
fashion200k,fashion200k_bottoms,90592509,0,90592509_0.jpeg,1,train,true
fashion200k,fashion200k_bottoms,90592516,0,90592516_0.jpeg,1,old_val,false
fashion200k,fashion200k_bottoms,90592556,0,90592556_0.jpeg,1,train,true
fashion200k,fashion200k_bottoms,90593251,0,90593251_0.jpeg,1,train,true
fashion200k,fashion200k_bottoms,90593451,0,90593451_0.jpeg,1,train,true
fashion200k,fashion200k_bottoms,90594082,0,90594082_0.jpeg,1,train,true
fashion200k,fashion200k_bottoms,90594289,0,90594289_0.jpeg,1,train,true
fashion200k,fashion200k_bottoms,90595025,0,90595025_0.jpeg,1,train,true
fashion200k,fashion200k_bottoms,90596404,0,90596404_0.jpeg,1,train,true
fashion200k,fashion200k_bottoms,90596952,0,90596952_0.jpeg,1,train,true
fashion200k,fashion200k_bottoms,90597011,0,90597011_0.jpeg,1,old_val,false
fashion200k,fashion200k_bottoms,90597052,0,90597052_0.jpeg,1,train,true
fashion200k,fashion200k_bottoms,90597134,0,90597134_0.jpeg,1,train,true
fashion200k,fashion200k_bottoms,90597138,0,90597138_0.jpeg,1,train,true
fashion200k,fashion200k_bottoms,90597221,1,90597221_1.jpeg,1,train,true
fashion200k,fashion200k_bottoms,90599585,0,90599585_0.jpeg,1,train,true
fashion200k,fashion200k_bottoms,90600130,0,90600130_0.jpeg,1,train,true
fashion200k,fashion200k_bottoms,90600556,0,90600556_0.jpeg,1,train,true
fashion200k,fashion200k_bottoms,90600978,0,90600978_0.jpeg,1,old_val,false
fashion200k,fashion200k_bottoms,90601497,0,90601497_0.jpeg,1,old_val,false
fashion200k,fashion200k_bottoms,90601626,0,90601626_0.jpeg,1,train,true
fashion200k,fashion200k_bottoms,90602420,0,90602420_0.jpeg,1,train,true
fashion200k,fashion200k_bottoms,90602446,0,90602446_0.jpeg,1,train,true
fashion200k,fashion200k_bottoms,90603631,0,90603631_0.jpeg,1,old_val,false
fashion200k,fashion200k_bottoms,90604152,0,90604152_0.jpeg,1,old_val,false
fashion200k,fashion200k_bottoms,90604353,0,90604353_0.jpeg,1,old_val,false
fashion200k,fashion200k_bottoms,90604447,0,90604447_0.jpeg,1,train,true
fashion200k,fashion200k_bottoms,90604510,0,90604510_0.jpeg,1,train,true
fashion200k,fashion200k_bottoms,90604717,0,90604717_0.jpeg,1,train,true
fashion200k,fashion200k_bottoms,90604731,0,90604731_0.jpeg,1,train,true
fashion200k,fashion200k_bottoms,90605518,0,90605518_0.jpeg,1,train,true
fashion200k,fashion200k_bottoms,90605582,1,90605582_1.jpeg,1,old_val,false
fashion200k,fashion200k_bottoms,90605637,2,90605637_2.jpeg,1,old_val,false
fashion200k,fashion200k_bottoms,90605809,0,90605809_0.jpeg,1,train,true
fashion200k,fashion200k_bottoms,90606000,0,90606000_0.jpeg,1,train,true
fashion200k,fashion200k_bottoms,90606610,0,90606610_0.jpeg,1,old_val,false
fashion200k,fashion200k_bottoms,90606693,0,90606693_0.jpeg,1,train,true
fashion200k,fashion200k_bottoms,90607485,0,90607485_0.jpeg,1,train,true
fashion200k,fashion200k_bottoms,90607550,0,90607550_0.jpeg,1,train,true
fashion200k,fashion200k_bottoms,90609232,0,90609232_0.jpeg,1,old_val,false
fashion200k,fashion200k_bottoms,90609931,0,90609931_0.jpeg,1,train,true
fashion200k,fashion200k_bottoms,90610020,3,90610020_3.jpeg,1,train,true
fashion200k,fashion200k_bottoms,90610995,0,90610995_0.jpeg,1,train,true
fashion200k,fashion200k_bottoms,90611078,0,90611078_0.jpeg,1,train,true
fashion200k,fashion200k_bottoms,90611909,0,90611909_0.jpeg,1,old_val,false
fashion200k,fashion200k_bottoms,90613747,0,90613747_0.jpeg,1,train,true
fashion200k,fashion200k_bottoms,90613914,0,90613914_0.jpeg,1,train,true
fashion200k,fashion200k_bottoms,90614330,1,90614330_1.jpeg,1,old_val,false
fashion200k,fashion200k_bottoms,90614335,0,90614335_0.jpeg,1,train,true
fashion200k,fashion200k_bottoms,90614590,0,90614590_0.jpeg,1,train,true
fashion200k,fashion200k_bottoms,90614635,3,90614635_3.jpeg,1,train,true
fashion200k,fashion200k_bottoms,90615465,0,90615465_0.jpeg,1,train,true
fashion200k,fashion200k_bottoms,90617094,0,90617094_0.jpeg,1,train,true
fashion200k,fashion200k_bottoms,90618237,0,90618237_0.jpeg,1,train,true
fashion200k,fashion200k_bottoms,90619382,0,90619382_0.jpeg,1,old_val,false
fashion200k,fashion200k_bottoms,90619431,0,90619431_0.jpeg,1,old_val,false
fashion200k,fashion200k_bottoms,90621690,0,90621690_0.jpeg,1,train,true
fashion200k,fashion200k_bottoms,90621896,0,90621896_0.jpeg,1,train,true
fashion200k,fashion200k_bottoms,90622330,0,90622330_0.jpeg,1,train,true
fashion200k,fashion200k_bottoms,90622373,0,90622373_0.jpeg,1,train,true
fashion200k,fashion200k_bottoms,90622916,0,90622916_0.jpeg,1,train,true
fashion200k,fashion200k_bottoms,90623213,0,90623213_0.jpeg,1,train,true
fashion200k,fashion200k_bottoms,90623303,0,90623303_0.jpeg,1,train,true
fashion200k,fashion200k_bottoms,90623459,0,90623459_0.jpeg,1,train,true
fashion200k,fashion200k_bottoms,90623760,0,90623760_0.jpeg,1,train,true
fashion200k,fashion200k_bottoms,90623949,0,90623949_0.jpeg,1,train,true
fashion200k,fashion200k_bottoms,90624105,0,90624105_0.jpeg,1,train,true
fashion200k,fashion200k_bottoms,90624478,0,90624478_0.jpeg,1,train,true
fashion200k,fashion200k_bottoms,90624479,0,90624479_0.jpeg,1,old_val,false
fashion200k,fashion200k_bottoms,90625007,0,90625007_0.jpeg,1,train,true
fashion200k,fashion200k_bottoms,90625069,0,90625069_0.jpeg,1,train,true
fashion200k,fashion200k_bottoms,90625176,0,90625176_0.jpeg,1,train,true
fashion200k,fashion200k_bottoms,90625220,0,90625220_0.jpeg,1,train,true
fashion200k,fashion200k_bottoms,90625902,1,90625902_1.jpeg,1,train,true
fashion200k,fashion200k_bottoms,90626116,0,90626116_0.jpeg,1,train,true
fashion200k,fashion200k_bottoms,90626238,0,90626238_0.jpeg,1,train,true
fashion200k,fashion200k_bottoms,90626562,0,90626562_0.jpeg,1,train,true
fashion200k,fashion200k_bottoms,90626934,0,90626934_0.jpeg,1,train,true
fashion200k,fashion200k_bottoms,90627120,0,90627120_0.jpeg,1,old_val,false
fashion200k,fashion200k_bottoms,90627513,0,90627513_0.jpeg,1,train,true
fashion200k,fashion200k_bottoms,90627955,0,90627955_0.jpeg,1,old_val,false
fashion200k,fashion200k_bottoms,90628113,0,90628113_0.jpeg,1,train,true
fashion200k,fashion200k_bottoms,90628203,0,90628203_0.jpeg,1,old_val,false
fashion200k,fashion200k_bottoms,90632154,2,90632154_2.jpeg,1,train,true
fashion200k,fashion200k_bottoms,90632729,0,90632729_0.jpeg,1,train,true
fashion200k,fashion200k_bottoms,90633947,0,90633947_0.jpeg,1,train,true
fashion200k,fashion200k_bottoms,90634306,0,90634306_0.jpeg,1,old_val,false
fashion200k,fashion200k_bottoms,90634512,0,90634512_0.jpeg,1,train,true
fashion200k,fashion200k_bottoms,90634866,0,90634866_0.jpeg,1,train,true
fashion200k,fashion200k_bottoms,90635058,0,90635058_0.jpeg,1,train,true
fashion200k,fashion200k_bottoms,90636782,0,90636782_0.jpeg,1,train,true
fashion200k,fashion200k_bottoms,90637182,0,90637182_0.jpeg,1,old_val,false
fashion200k,fashion200k_bottoms,90637828,0,90637828_0.jpeg,1,train,true
fashion200k,fashion200k_bottoms,90638113,0,90638113_0.jpeg,1,train,true
fashion200k,fashion200k_bottoms,90638329,0,90638329_0.jpeg,1,old_val,false
fashion200k,fashion200k_bottoms,90638893,0,90638893_0.jpeg,1,old_val,false
fashion200k,fashion200k_bottoms,90638913,1,90638913_1.jpeg,1,train,true
fashion200k,fashion200k_bottoms,90639776,0,90639776_0.jpeg,1,old_val,false
fashion200k,fashion200k_bottoms,90640168,0,90640168_0.jpeg,1,train,true
fashion200k,fashion200k_bottoms,90640504,0,90640504_0.jpeg,1,train,true
fashion200k,fashion200k_bottoms,90640510,0,90640510_0.jpeg,1,train,true
fashion200k,fashion200k_bottoms,90640642,0,90640642_0.jpeg,1,train,true
fashion200k,fashion200k_bottoms,90640747,0,90640747_0.jpeg,1,train,true
fashion200k,fashion200k_bottoms,90641394,0,90641394_0.jpeg,1,train,true
fashion200k,fashion200k_bottoms,90642949,0,90642949_0.jpeg,1,train,true
fashion200k,fashion200k_bottoms,90643980,0,90643980_0.jpeg,1,train,true
fashion200k,fashion200k_bottoms,90644868,0,90644868_0.jpeg,1,old_val,false
fashion200k,fashion200k_bottoms,90645929,3,90645929_3.jpeg,1,old_val,false
fashion200k,fashion200k_bottoms,90646440,0,90646440_0.jpeg,1,train,true
fashion200k,fashion200k_bottoms,90647151,0,90647151_0.jpeg,1,train,true
fashion200k,fashion200k_bottoms,90647426,0,90647426_0.jpeg,1,train,true
fashion200k,fashion200k_bottoms,90647494,1,90647494_1.jpeg,1,old_val,false
fashion200k,fashion200k_bottoms,90648417,0,90648417_0.jpeg,1,train,true
fashion200k,fashion200k_bottoms,90648460,0,90648460_0.jpeg,1,old_val,false
fashion200k,fashion200k_bottoms,90648989,0,90648989_0.jpeg,1,train,true
fashion200k,fashion200k_bottoms,90649090,0,90649090_0.jpeg,1,old_val,false
fashion200k,fashion200k_bottoms,90650063,0,90650063_0.jpeg,1,train,true
fashion200k,fashion200k_bottoms,90652318,0,90652318_0.jpeg,1,train,true
fashion200k,fashion200k_bottoms,90654534,0,90654534_0.jpeg,1,train,true
fashion200k,fashion200k_bottoms,90654870,0,90654870_0.jpeg,1,train,true
fashion200k,fashion200k_bottoms,90655071,0,90655071_0.jpeg,1,train,true
fashion200k,fashion200k_bottoms,90655482,1,90655482_1.jpeg,1,train,true
fashion200k,fashion200k_bottoms,90656849,0,90656849_0.jpeg,1,train,true
fashion200k,fashion200k_bottoms,90657227,0,90657227_0.jpeg,1,old_val,false
fashion200k,fashion200k_bottoms,90657617,0,90657617_0.jpeg,1,old_val,false
fashion200k,fashion200k_bottoms,90658086,0,90658086_0.jpeg,1,train,true
fashion200k,fashion200k_bottoms,90658120,2,90658120_2.jpeg,1,train,true
fashion200k,fashion200k_bottoms,90658608,0,90658608_0.jpeg,1,old_val,false
fashion200k,fashion200k_bottoms,90658788,0,90658788_0.jpeg,1,train,true
fashion200k,fashion200k_bottoms,90659441,0,90659441_0.jpeg,1,train,true
fashion200k,fashion200k_bottoms,90660072,0,90660072_0.jpeg,1,train,true
fashion200k,fashion200k_bottoms,90660776,0,90660776_0.jpeg,1,train,true
fashion200k,fashion200k_bottoms,90660822,0,90660822_0.jpeg,1,old_val,false
fashion200k,fashion200k_bottoms,90661037,0,90661037_0.jpeg,1,old_val,false
fashion200k,fashion200k_bottoms,90661265,1,90661265_1.jpeg,1,train,true
fashion200k,fashion200k_bottoms,90662307,0,90662307_0.jpeg,1,train,true
fashion200k,fashion200k_bottoms,90662671,0,90662671_0.jpeg,1,train,true
fashion200k,fashion200k_bottoms,90662678,0,90662678_0.jpeg,1,train,true
fashion200k,fashion200k_bottoms,90663369,0,90663369_0.jpeg,1,train,true
fashion200k,fashion200k_bottoms,90663387,0,90663387_0.jpeg,1,train,true
fashion200k,fashion200k_bottoms,90663591,0,90663591_0.jpeg,1,train,true
fashion200k,fashion200k_bottoms,90664353,0,90664353_0.jpeg,1,train,true
fashion200k,fashion200k_bottoms,90664747,0,90664747_0.jpeg,1,old_val,false
fashion200k,fashion200k_bottoms,90664986,0,90664986_0.jpeg,1,train,true
fashion200k,fashion200k_bottoms,90666079,0,90666079_0.jpeg,1,train,true
fashion200k,fashion200k_bottoms,90666224,0,90666224_0.jpeg,1,train,true
fashion200k,fashion200k_bottoms,90666483,0,90666483_0.jpeg,1,train,true
fashion200k,fashion200k_bottoms,90667016,0,90667016_0.jpeg,1,train,true
fashion200k,fashion200k_bottoms,90667033,0,90667033_0.jpeg,1,train,true
fashion200k,fashion200k_bottoms,90667232,0,90667232_0.jpeg,1,train,true
fashion200k,fashion200k_bottoms,90667766,0,90667766_0.jpeg,1,old_val,false
fashion200k,fashion200k_bottoms,90668084,0,90668084_0.jpeg,1,train,true
fashion200k,fashion200k_bottoms,90668111,1,90668111_1.jpeg,1,train,true
fashion200k,fashion200k_bottoms,90668200,0,90668200_0.jpeg,1,train,true
fashion200k,fashion200k_bottoms,90668839,0,90668839_0.jpeg,1,old_val,false
fashion200k,fashion200k_bottoms,90669037,0,90669037_0.jpeg,1,train,true
fashion200k,fashion200k_bottoms,90670358,0,90670358_0.jpeg,1,train,true
fashion200k,fashion200k_bottoms,90670720,0,90670720_0.jpeg,1,train,true
fashion200k,fashion200k_bottoms,90671709,1,90671709_1.jpeg,1,train,true
fashion200k,fashion200k_bottoms,90672183,0,90672183_0.jpeg,1,train,true
fashion200k,fashion200k_bottoms,90672258,1,90672258_1.jpeg,1,old_val,false
fashion200k,fashion200k_bottoms,90673299,0,90673299_0.jpeg,1,train,true
fashion200k,fashion200k_bottoms,90673303,0,90673303_0.jpeg,1,train,true
fashion200k,fashion200k_bottoms,90673835,0,90673835_0.jpeg,1,old_val,false
fashion200k,fashion200k_bottoms,90674695,0,90674695_0.jpeg,1,train,true
fashion200k,fashion200k_bottoms,90674997,0,90674997_0.jpeg,1,train,true
fashion200k,fashion200k_bottoms,90675108,0,90675108_0.jpeg,1,train,true
fashion200k,fashion200k_bottoms,90675376,0,90675376_0.jpeg,1,old_val,false
fashion200k,fashion200k_bottoms,90675811,2,90675811_2.jpeg,1,train,true
fashion200k,fashion200k_bottoms,90676010,0,90676010_0.jpeg,1,train,true
fashion200k,fashion200k_bottoms,90676079,0,90676079_0.jpeg,1,old_val,false
fashion200k,fashion200k_bottoms,90676276,0,90676276_0.jpeg,1,old_val,false
fashion200k,fashion200k_bottoms,90676877,0,90676877_0.jpeg,1,train,true
fashion200k,fashion200k_bottoms,90677593,0,90677593_0.jpeg,1,train,true
fashion200k,fashion200k_bottoms,90677597,0,90677597_0.jpeg,1,train,true
fashion200k,fashion200k_bottoms,90678023,0,90678023_0.jpeg,1,train,true
fashion200k,fashion200k_bottoms,90678398,0,90678398_0.jpeg,1,train,true
fashion200k,fashion200k_bottoms,90678519,0,90678519_0.jpeg,1,train,true
fashion200k,fashion200k_bottoms,90679012,0,90679012_0.jpeg,1,train,true
fashion200k,fashion200k_bottoms,90679166,0,90679166_0.jpeg,1,train,true
fashion200k,fashion200k_bottoms,90679766,0,90679766_0.jpeg,1,old_val,false
fashion200k,fashion200k_bottoms,90679975,0,90679975_0.jpeg,1,train,true
fashion200k,fashion200k_bottoms,90684760,1,90684760_1.jpeg,1,old_val,false
fashion200k,fashion200k_bottoms,90685038,0,90685038_0.jpeg,1,train,true
fashion200k,fashion200k_bottoms,90685600,0,90685600_0.jpeg,1,train,true
fashion200k,fashion200k_bottoms,90685970,0,90685970_0.jpeg,1,old_val,false
fashion200k,fashion200k_bottoms,90686658,0,90686658_0.jpeg,1,old_val,false
fashion200k,fashion200k_bottoms,90687853,0,90687853_0.jpeg,1,train,true
fashion200k,fashion200k_bottoms,90688218,0,90688218_0.jpeg,1,old_val,false
fashion200k,fashion200k_bottoms,90689077,0,90689077_0.jpeg,1,train,true
fashion200k,fashion200k_bottoms,90689824,1,90689824_1.jpeg,1,old_val,false
fashion200k,fashion200k_bottoms,90690343,0,90690343_0.jpeg,1,old_val,false
fashion200k,fashion200k_bottoms,90692241,0,90692241_0.jpeg,1,train,true
fashion200k,fashion200k_bottoms,90692450,0,90692450_0.jpeg,1,train,true
fashion200k,fashion200k_bottoms,90692681,0,90692681_0.jpeg,1,train,true
fashion200k,fashion200k_bottoms,90693083,0,90693083_0.jpeg,1,train,true
fashion200k,fashion200k_bottoms,90693848,0,90693848_0.jpeg,1,train,true
fashion200k,fashion200k_bottoms,90694296,0,90694296_0.jpeg,1,train,true
fashion200k,fashion200k_bottoms,90694303,0,90694303_0.jpeg,1,train,true
fashion200k,fashion200k_bottoms,90695133,0,90695133_0.jpeg,1,train,true
fashion200k,fashion200k_bottoms,90696836,0,90696836_0.jpeg,1,train,true
fashion200k,fashion200k_bottoms,90697242,0,90697242_0.jpeg,1,train,true
fashion200k,fashion200k_bottoms,90697310,0,90697310_0.jpeg,1,train,true
fashion200k,fashion200k_bottoms,90698033,1,90698033_1.jpeg,1,train,true
fashion200k,fashion200k_bottoms,90698498,0,90698498_0.jpeg,1,train,true
fashion200k,fashion200k_bottoms,90698528,0,90698528_0.jpeg,1,train,true
fashion200k,fashion200k_bottoms,90698902,0,90698902_0.jpeg,1,train,true
fashion200k,fashion200k_bottoms,90699447,0,90699447_0.jpeg,1,train,true
fashion200k,fashion200k_bottoms,90700120,0,90700120_0.jpeg,1,train,true
fashion200k,fashion200k_bottoms,90700160,0,90700160_0.jpeg,1,train,true
fashion200k,fashion200k_bottoms,90700437,0,90700437_0.jpeg,1,train,true
fashion200k,fashion200k_bottoms,90700659,1,90700659_1.jpeg,1,train,true
fashion200k,fashion200k_bottoms,90700952,0,90700952_0.jpeg,1,train,true
fashion200k,fashion200k_bottoms,90701890,0,90701890_0.jpeg,1,old_val,false
fashion200k,fashion200k_bottoms,90703003,0,90703003_0.jpeg,1,train,true
fashion200k,fashion200k_bottoms,90703571,0,90703571_0.jpeg,1,train,true
fashion200k,fashion200k_bottoms,90703822,0,90703822_0.jpeg,1,train,true
fashion200k,fashion200k_bottoms,90703834,0,90703834_0.jpeg,1,train,true
fashion200k,fashion200k_bottoms,90704694,1,90704694_1.jpeg,1,old_val,false
fashion200k,fashion200k_bottoms,90705066,1,90705066_1.jpeg,1,train,true
fashion200k,fashion200k_bottoms,90705144,0,90705144_0.jpeg,1,train,true
fashion200k,fashion200k_bottoms,90705769,0,90705769_0.jpeg,1,train,true
fashion200k,fashion200k_bottoms,90706041,0,90706041_0.jpeg,1,old_val,false
fashion200k,fashion200k_bottoms,90706460,0,90706460_0.jpeg,1,train,true
fashion200k,fashion200k_bottoms,90707007,1,90707007_1.jpeg,1,old_val,false
fashion200k,fashion200k_bottoms,90707720,0,90707720_0.jpeg,1,train,true
fashion200k,fashion200k_bottoms,90708141,0,90708141_0.jpeg,1,train,true
fashion200k,fashion200k_bottoms,90708568,0,90708568_0.jpeg,1,train,true
fashion200k,fashion200k_bottoms,90708670,0,90708670_0.jpeg,1,train,true
fashion200k,fashion200k_bottoms,90708840,0,90708840_0.jpeg,1,train,true
fashion200k,fashion200k_bottoms,90709044,0,90709044_0.jpeg,1,old_val,false
fashion200k,fashion200k_bottoms,90709814,0,90709814_0.jpeg,1,train,true
fashion200k,fashion200k_bottoms,90710356,0,90710356_0.jpeg,1,train,true
fashion200k,fashion200k_bottoms,90710388,0,90710388_0.jpeg,1,train,true
fashion200k,fashion200k_bottoms,90711879,0,90711879_0.jpeg,1,train,true
fashion200k,fashion200k_bottoms,90711895,1,90711895_1.jpeg,1,train,true
fashion200k,fashion200k_bottoms,90711962,0,90711962_0.jpeg,1,train,true
fashion200k,fashion200k_bottoms,90712147,0,90712147_0.jpeg,1,train,true
fashion200k,fashion200k_bottoms,90712769,0,90712769_0.jpeg,1,train,true
fashion200k,fashion200k_bottoms,90712791,0,90712791_0.jpeg,1,train,true
fashion200k,fashion200k_bottoms,90713551,0,90713551_0.jpeg,1,train,true
fashion200k,fashion200k_bottoms,90713636,0,90713636_0.jpeg,1,train,true
fashion200k,fashion200k_bottoms,90713675,1,90713675_1.jpeg,1,train,true
fashion200k,fashion200k_bottoms,90713717,0,90713717_0.jpeg,1,train,true
fashion200k,fashion200k_bottoms,90713728,1,90713728_1.jpeg,1,train,true
fashion200k,fashion200k_bottoms,90714145,0,90714145_0.jpeg,1,train,true
fashion200k,fashion200k_bottoms,90714437,0,90714437_0.jpeg,1,train,true
fashion200k,fashion200k_bottoms,90714985,0,90714985_0.jpeg,1,train,true
fashion200k,fashion200k_bottoms,90714987,0,90714987_0.jpeg,1,old_val,false
fashion200k,fashion200k_bottoms,90715053,0,90715053_0.jpeg,1,train,true
fashion200k,fashion200k_bottoms,90715427,0,90715427_0.jpeg,1,train,true
fashion200k,fashion200k_bottoms,90715443,0,90715443_0.jpeg,1,train,true
fashion200k,fashion200k_bottoms,90715544,0,90715544_0.jpeg,1,train,true
fashion200k,fashion200k_bottoms,90716054,0,90716054_0.jpeg,1,train,true
fashion200k,fashion200k_bottoms,90716381,0,90716381_0.jpeg,1,train,true
fashion200k,fashion200k_bottoms,90716557,0,90716557_0.jpeg,1,train,true
fashion200k,fashion200k_bottoms,90717152,0,90717152_0.jpeg,1,train,true
fashion200k,fashion200k_bottoms,90717681,0,90717681_0.jpeg,1,train,true
fashion200k,fashion200k_bottoms,90717756,1,90717756_1.jpeg,1,train,true
fashion200k,fashion200k_bottoms,90718087,0,90718087_0.jpeg,1,train,true
fashion200k,fashion200k_bottoms,90719002,0,90719002_0.jpeg,1,train,true
fashion200k,fashion200k_bottoms,90719244,0,90719244_0.jpeg,1,old_val,false
fashion200k,fashion200k_bottoms,90720491,0,90720491_0.jpeg,1,old_val,false
fashion200k,fashion200k_bottoms,90720961,0,90720961_0.jpeg,1,train,true
fashion200k,fashion200k_bottoms,90721130,0,90721130_0.jpeg,1,old_val,false
fashion200k,fashion200k_bottoms,90721790,0,90721790_0.jpeg,1,train,true
fashion200k,fashion200k_bottoms,90722104,0,90722104_0.jpeg,1,train,true
fashion200k,fashion200k_bottoms,90722172,0,90722172_0.jpeg,1,train,true
fashion200k,fashion200k_bottoms,90722496,0,90722496_0.jpeg,1,train,true
fashion200k,fashion200k_bottoms,90723210,0,90723210_0.jpeg,1,train,true
fashion200k,fashion200k_bottoms,90723693,0,90723693_0.jpeg,1,train,true
fashion200k,fashion200k_bottoms,90723709,0,90723709_0.jpeg,1,train,true
fashion200k,fashion200k_bottoms,90724483,0,90724483_0.jpeg,1,old_val,false
fashion200k,fashion200k_bottoms,90724581,0,90724581_0.jpeg,1,train,true
fashion200k,fashion200k_bottoms,90725259,0,90725259_0.jpeg,1,train,true
fashion200k,fashion200k_bottoms,90726087,0,90726087_0.jpeg,1,train,true
fashion200k,fashion200k_bottoms,90726294,0,90726294_0.jpeg,1,train,true
fashion200k,fashion200k_bottoms,90726404,0,90726404_0.jpeg,1,train,true
fashion200k,fashion200k_bottoms,90727047,0,90727047_0.jpeg,1,train,true
fashion200k,fashion200k_bottoms,90727214,0,90727214_0.jpeg,1,train,true
fashion200k,fashion200k_bottoms,90727574,0,90727574_0.jpeg,1,train,true
fashion200k,fashion200k_bottoms,90727778,0,90727778_0.jpeg,1,train,true
fashion200k,fashion200k_bottoms,90728917,0,90728917_0.jpeg,1,train,true
fashion200k,fashion200k_bottoms,90728965,0,90728965_0.jpeg,1,train,true
fashion200k,fashion200k_bottoms,90732363,1,90732363_1.jpeg,1,old_val,false
fashion200k,fashion200k_bottoms,90732462,0,90732462_0.jpeg,1,old_val,false
fashion200k,fashion200k_bottoms,90734304,0,90734304_0.jpeg,1,train,true
fashion200k,fashion200k_bottoms,90734743,0,90734743_0.jpeg,1,train,true
fashion200k,fashion200k_bottoms,90736097,0,90736097_0.jpeg,1,old_val,false
fashion200k,fashion200k_bottoms,90736450,0,90736450_0.jpeg,1,train,true
fashion200k,fashion200k_bottoms,90736970,0,90736970_0.jpeg,1,train,true
fashion200k,fashion200k_bottoms,90738083,0,90738083_0.jpeg,1,train,true
fashion200k,fashion200k_bottoms,90740418,0,90740418_0.jpeg,1,train,true
fashion200k,fashion200k_bottoms,90742654,0,90742654_0.jpeg,1,old_val,false
fashion200k,fashion200k_bottoms,90744459,0,90744459_0.jpeg,1,train,true
fashion200k,fashion200k_bottoms,90745354,0,90745354_0.jpeg,1,old_val,false
fashion200k,fashion200k_bottoms,90745480,0,90745480_0.jpeg,1,train,true
fashion200k,fashion200k_bottoms,90745720,0,90745720_0.jpeg,1,train,true
fashion200k,fashion200k_bottoms,90745766,0,90745766_0.jpeg,1,train,true
fashion200k,fashion200k_bottoms,90745897,0,90745897_0.jpeg,1,train,true
fashion200k,fashion200k_bottoms,90746010,0,90746010_0.jpeg,1,train,true
fashion200k,fashion200k_bottoms,90746323,0,90746323_0.jpeg,1,train,true
fashion200k,fashion200k_bottoms,90746706,1,90746706_1.jpeg,1,train,true
fashion200k,fashion200k_bottoms,90746709,0,90746709_0.jpeg,1,train,true
fashion200k,fashion200k_bottoms,90746816,0,90746816_0.jpeg,1,train,true
fashion200k,fashion200k_bottoms,90747292,0,90747292_0.jpeg,1,train,true
fashion200k,fashion200k_bottoms,90749386,0,90749386_0.jpeg,1,train,true
fashion200k,fashion200k_bottoms,90751153,1,90751153_1.jpeg,1,train,true
fashion200k,fashion200k_bottoms,90751295,0,90751295_0.jpeg,1,train,true
fashion200k,fashion200k_bottoms,90751880,0,90751880_0.jpeg,1,train,true
fashion200k,fashion200k_bottoms,90751996,0,90751996_0.jpeg,1,train,true
fashion200k,fashion200k_bottoms,90752508,3,90752508_3.jpeg,1,train,true
fashion200k,fashion200k_bottoms,90752970,0,90752970_0.jpeg,1,old_val,false
fashion200k,fashion200k_bottoms,90753368,0,90753368_0.jpeg,1,train,true
fashion200k,fashion200k_bottoms,90753808,0,90753808_0.jpeg,1,train,true
fashion200k,fashion200k_bottoms,90753896,0,90753896_0.jpeg,1,train,true
fashion200k,fashion200k_bottoms,90755129,0,90755129_0.jpeg,1,train,true
fashion200k,fashion200k_bottoms,90755213,0,90755213_0.jpeg,1,train,true
fashion200k,fashion200k_bottoms,90756578,0,90756578_0.jpeg,1,train,true
fashion200k,fashion200k_bottoms,90757103,0,90757103_0.jpeg,1,train,true
fashion200k,fashion200k_bottoms,90757268,0,90757268_0.jpeg,1,train,true
fashion200k,fashion200k_bottoms,90757838,0,90757838_0.jpeg,1,old_val,false
fashion200k,fashion200k_bottoms,90758568,0,90758568_0.jpeg,1,train,true
fashion200k,fashion200k_bottoms,90758591,1,90758591_1.jpeg,1,train,true
fashion200k,fashion200k_bottoms,90758604,0,90758604_0.jpeg,1,old_val,false
fashion200k,fashion200k_bottoms,90759701,0,90759701_0.jpeg,1,old_val,false
fashion200k,fashion200k_bottoms,90760768,0,90760768_0.jpeg,1,train,true
fashion200k,fashion200k_bottoms,90760876,0,90760876_0.jpeg,1,train,true
fashion200k,fashion200k_bottoms,90760998,0,90760998_0.jpeg,1,old_val,false
fashion200k,fashion200k_bottoms,90761511,0,90761511_0.jpeg,1,old_val,false
fashion200k,fashion200k_bottoms,90761827,0,90761827_0.jpeg,1,train,true
fashion200k,fashion200k_bottoms,90761901,1,90761901_1.jpeg,1,train,true
fashion200k,fashion200k_bottoms,90762027,0,90762027_0.jpeg,1,train,true
fashion200k,fashion200k_bottoms,90762797,2,90762797_2.jpeg,1,train,true
fashion200k,fashion200k_bottoms,90763068,0,90763068_0.jpeg,1,train,true
fashion200k,fashion200k_bottoms,90766196,0,90766196_0.jpeg,1,old_val,false
fashion200k,fashion200k_bottoms,90768911,0,90768911_0.jpeg,1,train,true
fashion200k,fashion200k_bottoms,90768967,0,90768967_0.jpeg,1,train,true
fashion200k,fashion200k_bottoms,90769084,0,90769084_0.jpeg,1,old_val,false
fashion200k,fashion200k_bottoms,90770402,0,90770402_0.jpeg,1,train,true
fashion200k,fashion200k_bottoms,90770595,0,90770595_0.jpeg,1,train,true
fashion200k,fashion200k_bottoms,90771146,0,90771146_0.jpeg,1,old_val,false
fashion200k,fashion200k_bottoms,90771421,0,90771421_0.jpeg,1,train,true
fashion200k,fashion200k_bottoms,90772774,0,90772774_0.jpeg,1,train,true
fashion200k,fashion200k_bottoms,90772910,0,90772910_0.jpeg,1,train,true
fashion200k,fashion200k_bottoms,90773322,0,90773322_0.jpeg,1,train,true
fashion200k,fashion200k_bottoms,90773484,0,90773484_0.jpeg,1,train,true
fashion200k,fashion200k_bottoms,90773946,0,90773946_0.jpeg,1,old_val,false
fashion200k,fashion200k_bottoms,90774669,0,90774669_0.jpeg,1,old_val,false
fashion200k,fashion200k_bottoms,90776612,0,90776612_0.jpeg,1,train,true
fashion200k,fashion200k_bottoms,90777201,0,90777201_0.jpeg,1,train,true
fashion200k,fashion200k_bottoms,90777884,0,90777884_0.jpeg,1,old_val,false
fashion200k,fashion200k_bottoms,90778160,0,90778160_0.jpeg,1,train,true
fashion200k,fashion200k_bottoms,90779129,0,90779129_0.jpeg,1,train,true
fashion200k,fashion200k_bottoms,90779392,0,90779392_0.jpeg,1,train,true
fashion200k,fashion200k_bottoms,90780488,0,90780488_0.jpeg,1,train,true
fashion200k,fashion200k_bottoms,90783154,0,90783154_0.jpeg,1,train,true
fashion200k,fashion200k_bottoms,90784886,0,90784886_0.jpeg,1,train,true
fashion200k,fashion200k_bottoms,90785059,0,90785059_0.jpeg,1,old_val,false
fashion200k,fashion200k_bottoms,90785531,0,90785531_0.jpeg,1,train,true
fashion200k,fashion200k_bottoms,90785597,0,90785597_0.jpeg,1,train,true
fashion200k,fashion200k_bottoms,90786393,0,90786393_0.jpeg,1,train,true
fashion200k,fashion200k_bottoms,90786886,0,90786886_0.jpeg,1,old_val,false
fashion200k,fashion200k_bottoms,90787849,0,90787849_0.jpeg,1,train,true
fashion200k,fashion200k_bottoms,90787888,0,90787888_0.jpeg,1,train,true
fashion200k,fashion200k_bottoms,90788041,0,90788041_0.jpeg,1,train,true
fashion200k,fashion200k_bottoms,90788257,0,90788257_0.jpeg,1,train,true
fashion200k,fashion200k_bottoms,90788542,0,90788542_0.jpeg,1,train,true
fashion200k,fashion200k_bottoms,90789264,0,90789264_0.jpeg,1,train,true
fashion200k,fashion200k_bottoms,90789293,0,90789293_0.jpeg,1,train,true
fashion200k,fashion200k_bottoms,90789614,0,90789614_0.jpeg,1,train,true
fashion200k,fashion200k_bottoms,90789983,0,90789983_0.jpeg,1,train,true
fashion200k,fashion200k_bottoms,90790166,0,90790166_0.jpeg,1,train,true
fashion200k,fashion200k_bottoms,90790462,0,90790462_0.jpeg,1,train,true
fashion200k,fashion200k_bottoms,90790614,0,90790614_0.jpeg,1,old_val,false
fashion200k,fashion200k_bottoms,90790812,0,90790812_0.jpeg,1,train,true
fashion200k,fashion200k_bottoms,90790992,0,90790992_0.jpeg,1,train,true
fashion200k,fashion200k_bottoms,90791343,0,90791343_0.jpeg,1,train,true
fashion200k,fashion200k_bottoms,90792104,0,90792104_0.jpeg,1,train,true
fashion200k,fashion200k_bottoms,90792440,0,90792440_0.jpeg,1,train,true
fashion200k,fashion200k_bottoms,90792775,0,90792775_0.jpeg,1,train,true
fashion200k,fashion200k_bottoms,90793681,0,90793681_0.jpeg,1,train,true
fashion200k,fashion200k_bottoms,90793761,0,90793761_0.jpeg,1,train,true
fashion200k,fashion200k_bottoms,90793945,0,90793945_0.jpeg,1,train,true
fashion200k,fashion200k_bottoms,90794789,0,90794789_0.jpeg,1,train,true
fashion200k,fashion200k_bottoms,90795128,0,90795128_0.jpeg,1,train,true
fashion200k,fashion200k_bottoms,90795444,5,90795444_5.jpeg,1,train,true
fashion200k,fashion200k_bottoms,90795774,0,90795774_0.jpeg,1,train,true
fashion200k,fashion200k_bottoms,90795952,1,90795952_1.jpeg,1,train,true
fashion200k,fashion200k_bottoms,90796309,0,90796309_0.jpeg,1,old_val,false
fashion200k,fashion200k_bottoms,90796551,0,90796551_0.jpeg,1,train,true
fashion200k,fashion200k_bottoms,90796975,0,90796975_0.jpeg,1,train,true
fashion200k,fashion200k_bottoms,90798391,0,90798391_0.jpeg,1,train,true
fashion200k,fashion200k_bottoms,90799373,0,90799373_0.jpeg,1,old_val,false
fashion200k,fashion200k_bottoms,90799455,0,90799455_0.jpeg,1,train,true
fashion200k,fashion200k_bottoms,90799535,0,90799535_0.jpeg,1,train,true
fashion200k,fashion200k_bottoms,90799780,0,90799780_0.jpeg,1,train,true
fashion200k,fashion200k_bottoms,90800204,0,90800204_0.jpeg,1,train,true
fashion200k,fashion200k_bottoms,90801553,0,90801553_0.jpeg,1,train,true
fashion200k,fashion200k_bottoms,90801659,0,90801659_0.jpeg,1,train,true
fashion200k,fashion200k_bottoms,90801702,0,90801702_0.jpeg,1,train,true
fashion200k,fashion200k_bottoms,90801782,0,90801782_0.jpeg,1,train,true
fashion200k,fashion200k_bottoms,90801878,0,90801878_0.jpeg,1,train,true
fashion200k,fashion200k_bottoms,90801949,1,90801949_1.jpeg,1,train,true
fashion200k,fashion200k_bottoms,90802053,0,90802053_0.jpeg,1,train,true
fashion200k,fashion200k_bottoms,90802257,0,90802257_0.jpeg,1,train,true
fashion200k,fashion200k_bottoms,90802581,0,90802581_0.jpeg,1,train,true
fashion200k,fashion200k_bottoms,90802860,0,90802860_0.jpeg,1,train,true
fashion200k,fashion200k_bottoms,90802869,0,90802869_0.jpeg,1,train,true
fashion200k,fashion200k_bottoms,90802970,1,90802970_1.jpeg,1,train,true
fashion200k,fashion200k_bottoms,90803054,1,90803054_1.jpeg,1,train,true
fashion200k,fashion200k_bottoms,90803229,0,90803229_0.jpeg,1,train,true
fashion200k,fashion200k_bottoms,90803456,0,90803456_0.jpeg,1,train,true
fashion200k,fashion200k_bottoms,90803526,0,90803526_0.jpeg,1,train,true
fashion200k,fashion200k_bottoms,90803584,0,90803584_0.jpeg,1,train,true
fashion200k,fashion200k_bottoms,90803615,0,90803615_0.jpeg,1,train,true
fashion200k,fashion200k_bottoms,90803716,0,90803716_0.jpeg,1,train,true
fashion200k,fashion200k_bottoms,90803730,0,90803730_0.jpeg,1,train,true
fashion200k,fashion200k_bottoms,90803849,0,90803849_0.jpeg,1,train,true
fashion200k,fashion200k_bottoms,90803968,0,90803968_0.jpeg,1,train,true
fashion200k,fashion200k_bottoms,90804266,0,90804266_0.jpeg,1,train,true
fashion200k,fashion200k_bottoms,90805208,0,90805208_0.jpeg,1,train,true
fashion200k,fashion200k_bottoms,90807458,0,90807458_0.jpeg,1,train,true
fashion200k,fashion200k_bottoms,90807738,1,90807738_1.jpeg,1,train,true
fashion200k,fashion200k_bottoms,90807786,0,90807786_0.jpeg,1,train,true
fashion200k,fashion200k_bottoms,90807952,0,90807952_0.jpeg,1,train,true
fashion200k,fashion200k_bottoms,90808120,0,90808120_0.jpeg,1,train,true
fashion200k,fashion200k_bottoms,90808548,0,90808548_0.jpeg,1,train,true
fashion200k,fashion200k_bottoms,90808664,0,90808664_0.jpeg,1,train,true
fashion200k,fashion200k_bottoms,90809307,0,90809307_0.jpeg,1,train,true
fashion200k,fashion200k_bottoms,90809410,0,90809410_0.jpeg,1,old_val,false
fashion200k,fashion200k_bottoms,90809670,1,90809670_1.jpeg,1,old_val,false
fashion200k,fashion200k_bottoms,90809677,0,90809677_0.jpeg,1,train,true
fashion200k,fashion200k_bottoms,90810008,0,90810008_0.jpeg,1,train,true
fashion200k,fashion200k_bottoms,90810771,3,90810771_3.jpeg,1,train,true
fashion200k,fashion200k_bottoms,90811196,0,90811196_0.jpeg,1,train,true
fashion200k,fashion200k_bottoms,90812604,1,90812604_1.jpeg,1,train,true
fashion200k,fashion200k_bottoms,90812615,0,90812615_0.jpeg,1,train,true
fashion200k,fashion200k_bottoms,90812785,0,90812785_0.jpeg,1,train,true
fashion200k,fashion200k_bottoms,90812858,0,90812858_0.jpeg,1,old_val,false
fashion200k,fashion200k_bottoms,90813030,0,90813030_0.jpeg,1,train,true
fashion200k,fashion200k_bottoms,90813200,0,90813200_0.jpeg,1,train,true
fashion200k,fashion200k_bottoms,90814436,0,90814436_0.jpeg,1,train,true
fashion200k,fashion200k_bottoms,90814745,1,90814745_1.jpeg,1,train,true
fashion200k,fashion200k_bottoms,90815052,0,90815052_0.jpeg,1,train,true
fashion200k,fashion200k_bottoms,90815140,0,90815140_0.jpeg,1,train,true
fashion200k,fashion200k_bottoms,90815461,0,90815461_0.jpeg,1,train,true
fashion200k,fashion200k_bottoms,90815483,0,90815483_0.jpeg,1,train,true
fashion200k,fashion200k_bottoms,90815582,0,90815582_0.jpeg,1,train,true
fashion200k,fashion200k_bottoms,90815694,0,90815694_0.jpeg,1,train,true
fashion200k,fashion200k_bottoms,90815923,0,90815923_0.jpeg,1,train,true
fashion200k,fashion200k_bottoms,90816075,0,90816075_0.jpeg,1,train,true
fashion200k,fashion200k_bottoms,90816087,0,90816087_0.jpeg,1,train,true
fashion200k,fashion200k_bottoms,90816422,1,90816422_1.jpeg,1,old_val,false
fashion200k,fashion200k_bottoms,90817037,0,90817037_0.jpeg,1,train,true
fashion200k,fashion200k_bottoms,90818833,0,90818833_0.jpeg,1,train,true
fashion200k,fashion200k_bottoms,90819730,0,90819730_0.jpeg,1,train,true
fashion200k,fashion200k_bottoms,90820639,0,90820639_0.jpeg,1,train,true
fashion200k,fashion200k_bottoms,90821695,0,90821695_0.jpeg,1,train,true
fashion200k,fashion200k_bottoms,90822649,0,90822649_0.jpeg,1,train,true
fashion200k,fashion200k_bottoms,90824346,0,90824346_0.jpeg,1,train,true
fashion200k,fashion200k_bottoms,90824364,0,90824364_0.jpeg,1,train,true
fashion200k,fashion200k_bottoms,90824813,0,90824813_0.jpeg,1,train,true
fashion200k,fashion200k_bottoms,90825862,0,90825862_0.jpeg,1,train,true
fashion200k,fashion200k_bottoms,90826549,0,90826549_0.jpeg,1,train,true
fashion200k,fashion200k_bottoms,90826671,0,90826671_0.jpeg,1,train,true
fashion200k,fashion200k_bottoms,90826752,0,90826752_0.jpeg,1,train,true
fashion200k,fashion200k_bottoms,90827246,0,90827246_0.jpeg,1,train,true
fashion200k,fashion200k_bottoms,90827442,0,90827442_0.jpeg,1,old_val,false
fashion200k,fashion200k_bottoms,90827574,0,90827574_0.jpeg,1,old_val,false
fashion200k,fashion200k_bottoms,90828339,0,90828339_0.jpeg,1,train,true
fashion200k,fashion200k_bottoms,90828445,1,90828445_1.jpeg,1,old_val,false
fashion200k,fashion200k_bottoms,90828469,0,90828469_0.jpeg,1,train,true
fashion200k,fashion200k_bottoms,90829030,0,90829030_0.jpeg,1,train,true
fashion200k,fashion200k_bottoms,90829208,0,90829208_0.jpeg,1,old_val,false
fashion200k,fashion200k_bottoms,90829587,0,90829587_0.jpeg,1,train,true
fashion200k,fashion200k_bottoms,90829677,0,90829677_0.jpeg,1,train,true
fashion200k,fashion200k_bottoms,90829796,0,90829796_0.jpeg,1,train,true
fashion200k,fashion200k_bottoms,90830399,1,90830399_1.jpeg,1,train,true
fashion200k,fashion200k_bottoms,90830614,0,90830614_0.jpeg,1,train,true
fashion200k,fashion200k_bottoms,90830926,0,90830926_0.jpeg,1,train,true
fashion200k,fashion200k_bottoms,90830992,0,90830992_0.jpeg,1,train,true
fashion200k,fashion200k_bottoms,90832028,0,90832028_0.jpeg,1,train,true
fashion200k,fashion200k_bottoms,90834925,0,90834925_0.jpeg,1,old_val,false
fashion200k,fashion200k_bottoms,90835009,0,90835009_0.jpeg,1,train,true
fashion200k,fashion200k_bottoms,90835696,0,90835696_0.jpeg,1,train,true
fashion200k,fashion200k_bottoms,90835868,0,90835868_0.jpeg,1,old_val,false
fashion200k,fashion200k_bottoms,90835882,0,90835882_0.jpeg,1,old_val,false
fashion200k,fashion200k_bottoms,90836289,0,90836289_0.jpeg,1,train,true
fashion200k,fashion200k_bottoms,90836447,0,90836447_0.jpeg,1,train,true
fashion200k,fashion200k_bottoms,90836564,0,90836564_0.jpeg,1,train,true
fashion200k,fashion200k_bottoms,90836598,0,90836598_0.jpeg,1,train,true
fashion200k,fashion200k_bottoms,90836802,0,90836802_0.jpeg,1,train,true
fashion200k,fashion200k_bottoms,90836970,0,90836970_0.jpeg,1,old_val,false
fashion200k,fashion200k_bottoms,90838757,0,90838757_0.jpeg,1,train,true
fashion200k,fashion200k_bottoms,90839217,0,90839217_0.jpeg,1,train,true
fashion200k,fashion200k_bottoms,90840254,0,90840254_0.jpeg,1,train,true
fashion200k,fashion200k_bottoms,90840619,0,90840619_0.jpeg,1,train,true
fashion200k,fashion200k_bottoms,90842184,0,90842184_0.jpeg,1,train,true
fashion200k,fashion200k_bottoms,90842668,0,90842668_0.jpeg,1,old_val,false
fashion200k,fashion200k_bottoms,90844023,0,90844023_0.jpeg,1,old_val,false
fashion200k,fashion200k_bottoms,90844100,0,90844100_0.jpeg,1,train,true
fashion200k,fashion200k_bottoms,90844755,0,90844755_0.jpeg,1,train,true
fashion200k,fashion200k_bottoms,90844974,0,90844974_0.jpeg,1,old_val,false
fashion200k,fashion200k_bottoms,90846275,0,90846275_0.jpeg,1,old_val,false
fashion200k,fashion200k_bottoms,90846851,0,90846851_0.jpeg,1,train,true
fashion200k,fashion200k_bottoms,90847441,1,90847441_1.jpeg,1,train,true
fashion200k,fashion200k_bottoms,90847454,0,90847454_0.jpeg,1,old_val,false
fashion200k,fashion200k_bottoms,90847927,0,90847927_0.jpeg,1,old_val,false
fashion200k,fashion200k_bottoms,90848485,0,90848485_0.jpeg,1,train,true
fashion200k,fashion200k_bottoms,90848773,0,90848773_0.jpeg,1,train,true
fashion200k,fashion200k_bottoms,90848894,0,90848894_0.jpeg,1,train,true
fashion200k,fashion200k_bottoms,90849490,1,90849490_1.jpeg,1,train,true
fashion200k,fashion200k_bottoms,90850048,0,90850048_0.jpeg,1,train,true
fashion200k,fashion200k_bottoms,90850364,0,90850364_0.jpeg,1,old_val,false
fashion200k,fashion200k_bottoms,90850554,0,90850554_0.jpeg,1,train,true
fashion200k,fashion200k_bottoms,90851042,0,90851042_0.jpeg,1,old_val,false
fashion200k,fashion200k_bottoms,90851509,0,90851509_0.jpeg,1,train,true
fashion200k,fashion200k_bottoms,90852360,0,90852360_0.jpeg,1,train,true
fashion200k,fashion200k_bottoms,90853594,0,90853594_0.jpeg,1,train,true
fashion200k,fashion200k_bottoms,90854045,0,90854045_0.jpeg,1,train,true
fashion200k,fashion200k_bottoms,90854736,0,90854736_0.jpeg,1,train,true
fashion200k,fashion200k_bottoms,90855741,0,90855741_0.jpeg,1,train,true
fashion200k,fashion200k_bottoms,90856610,0,90856610_0.jpeg,1,train,true
fashion200k,fashion200k_bottoms,90856983,0,90856983_0.jpeg,1,train,true
fashion200k,fashion200k_bottoms,90860123,0,90860123_0.jpeg,1,train,true
fashion200k,fashion200k_bottoms,90860554,0,90860554_0.jpeg,1,old_val,false
fashion200k,fashion200k_bottoms,90860807,0,90860807_0.jpeg,1,train,true
fashion200k,fashion200k_bottoms,90861280,0,90861280_0.jpeg,1,train,true
fashion200k,fashion200k_bottoms,90861731,0,90861731_0.jpeg,1,old_val,false
fashion200k,fashion200k_bottoms,90861939,0,90861939_0.jpeg,1,train,true
fashion200k,fashion200k_bottoms,90862320,0,90862320_0.jpeg,1,train,true
fashion200k,fashion200k_bottoms,90862504,0,90862504_0.jpeg,1,train,true
fashion200k,fashion200k_bottoms,90862552,0,90862552_0.jpeg,1,train,true
fashion200k,fashion200k_bottoms,90862655,0,90862655_0.jpeg,1,old_val,false
fashion200k,fashion200k_bottoms,90863575,0,90863575_0.jpeg,1,train,true
fashion200k,fashion200k_bottoms,90864355,0,90864355_0.jpeg,1,train,true
fashion200k,fashion200k_bottoms,90865525,1,90865525_1.jpeg,1,train,true
fashion200k,fashion200k_bottoms,90865913,0,90865913_0.jpeg,1,train,true
fashion200k,fashion200k_bottoms,90867330,0,90867330_0.jpeg,1,train,true
fashion200k,fashion200k_bottoms,90867858,0,90867858_0.jpeg,1,train,true
fashion200k,fashion200k_bottoms,90869320,0,90869320_0.jpeg,1,train,true
fashion200k,fashion200k_bottoms,90869540,0,90869540_0.jpeg,1,train,true
fashion200k,fashion200k_bottoms,90869661,0,90869661_0.jpeg,1,train,true
fashion200k,fashion200k_bottoms,90870721,0,90870721_0.jpeg,1,train,true
fashion200k,fashion200k_bottoms,90871881,0,90871881_0.jpeg,1,old_val,false
fashion200k,fashion200k_bottoms,90872041,0,90872041_0.jpeg,1,old_val,false
fashion200k,fashion200k_bottoms,90872086,0,90872086_0.jpeg,1,train,true
fashion200k,fashion200k_bottoms,90872850,0,90872850_0.jpeg,1,old_val,false
fashion200k,fashion200k_bottoms,90872991,0,90872991_0.jpeg,1,train,true
fashion200k,fashion200k_bottoms,90873044,0,90873044_0.jpeg,1,train,true
fashion200k,fashion200k_bottoms,90873073,0,90873073_0.jpeg,1,train,true
fashion200k,fashion200k_bottoms,90873542,0,90873542_0.jpeg,1,old_val,false
fashion200k,fashion200k_bottoms,90874055,0,90874055_0.jpeg,1,train,true
fashion200k,fashion200k_bottoms,90874087,1,90874087_1.jpeg,1,train,true
fashion200k,fashion200k_bottoms,90874571,0,90874571_0.jpeg,1,train,true
fashion200k,fashion200k_bottoms,90874745,0,90874745_0.jpeg,1,train,true
fashion200k,fashion200k_bottoms,90874785,0,90874785_0.jpeg,1,train,true
fashion200k,fashion200k_bottoms,90874792,0,90874792_0.jpeg,1,train,true
fashion200k,fashion200k_bottoms,90874994,3,90874994_3.jpeg,1,train,true
fashion200k,fashion200k_bottoms,90875354,0,90875354_0.jpeg,1,old_val,false
fashion200k,fashion200k_bottoms,90876171,0,90876171_0.jpeg,1,train,true
fashion200k,fashion200k_bottoms,90876555,0,90876555_0.jpeg,1,train,true
fashion200k,fashion200k_bottoms,90877375,0,90877375_0.jpeg,1,old_val,false
fashion200k,fashion200k_bottoms,90878515,0,90878515_0.jpeg,1,train,true
fashion200k,fashion200k_bottoms,90878589,0,90878589_0.jpeg,1,train,true
fashion200k,fashion200k_bottoms,90878877,0,90878877_0.jpeg,1,train,true
fashion200k,fashion200k_bottoms,90879082,0,90879082_0.jpeg,1,train,true
fashion200k,fashion200k_bottoms,90879098,0,90879098_0.jpeg,1,train,true
fashion200k,fashion200k_bottoms,90879102,0,90879102_0.jpeg,1,old_val,false
fashion200k,fashion200k_bottoms,90879660,0,90879660_0.jpeg,1,train,true
fashion200k,fashion200k_bottoms,90879857,0,90879857_0.jpeg,1,train,true
fashion200k,fashion200k_bottoms,90880109,0,90880109_0.jpeg,1,train,true
fashion200k,fashion200k_bottoms,90880654,0,90880654_0.jpeg,1,train,true
fashion200k,fashion200k_bottoms,90881292,0,90881292_0.jpeg,1,train,true
fashion200k,fashion200k_bottoms,90881878,0,90881878_0.jpeg,1,train,true
fashion200k,fashion200k_bottoms,90881997,0,90881997_0.jpeg,1,old_val,false
fashion200k,fashion200k_bottoms,90882216,0,90882216_0.jpeg,1,old_val,false
fashion200k,fashion200k_bottoms,90882498,0,90882498_0.jpeg,1,train,true
fashion200k,fashion200k_bottoms,90882750,0,90882750_0.jpeg,1,train,true
fashion200k,fashion200k_bottoms,90883703,0,90883703_0.jpeg,1,train,true
fashion200k,fashion200k_bottoms,90884055,0,90884055_0.jpeg,1,train,true
fashion200k,fashion200k_bottoms,90884376,0,90884376_0.jpeg,1,train,true
fashion200k,fashion200k_bottoms,90884928,0,90884928_0.jpeg,1,train,true
fashion200k,fashion200k_bottoms,90885576,0,90885576_0.jpeg,1,old_val,false
fashion200k,fashion200k_bottoms,90887801,0,90887801_0.jpeg,1,train,true
fashion200k,fashion200k_bottoms,90888792,0,90888792_0.jpeg,1,train,true
fashion200k,fashion200k_bottoms,90890690,0,90890690_0.jpeg,1,train,true
fashion200k,fashion200k_bottoms,90891233,0,90891233_0.jpeg,1,old_val,false
fashion200k,fashion200k_bottoms,90892908,0,90892908_0.jpeg,1,train,true
fashion200k,fashion200k_bottoms,90893720,0,90893720_0.jpeg,1,train,true
fashion200k,fashion200k_bottoms,90894242,0,90894242_0.jpeg,1,train,true
fashion200k,fashion200k_bottoms,90894609,0,90894609_0.jpeg,1,train,true
fashion200k,fashion200k_bottoms,90894729,1,90894729_1.jpeg,1,train,true
fashion200k,fashion200k_bottoms,90894999,0,90894999_0.jpeg,1,train,true
fashion200k,fashion200k_bottoms,90895622,0,90895622_0.jpeg,1,old_val,false
fashion200k,fashion200k_bottoms,90896086,0,90896086_0.jpeg,1,train,true
fashion200k,fashion200k_bottoms,90896223,0,90896223_0.jpeg,1,train,true
fashion200k,fashion200k_bottoms,90897423,0,90897423_0.jpeg,1,old_val,false
fashion200k,fashion200k_bottoms,90901258,0,90901258_0.jpeg,1,train,true
fashion200k,fashion200k_bottoms,90902045,0,90902045_0.jpeg,1,train,true
fashion200k,fashion200k_bottoms,90902189,0,90902189_0.jpeg,1,train,true
fashion200k,fashion200k_bottoms,90902244,0,90902244_0.jpeg,1,train,true
fashion200k,fashion200k_bottoms,90904077,0,90904077_0.jpeg,1,train,true
fashion200k,fashion200k_bottoms,90904248,0,90904248_0.jpeg,1,train,true
fashion200k,fashion200k_bottoms,90904404,0,90904404_0.jpeg,1,old_val,false
fashion200k,fashion200k_bottoms,90904946,1,90904946_1.jpeg,1,train,true
fashion200k,fashion200k_bottoms,90905113,0,90905113_0.jpeg,1,train,true
fashion200k,fashion200k_bottoms,90905295,0,90905295_0.jpeg,1,train,true
fashion200k,fashion200k_bottoms,90906207,0,90906207_0.jpeg,1,train,true
fashion200k,fashion200k_bottoms,90906650,0,90906650_0.jpeg,1,train,true
fashion200k,fashion200k_bottoms,90907175,0,90907175_0.jpeg,1,train,true
fashion200k,fashion200k_bottoms,90907279,0,90907279_0.jpeg,1,train,true
fashion200k,fashion200k_bottoms,90907409,0,90907409_0.jpeg,1,train,true
fashion200k,fashion200k_bottoms,90907636,0,90907636_0.jpeg,1,old_val,false
fashion200k,fashion200k_bottoms,90907771,1,90907771_1.jpeg,1,train,true
fashion200k,fashion200k_bottoms,90907789,0,90907789_0.jpeg,1,train,true
fashion200k,fashion200k_bottoms,90907837,0,90907837_0.jpeg,1,train,true
fashion200k,fashion200k_bottoms,90908320,0,90908320_0.jpeg,1,train,true
fashion200k,fashion200k_bottoms,90908582,0,90908582_0.jpeg,1,old_val,false
fashion200k,fashion200k_bottoms,90909437,0,90909437_0.jpeg,1,train,true
fashion200k,fashion200k_bottoms,90909769,1,90909769_1.jpeg,1,train,true
fashion200k,fashion200k_bottoms,90912301,1,90912301_1.jpeg,1,train,true
fashion200k,fashion200k_bottoms,90912707,0,90912707_0.jpeg,1,train,true
fashion200k,fashion200k_bottoms,90912748,0,90912748_0.jpeg,1,train,true
fashion200k,fashion200k_bottoms,90912864,0,90912864_0.jpeg,1,train,true
fashion200k,fashion200k_bottoms,90913086,0,90913086_0.jpeg,1,old_val,false
fashion200k,fashion200k_bottoms,90913244,0,90913244_0.jpeg,1,train,true
fashion200k,fashion200k_bottoms,90913553,0,90913553_0.jpeg,1,train,true
fashion200k,fashion200k_bottoms,90913731,0,90913731_0.jpeg,1,old_val,false
fashion200k,fashion200k_bottoms,90915383,1,90915383_1.jpeg,1,train,true
fashion200k,fashion200k_bottoms,90915402,1,90915402_1.jpeg,1,train,true
fashion200k,fashion200k_bottoms,90917483,0,90917483_0.jpeg,1,train,true
fashion200k,fashion200k_bottoms,90917553,0,90917553_0.jpeg,1,train,true
fashion200k,fashion200k_bottoms,90918573,0,90918573_0.jpeg,1,train,true
fashion200k,fashion200k_bottoms,90918704,0,90918704_0.jpeg,1,train,true
fashion200k,fashion200k_bottoms,90918729,0,90918729_0.jpeg,1,train,true
fashion200k,fashion200k_bottoms,90918834,0,90918834_0.jpeg,1,train,true
fashion200k,fashion200k_bottoms,90919995,0,90919995_0.jpeg,1,train,true
fashion200k,fashion200k_bottoms,90920389,0,90920389_0.jpeg,1,train,true
fashion200k,fashion200k_bottoms,90920673,0,90920673_0.jpeg,1,old_val,false
fashion200k,fashion200k_bottoms,90921518,0,90921518_0.jpeg,1,old_val,false
fashion200k,fashion200k_bottoms,90921772,0,90921772_0.jpeg,1,train,true
fashion200k,fashion200k_bottoms,90922405,0,90922405_0.jpeg,1,train,true
fashion200k,fashion200k_bottoms,90923305,0,90923305_0.jpeg,1,train,true
fashion200k,fashion200k_bottoms,90924288,0,90924288_0.jpeg,1,train,true
fashion200k,fashion200k_bottoms,90925278,0,90925278_0.jpeg,1,old_val,false
fashion200k,fashion200k_bottoms,90925486,1,90925486_1.jpeg,1,train,true
fashion200k,fashion200k_bottoms,90925832,0,90925832_0.jpeg,1,train,true
fashion200k,fashion200k_bottoms,90926242,0,90926242_0.jpeg,1,train,true
fashion200k,fashion200k_bottoms,90926495,0,90926495_0.jpeg,1,train,true
fashion200k,fashion200k_bottoms,90926578,2,90926578_2.jpeg,1,train,true
fashion200k,fashion200k_bottoms,90926884,0,90926884_0.jpeg,1,train,true
fashion200k,fashion200k_bottoms,90926918,1,90926918_1.jpeg,1,train,true
fashion200k,fashion200k_bottoms,90928134,0,90928134_0.jpeg,1,old_val,false
fashion200k,fashion200k_bottoms,90928249,0,90928249_0.jpeg,1,train,true
fashion200k,fashion200k_bottoms,90928255,0,90928255_0.jpeg,1,train,true
fashion200k,fashion200k_bottoms,90928468,0,90928468_0.jpeg,1,train,true
fashion200k,fashion200k_bottoms,90928781,0,90928781_0.jpeg,1,train,true
fashion200k,fashion200k_bottoms,90928828,0,90928828_0.jpeg,1,train,true
fashion200k,fashion200k_bottoms,90928970,0,90928970_0.jpeg,1,train,true
fashion200k,fashion200k_bottoms,90929060,0,90929060_0.jpeg,1,old_val,false
fashion200k,fashion200k_bottoms,90929451,0,90929451_0.jpeg,1,train,true
fashion200k,fashion200k_bottoms,90931903,0,90931903_0.jpeg,1,train,true
fashion200k,fashion200k_bottoms,90932351,0,90932351_0.jpeg,1,train,true
fashion200k,fashion200k_bottoms,90933068,0,90933068_0.jpeg,1,old_val,false
fashion200k,fashion200k_bottoms,90934714,0,90934714_0.jpeg,1,train,true
fashion200k,fashion200k_bottoms,90937940,3,90937940_3.jpeg,1,train,true
fashion200k,fashion200k_bottoms,90938157,0,90938157_0.jpeg,1,train,true
fashion200k,fashion200k_bottoms,90946778,0,90946778_0.jpeg,1,train,true
fashion200k,fashion200k_bottoms,90947644,0,90947644_0.jpeg,1,train,true
fashion200k,fashion200k_bottoms,90948769,0,90948769_0.jpeg,1,old_val,false
fashion200k,fashion200k_bottoms,90949230,0,90949230_0.jpeg,1,train,true
fashion200k,fashion200k_bottoms,90949884,0,90949884_0.jpeg,1,train,true
fashion200k,fashion200k_bottoms,90949998,0,90949998_0.jpeg,1,old_val,false
fashion200k,fashion200k_bottoms,90950378,0,90950378_0.jpeg,1,train,true
fashion200k,fashion200k_bottoms,90951534,0,90951534_0.jpeg,1,train,true
fashion200k,fashion200k_bottoms,90952344,0,90952344_0.jpeg,1,train,true
fashion200k,fashion200k_bottoms,90952586,1,90952586_1.jpeg,1,train,true
fashion200k,fashion200k_bottoms,90952593,0,90952593_0.jpeg,1,old_val,false
fashion200k,fashion200k_bottoms,90953078,0,90953078_0.jpeg,1,train,true
fashion200k,fashion200k_bottoms,90953134,0,90953134_0.jpeg,1,train,true
fashion200k,fashion200k_bottoms,90953135,0,90953135_0.jpeg,1,train,true
fashion200k,fashion200k_bottoms,90953752,0,90953752_0.jpeg,1,train,true
fashion200k,fashion200k_bottoms,90954770,0,90954770_0.jpeg,1,train,true
fashion200k,fashion200k_bottoms,90955273,1,90955273_1.jpeg,1,train,true
fashion200k,fashion200k_bottoms,90955810,0,90955810_0.jpeg,1,old_val,false
fashion200k,fashion200k_bottoms,90955938,0,90955938_0.jpeg,1,train,true
fashion200k,fashion200k_bottoms,90956133,0,90956133_0.jpeg,1,train,true
fashion200k,fashion200k_bottoms,90956635,0,90956635_0.jpeg,1,old_val,false
fashion200k,fashion200k_bottoms,90956859,0,90956859_0.jpeg,1,train,true
fashion200k,fashion200k_bottoms,90957112,0,90957112_0.jpeg,1,train,true
fashion200k,fashion200k_bottoms,90957229,0,90957229_0.jpeg,1,train,true
fashion200k,fashion200k_bottoms,90957768,0,90957768_0.jpeg,1,train,true
fashion200k,fashion200k_bottoms,90958599,0,90958599_0.jpeg,1,train,true
fashion200k,fashion200k_bottoms,90958857,0,90958857_0.jpeg,1,train,true
fashion200k,fashion200k_bottoms,90958920,1,90958920_1.jpeg,1,old_val,false
fashion200k,fashion200k_bottoms,90958987,0,90958987_0.jpeg,1,old_val,false
fashion200k,fashion200k_bottoms,90959096,0,90959096_0.jpeg,1,train,true
fashion200k,fashion200k_bottoms,90959617,0,90959617_0.jpeg,1,train,true
fashion200k,fashion200k_bottoms,90960286,1,90960286_1.jpeg,1,train,true
fashion200k,fashion200k_bottoms,90960301,0,90960301_0.jpeg,1,train,true
fashion200k,fashion200k_bottoms,90960919,0,90960919_0.jpeg,1,train,true
fashion200k,fashion200k_bottoms,90961107,0,90961107_0.jpeg,1,old_val,false
fashion200k,fashion200k_bottoms,90961487,1,90961487_1.jpeg,1,train,true
fashion200k,fashion200k_bottoms,90962786,0,90962786_0.jpeg,1,old_val,false
fashion200k,fashion200k_bottoms,90962950,0,90962950_0.jpeg,1,train,true
fashion200k,fashion200k_bottoms,90963943,0,90963943_0.jpeg,1,train,true
fashion200k,fashion200k_bottoms,90964324,0,90964324_0.jpeg,1,train,true
fashion200k,fashion200k_bottoms,90964530,1,90964530_1.jpeg,1,train,true
fashion200k,fashion200k_bottoms,90965717,0,90965717_0.jpeg,1,train,true
fashion200k,fashion200k_bottoms,90966151,0,90966151_0.jpeg,1,train,true
fashion200k,fashion200k_bottoms,90968687,0,90968687_0.jpeg,1,train,true
fashion200k,fashion200k_bottoms,90969539,1,90969539_1.jpeg,1,old_val,false
fashion200k,fashion200k_bottoms,90969626,0,90969626_0.jpeg,1,old_val,false
fashion200k,fashion200k_bottoms,90969946,0,90969946_0.jpeg,1,train,true
fashion200k,fashion200k_bottoms,90970608,0,90970608_0.jpeg,1,train,true
fashion200k,fashion200k_bottoms,90970612,1,90970612_1.jpeg,1,train,true
fashion200k,fashion200k_bottoms,90970645,0,90970645_0.jpeg,1,train,true
fashion200k,fashion200k_bottoms,90971216,0,90971216_0.jpeg,1,train,true
fashion200k,fashion200k_bottoms,90971700,0,90971700_0.jpeg,1,train,true
fashion200k,fashion200k_bottoms,90971837,0,90971837_0.jpeg,1,train,true
fashion200k,fashion200k_bottoms,90971914,1,90971914_1.jpeg,1,train,true
fashion200k,fashion200k_bottoms,90972553,0,90972553_0.jpeg,1,train,true
fashion200k,fashion200k_bottoms,90973095,0,90973095_0.jpeg,1,train,true
fashion200k,fashion200k_bottoms,90973642,0,90973642_0.jpeg,1,train,true
fashion200k,fashion200k_bottoms,90973750,0,90973750_0.jpeg,1,old_val,false
fashion200k,fashion200k_bottoms,90974005,0,90974005_0.jpeg,1,train,true
fashion200k,fashion200k_bottoms,90975800,0,90975800_0.jpeg,1,old_val,false
fashion200k,fashion200k_bottoms,90976344,2,90976344_2.jpeg,1,train,true
fashion200k,fashion200k_bottoms,90977243,0,90977243_0.jpeg,1,train,true
fashion200k,fashion200k_bottoms,90977480,0,90977480_0.jpeg,1,train,true
fashion200k,fashion200k_bottoms,90978965,1,90978965_1.jpeg,1,train,true
fashion200k,fashion200k_bottoms,90979854,0,90979854_0.jpeg,1,train,true
fashion200k,fashion200k_bottoms,90982033,3,90982033_3.jpeg,1,old_val,false
fashion200k,fashion200k_bottoms,90982110,0,90982110_0.jpeg,1,old_val,false
fashion200k,fashion200k_bottoms,90982683,0,90982683_0.jpeg,1,old_val,false
fashion200k,fashion200k_bottoms,90983180,0,90983180_0.jpeg,1,train,true
fashion200k,fashion200k_bottoms,90983316,0,90983316_0.jpeg,1,train,true
fashion200k,fashion200k_bottoms,90983724,1,90983724_1.jpeg,1,old_val,false
fashion200k,fashion200k_bottoms,90984019,0,90984019_0.jpeg,1,train,true
fashion200k,fashion200k_bottoms,90985357,0,90985357_0.jpeg,1,train,true
fashion200k,fashion200k_bottoms,90985429,0,90985429_0.jpeg,1,old_val,false
fashion200k,fashion200k_bottoms,90985719,0,90985719_0.jpeg,1,train,true
fashion200k,fashion200k_bottoms,90986215,0,90986215_0.jpeg,1,train,true
fashion200k,fashion200k_bottoms,90987169,0,90987169_0.jpeg,1,train,true
fashion200k,fashion200k_bottoms,90987260,0,90987260_0.jpeg,1,train,true
fashion200k,fashion200k_bottoms,90987312,0,90987312_0.jpeg,1,old_val,false
fashion200k,fashion200k_bottoms,90987802,0,90987802_0.jpeg,1,train,true
fashion200k,fashion200k_bottoms,90988672,0,90988672_0.jpeg,1,old_val,false
fashion200k,fashion200k_bottoms,90988796,0,90988796_0.jpeg,1,old_val,false
fashion200k,fashion200k_bottoms,90989832,0,90989832_0.jpeg,1,train,true
fashion200k,fashion200k_bottoms,90990470,0,90990470_0.jpeg,1,old_val,false
fashion200k,fashion200k_bottoms,90990597,0,90990597_0.jpeg,1,train,true
fashion200k,fashion200k_bottoms,90991462,0,90991462_0.jpeg,1,train,true
fashion200k,fashion200k_bottoms,90991512,0,90991512_0.jpeg,1,train,true
fashion200k,fashion200k_bottoms,90991929,0,90991929_0.jpeg,1,train,true
fashion200k,fashion200k_bottoms,90992119,0,90992119_0.jpeg,1,train,true
fashion200k,fashion200k_bottoms,90992651,0,90992651_0.jpeg,1,old_val,false
fashion200k,fashion200k_bottoms,90993211,0,90993211_0.jpeg,1,train,true
fashion200k,fashion200k_bottoms,90993486,0,90993486_0.jpeg,1,train,true
fashion200k,fashion200k_bottoms,90994255,0,90994255_0.jpeg,1,train,true
fashion200k,fashion200k_bottoms,90994374,0,90994374_0.jpeg,1,train,true
fashion200k,fashion200k_bottoms,90995705,0,90995705_0.jpeg,1,train,true
fashion200k,fashion200k_bottoms,90996117,0,90996117_0.jpeg,1,train,true
fashion200k,fashion200k_bottoms,90996210,0,90996210_0.jpeg,1,old_val,false
fashion200k,fashion200k_bottoms,90996311,0,90996311_0.jpeg,1,old_val,false
fashion200k,fashion200k_bottoms,90996458,0,90996458_0.jpeg,1,train,true
fashion200k,fashion200k_bottoms,90996464,0,90996464_0.jpeg,1,old_val,false
fashion200k,fashion200k_bottoms,90996651,0,90996651_0.jpeg,1,train,true
fashion200k,fashion200k_bottoms,90997676,0,90997676_0.jpeg,1,old_val,false
fashion200k,fashion200k_bottoms,90997822,0,90997822_0.jpeg,1,train,true
fashion200k,fashion200k_bottoms,90997887,0,90997887_0.jpeg,1,train,true
fashion200k,fashion200k_bottoms,90997922,0,90997922_0.jpeg,1,old_val,false
fashion200k,fashion200k_bottoms,90998477,0,90998477_0.jpeg,1,train,true
fashion200k,fashion200k_bottoms,90998513,0,90998513_0.jpeg,1,train,true
fashion200k,fashion200k_bottoms,90999162,0,90999162_0.jpeg,1,old_val,false
fashion200k,fashion200k_bottoms,90999227,0,90999227_0.jpeg,1,train,true
fashion200k,fashion200k_bottoms,90999637,0,90999637_0.jpeg,1,train,true
fashion200k,fashion200k_bottoms,91000327,0,91000327_0.jpeg,1,old_val,false
fashion200k,fashion200k_bottoms,91000693,0,91000693_0.jpeg,1,train,true
fashion200k,fashion200k_bottoms,91001176,0,91001176_0.jpeg,1,train,true
fashion200k,fashion200k_bottoms,91001700,0,91001700_0.jpeg,1,train,true
fashion200k,fashion200k_bottoms,91001702,0,91001702_0.jpeg,1,train,true
fashion200k,fashion200k_bottoms,91001844,0,91001844_0.jpeg,1,train,true
fashion200k,fashion200k_bottoms,91001927,0,91001927_0.jpeg,1,train,true
fashion200k,fashion200k_bottoms,91002079,0,91002079_0.jpeg,1,train,true
fashion200k,fashion200k_bottoms,91002213,0,91002213_0.jpeg,1,train,true
fashion200k,fashion200k_bottoms,91002967,0,91002967_0.jpeg,1,train,true
fashion200k,fashion200k_bottoms,91006650,0,91006650_0.jpeg,1,train,true
fashion200k,fashion200k_bottoms,91006974,0,91006974_0.jpeg,1,train,true
fashion200k,fashion200k_bottoms,91006992,0,91006992_0.jpeg,1,train,true
fashion200k,fashion200k_bottoms,91010718,0,91010718_0.jpeg,1,train,true
fashion200k,fashion200k_bottoms,91010939,0,91010939_0.jpeg,1,train,true
fashion200k,fashion200k_bottoms,91011911,0,91011911_0.jpeg,1,train,true
fashion200k,fashion200k_bottoms,91011954,0,91011954_0.jpeg,1,train,true
fashion200k,fashion200k_bottoms,91012414,1,91012414_1.jpeg,1,train,true
fashion200k,fashion200k_bottoms,91013191,0,91013191_0.jpeg,1,train,true
fashion200k,fashion200k_bottoms,91014723,0,91014723_0.jpeg,1,train,true
fashion200k,fashion200k_bottoms,91014764,0,91014764_0.jpeg,1,train,true
fashion200k,fashion200k_bottoms,91016189,0,91016189_0.jpeg,1,train,true
fashion200k,fashion200k_bottoms,91016870,0,91016870_0.jpeg,1,old_val,false
fashion200k,fashion200k_bottoms,91017006,0,91017006_0.jpeg,1,train,true
fashion200k,fashion200k_bottoms,91017399,0,91017399_0.jpeg,1,train,true
fashion200k,fashion200k_bottoms,91017406,0,91017406_0.jpeg,1,train,true
fashion200k,fashion200k_bottoms,91017442,0,91017442_0.jpeg,1,train,true
fashion200k,fashion200k_bottoms,91017773,0,91017773_0.jpeg,1,train,true
fashion200k,fashion200k_bottoms,91017833,0,91017833_0.jpeg,1,train,true
fashion200k,fashion200k_bottoms,91017838,0,91017838_0.jpeg,1,train,true
fashion200k,fashion200k_bottoms,91017892,0,91017892_0.jpeg,1,train,true
fashion200k,fashion200k_bottoms,91019289,0,91019289_0.jpeg,1,train,true
fashion200k,fashion200k_bottoms,91020499,0,91020499_0.jpeg,1,train,true
fashion200k,fashion200k_bottoms,91021615,0,91021615_0.jpeg,1,old_val,false
fashion200k,fashion200k_bottoms,91024084,0,91024084_0.jpeg,1,train,true
fashion200k,fashion200k_bottoms,91024688,2,91024688_2.jpeg,1,train,true
fashion200k,fashion200k_bottoms,91025726,0,91025726_0.jpeg,1,train,true
fashion200k,fashion200k_bottoms,91031326,2,91031326_2.jpeg,1,train,true
fashion200k,fashion200k_bottoms,91031617,0,91031617_0.jpeg,1,old_val,false
fashion200k,fashion200k_bottoms,91032764,0,91032764_0.jpeg,1,train,true
fashion200k,fashion200k_bottoms,91033233,0,91033233_0.jpeg,1,train,true
fashion200k,fashion200k_bottoms,91033416,0,91033416_0.jpeg,1,train,true
fashion200k,fashion200k_bottoms,91034322,1,91034322_1.jpeg,1,train,true
fashion200k,fashion200k_bottoms,91034920,0,91034920_0.jpeg,1,train,true
fashion200k,fashion200k_bottoms,91036299,0,91036299_0.jpeg,1,train,true
fashion200k,fashion200k_bottoms,91037194,0,91037194_0.jpeg,1,old_val,false
fashion200k,fashion200k_bottoms,91037851,0,91037851_0.jpeg,1,train,true
fashion200k,fashion200k_bottoms,91038114,0,91038114_0.jpeg,1,train,true
fashion200k,fashion200k_bottoms,91039088,0,91039088_0.jpeg,1,old_val,false
fashion200k,fashion200k_bottoms,91039258,0,91039258_0.jpeg,1,train,true
fashion200k,fashion200k_bottoms,91039782,0,91039782_0.jpeg,1,train,true
fashion200k,fashion200k_bottoms,91040056,0,91040056_0.jpeg,1,train,true
fashion200k,fashion200k_bottoms,91043208,0,91043208_0.jpeg,1,train,true
fashion200k,fashion200k_bottoms,91043288,0,91043288_0.jpeg,1,old_val,false
fashion200k,fashion200k_bottoms,91043444,0,91043444_0.jpeg,1,train,true
fashion200k,fashion200k_bottoms,91044685,0,91044685_0.jpeg,1,train,true
fashion200k,fashion200k_bottoms,91044722,1,91044722_1.jpeg,1,train,true
fashion200k,fashion200k_bottoms,91046262,1,91046262_1.jpeg,1,train,true
fashion200k,fashion200k_bottoms,91047870,0,91047870_0.jpeg,1,train,true
fashion200k,fashion200k_bottoms,91050112,0,91050112_0.jpeg,1,train,true
fashion200k,fashion200k_bottoms,91053017,0,91053017_0.jpeg,1,train,true
fashion200k,fashion200k_bottoms,91053559,0,91053559_0.jpeg,1,train,true
fashion200k,fashion200k_bottoms,91055269,0,91055269_0.jpeg,1,train,true
fashion200k,fashion200k_bottoms,91055883,0,91055883_0.jpeg,1,old_val,false
fashion200k,fashion200k_bottoms,91058764,0,91058764_0.jpeg,1,train,true
fashion200k,fashion200k_bottoms,91059868,0,91059868_0.jpeg,1,train,true
fashion200k,fashion200k_bottoms,91061048,0,91061048_0.jpeg,1,train,true
fashion200k,fashion200k_bottoms,91061244,0,91061244_0.jpeg,1,train,true
fashion200k,fashion200k_bottoms,91061618,0,91061618_0.jpeg,1,train,true
fashion200k,fashion200k_bottoms,91062147,0,91062147_0.jpeg,1,train,true
fashion200k,fashion200k_bottoms,91063824,0,91063824_0.jpeg,1,train,true
fashion200k,fashion200k_bottoms,91064591,0,91064591_0.jpeg,1,train,true
fashion200k,fashion200k_bottoms,91065629,0,91065629_0.jpeg,1,train,true
fashion200k,fashion200k_bottoms,91066607,0,91066607_0.jpeg,1,train,true
fashion200k,fashion200k_bottoms,91066723,0,91066723_0.jpeg,1,train,true
fashion200k,fashion200k_bottoms,91066735,0,91066735_0.jpeg,1,train,true
fashion200k,fashion200k_bottoms,91066889,0,91066889_0.jpeg,1,train,true
fashion200k,fashion200k_bottoms,91067186,1,91067186_1.jpeg,1,train,true
fashion200k,fashion200k_bottoms,91067253,0,91067253_0.jpeg,1,old_val,false
fashion200k,fashion200k_bottoms,91067576,0,91067576_0.jpeg,1,train,true
fashion200k,fashion200k_bottoms,91068667,0,91068667_0.jpeg,1,old_val,false
fashion200k,fashion200k_bottoms,91068684,0,91068684_0.jpeg,1,train,true
fashion200k,fashion200k_bottoms,91069576,0,91069576_0.jpeg,1,train,true
fashion200k,fashion200k_bottoms,91070396,0,91070396_0.jpeg,1,train,true
fashion200k,fashion200k_bottoms,91070541,0,91070541_0.jpeg,1,train,true
fashion200k,fashion200k_bottoms,91070740,0,91070740_0.jpeg,1,old_val,false
fashion200k,fashion200k_bottoms,91070815,0,91070815_0.jpeg,1,train,true
fashion200k,fashion200k_bottoms,91071042,0,91071042_0.jpeg,1,old_val,false
fashion200k,fashion200k_bottoms,91072083,0,91072083_0.jpeg,1,train,true
fashion200k,fashion200k_bottoms,91073147,0,91073147_0.jpeg,1,train,true
fashion200k,fashion200k_bottoms,91073242,1,91073242_1.jpeg,1,train,true
fashion200k,fashion200k_bottoms,91073462,0,91073462_0.jpeg,1,train,true
fashion200k,fashion200k_bottoms,91073849,2,91073849_2.jpeg,1,train,true
fashion200k,fashion200k_bottoms,91075241,0,91075241_0.jpeg,1,train,true
fashion200k,fashion200k_bottoms,91075850,0,91075850_0.jpeg,1,train,true
fashion200k,fashion200k_bottoms,91076519,1,91076519_1.jpeg,1,train,true
fashion200k,fashion200k_bottoms,91076873,0,91076873_0.jpeg,1,train,true
fashion200k,fashion200k_bottoms,91077368,0,91077368_0.jpeg,1,train,true
fashion200k,fashion200k_bottoms,91077571,0,91077571_0.jpeg,1,old_val,false
fashion200k,fashion200k_bottoms,91077921,0,91077921_0.jpeg,1,train,true
fashion200k,fashion200k_bottoms,91077955,0,91077955_0.jpeg,1,train,true
fashion200k,fashion200k_bottoms,91078122,0,91078122_0.jpeg,1,train,true
fashion200k,fashion200k_bottoms,91078279,0,91078279_0.jpeg,1,train,true
fashion200k,fashion200k_bottoms,91079343,0,91079343_0.jpeg,1,train,true
fashion200k,fashion200k_bottoms,91079404,0,91079404_0.jpeg,1,train,true
fashion200k,fashion200k_bottoms,91079729,0,91079729_0.jpeg,1,train,true
fashion200k,fashion200k_bottoms,91080584,0,91080584_0.jpeg,1,train,true
fashion200k,fashion200k_bottoms,91081960,0,91081960_0.jpeg,1,old_val,false
fashion200k,fashion200k_bottoms,91081965,0,91081965_0.jpeg,1,train,true
fashion200k,fashion200k_bottoms,91081997,0,91081997_0.jpeg,1,train,true
fashion200k,fashion200k_bottoms,91083370,1,91083370_1.jpeg,1,train,true
fashion200k,fashion200k_bottoms,91083903,0,91083903_0.jpeg,1,train,true
fashion200k,fashion200k_bottoms,91084061,0,91084061_0.jpeg,1,train,true
fashion200k,fashion200k_bottoms,91084503,0,91084503_0.jpeg,1,train,true
fashion200k,fashion200k_bottoms,91089370,0,91089370_0.jpeg,1,old_val,false
fashion200k,fashion200k_bottoms,91090324,0,91090324_0.jpeg,1,train,true
fashion200k,fashion200k_bottoms,91090827,0,91090827_0.jpeg,1,train,true
fashion200k,fashion200k_bottoms,91091135,0,91091135_0.jpeg,1,train,true
fashion200k,fashion200k_bottoms,91091718,0,91091718_0.jpeg,1,train,true
fashion200k,fashion200k_bottoms,91093484,0,91093484_0.jpeg,1,train,true
fashion200k,fashion200k_bottoms,91093953,0,91093953_0.jpeg,1,train,true
fashion200k,fashion200k_bottoms,91093970,0,91093970_0.jpeg,1,train,true
fashion200k,fashion200k_bottoms,91094746,0,91094746_0.jpeg,1,old_val,false
fashion200k,fashion200k_bottoms,91094890,0,91094890_0.jpeg,1,train,true
fashion200k,fashion200k_bottoms,91095175,0,91095175_0.jpeg,1,train,true
fashion200k,fashion200k_bottoms,91096896,0,91096896_0.jpeg,1,train,true
fashion200k,fashion200k_bottoms,91097280,0,91097280_0.jpeg,1,train,true
fashion200k,fashion200k_bottoms,91097715,0,91097715_0.jpeg,1,train,true
fashion200k,fashion200k_bottoms,91097937,0,91097937_0.jpeg,1,train,true
fashion200k,fashion200k_bottoms,91098183,0,91098183_0.jpeg,1,train,true
fashion200k,fashion200k_bottoms,91098589,0,91098589_0.jpeg,1,train,true
fashion200k,fashion200k_bottoms,91099098,0,91099098_0.jpeg,1,train,true
fashion200k,fashion200k_bottoms,91099157,0,91099157_0.jpeg,1,train,true
fashion200k,fashion200k_bottoms,91099520,0,91099520_0.jpeg,1,old_val,false
fashion200k,fashion200k_bottoms,91100099,0,91100099_0.jpeg,1,train,true
fashion200k,fashion200k_bottoms,91100862,1,91100862_1.jpeg,1,train,true
fashion200k,fashion200k_bottoms,91101480,1,91101480_1.jpeg,1,old_val,false
fashion200k,fashion200k_bottoms,91101894,1,91101894_1.jpeg,1,old_val,false
fashion200k,fashion200k_bottoms,91103285,0,91103285_0.jpeg,1,train,true
fashion200k,fashion200k_bottoms,91103704,2,91103704_2.jpeg,1,train,true
fashion200k,fashion200k_bottoms,91104814,1,91104814_1.jpeg,1,train,true
fashion200k,fashion200k_bottoms,91105820,0,91105820_0.jpeg,1,train,true
fashion200k,fashion200k_bottoms,91106950,0,91106950_0.jpeg,1,train,true
fashion200k,fashion200k_bottoms,91107325,0,91107325_0.jpeg,1,train,true
fashion200k,fashion200k_bottoms,91108091,0,91108091_0.jpeg,1,train,true
fashion200k,fashion200k_bottoms,91108356,1,91108356_1.jpeg,1,train,true
fashion200k,fashion200k_bottoms,91109025,0,91109025_0.jpeg,1,train,true
fashion200k,fashion200k_bottoms,91110854,0,91110854_0.jpeg,1,train,true
fashion200k,fashion200k_bottoms,91112619,2,91112619_2.jpeg,1,train,true
fashion200k,fashion200k_bottoms,91112978,0,91112978_0.jpeg,1,train,true
fashion200k,fashion200k_bottoms,91113971,0,91113971_0.jpeg,1,train,true
fashion200k,fashion200k_bottoms,91114153,0,91114153_0.jpeg,1,old_val,false
fashion200k,fashion200k_bottoms,91114298,0,91114298_0.jpeg,1,old_val,false
fashion200k,fashion200k_bottoms,91114615,0,91114615_0.jpeg,1,train,true
fashion200k,fashion200k_bottoms,91115967,0,91115967_0.jpeg,1,train,true
fashion200k,fashion200k_bottoms,91116111,0,91116111_0.jpeg,1,train,true
fashion200k,fashion200k_bottoms,91116489,0,91116489_0.jpeg,1,train,true
fashion200k,fashion200k_bottoms,91116499,1,91116499_1.jpeg,1,old_val,false
fashion200k,fashion200k_bottoms,91116997,0,91116997_0.jpeg,1,train,true
fashion200k,fashion200k_bottoms,91117488,0,91117488_0.jpeg,1,train,true
fashion200k,fashion200k_bottoms,91119063,0,91119063_0.jpeg,1,train,true
fashion200k,fashion200k_bottoms,91119796,3,91119796_3.jpeg,1,old_val,false
fashion200k,fashion200k_bottoms,91120855,0,91120855_0.jpeg,1,train,true
fashion200k,fashion200k_bottoms,91121387,0,91121387_0.jpeg,1,train,true
fashion200k,fashion200k_bottoms,91122136,0,91122136_0.jpeg,1,train,true
fashion200k,fashion200k_bottoms,91123094,0,91123094_0.jpeg,1,train,true
fashion200k,fashion200k_bottoms,91123713,3,91123713_3.jpeg,1,old_val,false
fashion200k,fashion200k_bottoms,91123831,0,91123831_0.jpeg,1,train,true
fashion200k,fashion200k_bottoms,91125377,0,91125377_0.jpeg,1,old_val,false
fashion200k,fashion200k_bottoms,91125840,0,91125840_0.jpeg,1,old_val,false
fashion200k,fashion200k_bottoms,91125895,0,91125895_0.jpeg,1,train,true
fashion200k,fashion200k_bottoms,91126142,0,91126142_0.jpeg,1,old_val,false
fashion200k,fashion200k_bottoms,91126571,0,91126571_0.jpeg,1,train,true
fashion200k,fashion200k_bottoms,91126717,0,91126717_0.jpeg,1,train,true
fashion200k,fashion200k_bottoms,91126949,1,91126949_1.jpeg,1,train,true
fashion200k,fashion200k_bottoms,91126964,0,91126964_0.jpeg,1,train,true
fashion200k,fashion200k_bottoms,91128170,0,91128170_0.jpeg,1,train,true
fashion200k,fashion200k_bottoms,91128948,0,91128948_0.jpeg,1,train,true
fashion200k,fashion200k_bottoms,91130158,0,91130158_0.jpeg,1,train,true
fashion200k,fashion200k_bottoms,91130411,1,91130411_1.jpeg,1,train,true
fashion200k,fashion200k_bottoms,91130881,0,91130881_0.jpeg,1,train,true
fashion200k,fashion200k_bottoms,91130976,0,91130976_0.jpeg,1,train,true
fashion200k,fashion200k_bottoms,91131169,0,91131169_0.jpeg,1,train,true
fashion200k,fashion200k_bottoms,91131536,0,91131536_0.jpeg,1,train,true
fashion200k,fashion200k_bottoms,91132651,0,91132651_0.jpeg,1,old_val,false
fashion200k,fashion200k_bottoms,91132885,0,91132885_0.jpeg,1,train,true
fashion200k,fashion200k_bottoms,91133402,1,91133402_1.jpeg,1,old_val,false
fashion200k,fashion200k_bottoms,91133625,0,91133625_0.jpeg,1,train,true
fashion200k,fashion200k_bottoms,91133701,0,91133701_0.jpeg,1,train,true
fashion200k,fashion200k_bottoms,91133926,0,91133926_0.jpeg,1,train,true
fashion200k,fashion200k_bottoms,91134462,2,91134462_2.jpeg,1,train,true
fashion200k,fashion200k_bottoms,91135004,0,91135004_0.jpeg,1,train,true
fashion200k,fashion200k_bottoms,91135247,0,91135247_0.jpeg,1,train,true
fashion200k,fashion200k_bottoms,91135277,0,91135277_0.jpeg,1,train,true
fashion200k,fashion200k_bottoms,91135351,0,91135351_0.jpeg,1,train,true
fashion200k,fashion200k_bottoms,91135431,0,91135431_0.jpeg,1,old_val,false
fashion200k,fashion200k_bottoms,91135984,0,91135984_0.jpeg,1,train,true
fashion200k,fashion200k_bottoms,91136480,1,91136480_1.jpeg,1,train,true
fashion200k,fashion200k_bottoms,91136904,1,91136904_1.jpeg,1,old_val,false
fashion200k,fashion200k_bottoms,91137392,0,91137392_0.jpeg,1,old_val,false
fashion200k,fashion200k_bottoms,91137451,1,91137451_1.jpeg,1,train,true
fashion200k,fashion200k_bottoms,91137524,0,91137524_0.jpeg,1,old_val,false
fashion200k,fashion200k_bottoms,91140111,0,91140111_0.jpeg,1,train,true
fashion200k,fashion200k_bottoms,91140642,0,91140642_0.jpeg,1,train,true
fashion200k,fashion200k_bottoms,91141062,0,91141062_0.jpeg,1,train,true
fashion200k,fashion200k_bottoms,91141183,0,91141183_0.jpeg,1,train,true
fashion200k,fashion200k_bottoms,91141949,0,91141949_0.jpeg,1,train,true
fashion200k,fashion200k_bottoms,91142102,0,91142102_0.jpeg,1,old_val,false
fashion200k,fashion200k_bottoms,91142818,0,91142818_0.jpeg,1,train,true
fashion200k,fashion200k_bottoms,91143066,0,91143066_0.jpeg,1,train,true
fashion200k,fashion200k_bottoms,91143599,0,91143599_0.jpeg,1,old_val,false
fashion200k,fashion200k_bottoms,91143697,0,91143697_0.jpeg,1,train,true
fashion200k,fashion200k_bottoms,91143840,0,91143840_0.jpeg,1,train,true
fashion200k,fashion200k_bottoms,91143880,0,91143880_0.jpeg,1,old_val,false
fashion200k,fashion200k_bottoms,91144603,0,91144603_0.jpeg,1,train,true
fashion200k,fashion200k_bottoms,91145296,0,91145296_0.jpeg,1,train,true
fashion200k,fashion200k_bottoms,91146072,0,91146072_0.jpeg,1,train,true
fashion200k,fashion200k_bottoms,91146576,0,91146576_0.jpeg,1,train,true
fashion200k,fashion200k_bottoms,91146781,0,91146781_0.jpeg,1,old_val,false
fashion200k,fashion200k_bottoms,91147126,3,91147126_3.jpeg,1,train,true
fashion200k,fashion200k_bottoms,91147602,0,91147602_0.jpeg,1,train,true
fashion200k,fashion200k_bottoms,91147877,0,91147877_0.jpeg,1,train,true
fashion200k,fashion200k_bottoms,91148609,0,91148609_0.jpeg,1,train,true
fashion200k,fashion200k_bottoms,91148676,0,91148676_0.jpeg,1,old_val,false
fashion200k,fashion200k_bottoms,91148850,0,91148850_0.jpeg,1,train,true
fashion200k,fashion200k_bottoms,91148950,1,91148950_1.jpeg,1,old_val,false
fashion200k,fashion200k_bottoms,91148981,0,91148981_0.jpeg,1,train,true
fashion200k,fashion200k_bottoms,91149181,0,91149181_0.jpeg,1,train,true
fashion200k,fashion200k_bottoms,91149519,2,91149519_2.jpeg,1,old_val,false
fashion200k,fashion200k_bottoms,91150810,0,91150810_0.jpeg,1,train,true
fashion200k,fashion200k_bottoms,91150909,0,91150909_0.jpeg,1,train,true
fashion200k,fashion200k_bottoms,91151164,0,91151164_0.jpeg,1,train,true
fashion200k,fashion200k_bottoms,91151520,1,91151520_1.jpeg,1,old_val,false
fashion200k,fashion200k_bottoms,91151526,0,91151526_0.jpeg,1,train,true
fashion200k,fashion200k_bottoms,91151901,0,91151901_0.jpeg,1,train,true
fashion200k,fashion200k_bottoms,91151936,1,91151936_1.jpeg,1,train,true
fashion200k,fashion200k_bottoms,91151940,0,91151940_0.jpeg,1,train,true
fashion200k,fashion200k_bottoms,91152228,0,91152228_0.jpeg,1,old_val,false
fashion200k,fashion200k_bottoms,91153678,2,91153678_2.jpeg,1,train,true
fashion200k,fashion200k_bottoms,91153883,0,91153883_0.jpeg,1,train,true
fashion200k,fashion200k_bottoms,91153927,0,91153927_0.jpeg,1,train,true
fashion200k,fashion200k_bottoms,91153954,1,91153954_1.jpeg,1,train,true
fashion200k,fashion200k_bottoms,91154650,0,91154650_0.jpeg,1,train,true
fashion200k,fashion200k_bottoms,91154724,0,91154724_0.jpeg,1,train,true
fashion200k,fashion200k_bottoms,91154909,1,91154909_1.jpeg,1,train,true
fashion200k,fashion200k_bottoms,91155060,0,91155060_0.jpeg,1,old_val,false
fashion200k,fashion200k_bottoms,91155421,0,91155421_0.jpeg,1,old_val,false
fashion200k,fashion200k_bottoms,91155874,0,91155874_0.jpeg,1,train,true
fashion200k,fashion200k_bottoms,91156030,0,91156030_0.jpeg,1,train,true
fashion200k,fashion200k_bottoms,91156336,0,91156336_0.jpeg,1,train,true
fashion200k,fashion200k_bottoms,91156395,0,91156395_0.jpeg,1,train,true
fashion200k,fashion200k_bottoms,91156646,0,91156646_0.jpeg,1,train,true
fashion200k,fashion200k_bottoms,91158005,0,91158005_0.jpeg,1,train,true
fashion200k,fashion200k_bottoms,91159576,0,91159576_0.jpeg,1,train,true
fashion200k,fashion200k_bottoms,91159992,1,91159992_1.jpeg,1,old_val,false
fashion200k,fashion200k_bottoms,91161018,1,91161018_1.jpeg,1,train,true
fashion200k,fashion200k_bottoms,91161375,0,91161375_0.jpeg,1,train,true
fashion200k,fashion200k_bottoms,91161692,0,91161692_0.jpeg,1,train,true
fashion200k,fashion200k_bottoms,91162030,0,91162030_0.jpeg,1,train,true
fashion200k,fashion200k_bottoms,91162267,0,91162267_0.jpeg,1,train,true
fashion200k,fashion200k_bottoms,91162339,0,91162339_0.jpeg,1,train,true
fashion200k,fashion200k_bottoms,91162644,0,91162644_0.jpeg,1,train,true
fashion200k,fashion200k_bottoms,91163687,0,91163687_0.jpeg,1,train,true
fashion200k,fashion200k_bottoms,91163844,0,91163844_0.jpeg,1,train,true
fashion200k,fashion200k_bottoms,91164809,0,91164809_0.jpeg,1,old_val,false
fashion200k,fashion200k_bottoms,91164902,0,91164902_0.jpeg,1,train,true
fashion200k,fashion200k_bottoms,91164967,0,91164967_0.jpeg,1,train,true
fashion200k,fashion200k_bottoms,91164981,0,91164981_0.jpeg,1,old_val,false
fashion200k,fashion200k_bottoms,91165152,0,91165152_0.jpeg,1,train,true
fashion200k,fashion200k_bottoms,91165361,0,91165361_0.jpeg,1,train,true
fashion200k,fashion200k_bottoms,91165420,0,91165420_0.jpeg,1,train,true
fashion200k,fashion200k_bottoms,91165647,0,91165647_0.jpeg,1,train,true
fashion200k,fashion200k_bottoms,91165751,0,91165751_0.jpeg,1,train,true
fashion200k,fashion200k_bottoms,91165763,0,91165763_0.jpeg,1,train,true
fashion200k,fashion200k_bottoms,91165909,0,91165909_0.jpeg,1,train,true
fashion200k,fashion200k_bottoms,91165919,0,91165919_0.jpeg,1,train,true
fashion200k,fashion200k_bottoms,91165962,0,91165962_0.jpeg,1,old_val,false
fashion200k,fashion200k_bottoms,91166398,0,91166398_0.jpeg,1,train,true
fashion200k,fashion200k_bottoms,91166582,0,91166582_0.jpeg,1,train,true
fashion200k,fashion200k_bottoms,91166722,0,91166722_0.jpeg,1,train,true
fashion200k,fashion200k_bottoms,91166752,0,91166752_0.jpeg,1,train,true
fashion200k,fashion200k_bottoms,91166898,0,91166898_0.jpeg,1,old_val,false
fashion200k,fashion200k_bottoms,91167105,0,91167105_0.jpeg,1,train,true
fashion200k,fashion200k_bottoms,91167265,0,91167265_0.jpeg,1,train,true
fashion200k,fashion200k_bottoms,91167594,0,91167594_0.jpeg,1,train,true
fashion200k,fashion200k_bottoms,91167601,0,91167601_0.jpeg,1,train,true
fashion200k,fashion200k_bottoms,91167722,0,91167722_0.jpeg,1,train,true
fashion200k,fashion200k_bottoms,91167743,0,91167743_0.jpeg,1,train,true
fashion200k,fashion200k_bottoms,91167763,0,91167763_0.jpeg,1,train,true
fashion200k,fashion200k_bottoms,91168817,0,91168817_0.jpeg,1,train,true
fashion200k,fashion200k_bottoms,91169100,0,91169100_0.jpeg,1,train,true
fashion200k,fashion200k_bottoms,91169279,0,91169279_0.jpeg,1,train,true
fashion200k,fashion200k_bottoms,91169589,0,91169589_0.jpeg,1,old_val,false
fashion200k,fashion200k_bottoms,91170112,0,91170112_0.jpeg,1,train,true
fashion200k,fashion200k_bottoms,91170490,0,91170490_0.jpeg,1,old_val,false
fashion200k,fashion200k_bottoms,91170515,0,91170515_0.jpeg,1,train,true
fashion200k,fashion200k_bottoms,91170741,0,91170741_0.jpeg,1,train,true
fashion200k,fashion200k_bottoms,91170996,0,91170996_0.jpeg,1,old_val,false
fashion200k,fashion200k_bottoms,91171371,0,91171371_0.jpeg,1,train,true
fashion200k,fashion200k_bottoms,91171779,0,91171779_0.jpeg,1,train,true
fashion200k,fashion200k_bottoms,91172126,1,91172126_1.jpeg,1,train,true
fashion200k,fashion200k_bottoms,91172858,0,91172858_0.jpeg,1,train,true
fashion200k,fashion200k_bottoms,91173040,2,91173040_2.jpeg,1,train,true
fashion200k,fashion200k_bottoms,91173328,0,91173328_0.jpeg,1,old_val,false
fashion200k,fashion200k_bottoms,91173391,0,91173391_0.jpeg,1,train,true
fashion200k,fashion200k_bottoms,91174686,0,91174686_0.jpeg,1,train,true
fashion200k,fashion200k_bottoms,91175002,0,91175002_0.jpeg,1,train,true
fashion200k,fashion200k_bottoms,91175525,0,91175525_0.jpeg,1,train,true
fashion200k,fashion200k_bottoms,91175542,0,91175542_0.jpeg,1,train,true
fashion200k,fashion200k_bottoms,91177828,1,91177828_1.jpeg,1,train,true
fashion200k,fashion200k_bottoms,91177941,0,91177941_0.jpeg,1,train,true
fashion200k,fashion200k_bottoms,91178531,0,91178531_0.jpeg,1,old_val,false
fashion200k,fashion200k_bottoms,91178728,0,91178728_0.jpeg,1,old_val,false
fashion200k,fashion200k_bottoms,91178991,0,91178991_0.jpeg,1,train,true
fashion200k,fashion200k_bottoms,91179049,0,91179049_0.jpeg,1,train,true
fashion200k,fashion200k_bottoms,91179099,0,91179099_0.jpeg,1,train,true
fashion200k,fashion200k_bottoms,91179219,0,91179219_0.jpeg,1,train,true
fashion200k,fashion200k_bottoms,91179366,0,91179366_0.jpeg,1,train,true
fashion200k,fashion200k_bottoms,91179543,0,91179543_0.jpeg,1,train,true
fashion200k,fashion200k_bottoms,91179865,0,91179865_0.jpeg,1,old_val,false
fashion200k,fashion200k_bottoms,91179925,0,91179925_0.jpeg,1,train,true
fashion200k,fashion200k_bottoms,91180322,0,91180322_0.jpeg,1,train,true
fashion200k,fashion200k_bottoms,91180384,0,91180384_0.jpeg,1,train,true
fashion200k,fashion200k_bottoms,91180465,0,91180465_0.jpeg,1,train,true
fashion200k,fashion200k_bottoms,91180572,0,91180572_0.jpeg,1,old_val,false
fashion200k,fashion200k_bottoms,91181587,0,91181587_0.jpeg,1,old_val,false
fashion200k,fashion200k_bottoms,91181884,0,91181884_0.jpeg,1,train,true
fashion200k,fashion200k_bottoms,91182643,0,91182643_0.jpeg,1,train,true
fashion200k,fashion200k_bottoms,91183015,0,91183015_0.jpeg,1,train,true
fashion200k,fashion200k_bottoms,91183920,0,91183920_0.jpeg,1,train,true
fashion200k,fashion200k_bottoms,91184191,0,91184191_0.jpeg,1,train,true
fashion200k,fashion200k_bottoms,91184546,0,91184546_0.jpeg,1,old_val,false
fashion200k,fashion200k_bottoms,91185084,0,91185084_0.jpeg,1,train,true
fashion200k,fashion200k_bottoms,91186235,0,91186235_0.jpeg,1,train,true
fashion200k,fashion200k_bottoms,91187045,0,91187045_0.jpeg,1,train,true
fashion200k,fashion200k_bottoms,91187235,0,91187235_0.jpeg,1,train,true
fashion200k,fashion200k_bottoms,91189756,0,91189756_0.jpeg,1,train,true
fashion200k,fashion200k_bottoms,91191557,0,91191557_0.jpeg,1,train,true
fashion200k,fashion200k_bottoms,91191633,0,91191633_0.jpeg,1,train,true
fashion200k,fashion200k_bottoms,91192309,0,91192309_0.jpeg,1,train,true
fashion200k,fashion200k_bottoms,91192610,0,91192610_0.jpeg,1,train,true
fashion200k,fashion200k_bottoms,91192903,0,91192903_0.jpeg,1,train,true
fashion200k,fashion200k_bottoms,91193069,0,91193069_0.jpeg,1,old_val,false
fashion200k,fashion200k_bottoms,91193465,0,91193465_0.jpeg,1,train,true
fashion200k,fashion200k_bottoms,91193831,0,91193831_0.jpeg,1,train,true
fashion200k,fashion200k_bottoms,91193866,0,91193866_0.jpeg,1,train,true
fashion200k,fashion200k_bottoms,91194051,0,91194051_0.jpeg,1,train,true
fashion200k,fashion200k_bottoms,91194775,0,91194775_0.jpeg,1,train,true
fashion200k,fashion200k_bottoms,91194777,0,91194777_0.jpeg,1,old_val,false
fashion200k,fashion200k_bottoms,91194812,0,91194812_0.jpeg,1,train,true
fashion200k,fashion200k_bottoms,91195080,0,91195080_0.jpeg,1,train,true
fashion200k,fashion200k_bottoms,91195512,0,91195512_0.jpeg,1,train,true
fashion200k,fashion200k_bottoms,91195989,0,91195989_0.jpeg,1,old_val,false
fashion200k,fashion200k_bottoms,91196148,1,91196148_1.jpeg,1,train,true
fashion200k,fashion200k_bottoms,91196389,0,91196389_0.jpeg,1,train,true
fashion200k,fashion200k_bottoms,91196960,0,91196960_0.jpeg,1,train,true
fashion200k,fashion200k_bottoms,91198504,0,91198504_0.jpeg,1,train,true
fashion200k,fashion200k_bottoms,91198743,0,91198743_0.jpeg,1,train,true
fashion200k,fashion200k_bottoms,91199075,0,91199075_0.jpeg,1,old_val,false
fashion200k,fashion200k_bottoms,91199239,0,91199239_0.jpeg,1,train,true
fashion200k,fashion200k_bottoms,91200417,0,91200417_0.jpeg,1,train,true
fashion200k,fashion200k_bottoms,91200794,0,91200794_0.jpeg,1,train,true
fashion200k,fashion200k_bottoms,91200903,1,91200903_1.jpeg,1,train,true
fashion200k,fashion200k_bottoms,91201852,0,91201852_0.jpeg,1,train,true
fashion200k,fashion200k_bottoms,91202639,0,91202639_0.jpeg,1,old_val,false
fashion200k,fashion200k_bottoms,91203485,0,91203485_0.jpeg,1,old_val,false
fashion200k,fashion200k_bottoms,91204265,0,91204265_0.jpeg,1,train,true
fashion200k,fashion200k_bottoms,91206026,0,91206026_0.jpeg,1,train,true
fashion200k,fashion200k_bottoms,91206265,0,91206265_0.jpeg,1,train,true
fashion200k,fashion200k_bottoms,91206311,0,91206311_0.jpeg,1,train,true
fashion200k,fashion200k_bottoms,91206430,0,91206430_0.jpeg,1,train,true
fashion200k,fashion200k_bottoms,91207412,0,91207412_0.jpeg,1,train,true
fashion200k,fashion200k_bottoms,91209727,0,91209727_0.jpeg,1,train,true
fashion200k,fashion200k_bottoms,91209794,0,91209794_0.jpeg,1,train,true
fashion200k,fashion200k_bottoms,91210022,0,91210022_0.jpeg,1,train,true
fashion200k,fashion200k_bottoms,91210157,3,91210157_3.jpeg,1,train,true
fashion200k,fashion200k_bottoms,91210840,0,91210840_0.jpeg,1,train,true
fashion200k,fashion200k_bottoms,91211151,0,91211151_0.jpeg,1,train,true
fashion200k,fashion200k_bottoms,91211672,0,91211672_0.jpeg,1,train,true
fashion200k,fashion200k_bottoms,91211676,0,91211676_0.jpeg,1,old_val,false
fashion200k,fashion200k_bottoms,91211726,0,91211726_0.jpeg,1,train,true
fashion200k,fashion200k_bottoms,91211768,1,91211768_1.jpeg,1,old_val,false
fashion200k,fashion200k_bottoms,91212163,0,91212163_0.jpeg,1,train,true
fashion200k,fashion200k_bottoms,91212751,0,91212751_0.jpeg,1,train,true
fashion200k,fashion200k_bottoms,91212765,0,91212765_0.jpeg,1,old_val,false
fashion200k,fashion200k_bottoms,91213269,0,91213269_0.jpeg,1,train,true
fashion200k,fashion200k_bottoms,91213301,1,91213301_1.jpeg,1,train,true
fashion200k,fashion200k_bottoms,91213360,0,91213360_0.jpeg,1,train,true
fashion200k,fashion200k_bottoms,91213475,1,91213475_1.jpeg,1,train,true
fashion200k,fashion200k_bottoms,91213558,1,91213558_1.jpeg,1,train,true
fashion200k,fashion200k_bottoms,91214200,0,91214200_0.jpeg,1,train,true
fashion200k,fashion200k_bottoms,91214229,0,91214229_0.jpeg,1,train,true
fashion200k,fashion200k_bottoms,91214514,1,91214514_1.jpeg,1,train,true
fashion200k,fashion200k_bottoms,91214871,1,91214871_1.jpeg,1,train,true
fashion200k,fashion200k_bottoms,91214907,0,91214907_0.jpeg,1,train,true
fashion200k,fashion200k_bottoms,91214941,0,91214941_0.jpeg,1,old_val,false
fashion200k,fashion200k_bottoms,91215214,1,91215214_1.jpeg,1,old_val,false
fashion200k,fashion200k_bottoms,91215625,0,91215625_0.jpeg,1,train,true
fashion200k,fashion200k_bottoms,91215959,0,91215959_0.jpeg,1,train,true
fashion200k,fashion200k_bottoms,91216829,0,91216829_0.jpeg,1,train,true
fashion200k,fashion200k_bottoms,91217107,0,91217107_0.jpeg,1,train,true
fashion200k,fashion200k_bottoms,91217376,1,91217376_1.jpeg,1,train,true
fashion200k,fashion200k_bottoms,91217920,0,91217920_0.jpeg,1,old_val,false
fashion200k,fashion200k_bottoms,91217951,1,91217951_1.jpeg,1,train,true
fashion200k,fashion200k_bottoms,91217981,0,91217981_0.jpeg,1,old_val,false
fashion200k,fashion200k_bottoms,91218016,0,91218016_0.jpeg,1,train,true
fashion200k,fashion200k_bottoms,91218227,0,91218227_0.jpeg,1,old_val,false
fashion200k,fashion200k_bottoms,91218443,0,91218443_0.jpeg,1,old_val,false
fashion200k,fashion200k_bottoms,91218483,1,91218483_1.jpeg,1,train,true
fashion200k,fashion200k_bottoms,91219225,0,91219225_0.jpeg,1,train,true
fashion200k,fashion200k_bottoms,91219325,0,91219325_0.jpeg,1,train,true
fashion200k,fashion200k_bottoms,91219515,0,91219515_0.jpeg,1,train,true
fashion200k,fashion200k_bottoms,91219858,0,91219858_0.jpeg,1,train,true
fashion200k,fashion200k_bottoms,91220597,0,91220597_0.jpeg,1,train,true
fashion200k,fashion200k_bottoms,91221255,0,91221255_0.jpeg,1,old_val,false
fashion200k,fashion200k_bottoms,91221470,0,91221470_0.jpeg,1,train,true
fashion200k,fashion200k_bottoms,91221696,0,91221696_0.jpeg,1,train,true
fashion200k,fashion200k_bottoms,91222248,0,91222248_0.jpeg,1,train,true
fashion200k,fashion200k_bottoms,91222633,0,91222633_0.jpeg,1,old_val,false
fashion200k,fashion200k_bottoms,91223188,0,91223188_0.jpeg,1,old_val,false
fashion200k,fashion200k_bottoms,91223246,0,91223246_0.jpeg,1,train,true
fashion200k,fashion200k_bottoms,91223674,2,91223674_2.jpeg,1,train,true
fashion200k,fashion200k_bottoms,91224818,1,91224818_1.jpeg,1,old_val,false
fashion200k,fashion200k_bottoms,91226078,0,91226078_0.jpeg,1,train,true
fashion200k,fashion200k_bottoms,91226106,0,91226106_0.jpeg,1,old_val,false
fashion200k,fashion200k_bottoms,91229384,0,91229384_0.jpeg,1,train,true
fashion200k,fashion200k_bottoms,91229592,0,91229592_0.jpeg,1,train,true
fashion200k,fashion200k_bottoms,91229766,0,91229766_0.jpeg,1,old_val,false
fashion200k,fashion200k_bottoms,91230344,0,91230344_0.jpeg,1,train,true
fashion200k,fashion200k_bottoms,91230953,0,91230953_0.jpeg,1,train,true
fashion200k,fashion200k_bottoms,91231163,0,91231163_0.jpeg,1,train,true
fashion200k,fashion200k_bottoms,91231581,0,91231581_0.jpeg,1,train,true
fashion200k,fashion200k_bottoms,91231968,0,91231968_0.jpeg,1,old_val,false
fashion200k,fashion200k_bottoms,91232062,0,91232062_0.jpeg,1,train,true
fashion200k,fashion200k_bottoms,91232730,0,91232730_0.jpeg,1,old_val,false
fashion200k,fashion200k_bottoms,91233749,0,91233749_0.jpeg,1,train,true
fashion200k,fashion200k_bottoms,91234064,0,91234064_0.jpeg,1,train,true
fashion200k,fashion200k_bottoms,91234115,0,91234115_0.jpeg,1,train,true
fashion200k,fashion200k_bottoms,91234701,0,91234701_0.jpeg,1,train,true
fashion200k,fashion200k_bottoms,91235898,0,91235898_0.jpeg,1,train,true
fashion200k,fashion200k_bottoms,91237325,0,91237325_0.jpeg,1,train,true
fashion200k,fashion200k_bottoms,91237421,0,91237421_0.jpeg,1,train,true
fashion200k,fashion200k_bottoms,91237517,0,91237517_0.jpeg,1,train,true
fashion200k,fashion200k_bottoms,91237820,0,91237820_0.jpeg,1,train,true
fashion200k,fashion200k_bottoms,91238968,0,91238968_0.jpeg,1,train,true
fashion200k,fashion200k_bottoms,91239432,0,91239432_0.jpeg,1,train,true
fashion200k,fashion200k_bottoms,91239546,0,91239546_0.jpeg,1,train,true
fashion200k,fashion200k_bottoms,91239937,0,91239937_0.jpeg,1,train,true
fashion200k,fashion200k_bottoms,91240327,0,91240327_0.jpeg,1,train,true
fashion200k,fashion200k_bottoms,91242599,0,91242599_0.jpeg,1,train,true
fashion200k,fashion200k_bottoms,91242601,0,91242601_0.jpeg,1,train,true
fashion200k,fashion200k_bottoms,91243236,0,91243236_0.jpeg,1,train,true
fashion200k,fashion200k_bottoms,91243318,0,91243318_0.jpeg,1,old_val,false
fashion200k,fashion200k_bottoms,91243385,0,91243385_0.jpeg,1,train,true
fashion200k,fashion200k_bottoms,91243736,0,91243736_0.jpeg,1,train,true
fashion200k,fashion200k_bottoms,91243966,0,91243966_0.jpeg,1,train,true
fashion200k,fashion200k_bottoms,91244701,0,91244701_0.jpeg,1,train,true
fashion200k,fashion200k_bottoms,91244914,1,91244914_1.jpeg,1,train,true
fashion200k,fashion200k_bottoms,91245124,0,91245124_0.jpeg,1,train,true
fashion200k,fashion200k_bottoms,91245402,1,91245402_1.jpeg,1,train,true
fashion200k,fashion200k_bottoms,91245501,0,91245501_0.jpeg,1,train,true
fashion200k,fashion200k_bottoms,91245572,0,91245572_0.jpeg,1,train,true
fashion200k,fashion200k_bottoms,91245635,0,91245635_0.jpeg,1,train,true
fashion200k,fashion200k_bottoms,91245698,0,91245698_0.jpeg,1,train,true
fashion200k,fashion200k_bottoms,91245809,0,91245809_0.jpeg,1,train,true
fashion200k,fashion200k_bottoms,91246220,0,91246220_0.jpeg,1,train,true
fashion200k,fashion200k_bottoms,91246441,1,91246441_1.jpeg,1,train,true
fashion200k,fashion200k_bottoms,91246496,0,91246496_0.jpeg,1,train,true
fashion200k,fashion200k_bottoms,91246854,0,91246854_0.jpeg,1,train,true
fashion200k,fashion200k_bottoms,91247595,0,91247595_0.jpeg,1,train,true
fashion200k,fashion200k_bottoms,91247838,0,91247838_0.jpeg,1,old_val,false
fashion200k,fashion200k_bottoms,91247876,0,91247876_0.jpeg,1,train,true
fashion200k,fashion200k_bottoms,91248189,0,91248189_0.jpeg,1,train,true
fashion200k,fashion200k_bottoms,91248400,0,91248400_0.jpeg,1,train,true
fashion200k,fashion200k_bottoms,91248942,0,91248942_0.jpeg,1,train,true
fashion200k,fashion200k_bottoms,91249006,0,91249006_0.jpeg,1,old_val,false
fashion200k,fashion200k_bottoms,91249027,1,91249027_1.jpeg,1,old_val,false
fashion200k,fashion200k_bottoms,91249075,0,91249075_0.jpeg,1,train,true
fashion200k,fashion200k_bottoms,91249610,0,91249610_0.jpeg,1,train,true
fashion200k,fashion200k_bottoms,91249714,0,91249714_0.jpeg,1,train,true
fashion200k,fashion200k_bottoms,91250192,3,91250192_3.jpeg,1,train,true
fashion200k,fashion200k_bottoms,91250195,0,91250195_0.jpeg,1,train,true
fashion200k,fashion200k_bottoms,91250349,0,91250349_0.jpeg,1,old_val,false
fashion200k,fashion200k_bottoms,91252071,0,91252071_0.jpeg,1,old_val,false
fashion200k,fashion200k_bottoms,91252240,0,91252240_0.jpeg,1,train,true
fashion200k,fashion200k_bottoms,91253064,0,91253064_0.jpeg,1,train,true
fashion200k,fashion200k_bottoms,91253444,0,91253444_0.jpeg,1,train,true
fashion200k,fashion200k_bottoms,91253446,0,91253446_0.jpeg,1,train,true
fashion200k,fashion200k_bottoms,91254152,0,91254152_0.jpeg,1,train,true
fashion200k,fashion200k_bottoms,91254872,0,91254872_0.jpeg,1,train,true
fashion200k,fashion200k_bottoms,91255022,0,91255022_0.jpeg,1,train,true
fashion200k,fashion200k_bottoms,91255153,0,91255153_0.jpeg,1,old_val,false
fashion200k,fashion200k_bottoms,91256016,0,91256016_0.jpeg,1,old_val,false
fashion200k,fashion200k_bottoms,91256128,0,91256128_0.jpeg,1,train,true
fashion200k,fashion200k_bottoms,91257273,0,91257273_0.jpeg,1,train,true
fashion200k,fashion200k_bottoms,91258011,0,91258011_0.jpeg,1,train,true
fashion200k,fashion200k_bottoms,91258389,0,91258389_0.jpeg,1,train,true
fashion200k,fashion200k_bottoms,91258470,0,91258470_0.jpeg,1,train,true
fashion200k,fashion200k_bottoms,91259971,0,91259971_0.jpeg,1,train,true
fashion200k,fashion200k_bottoms,91260543,0,91260543_0.jpeg,1,old_val,false
fashion200k,fashion200k_bottoms,91260883,0,91260883_0.jpeg,1,train,true
fashion200k,fashion200k_bottoms,91260898,0,91260898_0.jpeg,1,train,true
fashion200k,fashion200k_bottoms,91261424,0,91261424_0.jpeg,1,old_val,false
fashion200k,fashion200k_bottoms,91261566,1,91261566_1.jpeg,1,train,true
fashion200k,fashion200k_bottoms,91261969,0,91261969_0.jpeg,1,old_val,false
fashion200k,fashion200k_bottoms,91262233,0,91262233_0.jpeg,1,train,true
fashion200k,fashion200k_bottoms,91262259,0,91262259_0.jpeg,1,train,true
fashion200k,fashion200k_bottoms,91262714,0,91262714_0.jpeg,1,train,true
fashion200k,fashion200k_bottoms,91264165,0,91264165_0.jpeg,1,train,true
fashion200k,fashion200k_bottoms,91264448,0,91264448_0.jpeg,1,train,true
fashion200k,fashion200k_bottoms,91264705,0,91264705_0.jpeg,1,train,true
fashion200k,fashion200k_bottoms,91264811,0,91264811_0.jpeg,1,old_val,false
fashion200k,fashion200k_bottoms,91265613,0,91265613_0.jpeg,1,train,true
fashion200k,fashion200k_bottoms,91266855,0,91266855_0.jpeg,1,train,true
fashion200k,fashion200k_bottoms,91267193,0,91267193_0.jpeg,1,train,true
fashion200k,fashion200k_bottoms,91267990,0,91267990_0.jpeg,1,train,true
fashion200k,fashion200k_bottoms,91268410,0,91268410_0.jpeg,1,train,true
fashion200k,fashion200k_bottoms,91268473,0,91268473_0.jpeg,1,old_val,false
fashion200k,fashion200k_bottoms,91269638,0,91269638_0.jpeg,1,train,true
fashion200k,fashion200k_bottoms,91269685,0,91269685_0.jpeg,1,train,true
fashion200k,fashion200k_bottoms,91270670,0,91270670_0.jpeg,1,train,true
fashion200k,fashion200k_bottoms,91271299,0,91271299_0.jpeg,1,train,true
fashion200k,fashion200k_bottoms,91271460,1,91271460_1.jpeg,1,train,true
fashion200k,fashion200k_bottoms,91271623,0,91271623_0.jpeg,1,train,true
fashion200k,fashion200k_bottoms,91271631,0,91271631_0.jpeg,1,train,true
fashion200k,fashion200k_bottoms,91271721,0,91271721_0.jpeg,1,train,true
fashion200k,fashion200k_bottoms,91271971,0,91271971_0.jpeg,1,old_val,false
fashion200k,fashion200k_bottoms,91272074,0,91272074_0.jpeg,1,train,true
fashion200k,fashion200k_bottoms,91272406,0,91272406_0.jpeg,1,old_val,false
fashion200k,fashion200k_bottoms,91272560,0,91272560_0.jpeg,1,train,true
fashion200k,fashion200k_bottoms,91272889,0,91272889_0.jpeg,1,train,true
fashion200k,fashion200k_bottoms,91273098,0,91273098_0.jpeg,1,train,true
fashion200k,fashion200k_bottoms,91273779,1,91273779_1.jpeg,1,train,true
fashion200k,fashion200k_bottoms,91274091,0,91274091_0.jpeg,1,train,true
fashion200k,fashion200k_bottoms,91274174,0,91274174_0.jpeg,1,train,true
fashion200k,fashion200k_bottoms,91274777,0,91274777_0.jpeg,1,train,true
fashion200k,fashion200k_bottoms,91275612,0,91275612_0.jpeg,1,train,true
fashion200k,fashion200k_bottoms,91275759,0,91275759_0.jpeg,1,train,true
fashion200k,fashion200k_bottoms,91276328,0,91276328_0.jpeg,1,train,true
fashion200k,fashion200k_bottoms,91276759,0,91276759_0.jpeg,1,train,true
fashion200k,fashion200k_bottoms,91276808,0,91276808_0.jpeg,1,train,true
fashion200k,fashion200k_bottoms,91277204,0,91277204_0.jpeg,1,train,true
fashion200k,fashion200k_bottoms,91278173,0,91278173_0.jpeg,1,train,true
fashion200k,fashion200k_bottoms,91278203,0,91278203_0.jpeg,1,train,true
fashion200k,fashion200k_bottoms,91281012,0,91281012_0.jpeg,1,train,true
fashion200k,fashion200k_bottoms,91281138,0,91281138_0.jpeg,1,train,true
fashion200k,fashion200k_bottoms,91281818,0,91281818_0.jpeg,1,train,true
fashion200k,fashion200k_bottoms,91283958,1,91283958_1.jpeg,1,train,true
fashion200k,fashion200k_bottoms,91284860,0,91284860_0.jpeg,1,train,true
fashion200k,fashion200k_bottoms,91285512,0,91285512_0.jpeg,1,train,true
fashion200k,fashion200k_bottoms,91286313,0,91286313_0.jpeg,1,train,true
fashion200k,fashion200k_bottoms,91286360,0,91286360_0.jpeg,1,train,true
fashion200k,fashion200k_bottoms,91286531,0,91286531_0.jpeg,1,train,true
fashion200k,fashion200k_bottoms,91286754,0,91286754_0.jpeg,1,train,true
fashion200k,fashion200k_bottoms,91287853,0,91287853_0.jpeg,1,train,true
fashion200k,fashion200k_bottoms,91289208,0,91289208_0.jpeg,1,train,true
fashion200k,fashion200k_bottoms,91289237,0,91289237_0.jpeg,1,train,true
fashion200k,fashion200k_bottoms,91289508,0,91289508_0.jpeg,1,train,true
fashion200k,fashion200k_bottoms,91289535,0,91289535_0.jpeg,1,old_val,false
fashion200k,fashion200k_bottoms,91289914,0,91289914_0.jpeg,1,train,true
fashion200k,fashion200k_bottoms,91289922,0,91289922_0.jpeg,1,train,true
fashion200k,fashion200k_bottoms,91289966,0,91289966_0.jpeg,1,train,true
fashion200k,fashion200k_bottoms,91290086,0,91290086_0.jpeg,1,old_val,false
fashion200k,fashion200k_bottoms,91290391,0,91290391_0.jpeg,1,train,true
fashion200k,fashion200k_bottoms,91290608,0,91290608_0.jpeg,1,train,true
fashion200k,fashion200k_bottoms,91290865,0,91290865_0.jpeg,1,train,true
fashion200k,fashion200k_bottoms,91291014,0,91291014_0.jpeg,1,train,true
fashion200k,fashion200k_bottoms,91291165,0,91291165_0.jpeg,1,train,true
fashion200k,fashion200k_bottoms,91291258,0,91291258_0.jpeg,1,train,true
fashion200k,fashion200k_bottoms,91291814,0,91291814_0.jpeg,1,train,true
fashion200k,fashion200k_bottoms,91292217,0,91292217_0.jpeg,1,train,true
fashion200k,fashion200k_bottoms,91292477,0,91292477_0.jpeg,1,old_val,false
fashion200k,fashion200k_bottoms,91292668,0,91292668_0.jpeg,1,train,true
fashion200k,fashion200k_bottoms,91293344,0,91293344_0.jpeg,1,train,true
fashion200k,fashion200k_bottoms,91293453,0,91293453_0.jpeg,1,train,true
fashion200k,fashion200k_bottoms,91293479,0,91293479_0.jpeg,1,train,true
fashion200k,fashion200k_bottoms,91294212,0,91294212_0.jpeg,1,train,true
fashion200k,fashion200k_bottoms,91294551,0,91294551_0.jpeg,1,train,true
fashion200k,fashion200k_bottoms,91294930,0,91294930_0.jpeg,1,train,true
fashion200k,fashion200k_bottoms,91295248,1,91295248_1.jpeg,1,train,true
fashion200k,fashion200k_bottoms,91295359,0,91295359_0.jpeg,1,train,true
fashion200k,fashion200k_bottoms,91295590,0,91295590_0.jpeg,1,old_val,false
fashion200k,fashion200k_bottoms,91295727,0,91295727_0.jpeg,1,train,true
fashion200k,fashion200k_bottoms,91296370,0,91296370_0.jpeg,1,train,true
fashion200k,fashion200k_bottoms,91296414,0,91296414_0.jpeg,1,old_val,false
fashion200k,fashion200k_bottoms,91296445,0,91296445_0.jpeg,1,train,true
fashion200k,fashion200k_bottoms,91296482,0,91296482_0.jpeg,1,old_val,false
fashion200k,fashion200k_bottoms,91296612,0,91296612_0.jpeg,1,train,true
fashion200k,fashion200k_bottoms,91297685,0,91297685_0.jpeg,1,train,true
fashion200k,fashion200k_bottoms,91298155,0,91298155_0.jpeg,1,old_val,false
fashion200k,fashion200k_bottoms,91298401,2,91298401_2.jpeg,1,train,true
fashion200k,fashion200k_bottoms,91299354,1,91299354_1.jpeg,1,old_val,false
fashion200k,fashion200k_bottoms,91299532,0,91299532_0.jpeg,1,old_val,false
fashion200k,fashion200k_bottoms,91300256,0,91300256_0.jpeg,1,old_val,false
fashion200k,fashion200k_bottoms,91300888,0,91300888_0.jpeg,1,train,true
fashion200k,fashion200k_bottoms,91301745,0,91301745_0.jpeg,1,train,true
fashion200k,fashion200k_bottoms,91302191,0,91302191_0.jpeg,1,train,true
fashion200k,fashion200k_bottoms,91302743,0,91302743_0.jpeg,1,train,true
fashion200k,fashion200k_bottoms,91304236,0,91304236_0.jpeg,1,old_val,false
fashion200k,fashion200k_bottoms,91304562,0,91304562_0.jpeg,1,train,true
fashion200k,fashion200k_bottoms,91305338,0,91305338_0.jpeg,1,train,true
fashion200k,fashion200k_bottoms,91306289,0,91306289_0.jpeg,1,train,true
fashion200k,fashion200k_bottoms,91306885,0,91306885_0.jpeg,1,train,true
fashion200k,fashion200k_bottoms,91307419,0,91307419_0.jpeg,1,train,true
fashion200k,fashion200k_bottoms,91308255,0,91308255_0.jpeg,1,train,true
fashion200k,fashion200k_bottoms,91309000,0,91309000_0.jpeg,1,train,true
fashion200k,fashion200k_bottoms,91310382,0,91310382_0.jpeg,1,old_val,false
fashion200k,fashion200k_bottoms,91310422,0,91310422_0.jpeg,1,train,true
fashion200k,fashion200k_bottoms,91310428,0,91310428_0.jpeg,1,train,true
fashion200k,fashion200k_bottoms,91310492,0,91310492_0.jpeg,1,train,true
fashion200k,fashion200k_bottoms,91310949,0,91310949_0.jpeg,1,train,true
fashion200k,fashion200k_bottoms,91311029,0,91311029_0.jpeg,1,train,true
fashion200k,fashion200k_bottoms,91311077,0,91311077_0.jpeg,1,train,true
fashion200k,fashion200k_bottoms,91311422,0,91311422_0.jpeg,1,train,true
fashion200k,fashion200k_bottoms,91312097,0,91312097_0.jpeg,1,train,true
fashion200k,fashion200k_bottoms,91312535,0,91312535_0.jpeg,1,old_val,false
fashion200k,fashion200k_bottoms,91312877,0,91312877_0.jpeg,1,train,true
fashion200k,fashion200k_bottoms,91313198,0,91313198_0.jpeg,1,train,true
fashion200k,fashion200k_bottoms,91313620,0,91313620_0.jpeg,1,train,true
fashion200k,fashion200k_bottoms,91314115,0,91314115_0.jpeg,1,train,true
fashion200k,fashion200k_bottoms,91314150,0,91314150_0.jpeg,1,train,true
fashion200k,fashion200k_bottoms,91314255,0,91314255_0.jpeg,1,old_val,false
fashion200k,fashion200k_bottoms,91314385,0,91314385_0.jpeg,1,old_val,false
fashion200k,fashion200k_bottoms,91314984,0,91314984_0.jpeg,1,old_val,false
fashion200k,fashion200k_bottoms,91315240,3,91315240_3.jpeg,1,train,true
fashion200k,fashion200k_bottoms,91315395,0,91315395_0.jpeg,1,train,true
fashion200k,fashion200k_bottoms,91315522,0,91315522_0.jpeg,1,old_val,false
fashion200k,fashion200k_bottoms,91315706,0,91315706_0.jpeg,1,train,true
fashion200k,fashion200k_bottoms,91315990,0,91315990_0.jpeg,1,train,true
fashion200k,fashion200k_bottoms,91316040,0,91316040_0.jpeg,1,train,true
fashion200k,fashion200k_bottoms,91317182,0,91317182_0.jpeg,1,old_val,false
fashion200k,fashion200k_bottoms,91317214,0,91317214_0.jpeg,1,train,true
fashion200k,fashion200k_bottoms,91317987,0,91317987_0.jpeg,1,train,true
fashion200k,fashion200k_bottoms,91318498,0,91318498_0.jpeg,1,train,true
fashion200k,fashion200k_bottoms,91318721,0,91318721_0.jpeg,1,train,true
fashion200k,fashion200k_bottoms,91318898,0,91318898_0.jpeg,1,train,true
fashion200k,fashion200k_bottoms,91322484,0,91322484_0.jpeg,1,train,true
fashion200k,fashion200k_bottoms,91322601,0,91322601_0.jpeg,1,old_val,false
fashion200k,fashion200k_bottoms,91322608,0,91322608_0.jpeg,1,train,true
fashion200k,fashion200k_bottoms,91324021,0,91324021_0.jpeg,1,old_val,false
fashion200k,fashion200k_bottoms,91325004,0,91325004_0.jpeg,1,train,true
fashion200k,fashion200k_bottoms,91325215,0,91325215_0.jpeg,1,old_val,false
fashion200k,fashion200k_bottoms,91325975,0,91325975_0.jpeg,1,train,true
fashion200k,fashion200k_bottoms,91326244,0,91326244_0.jpeg,1,train,true
fashion200k,fashion200k_bottoms,91326937,0,91326937_0.jpeg,1,old_val,false
fashion200k,fashion200k_bottoms,91327189,0,91327189_0.jpeg,1,old_val,false
fashion200k,fashion200k_bottoms,91327714,0,91327714_0.jpeg,1,train,true
fashion200k,fashion200k_bottoms,91328031,0,91328031_0.jpeg,1,train,true
fashion200k,fashion200k_bottoms,91328090,0,91328090_0.jpeg,1,train,true
fashion200k,fashion200k_bottoms,91329071,0,91329071_0.jpeg,1,old_val,false
fashion200k,fashion200k_bottoms,91329183,0,91329183_0.jpeg,1,train,true
fashion200k,fashion200k_bottoms,91329313,0,91329313_0.jpeg,1,train,true
fashion200k,fashion200k_bottoms,91330137,0,91330137_0.jpeg,1,train,true
fashion200k,fashion200k_bottoms,91331159,0,91331159_0.jpeg,1,train,true
fashion200k,fashion200k_bottoms,91331366,0,91331366_0.jpeg,1,train,true
fashion200k,fashion200k_bottoms,91331393,1,91331393_1.jpeg,1,train,true
fashion200k,fashion200k_bottoms,91332113,0,91332113_0.jpeg,1,train,true
fashion200k,fashion200k_bottoms,91332473,0,91332473_0.jpeg,1,train,true
fashion200k,fashion200k_bottoms,91333578,0,91333578_0.jpeg,1,train,true
fashion200k,fashion200k_bottoms,91334168,0,91334168_0.jpeg,1,train,true
fashion200k,fashion200k_bottoms,91334514,0,91334514_0.jpeg,1,train,true
fashion200k,fashion200k_bottoms,91334839,0,91334839_0.jpeg,1,train,true
fashion200k,fashion200k_bottoms,91335264,0,91335264_0.jpeg,1,old_val,false
fashion200k,fashion200k_bottoms,91335513,0,91335513_0.jpeg,1,train,true
fashion200k,fashion200k_bottoms,91335741,0,91335741_0.jpeg,1,train,true
fashion200k,fashion200k_bottoms,91335826,1,91335826_1.jpeg,1,old_val,false
fashion200k,fashion200k_bottoms,91336259,0,91336259_0.jpeg,1,train,true
fashion200k,fashion200k_bottoms,91336609,1,91336609_1.jpeg,1,train,true
fashion200k,fashion200k_bottoms,91336952,0,91336952_0.jpeg,1,train,true
fashion200k,fashion200k_bottoms,91337058,0,91337058_0.jpeg,1,train,true
fashion200k,fashion200k_bottoms,91337112,0,91337112_0.jpeg,1,train,true
fashion200k,fashion200k_bottoms,91337689,0,91337689_0.jpeg,1,train,true
fashion200k,fashion200k_bottoms,91337932,0,91337932_0.jpeg,1,train,true
fashion200k,fashion200k_bottoms,91338258,0,91338258_0.jpeg,1,train,true
fashion200k,fashion200k_bottoms,91338469,0,91338469_0.jpeg,1,train,true
fashion200k,fashion200k_bottoms,91338762,0,91338762_0.jpeg,1,train,true
fashion200k,fashion200k_bottoms,91338827,1,91338827_1.jpeg,1,train,true
fashion200k,fashion200k_bottoms,91338929,0,91338929_0.jpeg,1,train,true
fashion200k,fashion200k_bottoms,91339495,0,91339495_0.jpeg,1,train,true
fashion200k,fashion200k_bottoms,91340185,0,91340185_0.jpeg,1,train,true
fashion200k,fashion200k_bottoms,91340193,0,91340193_0.jpeg,1,old_val,false
fashion200k,fashion200k_bottoms,91340743,0,91340743_0.jpeg,1,train,true
fashion200k,fashion200k_bottoms,91340754,0,91340754_0.jpeg,1,train,true
fashion200k,fashion200k_bottoms,91341062,1,91341062_1.jpeg,1,train,true
fashion200k,fashion200k_bottoms,91341126,0,91341126_0.jpeg,1,train,true
fashion200k,fashion200k_bottoms,91341160,0,91341160_0.jpeg,1,train,true
fashion200k,fashion200k_bottoms,91341642,0,91341642_0.jpeg,1,train,true
fashion200k,fashion200k_bottoms,91341797,0,91341797_0.jpeg,1,train,true
fashion200k,fashion200k_bottoms,91341921,1,91341921_1.jpeg,1,train,true
fashion200k,fashion200k_bottoms,91342697,0,91342697_0.jpeg,1,train,true
fashion200k,fashion200k_bottoms,91342958,0,91342958_0.jpeg,1,train,true
fashion200k,fashion200k_bottoms,91343639,0,91343639_0.jpeg,1,train,true
fashion200k,fashion200k_bottoms,91344021,1,91344021_1.jpeg,1,train,true
fashion200k,fashion200k_bottoms,91345301,0,91345301_0.jpeg,1,old_val,false
fashion200k,fashion200k_bottoms,91345864,0,91345864_0.jpeg,1,train,true
fashion200k,fashion200k_bottoms,91345995,0,91345995_0.jpeg,1,train,true
fashion200k,fashion200k_bottoms,91346075,0,91346075_0.jpeg,1,old_val,false
fashion200k,fashion200k_bottoms,91346183,0,91346183_0.jpeg,1,train,true
fashion200k,fashion200k_bottoms,91346233,0,91346233_0.jpeg,1,old_val,false
fashion200k,fashion200k_bottoms,91346812,0,91346812_0.jpeg,1,train,true
fashion200k,fashion200k_bottoms,91348625,0,91348625_0.jpeg,1,old_val,false
fashion200k,fashion200k_bottoms,91348698,0,91348698_0.jpeg,1,old_val,false
fashion200k,fashion200k_bottoms,91348919,0,91348919_0.jpeg,1,old_val,false
fashion200k,fashion200k_bottoms,91349258,0,91349258_0.jpeg,1,old_val,false
fashion200k,fashion200k_bottoms,91349318,0,91349318_0.jpeg,1,train,true
fashion200k,fashion200k_bottoms,91349450,0,91349450_0.jpeg,1,train,true
fashion200k,fashion200k_bottoms,91349542,0,91349542_0.jpeg,1,train,true
fashion200k,fashion200k_bottoms,91349867,0,91349867_0.jpeg,1,train,true
fashion200k,fashion200k_bottoms,91349887,0,91349887_0.jpeg,1,train,true
fashion200k,fashion200k_bottoms,91350014,0,91350014_0.jpeg,1,train,true
fashion200k,fashion200k_bottoms,91350192,0,91350192_0.jpeg,1,train,true
fashion200k,fashion200k_bottoms,91351682,0,91351682_0.jpeg,1,train,true
fashion200k,fashion200k_bottoms,91351752,0,91351752_0.jpeg,1,train,true
fashion200k,fashion200k_bottoms,91352360,0,91352360_0.jpeg,1,train,true
fashion200k,fashion200k_bottoms,91352694,1,91352694_1.jpeg,1,train,true
fashion200k,fashion200k_bottoms,91352948,0,91352948_0.jpeg,1,train,true
fashion200k,fashion200k_bottoms,91352989,0,91352989_0.jpeg,1,train,true
fashion200k,fashion200k_bottoms,91353235,0,91353235_0.jpeg,1,train,true
fashion200k,fashion200k_bottoms,91353725,0,91353725_0.jpeg,1,train,true
fashion200k,fashion200k_bottoms,91354121,0,91354121_0.jpeg,1,train,true
fashion200k,fashion200k_bottoms,91354660,1,91354660_1.jpeg,1,train,true
fashion200k,fashion200k_bottoms,91354996,0,91354996_0.jpeg,1,train,true
fashion200k,fashion200k_bottoms,91355033,0,91355033_0.jpeg,1,train,true
fashion200k,fashion200k_bottoms,91355223,0,91355223_0.jpeg,1,train,true
fashion200k,fashion200k_bottoms,91355234,0,91355234_0.jpeg,1,train,true
fashion200k,fashion200k_bottoms,91355300,0,91355300_0.jpeg,1,old_val,false
fashion200k,fashion200k_bottoms,91355474,1,91355474_1.jpeg,1,train,true
fashion200k,fashion200k_bottoms,91356097,0,91356097_0.jpeg,1,train,true
fashion200k,fashion200k_bottoms,91356320,0,91356320_0.jpeg,1,old_val,false
fashion200k,fashion200k_bottoms,91356434,0,91356434_0.jpeg,1,train,true
fashion200k,fashion200k_bottoms,91356731,0,91356731_0.jpeg,1,old_val,false
fashion200k,fashion200k_bottoms,91357604,0,91357604_0.jpeg,1,train,true
fashion200k,fashion200k_bottoms,91357928,0,91357928_0.jpeg,1,train,true
fashion200k,fashion200k_bottoms,91359226,0,91359226_0.jpeg,1,train,true
fashion200k,fashion200k_bottoms,91360924,0,91360924_0.jpeg,1,train,true
fashion200k,fashion200k_bottoms,91361035,0,91361035_0.jpeg,1,train,true
fashion200k,fashion200k_bottoms,91361063,0,91361063_0.jpeg,1,train,true
fashion200k,fashion200k_bottoms,91361260,0,91361260_0.jpeg,1,train,true
fashion200k,fashion200k_bottoms,91361393,0,91361393_0.jpeg,1,train,true
fashion200k,fashion200k_bottoms,91361730,0,91361730_0.jpeg,1,train,true
fashion200k,fashion200k_bottoms,91363994,0,91363994_0.jpeg,1,train,true
fashion200k,fashion200k_bottoms,91364087,0,91364087_0.jpeg,1,train,true
fashion200k,fashion200k_bottoms,91364481,0,91364481_0.jpeg,1,train,true
fashion200k,fashion200k_bottoms,91365084,0,91365084_0.jpeg,1,train,true
fashion200k,fashion200k_bottoms,91365315,0,91365315_0.jpeg,1,train,true
fashion200k,fashion200k_bottoms,91366162,0,91366162_0.jpeg,1,old_val,false
fashion200k,fashion200k_bottoms,91366203,0,91366203_0.jpeg,1,train,true
fashion200k,fashion200k_bottoms,91366543,3,91366543_3.jpeg,1,train,true
fashion200k,fashion200k_bottoms,91367508,0,91367508_0.jpeg,1,old_val,false
fashion200k,fashion200k_bottoms,91367985,0,91367985_0.jpeg,1,train,true
fashion200k,fashion200k_bottoms,91369422,0,91369422_0.jpeg,1,train,true
fashion200k,fashion200k_bottoms,91369434,0,91369434_0.jpeg,1,train,true
fashion200k,fashion200k_bottoms,91369440,0,91369440_0.jpeg,1,train,true
fashion200k,fashion200k_bottoms,91370663,0,91370663_0.jpeg,1,old_val,false
fashion200k,fashion200k_bottoms,91370706,0,91370706_0.jpeg,1,train,true
fashion200k,fashion200k_bottoms,91370948,0,91370948_0.jpeg,1,old_val,false
fashion200k,fashion200k_bottoms,91371675,0,91371675_0.jpeg,1,train,true
fashion200k,fashion200k_bottoms,91371979,1,91371979_1.jpeg,1,train,true
fashion200k,fashion200k_bottoms,91372071,0,91372071_0.jpeg,1,train,true
fashion200k,fashion200k_bottoms,91372307,0,91372307_0.jpeg,1,train,true
fashion200k,fashion200k_bottoms,91372784,0,91372784_0.jpeg,1,train,true
fashion200k,fashion200k_bottoms,91373457,0,91373457_0.jpeg,1,train,true
fashion200k,fashion200k_bottoms,91373503,0,91373503_0.jpeg,1,train,true
fashion200k,fashion200k_bottoms,91373620,0,91373620_0.jpeg,1,train,true
fashion200k,fashion200k_bottoms,91374682,0,91374682_0.jpeg,1,train,true
fashion200k,fashion200k_bottoms,91374715,0,91374715_0.jpeg,1,train,true
fashion200k,fashion200k_bottoms,91375129,0,91375129_0.jpeg,1,train,true
fashion200k,fashion200k_bottoms,91375414,1,91375414_1.jpeg,1,train,true
fashion200k,fashion200k_bottoms,91375670,0,91375670_0.jpeg,1,train,true
fashion200k,fashion200k_bottoms,91375686,1,91375686_1.jpeg,1,train,true
fashion200k,fashion200k_bottoms,91376625,0,91376625_0.jpeg,1,old_val,false
fashion200k,fashion200k_bottoms,91377943,0,91377943_0.jpeg,1,train,true
fashion200k,fashion200k_bottoms,91378224,0,91378224_0.jpeg,1,old_val,false
fashion200k,fashion200k_bottoms,91378495,0,91378495_0.jpeg,1,train,true
fashion200k,fashion200k_bottoms,91382239,0,91382239_0.jpeg,1,train,true
fashion200k,fashion200k_bottoms,91382914,1,91382914_1.jpeg,1,train,true
fashion200k,fashion200k_bottoms,91383052,1,91383052_1.jpeg,1,old_val,false
fashion200k,fashion200k_bottoms,91383861,0,91383861_0.jpeg,1,train,true
fashion200k,fashion200k_bottoms,91384374,0,91384374_0.jpeg,1,train,true
fashion200k,fashion200k_bottoms,91384463,0,91384463_0.jpeg,1,train,true
fashion200k,fashion200k_bottoms,91385115,0,91385115_0.jpeg,1,train,true
fashion200k,fashion200k_bottoms,91385340,0,91385340_0.jpeg,1,train,true
fashion200k,fashion200k_bottoms,91385458,0,91385458_0.jpeg,1,old_val,false
fashion200k,fashion200k_bottoms,91386018,0,91386018_0.jpeg,1,train,true
fashion200k,fashion200k_bottoms,91386180,0,91386180_0.jpeg,1,train,true
fashion200k,fashion200k_bottoms,91386770,0,91386770_0.jpeg,1,train,true
fashion200k,fashion200k_bottoms,91387160,0,91387160_0.jpeg,1,train,true
fashion200k,fashion200k_bottoms,91388568,0,91388568_0.jpeg,1,train,true
fashion200k,fashion200k_bottoms,91388677,0,91388677_0.jpeg,1,train,true
fashion200k,fashion200k_bottoms,91389161,0,91389161_0.jpeg,1,train,true
fashion200k,fashion200k_bottoms,91389318,0,91389318_0.jpeg,1,train,true
fashion200k,fashion200k_bottoms,91389660,0,91389660_0.jpeg,1,train,true
fashion200k,fashion200k_bottoms,91389891,0,91389891_0.jpeg,1,train,true
fashion200k,fashion200k_bottoms,91389902,0,91389902_0.jpeg,1,old_val,false
fashion200k,fashion200k_bottoms,91390515,0,91390515_0.jpeg,1,train,true
fashion200k,fashion200k_bottoms,91391886,1,91391886_1.jpeg,1,old_val,false
fashion200k,fashion200k_bottoms,91392320,0,91392320_0.jpeg,1,train,true
fashion200k,fashion200k_bottoms,91392795,0,91392795_0.jpeg,1,train,true
fashion200k,fashion200k_bottoms,91393411,0,91393411_0.jpeg,1,train,true
fashion200k,fashion200k_bottoms,91396272,0,91396272_0.jpeg,1,train,true
fashion200k,fashion200k_bottoms,91397136,0,91397136_0.jpeg,1,train,true
fashion200k,fashion200k_bottoms,91397718,1,91397718_1.jpeg,1,train,true
fashion200k,fashion200k_bottoms,91398299,0,91398299_0.jpeg,1,train,true
fashion200k,fashion200k_bottoms,91400386,1,91400386_1.jpeg,1,train,true
fashion200k,fashion200k_bottoms,91401578,2,91401578_2.jpeg,1,old_val,false
fashion200k,fashion200k_bottoms,91402953,1,91402953_1.jpeg,1,train,true
fashion200k,fashion200k_bottoms,91404414,0,91404414_0.jpeg,1,train,true
fashion200k,fashion200k_bottoms,91406030,0,91406030_0.jpeg,1,train,true
fashion200k,fashion200k_bottoms,91406186,0,91406186_0.jpeg,1,train,true
fashion200k,fashion200k_bottoms,91406874,1,91406874_1.jpeg,1,old_val,false
fashion200k,fashion200k_bottoms,91407032,0,91407032_0.jpeg,1,old_val,false
fashion200k,fashion200k_bottoms,91407051,0,91407051_0.jpeg,1,train,true
fashion200k,fashion200k_bottoms,91407083,0,91407083_0.jpeg,1,old_val,false
fashion200k,fashion200k_bottoms,91407302,0,91407302_0.jpeg,1,old_val,false
fashion200k,fashion200k_bottoms,91407431,0,91407431_0.jpeg,1,old_val,false
fashion200k,fashion200k_bottoms,91407615,0,91407615_0.jpeg,1,train,true
fashion200k,fashion200k_bottoms,91407856,0,91407856_0.jpeg,1,train,true
fashion200k,fashion200k_bottoms,91408120,0,91408120_0.jpeg,1,train,true
fashion200k,fashion200k_bottoms,91408349,0,91408349_0.jpeg,1,train,true
fashion200k,fashion200k_bottoms,91408454,0,91408454_0.jpeg,1,train,true
fashion200k,fashion200k_bottoms,91408587,0,91408587_0.jpeg,1,train,true
fashion200k,fashion200k_bottoms,91408662,0,91408662_0.jpeg,1,train,true
fashion200k,fashion200k_bottoms,91408787,0,91408787_0.jpeg,1,train,true
fashion200k,fashion200k_bottoms,91408942,0,91408942_0.jpeg,1,train,true
fashion200k,fashion200k_bottoms,91408987,0,91408987_0.jpeg,1,train,true
fashion200k,fashion200k_bottoms,91409094,0,91409094_0.jpeg,1,train,true
fashion200k,fashion200k_bottoms,91409107,0,91409107_0.jpeg,1,train,true
fashion200k,fashion200k_bottoms,91409175,0,91409175_0.jpeg,1,train,true
fashion200k,fashion200k_bottoms,91409341,0,91409341_0.jpeg,1,train,true
fashion200k,fashion200k_bottoms,91409392,0,91409392_0.jpeg,1,train,true
fashion200k,fashion200k_bottoms,91409877,0,91409877_0.jpeg,1,train,true
fashion200k,fashion200k_bottoms,91410019,0,91410019_0.jpeg,1,train,true
fashion200k,fashion200k_bottoms,91410050,0,91410050_0.jpeg,1,train,true
fashion200k,fashion200k_bottoms,91410344,0,91410344_0.jpeg,1,old_val,false
fashion200k,fashion200k_bottoms,91410428,0,91410428_0.jpeg,1,old_val,false
fashion200k,fashion200k_bottoms,91410574,0,91410574_0.jpeg,1,train,true
fashion200k,fashion200k_bottoms,91410834,0,91410834_0.jpeg,1,train,true
fashion200k,fashion200k_bottoms,91410858,0,91410858_0.jpeg,1,train,true
fashion200k,fashion200k_bottoms,91411085,0,91411085_0.jpeg,1,train,true
fashion200k,fashion200k_bottoms,91411110,0,91411110_0.jpeg,1,train,true
fashion200k,fashion200k_bottoms,91411118,0,91411118_0.jpeg,1,train,true
fashion200k,fashion200k_bottoms,91411135,1,91411135_1.jpeg,1,train,true
fashion200k,fashion200k_bottoms,91411381,0,91411381_0.jpeg,1,train,true
fashion200k,fashion200k_bottoms,91411389,0,91411389_0.jpeg,1,train,true
fashion200k,fashion200k_bottoms,91411582,0,91411582_0.jpeg,1,train,true
fashion200k,fashion200k_bottoms,91411916,0,91411916_0.jpeg,1,train,true
fashion200k,fashion200k_bottoms,91412202,0,91412202_0.jpeg,1,train,true
fashion200k,fashion200k_bottoms,91412547,0,91412547_0.jpeg,1,train,true
fashion200k,fashion200k_bottoms,91412813,0,91412813_0.jpeg,1,old_val,false
fashion200k,fashion200k_bottoms,91413206,0,91413206_0.jpeg,1,train,true
fashion200k,fashion200k_bottoms,91413389,0,91413389_0.jpeg,1,train,true
fashion200k,fashion200k_bottoms,91413462,0,91413462_0.jpeg,1,train,true
fashion200k,fashion200k_bottoms,91415250,0,91415250_0.jpeg,1,train,true
fashion200k,fashion200k_bottoms,91415749,0,91415749_0.jpeg,1,old_val,false
fashion200k,fashion200k_bottoms,91415816,0,91415816_0.jpeg,1,old_val,false
fashion200k,fashion200k_bottoms,91415839,0,91415839_0.jpeg,1,old_val,false
fashion200k,fashion200k_bottoms,91416470,0,91416470_0.jpeg,1,old_val,false
fashion200k,fashion200k_bottoms,91416889,0,91416889_0.jpeg,1,train,true
fashion200k,fashion200k_bottoms,91417168,0,91417168_0.jpeg,1,train,true
fashion200k,fashion200k_bottoms,91418754,3,91418754_3.jpeg,1,old_val,false
fashion200k,fashion200k_bottoms,91419121,0,91419121_0.jpeg,1,train,true
fashion200k,fashion200k_bottoms,91419642,0,91419642_0.jpeg,1,old_val,false
fashion200k,fashion200k_bottoms,91420720,0,91420720_0.jpeg,1,train,true
fashion200k,fashion200k_bottoms,91422264,0,91422264_0.jpeg,1,train,true
fashion200k,fashion200k_bottoms,91422465,0,91422465_0.jpeg,1,old_val,false
fashion200k,fashion200k_bottoms,91424673,0,91424673_0.jpeg,1,train,true
fashion200k,fashion200k_bottoms,91424713,0,91424713_0.jpeg,1,train,true
fashion200k,fashion200k_bottoms,91424716,0,91424716_0.jpeg,1,train,true
fashion200k,fashion200k_bottoms,91424744,0,91424744_0.jpeg,1,train,true
fashion200k,fashion200k_bottoms,91427030,0,91427030_0.jpeg,1,train,true
fashion200k,fashion200k_bottoms,91427888,0,91427888_0.jpeg,1,train,true
fashion200k,fashion200k_bottoms,91428732,0,91428732_0.jpeg,1,train,true
fashion200k,fashion200k_bottoms,91429762,0,91429762_0.jpeg,1,train,true
fashion200k,fashion200k_bottoms,91429959,0,91429959_0.jpeg,1,old_val,false
fashion200k,fashion200k_bottoms,91430614,1,91430614_1.jpeg,1,train,true
fashion200k,fashion200k_bottoms,91431850,0,91431850_0.jpeg,1,train,true
fashion200k,fashion200k_bottoms,91431861,0,91431861_0.jpeg,1,train,true
fashion200k,fashion200k_bottoms,91433819,0,91433819_0.jpeg,1,train,true
fashion200k,fashion200k_bottoms,91433901,0,91433901_0.jpeg,1,old_val,false
fashion200k,fashion200k_bottoms,91434340,0,91434340_0.jpeg,1,train,true
fashion200k,fashion200k_bottoms,91434440,0,91434440_0.jpeg,1,train,true
fashion200k,fashion200k_bottoms,91434759,0,91434759_0.jpeg,1,train,true
fashion200k,fashion200k_bottoms,91435018,0,91435018_0.jpeg,1,old_val,false
fashion200k,fashion200k_bottoms,91435052,0,91435052_0.jpeg,1,train,true
fashion200k,fashion200k_bottoms,91435160,0,91435160_0.jpeg,1,train,true
fashion200k,fashion200k_bottoms,91436181,0,91436181_0.jpeg,1,train,true
fashion200k,fashion200k_bottoms,91436263,0,91436263_0.jpeg,1,old_val,false
fashion200k,fashion200k_bottoms,91436266,1,91436266_1.jpeg,1,train,true
fashion200k,fashion200k_bottoms,91436598,0,91436598_0.jpeg,1,train,true
fashion200k,fashion200k_bottoms,91437335,0,91437335_0.jpeg,1,train,true
fashion200k,fashion200k_bottoms,91437395,0,91437395_0.jpeg,1,train,true
fashion200k,fashion200k_bottoms,91437597,0,91437597_0.jpeg,1,train,true
fashion200k,fashion200k_supplement,46326804,0,46326804_0.jpeg,1,train,true
fashion200k,fashion200k_supplement,46664934,1,46664934_1.jpeg,1,train,true
fashion200k,fashion200k_supplement,47345448,2,47345448_2.jpeg,1,train,true
fashion200k,fashion200k_supplement,49986230,0,49986230_0.jpeg,1,old_val,false
fashion200k,fashion200k_supplement,51669457,0,51669457_0.jpeg,1,train,true
fashion200k,fashion200k_supplement,54870014,0,54870014_0.jpeg,1,train,true
fashion200k,fashion200k_supplement,57013974,0,57013974_0.jpeg,1,train,true
fashion200k,fashion200k_supplement,57037983,3,57037983_3.jpeg,1,train,true
fashion200k,fashion200k_supplement,58746480,0,58746480_0.jpeg,1,train,true
fashion200k,fashion200k_supplement,60511244,0,60511244_0.jpeg,1,train,true
fashion200k,fashion200k_supplement,61552469,0,61552469_0.jpeg,1,train,true
fashion200k,fashion200k_supplement,62867993,0,62867993_0.jpeg,1,train,true
fashion200k,fashion200k_supplement,63025800,1,63025800_1.jpeg,1,train,true
fashion200k,fashion200k_supplement,64727118,1,64727118_1.jpeg,1,train,true
fashion200k,fashion200k_supplement,66587287,0,66587287_0.jpeg,1,train,true
fashion200k,fashion200k_supplement,70474284,0,70474284_0.jpeg,1,train,true
fashion200k,fashion200k_supplement,71524926,0,71524926_0.jpeg,1,train,true
fashion200k,fashion200k_supplement,71557445,0,71557445_0.jpeg,1,train,true
fashion200k,fashion200k_supplement,71696875,0,71696875_0.jpeg,1,train,true
fashion200k,fashion200k_supplement,72021525,1,72021525_1.jpeg,1,old_val,false
fashion200k,fashion200k_supplement,72640772,0,72640772_0.jpeg,1,old_val,false
fashion200k,fashion200k_supplement,73048635,1,73048635_1.jpeg,1,train,true
fashion200k,fashion200k_supplement,73251806,0,73251806_0.jpeg,1,old_val,false
fashion200k,fashion200k_supplement,74650526,0,74650526_0.jpeg,1,train,true
fashion200k,fashion200k_supplement,75287319,1,75287319_1.jpeg,1,train,true
fashion200k,fashion200k_supplement,76071495,1,76071495_1.jpeg,1,train,true
fashion200k,fashion200k_supplement,76416927,0,76416927_0.jpeg,1,train,true
fashion200k,fashion200k_supplement,77513498,0,77513498_0.jpeg,1,train,true
fashion200k,fashion200k_supplement,78504326,2,78504326_2.jpeg,1,train,true
fashion200k,fashion200k_supplement,78588936,0,78588936_0.jpeg,1,train,true
fashion200k,fashion200k_supplement,79207560,1,79207560_1.jpeg,1,train,true
fashion200k,fashion200k_supplement,79672722,2,79672722_2.jpeg,1,old_val,false
fashion200k,fashion200k_supplement,79907353,0,79907353_0.jpeg,1,train,true
fashion200k,fashion200k_supplement,80758724,0,80758724_0.jpeg,1,train,true
fashion200k,fashion200k_supplement,80760798,0,80760798_0.jpeg,1,train,true
fashion200k,fashion200k_supplement,82165691,0,82165691_0.jpeg,1,train,true
fashion200k,fashion200k_supplement,83539759,3,83539759_3.jpeg,1,old_val,false
fashion200k,fashion200k_supplement,83806642,0,83806642_0.jpeg,1,train,true
fashion200k,fashion200k_supplement,83822871,1,83822871_1.jpeg,1,train,true
fashion200k,fashion200k_supplement,84349191,0,84349191_0.jpeg,1,train,true
fashion200k,fashion200k_supplement,84351630,0,84351630_0.jpeg,1,train,true
fashion200k,fashion200k_supplement,86628743,0,86628743_0.jpeg,1,train,true
fashion200k,fashion200k_supplement,86878161,4,86878161_4.jpeg,1,train,true
fashion200k,fashion200k_supplement,86938444,0,86938444_0.jpeg,1,old_val,false
fashion200k,fashion200k_supplement,87000431,0,87000431_0.jpeg,1,train,true
fashion200k,fashion200k_supplement,87576096,0,87576096_0.jpeg,1,train,true
fashion200k,fashion200k_supplement,87735984,2,87735984_2.jpeg,1,train,true
fashion200k,fashion200k_supplement,87739980,0,87739980_0.jpeg,1,train,true
fashion200k,fashion200k_supplement,87767881,0,87767881_0.jpeg,1,old_val,false
fashion200k,fashion200k_supplement,87786075,0,87786075_0.jpeg,1,train,true
fashion200k,fashion200k_supplement,87918375,0,87918375_0.jpeg,1,train,true
fashion200k,fashion200k_supplement,87950528,0,87950528_0.jpeg,1,old_val,false
fashion200k,fashion200k_supplement,88065969,1,88065969_1.jpeg,1,train,true
fashion200k,fashion200k_supplement,88066562,1,88066562_1.jpeg,1,train,true
fashion200k,fashion200k_supplement,88217773,0,88217773_0.jpeg,1,train,true
fashion200k,fashion200k_supplement,88274526,0,88274526_0.jpeg,1,train,true
fashion200k,fashion200k_supplement,88292411,0,88292411_0.jpeg,1,train,true
fashion200k,fashion200k_supplement,88299190,0,88299190_0.jpeg,1,old_val,false
fashion200k,fashion200k_supplement,88304200,0,88304200_0.jpeg,1,train,true
fashion200k,fashion200k_supplement,88411066,0,88411066_0.jpeg,1,train,true
fashion200k,fashion200k_supplement,88587984,0,88587984_0.jpeg,1,old_val,false
fashion200k,fashion200k_supplement,88616260,0,88616260_0.jpeg,1,train,true
fashion200k,fashion200k_supplement,88647802,0,88647802_0.jpeg,1,train,true
fashion200k,fashion200k_supplement,88657798,0,88657798_0.jpeg,1,old_val,false
fashion200k,fashion200k_supplement,88666501,0,88666501_0.jpeg,1,old_val,false
fashion200k,fashion200k_supplement,88676018,0,88676018_0.jpeg,1,train,true
fashion200k,fashion200k_supplement,88730883,1,88730883_1.jpeg,1,train,true
fashion200k,fashion200k_supplement,88754253,0,88754253_0.jpeg,1,train,true
fashion200k,fashion200k_supplement,88765317,0,88765317_0.jpeg,1,train,true
fashion200k,fashion200k_supplement,88810786,0,88810786_0.jpeg,1,old_val,false
fashion200k,fashion200k_supplement,88813457,0,88813457_0.jpeg,1,train,true
fashion200k,fashion200k_supplement,88820217,0,88820217_0.jpeg,1,train,true
fashion200k,fashion200k_supplement,88830803,3,88830803_3.jpeg,1,train,true
fashion200k,fashion200k_supplement,88848276,0,88848276_0.jpeg,1,train,true
fashion200k,fashion200k_supplement,88881905,0,88881905_0.jpeg,1,train,true
fashion200k,fashion200k_supplement,88904375,0,88904375_0.jpeg,1,old_val,false
fashion200k,fashion200k_supplement,88933498,1,88933498_1.jpeg,1,train,true
fashion200k,fashion200k_supplement,88940971,0,88940971_0.jpeg,1,train,true
fashion200k,fashion200k_supplement,88941441,0,88941441_0.jpeg,1,train,true
fashion200k,fashion200k_supplement,88943458,0,88943458_0.jpeg,1,train,true
fashion200k,fashion200k_supplement,88944899,0,88944899_0.jpeg,1,train,true
fashion200k,fashion200k_supplement,89003539,0,89003539_0.jpeg,1,old_val,false
fashion200k,fashion200k_supplement,89006725,1,89006725_1.jpeg,1,train,true
fashion200k,fashion200k_supplement,89013123,0,89013123_0.jpeg,1,train,true
fashion200k,fashion200k_supplement,89055089,0,89055089_0.jpeg,1,train,true
fashion200k,fashion200k_supplement,89056197,0,89056197_0.jpeg,1,train,true
fashion200k,fashion200k_supplement,89058583,0,89058583_0.jpeg,1,train,true
fashion200k,fashion200k_supplement,89102313,0,89102313_0.jpeg,1,train,true
fashion200k,fashion200k_supplement,89125565,0,89125565_0.jpeg,1,train,true
fashion200k,fashion200k_supplement,89127655,0,89127655_0.jpeg,1,train,true
fashion200k,fashion200k_supplement,89128191,0,89128191_0.jpeg,1,old_val,false
fashion200k,fashion200k_supplement,89152278,0,89152278_0.jpeg,1,old_val,false
fashion200k,fashion200k_supplement,89197313,0,89197313_0.jpeg,1,train,true
fashion200k,fashion200k_supplement,89225403,1,89225403_1.jpeg,1,train,true
fashion200k,fashion200k_supplement,89243168,0,89243168_0.jpeg,1,train,true
fashion200k,fashion200k_supplement,89244709,0,89244709_0.jpeg,1,train,true
fashion200k,fashion200k_supplement,89257660,0,89257660_0.jpeg,1,train,true
fashion200k,fashion200k_supplement,89257796,0,89257796_0.jpeg,1,old_val,false
fashion200k,fashion200k_supplement,89271271,0,89271271_0.jpeg,1,train,true
fashion200k,fashion200k_supplement,89272267,0,89272267_0.jpeg,1,train,true
fashion200k,fashion200k_supplement,89276274,0,89276274_0.jpeg,1,train,true
fashion200k,fashion200k_supplement,89280142,0,89280142_0.jpeg,1,train,true
fashion200k,fashion200k_supplement,89285823,1,89285823_1.jpeg,1,train,true
fashion200k,fashion200k_supplement,89291647,0,89291647_0.jpeg,1,train,true
fashion200k,fashion200k_supplement,89291886,0,89291886_0.jpeg,1,train,true
fashion200k,fashion200k_supplement,89297524,0,89297524_0.jpeg,1,train,true
fashion200k,fashion200k_supplement,89353003,1,89353003_1.jpeg,1,train,true
fashion200k,fashion200k_supplement,89355133,0,89355133_0.jpeg,1,train,true
fashion200k,fashion200k_supplement,89369615,0,89369615_0.jpeg,1,train,true
fashion200k,fashion200k_supplement,89371461,0,89371461_0.jpeg,1,train,true
fashion200k,fashion200k_supplement,89371712,0,89371712_0.jpeg,1,train,true
fashion200k,fashion200k_supplement,89399607,0,89399607_0.jpeg,1,train,true
fashion200k,fashion200k_supplement,89411494,0,89411494_0.jpeg,1,train,true
fashion200k,fashion200k_supplement,89422120,0,89422120_0.jpeg,1,old_val,false
fashion200k,fashion200k_supplement,89435830,1,89435830_1.jpeg,1,train,true
fashion200k,fashion200k_supplement,89456903,1,89456903_1.jpeg,1,train,true
fashion200k,fashion200k_supplement,89462818,3,89462818_3.jpeg,1,train,true
fashion200k,fashion200k_supplement,89479245,0,89479245_0.jpeg,1,train,true
fashion200k,fashion200k_supplement,89525111,0,89525111_0.jpeg,1,old_val,false
fashion200k,fashion200k_supplement,89529352,0,89529352_0.jpeg,1,train,true
fashion200k,fashion200k_supplement,89547612,3,89547612_3.jpeg,1,train,true
fashion200k,fashion200k_supplement,89551124,0,89551124_0.jpeg,1,train,true
fashion200k,fashion200k_supplement,89557606,0,89557606_0.jpeg,1,train,true
fashion200k,fashion200k_supplement,89607980,1,89607980_1.jpeg,1,train,true
fashion200k,fashion200k_supplement,89609868,0,89609868_0.jpeg,1,train,true
fashion200k,fashion200k_supplement,89656072,0,89656072_0.jpeg,1,train,true
fashion200k,fashion200k_supplement,89663173,0,89663173_0.jpeg,1,train,true
fashion200k,fashion200k_supplement,89663483,0,89663483_0.jpeg,1,old_val,false
fashion200k,fashion200k_supplement,89689370,0,89689370_0.jpeg,1,train,true
fashion200k,fashion200k_supplement,89727944,0,89727944_0.jpeg,1,train,true
fashion200k,fashion200k_supplement,89845538,0,89845538_0.jpeg,1,old_val,false
fashion200k,fashion200k_supplement,89853130,2,89853130_2.jpeg,1,train,true
fashion200k,fashion200k_supplement,89876982,0,89876982_0.jpeg,1,train,true
fashion200k,fashion200k_supplement,89950443,0,89950443_0.jpeg,1,train,true
fashion200k,fashion200k_supplement,89977717,0,89977717_0.jpeg,1,train,true
fashion200k,fashion200k_supplement,89978910,0,89978910_0.jpeg,1,train,true
fashion200k,fashion200k_supplement,89988297,0,89988297_0.jpeg,1,old_val,false
fashion200k,fashion200k_supplement,90036506,0,90036506_0.jpeg,1,old_val,false
fashion200k,fashion200k_supplement,90039086,0,90039086_0.jpeg,1,old_val,false
fashion200k,fashion200k_supplement,90055057,0,90055057_0.jpeg,1,old_val,false
fashion200k,fashion200k_supplement,90055239,0,90055239_0.jpeg,1,train,true
fashion200k,fashion200k_supplement,90071517,0,90071517_0.jpeg,1,old_val,false
fashion200k,fashion200k_supplement,90078246,0,90078246_0.jpeg,1,train,true
fashion200k,fashion200k_supplement,90079819,0,90079819_0.jpeg,1,train,true
fashion200k,fashion200k_supplement,90102565,1,90102565_1.jpeg,1,old_val,false
fashion200k,fashion200k_supplement,90135049,0,90135049_0.jpeg,1,train,true
fashion200k,fashion200k_supplement,90145881,0,90145881_0.jpeg,1,train,true
fashion200k,fashion200k_supplement,90157449,0,90157449_0.jpeg,1,old_val,false
fashion200k,fashion200k_supplement,90159824,0,90159824_0.jpeg,1,train,true
fashion200k,fashion200k_supplement,90171335,0,90171335_0.jpeg,1,train,true
fashion200k,fashion200k_supplement,90171900,1,90171900_1.jpeg,1,train,true
fashion200k,fashion200k_supplement,90176862,0,90176862_0.jpeg,1,train,true
fashion200k,fashion200k_supplement,90184839,0,90184839_0.jpeg,1,train,true
fashion200k,fashion200k_supplement,90224412,1,90224412_1.jpeg,1,old_val,false
fashion200k,fashion200k_supplement,90248247,0,90248247_0.jpeg,1,train,true
fashion200k,fashion200k_supplement,90250516,0,90250516_0.jpeg,1,old_val,false
fashion200k,fashion200k_supplement,90257383,0,90257383_0.jpeg,1,train,true
fashion200k,fashion200k_supplement,90259965,1,90259965_1.jpeg,1,train,true
fashion200k,fashion200k_supplement,90280443,0,90280443_0.jpeg,1,old_val,false
fashion200k,fashion200k_supplement,90294729,0,90294729_0.jpeg,1,old_val,false
fashion200k,fashion200k_supplement,90308518,0,90308518_0.jpeg,1,train,true
fashion200k,fashion200k_supplement,90323731,0,90323731_0.jpeg,1,train,true
fashion200k,fashion200k_supplement,90333673,0,90333673_0.jpeg,1,train,true
fashion200k,fashion200k_supplement,90353378,0,90353378_0.jpeg,1,train,true
fashion200k,fashion200k_supplement,90368930,0,90368930_0.jpeg,1,old_val,false
fashion200k,fashion200k_supplement,90391287,0,90391287_0.jpeg,1,train,true
fashion200k,fashion200k_supplement,90412228,0,90412228_0.jpeg,1,train,true
fashion200k,fashion200k_supplement,90429762,0,90429762_0.jpeg,1,train,true
fashion200k,fashion200k_supplement,90456466,0,90456466_0.jpeg,1,old_val,false
fashion200k,fashion200k_supplement,90466995,0,90466995_0.jpeg,1,old_val,false
fashion200k,fashion200k_supplement,90467305,1,90467305_1.jpeg,1,train,true
fashion200k,fashion200k_supplement,90492850,0,90492850_0.jpeg,1,train,true
fashion200k,fashion200k_supplement,90505309,0,90505309_0.jpeg,1,train,true
fashion200k,fashion200k_supplement,90524081,0,90524081_0.jpeg,1,train,true
fashion200k,fashion200k_supplement,90533790,0,90533790_0.jpeg,1,train,true
fashion200k,fashion200k_supplement,90538785,0,90538785_0.jpeg,1,train,true
fashion200k,fashion200k_supplement,90542611,0,90542611_0.jpeg,1,train,true
fashion200k,fashion200k_supplement,90544384,0,90544384_0.jpeg,1,old_val,false
fashion200k,fashion200k_supplement,90550185,0,90550185_0.jpeg,1,old_val,false
fashion200k,fashion200k_supplement,90555610,0,90555610_0.jpeg,1,train,true
fashion200k,fashion200k_supplement,90565714,0,90565714_0.jpeg,1,old_val,false
fashion200k,fashion200k_supplement,90569998,0,90569998_0.jpeg,1,train,true
fashion200k,fashion200k_supplement,90572468,4,90572468_4.jpeg,1,train,true
fashion200k,fashion200k_supplement,90611026,0,90611026_0.jpeg,1,train,true
fashion200k,fashion200k_supplement,90612059,0,90612059_0.jpeg,1,old_val,false
fashion200k,fashion200k_supplement,90634314,0,90634314_0.jpeg,1,train,true
fashion200k,fashion200k_supplement,90642298,0,90642298_0.jpeg,1,train,true
fashion200k,fashion200k_supplement,90642545,0,90642545_0.jpeg,1,old_val,false
fashion200k,fashion200k_supplement,90645013,0,90645013_0.jpeg,1,old_val,false
fashion200k,fashion200k_supplement,90649938,3,90649938_3.jpeg,1,train,true
fashion200k,fashion200k_supplement,90696078,0,90696078_0.jpeg,1,old_val,false
fashion200k,fashion200k_supplement,90698322,0,90698322_0.jpeg,1,train,true
fashion200k,fashion200k_supplement,90741451,0,90741451_0.jpeg,1,train,true
fashion200k,fashion200k_supplement,90744059,0,90744059_0.jpeg,1,train,true
fashion200k,fashion200k_supplement,90744611,0,90744611_0.jpeg,1,train,true
fashion200k,fashion200k_supplement,90786190,0,90786190_0.jpeg,1,train,true
fashion200k,fashion200k_supplement,90787597,0,90787597_0.jpeg,1,train,true
fashion200k,fashion200k_supplement,90788925,0,90788925_0.jpeg,1,train,true
fashion200k,fashion200k_supplement,90795960,0,90795960_0.jpeg,1,old_val,false
fashion200k,fashion200k_supplement,90815945,0,90815945_0.jpeg,1,train,true
fashion200k,fashion200k_supplement,90817176,0,90817176_0.jpeg,1,train,true
fashion200k,fashion200k_supplement,90822116,0,90822116_0.jpeg,1,old_val,false
fashion200k,fashion200k_supplement,90840291,0,90840291_0.jpeg,1,train,true
fashion200k,fashion200k_supplement,90859867,0,90859867_0.jpeg,1,train,true
fashion200k,fashion200k_supplement,90877352,0,90877352_0.jpeg,1,train,true
fashion200k,fashion200k_supplement,90897639,0,90897639_0.jpeg,1,train,true
fashion200k,fashion200k_supplement,90914110,0,90914110_0.jpeg,1,train,true
fashion200k,fashion200k_supplement,90917302,0,90917302_0.jpeg,1,train,true
fashion200k,fashion200k_supplement,90925212,0,90925212_0.jpeg,1,train,true
fashion200k,fashion200k_supplement,90926551,0,90926551_0.jpeg,1,train,true
fashion200k,fashion200k_supplement,90951112,1,90951112_1.jpeg,1,train,true
fashion200k,fashion200k_supplement,90958498,0,90958498_0.jpeg,1,old_val,false
fashion200k,fashion200k_supplement,90960050,0,90960050_0.jpeg,1,train,true
fashion200k,fashion200k_supplement,90965046,0,90965046_0.jpeg,1,train,true
fashion200k,fashion200k_supplement,90967074,0,90967074_0.jpeg,1,train,true
fashion200k,fashion200k_supplement,90975873,0,90975873_0.jpeg,1,train,true
fashion200k,fashion200k_supplement,90983086,0,90983086_0.jpeg,1,train,true
fashion200k,fashion200k_supplement,90986134,1,90986134_1.jpeg,1,train,true
fashion200k,fashion200k_supplement,90990588,0,90990588_0.jpeg,1,train,true
fashion200k,fashion200k_supplement,90992664,0,90992664_0.jpeg,1,train,true
fashion200k,fashion200k_supplement,90992931,0,90992931_0.jpeg,1,train,true
fashion200k,fashion200k_supplement,90996328,1,90996328_1.jpeg,1,train,true
fashion200k,fashion200k_supplement,91002691,1,91002691_1.jpeg,1,old_val,false
fashion200k,fashion200k_supplement,91008283,0,91008283_0.jpeg,1,train,true
fashion200k,fashion200k_supplement,91011043,0,91011043_0.jpeg,1,train,true
fashion200k,fashion200k_supplement,91011944,0,91011944_0.jpeg,1,old_val,false
fashion200k,fashion200k_supplement,91015747,0,91015747_0.jpeg,1,old_val,false
fashion200k,fashion200k_supplement,91015996,0,91015996_0.jpeg,1,old_val,false
fashion200k,fashion200k_supplement,91016617,0,91016617_0.jpeg,1,train,true
fashion200k,fashion200k_supplement,91016935,0,91016935_0.jpeg,1,train,true
fashion200k,fashion200k_supplement,91018231,1,91018231_1.jpeg,1,train,true
fashion200k,fashion200k_supplement,91022187,0,91022187_0.jpeg,1,train,true
fashion200k,fashion200k_supplement,91023588,0,91023588_0.jpeg,1,train,true
fashion200k,fashion200k_supplement,91027328,1,91027328_1.jpeg,1,train,true
fashion200k,fashion200k_supplement,91037101,0,91037101_0.jpeg,1,train,true
fashion200k,fashion200k_supplement,91042340,0,91042340_0.jpeg,1,train,true
fashion200k,fashion200k_supplement,91043125,0,91043125_0.jpeg,1,train,true
fashion200k,fashion200k_supplement,91044022,0,91044022_0.jpeg,1,train,true
fashion200k,fashion200k_supplement,91049521,1,91049521_1.jpeg,1,train,true
fashion200k,fashion200k_supplement,91053214,0,91053214_0.jpeg,1,train,true
fashion200k,fashion200k_supplement,91054623,0,91054623_0.jpeg,1,train,true
fashion200k,fashion200k_supplement,91057892,1,91057892_1.jpeg,1,train,true
fashion200k,fashion200k_supplement,91057920,0,91057920_0.jpeg,1,train,true
fashion200k,fashion200k_supplement,91058343,0,91058343_0.jpeg,1,train,true
fashion200k,fashion200k_supplement,91061463,1,91061463_1.jpeg,1,train,true
fashion200k,fashion200k_supplement,91062688,0,91062688_0.jpeg,1,train,true
fashion200k,fashion200k_supplement,91067240,0,91067240_0.jpeg,1,train,true
fashion200k,fashion200k_supplement,91073623,1,91073623_1.jpeg,1,train,true
fashion200k,fashion200k_supplement,91074638,0,91074638_0.jpeg,1,train,true
fashion200k,fashion200k_supplement,91075151,0,91075151_0.jpeg,1,train,true
fashion200k,fashion200k_supplement,91075209,0,91075209_0.jpeg,1,old_val,false
fashion200k,fashion200k_supplement,91080516,0,91080516_0.jpeg,1,train,true
fashion200k,fashion200k_supplement,91081800,0,91081800_0.jpeg,1,old_val,false
fashion200k,fashion200k_supplement,91082368,0,91082368_0.jpeg,1,train,true
fashion200k,fashion200k_supplement,91087482,1,91087482_1.jpeg,1,old_val,false
fashion200k,fashion200k_supplement,91091701,0,91091701_0.jpeg,1,old_val,false
fashion200k,fashion200k_supplement,91096762,1,91096762_1.jpeg,1,train,true
fashion200k,fashion200k_supplement,91100654,1,91100654_1.jpeg,1,train,true
fashion200k,fashion200k_supplement,91109773,0,91109773_0.jpeg,1,train,true
fashion200k,fashion200k_supplement,91111769,0,91111769_0.jpeg,1,old_val,false
fashion200k,fashion200k_supplement,91113794,0,91113794_0.jpeg,1,train,true
fashion200k,fashion200k_supplement,91114758,1,91114758_1.jpeg,1,train,true
fashion200k,fashion200k_supplement,91116849,0,91116849_0.jpeg,1,train,true
fashion200k,fashion200k_supplement,91117631,0,91117631_0.jpeg,1,train,true
fashion200k,fashion200k_supplement,91120146,0,91120146_0.jpeg,1,train,true
fashion200k,fashion200k_supplement,91120819,0,91120819_0.jpeg,1,train,true
fashion200k,fashion200k_supplement,91121164,0,91121164_0.jpeg,1,train,true
fashion200k,fashion200k_supplement,91124834,2,91124834_2.jpeg,1,train,true
fashion200k,fashion200k_supplement,91126780,0,91126780_0.jpeg,1,old_val,false
fashion200k,fashion200k_supplement,91126913,1,91126913_1.jpeg,1,train,true
fashion200k,fashion200k_supplement,91127454,0,91127454_0.jpeg,1,train,true
fashion200k,fashion200k_supplement,91131215,1,91131215_1.jpeg,1,train,true
fashion200k,fashion200k_supplement,91134693,0,91134693_0.jpeg,1,old_val,false
fashion200k,fashion200k_supplement,91143197,0,91143197_0.jpeg,1,train,true
fashion200k,fashion200k_supplement,91146157,1,91146157_1.jpeg,1,train,true
fashion200k,fashion200k_supplement,91149342,0,91149342_0.jpeg,1,old_val,false
fashion200k,fashion200k_supplement,91153123,0,91153123_0.jpeg,1,train,true
fashion200k,fashion200k_supplement,91158132,1,91158132_1.jpeg,1,train,true
fashion200k,fashion200k_supplement,91158297,0,91158297_0.jpeg,1,train,true
fashion200k,fashion200k_supplement,91163420,0,91163420_0.jpeg,1,train,true
fashion200k,fashion200k_supplement,91171278,0,91171278_0.jpeg,1,train,true
fashion200k,fashion200k_supplement,91172068,2,91172068_2.jpeg,1,old_val,false
fashion200k,fashion200k_supplement,91173261,1,91173261_1.jpeg,1,train,true
fashion200k,fashion200k_supplement,91174520,0,91174520_0.jpeg,1,train,true
fashion200k,fashion200k_supplement,91177549,0,91177549_0.jpeg,1,old_val,false
fashion200k,fashion200k_supplement,91177597,0,91177597_0.jpeg,1,old_val,false
fashion200k,fashion200k_supplement,91177691,0,91177691_0.jpeg,1,old_val,false
fashion200k,fashion200k_supplement,91178647,0,91178647_0.jpeg,1,train,true
fashion200k,fashion200k_supplement,91180688,0,91180688_0.jpeg,1,train,true
fashion200k,fashion200k_supplement,91181621,0,91181621_0.jpeg,1,train,true
fashion200k,fashion200k_supplement,91182210,0,91182210_0.jpeg,1,train,true
fashion200k,fashion200k_supplement,91184021,0,91184021_0.jpeg,1,train,true
fashion200k,fashion200k_supplement,91185189,0,91185189_0.jpeg,1,train,true
fashion200k,fashion200k_supplement,91185381,0,91185381_0.jpeg,1,old_val,false
fashion200k,fashion200k_supplement,91186240,0,91186240_0.jpeg,1,train,true
fashion200k,fashion200k_supplement,91188494,1,91188494_1.jpeg,1,train,true
fashion200k,fashion200k_supplement,91191332,0,91191332_0.jpeg,1,train,true
fashion200k,fashion200k_supplement,91191384,0,91191384_0.jpeg,1,train,true
fashion200k,fashion200k_supplement,91191864,0,91191864_0.jpeg,1,train,true
fashion200k,fashion200k_supplement,91192398,0,91192398_0.jpeg,1,old_val,false
fashion200k,fashion200k_supplement,91192519,0,91192519_0.jpeg,1,train,true
fashion200k,fashion200k_supplement,91193053,0,91193053_0.jpeg,1,train,true
fashion200k,fashion200k_supplement,91194364,0,91194364_0.jpeg,1,train,true
fashion200k,fashion200k_supplement,91194504,0,91194504_0.jpeg,1,train,true
fashion200k,fashion200k_supplement,91194609,0,91194609_0.jpeg,1,old_val,false
fashion200k,fashion200k_supplement,91194801,1,91194801_1.jpeg,1,train,true
fashion200k,fashion200k_supplement,91195976,0,91195976_0.jpeg,1,train,true
fashion200k,fashion200k_supplement,91196163,0,91196163_0.jpeg,1,train,true
fashion200k,fashion200k_supplement,91198587,0,91198587_0.jpeg,1,train,true
fashion200k,fashion200k_supplement,91199622,0,91199622_0.jpeg,1,train,true
fashion200k,fashion200k_supplement,91199655,0,91199655_0.jpeg,1,train,true
fashion200k,fashion200k_supplement,91200284,0,91200284_0.jpeg,1,train,true
fashion200k,fashion200k_supplement,91200920,0,91200920_0.jpeg,1,train,true
fashion200k,fashion200k_supplement,91202544,0,91202544_0.jpeg,1,train,true
fashion200k,fashion200k_supplement,91202703,0,91202703_0.jpeg,1,train,true
fashion200k,fashion200k_supplement,91202856,0,91202856_0.jpeg,1,train,true
fashion200k,fashion200k_supplement,91202986,0,91202986_0.jpeg,1,train,true
fashion200k,fashion200k_supplement,91203022,0,91203022_0.jpeg,1,train,true
fashion200k,fashion200k_supplement,91203316,0,91203316_0.jpeg,1,old_val,false
fashion200k,fashion200k_supplement,91203924,0,91203924_0.jpeg,1,train,true
fashion200k,fashion200k_supplement,91204925,0,91204925_0.jpeg,1,train,true
fashion200k,fashion200k_supplement,91205540,0,91205540_0.jpeg,1,train,true
fashion200k,fashion200k_supplement,91206211,1,91206211_1.jpeg,1,train,true
fashion200k,fashion200k_supplement,91206392,0,91206392_0.jpeg,1,old_val,false
fashion200k,fashion200k_supplement,91206636,0,91206636_0.jpeg,1,train,true
fashion200k,fashion200k_supplement,91207272,0,91207272_0.jpeg,1,train,true
fashion200k,fashion200k_supplement,91209185,0,91209185_0.jpeg,1,train,true
fashion200k,fashion200k_supplement,91209500,0,91209500_0.jpeg,1,train,true
fashion200k,fashion200k_supplement,91209750,0,91209750_0.jpeg,1,train,true
fashion200k,fashion200k_supplement,91210005,2,91210005_2.jpeg,1,old_val,false
fashion200k,fashion200k_supplement,91211434,1,91211434_1.jpeg,1,train,true
fashion200k,fashion200k_supplement,91212075,0,91212075_0.jpeg,1,train,true
fashion200k,fashion200k_supplement,91212662,0,91212662_0.jpeg,1,train,true
fashion200k,fashion200k_supplement,91213615,0,91213615_0.jpeg,1,train,true
fashion200k,fashion200k_supplement,91214889,0,91214889_0.jpeg,1,train,true
fashion200k,fashion200k_supplement,91215272,0,91215272_0.jpeg,1,train,true
fashion200k,fashion200k_supplement,91215410,0,91215410_0.jpeg,1,old_val,false
fashion200k,fashion200k_supplement,91215515,0,91215515_0.jpeg,1,train,true
fashion200k,fashion200k_supplement,91216124,0,91216124_0.jpeg,1,train,true
fashion200k,fashion200k_supplement,91216131,0,91216131_0.jpeg,1,old_val,false
fashion200k,fashion200k_supplement,91216719,0,91216719_0.jpeg,1,train,true
fashion200k,fashion200k_supplement,91217043,0,91217043_0.jpeg,1,train,true
fashion200k,fashion200k_supplement,91217121,0,91217121_0.jpeg,1,train,true
fashion200k,fashion200k_supplement,91217162,0,91217162_0.jpeg,1,train,true
fashion200k,fashion200k_supplement,91217469,0,91217469_0.jpeg,1,train,true
fashion200k,fashion200k_supplement,91217855,0,91217855_0.jpeg,1,train,true
fashion200k,fashion200k_supplement,91217860,0,91217860_0.jpeg,1,old_val,false
fashion200k,fashion200k_supplement,91218173,0,91218173_0.jpeg,1,train,true
fashion200k,fashion200k_supplement,91218263,0,91218263_0.jpeg,1,train,true
fashion200k,fashion200k_supplement,91218349,0,91218349_0.jpeg,1,train,true
fashion200k,fashion200k_supplement,91219451,0,91219451_0.jpeg,1,train,true
fashion200k,fashion200k_supplement,91220309,0,91220309_0.jpeg,1,train,true
fashion200k,fashion200k_supplement,91220541,1,91220541_1.jpeg,1,old_val,false
fashion200k,fashion200k_supplement,91221322,0,91221322_0.jpeg,1,old_val,false
fashion200k,fashion200k_supplement,91221577,0,91221577_0.jpeg,1,train,true
fashion200k,fashion200k_supplement,91222300,0,91222300_0.jpeg,1,train,true
fashion200k,fashion200k_supplement,91222961,0,91222961_0.jpeg,1,train,true
fashion200k,fashion200k_supplement,91223023,0,91223023_0.jpeg,1,train,true
fashion200k,fashion200k_supplement,91223130,0,91223130_0.jpeg,1,old_val,false
fashion200k,fashion200k_supplement,91223660,0,91223660_0.jpeg,1,train,true
fashion200k,fashion200k_supplement,91224431,0,91224431_0.jpeg,1,train,true
fashion200k,fashion200k_supplement,91224972,0,91224972_0.jpeg,1,train,true
fashion200k,fashion200k_supplement,91225505,0,91225505_0.jpeg,1,train,true
fashion200k,fashion200k_supplement,91226224,0,91226224_0.jpeg,1,train,true
fashion200k,fashion200k_supplement,91226808,1,91226808_1.jpeg,1,train,true
fashion200k,fashion200k_supplement,91226899,0,91226899_0.jpeg,1,train,true
fashion200k,fashion200k_supplement,91228143,0,91228143_0.jpeg,1,train,true
fashion200k,fashion200k_supplement,91229535,0,91229535_0.jpeg,1,train,true
fashion200k,fashion200k_supplement,91230303,0,91230303_0.jpeg,1,train,true
fashion200k,fashion200k_supplement,91230448,0,91230448_0.jpeg,1,train,true
fashion200k,fashion200k_supplement,91231190,0,91231190_0.jpeg,1,old_val,false
fashion200k,fashion200k_supplement,91232211,0,91232211_0.jpeg,1,old_val,false
fashion200k,fashion200k_supplement,91232657,0,91232657_0.jpeg,1,old_val,false
fashion200k,fashion200k_supplement,91232686,0,91232686_0.jpeg,1,train,true
fashion200k,fashion200k_supplement,91232913,0,91232913_0.jpeg,1,train,true
fashion200k,fashion200k_supplement,91233364,1,91233364_1.jpeg,1,old_val,false
fashion200k,fashion200k_supplement,91233493,0,91233493_0.jpeg,1,old_val,false
fashion200k,fashion200k_supplement,91235085,0,91235085_0.jpeg,1,old_val,false
fashion200k,fashion200k_supplement,91235634,0,91235634_0.jpeg,1,train,true
fashion200k,fashion200k_supplement,91235676,0,91235676_0.jpeg,1,train,true
fashion200k,fashion200k_supplement,91236757,1,91236757_1.jpeg,1,old_val,false
fashion200k,fashion200k_supplement,91236787,0,91236787_0.jpeg,1,train,true
fashion200k,fashion200k_supplement,91236850,0,91236850_0.jpeg,1,train,true
fashion200k,fashion200k_supplement,91237197,0,91237197_0.jpeg,1,old_val,false
fashion200k,fashion200k_supplement,91237224,0,91237224_0.jpeg,1,train,true
fashion200k,fashion200k_supplement,91237591,0,91237591_0.jpeg,1,train,true
fashion200k,fashion200k_supplement,91238053,0,91238053_0.jpeg,1,old_val,false
fashion200k,fashion200k_supplement,91238252,0,91238252_0.jpeg,1,train,true
fashion200k,fashion200k_supplement,91238257,1,91238257_1.jpeg,1,train,true
fashion200k,fashion200k_supplement,91238393,0,91238393_0.jpeg,1,train,true
fashion200k,fashion200k_supplement,91238859,0,91238859_0.jpeg,1,train,true
fashion200k,fashion200k_supplement,91240328,0,91240328_0.jpeg,1,old_val,false
fashion200k,fashion200k_supplement,91240629,0,91240629_0.jpeg,1,train,true
fashion200k,fashion200k_supplement,91241315,0,91241315_0.jpeg,1,train,true
fashion200k,fashion200k_supplement,91241520,0,91241520_0.jpeg,1,old_val,false
fashion200k,fashion200k_supplement,91242625,0,91242625_0.jpeg,1,train,true
fashion200k,fashion200k_supplement,91243357,0,91243357_0.jpeg,1,train,true
fashion200k,fashion200k_supplement,91243707,0,91243707_0.jpeg,1,train,true
fashion200k,fashion200k_supplement,91243717,0,91243717_0.jpeg,1,train,true
fashion200k,fashion200k_supplement,91244029,1,91244029_1.jpeg,1,train,true
fashion200k,fashion200k_supplement,91244234,0,91244234_0.jpeg,1,train,true
fashion200k,fashion200k_supplement,91244847,0,91244847_0.jpeg,1,train,true
fashion200k,fashion200k_supplement,91244870,0,91244870_0.jpeg,1,train,true
fashion200k,fashion200k_supplement,91245101,0,91245101_0.jpeg,1,old_val,false
fashion200k,fashion200k_supplement,91245852,0,91245852_0.jpeg,1,train,true
fashion200k,fashion200k_supplement,91245956,0,91245956_0.jpeg,1,train,true
fashion200k,fashion200k_supplement,91246045,0,91246045_0.jpeg,1,train,true
fashion200k,fashion200k_supplement,91246845,0,91246845_0.jpeg,1,old_val,false
fashion200k,fashion200k_supplement,91247030,0,91247030_0.jpeg,1,train,true
fashion200k,fashion200k_supplement,91247706,0,91247706_0.jpeg,1,train,true
fashion200k,fashion200k_supplement,91247746,0,91247746_0.jpeg,1,train,true
fashion200k,fashion200k_supplement,91248500,1,91248500_1.jpeg,1,train,true
fashion200k,fashion200k_supplement,91249137,0,91249137_0.jpeg,1,old_val,false
fashion200k,fashion200k_supplement,91249770,0,91249770_0.jpeg,1,train,true
fashion200k,fashion200k_supplement,91250489,0,91250489_0.jpeg,1,train,true
fashion200k,fashion200k_supplement,91250547,1,91250547_1.jpeg,1,old_val,false
fashion200k,fashion200k_supplement,91250663,0,91250663_0.jpeg,1,train,true
fashion200k,fashion200k_supplement,91251173,0,91251173_0.jpeg,1,old_val,false
fashion200k,fashion200k_supplement,91251764,0,91251764_0.jpeg,1,train,true
fashion200k,fashion200k_supplement,91252304,0,91252304_0.jpeg,1,train,true
fashion200k,fashion200k_supplement,91252607,1,91252607_1.jpeg,1,train,true
fashion200k,fashion200k_supplement,91252897,0,91252897_0.jpeg,1,train,true
fashion200k,fashion200k_supplement,91253558,0,91253558_0.jpeg,1,train,true
fashion200k,fashion200k_supplement,91253700,0,91253700_0.jpeg,1,old_val,false
fashion200k,fashion200k_supplement,91254119,0,91254119_0.jpeg,1,train,true
fashion200k,fashion200k_supplement,91254406,0,91254406_0.jpeg,1,train,true
fashion200k,fashion200k_supplement,91254486,0,91254486_0.jpeg,1,old_val,false
fashion200k,fashion200k_supplement,91254604,0,91254604_0.jpeg,1,old_val,false
fashion200k,fashion200k_supplement,91254827,0,91254827_0.jpeg,1,train,true
fashion200k,fashion200k_supplement,91255020,0,91255020_0.jpeg,1,train,true
fashion200k,fashion200k_supplement,91255905,0,91255905_0.jpeg,1,train,true
fashion200k,fashion200k_supplement,91255958,0,91255958_0.jpeg,1,train,true
fashion200k,fashion200k_supplement,91256534,0,91256534_0.jpeg,1,train,true
fashion200k,fashion200k_supplement,91256937,0,91256937_0.jpeg,1,train,true
fashion200k,fashion200k_supplement,91258127,0,91258127_0.jpeg,1,old_val,false
fashion200k,fashion200k_supplement,91258175,0,91258175_0.jpeg,1,old_val,false
fashion200k,fashion200k_supplement,91259162,1,91259162_1.jpeg,1,train,true
fashion200k,fashion200k_supplement,91259228,0,91259228_0.jpeg,1,train,true
fashion200k,fashion200k_supplement,91259434,0,91259434_0.jpeg,1,train,true
fashion200k,fashion200k_supplement,91259669,0,91259669_0.jpeg,1,old_val,false
fashion200k,fashion200k_supplement,91259829,0,91259829_0.jpeg,1,train,true
fashion200k,fashion200k_supplement,91259855,0,91259855_0.jpeg,1,train,true
fashion200k,fashion200k_supplement,91259972,0,91259972_0.jpeg,1,train,true
fashion200k,fashion200k_supplement,91260327,0,91260327_0.jpeg,1,train,true
fashion200k,fashion200k_supplement,91260506,3,91260506_3.jpeg,1,train,true
fashion200k,fashion200k_supplement,91260686,0,91260686_0.jpeg,1,train,true
fashion200k,fashion200k_supplement,91261312,0,91261312_0.jpeg,1,train,true
fashion200k,fashion200k_supplement,91262105,0,91262105_0.jpeg,1,train,true
fashion200k,fashion200k_supplement,91262400,0,91262400_0.jpeg,1,train,true
fashion200k,fashion200k_supplement,91262425,0,91262425_0.jpeg,1,train,true
fashion200k,fashion200k_supplement,91262765,0,91262765_0.jpeg,1,old_val,false
fashion200k,fashion200k_supplement,91263161,0,91263161_0.jpeg,1,train,true
fashion200k,fashion200k_supplement,91263986,1,91263986_1.jpeg,1,train,true
fashion200k,fashion200k_supplement,91264177,0,91264177_0.jpeg,1,old_val,false
fashion200k,fashion200k_supplement,91264627,0,91264627_0.jpeg,1,old_val,false
fashion200k,fashion200k_supplement,91265141,0,91265141_0.jpeg,1,train,true
fashion200k,fashion200k_supplement,91265940,0,91265940_0.jpeg,1,train,true
fashion200k,fashion200k_supplement,91268876,0,91268876_0.jpeg,1,old_val,false
fashion200k,fashion200k_supplement,91269067,1,91269067_1.jpeg,1,train,true
fashion200k,fashion200k_supplement,91269107,0,91269107_0.jpeg,1,old_val,false
fashion200k,fashion200k_supplement,91269362,0,91269362_0.jpeg,1,train,true
fashion200k,fashion200k_supplement,91269538,0,91269538_0.jpeg,1,train,true
fashion200k,fashion200k_supplement,91269717,1,91269717_1.jpeg,1,train,true
fashion200k,fashion200k_supplement,91269996,1,91269996_1.jpeg,1,train,true
fashion200k,fashion200k_supplement,91270235,0,91270235_0.jpeg,1,old_val,false
fashion200k,fashion200k_supplement,91271010,0,91271010_0.jpeg,1,train,true
fashion200k,fashion200k_supplement,91271367,0,91271367_0.jpeg,1,train,true
fashion200k,fashion200k_supplement,91272486,1,91272486_1.jpeg,1,train,true
fashion200k,fashion200k_supplement,91273569,1,91273569_1.jpeg,1,train,true
fashion200k,fashion200k_supplement,91273848,0,91273848_0.jpeg,1,train,true
fashion200k,fashion200k_supplement,91273900,0,91273900_0.jpeg,1,train,true
fashion200k,fashion200k_supplement,91274190,0,91274190_0.jpeg,1,train,true
fashion200k,fashion200k_supplement,91274833,1,91274833_1.jpeg,1,train,true
fashion200k,fashion200k_supplement,91275355,0,91275355_0.jpeg,1,old_val,false
fashion200k,fashion200k_supplement,91276720,0,91276720_0.jpeg,1,train,true
fashion200k,fashion200k_supplement,91277223,0,91277223_0.jpeg,1,train,true
fashion200k,fashion200k_supplement,91277625,0,91277625_0.jpeg,1,train,true
fashion200k,fashion200k_supplement,91277744,0,91277744_0.jpeg,1,train,true
fashion200k,fashion200k_supplement,91278089,0,91278089_0.jpeg,1,train,true
fashion200k,fashion200k_supplement,91278245,0,91278245_0.jpeg,1,train,true
fashion200k,fashion200k_supplement,91278271,0,91278271_0.jpeg,1,train,true
fashion200k,fashion200k_supplement,91278695,0,91278695_0.jpeg,1,train,true
fashion200k,fashion200k_supplement,91279378,0,91279378_0.jpeg,1,train,true
fashion200k,fashion200k_supplement,91279652,0,91279652_0.jpeg,1,old_val,false
fashion200k,fashion200k_supplement,91281349,0,91281349_0.jpeg,1,train,true
fashion200k,fashion200k_supplement,91281765,0,91281765_0.jpeg,1,old_val,false
fashion200k,fashion200k_supplement,91283666,0,91283666_0.jpeg,1,old_val,false
fashion200k,fashion200k_supplement,91285042,0,91285042_0.jpeg,1,old_val,false
fashion200k,fashion200k_supplement,91285685,0,91285685_0.jpeg,1,train,true
fashion200k,fashion200k_supplement,91286407,0,91286407_0.jpeg,1,train,true
fashion200k,fashion200k_supplement,91286521,0,91286521_0.jpeg,1,train,true
fashion200k,fashion200k_supplement,91287058,0,91287058_0.jpeg,1,train,true
fashion200k,fashion200k_supplement,91287553,0,91287553_0.jpeg,1,train,true
fashion200k,fashion200k_supplement,91289353,0,91289353_0.jpeg,1,train,true
fashion200k,fashion200k_supplement,91289520,1,91289520_1.jpeg,1,train,true
fashion200k,fashion200k_supplement,91289540,0,91289540_0.jpeg,1,train,true
fashion200k,fashion200k_supplement,91289550,0,91289550_0.jpeg,1,train,true
fashion200k,fashion200k_supplement,91289577,0,91289577_0.jpeg,1,train,true
fashion200k,fashion200k_supplement,91289597,0,91289597_0.jpeg,1,train,true
fashion200k,fashion200k_supplement,91289690,0,91289690_0.jpeg,1,old_val,false
fashion200k,fashion200k_supplement,91290318,0,91290318_0.jpeg,1,train,true
fashion200k,fashion200k_supplement,91290677,0,91290677_0.jpeg,1,train,true
fashion200k,fashion200k_supplement,91290814,0,91290814_0.jpeg,1,train,true
fashion200k,fashion200k_supplement,91290847,0,91290847_0.jpeg,1,train,true
fashion200k,fashion200k_supplement,91290937,0,91290937_0.jpeg,1,train,true
fashion200k,fashion200k_supplement,91290971,0,91290971_0.jpeg,1,train,true
fashion200k,fashion200k_supplement,91291016,0,91291016_0.jpeg,1,train,true
fashion200k,fashion200k_supplement,91291190,0,91291190_0.jpeg,1,train,true
fashion200k,fashion200k_supplement,91291550,0,91291550_0.jpeg,1,old_val,false
fashion200k,fashion200k_supplement,91291587,0,91291587_0.jpeg,1,train,true
fashion200k,fashion200k_supplement,91291714,0,91291714_0.jpeg,1,train,true
fashion200k,fashion200k_supplement,91292155,0,91292155_0.jpeg,1,old_val,false
fashion200k,fashion200k_supplement,91292189,0,91292189_0.jpeg,1,train,true
fashion200k,fashion200k_supplement,91292379,0,91292379_0.jpeg,1,train,true
fashion200k,fashion200k_supplement,91292743,0,91292743_0.jpeg,1,train,true
fashion200k,fashion200k_supplement,91293195,0,91293195_0.jpeg,1,train,true
fashion200k,fashion200k_supplement,91293324,0,91293324_0.jpeg,1,old_val,false
fashion200k,fashion200k_supplement,91294539,0,91294539_0.jpeg,1,train,true
fashion200k,fashion200k_supplement,91294838,0,91294838_0.jpeg,1,train,true
fashion200k,fashion200k_supplement,91295443,0,91295443_0.jpeg,1,train,true
fashion200k,fashion200k_supplement,91295480,0,91295480_0.jpeg,1,train,true
fashion200k,fashion200k_supplement,91295895,0,91295895_0.jpeg,1,train,true
fashion200k,fashion200k_supplement,91295953,0,91295953_0.jpeg,1,train,true
fashion200k,fashion200k_supplement,91296068,0,91296068_0.jpeg,1,old_val,false
fashion200k,fashion200k_supplement,91296526,0,91296526_0.jpeg,1,train,true
fashion200k,fashion200k_supplement,91297175,0,91297175_0.jpeg,1,train,true
fashion200k,fashion200k_supplement,91298210,0,91298210_0.jpeg,1,old_val,false
fashion200k,fashion200k_supplement,91298954,0,91298954_0.jpeg,1,train,true
fashion200k,fashion200k_supplement,91299146,0,91299146_0.jpeg,1,train,true
fashion200k,fashion200k_supplement,91299195,0,91299195_0.jpeg,1,train,true
fashion200k,fashion200k_supplement,91299588,0,91299588_0.jpeg,1,train,true
fashion200k,fashion200k_supplement,91299721,0,91299721_0.jpeg,1,train,true
fashion200k,fashion200k_supplement,91299791,0,91299791_0.jpeg,1,train,true
fashion200k,fashion200k_supplement,91299956,0,91299956_0.jpeg,1,train,true
fashion200k,fashion200k_supplement,91300454,0,91300454_0.jpeg,1,train,true
fashion200k,fashion200k_supplement,91302659,0,91302659_0.jpeg,1,train,true
fashion200k,fashion200k_supplement,91302756,0,91302756_0.jpeg,1,old_val,false
fashion200k,fashion200k_supplement,91302800,0,91302800_0.jpeg,1,train,true
fashion200k,fashion200k_supplement,91305412,0,91305412_0.jpeg,1,train,true
fashion200k,fashion200k_supplement,91305472,0,91305472_0.jpeg,1,train,true
fashion200k,fashion200k_supplement,91305478,0,91305478_0.jpeg,1,train,true
fashion200k,fashion200k_supplement,91306086,0,91306086_0.jpeg,1,train,true
fashion200k,fashion200k_supplement,91306342,0,91306342_0.jpeg,1,train,true
fashion200k,fashion200k_supplement,91307177,0,91307177_0.jpeg,1,train,true
fashion200k,fashion200k_supplement,91307183,0,91307183_0.jpeg,1,train,true
fashion200k,fashion200k_supplement,91307923,0,91307923_0.jpeg,1,old_val,false
fashion200k,fashion200k_supplement,91308789,0,91308789_0.jpeg,1,old_val,false
fashion200k,fashion200k_supplement,91308849,0,91308849_0.jpeg,1,train,true
fashion200k,fashion200k_supplement,91309703,0,91309703_0.jpeg,1,train,true
fashion200k,fashion200k_supplement,91310326,0,91310326_0.jpeg,1,train,true
fashion200k,fashion200k_supplement,91310368,0,91310368_0.jpeg,1,train,true
fashion200k,fashion200k_supplement,91311534,0,91311534_0.jpeg,1,train,true
fashion200k,fashion200k_supplement,91311823,0,91311823_0.jpeg,1,train,true
fashion200k,fashion200k_supplement,91312038,0,91312038_0.jpeg,1,train,true
fashion200k,fashion200k_supplement,91315019,0,91315019_0.jpeg,1,train,true
fashion200k,fashion200k_supplement,91315253,0,91315253_0.jpeg,1,train,true
fashion200k,fashion200k_supplement,91315418,0,91315418_0.jpeg,1,train,true
fashion200k,fashion200k_supplement,91315753,0,91315753_0.jpeg,1,train,true
fashion200k,fashion200k_supplement,91315821,0,91315821_0.jpeg,1,train,true
fashion200k,fashion200k_supplement,91316327,0,91316327_0.jpeg,1,train,true
fashion200k,fashion200k_supplement,91316446,0,91316446_0.jpeg,1,old_val,false
fashion200k,fashion200k_supplement,91317931,0,91317931_0.jpeg,1,train,true
fashion200k,fashion200k_supplement,91318143,0,91318143_0.jpeg,1,train,true
fashion200k,fashion200k_supplement,91318627,0,91318627_0.jpeg,1,train,true
fashion200k,fashion200k_supplement,91321533,0,91321533_0.jpeg,1,old_val,false
fashion200k,fashion200k_supplement,91322160,1,91322160_1.jpeg,1,train,true
fashion200k,fashion200k_supplement,91322221,0,91322221_0.jpeg,1,train,true
fashion200k,fashion200k_supplement,91322314,0,91322314_0.jpeg,1,train,true
fashion200k,fashion200k_supplement,91323878,0,91323878_0.jpeg,1,old_val,false
fashion200k,fashion200k_supplement,91323924,0,91323924_0.jpeg,1,train,true
fashion200k,fashion200k_supplement,91325561,0,91325561_0.jpeg,1,train,true
fashion200k,fashion200k_supplement,91325922,0,91325922_0.jpeg,1,old_val,false
fashion200k,fashion200k_supplement,91326302,0,91326302_0.jpeg,1,train,true
fashion200k,fashion200k_supplement,91326579,0,91326579_0.jpeg,1,train,true
fashion200k,fashion200k_supplement,91326841,0,91326841_0.jpeg,1,old_val,false
fashion200k,fashion200k_supplement,91327197,0,91327197_0.jpeg,1,old_val,false
fashion200k,fashion200k_supplement,91327887,0,91327887_0.jpeg,1,old_val,false
fashion200k,fashion200k_supplement,91328548,0,91328548_0.jpeg,1,train,true
fashion200k,fashion200k_supplement,91329062,0,91329062_0.jpeg,1,old_val,false
fashion200k,fashion200k_supplement,91329247,0,91329247_0.jpeg,1,train,true
fashion200k,fashion200k_supplement,91329556,0,91329556_0.jpeg,1,train,true
fashion200k,fashion200k_supplement,91330559,0,91330559_0.jpeg,1,train,true
fashion200k,fashion200k_supplement,91330666,1,91330666_1.jpeg,1,train,true
fashion200k,fashion200k_supplement,91330890,0,91330890_0.jpeg,1,train,true
fashion200k,fashion200k_supplement,91331219,2,91331219_2.jpeg,1,train,true
fashion200k,fashion200k_supplement,91332048,0,91332048_0.jpeg,1,old_val,false
fashion200k,fashion200k_supplement,91332180,0,91332180_0.jpeg,1,train,true
fashion200k,fashion200k_supplement,91332455,0,91332455_0.jpeg,1,old_val,false
fashion200k,fashion200k_supplement,91333156,0,91333156_0.jpeg,1,train,true
fashion200k,fashion200k_supplement,91334205,0,91334205_0.jpeg,1,train,true
fashion200k,fashion200k_supplement,91334216,0,91334216_0.jpeg,1,train,true
fashion200k,fashion200k_supplement,91334226,1,91334226_1.jpeg,1,train,true
fashion200k,fashion200k_supplement,91334262,0,91334262_0.jpeg,1,train,true
fashion200k,fashion200k_supplement,91334321,0,91334321_0.jpeg,1,train,true
fashion200k,fashion200k_supplement,91334543,0,91334543_0.jpeg,1,train,true
fashion200k,fashion200k_supplement,91334566,0,91334566_0.jpeg,1,train,true
fashion200k,fashion200k_supplement,91335031,0,91335031_0.jpeg,1,old_val,false
fashion200k,fashion200k_supplement,91335210,0,91335210_0.jpeg,1,train,true
fashion200k,fashion200k_supplement,91335362,0,91335362_0.jpeg,1,train,true
fashion200k,fashion200k_supplement,91335982,0,91335982_0.jpeg,1,train,true
fashion200k,fashion200k_supplement,91336243,0,91336243_0.jpeg,1,train,true
fashion200k,fashion200k_supplement,91336493,0,91336493_0.jpeg,1,train,true
fashion200k,fashion200k_supplement,91337187,0,91337187_0.jpeg,1,train,true
fashion200k,fashion200k_supplement,91337318,0,91337318_0.jpeg,1,train,true
fashion200k,fashion200k_supplement,91337466,0,91337466_0.jpeg,1,train,true
fashion200k,fashion200k_supplement,91337600,0,91337600_0.jpeg,1,train,true
fashion200k,fashion200k_supplement,91338235,0,91338235_0.jpeg,1,train,true
fashion200k,fashion200k_supplement,91338392,0,91338392_0.jpeg,1,old_val,false
fashion200k,fashion200k_supplement,91338419,0,91338419_0.jpeg,1,train,true
fashion200k,fashion200k_supplement,91338498,0,91338498_0.jpeg,1,train,true
fashion200k,fashion200k_supplement,91338962,0,91338962_0.jpeg,1,train,true
fashion200k,fashion200k_supplement,91339358,0,91339358_0.jpeg,1,train,true
fashion200k,fashion200k_supplement,91339458,1,91339458_1.jpeg,1,train,true
fashion200k,fashion200k_supplement,91339975,0,91339975_0.jpeg,1,train,true
fashion200k,fashion200k_supplement,91340179,0,91340179_0.jpeg,1,train,true
fashion200k,fashion200k_supplement,91340251,1,91340251_1.jpeg,1,train,true
fashion200k,fashion200k_supplement,91340313,0,91340313_0.jpeg,1,train,true
fashion200k,fashion200k_supplement,91341041,0,91341041_0.jpeg,1,train,true
fashion200k,fashion200k_supplement,91341236,0,91341236_0.jpeg,1,old_val,false
fashion200k,fashion200k_supplement,91341390,0,91341390_0.jpeg,1,train,true
fashion200k,fashion200k_supplement,91341867,0,91341867_0.jpeg,1,train,true
fashion200k,fashion200k_supplement,91342356,0,91342356_0.jpeg,1,train,true
fashion200k,fashion200k_supplement,91342883,0,91342883_0.jpeg,1,train,true
fashion200k,fashion200k_supplement,91343245,3,91343245_3.jpeg,1,train,true
fashion200k,fashion200k_supplement,91344594,0,91344594_0.jpeg,1,old_val,false
fashion200k,fashion200k_supplement,91344949,0,91344949_0.jpeg,1,train,true
fashion200k,fashion200k_supplement,91347518,0,91347518_0.jpeg,1,train,true
fashion200k,fashion200k_supplement,91347565,0,91347565_0.jpeg,1,old_val,false
fashion200k,fashion200k_supplement,91347839,0,91347839_0.jpeg,1,train,true
fashion200k,fashion200k_supplement,91349389,0,91349389_0.jpeg,1,train,true
fashion200k,fashion200k_supplement,91349620,0,91349620_0.jpeg,1,train,true
fashion200k,fashion200k_supplement,91350943,0,91350943_0.jpeg,1,train,true
fashion200k,fashion200k_supplement,91351703,2,91351703_2.jpeg,1,train,true
fashion200k,fashion200k_supplement,91352085,0,91352085_0.jpeg,1,train,true
fashion200k,fashion200k_supplement,91352717,0,91352717_0.jpeg,1,train,true
fashion200k,fashion200k_supplement,91353076,0,91353076_0.jpeg,1,old_val,false
fashion200k,fashion200k_supplement,91353121,0,91353121_0.jpeg,1,train,true
fashion200k,fashion200k_supplement,91353183,0,91353183_0.jpeg,1,train,true
fashion200k,fashion200k_supplement,91353340,0,91353340_0.jpeg,1,train,true
fashion200k,fashion200k_supplement,91353358,0,91353358_0.jpeg,1,train,true
fashion200k,fashion200k_supplement,91354753,0,91354753_0.jpeg,1,train,true
fashion200k,fashion200k_supplement,91354831,1,91354831_1.jpeg,1,old_val,false
fashion200k,fashion200k_supplement,91355943,0,91355943_0.jpeg,1,train,true
fashion200k,fashion200k_supplement,91356088,0,91356088_0.jpeg,1,train,true
fashion200k,fashion200k_supplement,91356573,0,91356573_0.jpeg,1,train,true
fashion200k,fashion200k_supplement,91356598,0,91356598_0.jpeg,1,train,true
fashion200k,fashion200k_supplement,91357242,0,91357242_0.jpeg,1,train,true
fashion200k,fashion200k_supplement,91357350,0,91357350_0.jpeg,1,train,true
fashion200k,fashion200k_supplement,91357728,0,91357728_0.jpeg,1,train,true
fashion200k,fashion200k_supplement,91357834,0,91357834_0.jpeg,1,train,true
fashion200k,fashion200k_supplement,91357947,0,91357947_0.jpeg,1,train,true
fashion200k,fashion200k_supplement,91358094,0,91358094_0.jpeg,1,train,true
fashion200k,fashion200k_supplement,91358468,0,91358468_0.jpeg,1,train,true
fashion200k,fashion200k_supplement,91358685,1,91358685_1.jpeg,1,train,true
fashion200k,fashion200k_supplement,91359583,1,91359583_1.jpeg,1,train,true
fashion200k,fashion200k_supplement,91359785,0,91359785_0.jpeg,1,train,true
fashion200k,fashion200k_supplement,91360118,0,91360118_0.jpeg,1,train,true
fashion200k,fashion200k_supplement,91360334,0,91360334_0.jpeg,1,train,true
fashion200k,fashion200k_supplement,91360563,0,91360563_0.jpeg,1,train,true
fashion200k,fashion200k_supplement,91361495,0,91361495_0.jpeg,1,train,true
fashion200k,fashion200k_supplement,91362377,0,91362377_0.jpeg,1,train,true
fashion200k,fashion200k_supplement,91362743,0,91362743_0.jpeg,1,train,true
fashion200k,fashion200k_supplement,91362747,1,91362747_1.jpeg,1,train,true
fashion200k,fashion200k_supplement,91363346,1,91363346_1.jpeg,1,train,true
fashion200k,fashion200k_supplement,91363350,0,91363350_0.jpeg,1,train,true
fashion200k,fashion200k_supplement,91364033,0,91364033_0.jpeg,1,old_val,false
fashion200k,fashion200k_supplement,91364159,0,91364159_0.jpeg,1,train,true
fashion200k,fashion200k_supplement,91365234,0,91365234_0.jpeg,1,train,true
fashion200k,fashion200k_supplement,91365236,1,91365236_1.jpeg,1,train,true
fashion200k,fashion200k_supplement,91365780,0,91365780_0.jpeg,1,train,true
fashion200k,fashion200k_supplement,91365919,1,91365919_1.jpeg,1,train,true
fashion200k,fashion200k_supplement,91366931,0,91366931_0.jpeg,1,train,true
fashion200k,fashion200k_supplement,91367068,0,91367068_0.jpeg,1,train,true
fashion200k,fashion200k_supplement,91367091,0,91367091_0.jpeg,1,train,true
fashion200k,fashion200k_supplement,91367242,0,91367242_0.jpeg,1,train,true
fashion200k,fashion200k_supplement,91367906,0,91367906_0.jpeg,1,train,true
fashion200k,fashion200k_supplement,91369462,0,91369462_0.jpeg,1,old_val,false
fashion200k,fashion200k_supplement,91369868,0,91369868_0.jpeg,1,train,true
fashion200k,fashion200k_supplement,91370216,0,91370216_0.jpeg,1,train,true
fashion200k,fashion200k_supplement,91370727,0,91370727_0.jpeg,1,train,true
fashion200k,fashion200k_supplement,91372188,0,91372188_0.jpeg,1,train,true
fashion200k,fashion200k_supplement,91373727,1,91373727_1.jpeg,1,train,true
fashion200k,fashion200k_supplement,91374319,0,91374319_0.jpeg,1,old_val,false
fashion200k,fashion200k_supplement,91374722,0,91374722_0.jpeg,1,old_val,false
fashion200k,fashion200k_supplement,91375153,0,91375153_0.jpeg,1,train,true
fashion200k,fashion200k_supplement,91375180,0,91375180_0.jpeg,1,train,true
fashion200k,fashion200k_supplement,91375332,0,91375332_0.jpeg,1,train,true
fashion200k,fashion200k_supplement,91375715,0,91375715_0.jpeg,1,train,true
fashion200k,fashion200k_supplement,91376197,0,91376197_0.jpeg,1,train,true
fashion200k,fashion200k_supplement,91376442,0,91376442_0.jpeg,1,train,true
fashion200k,fashion200k_supplement,91376725,1,91376725_1.jpeg,1,train,true
fashion200k,fashion200k_supplement,91377059,0,91377059_0.jpeg,1,old_val,false
fashion200k,fashion200k_supplement,91377183,0,91377183_0.jpeg,1,train,true
fashion200k,fashion200k_supplement,91377236,0,91377236_0.jpeg,1,train,true
fashion200k,fashion200k_supplement,91377914,0,91377914_0.jpeg,1,train,true
fashion200k,fashion200k_supplement,91377919,0,91377919_0.jpeg,1,train,true
fashion200k,fashion200k_supplement,91378243,0,91378243_0.jpeg,1,old_val,false
fashion200k,fashion200k_supplement,91378388,0,91378388_0.jpeg,1,train,true
fashion200k,fashion200k_supplement,91378970,0,91378970_0.jpeg,1,train,true
fashion200k,fashion200k_supplement,91379246,0,91379246_0.jpeg,1,train,true
fashion200k,fashion200k_supplement,91380331,0,91380331_0.jpeg,1,train,true
fashion200k,fashion200k_supplement,91382448,1,91382448_1.jpeg,1,old_val,false
fashion200k,fashion200k_supplement,91383458,1,91383458_1.jpeg,1,train,true
fashion200k,fashion200k_supplement,91383636,0,91383636_0.jpeg,1,train,true
fashion200k,fashion200k_supplement,91384342,0,91384342_0.jpeg,1,train,true
fashion200k,fashion200k_supplement,91384354,0,91384354_0.jpeg,1,train,true
fashion200k,fashion200k_supplement,91385266,1,91385266_1.jpeg,1,train,true
fashion200k,fashion200k_supplement,91385794,0,91385794_0.jpeg,1,train,true
fashion200k,fashion200k_supplement,91386184,0,91386184_0.jpeg,1,train,true
fashion200k,fashion200k_supplement,91386458,2,91386458_2.jpeg,1,train,true
fashion200k,fashion200k_supplement,91387542,0,91387542_0.jpeg,1,train,true
fashion200k,fashion200k_supplement,91388315,0,91388315_0.jpeg,1,train,true
fashion200k,fashion200k_supplement,91388651,0,91388651_0.jpeg,1,train,true
fashion200k,fashion200k_supplement,91388654,0,91388654_0.jpeg,1,old_val,false
fashion200k,fashion200k_supplement,91388700,1,91388700_1.jpeg,1,train,true
fashion200k,fashion200k_supplement,91388756,0,91388756_0.jpeg,1,train,true
fashion200k,fashion200k_supplement,91389610,0,91389610_0.jpeg,1,train,true
fashion200k,fashion200k_supplement,91390362,0,91390362_0.jpeg,1,train,true
fashion200k,fashion200k_supplement,91390648,0,91390648_0.jpeg,1,train,true
fashion200k,fashion200k_supplement,91390739,0,91390739_0.jpeg,1,old_val,false
fashion200k,fashion200k_supplement,91390806,0,91390806_0.jpeg,1,old_val,false
fashion200k,fashion200k_supplement,91391591,0,91391591_0.jpeg,1,train,true
fashion200k,fashion200k_supplement,91392025,0,91392025_0.jpeg,1,train,true
fashion200k,fashion200k_supplement,91392661,0,91392661_0.jpeg,1,train,true
fashion200k,fashion200k_supplement,91395785,0,91395785_0.jpeg,1,train,true
fashion200k,fashion200k_supplement,91396083,1,91396083_1.jpeg,1,train,true
fashion200k,fashion200k_supplement,91396258,0,91396258_0.jpeg,1,old_val,false
fashion200k,fashion200k_supplement,91396814,0,91396814_0.jpeg,1,train,true
fashion200k,fashion200k_supplement,91397086,0,91397086_0.jpeg,1,train,true
fashion200k,fashion200k_supplement,91397460,0,91397460_0.jpeg,1,train,true
fashion200k,fashion200k_supplement,91399434,0,91399434_0.jpeg,1,train,true
fashion200k,fashion200k_supplement,91401906,0,91401906_0.jpeg,1,train,true
fashion200k,fashion200k_supplement,91402538,0,91402538_0.jpeg,1,train,true
fashion200k,fashion200k_supplement,91402891,0,91402891_0.jpeg,1,train,true
fashion200k,fashion200k_supplement,91403353,0,91403353_0.jpeg,1,train,true
fashion200k,fashion200k_supplement,91405168,0,91405168_0.jpeg,1,train,true
fashion200k,fashion200k_supplement,91405284,0,91405284_0.jpeg,1,train,true
fashion200k,fashion200k_supplement,91405457,0,91405457_0.jpeg,1,train,true
fashion200k,fashion200k_supplement,91405838,0,91405838_0.jpeg,1,old_val,false
fashion200k,fashion200k_supplement,91406742,0,91406742_0.jpeg,1,old_val,false
fashion200k,fashion200k_supplement,91406980,0,91406980_0.jpeg,1,old_val,false
fashion200k,fashion200k_supplement,91407157,0,91407157_0.jpeg,1,train,true
fashion200k,fashion200k_supplement,91407303,0,91407303_0.jpeg,1,train,true
fashion200k,fashion200k_supplement,91407683,0,91407683_0.jpeg,1,old_val,false
fashion200k,fashion200k_supplement,91407698,0,91407698_0.jpeg,1,train,true
fashion200k,fashion200k_supplement,91407892,0,91407892_0.jpeg,1,train,true
fashion200k,fashion200k_supplement,91407955,0,91407955_0.jpeg,1,train,true
fashion200k,fashion200k_supplement,91408230,0,91408230_0.jpeg,1,train,true
fashion200k,fashion200k_supplement,91408887,0,91408887_0.jpeg,1,train,true
fashion200k,fashion200k_supplement,91409168,0,91409168_0.jpeg,1,train,true
fashion200k,fashion200k_supplement,91409499,0,91409499_0.jpeg,1,train,true
fashion200k,fashion200k_supplement,91409643,0,91409643_0.jpeg,1,train,true
fashion200k,fashion200k_supplement,91409679,0,91409679_0.jpeg,1,train,true
fashion200k,fashion200k_supplement,91409861,0,91409861_0.jpeg,1,train,true
fashion200k,fashion200k_supplement,91410352,0,91410352_0.jpeg,1,train,true
fashion200k,fashion200k_supplement,91410791,0,91410791_0.jpeg,1,train,true
fashion200k,fashion200k_supplement,91411164,0,91411164_0.jpeg,1,old_val,false
fashion200k,fashion200k_supplement,91411518,0,91411518_0.jpeg,1,train,true
fashion200k,fashion200k_supplement,91411635,0,91411635_0.jpeg,1,train,true
fashion200k,fashion200k_supplement,91411807,0,91411807_0.jpeg,1,old_val,false
fashion200k,fashion200k_supplement,91412457,0,91412457_0.jpeg,1,train,true
fashion200k,fashion200k_supplement,91412899,0,91412899_0.jpeg,1,train,true
fashion200k,fashion200k_supplement,91414591,0,91414591_0.jpeg,1,old_val,false
fashion200k,fashion200k_supplement,91415491,0,91415491_0.jpeg,1,train,true
fashion200k,fashion200k_supplement,91415946,0,91415946_0.jpeg,1,train,true
fashion200k,fashion200k_supplement,91416091,0,91416091_0.jpeg,1,train,true
fashion200k,fashion200k_supplement,91416312,0,91416312_0.jpeg,1,train,true
fashion200k,fashion200k_supplement,91416506,0,91416506_0.jpeg,1,train,true
fashion200k,fashion200k_supplement,91416856,0,91416856_0.jpeg,1,train,true
fashion200k,fashion200k_supplement,91416872,0,91416872_0.jpeg,1,train,true
fashion200k,fashion200k_supplement,91417037,0,91417037_0.jpeg,1,train,true
fashion200k,fashion200k_supplement,91417067,1,91417067_1.jpeg,1,train,true
fashion200k,fashion200k_supplement,91417694,0,91417694_0.jpeg,1,old_val,false
fashion200k,fashion200k_supplement,91418048,0,91418048_0.jpeg,1,train,true
fashion200k,fashion200k_supplement,91418502,0,91418502_0.jpeg,1,train,true
fashion200k,fashion200k_supplement,91419120,0,91419120_0.jpeg,1,train,true
fashion200k,fashion200k_supplement,91419621,0,91419621_0.jpeg,1,train,true
fashion200k,fashion200k_supplement,91421480,0,91421480_0.jpeg,1,train,true
fashion200k,fashion200k_supplement,91421637,0,91421637_0.jpeg,1,train,true
fashion200k,fashion200k_supplement,91422361,0,91422361_0.jpeg,1,train,true
fashion200k,fashion200k_supplement,91422393,0,91422393_0.jpeg,1,old_val,false
fashion200k,fashion200k_supplement,91422820,0,91422820_0.jpeg,1,train,true
fashion200k,fashion200k_supplement,91423046,0,91423046_0.jpeg,1,train,true
fashion200k,fashion200k_supplement,91423840,0,91423840_0.jpeg,1,train,true
fashion200k,fashion200k_supplement,91424124,0,91424124_0.jpeg,1,train,true
fashion200k,fashion200k_supplement,91424491,0,91424491_0.jpeg,1,train,true
fashion200k,fashion200k_supplement,91425535,0,91425535_0.jpeg,1,train,true
fashion200k,fashion200k_supplement,91426291,0,91426291_0.jpeg,1,train,true
fashion200k,fashion200k_supplement,91426436,0,91426436_0.jpeg,1,old_val,false
fashion200k,fashion200k_supplement,91426815,0,91426815_0.jpeg,1,old_val,false
fashion200k,fashion200k_supplement,91427564,0,91427564_0.jpeg,1,train,true
fashion200k,fashion200k_supplement,91427589,1,91427589_1.jpeg,1,train,true
fashion200k,fashion200k_supplement,91428675,0,91428675_0.jpeg,1,train,true
fashion200k,fashion200k_supplement,91428845,0,91428845_0.jpeg,1,old_val,false
fashion200k,fashion200k_supplement,91429118,0,91429118_0.jpeg,1,train,true
fashion200k,fashion200k_supplement,91429186,0,91429186_0.jpeg,1,old_val,false
fashion200k,fashion200k_supplement,91429251,0,91429251_0.jpeg,1,train,true
fashion200k,fashion200k_supplement,91429578,0,91429578_0.jpeg,1,train,true
fashion200k,fashion200k_supplement,91429684,0,91429684_0.jpeg,1,train,true
fashion200k,fashion200k_supplement,91429917,1,91429917_1.jpeg,1,train,true
fashion200k,fashion200k_supplement,91429939,0,91429939_0.jpeg,1,train,true
fashion200k,fashion200k_supplement,91430345,0,91430345_0.jpeg,1,train,true
fashion200k,fashion200k_supplement,91430617,0,91430617_0.jpeg,1,old_val,false
fashion200k,fashion200k_supplement,91430638,0,91430638_0.jpeg,1,train,true
fashion200k,fashion200k_supplement,91430849,0,91430849_0.jpeg,1,train,true
fashion200k,fashion200k_supplement,91431943,0,91431943_0.jpeg,1,old_val,false
fashion200k,fashion200k_supplement,91432472,0,91432472_0.jpeg,1,train,true
fashion200k,fashion200k_supplement,91432501,0,91432501_0.jpeg,1,train,true
fashion200k,fashion200k_supplement,91433227,0,91433227_0.jpeg,1,train,true
fashion200k,fashion200k_supplement,91433240,0,91433240_0.jpeg,1,old_val,false
fashion200k,fashion200k_supplement,91433466,0,91433466_0.jpeg,1,train,true
fashion200k,fashion200k_supplement,91433933,0,91433933_0.jpeg,1,train,true
fashion200k,fashion200k_supplement,91435689,0,91435689_0.jpeg,1,old_val,false
fashion200k,fashion200k_supplement,91435851,0,91435851_0.jpeg,1,train,true
fashion200k,fashion200k_supplement,91436476,0,91436476_0.jpeg,1,old_val,false
fashion200k,fashion200k_supplement,91436632,0,91436632_0.jpeg,1,old_val,false
fashion200k,fashion200k_supplement,91436935,0,91436935_0.jpeg,1,train,true
fashion200k,fashion200k_supplement,91437049,0,91437049_0.jpeg,1,train,true
fashion200k,fashion200k_supplement,91437411,0,91437411_0.jpeg,1,train,true
fashion200k,fashion200k_supplement,91438548,0,91438548_0.jpeg,1,train,true
