dataset,official_split,image_id,original_filename,source_shard,augmentation_round,selected,valid_crop_count,usage_split,used_for_training
fashionpedia,train2020,25,97e45101f7235a9e56fa95c5e4980c17.jpg,0,1,true,2,new_val,false
fashionpedia,train2020,28,8a20effd8b6ebcaf2b74caa7d35eee41.jpg,0,1,true,2,train,true
fashionpedia,train2020,32,41f415aa0fc1f81d99cc91dca9a2e56c.jpg,0,1,true,2,new_val,false
fashionpedia,train2020,40,ecb4116ed3655dc1d650edfb670dd9d2.jpg,0,1,true,1,new_val,false
fashionpedia,train2020,44,1542730152ed7edd9e60883cc8730e57.jpg,0,1,true,1,train,true
fashionpedia,train2020,48,21c5c122b7545a70509749e7b47778ce.jpg,0,1,true,2,train,true
fashionpedia,train2020,60,42e3a31d833983c58122273bfec102a8.jpg,0,1,true,1,train,true
fashionpedia,train2020,62,e6fbe678e393423558815e54e96aa4e4.jpg,0,1,true,2,train,true
fashionpedia,train2020,63,7195a80781724bbacd54999125fe6d26.jpg,0,1,true,1,train,true
fashionpedia,train2020,67,f3c00b82c17efd0225952e1e24126dcf.jpg,0,1,true,1,train,true
fashionpedia,train2020,68,095a29c0297c935f3483a8521bf6e13b.jpg,0,1,true,1,train,true
fashionpedia,train2020,70,1fd9fccea7c960c56f83f760c04c4685.jpg,0,1,true,3,train,true
fashionpedia,train2020,82,cfa30df621b92ce96e577bdc675859b0.jpg,0,1,true,3,train,true
fashionpedia,train2020,85,b8a9290d7ea62cd23a7402a896b1167c.jpg,0,1,true,2,train,true
fashionpedia,train2020,89,c663df3c229948f7ff004aa452385324.jpg,0,1,true,1,train,true
fashionpedia,train2020,90,9ce198fc13cc74c97a790f14f00d20b2.jpg,0,1,true,1,new_val,false
fashionpedia,train2020,94,ed8829cdbfcbea5a1fc069db0c1d4650.jpg,0,1,true,3,train,true
fashionpedia,train2020,95,0efa0cf779033b2b633eaef5dc2c014b.jpg,0,1,true,2,new_val,false
fashionpedia,train2020,100,cbf05a382c2d8b6d7b401dd5b3cbe41a.jpg,0,1,true,3,train,true
fashionpedia,train2020,103,121e424fcf533cd473fbb5727bc8c815.jpg,0,1,true,2,new_val,false
fashionpedia,train2020,106,61c189acdc02fe7c63a47ea27e691acb.jpg,0,1,true,3,new_val,false
fashionpedia,train2020,107,357d978b387f7bf658ba03b301a01acc.jpg,0,1,true,2,train,true
fashionpedia,train2020,109,4eff8c4fb07a48f72755babb91c676fd.jpg,0,1,true,3,train,true
fashionpedia,train2020,110,6e9ecb3423f76fff2576b25278a877d5.jpg,0,1,true,1,train,true
fashionpedia,train2020,115,bc3b5d9c9df8497dec8371fe624c65de.jpg,0,1,true,3,train,true
fashionpedia,train2020,116,45918103ccf4c59ffeebf1ac3f13834e.jpg,0,1,true,2,new_val,false
fashionpedia,train2020,130,fb0046f5396fc4731f4dda322433f18c.jpg,0,1,true,3,train,true
fashionpedia,train2020,131,3ae02774f961013f5498e580367a0c34.jpg,0,1,true,3,new_val,false
fashionpedia,train2020,132,c64907f981cdd55f49335084f32b027b.jpg,0,1,true,2,train,true
fashionpedia,train2020,135,f701653e4cac2fc6e5a3fb9baa3591e1.jpg,0,1,true,1,train,true
fashionpedia,train2020,137,06fa3e5101b0e7cbf19d4e031c59aea6.jpg,0,1,true,2,new_val,false
fashionpedia,train2020,140,e01aa0b489bb88ec0c7a7537c7b9ddb0.jpg,0,1,true,2,train,true
fashionpedia,train2020,142,67644215a127f4940898c57b0d0efd4b.jpg,0,1,true,2,new_val,false
fashionpedia,train2020,149,bb8fd8aeb8a6aa2a6cd3682a85b9e3ac.jpg,0,1,true,2,new_val,false
fashionpedia,train2020,153,4ff65e76bbffd7c644e566e0dc293516.jpg,0,1,true,3,train,true
fashionpedia,train2020,156,2058dd138bdc168ec26724df84611edc.jpg,0,1,true,1,train,true
fashionpedia,train2020,163,7afd9c957d49502825be8ab5733f0a6a.jpg,0,1,true,2,train,true
fashionpedia,train2020,167,d36af75bd96eba530a370f837ea223d0.jpg,0,1,true,2,train,true
fashionpedia,train2020,174,ac2053ab6f68f714bfee45c2295b3dd4.jpg,0,1,true,3,new_val,false
fashionpedia,train2020,177,4b1b8876d9d4412d3e9047fae89fe895.jpg,0,1,true,1,train,true
fashionpedia,train2020,178,ce35b8496c3bb2c85089302e1651c23d.jpg,0,1,true,3,train,true
fashionpedia,train2020,184,df1513847f5756eae57b0f429c0cec0f.jpg,0,1,true,2,train,true
fashionpedia,train2020,185,16cb7a9b2a1954a5e39886d1b850a1e8.jpg,0,1,true,3,train,true
fashionpedia,train2020,189,d935f1898b80d3531a538b89970c0320.jpg,0,1,true,3,train,true
fashionpedia,train2020,202,5cda9d200452d4ef827d8526ff4829a9.jpg,0,1,true,1,train,true
fashionpedia,train2020,203,375cdddc3df2667d1c9a0efc3af04741.jpg,0,1,true,1,train,true
fashionpedia,train2020,204,6b61e5dab7f4d938ea282aebd1f9808e.jpg,0,1,true,2,new_val,false
fashionpedia,train2020,205,6ce044f8adb1edb6a290c00855573817.jpg,0,1,true,3,train,true
fashionpedia,train2020,206,ca8efad3a5a4b04c9eb7d378cf4e6723.jpg,0,1,true,1,train,true
fashionpedia,train2020,209,c73c597687b3534e3b4c95a16b5dfaf7.jpg,0,1,true,2,train,true
fashionpedia,train2020,212,9c950cdc756c7387da49d0cff0787d71.jpg,0,1,true,2,new_val,false
fashionpedia,train2020,222,e5794b1e13ca002134f0038e121da459.jpg,0,1,true,1,train,true
fashionpedia,train2020,227,c430bf98979343f1ac6bda368c8f455e.jpg,0,1,true,2,train,true
fashionpedia,train2020,230,eacdcf92221b1c80ed080345482e3d61.jpg,0,1,true,3,train,true
fashionpedia,train2020,232,17195df67f1f125bad9592bf22e5be02.jpg,0,1,true,2,new_val,false
fashionpedia,train2020,233,cbc16a451e87d180604f540c52bcf10c.jpg,0,1,true,3,train,true
fashionpedia,train2020,236,102d4a7b90591a6a2e9b0b1e193be46e.jpg,0,1,true,2,train,true
fashionpedia,train2020,240,3b6151d5d5d83fa5599a8bde2819643f.jpg,0,1,true,2,new_val,false
fashionpedia,train2020,242,e5d13843fc6451dacdd48a28117cbf49.jpg,0,1,true,1,train,true
fashionpedia,train2020,243,e862fff11bd581242e9618556991a15d.jpg,0,1,true,1,train,true
fashionpedia,train2020,245,583a51b6c13121b4018ff8ddc61be2f6.jpg,0,1,true,3,train,true
fashionpedia,train2020,246,ea11c57941afc2136301df744111a0fd.jpg,0,1,true,1,new_val,false
fashionpedia,train2020,247,ffa3ea1e617fc51d9f897c3651d8c58c.jpg,0,1,true,3,train,true
fashionpedia,train2020,248,f9c294bab05e287059da087c0c94470e.jpg,0,1,true,1,train,true
fashionpedia,train2020,250,9f1e705a5685e13cc69656de263e880c.jpg,0,1,true,3,train,true
fashionpedia,train2020,252,d0f134a7936dd9580b9ca6a64279014c.jpg,0,1,true,1,train,true
fashionpedia,train2020,254,52cf9a0ccba820b33f04b0326f83aecd.jpg,0,1,true,2,train,true
fashionpedia,train2020,257,b9e4ceb049d792dbfe50a4d6df15d376.jpg,0,1,true,2,train,true
fashionpedia,train2020,258,41c324169eeb24ed674c12b5ed730434.jpg,0,1,true,2,new_val,false
fashionpedia,train2020,269,9728488d177a083a791c56d97999273a.jpg,0,1,true,0,selected_no_valid_crop,false
fashionpedia,train2020,270,f910f0e7b360f15ea1aace97b2878bad.jpg,0,1,true,2,train,true
fashionpedia,train2020,274,b63e9ca00ba7cbab8ba48e151be9cb9d.jpg,0,1,true,1,train,true
fashionpedia,train2020,282,66bcb9387a04e8b45cf7bd813449d19d.jpg,0,1,true,2,train,true
fashionpedia,train2020,285,ca7ea1603b9c3dc36537e2309aea7e9b.jpg,0,1,true,1,train,true
fashionpedia,train2020,287,af2186a66a20adf06c22a3b2913b5cad.jpg,0,1,true,2,train,true
fashionpedia,train2020,290,d51bdf4541d32a4a984b4f30b00807d2.jpg,0,1,true,1,new_val,false
fashionpedia,train2020,293,3e911dacd5eba2d543547e1f5385ebe0.jpg,0,1,true,1,train,true
fashionpedia,train2020,295,dd9096bc6c0c4833135d82d17b4acf5a.jpg,0,1,true,2,train,true
fashionpedia,train2020,296,2ce4f37608c4fa9317c9f3ac1f48ca75.jpg,0,1,true,2,train,true
fashionpedia,train2020,298,a1623b23425d8e7d38a9508afd4f15ee.jpg,0,1,true,3,train,true
fashionpedia,train2020,310,5a71b2676ad6a490a87782e3d7039afc.jpg,0,1,true,1,train,true
fashionpedia,train2020,311,12baec7f4ad25be3a4fb603eacd9944f.jpg,0,1,true,2,train,true
fashionpedia,train2020,315,61d9c7a5bb32bf978bc882623f512893.jpg,0,1,true,1,train,true
fashionpedia,train2020,316,cdc69aeff25a01a3d9d00aae5135f9d1.jpg,0,1,true,3,train,true
fashionpedia,train2020,318,f8cf1de3af7c123b25a0a7bd451bc047.jpg,0,1,true,1,train,true
fashionpedia,train2020,322,b0f2803d8b0ef7663937ef32d995866f.jpg,0,1,true,3,train,true
fashionpedia,train2020,329,b4594df6d918c3c747d6bd39df10be26.jpg,0,1,true,1,new_val,false
fashionpedia,train2020,338,5ff46c574d5004855b48be942aadf56e.jpg,0,1,true,2,train,true
fashionpedia,train2020,343,de5ba775c77fa5e66806982f5debf06a.jpg,0,1,true,4,new_val,false
fashionpedia,train2020,344,341b64b6f8122833afe2e36ea010c5a4.jpg,0,1,true,1,new_val,false
fashionpedia,train2020,348,b239942f133c56c0da3094b71d64b0ef.jpg,0,1,true,3,train,true
fashionpedia,train2020,351,7151932f4600847dedd8a806a7505e5d.jpg,0,1,true,3,train,true
fashionpedia,train2020,355,605443a80838acba2c88cec68f8eee11.jpg,0,1,true,2,train,true
fashionpedia,train2020,358,80132519afb9157a363a40c6072e1a8e.jpg,0,1,true,2,train,true
fashionpedia,train2020,360,47fef5213078e059265a2ada33e94a1c.jpg,0,1,true,1,new_val,false
fashionpedia,train2020,364,5eb38f67de2b0389b9e2689431ee9a11.jpg,0,1,true,3,train,true
fashionpedia,train2020,366,37af9186f8339fec04336204c082f2a2.jpg,0,1,true,2,train,true
fashionpedia,train2020,367,137d28c29a22cfa69c560b4cc13d31b0.jpg,0,1,true,4,train,true
fashionpedia,train2020,370,818f307682e6cf6c57b37258b6401f2f.jpg,0,1,true,3,new_val,false
fashionpedia,train2020,372,e1d1d2832d427df8bf094ccdc46d1182.jpg,0,1,true,2,train,true
fashionpedia,train2020,373,c7c0849a526d0c7afc7f1fdbe21d773c.jpg,0,1,true,2,train,true
fashionpedia,train2020,375,9eabfc85ce0c4e5b0bff309916141c41.jpg,0,1,true,1,new_val,false
fashionpedia,train2020,380,a151a273ea0996d7706ee009e4751883.jpg,0,1,true,1,train,true
fashionpedia,train2020,382,08fc98b47358c5ae54fc642ebdbe64a0.jpg,0,1,true,2,train,true
fashionpedia,train2020,385,722fc552af055aaf01cd7a98f8999047.jpg,0,1,true,2,train,true
fashionpedia,train2020,388,1ad08ca84d22d95144d44fd1d62dae8f.jpg,0,1,true,1,train,true
fashionpedia,train2020,394,e9d6a217f43414d6b0f47956ba627bd6.jpg,0,1,true,3,train,true
fashionpedia,train2020,395,9916c171eb422c2c04822252b6b43d5e.jpg,0,1,true,2,train,true
fashionpedia,train2020,398,70bc4d6babf677d8745c19ca6ce46609.jpg,0,1,true,3,new_val,false
fashionpedia,train2020,399,18221cc9972085715118965adb234242.jpg,0,1,true,2,train,true
fashionpedia,train2020,400,fd786dc34f4ec2591ee528a272088d87.jpg,0,1,true,2,train,true
fashionpedia,train2020,401,747db5b11e4d1df9ebef65e4a3370eb1.jpg,0,1,true,1,train,true
fashionpedia,train2020,404,e6df78458fc975fcd10af43b39508190.jpg,0,1,true,2,train,true
fashionpedia,train2020,411,b7892ba164b21edcfbb83cfcf5833fd1.jpg,0,1,true,2,train,true
fashionpedia,train2020,412,c97e978062ca43d787acfac201820572.jpg,0,1,true,2,train,true
fashionpedia,train2020,416,39cb49a71b07fa74b9217f2009daa5a8.jpg,0,1,true,1,train,true
fashionpedia,train2020,417,972ca6dbb1dafbcf59fb7013b404a560.jpg,0,1,true,1,train,true
fashionpedia,train2020,422,d1e805cf25f9757172ba64e1cc69ee9f.jpg,0,1,true,1,train,true
fashionpedia,train2020,424,7d523882f294d2ac57d74d82a170e65e.jpg,0,1,true,3,train,true
fashionpedia,train2020,427,d3956b9036a84b12f93c69bff1af051b.jpg,0,1,true,3,new_val,false
fashionpedia,train2020,432,e1717d7d32f9aa2abb390747d750ad69.jpg,0,1,true,3,train,true
fashionpedia,train2020,433,a365b7fae909e0714445379f1673fc31.jpg,0,1,true,1,train,true
fashionpedia,train2020,435,82c9aaeffcecc96b26116ad13da6f069.jpg,0,1,true,2,train,true
fashionpedia,train2020,438,77477a00ce5a4017a32bae98283c554a.jpg,0,1,true,1,train,true
fashionpedia,train2020,444,1e7b82ca3669309e347d5a9bf98c82cd.jpg,0,1,true,1,train,true
fashionpedia,train2020,449,bff5e64ca81a76c95fab83f4d6a15b03.jpg,0,1,true,2,new_val,false
fashionpedia,train2020,451,cbc1c3dfe2e4a7dce7a98a9779ba10ae.jpg,0,1,true,3,new_val,false
fashionpedia,train2020,452,e2c84ac0b0e5e8f011cd67edf819a0f2.jpg,0,1,true,3,train,true
fashionpedia,train2020,453,7a4e709651d784b52b0dd197a352152a.jpg,0,1,true,2,train,true
fashionpedia,train2020,454,5e5a68bb267afc287b8e800f144c1e26.jpg,0,1,true,3,train,true
fashionpedia,train2020,455,0aef0085f9dd64eedbbcd3f422c2e4fc.jpg,0,1,true,3,train,true
fashionpedia,train2020,456,2a383525bf91af7962ee9a88e1cee2e6.jpg,0,1,true,1,train,true
fashionpedia,train2020,459,6e1851e908162f3fbd5bd0ffaccdb127.jpg,0,1,true,4,new_val,false
fashionpedia,train2020,465,b73a014265578b0977b27d1ecf9a1eae.jpg,0,1,true,3,new_val,false
fashionpedia,train2020,468,a35de2e3a3f76e43818f7d44bd9cabe1.jpg,0,1,true,2,train,true
fashionpedia,train2020,470,8a9cebbd5cd463f7d5121f5634f0e135.jpg,0,1,true,1,train,true
fashionpedia,train2020,474,0e3f1faa00fab86b17e97e6e9a3a8c31.jpg,0,1,true,1,train,true
fashionpedia,train2020,475,4dbd8f9ff36cfb61da17c0ca7730836f.jpg,0,1,true,2,train,true
fashionpedia,train2020,476,b226be45595139742e303d83ab1e6fa4.jpg,0,1,true,1,train,true
fashionpedia,train2020,477,2915fb83c4f9b52c3093139a83bd0353.jpg,0,1,true,2,train,true
fashionpedia,train2020,479,9de1c2ecccf482cee64a7297a9282707.jpg,0,1,true,3,train,true
fashionpedia,train2020,481,ad1030c1188637b62b9dc0c7ed124099.jpg,0,1,true,3,train,true
fashionpedia,train2020,482,2127a53f03388bee20e3bfc8b229df28.jpg,0,1,true,1,train,true
fashionpedia,train2020,484,47209168235ce43983e1df47d7bcab39.jpg,0,1,true,1,train,true
fashionpedia,train2020,490,ce58e988f108dd47f6c137cf76378812.jpg,0,1,true,6,train,true
fashionpedia,train2020,493,3f6753705b0b3b324d360fa52495c848.jpg,0,1,true,2,train,true
fashionpedia,train2020,499,08a29758ecb141a52a28e709b485ac3d.jpg,0,1,true,2,train,true
fashionpedia,train2020,502,0b3ffa712c9448e14cb245b306111d50.jpg,0,1,true,2,train,true
fashionpedia,train2020,505,34299a54b636d6ae659ec77f1709a5f4.jpg,0,1,true,3,train,true
fashionpedia,train2020,509,72a9fa5b84746adc3d54f513f4bf2eef.jpg,0,1,true,1,train,true
fashionpedia,train2020,510,6b1d8eca7401ee95b070f5c28e2df96d.jpg,0,1,true,2,train,true
fashionpedia,train2020,514,8e62d473bc162ca223890aa872b7e08d.jpg,0,1,true,2,train,true
fashionpedia,train2020,516,16ddba3f9f400eb18f9996323bb4fed9.jpg,0,1,true,2,train,true
fashionpedia,train2020,520,6129606eaca52c6b455df9e1a9657a97.jpg,0,1,true,1,train,true
fashionpedia,train2020,527,8c641a2d7d22d5a517a69b572b6cb86a.jpg,0,1,true,1,new_val,false
fashionpedia,train2020,528,6a6bb77054aa50449b12a8173807f1dd.jpg,0,1,true,4,train,true
fashionpedia,train2020,535,80301efa49132c72f94f7c723148da87.jpg,0,1,true,2,train,true
fashionpedia,train2020,542,7ae181873bf9bae88957641ef5db2f49.jpg,0,1,true,3,new_val,false
fashionpedia,train2020,546,bf986edd3fecd64ec1d2517ee1de6c23.jpg,0,1,true,2,train,true
fashionpedia,train2020,548,6458f94e7e5b0146699bc77a0e5d0bf0.jpg,0,1,true,4,train,true
fashionpedia,train2020,549,a464d96fae299e8a04491ca0c7915d14.jpg,0,1,true,2,train,true
fashionpedia,train2020,554,c4f66ee6ccaa2a82299393170c39c92e.jpg,0,1,true,2,train,true
fashionpedia,train2020,555,e49a0aa5a447e3a4cd25b7064c15ce62.jpg,0,1,true,2,new_val,false
fashionpedia,train2020,559,773c4fd0ac3a188e9898cd57de9046bc.jpg,0,1,true,2,train,true
fashionpedia,train2020,563,b59cda633ed6197fefac3eec2cbdd6df.jpg,0,1,true,2,train,true
fashionpedia,train2020,565,97d7e3955df810fe8545861bf8f1e68c.jpg,0,1,true,1,new_val,false
fashionpedia,train2020,568,f6e378bd282aab7fbf22f9c240a79f92.jpg,0,1,true,1,train,true
fashionpedia,train2020,569,489f81c9eda9b6a1fef210186d5fb851.jpg,0,1,true,1,train,true
fashionpedia,train2020,578,3577b54373e569f683795fbb7e18374a.jpg,0,1,true,1,train,true
fashionpedia,train2020,580,f12aa2d52dfe701047e0410dff2562c5.jpg,0,1,true,2,train,true
fashionpedia,train2020,582,2019ac89b11a5ec028a0578aa5fe4edf.jpg,0,1,true,2,train,true
fashionpedia,train2020,583,76dd1f131459ff64602129499ae61a0f.jpg,0,1,true,1,train,true
fashionpedia,train2020,584,6a70c8d08b476ada7cc52e1c19b862fc.jpg,0,1,true,1,train,true
fashionpedia,train2020,593,a24b1f3ab95d4f9731d394c35fe3a649.jpg,0,1,true,3,train,true
fashionpedia,train2020,594,755b37051fc24be68509b68815ef4868.jpg,0,1,true,1,train,true
fashionpedia,train2020,595,2d9a5b8b88193b1fa4abfc5a581e5473.jpg,0,1,true,3,train,true
fashionpedia,train2020,596,4f1e84d1931cb797860cdb2c790debf4.jpg,0,1,true,3,train,true
fashionpedia,train2020,601,3d9779203d671de4fef802b755bd21be.jpg,0,1,true,2,train,true
fashionpedia,train2020,617,4aa3adbe60289a222a1981610686196f.jpg,0,1,true,2,train,true
fashionpedia,train2020,619,60c2ec8558b3e0f9031c4fb70a3296a5.jpg,0,1,true,2,train,true
fashionpedia,train2020,623,988955519890b91e68278521c52cf181.jpg,0,1,true,2,train,true
fashionpedia,train2020,624,bc05d29efae8f6cdcf042244a1294ac9.jpg,0,1,true,1,train,true
fashionpedia,train2020,627,ec80ecfe0216662837a4f95560aa0da8.jpg,0,1,true,1,new_val,false
fashionpedia,train2020,630,566d5e9467702bb8d404eb840e2c7b83.jpg,0,1,true,2,train,true
fashionpedia,train2020,633,f1f62b9263956a1f09a84c7465dbec7a.jpg,0,1,true,2,new_val,false
fashionpedia,train2020,644,44edce99ef66aee0956fe17e938a9dbe.jpg,0,1,true,2,train,true
fashionpedia,train2020,648,d2d34421524e3383a096590683621e01.jpg,0,1,true,4,train,true
fashionpedia,train2020,649,63513e53433ff199f1e1f40f93901f3e.jpg,0,1,true,3,train,true
fashionpedia,train2020,651,b35e61330a0472810009b80910bc29b2.jpg,0,1,true,1,new_val,false
fashionpedia,train2020,655,a3496ab4f2737c0878324cbd7607351f.jpg,0,1,true,3,train,true
fashionpedia,train2020,657,d6e328a06de36af3f821d8d743c78500.jpg,0,1,true,3,train,true
fashionpedia,train2020,672,6a7d721c17ddf7712cd86bde6f067fab.jpg,0,1,true,3,train,true
fashionpedia,train2020,673,f4d811181ca6367340272ea2817eebb6.jpg,0,1,true,2,train,true
fashionpedia,train2020,674,0fa4be98f11aaf7970d0230df4ae3ddf.jpg,0,1,true,1,new_val,false
fashionpedia,train2020,676,587418867f37855df1410aaa8e232094.jpg,0,1,true,2,train,true
fashionpedia,train2020,681,f796edb2c8fd0de4ba251a802316acfb.jpg,0,1,true,3,train,true
fashionpedia,train2020,683,b2bac779c3ce5733ca8c477e44ad4d3c.jpg,0,1,true,2,train,true
fashionpedia,train2020,685,dc1262ebac0572e0d1216b08a91859f0.jpg,0,1,true,2,train,true
fashionpedia,train2020,689,c35a07ed7a2ed05559c11c38d00235ec.jpg,0,1,true,2,new_val,false
fashionpedia,train2020,690,6299e6b790109a51e54cf55359132be7.jpg,0,1,true,3,train,true
fashionpedia,train2020,691,9046316b4a890b8aa427ad36b04443ad.jpg,0,1,true,1,train,true
fashionpedia,train2020,693,35d89b79e4ffd9da703408aa25cf230a.jpg,0,1,true,3,train,true
fashionpedia,train2020,695,1b65d189910ba8ba68e64a57d58eb863.jpg,0,1,true,1,train,true
fashionpedia,train2020,697,63bc20562923b07a6c0dff23c64f19b1.jpg,0,1,true,2,train,true
fashionpedia,train2020,699,b9c32af18f17f8387a9713e5bb436fd7.jpg,0,1,true,1,new_val,false
fashionpedia,train2020,702,327e031815a55aa9e44da20bae4ed3ac.jpg,0,1,true,2,train,true
fashionpedia,train2020,709,69a9b253f799d9636cd9a9a75139f3d2.jpg,0,1,true,1,train,true
fashionpedia,train2020,710,8cf03452ecb66e0b7b2174b9e5964eb0.jpg,0,1,true,2,train,true
fashionpedia,train2020,711,5b60edb545c0d0af07250f75fefc525c.jpg,0,1,true,2,train,true
fashionpedia,train2020,717,72ec8a69b59e7c23a2542b752906df83.jpg,0,1,true,2,train,true
fashionpedia,train2020,726,a023123759d96ac5abe8cd2c6b0c93f2.jpg,0,1,true,3,train,true
fashionpedia,train2020,730,417d1ab0069ab5ba8515dc22e7446449.jpg,0,1,true,2,train,true
fashionpedia,train2020,732,cf52c0367acdbb6381e22b0820fb49c0.jpg,0,1,true,1,train,true
fashionpedia,train2020,733,edb7db1fcb69296415e2f32cd5cac1ba.jpg,0,1,true,3,new_val,false
fashionpedia,train2020,737,d2530e8342cc6ede0a60aa803e55ec70.jpg,0,1,true,2,train,true
fashionpedia,train2020,738,62177ff1f8eb6740e6b057208800ebae.jpg,0,1,true,1,train,true
fashionpedia,train2020,739,cbaf473aaed480be991c5620d82475ef.jpg,0,1,true,3,train,true
fashionpedia,train2020,740,d65eff760d841520cfd3dd89019e2b33.jpg,0,1,true,1,train,true
fashionpedia,train2020,746,93e6cf5581a6f3d6b49a18caed5593e9.jpg,0,1,true,2,train,true
fashionpedia,train2020,747,f708370d2e41cd3bdd62bb4018bbb63c.jpg,0,1,true,3,new_val,false
fashionpedia,train2020,749,712d0f3fd44731177e4b83a1929b3c4a.jpg,0,1,true,3,train,true
fashionpedia,train2020,752,eda1db8a392e00b4042d72e07a94fca9.jpg,0,1,true,3,train,true
fashionpedia,train2020,756,c950bfe4a731109105d6d4c542ab7521.jpg,0,1,true,1,train,true
fashionpedia,train2020,757,4767251a8a3f92c6d0585fee551e74a4.jpg,0,1,true,1,train,true
fashionpedia,train2020,758,78106bc7a4a774692fa534f0dd65e198.jpg,0,1,true,1,train,true
fashionpedia,train2020,759,90f9303884cfe59328016d6ceb441adc.jpg,0,1,true,2,train,true
fashionpedia,train2020,767,680696016e07ba4f18aecee96fd9861f.jpg,0,1,true,1,train,true
fashionpedia,train2020,771,dbee568e0f861db3bd4081cb12d6878a.jpg,0,1,true,2,train,true
fashionpedia,train2020,774,816fc4498c6a6ef9aa206b2824d462de.jpg,0,1,true,1,train,true
fashionpedia,train2020,775,3086fbc479c8ff1c107b746b3529567a.jpg,0,1,true,2,train,true
fashionpedia,train2020,776,0856ba7fc6614b953232b228ea1baf48.jpg,0,1,true,2,train,true
fashionpedia,train2020,781,e840c9c831261958fe40c964019b4a5d.jpg,0,1,true,2,train,true
fashionpedia,train2020,783,0097977ba02a750e562c1f6bde0b686e.jpg,0,1,true,1,new_val,false
fashionpedia,train2020,786,b35686885e9fcf93bc51b4b8e54cc07b.jpg,0,1,true,2,train,true
fashionpedia,train2020,787,79fc8166d7f69d8c5810e364f70cba7b.jpg,0,1,true,3,train,true
fashionpedia,train2020,789,e8dfb3d9e716614c64f1cd8686feb38d.jpg,0,1,true,2,train,true
fashionpedia,train2020,790,fd150330c8a62cd9ab45e51f4de6969f.jpg,0,1,true,1,new_val,false
fashionpedia,train2020,803,1b1f0ac0a015f5d5d65fbbb6fb92ee64.jpg,0,1,true,1,train,true
fashionpedia,train2020,804,4e4d50d02301ed854ba1ad6a60b86028.jpg,0,1,true,1,train,true
fashionpedia,train2020,810,16c7ee29a772300230322380e1502dbb.jpg,0,1,true,1,train,true
fashionpedia,train2020,811,14631f2f41cff96f27ebd3dd47dd5ba4.jpg,0,1,true,1,train,true
fashionpedia,train2020,813,5d2dfb88c5aaae295d7e6e3e4bc8529d.jpg,0,1,true,1,train,true
fashionpedia,train2020,815,52498782176312b5b46efc6fa2e457fd.jpg,0,1,true,4,train,true
fashionpedia,train2020,818,1e0d5fd2900ba1199dc8cff16dfcb62b.jpg,0,1,true,1,train,true
fashionpedia,train2020,823,ef4b3530901e19c29a6debd14fb05eac.jpg,0,1,true,1,train,true
fashionpedia,train2020,824,127c75d34261223429e1168c5a1e1cb1.jpg,0,1,true,1,train,true
fashionpedia,train2020,829,1d83d29297c4f06d45ec0f77ad91563f.jpg,0,1,true,2,train,true
fashionpedia,train2020,832,ebfda352bd5113859294aff74239faed.jpg,0,1,true,3,train,true
fashionpedia,train2020,835,eaf0a9326b46fac24998e1d5a6e4f8f6.jpg,0,1,true,1,train,true
fashionpedia,train2020,836,1a4431dbcda81b234de55e098a5af094.jpg,0,1,true,1,train,true
fashionpedia,train2020,841,14513692f82f1c603cdc9ae52ebc1469.jpg,0,1,true,3,train,true
fashionpedia,train2020,843,c13a5eb445b0b9a1bdac23e7509017aa.jpg,0,1,true,2,train,true
fashionpedia,train2020,845,9e6bd17db4f65575cb6215a76886f070.jpg,0,1,true,2,train,true
fashionpedia,train2020,848,6f0f8e6a7c065f36231d75b2fdbd933b.jpg,0,1,true,3,train,true
fashionpedia,train2020,851,16b51737ef50be4e67b5d13eb9514ae7.jpg,0,1,true,2,train,true
fashionpedia,train2020,853,84227dbe5d6cfabfe14b8fcd631dbba6.jpg,0,1,true,1,train,true
fashionpedia,train2020,865,798bedc91845c2c3918d4a0597c706e1.jpg,0,1,true,1,train,true
fashionpedia,train2020,869,5c58aae536241e020226e9c9885e2d3b.jpg,0,1,true,2,train,true
fashionpedia,train2020,872,81946da9c6d8118f1a46ebc3ad451e46.jpg,0,1,true,2,train,true
fashionpedia,train2020,876,72eefd08ed57bd960218d039c3b64014.jpg,0,1,true,3,train,true
fashionpedia,train2020,877,1586ec1b2d4e048d260ffeecd75ea7d4.jpg,0,1,true,2,train,true
fashionpedia,train2020,879,d084bd303691fafe4e0bb33b7d972a40.jpg,0,1,true,1,train,true
fashionpedia,train2020,881,684b97721444b805b517cfe41ca766e7.jpg,0,1,true,2,train,true
fashionpedia,train2020,887,0683db033b7041f9fd74e269b9febe30.jpg,0,1,true,2,train,true
fashionpedia,train2020,891,260184d82355f4db33679864e81d3712.jpg,0,1,true,1,train,true
fashionpedia,train2020,893,736b0de74bafd4886034106860e2f28a.jpg,0,1,true,1,train,true
fashionpedia,train2020,896,0d48961151d7c5c9c91c2d00493b4e90.jpg,0,1,true,2,new_val,false
fashionpedia,train2020,898,ffb493fb5d67f7d118109797d6bbce10.jpg,0,1,true,1,train,true
fashionpedia,train2020,900,2ff075f2f386cfee100032d926e26c7f.jpg,0,1,true,1,train,true
fashionpedia,train2020,906,d97435543c5fb5f1507ef5cc669e45e5.jpg,0,1,true,2,train,true
fashionpedia,train2020,910,cd778b422a0bcce577269e2a60b7da34.jpg,0,1,true,4,train,true
fashionpedia,train2020,917,0d0cfe9e0e244b0262d94ad4da115b98.jpg,0,1,true,3,train,true
fashionpedia,train2020,918,071bb6f1aa6248b0743386c4004a5ad5.jpg,0,1,true,2,train,true
fashionpedia,train2020,919,883bad73c004b4080abaee671932702b.jpg,0,1,true,2,train,true
fashionpedia,train2020,921,c68fa6bbbafcd58a4736d5b43cf53a9a.jpg,0,1,true,2,train,true
fashionpedia,train2020,924,6346ae23337968030e5bffaf2ad0c049.jpg,0,1,true,2,train,true
fashionpedia,train2020,925,e413414d90a71c9b27042564d09bed3d.jpg,0,1,true,2,train,true
fashionpedia,train2020,927,1ddb68e975cbb2358b80048fcc9443e5.jpg,0,1,true,1,train,true
fashionpedia,train2020,929,d9b8aa840a8f28c9782f336c96272da7.jpg,0,1,true,2,train,true
fashionpedia,train2020,930,975c1046b07f2eb0fc891cd01490223e.jpg,0,1,true,1,train,true
fashionpedia,train2020,932,0b066b571e9a6e4b924b0895b803e23b.jpg,0,1,true,1,train,true
fashionpedia,train2020,936,61568eb933805b84eef238bd3f3114d5.jpg,0,1,true,2,new_val,false
fashionpedia,train2020,937,d931e24c06cca65913f8d54777fb7b66.jpg,0,1,true,1,train,true
fashionpedia,train2020,938,907855f021a2979d0d31d0b2f51ef4fd.jpg,0,1,true,1,new_val,false
fashionpedia,train2020,941,ece69a65ed45a3edf1fc00efbbfaedb7.jpg,0,1,true,1,train,true
fashionpedia,train2020,945,24940c398f23f181f3f7420c358b20a6.jpg,0,1,true,2,train,true
fashionpedia,train2020,949,492665c84ad9cdd888c17f958114771e.jpg,0,1,true,1,train,true
fashionpedia,train2020,950,defd3f17ff1ab4c3b9b15ba42ebcd91c.jpg,0,1,true,2,train,true
fashionpedia,train2020,951,0180c5bbfcd5a0bf843dce7ddebee9eb.jpg,0,1,true,3,new_val,false
fashionpedia,train2020,964,e38fc2fabdfd599cf82fd12f02f35bdf.jpg,0,1,true,1,train,true
fashionpedia,train2020,969,76be1c1468ac1271bc68b200a3146569.jpg,0,1,true,2,train,true
fashionpedia,train2020,971,464cdc1e453ffd114dd166376154ea01.jpg,0,1,true,3,new_val,false
fashionpedia,train2020,974,95dcd37217339b56caaac226b05e0f20.jpg,0,1,true,1,train,true
fashionpedia,train2020,975,67e7319e00c149fcd4aae65ad40c7f44.jpg,0,1,true,2,train,true
fashionpedia,train2020,977,a90b1fc4118b95bd9ef8835ce306123a.jpg,0,1,true,3,new_val,false
fashionpedia,train2020,979,ef62de0f48252df7444453d7a7b05a67.jpg,0,1,true,1,train,true
fashionpedia,train2020,995,920d2409acc87590fc5956168428c8ab.jpg,0,1,true,3,new_val,false
fashionpedia,train2020,1007,85e4bfa4075ea2d447493cbd1f425d91.jpg,0,1,true,3,train,true
fashionpedia,train2020,1011,e4ad90e8643463cc81a3eaf8a0e0faaa.jpg,0,1,true,3,train,true
fashionpedia,train2020,1019,a6b99b9387b94aabf7d94eb04428b37f.jpg,0,1,true,3,train,true
fashionpedia,train2020,1021,61d43b680a681d565e4ce7bfc6e38502.jpg,0,1,true,1,new_val,false
fashionpedia,train2020,1022,aad6da14e636fdf9fef1316cd628b211.jpg,0,1,true,1,train,true
fashionpedia,train2020,1023,ba5f951394e6f52e9aef5329d756dba5.jpg,0,1,true,6,new_val,false
fashionpedia,train2020,1025,1fe93879493814aa2b0d774c0da652a6.jpg,0,1,true,2,train,true
fashionpedia,train2020,1027,b57c41280195386ba3520f8af180edf6.jpg,0,1,true,1,new_val,false
fashionpedia,train2020,1029,ae5beb769790b4c829ee1a82ce84d3a7.jpg,0,1,true,1,new_val,false
fashionpedia,train2020,1030,84c386e623c5ea91d006f551381d489c.jpg,0,1,true,2,train,true
fashionpedia,train2020,1031,d02a0314c1260087aabf2dda18728c3b.jpg,0,1,true,4,train,true
fashionpedia,train2020,1033,984b6d86cbbdbf4e1def14d268a45411.jpg,0,1,true,2,train,true
fashionpedia,train2020,1034,cd8c942a76c4fe113b13efb99b064a8c.jpg,0,1,true,1,train,true
fashionpedia,train2020,1035,e2754f79396fcfae42d3d5d580d65f6c.jpg,0,1,true,2,train,true
fashionpedia,train2020,1037,1e9d0c5e3ada209cb9fc3bd3458e05c6.jpg,0,1,true,3,train,true
fashionpedia,train2020,1043,eff8fab25885cd391f5c5ace9c41fcc3.jpg,0,1,true,1,train,true
fashionpedia,train2020,1046,0eae6c841d633f667881e09121950d4c.jpg,0,1,true,1,train,true
fashionpedia,train2020,1048,1c876972570c14c52a1cd27efd060c5a.jpg,0,1,true,1,train,true
fashionpedia,train2020,1055,ebcf07697cd6120a648f858ef8e19d61.jpg,0,1,true,1,new_val,false
fashionpedia,train2020,1059,bf9e46ee8ffae0a539a58c0c1dff4901.jpg,0,1,true,2,new_val,false
fashionpedia,train2020,1060,02edaf3649fc1cb00d7e65ea35f40e0b.jpg,0,1,true,3,train,true
fashionpedia,train2020,1065,35ce48809654e311ba3235eb83ea301e.jpg,0,1,true,2,train,true
fashionpedia,train2020,1067,a736c9d1a70cbb27f8a8b8809d681551.jpg,0,1,true,2,train,true
fashionpedia,train2020,1068,e84e626bbdbb3059a6039db93e220402.jpg,0,1,true,1,train,true
fashionpedia,train2020,1073,7fa6155d8f9ae272c6da03a30087a72c.jpg,0,1,true,1,train,true
fashionpedia,train2020,1074,3a23c1f80b1db673259bc882d35d8436.jpg,0,1,true,2,train,true
fashionpedia,train2020,1075,159fb5092121e61d0c310c93ed8f0661.jpg,0,1,true,1,train,true
fashionpedia,train2020,1077,4f9d3d581e7aa362ce8144b2a13f3655.jpg,0,1,true,2,train,true
fashionpedia,train2020,1079,dda70ed01956c01289ed436d975903c9.jpg,0,1,true,3,train,true
fashionpedia,train2020,1082,fc12a3aa8ccc5556d66b12eb76a15fe2.jpg,0,1,true,4,train,true
fashionpedia,train2020,1083,0fbe2264711709d20ae06107f1663715.jpg,0,1,true,3,train,true
fashionpedia,train2020,1084,89675eec0672ff23c7d99325af4c7029.jpg,0,1,true,2,train,true
fashionpedia,train2020,1087,50572bc4c177f9c7729135e7778b93bf.jpg,0,1,true,1,new_val,false
fashionpedia,train2020,1099,6ff68b88c40d1697e25de83050056d97.jpg,0,1,true,2,train,true
fashionpedia,train2020,1102,229099760bdd658cfd0f0fd9fba32c33.jpg,0,1,true,1,train,true
fashionpedia,train2020,1103,21d0c3738299714db55446f95e13c873.jpg,0,1,true,1,train,true
fashionpedia,train2020,1107,3af82cf2c4bdc1f1d45fa2177f7957f0.jpg,0,1,true,4,new_val,false
fashionpedia,train2020,1112,f332b2302c4a5a309ab57109118b4fb7.jpg,0,1,true,2,train,true
fashionpedia,train2020,1115,2300ccd45e43b0652231f64339e16adc.jpg,0,1,true,2,train,true
fashionpedia,train2020,1116,bd9b5581ab632e1343384b6dd98d49cd.jpg,0,1,true,1,train,true
fashionpedia,train2020,1121,ee03173e68cff58b1bb46a1d263fecac.jpg,0,1,true,3,new_val,false
fashionpedia,train2020,1122,6ec14cc3464630ed3b49369bcb456f76.jpg,0,1,true,2,new_val,false
fashionpedia,train2020,1124,79a6ffd357e2c2278ac100fe39740c30.jpg,0,1,true,1,train,true
fashionpedia,train2020,1125,a60080b30873eeebd34287d18dfb5474.jpg,0,1,true,3,train,true
fashionpedia,train2020,1129,83375099c7faa85f0b2b00ad22684847.jpg,0,1,true,2,new_val,false
fashionpedia,train2020,1136,821a1deaca546a7348f1be2e76d45531.jpg,0,1,true,3,train,true
fashionpedia,train2020,1137,ef09d235229612ce8f001f82158f7021.jpg,0,1,true,2,new_val,false
fashionpedia,train2020,1148,c828bb4e1eec99a7f4cceebcf153e2f2.jpg,0,1,true,1,new_val,false
fashionpedia,train2020,1150,24617189571230d7b5bd62ddcbd9d09f.jpg,0,1,true,1,train,true
fashionpedia,train2020,1151,d2ab861cbac076b3d9f0b2da78a1f78f.jpg,0,1,true,2,train,true
fashionpedia,train2020,1153,ebf9e2e8b1a58a6e9c477d544586100a.jpg,0,1,true,2,train,true
fashionpedia,train2020,1154,c540000106d55577fcd57dfe0c2c722d.jpg,0,1,true,1,train,true
fashionpedia,train2020,1156,a260fae62c3a139913f647dec68de716.jpg,0,1,true,2,train,true
fashionpedia,train2020,1158,bd2ba5259c2671cef23d072d244cce31.jpg,0,1,true,2,train,true
fashionpedia,train2020,1159,0564e86782313c9cfcbeed66b17b9590.jpg,0,1,true,0,selected_no_valid_crop,false
fashionpedia,train2020,1162,0f0429153de2e3f55f5328a8c283663d.jpg,0,1,true,1,train,true
fashionpedia,train2020,1165,7fd7a3d2ea9c0daf96b11744a522857e.jpg,0,1,true,2,train,true
fashionpedia,train2020,1169,8f273c7d20fd25adc1d4aaa9f8bb477a.jpg,0,1,true,1,train,true
fashionpedia,train2020,1170,e2d1d076d622a4cd666c802f843504fa.jpg,0,1,true,1,train,true
fashionpedia,train2020,1173,81249ba37014842014297e424bee0789.jpg,0,1,true,1,train,true
fashionpedia,train2020,1177,085c16ea274b9b1254dde4e659fc88a7.jpg,0,1,true,1,train,true
fashionpedia,train2020,1179,32508e6997f2fd4ff5132b9439a7482a.jpg,0,1,true,2,train,true
fashionpedia,train2020,1181,020444664a7bdd8faee934026db2032c.jpg,0,1,true,3,train,true
fashionpedia,train2020,1182,c40b4f0449367504bcef34fa13987dd4.jpg,0,1,true,2,train,true
fashionpedia,train2020,1185,d25b6a3eb2edf5fe71b7af9f94ffb7a3.jpg,0,1,true,2,train,true
fashionpedia,train2020,1190,30634a08f683d41229ff5484fec62050.jpg,0,1,true,2,train,true
fashionpedia,train2020,1194,d8d5a53fec0b817c70839f859afadeca.jpg,0,1,true,1,train,true
fashionpedia,train2020,1195,e332bcf8fe973b00755f8db6d4af64a7.jpg,0,1,true,2,train,true
fashionpedia,train2020,1197,c40c012cf81df4a3127bca8a459f0f7a.jpg,0,1,true,3,new_val,false
fashionpedia,train2020,1207,ec828384117ef8757483d6516a32a6b7.jpg,0,1,true,2,train,true
fashionpedia,train2020,1209,8964fee7fcbc078956691f5f5cfe7cb2.jpg,0,1,true,1,train,true
fashionpedia,train2020,1210,5232865579ff7c84b5aec7854ea644b0.jpg,0,1,true,2,train,true
fashionpedia,train2020,1214,c1a23dc181ddacecab05a6f38ae42f35.jpg,0,1,true,1,train,true
fashionpedia,train2020,1216,aa59c306a90520e9ded0aebbcd3bb5da.jpg,0,1,true,1,train,true
fashionpedia,train2020,1218,1dcd544c43f07ebf326f903ecba8ee35.jpg,0,1,true,2,train,true
fashionpedia,train2020,1220,3360ac3426485b2569ea382ceaf570fa.jpg,0,1,true,3,train,true
fashionpedia,train2020,1224,6f8104adfae184b950342f29d1b9e58b.jpg,0,1,true,2,train,true
fashionpedia,train2020,1226,4ff0ebcba7b53e61b7e99f12b74a0849.jpg,0,1,true,1,train,true
fashionpedia,train2020,1227,808cbe872f3d1dc20f8fb3f340bb7dce.jpg,0,1,true,2,train,true
fashionpedia,train2020,1230,872defa89a33afb36bbfa46bf0bc1ff5.jpg,0,1,true,1,train,true
fashionpedia,train2020,1231,a28ae8316cffe4002ae5a69df918d405.jpg,0,1,true,1,train,true
fashionpedia,train2020,1233,7ffda2d7b203bacfa09e6f13beba6a8a.jpg,0,1,true,1,train,true
fashionpedia,train2020,1234,6c62abc2457f706a6df06c8219a25963.jpg,0,1,true,2,train,true
fashionpedia,train2020,1239,a325850402cf9ddb1968bb6f21d1a10a.jpg,0,1,true,2,train,true
fashionpedia,train2020,1240,96160d4e52faf19188a8ba6619e1263e.jpg,0,1,true,1,train,true
fashionpedia,train2020,1248,8109b11bf496bd88b35577a8c8860a91.jpg,0,1,true,2,train,true
fashionpedia,train2020,1250,c5ee3a5f9074fdbd0c18caf64a09f355.jpg,0,1,true,2,train,true
fashionpedia,train2020,1251,3dac35e2876ab7282c760309e769d09b.jpg,0,1,true,2,train,true
fashionpedia,train2020,1257,17f17ffcf8711a352135cbc3ed4bdc99.jpg,0,1,true,2,train,true
fashionpedia,train2020,1260,ec17cad82433b462169355794980667d.jpg,0,1,true,2,train,true
fashionpedia,train2020,1263,ae170430f769db569af1c7443901e4b0.jpg,0,1,true,1,new_val,false
fashionpedia,train2020,1265,5e80d664c5f4cc729328615294206888.jpg,0,1,true,3,train,true
fashionpedia,train2020,1270,0038e8912ece8b5f9d3c520b3fd7ef3b.jpg,0,1,true,1,train,true
fashionpedia,train2020,1271,e3d1ac52e90beeb4fb235e93fbe30fa5.jpg,0,1,true,2,train,true
fashionpedia,train2020,1273,aa78926266b1eac6552723873fa2a3bb.jpg,0,1,true,2,train,true
fashionpedia,train2020,1274,c1e1a128de1e6ab6af55263bc6dab76e.jpg,0,1,true,2,train,true
fashionpedia,train2020,1275,0115eccb4483ca6761887747c4c0f5cd.jpg,0,1,true,3,train,true
fashionpedia,train2020,1278,9b51260e2aec676abfc46fa5a3f8d07c.jpg,0,1,true,2,train,true
fashionpedia,train2020,1279,1dfa4554eb0f0621be5cd286a72e0083.jpg,0,1,true,2,new_val,false
fashionpedia,train2020,1284,8ddea765e11675948a80742c94940cc4.jpg,0,1,true,1,train,true
fashionpedia,train2020,1285,5c8cd9fe876e089c7a9a4dd5e6eeaa2b.jpg,0,1,true,2,train,true
fashionpedia,train2020,1286,c7fbfc81a6610dd36a99108372b78c6e.jpg,0,1,true,1,train,true
fashionpedia,train2020,1287,5c19a4d31906d6c88734dac15d7f329f.jpg,0,1,true,1,train,true
fashionpedia,train2020,1289,385ddae11f69b826e27fd6c2f378313f.jpg,0,1,true,3,train,true
fashionpedia,train2020,1294,814b8b397a28454fb44aa6954a8f7275.jpg,0,1,true,1,train,true
fashionpedia,train2020,1295,f544226f2cbf18f0edaeb1d90d63b1d6.jpg,0,1,true,3,train,true
fashionpedia,train2020,1297,ab553188680b771c9ad5a85e3b1124f1.jpg,0,1,true,3,train,true
fashionpedia,train2020,1298,392646e161b8b398bd27bda7da20fd44.jpg,0,1,true,2,train,true
fashionpedia,train2020,1299,3081d0ba1696969e2190a6a80ecbbd1d.jpg,0,1,true,1,train,true
fashionpedia,train2020,1300,f018ae5b52384173c930db393eec5dbf.jpg,0,1,true,3,new_val,false
fashionpedia,train2020,1302,a8e7d12b5efc2135d8cd8dfad3bf52cd.jpg,0,1,true,1,train,true
fashionpedia,train2020,1304,d9ccc0dbbbc6eafff0415e6d69d97798.jpg,0,1,true,3,new_val,false
fashionpedia,train2020,1307,9509135a62e98f3b630c664483edbeb2.jpg,0,1,true,2,train,true
fashionpedia,train2020,1313,10e608d8426299086d9707ae731dca17.jpg,0,1,true,1,new_val,false
fashionpedia,train2020,1315,37511241b580b1309276e030e9830a8f.jpg,0,1,true,2,train,true
fashionpedia,train2020,1317,f48a5c4d543fd34ce50d44d1b32c346d.jpg,0,1,true,3,train,true
fashionpedia,train2020,1321,f83c3156d65e285ea0321b14d3abbe03.jpg,0,1,true,1,train,true
fashionpedia,train2020,1322,d0e7a342cb0badfb1178fb489e0178b9.jpg,0,1,true,3,train,true
fashionpedia,train2020,1330,b1c6ba7eb4cf9819a3952821d7ac1cf9.jpg,0,1,true,4,train,true
fashionpedia,train2020,1332,9770669aadcad0874356fee0f43f9234.jpg,0,1,true,3,new_val,false
fashionpedia,train2020,1333,e529ab026fc8b2b7f47320246a39bd3c.jpg,0,1,true,1,train,true
fashionpedia,train2020,1338,22244542586b0a477dfd85aefe978c10.jpg,0,1,true,1,train,true
fashionpedia,train2020,1339,9f3c0db4df21867c06863e030ba602f0.jpg,0,1,true,1,train,true
fashionpedia,train2020,1343,7a6248ededdf8681b5cc36660ab73783.jpg,0,1,true,2,train,true
fashionpedia,train2020,1347,53182881110fbeb8910186e47f9ba17d.jpg,0,1,true,1,train,true
fashionpedia,train2020,1349,070cd03d8b17d97b7a54c5570ca1c941.jpg,0,1,true,2,train,true
fashionpedia,train2020,1367,c8772a2be4368efc1a47a4decc4b6a24.jpg,0,1,true,2,train,true
fashionpedia,train2020,1372,2ceeaffc4851fc795288a74010e97dd2.jpg,0,1,true,1,train,true
fashionpedia,train2020,1378,6d257bdfd2569f666763ec7e906d6b38.jpg,0,1,true,1,train,true
fashionpedia,train2020,1381,948ed0a09852bb1b48e6a96931fb95e6.jpg,0,1,true,1,train,true
fashionpedia,train2020,1383,fb20c4def7205631c3f3080f667731ee.jpg,0,1,true,3,train,true
fashionpedia,train2020,1389,7a2884cc79bf4e091b0e3fedfd641245.jpg,0,1,true,3,train,true
fashionpedia,train2020,1402,fda45725bd7750278757ce3e70d0d21e.jpg,0,1,true,2,new_val,false
fashionpedia,train2020,1406,b8da5d9754b505ccebe22c95dfa9e879.jpg,0,1,true,1,train,true
fashionpedia,train2020,1409,bf0f52ba4d0da9ceea68685ec828ca99.jpg,0,1,true,2,train,true
fashionpedia,train2020,1413,a5c2487b1dd5e0c7eac8d3b368c00bfc.jpg,0,1,true,1,train,true
fashionpedia,train2020,1420,ab9fcab359bc5027280c4e3f3695989d.jpg,0,1,true,3,train,true
fashionpedia,train2020,1422,7215b1e593daf366ca037ac9faecbde6.jpg,0,1,true,1,train,true
fashionpedia,train2020,1424,89517108764788e675ff5e850035bb8e.jpg,0,1,true,2,train,true
fashionpedia,train2020,1428,466cb4063ec6eda1a0fe2e4115a3073e.jpg,0,1,true,2,train,true
fashionpedia,train2020,1429,e6d99f99f63e1fa48db8c039b8662b3a.jpg,0,1,true,1,train,true
fashionpedia,train2020,1450,dca81ba95ca23cdd2e5ca8fb06d6f7f5.jpg,0,1,true,1,train,true
fashionpedia,train2020,1452,f8b38d085dc15913e26ed1580d0cb644.jpg,0,1,true,3,train,true
fashionpedia,train2020,1454,761657c39e3e57ec71502af9f6fb4ec5.jpg,0,1,true,1,train,true
fashionpedia,train2020,1462,5f3f97a986363ba3d56ebd6e3ee3c21e.jpg,0,1,true,1,train,true
fashionpedia,train2020,1473,114c251327259bbf0f1416fd2e0feb34.jpg,0,1,true,2,train,true
fashionpedia,train2020,1475,77d7f11ec0533a9189cd4a8672de5de7.jpg,0,1,true,2,train,true
fashionpedia,train2020,1477,466710a4ca3e255f4cf99d40e7e8ad33.jpg,0,1,true,2,train,true
fashionpedia,train2020,1481,4afb4563597c0b51fa7a9b854ff9c350.jpg,0,1,true,3,train,true
fashionpedia,train2020,1488,1c6523ef78ae3c8a5e1cda1664a64cc4.jpg,0,1,true,3,train,true
fashionpedia,train2020,1494,95707b37f12635bd5bacc0ec0f754826.jpg,0,1,true,2,train,true
fashionpedia,train2020,1495,233ac379bac4ae9328a1da27a1832e9f.jpg,0,1,true,3,train,true
fashionpedia,train2020,1496,d4f3abc98b7a93040130b7c614439747.jpg,0,1,true,4,new_val,false
fashionpedia,train2020,1506,079f679445c53bf072b359c5e0539180.jpg,0,1,true,1,train,true
fashionpedia,train2020,1507,ef090c0d96839916af72390e72b6f450.jpg,0,1,true,1,train,true
fashionpedia,train2020,1508,478d7d6d1603f4be001f42816a8ce6eb.jpg,0,1,true,1,train,true
fashionpedia,train2020,1513,3ed7c903637a4015e738ea61361c63e7.jpg,0,1,true,3,train,true
fashionpedia,train2020,1514,d9aa7ed1a388a9effcf7734b15bda48d.jpg,0,1,true,2,train,true
fashionpedia,train2020,1520,d7aecbd93df9771234baa7977a50aa4e.jpg,0,1,true,1,train,true
fashionpedia,train2020,1525,af4cb454b2d5e8144744370522e8dfc8.jpg,0,1,true,1,new_val,false
fashionpedia,train2020,1529,9338013d6af31d10154136b68f147096.jpg,0,1,true,2,train,true
fashionpedia,train2020,1530,645bb09458eed94a9906eaf553497da2.jpg,0,1,true,1,new_val,false
fashionpedia,train2020,1533,6854783632de60235dfe2a0f0d828397.jpg,0,1,true,1,new_val,false
fashionpedia,train2020,1541,b752c9a90f4746e1c20699d2e980758b.jpg,0,1,true,3,new_val,false
fashionpedia,train2020,1543,a5ae1dc9c9710ac0c6330609ce4026c6.jpg,0,1,true,1,train,true
fashionpedia,train2020,1546,fb2caae18057c265cbacbd2f7863b28d.jpg,0,1,true,1,train,true
fashionpedia,train2020,1550,77bee575c102b900bd9d948bae341a49.jpg,0,1,true,2,train,true
fashionpedia,train2020,1556,9c023f6e90957806e894b636dfd433b8.jpg,0,1,true,2,train,true
fashionpedia,train2020,1558,ff5e9e53ee2519b86e0a8fbcda9dbc0f.jpg,0,1,true,1,new_val,false
fashionpedia,train2020,1565,a1d539f35227eb104d001deebe9ecb0e.jpg,0,1,true,3,new_val,false
fashionpedia,train2020,1566,09d069c15100319af1a11bcc472e0272.jpg,0,1,true,2,new_val,false
fashionpedia,train2020,1568,9af5b5a3cc08488675bbe84ae8ccc3d7.jpg,0,1,true,1,train,true
fashionpedia,train2020,1569,66289b00ac2719afe312040a9bbf6425.jpg,0,1,true,1,train,true
fashionpedia,train2020,1571,f453124a40f3bdbbe0c9dfe4996b6844.jpg,0,1,true,1,train,true
fashionpedia,train2020,1572,b6b53755b66c7263580f79bea2a4b234.jpg,0,1,true,3,new_val,false
fashionpedia,train2020,1575,dc1e3813bec8dda4f2e3709177ab0923.jpg,0,1,true,3,new_val,false
fashionpedia,train2020,1578,655b30beb7052fe2ceaa142c42360b51.jpg,0,1,true,2,train,true
fashionpedia,train2020,1579,fc7fcf201a224ba3387878e611362139.jpg,0,1,true,1,train,true
fashionpedia,train2020,1580,8c739729b2f3258af70ac3df671e45bc.jpg,0,1,true,2,train,true
fashionpedia,train2020,1590,b91c11d1ae1c269d2ab7f717817c750e.jpg,0,1,true,1,train,true
fashionpedia,train2020,1591,3250408f71af13d905b96b23aea2bee0.jpg,0,1,true,2,train,true
fashionpedia,train2020,1592,c90aa06f0d806f2676de35d18ee62952.jpg,0,1,true,3,train,true
fashionpedia,train2020,1593,d3355afeb501c1bb3aca8f512882224d.jpg,0,1,true,2,train,true
fashionpedia,train2020,1594,ca86285ab370e52137daf95e1a63f083.jpg,0,1,true,2,train,true
fashionpedia,train2020,1597,6b8cbb09993db53d4823015d063cdd77.jpg,0,1,true,4,train,true
fashionpedia,train2020,1601,d13400c44e0adf670b248c85aed95d57.jpg,0,1,true,2,train,true
fashionpedia,train2020,1602,a7fc2f00fea38f8d531577dbd1ef200a.jpg,0,1,true,2,train,true
fashionpedia,train2020,1603,b26563b1febae1b89b5f3eb3b4d569f2.jpg,0,1,true,3,train,true
fashionpedia,train2020,1609,2d8914591e7d936c5cb3157b978368e9.jpg,0,1,true,2,train,true
fashionpedia,train2020,1610,28011ec5456372787a60861c6f1098f6.jpg,0,1,true,4,train,true
fashionpedia,train2020,1611,817195d089f45e2d687a235fdde6c388.jpg,0,1,true,2,train,true
fashionpedia,train2020,1614,8902272dbeb1c1b9459aab5b90b3aa82.jpg,0,1,true,2,train,true
fashionpedia,train2020,1617,714fc0054ca41b90307f6b9e993b6647.jpg,0,1,true,1,train,true
fashionpedia,train2020,1618,5a07ba58327c154911e6ed75a6cf5a65.jpg,0,1,true,1,train,true
fashionpedia,train2020,1620,f940d88ae2eb0c6fd9852dc7ce6c89ea.jpg,0,1,true,2,new_val,false
fashionpedia,train2020,1625,fb862c97335ac52fc3b608a0f9822b74.jpg,0,1,true,1,train,true
fashionpedia,train2020,1627,5a952595b07a0e32ecae7af4099b150a.jpg,0,1,true,2,train,true
fashionpedia,train2020,1631,a942acc72069c52d04a46d95c9546a83.jpg,0,1,true,1,train,true
fashionpedia,train2020,1633,3391bf277f389d631509fa1bfcb2cee9.jpg,0,1,true,2,train,true
fashionpedia,train2020,1634,79440579119c4a262840e37736474aed.jpg,0,1,true,3,new_val,false
fashionpedia,train2020,1643,51e40873673f70ee8589dc60f787271f.jpg,0,1,true,1,new_val,false
fashionpedia,train2020,1647,7f72c99d3e27ebb4c3f21f11f38fbb56.jpg,0,1,true,1,train,true
fashionpedia,train2020,1650,66e8a614039b1f03466667b94d0b719e.jpg,0,1,true,1,train,true
fashionpedia,train2020,1653,69f84c0aa3af6e8d9c28d1abbe21b447.jpg,0,1,true,4,new_val,false
fashionpedia,train2020,1657,4ccfdfea4055cd9c64293c7b3d6d823f.jpg,0,1,true,1,train,true
fashionpedia,train2020,1658,66bdc50168b0f6897a699d84f896aaa3.jpg,0,1,true,3,train,true
fashionpedia,train2020,1664,2973e31beb047a91d675276f871b01a5.jpg,0,1,true,2,train,true
fashionpedia,train2020,1665,eed02311844d3e3d081f6f8596d0c7ca.jpg,0,1,true,2,new_val,false
fashionpedia,train2020,1668,3ab3f2352553089b35b097dbb8b62441.jpg,0,1,true,1,train,true
fashionpedia,train2020,1670,2d9863ce41505449ee4698522a99b94e.jpg,0,1,true,2,train,true
fashionpedia,train2020,1674,59ec31471e1246e32420ae5b3ef9f75f.jpg,0,1,true,2,train,true
fashionpedia,train2020,1680,41bcada72994c54d0a6175fd59074e5a.jpg,0,1,true,3,train,true
fashionpedia,train2020,1681,4b1daa9ee164b79e22a4a64e9f3dcc05.jpg,0,1,true,1,new_val,false
fashionpedia,train2020,1688,a09d86e426444e315edebb2e5b4187bd.jpg,0,1,true,2,train,true
fashionpedia,train2020,1693,c999d591263a3a04996ee616921fc139.jpg,0,1,true,1,train,true
fashionpedia,train2020,1701,83953c8bd94a99a00dd52c930d5d14b8.jpg,0,1,true,1,train,true
fashionpedia,train2020,1707,99ceb09f194d783d852b0261cf59fc99.jpg,0,1,true,2,train,true
fashionpedia,train2020,1710,063ae554a49adf34b623ced85f7937c4.jpg,0,1,true,2,train,true
fashionpedia,train2020,1712,f0729609d43fdd77bb3f6d6e49b19147.jpg,0,1,true,1,train,true
fashionpedia,train2020,1716,91fdf597ef0cf63b25410ae6aafe1b55.jpg,0,1,true,1,train,true
fashionpedia,train2020,1719,84116dd811c68952d5860f7af44be3fa.jpg,0,1,true,2,new_val,false
fashionpedia,train2020,1720,c567520e4c02440700b2b2ebb1c19d1f.jpg,0,1,true,2,train,true
fashionpedia,train2020,1721,0caa2deea7f9c22bd13631a4227bbf61.jpg,0,1,true,3,new_val,false
fashionpedia,train2020,1723,605e75216a7150f165a6d1e85a32ceb9.jpg,0,1,true,2,train,true
fashionpedia,train2020,1724,eb0fd6ae406bcbf648f37716832167b7.jpg,0,1,true,2,train,true
fashionpedia,train2020,1725,85e269e0a9e5b22123e57913bb27b2df.jpg,0,1,true,6,train,true
fashionpedia,train2020,1727,c0a939bcde53be3c7793bbc29ea4f75b.jpg,0,1,true,1,new_val,false
fashionpedia,train2020,1738,b66efe855cd4e944035110d37c879554.jpg,0,1,true,2,train,true
fashionpedia,train2020,1744,b30abf28f657f8227774c20d435a34bd.jpg,0,1,true,2,train,true
fashionpedia,train2020,1750,2fb02b77f9dc6f6611935563f0baaba4.jpg,0,1,true,1,train,true
fashionpedia,train2020,1758,c2005fd7e0f70a7d8898d2b574bed261.jpg,0,1,true,2,train,true
fashionpedia,train2020,1759,b571f18312e8ab2193c3f8caa72ae8f3.jpg,0,1,true,1,new_val,false
fashionpedia,train2020,1766,9efe1a24916cbae034038d84734a7a87.jpg,0,1,true,3,train,true
fashionpedia,train2020,1770,9d5e6e6469d1753bc9bdb1e8d756bc3b.jpg,0,1,true,1,train,true
fashionpedia,train2020,1771,ead27f48cb52ffb87b70323ffb450d45.jpg,0,1,true,2,train,true
fashionpedia,train2020,1776,8c68d9fc1ae28a0b469585a11f3c6d84.jpg,0,1,true,3,train,true
fashionpedia,train2020,1780,3d8ebdffef169cfea00afdf448d852b6.jpg,0,1,true,3,train,true
fashionpedia,train2020,1784,e1e227b6346e2394773d7e4aaa3b0ca3.jpg,0,1,true,2,train,true
fashionpedia,train2020,1785,0a45bb7e2cc2503f0aa4b48b710874a9.jpg,0,1,true,1,train,true
fashionpedia,train2020,1788,3ea428bbbcbf9da2b5677399a3a6c3c4.jpg,0,1,true,1,train,true
fashionpedia,train2020,1789,9dd68ffe8fbb16698231e104aa5bcc16.jpg,0,1,true,1,train,true
fashionpedia,train2020,1795,2689c7da5828ea1b8e609a4e3c637ff4.jpg,0,1,true,2,train,true
fashionpedia,train2020,1799,ee5d437f1e34fbb8482fa7bea7128182.jpg,0,1,true,1,train,true
fashionpedia,train2020,1801,2fdb21216f92bbeb0f0150bdac9f6e2a.jpg,0,1,true,2,new_val,false
fashionpedia,train2020,1804,b32ea928e5113a616b5646aa99925599.jpg,0,1,true,4,train,true
fashionpedia,train2020,1810,48874b63e5f1d7043311711951cafc01.jpg,0,1,true,5,train,true
fashionpedia,train2020,1811,6885d5dd91e9a28386886edc0a71d661.jpg,0,1,true,1,train,true
fashionpedia,train2020,1812,311d912acbc876afc385e390f71071c8.jpg,0,1,true,2,new_val,false
fashionpedia,train2020,1813,24712623d430c97484a9328205be46b8.jpg,0,1,true,1,train,true
fashionpedia,train2020,1814,52515854ee7cd57713bd638e510cfbb8.jpg,0,1,true,1,train,true
fashionpedia,train2020,1816,a42ca6a44884122c0912061ad0ae087e.jpg,0,1,true,1,train,true
fashionpedia,train2020,1820,8a8e4f4b3e228d5a0853f3fdbf0af2e7.jpg,0,1,true,2,train,true
fashionpedia,train2020,1821,ee252b9339acb9c7c54cd29fd25b04de.jpg,0,1,true,2,train,true
fashionpedia,train2020,1822,d5f031a522646928d1c825e9aa9347c5.jpg,0,1,true,3,train,true
fashionpedia,train2020,1827,a996c708c64adeb6aac74f3d79119b98.jpg,0,1,true,3,train,true
fashionpedia,train2020,1828,e2f4a0b114da67bbf2aa373498c9f6c3.jpg,0,1,true,3,new_val,false
fashionpedia,train2020,1834,8e1bb683df98207040fd200121fc1d92.jpg,0,1,true,1,train,true
fashionpedia,train2020,1835,2a8e1a638dd8c796f36cf0da1e1ad3aa.jpg,0,1,true,1,new_val,false
fashionpedia,train2020,1837,3f093fb999f8ef02e3e0140c0bb41e1c.jpg,0,1,true,1,train,true
fashionpedia,train2020,1839,96c40d45cde14aa967e27999daaec436.jpg,0,1,true,1,train,true
fashionpedia,train2020,1840,150cea4ed92f94fadbf786d196d8cdfc.jpg,0,1,true,2,train,true
fashionpedia,train2020,1844,be988e634badbf287af60f563d24b84c.jpg,0,1,true,1,train,true
fashionpedia,train2020,1846,0f2c55bd12238f76b85ab4a8c0ebfe96.jpg,0,1,true,2,new_val,false
fashionpedia,train2020,1847,1c8eede3166f6b8893466ecb893254d1.jpg,0,1,true,3,train,true
fashionpedia,train2020,1848,5388bca572b7d4ae84c26e50ea9954c2.jpg,0,1,true,2,train,true
fashionpedia,train2020,1851,3fe68ecb824fa1242718dd4688fa1363.jpg,0,1,true,3,train,true
fashionpedia,train2020,1852,b70489ae557feb25daf32a41fcc40f40.jpg,0,1,true,2,train,true
fashionpedia,train2020,1857,c64b0773307ad2628b5fe9bdd8337dab.jpg,0,1,true,2,train,true
fashionpedia,train2020,1858,560df4adbc3d072b9bbe361f9e90c99d.jpg,0,1,true,5,new_val,false
fashionpedia,train2020,1859,246567cd99e245025ae25ae7d705c5a6.jpg,0,1,true,2,new_val,false
fashionpedia,train2020,1864,800fd8e137f67eb434922d7f7a0b3baf.jpg,0,1,true,2,new_val,false
fashionpedia,train2020,1867,5ca0dd8301b1ce304973aa47cab07973.jpg,0,1,true,1,new_val,false
fashionpedia,train2020,1869,9dfe84f4a058599469ac94405a4afc07.jpg,0,1,true,1,train,true
fashionpedia,train2020,1870,f838bde0ef65939c46f3dd744053bba1.jpg,0,1,true,0,selected_no_valid_crop,false
fashionpedia,train2020,1877,5c23717c88a724bc8b9b4d88bbca9c64.jpg,0,1,true,1,train,true
fashionpedia,train2020,1878,a2b9d9485ea83deb4ec4a19a60488eef.jpg,0,1,true,4,train,true
fashionpedia,train2020,1880,4fc6cbf387ab1923258055fe88e72846.jpg,0,1,true,1,new_val,false
fashionpedia,train2020,1887,cef15db502a207ccc406e5e921ab5c3e.jpg,0,1,true,1,train,true
fashionpedia,train2020,1893,eef9ad394c1d42deb92e847aec0219aa.jpg,0,1,true,2,train,true
fashionpedia,train2020,1901,a545000c0512b9014dc1b90bd98f89eb.jpg,0,1,true,2,train,true
fashionpedia,train2020,1902,3d930885ccd9ca82242697001fa833b6.jpg,0,1,true,2,train,true
fashionpedia,train2020,1911,5fdf06a09ca54b941d2d6325a260c04b.jpg,0,1,true,1,train,true
fashionpedia,train2020,1912,24c1e1491a328513e0288dd4180d7100.jpg,0,1,true,2,train,true
fashionpedia,train2020,1914,94f8ed8e4f2ff4662c720a3e160dee09.jpg,0,1,true,2,train,true
fashionpedia,train2020,1915,8d1e7df9537e50142b22b646f3594eb7.jpg,0,1,true,1,train,true
fashionpedia,train2020,1919,09bc8851dd2a997a49b3abbc8a7131ba.jpg,0,1,true,2,train,true
fashionpedia,train2020,1920,4b0d54030a21b4afa1abe295e66d5a6a.jpg,0,1,true,1,train,true
fashionpedia,train2020,1921,b86f4dd633b6c2d19146b1032fb22bdd.jpg,0,1,true,1,train,true
fashionpedia,train2020,1927,43ec72ec3836f73f3f3f00186d0db581.jpg,0,1,true,1,new_val,false
fashionpedia,train2020,1930,bfd31c7b12baebece7af6a376f1903d0.jpg,0,1,true,1,train,true
fashionpedia,train2020,1934,0d9e73a63eeefe78ff104ea8252a5818.jpg,0,1,true,4,new_val,false
fashionpedia,train2020,1937,b5a9a0abccdf21bf33b4d08cbd4fe250.jpg,0,1,true,1,train,true
fashionpedia,train2020,1938,f1354e53ebdfee518ca634a2c2cd2514.jpg,0,1,true,3,train,true
fashionpedia,train2020,1940,f685bcf765d006b37524c311c4678f38.jpg,0,1,true,4,train,true
fashionpedia,train2020,1941,2a6f39db78965e6a987110ff2e5d2a5a.jpg,0,1,true,1,train,true
fashionpedia,train2020,1944,d390dd96e81f0c044577e6a9ae11850e.jpg,0,1,true,3,train,true
fashionpedia,train2020,1946,15326dcccc9a410bc1bda3e7e8a7abe9.jpg,0,1,true,1,train,true
fashionpedia,train2020,1948,079d3dbf1ebaad3980151dc0475cca6f.jpg,0,1,true,1,train,true
fashionpedia,train2020,1949,d0e8d603423cca5cace34ad531f457a5.jpg,0,1,true,2,new_val,false
fashionpedia,train2020,1951,39e6e40416dfd4a9ab4b3d11db6cc95d.jpg,0,1,true,2,train,true
fashionpedia,train2020,1959,b778a59d50e00f13d5ea70d75df06a2a.jpg,0,1,true,1,train,true
fashionpedia,train2020,1963,6b4ccd34ee66555dfe2eabd2b9ac1a61.jpg,0,1,true,1,train,true
fashionpedia,train2020,1964,ae0b89d763837b81d07e24e363eb32fb.jpg,0,1,true,2,train,true
fashionpedia,train2020,1973,6b63628bf798d1319e8577bff5307e04.jpg,0,1,true,1,train,true
fashionpedia,train2020,1974,24a1d881ee229011f5818c5232b941f7.jpg,0,1,true,2,train,true
fashionpedia,train2020,1982,2325a8d5bef54d86e47bebe2aab5be11.jpg,0,1,true,2,train,true
fashionpedia,train2020,1984,295867d42bc37bf4df0834af5167a3cf.jpg,0,1,true,1,train,true
fashionpedia,train2020,1985,ad72690805400fd91f0b3039404cb581.jpg,0,1,true,2,train,true
fashionpedia,train2020,1986,44a07e5cd7f55901ba96589b0276ea58.jpg,0,1,true,2,new_val,false
fashionpedia,train2020,1988,ddf54f3ff81977dc93a6f6f0dd40f5c7.jpg,0,1,true,5,new_val,false
fashionpedia,train2020,1991,3278756a4bc0a219e546d38f64dcc272.jpg,0,1,true,3,train,true
fashionpedia,train2020,2000,babed4dc894094ce66651bc869dbad7b.jpg,0,1,true,2,new_val,false
fashionpedia,train2020,2002,b49433569026007f7debc62e834f0b84.jpg,0,1,true,1,train,true
fashionpedia,train2020,2007,4abb1159cc305b69fa3113a557d7e96e.jpg,0,1,true,3,train,true
fashionpedia,train2020,2016,3b6b1b93912f9f4a7b84b974a9ba1243.jpg,0,1,true,2,train,true
fashionpedia,train2020,2019,cce94245fe728143cde54ba9bfb58248.jpg,0,1,true,2,train,true
fashionpedia,train2020,2022,39e31a1428cee0c98d839eedf9d4cdb2.jpg,0,1,true,1,train,true
fashionpedia,train2020,2025,50175d125c3075e7362f822d85bd6da2.jpg,0,1,true,3,train,true
fashionpedia,train2020,2027,6c0b90d860dd0c1237000bfa7eec499f.jpg,0,1,true,1,train,true
fashionpedia,train2020,2028,ed6461c98f306db5f83dca0c72169aa8.jpg,0,1,true,2,new_val,false
fashionpedia,train2020,2030,b2a7724d5693744f9f8490db678bcae6.jpg,0,1,true,2,train,true
fashionpedia,train2020,2031,a63e875a575e9fa627070143864e4e45.jpg,0,1,true,1,train,true
fashionpedia,train2020,2036,73404936220153f3bcb692a93b9ef112.jpg,0,1,true,2,train,true
fashionpedia,train2020,2040,977a378a5033c044f27567b578b2e011.jpg,0,1,true,3,train,true
fashionpedia,train2020,2041,47a829a4f248a7457a3458824b81841b.jpg,0,1,true,3,train,true
fashionpedia,train2020,2044,c895d330bf5a7c76bc17e4503fb5c749.jpg,0,1,true,1,new_val,false
fashionpedia,train2020,2050,3a61a866bd521b70672d35acfc7602f4.jpg,0,1,true,2,train,true
fashionpedia,train2020,2051,7fef33328e831a48e3479d46d092efe3.jpg,0,1,true,2,train,true
fashionpedia,train2020,2052,345ccd4d1fa0d43a103c1590b76f131d.jpg,0,1,true,2,new_val,false
fashionpedia,train2020,2057,b4209b055590298aea89c0beb8fa1e9f.jpg,0,1,true,3,new_val,false
fashionpedia,train2020,2059,59474c7ea1ee6a1d76cc0c9a386c53f7.jpg,0,1,true,1,train,true
fashionpedia,train2020,2060,dfa4926c89838fef695372838d22b637.jpg,0,1,true,2,new_val,false
fashionpedia,train2020,2061,9e3ac6b5bb9f7f6091d7b6dc882e3c8b.jpg,0,1,true,1,new_val,false
fashionpedia,train2020,2064,233267ba85107b9eb8df31258a185196.jpg,0,1,true,1,train,true
fashionpedia,train2020,2067,90a8606b87ea924f786de238f8208eff.jpg,0,1,true,1,train,true
fashionpedia,train2020,2073,bc0939dbeeaec1abe60bc9494013d765.jpg,0,1,true,2,train,true
fashionpedia,train2020,2074,f03f09dc920412e23ffca0ab2c821998.jpg,0,1,true,5,train,true
fashionpedia,train2020,2079,78fe0b03a1a88920bfab0fa62c1d85e9.jpg,0,1,true,4,train,true
fashionpedia,train2020,2081,cc5eed45e61a9b722f53117bec0c176a.jpg,0,1,true,1,train,true
fashionpedia,train2020,2084,7a818effbe31bcd2fc6b3b8fd2618cbf.jpg,0,1,true,2,train,true
fashionpedia,train2020,2085,83429b0d4d3dc733de7f0415561ccca3.jpg,0,1,true,1,train,true
fashionpedia,train2020,2086,a28a61419238a2565e6c187c3456761a.jpg,0,1,true,2,train,true
fashionpedia,train2020,2092,dab49958dda0e3eb45937485c5b91d8b.jpg,0,1,true,1,train,true
fashionpedia,train2020,2094,d3b01695e85eb50b05ee6efe64c3513a.jpg,0,1,true,1,new_val,false
fashionpedia,train2020,2098,84dffcc7dbd6ca7142e979259d8ed555.jpg,0,1,true,3,train,true
fashionpedia,train2020,2099,89ef01ff87898d9c9264a7abc8270835.jpg,0,1,true,3,new_val,false
fashionpedia,train2020,2100,2012deea50db24147421b7a95ad44a23.jpg,0,1,true,2,new_val,false
fashionpedia,train2020,2101,332e5fa94196a20c198810b3a497b988.jpg,0,1,true,1,train,true
fashionpedia,train2020,2108,34d2a6056a6799e309a3e8f8a028a41c.jpg,0,1,true,5,train,true
fashionpedia,train2020,2109,75889c15e7b48fe1d0f129e69fc131fb.jpg,0,1,true,2,new_val,false
fashionpedia,train2020,2110,388189990072777c94c483fb136b7be5.jpg,0,1,true,1,train,true
fashionpedia,train2020,2113,5bb16a254639bfd24599fa10dd746bd4.jpg,0,1,true,2,train,true
fashionpedia,train2020,2116,cd0978d023eb31706c8d93270d7e80b8.jpg,0,1,true,1,train,true
fashionpedia,train2020,2117,5dfd0e6b2c4898872efd45905b24df6e.jpg,0,1,true,1,new_val,false
fashionpedia,train2020,2118,2014002bdb2ffdaf901d659ae33642a5.jpg,0,1,true,4,train,true
fashionpedia,train2020,2120,a057fc4dbdb229cb5eb8fb00fd15df94.jpg,0,1,true,2,new_val,false
fashionpedia,train2020,2124,b4a89d87875e0e809f6d1c502b7ebafb.jpg,0,1,true,2,train,true
fashionpedia,train2020,2127,843eead2aa8ebff81e3161894da68671.jpg,0,1,true,3,train,true
fashionpedia,train2020,2140,a8550b3e5883d9da2df13ca9a681ce49.jpg,0,1,true,3,train,true
fashionpedia,train2020,2141,6dcd550752dc3989511f4643d89a999f.jpg,0,1,true,1,new_val,false
fashionpedia,train2020,2142,bae4028e6676f57b7966b6459cbcb8f5.jpg,0,1,true,3,train,true
fashionpedia,train2020,2146,01fadd6dba7d2e96e1abd377d3d6cdc0.jpg,0,1,true,4,new_val,false
fashionpedia,train2020,2157,739ca3fafecaedc9e51aa0e056988c03.jpg,0,1,true,1,train,true
fashionpedia,train2020,2158,e9ee2beb9aa87616e2e2698e2a886dee.jpg,0,1,true,2,train,true
fashionpedia,train2020,2164,98fcb5a8632cd8972816693bad5dee07.jpg,0,1,true,3,train,true
fashionpedia,train2020,2166,bba8dda970656dd454a66ad2fbfae904.jpg,0,1,true,2,train,true
fashionpedia,train2020,2167,d071849b7e82efe7e24858b1eed87b55.jpg,0,1,true,1,train,true
fashionpedia,train2020,2169,f13c49fa842dcb780385e6b9d0701580.jpg,0,1,true,3,new_val,false
fashionpedia,train2020,2172,e8ac1daf11fc17f25b601ab4f0276a75.jpg,0,1,true,1,new_val,false
fashionpedia,train2020,2178,73fd4326aa9628702a416296f2deae97.jpg,0,1,true,2,new_val,false
fashionpedia,train2020,2179,384a0947e8fb7d16da1d61dffa993744.jpg,0,1,true,1,train,true
fashionpedia,train2020,2180,b4b8802ba4e48876fb2eb0a5e8887ab4.jpg,0,1,true,1,new_val,false
fashionpedia,train2020,2181,be56ec6d2d5e6770aa8c18170b0c66c7.jpg,0,1,true,1,train,true
fashionpedia,train2020,2184,39c4bed33ff3d686c73feed9f889fa6b.jpg,0,1,true,3,train,true
fashionpedia,train2020,2186,45aa231d2782a7a8fbf0730e1edcb1d3.jpg,0,1,true,2,train,true
fashionpedia,train2020,2191,998399b02a7a4056c7b1095a3bf30144.jpg,0,1,true,1,train,true
fashionpedia,train2020,2195,8b313afbb152dd3ec7cd1a91673cf543.jpg,0,1,true,1,train,true
fashionpedia,train2020,2197,95c9e9d87901067aed2656a6fb75ad63.jpg,0,1,true,2,train,true
fashionpedia,train2020,2201,711a07610f53d184691899afc5c4a697.jpg,0,1,true,2,new_val,false
fashionpedia,train2020,2206,2a96b2ad9266bed8c38db587d6ad257a.jpg,0,1,true,2,train,true
fashionpedia,train2020,2208,7c7a9937d60df1cbf51850f277325ea3.jpg,0,1,true,2,train,true
fashionpedia,train2020,2209,19ed14764409b5c3551b5683f6dc2be0.jpg,0,1,true,2,train,true
fashionpedia,train2020,2220,c33a8c831a5ee0e827e2169faa8f89a1.jpg,0,1,true,2,train,true
fashionpedia,train2020,2223,a4d5823fa0388afdcdd09e17d808edbc.jpg,0,1,true,2,train,true
fashionpedia,train2020,2224,6e0d1eb36988ec9e9bbee0978f7d9c08.jpg,0,1,true,1,train,true
fashionpedia,train2020,2225,6c26b5932abffb7e69837fb55ea44c48.jpg,0,1,true,2,train,true
fashionpedia,train2020,2226,61d1a5912a2f1f936d179a893b0b86f1.jpg,0,1,true,1,train,true
fashionpedia,train2020,2227,1653ca16bcde0ee42a5796b1df977daa.jpg,0,1,true,3,train,true
fashionpedia,train2020,2229,dfd35ea6a5a5aa5b7b92a8f3d1f8fbb1.jpg,0,1,true,1,train,true
fashionpedia,train2020,2231,b24b8fbe6dd5105ca4da2621d5841e44.jpg,0,1,true,1,new_val,false
fashionpedia,train2020,2232,60d3f973222e16d0802fbe7350a795d6.jpg,0,1,true,3,train,true
fashionpedia,train2020,2235,0e3be712a7c9606e66b3574b1ba97432.jpg,0,1,true,2,train,true
fashionpedia,train2020,2237,763783cd64c26ac26c1fdeacda925d70.jpg,0,1,true,1,train,true
fashionpedia,train2020,2239,1302aceedb0ff7a47225feb188246f00.jpg,0,1,true,1,train,true
fashionpedia,train2020,2241,fb2bc7dbb5078a3820493b481d893376.jpg,0,1,true,2,train,true
fashionpedia,train2020,2244,d963a880016df7d7570cfe3ee44e4334.jpg,0,1,true,3,train,true
fashionpedia,train2020,2257,df693c35d1e9b5a1d3f2d9a96faf9dbf.jpg,0,1,true,2,train,true
fashionpedia,train2020,2258,96fb34468fa35728ef0c952c2916d36a.jpg,0,1,true,2,train,true
fashionpedia,train2020,2259,82cf96c7277e9d032b0c3b915511d4a7.jpg,0,1,true,4,new_val,false
fashionpedia,train2020,2260,f4e2a742b849c9fe5d5c2cdcb83d9f3f.jpg,0,1,true,1,train,true
fashionpedia,train2020,2261,967ffd3c8ddd2431b08e6e30d6ed9e81.jpg,0,1,true,1,new_val,false
fashionpedia,train2020,2269,522fd48098d816399db2669288b8d707.jpg,0,1,true,1,train,true
fashionpedia,train2020,2271,6aea61fc986f23e1abef20a8feb17f5d.jpg,0,1,true,2,train,true
fashionpedia,train2020,2274,a7ba02afa81920ccc07e89435727ca45.jpg,0,1,true,2,train,true
fashionpedia,train2020,2278,1178337e43792501334e6b01ec491a2c.jpg,0,1,true,2,train,true
fashionpedia,train2020,2279,b407a4a97efa343ed48cb256f0b23179.jpg,0,1,true,2,train,true
fashionpedia,train2020,2280,70b12a8964babdb5c1e74646865c888e.jpg,0,1,true,1,train,true
fashionpedia,train2020,2284,388853816511fc730778c2809bfc44c9.jpg,0,1,true,3,train,true
fashionpedia,train2020,2286,107b0af42c81184f8aea382dc7a5d06f.jpg,0,1,true,2,train,true
fashionpedia,train2020,2287,ba8c88efcc6ddd75257064bd0f9f9175.jpg,0,1,true,1,train,true
fashionpedia,train2020,2291,7eb30bef5fe2539ce6e5e1fda051e1ab.jpg,0,1,true,1,train,true
fashionpedia,train2020,2292,f9e94c74e5b5cdbfd1c1a1e803b44d02.jpg,0,1,true,2,train,true
fashionpedia,train2020,2295,e901488d473f7143cfaedd4ac12f0c40.jpg,0,1,true,5,train,true
fashionpedia,train2020,2297,fbef048015735f126a5b210541a2fc0d.jpg,0,1,true,2,train,true
fashionpedia,train2020,2299,afefec0f5763262152b5fd04993b1c68.jpg,0,1,true,2,train,true
fashionpedia,train2020,2316,15a9a67d49ea97e1ae6c5cff775b8f50.jpg,0,1,true,2,new_val,false
fashionpedia,train2020,2317,94d2c0614b362b654be74278d557dc29.jpg,0,1,true,3,train,true
fashionpedia,train2020,2321,d871be843eab6ff246eb1b320aaaec0c.jpg,0,1,true,1,train,true
fashionpedia,train2020,2324,d55748c9729c82b4806ce9f8841957ba.jpg,0,1,true,1,train,true
fashionpedia,train2020,2329,8e485ee0bba9743dcee215d2f3d2ff6c.jpg,0,1,true,4,train,true
fashionpedia,train2020,2330,b539364b808902b98aba38581f52ddec.jpg,0,1,true,1,train,true
fashionpedia,train2020,2337,32b9f4ed8dadd8780cd3495d704f35dd.jpg,0,1,true,3,train,true
fashionpedia,train2020,2338,4ac5bb8ddf170b87459d9d6a816eda16.jpg,0,1,true,1,train,true
fashionpedia,train2020,2343,4901aaefd2d25e9ab74ba7410812e21c.jpg,0,1,true,2,train,true
fashionpedia,train2020,2347,b06991e98f7b080f43e9e755a31a2b25.jpg,0,1,true,1,train,true
fashionpedia,train2020,2348,4341b1940871ef9e701c7e6cd07f8244.jpg,0,1,true,4,train,true
fashionpedia,train2020,2350,a4987508860dafabdf39caed31bb0500.jpg,0,1,true,1,new_val,false
fashionpedia,train2020,2361,77a1ebd15fcee192ea65ebcfb535844a.jpg,0,1,true,1,train,true
fashionpedia,train2020,2362,82ab9093d6930fc23a23823f2bed7b64.jpg,0,1,true,1,new_val,false
fashionpedia,train2020,2366,75c784955642eac3629a459588a08d54.jpg,0,1,true,3,train,true
fashionpedia,train2020,2368,f4b7671db92ae841c09fd0d96e32337b.jpg,0,1,true,2,train,true
fashionpedia,train2020,2369,fd071f8578a757dfbe8598521fd70e6b.jpg,0,1,true,1,new_val,false
fashionpedia,train2020,2375,81bacddb05a9f901563a56fd8c91d414.jpg,0,1,true,2,train,true
fashionpedia,train2020,2380,9ed7ec3047f38c3ac5bf81dbfcc1c012.jpg,0,1,true,1,train,true
fashionpedia,train2020,2384,474423c1056051d5125cbafd3129d860.jpg,0,1,true,3,train,true
fashionpedia,train2020,2386,96a0b2b2cf613efab929e41999cd50f3.jpg,0,1,true,1,train,true
fashionpedia,train2020,2389,d83cf04bd2559efb4badbba077609f8f.jpg,0,1,true,3,train,true
fashionpedia,train2020,2399,fea615cf6f1a5cb0d70249471fb9d3c1.jpg,0,1,true,2,train,true
fashionpedia,train2020,2404,bbb5d3cd170e73a9585652a5c0d1ed61.jpg,0,1,true,2,train,true
fashionpedia,train2020,2407,d528d967b1b90c21ca4d50ef1849e663.jpg,0,1,true,1,train,true
fashionpedia,train2020,2409,90ba14dba62af73d0dce65148a7d177d.jpg,0,1,true,2,train,true
fashionpedia,train2020,2410,77093a416fddbd43f039126b02755860.jpg,0,1,true,2,new_val,false
fashionpedia,train2020,2412,17578f3b897e7e1703fc4b660f5bf761.jpg,0,1,true,3,train,true
fashionpedia,train2020,2423,ff57107f8d6a119901cee2c1fd1a08bf.jpg,0,1,true,1,train,true
fashionpedia,train2020,2428,9cdc715bac715c215fc35245bc663749.jpg,0,1,true,2,train,true
fashionpedia,train2020,2429,83ba0d45caa675e4450d18e459bfba6d.jpg,0,1,true,2,train,true
fashionpedia,train2020,2431,e8b8b720bc6ffff04bf00ae6ecc33079.jpg,0,1,true,1,train,true
fashionpedia,train2020,2432,b82d140b3684ad88df504263819ebd3d.jpg,0,1,true,1,new_val,false
fashionpedia,train2020,2435,e76f60d8f4e11567e108587da71e54f6.jpg,0,1,true,3,train,true
fashionpedia,train2020,2440,cf650e8c3df6a28a618c7e42694e970f.jpg,0,1,true,2,new_val,false
fashionpedia,train2020,2441,c5edb3a991796aa7294d8862d73ed7d2.jpg,0,1,true,2,new_val,false
fashionpedia,train2020,2445,67a069314b59a2565dafde96850d26ca.jpg,0,1,true,2,train,true
fashionpedia,train2020,2453,9550fd5be0b81c316248a53387063725.jpg,0,1,true,2,train,true
fashionpedia,train2020,2457,e72c4e2571f5334a1c3c9eba1253ff9a.jpg,0,1,true,2,train,true
fashionpedia,train2020,2459,6b47f570fbedc31f9ef307775bdd9c90.jpg,0,1,true,3,train,true
fashionpedia,train2020,2463,1e41ae0fc5a4a34ac0c78a034eef7522.jpg,0,1,true,2,train,true
fashionpedia,train2020,2464,2f3a0d67921577de4ee25dad07526c93.jpg,0,1,true,3,train,true
fashionpedia,train2020,2468,00cd5bb501e031aeeeeb337fb3f5b6d8.jpg,0,1,true,3,train,true
fashionpedia,train2020,2470,06a91dda9474ffe83290ac19eb9cbde6.jpg,0,1,true,3,new_val,false
fashionpedia,train2020,2474,3e9e1ba71146750d8511c567b3d2ab98.jpg,0,1,true,3,new_val,false
fashionpedia,train2020,2476,f4c868518f6194c3d708d889b79c4357.jpg,0,1,true,1,train,true
fashionpedia,train2020,2478,3d896d88873bea8ee21cf2b05ee05892.jpg,0,1,true,1,train,true
fashionpedia,train2020,2479,4ea8f9e73a1673808dbc6270ee71323d.jpg,0,1,true,1,new_val,false
fashionpedia,train2020,2480,c1f8b0697aacdfb68bf8eebd649c1955.jpg,0,1,true,2,train,true
fashionpedia,train2020,2482,7deecd2e99a800fbfbba9824937d7841.jpg,0,1,true,1,new_val,false
fashionpedia,train2020,2485,db9b3be32fcf8f9d65dd91f9468ec0b8.jpg,0,1,true,1,train,true
fashionpedia,train2020,2487,dd091c93f1409765b4ae095f5d312c4e.jpg,0,1,true,1,train,true
fashionpedia,train2020,2489,ca93b8cb8d2c7ac37fe887af9217ccab.jpg,0,1,true,2,train,true
fashionpedia,train2020,2490,bfa6272e40f614f69a3e50da8d658ce0.jpg,0,1,true,2,train,true
fashionpedia,train2020,2491,087d1a26e611cf403b50899e7c91166e.jpg,0,1,true,3,train,true
fashionpedia,train2020,2494,7c46a6c7dfd0b61598e4f2db24ef18da.jpg,0,1,true,1,train,true
fashionpedia,train2020,2497,d829587c4458acfee95a17eda9260fbf.jpg,0,1,true,2,train,true
fashionpedia,train2020,2501,000775b6b5e27b011dc8bba2d7b85211.jpg,0,1,true,2,train,true
fashionpedia,train2020,2503,a92c95e131e2d1a5f02fc141d28840c3.jpg,0,1,true,2,train,true
fashionpedia,train2020,2504,f0994a64ef16a9cace08edc2014675ea.jpg,0,1,true,1,train,true
fashionpedia,train2020,2505,0e00238cd3150fdc3b147883c4eab930.jpg,0,1,true,2,new_val,false
fashionpedia,train2020,2509,253aff3bc375270a47ca51ee05aa8dda.jpg,0,1,true,2,train,true
fashionpedia,train2020,2510,25632460099a389ff105f8a491ff58b0.jpg,0,1,true,2,train,true
fashionpedia,train2020,2511,a416e32b7ff72cca27a1a7f469dba5fa.jpg,0,1,true,2,train,true
fashionpedia,train2020,2513,f24ef181702762fa165b7834c8734689.jpg,0,1,true,2,train,true
fashionpedia,train2020,2515,0a3c893933eb2882eae9165b095a0cba.jpg,0,1,true,3,train,true
fashionpedia,train2020,2516,0331c2925e7fcdde7d4a5b155f1b9a8f.jpg,0,1,true,3,train,true
fashionpedia,train2020,2521,729232cfdba532daeb67819f17cfeb05.jpg,0,1,true,2,new_val,false
fashionpedia,train2020,2525,3d3cf3a4efb787eea406beec9ff1405c.jpg,0,1,true,2,new_val,false
fashionpedia,train2020,2527,7681f7783b48087e8568abb994f7ea23.jpg,0,1,true,1,new_val,false
fashionpedia,train2020,2533,50d856d8ae170f4098b738d24b9392af.jpg,0,1,true,3,train,true
fashionpedia,train2020,2544,883c9b0e3fc43041011d61d4ca465e39.jpg,0,1,true,3,train,true
fashionpedia,train2020,2546,2b96000b0ca1df59d711c370f4f85d34.jpg,0,1,true,1,train,true
fashionpedia,train2020,2547,c63d004c0ba29e899c837321bad8709a.jpg,0,1,true,1,train,true
fashionpedia,train2020,2551,e1181e6afee2e2ce232dc6d44d1a8362.jpg,0,1,true,1,train,true
fashionpedia,train2020,2553,c0038b454da04126665314eeb7400380.jpg,0,1,true,2,new_val,false
fashionpedia,train2020,2557,f6838e747fba59fb008b1044873a9c77.jpg,0,1,true,3,train,true
fashionpedia,train2020,2560,f952ce406de173f000008795197ef2a5.jpg,0,1,true,2,new_val,false
fashionpedia,train2020,2565,ee486dd0d177c55670640d377fbccd0e.jpg,0,1,true,4,train,true
fashionpedia,train2020,2567,9ffebfa30476f88ac60967936b92dfe1.jpg,0,1,true,1,train,true
fashionpedia,train2020,2569,60af7ccf8b191d923b0d8e8efc5d22bc.jpg,0,1,true,1,train,true
fashionpedia,train2020,2572,383db789a27c5593a2ddd6a5b7abb0c8.jpg,0,1,true,1,train,true
fashionpedia,train2020,2573,eb7f6175ec35ff5dfe7e9c17ce8549da.jpg,0,1,true,3,train,true
fashionpedia,train2020,2579,3d99406a0be001507bb91137538bca0c.jpg,0,1,true,2,train,true
fashionpedia,train2020,2584,b0a48030f13e62a4722402a117aee2f2.jpg,0,1,true,1,train,true
fashionpedia,train2020,2586,4333fc194f477bb757bac907df986ab4.jpg,0,1,true,5,train,true
fashionpedia,train2020,2588,499bddbfb8bd0dd1be4c257fddc6121b.jpg,0,1,true,4,train,true
fashionpedia,train2020,2592,990e2c80d7ab3cc0c237f0c1244511fd.jpg,0,1,true,3,train,true
fashionpedia,train2020,2595,77de21c43584986f77fbfab6f2ce173f.jpg,0,1,true,2,train,true
fashionpedia,train2020,2598,204baf9cdad41d437099547a0991b114.jpg,0,1,true,3,train,true
fashionpedia,train2020,2602,6813cf7df3cd7f2982f8c3c035ee9397.jpg,0,1,true,1,train,true
fashionpedia,train2020,2603,2f4409984a9343fce2968999336664e3.jpg,0,1,true,1,train,true
fashionpedia,train2020,2607,939b46b9542a948d26fcc455c4acd1df.jpg,0,1,true,4,train,true
fashionpedia,train2020,2613,b763f8468d4004d4784d6f7ec950eece.jpg,0,1,true,2,train,true
fashionpedia,train2020,2620,52a1caf5cd3ae543c009e8658c04d1f2.jpg,0,1,true,1,train,true
fashionpedia,train2020,2624,fb72dc6e2ce94df5525b3a9c570743e9.jpg,0,1,true,2,train,true
fashionpedia,train2020,2627,02ebb1f750ae4c80219591ad44788c54.jpg,0,1,true,1,train,true
fashionpedia,train2020,2629,fbca15037c332d6e9e658e2129217794.jpg,0,1,true,1,train,true
fashionpedia,train2020,2630,77a42dfcd3d4c6142cfaf968f13a0080.jpg,0,1,true,1,train,true
fashionpedia,train2020,2634,ed15e7aafb072c8d8090c74bc3526c25.jpg,0,1,true,2,train,true
fashionpedia,train2020,2637,24c39947fd4cd4c2626c466556528e44.jpg,0,1,true,1,train,true
fashionpedia,train2020,2639,a1296314a1b16790eda76df1bf48e762.jpg,0,1,true,1,train,true
fashionpedia,train2020,2640,b1b37f9fbd8e3f8f64e8a3c6f1c36078.jpg,0,1,true,3,train,true
fashionpedia,train2020,2645,fc5a027606dbe0083aa320457aed4d7f.jpg,0,1,true,1,train,true
fashionpedia,train2020,2647,6a5b2a22cb5e5410120a1a5ab6c1d5be.jpg,0,1,true,1,train,true
fashionpedia,train2020,2651,65a605270a7c65af2a12936ee08dfb6f.jpg,0,1,true,3,train,true
fashionpedia,train2020,2655,47078263a46e4432b793aa1c37ab2d61.jpg,0,1,true,1,train,true
fashionpedia,train2020,2658,0edc1b9f037fae870fdc21f069b128bc.jpg,0,1,true,1,train,true
fashionpedia,train2020,2666,7a19bbef2f96972095052b319923d8ec.jpg,0,1,true,2,train,true
fashionpedia,train2020,2668,e73ee29406ff410167478dd5cff502cd.jpg,0,1,true,1,train,true
fashionpedia,train2020,2670,f6fbbfe18b442983b09d279d3e4e7c55.jpg,0,1,true,2,train,true
fashionpedia,train2020,2675,b4aec2877fbd4f6d83a972486b86baab.jpg,0,1,true,2,train,true
fashionpedia,train2020,2676,fcd16d2aff932d81d867e5c584275d0a.jpg,0,1,true,2,train,true
fashionpedia,train2020,2678,a0113cde036c34a73d63c3235340caa7.jpg,0,1,true,1,train,true
fashionpedia,train2020,2679,90b8e60076c2247216c64dae670ae38c.jpg,0,1,true,1,train,true
fashionpedia,train2020,2680,a522c337db83b3ef34596b2760d56bd1.jpg,0,1,true,1,train,true
fashionpedia,train2020,2682,3e7f4eda0991022d7d9941a4dfe48d22.jpg,0,1,true,2,train,true
fashionpedia,train2020,2683,1c2e0148a896f578d89292cfb120e3c1.jpg,0,1,true,1,train,true
fashionpedia,train2020,2684,523b1454dd8767ee11bfaf21b29b1718.jpg,0,1,true,2,train,true
fashionpedia,train2020,2686,cdb41a01b377e65f0b182025e622751f.jpg,0,1,true,4,new_val,false
fashionpedia,train2020,2690,10e976f5615d6d3b67e812cb2e8407ca.jpg,0,1,true,1,train,true
fashionpedia,train2020,2695,1b47dab9341b9275814047c94e59cac2.jpg,0,1,true,1,train,true
fashionpedia,train2020,2696,002ecdbdc4ebf4b5436388c981025631.jpg,0,1,true,2,train,true
fashionpedia,train2020,2697,51769cabae5e536a0c1442906e97e025.jpg,0,1,true,2,train,true
fashionpedia,train2020,2698,a87083462d0f8c45d396bee1d1c5c937.jpg,0,1,true,1,new_val,false
fashionpedia,train2020,2699,d6960a850bc0eb14f6ef614cf805cd72.jpg,0,1,true,2,train,true
fashionpedia,train2020,2702,a712f8838aa5404a9ec7c1cf0f19056a.jpg,0,1,true,1,train,true
fashionpedia,train2020,2703,669a82d2d9ccd3d1c89b91dff9c67812.jpg,0,1,true,0,selected_no_valid_crop,false
fashionpedia,train2020,2713,49df08cc4b93b14b2028beb0b45db42c.jpg,0,1,true,4,train,true
fashionpedia,train2020,2719,7796af8da204b6e245aa65b6fe36c391.jpg,0,1,true,5,train,true
fashionpedia,train2020,2723,170096e579e9507e690f6326fcdee529.jpg,0,1,true,1,train,true
fashionpedia,train2020,2725,81fe790eef7a98b386d199bdc7c62997.jpg,0,1,true,2,train,true
fashionpedia,train2020,2731,f287bf8293c9b1743464a48b91dfba1c.jpg,0,1,true,3,train,true
fashionpedia,train2020,2732,1ddf8ad866370816f24b0c4ecba0cd8c.jpg,0,1,true,2,train,true
fashionpedia,train2020,2736,838ea27048ed95edf5de81975edfc682.jpg,0,1,true,3,train,true
fashionpedia,train2020,2738,fbb3d385a147c034e449b320fd71125e.jpg,0,1,true,2,train,true
fashionpedia,train2020,2744,921f90118acea2ecd6ced7513b215180.jpg,0,1,true,1,train,true
fashionpedia,train2020,2747,1a4eb9f662a81cf2651590d06fb5284a.jpg,0,1,true,2,train,true
fashionpedia,train2020,2752,90c244758a7772c54c935a44cf3244b6.jpg,0,1,true,1,train,true
fashionpedia,train2020,2755,11f03adc83f9c0eddee9cb3c67dbdb89.jpg,0,1,true,3,train,true
fashionpedia,train2020,2758,52622dd535905fc5716a402bbdf8545b.jpg,0,1,true,1,train,true
fashionpedia,train2020,2760,0d50bf3e70fac72eb7bb14ac38a3e8a1.jpg,0,1,true,1,new_val,false
fashionpedia,train2020,2764,59e445d1d41f0920726bb15380c49519.jpg,0,1,true,1,train,true
fashionpedia,train2020,2765,8dbfea5d219d531b9a0a4e331fb0a98c.jpg,0,1,true,1,train,true
fashionpedia,train2020,2776,18b0839967f8d1a8c945fc113919c7ab.jpg,0,1,true,3,train,true
fashionpedia,train2020,2780,a17dc4a2d6dee1ffb2b6195cb2a7f17b.jpg,0,1,true,1,train,true
fashionpedia,train2020,2788,3b2b6df543d3d99c7c474d050ba73d4a.jpg,0,1,true,2,train,true
fashionpedia,train2020,2792,5f96f4fe61602e9442ef91da7fb080c8.jpg,0,1,true,3,train,true
fashionpedia,train2020,2797,5196d9370942b113462e8988922175ba.jpg,0,1,true,1,train,true
fashionpedia,train2020,2799,eeef32e2aec10dccad1ef1e412cd106e.jpg,0,1,true,1,train,true
fashionpedia,train2020,2801,c85fdf372cde78c4fe73f94052932d39.jpg,0,1,true,3,new_val,false
fashionpedia,train2020,2802,ee9ba96fe055cbfa17dbe24799365177.jpg,0,1,true,3,train,true
fashionpedia,train2020,2808,c9c9012df5ea3824b8c07bd16a8a71b3.jpg,0,1,true,3,new_val,false
fashionpedia,train2020,2809,e12c7dcd780bc5c6eb7a7d9dad6293c7.jpg,0,1,true,4,train,true
fashionpedia,train2020,2811,ba5e1487eb75568bb63f06096ab126e6.jpg,0,1,true,3,train,true
fashionpedia,train2020,2812,6c5461e1eadd0d54806cbdc901ff52c5.jpg,0,1,true,2,train,true
fashionpedia,train2020,2813,082ca26e530a0670576775457b6fbac9.jpg,0,1,true,3,train,true
fashionpedia,train2020,2816,a95f87b53dec7c5cf22cb9aa5234aa45.jpg,0,1,true,3,train,true
fashionpedia,train2020,2820,eba07acf72ce52a971af7b6e7dc36f3f.jpg,0,1,true,2,train,true
fashionpedia,train2020,2822,b73d2931639a6b577b812e49dedc9438.jpg,0,1,true,2,train,true
fashionpedia,train2020,2827,4ed3c79894519b4d659489febe0ea691.jpg,0,1,true,2,train,true
fashionpedia,train2020,2833,a96de75f34f220d25fe2088accdf40c7.jpg,0,1,true,2,train,true
fashionpedia,train2020,2834,d8627028a05670254e1a067a4d28bf92.jpg,0,1,true,2,train,true
fashionpedia,train2020,2835,f0fbfa88cb125451684fc71de30a5572.jpg,0,1,true,3,train,true
fashionpedia,train2020,2839,e449dc7f2058926b4e1630b8bbaebfe2.jpg,0,1,true,1,train,true
fashionpedia,train2020,2841,b3cb053480ed769081ae77d2dc9b5a33.jpg,0,1,true,3,train,true
fashionpedia,train2020,2843,7ac3eeac3bed48ff8e81cadda1a682a2.jpg,0,1,true,1,train,true
fashionpedia,train2020,2844,e0854e6e84ff5ba82411ca8ec6962309.jpg,0,1,true,1,train,true
fashionpedia,train2020,2845,21a33a92e296242cf9aeb34b42e30aae.jpg,0,1,true,2,train,true
fashionpedia,train2020,2849,9fa50ff1fae7799cd9c22cdda9affd8e.jpg,0,1,true,1,train,true
fashionpedia,train2020,2852,92a48aa449b3f5b3aae75b0dbbcd2583.jpg,0,1,true,1,train,true
fashionpedia,train2020,2855,8a1d2ed69b5324f534c9c05ce8e17814.jpg,0,1,true,1,new_val,false
fashionpedia,train2020,2856,0e1759ba6178f5d5af33e920dc655dd0.jpg,0,1,true,2,train,true
fashionpedia,train2020,2857,b8db1c8612983c9820639102907d251c.jpg,0,1,true,1,train,true
fashionpedia,train2020,2858,2124b52497a93f93819952413f528c72.jpg,0,1,true,3,train,true
fashionpedia,train2020,2861,6fcd22b0108bf5e44fdb52a329e46a38.jpg,0,1,true,1,train,true
fashionpedia,train2020,2875,390824a76beba397e7b2e4be65cfaac2.jpg,0,1,true,1,new_val,false
fashionpedia,train2020,2877,61a345542fb70a3a1421d71604381c5d.jpg,0,1,true,1,train,true
fashionpedia,train2020,2879,10f04b3b2d20d30195d123cec3024ee1.jpg,0,1,true,2,train,true
fashionpedia,train2020,2887,cb7c2f3655a0ad2c5c0bd7b8168b88dd.jpg,0,1,true,2,train,true
fashionpedia,train2020,2888,ed4b8c22432181c5a6987db1e00bbdd3.jpg,0,1,true,1,train,true
fashionpedia,train2020,2889,db586d73243aa6c76765a175542da1ec.jpg,0,1,true,3,train,true
fashionpedia,train2020,2892,ae87ae76022729b78439e8cb45531795.jpg,0,1,true,2,train,true
fashionpedia,train2020,2893,6c9dba1c2414b05167b064d9717f67fa.jpg,0,1,true,2,train,true
fashionpedia,train2020,2896,05d7cc75b0118ac6deb1e5ac10f5c630.jpg,0,1,true,2,train,true
fashionpedia,train2020,2900,90a3056a013d55a006569d4eb659016b.jpg,0,1,true,2,train,true
fashionpedia,train2020,2901,fc793fec408447595b641820e5c7fe87.jpg,0,1,true,2,new_val,false
fashionpedia,train2020,2903,e2287572306e59c87d06eadb6325bc9d.jpg,0,1,true,2,new_val,false
fashionpedia,train2020,2906,fe2441413104bba1f61a500010932168.jpg,0,1,true,2,train,true
fashionpedia,train2020,2913,e82678f0fc193967712fcb09c3e4bc14.jpg,0,1,true,2,train,true
fashionpedia,train2020,2914,6cdfef0149119255b336a5647d570873.jpg,0,1,true,2,train,true
fashionpedia,train2020,2915,a176eeeb2f4d4a8abd24d5ceda72a676.jpg,0,1,true,1,train,true
fashionpedia,train2020,2920,d710af295ecf4c0cf8752f37a9d1f77c.jpg,0,1,true,2,train,true
fashionpedia,train2020,2922,9491b3c39d28aa18ed56fb6545dc9cd9.jpg,0,1,true,2,train,true
fashionpedia,train2020,2923,8878d149f53f92e29c1134ed8fc1ac6b.jpg,0,1,true,3,train,true
fashionpedia,train2020,2925,7bc92dbc91008b2a5d24add0aaff9141.jpg,0,1,true,3,train,true
fashionpedia,train2020,2928,b332a0cf591dcca08d822a4118856698.jpg,0,1,true,1,train,true
fashionpedia,train2020,2930,6775891eedc8d990b3866acabd4dfe21.jpg,0,1,true,2,train,true
fashionpedia,train2020,2933,0cd03cfd4149823a5faf84ac07884e4f.jpg,0,1,true,3,train,true
fashionpedia,train2020,2940,88154ee43a7d3941e24f14cfd73eb9e9.jpg,0,1,true,1,train,true
fashionpedia,train2020,2943,197608ffe859ec4cba3a9aca573c0edf.jpg,0,1,true,4,train,true
fashionpedia,train2020,2946,c7f4db79068bef6dc5a3512bf04ae6fd.jpg,0,1,true,2,train,true
fashionpedia,train2020,2947,1722ea35dc9eaa241d00e0fb4fe41781.jpg,0,1,true,3,train,true
fashionpedia,train2020,2952,9f6bbac2ce05795a576f4f79551c4688.jpg,0,1,true,2,train,true
fashionpedia,train2020,2954,7e17bba5f72960eda38d263d26be9190.jpg,0,1,true,1,train,true
fashionpedia,train2020,2956,f14289e278349330c8d64de9318b4281.jpg,0,1,true,2,new_val,false
fashionpedia,train2020,2957,7650d00d084f7102e8791581994eb401.jpg,0,1,true,1,train,true
fashionpedia,train2020,2962,760ba118919a38413b8bdf007680cee7.jpg,0,1,true,2,train,true
fashionpedia,train2020,2964,f84f9768737adcfdfef24418ee5e6304.jpg,0,1,true,1,new_val,false
fashionpedia,train2020,2971,53fbf721ad39146325bd247d4acbf545.jpg,0,1,true,1,train,true
fashionpedia,train2020,2978,30a71d462ae6742e29d4d797e594b21d.jpg,0,1,true,1,new_val,false
fashionpedia,train2020,2981,15648e714c95a87801429c1302c581c0.jpg,0,1,true,2,train,true
fashionpedia,train2020,2983,39c2c593d26df56095922d8050f660d4.jpg,0,1,true,2,new_val,false
fashionpedia,train2020,2985,73c14e984c69ad9459f0b256704faf56.jpg,0,1,true,3,train,true
fashionpedia,train2020,2987,6e08f82234bb5a5386e782057e13a574.jpg,0,1,true,3,new_val,false
fashionpedia,train2020,2989,9874a9f07cbfb30880b8b1c87e5ce540.jpg,0,1,true,1,train,true
fashionpedia,train2020,2995,720dc836488bd4916e3c9f9fc655c799.jpg,0,1,true,2,train,true
fashionpedia,train2020,2999,275872919804a45f6bf4499d1639d28f.jpg,0,1,true,2,train,true
fashionpedia,train2020,3000,97df5388bf78738b78a740bcec64c989.jpg,0,1,true,2,train,true
fashionpedia,train2020,3004,187c506e921b268071238feacce39c5b.jpg,0,1,true,3,train,true
fashionpedia,train2020,3009,1a43788fa4d2bb1a3ea66543a0922d62.jpg,0,1,true,2,train,true
fashionpedia,train2020,3010,b7a7b63a8c1150abab6f7007e4e4e290.jpg,0,1,true,3,new_val,false
fashionpedia,train2020,3013,fb4627ae9ea893956d3fb169ccc9525c.jpg,0,1,true,3,train,true
fashionpedia,train2020,3015,0a662733eaf62976e44ccbf16ac71a95.jpg,0,1,true,1,train,true
fashionpedia,train2020,3016,ab8659d228937dafec577c7ea2093a54.jpg,0,1,true,2,new_val,false
fashionpedia,train2020,3021,ce973f8a34691340fbfc79852a2a46dc.jpg,0,1,true,2,new_val,false
fashionpedia,train2020,3022,976c6f1ac0a75066c261d9be138242d0.jpg,0,1,true,3,train,true
fashionpedia,train2020,3023,0cefac638d9465857abbe689d40ce39a.jpg,0,1,true,2,train,true
fashionpedia,train2020,3024,260df1186b973c6a6cc40c4d9b89c2da.jpg,0,1,true,2,train,true
fashionpedia,train2020,3030,a237ebebd98fa529a85875e09947425f.jpg,0,1,true,3,new_val,false
fashionpedia,train2020,3036,c4709436499578c8426c1ad4d946f8e2.jpg,0,1,true,2,train,true
fashionpedia,train2020,3046,5d88193e5acf4ebb5505cbfd534c7c58.jpg,0,1,true,1,train,true
fashionpedia,train2020,3048,78e6c76dc62e9a296dd0053b8242e583.jpg,0,1,true,2,train,true
fashionpedia,train2020,3054,3e43c43714b671ff8963a7b12e266f18.jpg,0,1,true,2,train,true
fashionpedia,train2020,3059,816ddd1e042d7684604e92178041cda5.jpg,0,1,true,3,train,true
fashionpedia,train2020,3068,60300271fcc85f30d2bcdaccddaf0503.jpg,0,1,true,1,new_val,false
fashionpedia,train2020,3076,1a0529d9fbd018f995d5815458f719bc.jpg,0,1,true,3,new_val,false
fashionpedia,train2020,3080,c3c6eba9302cd924da6d2bf7d071b854.jpg,0,1,true,1,train,true
fashionpedia,train2020,3083,1c9f3eb0bae321d9b6ee0f5749faa8d2.jpg,0,1,true,2,new_val,false
fashionpedia,train2020,3094,c5ad374fdef1cd50748cb4807183f208.jpg,0,1,true,2,train,true
fashionpedia,train2020,3099,4db2b0e839e61ebfb603a388a0d47c85.jpg,0,1,true,2,train,true
fashionpedia,train2020,3101,bf9181a16f832e9e93a5f8a5257751e2.jpg,0,1,true,2,train,true
fashionpedia,train2020,3110,7399df05368aa6fa3e00d0ff95b9b716.jpg,0,1,true,1,train,true
fashionpedia,train2020,3115,2f86a38fac7a98cb3cba34973439ddc6.jpg,0,1,true,1,train,true
fashionpedia,train2020,3118,b911a9fde3cb77a61e8882e7cf78fb4f.jpg,0,1,true,1,train,true
fashionpedia,train2020,3120,42b1c8258381d9d3dfc45ef8eed977aa.jpg,0,1,true,2,train,true
fashionpedia,train2020,3123,9f9e7e749cefa55785001adfe786ca81.jpg,0,1,true,1,train,true
fashionpedia,train2020,3124,af96f687201ffefaec29954ed7e29e8b.jpg,0,1,true,3,train,true
fashionpedia,train2020,3125,16368e1aa869e1e5cbeafc261834f392.jpg,0,1,true,1,train,true
fashionpedia,train2020,3126,ff69c0a845bf36a00f645fd3f878dda3.jpg,0,1,true,2,train,true
fashionpedia,train2020,3128,51699fa0287b3ed44291d70c74dfb075.jpg,0,1,true,2,new_val,false
fashionpedia,train2020,3129,be6e6f65306006a11c6490e3ba77a3de.jpg,0,1,true,2,train,true
fashionpedia,train2020,3132,7297f791b8a66023438049fe41f26bfb.jpg,0,1,true,1,train,true
fashionpedia,train2020,3133,40521fa435b430f6c697b6f434e08409.jpg,0,1,true,3,new_val,false
fashionpedia,train2020,3136,45ec3723b394df387ba0950de2f66c5a.jpg,0,1,true,2,train,true
fashionpedia,train2020,3137,7c87b727d2c0e7cab7dd5fd76b0a44b0.jpg,0,1,true,1,train,true
fashionpedia,train2020,3138,c82b46cc370ac7430efef65fd0e35a07.jpg,0,1,true,1,train,true
fashionpedia,train2020,3141,cda59fdd8a0dbe2db83b322a72b4750f.jpg,0,1,true,3,train,true
fashionpedia,train2020,3142,a44ea7791bbcf4791cf5e40b42b0f5ed.jpg,0,1,true,1,new_val,false
fashionpedia,train2020,3150,1b27a5b7b95962097fdc4a3beeaed1d0.jpg,0,1,true,2,train,true
fashionpedia,train2020,3153,bc20025ca20eba55d72d425aedf7ab73.jpg,0,1,true,1,train,true
fashionpedia,train2020,3155,7ad613dc0a0bb3fd60602ddde2963c68.jpg,0,1,true,1,train,true
fashionpedia,train2020,3160,01fcb32d81c340e24de107b3a60ec3cc.jpg,0,1,true,3,train,true
fashionpedia,train2020,3161,b3c80b74b902e7b56bbc68e61d884c57.jpg,0,1,true,3,train,true
fashionpedia,train2020,3163,864d3e9e4cbcdafb6e21444aec4c17e4.jpg,0,1,true,2,train,true
fashionpedia,train2020,3164,79a07e833197a93914776a1cf5207aff.jpg,0,1,true,4,new_val,false
fashionpedia,train2020,3166,96c5755e16acfd9da438228291a43891.jpg,0,1,true,2,train,true
fashionpedia,train2020,3168,9e2d300c3c2f7fdde9ad4a55304cb5e6.jpg,0,1,true,1,train,true
fashionpedia,train2020,3170,baf4cd42e2d6fd237457cf4fccaee636.jpg,0,1,true,1,new_val,false
fashionpedia,train2020,3173,cb9b57411708ff18c6efedf6a3f5b239.jpg,0,1,true,1,train,true
fashionpedia,train2020,3175,096cfc1b12912443fc22c4618b1efe36.jpg,0,1,true,2,train,true
fashionpedia,train2020,3184,fdbea88aeaa93ac7dbcb38d07b917e7d.jpg,0,1,true,1,train,true
fashionpedia,train2020,3186,f4ece804809bd6b8a0e5926e9ed2a384.jpg,0,1,true,3,train,true
fashionpedia,train2020,3187,9bdf5643986f3d885a53040daed06606.jpg,0,1,true,4,train,true
fashionpedia,train2020,3189,e028373316feae8c830f8ae451d2013a.jpg,0,1,true,1,train,true
fashionpedia,train2020,3191,1b1888dddbd6af553f7556b4dceac22b.jpg,0,1,true,1,train,true
fashionpedia,train2020,3193,d3f96ac3cfb4235b17d81d6586655c24.jpg,0,1,true,3,train,true
fashionpedia,train2020,3194,fc74b1fc4095a324b1f1ca1ac322278d.jpg,0,1,true,3,train,true
fashionpedia,train2020,3198,5baf6fb5ee4995a5094a1de2b4fca02f.jpg,0,1,true,1,new_val,false
fashionpedia,train2020,3202,4fd744e84349bfd3a8b49c506f151a83.jpg,0,1,true,3,train,true
fashionpedia,train2020,3203,cde8b89c650ec766fa35bdf588e64d4e.jpg,0,1,true,1,new_val,false
fashionpedia,train2020,3204,1b52f2065f70c30cc3068a11d0bc27a9.jpg,0,1,true,2,train,true
fashionpedia,train2020,3209,231b2789c26d2e6a0c032c884427bda6.jpg,0,1,true,3,train,true
fashionpedia,train2020,3213,97b10da2e8b743fcf458d45ca0a2e5d2.jpg,0,1,true,1,new_val,false
fashionpedia,train2020,3214,00e693f0ebc9f9c01e498504cffe4fc2.jpg,0,1,true,3,train,true
fashionpedia,train2020,3215,60a975fe8269dc86959ca989f7eea4d2.jpg,0,1,true,3,new_val,false
fashionpedia,train2020,3218,1d5925d31f000e79bd40f06682c141da.jpg,0,1,true,1,train,true
fashionpedia,train2020,3220,fff11e31ec0146bd469e5e3afa14a37a.jpg,0,1,true,4,train,true
fashionpedia,train2020,3222,7b7b33ef21c5e909147196063cd87f34.jpg,0,1,true,3,train,true
fashionpedia,train2020,3223,9280e506e3a96381650429e5b9591b8b.jpg,0,1,true,2,train,true
fashionpedia,train2020,3228,5a2d0b570dce4d9e6bdb05431bf03a76.jpg,0,1,true,1,train,true
fashionpedia,train2020,3230,16367dfc5ac9876f0d91a8afb2e78829.jpg,0,1,true,1,train,true
fashionpedia,train2020,3240,6efb9db7585de62376a490bede3f970d.jpg,0,1,true,2,train,true
fashionpedia,train2020,3241,c2d582ad8c2ac4f26773cd655e43f993.jpg,0,1,true,3,train,true
fashionpedia,train2020,3246,c330083e86b71fb35e7e045bf31610ce.jpg,0,1,true,2,train,true
fashionpedia,train2020,3247,63496473ed7dda6a41f30e7530229037.jpg,0,1,true,1,train,true
fashionpedia,train2020,3250,5d23a6a918c310eaf22f1ffc207fc078.jpg,0,1,true,2,new_val,false
fashionpedia,train2020,3255,02041cc24ec7e8519945e3a90f806634.jpg,0,1,true,3,train,true
fashionpedia,train2020,3262,95de08396d7dbc0c2999e98927ab80ad.jpg,0,1,true,4,train,true
fashionpedia,train2020,3275,7d9a32bcd3e34feff43ea1c59c5995ac.jpg,0,1,true,1,train,true
fashionpedia,train2020,3278,f4819d949656ae9170a491928eddf564.jpg,0,1,true,3,new_val,false
fashionpedia,train2020,3279,db19b84083f7c19bbc87f27a95e4a35a.jpg,0,1,true,2,train,true
fashionpedia,train2020,3282,09f746ad33a66d8bb695c65af8c2db60.jpg,0,1,true,1,train,true
fashionpedia,train2020,3285,efd62f9d6b12bd45d0acec406b66ad20.jpg,0,1,true,2,train,true
fashionpedia,train2020,3287,7c6ffefbb00cfb386d943bacb78c6957.jpg,0,1,true,2,train,true
fashionpedia,train2020,3289,bb9b265d275ebf3fceebe2c30d90cb8e.jpg,0,1,true,2,train,true
fashionpedia,train2020,3292,fa98e4d98ba21cbe4f69d99eddfeaa7f.jpg,0,1,true,2,train,true
fashionpedia,train2020,3293,4ea1d3fb2c6ddd18bc119b984d7f293f.jpg,0,1,true,1,new_val,false
fashionpedia,train2020,3294,11e3b192c8f97d1d9f2ce0c84f910e4e.jpg,0,1,true,1,new_val,false
fashionpedia,train2020,3297,60241851e405b7b69d131c2b3abc0eb3.jpg,0,1,true,2,new_val,false
fashionpedia,train2020,3300,0c6dce78ac11df795b7a865d03475550.jpg,0,1,true,2,train,true
fashionpedia,train2020,3313,fcca357678b0d8eafabcd7f3d0f3978e.jpg,0,1,true,2,new_val,false
fashionpedia,train2020,3315,e669bd76f5c18c48cb1c0c0d6587e750.jpg,0,1,true,1,train,true
fashionpedia,train2020,3316,da67d605bfb44db7e4fb017bf185a9c0.jpg,0,1,true,3,train,true
fashionpedia,train2020,3317,86f02572a41bd7506b9ce2c431f437f3.jpg,0,1,true,2,new_val,false
fashionpedia,train2020,3318,1abc49e9d7a0f4356eb31165b01b450d.jpg,0,1,true,2,train,true
fashionpedia,train2020,3319,7218f640f9d5072dc9ff598a928d3828.jpg,0,1,true,2,train,true
fashionpedia,train2020,3322,8b5371a5be259c159cd52239a2c1466a.jpg,0,1,true,1,train,true
fashionpedia,train2020,3324,f6a1cdf13548538c6162051f3ebf82ab.jpg,0,1,true,3,train,true
fashionpedia,train2020,3327,32754e624dd1c072fb7a5e2a48ca3092.jpg,0,1,true,1,train,true
fashionpedia,train2020,3329,435c9a86866f061e7607110f677df893.jpg,0,1,true,1,train,true
fashionpedia,train2020,3330,e8b9baa123b77c913c7f4642dad47298.jpg,0,1,true,3,train,true
fashionpedia,train2020,3332,b229c35689e6c276515c19aef8c444e5.jpg,0,1,true,3,new_val,false
fashionpedia,train2020,3336,aae4945eeb9dc4cb66c2186e311ed95d.jpg,0,1,true,1,new_val,false
fashionpedia,train2020,3337,583d19a8a008af1b195b8a3e2dcf7ec1.jpg,0,1,true,2,train,true
fashionpedia,train2020,3341,fa158f2b4e028f26ab8911cbe21930ae.jpg,0,1,true,2,train,true
fashionpedia,train2020,3342,4c1ad47c11b68a7e59c1328d3db90373.jpg,0,1,true,2,train,true
fashionpedia,train2020,3344,34d2f072276e7f88b994e6b0c469b9e3.jpg,0,1,true,3,train,true
fashionpedia,train2020,3350,fe632bf22671aac3a358ab6ae73ae31a.jpg,0,1,true,2,new_val,false
fashionpedia,train2020,3356,fc255615eef73ca5aa9960ee7b97057e.jpg,0,1,true,1,train,true
fashionpedia,train2020,3358,de3027025a2e0c80cda700c0800fa95d.jpg,0,1,true,1,train,true
fashionpedia,train2020,3359,73fa6cf608fb82642f12f0929d5f5280.jpg,0,1,true,2,train,true
fashionpedia,train2020,3363,45bdbb756562901416a4f1ffa13ca1f8.jpg,0,1,true,1,train,true
fashionpedia,train2020,3367,23d1c20c9ab876c927a7b9960dcb30c5.jpg,0,1,true,3,new_val,false
fashionpedia,train2020,3369,69fe206590ca01cce29441f3a58c0eda.jpg,0,1,true,2,new_val,false
fashionpedia,train2020,3371,1ab727c082f90bda85bfc895b5d0c16c.jpg,0,1,true,2,train,true
fashionpedia,train2020,3377,7b5e37e1419ee43f89c04790f600dc7b.jpg,0,1,true,2,train,true
fashionpedia,train2020,3388,a3dbb3cc8ebd262389f33812a34ceb36.jpg,0,1,true,3,new_val,false
fashionpedia,train2020,3390,5ce9583395e68c5f1b1865a4654a8771.jpg,0,1,true,2,train,true
fashionpedia,train2020,3392,f17040edeca252e7d5a441879fd99dc6.jpg,0,1,true,1,train,true
fashionpedia,train2020,3393,3bafc51972208ced863f6479d308ee19.jpg,0,1,true,1,train,true
fashionpedia,train2020,3394,816db0e2ad70f7c2e385edd39637cd95.jpg,0,1,true,2,train,true
fashionpedia,train2020,3399,16ba7bf6fe1fb9f1b5a858e71d9b785f.jpg,0,1,true,1,new_val,false
fashionpedia,train2020,3400,d53ca0ad393e7ce4182c681bc8439d67.jpg,0,1,true,1,train,true
fashionpedia,train2020,3402,912864f26e3c36f1ec59bcfb0ea97ab0.jpg,0,1,true,2,train,true
fashionpedia,train2020,3405,270836df6fcd70c453213bce9f2345fa.jpg,0,1,true,1,new_val,false
fashionpedia,train2020,3408,be587187ae88369f62be9bcc8f105e49.jpg,0,1,true,1,train,true
fashionpedia,train2020,3411,12ea3d84f21ccc58f6908a695172e6b5.jpg,0,1,true,2,train,true
fashionpedia,train2020,3413,402e9bfe897977d5b15fbaa31f267abe.jpg,0,1,true,2,train,true
fashionpedia,train2020,3415,971d5bee5d1be267d106059610fb62d5.jpg,0,1,true,2,train,true
fashionpedia,train2020,3416,75b37b695ae12305f339ce355e1f427b.jpg,0,1,true,1,train,true
fashionpedia,train2020,3417,1ec2426a9b037962781cea8db8356840.jpg,0,1,true,2,train,true
fashionpedia,train2020,3426,a7abb74f213cccecfb81d92e2c29f789.jpg,0,1,true,1,train,true
fashionpedia,train2020,3428,4f8fb1b8c41dbc8b7fac430789e9fbbf.jpg,0,1,true,3,train,true
fashionpedia,train2020,3441,4ea9538068a47bd5bb25c2f5657dcb81.jpg,0,1,true,2,train,true
fashionpedia,train2020,3443,7ba37754d0ac70b781d7aef6b7af4e3d.jpg,0,1,true,3,train,true
fashionpedia,train2020,3444,0db647e560de9d960641ae38e8159cfd.jpg,0,1,true,2,train,true
fashionpedia,train2020,3445,9a266ee0e4c8f8f20a8f2b59fd38192d.jpg,0,1,true,1,train,true
fashionpedia,train2020,3447,fea766f421f8f6c6a957315567f75d10.jpg,0,1,true,1,train,true
fashionpedia,train2020,3450,077f6bff21e5881d18d42507de0bcb9b.jpg,0,1,true,1,train,true
fashionpedia,train2020,3454,e34b15008c0a384370af5252f0bb8315.jpg,0,1,true,1,train,true
fashionpedia,train2020,3457,98d6cc8037706abf2e81e9c93e1c1dfe.jpg,0,1,true,2,train,true
fashionpedia,train2020,3458,bc6d3d2d38051d9af8286bcd4379f0ee.jpg,0,1,true,2,new_val,false
fashionpedia,train2020,3460,779fb8bdf442c60501caf24e8999c77b.jpg,0,1,true,2,train,true
fashionpedia,train2020,3461,332b944339eddd151b966b9d0eee15b1.jpg,0,1,true,1,train,true
fashionpedia,train2020,3465,8be69610b3b8531d74aec963774a6e5e.jpg,0,1,true,1,train,true
fashionpedia,train2020,3468,5cd10e0abd6dd5f4177d71bdea1f769e.jpg,0,1,true,3,train,true
fashionpedia,train2020,3470,f68ce7091675af0430bab98222605980.jpg,0,1,true,1,train,true
fashionpedia,train2020,3472,1a28386ee7c2f6a645f656938c7145d3.jpg,0,1,true,2,train,true
fashionpedia,train2020,3474,16cc34b55981788fa5db68d91fcc4254.jpg,0,1,true,1,train,true
fashionpedia,train2020,3477,c7c0f774b1af98b39c24fb9bb908035c.jpg,0,1,true,1,new_val,false
fashionpedia,train2020,3486,30fa80bc75241bcdb3c8ad8c110252dc.jpg,0,1,true,2,train,true
fashionpedia,train2020,3490,61a45dde641ba7901241249263c99def.jpg,0,1,true,2,train,true
fashionpedia,train2020,3491,d07c929b5b3a3c9c09a581e27aa77295.jpg,0,1,true,2,train,true
fashionpedia,train2020,3493,e90c3c533856b84c1d94cb2d77e1bfaa.jpg,0,1,true,2,train,true
fashionpedia,train2020,3495,570281eaebbb869fd93d457732e7f917.jpg,0,1,true,3,train,true
fashionpedia,train2020,3497,d454e5ad8ec73c4116a71ff8e89150bf.jpg,0,1,true,3,train,true
fashionpedia,train2020,3504,bbeb3d02ed5b752e63caa1124023c0ae.jpg,0,1,true,1,train,true
fashionpedia,train2020,3510,73d36e29ccf4034a27beff51ada524ab.jpg,0,1,true,2,train,true
fashionpedia,train2020,3511,35809b9714ade87db20ca39da5e56b73.jpg,0,1,true,1,train,true
fashionpedia,train2020,3522,9a48ca10a976135454f60a7c7d33b1d0.jpg,0,1,true,1,train,true
fashionpedia,train2020,3523,953a05fbf1daed5997be310f5eb911d9.jpg,0,1,true,2,train,true
fashionpedia,train2020,3538,291258878d0efd0546762e6c02d60034.jpg,0,1,true,4,train,true
fashionpedia,train2020,3546,657d8f67bc8d3c189e3aaeb8381ecdc5.jpg,0,1,true,2,train,true
fashionpedia,train2020,3548,32bfc0ca57d7e77dfba6a855e8f0aded.jpg,0,1,true,2,train,true
fashionpedia,train2020,3551,a6686574e4b9d31e95af39a47ceee390.jpg,0,1,true,2,train,true
fashionpedia,train2020,3553,21cbb9921a5ff09bd1fa446d30374cec.jpg,0,1,true,1,train,true
fashionpedia,train2020,3557,2f23fa23d202f4bdd77a72f3ff7b4825.jpg,0,1,true,2,train,true
fashionpedia,train2020,3558,29a7212a7874abadb8b7394cea2d7818.jpg,0,1,true,2,train,true
fashionpedia,train2020,3559,f8955634207f89528840460e5cf642d9.jpg,0,1,true,2,train,true
fashionpedia,train2020,3561,9213aca6ecd731c668840e21cc8a4c63.jpg,0,1,true,1,train,true
fashionpedia,train2020,3562,fc89503fd779c2f56648303ee6ea281e.jpg,0,1,true,1,train,true
fashionpedia,train2020,3563,65337ea28459cfc66189d3b5892afe9c.jpg,0,1,true,2,train,true
fashionpedia,train2020,3564,4b24692f4f34b07cea91f3f7eb7fa8a4.jpg,0,1,true,4,new_val,false
fashionpedia,train2020,3565,7d62ef80a338cb1a732292957236ef15.jpg,0,1,true,1,train,true
fashionpedia,train2020,3566,1834d78942d40aa91c442d088df93dba.jpg,0,1,true,1,new_val,false
fashionpedia,train2020,3569,ef799f1091458a0ad3f100eb2f04ca4f.jpg,0,1,true,1,train,true
fashionpedia,train2020,3573,a36db7e62a6b39502f35013c9d7cbe71.jpg,0,1,true,1,train,true
fashionpedia,train2020,3576,9a85bfdce3ddf36b3ec9afe39bba7bc2.jpg,0,1,true,3,train,true
fashionpedia,train2020,3594,fe8702c3e0b29091a557a00eb6056570.jpg,0,1,true,1,new_val,false
fashionpedia,train2020,3603,938e7eff0bdcc18ee85252d1746423fc.jpg,0,1,true,1,train,true
fashionpedia,train2020,3606,326cb98e31c6b91a65c96de11bb0a811.jpg,0,1,true,1,train,true
fashionpedia,train2020,3613,d0837f0ac1c9538a5171c56c13f7f89f.jpg,0,1,true,1,train,true
fashionpedia,train2020,3614,a55ab94838f1b960eded7c326bc517e6.jpg,0,1,true,1,train,true
fashionpedia,train2020,3615,5d61161614c6fc8e3f5ee0ea3791dfda.jpg,0,1,true,3,train,true
fashionpedia,train2020,3617,c4cbd4a139cd218609c63d3296e7b039.jpg,0,1,true,2,train,true
fashionpedia,train2020,3619,4637fefa857125a56a8d532a454bce57.jpg,0,1,true,2,train,true
fashionpedia,train2020,3624,d802474e7b4665419a3200dcb9d03471.jpg,0,1,true,2,train,true
fashionpedia,train2020,3626,d60e63216c83ae196349f39b46516994.jpg,0,1,true,2,train,true
fashionpedia,train2020,3628,ccf2a873ac6882aa4283a11522d871a5.jpg,0,1,true,3,train,true
fashionpedia,train2020,3639,cc811febe8d1c159158cd4b26544ec6f.jpg,0,1,true,2,train,true
fashionpedia,train2020,3644,fb0f8cb54c3bc6b56b1167d8cc8324d8.jpg,0,1,true,2,train,true
fashionpedia,train2020,3658,74c53ffd0ab40bfb2211019c4c88d233.jpg,0,1,true,2,train,true
fashionpedia,train2020,3662,74dfd454cf34901329bb167e24decdbb.jpg,0,1,true,3,train,true
fashionpedia,train2020,3666,d69cb794d7ec167b1846748956c1cb5a.jpg,0,1,true,1,new_val,false
fashionpedia,train2020,3671,dc939ec6bf5cc3ded550bd83be2147d5.jpg,0,1,true,1,train,true
fashionpedia,train2020,3673,3d61bfddb4bd23bd004841bfa3f46751.jpg,0,1,true,2,new_val,false
fashionpedia,train2020,3677,3e8c1ac89e0a86d3dce48b88f09d9f53.jpg,0,1,true,2,new_val,false
fashionpedia,train2020,3678,1c550dc816d7c155ed3b2fe84990d27a.jpg,0,1,true,3,train,true
fashionpedia,train2020,3683,676da1d5bba0c763157a9c76dbd9343f.jpg,0,1,true,1,new_val,false
fashionpedia,train2020,3688,d5dd26f50be84c775df9cdda18cdda4c.jpg,0,1,true,1,train,true
fashionpedia,train2020,3690,94f222009b84a205e40e792912baaa6e.jpg,0,1,true,2,train,true
fashionpedia,train2020,3700,963a696c424f6c66d3eb6be5f10ef7ac.jpg,0,1,true,1,train,true
fashionpedia,train2020,3705,611945c1bfdf20f77faa6c13274eafbb.jpg,0,1,true,2,train,true
fashionpedia,train2020,3706,5513d76b5436cd3506d4d78a6795aaf9.jpg,0,1,true,2,train,true
fashionpedia,train2020,3714,379059d2f058033489bc9760ca6ad064.jpg,0,1,true,2,train,true
fashionpedia,train2020,3718,1d6fbcb92c04d50a88348af5f17c7da6.jpg,0,1,true,1,train,true
fashionpedia,train2020,3721,75fc5e23033a42b2d31b30e0797d1098.jpg,0,1,true,1,train,true
fashionpedia,train2020,3726,cbced716535e5a4f7a55568945b0052a.jpg,0,1,true,3,train,true
fashionpedia,train2020,3729,fd6d4108b7febaa1acc8395d60c1ac64.jpg,0,1,true,3,train,true
fashionpedia,train2020,3732,b858203a6dc0acfd60be5a63f90a7d44.jpg,0,1,true,3,train,true
fashionpedia,train2020,3739,39760148c350d2266bb53157f68809aa.jpg,0,1,true,4,train,true
fashionpedia,train2020,3741,9f929c0b29bae87d4cfa73a47858b57b.jpg,0,1,true,1,train,true
fashionpedia,train2020,3742,64f57f154965ca9b57ab3e665ec9d17b.jpg,0,1,true,1,new_val,false
fashionpedia,train2020,3746,6f1768b9e697f8a5c9b0f7020383229b.jpg,0,1,true,2,new_val,false
fashionpedia,train2020,3747,d331dca4fe746a4220ecde6bdabd45b0.jpg,0,1,true,3,train,true
fashionpedia,train2020,3751,fc0c9e6b36dea888b073b4362dfbaedc.jpg,0,1,true,2,new_val,false
fashionpedia,train2020,3753,f30c3b0ef7280fa1f88cc40ed047edf1.jpg,0,1,true,2,new_val,false
fashionpedia,train2020,3754,9dcdc4c0b07c5ec6e1efbd0842e059bc.jpg,0,1,true,2,train,true
fashionpedia,train2020,3759,7ecc35f586eb4af51a9e7f41d5c2dff5.jpg,0,1,true,3,train,true
fashionpedia,train2020,3762,83babd9f14152b7f974fb68907be4f66.jpg,0,1,true,3,train,true
fashionpedia,train2020,3763,8d29a8b45533db9b32dfabdc1607e94e.jpg,0,1,true,2,train,true
fashionpedia,train2020,3771,33608b2b68732dfc303f385738a272ac.jpg,0,1,true,1,train,true
fashionpedia,train2020,3773,1a06bb3caa9f1e38db378af5551861cb.jpg,0,1,true,1,train,true
fashionpedia,train2020,3774,15a96b121d229539c852face7c91bd99.jpg,0,1,true,3,train,true
fashionpedia,train2020,3779,396277e073738b508b5a8b90fb94141b.jpg,0,1,true,2,train,true
fashionpedia,train2020,3781,f4e446373d3fba156d30e5fbe6b020fc.jpg,0,1,true,1,new_val,false
fashionpedia,train2020,3782,05527bba1360e632cb5c7c736de6c6b5.jpg,0,1,true,1,train,true
fashionpedia,train2020,3785,0130063d21dad71e8f04b68c31dad43c.jpg,0,1,true,2,train,true
fashionpedia,train2020,3788,2645d84a17aaad6df76fde13d68e2458.jpg,0,1,true,5,train,true
fashionpedia,train2020,3789,a56f5dd243952d05974c3994f71d2b09.jpg,0,1,true,1,train,true
fashionpedia,train2020,3791,3803dbec7d00c6fdb6cdf1cd29d016c7.jpg,0,1,true,3,train,true
fashionpedia,train2020,3794,f8a9e2cdb3b507b0dc1abe046efa6055.jpg,0,1,true,1,train,true
fashionpedia,train2020,3795,f37c878eabe890594cf33067096e6bd8.jpg,0,1,true,1,train,true
fashionpedia,train2020,3797,2d456b8a7da46219a0477edc2268f382.jpg,0,1,true,1,train,true
fashionpedia,train2020,3798,3643545996e5c83332140059497c01f7.jpg,0,1,true,1,train,true
fashionpedia,train2020,3801,02dda109ad70d552d715cf60f217fbc1.jpg,0,1,true,1,train,true
fashionpedia,train2020,3802,358d086bf793d1b4677d71a9364b7d2c.jpg,0,1,true,1,train,true
fashionpedia,train2020,3805,53cb6bdf178387bf236f4f6611536416.jpg,0,1,true,1,train,true
fashionpedia,train2020,3806,3cb7a8098f2b8eaab86ed0839f543778.jpg,0,1,true,1,new_val,false
fashionpedia,train2020,3809,a88a873b950543fa75d52251d2b29a53.jpg,0,1,true,3,train,true
fashionpedia,train2020,3812,2ab69d6ea7a08264477a62c3ec643d1a.jpg,0,1,true,2,new_val,false
fashionpedia,train2020,3818,953cdb25c0e6e93fc031646bbc4d4163.jpg,0,1,true,2,train,true
fashionpedia,train2020,3820,149b4e512f6ece4a648a98189a01a40a.jpg,0,1,true,3,train,true
fashionpedia,train2020,3822,69aed9030ff7e61aeaa161b935cce2ab.jpg,0,1,true,2,train,true
fashionpedia,train2020,3825,1970c2faad5a68fb349098c6f773eff5.jpg,0,1,true,3,new_val,false
fashionpedia,train2020,3826,3a83c5cd92589e3df7883f699baab4c6.jpg,0,1,true,3,new_val,false
fashionpedia,train2020,3827,6134693adc8252c2890d4be97ab99b86.jpg,0,1,true,1,train,true
fashionpedia,train2020,3828,d72bfddcd8a81833c2267af28469a0f0.jpg,0,1,true,2,train,true
fashionpedia,train2020,3829,f7f4700571d380c01dea70e419f9fd2d.jpg,0,1,true,2,train,true
fashionpedia,train2020,3833,a8793a38a108e8f776c7b068f9ff0b3a.jpg,0,1,true,2,new_val,false
fashionpedia,train2020,3835,443a181e0a9476e46e5c09f2dcf151ef.jpg,0,1,true,2,train,true
fashionpedia,train2020,3840,8a80c28e119ea451aab8741d52800f3b.jpg,0,1,true,3,train,true
fashionpedia,train2020,3844,d1277df07bdd799b091d1fbb1102de21.jpg,0,1,true,1,train,true
fashionpedia,train2020,3847,2ba8669d8885f38da218d48cd96d82eb.jpg,0,1,true,1,train,true
fashionpedia,train2020,3848,be71ce80ef21437f1197c51a1a19a535.jpg,0,1,true,2,train,true
fashionpedia,train2020,3851,45855bea30a972c9a3fa8e81564cf8f2.jpg,0,1,true,2,train,true
fashionpedia,train2020,3852,a076aae7e46e6926e0928796b349cf36.jpg,0,1,true,3,train,true
fashionpedia,train2020,3854,8b61e0c945ecbf196188249b05501689.jpg,0,1,true,1,train,true
fashionpedia,train2020,3855,50c0b9a595e38d3597145359620a86fd.jpg,0,1,true,2,train,true
fashionpedia,train2020,3857,9eeeb7544764b89794fa7fbee85e1f93.jpg,0,1,true,2,train,true
fashionpedia,train2020,3859,9726a8eea5b5b9af470fd6935a1e6fbf.jpg,0,1,true,2,new_val,false
fashionpedia,train2020,3860,dc4403038db9c2551bc10de40879d506.jpg,0,1,true,2,train,true
fashionpedia,train2020,3861,069da0569d492b9ad003d6d6c4baa9c5.jpg,0,1,true,2,new_val,false
fashionpedia,train2020,3864,426b9796a52977b22b425159494b0d7b.jpg,0,1,true,1,train,true
fashionpedia,train2020,3868,23775abe97e8047cf59541eaec3e9f3c.jpg,0,1,true,2,train,true
fashionpedia,train2020,3880,5f6d93ca05cb18cb194ac91860622b20.jpg,0,1,true,2,train,true
fashionpedia,train2020,3881,13e6f97b0087e04bd0e2328bf327dd45.jpg,0,1,true,3,train,true
fashionpedia,train2020,3883,1dc1156df1a05674eefd5ae1d25aa987.jpg,0,1,true,3,new_val,false
fashionpedia,train2020,3887,a53c53cce540b95e590bdf944f07f8cd.jpg,0,1,true,1,train,true
fashionpedia,train2020,3890,67e9d4a73fc637d59b06463e5641a290.jpg,0,1,true,1,train,true
fashionpedia,train2020,3893,f8b0a0ddeee137cf66551d199f70ee80.jpg,0,1,true,1,new_val,false
fashionpedia,train2020,3897,c365e823a12e942f36abe7c2a36f856a.jpg,0,1,true,1,train,true
fashionpedia,train2020,3898,2ef089c17e03878dad0cc04040284fa7.jpg,0,1,true,2,new_val,false
fashionpedia,train2020,3899,4e4da4d63810e4ea3502e2260aa125cd.jpg,0,1,true,2,new_val,false
fashionpedia,train2020,3905,f09d61f84c1598cc7b5a7fa1dabfcf83.jpg,0,1,true,2,new_val,false
fashionpedia,train2020,3907,405f8ed5e2ce6cee469fe2d4aed16349.jpg,0,1,true,2,train,true
fashionpedia,train2020,3908,c32a9e71fba99cfe719e132829038d2f.jpg,0,1,true,3,new_val,false
fashionpedia,train2020,3911,e2b7fa86d6ff042ea003c778559b2412.jpg,0,1,true,2,train,true
fashionpedia,train2020,3912,d38e6a660759a2717d2d68dbc3b391a9.jpg,0,1,true,1,train,true
fashionpedia,train2020,3913,a746f97883ce9c78b20fd26343cc9cb8.jpg,0,1,true,1,train,true
fashionpedia,train2020,3918,c3c3d1ba51cd84bf0683481189f3245b.jpg,0,1,true,4,train,true
fashionpedia,train2020,3920,037ee5d7e1d0f1b7203def3bbafb67a8.jpg,0,1,true,2,new_val,false
fashionpedia,train2020,3922,92cc40a27da63274c650695be4f7b48e.jpg,0,1,true,2,train,true
fashionpedia,train2020,3929,aa0fcbcfbc90c0f9ba7eb64f35d64060.jpg,0,1,true,1,train,true
fashionpedia,train2020,3934,5292f79f8cb1766d45fd7a1ce46f1315.jpg,0,1,true,3,train,true
fashionpedia,train2020,3936,62fc8a188c19183bdfd8b580bcabc206.jpg,0,1,true,2,train,true
fashionpedia,train2020,3938,2d36b288f7b3401f4534a65b5c2fcd04.jpg,0,1,true,2,train,true
fashionpedia,train2020,3941,47f593bf27566792b2ddc55b4da6a3f5.jpg,0,1,true,1,train,true
fashionpedia,train2020,3943,5f8d8f63887fb369fe2b82a339aacd11.jpg,0,1,true,1,new_val,false
fashionpedia,train2020,3946,89a67773efbcb8df2eed400984d0cfb9.jpg,0,1,true,1,train,true
fashionpedia,train2020,3947,eb2bbc40d914d047f6a15d0d1db4af9b.jpg,0,1,true,2,train,true
fashionpedia,train2020,3950,c189ac7e77434d1da138511fe90a6665.jpg,0,1,true,2,train,true
fashionpedia,train2020,3954,fda0cc84c602b0eebec18ae0895fc335.jpg,0,1,true,4,train,true
fashionpedia,train2020,3955,fc5936b8327164d33f25b9a844e774e2.jpg,0,1,true,2,train,true
fashionpedia,train2020,3971,485599c97f576262368933170a69adca.jpg,0,1,true,1,train,true
fashionpedia,train2020,3972,38e51cdd279b9fc2fcb2eb4191a246ab.jpg,0,1,true,2,train,true
fashionpedia,train2020,3982,8757003ea9db50f92c71821ccffdfbe9.jpg,0,1,true,2,train,true
fashionpedia,train2020,3983,84c5f03c126131c71c278a3551f4b6c6.jpg,0,1,true,2,train,true
fashionpedia,train2020,3988,f8afe4d90106784a10ce097673a07d75.jpg,0,1,true,2,train,true
fashionpedia,train2020,3989,2139c66655f4be1eabb7a8f7acaf7934.jpg,0,1,true,3,train,true
fashionpedia,train2020,3990,d7045c3a9eea443ad0ea3ab975f838f4.jpg,0,1,true,1,train,true
fashionpedia,train2020,3993,fe170161029d0f70ddd0e9e8a680096a.jpg,0,1,true,1,train,true
fashionpedia,train2020,3995,b02c55d197322a8fce9adf16aaced3ea.jpg,0,1,true,2,train,true
fashionpedia,train2020,3996,b025b9be3efcbd51800e87e08642fe2c.jpg,0,1,true,1,train,true
fashionpedia,train2020,3997,1f0f24069239e90e85ede0e11944ddbb.jpg,0,1,true,3,train,true
fashionpedia,train2020,4004,0286c9078cb8e3e8002622de380cde42.jpg,0,1,true,2,train,true
fashionpedia,train2020,4006,2454a5eddb9318a876fda9f6369f7a3c.jpg,0,1,true,1,train,true
fashionpedia,train2020,4007,731cfcf6707164e4166841230ad2e42b.jpg,0,1,true,2,train,true
fashionpedia,train2020,4008,7cc8fa7afcc30e53e069dffe6bdd3ebe.jpg,0,1,true,2,train,true
fashionpedia,train2020,4009,eb2c0ef1bc31b58ae929e1467275aeb9.jpg,0,1,true,3,train,true
fashionpedia,train2020,4011,3ce09cd049faf8f96ba9b230a877e1a2.jpg,0,1,true,3,new_val,false
fashionpedia,train2020,4015,c0c8cd61973f0da46acbe8dbca719d2b.jpg,0,1,true,3,train,true
fashionpedia,train2020,4018,d79c8b19045b15af8b7816ea74d1e517.jpg,0,1,true,2,train,true
fashionpedia,train2020,4019,381557f51a701eabc363b9d159268105.jpg,0,1,true,3,train,true
fashionpedia,train2020,4020,a5f071ab0dc8f1a1cb6f2cbaff9c0e99.jpg,0,1,true,1,new_val,false
fashionpedia,train2020,4022,ae40d4f1de509541b4476caf512cb7fd.jpg,0,1,true,2,train,true
fashionpedia,train2020,4025,34058ab28176459a6f2dde50d5d5ccf8.jpg,0,1,true,1,train,true
fashionpedia,train2020,4026,d3e17c0861f1d70b7ab10e40a8bf4cf3.jpg,0,1,true,2,train,true
fashionpedia,train2020,4028,e581d06b09b3d116202a130e99b6ff9b.jpg,0,1,true,2,train,true
fashionpedia,train2020,4031,3376cef882b2a8c6c632768b3f067729.jpg,0,1,true,3,train,true
fashionpedia,train2020,4033,adbb4d56bac64b10b008efaf58bd2c29.jpg,0,1,true,1,train,true
fashionpedia,train2020,4034,ed84cfa2f7a6805e38a369a24622ab68.jpg,0,1,true,2,train,true
fashionpedia,train2020,4036,b6036b53e1f787cf7430ec4b1385b6bd.jpg,0,1,true,2,new_val,false
fashionpedia,train2020,4043,0a721484b0cc6561103a9f5db2d66649.jpg,0,1,true,1,train,true
fashionpedia,train2020,4047,65662dd682c30561df0d94a8aece29c1.jpg,0,1,true,2,train,true
fashionpedia,train2020,4049,aa1207c6a5d603dc9af422c6744e0b8a.jpg,0,1,true,1,train,true
fashionpedia,train2020,4050,2a79c4e6e5951677ec17da8f72ae033f.jpg,0,1,true,2,new_val,false
fashionpedia,train2020,4054,f3afb39c66261dafd63fec9cf42edb09.jpg,0,1,true,2,train,true
fashionpedia,train2020,4056,3fea9013f6874f6c5718ce4bb3515a71.jpg,0,1,true,1,new_val,false
fashionpedia,train2020,4059,4db4ec460211cd95b2edc734c8162e62.jpg,0,1,true,3,train,true
fashionpedia,train2020,4062,8d907a3df6202ebdbb79a6582d4ece57.jpg,0,1,true,1,train,true
fashionpedia,train2020,4076,3f2bbed88ba12cbac95512a9d7041798.jpg,0,1,true,1,train,true
fashionpedia,train2020,4080,12fd93a91d9b14fee54532b3c52d94d9.jpg,0,1,true,2,train,true
fashionpedia,train2020,4085,3d5ee211eb9c1e51f11c66b93e1447d6.jpg,0,1,true,2,train,true
fashionpedia,train2020,4086,cc0e959eafc82a8cc8de9beaba03e6c6.jpg,0,1,true,4,train,true
fashionpedia,train2020,4090,f9baaf1b77e3b7bb3c3e74aa6ce10100.jpg,0,1,true,1,train,true
fashionpedia,train2020,4094,2c3e36fbba0ca0a0b36a8285308d20cf.jpg,0,1,true,4,train,true
fashionpedia,train2020,4097,48db45abef272cc2165838f486b3f6cf.jpg,0,1,true,1,train,true
fashionpedia,train2020,4100,ac7c77afd16fcae5a7fcaf701618f4d6.jpg,0,1,true,3,train,true
fashionpedia,train2020,4102,237039224709eef5c9ffea195b53e8df.jpg,0,1,true,1,train,true
fashionpedia,train2020,4103,3cfb499a916723d6552febf0e617b35e.jpg,0,1,true,1,train,true
fashionpedia,train2020,4104,3c9bdee27d77c01d1162437e3d548805.jpg,0,1,true,2,train,true
fashionpedia,train2020,4105,5bf2348b953413988dfa9c03bbb83ec8.jpg,0,1,true,1,train,true
fashionpedia,train2020,4112,fe2aa84c30e875314f88e1626fa45e1b.jpg,0,1,true,2,train,true
fashionpedia,train2020,4115,b87c1900a699060623aaf411f1db540a.jpg,0,1,true,3,train,true
fashionpedia,train2020,4124,da33c96b6da64e25458aa684b77d9a05.jpg,0,1,true,4,new_val,false
fashionpedia,train2020,4128,12b92e02f78a590b2757400198b5aebb.jpg,0,1,true,2,train,true
fashionpedia,train2020,4130,75b910be2a45e8b5f1bf88a9c83d67e8.jpg,0,1,true,1,train,true
fashionpedia,train2020,4132,e43a78bf7b276e3c12f2c4ca0aa4658b.jpg,0,1,true,2,train,true
fashionpedia,train2020,4133,eb8a6ed9fea3fd6949774e598fed9d20.jpg,0,1,true,1,train,true
fashionpedia,train2020,4135,c77b69cf7ece9d07a4e9664507607a2d.jpg,0,1,true,2,new_val,false
fashionpedia,train2020,4137,30ce0ea343ff5f9adbcad8bc23e4d9c0.jpg,0,1,true,1,train,true
fashionpedia,train2020,4138,fe3b3e71b5b50f68eeda326971ac77e8.jpg,0,1,true,1,train,true
fashionpedia,train2020,4146,abba3d41e139c8e489e2bf9c8652bf74.jpg,0,1,true,1,train,true
fashionpedia,train2020,4147,735d704b732e3a112078bd686c4c1789.jpg,0,1,true,1,new_val,false
fashionpedia,train2020,4153,c347f1a153d3a8865a40ea666293c8c6.jpg,0,1,true,2,new_val,false
fashionpedia,train2020,4154,a922a1556cd41662b26221934dd1fc41.jpg,0,1,true,3,train,true
fashionpedia,train2020,4155,119b800fbfe7c2d1fd6b2be7553e01ba.jpg,0,1,true,1,train,true
fashionpedia,train2020,4158,f586cee77aca882d592ea60bd298d1d3.jpg,0,1,true,1,new_val,false
fashionpedia,train2020,4163,ba8c1156fcdcaf1c710edcbfc3ec4502.jpg,0,1,true,1,new_val,false
fashionpedia,train2020,4170,553a963e19de8dceff88791814419a9e.jpg,0,1,true,3,train,true
fashionpedia,train2020,4173,f696cd4b578a9a2b652e7522706de638.jpg,0,1,true,3,new_val,false
fashionpedia,train2020,4176,b29552f02bd5c0974701c995abe4e14f.jpg,0,1,true,3,new_val,false
fashionpedia,train2020,4177,ee5496363de594f16af10259b5007cbf.jpg,0,1,true,2,train,true
fashionpedia,train2020,4182,35e66fefa0c2fa24a57cb0e6cf3124ec.jpg,0,1,true,3,train,true
fashionpedia,train2020,4185,ba1f428c85d0898deaa80e28baaf464b.jpg,0,1,true,2,new_val,false
fashionpedia,train2020,4186,72fe0e2aaa5db6ca594d41c203000e53.jpg,0,1,true,2,train,true
fashionpedia,train2020,4194,727ea756b43af94c9de88e88a4b37b82.jpg,0,1,true,3,train,true
fashionpedia,train2020,4195,7b684a18f40e259fc848a4c8130af282.jpg,0,1,true,2,train,true
fashionpedia,train2020,4197,ba7b11cb4920742b64eb6273c940fe13.jpg,0,1,true,1,train,true
fashionpedia,train2020,4199,bc6444d6ee9a9ccd42f14a85c79bbc1b.jpg,0,1,true,3,new_val,false
fashionpedia,train2020,4200,b2a2cadc90eb8425d9b23e18d5be6e27.jpg,0,1,true,3,train,true
fashionpedia,train2020,4201,3665ba39ac154f44d3b942b3d8ee5f14.jpg,0,1,true,2,train,true
fashionpedia,train2020,4203,a70a4f16b53838a7dfba4565b95c3226.jpg,0,1,true,3,train,true
fashionpedia,train2020,4205,ead4b84435cbc3a56b36b1f4c9af9e53.jpg,0,1,true,3,train,true
fashionpedia,train2020,4209,7630103818ec2cedff698d14612a20a0.jpg,0,1,true,2,train,true
fashionpedia,train2020,4210,72f718dd8683b9dca26c3319181f1bc1.jpg,0,1,true,3,train,true
fashionpedia,train2020,4211,5d665276fa4f8b1786d92a2e7b72baad.jpg,0,1,true,1,train,true
fashionpedia,train2020,4213,ad30a679aeb77278b0bd6f54b0769873.jpg,0,1,true,2,train,true
fashionpedia,train2020,4214,55568f677331fbb9e805bc43ce14de30.jpg,0,1,true,4,train,true
fashionpedia,train2020,4217,e0bab2bc6514fdea20b52c7eaf1b1b48.jpg,0,1,true,2,train,true
fashionpedia,train2020,4218,21760a107ca6d5a3fb40a65784e597e0.jpg,0,1,true,1,train,true
fashionpedia,train2020,4224,4d0de29f96288f7fb4599471a9a51079.jpg,0,1,true,3,train,true
fashionpedia,train2020,4225,48a6eebbad23e6488b8cafb121db3747.jpg,0,1,true,3,train,true
fashionpedia,train2020,4226,2e56b2590c64cf2f5ffcdd9d881fab4d.jpg,0,1,true,3,new_val,false
fashionpedia,train2020,4230,51687e7097c56a5a44a44c175bd0cd8e.jpg,0,1,true,3,new_val,false
fashionpedia,train2020,4232,9224a226ba17066adce1db5da9034a65.jpg,0,1,true,1,train,true
fashionpedia,train2020,4239,79bcca92f12b0ad476b569186fbde2fd.jpg,0,1,true,4,train,true
fashionpedia,train2020,4245,ebb0ce6905f4e95c76ed55041e322ab5.jpg,0,1,true,1,train,true
fashionpedia,train2020,4246,f6be964794a2d38484b6aebd6995d420.jpg,0,1,true,3,train,true
fashionpedia,train2020,4249,e6690dbab81b1555f9cc1dc9ddcc330f.jpg,0,1,true,1,train,true
fashionpedia,train2020,4252,c414ccee791d39f6446509c067a7b1e6.jpg,0,1,true,1,train,true
fashionpedia,train2020,4255,0eeb6f07bb4fe031889eff7a36925ada.jpg,0,1,true,2,train,true
fashionpedia,train2020,4257,3e1db44aff3a56c2315bf1a04d29b5aa.jpg,0,1,true,3,new_val,false
fashionpedia,train2020,4258,edbfb7131fc9f9fe99b6fca5e485aec9.jpg,0,1,true,2,train,true
fashionpedia,train2020,4259,c0ac80e39503446113f9a19af52109a1.jpg,0,1,true,2,train,true
fashionpedia,train2020,4261,c17ec10208d525eb6c74011fd2d4f9b4.jpg,0,1,true,2,train,true
fashionpedia,train2020,4262,400069822140abfa9296137574b9139a.jpg,0,1,true,1,train,true
fashionpedia,train2020,4265,e825000821233b2be00c83549eea786a.jpg,0,1,true,2,train,true
fashionpedia,train2020,4266,781febb3dc8ef8a38ac242bdd9146bfb.jpg,0,1,true,2,train,true
fashionpedia,train2020,4267,034a935252df17fa4e4e85f1974e001a.jpg,0,1,true,1,train,true
fashionpedia,train2020,4269,b19da068a2f524ff79b8820615b69d76.jpg,0,1,true,1,train,true
fashionpedia,train2020,4274,3be815372c241810990b639a56fe1a07.jpg,0,1,true,1,new_val,false
fashionpedia,train2020,4277,fee00ae17df4c334fefc8bdfd235e069.jpg,0,1,true,3,train,true
fashionpedia,train2020,4280,2bb4312c12baa72ca5259c4d5e611561.jpg,0,1,true,2,train,true
fashionpedia,train2020,4284,551dd133b1f6dbc7df41abcfab662331.jpg,0,1,true,2,train,true
fashionpedia,train2020,4287,b245b77ba0bd548dcd16dd2bec66d2f2.jpg,0,1,true,1,new_val,false
fashionpedia,train2020,4289,2ef8879f57c6b0624fb8356d54d7d3fc.jpg,0,1,true,1,train,true
fashionpedia,train2020,4290,5931bacbeaf7c14774cf1a6432c246e6.jpg,0,1,true,2,train,true
fashionpedia,train2020,4295,337a8b626cc31b5fec8b486c23cb898b.jpg,0,1,true,2,train,true
fashionpedia,train2020,4303,5c1840b181fafeb111dad7700edcd24f.jpg,0,1,true,2,new_val,false
fashionpedia,train2020,4306,2cb49f931931b5a7f40a6e0485832001.jpg,0,1,true,3,train,true
fashionpedia,train2020,4309,bc071bd8224218772eb8dfb105cedab2.jpg,0,1,true,1,new_val,false
fashionpedia,train2020,4311,7768e7c98a99c4efe4b81326c0a5ef38.jpg,0,1,true,2,train,true
fashionpedia,train2020,4312,3976529bd60f801d5102f378c413e9f9.jpg,0,1,true,1,train,true
fashionpedia,train2020,4318,4061b08f70a9147ca1d4a9c2bcd70a52.jpg,0,1,true,2,train,true
fashionpedia,train2020,4320,497886f3f68cf91b0b606606a1e29c81.jpg,0,1,true,2,train,true
fashionpedia,train2020,4323,9a66aa7d5fefb992ce4f0bdf8d6dd8ba.jpg,0,1,true,3,train,true
fashionpedia,train2020,4324,909f113d064ee05bf06571e59de5b561.jpg,0,1,true,1,train,true
fashionpedia,train2020,4331,cece066ac8a4fce55c54654cf1198afb.jpg,0,1,true,2,train,true
fashionpedia,train2020,4332,42bdfe39223fc7c4266428dc499afb20.jpg,0,1,true,1,train,true
fashionpedia,train2020,4333,8456ed2eb8db66210e70b1670131a4a6.jpg,0,1,true,3,train,true
fashionpedia,train2020,4334,a1741b89ed9beb117964b0fbfdd75bf0.jpg,0,1,true,1,train,true
fashionpedia,train2020,4337,0cf49e1d708edb43784f52d11b6fec83.jpg,0,1,true,3,train,true
fashionpedia,train2020,4340,ce1820bb88debe269f7d4bf404949bd1.jpg,0,1,true,3,train,true
fashionpedia,train2020,4344,717451ff61e16d4d340a6ed99ae8c1c8.jpg,0,1,true,1,train,true
fashionpedia,train2020,4349,532b9a22e53fc758e939ed798d88e86b.jpg,0,1,true,1,train,true
fashionpedia,train2020,4352,7a69abd75486d9b585b39e98435e6d25.jpg,0,1,true,3,train,true
fashionpedia,train2020,4354,685033bf00d36bd128c66d24db57a9be.jpg,0,1,true,1,train,true
fashionpedia,train2020,4355,f9b7c350d61c0395c5c56f1a9f8dcdf6.jpg,0,1,true,3,new_val,false
fashionpedia,train2020,4356,da0e35dfcab1918a30728b336108e0bb.jpg,0,1,true,1,train,true
fashionpedia,train2020,4358,9b930e5e92b074eb4ec8ca4fd459074f.jpg,0,1,true,3,train,true
fashionpedia,train2020,4362,d8fe322b00b627ec9e4b2501ec5507c9.jpg,0,1,true,2,train,true
fashionpedia,train2020,4366,3bc8884a383a20fc99f2f9f1c2d72c0b.jpg,0,1,true,3,train,true
fashionpedia,train2020,4370,bd3ed58d6c396c4882a65ca9630d289c.jpg,0,1,true,2,train,true
fashionpedia,train2020,4373,e6e78f4731ac05f77b653ec71a622b0b.jpg,0,1,true,2,train,true
fashionpedia,train2020,4377,345aca89731ba798b7c054b0036bae54.jpg,0,1,true,1,train,true
fashionpedia,train2020,4378,69fdd0f5fbbb9ad440491f24ae0bd0a1.jpg,0,1,true,3,train,true
fashionpedia,train2020,4380,8f5afc5fe1f0f6a6a3f29889ab394c17.jpg,0,1,true,2,train,true
fashionpedia,train2020,4382,131013e5b5b0018b1211e683638bd200.jpg,0,1,true,3,train,true
fashionpedia,train2020,4383,e43655b10009c18cbd946216f0700e53.jpg,0,1,true,1,new_val,false
fashionpedia,train2020,4385,c2d44eb336cdd16324d0dd91206ec7d3.jpg,0,1,true,1,train,true
fashionpedia,train2020,4386,f43afa8680b4f8a546965d7df846a3f4.jpg,0,1,true,3,new_val,false
fashionpedia,train2020,4388,6dc34c3e066f47740f0d2560444e4fa0.jpg,0,1,true,1,train,true
fashionpedia,train2020,4389,37e7781adb8ac09137680300663dbddf.jpg,0,1,true,4,train,true
fashionpedia,train2020,4390,8381b71d61719aa9d931ad3eb226e360.jpg,0,1,true,2,train,true
fashionpedia,train2020,4396,1fa1d173c2f4310eb5af48fa4be810d8.jpg,0,1,true,3,train,true
fashionpedia,train2020,4397,9160ca2db1e145652d4422390a54a2e2.jpg,0,1,true,2,new_val,false
fashionpedia,train2020,4399,e9102c7e60e239afb3ab4d706997ef45.jpg,0,1,true,1,train,true
fashionpedia,train2020,4400,90aaa631ec7fb79f83a32188d3db13ae.jpg,0,1,true,2,train,true
fashionpedia,train2020,4401,792585d20d0fd6751d4ceb82ea43bee3.jpg,0,1,true,2,train,true
fashionpedia,train2020,4405,dc79af7680d977e89f0557ad214814ba.jpg,0,1,true,1,train,true
fashionpedia,train2020,4407,719c85ac0e27f823f3f37a098ad7d61c.jpg,0,1,true,1,train,true
fashionpedia,train2020,4409,61f464700f1e7ce024d6790bec8aa802.jpg,0,1,true,2,train,true
fashionpedia,train2020,4411,6684d7e54fa290904ad10f7762ba3ff6.jpg,0,1,true,2,train,true
fashionpedia,train2020,4412,103778e5588cb4651644274b59ec8823.jpg,0,1,true,2,train,true
fashionpedia,train2020,4418,4404226f53e4177a9352c120823ab178.jpg,0,1,true,1,train,true
fashionpedia,train2020,4421,fb7863480e907bd66354b8733ebf07f7.jpg,0,1,true,2,train,true
fashionpedia,train2020,4428,f58643ec59ae403ab00ee5c25810ef7e.jpg,0,1,true,2,train,true
fashionpedia,train2020,4429,44188180c5c183d342a44a33fe3429bf.jpg,0,1,true,1,train,true
fashionpedia,train2020,4433,426ffbc62b9971587c7d6076be4c2f8b.jpg,0,1,true,1,new_val,false
fashionpedia,train2020,4434,739c69d7d5f2cec0eddfa6d14575ccf0.jpg,0,1,true,1,train,true
fashionpedia,train2020,4435,7b0c2de5dc686727955c31351509e9ea.jpg,0,1,true,4,train,true
fashionpedia,train2020,4437,e37ec04406341bf9d2747ddc2f516034.jpg,0,1,true,3,new_val,false
fashionpedia,train2020,4445,971aa183777df1c9ce874ec2d8abd0cf.jpg,0,1,true,4,new_val,false
fashionpedia,train2020,4450,ff5c9a01ad0680dd9f6170fc08eefc66.jpg,0,1,true,2,train,true
fashionpedia,train2020,4455,50cde77749d4178603a7f31468d93b27.jpg,0,1,true,3,train,true
fashionpedia,train2020,4457,9014586c864ec1a74efa15afdb817128.jpg,0,1,true,3,new_val,false
fashionpedia,train2020,4465,4a496bae97b0dab2eebe1e0772849066.jpg,0,1,true,3,new_val,false
fashionpedia,train2020,4469,e286c72421fc2b74e15fd18580ec2781.jpg,0,1,true,1,new_val,false
fashionpedia,train2020,4470,5483da8d5d6846cb6456f13796d26395.jpg,0,1,true,1,new_val,false
fashionpedia,train2020,4471,95157a247e83dc4d2da192120d1b2e6d.jpg,0,1,true,3,train,true
fashionpedia,train2020,4472,80316c643b1bb82552036c5bf9d15349.jpg,0,1,true,2,train,true
fashionpedia,train2020,4480,db6d9b191a2b62f794e96ca4fd3e6c36.jpg,0,1,true,2,train,true
fashionpedia,train2020,4483,a3a448f0dcd35f8aa9c92194535e4afb.jpg,0,1,true,4,train,true
fashionpedia,train2020,4485,b9b90649d0c6e51d92f9827c40fb60f8.jpg,0,1,true,2,train,true
fashionpedia,train2020,4487,640980ddd4dfe5fa1b2680a7555e3fb2.jpg,0,1,true,2,train,true
fashionpedia,train2020,4493,ea35d69924f9310e70438ab9565c7a4d.jpg,0,1,true,2,train,true
fashionpedia,train2020,4495,18ff92f7a98bad6103b3c46d94dd1ae2.jpg,0,1,true,1,train,true
fashionpedia,train2020,4498,a1e676389cceac8e1c6bf38223c8f71e.jpg,0,1,true,1,train,true
fashionpedia,train2020,4511,944c3feecad343efc7787de2d4f60779.jpg,0,1,true,1,train,true
fashionpedia,train2020,4517,07d0cdf49943d667b687f9a2483c4b55.jpg,0,1,true,3,train,true
fashionpedia,train2020,4519,6d93f68c3aaadfc22958932f778bd43e.jpg,0,1,true,2,train,true
fashionpedia,train2020,4521,74e2f663e00a943091e23f8cd32978ca.jpg,0,1,true,2,train,true
fashionpedia,train2020,4525,7b5bfbbd6d3e21fc92a6730fcad24f38.jpg,0,1,true,2,new_val,false
fashionpedia,train2020,4527,4fb466261152210b809374aac57353fa.jpg,0,1,true,2,train,true
fashionpedia,train2020,4528,8d4fc08bb97ef69065962f947ff7e17a.jpg,0,1,true,1,train,true
fashionpedia,train2020,4537,fbade955c85817c9c614fde9c70652c8.jpg,0,1,true,2,train,true
fashionpedia,train2020,4539,5779b823ec85eac13c0cd2d25826bf8e.jpg,0,1,true,2,train,true
fashionpedia,train2020,4540,f5066bd6c22a0d81e0adefa774de4121.jpg,0,1,true,1,train,true
fashionpedia,train2020,4548,566b03eb92365cd019911a077b6a74c4.jpg,0,1,true,2,train,true
fashionpedia,train2020,4552,b2c45881bc6479c662182ca33eafe075.jpg,0,1,true,3,train,true
fashionpedia,train2020,4557,c8850077a3eb63f7af76e8abfa71a4ae.jpg,0,1,true,4,train,true
fashionpedia,train2020,4559,0b589a54aed8b194a770dff49b8bd79b.jpg,0,1,true,1,train,true
fashionpedia,train2020,4562,83d5fa3904227dc03ae3e9d5c2d71921.jpg,0,1,true,2,train,true
fashionpedia,train2020,4567,29ed825a579eb9f5289d4d531278c5ae.jpg,0,1,true,4,train,true
fashionpedia,train2020,4569,c57b8eac59830004932ab937cff16f29.jpg,0,1,true,2,train,true
fashionpedia,train2020,4570,e65bcb14db6aa38ad43050e7428ddd49.jpg,0,1,true,1,train,true
fashionpedia,train2020,4573,bd6dfcfa3c40b446e66db9279d14fd4f.jpg,0,1,true,3,train,true
fashionpedia,train2020,4576,c2e30d11068d4b7b950667d796dc0acf.jpg,0,1,true,2,train,true
fashionpedia,train2020,4577,d9cf2924687d2de4d9f2f29364e3cb56.jpg,0,1,true,4,train,true
fashionpedia,train2020,4584,629c9ffd00d529dffc4c43efe7ed75c5.jpg,0,1,true,1,train,true
fashionpedia,train2020,4585,fa0ea8a01d31bd4f256615724cc88d4b.jpg,0,1,true,3,new_val,false
fashionpedia,train2020,4589,f4fe1ba40065807edb72c03485dff3d2.jpg,0,1,true,3,train,true
fashionpedia,train2020,4592,4fcca45d23e33a0f7894e05e8c9a7fdb.jpg,0,1,true,1,new_val,false
fashionpedia,train2020,4600,8ed92021ae6f7ba284ea1fcc39840152.jpg,0,1,true,1,new_val,false
fashionpedia,train2020,4601,2f25a6d072b2a4cb6a0d49988ba87378.jpg,0,1,true,1,train,true
fashionpedia,train2020,4603,fb2d037cffec47d2233af369f7a4a14f.jpg,0,1,true,1,train,true
fashionpedia,train2020,4606,e4237054b7a0fbb785bc8c988060ec93.jpg,0,1,true,2,new_val,false
fashionpedia,train2020,4615,0f2421786d043c7b0221be11f76aa21a.jpg,0,1,true,2,train,true
fashionpedia,train2020,4619,19854260d3b289f83af20d576ddae844.jpg,0,1,true,3,train,true
fashionpedia,train2020,4628,e33ce5dee1109ca0be04edfce80bd1f9.jpg,0,1,true,2,train,true
fashionpedia,train2020,4631,4c18200c1bd8207ac6aa97ce9f985a0a.jpg,0,1,true,2,train,true
fashionpedia,train2020,4638,cdc164c62b29db46a0c0dc59d5f5e840.jpg,0,1,true,2,train,true
fashionpedia,train2020,4645,008c5f4c625b35fad4c6ca66f0256adc.jpg,0,1,true,1,train,true
fashionpedia,train2020,4646,40c92f7d13ca81bcfc416eb16d25810d.jpg,0,1,true,3,train,true
fashionpedia,train2020,4647,d83e34815bbdfee30b0c6f91a7151b82.jpg,0,1,true,2,train,true
fashionpedia,train2020,4651,188efc60f8901d0e1666e5cd1b5bdc4b.jpg,0,1,true,2,new_val,false
fashionpedia,train2020,4653,578a781f117d730f5e214bf73c0432f1.jpg,0,1,true,3,train,true
fashionpedia,train2020,4655,f463791e29516d5e1b9f9dba7064b489.jpg,0,1,true,2,train,true
fashionpedia,train2020,4657,e0a4c85fca72fe9d50b0d4c3c0c3243a.jpg,0,1,true,2,train,true
fashionpedia,train2020,4662,4120094515caa7056e53aadd6b043792.jpg,0,1,true,2,train,true
fashionpedia,train2020,4664,93709f594c501f4029d6e2e5705c1623.jpg,0,1,true,3,train,true
fashionpedia,train2020,4666,6dc09b8c69e3112734490003ab02804d.jpg,0,1,true,2,train,true
fashionpedia,train2020,4667,84189bead8882388d1c27084b7831fd0.jpg,0,1,true,3,train,true
fashionpedia,train2020,4675,0b5c4cb87ecdbc80f3723052bd751083.jpg,0,1,true,1,train,true
fashionpedia,train2020,4680,9f80ca7b00e5bf6eddc54e433d3d79a8.jpg,0,1,true,1,train,true
fashionpedia,train2020,4682,bd1c765c65924ef7402c6896e030e6ea.jpg,0,1,true,2,new_val,false
fashionpedia,train2020,4683,8888484aae9d4cdd2dafafdd0357b20e.jpg,0,1,true,1,train,true
fashionpedia,train2020,4697,c2f60d89b13f42a94c6ef4b15b510f9c.jpg,0,1,true,2,train,true
fashionpedia,train2020,4700,067bd9c6f40ffa03f93bc8ba9ed06004.jpg,0,1,true,3,train,true
fashionpedia,train2020,4703,fa2c514037f31c0ab98d66373d371e3a.jpg,0,1,true,3,new_val,false
fashionpedia,train2020,4705,08c5705950aa777853f0f6794ad61895.jpg,0,1,true,1,train,true
fashionpedia,train2020,4706,a5e6d14541c6031440a980d5499e8503.jpg,0,1,true,3,new_val,false
fashionpedia,train2020,4708,aaa821adaba98b91151724622c4586f6.jpg,0,1,true,1,train,true
fashionpedia,train2020,4711,fe2482b01a4662ca5f76df3b2759e414.jpg,0,1,true,2,train,true
fashionpedia,train2020,4714,f52b4f2a068060589e1670e7c3eedc29.jpg,0,1,true,1,train,true
fashionpedia,train2020,4715,d60ce1ed23bbfac72d1ec4d22949bdb1.jpg,0,1,true,2,train,true
fashionpedia,train2020,4716,8be1abc5e4d3cd06a01152eda81f79f8.jpg,0,1,true,1,train,true
fashionpedia,train2020,4718,fb93f0529fdf7aee7eb2fb98c8a9af9a.jpg,0,1,true,1,train,true
fashionpedia,train2020,4725,18f0d23c5a78067748eb81cbaf632a03.jpg,0,1,true,2,new_val,false
fashionpedia,train2020,4727,f5435ae9d91bcfe351ae36f0cee28daf.jpg,0,1,true,2,train,true
fashionpedia,train2020,4731,774a8891f7d3969433479edc6ccac6a7.jpg,0,1,true,2,new_val,false
fashionpedia,train2020,4736,6e876d1920778101cae1c7f5fbf990bf.jpg,0,1,true,3,train,true
fashionpedia,train2020,4738,b9a5a10aa13184e55d2a373bbae597d4.jpg,0,1,true,1,train,true
fashionpedia,train2020,4739,9795fe4774dbc495539ec9f28dbfd004.jpg,0,1,true,2,new_val,false
fashionpedia,train2020,4740,a1f981691d74e6600d75415cb1494494.jpg,0,1,true,2,train,true
fashionpedia,train2020,4741,dd352a1a5f7f283a1ac9e87b1db48414.jpg,0,1,true,1,train,true
fashionpedia,train2020,4751,02069722738df66e1d0e856ea18c91f3.jpg,0,1,true,1,train,true
fashionpedia,train2020,4761,9a36b51ad5ae404ce4b542dd1229226a.jpg,0,1,true,2,train,true
fashionpedia,train2020,4766,539225aa639465adb0ecdfba063667c9.jpg,0,1,true,1,new_val,false
fashionpedia,train2020,4770,e0684400e3ded525cd7b1fd5d9812ea1.jpg,0,1,true,2,new_val,false
fashionpedia,train2020,4771,2766728d466a6084e1f84683b3d22d45.jpg,0,1,true,2,train,true
fashionpedia,train2020,4773,0d8898fcb5904309c83f9c7512f49add.jpg,0,1,true,2,train,true
fashionpedia,train2020,4781,b6e335b77dc00ecd318d246d8d71f0d3.jpg,0,1,true,1,train,true
fashionpedia,train2020,4782,9aedc9f75cb6f3958fc5c5faaa465ab1.jpg,0,1,true,4,new_val,false
fashionpedia,train2020,4783,dd9c1553be3382324ea1c2983e701e60.jpg,0,1,true,1,new_val,false
fashionpedia,train2020,4789,662cad5b9f07a1bbbf2709c98a13f410.jpg,0,1,true,2,train,true
fashionpedia,train2020,4790,7dbc1b762b5da37c4e25a6f7ce33c10b.jpg,0,1,true,1,train,true
fashionpedia,train2020,4792,5b4e1fda0d3bab4ef24e08614e3ca33e.jpg,0,1,true,2,train,true
fashionpedia,train2020,4793,8002315cc3594bb3b8507129982a9251.jpg,0,1,true,2,train,true
fashionpedia,train2020,4795,ceafad0971ee0328ecbfb082a8899434.jpg,0,1,true,3,train,true
fashionpedia,train2020,4797,d2ec4a91cd9611ed7ab5db3e93f382f2.jpg,0,1,true,1,train,true
fashionpedia,train2020,4804,f812661e83be12ecc38b3e572fbeeecf.jpg,0,1,true,1,new_val,false
fashionpedia,train2020,4805,a7ece2682404d8c207440f6c9a448e84.jpg,0,1,true,4,train,true
fashionpedia,train2020,4806,e6cdce56d8b28548e8242d6eaa298476.jpg,0,1,true,1,train,true
fashionpedia,train2020,4809,3fe8f9c7fef873f2423474d157e38a89.jpg,0,1,true,2,train,true
fashionpedia,train2020,4816,04b027428cf676a4c40d463979c91acc.jpg,0,1,true,3,train,true
fashionpedia,train2020,4823,44f438c7854661132529b22c329fda72.jpg,0,1,true,1,new_val,false
fashionpedia,train2020,4833,44d9501561ae524aa221ce2af77ae468.jpg,0,1,true,2,train,true
fashionpedia,train2020,4841,1844654fa9926b4bc09e9d4f42713931.jpg,0,1,true,3,train,true
fashionpedia,train2020,4843,8d883a9a64eb71ebe729cfaaaefcf2b1.jpg,0,1,true,3,train,true
fashionpedia,train2020,4852,93819f3e8579572235d3b5d6f0f4242d.jpg,0,1,true,2,train,true
fashionpedia,train2020,4854,412ddd4a74ab27554c78c4c754dfe12f.jpg,0,1,true,2,train,true
fashionpedia,train2020,4857,a7818c69fa82227083fcce0b4fd7c244.jpg,0,1,true,2,train,true
fashionpedia,train2020,4861,358acae3954b730dab862031b2363034.jpg,0,1,true,2,train,true
fashionpedia,train2020,4862,71ebf52843da542c172bef46718a7a7e.jpg,0,1,true,2,train,true
fashionpedia,train2020,4866,95cd5d1fe8183ba2e99614e82a7f5b82.jpg,0,1,true,2,new_val,false
fashionpedia,train2020,4869,16169de2459461218e49c4a9381ad69c.jpg,0,1,true,3,train,true
fashionpedia,train2020,4872,b371516d6ada4cb61dfd594d046e8112.jpg,0,1,true,1,new_val,false
fashionpedia,train2020,4874,1b98171f3da45205c37b35accd26c66f.jpg,0,1,true,2,train,true
fashionpedia,train2020,4876,7ed2c00feb544ebdff36e7951f287464.jpg,0,1,true,1,train,true
fashionpedia,train2020,4880,5f9e0dbb576dd15a3bad0776e92d6523.jpg,0,1,true,2,train,true
fashionpedia,train2020,4882,9d5afd67f56239fa4c92668d4529561f.jpg,0,1,true,2,new_val,false
fashionpedia,train2020,4883,7e75cbbf7cbfeafd65ec128dda7fe22f.jpg,0,1,true,2,train,true
fashionpedia,train2020,4884,e025e08796330824378b4a74e5bd3c86.jpg,0,1,true,3,train,true
fashionpedia,train2020,4886,d9093bae94620d51fd18f8fe1f4437f8.jpg,0,1,true,1,new_val,false
fashionpedia,train2020,4887,4dd91390fdf1782c49bd0f141bcfbf7a.jpg,0,1,true,1,new_val,false
fashionpedia,train2020,4894,2d715680fd2ad49a2b97be229f6bb5e2.jpg,0,1,true,3,train,true
fashionpedia,train2020,4895,8028a3d5a448d0410cf02bd7d10654f4.jpg,0,1,true,2,train,true
fashionpedia,train2020,4901,4fc2f24e9de7ccca30c2ff19a361741d.jpg,0,1,true,2,train,true
fashionpedia,train2020,4902,f26b087c218148a8ca3f2e96e12d7a1b.jpg,0,1,true,1,train,true
fashionpedia,train2020,4903,72e36d3acfb606861bbde02b2240a143.jpg,0,1,true,3,train,true
fashionpedia,train2020,4913,cc1a8fad8fb717f034df783685cfbea8.jpg,0,1,true,1,train,true
fashionpedia,train2020,4915,a0f6b0d503809394c7acdab6cd253576.jpg,0,1,true,2,train,true
fashionpedia,train2020,4917,9576d0bb06c88cd0d109d85b98fa837e.jpg,0,1,true,1,train,true
fashionpedia,train2020,4931,4d46228039331bfc433854b8cf03b008.jpg,0,1,true,1,train,true
fashionpedia,train2020,4933,6739eb9a45c8985990195f7034d6691e.jpg,0,1,true,2,train,true
fashionpedia,train2020,4934,9ca649eac087a56b1f75415142e4820d.jpg,0,1,true,1,new_val,false
fashionpedia,train2020,4938,e9b7140c37208e6a386c4f646092f2cf.jpg,0,1,true,1,new_val,false
fashionpedia,train2020,4939,3ae9f2f491f1ba296d149e6d72732d6e.jpg,0,1,true,3,train,true
fashionpedia,train2020,4942,9d92c08341e006bb68ab31d0e71760ab.jpg,0,1,true,2,train,true
fashionpedia,train2020,4945,acaffbe4d0e67deac52fc18a270c62e5.jpg,0,1,true,2,train,true
fashionpedia,train2020,4946,30fe3d8243112937069c9a5aa80e679c.jpg,0,1,true,2,new_val,false
fashionpedia,train2020,4947,f0d4c8437230f8283d05c52c3bd1e649.jpg,0,1,true,1,train,true
fashionpedia,train2020,4956,8e60527cbb2890290160e9cbf36a0781.jpg,0,1,true,3,train,true
fashionpedia,train2020,4959,a13eb5e707657bedfe2e3d2201cd58c2.jpg,0,1,true,1,train,true
fashionpedia,train2020,4963,8f8194fc2d8d69fe3774db46fbcf96e2.jpg,0,1,true,2,new_val,false
fashionpedia,train2020,4964,e1d7f26a50af3e7b0cad8e6b20ea125d.jpg,0,1,true,3,train,true
fashionpedia,train2020,4966,de29467b5ced5c6b572b462ce9a10d65.jpg,0,1,true,2,new_val,false
fashionpedia,train2020,4967,55914ae5e6fa80d9fc4d47be71fb2d4c.jpg,0,1,true,1,train,true
fashionpedia,train2020,4969,1e5e456826c88706df0d107bed168d39.jpg,0,1,true,3,train,true
fashionpedia,train2020,4970,a0e704bb415c439712cb75a1aeb7e299.jpg,0,1,true,3,train,true
fashionpedia,train2020,4972,8d1171812e17e9a13937a8da40a1f001.jpg,0,1,true,1,train,true
fashionpedia,train2020,4974,f0486361e9d1ecdd9dad6a31135977aa.jpg,0,1,true,3,train,true
fashionpedia,train2020,4976,c3b46e00748c30240a820fc2787769ee.jpg,0,1,true,2,train,true
fashionpedia,train2020,4979,268c21af77b29c070e24ed69bacf24e0.jpg,0,1,true,1,train,true
fashionpedia,train2020,4984,3dfea5d68a35fb96e04e7b60e925ffd2.jpg,0,1,true,2,train,true
fashionpedia,train2020,4985,950adabd9398921ae88399a5f4085df9.jpg,0,1,true,2,train,true
fashionpedia,train2020,4987,d3e8767b123261d2b13b7c3188310562.jpg,0,1,true,3,train,true
fashionpedia,train2020,4989,416da9d351249e09596ed1c7da13f73e.jpg,0,1,true,1,new_val,false
fashionpedia,train2020,4990,5f62af062ca96ca2f476d5d40377c27f.jpg,0,1,true,2,new_val,false
fashionpedia,train2020,4992,5453df008cb3d158f8a604b9b76b59f4.jpg,0,1,true,2,train,true
fashionpedia,train2020,4994,e3400d8adfb73b8ab6f112a9fa3434e7.jpg,0,1,true,1,new_val,false
fashionpedia,train2020,4999,f95a0c17be818a0cf5f5e78c3709865f.jpg,0,1,true,2,train,true
fashionpedia,train2020,5003,b1a24d4e8a31072ed74cdbf95d059da5.jpg,0,1,true,3,train,true
fashionpedia,train2020,5006,1a233b44dd4b119ce04d495705a4062a.jpg,0,1,true,3,train,true
fashionpedia,train2020,5007,ede24f7303e3998c65be9c7d9a175bcc.jpg,0,1,true,1,new_val,false
fashionpedia,train2020,5010,7544c0ea0845443dcb6011848242c6a4.jpg,0,1,true,2,train,true
fashionpedia,train2020,5015,aa21751784b901f6a454972df0bd7a69.jpg,0,1,true,1,train,true
fashionpedia,train2020,5017,60ce7a103900eb3d5bd13c1dae88f7fe.jpg,0,1,true,2,new_val,false
fashionpedia,train2020,5021,c254542b51c5fc7bd8ffdc340282b48d.jpg,0,1,true,2,new_val,false
fashionpedia,train2020,5031,50472bbb904b491ce7603a43dcd2e220.jpg,0,1,true,1,train,true
fashionpedia,train2020,5033,fce7fbfadac7611d7c7131cfd4c02828.jpg,0,1,true,3,train,true
fashionpedia,train2020,5037,ea211af99b5765bca863b0269d9eeac2.jpg,0,1,true,2,train,true
fashionpedia,train2020,5039,feaea3365e791a5f02646688a67344f2.jpg,0,1,true,1,train,true
fashionpedia,train2020,5041,5dc3e39aad962159adb6d9dee87867cf.jpg,0,1,true,1,new_val,false
fashionpedia,train2020,5042,1467b7afa64e78237156b3aa5df84d99.jpg,0,1,true,2,train,true
fashionpedia,train2020,5043,6f10d4b2ef28981cc78c10e0164ad905.jpg,0,1,true,1,train,true
fashionpedia,train2020,5044,cbc009f4d9ac1faa178830f2eb672633.jpg,0,1,true,1,new_val,false
fashionpedia,train2020,5048,1aa5277979eae56a17a69732a9172511.jpg,0,1,true,3,train,true
fashionpedia,train2020,5049,26640ed90fbd5888f2dde83052d4cd23.jpg,0,1,true,3,new_val,false
fashionpedia,train2020,5052,c5ac6d2003623ac8fc99944fc8df069d.jpg,0,1,true,1,train,true
fashionpedia,train2020,5053,8c3b07f74eace833eb2a4f35e7d8a47b.jpg,0,1,true,2,train,true
fashionpedia,train2020,5054,2abe3fc2448b3adc6928a85de8cc0339.jpg,0,1,true,2,new_val,false
fashionpedia,train2020,5059,c18545691810a592becf4da1fb29d094.jpg,0,1,true,1,train,true
fashionpedia,train2020,5061,4f9e020b241e8da50479bdc9bcec9b8d.jpg,0,1,true,1,new_val,false
fashionpedia,train2020,5062,73f9d9c80063339d8f93220ffc6912db.jpg,0,1,true,1,new_val,false
fashionpedia,train2020,5064,26789b2428d714072196d78a9f201e4b.jpg,0,1,true,2,train,true
fashionpedia,train2020,5067,5f794b543039e8a9275560eca36ca3cd.jpg,0,1,true,3,train,true
fashionpedia,train2020,5068,798ffb5d8a04f9ae8db6b1a0d308302a.jpg,0,1,true,2,train,true
fashionpedia,train2020,5071,932fef48d5f582770a8f9138c75586c5.jpg,0,1,true,3,new_val,false
fashionpedia,train2020,5073,72b5a982998780a0e45e112b6103e4b9.jpg,0,1,true,1,train,true
fashionpedia,train2020,5074,c91485bc6d72464553de3c93b8eff92a.jpg,0,1,true,1,train,true
fashionpedia,train2020,5076,8dc099085bdeb81ef38fd4ab3247b023.jpg,0,1,true,1,train,true
fashionpedia,train2020,5077,0fce9ee3909ebf4264a4714e8715f916.jpg,0,1,true,2,train,true
fashionpedia,train2020,5080,f3b36bad122accd9cc49965ee180afdd.jpg,0,1,true,3,train,true
fashionpedia,train2020,5082,5b07f325067b9127016db1225039f009.jpg,0,1,true,2,train,true
fashionpedia,train2020,5083,62c935912afd95cda2864f8a74717194.jpg,0,1,true,1,train,true
fashionpedia,train2020,5084,bd12a7f4e9c0fbb1c553587e9c678039.jpg,0,1,true,1,train,true
fashionpedia,train2020,5085,dad91b3ee9ae7da716a4fbd6f7bf2cd8.jpg,0,1,true,3,train,true
fashionpedia,train2020,5089,55aabbf3041949e5d8bd4d790a4f8319.jpg,0,1,true,2,train,true
fashionpedia,train2020,5095,ba84dfb004895fc770a576b544515487.jpg,0,1,true,2,train,true
fashionpedia,train2020,5098,ed600a7588ee7703e3d587ad0f093574.jpg,0,1,true,4,train,true
fashionpedia,train2020,5099,cf5e2358d61551a9aba55fd01502fd6f.jpg,0,1,true,3,train,true
fashionpedia,train2020,5100,ee12a413c107097ee629a6204e4d2167.jpg,0,1,true,2,train,true
fashionpedia,train2020,5101,93b3ef96eaaa96d75bda19045d9be528.jpg,0,1,true,2,train,true
fashionpedia,train2020,5104,a55e32424a9aae709ec07bf371894c37.jpg,0,1,true,3,new_val,false
fashionpedia,train2020,5105,42510e58c71c871d55f847a028d87d2c.jpg,0,1,true,2,train,true
fashionpedia,train2020,5106,ce503a2177ea0fae4d85927fa277764e.jpg,0,1,true,2,train,true
fashionpedia,train2020,5109,95916efe1db0a845fc66c44fcbd9c180.jpg,0,1,true,3,train,true
fashionpedia,train2020,5110,1ab30df187efc0cb37e889e3f9faed4c.jpg,0,1,true,1,train,true
fashionpedia,train2020,5113,f0c5374a4e456f26428361df5f8f3f6f.jpg,0,1,true,2,train,true
fashionpedia,train2020,5124,17dee09421539a7c1d9cc002c3d7b24a.jpg,0,1,true,1,train,true
fashionpedia,train2020,5128,4749f571d1448d261f35217d7a69c061.jpg,0,1,true,2,new_val,false
fashionpedia,train2020,5136,d737532640847bda5a8d03276a1bfb0b.jpg,0,1,true,3,train,true
fashionpedia,train2020,5138,fff8d9bd5ad4354b66355dd797942b42.jpg,0,1,true,1,train,true
fashionpedia,train2020,5139,de0b0f090576e3b75cc55a6a5ef05dea.jpg,0,1,true,3,train,true
fashionpedia,train2020,5141,89b14dfcdac3b060fcbb27315cab960a.jpg,0,1,true,1,train,true
fashionpedia,train2020,5147,b868e10ec24b09417534f52b73b4a25b.jpg,0,1,true,1,train,true
fashionpedia,train2020,5150,edeb4c984ccd6fe29b1bd98612d8f998.jpg,0,1,true,2,train,true
fashionpedia,train2020,5153,5baa420e76adc124941fc006179803d7.jpg,0,1,true,3,train,true
fashionpedia,train2020,5154,a5a75e6404b2c9078a8b0ce7dfb61c0f.jpg,0,1,true,1,new_val,false
fashionpedia,train2020,5157,c952f6ac618e42e346e49e52a4fe4909.jpg,0,1,true,1,new_val,false
fashionpedia,train2020,5160,f7425ea7ad7415f38909a80a848a0c96.jpg,0,1,true,3,train,true
fashionpedia,train2020,5161,5ec0e50a31a4368e5d5ada2e34a49e8e.jpg,0,1,true,4,new_val,false
fashionpedia,train2020,5162,c0354242ec9f3c2fe020986e88445178.jpg,0,1,true,1,train,true
fashionpedia,train2020,5163,28926f46b488cc23626b1544fc25fe4a.jpg,0,1,true,2,new_val,false
fashionpedia,train2020,5164,b6869ddda9b31065ab912791da15e281.jpg,0,1,true,1,new_val,false
fashionpedia,train2020,5169,2c0a3c906db7240223bf277bd4761364.jpg,0,1,true,2,new_val,false
fashionpedia,train2020,5170,787119993fdecf3b924ce6a3bf31a888.jpg,0,1,true,2,new_val,false
fashionpedia,train2020,5174,346cb105784aa7e29bed3ccbc04f2582.jpg,0,1,true,1,train,true
fashionpedia,train2020,5177,6865ed61286dc931d5202f48064d3178.jpg,0,1,true,1,train,true
fashionpedia,train2020,5179,dea003a3a678b631910340a2f612db99.jpg,0,1,true,2,new_val,false
fashionpedia,train2020,5180,7db2f7f73e2d00f4236e866e7a1d3c9c.jpg,0,1,true,2,train,true
fashionpedia,train2020,5185,393327625650a292997047114003ea13.jpg,0,1,true,1,train,true
fashionpedia,train2020,5194,d72e1fe82f28988c3afb5ce69760dac3.jpg,0,1,true,2,train,true
fashionpedia,train2020,5195,917f5f5ba7442481bb51f7657d5d3653.jpg,0,1,true,1,train,true
fashionpedia,train2020,5200,bf5227bfbc6b5f0b01e8a95896898ed3.jpg,0,1,true,2,new_val,false
fashionpedia,train2020,5201,111b047b7e4289d58e57031bc125262f.jpg,0,1,true,2,train,true
fashionpedia,train2020,5204,f0264443281f47ceeb6d39c7bc9a8cc7.jpg,0,1,true,2,train,true
fashionpedia,train2020,5205,45d0d9663dca4dd7c2d8fec220606559.jpg,0,1,true,2,train,true
fashionpedia,train2020,5207,2db38bf415964a68de2eb69f220479bc.jpg,0,1,true,2,train,true
fashionpedia,train2020,5215,d57a4a01a5b19b36a02a4a041c9e67be.jpg,0,1,true,1,new_val,false
fashionpedia,train2020,5216,acdadb01c7ad2b84e0f39566f4c3ef18.jpg,0,1,true,1,train,true
fashionpedia,train2020,5217,accc215958a07aa26a776606c8aa593b.jpg,0,1,true,2,train,true
fashionpedia,train2020,5231,69f8899827551e45f27bb7fc6cbfd595.jpg,0,1,true,3,train,true
fashionpedia,train2020,5234,49dacd6974fdb83fb079435c13d4b77b.jpg,0,1,true,1,train,true
fashionpedia,train2020,5238,77bbfe552a9b21d4b90d2ef24d88e19f.jpg,0,1,true,2,new_val,false
fashionpedia,train2020,5239,df4d89efb152cd35e79b0aa11d3eb93a.jpg,0,1,true,2,train,true
fashionpedia,train2020,5244,36cfdc929101f412844cb62760a2b8cb.jpg,0,1,true,1,train,true
fashionpedia,train2020,5245,ad273e21f5e2379db9e4c1ce4d45bed2.jpg,0,1,true,2,train,true
fashionpedia,train2020,5246,9c28fd18f4f11a2ce888a80a9f2e9922.jpg,0,1,true,2,train,true
fashionpedia,train2020,5247,c891c663e7c79783ab1c7a0281e8cc89.jpg,0,1,true,2,new_val,false
fashionpedia,train2020,5251,188e03b8c484a549f32ef3e611303c15.jpg,0,1,true,1,train,true
fashionpedia,train2020,5252,87b11b89afde5e52b8c6f65ea0cc68ab.jpg,0,1,true,3,train,true
fashionpedia,train2020,5256,2d713dac8664e07fcb7b4eac7d8aeba1.jpg,0,1,true,1,train,true
fashionpedia,train2020,5258,ab66f6282d4b2407e501ea113c8e5ea1.jpg,0,1,true,3,train,true
fashionpedia,train2020,5261,53bd6ef5cadde21fc104aa891ba7ee64.jpg,0,1,true,2,train,true
fashionpedia,train2020,5263,dab2fad63c6b1e0c3a7b6eccd9a5303f.jpg,0,1,true,1,train,true
fashionpedia,train2020,5265,0c52ee967208e0cd9819f259ab1f14aa.jpg,0,1,true,1,train,true
fashionpedia,train2020,5270,381d011982568f75cef10825174c23a4.jpg,0,1,true,2,new_val,false
fashionpedia,train2020,5272,ac24804ce4798b5e0d99d91fdbc71abd.jpg,0,1,true,1,new_val,false
fashionpedia,train2020,5273,1fee2ff674fbb415e1b23d63a8d217b2.jpg,0,1,true,2,train,true
fashionpedia,train2020,5274,a107bafb7541c67bb92e3452211773b3.jpg,0,1,true,1,train,true
fashionpedia,train2020,5275,e5c9b0790e26c71f3d7d33078411049c.jpg,0,1,true,2,train,true
fashionpedia,train2020,5277,acd78eb9832f107df7241ef9ba08e7d9.jpg,0,1,true,1,train,true
fashionpedia,train2020,5279,9ce53e1c68dae392a405347729550d07.jpg,0,1,true,1,new_val,false
fashionpedia,train2020,5285,93eca45a069709925230b65ebab3b39c.jpg,0,1,true,2,new_val,false
fashionpedia,train2020,5286,81322c491c5b2f8a1abc08689ac92492.jpg,0,1,true,1,train,true
fashionpedia,train2020,5287,ab4b447c2583d501e106e174d1418a43.jpg,0,1,true,2,train,true
fashionpedia,train2020,5288,e02408e17bf596cef963a61ff114dce7.jpg,0,1,true,3,new_val,false
fashionpedia,train2020,5292,53d75a836ae92def43ceccc25872f19a.jpg,0,1,true,2,train,true
fashionpedia,train2020,5295,019cac91e7586f6dfd6a2b8e79cabcad.jpg,0,1,true,1,train,true
fashionpedia,train2020,5296,4b365a338167169871d6bc2cf9286219.jpg,0,1,true,2,train,true
fashionpedia,train2020,5298,5ccda8cdf1129c5bcff5375455ca1438.jpg,0,1,true,3,train,true
fashionpedia,train2020,5302,77300f250bc5af05eb7c9bed007444a1.jpg,0,1,true,3,train,true
fashionpedia,train2020,5321,c8a1963f472c4d8d5e6a83713010b231.jpg,0,1,true,3,train,true
fashionpedia,train2020,5322,44bf8bfd8e8ea39b7fd4f923ec3e1511.jpg,0,1,true,4,train,true
fashionpedia,train2020,5323,2c1d35560df45335a2ee352c68aaf8d6.jpg,0,1,true,3,train,true
fashionpedia,train2020,5324,c4995915e1b817a04b6012d44370c8a7.jpg,0,1,true,2,new_val,false
fashionpedia,train2020,5325,b2542a93c55b0380f8ad167a9a3f64ab.jpg,0,1,true,3,train,true
fashionpedia,train2020,5326,233badf765a9f24f14569e16f259995a.jpg,0,1,true,2,train,true
fashionpedia,train2020,5327,81a270269decc7fca76b894c8e16bb58.jpg,0,1,true,1,train,true
fashionpedia,train2020,5335,f6a17c9020b47fc096f45af935572fc9.jpg,0,1,true,1,train,true
fashionpedia,train2020,5337,b12ca9ca705118933e71dd5f24d8d0c4.jpg,0,1,true,1,train,true
fashionpedia,train2020,5338,4d6ec52bcadb95ea93982b0b293f1453.jpg,0,1,true,2,train,true
fashionpedia,train2020,5340,f9b2be5381ff936438dd9f4510530248.jpg,0,1,true,2,train,true
fashionpedia,train2020,5341,a46da6bc89a5ec312e4dbe210d37f7bc.jpg,0,1,true,1,new_val,false
fashionpedia,train2020,5343,9718d5161501108f2ea4cf21959e2072.jpg,0,1,true,1,train,true
fashionpedia,train2020,5344,81fb675ebf0d10263bf268f167b266ec.jpg,0,1,true,2,train,true
fashionpedia,train2020,5347,bd39cda3ee6f455671d3fb9cdc73ec76.jpg,0,1,true,1,train,true
fashionpedia,train2020,5352,b76cf9da8d044b055fac0d8e9c57d655.jpg,0,1,true,1,train,true
fashionpedia,train2020,5354,2c0abbc26ed240543bda90c046e4092a.jpg,0,1,true,2,train,true
fashionpedia,train2020,5355,d86cd1ed5c115ed8bd48102d05ca41d9.jpg,0,1,true,1,train,true
fashionpedia,train2020,5357,e1a2ad39fc302492012f2b22e59c8937.jpg,0,1,true,2,new_val,false
fashionpedia,train2020,5358,e61141c24d665cfec6b4cf7c4d1e051f.jpg,0,1,true,2,new_val,false
fashionpedia,train2020,5361,be80e115eb8358259febe774f299bac0.jpg,0,1,true,4,train,true
fashionpedia,train2020,5365,28f70eb5245830401b49eafee703cf3e.jpg,0,1,true,1,train,true
fashionpedia,train2020,5367,83f52301294fe8ad47829bd2d5b76165.jpg,0,1,true,2,train,true
fashionpedia,train2020,5375,2d800c3a67af086457dbbadcd8836d91.jpg,0,1,true,3,train,true
fashionpedia,train2020,5377,0658a99425ea4925a4cb192c0966d800.jpg,0,1,true,1,train,true
fashionpedia,train2020,5380,4705089aabe22e9ed4f240dad1fbee8b.jpg,0,1,true,1,new_val,false
fashionpedia,train2020,5382,10ee291f23479779727b7256695476d6.jpg,0,1,true,1,train,true
fashionpedia,train2020,5386,7cd9b769004bff379c4a55df80dcad60.jpg,0,1,true,3,train,true
fashionpedia,train2020,5387,2dafbee8005e455f8347464682b53aa8.jpg,0,1,true,2,new_val,false
fashionpedia,train2020,5393,aa086a4af5cb977af999cc17c8103c2f.jpg,0,1,true,2,new_val,false
fashionpedia,train2020,5396,53428678fe0781d3e408f722ab762a0c.jpg,0,1,true,3,new_val,false
fashionpedia,train2020,5399,30cbd8159db445a06c31cf634210b136.jpg,0,1,true,4,train,true
fashionpedia,train2020,5403,d061caef7292a88496ebf37915b394e5.jpg,0,1,true,2,train,true
fashionpedia,train2020,5404,e3c19d1a9a4c30b44515fa02db60822f.jpg,0,1,true,4,train,true
fashionpedia,train2020,5406,9ca8e4b19832dc10e347555ba4ac5280.jpg,0,1,true,1,train,true
fashionpedia,train2020,5408,40e59aca5925068b665126157dd4af1f.jpg,0,1,true,2,train,true
fashionpedia,train2020,5409,2ea8c11b6e6f509da0399d9565e0479c.jpg,0,1,true,2,train,true
fashionpedia,train2020,5410,446867603fa48dbe8b8a90db84b6f88d.jpg,0,1,true,2,train,true
fashionpedia,train2020,5413,a7b89ab4f1a26363ce0fea597a24d238.jpg,0,1,true,3,new_val,false
fashionpedia,train2020,5414,f666109f3ef68597399243a4afd4ea2a.jpg,0,1,true,3,new_val,false
fashionpedia,train2020,5423,7edc2305f8e3556cbd2f87333bf13a6d.jpg,0,1,true,2,train,true
fashionpedia,train2020,5424,d7ccfafd405195fd97514d0443b05f41.jpg,0,1,true,1,train,true
fashionpedia,train2020,5427,710c175cb7dc6855ae5d2807a7bec120.jpg,0,1,true,2,train,true
fashionpedia,train2020,5429,d414c56fbe7893cf265e34938276336c.jpg,0,1,true,2,new_val,false
fashionpedia,train2020,5432,939add6a75d01511fc9a79068d411cbe.jpg,0,1,true,1,train,true
fashionpedia,train2020,5433,d50ba62ebfd96576a93d3e32e9b83689.jpg,0,1,true,2,new_val,false
fashionpedia,train2020,5435,7b15b34d377e7ec4acddd266887395ab.jpg,0,1,true,2,train,true
fashionpedia,train2020,5436,df4ed4ffdf434e47bd4729e6364f619a.jpg,0,1,true,3,train,true
fashionpedia,train2020,5437,5bf528615f82ed54b1eb3bd83eb58e24.jpg,0,1,true,1,new_val,false
fashionpedia,train2020,5441,93d074b7998624fbacfdc747fc7de0c8.jpg,0,1,true,3,train,true
fashionpedia,train2020,5442,770cb921a624f95748aa619571ed1812.jpg,0,1,true,2,train,true
fashionpedia,train2020,5446,6ab9d26b8c78a10d5c8f1f9f83feaef9.jpg,0,1,true,3,train,true
fashionpedia,train2020,5447,2646cf5b88a502881f5f2f60600e5edd.jpg,0,1,true,2,train,true
fashionpedia,train2020,5448,03409655c6711ce6d384aaa25417e8d9.jpg,0,1,true,3,train,true
fashionpedia,train2020,5449,bb1432a372e8f7fba1a9a90540a49f2f.jpg,0,1,true,3,train,true
fashionpedia,train2020,5450,2453c12aac3a9649196ddd3502a789d9.jpg,0,1,true,1,train,true
fashionpedia,train2020,5451,42a1f86a0982ce0089ce9a5f14934b82.jpg,0,1,true,2,train,true
fashionpedia,train2020,5456,9233a3729846587bef1aff8d7eaa5c9f.jpg,0,1,true,2,train,true
fashionpedia,train2020,5462,b6d990cc1e4202363a9cb55250d7308c.jpg,0,1,true,2,train,true
fashionpedia,train2020,5463,b1dbdda8ec1b2a18bdafccf6c31d42ed.jpg,0,1,true,3,train,true
fashionpedia,train2020,5465,69867ba4b45e5b44d36eb67c7b85faef.jpg,0,1,true,3,train,true
fashionpedia,train2020,5466,2678d2ead25b6351abd0da51b27debfa.jpg,0,1,true,1,train,true
fashionpedia,train2020,5473,00f4b5262158c8299ad71a5e10262335.jpg,0,1,true,1,train,true
fashionpedia,train2020,5475,69b196261b7973a63bcb2bc612b41e43.jpg,0,1,true,1,new_val,false
fashionpedia,train2020,5477,a655f2c9d1d887a5d144982f5f9b67b4.jpg,0,1,true,2,train,true
fashionpedia,train2020,5480,ffa63ad62b2c50d67402d215af1133ee.jpg,0,1,true,1,train,true
fashionpedia,train2020,5486,60aa23ae78899db560c1a56824f815bb.jpg,0,1,true,3,train,true
fashionpedia,train2020,5488,b0a2eb17683b2e662be055247a5ca0c6.jpg,0,1,true,1,train,true
fashionpedia,train2020,5489,ec9eba05328040e50e8174abfa5c5056.jpg,0,1,true,2,train,true
fashionpedia,train2020,5490,a28489a7c17a7d355bdb73c70b847a6f.jpg,0,1,true,3,new_val,false
fashionpedia,train2020,5497,8ed877987788d1770d071bf548910a44.jpg,0,1,true,2,new_val,false
fashionpedia,train2020,5498,90d0c3179e6d80252c85cbecb52fb8a2.jpg,0,1,true,4,new_val,false
fashionpedia,train2020,5504,2a7405ef74f2aa2e91daa615ae358f27.jpg,0,1,true,2,train,true
fashionpedia,train2020,5505,6b21cde9e84bb3cb45076079a3a6061d.jpg,0,1,true,3,train,true
fashionpedia,train2020,5508,5d07b3eff2ae4a5bbbc7da1cef339aaf.jpg,0,1,true,3,train,true
fashionpedia,train2020,5512,e7e3642665116b72dd1ba4b8390238b7.jpg,0,1,true,4,train,true
fashionpedia,train2020,5520,56fe497b7337e33b782b119de2179a13.jpg,0,1,true,3,new_val,false
fashionpedia,train2020,5521,d5c5e22069c0e95694584a45aaa9e030.jpg,0,1,true,1,train,true
fashionpedia,train2020,5522,5e8de32991abdf065abb2651b174cccf.jpg,0,1,true,1,train,true
fashionpedia,train2020,5523,c9a2c85ec3257fbc38370c9ae4d2069b.jpg,0,1,true,3,train,true
fashionpedia,train2020,5525,3546f6da3fac68434b00530db2644abd.jpg,0,1,true,2,new_val,false
fashionpedia,train2020,5531,22fc3447121d77765a98e2e79ff72111.jpg,0,1,true,2,train,true
fashionpedia,train2020,5532,ed67b6235122a8369c9df307abd89a82.jpg,0,1,true,2,train,true
fashionpedia,train2020,5534,68fa459edb4b1bd79ee467c6f8d12e06.jpg,0,1,true,3,train,true
fashionpedia,train2020,5537,2813063dcf505f6ed2aed289c29b3e86.jpg,0,1,true,2,train,true
fashionpedia,train2020,5539,10f46a5c745b9c513dce5d3720c48216.jpg,0,1,true,3,train,true
fashionpedia,train2020,5540,c05c82b59a1e54091dde0f46bd5b8ebb.jpg,0,1,true,1,train,true
fashionpedia,train2020,5543,15fa4c64d0d9606278bc7c631f553343.jpg,0,1,true,3,new_val,false
fashionpedia,train2020,5544,b6d0b514afe23b5ba5d21eb174bfc77d.jpg,0,1,true,1,train,true
fashionpedia,train2020,5549,dd0abb819696f15d9e717b4e331f70cc.jpg,0,1,true,2,train,true
fashionpedia,train2020,5551,a95f352778038278acdd9cf2a86775eb.jpg,0,1,true,1,train,true
fashionpedia,train2020,5553,5d305cabf9eb34d99d9e96dd754ec127.jpg,0,1,true,2,train,true
fashionpedia,train2020,5554,64c18574f060cd9aeefe801fb84591c7.jpg,0,1,true,3,train,true
fashionpedia,train2020,5555,e3213823ffc3e3c868a3f2408d83f999.jpg,0,1,true,2,train,true
fashionpedia,train2020,5560,f18d8bab17529fb342cf1ca965a28763.jpg,0,1,true,1,train,true
fashionpedia,train2020,5561,a4a9229763c9db220aaa91b3b5bc2e78.jpg,0,1,true,3,train,true
fashionpedia,train2020,5563,56526e99313c9b9a9e57be4254490e93.jpg,0,1,true,3,new_val,false
fashionpedia,train2020,5565,2cff44712fabc05a9a32eec851f98c9e.jpg,0,1,true,2,train,true
fashionpedia,train2020,5566,45863b5fc05c8b453f382897bd260c7b.jpg,0,1,true,3,train,true
fashionpedia,train2020,5568,b96e2ea6ccd21530b14b3468a254fc31.jpg,0,1,true,3,train,true
fashionpedia,train2020,5569,25a4b572b5e53aec8f22d6e21533e71f.jpg,0,1,true,3,train,true
fashionpedia,train2020,5570,bd749781935da08f830498e41192481e.jpg,0,1,true,3,new_val,false
fashionpedia,train2020,5571,2f903217736a6a9a729a98b231338a98.jpg,0,1,true,4,train,true
fashionpedia,train2020,5574,9c908757f3ffc3c7810c37fb0ee81b3e.jpg,0,1,true,2,train,true
fashionpedia,train2020,5578,2f47225f31e41b650ff1ce0c631b2cdf.jpg,0,1,true,1,new_val,false
fashionpedia,train2020,5584,3e751cfa76911032e6af04133b8ef3f2.jpg,0,1,true,4,train,true
fashionpedia,train2020,5586,a0c500c0c29a728f0e018eb182744d6f.jpg,0,1,true,4,train,true
fashionpedia,train2020,5588,ec70b8f01dc840faeaf812054eec2589.jpg,0,1,true,2,new_val,false
fashionpedia,train2020,5591,e6388682b975e9a60bf450e772148e14.jpg,0,1,true,1,train,true
fashionpedia,train2020,5594,c8832df3c3161dce250c893d5c1a3bdf.jpg,0,1,true,2,new_val,false
fashionpedia,train2020,5601,d7dc7a133e71bb663375c38477a00658.jpg,0,1,true,2,train,true
fashionpedia,train2020,5606,33a3c32794aee59e009f3dca6d7a5253.jpg,0,1,true,2,train,true
fashionpedia,train2020,5608,7119c65ac71432660c6ccbe42537c421.jpg,0,1,true,3,new_val,false
fashionpedia,train2020,5609,cdc43ae82dd5ea78a5fa7f0eb1aa2a10.jpg,0,1,true,2,train,true
fashionpedia,train2020,5611,740b9b8c0a5a7a5be71a100e6326a7f4.jpg,0,1,true,1,train,true
fashionpedia,train2020,5613,71f30d9307a57e48828d465fe3bd6c1b.jpg,0,1,true,1,train,true
fashionpedia,train2020,5615,bb6372e9ceb822031317d40219aa59fb.jpg,0,1,true,1,train,true
fashionpedia,train2020,5618,2d46e4fbe7cd55b6b5a0ff5c470ac57e.jpg,0,1,true,4,train,true
fashionpedia,train2020,5624,6cf361b7e3929947d5d1d5a287751562.jpg,0,1,true,2,train,true
fashionpedia,train2020,5625,064ff16445d9f576a4d5486959f7d493.jpg,0,1,true,2,new_val,false
fashionpedia,train2020,5627,3efec64f52c2352e0d7e07bbd43cce03.jpg,0,1,true,2,train,true
fashionpedia,train2020,5628,164d3cbbac9213d77f58755bfa949a7b.jpg,0,1,true,3,new_val,false
fashionpedia,train2020,5640,519950a833a55d2f26e010d46b9d4f49.jpg,0,1,true,1,train,true
fashionpedia,train2020,5648,c02cdbeb24088b44d27e2517f7e6a42d.jpg,0,1,true,1,train,true
fashionpedia,train2020,5654,6d940f40d3fdaca532db684e53e87f7c.jpg,0,1,true,1,train,true
fashionpedia,train2020,5658,0bace639370e4076e124767c98987dae.jpg,0,1,true,2,train,true
fashionpedia,train2020,5661,83ea1a83a344eda8bfb79c9c082bc2d3.jpg,0,1,true,1,train,true
fashionpedia,train2020,5675,628a597f6fe5959fe8833989c97cb473.jpg,0,1,true,2,train,true
fashionpedia,train2020,5683,23fd781db4e6108f54d8594720f39f88.jpg,0,1,true,1,new_val,false
fashionpedia,train2020,5684,a6dfad9c84db142e57fa3f86057e7e5f.jpg,0,1,true,2,train,true
fashionpedia,train2020,5688,4292b48c1720153f1c620707e3eb1bc3.jpg,0,1,true,2,train,true
fashionpedia,train2020,5689,8c3c30f3ea47e89f525858231394a6f0.jpg,0,1,true,2,train,true
fashionpedia,train2020,5691,d8cb67e2df5e0a1c8aab8574ad681aac.jpg,0,1,true,1,train,true
fashionpedia,train2020,5694,78bcd380cf829647a2eebff8c6688477.jpg,0,1,true,1,train,true
fashionpedia,train2020,5698,edd4187d7476277fb1d1a91251da4ef0.jpg,0,1,true,2,train,true
fashionpedia,train2020,5701,10fa2a2f897bab3e3d46a10759a1d5d7.jpg,0,1,true,1,train,true
fashionpedia,train2020,5702,7fa8f1c65470d7c48c03b9d6fa537764.jpg,0,1,true,2,train,true
fashionpedia,train2020,5704,7e99f4f1ac8da41d888745a6329532c7.jpg,0,1,true,3,train,true
fashionpedia,train2020,5706,7719688c6fbe0a5b9a37562fab2c54c7.jpg,0,1,true,3,train,true
fashionpedia,train2020,5711,a6d2ae595acb1b72bc23792234d8a2ff.jpg,0,1,true,2,train,true
fashionpedia,train2020,5714,b35e3e9428729a5be579065369e4ad1b.jpg,0,1,true,2,new_val,false
fashionpedia,train2020,5716,f0445c4671cbf87f6be472f5102475c2.jpg,0,1,true,2,train,true
fashionpedia,train2020,5717,c8acd5317a3eece9906b5a72991b4e4b.jpg,0,1,true,3,new_val,false
fashionpedia,train2020,5720,5667fbcce33a8d24e2d05747d87606d6.jpg,0,1,true,3,train,true
fashionpedia,train2020,5721,b575250136d045680e61821d8b7a07a7.jpg,0,1,true,1,train,true
fashionpedia,train2020,5722,493f0a5f4e4ed5bdce05aae433c43522.jpg,0,1,true,2,train,true
fashionpedia,train2020,5723,7178d8d4663dcb0a0888de41949ba84c.jpg,0,1,true,2,new_val,false
fashionpedia,train2020,5724,7b0020ff8c15d93985f3931e3e43a860.jpg,0,1,true,1,train,true
fashionpedia,train2020,5728,ffc20018d3b87df69ae61f1c38a1257a.jpg,0,1,true,2,train,true
fashionpedia,train2020,5730,a5fbd2e1b0874673ac199259b91969ac.jpg,0,1,true,2,new_val,false
fashionpedia,train2020,5731,cb144e06d7e051a4412e94d34552abf2.jpg,0,1,true,2,train,true
fashionpedia,train2020,5732,44a997ebd590c0974fc36017abac1b06.jpg,0,1,true,2,train,true
fashionpedia,train2020,5737,fc6dc34446a81041ee9cc55338470001.jpg,0,1,true,2,new_val,false
fashionpedia,train2020,5739,0eec10b413180b744d744f9b43c9e227.jpg,0,1,true,1,train,true
fashionpedia,train2020,5740,bdf6bd052631c0e4211bac7c05856387.jpg,0,1,true,1,train,true
fashionpedia,train2020,5742,77c79b420c2e1ffd579eea804f419fe5.jpg,0,1,true,2,train,true
fashionpedia,train2020,5746,5e8834fd00f3765f6343316d8ca8c3ce.jpg,0,1,true,2,train,true
fashionpedia,train2020,5748,9263e1bf61f12e6f67ec4fae035e59b5.jpg,0,1,true,1,new_val,false
fashionpedia,train2020,5750,e2d9265d50c4e48e1ca54607bed9069c.jpg,0,1,true,2,new_val,false
fashionpedia,train2020,5751,e2aa034e4072584171581a92dff1f58d.jpg,0,1,true,1,train,true
fashionpedia,train2020,5752,701b4951efcec523ad05f85586cd19ee.jpg,0,1,true,1,train,true
fashionpedia,train2020,5754,04d5fbf3c109a0e8b78b39beedfee4f2.jpg,0,1,true,2,train,true
fashionpedia,train2020,5757,ab3ca4b68fc74f0bd0f468d83d3f05a3.jpg,0,1,true,2,train,true
fashionpedia,train2020,5762,e8b226c8ec837c9d1c1df0b1abe4abe8.jpg,0,1,true,1,new_val,false
fashionpedia,train2020,5770,261f529b78cb6a6594d6e6ed91506777.jpg,0,1,true,1,train,true
fashionpedia,train2020,5771,1df3533526ace1b77c673d9a47489752.jpg,0,1,true,1,new_val,false
fashionpedia,train2020,5774,cdf41e8d0d195fa63eb6ad30a61e534c.jpg,0,1,true,3,train,true
fashionpedia,train2020,5778,303a80234c13cf3e281d1a14f9fafcdf.jpg,0,1,true,1,train,true
fashionpedia,train2020,5779,f392bf310e3ea1a5870f7e833488fd37.jpg,0,1,true,2,train,true
fashionpedia,train2020,5782,8f03b6819262c1aae7b167391ab2cc6b.jpg,0,1,true,3,train,true
fashionpedia,train2020,5783,1a4a525e7a43c98c28f58825ae132214.jpg,0,1,true,4,train,true
fashionpedia,train2020,5784,51a0b9e218612af5a1811feece28eed4.jpg,0,1,true,1,train,true
fashionpedia,train2020,5787,92097803af890f637b6212b6a45ba567.jpg,0,1,true,6,new_val,false
fashionpedia,train2020,5794,3cb8ec9dd297a704569a6a04c9b8ea04.jpg,0,1,true,3,train,true
fashionpedia,train2020,5801,3d75adc500761bf7ee7147c6640610f8.jpg,0,1,true,1,train,true
fashionpedia,train2020,5804,5fa5bb97edafefbd86b207a0beaa2476.jpg,0,1,true,3,train,true
fashionpedia,train2020,5809,475fabccd6310439ddfd560fcac6bacb.jpg,0,1,true,2,train,true
fashionpedia,train2020,5811,9e2ca779946688fa1e8a3413af8b9ddf.jpg,0,1,true,1,train,true
fashionpedia,train2020,5816,4c800b8b01965e6e11307fcca617d5ce.jpg,0,1,true,3,train,true
fashionpedia,train2020,5819,ae6be756b723e05ddae92861144ab37a.jpg,0,1,true,1,train,true
fashionpedia,train2020,5821,c9aa6112b57aaaa4dc78e30fd822c877.jpg,0,1,true,2,train,true
fashionpedia,train2020,5828,d603872ea41e47ce414eb6b1bd6d1428.jpg,0,1,true,2,train,true
fashionpedia,train2020,5830,ac2e46a375fa1e6f5f7b0e31fc18444a.jpg,0,1,true,4,train,true
fashionpedia,train2020,5831,6e03e2ed546dc95ce224c9a2d7770e60.jpg,0,1,true,2,train,true
fashionpedia,train2020,5834,5cc63615bf32839aa8e2cd7caa1d2258.jpg,0,1,true,2,train,true
fashionpedia,train2020,5835,3262f255369bf9c59ab0d130e97243f7.jpg,0,1,true,2,train,true
fashionpedia,train2020,5839,ac22524cee2069a528881efcb8cfe8bc.jpg,0,1,true,3,train,true
fashionpedia,train2020,5847,6e2b0e60dbdc5bb3d1aa8e3d237443c6.jpg,0,1,true,1,train,true
fashionpedia,train2020,5850,eb3a11ade7d7bb017f5eda06c365aa02.jpg,0,1,true,1,train,true
fashionpedia,train2020,5852,5a6604565a75d0227fb5cffd3f3125e8.jpg,0,1,true,1,new_val,false
fashionpedia,train2020,5853,df121f7ffb8958d82e0a6ca178e673be.jpg,0,1,true,2,new_val,false
fashionpedia,train2020,5860,2a8b34d490011c75f061168043af3595.jpg,0,1,true,2,train,true
fashionpedia,train2020,5869,934c2e14220bddd6023dc4c944f36ecc.jpg,0,1,true,1,train,true
fashionpedia,train2020,5870,a02e0e0aef629e4bcc6a8a5dd31b4b29.jpg,0,1,true,3,train,true
fashionpedia,train2020,5872,1426c261dfaf263bfb133a3a372bf0c9.jpg,0,1,true,3,train,true
fashionpedia,train2020,5878,649436b06b095701c581c509aaac6b79.jpg,0,1,true,1,train,true
fashionpedia,train2020,5879,0fd0bf71071291fae6b866f255d4447a.jpg,0,1,true,2,train,true
fashionpedia,train2020,5887,bb0ef8657255ea6eb9a3852780b23238.jpg,0,1,true,2,train,true
fashionpedia,train2020,5888,0c497388159dc068148da71afeaead20.jpg,0,1,true,1,train,true
fashionpedia,train2020,5889,69ac3d6bd79342fcfa7cccce0d3e42f1.jpg,0,1,true,2,train,true
fashionpedia,train2020,5894,21b08b79483bf02e90c7682ae4f6e0ee.jpg,0,1,true,1,train,true
fashionpedia,train2020,5903,710a857fc5655a1575d1fde25cf37a72.jpg,0,1,true,3,train,true
fashionpedia,train2020,5904,62d51e5b67796cc8c665f084f25b7bcd.jpg,0,1,true,1,train,true
fashionpedia,train2020,5908,2c3b9a183d82d171d093e762bac47a1f.jpg,0,1,true,2,new_val,false
fashionpedia,train2020,5909,2f59f9d4b1ac53b60a6a7d36b8ee2d49.jpg,0,1,true,2,new_val,false
fashionpedia,train2020,5911,7017027282c396ccd400b083652fb9d2.jpg,0,1,true,1,new_val,false
fashionpedia,train2020,5915,01518d1f00ab702346c23a493dc45ef4.jpg,0,1,true,1,train,true
fashionpedia,train2020,5916,0e6d4dc9e9ddf120314518718bff0876.jpg,0,1,true,1,train,true
fashionpedia,train2020,5917,d5e63e3e510ec6d35bf2a5f9f2444147.jpg,0,1,true,2,train,true
fashionpedia,train2020,5919,534a20558c67f8ac9dd3d4cccdfaa9bd.jpg,0,1,true,2,train,true
fashionpedia,train2020,5920,92ff2b331756e3234f5469cf0318dfc4.jpg,0,1,true,1,train,true
fashionpedia,train2020,5923,036bd49777800d964da64a10bd724efa.jpg,0,1,true,1,new_val,false
fashionpedia,train2020,5925,15e0cc431d37fadd70ec08a6cdb882bf.jpg,0,1,true,2,train,true
fashionpedia,train2020,5931,e36e7d85f29b2a6425b2d2c444c1ca9f.jpg,0,1,true,2,new_val,false
fashionpedia,train2020,5933,169e1caf6f1b3b74accd02c75f8581a9.jpg,0,1,true,1,train,true
fashionpedia,train2020,5935,130c33a080eb17d981d6f4743d0659cd.jpg,0,1,true,1,train,true
fashionpedia,train2020,5937,aa76ca9649478a2f7842f276a7893190.jpg,0,1,true,1,train,true
fashionpedia,train2020,5938,a27008d46653726f57810ad8f1d32e24.jpg,0,1,true,2,train,true
fashionpedia,train2020,5939,a9580584ec697b54478a184a5570cb60.jpg,0,1,true,1,train,true
fashionpedia,train2020,5941,d333b9b2b6ad7e23d314c8811f8d1f87.jpg,0,1,true,1,new_val,false
fashionpedia,train2020,5943,8ef60cbedb83f5aaf96493d35746e917.jpg,0,1,true,2,new_val,false
fashionpedia,train2020,5944,420937953f52e974909c32a3beddb1d4.jpg,0,1,true,1,train,true
fashionpedia,train2020,5948,b8b61026a8bf9f283c5319ae2dfbc887.jpg,0,1,true,1,new_val,false
fashionpedia,train2020,5949,3d219a5771a20103f08474e390e9ad36.jpg,0,1,true,1,train,true
fashionpedia,train2020,5950,533e22ea3bd50a7bffe3ab3757506fc9.jpg,0,1,true,2,train,true
fashionpedia,train2020,5953,ef2fccc53f9493caf014d5fed597b935.jpg,0,1,true,2,new_val,false
fashionpedia,train2020,5955,bbd891063bf9f98b50e648490113a0ae.jpg,0,1,true,1,train,true
fashionpedia,train2020,5958,cf561a4c86b8311842662874702cc987.jpg,0,1,true,2,train,true
fashionpedia,train2020,5961,0cd01c2aae984789ca4d5efb28a30a4c.jpg,0,1,true,4,train,true
fashionpedia,train2020,5962,c74f920ec6469f96d17917de4ca14347.jpg,0,1,true,3,train,true
fashionpedia,train2020,5965,826d9b3438fefe09c958547ac91054e8.jpg,0,1,true,3,train,true
fashionpedia,train2020,5971,44ef8483afb1fe9020f4d3a34c7ad55b.jpg,0,1,true,2,train,true
fashionpedia,train2020,5978,c3c1c398344468d42f074cb0f2912571.jpg,0,1,true,1,train,true
fashionpedia,train2020,5982,41bba3b77ee79269adbf38e0f9862536.jpg,0,1,true,3,train,true
fashionpedia,train2020,5984,22146be1b126006de0770f66e8161c36.jpg,0,1,true,1,train,true
fashionpedia,train2020,5986,7947723b3105d28f75187fd01375a118.jpg,0,1,true,1,train,true
fashionpedia,train2020,5987,c9b62e45ab5bb619cb4cb39bedc015b9.jpg,0,1,true,1,train,true
fashionpedia,train2020,5991,ef83ff9d154bbdcfad5ce0f2180047b4.jpg,0,1,true,2,new_val,false
fashionpedia,train2020,5993,a5d686bb768bd3aedd456a501d2520b0.jpg,0,1,true,2,train,true
fashionpedia,train2020,5994,975941efd80ffa3393fb1ab79afb2d3d.jpg,0,1,true,2,train,true
fashionpedia,train2020,5996,43aa3a2b3b8db967c4f474baea38691a.jpg,0,1,true,3,train,true
fashionpedia,train2020,5998,2baabc2ba360139e1f02673e8c1c8ab5.jpg,0,1,true,1,train,true
fashionpedia,train2020,5999,ed0a7d024201876c67e54be4fffa2297.jpg,0,1,true,3,train,true
fashionpedia,train2020,6011,d9affe4b3282ff6ef48f1a4f3f4bb8f8.jpg,0,1,true,3,train,true
fashionpedia,train2020,6012,7d4220731cfda4177052a6b5038f79bd.jpg,0,1,true,4,train,true
fashionpedia,train2020,6018,66c1702e288c98340a6076759b000b04.jpg,0,1,true,1,train,true
fashionpedia,train2020,6019,ca68cde200813d870597e1c7e58a3e2e.jpg,0,1,true,2,new_val,false
fashionpedia,train2020,6023,075d5650f908f2028200700bc6699f29.jpg,0,1,true,2,train,true
fashionpedia,train2020,6024,feb2e70ea41a86df9c9984df1aff49d1.jpg,0,1,true,2,train,true
fashionpedia,train2020,6025,d8eb776ed18b0a02af1e80f826697a52.jpg,0,1,true,4,new_val,false
fashionpedia,train2020,6026,b6cb588d7fceec2ac50524a9308ebc51.jpg,0,1,true,3,train,true
fashionpedia,train2020,6028,18eb008a4f10863247469fee8decb8f6.jpg,0,1,true,2,train,true
fashionpedia,train2020,6029,de38ab7209ebfd26419c112b8b2ef203.jpg,0,1,true,2,new_val,false
fashionpedia,train2020,6030,5c58cc06501f4404add10c7f37b242ac.jpg,0,1,true,2,train,true
fashionpedia,train2020,6037,860c5db48961789a716e4ed1b59ab0f7.jpg,0,1,true,2,train,true
fashionpedia,train2020,6039,a7ecdbbff76f094254758e3af2c21e67.jpg,0,1,true,3,train,true
fashionpedia,train2020,6041,bb1842233639ab519bc8108e771ae857.jpg,0,1,true,2,new_val,false
fashionpedia,train2020,6042,3ce2bdb4b2e6ceb12a8708374d381440.jpg,0,1,true,1,new_val,false
fashionpedia,train2020,6043,7090a99b908e9e5052e0d6a3b27d1128.jpg,0,1,true,3,train,true
fashionpedia,train2020,6044,24c1e5e9bfdfa5b40f7c71f8e9a25248.jpg,0,1,true,3,train,true
fashionpedia,train2020,6045,6d12f4844c9ff61d161dc24e3d027dcf.jpg,0,1,true,2,train,true
fashionpedia,train2020,6047,2c85a96242a9c1e07e840cdb18db58f0.jpg,0,1,true,1,new_val,false
fashionpedia,train2020,6048,1d5806a1a95c65d01633b0972a8e3b8a.jpg,0,1,true,5,train,true
fashionpedia,train2020,6050,c1e8f3942b2e2af7f7112c38c32ef4b3.jpg,0,1,true,2,train,true
fashionpedia,train2020,6056,cef9b6bd333e3c635531e62a5ac33c84.jpg,0,1,true,2,train,true
fashionpedia,train2020,6057,b24a5f11e01f6c693fda2ae0c7e4b8b6.jpg,0,1,true,4,train,true
fashionpedia,train2020,6060,3ea437addd5e9d3e8c50a8ea2896c414.jpg,0,1,true,2,new_val,false
fashionpedia,train2020,6063,38b24922fb6a49f9e9b374fe5488c885.jpg,0,1,true,2,new_val,false
fashionpedia,train2020,6065,43538f703acb528b59eb701c6e21bc3d.jpg,0,1,true,3,train,true
fashionpedia,train2020,6066,de9687489ec85b716683a382c8d71247.jpg,0,1,true,1,train,true
fashionpedia,train2020,6069,7ef22888ac1df0432af185e50a68f5d8.jpg,0,1,true,2,train,true
fashionpedia,train2020,6070,d5080190f8fa6c9eddac95606373f7f8.jpg,0,1,true,2,train,true
fashionpedia,train2020,6071,b7e3e82b521312fba726495962844191.jpg,0,1,true,1,train,true
fashionpedia,train2020,6072,ccc30ec3db96e6f81a4a1e3fd251973e.jpg,0,1,true,2,train,true
fashionpedia,train2020,6076,046125be8f3ef45ab17bd3de588f2508.jpg,0,1,true,2,train,true
fashionpedia,train2020,6078,7748fa98c787fc9e24c6d220419f348f.jpg,0,1,true,1,train,true
fashionpedia,train2020,6085,18431c4c8a3aadba5ceb01c4479d43e9.jpg,0,1,true,2,new_val,false
fashionpedia,train2020,6092,a3598fa7b40356f9af427428e50482e0.jpg,0,1,true,1,train,true
fashionpedia,train2020,6095,4740f59d7c47e2347d81f9b2c3bb9914.jpg,0,1,true,3,new_val,false
fashionpedia,train2020,6096,c607cd4e60d0bfb4bcdc7f5a0cad58f4.jpg,0,1,true,2,train,true
fashionpedia,train2020,6110,4e79d689991ba2c42d2623970f9a84f1.jpg,0,1,true,2,train,true
fashionpedia,train2020,6116,a0b338f38622436e249b687599b96362.jpg,0,1,true,1,train,true
fashionpedia,train2020,6123,d60ade2ce0dc997c6302ea0346e56a37.jpg,0,1,true,2,train,true
fashionpedia,train2020,6124,c54d523e3a9a9a9e11b3f3eca23d3e78.jpg,0,1,true,2,train,true
fashionpedia,train2020,6128,ad6734c6c91f5921049d40fb18d99535.jpg,0,1,true,1,train,true
fashionpedia,train2020,6129,d96c6fbc01d552adf2f05d0d0988632a.jpg,0,1,true,2,train,true
fashionpedia,train2020,6131,9fcfad570aed7cdfe0ea4395721fe559.jpg,0,1,true,1,train,true
fashionpedia,train2020,6134,9682d8aea4522ee0d4a6165b5147af65.jpg,0,1,true,2,train,true
fashionpedia,train2020,6135,aa44ea197382653e78127af7e0d44a21.jpg,0,1,true,2,train,true
fashionpedia,train2020,6138,642bcea27f14adc2b899be312651edb3.jpg,0,1,true,1,train,true
fashionpedia,train2020,6140,ac5089af4644008eb69a46887fb0f8f9.jpg,0,1,true,1,train,true
fashionpedia,train2020,6142,f6300d43a932ecb9b88fc0b20eb09297.jpg,0,1,true,2,train,true
fashionpedia,train2020,6146,4489734185adffbd6cd55b5a326946f5.jpg,0,1,true,2,train,true
fashionpedia,train2020,6148,53164ccaf4b0271b796d1e3e299736fd.jpg,0,1,true,1,train,true
fashionpedia,train2020,6149,b9806020b2a81cbc809d071551d449e2.jpg,0,1,true,2,train,true
fashionpedia,train2020,6152,719713f4208c2bc8c0d90a1da47bf8d4.jpg,0,1,true,2,train,true
fashionpedia,train2020,6153,62fb0624c794fad0b3f1cb60f51337fb.jpg,0,1,true,2,train,true
fashionpedia,train2020,6154,934458c4c410bc7f6b5a200fee2261e2.jpg,0,1,true,2,new_val,false
fashionpedia,train2020,6156,b54246c2b530b4f2d18c8e12e08bf8d0.jpg,0,1,true,2,train,true
fashionpedia,train2020,6159,c0d486cdb68e4b1cfe1d7c97545f5df5.jpg,0,1,true,1,new_val,false
fashionpedia,train2020,6163,c0df5059894e457ce283f2edc792ca5f.jpg,0,1,true,1,train,true
fashionpedia,train2020,6164,ff0a5673ea6b3139e5440728d7be66b4.jpg,0,1,true,3,train,true
fashionpedia,train2020,6170,9dc7af2da53498b6cbcf2fed7318e9e4.jpg,0,1,true,1,train,true
fashionpedia,train2020,6172,db3277f1662e2163237a782703f09d74.jpg,0,1,true,2,train,true
fashionpedia,train2020,6179,1354e6c89c80b11bc2c10b73094ca611.jpg,0,1,true,3,new_val,false
fashionpedia,train2020,6180,6528f905c859be72726ed22babd40a27.jpg,0,1,true,1,train,true
fashionpedia,train2020,6182,6a13916b57ac2c2162161e5122650f24.jpg,0,1,true,2,train,true
fashionpedia,train2020,6185,42804e74a092e256e1e6d3351795a14b.jpg,0,1,true,3,train,true
fashionpedia,train2020,6186,c9176b10b30ffc439434371277f7cf03.jpg,0,1,true,1,new_val,false
fashionpedia,train2020,6187,b6bdac95fcfd5cfcef66483b7455b451.jpg,0,1,true,1,train,true
fashionpedia,train2020,6190,5bdbea89a73a6c8af5bb10221a165669.jpg,0,1,true,2,train,true
fashionpedia,train2020,6191,63710a0a5db929841e2e8269e7f1a2f8.jpg,0,1,true,2,train,true
fashionpedia,train2020,6200,0038d87bdf966bc82cf430f924c1d8c6.jpg,0,1,true,1,train,true
fashionpedia,train2020,6204,99d0faadf168f1e86b4f604b40ae6029.jpg,0,1,true,2,train,true
fashionpedia,train2020,6205,6070001c7a86c49e1a6082b98a0c0c53.jpg,0,1,true,3,train,true
fashionpedia,train2020,6208,ebcaf3795d8cce52de37a3160d01d7e4.jpg,0,1,true,2,train,true
fashionpedia,train2020,6211,9ee85842e352aee182eb312b540296f2.jpg,0,1,true,1,train,true
fashionpedia,train2020,6212,28afc6f3cae60809575ae984ea796ac6.jpg,0,1,true,1,train,true
fashionpedia,train2020,6217,0aea0a99a07f4d809a8369562f1d95e7.jpg,0,1,true,3,train,true
fashionpedia,train2020,6221,6c8253008245c5b82a65f6a98d309620.jpg,0,1,true,3,new_val,false
fashionpedia,train2020,6225,266a96e36940051c51906b360c775a59.jpg,0,1,true,3,train,true
fashionpedia,train2020,6231,36356408d142ed681f9fb7aca6a48732.jpg,0,1,true,2,train,true
fashionpedia,train2020,6233,45c763893e115f3d0cdb4732bdb36e2f.jpg,0,1,true,3,train,true
fashionpedia,train2020,6235,a51e618cdfc09f9783f6410e1cca449a.jpg,0,1,true,2,train,true
fashionpedia,train2020,6238,093de760b2d2b2c196493fd704b06baf.jpg,0,1,true,1,new_val,false
fashionpedia,train2020,6241,1846fdd7359545cc53b8ef65a376ff28.jpg,0,1,true,1,train,true
fashionpedia,train2020,6242,768018c65d0f882c3105c39a5b13afc0.jpg,0,1,true,2,train,true
fashionpedia,train2020,6247,c629ff9abaf307a006ab7e50db9436bf.jpg,0,1,true,4,train,true
fashionpedia,train2020,6248,ca40c988c4421614eaa8c5adee6f5233.jpg,0,1,true,1,train,true
fashionpedia,train2020,6249,dc22a5c91c8ce1b96d99e79c8b2dc445.jpg,0,1,true,2,train,true
fashionpedia,train2020,6254,4b0e5138fdc1e5a2e55a31e22e12dd0a.jpg,0,1,true,3,train,true
fashionpedia,train2020,6255,0a9b88113b683e40289f169b62a931d2.jpg,0,1,true,1,train,true
fashionpedia,train2020,6257,79ff29946224299c51033f8dcf94cec1.jpg,0,1,true,1,train,true
fashionpedia,train2020,6258,24902514d047d27352ec512e4e21a844.jpg,0,1,true,1,train,true
fashionpedia,train2020,6259,5daad399ce7f6b8280a58f25054bba06.jpg,0,1,true,2,train,true
fashionpedia,train2020,6260,e0f60a59c3913afb6f716916b339b7e7.jpg,0,1,true,4,new_val,false
fashionpedia,train2020,6265,467799bc064af39a9814d95869ed8521.jpg,0,1,true,3,train,true
fashionpedia,train2020,6266,4ee55560326acdf214c702d1e338bf8b.jpg,0,1,true,2,train,true
fashionpedia,train2020,6269,f96d6bd93e24adf3e820fee28a13d600.jpg,0,1,true,3,train,true
fashionpedia,train2020,6272,f73d54fbc3071dd0d207fd1053e681f3.jpg,0,1,true,2,train,true
fashionpedia,train2020,6273,2fc352c1b55e03d49b2a3fc59a0b5de9.jpg,0,1,true,1,new_val,false
fashionpedia,train2020,6279,592cf0e88fdbee3d94d76d289b1bc4fa.jpg,0,1,true,2,train,true
fashionpedia,train2020,6280,4ec5fb7acdf88ec604c212cfd6e65c15.jpg,0,1,true,3,train,true
fashionpedia,train2020,6281,6e0b1a135628ae4a2db8bd35761a0e14.jpg,0,1,true,2,train,true
fashionpedia,train2020,6282,c477e419880856d910787c49bf4040eb.jpg,0,1,true,1,train,true
fashionpedia,train2020,6283,6bddf4d12de42a564435ba3192bb41f0.jpg,0,1,true,1,train,true
fashionpedia,train2020,6287,04d9abafcb61b8c605df8650a135ef40.jpg,0,1,true,1,train,true
fashionpedia,train2020,6292,822c83942a1901ad88d7a105ea5785e4.jpg,0,1,true,2,new_val,false
fashionpedia,train2020,6293,9ffa5c78d20c47a71c71d681471e524b.jpg,0,1,true,1,train,true
fashionpedia,train2020,6294,4cdb0bf0d4721b01407b2ff19d7758c6.jpg,0,1,true,1,train,true
fashionpedia,train2020,6297,9d3e2f077dbb46f81a178a2872a6464f.jpg,0,1,true,4,train,true
fashionpedia,train2020,6299,55810dda4caa215fd21e4bb275a46ccd.jpg,0,1,true,2,train,true
fashionpedia,train2020,6301,78c00a15d510fac70994cc6da091084b.jpg,0,1,true,3,train,true
fashionpedia,train2020,6305,bdf104390ebcbd0814ece94488959223.jpg,0,1,true,2,train,true
fashionpedia,train2020,6306,8d6a89431fc77f62f179ec16838f1004.jpg,0,1,true,2,train,true
fashionpedia,train2020,6308,6f70d14474a43d0def0e4d5190c91025.jpg,0,1,true,2,train,true
fashionpedia,train2020,6310,730be4159db08e7beae9ddece2bc8078.jpg,0,1,true,3,new_val,false
fashionpedia,train2020,6313,72eb70d17704ec86f2b11c3bd1d3b821.jpg,0,1,true,1,new_val,false
fashionpedia,train2020,6314,ef518521a4d158513d1776f1a7ce5f8b.jpg,0,1,true,2,train,true
fashionpedia,train2020,6318,85b6fee67d95134232dc42d9533e6c22.jpg,0,1,true,3,new_val,false
fashionpedia,train2020,6319,d6c2778bbb1975656841d015a23c1456.jpg,0,1,true,3,new_val,false
fashionpedia,train2020,6321,ceebfc64a93392893cc454e30346550b.jpg,0,1,true,2,train,true
fashionpedia,train2020,6322,52a1c573a62a6857d5794d99c7cc5cee.jpg,0,1,true,2,train,true
fashionpedia,train2020,6323,96a00e50baee28933a30cad6df2cf35e.jpg,0,1,true,1,new_val,false
fashionpedia,train2020,6324,0612f526e1e64481548861eae2ac385b.jpg,0,1,true,1,train,true
fashionpedia,train2020,6325,c6f0e75ff9099e7cac303c928bd4b074.jpg,0,1,true,1,train,true
fashionpedia,train2020,6327,6a6c9b25aa5327444aa7fde85161216e.jpg,0,1,true,2,train,true
fashionpedia,train2020,6328,2962a3ac95e9d2abc549d66d95953c85.jpg,0,1,true,1,new_val,false
fashionpedia,train2020,6333,a9c2c8e06bc8ce0aa12e6e888e95152f.jpg,0,1,true,2,train,true
fashionpedia,train2020,6334,6d72c5e6bc0b956a5332fead0f01bf46.jpg,0,1,true,1,train,true
fashionpedia,train2020,6336,cbcd08255bbb1077753e8e1df92e56f2.jpg,0,1,true,2,new_val,false
fashionpedia,train2020,6337,4308ffe9b1c38f6db5b1af3b2a17c2d4.jpg,0,1,true,1,train,true
fashionpedia,train2020,6340,7d81628813e32d22c9a47d49decda260.jpg,0,1,true,1,train,true
fashionpedia,train2020,6343,eeb3b2a7fc7dbf06e7aaf63965501a57.jpg,0,1,true,1,new_val,false
fashionpedia,train2020,6345,9f255f3fb8b2b1ede7976b9fd7fa0600.jpg,0,1,true,1,train,true
fashionpedia,train2020,6346,18b3d2f09777a6504e0097911fabb2cb.jpg,0,1,true,2,train,true
fashionpedia,train2020,6347,e58240b0dc6eb8bcbfd2804098c1c4b7.jpg,0,1,true,2,train,true
fashionpedia,train2020,6349,0810ce4324a74182a0b6f733192f8b17.jpg,0,1,true,2,train,true
fashionpedia,train2020,6351,d48c9b521f7f0439456451de93863200.jpg,0,1,true,1,train,true
fashionpedia,train2020,6352,f2048f4e3fdf13a7a4bab6802499a6ab.jpg,0,1,true,2,train,true
fashionpedia,train2020,6353,b820778117bb1beb827d4887cd60de31.jpg,0,1,true,2,train,true
fashionpedia,train2020,6355,faf4d51d41176c91e5e2088d32a50a19.jpg,0,1,true,2,new_val,false
fashionpedia,train2020,6357,457f5d4051e00dc362780b8ddaf5c9d5.jpg,0,1,true,2,train,true
fashionpedia,train2020,6362,17b991b7c07439c97a9b5b2c540f0f15.jpg,0,1,true,1,new_val,false
fashionpedia,train2020,6363,66034b77c7dece6ceef15a65b60311d6.jpg,0,1,true,4,new_val,false
fashionpedia,train2020,6364,a5c28ca1827b16dc00fe182d42b8e180.jpg,0,1,true,2,train,true
fashionpedia,train2020,6366,78b089fbc483bb0d28bd4399b6b050c0.jpg,0,1,true,4,train,true
fashionpedia,train2020,6367,d109f44b08e4360e021c0e2db41692df.jpg,0,1,true,1,train,true
fashionpedia,train2020,6369,aa7fe8f2ff4dd19535e55d71a35c2c9d.jpg,0,1,true,2,train,true
fashionpedia,train2020,6372,955928367b7f9a26e2e6cccd65fcdfbf.jpg,0,1,true,3,new_val,false
fashionpedia,train2020,6373,756656ed3593670ba041fcd27a6c3795.jpg,0,1,true,3,train,true
fashionpedia,train2020,6375,07e5de6b411c13d4b3d45f18cdd8e964.jpg,0,1,true,1,train,true
fashionpedia,train2020,6378,6f7476546f63cdecf12724a66a79f907.jpg,0,1,true,1,train,true
fashionpedia,train2020,6383,2705cf2a30069bac8a950ebfcecdef4f.jpg,0,1,true,1,train,true
fashionpedia,train2020,6386,c37e62d23a646fe363fa4dc9515d353c.jpg,0,1,true,1,train,true
fashionpedia,train2020,6394,1625c50cf289c1c43bf5b12183f15c04.jpg,0,1,true,2,train,true
fashionpedia,train2020,6403,9beda3e254d1ae0187c994bd4844c30f.jpg,0,1,true,2,train,true
fashionpedia,train2020,6405,fb2e7f69b5d887a5c5fd594d7fa3431a.jpg,0,1,true,1,train,true
fashionpedia,train2020,6406,764cfe5170e8647899f34dcce92af99f.jpg,0,1,true,1,train,true
fashionpedia,train2020,6417,956b0ac3da81750f51e60bc6311d3c15.jpg,0,1,true,1,new_val,false
fashionpedia,train2020,6418,3ad5d10ce72e2f215155d2f5699047d5.jpg,0,1,true,4,train,true
fashionpedia,train2020,6420,d60c8d3b82ae41a118c9112fcd14b967.jpg,0,1,true,2,train,true
fashionpedia,train2020,6422,d37d46e5e08273500a733f06c935f4d7.jpg,0,1,true,1,new_val,false
fashionpedia,train2020,6429,e9a00979f33d374b8c156f7a47ad4ca1.jpg,0,1,true,1,new_val,false
fashionpedia,train2020,6433,7ce2c6bd5d72ecdea739a18bdbc6bfc3.jpg,0,1,true,1,train,true
fashionpedia,train2020,6435,6a7913201aa729c30a415e7abf3c8860.jpg,0,1,true,3,new_val,false
fashionpedia,train2020,6438,2bd0f1e7d54efcf220edfb705e4112c6.jpg,0,1,true,3,train,true
fashionpedia,train2020,6442,348249986ebb10a135f3229a701d2334.jpg,0,1,true,1,train,true
fashionpedia,train2020,6449,416ee56214c5b612d501a752183b77f4.jpg,0,1,true,1,train,true
fashionpedia,train2020,6450,9aede8ee71e3314f05b824b8bb71892b.jpg,0,1,true,2,train,true
fashionpedia,train2020,6451,72d5e893e135ab502ff4611cec39eca3.jpg,0,1,true,3,train,true
fashionpedia,train2020,6456,f6ed0faaa9609fd2c594b65f55c4205b.jpg,0,1,true,4,train,true
fashionpedia,train2020,6457,25798800e97c0715d6ad41640f6a2caa.jpg,0,1,true,1,new_val,false
fashionpedia,train2020,6458,4e49f656a51bad4d229868de0365f418.jpg,0,1,true,2,train,true
fashionpedia,train2020,6460,4b2afd63fe6014665560174a4bb10b0e.jpg,0,1,true,3,new_val,false
fashionpedia,train2020,6462,736308e4f4d3bdf92245dd6e1f7091b0.jpg,0,1,true,1,train,true
fashionpedia,train2020,6465,627adf01b1a1df6cff19a55daf615916.jpg,0,1,true,3,new_val,false
fashionpedia,train2020,6467,dfbd03f3b9f17fa256714a3d64fc0126.jpg,0,1,true,3,train,true
fashionpedia,train2020,6471,bd722fc81079dbb8569bb1202e323a97.jpg,0,1,true,2,train,true
fashionpedia,train2020,6472,c0681cf229cfd729dd988c974fe52186.jpg,0,1,true,3,train,true
fashionpedia,train2020,6475,49ea05219843af287f5a02717285f6db.jpg,0,1,true,2,train,true
fashionpedia,train2020,6476,99f86779f1d7ea06a584d7a4f444e66f.jpg,0,1,true,2,train,true
fashionpedia,train2020,6480,09a2b58bd98de358d6e72e31d739750b.jpg,0,1,true,2,train,true
fashionpedia,train2020,6482,18e3c4469bb9963ba84d36e75c553a87.jpg,0,1,true,1,train,true
fashionpedia,train2020,6483,3a4d438d22e5328eb4603599f98632f0.jpg,0,1,true,3,train,true
fashionpedia,train2020,6484,ebdeb064d4b1417f7338a44771e2ad08.jpg,0,1,true,2,train,true
fashionpedia,train2020,6489,4376b58feee2bd8dd8270fc46ee9dd4e.jpg,0,1,true,1,new_val,false
fashionpedia,train2020,6490,e4d80f9dd4625b064bf35af252988933.jpg,0,1,true,1,train,true
fashionpedia,train2020,6494,04e72c8435768799c846167e09e03a54.jpg,0,1,true,4,train,true
fashionpedia,train2020,6498,34b14c32653b99ea0db40ae28a6fba1b.jpg,0,1,true,1,train,true
fashionpedia,train2020,6499,118db7b6baf4e5389320121001e08c7d.jpg,0,1,true,2,train,true
fashionpedia,train2020,6504,13b43cf79c96ae041893229f848e46f0.jpg,0,1,true,3,train,true
fashionpedia,train2020,6508,211af2d6dbee3543366be67910c76f62.jpg,0,1,true,3,train,true
fashionpedia,train2020,6512,3c1863b40b281a1fc723e1e3c4b536b1.jpg,0,1,true,2,train,true
fashionpedia,train2020,6516,fd129b79c9bad1bac0b5c0170d448bfd.jpg,0,1,true,3,train,true
fashionpedia,train2020,6520,89f53a2875464eae3a5ff8535c25ad6e.jpg,0,1,true,2,train,true
fashionpedia,train2020,6522,fb63fd01b85b06e44c4f15afcce511c6.jpg,0,1,true,2,train,true
fashionpedia,train2020,6525,6d12f8a2d99a3c93f49755c1f2a99e44.jpg,0,1,true,3,new_val,false
fashionpedia,train2020,6526,09714b7c7a717a7d507a88e05481f2a1.jpg,0,1,true,3,train,true
fashionpedia,train2020,6533,8d97e356afb7266aab1200192f16c532.jpg,0,1,true,1,new_val,false
fashionpedia,train2020,6534,52e92c0f904e251e1188abab720679f3.jpg,0,1,true,1,train,true
fashionpedia,train2020,6538,c94735bba05865b437c44010deaa22d1.jpg,0,1,true,2,new_val,false
fashionpedia,train2020,6539,10b8918ff6d5e1f6d754ade9b4296ea7.jpg,0,1,true,1,new_val,false
fashionpedia,train2020,6546,e17f7302d5fc13fc360745011378966f.jpg,0,1,true,1,train,true
fashionpedia,train2020,6548,620257530244ccf3d94104570514ddf8.jpg,0,1,true,1,new_val,false
fashionpedia,train2020,6549,d7b051123ac8539ed31af2457316210a.jpg,0,1,true,2,train,true
fashionpedia,train2020,6556,f74624af75bc64caf07adff547e45ccf.jpg,0,1,true,1,train,true
fashionpedia,train2020,6557,5d5771c2a3b63d3afb1693d724623887.jpg,0,1,true,4,train,true
fashionpedia,train2020,6563,e6fcbbc8fda59389c09300401dcca8e3.jpg,0,1,true,2,train,true
fashionpedia,train2020,6566,e2c3ed4255661cbe557220a716dcd6ac.jpg,0,1,true,2,train,true
fashionpedia,train2020,6568,de1526fefd35d1ddd9e3234c893ac7d6.jpg,0,1,true,2,train,true
fashionpedia,train2020,6571,b791e0e78042f967216f671a63c2753f.jpg,0,1,true,3,train,true
fashionpedia,train2020,6575,0cabec0bd42ef13486cc3e3a2630ba48.jpg,0,1,true,3,train,true
fashionpedia,train2020,6576,b2d21696c4b24b0fbbc57ef76a6bf9f5.jpg,0,1,true,1,train,true
fashionpedia,train2020,6581,70815cdcf241b7eaea84479779bdfd13.jpg,0,1,true,3,train,true
fashionpedia,train2020,6586,ff73f17eae6e03385dac85aa2e0ad415.jpg,0,1,true,3,train,true
fashionpedia,train2020,6596,79b71dd0dcbd3433120dc2b18c981133.jpg,0,1,true,1,train,true
fashionpedia,train2020,6601,ca1e5359329fae6e9f82a48b2f9cc51e.jpg,0,1,true,1,train,true
fashionpedia,train2020,6604,c148cb6f63f7ed9ea4c787c7208b0845.jpg,0,1,true,4,train,true
fashionpedia,train2020,6605,b84387d58761abe842fc992c1a1e7cb4.jpg,0,1,true,3,train,true
fashionpedia,train2020,6607,aa1aa44a24d58eb28697a0a6e6f57ada.jpg,0,1,true,3,train,true
fashionpedia,train2020,6608,e73c5ef2a574e4808cddd46ebc8677ba.jpg,0,1,true,1,train,true
fashionpedia,train2020,6609,76a9ebab9885dcd05c02d04b2fa0a0de.jpg,0,1,true,1,train,true
fashionpedia,train2020,6610,a2c399511d90d1b6ee95590d97733296.jpg,0,1,true,3,train,true
fashionpedia,train2020,6614,b2298705557d8ec6e09813a74a4804c6.jpg,0,1,true,2,train,true
fashionpedia,train2020,6619,6f6fdf8adc7696cd5d0b193c22fcf24d.jpg,0,1,true,2,train,true
fashionpedia,train2020,6620,8a50a348059b94cebf60f76659ff573e.jpg,0,1,true,2,train,true
fashionpedia,train2020,6622,82b99bb10dcce363f2b45919fc2ad822.jpg,0,1,true,2,train,true
fashionpedia,train2020,6628,cb6220f38ba08a4dcf51e483c887be6a.jpg,0,1,true,2,train,true
fashionpedia,train2020,6629,7d10f55b39803776354a115a9ee9d1c3.jpg,0,1,true,2,train,true
fashionpedia,train2020,6631,ee097ff2b5c9b416501ecaab7c2cbec8.jpg,0,1,true,3,train,true
fashionpedia,train2020,6632,7d6e96c1ab961c3e44755141fb94ebd9.jpg,0,1,true,1,train,true
fashionpedia,train2020,6635,453962dddda3aba707937775f2ecf8e2.jpg,0,1,true,3,train,true
fashionpedia,train2020,6636,aaa9a9b3b97df4e6f99142292b2c2abe.jpg,0,1,true,2,train,true
fashionpedia,train2020,6639,f22157005b6e96055d440acb439d36f0.jpg,0,1,true,1,train,true
fashionpedia,train2020,6642,0a3ea3a4c016e47cb1fbf08943571ed0.jpg,0,1,true,2,train,true
fashionpedia,train2020,6643,77baf33970aae5940b2157356dee1f5c.jpg,0,1,true,3,new_val,false
fashionpedia,train2020,6644,e13fe54f2dff0c6c4ad9949d4fdb2ddd.jpg,0,1,true,4,train,true
fashionpedia,train2020,6651,595c6a08f120a9de287fbc19aba5150b.jpg,0,1,true,2,train,true
fashionpedia,train2020,6652,eca44b31e2279c8fbb4da4cd85a2773b.jpg,0,1,true,1,train,true
fashionpedia,train2020,6655,8ec4b61563b79699ec866e09de8c7079.jpg,0,1,true,1,train,true
fashionpedia,train2020,6656,30425c1fe301492be720e90d588c5ec6.jpg,0,1,true,1,train,true
fashionpedia,train2020,6657,0f4b45f4a48edfdffadc305bee39c314.jpg,0,1,true,1,train,true
fashionpedia,train2020,6663,4964e87969e67a1b3b21ebbaa8f4b4f7.jpg,0,1,true,3,train,true
fashionpedia,train2020,6665,40d0b21898daaf1c45ddc7eaadc8a8f6.jpg,0,1,true,1,train,true
fashionpedia,train2020,6670,cf310b87bca61574cfc957ee6d567b95.jpg,0,1,true,3,train,true
fashionpedia,train2020,6672,c1607e81d9460666697df737e757df0b.jpg,0,1,true,2,train,true
fashionpedia,train2020,6675,ebf3e64738e17fd1b64075f136c04f32.jpg,0,1,true,2,train,true
fashionpedia,train2020,6679,b25f324b1f3a1c19662d6f452f554658.jpg,0,1,true,3,train,true
fashionpedia,train2020,6680,97cff2d1c3423bc7a254acec15926561.jpg,0,1,true,3,new_val,false
fashionpedia,train2020,6686,53d6d08b367d35179ee29e5011b31fc0.jpg,0,1,true,2,train,true
fashionpedia,train2020,6687,06e1a84cb0664567a3fc5f7633cb85ac.jpg,0,1,true,3,train,true
fashionpedia,train2020,6693,07438e88e828a32d82ae2e92ef099b50.jpg,0,1,true,3,train,true
fashionpedia,train2020,6694,b3dbcda863f9ca63f2154a5f06130212.jpg,0,1,true,1,train,true
fashionpedia,train2020,6695,4dcea3cc102612a9346c939b571ac312.jpg,0,1,true,2,train,true
fashionpedia,train2020,6698,a39d7e8a0ca0f1296a9919181aabead4.jpg,0,1,true,2,train,true
fashionpedia,train2020,6700,a802bf905ec57704c5b7e819dc2196cd.jpg,0,1,true,1,train,true
fashionpedia,train2020,6703,47cc785900adea10d65a76525b9fe3ce.jpg,0,1,true,1,new_val,false
fashionpedia,train2020,6705,feb527d59d79e3b191ea21a06a3a72b3.jpg,0,1,true,3,train,true
fashionpedia,train2020,6706,64998a4a4663c6ff9e4ed95e9ac1e050.jpg,0,1,true,1,train,true
fashionpedia,train2020,6712,e3fb0e629e6fc52ceee49c6d4f7ad306.jpg,0,1,true,1,train,true
fashionpedia,train2020,6713,44bba8bc2fcfadb8fe7ff8f523fa126b.jpg,0,1,true,1,new_val,false
fashionpedia,train2020,6714,3d6e6ae49c1d88ed7b57d206acae66b6.jpg,0,1,true,2,train,true
fashionpedia,train2020,6715,5ff474f8e6ac21936c5da24284e44e47.jpg,0,1,true,2,new_val,false
fashionpedia,train2020,6719,47a6446e03e942a9d0cb4aafc8bb0c34.jpg,0,1,true,2,train,true
fashionpedia,train2020,6721,cde2b083f37248fd926068eb2e240511.jpg,0,1,true,1,train,true
fashionpedia,train2020,6723,f8cd80def13c36419ef36f3355984028.jpg,0,1,true,2,train,true
fashionpedia,train2020,6724,22ac5bbd3cd363904c2f17b92c88167d.jpg,0,1,true,2,train,true
fashionpedia,train2020,6726,ae8c480b2793755bed702a1a83f71922.jpg,0,1,true,1,train,true
fashionpedia,train2020,6728,9489c245976229139c595c1e8d7144b2.jpg,0,1,true,1,train,true
fashionpedia,train2020,6729,86487313d5d20ea11bed53bff398ae1d.jpg,0,1,true,2,train,true
fashionpedia,train2020,6731,66824eda6c72906ecfdec340e23d3710.jpg,0,1,true,3,train,true
fashionpedia,train2020,6732,1f9f470aa31382bec742146c32405e13.jpg,0,1,true,2,new_val,false
fashionpedia,train2020,6734,9c5ca158b2578f717f7be246a5734e4a.jpg,0,1,true,2,train,true
fashionpedia,train2020,6735,9756ac54b757dbadd51e0f3e4d5f824c.jpg,0,1,true,1,train,true
fashionpedia,train2020,6736,85d93924c6bbe83db2befa6d95187454.jpg,0,1,true,1,train,true
fashionpedia,train2020,6737,571cacc53dfb44facf0bd55d3569098f.jpg,0,1,true,3,train,true
fashionpedia,train2020,6745,ad825fbe969790b4ed4b8c7a03f7bd1d.jpg,0,1,true,2,train,true
fashionpedia,train2020,6749,379c142f0c399e7ec816210dc04d52f2.jpg,0,1,true,3,train,true
fashionpedia,train2020,6753,dcc22e58dadfbeb19b02d34c76139ce5.jpg,0,1,true,2,train,true
fashionpedia,train2020,6754,6d34ddf5ade425e599def1b272a76782.jpg,0,1,true,3,train,true
fashionpedia,train2020,6757,bdff74cea3005c9ac1d06ba7a68611e5.jpg,0,1,true,3,train,true
fashionpedia,train2020,6759,472181b25c528693b2b3d8f3f0650ea3.jpg,0,1,true,1,train,true
fashionpedia,train2020,6763,c67ec9b7484d52682c10f58c8b7f59df.jpg,0,1,true,2,train,true
fashionpedia,train2020,6764,268182362fed66895febb978418b8718.jpg,0,1,true,1,train,true
fashionpedia,train2020,6768,9ed9bb13d45a41e54207e4af1b000f37.jpg,0,1,true,1,train,true
fashionpedia,train2020,6770,96ec337bad6625cb4513859570400db0.jpg,0,1,true,3,train,true
fashionpedia,train2020,6772,e554988110f3fc3612a5ca8d74de9f58.jpg,0,1,true,1,new_val,false
fashionpedia,train2020,6773,d083f701ef623b3b74fc6d2df61b75a3.jpg,0,1,true,2,new_val,false
fashionpedia,train2020,6780,3a256a238d61c768366934840b56bda7.jpg,0,1,true,4,train,true
fashionpedia,train2020,6781,9e89decf5fa678acdc79e41b646ad366.jpg,0,1,true,3,train,true
fashionpedia,train2020,6782,6ed982e232bee774876f21f2a259928d.jpg,0,1,true,4,train,true
fashionpedia,train2020,6787,083f6e4a4d3349cfa1082c5302a043bc.jpg,0,1,true,1,new_val,false
fashionpedia,train2020,6788,7c821ab75198c9d578a4882d60bfad4b.jpg,0,1,true,1,new_val,false
fashionpedia,train2020,6790,1ad9610e29cbf03c5fd7fa169ea8ecdc.jpg,0,1,true,3,train,true
fashionpedia,train2020,6792,67c57c7ab78093299a24783def3fc0ba.jpg,0,1,true,2,train,true
fashionpedia,train2020,6796,1abcf73071f1abbb1bb91108bd2d1380.jpg,0,1,true,1,new_val,false
fashionpedia,train2020,6797,44c78c986298c11f37a02512fddfe5e2.jpg,0,1,true,1,train,true
fashionpedia,train2020,6799,ce8ee386021842996a0a72323a7a8d6b.jpg,0,1,true,1,train,true
fashionpedia,train2020,6800,8c098d14c04ee74b2629eb1a0376a1c2.jpg,0,1,true,1,train,true
fashionpedia,train2020,6805,34cc770c3e0102175cedbd39fef44f7b.jpg,0,1,true,2,train,true
fashionpedia,train2020,6811,dac7bf24ceb4ac80d906b77cdcb33e04.jpg,1,1,true,3,new_val,false
fashionpedia,train2020,6814,e5bbbadf20072fd33c0dafccb5b7f9fd.jpg,1,1,true,2,train,true
fashionpedia,train2020,6815,08666ce8086483e62470240865273b37.jpg,1,1,true,1,new_val,false
fashionpedia,train2020,6817,3a0b4cd32dfb45c54f4f73aeeedac07d.jpg,1,1,true,2,train,true
fashionpedia,train2020,6819,3b05a89b1f743e411083efe628a2392a.jpg,1,1,true,3,train,true
fashionpedia,train2020,6821,ceef692d9923be2f046784497dffa17e.jpg,1,1,true,1,train,true
fashionpedia,train2020,6825,441944275e75160c1ee25e6e6c8afd7e.jpg,1,1,true,2,train,true
fashionpedia,train2020,6827,5f6c56e6f8971616403c53e685c47367.jpg,1,1,true,2,train,true
fashionpedia,train2020,6835,8de99b00531e61cc3b14b8e1d457c40e.jpg,1,1,true,1,train,true
fashionpedia,train2020,6840,bb4170f485f245230dc7e5150e9a4b64.jpg,1,1,true,1,train,true
fashionpedia,train2020,6842,62c601ddb2352c7404ad3bef74ca6632.jpg,1,1,true,2,new_val,false
fashionpedia,train2020,6844,bdb1364030a78354727294df50a49b15.jpg,1,1,true,1,train,true
fashionpedia,train2020,6845,1f0b0b100763effe9eb310b5c16a6415.jpg,1,1,true,2,new_val,false
fashionpedia,train2020,6847,adc3b46203782192af2dfb8ea205cb24.jpg,1,1,true,2,train,true
fashionpedia,train2020,6852,a2cba0df92c93d38937c0342e13897ed.jpg,1,1,true,1,train,true
fashionpedia,train2020,6853,ad26d815046d419a7da1113334163580.jpg,1,1,true,3,new_val,false
fashionpedia,train2020,6854,aca949bf9a2f6a741b065298f9ad1274.jpg,1,1,true,2,train,true
fashionpedia,train2020,6857,9bfe683cc013acbdc4667e3cba54149c.jpg,1,1,true,1,train,true
fashionpedia,train2020,6859,45883c226e884a2922e437839f973e0f.jpg,1,1,true,2,train,true
fashionpedia,train2020,6860,b08ceda879a666f34ad64ac774d72152.jpg,1,1,true,3,train,true
fashionpedia,train2020,6862,3f55e9430e94cb5e4b7d9ef434b7d41f.jpg,1,1,true,1,new_val,false
fashionpedia,train2020,6863,94f677811510043e08306a2678e773b4.jpg,1,1,true,1,new_val,false
fashionpedia,train2020,6870,c136317e68a7650304172e16dadd29a4.jpg,1,1,true,3,train,true
fashionpedia,train2020,6871,311bf9c202008da361209a239520bf9b.jpg,1,1,true,2,new_val,false
fashionpedia,train2020,6874,67f5288d0687fa58a28dda6328c02fa9.jpg,1,1,true,1,train,true
fashionpedia,train2020,6879,43b88eed4e90e08fe0b05637ebf2a0a3.jpg,1,1,true,3,train,true
fashionpedia,train2020,6880,b7c68fac5d050f38198416cbebddcc15.jpg,1,1,true,2,train,true
fashionpedia,train2020,6889,3e341c9d28bfa864117cc0288942694a.jpg,1,1,true,2,train,true
fashionpedia,train2020,6890,74ddceedd55bf69f7407759b1b6c9fd9.jpg,1,1,true,2,train,true
fashionpedia,train2020,6893,278207f132b8a0bcfae2923dca9f91be.jpg,1,1,true,2,train,true
fashionpedia,train2020,6894,cbca5f81ecf75a3e5953c86b50ee0ae8.jpg,1,1,true,3,train,true
fashionpedia,train2020,6897,6f545a919f4aba2496e8847290b15d49.jpg,1,1,true,2,train,true
fashionpedia,train2020,6898,fb96c942d2042172be30733d7f5bca1a.jpg,1,1,true,1,train,true
fashionpedia,train2020,6899,a65ad7ee014fb2dd7e14462a05b19535.jpg,1,1,true,1,train,true
fashionpedia,train2020,6900,369265098290fafd283faf42da50141c.jpg,1,1,true,2,train,true
fashionpedia,train2020,6902,b482e1d8d0e04102aff7dab7329b3805.jpg,1,1,true,1,train,true
fashionpedia,train2020,6903,ae2640cccad1bbd40c986ae20e53f455.jpg,1,1,true,3,train,true
fashionpedia,train2020,6904,9f654554cd5982b9588e73674487bdb1.jpg,1,1,true,1,new_val,false
fashionpedia,train2020,6912,bb4c5b3f9be7e0436c65e79f69caef85.jpg,1,1,true,2,train,true
fashionpedia,train2020,6923,871809eed78e6a127d300ca9d39fe160.jpg,1,1,true,2,new_val,false
fashionpedia,train2020,6924,dc86daafa9ef319f7712b04391cf3934.jpg,1,1,true,3,new_val,false
fashionpedia,train2020,6925,203385124632e27fbd4469df0e8427fb.jpg,1,1,true,2,train,true
fashionpedia,train2020,6929,8845c695013efe0c21009c59356410b6.jpg,1,1,true,1,train,true
fashionpedia,train2020,6936,613d98267873f55ab2004e8e4012d273.jpg,1,1,true,1,train,true
fashionpedia,train2020,6937,8f14a999fdb4a3e1c0699e8860bc87ea.jpg,1,1,true,2,new_val,false
fashionpedia,train2020,6948,924df09a7e33fd9ee0a3452372148f9a.jpg,1,1,true,1,train,true
fashionpedia,train2020,6950,7e87396d9e19fdd2be2ee0069d2e03f8.jpg,1,1,true,1,train,true
fashionpedia,train2020,6954,45a4e18d1f49e487e9f75a481f3ecdba.jpg,1,1,true,2,train,true
fashionpedia,train2020,6955,abfea48e35ce5462063f74e2aadeda6e.jpg,1,1,true,2,new_val,false
fashionpedia,train2020,6957,088fdaa3ae31e6940507c0ace7caa5c2.jpg,1,1,true,2,train,true
fashionpedia,train2020,6958,703eda6037ad8880e32a72527021f9a3.jpg,1,1,true,3,train,true
fashionpedia,train2020,6963,64d79ba5cf7f6c8fc3d3d258e4759b29.jpg,1,1,true,1,new_val,false
fashionpedia,train2020,6966,1e39110a9777ab84b41cd88dc76ccb71.jpg,1,1,true,2,train,true
fashionpedia,train2020,6967,e1fa6a44313591fd88da6bd27b6b484d.jpg,1,1,true,4,train,true
fashionpedia,train2020,6968,4e2aefdf8d46a508477add6b14abcdb6.jpg,1,1,true,4,train,true
fashionpedia,train2020,6970,18bae6c6ddc49ec34caf1f5661e6bbee.jpg,1,1,true,2,train,true
fashionpedia,train2020,6977,03cf565cf7c9ec746d7b3f76cb2ae0d8.jpg,1,1,true,1,train,true
fashionpedia,train2020,6982,8feded5e9b6b106ac05ff8be5d6695c6.jpg,1,1,true,1,train,true
fashionpedia,train2020,6985,625dc25872bd2370f2404cc357a3cd4e.jpg,1,1,true,1,new_val,false
fashionpedia,train2020,6986,78e6a7c50eb2b8b22e49e572b4d9786b.jpg,1,1,true,2,new_val,false
fashionpedia,train2020,6990,b4c00bf1ca68b234dc62e6ef5003ec4d.jpg,1,1,true,3,new_val,false
fashionpedia,train2020,6994,9a35ebaf662ce82f7903304a3811b12b.jpg,1,1,true,1,train,true
fashionpedia,train2020,6998,05ab6d272287aa77afa4c34fb97966f9.jpg,1,1,true,1,new_val,false
fashionpedia,train2020,7013,b0a1a5a246dee8dad178eab79b5ec77e.jpg,1,1,true,2,train,true
fashionpedia,train2020,7024,bccb5ec7bc0a055881a99fb7d2a9e83d.jpg,1,1,true,3,train,true
fashionpedia,train2020,7027,4b604f29ed79024d50563e91a1e04793.jpg,1,1,true,1,train,true
fashionpedia,train2020,7029,dcb45f3d2079eefc23d57309fb45b4a2.jpg,1,1,true,2,train,true
fashionpedia,train2020,7036,77bea73792997f780d1590e8f531fcd7.jpg,1,1,true,1,train,true
fashionpedia,train2020,7037,400e5d1a7dfaa3834d98bf71c61d0ad6.jpg,1,1,true,2,train,true
fashionpedia,train2020,7039,8b80e344565d7b5fa00a2d7e8ba29c0b.jpg,1,1,true,2,train,true
fashionpedia,train2020,7040,be98f4f8101a6f81b03d0f46c01e02e4.jpg,1,1,true,2,train,true
fashionpedia,train2020,7041,0a63d265cdf839791891024b78d7a5ba.jpg,1,1,true,1,train,true
fashionpedia,train2020,7046,8ab65a3a846da97ede3f0452e54d2eb7.jpg,1,1,true,2,train,true
fashionpedia,train2020,7048,379052a7ab1807431a0b9e609f9e8aed.jpg,1,1,true,1,new_val,false
fashionpedia,train2020,7049,e8bb87362b6c27055d6ceb4c3d68a558.jpg,1,1,true,2,train,true
fashionpedia,train2020,7059,48bc15dbdf085c84d5c47e3fdbdfc32c.jpg,1,1,true,2,train,true
fashionpedia,train2020,7060,9327da1f4de57ddf5a3ed3238f563fbf.jpg,1,1,true,2,train,true
fashionpedia,train2020,7062,79cca08baf66290df0c23b480f09553e.jpg,1,1,true,2,new_val,false
fashionpedia,train2020,7064,3732e286eea8b8034a8ac44b7e582e15.jpg,1,1,true,1,train,true
fashionpedia,train2020,7068,c446a049ddd90cae159ac26efc883a86.jpg,1,1,true,1,train,true
fashionpedia,train2020,7069,e3327a3b462fee3ec1d5ef66583f626b.jpg,1,1,true,1,train,true
fashionpedia,train2020,7073,83303052f53fe3cb01da587c5a1f4887.jpg,1,1,true,4,train,true
fashionpedia,train2020,7074,3e9046b38039f6ae7c1dac7f13635c83.jpg,1,1,true,2,train,true
fashionpedia,train2020,7082,d77f470cff1fc115d3db3912a692bcdd.jpg,1,1,true,1,train,true
fashionpedia,train2020,7085,734dac074f5a858453c5a5b636ea98ab.jpg,1,1,true,1,train,true
fashionpedia,train2020,7088,29319a6d986244ba0969f35c45a3bd5f.jpg,1,1,true,3,train,true
fashionpedia,train2020,7089,da4e674c24d910700aeafbf3691150be.jpg,1,1,true,3,train,true
fashionpedia,train2020,7093,9286399fd0be8a5fc1c23b36961d1ba9.jpg,1,1,true,2,new_val,false
fashionpedia,train2020,7095,fcd44ebc3ac973036340fa7852e93852.jpg,1,1,true,1,train,true
fashionpedia,train2020,7096,ef63ceb7b0929abb24f31dcf3e75e677.jpg,1,1,true,2,new_val,false
fashionpedia,train2020,7103,7a3ab06756dc149ab8a7ca80e8fda56d.jpg,1,1,true,1,train,true
fashionpedia,train2020,7104,c5ea39da2692d4d645946d61fca2563f.jpg,1,1,true,2,new_val,false
fashionpedia,train2020,7108,b9b811beaa58527798fdd63e7e5ef762.jpg,1,1,true,1,train,true
fashionpedia,train2020,7110,619fe5b8aa27cc495eea13c44b0773db.jpg,1,1,true,3,train,true
fashionpedia,train2020,7113,1eb3ed5ea1deb6ec1ab56573373684d1.jpg,1,1,true,1,train,true
fashionpedia,train2020,7117,44c81654ba086eea7fdb675d172b540b.jpg,1,1,true,2,new_val,false
fashionpedia,train2020,7125,b6cccf5a48abeac8eb4595dbe07297bd.jpg,1,1,true,3,new_val,false
fashionpedia,train2020,7128,3fe72a8b1c9006ff0df7992341c07c51.jpg,1,1,true,3,new_val,false
fashionpedia,train2020,7129,fd62a1df14ba2789ec4d6bc284ea2ec3.jpg,1,1,true,3,new_val,false
fashionpedia,train2020,7130,12fa25dc07fde8fb256d3021216f78d4.jpg,1,1,true,3,new_val,false
fashionpedia,train2020,7133,b2faec9af5c0b3d4dc13086568cbb6b3.jpg,1,1,true,2,train,true
fashionpedia,train2020,7141,876f8693ce263a50c6e4c234e903bd2c.jpg,1,1,true,3,train,true
fashionpedia,train2020,7148,52c9bdd6e67adaad20f7cdf8875f551f.jpg,1,1,true,3,train,true
fashionpedia,train2020,7150,8e00908f881178672a0a7f6613786a71.jpg,1,1,true,3,train,true
fashionpedia,train2020,7152,609c2247a74d88c4eb674e58afef118f.jpg,1,1,true,1,train,true
fashionpedia,train2020,7153,75f9886ae87101d346dcd30ad617bfb6.jpg,1,1,true,1,new_val,false
fashionpedia,train2020,7156,4118d61914327257049141f73481b4a5.jpg,1,1,true,3,train,true
fashionpedia,train2020,7159,404b168f59ab330f953f6603d5b5d112.jpg,1,1,true,5,train,true
fashionpedia,train2020,7160,9eab33ecbdb9d46697efdcc83b30219a.jpg,1,1,true,2,train,true
fashionpedia,train2020,7164,f6430ab343c525b6339b631e38af1818.jpg,1,1,true,3,train,true
fashionpedia,train2020,7166,7b7a83afe994258ae1af33f88c74bc18.jpg,1,1,true,2,train,true
fashionpedia,train2020,7167,0e978ef722007bdbc50d07ba3b1975f4.jpg,1,1,true,2,train,true
fashionpedia,train2020,7170,0b44f79e9ef1142a9d643a7d061fcbcb.jpg,1,1,true,1,new_val,false
fashionpedia,train2020,7171,fd2bb3587e951c402a49272824dbb4e2.jpg,1,1,true,3,new_val,false
fashionpedia,train2020,7172,0591284f15a0b5daeb767a7da62ea38f.jpg,1,1,true,2,train,true
fashionpedia,train2020,7174,73c97b119b5bff9cae5c73d080a28162.jpg,1,1,true,2,train,true
fashionpedia,train2020,7176,12f26beaf8d44d0ae49efb50d7b1294d.jpg,1,1,true,1,train,true
fashionpedia,train2020,7177,78979dabfd9dbe21d732629458f72793.jpg,1,1,true,1,train,true
fashionpedia,train2020,7179,6012cb8dc1249e20f1c78953bf53508a.jpg,1,1,true,3,train,true
fashionpedia,train2020,7181,3b2c867dd3233fc525a2bf52f9ed9d17.jpg,1,1,true,2,train,true
fashionpedia,train2020,7188,561f99c7b22091628c38432a00a86806.jpg,1,1,true,2,train,true
fashionpedia,train2020,7189,c7a677ae80e64d97e6b4a14aad3acb30.jpg,1,1,true,2,train,true
fashionpedia,train2020,7202,7ddaedd67c9ab28ce990671983617e6b.jpg,1,1,true,2,train,true
fashionpedia,train2020,7205,4d883206b6e1cc1323142805f6b7de8b.jpg,1,1,true,3,new_val,false
fashionpedia,train2020,7223,db941ca4a0390436b1739ee889a74a51.jpg,1,1,true,3,new_val,false
fashionpedia,train2020,7232,5d99875630c7f9f4b2f98dbc85e553fc.jpg,1,1,true,4,train,true
fashionpedia,train2020,7246,46d8f978af24cc4750f3f243796e1b74.jpg,1,1,true,2,train,true
fashionpedia,train2020,7247,96adccc0cbed6dcd32f3ab2d706eaa8c.jpg,1,1,true,1,train,true
fashionpedia,train2020,7248,76ca61680bab77a0499699e0a0a0d31b.jpg,1,1,true,1,train,true
fashionpedia,train2020,7250,b8060cc4b612d0d2c155508fe9a65c34.jpg,1,1,true,1,train,true
fashionpedia,train2020,7258,6decd4611b35f6fc6e9eca1f4b31b57a.jpg,1,1,true,2,new_val,false
fashionpedia,train2020,7259,7879ba0caa47ba26b7b571a357373629.jpg,1,1,true,1,train,true
fashionpedia,train2020,7262,585ffb80af352b6ca521d81b2b57802b.jpg,1,1,true,2,train,true
fashionpedia,train2020,7263,4f61f45cc8c2bd6f81d0e95dd3c69660.jpg,1,1,true,2,train,true
fashionpedia,train2020,7264,0def0fc3d6bdaf0334a80d19c1ec4a16.jpg,1,1,true,1,train,true
fashionpedia,train2020,7267,bc77127220ace70cfdbb321a86ae9371.jpg,1,1,true,1,new_val,false
fashionpedia,train2020,7268,2bc77490400e0603e2cc2ca2ad4b5471.jpg,1,1,true,1,train,true
fashionpedia,train2020,7277,aab3fe06ed1f47434370180d742df6d3.jpg,1,1,true,3,new_val,false
fashionpedia,train2020,7283,9ae39a6c43115b7d78b3a2da0dd6131a.jpg,1,1,true,1,new_val,false
fashionpedia,train2020,7287,61ae84b9fbc62a5564a0e24480ab2619.jpg,1,1,true,2,train,true
fashionpedia,train2020,7288,3dc87265eb036bab2395df92ef12c020.jpg,1,1,true,4,train,true
fashionpedia,train2020,7289,bc0239392438010fdc78010262f45879.jpg,1,1,true,2,train,true
fashionpedia,train2020,7290,68bbb544ca8ad8995abbfa47dc25b9f5.jpg,1,1,true,1,train,true
fashionpedia,train2020,7292,bcdf5bd9a644543e0cd32c7b89881d3e.jpg,1,1,true,1,train,true
fashionpedia,train2020,7293,b05b12e2b23e7a4488d667482aafadda.jpg,1,1,true,3,train,true
fashionpedia,train2020,7297,ee8186b8a63cb9e58a28d2bc99e8d62b.jpg,1,1,true,3,train,true
fashionpedia,train2020,7303,8fe58aa3fc20efb561c936d53833a593.jpg,1,1,true,1,train,true
fashionpedia,train2020,7304,19fb03be75e4c8605f100203ed880bc0.jpg,1,1,true,1,train,true
fashionpedia,train2020,7306,fef3f30b5332d8bc00978a4c37dfd230.jpg,1,1,true,2,train,true
fashionpedia,train2020,7308,25e9d7fef642bff23f4efc1f1fbfb9f5.jpg,1,1,true,3,train,true
fashionpedia,train2020,7310,446d5c50d1fde2d89d949224fccd1388.jpg,1,1,true,3,train,true
fashionpedia,train2020,7312,4608fab110e5bd741b6e79e0fb50a929.jpg,1,1,true,2,train,true
fashionpedia,train2020,7313,b2acbd2edd5a3a71897357150880db4c.jpg,1,1,true,2,train,true
fashionpedia,train2020,7315,824a1d9c5eb5140b15b52785ca04fcdd.jpg,1,1,true,1,new_val,false
fashionpedia,train2020,7317,addb0e6cf4a8b7310eba0c2339d51cd7.jpg,1,1,true,2,train,true
fashionpedia,train2020,7322,bf45797393bc8f016dee8303bc8c5db0.jpg,1,1,true,1,train,true
fashionpedia,train2020,7325,f1407777c6e9aa86977848c4009dd697.jpg,1,1,true,2,train,true
fashionpedia,train2020,7328,89382f800298aafcbf9becaa1f7bb300.jpg,1,1,true,3,train,true
fashionpedia,train2020,7330,48849834a9fdeeeedcfd278c54000cc3.jpg,1,1,true,2,train,true
fashionpedia,train2020,7335,50ebd21205a8d7ea83cfbad4e20f32ae.jpg,1,1,true,1,train,true
fashionpedia,train2020,7336,27c03617e2ac709744adf789c52e00a6.jpg,1,1,true,1,new_val,false
fashionpedia,train2020,7337,f0c80a1febd6aeb4ed6ccaf3fd82760a.jpg,1,1,true,1,train,true
fashionpedia,train2020,7339,ae81b1f20460316940df3965db53f030.jpg,1,1,true,2,train,true
fashionpedia,train2020,7340,e0415000239598770edf59f84db0bb94.jpg,1,1,true,1,train,true
fashionpedia,train2020,7349,0b8311cc74229f690c3b193972c48a0d.jpg,1,1,true,1,train,true
fashionpedia,train2020,7350,b4cdc3e4d75dc36493bbfbba83cbbc00.jpg,1,1,true,1,new_val,false
fashionpedia,train2020,7351,7cbc8a8ce14a35b9a698c5e2f087ff81.jpg,1,1,true,2,train,true
fashionpedia,train2020,7352,905077fecba9f520cc7d2dde10aeb9dd.jpg,1,1,true,1,new_val,false
fashionpedia,train2020,7353,6801a2e3fd1ac5bcc4156c5bc4ce66af.jpg,1,1,true,1,new_val,false
fashionpedia,train2020,7359,04f0a0fcb4ee1be8969847d1c4f23518.jpg,1,1,true,1,train,true
fashionpedia,train2020,7360,e4b69d1141370c258bc7f26e7a3bedea.jpg,1,1,true,2,train,true
fashionpedia,train2020,7365,7675064bb78a10db65bb16717f2c3fe2.jpg,1,1,true,2,train,true
fashionpedia,train2020,7367,6f2cb5f16ed77f5da20a36a87fa263d1.jpg,1,1,true,3,train,true
fashionpedia,train2020,7371,db6a9e52c98a5e79347e496dd1836423.jpg,1,1,true,2,train,true
fashionpedia,train2020,7374,e63d240834754a5bf0d552d238c61a86.jpg,1,1,true,2,train,true
fashionpedia,train2020,7380,e9288cd4627ac1cc7b2b490f6384f159.jpg,1,1,true,1,train,true
fashionpedia,train2020,7381,4d6c15c4558fcbe8aff23a91e09ddbf1.jpg,1,1,true,1,new_val,false
fashionpedia,train2020,7384,a8ec3edf9a01872147228559e2d5bbcf.jpg,1,1,true,1,new_val,false
fashionpedia,train2020,7387,c4488c5fa3235aad99d7eff98dd1ceff.jpg,1,1,true,1,train,true
fashionpedia,train2020,7395,18d7832c0d90d857c04e3135214cd970.jpg,1,1,true,1,train,true
fashionpedia,train2020,7398,2f05872bbcca56ca87a701ae7de736be.jpg,1,1,true,1,train,true
fashionpedia,train2020,7400,eebd67e28f811ad93ce45d7a22c9a280.jpg,1,1,true,2,train,true
fashionpedia,train2020,7401,a33de5b30495bafbcc8f0b97ad3f71cd.jpg,1,1,true,2,train,true
fashionpedia,train2020,7403,55ac7288bbd1d1157d23cacbfd654291.jpg,1,1,true,1,train,true
fashionpedia,train2020,7404,e20f217e1593520d949636b9f5c04586.jpg,1,1,true,1,train,true
fashionpedia,train2020,7407,4fac5b2aa25436026beae82a828b44ff.jpg,1,1,true,1,train,true
fashionpedia,train2020,7410,c746d88a3ebbfa47a27375a21417dbb6.jpg,1,1,true,2,train,true
fashionpedia,train2020,7412,13d8d439f4d3abce930081e82386f273.jpg,1,1,true,2,train,true
fashionpedia,train2020,7423,c8d31f4571f5fb88bbb18486ee42e4f8.jpg,1,1,true,1,train,true
fashionpedia,train2020,7424,5c5f9c6bc8b09dfd35b862fbbd79c7e0.jpg,1,1,true,1,train,true
fashionpedia,train2020,7425,1cd443db83d0bb98a1f46487c1ab0166.jpg,1,1,true,1,train,true
fashionpedia,train2020,7426,33a8a99c529ecc5864ec06def6f856ba.jpg,1,1,true,1,train,true
fashionpedia,train2020,7428,2b172b495fd6dc53dc5d4682b718937f.jpg,1,1,true,1,train,true
fashionpedia,train2020,7434,719c101e496adf9ebd761f8eb65dbb75.jpg,1,1,true,2,train,true
fashionpedia,train2020,7438,4bc5ec41e6738f5629d7fabd9e2c7b78.jpg,1,1,true,2,train,true
fashionpedia,train2020,7449,d3f5726dbdf091543d0727e66657fe04.jpg,1,1,true,2,train,true
fashionpedia,train2020,7451,cb2f3d6bd8373d387003254fb2aaa480.jpg,1,1,true,1,train,true
fashionpedia,train2020,7455,88aa3cbc1e4b758dfcadc3a8b0480843.jpg,1,1,true,2,train,true
fashionpedia,train2020,7457,5c4e3cc97c411d5a0388c40e792fe643.jpg,1,1,true,2,new_val,false
fashionpedia,train2020,7459,b74077d189b726427d67bd5d4559f0e7.jpg,1,1,true,2,train,true
fashionpedia,train2020,7460,0644c64e0ff320cade0753058f49ba22.jpg,1,1,true,2,train,true
fashionpedia,train2020,7461,a78936e8da22ad46d2969b785515e277.jpg,1,1,true,1,train,true
fashionpedia,train2020,7469,cfaf155cf5e7206b23dec5b2cb9ccbdd.jpg,1,1,true,3,train,true
fashionpedia,train2020,7477,29da1fdd2188636fa6fe5f3b6d328c6b.jpg,1,1,true,2,train,true
fashionpedia,train2020,7479,4a9749fb427ecc451f7cba3992b5d855.jpg,1,1,true,1,train,true
fashionpedia,train2020,7482,6cd8d325466886e631420134107fd182.jpg,1,1,true,2,train,true
fashionpedia,train2020,7486,da520e68c5864d53803f08ba75a5713e.jpg,1,1,true,1,train,true
fashionpedia,train2020,7488,427a35147214d55d6ba61ab6500b77e2.jpg,1,1,true,1,train,true
fashionpedia,train2020,7497,f7114b3f2451d18b583951f501375191.jpg,1,1,true,3,train,true
fashionpedia,train2020,7500,2a6c5d1d4e3c76f9abcd87066074ed5e.jpg,1,1,true,3,train,true
fashionpedia,train2020,7501,1c43610051e1b66a102408aa7520632e.jpg,1,1,true,3,train,true
fashionpedia,train2020,7502,b57f6a4ddbe011f711773b1ad21cb201.jpg,1,1,true,1,train,true
fashionpedia,train2020,7503,6db5e68d6f0f8dee83af08df9b602a7e.jpg,1,1,true,1,train,true
fashionpedia,train2020,7508,116651b182573f2a0335fbeef4b9b141.jpg,1,1,true,2,new_val,false
fashionpedia,train2020,7514,75bf6b5f7c52af80058d3afb862931ff.jpg,1,1,true,2,train,true
fashionpedia,train2020,7517,fbe1490f935d2bf4181c86cd820b8d5f.jpg,1,1,true,1,train,true
fashionpedia,train2020,7520,6ff1c8302f558f7ad4a37310614f9742.jpg,1,1,true,2,train,true
fashionpedia,train2020,7523,1adbd1a24a287cafe2b6125579ceb2df.jpg,1,1,true,1,train,true
fashionpedia,train2020,7524,f7a916d86c50c203b809898c69f3388f.jpg,1,1,true,2,new_val,false
fashionpedia,train2020,7529,506866c1f5d814523e54cbc566661da4.jpg,1,1,true,2,train,true
fashionpedia,train2020,7533,5cd6bfd8f38ae14751cc4ef49cd5510a.jpg,1,1,true,3,train,true
fashionpedia,train2020,7537,c9007f553b7fec4b3bb5a828cc273fe5.jpg,1,1,true,2,train,true
fashionpedia,train2020,7539,4c58cd215ee39540068f89100a89c37d.jpg,1,1,true,1,train,true
fashionpedia,train2020,7543,810be2716d29f68bb412f6b1a48e3809.jpg,1,1,true,2,train,true
fashionpedia,train2020,7547,3493055c38509ec42e6aaf0e83a2328c.jpg,1,1,true,1,new_val,false
fashionpedia,train2020,7550,b9978fc03558db7937c31ec958d8aa4d.jpg,1,1,true,1,train,true
fashionpedia,train2020,7551,12b1c19d46ab5ffc39645a9650370d43.jpg,1,1,true,1,train,true
fashionpedia,train2020,7552,22596e5d671ff97f26fb313f4bb13ce4.jpg,1,1,true,3,train,true
fashionpedia,train2020,7557,115f65d54ec98f69f68596c677b3a0f7.jpg,1,1,true,2,new_val,false
fashionpedia,train2020,7558,80b8655e612afc6527d7f8c4067514a7.jpg,1,1,true,2,train,true
fashionpedia,train2020,7562,50f0848cb4f268fbe52004c9ddb20797.jpg,1,1,true,1,new_val,false
fashionpedia,train2020,7575,2efe795499ba1f3224aa90aca4ec6f9d.jpg,1,1,true,2,train,true
fashionpedia,train2020,7579,7552c3d599c84dd9cc1c7a7b807e9a5a.jpg,1,1,true,1,train,true
fashionpedia,train2020,7583,43caf7593e2799ab75746c12d601f332.jpg,1,1,true,2,train,true
fashionpedia,train2020,7584,41aacb39e1faf0a97661f0e47d55c4bc.jpg,1,1,true,1,train,true
fashionpedia,train2020,7587,b3be8561787a5e5d515833be18fb1304.jpg,1,1,true,2,new_val,false
fashionpedia,train2020,7590,42fda5744403191f49af7fb2225dafb3.jpg,1,1,true,2,train,true
fashionpedia,train2020,7591,b6e001834fb72aea98aa624ad8f3ab30.jpg,1,1,true,1,train,true
fashionpedia,train2020,7593,0dec20dfb97168cb7dcc8297581756be.jpg,1,1,true,4,train,true
fashionpedia,train2020,7594,f7f477cb59ad6dc39673bec9c5c1e997.jpg,1,1,true,1,train,true
fashionpedia,train2020,7597,38ab4bd409d308f4171fa251b899f0dc.jpg,1,1,true,2,new_val,false
fashionpedia,train2020,7598,38b2e7b86af340eacc912b264921358e.jpg,1,1,true,1,train,true
fashionpedia,train2020,7600,3cbd3cad9dfdb064dfb389186842f3b4.jpg,1,1,true,1,train,true
fashionpedia,train2020,7606,4a83747a17f603ecaa90b48db9ea9b17.jpg,1,1,true,2,train,true
fashionpedia,train2020,7608,46d4191c42e8baab8033f2c9c466f234.jpg,1,1,true,2,train,true
fashionpedia,train2020,7609,5574d4b2a657cc3319e5b01adbd2d3e9.jpg,1,1,true,2,new_val,false
fashionpedia,train2020,7610,aeb01f843ae60a360579d59f6bf44fdd.jpg,1,1,true,4,train,true
fashionpedia,train2020,7612,c1b1daf6e3b26dbd13d654245b2c25ce.jpg,1,1,true,2,train,true
fashionpedia,train2020,7613,8122a49c27db7afb115124e5cdf6fb23.jpg,1,1,true,1,new_val,false
fashionpedia,train2020,7616,377df0c7ae99d4292814c21f721c0a01.jpg,1,1,true,3,train,true
fashionpedia,train2020,7619,b32f29444d9fbe8cc45048aca174b687.jpg,1,1,true,1,train,true
fashionpedia,train2020,7628,5521845e7dc17f4eb854c519d6b70b36.jpg,1,1,true,2,train,true
fashionpedia,train2020,7633,08e557164272c24ab490f3d083d86cf9.jpg,1,1,true,2,new_val,false
fashionpedia,train2020,7637,f3a782299db638313bc78a42fe799566.jpg,1,1,true,2,train,true
fashionpedia,train2020,7638,92046a19fd08f8d60d6fe7e5e97ca519.jpg,1,1,true,2,train,true
fashionpedia,train2020,7643,632eafe5ce50c2b8629b51308994c12b.jpg,1,1,true,1,train,true
fashionpedia,train2020,7647,7ac3720c327c9e83a9c36c8df66bb297.jpg,1,1,true,1,train,true
fashionpedia,train2020,7650,91d0498a9750c26e9467c23d868fb839.jpg,1,1,true,3,new_val,false
fashionpedia,train2020,7652,ea5543d79152af9fbcfb384d1d918e64.jpg,1,1,true,1,train,true
fashionpedia,train2020,7653,d606d4c8efe2cc1216e8ea6c8a98ce43.jpg,1,1,true,3,train,true
fashionpedia,train2020,7655,fb7b5fbb37f06c7e2eaab5a14903138b.jpg,1,1,true,1,train,true
fashionpedia,train2020,7657,dfc3aac2398426e240ac64998d100cdf.jpg,1,1,true,2,train,true
fashionpedia,train2020,7658,eb62e31087d230ad10db72ef3b520460.jpg,1,1,true,1,train,true
fashionpedia,train2020,7659,0a333b8f7f931127966e4d3b0a6efb40.jpg,1,1,true,1,train,true
fashionpedia,train2020,7660,dcf26c6b6044ceb59f606e641dd6e2c6.jpg,1,1,true,2,train,true
fashionpedia,train2020,7662,ab02a0a15c69122b6ae5cf2fd4f4edd0.jpg,1,1,true,1,train,true
fashionpedia,train2020,7663,7228918bbc02e74bed638e8cccd0a56d.jpg,1,1,true,2,train,true
fashionpedia,train2020,7666,07800dd3418e1f30fc85af0f515245e8.jpg,1,1,true,2,train,true
fashionpedia,train2020,7667,990f0f5a8dd524c8779ec1aa8747c114.jpg,1,1,true,2,train,true
fashionpedia,train2020,7671,a0f7a23a7d3859373da797d6f424e2b4.jpg,1,1,true,2,new_val,false
fashionpedia,train2020,7674,d589d487bac68227887ee1e2e1da64fc.jpg,1,1,true,2,train,true
fashionpedia,train2020,7680,af74dfc86963900cacba1348844383d4.jpg,1,1,true,1,train,true
fashionpedia,train2020,7684,e0e7d522053a7eff833d4dca0cbe41aa.jpg,1,1,true,2,train,true
fashionpedia,train2020,7687,4aa0625fc0e0354cb5942df004f232eb.jpg,1,1,true,1,train,true
fashionpedia,train2020,7688,2740365100a66b5fb566ebee917cdc0d.jpg,1,1,true,2,new_val,false
fashionpedia,train2020,7689,2042af03a1727115c53536ecae4209a8.jpg,1,1,true,2,train,true
fashionpedia,train2020,7691,dded9a6b4f92855c12c58ab2d189a0b6.jpg,1,1,true,1,new_val,false
fashionpedia,train2020,7692,7de8a2d8fc404a9ffa056c0c770c2526.jpg,1,1,true,3,new_val,false
fashionpedia,train2020,7694,5ff4fe8a47338dcfa41888c5291f0501.jpg,1,1,true,2,train,true
fashionpedia,train2020,7696,dfee4f2995f9c29bab58f8e7a5a7e923.jpg,1,1,true,3,train,true
fashionpedia,train2020,7707,0194f4352a3c08a377a8437fca9d0bb5.jpg,1,1,true,2,train,true
fashionpedia,train2020,7711,fe4f57b1dc8f46cbd79d69ad05652ac8.jpg,1,1,true,1,train,true
fashionpedia,train2020,7717,39c91c5a7c7b4f71f455f484d81d71c6.jpg,1,1,true,3,train,true
fashionpedia,train2020,7718,ff8c8a6b773957fa70ae1b1d40887916.jpg,1,1,true,2,train,true
fashionpedia,train2020,7721,0ccb5f8c2c6d761c272ee45e4e42c3f8.jpg,1,1,true,3,train,true
fashionpedia,train2020,7725,6428927b6444f3ea2918add5a42f296b.jpg,1,1,true,2,train,true
fashionpedia,train2020,7726,64337aa962ffe282cb79be48bf8f30fe.jpg,1,1,true,3,new_val,false
fashionpedia,train2020,7728,629882c3dd8f4c18e408dbc7551ef934.jpg,1,1,true,2,train,true
fashionpedia,train2020,7734,5ab112de953b3afb417623fc1a378ac8.jpg,1,1,true,2,train,true
fashionpedia,train2020,7738,8981b3a45f3c8dedd14e3014ae1ce64b.jpg,1,1,true,1,train,true
fashionpedia,train2020,7742,cc24b68d62327a2f923e55ca5204cbf8.jpg,1,1,true,4,new_val,false
fashionpedia,train2020,7747,1a80e64a8698888de314b055ebc76c0b.jpg,1,1,true,1,train,true
fashionpedia,train2020,7750,6246076876a805d5ca61325925235d95.jpg,1,1,true,4,train,true
fashionpedia,train2020,7752,371b16046ac8dbd947a9c2cced1ae68c.jpg,1,1,true,2,train,true
fashionpedia,train2020,7754,f212428ccf6d94488cb91482747b9a9e.jpg,1,1,true,2,train,true
fashionpedia,train2020,7755,96c1b75368513c4436fffc21d3b9c9ae.jpg,1,1,true,2,new_val,false
fashionpedia,train2020,7758,3a6bc25c6031d4761d6159a26bea560f.jpg,1,1,true,2,new_val,false
fashionpedia,train2020,7765,b34983ec390dbbeb53e0d4b0f467e40d.jpg,1,1,true,3,train,true
fashionpedia,train2020,7767,478e1c6a16018e377a8f5e7d2791a3e5.jpg,1,1,true,5,train,true
fashionpedia,train2020,7773,7ca869554ddcf9bb90e8b1bc1714cd1f.jpg,1,1,true,3,train,true
fashionpedia,train2020,7775,2fe61798150a59af0868d2e941e10635.jpg,1,1,true,2,train,true
fashionpedia,train2020,7779,f8c5808efb569286aec71da8001164e9.jpg,1,1,true,2,train,true
fashionpedia,train2020,7781,fa31b46055418e54ce72eae3fb3a8cb6.jpg,1,1,true,2,train,true
fashionpedia,train2020,7782,fb3bfabdb33a7762456b4dad4ff78747.jpg,1,1,true,2,train,true
fashionpedia,train2020,7790,b851944d5b57efe8507e81443f136d87.jpg,1,1,true,1,train,true
fashionpedia,train2020,7794,dc31918af1d121d750a1c5acc92c6215.jpg,1,1,true,1,train,true
fashionpedia,train2020,7796,a54e0204d34a7b276a36265522be1cea.jpg,1,1,true,3,train,true
fashionpedia,train2020,7797,808bb5ae2cfb2765f5581e50190137f9.jpg,1,1,true,1,train,true
fashionpedia,train2020,7800,e5b39063bf782aad3b15a79d1f2d20c2.jpg,1,1,true,2,train,true
fashionpedia,train2020,7805,1ef70e799ace11eb0f93104826460f11.jpg,1,1,true,2,train,true
fashionpedia,train2020,7816,4e0d2fe2a7ddce5766230c2eadb0c490.jpg,1,1,true,2,train,true
fashionpedia,train2020,7821,9479cf76a55dae97eeb2012af04a3aa2.jpg,1,1,true,3,new_val,false
fashionpedia,train2020,7822,95cd07a4041ca7c345b7f8b18178c8f8.jpg,1,1,true,1,train,true
fashionpedia,train2020,7825,4ee00f949320ac817caff9030f450b91.jpg,1,1,true,2,train,true
fashionpedia,train2020,7828,86c868f29202da879066b1e5deef8a19.jpg,1,1,true,1,train,true
fashionpedia,train2020,7830,c9ac007c19f5d119f055cc17caaa30c9.jpg,1,1,true,2,train,true
fashionpedia,train2020,7831,913b475ee2ad4389ffb312b4f167b50c.jpg,1,1,true,1,new_val,false
fashionpedia,train2020,7839,cbc5c6672c4816ab28fdbd7bb42940e6.jpg,1,1,true,2,new_val,false
fashionpedia,train2020,7842,a0b8b097b635dd19603a5f934eb6659a.jpg,1,1,true,2,train,true
fashionpedia,train2020,7843,68f860969d5639c5df313d845929115b.jpg,1,1,true,3,train,true
fashionpedia,train2020,7845,b15fcfdb8b7262ea4470d042d339f96e.jpg,1,1,true,1,train,true
fashionpedia,train2020,7846,497975da2b37214508e9840a45d326e4.jpg,1,1,true,3,new_val,false
fashionpedia,train2020,7851,00102686c01fa625aba3b2478f48f415.jpg,1,1,true,1,train,true
fashionpedia,train2020,7852,dfac259163714f1e82db567d014d5730.jpg,1,1,true,1,new_val,false
fashionpedia,train2020,7854,1c0b8ab267a92945af5449346e297fb4.jpg,1,1,true,2,train,true
fashionpedia,train2020,7856,3586e21550d7657c04c066aafada185a.jpg,1,1,true,1,train,true
fashionpedia,train2020,7857,523aaa8b3e42b5e69c83bcdf3a6cfd25.jpg,1,1,true,1,train,true
fashionpedia,train2020,7860,3b299d031d75b7534438ce0e6610bdf7.jpg,1,1,true,1,train,true
fashionpedia,train2020,7861,4f6db2d3e2cedf82e527a1dabd0ef679.jpg,1,1,true,2,train,true
fashionpedia,train2020,7863,03d00dabc2c91876852113315b7e349b.jpg,1,1,true,1,new_val,false
fashionpedia,train2020,7866,74f7910626d66e03068922654e30d605.jpg,1,1,true,2,train,true
fashionpedia,train2020,7869,6ae1de87bc538a893c65c3d37401c92a.jpg,1,1,true,1,train,true
fashionpedia,train2020,7871,e0a45945e65b84a3202c8a9680258537.jpg,1,1,true,1,train,true
fashionpedia,train2020,7874,ab850e5b43a079346d03c6661f5c1487.jpg,1,1,true,1,train,true
fashionpedia,train2020,7875,531904d3f9aa9326e9a0d7827d010a51.jpg,1,1,true,3,train,true
fashionpedia,train2020,7882,0acb86058a6ad3d2e08238a24d2e18eb.jpg,1,1,true,2,train,true
fashionpedia,train2020,7883,8f356c846d3460fd78f491c8fa0a18b8.jpg,1,1,true,3,new_val,false
fashionpedia,train2020,7884,5bd7e17aea2f8922dd2d003c84577cab.jpg,1,1,true,1,train,true
fashionpedia,train2020,7887,6ab6f5f2011cbadd719953a8c3dd72af.jpg,1,1,true,3,train,true
fashionpedia,train2020,7889,9edb5baf7e13e9598f3c9409f3dd19b5.jpg,1,1,true,2,train,true
fashionpedia,train2020,7891,10b48206db164b19649c11e80d4d3c34.jpg,1,1,true,1,train,true
fashionpedia,train2020,7896,7c3e6e27f921ca935ca1b694bfee2880.jpg,1,1,true,2,train,true
fashionpedia,train2020,7899,e9d7264c04feab8cd6ce55e88c4d4d81.jpg,1,1,true,2,train,true
fashionpedia,train2020,7906,48c5fb79d331054e06dec3e00f248e41.jpg,1,1,true,1,train,true
fashionpedia,train2020,7911,80f562623bf7bf4230fc71ddf934d4f6.jpg,1,1,true,1,train,true
fashionpedia,train2020,7921,87eb0050031be3aa3ab4a1978a05e841.jpg,1,1,true,3,train,true
fashionpedia,train2020,7932,c00c6f5d6fd890919061327dff18e937.jpg,1,1,true,2,train,true
fashionpedia,train2020,7943,875d8ede5dc6614c21bab984ee40529f.jpg,1,1,true,2,train,true
fashionpedia,train2020,7946,64799431a11278a3eeeaa34807f71683.jpg,1,1,true,2,new_val,false
fashionpedia,train2020,7947,98b3efff970059c0d8ec92530b3e534d.jpg,1,1,true,2,train,true
fashionpedia,train2020,7948,553a51b23cc43464d5cabe9b51b893f6.jpg,1,1,true,2,new_val,false
fashionpedia,train2020,7954,35dd53989f934384e284e9d1c7d75d2f.jpg,1,1,true,2,train,true
fashionpedia,train2020,7956,1dc67f7c2ce84a7ea13cf2e4dbea35c4.jpg,1,1,true,1,train,true
fashionpedia,train2020,7957,77b5df89a526ed4dc55d025dfa217394.jpg,1,1,true,3,new_val,false
fashionpedia,train2020,7963,e1b78e9e00c404618897c75fddebb5b8.jpg,1,1,true,1,new_val,false
fashionpedia,train2020,7968,0eb6deee664450aa59998c2b6aacfebe.jpg,1,1,true,1,train,true
fashionpedia,train2020,7970,373b1606345a24ece0f532d92fb7b5ba.jpg,1,1,true,1,train,true
fashionpedia,train2020,7977,5ea9afdf817ef4ccd8db4f5c784f4018.jpg,1,1,true,1,train,true
fashionpedia,train2020,7978,7cf591d47de27e814f15dbee5bd87f13.jpg,1,1,true,3,train,true
fashionpedia,train2020,7979,77bf4c5ec2e3d6c148e7290f6bfbc070.jpg,1,1,true,1,new_val,false
fashionpedia,train2020,7980,4c7e497f8436652dcd8b01555f0af2b7.jpg,1,1,true,2,train,true
fashionpedia,train2020,7981,f8664a2137497c3ed70d877e3f2ad86b.jpg,1,1,true,2,new_val,false
fashionpedia,train2020,7982,d7fd60a88e10d5ea1549fe9b690dc23e.jpg,1,1,true,3,train,true
fashionpedia,train2020,7984,a01252a8805a15bcca6cfdd40614b71c.jpg,1,1,true,3,train,true
fashionpedia,train2020,7985,3d0e4dab028c9225eea51dea1a7350c0.jpg,1,1,true,1,train,true
fashionpedia,train2020,7987,c51c04d1f14992fe09dfe4c67d6dc075.jpg,1,1,true,3,train,true
fashionpedia,train2020,7989,70b02e6e5f6929694b8d979002e12f13.jpg,1,1,true,1,train,true
fashionpedia,train2020,7996,5b5b6cafff8646f021b4a97a3df59110.jpg,1,1,true,1,train,true
fashionpedia,train2020,8002,54f0b87826d514f9ad949fe8a9b268b1.jpg,1,1,true,3,train,true
fashionpedia,train2020,8003,e3b79827f69106dd20bce3c02d3698ab.jpg,1,1,true,3,train,true
fashionpedia,train2020,8006,64f451f12559659963e7a802322b131b.jpg,1,1,true,3,new_val,false
fashionpedia,train2020,8008,180f7739e037ce4d8bc70219c5cf46f2.jpg,1,1,true,2,new_val,false
fashionpedia,train2020,8013,6961172d2019578310cbec6b25f1da71.jpg,1,1,true,2,train,true
fashionpedia,train2020,8016,8a857987304f1cd1ba2cd3d57120c1fc.jpg,1,1,true,2,train,true
fashionpedia,train2020,8017,3b6d0582d91eb4144f43f0410b16ba18.jpg,1,1,true,1,train,true
fashionpedia,train2020,8021,ecb96a10b5007cac877671cd626e11bc.jpg,1,1,true,1,train,true
fashionpedia,train2020,8026,6971b5f285fa73ca7c3f991dfb922523.jpg,1,1,true,1,train,true
fashionpedia,train2020,8029,9dd2aae9c484bd20d8ab15bd3dab926a.jpg,1,1,true,2,new_val,false
fashionpedia,train2020,8030,b0499b22084e781b5296965a3d1dbd3d.jpg,1,1,true,2,new_val,false
fashionpedia,train2020,8035,e8bcb4a22a5873f84c3a0c0ecf54cfe2.jpg,1,1,true,1,train,true
fashionpedia,train2020,8038,887d34211be2155405ced96645eda91f.jpg,1,1,true,2,new_val,false
fashionpedia,train2020,8041,2a7e465727e16e395d8e1803461f2b8e.jpg,1,1,true,2,new_val,false
fashionpedia,train2020,8046,4c6fd92f96a670835b1a59e7f744f6af.jpg,1,1,true,2,train,true
fashionpedia,train2020,8050,7fb488f9c5ab62fc486ac4f2df1215cf.jpg,1,1,true,3,train,true
fashionpedia,train2020,8051,10897bccc9bf53012874b6c362d3e193.jpg,1,1,true,2,train,true
fashionpedia,train2020,8053,b9c5263c58995e7fd1b35d53659bbe60.jpg,1,1,true,2,train,true
fashionpedia,train2020,8055,cbfd91ede4b7af2fcaf2627feca1f549.jpg,1,1,true,2,train,true
fashionpedia,train2020,8064,437890e530adff3c3ddc0f4d4f4f5c49.jpg,1,1,true,1,train,true
fashionpedia,train2020,8068,c2e6ed9e8dcbe1be1d30cc59af67e435.jpg,1,1,true,2,train,true
fashionpedia,train2020,8069,0a95beb0451c6a251e1498c73209c44d.jpg,1,1,true,1,train,true
fashionpedia,train2020,8071,6f808be07ddff7e5a09901a5b3464c72.jpg,1,1,true,1,train,true
fashionpedia,train2020,8076,e8cee03e91799ef2935d4ad9ff1bbd8e.jpg,1,1,true,2,train,true
fashionpedia,train2020,8077,fd88cd62ec84cf975adbc84182f63ed7.jpg,1,1,true,2,train,true
fashionpedia,train2020,8080,b0fcc2d5303ba8f66d0c05bdc5bae3ac.jpg,1,1,true,1,train,true
fashionpedia,train2020,8082,0ac6d13ca245107c4d1b17904130c338.jpg,1,1,true,2,train,true
fashionpedia,train2020,8084,7a4e4283601b6ab483c41a34c363350b.jpg,1,1,true,1,train,true
fashionpedia,train2020,8085,9f153a8fb4f8d3c1f230034c9c1b23e7.jpg,1,1,true,3,train,true
fashionpedia,train2020,8087,ba61d3fe7b674fade22fe6f17324f1fa.jpg,1,1,true,2,train,true
fashionpedia,train2020,8101,004dc465c15bb89f419f4e528468ef57.jpg,1,1,true,1,train,true
fashionpedia,train2020,8116,dd28e1cc7ba1502eb9c0113e50db7a8e.jpg,1,1,true,3,train,true
fashionpedia,train2020,8117,b3bf07e4d346f1f2f9446d62d9f43605.jpg,1,1,true,5,train,true
fashionpedia,train2020,8119,ec157bd9b47cc2930c71d9378e84e13e.jpg,1,1,true,2,train,true
fashionpedia,train2020,8125,fa732862659cc7283477d8294a8ff3b9.jpg,1,1,true,4,train,true
fashionpedia,train2020,8127,a1742a327d0276f8dce0bdfeacee9d88.jpg,1,1,true,1,train,true
fashionpedia,train2020,8130,497f8ae07aab32a52f251d034a59b81e.jpg,1,1,true,1,train,true
fashionpedia,train2020,8135,5590ade6a31c7c908bcfa6bc468e9fb8.jpg,1,1,true,2,train,true
fashionpedia,train2020,8146,6d73c8b7dd0b6664a6ba69f5bd0121bb.jpg,1,1,true,2,train,true
fashionpedia,train2020,8148,70a22dba8d18c74f814b51edf1a5541d.jpg,1,1,true,2,new_val,false
fashionpedia,train2020,8153,6ed0e94d6d67f3adb63c12ee46f19ae8.jpg,1,1,true,2,train,true
fashionpedia,train2020,8159,c2567572dcb61481cdf347eda868ffea.jpg,1,1,true,2,new_val,false
fashionpedia,train2020,8160,efbabd4dbe886d88050553fa7f845e7b.jpg,1,1,true,2,train,true
fashionpedia,train2020,8167,459e5617e9b90c829bc30c44efd7ce4b.jpg,1,1,true,3,train,true
fashionpedia,train2020,8170,d4e397af8e4bb7e1c12b9cd3a9e2ddd2.jpg,1,1,true,2,train,true
fashionpedia,train2020,8171,b0054737990fed012b57ec4160544e6e.jpg,1,1,true,1,train,true
fashionpedia,train2020,8173,32d74b3525737ab6282549d1feb0ff47.jpg,1,1,true,2,train,true
fashionpedia,train2020,8178,9c2e1da5b4bd49b419eccb1defe6c9a0.jpg,1,1,true,1,train,true
fashionpedia,train2020,8181,d15dcfb753751d3d49f0de2d0d995556.jpg,1,1,true,1,train,true
fashionpedia,train2020,8182,53544f701cff0f27913c17b12bacce71.jpg,1,1,true,2,train,true
fashionpedia,train2020,8189,c088dfe977199a9104a23704ad04d4ee.jpg,1,1,true,1,train,true
fashionpedia,train2020,8193,32475f420ea68f0c3532bdb4a39a5c03.jpg,1,1,true,2,train,true
fashionpedia,train2020,8195,141c502118b03c7ab6cc3fbf41cedc11.jpg,1,1,true,2,train,true
fashionpedia,train2020,8197,71afece8d01e7f918efa65b54bd8d0cb.jpg,1,1,true,1,train,true
fashionpedia,train2020,8201,677e9643ad867a1a436660ccf21913f5.jpg,1,1,true,3,new_val,false
fashionpedia,train2020,8202,f154253b7faa4c66547fb55952736809.jpg,1,1,true,2,new_val,false
fashionpedia,train2020,8203,f056f7839a65080c6ab2e3263fb6a2cf.jpg,1,1,true,2,train,true
fashionpedia,train2020,8205,ce1052d1a8ba99e3574c979e2e8a18f5.jpg,1,1,true,3,new_val,false
fashionpedia,train2020,8208,c89c796b14899c1de77428115b4aba62.jpg,1,1,true,3,train,true
fashionpedia,train2020,8210,20151b4806384531f9513cb76057101d.jpg,1,1,true,2,train,true
fashionpedia,train2020,8215,0d7d16c4be68b0a8275040cabc9d87e3.jpg,1,1,true,1,train,true
fashionpedia,train2020,8219,3e2b713607949fb17286fb3e8a884f8d.jpg,1,1,true,1,train,true
fashionpedia,train2020,8223,560ad12826c6f00ee24bc36eba83ef08.jpg,1,1,true,1,train,true
fashionpedia,train2020,8224,b5c3a2b93c8263baffd827b3865fa6ff.jpg,1,1,true,3,train,true
fashionpedia,train2020,8226,4f49dd778423ea5e21f21ce72e3950a2.jpg,1,1,true,1,train,true
fashionpedia,train2020,8233,88db8ed525f0f64f0ad209a8f654d9ea.jpg,1,1,true,3,train,true
fashionpedia,train2020,8239,944bea3e4e77bfe2aa8c1f16bf60c70a.jpg,1,1,true,2,new_val,false
fashionpedia,train2020,8241,06d0eecde79b2927b185f7044714cbfc.jpg,1,1,true,1,new_val,false
fashionpedia,train2020,8243,759768a82b41b41ba9df70e21a2b4b04.jpg,1,1,true,2,new_val,false
fashionpedia,train2020,8245,58432504665f6df9df4fad8fb48159f2.jpg,1,1,true,1,train,true
fashionpedia,train2020,8249,d373c91282ca77e2ed88950b4ab57160.jpg,1,1,true,1,train,true
fashionpedia,train2020,8255,856c924909db0c1b18f4e4840f0864cf.jpg,1,1,true,2,new_val,false
fashionpedia,train2020,8257,c2041d6ca08fdc55156555d4ae835872.jpg,1,1,true,2,train,true
fashionpedia,train2020,8259,ec3f79f28ec1bff3e9ff8ea0c29d544c.jpg,1,1,true,2,new_val,false
fashionpedia,train2020,8266,838675c200a0b3d1421b4fb47bd3f043.jpg,1,1,true,3,new_val,false
fashionpedia,train2020,8269,e2e6e28b37aff251bba2a60b398b5f3c.jpg,1,1,true,1,new_val,false
fashionpedia,train2020,8271,f7ddb83b56ae2596ba2b0c84dd8ca713.jpg,1,1,true,1,new_val,false
fashionpedia,train2020,8272,501b31cf222b2e74db0075decfbc863f.jpg,1,1,true,2,new_val,false
fashionpedia,train2020,8280,ff5c303cb978725b41ecdc33f99a9811.jpg,1,1,true,2,new_val,false
fashionpedia,train2020,8284,387e45f0f23074ae7c8d1a8c93176bb2.jpg,1,1,true,1,train,true
fashionpedia,train2020,8285,3fc8c7bf8d58543d12b654c415543115.jpg,1,1,true,2,train,true
fashionpedia,train2020,8287,95a1ef7342460cf1add678caad1e5ac6.jpg,1,1,true,2,train,true
fashionpedia,train2020,8292,59962f5a006f1c63ff30b55f9d9a8fc5.jpg,1,1,true,2,train,true
fashionpedia,train2020,8295,c3592e30aad29cc8cad7bdfe98c08c22.jpg,1,1,true,2,train,true
fashionpedia,train2020,8301,dfefd6df755e2b7b0860eca5ea6c6e86.jpg,1,1,true,1,train,true
fashionpedia,train2020,8302,85c6f78ac29e8ea2ed35bd45d746e768.jpg,1,1,true,3,train,true
fashionpedia,train2020,8306,11df54a801f853ec8f4cb01426d45dd2.jpg,1,1,true,1,new_val,false
fashionpedia,train2020,8311,65ac8d07e30f4ff15d166ff64d252cd2.jpg,1,1,true,2,train,true
fashionpedia,train2020,8313,3ec662a431abbf389b3047e17bf02f2b.jpg,1,1,true,2,train,true
fashionpedia,train2020,8316,de0c5aeee7df3590e48ec3fdc9a33075.jpg,1,1,true,2,train,true
fashionpedia,train2020,8320,3f216060e97d1cc0f86d4bc16169ef5b.jpg,1,1,true,1,train,true
fashionpedia,train2020,8323,fe46926b885764330c031ff92aedaabc.jpg,1,1,true,2,train,true
fashionpedia,train2020,8327,c3176b4351d94046ea4a84a6c8496c02.jpg,1,1,true,3,train,true
fashionpedia,train2020,8333,be892654403863535fb1993e46ff696c.jpg,1,1,true,1,train,true
fashionpedia,train2020,8335,08d8f9750c00f0bba7dfd99aab134ff4.jpg,1,1,true,3,new_val,false
fashionpedia,train2020,8336,f5adac4a358a38f98e383471ed6bb0e8.jpg,1,1,true,2,train,true
fashionpedia,train2020,8340,c6838e6f126b5910953269ea82d9b46e.jpg,1,1,true,2,train,true
fashionpedia,train2020,8344,dd0a70c6ebac3fb0228fa1343f460212.jpg,1,1,true,1,train,true
fashionpedia,train2020,8349,0dd4ea8d003fce3c4552ce15f0aa207b.jpg,1,1,true,3,train,true
fashionpedia,train2020,8350,fbeff36938372a354129e51e3fdaea68.jpg,1,1,true,5,new_val,false
fashionpedia,train2020,8356,9c10be1e19223d632e79d6451937a11a.jpg,1,1,true,1,train,true
fashionpedia,train2020,8359,325ef0995650a2bbbf5e04babfc7ebca.jpg,1,1,true,2,train,true
fashionpedia,train2020,8360,74738eebfd1e330a3e68e7a5bf520ecf.jpg,1,1,true,1,train,true
fashionpedia,train2020,8361,91024a18a40cd532e0e18f3b8005a5eb.jpg,1,1,true,1,train,true
fashionpedia,train2020,8364,e5ae75cf1de516a2c34fa0ef5757b3e5.jpg,1,1,true,1,train,true
fashionpedia,train2020,8365,fccc5ed7162831ea417d6c5486513973.jpg,1,1,true,2,train,true
fashionpedia,train2020,8372,a3aeaa28a0ddfb9733a455243258610b.jpg,1,1,true,1,train,true
fashionpedia,train2020,8374,fe19122a04e02fa4294e1bd362df4f4c.jpg,1,1,true,2,new_val,false
fashionpedia,train2020,8378,4b1e8bd9e3da3822a07973f2fecefb63.jpg,1,1,true,3,train,true
fashionpedia,train2020,8380,6c280422a0afa2fa16b8457592ea6f2b.jpg,1,1,true,3,train,true
fashionpedia,train2020,8382,1c62d56ad1f59d3da9d5d963877966c9.jpg,1,1,true,3,train,true
fashionpedia,train2020,8383,3f036c039e753c85eca1d28c7efd5c42.jpg,1,1,true,2,train,true
fashionpedia,train2020,8385,8691035e0eab4d0a434b2582730105e3.jpg,1,1,true,1,train,true
fashionpedia,train2020,8395,b17b7aa38ad69c4d665085004b5a08be.jpg,1,1,true,2,train,true
fashionpedia,train2020,8398,ddfb17e43927a57558265284735c6495.jpg,1,1,true,1,train,true
fashionpedia,train2020,8400,6125b7fc9f6dcb5d0f1a7d1667bd1090.jpg,1,1,true,1,train,true
fashionpedia,train2020,8403,de05e6fb85a83e1676524a1ddb64709a.jpg,1,1,true,4,train,true
fashionpedia,train2020,8407,d1996ee9a3bffc93c938f20ecc21e8c5.jpg,1,1,true,2,new_val,false
fashionpedia,train2020,8409,257d7df29bcad13f606a64952e2d813d.jpg,1,1,true,2,train,true
fashionpedia,train2020,8411,191a42e542c4d2a88e4acd92fd9d9d5d.jpg,1,1,true,2,train,true
fashionpedia,train2020,8418,7235f420515632e227554abea70cb270.jpg,1,1,true,2,train,true
fashionpedia,train2020,8421,92149a37724255115c430dcd92c612b3.jpg,1,1,true,2,train,true
fashionpedia,train2020,8422,7258a39c400eaf57c11fdbdce461afa5.jpg,1,1,true,3,train,true
fashionpedia,train2020,8427,7e43f096a904c28187876807f11c1ade.jpg,1,1,true,1,train,true
fashionpedia,train2020,8428,6f420aa88f0e2205e1d7e1a5add66da6.jpg,1,1,true,1,train,true
fashionpedia,train2020,8429,efc32b950b690eee47b7f034364ec5df.jpg,1,1,true,1,train,true
fashionpedia,train2020,8435,6f252fb35b1aa3beac2015ebde4f4ae2.jpg,1,1,true,2,train,true
fashionpedia,train2020,8440,577dd8253854cb29c4510fa0f2429c57.jpg,1,1,true,1,new_val,false
fashionpedia,train2020,8441,c3b2623f17cdb43f984570946c5d9d46.jpg,1,1,true,1,train,true
fashionpedia,train2020,8443,9bf2b382dc108625f5cf28edf11c7788.jpg,1,1,true,3,new_val,false
fashionpedia,train2020,8444,33aa764351d1d76714c374c135ff95cf.jpg,1,1,true,1,train,true
fashionpedia,train2020,8445,f48286bba251fbc4a5b758461e4898bc.jpg,1,1,true,1,train,true
fashionpedia,train2020,8446,d8a685b8bea7165c0fd88aeae1e5602d.jpg,1,1,true,2,train,true
fashionpedia,train2020,8451,a568ebcb4b8ed3fa3ec46941c7d1ba7e.jpg,1,1,true,2,new_val,false
fashionpedia,train2020,8462,b081a91a9f2dc8b7963c4f590e95f43b.jpg,1,1,true,1,train,true
fashionpedia,train2020,8463,a80cbc5e8bead1b9b3decb8387b081b0.jpg,1,1,true,3,train,true
fashionpedia,train2020,8465,b1d7676cab66ec4f27c5d7a5a7a9baeb.jpg,1,1,true,1,train,true
fashionpedia,train2020,8470,29dcbc6092d3a0f8d787bab3828621ff.jpg,1,1,true,1,train,true
fashionpedia,train2020,8473,7c7ed7ed1af0ef524adaacdd32d221ce.jpg,1,1,true,3,train,true
fashionpedia,train2020,8474,dfc70c8b7a72d2d70829704ae22d6272.jpg,1,1,true,3,train,true
fashionpedia,train2020,8475,d9bfd916f6d1b16884c6e525024d89f1.jpg,1,1,true,1,train,true
fashionpedia,train2020,8476,364df2a62f4efedf0d2654a08148137f.jpg,1,1,true,1,train,true
fashionpedia,train2020,8477,5292a9428df78d742082ff5925d5e291.jpg,1,1,true,3,train,true
fashionpedia,train2020,8478,af9fe2f1120c4df9d68a3d9a6d981764.jpg,1,1,true,1,train,true
fashionpedia,train2020,8483,e7fc3b30a9e4b4dadd61a5043132e531.jpg,1,1,true,2,train,true
fashionpedia,train2020,8484,7fe40ce9b123d15f9e4d3f2326495295.jpg,1,1,true,2,train,true
fashionpedia,train2020,8486,b49d2471e7cc7191713bef3e24529641.jpg,1,1,true,2,new_val,false
fashionpedia,train2020,8489,3614780636266697fc1fdd8188e088a7.jpg,1,1,true,1,train,true
fashionpedia,train2020,8493,ec96f4a5df079c8e5485d6c07c821694.jpg,1,1,true,1,train,true
fashionpedia,train2020,8496,1c4eb8ef423f3ea9c172a897507cf8c2.jpg,1,1,true,3,new_val,false
fashionpedia,train2020,8499,be3d6b0499faefc9080403e496bb3ea5.jpg,1,1,true,3,train,true
fashionpedia,train2020,8506,0ab075a7271e89c07f3d0d9b32b936ec.jpg,1,1,true,2,new_val,false
fashionpedia,train2020,8508,4d20ef3797d97143cffc9f19452be846.jpg,1,1,true,2,train,true
fashionpedia,train2020,8509,cb9d6b1e53b855ad3361e11b02a1b1cd.jpg,1,1,true,1,train,true
fashionpedia,train2020,8512,5338745e9b279d577a26793e0574be80.jpg,1,1,true,2,train,true
fashionpedia,train2020,8520,b737bc99e8d257f517a7be8ee1dd38b9.jpg,1,1,true,1,train,true
fashionpedia,train2020,8521,2f41b33a67076d7399b4fde283b79394.jpg,1,1,true,2,train,true
fashionpedia,train2020,8525,5d409d0dd7a7bc56e90be631bcf8737d.jpg,1,1,true,2,train,true
fashionpedia,train2020,8526,dbd5ef2bb46de4f9f05c1d20b7f913f1.jpg,1,1,true,1,train,true
fashionpedia,train2020,8528,b958e2fe9688ffc036f4459443efd3ef.jpg,1,1,true,2,new_val,false
fashionpedia,train2020,8530,20df22d6144787e06d3faf1cec0cb0ec.jpg,1,1,true,1,train,true
fashionpedia,train2020,8531,c8309e5818c28b424bc61e5ca67f373e.jpg,1,1,true,3,train,true
fashionpedia,train2020,8532,2a5f75af59bc56e7874aa7137f314542.jpg,1,1,true,2,train,true
fashionpedia,train2020,8541,e280ca1dacd4983266511f8205ee7c54.jpg,1,1,true,2,train,true
fashionpedia,train2020,8545,4b95968d00d810031684d840965b7750.jpg,1,1,true,1,train,true
fashionpedia,train2020,8547,541772f9b7bf2d7e91865ddf45ab3571.jpg,1,1,true,3,train,true
fashionpedia,train2020,8550,525751313efeed60d64ea034d2dda605.jpg,1,1,true,3,train,true
fashionpedia,train2020,8551,e3b5aed7b9a464696329e8e96cebd5f1.jpg,1,1,true,2,train,true
fashionpedia,train2020,8553,a70db4a98687fe31ea2a920c72a8ba67.jpg,1,1,true,1,train,true
fashionpedia,train2020,8555,5760128a6d16c03dfcbbd03cf7e36ab3.jpg,1,1,true,4,train,true
fashionpedia,train2020,8556,ddfe062d3c6b76df6e7548fc9ace15b7.jpg,1,1,true,2,train,true
fashionpedia,train2020,8558,1c3fcb2bd0b79c80c7548de563a52595.jpg,1,1,true,2,new_val,false
fashionpedia,train2020,8562,5f95dc244aa1132aa7bef69da2c509bf.jpg,1,1,true,2,train,true
fashionpedia,train2020,8563,5efe7d7106ea2a9c349694993ec47782.jpg,1,1,true,1,train,true
fashionpedia,train2020,8565,7ee6c957150c32f9bd70da879fe2269f.jpg,1,1,true,2,train,true
fashionpedia,train2020,8566,44c0e7552e8b243fc15b80215302da2a.jpg,1,1,true,2,train,true
fashionpedia,train2020,8569,0fdfd1fe12a8a114ec2df8a23898b535.jpg,1,1,true,2,new_val,false
fashionpedia,train2020,8574,317ad6720b44d890c85208a0d6fdfd36.jpg,1,1,true,2,train,true
fashionpedia,train2020,8579,6547a0989f988878ca2ef67097ea97de.jpg,1,1,true,2,train,true
fashionpedia,train2020,8582,383821aa827c21559d3fd6034d863f85.jpg,1,1,true,1,train,true
fashionpedia,train2020,8587,5d05c443e16f0ee61b401ce28518eac7.jpg,1,1,true,1,new_val,false
fashionpedia,train2020,8589,cde91125a5cdaeed535a9ebbbd3632dd.jpg,1,1,true,1,train,true
fashionpedia,train2020,8590,6a7f7a7e65bfd87feb9ae04b520f019e.jpg,1,1,true,3,train,true
fashionpedia,train2020,8595,706e52ee08f07e4fc03b84d19283f1a4.jpg,1,1,true,1,train,true
fashionpedia,train2020,8596,47b65ab34b16a036dad00aa315488c11.jpg,1,1,true,1,train,true
fashionpedia,train2020,8599,df140c22800e952c9c9616a931623dd3.jpg,1,1,true,2,new_val,false
fashionpedia,train2020,8601,123501bd70ac6a532954f96aa5bcd3fc.jpg,1,1,true,2,train,true
fashionpedia,train2020,8603,9276588c5036e95a0c0b63f2ff932ffb.jpg,1,1,true,1,new_val,false
fashionpedia,train2020,8604,9cf0c9b895e02dd926e9c7d83eed18d2.jpg,1,1,true,2,new_val,false
fashionpedia,train2020,8606,0d3220c832cb887aefc7d1b80b9f7717.jpg,1,1,true,2,train,true
fashionpedia,train2020,8609,2ac36f3f5e5b639b78c57fb380eaf406.jpg,1,1,true,1,new_val,false
fashionpedia,train2020,8611,4f1cb65b504cb8e3752ce0288ca8273e.jpg,1,1,true,1,train,true
fashionpedia,train2020,8621,4fba98d55b78da295c077c3b43d8945d.jpg,1,1,true,1,train,true
fashionpedia,train2020,8622,6d297446c45b83b5480b9dbe0bb7202c.jpg,1,1,true,1,train,true
fashionpedia,train2020,8630,51792c5016dadfc022bdcfab6a1fecbd.jpg,1,1,true,2,train,true
fashionpedia,train2020,8634,0be8d0e14127cfe5d68e92275e01556d.jpg,1,1,true,1,train,true
fashionpedia,train2020,8641,38db94e2ef4b3f8a2d266060a44650c2.jpg,1,1,true,2,new_val,false
fashionpedia,train2020,8642,b0dba359c6aa483ca9f647586d3cc2f0.jpg,1,1,true,2,train,true
fashionpedia,train2020,8650,385891fca5868b773a6cde7a458f3450.jpg,1,1,true,3,train,true
fashionpedia,train2020,8651,b4d23773c5899041bf22abcc9b702090.jpg,1,1,true,2,train,true
fashionpedia,train2020,8653,c0cffeaaf8c3e44adb1a26855f44e536.jpg,1,1,true,1,new_val,false
fashionpedia,train2020,8654,71cd7d0a7ef0fd80ba13f85a858f5425.jpg,1,1,true,2,train,true
fashionpedia,train2020,8656,3fd41f5aacb2f46a1e12d7e4f390e8dd.jpg,1,1,true,1,train,true
fashionpedia,train2020,8658,9ca487eaceafe6a1514b733d26de52cc.jpg,1,1,true,1,new_val,false
fashionpedia,train2020,8661,dc05161b67cf780e6c48f2d0ed8a6cf0.jpg,1,1,true,3,train,true
fashionpedia,train2020,8666,d189550a5a6fc4ae2800988bf271c5a6.jpg,1,1,true,2,train,true
fashionpedia,train2020,8667,4cac8ded05d9644378604d25f4e3eaed.jpg,1,1,true,3,train,true
fashionpedia,train2020,8669,76e4cd4ae9fdb90691902264f6e6f289.jpg,1,1,true,1,train,true
fashionpedia,train2020,8670,0daca55f62d1a92797cdbdc91a665531.jpg,1,1,true,1,train,true
fashionpedia,train2020,8674,feda1f5774749002a55815f192079b3f.jpg,1,1,true,1,new_val,false
fashionpedia,train2020,8676,0789ea94748e7961b3034e525eb15fe3.jpg,1,1,true,3,train,true
fashionpedia,train2020,8679,d7078e8b95ea1fac8672cc25e7d7f27e.jpg,1,1,true,3,new_val,false
fashionpedia,train2020,8683,bece40d0bf73e20cc9eddd9219155286.jpg,1,1,true,1,train,true
fashionpedia,train2020,8685,c2e92b18342d98dee5069212b9059907.jpg,1,1,true,1,new_val,false
fashionpedia,train2020,8695,cbabeaba863b82cf57b3c0cf5b5fc9f0.jpg,1,1,true,2,train,true
fashionpedia,train2020,8698,be23ed116d9eecc66991f6910dc5cc83.jpg,1,1,true,1,train,true
fashionpedia,train2020,8701,6068fa99f399013d061803aad11bce2f.jpg,1,1,true,1,train,true
fashionpedia,train2020,8702,51095b2c57b35062db393fb38824e69f.jpg,1,1,true,2,train,true
fashionpedia,train2020,8703,cb53960e20677579049947c731caa8b7.jpg,1,1,true,2,train,true
fashionpedia,train2020,8704,736527f6305364e7e74c5b3c1ac6caf6.jpg,1,1,true,3,train,true
fashionpedia,train2020,8705,c4f6d991df2a2cdcd0a25077931adbcc.jpg,1,1,true,1,new_val,false
fashionpedia,train2020,8706,3cbc71f1bcbc7a77f565360630dee9e9.jpg,1,1,true,2,train,true
fashionpedia,train2020,8714,2194acf36bb8b5a50a90f47a0da35716.jpg,1,1,true,1,train,true
fashionpedia,train2020,8715,5d5b33de2ec28116ceee5c0720f5f057.jpg,1,1,true,1,new_val,false
fashionpedia,train2020,8719,5396d17f119af7ee46ae91c15a71eca1.jpg,1,1,true,2,train,true
fashionpedia,train2020,8720,391e40b64ed528d7a51416662546d29a.jpg,1,1,true,2,new_val,false
fashionpedia,train2020,8725,14144237992ba5e18910f54d1062ee4e.jpg,1,1,true,3,train,true
fashionpedia,train2020,8726,7d7909b832b08e8fb2428bbff5ae89ce.jpg,1,1,true,1,train,true
fashionpedia,train2020,8729,208da0da8dc399d9cb31fdadf80b953e.jpg,1,1,true,1,train,true
fashionpedia,train2020,8731,ab7819a4da9aeb49e1638dfd00ab1ea3.jpg,1,1,true,1,train,true
fashionpedia,train2020,8732,59f3c848c41f2491f536ab833bc4d576.jpg,1,1,true,2,train,true
fashionpedia,train2020,8733,59e176af8a78bc1179aa61e3ebd0c74c.jpg,1,1,true,1,new_val,false
fashionpedia,train2020,8734,81a76a217710df498c2047af45780e9c.jpg,1,1,true,2,train,true
fashionpedia,train2020,8735,91270cfa4dccd577dabb451cabe2ffdb.jpg,1,1,true,1,new_val,false
fashionpedia,train2020,8736,5ac709f7aa8d6b70821586edb7e3dbd8.jpg,1,1,true,2,train,true
fashionpedia,train2020,8737,9abb732d1d14b933068d1fbd1e083c09.jpg,1,1,true,3,train,true
fashionpedia,train2020,8738,e1a19670ef6c5cd7637c76060de17f2d.jpg,1,1,true,2,train,true
fashionpedia,train2020,8739,cc464eb8c2a1594295e46204b4ea40db.jpg,1,1,true,1,new_val,false
fashionpedia,train2020,8741,38146c1e38064d31f32d3bfe41f92140.jpg,1,1,true,1,train,true
fashionpedia,train2020,8742,34a3891a8d628e3b586b3c9f17369088.jpg,1,1,true,1,new_val,false
fashionpedia,train2020,8744,e421c9b15f9a64e48a1c198e0752e668.jpg,1,1,true,2,train,true
fashionpedia,train2020,8745,3541824537b33d9ab132cbbdc885b184.jpg,1,1,true,2,train,true
fashionpedia,train2020,8748,c626e28ff8a32590fc6943156a2f0a5d.jpg,1,1,true,1,train,true
fashionpedia,train2020,8751,025185cac077fac4b9a3a2f054d0f162.jpg,1,1,true,1,new_val,false
fashionpedia,train2020,8758,530136a040dfd5eb51c56c90c6f51b20.jpg,1,1,true,2,train,true
fashionpedia,train2020,8759,aa72992dde29fa99b375b644efb6c131.jpg,1,1,true,3,train,true
fashionpedia,train2020,8762,257da5b2d621a784aa28210368f520a7.jpg,1,1,true,2,train,true
fashionpedia,train2020,8767,541b90c1dc5472c0b413e66ca4c84fa3.jpg,1,1,true,3,new_val,false
fashionpedia,train2020,8771,ae0914b30be8ef0dee43496f462940ff.jpg,1,1,true,3,new_val,false
fashionpedia,train2020,8774,3d0a084617009c0cdfd3e32a0f98f5b6.jpg,1,1,true,3,train,true
fashionpedia,train2020,8775,24950bfade2ecc0b82785c8b32a01379.jpg,1,1,true,1,train,true
fashionpedia,train2020,8777,ef087cb8183fb76e3531b4d5eb6a39c1.jpg,1,1,true,3,new_val,false
fashionpedia,train2020,8778,0ce6a815fcbac235d869ca96b2c746a0.jpg,1,1,true,1,new_val,false
fashionpedia,train2020,8782,8c29c78777b5060a56f35d83a262d405.jpg,1,1,true,3,train,true
fashionpedia,train2020,8784,3b4cfa14a7b7903a9e1d3a390fa2a093.jpg,1,1,true,3,train,true
fashionpedia,train2020,8790,b3ad13345d3f0ecab71f8a54403dc1e6.jpg,1,1,true,3,train,true
fashionpedia,train2020,8792,b3b572da3161bb51fc3c4c0426e56883.jpg,1,1,true,2,new_val,false
fashionpedia,train2020,8793,c7f5dbc9d9911247ac9af053b3f4cbde.jpg,1,1,true,1,train,true
fashionpedia,train2020,8797,ab120a2b869cb3485557cd04d31f5c57.jpg,1,1,true,2,train,true
fashionpedia,train2020,8798,a0d98ea2193dc6bd956dce409708e8b2.jpg,1,1,true,3,train,true
fashionpedia,train2020,8804,4e70acb619fc39622e892cc02eea5796.jpg,1,1,true,3,new_val,false
fashionpedia,train2020,8805,33b17acbf19fc7fdff4a18b4dd2948c7.jpg,1,1,true,2,train,true
fashionpedia,train2020,8809,d41b3ad2f7957d7b99929faadce3a438.jpg,1,1,true,1,new_val,false
fashionpedia,train2020,8814,664cc9c8505b36bcbddc4a4cdbafcac9.jpg,1,1,true,1,new_val,false
fashionpedia,train2020,8816,d4b076358afc50d742b2120924896670.jpg,1,1,true,3,train,true
fashionpedia,train2020,8818,f1d41ef95d871674e43f340863842c53.jpg,1,1,true,1,train,true
fashionpedia,train2020,8823,96b8e9ab84c112d87cf9080378907c11.jpg,1,1,true,1,train,true
fashionpedia,train2020,8827,f147884207e3410a1579b59fa53a5810.jpg,1,1,true,2,train,true
fashionpedia,train2020,8829,f8e429d3966c2c28540dabd10b7372d0.jpg,1,1,true,2,train,true
fashionpedia,train2020,8831,39ce75f22ea2174af11dfb6a752963fe.jpg,1,1,true,2,train,true
fashionpedia,train2020,8833,19e58a577eb02e4bf9652ae9b194fcd3.jpg,1,1,true,2,train,true
fashionpedia,train2020,8836,3c267032132dda03065f8b74fca8949e.jpg,1,1,true,2,new_val,false
fashionpedia,train2020,8845,9164d305cb3df706fa4aee4d16f8e0a4.jpg,1,1,true,2,new_val,false
fashionpedia,train2020,8847,43562e12b340c34614c8effb6be18d92.jpg,1,1,true,3,train,true
fashionpedia,train2020,8852,20c94e1880687beec05d4dd557caa82f.jpg,1,1,true,2,new_val,false
fashionpedia,train2020,8854,55b596425e09097092f38fe54b55f151.jpg,1,1,true,3,train,true
fashionpedia,train2020,8856,254562f69a74627d285f03f1a3e06258.jpg,1,1,true,3,train,true
fashionpedia,train2020,8857,62c416526ee923a0d45c7e3e84fdb54f.jpg,1,1,true,3,train,true
fashionpedia,train2020,8858,d89c61e80a8c17035cef77b61e6e5197.jpg,1,1,true,3,train,true
fashionpedia,train2020,8862,0ad211ec7e038848d5c67812732cc2e7.jpg,1,1,true,3,new_val,false
fashionpedia,train2020,8866,506ef436ee07135364169352762f25a7.jpg,1,1,true,3,train,true
fashionpedia,train2020,8867,141958a661b505f6bd9a7974ec8472e4.jpg,1,1,true,2,train,true
fashionpedia,train2020,8873,cbf3a564933125269dba0f10edafc8ca.jpg,1,1,true,2,train,true
fashionpedia,train2020,8879,cad75686f5d395b100a5da08d50b34c7.jpg,1,1,true,2,train,true
fashionpedia,train2020,8886,5981ec05e5cb6729b6974a31636011f4.jpg,1,1,true,1,train,true
fashionpedia,train2020,8890,b030a75904244cb70840c003c019486d.jpg,1,1,true,3,train,true
fashionpedia,train2020,8891,48ff82b484d00cd436de54ec317c984b.jpg,1,1,true,2,train,true
fashionpedia,train2020,8892,9672bdef94c34f38c5c2d05222683d34.jpg,1,1,true,1,train,true
fashionpedia,train2020,8893,7c41c85ee9524f8f34df13f84e837705.jpg,1,1,true,3,train,true
fashionpedia,train2020,8898,de7692fc9c47049ecd208386dcfd81e2.jpg,1,1,true,1,new_val,false
fashionpedia,train2020,8907,788e22a9387cec58a950fddf01c85ee8.jpg,1,1,true,1,train,true
fashionpedia,train2020,8908,0f2b5a6dffb1c2c2c8d85cb9df770933.jpg,1,1,true,1,train,true
fashionpedia,train2020,8909,699d6a2503078a0bab8af87b5f89b309.jpg,1,1,true,2,train,true
fashionpedia,train2020,8910,29b8733b4ea082f898d74d10d66bfdd4.jpg,1,1,true,1,train,true
fashionpedia,train2020,8911,2f38f1d951bd58c0d24948a48821a45e.jpg,1,1,true,1,train,true
fashionpedia,train2020,8912,4a9f2863e4bbf0e55ac91de651c100aa.jpg,1,1,true,2,new_val,false
fashionpedia,train2020,8915,15a368cba0b0c569e2bc6ef1ed54c5b7.jpg,1,1,true,2,train,true
fashionpedia,train2020,8918,ad3ca1b2f0f8e8ad4329f692a00e31b5.jpg,1,1,true,2,train,true
fashionpedia,train2020,8921,134188c02c34106080772a4da1ea5b59.jpg,1,1,true,1,train,true
fashionpedia,train2020,8925,087d7279b86a6cf8be2cce1bc2191364.jpg,1,1,true,2,train,true
fashionpedia,train2020,8927,13b5d482d47af7ac06bf774e2ebf3b74.jpg,1,1,true,3,train,true
fashionpedia,train2020,8936,e950f65c596ffae1750a64fcb653a82e.jpg,1,1,true,2,train,true
fashionpedia,train2020,8939,2fdeea3850d6ecb234755f97f475ceac.jpg,1,1,true,2,train,true
fashionpedia,train2020,8941,e7a056ec1405d05072dff98535845ebb.jpg,1,1,true,1,train,true
fashionpedia,train2020,8967,97be7521373e204900e5bd1b93e94052.jpg,1,1,true,1,train,true
fashionpedia,train2020,8972,ee8fe856d7000bc86976bcd2b879b3aa.jpg,1,1,true,1,train,true
fashionpedia,train2020,8983,45d1f0fb6b4a7781d1699cf414191f77.jpg,1,1,true,2,train,true
fashionpedia,train2020,8991,9a68455890b225737bc39ffc81c90b6a.jpg,1,1,true,1,train,true
fashionpedia,train2020,9000,dfbbb56d2510f50cb248080edb6ab013.jpg,1,1,true,4,train,true
fashionpedia,train2020,9002,15626d24777ac4704cbdf8ed7fbf677f.jpg,1,1,true,2,train,true
fashionpedia,train2020,9011,2b35b73f5dba2f6178510e73c5e019b4.jpg,1,1,true,2,train,true
fashionpedia,train2020,9015,614c61fd1b9c5dbce0f331a31b6ee639.jpg,1,1,true,2,train,true
fashionpedia,train2020,9017,ec72feca7377e17acbf1f3abdfbc6a3c.jpg,1,1,true,1,train,true
fashionpedia,train2020,9019,96707109caf3e65dd1b61d344d0881fc.jpg,1,1,true,1,new_val,false
fashionpedia,train2020,9021,49e8747c443ab34747760c8c3588b319.jpg,1,1,true,3,train,true
fashionpedia,train2020,9023,1449cbeb5021a19f9a88d15461f1addc.jpg,1,1,true,1,train,true
fashionpedia,train2020,9027,ffeabfed76854857316298991eed892c.jpg,1,1,true,1,train,true
fashionpedia,train2020,9036,0c4238460ad7fa507767c43cacc9f039.jpg,1,1,true,1,train,true
fashionpedia,train2020,9040,b2edf1950f4e32e9a53c304821894a40.jpg,1,1,true,1,new_val,false
fashionpedia,train2020,9041,beeff237bacb137d3ba1ef31b70fbdf6.jpg,1,1,true,2,new_val,false
fashionpedia,train2020,9042,f51d86fe82a87c44f485fac1272e0cbb.jpg,1,1,true,2,train,true
fashionpedia,train2020,9043,b7008ef4b80972a6f40981d5d2fff42d.jpg,1,1,true,3,train,true
fashionpedia,train2020,9046,9b01f757e9d3e3fc5e952777a96b4a89.jpg,1,1,true,2,train,true
fashionpedia,train2020,9047,146f8d4a98fee3eff1239b9d776b1323.jpg,1,1,true,3,new_val,false
fashionpedia,train2020,9050,f0286cdb841a4bed4ae858dfff815c11.jpg,1,1,true,1,train,true
fashionpedia,train2020,9065,31e59f3de9b5cab82ba6c191da29dad5.jpg,1,1,true,1,train,true
fashionpedia,train2020,9066,a4172943ddfbd547730aa9bd84c2bb22.jpg,1,1,true,2,new_val,false
fashionpedia,train2020,9068,d550e60a8375f523c73b08bb680c5cfa.jpg,1,1,true,2,train,true
fashionpedia,train2020,9080,a359224bae00f0be848072fb1ff866e0.jpg,1,1,true,1,new_val,false
fashionpedia,train2020,9086,ec4f3a4fceac2b83221995baa3ce6138.jpg,1,1,true,1,train,true
fashionpedia,train2020,9089,45d8c91683f155f52f52f25e78267f62.jpg,1,1,true,1,train,true
fashionpedia,train2020,9090,64e0c0065ba6d2414590866090d44cd5.jpg,1,1,true,2,new_val,false
fashionpedia,train2020,9096,37a233dcde0886e8084daea1721bbab7.jpg,1,1,true,1,train,true
fashionpedia,train2020,9098,987b0aec18d9e648c54d8de2b1d6252b.jpg,1,1,true,3,train,true
fashionpedia,train2020,9105,122c4c3f4876fd5bb9173b62875de971.jpg,1,1,true,2,train,true
fashionpedia,train2020,9116,ad9a23b77c6b116d91b44d1a973c343b.jpg,1,1,true,1,train,true
fashionpedia,train2020,9118,6cc05c0d49ec33ffc80baae3329b95c1.jpg,1,1,true,2,train,true
fashionpedia,train2020,9120,244db4821f1260040b08847692e001e8.jpg,1,1,true,1,train,true
fashionpedia,train2020,9124,6bda56aac6f1832a2d0504ae54d8ae83.jpg,1,1,true,2,new_val,false
fashionpedia,train2020,9127,469114afbfc5e1ce2b131f61d467cd8a.jpg,1,1,true,2,train,true
fashionpedia,train2020,9131,4b6d766850faaed9169b390175eaf666.jpg,1,1,true,2,train,true
fashionpedia,train2020,9132,fa87c0f54b8cb07a14fc311c369e9a4c.jpg,1,1,true,1,train,true
fashionpedia,train2020,9133,8537b711a744a4450f10d8000db37ab6.jpg,1,1,true,1,train,true
fashionpedia,train2020,9134,99a3fe020159e3fcc727723d8826c9d5.jpg,1,1,true,2,train,true
fashionpedia,train2020,9138,2de7af7f21efe7f99359dbc849ca1de0.jpg,1,1,true,1,new_val,false
fashionpedia,train2020,9146,4271e466cd3587c1ec6e1e3f5b6fcdcf.jpg,1,1,true,2,train,true
fashionpedia,train2020,9153,fdcbc0077c68f5994d94a74606fe75b4.jpg,1,1,true,2,train,true
fashionpedia,train2020,9158,b44298b0c75979762cf419f4cb42c49f.jpg,1,1,true,2,train,true
fashionpedia,train2020,9167,d7c9fbb8038c078cd9b060d77559d6a6.jpg,1,1,true,2,train,true
fashionpedia,train2020,9168,5b0fe268399c0978c90c789c3c06cd97.jpg,1,1,true,2,train,true
fashionpedia,train2020,9178,e9c4b05dec8e9dd6ab25ff78d054f39e.jpg,1,1,true,1,train,true
fashionpedia,train2020,9183,c3a074e4ff42e180b39e6abf1bd15157.jpg,1,1,true,4,new_val,false
fashionpedia,train2020,9184,65aabcb3fba9d03419ab26f0299d2095.jpg,1,1,true,1,new_val,false
fashionpedia,train2020,9186,ae2d405280f896b3db92e2ba91496c76.jpg,1,1,true,1,train,true
fashionpedia,train2020,9188,e8ddd266907b4bf8545ca59986b9b048.jpg,1,1,true,3,train,true
fashionpedia,train2020,9196,2f6201d73553b5a3244938659cd4971a.jpg,1,1,true,3,train,true
fashionpedia,train2020,9212,41c545abb2a68a689b742b444e044406.jpg,1,1,true,3,train,true
fashionpedia,train2020,9216,c97fbfff7f83e8cd2fd170ee087fae39.jpg,1,1,true,1,train,true
fashionpedia,train2020,9218,449f8c5ddc24936b5c6c65146afed545.jpg,1,1,true,1,train,true
fashionpedia,train2020,9226,26fd033c7dfe9fe53a5c713f10d152bd.jpg,1,1,true,1,new_val,false
fashionpedia,train2020,9229,343c342dbdb63e03d3c4577a48a80a22.jpg,1,1,true,1,train,true
fashionpedia,train2020,9231,b527736c82919995f24a815811402132.jpg,1,1,true,1,train,true
fashionpedia,train2020,9232,7b9cc73c92066a2ef3849a831f9e5ef1.jpg,1,1,true,2,new_val,false
fashionpedia,train2020,9235,5bcec49e8e151fbf9b61d7edbaa2decc.jpg,1,1,true,1,train,true
fashionpedia,train2020,9247,0d67036f2fbbe64a1034163f040e874d.jpg,1,1,true,1,new_val,false
fashionpedia,train2020,9249,05ef7cfd6949b92bb0419f77262ea216.jpg,1,1,true,1,train,true
fashionpedia,train2020,9264,2d7386ebb9596ac742ae35904bfe91b0.jpg,1,1,true,2,train,true
fashionpedia,train2020,9271,0a8403c6d2f6b7a751dbc89e79f47ec4.jpg,1,1,true,2,train,true
fashionpedia,train2020,9283,28d7bcdbcc41e09e462e37f719154ed5.jpg,1,1,true,1,new_val,false
fashionpedia,train2020,9286,f3712de826ade27e98ecce85ee19fab1.jpg,1,1,true,1,new_val,false
fashionpedia,train2020,9293,1fdbd1209069261fadfc68932904c056.jpg,1,1,true,2,train,true
fashionpedia,train2020,9297,3a481319ad6ff8dce4730d34aed1114d.jpg,1,1,true,2,new_val,false
fashionpedia,train2020,9299,5cff0f000df75ef4a98dd0aac584214c.jpg,1,1,true,2,train,true
fashionpedia,train2020,9310,4e9264fbdac345a9e2471f99891d6eb4.jpg,1,1,true,1,train,true
fashionpedia,train2020,9320,cf021ffaf46b42bde833df1628e35691.jpg,1,1,true,1,train,true
fashionpedia,train2020,9321,3c67ab131645a98d5b258e2b2898fe42.jpg,1,1,true,2,train,true
fashionpedia,train2020,9326,028e02cbbd949be8596196701dfcf47b.jpg,1,1,true,2,train,true
fashionpedia,train2020,9327,66ea849152e6a7d0ccc585fe7530de0d.jpg,1,1,true,2,train,true
fashionpedia,train2020,9328,4a1f7190deeb8e4776c8c8d0e917c9d5.jpg,1,1,true,3,train,true
fashionpedia,train2020,9331,2afbe69e7e7d6e77ce119389c0393ea9.jpg,1,1,true,3,new_val,false
fashionpedia,train2020,9334,a0aaa0fae66dccc91b78be6356f28200.jpg,1,1,true,1,train,true
fashionpedia,train2020,9337,c0ecf0427eec59439d5e2d7881b23ca8.jpg,1,1,true,2,train,true
fashionpedia,train2020,9338,610082b4ba9c374e4873f29f5e1d6086.jpg,1,1,true,1,train,true
fashionpedia,train2020,9339,caf74b7e9addc43df70eb194db4720cc.jpg,1,1,true,2,train,true
fashionpedia,train2020,9343,dbe89699c50f0ec0b320d25ceca181d5.jpg,1,1,true,2,new_val,false
fashionpedia,train2020,9344,1f7a4b1245c84aa624dc3fbd47c75c08.jpg,1,1,true,1,train,true
fashionpedia,train2020,9351,69f5391f0ff310390c94aa140ea579d4.jpg,1,1,true,3,new_val,false
fashionpedia,train2020,9352,ae5883c717feac498efe2fc00fc1cf8a.jpg,1,1,true,2,new_val,false
fashionpedia,train2020,9357,8be0f26d2cbfa1e5c335089bfded3f7e.jpg,1,1,true,2,train,true
fashionpedia,train2020,9361,11c29aa84e710adf1f6ad0bd045582b2.jpg,1,1,true,1,train,true
fashionpedia,train2020,9365,888180621223f909b40ed22870b4676a.jpg,1,1,true,3,train,true
fashionpedia,train2020,9368,49e2bbd6d34099b175d97141f98c74aa.jpg,1,1,true,1,train,true
fashionpedia,train2020,9370,6a5630d93e5432e65d0aee032d288e9b.jpg,1,1,true,2,new_val,false
fashionpedia,train2020,9376,2fd3f3e9ef73b77161276ddab9a1902e.jpg,1,1,true,3,train,true
fashionpedia,train2020,9381,5a8e174d0e64bdfb0af7e4384556445e.jpg,1,1,true,2,train,true
fashionpedia,train2020,9386,a1605751d61f0fc6b8a2c61cbe06cf70.jpg,1,1,true,3,train,true
fashionpedia,train2020,9388,75fcbb31f518244ab611eafe841d2955.jpg,1,1,true,3,new_val,false
fashionpedia,train2020,9399,d530c71da3591d3584aefc06912c605b.jpg,1,1,true,3,new_val,false
fashionpedia,train2020,9400,e19f952bf689b30716c61a46e8c80d4b.jpg,1,1,true,1,train,true
fashionpedia,train2020,9402,0c28141eb16c00f32b8d3f4dd885c8fe.jpg,1,1,true,3,train,true
fashionpedia,train2020,9403,9bc060fb6afd26d3d7eddb4944492d84.jpg,1,1,true,1,new_val,false
fashionpedia,train2020,9416,59deb9e24848f5dc3f8a9e023bfc09ee.jpg,1,1,true,1,train,true
fashionpedia,train2020,9419,d2fc9952370b6e613ecac8bc690c67e2.jpg,1,1,true,1,train,true
fashionpedia,train2020,9421,c9deb0adb3c4f5bdd6d9668464db9692.jpg,1,1,true,4,train,true
fashionpedia,train2020,9422,f997ba3d6d14e3e7bd5faac4d727f4a5.jpg,1,1,true,1,train,true
fashionpedia,train2020,9423,893688141fdea41cf60e1e0036256ad6.jpg,1,1,true,1,new_val,false
fashionpedia,train2020,9424,d4f67cfa8356c334b19c2450e777be01.jpg,1,1,true,1,train,true
fashionpedia,train2020,9428,df8ed8a4d16ac72f2a62463f0978190b.jpg,1,1,true,1,train,true
fashionpedia,train2020,9438,6e0bd328dccf71859305770ef34f5570.jpg,1,1,true,3,train,true
fashionpedia,train2020,9440,7aa78173791e4f80618010a2a9981b93.jpg,1,1,true,2,new_val,false
fashionpedia,train2020,9443,c80db1f7c96c283dca77299c1887b689.jpg,1,1,true,2,train,true
fashionpedia,train2020,9445,c1e1cbc613a946704b3fd26c337c0181.jpg,1,1,true,3,train,true
fashionpedia,train2020,9446,c2cc67ff9334e06376ee42112ea48ea0.jpg,1,1,true,2,train,true
fashionpedia,train2020,9452,9dee1d78a7179bb2ae52909b36eabee3.jpg,1,1,true,2,train,true
fashionpedia,train2020,9453,ab8091d5af8e0d32436e026e6a8d9689.jpg,1,1,true,2,new_val,false
fashionpedia,train2020,9455,929acf269865907bd7dc51a4c0180140.jpg,1,1,true,2,train,true
fashionpedia,train2020,9458,56e10838da6a7fc145118ce4233d9718.jpg,1,1,true,1,train,true
fashionpedia,train2020,9459,d4c40a8fba2a27a6964b5a3bde178243.jpg,1,1,true,3,train,true
fashionpedia,train2020,9460,5f9f2768bcfb10c460a617ce27ce32e8.jpg,1,1,true,1,train,true
fashionpedia,train2020,9462,1f0186215510e5fc58bdf4fc6dd14bf9.jpg,1,1,true,1,train,true
fashionpedia,train2020,9467,7c2b592d4ab96ffd5ff1e889d19044ac.jpg,1,1,true,1,train,true
fashionpedia,train2020,9469,bceec461602831df7f7406c6a36f2df6.jpg,1,1,true,2,train,true
fashionpedia,train2020,9470,29eff3dcf673a064f350aef7f9fcac59.jpg,1,1,true,2,new_val,false
fashionpedia,train2020,9471,6d27396f54615e1380dae58476331129.jpg,1,1,true,1,train,true
fashionpedia,train2020,9473,6598a2f12a470087275bc77cd1f8b0e9.jpg,1,1,true,2,new_val,false
fashionpedia,train2020,9474,79b316162e338862058e91fb3d44fe4b.jpg,1,1,true,1,new_val,false
fashionpedia,train2020,9476,3eeb07b405584d7c2d5142ac10a6aa06.jpg,1,1,true,1,train,true
fashionpedia,train2020,9477,1be77429e3ecc33c2c38cad6135b3c13.jpg,1,1,true,1,train,true
fashionpedia,train2020,9480,d529f4214ed3bfd6757d3abafebef96c.jpg,1,1,true,3,train,true
fashionpedia,train2020,9482,b6162626f2816aa736bb88d695046049.jpg,1,1,true,2,train,true
fashionpedia,train2020,9488,3373040b2fae5f4d4014c6be7cb818f3.jpg,1,1,true,2,train,true
fashionpedia,train2020,9490,0df4d2d86dbcbef200156100537de7a3.jpg,1,1,true,2,new_val,false
fashionpedia,train2020,9491,476b50a9fe078259cffc5f79984f8f60.jpg,1,1,true,2,train,true
fashionpedia,train2020,9497,dc28482ddeb7d2b2e767939eb1587d62.jpg,1,1,true,1,train,true
fashionpedia,train2020,9498,7bd13b3beafc3bd8a657ef608dbf3aae.jpg,1,1,true,3,train,true
fashionpedia,train2020,9501,4bf382361c8802eac310056f5485a587.jpg,1,1,true,2,train,true
fashionpedia,train2020,9502,603abfb1cbf2ede2ed89db6ddf6ce274.jpg,1,1,true,1,new_val,false
fashionpedia,train2020,9510,562549d37e6051b68d906f160c069c44.jpg,1,1,true,2,train,true
fashionpedia,train2020,9513,9d57d483a552fb73ef2b38c8eaebfd4f.jpg,1,1,true,2,train,true
fashionpedia,train2020,9519,9bc8289d623a78947b917d029351a31d.jpg,1,1,true,2,new_val,false
fashionpedia,train2020,9538,540e259963f9582c70bf3ba47db7a5ac.jpg,1,1,true,3,train,true
fashionpedia,train2020,9539,bb5c4d8af33780d671ce36faef9f9ab3.jpg,1,1,true,1,train,true
fashionpedia,train2020,9542,f1e2b8b7add3b8c34037c291e53884a5.jpg,1,1,true,2,train,true
fashionpedia,train2020,9547,837d43bb8206dda064ba853b3b4a536a.jpg,1,1,true,2,train,true
fashionpedia,train2020,9550,ee9afc0809f5de2116600ea6c3e4d30e.jpg,1,1,true,4,new_val,false
fashionpedia,train2020,9552,d4505215f20151de5e5ccf64d8da3d17.jpg,1,1,true,2,train,true
fashionpedia,train2020,9555,fec1ca6ac49f52cb9c17b2b57fd39ca3.jpg,1,1,true,1,train,true
fashionpedia,train2020,9556,be44abffc55f170afb9b59e58c49579c.jpg,1,1,true,2,train,true
fashionpedia,train2020,9557,f9290a63d1667c6aa712700d65590066.jpg,1,1,true,2,new_val,false
fashionpedia,train2020,9559,5933fe7cacdc7455570a5fc5b3d693c3.jpg,1,1,true,2,new_val,false
fashionpedia,train2020,9560,e6804babf6f53e9504bdbb0753715847.jpg,1,1,true,1,new_val,false
fashionpedia,train2020,9561,4814ecf96c6b1d1e1f5f6ff0a2820c40.jpg,1,1,true,2,train,true
fashionpedia,train2020,9570,73bfd11540984b6051d75068a5aac94b.jpg,1,1,true,2,train,true
fashionpedia,train2020,9574,63e289a127f960a9fbb4abfb1fff6476.jpg,1,1,true,2,train,true
fashionpedia,train2020,9577,dd09ef641b8d3e521f55cd8a20c64e53.jpg,1,1,true,1,train,true
fashionpedia,train2020,9581,174d5b97e041df3be972a39c114df5e5.jpg,1,1,true,2,train,true
fashionpedia,train2020,9584,18f391d2a87cb2ba4d22ebe94c7ce252.jpg,1,1,true,3,train,true
fashionpedia,train2020,9585,c56b7b190faef99791455d243d2ea5e2.jpg,1,1,true,2,train,true
fashionpedia,train2020,9587,2976cdd5721c759a25c1b30f21a16d6b.jpg,1,1,true,1,train,true
fashionpedia,train2020,9590,6aa77abeca5ea2cffa50c5b715e4fe4b.jpg,1,1,true,1,train,true
fashionpedia,train2020,9593,2413a7cac41899f69402f98c04f65a8d.jpg,1,1,true,2,new_val,false
fashionpedia,train2020,9597,3fcf8b7dab1bafb294d7de9ff67aa4d2.jpg,1,1,true,3,train,true
fashionpedia,train2020,9598,2feedca0820795e366651424f156969d.jpg,1,1,true,3,new_val,false
fashionpedia,train2020,9611,93f072d73b4a42fab82a9ddde75fb1b5.jpg,1,1,true,1,train,true
fashionpedia,train2020,9612,8296923c574b5b4022e76087e134fe34.jpg,1,1,true,2,train,true
fashionpedia,train2020,9614,d192ee8bf689fe30815676030f53632f.jpg,1,1,true,5,train,true
fashionpedia,train2020,9615,33b0b726954fbc8bf425a998461f3a9e.jpg,1,1,true,2,train,true
fashionpedia,train2020,9616,3159f0980a5709645c7a9fb42792d42b.jpg,1,1,true,2,train,true
fashionpedia,train2020,9617,d0893d66a1ca488da4b198c2f4219d72.jpg,1,1,true,2,train,true
fashionpedia,train2020,9618,824517e68ba4acea1d362da6d3a8c896.jpg,1,1,true,2,train,true
fashionpedia,train2020,9624,0a79582ee084fdc420c368a41dd74276.jpg,1,1,true,3,train,true
fashionpedia,train2020,9626,095c91c4def3ce9f8296fdfbd6833c28.jpg,1,1,true,1,train,true
fashionpedia,train2020,9627,c5e03f13315ad369fd007d58d83b31a0.jpg,1,1,true,2,new_val,false
fashionpedia,train2020,9629,023f2eb91095b865fc204ad80c516b77.jpg,1,1,true,1,train,true
fashionpedia,train2020,9635,8ce34bfb3068b5b696d46a04037081b3.jpg,1,1,true,1,train,true
fashionpedia,train2020,9646,5ab00190d3a9f2e9d36a8e989ee2f043.jpg,1,1,true,2,train,true
fashionpedia,train2020,9648,f2723a23601268ae34cfcf2c7264c798.jpg,1,1,true,1,train,true
fashionpedia,train2020,9649,b1746ef0c7c463e125efc28597838dcd.jpg,1,1,true,3,train,true
fashionpedia,train2020,9659,fcee3ba45c7c80ab4cdeaa1698fec495.jpg,1,1,true,1,train,true
fashionpedia,train2020,9663,f436879d7ba07bbf8506f7858e066743.jpg,1,1,true,1,train,true
fashionpedia,train2020,9666,d0cfa23640f7e7127a193e33d469f8fd.jpg,1,1,true,1,train,true
fashionpedia,train2020,9670,8cc5727aea279bcb02c7aadd6eca1ef0.jpg,1,1,true,2,train,true
fashionpedia,train2020,9673,59d9b98a4d610211c8f905396df80ac3.jpg,1,1,true,1,train,true
fashionpedia,train2020,9679,0b301978b3453938b9a064a4b5dc72ff.jpg,1,1,true,3,train,true
fashionpedia,train2020,9685,afd16bca17012b4483ba363b7f770fd0.jpg,1,1,true,1,train,true
fashionpedia,train2020,9691,babe7e34b444891bfc3d2c2ef33ea5d1.jpg,1,1,true,2,train,true
fashionpedia,train2020,9694,083b1167ad07b0f4fdc71937a52b9756.jpg,1,1,true,2,train,true
fashionpedia,train2020,9697,3a224df61cfb4a1a5fd478e2be6ee3e9.jpg,1,1,true,1,new_val,false
fashionpedia,train2020,9704,756c60f8b9e410e36598adbf0c15e4c0.jpg,1,1,true,3,train,true
fashionpedia,train2020,9705,1686429961b6f8e449db42661c5ee6d7.jpg,1,1,true,1,new_val,false
fashionpedia,train2020,9708,6bc317fa437e1068ffe800e980e7b502.jpg,1,1,true,2,train,true
fashionpedia,train2020,9715,204c6b5223723ef9291e999a2e0e4b5a.jpg,1,1,true,3,train,true
fashionpedia,train2020,9719,5ba120889a6529cd798e19025a6baa1c.jpg,1,1,true,2,train,true
fashionpedia,train2020,9726,fe661f11c4fc516ece7687d35ed0064f.jpg,1,1,true,2,train,true
fashionpedia,train2020,9728,c6532bf8142dfca0b6ca07e641c4d313.jpg,1,1,true,1,train,true
fashionpedia,train2020,9732,d02b1836c3a4a17e20917cce162491c0.jpg,1,1,true,2,train,true
fashionpedia,train2020,9734,a67b694b8552c31c24477271967d04ec.jpg,1,1,true,3,train,true
fashionpedia,train2020,9739,7a8ebac101ca5d158f5662e49552a944.jpg,1,1,true,3,train,true
fashionpedia,train2020,9744,c4c29cbfa2715aee6d6ff6a1d7dcb8cd.jpg,1,1,true,3,train,true
fashionpedia,train2020,9746,f157d837f4d18c124c2c2f17b267f76d.jpg,1,1,true,3,train,true
fashionpedia,train2020,9749,03d229460458d4526894bccb2776cab1.jpg,1,1,true,2,train,true
fashionpedia,train2020,9751,ece99c6f98d2a711d94c11bb54cce29f.jpg,1,1,true,1,train,true
fashionpedia,train2020,9756,7a274ce98e177c550a422fa70bd6c193.jpg,1,1,true,2,train,true
fashionpedia,train2020,9757,2229622e5ebea23cfae450132099d1e5.jpg,1,1,true,2,train,true
fashionpedia,train2020,9762,47d51534ec82140d43dc3cc9df25b4ff.jpg,1,1,true,1,train,true
fashionpedia,train2020,9763,5e2a6a7db0585dcc528be8b8f19e19ce.jpg,1,1,true,1,train,true
fashionpedia,train2020,9768,2a13a03e7b74ed9ffee2345f9216b307.jpg,1,1,true,3,train,true
fashionpedia,train2020,9773,eb214a887113aeae8902116d5ebcb84a.jpg,1,1,true,1,new_val,false
fashionpedia,train2020,9778,5080642dd73473d7a4bb9fe4b7799a99.jpg,1,1,true,3,train,true
fashionpedia,train2020,9779,933cecdb18e436a63a70f9e533226eb2.jpg,1,1,true,2,train,true
fashionpedia,train2020,9787,a9ec1fc0010fbd2868c23827d8771367.jpg,1,1,true,2,train,true
fashionpedia,train2020,9790,0ef5d7aaa993086a3d2e290ec98f4285.jpg,1,1,true,3,train,true
fashionpedia,train2020,9797,f70c9f890ef6df21aff3b8222f30c9d6.jpg,1,1,true,1,new_val,false
fashionpedia,train2020,9799,cf2ae8d5fa47f5a495427ab35d4856da.jpg,1,1,true,1,train,true
fashionpedia,train2020,9801,52f3223751a31ed65e41dd146effbe33.jpg,1,1,true,2,train,true
fashionpedia,train2020,9804,97065b2da26bf0273624dbbf07fe78ef.jpg,1,1,true,3,new_val,false
fashionpedia,train2020,9806,4defe832378eacb48d9ea03a37fd71c9.jpg,1,1,true,3,train,true
fashionpedia,train2020,9809,108d70b8e13d911d7f7390b2748d94fc.jpg,1,1,true,3,train,true
fashionpedia,train2020,9814,f715b62b1aa5ca9aa78e269454c0c3b3.jpg,1,1,true,1,train,true
fashionpedia,train2020,9816,8836b18c388948474261f9f1c8ab6103.jpg,1,1,true,2,new_val,false
fashionpedia,train2020,9822,d5f9dfa42ec399c5a735ff1778ab6852.jpg,1,1,true,2,train,true
fashionpedia,train2020,9826,ca24646945a5bae5edf15ddfd56f4cc2.jpg,1,1,true,2,train,true
fashionpedia,train2020,9829,68c21788d2af7fcee35ce63398d8af27.jpg,1,1,true,2,train,true
fashionpedia,train2020,9830,8c7acc499a79680e2a87687fb30bcb76.jpg,1,1,true,2,train,true
fashionpedia,train2020,9833,79f50b74e14011697c071c72d7a09edf.jpg,1,1,true,2,train,true
fashionpedia,train2020,9837,92f30eba69b0390ae4f0ae0a869a4051.jpg,1,1,true,2,new_val,false
fashionpedia,train2020,9838,62efa4adc38540e0ddccd92d5838331f.jpg,1,1,true,2,new_val,false
fashionpedia,train2020,9843,bcd254673961306afc02b518ba4f654d.jpg,1,1,true,1,new_val,false
fashionpedia,train2020,9844,d9ddf27947cb58322edbe2eff0ffe956.jpg,1,1,true,1,new_val,false
fashionpedia,train2020,9851,b89a147b7e589c9ef33eb56ba9056117.jpg,1,1,true,1,train,true
fashionpedia,train2020,9853,3c7e85cdad1bd940998be2a0b59b5d52.jpg,1,1,true,2,train,true
fashionpedia,train2020,9855,9db65333bc1bce743bf0e49bceb00f1d.jpg,1,1,true,2,train,true
fashionpedia,train2020,9857,a2763ffc815052c7fdabe9d6ef85f53f.jpg,1,1,true,4,train,true
fashionpedia,train2020,9864,9617e9fa0995040269682d57508f8a95.jpg,1,1,true,2,train,true
fashionpedia,train2020,9865,3820440e69500d7e6611486f6235dad6.jpg,1,1,true,4,train,true
fashionpedia,train2020,9868,a9deeb7d68fa5dcf04eae016ff59a490.jpg,1,1,true,2,train,true
fashionpedia,train2020,9874,4f25f753d41d6273b3ee12ff3d2b2356.jpg,1,1,true,2,train,true
fashionpedia,train2020,9875,39da74d25cec0275554a27fec9db829a.jpg,1,1,true,2,train,true
fashionpedia,train2020,9882,5d30cda17620c05c3ac99e39e9b1e6ea.jpg,1,1,true,2,train,true
fashionpedia,train2020,9883,d74119f442e1abfd01b1cd93f04b6c88.jpg,1,1,true,1,train,true
fashionpedia,train2020,9884,82f6da39445102a90c27ddcee62345bf.jpg,1,1,true,1,new_val,false
fashionpedia,train2020,9886,dfabd7af3cb2e526e4c55d0d60e059c4.jpg,1,1,true,2,train,true
fashionpedia,train2020,9887,1a0523bea9f0efa00adb1279e6d1229e.jpg,1,1,true,1,train,true
fashionpedia,train2020,9890,f30e3a374309519194229b8153c51588.jpg,1,1,true,1,train,true
fashionpedia,train2020,9900,ef85ec5f5da20fa3d4b87f1af3ef1fee.jpg,1,1,true,3,train,true
fashionpedia,train2020,9903,04de26fbf467aad7175cfa5b820690e1.jpg,1,1,true,1,train,true
fashionpedia,train2020,9904,5d47c3ef3e7f05bbcf431ce8c3c63671.jpg,1,1,true,2,train,true
fashionpedia,train2020,9911,188bb31df0a11dafe4c4fff23ce06f05.jpg,1,1,true,3,train,true
fashionpedia,train2020,9917,48e1a91d4fcd62e883ed4d778be451e1.jpg,1,1,true,1,train,true
fashionpedia,train2020,9919,660d4d3b442d9ff0d66c42d4b80c3c71.jpg,1,1,true,2,new_val,false
fashionpedia,train2020,9923,337214e33e99f23deddd67954b1892bc.jpg,1,1,true,1,train,true
fashionpedia,train2020,9924,db5cf1bae5752de53173702d44857e2b.jpg,1,1,true,1,train,true
fashionpedia,train2020,9928,e41c28967b194dd829e678aa67c5b3a0.jpg,1,1,true,3,train,true
fashionpedia,train2020,9932,f998dd0192180d98295114bb425912bb.jpg,1,1,true,3,train,true
fashionpedia,train2020,9941,98b20c1873900307c7fae89474f4baad.jpg,1,1,true,3,train,true
fashionpedia,train2020,9942,810d31e67b2e13c9682d82158d3e5b0b.jpg,1,1,true,2,new_val,false
fashionpedia,train2020,9944,b9a8a521309d7846b35176c1f4edd507.jpg,1,1,true,1,train,true
fashionpedia,train2020,9946,eab97a1586bf707381bf2f9e3b3c678d.jpg,1,1,true,3,train,true
fashionpedia,train2020,9948,1856f18bd31975b66af7047e8849c200.jpg,1,1,true,1,train,true
fashionpedia,train2020,9957,15571bd84beb911ec77e0b8991a88b3b.jpg,1,1,true,1,train,true
fashionpedia,train2020,9958,1fb75a4d549ad13bf6f547ab4047bcea.jpg,1,1,true,1,new_val,false
fashionpedia,train2020,9961,c3354fe3d2e83869473d1ba7dc8f2be9.jpg,1,1,true,1,new_val,false
fashionpedia,train2020,9968,2d232f09d801c6159eb440bde8af5009.jpg,1,1,true,4,train,true
fashionpedia,train2020,9974,84b525b50c91249e70c12858bb07cf9e.jpg,1,1,true,2,new_val,false
fashionpedia,train2020,9976,58a1ee0da126b14cf3e57150449a5ed7.jpg,1,1,true,1,train,true
fashionpedia,train2020,9978,8005098ee4c56a34e0131fea48e10891.jpg,1,1,true,3,new_val,false
fashionpedia,train2020,9986,bc30b49c293381de47bb73f3f284c65c.jpg,1,1,true,1,train,true
fashionpedia,train2020,9991,13fb090b0dd3a267c759d0f34d9ea031.jpg,1,1,true,2,train,true
fashionpedia,train2020,9995,507029b509079324e9e4d0f4bd749b31.jpg,1,1,true,2,new_val,false
fashionpedia,train2020,9997,d7ef7d4091d99c2dc6bc8b6eb3a2d2dc.jpg,1,1,true,1,train,true
fashionpedia,train2020,10001,9b649e2db86a8f2814c5232431bf3bc2.jpg,1,1,true,1,train,true
fashionpedia,train2020,10005,a20a1c144032ec38c00201c5feb73c9d.jpg,1,1,true,3,new_val,false
fashionpedia,train2020,10010,0608e3ea22d604afc9b4a2adc4e55ac5.jpg,1,1,true,2,train,true
fashionpedia,train2020,10012,8b16bd100fe20f6cf01f9e62895593b8.jpg,1,1,true,1,train,true
fashionpedia,train2020,10015,ee3824a91d5f9734e9654d1d40fb9c16.jpg,1,1,true,2,train,true
fashionpedia,train2020,10019,397210032c8dfcb433d72597cb5ca662.jpg,1,1,true,2,train,true
fashionpedia,train2020,10022,db22d8b008da398035251bd6661ef1e2.jpg,1,1,true,1,train,true
fashionpedia,train2020,10025,55a908ba6043d1970648df5df8094760.jpg,1,1,true,2,train,true
fashionpedia,train2020,10038,8c0172362ab99b8713aae33dfc1e43db.jpg,1,1,true,2,train,true
fashionpedia,train2020,10039,f138a016f24bc54dcd122b77a1bfd550.jpg,1,1,true,2,train,true
fashionpedia,train2020,10043,c602f2fd73b8e6af2fd2d4112c22eb2d.jpg,1,1,true,1,new_val,false
fashionpedia,train2020,10053,0f4688d574f3f48357eee7955529a4e7.jpg,1,1,true,2,train,true
fashionpedia,train2020,10054,7a216b63af68d5074ad095b5e0390757.jpg,1,1,true,1,train,true
fashionpedia,train2020,10074,856be9a671e8c6a4eca6f3bb392e819e.jpg,1,1,true,1,train,true
fashionpedia,train2020,10081,257e9c974e0a03b43cd2a442502c6d8a.jpg,1,1,true,2,train,true
fashionpedia,train2020,10085,5d33aca5fc7686ac902ea675ee60b829.jpg,1,1,true,1,new_val,false
fashionpedia,train2020,10089,c1134bae79692530eb573624f957f863.jpg,1,1,true,1,train,true
fashionpedia,train2020,10091,f2f788dc445cc1fb9727ccd053280a03.jpg,1,1,true,1,train,true
fashionpedia,train2020,10093,fe27395fcf28bc78dd46fe4e2f23eff0.jpg,1,1,true,1,train,true
fashionpedia,train2020,10102,55bf9edcf9c62918bccff27a5629274a.jpg,1,1,true,4,train,true
fashionpedia,train2020,10103,987d1275baef8748fa351fad599611f2.jpg,1,1,true,2,new_val,false
fashionpedia,train2020,10107,594a6ed4683cf7d55a760e3ddc5b9b11.jpg,1,1,true,3,train,true
fashionpedia,train2020,10108,773c1e5599f0f329c8f3bfb03f648267.jpg,1,1,true,3,new_val,false
fashionpedia,train2020,10109,cc9334863dfd42ab37327fc443a0e9fc.jpg,1,1,true,3,train,true
fashionpedia,train2020,10110,71b5707e126ce567cd3a6b8cee1dee9c.jpg,1,1,true,1,train,true
fashionpedia,train2020,10112,3aac7633d61bdcd501898f71a3d36312.jpg,1,1,true,3,train,true
fashionpedia,train2020,10117,2c49ad5cb73748216e555afaa2ed400f.jpg,1,1,true,2,new_val,false
fashionpedia,train2020,10121,6062ff4de55a7e6ea467bdef2a0e9b86.jpg,1,1,true,2,train,true
fashionpedia,train2020,10125,3966661dd5c614b7c5f7125e5b98439f.jpg,1,1,true,2,train,true
fashionpedia,train2020,10134,49740d55501672593a2a02a5f5e68f3b.jpg,1,1,true,3,train,true
fashionpedia,train2020,10140,76c54e48ba036266ac0fa5eb72ff562d.jpg,1,1,true,2,train,true
fashionpedia,train2020,10143,4199f022eb209bf6e4f118f691ded765.jpg,1,1,true,3,train,true
fashionpedia,train2020,10146,9b3fc542b001d2f2b97489776e98eda1.jpg,1,1,true,2,train,true
fashionpedia,train2020,10148,446fef5f2ac22721683a34fc286bb98a.jpg,1,1,true,2,new_val,false
fashionpedia,train2020,10154,2c152d39f8561f268aa56ec9759e1bc1.jpg,1,1,true,1,train,true
fashionpedia,train2020,10156,3ac12dbf1e95784a36afa2b0ed513b35.jpg,1,1,true,1,train,true
fashionpedia,train2020,10163,ca9fbdcb9bf5d170867fc50e3900ef04.jpg,1,1,true,3,train,true
fashionpedia,train2020,10165,60fbde9ab5f29225bc5eb435decc06df.jpg,1,1,true,2,train,true
fashionpedia,train2020,10167,bf1146b4ea14cd9944c48a07f9d89d53.jpg,1,1,true,3,train,true
fashionpedia,train2020,10168,7aa0e7f2a44f4e0ae473eb1f57e5be4c.jpg,1,1,true,1,new_val,false
fashionpedia,train2020,10169,2c6eba6a479519da48e5c31337236dbc.jpg,1,1,true,2,train,true
fashionpedia,train2020,10178,b5b53b127e13bf1c741ba36444d7b351.jpg,1,1,true,2,new_val,false
fashionpedia,train2020,10182,386ec091a0ad3ad1077f8a9057a5843a.jpg,1,1,true,1,train,true
fashionpedia,train2020,10185,647f79c24762e70e30ee8b0393625bb8.jpg,1,1,true,1,train,true
fashionpedia,train2020,10187,f1667a426ae0a29f5f245aa143cd1519.jpg,1,1,true,1,new_val,false
fashionpedia,train2020,10196,040b38785f2845a11d51cb46237b4afc.jpg,1,1,true,1,new_val,false
fashionpedia,train2020,10198,d7b234cbb2e423644e7971b052a47aac.jpg,1,1,true,1,train,true
fashionpedia,train2020,10205,2765e8af999b261a7503327ac272da7d.jpg,1,1,true,3,train,true
fashionpedia,train2020,10209,110d67e8025430d1d69860b65e3a41b3.jpg,1,1,true,2,train,true
fashionpedia,train2020,10211,ca357fccd4de9d655a6847f6cf6c1a02.jpg,1,1,true,1,train,true
fashionpedia,train2020,10213,d4d968df0e4d119620937c795f421a30.jpg,1,1,true,3,train,true
fashionpedia,train2020,10214,38558f8b477ad1c7ada55dd6e1dcd73e.jpg,1,1,true,2,new_val,false
fashionpedia,train2020,10221,e936f38c50ed80749820725ccd24377e.jpg,1,1,true,2,new_val,false
fashionpedia,train2020,10227,9bda52de595cbfe22fc26a7ffa3cf1ee.jpg,1,1,true,1,new_val,false
fashionpedia,train2020,10233,cdb1d92e5719e3316830dc9f10745b17.jpg,1,1,true,1,new_val,false
fashionpedia,train2020,10235,029c93eefbb9c0a10634b190a9ed0bb8.jpg,1,1,true,2,train,true
fashionpedia,train2020,10237,4d48ff1d3270016628ff8f169e75a7a4.jpg,1,1,true,2,train,true
fashionpedia,train2020,10245,d289ad8094c05c3a0c8ecd2fd73e822e.jpg,1,1,true,1,new_val,false
fashionpedia,train2020,10246,195d575bfb98629d432f981a6c59457a.jpg,1,1,true,3,train,true
fashionpedia,train2020,10247,354fca0f6e52306965c1a1d568cca32f.jpg,1,1,true,2,train,true
fashionpedia,train2020,10262,3c1c157380f76853350bbe7d0daf7c7f.jpg,1,1,true,1,train,true
fashionpedia,train2020,10270,685371a05ffa59aa723d9680558fb1a0.jpg,1,1,true,3,train,true
fashionpedia,train2020,10277,35c33dc422cc4ca93cbdecf18c531f43.jpg,1,1,true,2,train,true
fashionpedia,train2020,10280,b801d7b966489bf45434cb167b19cf7c.jpg,1,1,true,1,new_val,false
fashionpedia,train2020,10283,e2386b294a7ba9ad195c0b2aa47379f9.jpg,1,1,true,1,train,true
fashionpedia,train2020,10287,d3e31b11476d16067549acde3315d357.jpg,1,1,true,2,train,true
fashionpedia,train2020,10288,2e572e4b7b351668026c844284479d0d.jpg,1,1,true,4,train,true
fashionpedia,train2020,10295,8c7a91fece12a23070c842c3ddf60acc.jpg,1,1,true,1,train,true
fashionpedia,train2020,10296,0e41938ecf8067c19cab7833afde0e0a.jpg,1,1,true,2,train,true
fashionpedia,train2020,10297,2bd800795275d03c8494dd7b2502f006.jpg,1,1,true,1,train,true
fashionpedia,train2020,10299,da9fca5f0e0c8ade80bb8802a6eb7c3a.jpg,1,1,true,3,train,true
fashionpedia,train2020,10307,0652f833bff881d66142c376ab9d2ab1.jpg,1,1,true,2,train,true
fashionpedia,train2020,10309,530eea818705927c208cf6fe90299c5a.jpg,1,1,true,1,train,true
fashionpedia,train2020,10310,aea6dd8cc23e2594157cd31451977aa0.jpg,1,1,true,2,train,true
fashionpedia,train2020,10311,a95790aaadfaf6d66d1c42785790a57f.jpg,1,1,true,2,new_val,false
fashionpedia,train2020,10314,8c6bb0386a49cc3fcf73f8637c55209d.jpg,1,1,true,3,train,true
fashionpedia,train2020,10320,2d8b75ce472dbebd41ca8527f0a292f3.jpg,1,1,true,2,train,true
fashionpedia,train2020,10322,96b28b3684a6e5797236577453956191.jpg,1,1,true,1,new_val,false
fashionpedia,train2020,10323,136a1bf511a2a604612761a3f9cce7af.jpg,1,1,true,2,train,true
fashionpedia,train2020,10328,b05104088f3c7fb12520e1ff9b74c65a.jpg,1,1,true,2,train,true
fashionpedia,train2020,10332,f087aced5e7f0815590508e97dc1d58a.jpg,1,1,true,1,train,true
fashionpedia,train2020,10333,5a83cc24df5aa0b40d487aa72f440c92.jpg,1,1,true,2,train,true
fashionpedia,train2020,10338,da58d8bbf3fc4845434d161aba6f1035.jpg,1,1,true,2,train,true
fashionpedia,train2020,10340,39247a9fed69bf43938d3a753482481d.jpg,1,1,true,2,train,true
fashionpedia,train2020,10344,dec2d83c0dcffee4483500c65bdf6a03.jpg,1,1,true,1,train,true
fashionpedia,train2020,10351,53a5512d83a26c4c372ef3cc452b57b3.jpg,1,1,true,2,train,true
fashionpedia,train2020,10353,68bd642cc02e50e3b9688a21e941d304.jpg,1,1,true,1,new_val,false
fashionpedia,train2020,10354,ea2db85e277317b47b0d8f90afa570fb.jpg,1,1,true,2,train,true
fashionpedia,train2020,10355,7c7c39c5f4793972ed12fe661df9b3b5.jpg,1,1,true,2,train,true
fashionpedia,train2020,10356,435d5c3c0684fc0450c044d08fcf46e2.jpg,1,1,true,3,train,true
fashionpedia,train2020,10358,81e7bbb99c81987215705d0ce997f3ae.jpg,1,1,true,2,train,true
fashionpedia,train2020,10359,2e49eb8a326e78b76b9d92e2ce68226c.jpg,1,1,true,1,train,true
fashionpedia,train2020,10366,95c4e5d4a65829d0206888e428300c3e.jpg,1,1,true,3,train,true
fashionpedia,train2020,10367,18afea23d4a744668f1a3e8b092a5ad6.jpg,1,1,true,3,train,true
fashionpedia,train2020,10371,93d43332a8491b83ba788083f1a0bf07.jpg,1,1,true,3,new_val,false
fashionpedia,train2020,10375,427bf0f0ba1256511ad996d7f47a171c.jpg,1,1,true,1,new_val,false
fashionpedia,train2020,10376,4a3e15ea81cb42806c2bcd4480310633.jpg,1,1,true,4,train,true
fashionpedia,train2020,10378,45fc072fc616ed826fb53312b0bcd3b1.jpg,1,1,true,1,train,true
fashionpedia,train2020,10379,e8807686e8cc8aa2e2fa2f6735d1c2c6.jpg,1,1,true,2,train,true
fashionpedia,train2020,10383,5d575d53bfbebf9d933ec96940194ad7.jpg,1,1,true,2,train,true
fashionpedia,train2020,10385,6d0f4ed4cda7de056e0a1d7845f03745.jpg,1,1,true,1,train,true
fashionpedia,train2020,10388,f210ec90d0e77caaf34dab093d1f368d.jpg,1,1,true,4,new_val,false
fashionpedia,train2020,10397,1403e171dba567b42c525edcd5bc8591.jpg,1,1,true,2,train,true
fashionpedia,train2020,10398,c7eb7e6a6415329e0ee945584c893ea1.jpg,1,1,true,2,train,true
fashionpedia,train2020,10405,476761619a0995ea678964d9ad3f7ef9.jpg,1,1,true,1,train,true
fashionpedia,train2020,10419,257dea53d564cc4a3dc313397831395b.jpg,1,1,true,1,train,true
fashionpedia,train2020,10420,bd0ef612a7edff9f2d8ff150396113fb.jpg,1,1,true,1,new_val,false
fashionpedia,train2020,10425,56cfa8ddb3f5c2b5d1c393ca1d085c48.jpg,1,1,true,1,train,true
fashionpedia,train2020,10427,5936cd5fc6724645d7b61fc2128049b7.jpg,1,1,true,2,new_val,false
fashionpedia,train2020,10428,2dfe2d8246c11ec02d81ab4e98e65e2d.jpg,1,1,true,1,train,true
fashionpedia,train2020,10432,341004f241f80e7bf512e24cbf9c995d.jpg,1,1,true,2,new_val,false
fashionpedia,train2020,10435,92e600153c66acb709bcc6c285101ede.jpg,1,1,true,2,train,true
fashionpedia,train2020,10437,43daa7a58034610b8c6840f16a9e66ea.jpg,1,1,true,2,train,true
fashionpedia,train2020,10438,ee7a64e2c83fc3a4588426b1ddd01d65.jpg,1,1,true,2,train,true
fashionpedia,train2020,10442,5b9e588c8a3fafafb0505ba5533e788f.jpg,1,1,true,1,new_val,false
fashionpedia,train2020,10445,2944458e3cce1da3d4d035987c4389c2.jpg,1,1,true,2,train,true
fashionpedia,train2020,10447,cdbf052e245ad905997630e07aa54a70.jpg,1,1,true,1,train,true
fashionpedia,train2020,10457,85a671bdcf819473f4975f9cbb03f69f.jpg,1,1,true,2,train,true
fashionpedia,train2020,10459,5721f7de2633e0c4549aa275ff9b1b80.jpg,1,1,true,1,train,true
fashionpedia,train2020,10473,9127a3d9c41a9a3f166b10a48a49994f.jpg,1,1,true,2,new_val,false
fashionpedia,train2020,10475,37f2b8de6a2a46c9142509e5cbf8fe77.jpg,1,1,true,3,train,true
fashionpedia,train2020,10487,029720c77ebda81f6a57efd7a34df406.jpg,1,1,true,2,train,true
fashionpedia,train2020,10498,2cb3469f84a0127a867030437eab0a67.jpg,1,1,true,3,new_val,false
fashionpedia,train2020,10499,9ce9488e0dc3f5927ea0e247b719e3d2.jpg,1,1,true,2,train,true
fashionpedia,train2020,10500,64d7d5fce47473e1b8a477992103bcca.jpg,1,1,true,3,train,true
fashionpedia,train2020,10502,65c7019df7464fa2c0026766737b211d.jpg,1,1,true,2,train,true
fashionpedia,train2020,10506,bd212e33a1cb0225be741856e2101dcd.jpg,1,1,true,2,train,true
fashionpedia,train2020,10507,06be88288ff65f00926e8d8c6f80550e.jpg,1,1,true,1,train,true
fashionpedia,train2020,10508,450b7931590c5a3ba129671b5b6ac332.jpg,1,1,true,2,train,true
fashionpedia,train2020,10510,f43d9edcfb534e1ab5a67c4d22f47424.jpg,1,1,true,2,train,true
fashionpedia,train2020,10513,78d750a62f3eeffe98e3cd1f120afe23.jpg,1,1,true,1,train,true
fashionpedia,train2020,10522,7aea3a12309995aefbe9ecb41ec1c905.jpg,1,1,true,1,train,true
fashionpedia,train2020,10528,d6c5845329b1f3a6feb4e4f1f461fbe5.jpg,1,1,true,3,train,true
fashionpedia,train2020,10529,1f4ef32a144e7249bb9f1564943a97cc.jpg,1,1,true,3,train,true
fashionpedia,train2020,10534,5c47e70237cafecb644d33c6ea45cd03.jpg,1,1,true,3,new_val,false
fashionpedia,train2020,10535,3afff211d870c3c39982cf1c64047501.jpg,1,1,true,2,new_val,false
fashionpedia,train2020,10540,17eaafe36e4ef33cb9e9477cf539b492.jpg,1,1,true,1,train,true
fashionpedia,train2020,10546,b04501da81043cde6b93552790ae82ba.jpg,1,1,true,1,train,true
fashionpedia,train2020,10547,d464914e82cf76f29057fdf8239fe608.jpg,1,1,true,1,new_val,false
fashionpedia,train2020,10548,2e0a80a13ac18d5ce3eca0ee1eced0d1.jpg,1,1,true,3,train,true
fashionpedia,train2020,10552,68ef636ad2ea3011dffa99754c100cc1.jpg,1,1,true,2,train,true
fashionpedia,train2020,10559,36e2bc67f5c74b082b3dacea498517be.jpg,1,1,true,2,new_val,false
fashionpedia,train2020,10562,6d953b8428818528b1fbda1583e606ff.jpg,1,1,true,1,train,true
fashionpedia,train2020,10567,82fe8527b72573515cc3f290cd6c3c02.jpg,1,1,true,1,train,true
fashionpedia,train2020,10570,ca3a828816904919a937e33bc14bc800.jpg,1,1,true,1,train,true
fashionpedia,train2020,10576,699369e05de6ba0776ade617abe7a0c8.jpg,1,1,true,2,train,true
fashionpedia,train2020,10579,a930045dc631ec6645eb93f97e6c9579.jpg,1,1,true,3,train,true
fashionpedia,train2020,10580,3590c9be20b897fed85f455d6117068b.jpg,1,1,true,3,train,true
fashionpedia,train2020,10583,54d42ef24fa1132eb4c86fd7cdd744e6.jpg,1,1,true,3,train,true
fashionpedia,train2020,10585,102f4972ebb127f8c54fdb6c74080d55.jpg,1,1,true,2,train,true
fashionpedia,train2020,10588,99166cec8484a376546844ef0e21dfc9.jpg,1,1,true,3,train,true
fashionpedia,train2020,10599,8d56f1150861551b1b8b250a6c91f40b.jpg,1,1,true,4,train,true
fashionpedia,train2020,10606,70b519a99948ec9abcaa38558d15d887.jpg,1,1,true,2,train,true
fashionpedia,train2020,10607,381b5ec357d703e2ca999f044013cf57.jpg,1,1,true,1,new_val,false
fashionpedia,train2020,10623,8dc705a9fa2023d3f932aba081f32b32.jpg,1,1,true,3,train,true
fashionpedia,train2020,10625,13cccf08845272933658c6e2356e235a.jpg,1,1,true,1,train,true
fashionpedia,train2020,10626,a92758f484ed7a09428737b958db3556.jpg,1,1,true,1,train,true
fashionpedia,train2020,10627,af0fe7b1f00bf1c8b4abb189d86abe7a.jpg,1,1,true,1,new_val,false
fashionpedia,train2020,10629,dd57a51e74434eddfea67b6f0cf678c5.jpg,1,1,true,1,train,true
fashionpedia,train2020,10635,e6ad31caebf0740eb574ee88f2dedd2d.jpg,1,1,true,3,train,true
fashionpedia,train2020,10640,afd87af9a2d02c450be3e54fafb4c150.jpg,1,1,true,2,train,true
fashionpedia,train2020,10641,89f0c71b028502efe2a3c0a3cbabbe35.jpg,1,1,true,2,train,true
fashionpedia,train2020,10652,e11a16174fd478e08db71a7eab38d17e.jpg,1,1,true,2,train,true
fashionpedia,train2020,10655,94d3803cb1159421b5e13489954745c9.jpg,1,1,true,1,train,true
fashionpedia,train2020,10659,8e0dc2d45647f9d8f38f540f310ff835.jpg,1,1,true,2,train,true
fashionpedia,train2020,10666,766c6cd67eb8ba5b7da3e54a617fbc85.jpg,1,1,true,1,train,true
fashionpedia,train2020,10670,cdff9665b61d2f382d547ee225a7fdc8.jpg,1,1,true,4,train,true
fashionpedia,train2020,10676,650fb8c2f644c556d0a4a407b8f9dc05.jpg,1,1,true,1,train,true
fashionpedia,train2020,10685,90763470d70bb5ef99707ddd45df6501.jpg,1,1,true,2,train,true
fashionpedia,train2020,10687,79475cddca1338e2c46c8021861ad925.jpg,1,1,true,2,train,true
fashionpedia,train2020,10688,cdc7e1365e12ced0f9d2359e6c97b8fd.jpg,1,1,true,1,new_val,false
fashionpedia,train2020,10689,fceb7f46f69278bb828a4a2545a450e3.jpg,1,1,true,1,train,true
fashionpedia,train2020,10695,f6060e267616211ae44041827486e274.jpg,1,1,true,3,train,true
fashionpedia,train2020,10697,f6f3dfe4edacf706b0d39381474c8620.jpg,1,1,true,2,train,true
fashionpedia,train2020,10702,19cf188a49a2aeaa580bb3ffc3fcf4bd.jpg,1,1,true,1,train,true
fashionpedia,train2020,10704,950a4de4fb5fe7bf00e058cddd7ce3f6.jpg,1,1,true,1,train,true
fashionpedia,train2020,10706,2dc2f07210b3597f99a93695b143764b.jpg,1,1,true,4,train,true
fashionpedia,train2020,10709,42da73d0d99e8b3eaa51bcfb7587add1.jpg,1,1,true,2,train,true
fashionpedia,train2020,10712,343e8cb268233e30d6452337a4149feb.jpg,1,1,true,1,train,true
fashionpedia,train2020,10713,f784084a5f87763a4be8e15de597bb1f.jpg,1,1,true,1,train,true
fashionpedia,train2020,10715,ec1ef7f908382a7115d6ffb9ee5b20de.jpg,1,1,true,2,train,true
fashionpedia,train2020,10717,9d829980246e3b4fa7164eaad9210cdb.jpg,1,1,true,1,train,true
fashionpedia,train2020,10718,dcba2952669d8238721fe5b4b2809686.jpg,1,1,true,1,train,true
fashionpedia,train2020,10723,ec4898ce293c0fce9e3df490ef83741d.jpg,1,1,true,3,train,true
fashionpedia,train2020,10725,41bd32f25ffe00a2d17c214b7325210c.jpg,1,1,true,3,new_val,false
fashionpedia,train2020,10726,76d41787252081841c1c89dee63fad9b.jpg,1,1,true,2,train,true
fashionpedia,train2020,10736,a1d6421e3a912ebbd981d5a888e377ea.jpg,1,1,true,2,new_val,false
fashionpedia,train2020,10741,77a2521e82d3d73a3307b6c5db595543.jpg,1,1,true,3,train,true
fashionpedia,train2020,10744,c93a9aada87c9ada6b1c3c24a90f5cef.jpg,1,1,true,1,new_val,false
fashionpedia,train2020,10749,73de9da69ac69f1e9ffdfa12dce3b96a.jpg,1,1,true,2,train,true
fashionpedia,train2020,10751,8e52ed7e455fc8b87a47f9de643baaf9.jpg,1,1,true,2,train,true
fashionpedia,train2020,10755,446f1b6e9b4fa68f114451715cda2abf.jpg,1,1,true,1,train,true
fashionpedia,train2020,10761,2cfdce07e7d9779023eb9b5e79ef1f5b.jpg,1,1,true,1,train,true
fashionpedia,train2020,10762,03dc56808c0ae00287d11d9715a22e9b.jpg,1,1,true,2,train,true
fashionpedia,train2020,10765,52701206aa3166fffe2d070fae9b18aa.jpg,1,1,true,2,train,true
fashionpedia,train2020,10786,5b284d4e6b9d044d7e10ecad56909699.jpg,1,1,true,2,train,true
fashionpedia,train2020,10788,a267998360d1bfff1cb812dbf99f0d7c.jpg,1,1,true,2,new_val,false
fashionpedia,train2020,10791,c7a6197ca56942f2b95970848d0fb71e.jpg,1,1,true,1,train,true
fashionpedia,train2020,10794,a4acf4755cad3cacd437c865031b7473.jpg,1,1,true,1,new_val,false
fashionpedia,train2020,10796,8abe5b1bea8c88e86ec92bdd327bff8d.jpg,1,1,true,3,train,true
fashionpedia,train2020,10802,1b4499548b60d37144b5d59467004a8b.jpg,1,1,true,2,train,true
fashionpedia,train2020,10809,78084939746eaadb898c8357d57736bf.jpg,1,1,true,1,train,true
fashionpedia,train2020,10821,ee3f887043e3ac89d2e7650deb12f371.jpg,1,1,true,2,new_val,false
fashionpedia,train2020,10824,2c12496659099a9150f69b83e5b29e72.jpg,1,1,true,1,train,true
fashionpedia,train2020,10828,6ca95b11958bda27fc6d7f8575d5cd11.jpg,1,1,true,3,train,true
fashionpedia,train2020,10830,ccbc132e29e4527f7a2933219491def1.jpg,1,1,true,2,train,true
fashionpedia,train2020,10832,06f0724e2968f69399663b40e4edb893.jpg,1,1,true,3,new_val,false
fashionpedia,train2020,10845,07d4691096fe094037eec5b37989ebec.jpg,1,1,true,1,train,true
fashionpedia,train2020,10849,d0bbc1aea65943a164b0814592a58e4e.jpg,1,1,true,2,train,true
fashionpedia,train2020,10853,989082aa8c6cd1f2b3754ee732b28d8d.jpg,1,1,true,4,new_val,false
fashionpedia,train2020,10863,61f7fed01b65eb7021e08937aa108af8.jpg,1,1,true,1,train,true
fashionpedia,train2020,10864,aef2705e2eb9ce3316c7109726b9aeb7.jpg,1,1,true,1,train,true
fashionpedia,train2020,10867,664639721193c343337a27cbc25d27c9.jpg,1,1,true,2,train,true
fashionpedia,train2020,10872,4b5bed5cc6af4dfd7bd2d7e4f36ededb.jpg,1,1,true,1,new_val,false
fashionpedia,train2020,10874,b1dbfc62cc5dc52d406be892335a9cb3.jpg,1,1,true,2,train,true
fashionpedia,train2020,10876,019a1e05bd9bf4d9c18d12f631b9cfc1.jpg,1,1,true,4,new_val,false
fashionpedia,train2020,10878,e0cad081fe50880527c09d2dd933113b.jpg,1,1,true,2,train,true
fashionpedia,train2020,10886,c18039f4e7228ef47871f70f4f1c718f.jpg,1,1,true,1,new_val,false
fashionpedia,train2020,10890,25485e7fda88472e46643d9cbb13e606.jpg,1,1,true,1,train,true
fashionpedia,train2020,10896,48ca49776b5df326c70e57a956f8a22b.jpg,1,1,true,3,train,true
fashionpedia,train2020,10897,e3a74a0227f7ecb3f73908b319f56b60.jpg,1,1,true,2,new_val,false
fashionpedia,train2020,10902,6f3dada872794ae256f8bfc8a97478f3.jpg,1,1,true,2,train,true
fashionpedia,train2020,10906,35d5a45298ad70b29cdfc5792555bb26.jpg,1,1,true,3,train,true
fashionpedia,train2020,10910,c133f85767a7ded60be7aed8557e9372.jpg,1,1,true,2,train,true
fashionpedia,train2020,10915,896dc217a989109dbe81744869f5e7ab.jpg,1,1,true,2,train,true
fashionpedia,train2020,10916,d0fa3094103baa2f1a2ecb1807663da0.jpg,1,1,true,1,train,true
fashionpedia,train2020,10931,68104e695b566ff1dc449f80902eca5d.jpg,1,1,true,2,train,true
fashionpedia,train2020,10936,ba90b20843dd3eaca232b7d5b36e1829.jpg,1,1,true,3,train,true
fashionpedia,train2020,10938,6c81260495829af12be8ecb60553c403.jpg,1,1,true,2,train,true
fashionpedia,train2020,10950,e45e53ebc724041dc531742716ffb4fb.jpg,1,1,true,1,train,true
fashionpedia,train2020,10956,d086a6a80783e995d4463641d7db1bf1.jpg,1,1,true,2,new_val,false
fashionpedia,train2020,10958,190e4aad968fd9752eeb30ad08b941fc.jpg,1,1,true,1,train,true
fashionpedia,train2020,10961,a82d5812b19521458c51d063ec084d29.jpg,1,1,true,3,train,true
fashionpedia,train2020,10965,70e7968735b9f4a3543a7a92eb194d2d.jpg,1,1,true,3,train,true
fashionpedia,train2020,10974,017ecf3e725226aa94c62d8e84223983.jpg,1,1,true,3,train,true
fashionpedia,train2020,10975,967e1c10b8c852070b86dda306c755b6.jpg,1,1,true,1,train,true
fashionpedia,train2020,10979,d0fcb5158078f7c3963baf3b13f3369c.jpg,1,1,true,2,new_val,false
fashionpedia,train2020,10982,875ec980ab581904191afb1dbc6bd709.jpg,1,1,true,2,train,true
fashionpedia,train2020,10985,28c57540e1238d0e01599f27f74496a1.jpg,1,1,true,2,train,true
fashionpedia,train2020,10986,9045f084f8213ff6d408d3c0ca142cf7.jpg,1,1,true,2,train,true
fashionpedia,train2020,10987,627def734fdfe8ae17fe9f0453724a20.jpg,1,1,true,2,new_val,false
fashionpedia,train2020,10993,645220f2348d54a67e7a09f9e34f52a1.jpg,1,1,true,3,train,true
fashionpedia,train2020,10995,f43fa32e4f63f7b7a1fb3eb34d785b2d.jpg,1,1,true,1,train,true
fashionpedia,train2020,10998,0f4b11f35fdf074f6957e9d843dc09bb.jpg,1,1,true,1,train,true
fashionpedia,train2020,11001,8301c668098c9bea739965e2e369c78d.jpg,1,1,true,2,new_val,false
fashionpedia,train2020,11002,10b32d4261defee06a42a1d318270907.jpg,1,1,true,1,train,true
fashionpedia,train2020,11003,9a188746773b0480ad30be16a0aa9d6b.jpg,1,1,true,1,train,true
fashionpedia,train2020,11011,58614673eb185bc7c527c375dcfaf31d.jpg,1,1,true,1,train,true
fashionpedia,train2020,11016,1dab6d4a381002898330fe8a855d5190.jpg,1,1,true,1,train,true
fashionpedia,train2020,11028,ab5ee2b62ab27eb284a65e0b69eb3786.jpg,1,1,true,1,train,true
fashionpedia,train2020,11040,b6a2503bebef620fd947776fbb5c0c02.jpg,1,1,true,1,new_val,false
fashionpedia,train2020,11048,835316e548cbf8b88587c3c0d5fe4703.jpg,1,1,true,1,train,true
fashionpedia,train2020,11054,d990ef2f53ad0fa7c73891befb045ec2.jpg,1,1,true,3,train,true
fashionpedia,train2020,11055,6037be505277f4028d3c65df5519a970.jpg,1,1,true,1,new_val,false
fashionpedia,train2020,11058,8139c8a1894285d20a39da83af41816e.jpg,1,1,true,1,train,true
fashionpedia,train2020,11059,930ccb8e38757ee554598497442871ca.jpg,1,1,true,2,train,true
fashionpedia,train2020,11067,65e0757d9080c021008b33f2de80ad66.jpg,1,1,true,4,train,true
fashionpedia,train2020,11075,71c5df3c22fab58db477e4efca784640.jpg,1,1,true,1,train,true
fashionpedia,train2020,11076,f3cf8a9a239f56610d8dd0aa53200589.jpg,1,1,true,1,train,true
fashionpedia,train2020,11081,0fd6a710fe7a682d45483e0fe45cba34.jpg,1,1,true,1,train,true
fashionpedia,train2020,11082,cb58feeaba59b6dce6d51a59927c379c.jpg,1,1,true,2,train,true
fashionpedia,train2020,11086,03ebb3b4c195415126834c89f8da55b5.jpg,1,1,true,3,train,true
fashionpedia,train2020,11087,f04ff77914e5a28fd4273fb72421cf2a.jpg,1,1,true,1,train,true
fashionpedia,train2020,11088,7f32db8bd422cd07c4de207a0a963580.jpg,1,1,true,2,train,true
fashionpedia,train2020,11092,6e61d7f8015badaaa8c6914613550075.jpg,1,1,true,1,train,true
fashionpedia,train2020,11099,a7275faf5b1e50eb6349ea3142d389fd.jpg,1,1,true,2,train,true
fashionpedia,train2020,11107,44c59770d46e5c80ed618a995e86099a.jpg,1,1,true,3,train,true
fashionpedia,train2020,11108,a90ed2f92e053add876eb5ff7e7c5766.jpg,1,1,true,2,new_val,false
fashionpedia,train2020,11109,c3501c8e0d277900681b93ad6094f074.jpg,1,1,true,1,train,true
fashionpedia,train2020,11110,beb5043902e64ae055c6c3b29a67d84d.jpg,1,1,true,3,train,true
fashionpedia,train2020,11112,fbcd0eb03964f2378fcfc68af46a0b6d.jpg,1,1,true,1,train,true
fashionpedia,train2020,11113,5b1a1120841b0b40d55b71432e520178.jpg,1,1,true,1,new_val,false
fashionpedia,train2020,11115,2ca8236d41b7a12e208e24f1a115d1a9.jpg,1,1,true,1,train,true
fashionpedia,train2020,11116,a66030985ec6a5a82f33e4f269621cbb.jpg,1,1,true,1,train,true
fashionpedia,train2020,11118,85a1a761e51b3106934640d1e00a9f68.jpg,1,1,true,3,train,true
fashionpedia,train2020,11128,db97077f7730a5ddc7c33422abfb9e71.jpg,1,1,true,1,train,true
fashionpedia,train2020,11129,23c7de0d199352b240c1bfbc486a2bcd.jpg,1,1,true,2,train,true
fashionpedia,train2020,11131,63d856b51d244b44379faf64988dd3ea.jpg,1,1,true,2,new_val,false
fashionpedia,train2020,11134,dfd57b1536cb80e4764f0a7443bc0a75.jpg,1,1,true,3,train,true
fashionpedia,train2020,11138,cd930d273cf8d9ef3491255d181230ce.jpg,1,1,true,2,train,true
fashionpedia,train2020,11146,e32e4ef610717ad138aa4bd27da0aa5b.jpg,1,1,true,1,train,true
fashionpedia,train2020,11147,22722cf5130f94811e8bfd189c435e87.jpg,1,1,true,3,train,true
fashionpedia,train2020,11148,b156b849ec3eed0183475f6d2854561b.jpg,1,1,true,2,train,true
fashionpedia,train2020,11149,7ce5af64694609ac83050e972ea149ed.jpg,1,1,true,2,new_val,false
fashionpedia,train2020,11150,1ddb302157af2dc4c89eb7df04899de3.jpg,1,1,true,1,train,true
fashionpedia,train2020,11156,a568341ca24a87069b90f31fd476cad1.jpg,1,1,true,2,train,true
fashionpedia,train2020,11163,c0945d79df6fe7eeb2411d1d342b1f9e.jpg,1,1,true,3,train,true
fashionpedia,train2020,11166,51694e465e8a187c035b638bc167fdbd.jpg,1,1,true,1,new_val,false
fashionpedia,train2020,11168,ee562e9aef01b9bd925f5d1c93c966dd.jpg,1,1,true,2,train,true
fashionpedia,train2020,11170,80effdcfd37adc05b601bd08df6140fc.jpg,1,1,true,1,train,true
fashionpedia,train2020,11173,fba600efd712688db57c2543ffe4cbc9.jpg,1,1,true,1,train,true
fashionpedia,train2020,11180,5f00771ca43cf44ddb7b90e04e0450b5.jpg,1,1,true,2,train,true
fashionpedia,train2020,11181,a63815fa6bfebfee7ce111d578660219.jpg,1,1,true,3,train,true
fashionpedia,train2020,11192,c4b793ad2c802e4e1de551510ea243b9.jpg,1,1,true,3,train,true
fashionpedia,train2020,11193,d5e546b7b291eb605211d7bf3a2e10a0.jpg,1,1,true,3,new_val,false
fashionpedia,train2020,11208,97d321ff60387f801ff22234cc9729e5.jpg,1,1,true,1,new_val,false
fashionpedia,train2020,11209,aea355c5e6e0e0ac843409903e5b0fdd.jpg,1,1,true,2,new_val,false
fashionpedia,train2020,11212,13760651cf4373bda39c46cea172c751.jpg,1,1,true,1,train,true
fashionpedia,train2020,11219,bd04d75bb8e6df79956d3cd49cfa1b4a.jpg,1,1,true,3,new_val,false
fashionpedia,train2020,11220,62c9250998e7b179706bb7c7aac297c9.jpg,1,1,true,2,new_val,false
fashionpedia,train2020,11226,6e38909277273f871f8162e81e783b67.jpg,1,1,true,2,train,true
fashionpedia,train2020,11237,33cf37ba95a44f7bc311a79658e4fe10.jpg,1,1,true,2,train,true
fashionpedia,train2020,11245,f9091f1bc67effd49438c9f6f838bb50.jpg,1,1,true,3,new_val,false
fashionpedia,train2020,11259,f58bce058cf3b530c0062f18c7fd82d1.jpg,1,1,true,2,train,true
fashionpedia,train2020,11260,e09a5d804d6529dc64b8fc57555385d6.jpg,1,1,true,1,train,true
fashionpedia,train2020,11271,dbca250f2aa9a331d8dc286c4a55ccf8.jpg,1,1,true,2,train,true
fashionpedia,train2020,11278,661bba1b15d772e7ad438b6f4b449aec.jpg,1,1,true,1,train,true
fashionpedia,train2020,11280,fddb12733e838610757cd379bf85957c.jpg,1,1,true,1,train,true
fashionpedia,train2020,11283,656fdfcb27c3035f9b4b43cf1bf3348f.jpg,1,1,true,1,train,true
fashionpedia,train2020,11285,4dffec31c018a9a448d25b4f451403b7.jpg,1,1,true,1,train,true
fashionpedia,train2020,11296,9385ce99735e712dd595a9a9066c5798.jpg,1,1,true,1,train,true
fashionpedia,train2020,11300,dba03ae873e41fe576b6167eba915695.jpg,1,1,true,2,train,true
fashionpedia,train2020,11307,2102fde2c77fc1ca36fcd35f7306ee18.jpg,1,1,true,2,train,true
fashionpedia,train2020,11310,d873a748c2fe74367a6f5567b6237c0d.jpg,1,1,true,1,train,true
fashionpedia,train2020,11317,41531bec711e2ae37897d9a535c20512.jpg,1,1,true,2,new_val,false
fashionpedia,train2020,11319,45988458d0eedc4f89f85f7e38edc79b.jpg,1,1,true,1,train,true
fashionpedia,train2020,11324,976d5e391dda2f65eeb16eab3fb0affc.jpg,1,1,true,1,train,true
fashionpedia,train2020,11327,a079aab923e31b6ea65fac7a480c27a0.jpg,1,1,true,2,train,true
fashionpedia,train2020,11331,e5e93fdd9b376329455eafd1dda72fab.jpg,1,1,true,2,train,true
fashionpedia,train2020,11334,ff4d82d9dad9daf361012dcabda26f2f.jpg,1,1,true,2,train,true
fashionpedia,train2020,11339,d7c1887ebc23d01f7d57dc67c037a61c.jpg,1,1,true,2,new_val,false
fashionpedia,train2020,11342,5c73b2efa4d7c898ad1832e68507507b.jpg,1,1,true,2,train,true
fashionpedia,train2020,11343,0543934370aa87a69545d5035350036f.jpg,1,1,true,2,train,true
fashionpedia,train2020,11344,9942940380d0901a27703e4507e3bbc5.jpg,1,1,true,2,train,true
fashionpedia,train2020,11346,4ebcdb53871ef6a102f623dc0fc918e4.jpg,1,1,true,2,train,true
fashionpedia,train2020,11352,2724e020e14eab509ee115085ec11583.jpg,1,1,true,3,new_val,false
fashionpedia,train2020,11354,8aaee04334f1c61143e4d3c302fc27a2.jpg,1,1,true,1,new_val,false
fashionpedia,train2020,11355,7fe2e27ed5f4ab95c7fd98136e6bc577.jpg,1,1,true,2,train,true
fashionpedia,train2020,11359,6ae1b529dec3212e68319a1bd4f96831.jpg,1,1,true,2,train,true
fashionpedia,train2020,11365,e7322e0c652ac6c3fc7242514c535ea6.jpg,1,1,true,1,train,true
fashionpedia,train2020,11375,85f931a94599ec1efc75cba8b8319afe.jpg,1,1,true,1,train,true
fashionpedia,train2020,11377,fc813fdb8cb41651b9b4d5141fcd386a.jpg,1,1,true,1,train,true
fashionpedia,train2020,11388,f37f99cd705e5b689c4b38b3f6b9c1a8.jpg,1,1,true,2,new_val,false
fashionpedia,train2020,11389,e9d5e30463367ca44f555ba148a81093.jpg,1,1,true,1,new_val,false
fashionpedia,train2020,11395,cec4efd9aa49f34978ee9273c9b757ac.jpg,1,1,true,2,train,true
fashionpedia,train2020,11397,4426b711b273abf781ed47775762b4a0.jpg,1,1,true,4,train,true
fashionpedia,train2020,11407,db1e93979cf150b790e27699c76a2303.jpg,1,1,true,3,train,true
fashionpedia,train2020,11413,97d42e4b6e73bb0d4f009a1a4a84446e.jpg,1,1,true,3,new_val,false
fashionpedia,train2020,11414,4fd449d46c162699cd545874448a4072.jpg,1,1,true,1,train,true
fashionpedia,train2020,11416,628a0954b45133368f4a044e4d34d7bc.jpg,1,1,true,3,train,true
fashionpedia,train2020,11421,41b5a55347f55633d16f76fd95e9c42a.jpg,1,1,true,2,train,true
fashionpedia,train2020,11424,c4552d69d328a188d0fc74614128c964.jpg,1,1,true,1,train,true
fashionpedia,train2020,11435,48e928e86804e5685bf62edd17cd6f7f.jpg,1,1,true,2,train,true
fashionpedia,train2020,11440,8d0a737bd2016f63d1d41e2c5217f10f.jpg,1,1,true,1,train,true
fashionpedia,train2020,11447,ec7512b478ca400783f22a7480dbe0aa.jpg,1,1,true,1,new_val,false
fashionpedia,train2020,11449,bafa034157768ee57c8f10e6799084c3.jpg,1,1,true,1,train,true
fashionpedia,train2020,11450,36eea3cc64274195a3ae287bfd3fb6b3.jpg,1,1,true,1,new_val,false
fashionpedia,train2020,11460,3a31c50cecb84431f712b73daa9c6119.jpg,1,1,true,2,new_val,false
fashionpedia,train2020,11463,50a1618a6c7a5ab1dcbc0c8975588aad.jpg,1,1,true,2,train,true
fashionpedia,train2020,11468,b95fb1cc041769035caa626b64151669.jpg,1,1,true,2,new_val,false
fashionpedia,train2020,11478,158c90ab706da9b966fa37e3d59d71a1.jpg,1,1,true,2,train,true
fashionpedia,train2020,11479,fbd547a46c0d33a9c82c0321fa2ff28c.jpg,1,1,true,2,train,true
fashionpedia,train2020,11482,0e81f788f0a030d8593cdef00f776cb2.jpg,1,1,true,2,new_val,false
fashionpedia,train2020,11483,76ac6be0832085c64872aafd1531282a.jpg,1,1,true,2,new_val,false
fashionpedia,train2020,11487,0eb05a59a1236887c9f0da1dd106a584.jpg,1,1,true,3,train,true
fashionpedia,train2020,11494,ca3b3154918385ab08d4d3152aaf2f1a.jpg,1,1,true,2,train,true
fashionpedia,train2020,11498,db9aef4a8c521cd6cdf376dfc7eacff7.jpg,1,1,true,2,train,true
fashionpedia,train2020,11501,d7066b38b7304770a7b1e8accf01696d.jpg,1,1,true,1,new_val,false
fashionpedia,train2020,11504,8cdac7b56b243a52f7af9e7a0004d77b.jpg,1,1,true,1,train,true
fashionpedia,train2020,11510,3b202c3974e8be134eee59fbc79e7b3c.jpg,1,1,true,3,train,true
fashionpedia,train2020,11518,d9d822cbe50094599bc0ef4e89de9835.jpg,1,1,true,1,train,true
fashionpedia,train2020,11519,df9a7d8a719fe782690eb883d655cbbb.jpg,1,1,true,2,train,true
fashionpedia,train2020,11526,37994d6c4178db3db986722aad243ca2.jpg,1,1,true,2,train,true
fashionpedia,train2020,11527,884e026aef91c6ddef8f7983df6002cc.jpg,1,1,true,1,train,true
fashionpedia,train2020,11533,04455579075cdda1780a00a7b7f6f58c.jpg,1,1,true,3,train,true
fashionpedia,train2020,11534,901e62a74deae6bd2c9e7a339c53901a.jpg,1,1,true,1,train,true
fashionpedia,train2020,11536,10e3a1f633ca209a12c1ccc27840bdfa.jpg,1,1,true,1,train,true
fashionpedia,train2020,11538,7bb78893e1c620c207e1e8eaa91a75f8.jpg,1,1,true,3,train,true
fashionpedia,train2020,11545,0db8fe0e586311be0e6c8ef5c373c023.jpg,1,1,true,2,train,true
fashionpedia,train2020,11550,6bbeb8a5eb07f6fa471b8f85dfd92a70.jpg,1,1,true,1,train,true
fashionpedia,train2020,11558,0a77ee244cb07bd75a44886337426136.jpg,1,1,true,1,train,true
fashionpedia,train2020,11559,9bdf2d851241784349475fa5a8d5f841.jpg,1,1,true,2,train,true
fashionpedia,train2020,11568,ed27222cda4632acdd13327a400a3472.jpg,1,1,true,2,train,true
fashionpedia,train2020,11571,942791df4968074965ee1801609354a9.jpg,1,1,true,3,train,true
fashionpedia,train2020,11583,b701b03ab54b50196dba14ff6d1a58c2.jpg,1,1,true,2,train,true
fashionpedia,train2020,11587,a42d570741455767324445dfb2801450.jpg,1,1,true,1,train,true
fashionpedia,train2020,11590,884ae86cbccf939972d6dec97599d14c.jpg,1,1,true,1,train,true
fashionpedia,train2020,11597,c6a9f384609b0850c96ded79c86f49ce.jpg,1,1,true,1,new_val,false
fashionpedia,train2020,11603,a3201d225eb26d3b56a400fc34d76bfc.jpg,1,1,true,2,new_val,false
fashionpedia,train2020,11606,b6647119fe61a2d736f662e30d9d1005.jpg,1,1,true,2,new_val,false
fashionpedia,train2020,11610,8e140a5b94ae65b9f7c752c859b207a9.jpg,1,1,true,1,train,true
fashionpedia,train2020,11612,0f286cec19c5a2e548e46cf1e516f596.jpg,1,1,true,2,train,true
fashionpedia,train2020,11617,33b66b0059889706c902b934def9685e.jpg,1,1,true,2,train,true
fashionpedia,train2020,11624,f9d3e1c141dbef5e4ef85ed84d90064c.jpg,1,1,true,1,train,true
fashionpedia,train2020,11626,48a9bae98dc780ca74fe6d1d769a4c0d.jpg,1,1,true,1,train,true
fashionpedia,train2020,11628,0747268135d0373cc05abbf5b3376aa3.jpg,1,1,true,1,train,true
fashionpedia,train2020,11632,5d868ae4587c330661084c3ba8f5d85e.jpg,1,1,true,1,train,true
fashionpedia,train2020,11653,62758131132fc17bc7437b3f933cd885.jpg,1,1,true,2,new_val,false
fashionpedia,train2020,11656,2715988bb14eaa534b00903a6fafc500.jpg,1,1,true,1,train,true
fashionpedia,train2020,11662,a58e2a3535517346bd7ee9518eddaebd.jpg,1,1,true,1,train,true
fashionpedia,train2020,11663,2e96458f56483f9e5d13c2f60f20dc95.jpg,1,1,true,3,train,true
fashionpedia,train2020,11667,2f3198940e91c2c527deb9189d67b268.jpg,1,1,true,3,train,true
fashionpedia,train2020,11679,a98b66e201ba0bba840ab0997ce2ce1e.jpg,1,1,true,2,train,true
fashionpedia,train2020,11682,672d0a7e4dd07d6b2ba73a7444962f81.jpg,1,1,true,2,new_val,false
fashionpedia,train2020,11688,0e373d788a5390a0044ce9b789e92a8e.jpg,1,1,true,2,train,true
fashionpedia,train2020,11695,bc3651b870a79b985ebfc90cd77b23e1.jpg,1,1,true,1,train,true
fashionpedia,train2020,11699,009f88701b43c02d0e9ca6464df6adba.jpg,1,1,true,1,train,true
fashionpedia,train2020,11703,29ada3f6d6f8963ae7874486e6122e30.jpg,1,1,true,1,train,true
fashionpedia,train2020,11707,0091ae902cb738e4ca06038c2654fa00.jpg,1,1,true,4,train,true
fashionpedia,train2020,11712,ba58fd2564bd2a99a130648dd3e88cae.jpg,1,1,true,2,train,true
fashionpedia,train2020,11713,3f818374f7dc660a9575ac71e604abce.jpg,1,1,true,1,new_val,false
fashionpedia,train2020,11719,fa1100268703099575840d13ce539b17.jpg,1,1,true,1,train,true
fashionpedia,train2020,11724,41abf469082d3e31a0c44f6d1e793b34.jpg,1,1,true,1,train,true
fashionpedia,train2020,11728,8304d8b4dc8e378cf259205c53a6cb9a.jpg,1,1,true,2,train,true
fashionpedia,train2020,11730,7b842b60e0df0e31c7359c219e47c61f.jpg,1,1,true,3,train,true
fashionpedia,train2020,11732,5003d469d7bd956d8469741a596d2b67.jpg,1,1,true,2,train,true
fashionpedia,train2020,11733,0e8f824a3997e8328165657447886eaf.jpg,1,1,true,1,train,true
fashionpedia,train2020,11741,63b8f0fe591c627abb366830db79373d.jpg,1,1,true,1,train,true
fashionpedia,train2020,11742,11649170d3c163d1ee51d44f70894114.jpg,1,1,true,1,new_val,false
fashionpedia,train2020,11743,0b6741e4ea5ea7752803796d539fc214.jpg,1,1,true,3,train,true
fashionpedia,train2020,11749,be64cf62fe6b41d9f503c6f6cc11f03a.jpg,1,1,true,1,train,true
fashionpedia,train2020,11759,4f331a441150ef81cec5879e73aa9761.jpg,1,1,true,3,train,true
fashionpedia,train2020,11771,9a767c24c5fa8be6bca83080871b8258.jpg,1,1,true,1,train,true
fashionpedia,train2020,11773,b48d6547eaa4700fa24a6596b1c9603b.jpg,1,1,true,1,new_val,false
fashionpedia,train2020,11774,e86927afde98f97675780c015630b7d6.jpg,1,1,true,4,train,true
fashionpedia,train2020,11786,09ecbc8b22e9766eac16f04df11bc327.jpg,1,1,true,1,train,true
fashionpedia,train2020,11787,30cac464048931fa07c5377ddb4f5c91.jpg,1,1,true,3,new_val,false
fashionpedia,train2020,11796,b30ce845090bb3a3e269560a4f1de29c.jpg,1,1,true,3,new_val,false
fashionpedia,train2020,11797,f6502184b0f514712ec44e93e4cf38ed.jpg,1,1,true,2,train,true
fashionpedia,train2020,11801,c35e1b2491d7c4da58c7387e74a54da4.jpg,1,1,true,1,new_val,false
fashionpedia,train2020,11804,3ca8965ffbfe9900019cb6f35d222858.jpg,1,1,true,2,train,true
fashionpedia,train2020,11817,9713c38f25e7dfd1633c815b15546ce3.jpg,1,1,true,1,train,true
fashionpedia,train2020,11820,0ff4ad78ff3ac1dd76c36dd2fdc0bc95.jpg,1,1,true,1,new_val,false
fashionpedia,train2020,11822,8dffa98bb8ca951a04e5d88da015e3f4.jpg,1,1,true,2,train,true
fashionpedia,train2020,11824,b4c165d97c450387de827ce0831d4494.jpg,1,1,true,3,train,true
fashionpedia,train2020,11832,adefce116f8f7456fa2f08fac9b26b56.jpg,1,1,true,3,train,true
fashionpedia,train2020,11834,d8784c998e93edc7ec9b58fe353809c0.jpg,1,1,true,2,train,true
fashionpedia,train2020,11851,488c4b69c375d5d4c97902b6ad7d7ec5.jpg,1,1,true,2,train,true
fashionpedia,train2020,11853,c0dff74822953635728231deffcc5899.jpg,1,1,true,2,train,true
fashionpedia,train2020,11857,9f0764bba10e8add6949b649701c15b4.jpg,1,1,true,1,train,true
fashionpedia,train2020,11869,1a4feb5af26407045daf402aff0a726a.jpg,1,1,true,1,train,true
fashionpedia,train2020,11871,38f69715baa2c57de72a735e6e7c2652.jpg,1,1,true,1,train,true
fashionpedia,train2020,11872,2f25d7c1775569c2576d71a419926b59.jpg,1,1,true,2,train,true
fashionpedia,train2020,11882,ab677961880981f4b59ff5abdecbe717.jpg,1,1,true,3,new_val,false
fashionpedia,train2020,11883,e2efb6fa4b06b5798dc41ee4c492ad22.jpg,1,1,true,2,train,true
fashionpedia,train2020,11886,727c5264acf3032bd7f544de96fdd5a9.jpg,1,1,true,2,train,true
fashionpedia,train2020,11889,b17d9f5ca639c2138e4c0cb4cfef6ba4.jpg,1,1,true,1,train,true
fashionpedia,train2020,11897,f91b08065057fa12accf02b119b5c9a6.jpg,1,1,true,1,train,true
fashionpedia,train2020,11899,19e5ff0489dfb0cedb39ef943c047cbc.jpg,1,1,true,1,train,true
fashionpedia,train2020,11904,59121785c35d49718234eef18053b68c.jpg,1,1,true,2,new_val,false
fashionpedia,train2020,11912,7e47c119f1a9866f5d70c6942e3b9a0d.jpg,1,1,true,4,train,true
fashionpedia,train2020,11922,28d57fd4a857cefb76c74df4d25e3854.jpg,1,1,true,2,new_val,false
fashionpedia,train2020,11924,9b13388fdcc095cd2b2df98b029e873f.jpg,1,1,true,1,train,true
fashionpedia,train2020,11928,4e5826dd5a2206437017f71bd0c06be3.jpg,1,1,true,2,new_val,false
fashionpedia,train2020,11933,56d7a426e9cbaeb5448bfbaf628da4d5.jpg,1,1,true,1,train,true
fashionpedia,train2020,11937,05fb38c2f09ce387fd740339ebf088ff.jpg,1,1,true,1,train,true
fashionpedia,train2020,11939,b658362372a696484a1ba825ce11ad00.jpg,1,1,true,2,train,true
fashionpedia,train2020,11940,c99029049c57f22586f1afd04129b4af.jpg,1,1,true,3,train,true
fashionpedia,train2020,11945,a4e0538337efdb6c51b23bc6e4b24a3b.jpg,1,1,true,1,train,true
fashionpedia,train2020,11954,0c005ba337bb21da973b4d515c452631.jpg,1,1,true,3,train,true
fashionpedia,train2020,11957,e98c056e9659264d047c7a835bedaadd.jpg,1,1,true,3,train,true
fashionpedia,train2020,11960,7f0b9a5f4053f206adf3e6ce72093ed6.jpg,1,1,true,1,train,true
fashionpedia,train2020,11962,f6e0e110055e2a38f444e3340edf3d54.jpg,1,1,true,3,train,true
fashionpedia,train2020,11980,e953e883f59a25e67e46b53ca4691652.jpg,1,1,true,1,train,true
fashionpedia,train2020,11986,9337291251c0a646a5185e465543eba7.jpg,1,1,true,1,train,true
fashionpedia,train2020,11987,f0a83e4b3ba96f7917b5adb2de2ae80a.jpg,1,1,true,2,train,true
fashionpedia,train2020,11991,82c2751b48428246f24b3aa1503ae31e.jpg,1,1,true,3,train,true
fashionpedia,train2020,11992,59d1c7ed57c84bca86b422d03b459fdc.jpg,1,1,true,1,new_val,false
fashionpedia,train2020,12010,28b7742d95019936c861266ac9e9d4c6.jpg,1,1,true,2,new_val,false
fashionpedia,train2020,12016,7026bf8cc53449e45f57793e00a29227.jpg,1,1,true,2,train,true
fashionpedia,train2020,12018,de5af8063afa68b7df496aa3627b2c82.jpg,1,1,true,1,train,true
fashionpedia,train2020,12020,76d8b789b5275085e423a627b4c0e0a5.jpg,1,1,true,1,train,true
fashionpedia,train2020,12023,f234834deda886c6de1d54e4109a69c6.jpg,1,1,true,1,train,true
fashionpedia,train2020,12025,735741fd9fb9c3f92edc848916b3b91b.jpg,1,1,true,3,train,true
fashionpedia,train2020,12030,b1184a1ad44bd7be628cb70e46d6c825.jpg,1,1,true,2,train,true
fashionpedia,train2020,12032,fa33c2a28b581837fb25171d3c82b2cf.jpg,1,1,true,1,train,true
fashionpedia,train2020,12036,f58d8b3fa1b33fbccd8c8d71e0fe1a2c.jpg,1,1,true,3,train,true
fashionpedia,train2020,12043,80f03c0bfc890ae53a9a3b897f4e9b94.jpg,1,1,true,1,train,true
fashionpedia,train2020,12046,283155f9ceea8df451bd77105727a9d8.jpg,1,1,true,2,train,true
fashionpedia,train2020,12047,48bb69829acea4cbab2efa8b3bd66744.jpg,1,1,true,1,new_val,false
fashionpedia,train2020,12058,20d163bd009ae00b3e9e936d45d61ad9.jpg,1,1,true,2,train,true
fashionpedia,train2020,12059,290d2bf007da2602729e64c2e5f34a07.jpg,1,1,true,2,train,true
fashionpedia,train2020,12060,567ceb7537a148951ed843518e53eedd.jpg,1,1,true,1,train,true
fashionpedia,train2020,12061,6684350fab3b6191e592e40f11adbbeb.jpg,1,1,true,3,train,true
fashionpedia,train2020,12069,0f6a87f656cb36884a58461e4cc1970c.jpg,1,1,true,2,train,true
fashionpedia,train2020,12082,42fe4d450ce46c30a5a4bb0a4fba0828.jpg,1,1,true,1,new_val,false
fashionpedia,train2020,12083,668f3fbf856f7471ab30bc8a87430f7d.jpg,1,1,true,1,new_val,false
fashionpedia,train2020,12085,1525a049da6f6429e8c8188ddddf7c48.jpg,1,1,true,1,train,true
fashionpedia,train2020,12088,7d26ceef47e183b6b1ac3030d966f3d2.jpg,1,1,true,3,train,true
fashionpedia,train2020,12093,19739521a07a9e66bdfd06b61b14d511.jpg,1,1,true,2,train,true
fashionpedia,train2020,12095,9d53b8cce167be8a13ee8c49c95c1840.jpg,1,1,true,1,train,true
fashionpedia,train2020,12099,b235bb1b8f10d1fd8b1a33fd20a512c7.jpg,1,1,true,2,train,true
fashionpedia,train2020,12103,0405108f2e93a77cff69dcb230113056.jpg,1,1,true,2,train,true
fashionpedia,train2020,12105,f3c45ed6ed81615bc511ee92984ce63f.jpg,1,1,true,1,new_val,false
fashionpedia,train2020,12115,b4d1c54205e28b6fb4b6f7bb2a713b89.jpg,1,1,true,3,train,true
fashionpedia,train2020,12123,ca1827ba6f12285ea26ab758622ac5a8.jpg,1,1,true,3,train,true
fashionpedia,train2020,12126,a4e411035382367319f29f476df69fc5.jpg,1,1,true,1,train,true
fashionpedia,train2020,12134,a8bab090662de0e16f48b5ee8e2e6a0a.jpg,1,1,true,2,train,true
fashionpedia,train2020,12145,691e4671c0902cfc0f550fa7d97ff0e7.jpg,1,1,true,3,train,true
fashionpedia,train2020,12149,e4f55d23dc2afe814466d1f802ea9ab5.jpg,1,1,true,1,train,true
fashionpedia,train2020,12156,f4aee07e50f09863edf149352e42f73e.jpg,1,1,true,3,train,true
fashionpedia,train2020,12164,50bc3b29f70256ef1b8db18dc8044d60.jpg,1,1,true,2,train,true
fashionpedia,train2020,12171,6b2af32d5d2509632e1e3200ca8e8ae4.jpg,1,1,true,1,train,true
fashionpedia,train2020,12176,7e16686253e1bb9e0994141b3d1988cb.jpg,1,1,true,1,train,true
fashionpedia,train2020,12179,288cf261c7e26bdc4b5c1c2a83a69a14.jpg,1,1,true,3,new_val,false
fashionpedia,train2020,12182,cd4cf5457e91daa63b5ea2bf2858de5c.jpg,1,1,true,2,new_val,false
fashionpedia,train2020,12185,cdfd1514991fad2ed508308d7de8f0eb.jpg,1,1,true,2,new_val,false
fashionpedia,train2020,12190,fbb1cc089e36e3e3c662d927957c7ae2.jpg,1,1,true,1,train,true
fashionpedia,train2020,12192,4d8bf20db55ea6d6f787ba7f24679893.jpg,1,1,true,1,train,true
fashionpedia,train2020,12193,9415c5a44f1b9322d313b2c243a30735.jpg,1,1,true,2,train,true
fashionpedia,train2020,12194,bb85c3229e588e61c855f0d7cee8560e.jpg,1,1,true,3,train,true
fashionpedia,train2020,12195,dd2df2a4164a62b2c35a4d13182c0665.jpg,1,1,true,1,train,true
fashionpedia,train2020,12196,3e30863d071bdb441d54ef7050c54cca.jpg,1,1,true,2,train,true
fashionpedia,train2020,12199,1660785b437b4d9629a69101cf2c59eb.jpg,1,1,true,1,train,true
fashionpedia,train2020,12200,838375555090f9da84b0acee73adfad5.jpg,1,1,true,2,train,true
fashionpedia,train2020,12204,60c28aa936eb99003f0f366d86c16a62.jpg,1,1,true,2,new_val,false
fashionpedia,train2020,12207,1b4b5d576923c1d6d635a4cb9d117083.jpg,1,1,true,2,new_val,false
fashionpedia,train2020,12218,22c3261539f1adc7aca2a8703e91e159.jpg,1,1,true,1,train,true
fashionpedia,train2020,12220,2a7904f835f830336a85ae3b43ab6def.jpg,1,1,true,1,train,true
fashionpedia,train2020,12238,7b36c3232da7ad439e30810a051cab2a.jpg,1,1,true,1,new_val,false
fashionpedia,train2020,12250,1059bfd268013cb7133b5a865733d548.jpg,1,1,true,1,train,true
fashionpedia,train2020,12252,40047a9ef9fefbc1e46992998dbf5b31.jpg,1,1,true,1,train,true
fashionpedia,train2020,12258,4cc53fc847378d417fc40720ff04241d.jpg,1,1,true,2,train,true
fashionpedia,train2020,12263,9960c0d0e94dad373f8608c100a14cd5.jpg,1,1,true,1,train,true
fashionpedia,train2020,12264,c15f3fbb5b16af3bf2c1bc5a041c4060.jpg,1,1,true,2,train,true
fashionpedia,train2020,12268,a3d6ae5774b615f23612d93c52136c92.jpg,1,1,true,1,train,true
fashionpedia,train2020,12269,4070e6213a915f575e5afae20ba9743d.jpg,1,1,true,1,train,true
fashionpedia,train2020,12270,af6107af3db4244ec5eafa0c936c0a58.jpg,1,1,true,1,train,true
fashionpedia,train2020,12276,68d05f6910154c44c541cf1500a9ef6d.jpg,1,1,true,3,new_val,false
fashionpedia,train2020,12282,a5b981b3b56837b7b7e5032281168192.jpg,1,1,true,2,train,true
fashionpedia,train2020,12285,890103d7f345f33d97b920e65593e855.jpg,1,1,true,1,train,true
fashionpedia,train2020,12287,4d3f4ccaa286bdc37b8159f0806280f3.jpg,1,1,true,3,train,true
fashionpedia,train2020,12289,aa6d65be3b9a088e0f53f28a2c66c33e.jpg,1,1,true,1,train,true
fashionpedia,train2020,12295,fe9741b3e3f3f07a7ba990993abd3a5a.jpg,1,1,true,2,train,true
fashionpedia,train2020,12297,071ac408fc72b25fa5190573ed5a2162.jpg,1,1,true,3,train,true
fashionpedia,train2020,12301,11d58eab96a4d8e8c1c705bec6feef85.jpg,1,1,true,1,new_val,false
fashionpedia,train2020,12303,8c7e070c461973d41baa49411e8b9bac.jpg,1,1,true,1,train,true
fashionpedia,train2020,12308,9ad6799ad0459f72da2e67241f959a3f.jpg,1,1,true,2,train,true
fashionpedia,train2020,12309,ec3873aa10b64f2c5c0ae4044d8dd916.jpg,1,1,true,2,train,true
fashionpedia,train2020,12312,3e4c944836dd537868964d84c626eafb.jpg,1,1,true,1,train,true
fashionpedia,train2020,12319,0a944173f4d1ec7fac3fe4cd329b13be.jpg,1,1,true,2,train,true
fashionpedia,train2020,12320,0e862b023e3849269cb2ec067f27ad7a.jpg,1,1,true,2,train,true
fashionpedia,train2020,12321,534ff24aeace6928b54b22d705da0441.jpg,1,1,true,2,train,true
fashionpedia,train2020,12325,18578c97b494426e9ead0a908ef54bed.jpg,1,1,true,1,train,true
fashionpedia,train2020,12339,c3c946bfd4dd207aa6aa4194dd9f1b82.jpg,1,1,true,2,new_val,false
fashionpedia,train2020,12340,6c9976b42b9e8037750723ce4de6d1c6.jpg,1,1,true,3,train,true
fashionpedia,train2020,12355,ef1dc60dc406ac9a71d6b1de5160053d.jpg,1,1,true,1,train,true
fashionpedia,train2020,12359,8dfb1fc964a7bfa9b0bf32ce9e242d3f.jpg,1,1,true,1,train,true
fashionpedia,train2020,12363,f114424b146bbac14feed5b860350369.jpg,1,1,true,1,train,true
fashionpedia,train2020,12365,7d31c1f32bccbc7d40fd9921d1013b6e.jpg,1,1,true,1,train,true
fashionpedia,train2020,12371,c68b27ebca62d79bb95b5ce8acd0bc39.jpg,1,1,true,2,train,true
fashionpedia,train2020,12372,8a04575c1db418f26e2b27599c28da2d.jpg,1,1,true,2,train,true
fashionpedia,train2020,12374,994f4d8a98d0911d4ff006882072114c.jpg,1,1,true,1,train,true
fashionpedia,train2020,12378,d06891db0fd535ef5709168796821cbf.jpg,1,1,true,2,train,true
fashionpedia,train2020,12379,817ff4136e7ea19a511505a80bae09b4.jpg,1,1,true,2,train,true
fashionpedia,train2020,12395,c50164398fa31ab0d05d205c8aa2b8f6.jpg,1,1,true,3,train,true
fashionpedia,train2020,12396,43174c2809b692557549ab68b4f2acc7.jpg,1,1,true,2,train,true
fashionpedia,train2020,12400,9c139600b8d17acf7ca09230efa72b9a.jpg,1,1,true,1,train,true
fashionpedia,train2020,12401,f48abfffe24a134a2605d63c095d5601.jpg,1,1,true,1,train,true
fashionpedia,train2020,12403,12058ba1b8fa6311305eaff46adcb194.jpg,1,1,true,2,train,true
fashionpedia,train2020,12406,692b09d6143f0a0d5f746bd65984144f.jpg,1,1,true,3,new_val,false
fashionpedia,train2020,12410,a880745dd95e30ef7abbe1fc47ae08b8.jpg,1,1,true,2,train,true
fashionpedia,train2020,12413,3d00ce863e0e1730d8c589bc287042f8.jpg,1,1,true,2,train,true
fashionpedia,train2020,12422,3d225b2fcd7138099414c1bcc99a2230.jpg,1,1,true,1,train,true
fashionpedia,train2020,12426,e1b693f926d1b7257b8be15c7738f80d.jpg,1,1,true,2,train,true
fashionpedia,train2020,12427,0d21c4ba5ee83e94255244d179b16705.jpg,1,1,true,3,train,true
fashionpedia,train2020,12428,185ab6d718e87eb21774892fa2253dcc.jpg,1,1,true,1,train,true
fashionpedia,train2020,12431,a735f7133a94aaa09162845e51654af3.jpg,1,1,true,2,train,true
fashionpedia,train2020,12434,6742fe0d07b63cf35b1febbe4fa6e199.jpg,1,1,true,1,train,true
fashionpedia,train2020,12435,8833463f2bd27ecc68704021cf7e8010.jpg,1,1,true,3,train,true
fashionpedia,train2020,12441,d2f0d08c5e82fdb295fc31baa8fe5e54.jpg,1,1,true,1,train,true
fashionpedia,train2020,12445,b3e5283b892d4e06ab6da5b2fb011b99.jpg,1,1,true,2,train,true
fashionpedia,train2020,12446,da3618863549ca1db90583f33d1d0664.jpg,1,1,true,1,train,true
fashionpedia,train2020,12447,7a3bec11c658b9269be10624056f1e53.jpg,1,1,true,2,train,true
fashionpedia,train2020,12451,a19b6b4acf0135926e74fb9bb3ce0c38.jpg,1,1,true,2,new_val,false
fashionpedia,train2020,12454,2f0fd324b356af7ed0ab7f1162fa29b0.jpg,1,1,true,3,train,true
fashionpedia,train2020,12457,3ad027c161470d033e5beb6d2320f1c3.jpg,1,1,true,1,train,true
fashionpedia,train2020,12459,0f81551bfa2f72a67a7d89fe61e75c82.jpg,1,1,true,3,train,true
fashionpedia,train2020,12460,7f34beb2a2967b86f4137c6bf12cf822.jpg,1,1,true,1,train,true
fashionpedia,train2020,12461,2687654e887d0c52eb4b3ba35a107276.jpg,1,1,true,1,new_val,false
fashionpedia,train2020,12466,89c006f1ac47ab456dae6a134b890b9e.jpg,1,1,true,2,new_val,false
fashionpedia,train2020,12469,28fd397058fadb36b579ec0c4133cf6e.jpg,1,1,true,2,train,true
fashionpedia,train2020,12470,de32e401d5535a9bb5f35a5ea6d886ef.jpg,1,1,true,1,new_val,false
fashionpedia,train2020,12476,800d9882e757cc4c8dd513bb45c29266.jpg,1,1,true,3,new_val,false
fashionpedia,train2020,12480,a77361caeefe999d73095b91347a7f5a.jpg,1,1,true,1,train,true
fashionpedia,train2020,12484,6ac3048c0aa7a96ec35f65949343585e.jpg,1,1,true,2,train,true
fashionpedia,train2020,12490,4c98e1bca38af929f59d856382e184d5.jpg,1,1,true,1,train,true
fashionpedia,train2020,12492,54f41276e6978f1c64a0425845b46b67.jpg,1,1,true,2,train,true
fashionpedia,train2020,12506,fecaf071c6d469a5e9db4516cf04c34f.jpg,1,1,true,2,train,true
fashionpedia,train2020,12515,a8fed286d676cbbab77fec23721d383f.jpg,1,1,true,1,train,true
fashionpedia,train2020,12521,adc8888833bfe6c90254be70fbd0ab3a.jpg,1,1,true,2,train,true
fashionpedia,train2020,12529,ba309fbfabf1e3552a53cd31d892d7df.jpg,1,1,true,3,train,true
fashionpedia,train2020,12538,76844ac274a83af60d2951e72fc89696.jpg,1,1,true,1,train,true
fashionpedia,train2020,12549,b9c6677143d2cb7ef023208fa6a05786.jpg,1,1,true,2,new_val,false
fashionpedia,train2020,12550,425f2dcc47399ce937fa5ca2b5bd8a4f.jpg,1,1,true,1,new_val,false
fashionpedia,train2020,12559,c5d80612e407c7d58a7f38abaa61dbcf.jpg,1,1,true,1,new_val,false
fashionpedia,train2020,12568,8e067726b63aa23e70f6feeff1f05d24.jpg,1,1,true,1,train,true
fashionpedia,train2020,12569,ed05836d87944a963b2e9b3262a4b4f3.jpg,1,1,true,2,new_val,false
fashionpedia,train2020,12570,fc9497b1bbf33fad8cdb0498b711f30b.jpg,1,1,true,2,train,true
fashionpedia,train2020,12571,e0ce3ae04bc2ca0fccb61feb5c89eb8b.jpg,1,1,true,1,train,true
fashionpedia,train2020,12578,33562d33b5c1dbfd5ed45e98cae6642f.jpg,1,1,true,1,train,true
fashionpedia,train2020,12582,ff35d912727932a61da726397ed123f6.jpg,1,1,true,2,new_val,false
fashionpedia,train2020,12587,5614c74e414e8ef8d2da22ccc3c67dc2.jpg,1,1,true,3,new_val,false
fashionpedia,train2020,12589,205476a5ac24fccae1239cd84559f92d.jpg,1,1,true,3,new_val,false
fashionpedia,train2020,12597,f5bf8b8c055afbf17e49d8dd4419197f.jpg,1,1,true,3,train,true
fashionpedia,train2020,12599,8b7a0c808ba27a42bd0ec3ecc83ee1e6.jpg,1,1,true,2,new_val,false
fashionpedia,train2020,12600,a88da95c0c0ff99981a8b801c5a1c120.jpg,1,1,true,2,train,true
fashionpedia,train2020,12607,6aa87dab23526c3f2d0de3a44b0910f5.jpg,1,1,true,2,train,true
fashionpedia,train2020,12609,c8b898231d64c8df7caabb3b792b106a.jpg,1,1,true,1,train,true
fashionpedia,train2020,12611,c5a2ae39adc86ab05906c018cbf2a26f.jpg,1,1,true,1,train,true
fashionpedia,train2020,12619,9523babcf164e6aea43e62cfa4f74cfd.jpg,1,1,true,1,new_val,false
fashionpedia,train2020,12624,0f77a901aa00c79ad5c4793a87d2e0f2.jpg,1,1,true,3,train,true
fashionpedia,train2020,12625,c56baff16ed17efa058d47a49bba2cce.jpg,1,1,true,2,new_val,false
fashionpedia,train2020,12635,99c8b3924e9a408fe1dd31e53a6b3e3c.jpg,1,1,true,1,train,true
fashionpedia,train2020,12645,58669548ba1bbb7aee17f0eab0a2c15e.jpg,1,1,true,2,train,true
fashionpedia,train2020,12647,e4414c588c8e8e8f4c178855677386d4.jpg,1,1,true,3,train,true
fashionpedia,train2020,12649,9d2ef8921c98758c7b45ff5cad0431e7.jpg,1,1,true,1,train,true
fashionpedia,train2020,12652,626de032f083af402089fa00bf86555d.jpg,1,1,true,1,train,true
fashionpedia,train2020,12655,daef1cebf4634324a058877a9964e37e.jpg,1,1,true,2,train,true
fashionpedia,train2020,12659,b7b4bdfc9943cf1eb16327a1613551d4.jpg,1,1,true,1,train,true
fashionpedia,train2020,12662,eaaa096bf9789d66cb3a549037c2b8fd.jpg,1,1,true,2,train,true
fashionpedia,train2020,12666,ec5f4d2a31b8c6864a56e98fa177011c.jpg,1,1,true,3,train,true
fashionpedia,train2020,12667,a4af22f819357cb3187ce7cbbc7168ac.jpg,1,1,true,2,train,true
fashionpedia,train2020,12668,12013026599a3e45b637d608626e7fea.jpg,1,1,true,2,new_val,false
fashionpedia,train2020,12670,8199ce938c12936b3ba7fdd170943d6e.jpg,1,1,true,1,train,true
fashionpedia,train2020,12687,9a7f1d12f06e562676f0c40d7eddce73.jpg,1,1,true,2,new_val,false
fashionpedia,train2020,12690,59081b846b5fb05153e40836b6e69e8f.jpg,1,1,true,3,train,true
fashionpedia,train2020,12693,2f5ed6117e3b7b213f5d6a31296a20ea.jpg,1,1,true,2,new_val,false
fashionpedia,train2020,12695,dc4c2629070139a31768bf5cb42cb1df.jpg,1,1,true,2,train,true
fashionpedia,train2020,12698,9cc5dd4b5deedbf591373969707f04a1.jpg,1,1,true,1,train,true
fashionpedia,train2020,12711,6e57acafad78ef1eaac69dd2f51295fb.jpg,1,1,true,3,train,true
fashionpedia,train2020,12713,e3ccc77efdd884b9a2642a62cbdf880b.jpg,1,1,true,1,train,true
fashionpedia,train2020,12730,0e98b57c067bf643244c41ca3c4dfbdd.jpg,1,1,true,3,new_val,false
fashionpedia,train2020,12736,d277071ae2ff555be420c36176a7852b.jpg,1,1,true,1,train,true
fashionpedia,train2020,12739,d318047309858daf98f4fba4b5f67754.jpg,1,1,true,2,train,true
fashionpedia,train2020,12745,ac912e38ce599f3d6e78e857ff4f1ef9.jpg,1,1,true,1,train,true
fashionpedia,train2020,12746,5307b8fa5a4ea9bd4f6b01c3f15ca68a.jpg,1,1,true,3,train,true
fashionpedia,train2020,12747,302b7bf863046e04b1a38cf13ccbde49.jpg,1,1,true,1,train,true
fashionpedia,train2020,12748,b99497ca79bac4ec3e63a39fb2212e05.jpg,1,1,true,4,train,true
fashionpedia,train2020,12749,3625566ede8716cdc0ad56a879923e94.jpg,1,1,true,1,train,true
fashionpedia,train2020,12754,ca47633b08a9c8617bca21ed7245d2a3.jpg,1,1,true,1,train,true
fashionpedia,train2020,12763,a059d47b4f09e2feb2fe87c1179cea9a.jpg,1,1,true,3,new_val,false
fashionpedia,train2020,12767,e700f5a59fd72aec082508d6edb1b22a.jpg,1,1,true,1,train,true
fashionpedia,train2020,12773,6d6807afab6357a3f15b83a45fc134e6.jpg,1,1,true,2,train,true
fashionpedia,train2020,12774,297ea597f7dfa6d710b2e8176cb3b913.jpg,1,1,true,3,train,true
fashionpedia,train2020,12777,9b9511f142e59ff49a27fbc5464a3896.jpg,1,1,true,2,train,true
fashionpedia,train2020,12783,8292ea57d669be771662b6482b9d37d4.jpg,1,1,true,1,train,true
fashionpedia,train2020,12786,c29dc0008dc54ad38175590844900083.jpg,1,1,true,1,train,true
fashionpedia,train2020,12788,13dd279b9c5a8c0fe77c616775ed97b2.jpg,1,1,true,2,train,true
fashionpedia,train2020,12792,6ccaa1542e663c20fd13e4503e39c104.jpg,1,1,true,1,train,true
fashionpedia,train2020,12794,e2370396a1f5f6f4af22bbafb156818f.jpg,1,1,true,2,train,true
fashionpedia,train2020,12797,80b89412320b5b0eb5bf1ccac22ec828.jpg,1,1,true,2,train,true
fashionpedia,train2020,12799,3b64f497c10abb82333e82fb2a7261d6.jpg,1,1,true,2,train,true
fashionpedia,train2020,12802,d1a8fb48b2e4f926fffc703a165a9316.jpg,1,1,true,2,train,true
fashionpedia,train2020,12804,0ff6659b339d60c1ccca829bb198bd77.jpg,1,1,true,1,train,true
fashionpedia,train2020,12807,751720083342bf0a62fe5c18c514f7d9.jpg,1,1,true,1,train,true
fashionpedia,train2020,12812,964ee1d228646b9e171e022b413edbab.jpg,1,1,true,1,train,true
fashionpedia,train2020,12817,7f2cc43b1b7d8a1dc3a0a077ca087c8c.jpg,1,1,true,2,train,true
fashionpedia,train2020,12818,c50095db74c8b2eac5a6ae7b1bf4fe17.jpg,1,1,true,1,train,true
fashionpedia,train2020,12834,62b10d8284039f4aeae0ad434e6302a7.jpg,1,1,true,2,train,true
fashionpedia,train2020,12847,872d97236451056a0acd4d1361931d4d.jpg,1,1,true,1,train,true
fashionpedia,train2020,12864,79d3bb254c18c6ff59dd3b1b018c1e08.jpg,1,1,true,2,new_val,false
fashionpedia,train2020,12868,1ac8f4fb481bf5aa216ef0bfd648ce66.jpg,1,1,true,3,train,true
fashionpedia,train2020,12869,e9164501610bacb705af85f82a3400fb.jpg,1,1,true,2,train,true
fashionpedia,train2020,12874,80c9961385fb353b642259b484b0fcea.jpg,1,1,true,2,train,true
fashionpedia,train2020,12878,7b87749f17708a833f9c6dbd52f59e39.jpg,1,1,true,4,new_val,false
fashionpedia,train2020,12882,4bbd41fa881936765c02469135e50433.jpg,1,1,true,1,train,true
fashionpedia,train2020,12893,1f998adeee9029e77582c50adea608e8.jpg,1,1,true,1,train,true
fashionpedia,train2020,12896,e7fbab2dc69e05764b0e6946e1dc249a.jpg,1,1,true,3,train,true
fashionpedia,train2020,12900,8680d320d8885915c05373ec13090aa9.jpg,1,1,true,2,new_val,false
fashionpedia,train2020,12902,7ac6da7158fd9497a1a97f0272932967.jpg,1,1,true,3,train,true
fashionpedia,train2020,12907,c2f23957f5bcf178cd72f8bc6443b4e7.jpg,1,1,true,2,train,true
fashionpedia,train2020,12912,4a8a9a90b922dcf85625d9dba8910758.jpg,1,1,true,1,train,true
fashionpedia,train2020,12918,768c0b98e158cb4ba9bf3d5122e37082.jpg,1,1,true,2,train,true
fashionpedia,train2020,12919,055bee85254f537bd565f92f0f50e173.jpg,1,1,true,1,train,true
fashionpedia,train2020,12922,cbabeaa96b7aaf9c9d286f3c47e26dfb.jpg,1,1,true,3,train,true
fashionpedia,train2020,12925,5c1f9bd7c65c11ff125483cb1c83d416.jpg,1,1,true,2,train,true
fashionpedia,train2020,12930,70114b74c76694094742bfbf09798990.jpg,1,1,true,3,train,true
fashionpedia,train2020,12932,9fbd61b23d5c56b4d0930043e0d11e6f.jpg,1,1,true,2,new_val,false
fashionpedia,train2020,12934,fb529d1d6af24e2458d4aa1f57609c7d.jpg,1,1,true,2,train,true
fashionpedia,train2020,12935,9977dc6348e47abf0f6fd47ed2b017e2.jpg,1,1,true,3,train,true
fashionpedia,train2020,12939,956e45bb5fb7eefb1429321b36fa8eb7.jpg,1,1,true,2,train,true
fashionpedia,train2020,12940,3e991bee293f39155ff523c06694a633.jpg,1,1,true,1,train,true
fashionpedia,train2020,12943,54ebc6817dd8badd39da44179098ec05.jpg,1,1,true,1,train,true
fashionpedia,train2020,12946,b6bb1de7386c4be141746a9b86a08f90.jpg,1,1,true,2,train,true
fashionpedia,train2020,12950,fccef7df1bc8d67b13ad0c4412865389.jpg,1,1,true,2,train,true
fashionpedia,train2020,12952,44e217773a65be9cdfc7f78386347e85.jpg,1,1,true,1,new_val,false
fashionpedia,train2020,12955,a38c8409501000a1cbb5d2f905dfe758.jpg,1,1,true,3,train,true
fashionpedia,train2020,12957,5c762973b95a7da13a6b7343f7f67069.jpg,1,1,true,1,new_val,false
fashionpedia,train2020,12959,bd2ba2d63336b7df9cbd42d399002f6f.jpg,1,1,true,2,train,true
fashionpedia,train2020,12965,c7985a39cf94fb61213cd6c7383d62a3.jpg,1,1,true,2,train,true
fashionpedia,train2020,12966,79d4047fb423b08afaa3d73eff36c862.jpg,1,1,true,2,train,true
fashionpedia,train2020,12967,6d3c4b9657f354912b8e06723f5d00ec.jpg,1,1,true,1,train,true
fashionpedia,train2020,12969,9a1bd32c66fb7e362041661eb4717117.jpg,1,1,true,3,train,true
fashionpedia,train2020,12970,1ac4f99b512f9304b19947301759b503.jpg,1,1,true,2,train,true
fashionpedia,train2020,12973,cf307a8293e116de1765a889e484694d.jpg,1,1,true,1,train,true
fashionpedia,train2020,12975,b74f04e6f36e1f76127b0c66bc21bb66.jpg,1,1,true,1,new_val,false
fashionpedia,train2020,12977,69ee8707533351413bdb70fee8335373.jpg,1,1,true,1,train,true
fashionpedia,train2020,12987,cf458635eeb6d36233637def04d77139.jpg,1,1,true,2,new_val,false
fashionpedia,train2020,12992,e780a65d3fe4857980f0947f1909c654.jpg,1,1,true,1,train,true
fashionpedia,train2020,12995,a96775c3596fed1b9e2beed86f8e2de8.jpg,1,1,true,3,train,true
fashionpedia,train2020,12998,6c9de6e71344aacad36db727555ce295.jpg,1,1,true,1,new_val,false
fashionpedia,train2020,13000,1435a0ea78a896cae4b7b5f997a19877.jpg,1,1,true,1,train,true
fashionpedia,train2020,13004,3c20d192a6fe55bcf9645a1eaee605c5.jpg,1,1,true,2,train,true
fashionpedia,train2020,13005,2cbc0a6e28b3ff54e35f48463379c62b.jpg,1,1,true,1,train,true
fashionpedia,train2020,13009,21797a5ed9c822b8d363fb90700dd337.jpg,1,1,true,2,new_val,false
fashionpedia,train2020,13012,ad23836a02df26d441407181066ac757.jpg,1,1,true,3,train,true
fashionpedia,train2020,13018,6ad786ec7a1f4cdd27fd558fa8adbf36.jpg,1,1,true,2,train,true
fashionpedia,train2020,13021,45b46131f8abd655a0ea34c15227c4fc.jpg,1,1,true,1,train,true
fashionpedia,train2020,13022,b43db0459c73b5dea5aedc89255df49b.jpg,1,1,true,1,train,true
fashionpedia,train2020,13025,efbdf55cb5759345fb6e3e44bf65ef4e.jpg,1,1,true,3,train,true
fashionpedia,train2020,13026,01a2109c1582a7e3ea617134e6adbc5d.jpg,1,1,true,1,train,true
fashionpedia,train2020,13038,fd9e3ea1c92995e7c1857ba6c5dd8288.jpg,1,1,true,2,train,true
fashionpedia,train2020,13041,7174106bc377b0e43411cf1db87769b9.jpg,1,1,true,2,train,true
fashionpedia,train2020,13042,5fa1829492a9db52722d48a87387b424.jpg,1,1,true,2,train,true
fashionpedia,train2020,13044,ebf6ff3880c9e73f13f9de3cc18e054e.jpg,1,1,true,2,new_val,false
fashionpedia,train2020,13047,b0d0515b00f894210e50629d277b76a9.jpg,1,1,true,3,train,true
fashionpedia,train2020,13054,4de78adeb7751acb7d8833da840600a2.jpg,1,1,true,3,train,true
fashionpedia,train2020,13058,58be4c52013a81f47f7b82466e76b156.jpg,1,1,true,1,train,true
fashionpedia,train2020,13063,3262c53e0f5ee8c6691c8ebdc38477d1.jpg,1,1,true,1,train,true
fashionpedia,train2020,13064,e18412ca525dcca929e9714e7e7203b7.jpg,1,1,true,1,train,true
fashionpedia,train2020,13066,6a9ddca1da857c56d8d4134a7c84ee04.jpg,1,1,true,4,train,true
fashionpedia,train2020,13067,e40ee400321e10b4bc5d62af651842e1.jpg,1,1,true,1,train,true
fashionpedia,train2020,13070,6a754736ea4ccd59d026c522c2218412.jpg,1,1,true,2,train,true
fashionpedia,train2020,13072,506384065789d26b7536672e60514b6a.jpg,1,1,true,3,train,true
fashionpedia,train2020,13078,e8aad072433e8d7794a9364a56b87811.jpg,1,1,true,1,new_val,false
fashionpedia,train2020,13080,5a78e31122b93802638df51dd6d85896.jpg,1,1,true,1,new_val,false
fashionpedia,train2020,13085,040cfc4dc3b5908c6503eb53e469acf1.jpg,1,1,true,2,train,true
fashionpedia,train2020,13086,e5c939875241eec06df4e5a57bb3b47d.jpg,1,1,true,3,train,true
fashionpedia,train2020,13088,3e1c04d5492fc1740c2fa367a24c7854.jpg,1,1,true,2,train,true
fashionpedia,train2020,13094,07acd85ea7a4559005ee1b4c6c9d9c15.jpg,1,1,true,3,train,true
fashionpedia,train2020,13101,daeb36032c0640b5d7b791181ccfe882.jpg,1,1,true,3,new_val,false
fashionpedia,train2020,13103,6a32e498d2258e4b285ed06c886b5868.jpg,1,1,true,1,train,true
fashionpedia,train2020,13109,3784f8ad30538af2154377c0025efa6a.jpg,1,1,true,1,train,true
fashionpedia,train2020,13110,22a047205ef0cc298f5b89a291e6d254.jpg,1,1,true,1,train,true
fashionpedia,train2020,13111,d7cc1acc4df0f028d8c2e5de0ae19394.jpg,1,1,true,2,new_val,false
fashionpedia,train2020,13112,e1b3eb84b35599e28d7d03e30fea0839.jpg,1,1,true,2,train,true
fashionpedia,train2020,13114,99579d3b9cb3fb6d70e94605bb0c6843.jpg,1,1,true,2,train,true
fashionpedia,train2020,13129,c18b67adc9f86dc1518ff6e922a5adf3.jpg,1,1,true,3,train,true
fashionpedia,train2020,13132,2dcfeff87301f36d3142f611a6020e78.jpg,1,1,true,1,train,true
fashionpedia,train2020,13133,9e9dd2da4f948294899baf90ccef6a61.jpg,1,1,true,2,train,true
fashionpedia,train2020,13137,8c4ad7ebf326cef71349578c81ad6d1f.jpg,1,1,true,1,train,true
fashionpedia,train2020,13149,267a4b57c430c482123a51a99bd87741.jpg,1,1,true,2,train,true
fashionpedia,train2020,13153,88b857f21bc8195b83465de18e83d0f1.jpg,1,1,true,3,train,true
fashionpedia,train2020,13155,7df835ade2b7510e42bc8d88f5232d74.jpg,1,1,true,2,train,true
fashionpedia,train2020,13159,a9392e753a6922f7628c1633748b2348.jpg,1,1,true,1,train,true
fashionpedia,train2020,13161,bf2a37d16337e34e129e389fda781233.jpg,1,1,true,2,train,true
fashionpedia,train2020,13168,56c364c3c3a9b249029b507066c3c789.jpg,1,1,true,2,train,true
fashionpedia,train2020,13177,4508b83a92cc4c2bcfa41e61653b21fe.jpg,1,1,true,2,train,true
fashionpedia,train2020,13184,7c9e33b80d439cdc69d8f0f565d5568a.jpg,1,1,true,3,train,true
fashionpedia,train2020,13185,fb378a687cd1ceb0c420a77744a1b30f.jpg,1,1,true,1,new_val,false
fashionpedia,train2020,13186,72ec8e589a8ae84cc7a4fd12194fb09b.jpg,1,1,true,1,new_val,false
fashionpedia,train2020,13189,0c3e576bbc4fe738479c8d61e6966c9e.jpg,1,1,true,2,train,true
fashionpedia,train2020,13192,16971ca02c4db417436e1104e9fbfe0d.jpg,1,1,true,1,train,true
fashionpedia,train2020,13193,4b4f7c187025d244ed03d555a463082b.jpg,1,1,true,2,new_val,false
fashionpedia,train2020,13196,edf77d20318aabff2ac8dd6460f3c0fc.jpg,1,1,true,3,train,true
fashionpedia,train2020,13199,f062871b2065f1a09224dbeed4f4374f.jpg,1,1,true,1,train,true
fashionpedia,train2020,13202,048c77e2aafc23520292bdd0ed6976a4.jpg,1,1,true,2,train,true
fashionpedia,train2020,13207,0ebcc1c57afbdcdc65e144de5ca7c5e2.jpg,1,1,true,2,train,true
fashionpedia,train2020,13208,f8557ca45717b6ce4400f95a13326081.jpg,1,1,true,3,train,true
fashionpedia,train2020,13221,33ca733677d3937a77dc19ed7e71ed9e.jpg,1,1,true,3,train,true
fashionpedia,train2020,13222,8b2ccb2f5f1ba3c2a18bda2568f56e40.jpg,1,1,true,1,train,true
fashionpedia,train2020,13223,91c9ca22db18b6a17b10d351360ebd32.jpg,1,1,true,3,train,true
fashionpedia,train2020,13224,715eaa6801b5f02466174ba890cd44dd.jpg,1,1,true,1,train,true
fashionpedia,train2020,13227,e0a921deff1efbb703ec382950dd86a8.jpg,1,1,true,3,train,true
fashionpedia,train2020,13232,d32d14e02596550f925ff4c7151da975.jpg,1,1,true,1,train,true
fashionpedia,train2020,13233,0d61f625f4cc8a81d04c2a992e483db8.jpg,1,1,true,2,train,true
fashionpedia,train2020,13234,8105721aa8bcbdcd0674c3d5f84157a5.jpg,1,1,true,1,train,true
fashionpedia,train2020,13235,22f268e4620d248ff55bd1a797a39c0f.jpg,1,1,true,1,train,true
fashionpedia,train2020,13240,f4b8366d1d0de59c16f3763bad59e355.jpg,1,1,true,1,new_val,false
fashionpedia,train2020,13244,4fa1290a5b212e4e0c16d1431c4679a3.jpg,1,1,true,4,train,true
fashionpedia,train2020,13248,6e1ecf4da0ba26533be4332a4403dd00.jpg,1,1,true,3,train,true
fashionpedia,train2020,13249,ae36203b5ee376abec3f10cda622098e.jpg,1,1,true,1,train,true
fashionpedia,train2020,13253,afab8ee147201a651ea0907851b437c0.jpg,1,1,true,2,train,true
fashionpedia,train2020,13264,4f5b40ab91992e2c95b66f504def1bd5.jpg,1,1,true,2,train,true
fashionpedia,train2020,13266,73569ed489fe268a6cb2d061f03b44f8.jpg,1,1,true,1,train,true
fashionpedia,train2020,13269,5b631628f35a13ef3a2358d878e010b8.jpg,1,1,true,2,train,true
fashionpedia,train2020,13280,d8660433da6dac24cf308d6db1249d54.jpg,1,1,true,3,train,true
fashionpedia,train2020,13288,314b1de833421f4420eb3dec0b91cefc.jpg,1,1,true,3,new_val,false
fashionpedia,train2020,13292,1bc77c1c5acd331c6832e12c77c6a336.jpg,1,1,true,3,train,true
fashionpedia,train2020,13295,fdeda1a5dd47924fed8469e018f18afc.jpg,1,1,true,1,train,true
fashionpedia,train2020,13300,7af31b702f2c831dd2fea5e77298c6ba.jpg,1,1,true,3,train,true
fashionpedia,train2020,13305,7a885417843b60af8d0d88c5775b172b.jpg,1,1,true,2,train,true
fashionpedia,train2020,13310,18b92a547b32d73b9823708ba0c9eed8.jpg,1,1,true,1,train,true
fashionpedia,train2020,13311,b21b9c3a1818506f3a500cdfef6f0978.jpg,1,1,true,2,train,true
fashionpedia,train2020,13321,3a7581726d48c8fa69ee2498e8da7a4c.jpg,1,1,true,3,new_val,false
fashionpedia,train2020,13322,a2ac3a542f478954bafa54577e559bbb.jpg,1,1,true,1,train,true
fashionpedia,train2020,13328,0b5a877ec5a5b0b189fb551506c955ab.jpg,1,1,true,1,train,true
fashionpedia,train2020,13329,e1ebc8b834a89104f67d9a6b916ded27.jpg,1,1,true,2,train,true
fashionpedia,train2020,13330,3749760e649a2a14ca25d7dd7cf15bce.jpg,1,1,true,1,train,true
fashionpedia,train2020,13332,8f6251b29f01897f81868e2c91475644.jpg,1,1,true,2,new_val,false
fashionpedia,train2020,13336,a15dbf0eab7fc66fc16ccca8875cd291.jpg,1,1,true,1,train,true
fashionpedia,train2020,13337,7d641d20cb8e6c7c4ecd570dbfd65c5e.jpg,1,1,true,2,new_val,false
fashionpedia,train2020,13338,5783bbd6b2931a65d908390485cb94bc.jpg,1,1,true,1,new_val,false
fashionpedia,train2020,13342,8923fc25c6777aa0c3e35c7a20a9dffb.jpg,1,1,true,1,train,true
fashionpedia,train2020,13346,d127246a9565cb38e1cb2dbba8349181.jpg,1,1,true,2,new_val,false
fashionpedia,train2020,13348,c7ff878c54f77e584f8fadf02b042fa6.jpg,1,1,true,1,train,true
fashionpedia,train2020,13357,1e70eb1c8b7eb58db41ddef8ffb8e0e6.jpg,1,1,true,2,new_val,false
fashionpedia,train2020,13360,db0a74322ca700d7126758ebc9c1872e.jpg,1,1,true,3,new_val,false
fashionpedia,train2020,13363,722311284dc8536a7ce5054d7d75933b.jpg,1,1,true,1,train,true
fashionpedia,train2020,13364,8a8538cda7002f9c3496e67d7546f144.jpg,1,1,true,2,train,true
fashionpedia,train2020,13367,b4b99cb6ee21c5feace88ea6ca9b5e41.jpg,1,1,true,1,train,true
fashionpedia,train2020,13368,7824a48baef96a8c6a479d1bfaa656e0.jpg,1,1,true,2,train,true
fashionpedia,train2020,13369,71e18209df260d73aaec990c5716f3bf.jpg,1,1,true,1,train,true
fashionpedia,train2020,13371,7498de172ed23ff8832494e82f67cb82.jpg,1,1,true,2,train,true
fashionpedia,train2020,13373,47a807d0155bdea34474c864473ee342.jpg,1,1,true,2,train,true
fashionpedia,train2020,13376,5e6e20bd3ffa97494bd98dc82e33a9a0.jpg,1,1,true,3,train,true
fashionpedia,train2020,13378,649575404695e7beee8545587b2cc904.jpg,1,1,true,3,train,true
fashionpedia,train2020,13379,6fa44ab11b1f367648ecd29492ad6d06.jpg,1,1,true,1,train,true
fashionpedia,train2020,13393,1673792247a9e4edf9225374282757ab.jpg,1,1,true,3,train,true
fashionpedia,train2020,13394,f116f912f83a80f247cb525d3a45939c.jpg,1,1,true,1,new_val,false
fashionpedia,train2020,13399,0953b83d6099d0412ac9f89a4603b68c.jpg,1,1,true,1,new_val,false
fashionpedia,train2020,13402,190304b6eb29bf7534c3bf8974036638.jpg,1,1,true,1,train,true
fashionpedia,train2020,13405,039a3556c8cc07e37bbda278037b99e6.jpg,1,1,true,2,train,true
fashionpedia,train2020,13406,c7ec3109cdfb70c9da6a8494cef32a48.jpg,1,1,true,1,train,true
fashionpedia,train2020,13410,fcfe57d0bfe07cb166d6ac2461cacad6.jpg,1,1,true,3,train,true
fashionpedia,train2020,13411,aea3e4e4939f5c51810459c3584bd0af.jpg,1,1,true,1,new_val,false
fashionpedia,train2020,13413,6b5fed4b43c52527a514db6449bd9be3.jpg,1,1,true,2,new_val,false
fashionpedia,train2020,13415,70b16d17d32c6da86b0bd7c2b6ee0af5.jpg,1,1,true,3,train,true
fashionpedia,train2020,13420,1ea049493440971d737c5553fe12ded9.jpg,1,1,true,3,new_val,false
fashionpedia,train2020,13421,731a07babd2b8ab9825a197ae8afe172.jpg,1,1,true,1,train,true
fashionpedia,train2020,13423,ab177efb1bb413bc181f1cb47be3fd93.jpg,1,1,true,1,train,true
fashionpedia,train2020,13424,aaddcffa9fbb1034b3a04a10895a3d5f.jpg,1,1,true,1,train,true
fashionpedia,train2020,13430,83287777369fca2b8e6fab279bb47ee1.jpg,1,1,true,1,train,true
fashionpedia,train2020,13435,493bae343dbeed22671bc23bc98eda80.jpg,1,1,true,3,train,true
fashionpedia,train2020,13437,1bb68ee6b90ba1bf863af68a878448bf.jpg,1,1,true,2,train,true
fashionpedia,train2020,13438,90ee912adcc36b96846078ddb9f7ef17.jpg,1,1,true,1,new_val,false
fashionpedia,train2020,13450,ef696a77808507c1b6e162b4f9480a0d.jpg,1,1,true,1,train,true
fashionpedia,train2020,13453,4c6fa1d34833ed661971dd4b351b9391.jpg,1,1,true,1,train,true
fashionpedia,train2020,13454,c42e40f9f6830cc5d7efcfdb230e9332.jpg,1,1,true,2,train,true
fashionpedia,train2020,13455,245758081ca84f9fe16d29086cd75381.jpg,1,1,true,1,train,true
fashionpedia,train2020,13461,7ad5da5a1c98c87f53268acc9fbf0642.jpg,1,1,true,2,train,true
fashionpedia,train2020,13463,b921a1f6bf5a0a44a4a4cec9ebdea378.jpg,1,1,true,1,train,true
fashionpedia,train2020,13466,33a06250f2d96e425db3014dd5d31e5a.jpg,1,1,true,2,train,true
fashionpedia,train2020,13478,d0f5c66e5ad37c44dcd5d4f658fd9bb3.jpg,1,1,true,2,new_val,false
fashionpedia,train2020,13481,6c04e1151b7b233d1bf251a35297f62d.jpg,1,1,true,1,train,true
fashionpedia,train2020,13485,2f5d83f8789202753838fee654283c69.jpg,1,1,true,3,new_val,false
fashionpedia,train2020,13486,fc7d781b51fc0f092bc645dd76892edb.jpg,1,1,true,2,train,true
fashionpedia,train2020,13487,4e25b1a90b73789d7f6f553310a11cdf.jpg,1,1,true,2,train,true
fashionpedia,train2020,13495,e544c50bbe31ee74be9a810b99838ec9.jpg,1,1,true,3,train,true
fashionpedia,train2020,13496,621fdddc63935ec7ab25a8a5e7fca806.jpg,1,1,true,3,train,true
fashionpedia,train2020,13497,d3f1420a6c04e78724c7293d5d4c23f3.jpg,1,1,true,1,train,true
fashionpedia,train2020,13501,ce9006d4b35902d1e46e361a8464a65b.jpg,1,1,true,1,new_val,false
fashionpedia,train2020,13503,30f83da6700c0d3fdab34563181e36b0.jpg,1,1,true,1,train,true
fashionpedia,train2020,13508,4b57b8fe0d2e50b83b145f9a0057a454.jpg,1,1,true,2,train,true
fashionpedia,train2020,13509,b925f507b44526cdfa3086eed5486a35.jpg,1,1,true,2,train,true
fashionpedia,train2020,13512,24998e5feb9af6eb2b5cc9707f412334.jpg,1,1,true,2,new_val,false
fashionpedia,train2020,13520,db14653bd78ddbd63631ea0318b472c1.jpg,1,1,true,2,train,true
fashionpedia,train2020,13523,2879c28c0d9fac5e7dbf567248013e24.jpg,1,1,true,1,new_val,false
fashionpedia,train2020,13527,7c154da90a5e400c5ee7383d09cf6528.jpg,1,1,true,2,train,true
fashionpedia,train2020,13531,142dd6a54089c89332562ad3a8aeb2b4.jpg,1,1,true,2,train,true
fashionpedia,train2020,13558,69f654741c5c4cef78e916f871e0392b.jpg,1,1,true,2,train,true
fashionpedia,train2020,13561,8fbfd24373991b1765589d9a1fb22250.jpg,1,1,true,2,train,true
fashionpedia,train2020,13565,1f2ee11e778afdb1562a5f04d2318c47.jpg,1,1,true,3,train,true
fashionpedia,train2020,13566,f54a63d0506c13281931031c01aacefd.jpg,1,1,true,1,train,true
fashionpedia,train2020,13573,4c1b699936e21760243278c37a9ca311.jpg,1,1,true,2,train,true
fashionpedia,train2020,13577,879e4635a49849e4d84231dc3f126e20.jpg,1,1,true,2,train,true
fashionpedia,train2020,13578,add08a678e5b9db47b3e6143bd7f22c3.jpg,1,1,true,3,train,true
fashionpedia,train2020,13580,a8b7cc8503d3f2785ae62f5d6d01b7e8.jpg,1,1,true,2,train,true
fashionpedia,train2020,13593,ff89d127a396bc4e269161fcb0debafc.jpg,1,1,true,1,train,true
fashionpedia,train2020,13596,6a4594bd0ee5d8c7891078c55b232da8.jpg,1,1,true,2,train,true
fashionpedia,train2020,13597,6f8afd43e48798cc88c1385d7f967836.jpg,1,1,true,2,train,true
fashionpedia,train2020,13604,494f683ec4bda4d6b86cb2022beeff2d.jpg,1,1,true,2,new_val,false
fashionpedia,train2020,13608,77b519468b543dba43a0f4a8784ea022.jpg,1,1,true,1,train,true
fashionpedia,train2020,13609,79f91044f076401b9c69fd0613aed305.jpg,1,1,true,2,train,true
fashionpedia,train2020,13610,5f06766c2fbcb73ad988babd55b03de9.jpg,1,1,true,2,train,true
fashionpedia,train2020,13614,6f8e6ab55c5e2215f2d4978a2cdefe09.jpg,1,1,true,3,train,true
fashionpedia,train2020,13615,25d5c6ee41d0fc755b4414c23bce495b.jpg,1,1,true,2,train,true
fashionpedia,train2020,13616,3fbac3bc8fc12aa3fb0ea08dace0a554.jpg,1,1,true,2,train,true
fashionpedia,train2020,13619,f60d0a9ef35ff32f41167f002f604218.jpg,1,1,true,3,train,true
fashionpedia,train2020,13620,e81e37db023c6a126734e0ee1e442f56.jpg,1,1,true,1,train,true
fashionpedia,train2020,13621,ad994896241617e56d1cdb52da4e267a.jpg,1,1,true,3,train,true
fashionpedia,train2020,13622,12937dc5d269b762750c969974e542ba.jpg,1,1,true,2,train,true
fashionpedia,train2020,13624,37fb738c48c2607800688e7c10e00357.jpg,1,1,true,1,train,true
fashionpedia,train2020,13627,3a66c94e39a4a7b7b4f06095d65995fc.jpg,1,1,true,1,train,true
fashionpedia,train2020,13628,914f3c474466db9d0d0c703589203a7c.jpg,1,1,true,1,train,true
fashionpedia,train2020,13629,6a10ca02bffa945a2fabdebd49921320.jpg,1,1,true,2,train,true
fashionpedia,train2020,13633,aec695eee2b54ab35b187c9d8fe14c82.jpg,1,1,true,1,train,true
fashionpedia,train2020,13643,b6023912f5110d6d6b566988beecd974.jpg,1,1,true,2,train,true
fashionpedia,train2020,13644,715c3b7a64aa68731acd74d91f307d90.jpg,1,1,true,2,train,true
fashionpedia,train2020,13645,6944e12bc29451c28e8c9550eea17e20.jpg,1,1,true,2,new_val,false
fashionpedia,train2020,13647,84912fb35861c2e48a6a918241c59cc0.jpg,1,1,true,3,train,true
fashionpedia,train2020,13652,fccdc98b3771cfa1ebbb779331b6c7df.jpg,1,1,true,1,train,true
fashionpedia,train2020,13654,3ee839cc096f9a0f0912a809f3c9ab63.jpg,1,1,true,2,new_val,false
fashionpedia,train2020,13657,9d630ca59faa031e7e4d0b5956a6c48b.jpg,1,1,true,2,new_val,false
fashionpedia,train2020,13658,57dffe3d4e1e27983a5ab77e421a60fd.jpg,1,1,true,1,train,true
fashionpedia,train2020,13664,c93021b5fe8e281d9f05ad90d9eaca78.jpg,1,1,true,2,new_val,false
fashionpedia,train2020,13670,e672b538faf81184cb31ae19ad1e0933.jpg,1,1,true,1,train,true
fashionpedia,train2020,13671,b13ae6726b598789f00c2da57643b532.jpg,1,1,true,1,train,true
fashionpedia,train2020,13672,a7fdc18b7ea27662d9ab655909d0b930.jpg,1,1,true,2,new_val,false
fashionpedia,train2020,13673,100e006654e55d246577fafc046588ef.jpg,1,1,true,3,train,true
fashionpedia,train2020,13674,c4a215283a3ec917e46f0dae69766e70.jpg,1,1,true,1,new_val,false
fashionpedia,train2020,13678,adef062df128631fdc6acb961d78568b.jpg,1,1,true,2,train,true
fashionpedia,train2020,13681,50e30668a5f85f447ffbba3a94b4b58e.jpg,1,1,true,2,train,true
fashionpedia,train2020,13682,145e86d271b2d54daec1855c52964c66.jpg,1,1,true,2,train,true
fashionpedia,train2020,13683,7df03b7d79ba57f491d2051542c70dd3.jpg,1,1,true,2,train,true
fashionpedia,train2020,13685,c4ab4b97850147f0b2237576deb01b4f.jpg,1,1,true,1,train,true
fashionpedia,train2020,13686,dedcdb3afb1d54ff293e8f0f4f8fa306.jpg,1,1,true,2,train,true
fashionpedia,train2020,13688,f350a2de30a6a13a4bbcc7274a28e7b4.jpg,1,1,true,2,train,true
fashionpedia,train2020,13689,87550d57675c39d1df8991a7c7a2a726.jpg,1,1,true,2,train,true
fashionpedia,train2020,13690,e5e1e5840ab9db003613f23994e13493.jpg,1,1,true,4,train,true
fashionpedia,train2020,13691,9dfdfcfafff7f3b2eeb85e6bc9d97ca9.jpg,1,1,true,2,train,true
fashionpedia,train2020,13697,368697f1ce418dd4bf30d5bf889c8199.jpg,1,1,true,2,train,true
fashionpedia,train2020,13702,06e3eb51dfff4658a22632177402d502.jpg,1,1,true,1,train,true
fashionpedia,train2020,13704,88e5e8b3290c0c6f13cf33abf0610850.jpg,1,1,true,2,new_val,false
fashionpedia,train2020,13705,df11f93ac4fa93962daed56c12a6da67.jpg,1,1,true,2,train,true
fashionpedia,train2020,13707,b386dde62a2449923ee7e466cb000d1d.jpg,1,1,true,2,train,true
fashionpedia,train2020,13709,b6d31574da105c852c89ca93802ffe95.jpg,1,1,true,1,new_val,false
fashionpedia,train2020,13720,ca0ff96592bd01f72694244d9410f6dd.jpg,1,1,true,3,new_val,false
fashionpedia,train2020,13721,5bd07e91be2a43d2b13c127e3d41372b.jpg,1,1,true,1,new_val,false
fashionpedia,train2020,13726,d3e6ba8a461f5ed72c3fe64c5d74deb4.jpg,1,1,true,3,new_val,false
fashionpedia,train2020,13728,857ce52a3e7c696a256de9c0616ae450.jpg,1,1,true,1,train,true
fashionpedia,train2020,13731,e1db6c48be1d6651cc9a3a13544d822d.jpg,1,1,true,3,new_val,false
fashionpedia,train2020,13735,857e9ada3543839fdda78dde79174c98.jpg,1,1,true,1,train,true
fashionpedia,train2020,13737,c8ac29f0192b96dd20c4abe971c398bf.jpg,1,1,true,2,train,true
fashionpedia,train2020,13738,a8212cc9048367404bc50c79f66195f1.jpg,1,1,true,2,new_val,false
fashionpedia,train2020,13739,8e0fc73184878d8e3e42ba4d95d4d118.jpg,1,1,true,1,train,true
fashionpedia,train2020,13743,f96de140f2656bc392f4bf03a60afae0.jpg,1,1,true,1,train,true
fashionpedia,train2020,13748,69cb0d32256f02a23b94f626838f6074.jpg,1,1,true,3,train,true
fashionpedia,train2020,13753,a33079d2a4de82d360dbadba77b5e7dd.jpg,1,1,true,2,train,true
fashionpedia,train2020,13759,143bed93dc182847e401264bb0743034.jpg,1,1,true,2,train,true
fashionpedia,train2020,13761,9a91dbf5f5b7b88ed3dde13005632efc.jpg,1,1,true,1,train,true
fashionpedia,train2020,13762,8040c376673a0f0566f8bdbac53965bf.jpg,1,1,true,3,new_val,false
fashionpedia,train2020,13770,79d9d947a7c08b51e6bade7c63a5bdf8.jpg,1,1,true,2,train,true
fashionpedia,train2020,13773,e2cf36b3fb86e13e55debfc9a8fb9d85.jpg,1,1,true,2,train,true
fashionpedia,train2020,13776,48dd0725c4e602d598827766a25b1be4.jpg,1,1,true,1,train,true
fashionpedia,train2020,13777,2acd4c363d0aa3cc99415f223bb6d25e.jpg,1,1,true,2,train,true
fashionpedia,train2020,13778,eb0fb5126e73c17abc0ed719a17c78b5.jpg,1,1,true,2,new_val,false
fashionpedia,train2020,13782,6d01bde6eda74d7173ee0739209385f3.jpg,1,1,true,2,train,true
fashionpedia,train2020,13790,90599e7873508a829829dd50abdf78d4.jpg,1,1,true,1,train,true
fashionpedia,train2020,13793,ff774df2598bca10114fc97ee503296c.jpg,1,1,true,3,train,true
fashionpedia,train2020,13794,b6b32e90d9284f57b7acb246697e21f7.jpg,1,1,true,1,train,true
fashionpedia,train2020,13799,32c73bc7eb127b9ae0efbe8bded632c4.jpg,1,1,true,1,train,true
fashionpedia,train2020,13806,70d6a1f626ff46b779afa4ebd4c45fee.jpg,1,1,true,2,new_val,false
fashionpedia,train2020,13811,9be973fb190fe7ffbe830709d1b1a04f.jpg,1,1,true,1,train,true
fashionpedia,train2020,13812,0371b742ebfbd64c1b7cafc833fd5045.jpg,1,1,true,1,new_val,false
fashionpedia,train2020,13814,b7c454ed7c2431ee6b8c94c15cbbb365.jpg,1,1,true,2,train,true
fashionpedia,train2020,13819,ff7445dcc6299c1e0688d875a7cf9f44.jpg,1,1,true,2,train,true
fashionpedia,train2020,13821,152a81692a46ba2231ca0780333a51d3.jpg,1,1,true,2,new_val,false
fashionpedia,train2020,13822,9738e9d1e39882f8d28f938bf05ad50f.jpg,1,1,true,3,new_val,false
fashionpedia,train2020,13824,d17183a19cdf2a1ea21d53524038d1ea.jpg,1,1,true,2,train,true
fashionpedia,train2020,13825,4c0124374daf3861d7271810af8bcc78.jpg,1,1,true,1,new_val,false
fashionpedia,train2020,13827,801b5cdc582234387a66bc09f9928988.jpg,1,1,true,2,train,true
fashionpedia,train2020,13831,0514625de960135c9b6c4b0a03748cc5.jpg,1,1,true,1,train,true
fashionpedia,train2020,13833,eed8042f1efdc3306ac6e71d0b3ad23a.jpg,1,1,true,1,train,true
fashionpedia,train2020,13834,a9287339e0d44265cb0dcd65935ba56f.jpg,1,1,true,3,train,true
fashionpedia,train2020,13835,d033d6c474bb4609ba43fb62cc2f125e.jpg,1,1,true,1,train,true
fashionpedia,train2020,13837,a5bb54444728b509f91dbe50c5a671d8.jpg,1,1,true,2,train,true
fashionpedia,train2020,13842,a804d74e4213a053343b52ccef09dfde.jpg,1,1,true,3,train,true
fashionpedia,train2020,13846,cb13a9d13436b9a2f5655525e46a2cc8.jpg,1,1,true,2,train,true
fashionpedia,train2020,13847,19defa246cef47aadc23fcd4831b89db.jpg,1,1,true,1,train,true
fashionpedia,train2020,13851,e8ca59049a99552807426a446fca5b96.jpg,1,1,true,3,new_val,false
fashionpedia,train2020,13852,fd1183f5e7cd014f6eb9a8c624ac2d0d.jpg,1,1,true,1,new_val,false
fashionpedia,train2020,13853,9ca2dd2eb0efed7897019601f4a5f51c.jpg,1,1,true,1,train,true
fashionpedia,train2020,13858,389e04e1fe507e172c74daaa69932179.jpg,1,1,true,2,train,true
fashionpedia,train2020,13861,52ac6b8c38abf0308f727af5e06d78fc.jpg,1,1,true,3,train,true
fashionpedia,train2020,13862,271619e8f9f1567f45e64412bc00d9c7.jpg,1,1,true,2,train,true
fashionpedia,train2020,13864,17e6a3d9273a8f6b1b3f7981f8d17532.jpg,1,1,true,1,train,true
fashionpedia,train2020,13865,314162eaf5970c86ba072da9a36275ab.jpg,1,1,true,4,train,true
fashionpedia,train2020,13868,5fb9b038518a94dbac8a77ee1d220e4f.jpg,1,1,true,2,train,true
fashionpedia,train2020,13874,dc5ee48d56a927fe7629ee1f08a7af0b.jpg,1,1,true,1,train,true
fashionpedia,train2020,13875,ab0917a196a77b3a80c12ec87d40da95.jpg,1,1,true,2,train,true
fashionpedia,train2020,13883,49e72355754823edd48687fc41ceabd0.jpg,1,1,true,2,train,true
fashionpedia,train2020,13885,f0365eff82ea41e09f1e3b8502bc6d29.jpg,1,1,true,1,new_val,false
fashionpedia,train2020,13889,26c93b228a95fa77812f2b1413ccdc63.jpg,1,1,true,2,new_val,false
fashionpedia,train2020,13890,3add968e85cf0f3bb3ab6a927da06bca.jpg,1,1,true,3,train,true
fashionpedia,train2020,13891,16fcc5cf4c5da6e1440169cf45c7c99b.jpg,1,1,true,1,train,true
fashionpedia,train2020,13892,4e0639c6edcf6fc793c0bafd764ed7ae.jpg,1,1,true,3,train,true
fashionpedia,train2020,13895,11587a885f93be84e117722404cbae05.jpg,1,1,true,2,new_val,false
fashionpedia,train2020,13897,a3b1bfa806264afd7d83b2b507e74946.jpg,1,1,true,3,train,true
fashionpedia,train2020,13898,c916f08b74a5f2901caebcdad2461f1e.jpg,1,1,true,1,new_val,false
fashionpedia,train2020,13900,62cd33b0108c6b5141ac9d2077ae1571.jpg,1,1,true,3,train,true
fashionpedia,train2020,13901,435fd3ddacec77f6d183814e449ffd43.jpg,1,1,true,1,train,true
fashionpedia,train2020,13906,7799a7296ba1a68764019b6da6f5af52.jpg,1,1,true,1,train,true
fashionpedia,train2020,13915,15f940064f9bccba9f5af603987a1af6.jpg,1,1,true,2,train,true
fashionpedia,train2020,13920,755b7b7f01358797a4f700f89f3162f7.jpg,1,1,true,2,new_val,false
fashionpedia,train2020,13924,edae02e363c55da8014efb49fd914660.jpg,1,1,true,2,new_val,false
fashionpedia,train2020,13925,6f3a835da55d947de2d521bd962a8ec1.jpg,1,1,true,2,train,true
fashionpedia,train2020,13928,684c3b9007752f21c59b66ce84b8fb2d.jpg,1,1,true,1,train,true
fashionpedia,train2020,13929,b95dab70cc9871b6b75e141107ca58e1.jpg,1,1,true,1,train,true
fashionpedia,train2020,13930,aa0dbefd2e44717caeac028096b1f147.jpg,1,1,true,1,train,true
fashionpedia,train2020,13931,013997edc5cc9e5ffa382b8bdec8a0b5.jpg,1,1,true,3,train,true
fashionpedia,train2020,13936,92a269c5d2f873a7af420d9cb22b53d2.jpg,1,1,true,3,train,true
fashionpedia,train2020,13938,e48ef07a85af80d9526d2a76b3c008bd.jpg,1,1,true,3,train,true
fashionpedia,train2020,13940,0e1bbc0c58e5d555157d5cd84ee4dbff.jpg,1,1,true,2,train,true
fashionpedia,train2020,13942,88f71154cae3724a633fa8f9745a5cbc.jpg,1,1,true,2,train,true
fashionpedia,train2020,13945,6a360e0a547fcd39c2a3abfbd09bced2.jpg,1,1,true,2,train,true
fashionpedia,train2020,13956,7be3b524e563abb9e2aaae36ea973d99.jpg,1,1,true,2,train,true
fashionpedia,train2020,13958,e4dc18c73af07df17a433bcef5f6327e.jpg,1,1,true,3,train,true
fashionpedia,train2020,13970,6b6fb8e54309923cb60e52c2feb981a2.jpg,1,1,true,1,train,true
fashionpedia,train2020,13972,128d9666e4a66112809a8900a8eee7b0.jpg,1,1,true,2,train,true
fashionpedia,train2020,13977,87bbec1c9a799f8bb64ac92d96596150.jpg,1,1,true,2,train,true
fashionpedia,train2020,13978,adfa39bd8141bf83949405997c26b9dc.jpg,1,1,true,1,train,true
fashionpedia,train2020,13980,ae333baa4e4e57b47aa414473152516b.jpg,1,1,true,1,train,true
fashionpedia,train2020,13983,840b7beface5033c3a50a8cadecb83e9.jpg,1,1,true,2,new_val,false
fashionpedia,train2020,13984,9ea8007a7eccff2074a01d012b1f7168.jpg,1,1,true,1,train,true
fashionpedia,train2020,13987,e58f0ec62892e62c407121dd63a0786b.jpg,1,1,true,3,train,true
fashionpedia,train2020,13993,86265f419117c49d63170d3e5308caa3.jpg,1,1,true,3,train,true
fashionpedia,train2020,13998,a3ff15250c1860d1e44d61a299923897.jpg,1,1,true,2,train,true
fashionpedia,train2020,14001,8184b067a9fb77ce040bdebb7d9ac8db.jpg,1,1,true,1,train,true
fashionpedia,train2020,14002,09634e8a6d748c686fc64386417c1245.jpg,1,1,true,2,train,true
fashionpedia,train2020,14011,68f574226e16cee7766d57ce2f1464de.jpg,1,1,true,2,train,true
fashionpedia,train2020,14012,8fc606d377b0f8ea158d57a8b5e13841.jpg,1,1,true,2,train,true
fashionpedia,train2020,14013,4c4381bc487195f9ab49d7f7981da632.jpg,1,1,true,1,train,true
fashionpedia,train2020,14014,2ef98163273441b7c01f9668f4d87547.jpg,1,1,true,3,train,true
fashionpedia,train2020,14018,8d96b0c1ec46737e187e80956921ce04.jpg,1,1,true,1,train,true
fashionpedia,train2020,14023,e864ac266ee36fed9f1464fb58577367.jpg,1,1,true,1,train,true
fashionpedia,train2020,14024,82692be3e78e8e0a22c795427b85dedf.jpg,1,1,true,2,new_val,false
fashionpedia,train2020,14026,af0a81825694c08bbcab034a10569466.jpg,1,1,true,1,new_val,false
fashionpedia,train2020,14028,4320699702bb7748bff104b8439c0eb5.jpg,1,1,true,2,new_val,false
fashionpedia,train2020,14030,a52265a0f67e2570f8a3bda103f02dd6.jpg,1,1,true,2,new_val,false
fashionpedia,train2020,14031,64d317cf9e8fee073e62cb57a14816b9.jpg,1,1,true,1,train,true
fashionpedia,train2020,14033,336cdb2497945061c066130e7faa1737.jpg,1,1,true,2,new_val,false
fashionpedia,train2020,14034,41b62623443ceb159ee665ae206787e0.jpg,1,1,true,2,train,true
fashionpedia,train2020,14036,7e648c69aab2977e57ea04c9842b5a93.jpg,1,1,true,1,train,true
fashionpedia,train2020,14038,005ccdb239e2d6cfe62506dd6eb5693e.jpg,1,1,true,1,train,true
fashionpedia,train2020,14045,13b594f6a624d57154c1dc2ed624217a.jpg,1,1,true,3,train,true
fashionpedia,train2020,14054,a8acb8c549a8de4fafa3973451713823.jpg,1,1,true,1,train,true
fashionpedia,train2020,14056,dab07f7912860c668c1a61f7f096602c.jpg,1,1,true,2,train,true
fashionpedia,train2020,14063,93572a06c3e0adb5b648fbc68d5c5d22.jpg,1,1,true,3,train,true
fashionpedia,train2020,14064,51e4c8eaa30a4ba49156c60c345fac14.jpg,1,1,true,2,new_val,false
fashionpedia,train2020,14065,94757b10e3edc42a6d6741270a557f8a.jpg,1,1,true,1,train,true
fashionpedia,train2020,14073,d261d8b66d69b667e4923d59ecf40b8e.jpg,1,1,true,1,new_val,false
fashionpedia,train2020,14077,91e3d09512f7a5c246c87aed4175a35d.jpg,1,1,true,1,new_val,false
fashionpedia,train2020,14081,9766f8350a453fc2fff58b9cfcf2f536.jpg,1,1,true,3,new_val,false
fashionpedia,train2020,14084,e1d8e922177c80557afa4263fe5c333d.jpg,1,1,true,1,train,true
fashionpedia,train2020,14085,5126e3921657ca89b23dbab9fae47fad.jpg,1,1,true,1,new_val,false
fashionpedia,train2020,14091,f4c5398e983d6dfbcd78c81c8e379837.jpg,1,1,true,3,train,true
fashionpedia,train2020,14093,37ef6ac06404db12e7429af40ea628c5.jpg,1,1,true,2,train,true
fashionpedia,train2020,14094,ffda5e31c14d323a2d09e59263b4f6a2.jpg,1,1,true,1,train,true
fashionpedia,train2020,14099,2306011691f2dc540ffd4a6ece916176.jpg,1,1,true,2,train,true
fashionpedia,train2020,14101,8833a02b7cae8f33e1f032e915c36889.jpg,1,1,true,2,train,true
fashionpedia,train2020,14106,b40348e65f6a09bce39c2e896862366d.jpg,1,1,true,1,new_val,false
fashionpedia,train2020,14108,f9e399aea3e430cccb4f668c40ec1a9f.jpg,1,1,true,1,train,true
fashionpedia,train2020,14109,1feec2aeb81d3d2087e8abe39877e0cd.jpg,1,1,true,2,new_val,false
fashionpedia,train2020,14111,5ae7601af16fb2a0052b5d742fbccf38.jpg,1,1,true,2,train,true
fashionpedia,train2020,14114,1c377c87282e897b61047f64fd8be67c.jpg,1,1,true,2,train,true
fashionpedia,train2020,14117,e71213118b5e01eeac2db341d3d0f0c1.jpg,1,1,true,3,new_val,false
fashionpedia,train2020,14124,e20dbcd6c0ea6f6b81c26c03039e6a08.jpg,1,1,true,2,train,true
fashionpedia,train2020,14126,e9d77067389acfaa2897de087ec279a1.jpg,1,1,true,1,train,true
fashionpedia,train2020,14127,689923cd899354c81fb2c6e0c256f414.jpg,1,1,true,2,train,true
fashionpedia,train2020,14134,d3acc956d760a20a953a05b018a095f9.jpg,1,1,true,2,new_val,false
fashionpedia,train2020,14137,ebce16b0a59ac59e1981c08facf1ec05.jpg,1,1,true,1,train,true
fashionpedia,train2020,14138,8dc40383ed66fae60e48456a82898130.jpg,1,1,true,1,train,true
fashionpedia,train2020,14139,dc41b2df8ce9cdfea5e92cb339d73387.jpg,1,1,true,3,train,true
fashionpedia,train2020,14142,cdf8b35a72c9c42a0699c19ee1f0ed89.jpg,1,1,true,2,train,true
fashionpedia,train2020,14143,d5798ebc717eaaa6c0ae111672f329f7.jpg,1,1,true,1,train,true
fashionpedia,train2020,14145,6884ce13b800bd1bcf6aa2d661e6031e.jpg,1,1,true,2,train,true
fashionpedia,train2020,14146,e12be4305c64013a4f28e66d6aa80c32.jpg,1,1,true,1,new_val,false
fashionpedia,train2020,14151,167014d6c659b42054544078e89b7f7e.jpg,1,1,true,2,new_val,false
fashionpedia,train2020,14152,cd8a5c4b3b912be1d1f968b468d25a17.jpg,1,1,true,3,train,true
fashionpedia,train2020,14166,6bac89c8cd9cfd6f3f94758c447fdb86.jpg,1,1,true,2,train,true
fashionpedia,train2020,14167,12123b0b8f48d489c68e299db0d8608f.jpg,1,1,true,2,train,true
fashionpedia,train2020,14170,73e8339559ac2c0eb09ce3effbcc1e1c.jpg,1,1,true,3,train,true
fashionpedia,train2020,14174,463d4e2929945fc822d371bf0ed49056.jpg,1,1,true,2,train,true
fashionpedia,train2020,14175,821ec1ae5ceb050717efa0bc85355f0b.jpg,1,1,true,1,new_val,false
fashionpedia,train2020,14176,d1fa4c8b36274409836687112644a088.jpg,1,1,true,3,train,true
fashionpedia,train2020,14183,a007d88447828dbe6b158b8160a3bfb6.jpg,1,1,true,1,train,true
fashionpedia,train2020,14185,6206681bca1b2337d1e10450a941c87f.jpg,1,1,true,1,train,true
fashionpedia,train2020,14186,f48bd7a6cc920d72d9648c0181658154.jpg,1,1,true,1,train,true
fashionpedia,train2020,14193,a93819b75c2009156e787d2f08a15c74.jpg,1,1,true,1,train,true
fashionpedia,train2020,14194,0d6f560c1fe83e4f9cb4108da1006be3.jpg,1,1,true,3,new_val,false
fashionpedia,train2020,14199,d6ab7a84a18630b07b26776f0e69f7c0.jpg,1,1,true,1,new_val,false
fashionpedia,train2020,14201,1ed6c9929e3570707a13bab7aabf5030.jpg,1,1,true,3,train,true
fashionpedia,train2020,14202,ccf14172007525a28ef521293b669cef.jpg,1,1,true,1,train,true
fashionpedia,train2020,14207,a271e7d0f55d06740698bab118382f0b.jpg,1,1,true,1,train,true
fashionpedia,train2020,14210,817d13b7839dfbf59ddbe83d62f4b8ac.jpg,1,1,true,3,train,true
fashionpedia,train2020,14212,2f3a312de73eb5ea3e702f66f972c638.jpg,1,1,true,3,train,true
fashionpedia,train2020,14213,2ca60f67cf8da29517cda35e07e4d1d4.jpg,1,1,true,1,train,true
fashionpedia,train2020,14214,6aebad011f3bbe3307a7197b6ae77ca4.jpg,1,1,true,1,train,true
fashionpedia,train2020,14215,7068a3a81635387469156732687cc7ee.jpg,1,1,true,4,new_val,false
fashionpedia,train2020,14216,0b84cca985cd26ed29d5d28f291672c3.jpg,1,1,true,1,new_val,false
fashionpedia,train2020,14218,981b83b448c9afe5eecbd1aab31f4d6b.jpg,1,1,true,1,train,true
fashionpedia,train2020,14220,9c5580fba1c35c1ee171bb46044128a9.jpg,1,1,true,2,train,true
fashionpedia,train2020,14222,4139c32bd4942696f7cfcba90d9195d0.jpg,1,1,true,2,train,true
fashionpedia,train2020,14226,9d977bbdc2a03b5d7698c9a9d1fade72.jpg,1,1,true,1,train,true
fashionpedia,train2020,14228,8454ef08dd36ffa1eff9c13fd087a949.jpg,1,1,true,2,train,true
fashionpedia,train2020,14230,6cf1b7fac8c0f21790428bf4203ab7bd.jpg,1,1,true,2,train,true
fashionpedia,train2020,14231,d700f76cd8baf14ec5266ac0050267aa.jpg,1,1,true,1,train,true
fashionpedia,train2020,14233,f8276a1d63c35821346f69645511fd46.jpg,1,1,true,3,train,true
fashionpedia,train2020,14234,d782f1fbbd6dba28fe2820a059ec82af.jpg,1,1,true,2,train,true
fashionpedia,train2020,14238,8f56d73f0807e6d68d40c7a3998018f0.jpg,1,1,true,1,train,true
fashionpedia,train2020,14241,407d83e2d27670608d919ece8acc6373.jpg,1,1,true,2,train,true
fashionpedia,train2020,14244,623cf5e339992d3c2474dbb83f69d080.jpg,1,1,true,3,train,true
fashionpedia,train2020,14249,47d3615f5478b41de2af448bca78c3e0.jpg,1,1,true,2,train,true
fashionpedia,train2020,14250,6e274d3de59e2c03458e810ccfcb2463.jpg,1,1,true,3,train,true
fashionpedia,train2020,14257,035881e977bf0037fbe422ddca6adbe6.jpg,1,1,true,2,new_val,false
fashionpedia,train2020,14268,be914f67171e98e345f96ae018658b52.jpg,1,1,true,2,train,true
fashionpedia,train2020,14270,7e15a81ade3a13e0a68e9af945b6236e.jpg,1,1,true,2,train,true
fashionpedia,train2020,14272,a652aa367623ff3e5845504ea6143c0e.jpg,1,1,true,1,train,true
fashionpedia,train2020,14274,ea03c446f78d8d56e77fbe73afa4ddf6.jpg,1,1,true,2,train,true
fashionpedia,train2020,14278,840d590a1bed253766d5e3cb8c1c8aec.jpg,1,1,true,3,train,true
fashionpedia,train2020,14281,16f55e821c2226d766c142c2e9ae9899.jpg,1,1,true,2,train,true
fashionpedia,train2020,14283,db7c93b8faaacfb9a2a8dad735fe52d8.jpg,1,1,true,1,train,true
fashionpedia,train2020,14284,8959e38d72161583239e567cab3d046e.jpg,1,1,true,1,train,true
fashionpedia,train2020,14289,0a29eb8a7317ed7d3c06091d7775dc30.jpg,1,1,true,1,new_val,false
fashionpedia,train2020,14290,ddbb63592c48c7f2f463a170a89ad949.jpg,1,1,true,1,train,true
fashionpedia,train2020,14291,5108b0c543820b824db9272e6cad8da6.jpg,1,1,true,3,train,true
fashionpedia,train2020,14292,5df97363b9c27ea1fbfa7fe5792b04e5.jpg,1,1,true,3,train,true
fashionpedia,train2020,14293,eb233ba9a294351cb1d597d9ce488c0d.jpg,1,1,true,2,train,true
fashionpedia,train2020,14295,b0444932ab7fea5a501e2d39e2f255f0.jpg,1,1,true,3,train,true
fashionpedia,train2020,14297,981640de1bf281ae00b098121fdc1398.jpg,1,1,true,3,train,true
fashionpedia,train2020,14298,5621275483377cb8490aa4dd65b5cf96.jpg,1,1,true,1,new_val,false
fashionpedia,train2020,14300,266c03a13f58635117faffeb031f81dd.jpg,1,1,true,2,train,true
fashionpedia,train2020,14306,276f65816446c7924ef40ac6db9f4cc2.jpg,1,1,true,1,train,true
fashionpedia,train2020,14309,ba479dbda840fcb4b930517ff5e94015.jpg,1,1,true,1,new_val,false
fashionpedia,train2020,14314,e73c1865da1078058aeeb04873c3eaed.jpg,1,1,true,1,train,true
fashionpedia,train2020,14318,b7f8dbe0d681671fc893c36728c234af.jpg,1,1,true,2,train,true
fashionpedia,train2020,14321,536d99b2dc872aa7bbce42facedf2aa1.jpg,1,1,true,3,train,true
fashionpedia,train2020,14324,11290aa2861d9108bfb3b79e1c6f8407.jpg,1,1,true,1,train,true
fashionpedia,train2020,14325,65852746bf284dbadc9c0b5cab4af4e4.jpg,1,1,true,1,train,true
fashionpedia,train2020,14328,9830a9dfda93c2ed8015fdf7ad370f31.jpg,1,1,true,1,train,true
fashionpedia,train2020,14329,e2802d1f59f4cf6d94f3521a3ae15b25.jpg,1,1,true,2,train,true
fashionpedia,train2020,14330,b8f538e52799a33e9787570fb670b4a0.jpg,1,1,true,1,train,true
fashionpedia,train2020,14334,70b7f2252ccda497895e48cca01dae39.jpg,1,1,true,2,new_val,false
fashionpedia,train2020,14341,df837c7f17ce8fd8782c3a3dc4bf71d3.jpg,1,1,true,2,train,true
fashionpedia,train2020,14343,8bd90300d64dd50e23d8eb1d8f1f4b8d.jpg,1,1,true,2,train,true
fashionpedia,train2020,14345,9455c5b02768065d0a997dc9b0bf1c69.jpg,1,1,true,1,train,true
fashionpedia,train2020,14350,d3806655a3309232b950aca29340b246.jpg,1,1,true,4,train,true
fashionpedia,train2020,14354,fb3d9f6c1bd922dc7d53a341f7f2b496.jpg,1,1,true,2,train,true
fashionpedia,train2020,14355,758f6b0b1fe8a97bd041efbc5102af31.jpg,1,1,true,1,train,true
fashionpedia,train2020,14357,5e7c76814d5eeebef2450387e99d2272.jpg,1,1,true,2,train,true
fashionpedia,train2020,14358,9491460c9e802e982909d50e767461b9.jpg,1,1,true,1,train,true
fashionpedia,train2020,14361,f7e1c87ca29b75a4e59263db1e0f59a1.jpg,1,1,true,2,train,true
fashionpedia,train2020,14368,75aecea118f0546f756e1dadf6e724e3.jpg,1,1,true,1,train,true
fashionpedia,train2020,14369,875d5b1824e2a1262feb6e63950cd4c2.jpg,1,1,true,1,train,true
fashionpedia,train2020,14372,ac1caad328cdaf65584e3f971b1a40ff.jpg,1,1,true,3,train,true
fashionpedia,train2020,14375,174c4a1acde8ea95d52626f529396a40.jpg,1,1,true,3,train,true
fashionpedia,train2020,14376,7637cc6914fc4897d957eb8c462e50ef.jpg,1,1,true,1,train,true
fashionpedia,train2020,14379,19ac148446b7f5c5ff2932187a312805.jpg,1,1,true,4,train,true
fashionpedia,train2020,14380,4377f0c1fa65c9117c900965d7b77de1.jpg,1,1,true,2,train,true
fashionpedia,train2020,14381,0abf3b3e63fa15cad03fc44e31d7eaeb.jpg,1,1,true,2,train,true
fashionpedia,train2020,14387,189c57b5a9f8d2f0d539660837288e14.jpg,1,1,true,2,train,true
fashionpedia,train2020,14389,28354afe10ae4f568a254878d88c4cc8.jpg,1,1,true,2,train,true
fashionpedia,train2020,14391,97aad63027f58993d6a2ee7274d64ba9.jpg,1,1,true,3,train,true
fashionpedia,train2020,14392,b72f66aa0849775091f13cbc4e331d65.jpg,1,1,true,1,train,true
fashionpedia,train2020,14399,21c97e3290b58bcd3f1313c0517f4cf0.jpg,1,1,true,1,train,true
fashionpedia,train2020,14400,724c56f60369ea4182d4759d19c603e8.jpg,1,1,true,1,train,true
fashionpedia,train2020,14401,66d99ba3077358edd70989e9bb4e10a6.jpg,1,1,true,3,train,true
fashionpedia,train2020,14407,913da5490fd12393911f64714c9b896e.jpg,1,1,true,2,train,true
fashionpedia,train2020,14408,bd4aae1221f3c617ea9cdf239ff12b67.jpg,1,1,true,3,train,true
fashionpedia,train2020,14412,591e43507d41972fff671ae61bf91e1b.jpg,1,1,true,2,train,true
fashionpedia,train2020,14414,ed33d6b8c49ebdd54029cd10b27b0a90.jpg,1,1,true,2,new_val,false
fashionpedia,train2020,14416,b53b9b9f88f0952df52776572af3b3f8.jpg,1,1,true,3,train,true
fashionpedia,train2020,14424,0b863fa439757f33e1792abad8939483.jpg,1,1,true,1,train,true
fashionpedia,train2020,14426,b62e4685a617efd5c9822353b268511b.jpg,1,1,true,2,train,true
fashionpedia,train2020,14429,fb1658800a0bf29e4ec605b646b35116.jpg,1,1,true,2,train,true
fashionpedia,train2020,14431,9f711be49d0d67c176ce236ebaa90d7d.jpg,1,1,true,2,train,true
fashionpedia,train2020,14434,63c59a90c3083dbbdf04003e00eabfd6.jpg,1,1,true,3,train,true
fashionpedia,train2020,14438,1306c61da85388c3e57f01cff4080279.jpg,1,1,true,1,train,true
fashionpedia,train2020,14442,17760e0210dba52e3fd86aeb844b80b8.jpg,1,1,true,4,new_val,false
fashionpedia,train2020,14443,13cb4c091f02e94bec547de082c30d52.jpg,1,1,true,3,train,true
fashionpedia,train2020,14446,40ca3ac0ad8f2e28250e8b4e64faf6d2.jpg,1,1,true,1,new_val,false
fashionpedia,train2020,14448,5749720f790aad38781cddcadca62e34.jpg,1,1,true,1,train,true
fashionpedia,train2020,14450,675bf4797e2c21f29cff32016ae6324b.jpg,1,1,true,3,train,true
fashionpedia,train2020,14451,f573acc9c7d68bfa33ffaf904bdcbee1.jpg,1,1,true,2,train,true
fashionpedia,train2020,14453,97cc3174dbb44747ec6e9e3bc677b8b8.jpg,1,1,true,1,train,true
fashionpedia,train2020,14456,9bf2a25482bdb3019d53e5a782bc584f.jpg,1,1,true,1,train,true
fashionpedia,train2020,14463,7d0518774f0baee9725fa65843dc214c.jpg,1,1,true,2,train,true
fashionpedia,train2020,14465,41c122188934a9205f120ae39625bb29.jpg,1,1,true,1,train,true
fashionpedia,train2020,14466,120998872d637f7f2fd5b1522be1de65.jpg,1,1,true,1,train,true
fashionpedia,train2020,14467,f386243445165ceda560967a9d7406bf.jpg,1,1,true,1,train,true
fashionpedia,train2020,14468,59500f8d5638df72d8912c0f543fbbb8.jpg,1,1,true,1,new_val,false
fashionpedia,train2020,14470,dae5dfbd041819c8d8e507f5ccc5daf8.jpg,1,1,true,1,train,true
fashionpedia,train2020,14471,d1664a99e30bd7829a08155b5ce01f93.jpg,1,1,true,3,train,true
fashionpedia,train2020,14472,0adba506da4e365f57a5d4325ace813e.jpg,1,1,true,3,new_val,false
fashionpedia,train2020,14475,d347fccadc4b7517f983fd965f3cd660.jpg,1,1,true,2,train,true
fashionpedia,train2020,14478,2bc49ba8cf8234f0b3d1bc8a1fb0205d.jpg,1,1,true,1,new_val,false
fashionpedia,train2020,14479,1e93e7b20061f9d48db9c6d342aa8520.jpg,1,1,true,2,train,true
fashionpedia,train2020,14483,b8fea12b008a4e469f1fcb1fae6d8ed8.jpg,1,1,true,3,train,true
fashionpedia,train2020,14496,8077a46b260c30d97fe2649f3afb15e1.jpg,1,1,true,3,train,true
fashionpedia,train2020,14499,ef9925fdd35ab96d7b9fdecfe0d62667.jpg,1,1,true,1,train,true
fashionpedia,train2020,14503,4dc82eac8970b5940b3fd60cf771b0ec.jpg,1,1,true,3,train,true
fashionpedia,train2020,14504,fa1aab3cb09a34f3e3993345240a0492.jpg,1,1,true,1,new_val,false
fashionpedia,train2020,14506,5a1985996007d0f05202e76bb84e7d1d.jpg,1,1,true,3,train,true
fashionpedia,train2020,14512,695537c60333b3c6d79f88ad1851dbbf.jpg,1,1,true,2,new_val,false
fashionpedia,train2020,14518,b1c93a6c351867ba9f88ac4647dcb9b0.jpg,1,1,true,2,train,true
fashionpedia,train2020,14520,ecb0300082cf5929739bc70b6ca929a5.jpg,1,1,true,2,train,true
fashionpedia,train2020,14521,9acea55b2c76fe8b6c6b3301e6c1fd48.jpg,1,1,true,3,train,true
fashionpedia,train2020,14523,f8914425acc828855d7d3c7af954ef43.jpg,1,1,true,2,train,true
fashionpedia,train2020,14526,026f81f30d9ec9ba6944322bebd8a471.jpg,1,1,true,1,train,true
fashionpedia,train2020,14531,b5a96c97d03f75b1e39125e36139258c.jpg,1,1,true,1,train,true
fashionpedia,train2020,14532,e3e8799fefb5e54b142db0e39cfd32f4.jpg,1,1,true,2,train,true
fashionpedia,train2020,14533,a4c29626fb66f418394f25674a14e45c.jpg,1,1,true,1,train,true
fashionpedia,train2020,14538,99550315d691e250f25b5809a4afa33c.jpg,1,1,true,2,train,true
fashionpedia,train2020,14539,fb8a520f51cc95ff1e65f55b26dc9d32.jpg,1,1,true,2,train,true
fashionpedia,train2020,14540,b78423688872e43e2dc2c3d9cbaa4a65.jpg,1,1,true,2,new_val,false
fashionpedia,train2020,14544,f9e7eb4554162de31c96830add3ec983.jpg,1,1,true,3,train,true
fashionpedia,train2020,14548,fc6da2cc2f9d66373ffdf3fcde6847a4.jpg,1,1,true,2,new_val,false
fashionpedia,train2020,14550,a1dd7b5581052be8f1e2f08738bda15b.jpg,1,1,true,2,train,true
fashionpedia,train2020,14556,9151d0524a11b6b43c2c7e650eb2dbaf.jpg,1,1,true,2,train,true
fashionpedia,train2020,14557,bd31b366846dcaada0d647b2adb6d8e6.jpg,1,1,true,1,train,true
fashionpedia,train2020,14558,d4d8c38bb6ac58d0a9b786b547c6a332.jpg,1,1,true,2,train,true
fashionpedia,train2020,14560,b8feb686ec3c78a533df463d64130ae3.jpg,1,1,true,1,train,true
fashionpedia,train2020,14563,4f35cf94f4225e6595b373c061a30214.jpg,1,1,true,2,train,true
fashionpedia,train2020,14566,9c54864258fd6b453511164e2c892fca.jpg,1,1,true,2,train,true
fashionpedia,train2020,14567,c7c011989a29d1e382f23138d98c659a.jpg,1,1,true,1,train,true
fashionpedia,train2020,14568,7469cf2bea60ea9ada0c388fc19ff1b4.jpg,1,1,true,1,train,true
fashionpedia,train2020,14569,b0ac63fcbe27b12d108d9d5da9e16693.jpg,1,1,true,3,new_val,false
fashionpedia,train2020,14570,f7131ad06c5735b293ff7f13be9a17c5.jpg,1,1,true,1,train,true
fashionpedia,train2020,14574,a26adb4115083d67708b73a13ca1bc88.jpg,1,1,true,3,train,true
fashionpedia,train2020,14581,4f3bbdbcd80a3c2f69cadc41f496bd77.jpg,1,1,true,2,new_val,false
fashionpedia,train2020,14583,5321a29189497a43ef188e77085c253f.jpg,1,1,true,2,new_val,false
fashionpedia,train2020,14584,582b9b1527be78039395d3ec68585913.jpg,1,1,true,2,train,true
fashionpedia,train2020,14588,036f3d1028bdbac238693358d3fc54d8.jpg,1,1,true,2,train,true
fashionpedia,train2020,14590,cd6f33bc571aa55f56856bd3bd89c990.jpg,1,1,true,1,new_val,false
fashionpedia,train2020,14592,aa3069c929e483c12cb821c01d4c43e6.jpg,1,1,true,3,train,true
fashionpedia,train2020,14601,eea76211c790d725a7dd027a99213afb.jpg,1,1,true,2,train,true
fashionpedia,train2020,14602,b64fd5d65be00f4af0f420b12f10ed78.jpg,1,1,true,3,train,true
fashionpedia,train2020,14610,63847c8350753003a0429db90b7288a4.jpg,1,1,true,1,train,true
fashionpedia,train2020,14613,20d28e0f9773bc6b606e26815cb043fa.jpg,1,1,true,2,train,true
fashionpedia,train2020,14614,9ddafefe3a383b8b3e399254bc366c1b.jpg,1,1,true,3,train,true
fashionpedia,train2020,14618,961ee5091bf24656f84c30a94544d7a7.jpg,1,1,true,1,train,true
fashionpedia,train2020,14620,28ad67e10a254228ac690e44ca36aeac.jpg,1,1,true,2,new_val,false
fashionpedia,train2020,14623,8127a2612f059001518f54f1945fd5c3.jpg,1,1,true,2,train,true
fashionpedia,train2020,14626,4dad73b634d9a35dfe1f10b4046ca2bb.jpg,1,1,true,1,train,true
fashionpedia,train2020,14627,4d1ef7c1f602cd6cf8c03b0ab98cd5f7.jpg,1,1,true,2,train,true
fashionpedia,train2020,14630,72ca6bbd62bf73934544a658ae0b7587.jpg,1,1,true,1,new_val,false
fashionpedia,train2020,14634,710f9d5b73f8b33ba5d475e9b61593a0.jpg,1,1,true,3,train,true
fashionpedia,train2020,14636,a388ac99af10cef0765cfa6707c45c8d.jpg,1,1,true,3,train,true
fashionpedia,train2020,14637,7c381f5f86bb2cc76e522cee329d335d.jpg,1,1,true,1,train,true
fashionpedia,train2020,14640,3baee41297b38893d4ca8ff8cae9185c.jpg,1,1,true,1,train,true
fashionpedia,train2020,14645,c23b1a186b4cd86fcc7ba81fc47bc4f6.jpg,1,1,true,1,train,true
fashionpedia,train2020,14650,212768eb79fca3bcc335384aa41efb7d.jpg,1,1,true,2,train,true
fashionpedia,train2020,14656,d9d167dd59197818809d76d7a579a8b3.jpg,1,1,true,2,train,true
fashionpedia,train2020,14657,6208c98fcdd2a53afc462d7cb62d9744.jpg,1,1,true,1,train,true
fashionpedia,train2020,14659,f1f9df40d445bf03cbe3da4bd47356df.jpg,1,1,true,1,train,true
fashionpedia,train2020,14660,64e86a1a18d8bc4a971d21671becd056.jpg,1,1,true,2,new_val,false
fashionpedia,train2020,14661,fe711102a17a2f977b0c86440dd16fd1.jpg,1,1,true,1,train,true
fashionpedia,train2020,14663,7ac44c5ffde19d376e23c038e3d43298.jpg,1,1,true,1,train,true
fashionpedia,train2020,14664,dac2db4e8c636cf56d024e66b3a8ba7a.jpg,1,1,true,1,train,true
fashionpedia,train2020,14666,8781b9c882abfa1acdc7f14c447ecb77.jpg,1,1,true,1,train,true
fashionpedia,train2020,14670,46f56abe3a786f2f7e412e59985df4c3.jpg,1,1,true,1,train,true
fashionpedia,train2020,14679,e6e72b4e4b18741c213ca145eb3f5b75.jpg,1,1,true,2,train,true
fashionpedia,train2020,14681,7bdaad2f2355527d728f8a67a0de5662.jpg,1,1,true,1,new_val,false
fashionpedia,train2020,14682,0cd3e58a0a756e857b8bd2d4242e5bde.jpg,1,1,true,1,train,true
fashionpedia,train2020,14692,b844129f2a4fa1640fb644dd979f3c44.jpg,1,1,true,3,train,true
fashionpedia,train2020,14696,fea3b62a5f97fa956bd2f6a56fed7020.jpg,1,1,true,1,train,true
fashionpedia,train2020,14703,f1d4fb7917686fce630fa62be98f1c29.jpg,1,1,true,2,train,true
fashionpedia,train2020,14705,40168324e64ed783f6877657d22708b3.jpg,1,1,true,2,train,true
fashionpedia,train2020,14706,d10017b9818d2cd750fff01cbb64afdb.jpg,1,1,true,1,train,true
fashionpedia,train2020,14709,ce8258e226a30dd71a9b74ad45abf020.jpg,1,1,true,3,train,true
fashionpedia,train2020,14710,09b9b2ca5f0c5951efa42409d39699f3.jpg,1,1,true,2,train,true
fashionpedia,train2020,14713,07f6b75b45ed4c4898e81612bbd2edbd.jpg,1,1,true,1,new_val,false
fashionpedia,train2020,14714,722d16a53e5eb1b1941481785c0a499d.jpg,1,1,true,2,train,true
fashionpedia,train2020,14715,e0b397fad71f4d43d573cc1a8adde185.jpg,1,1,true,1,train,true
fashionpedia,train2020,14716,87b81425816fef9e28708fc0ae442e36.jpg,1,1,true,2,train,true
fashionpedia,train2020,14718,96eb32bb46d40abeeb1044687218aab1.jpg,1,1,true,1,train,true
fashionpedia,train2020,14719,ad3c729fe8fcf7fab457fce834813e80.jpg,1,1,true,1,new_val,false
fashionpedia,train2020,14722,c2cbd40c3cacfd6fb8a15d7d4e81ea81.jpg,1,1,true,1,new_val,false
fashionpedia,train2020,14725,dc49272bec126cfaebe0939ed821b003.jpg,1,1,true,2,new_val,false
fashionpedia,train2020,14731,5477b1888b7a15676639742259074f10.jpg,1,1,true,1,train,true
fashionpedia,train2020,14732,206a2704f0b00f7c4a0c3c38eba42ab6.jpg,1,1,true,2,train,true
fashionpedia,train2020,14734,7e53ebea6cd7b2bf89af4a84edeb50fc.jpg,1,1,true,2,new_val,false
fashionpedia,train2020,14743,4eec3178f98dcaef33f28a39ace3840a.jpg,1,1,true,2,train,true
fashionpedia,train2020,14748,4f29f775d533dcbda07247010f3e8171.jpg,1,1,true,3,train,true
fashionpedia,train2020,14750,f5713be6d259d27ab0369b1ec637e206.jpg,1,1,true,2,train,true
fashionpedia,train2020,14752,85e11c901a7ac743a23f705598cde1af.jpg,1,1,true,1,new_val,false
fashionpedia,train2020,14753,47684ef2fac18cc5fbf2ff63db6f1bb6.jpg,1,1,true,3,train,true
fashionpedia,train2020,14755,2dd4ed5fccd3b12a6f9c66a81b979ce6.jpg,1,1,true,3,train,true
fashionpedia,train2020,14757,d7ae9bcf2c221c7cdb914588a8db9239.jpg,1,1,true,3,train,true
fashionpedia,train2020,14762,5a8358526cf1fffd39e8c0d501a717e1.jpg,1,1,true,1,train,true
fashionpedia,train2020,14763,679dafcd2ec04a089395d0ac577a7b2b.jpg,1,1,true,1,train,true
fashionpedia,train2020,14766,f06071338e046c788c62e1345b9afdcd.jpg,1,1,true,2,train,true
fashionpedia,train2020,14771,d954585d131bbd9f6db0fd40c074935a.jpg,1,1,true,1,new_val,false
fashionpedia,train2020,14772,423ed88ad7aa3b1752335cedbf4fd0a6.jpg,1,1,true,3,train,true
fashionpedia,train2020,14773,af15753e434ae275d695d123dc72ac55.jpg,1,1,true,2,train,true
fashionpedia,train2020,14780,fe31fb1a96780626756d473ba5a87af4.jpg,1,1,true,1,new_val,false
fashionpedia,train2020,14788,5486f3845a2831f92f9ff9b8d05602f5.jpg,1,1,true,3,train,true
fashionpedia,train2020,14791,bd89b8a9a641bc94dfc04fedbe3a9b9d.jpg,1,1,true,1,train,true
fashionpedia,train2020,14799,806162fa9fe31365c9a265ea9d6d9b35.jpg,1,1,true,1,new_val,false
fashionpedia,train2020,14800,ba739b05316025af041b2da8b75fa8de.jpg,1,1,true,1,train,true
fashionpedia,train2020,14806,88351a53e9d8e0f14b5724c66c030708.jpg,1,1,true,3,new_val,false
fashionpedia,train2020,14808,b257c8b852416df20e46055ff3c53411.jpg,1,1,true,2,train,true
fashionpedia,train2020,14812,88193f760984afea2490e4006d5d700d.jpg,1,1,true,3,train,true
fashionpedia,train2020,14813,a82b335de3eba9eaaf3e5d7ea0229a98.jpg,1,1,true,1,train,true
fashionpedia,train2020,14816,615faf0f46bc2c79e3646ba280b29423.jpg,1,1,true,1,train,true
fashionpedia,train2020,14817,9319d4fdf919339633b5d6b87309c666.jpg,1,1,true,2,train,true
fashionpedia,train2020,14826,c79ef3945f1a78b4721f7e6e09f9fa1c.jpg,1,1,true,1,new_val,false
fashionpedia,train2020,14831,9e271054a53e447905a7e78475306d1d.jpg,1,1,true,1,train,true
fashionpedia,train2020,14838,3005c2eade4185836438186f1056b6c9.jpg,1,1,true,2,new_val,false
fashionpedia,train2020,14839,52225888fc41cc6b21b4a13a460fd548.jpg,1,1,true,2,train,true
fashionpedia,train2020,14843,840fda3863d0846d46b027a5e0657325.jpg,1,1,true,1,new_val,false
fashionpedia,train2020,14845,26eee487bb85cd8612019b7ec8c350af.jpg,1,1,true,2,train,true
fashionpedia,train2020,14851,1bc5c1a340a9968668084aa68b830b9d.jpg,1,1,true,2,train,true
fashionpedia,train2020,14853,e9f3e5c4c1f789cf1dfadbffe89f76d2.jpg,1,1,true,1,train,true
fashionpedia,train2020,14857,2c20cc3109b039524746103a3e387dee.jpg,1,1,true,1,train,true
fashionpedia,train2020,14858,5f0e6a5b6508977fee64311900627882.jpg,1,1,true,2,train,true
fashionpedia,train2020,14871,0e76e59413e59646318f539c2f635297.jpg,1,1,true,2,train,true
fashionpedia,train2020,14875,03cb6bba4c4e2f58774f4da53d91bbd8.jpg,1,1,true,3,train,true
fashionpedia,train2020,14876,faf60e222fca7722ee48c4438e3b4cfa.jpg,1,1,true,2,train,true
fashionpedia,train2020,14879,0388dbf2bdfcf994bf16ae7fe33adb83.jpg,1,1,true,4,train,true
fashionpedia,train2020,14882,bab597e2b67b0de41da38b5ba197da5c.jpg,1,1,true,2,new_val,false
fashionpedia,train2020,14883,39a4364623ebd0b9026cb3b7ece4a920.jpg,1,1,true,3,train,true
fashionpedia,train2020,14884,4c47c509d597b014c9406aae770d11c0.jpg,1,1,true,1,train,true
fashionpedia,train2020,14885,037bd1bb731a4e75cdb30e75c7d067fb.jpg,1,1,true,1,train,true
fashionpedia,train2020,14887,d97a412abfca11637435a1a2bdb0b17a.jpg,1,1,true,1,train,true
fashionpedia,train2020,14899,4793b19d50209fc9716defa45298326e.jpg,1,1,true,2,train,true
fashionpedia,train2020,14900,8dfca427dadf60e0ad34550cb9706bb2.jpg,1,1,true,4,new_val,false
fashionpedia,train2020,14906,003e4ee955f0a919440714bb6afefb94.jpg,1,1,true,2,train,true
fashionpedia,train2020,14911,63377095a9532115650f8088ab35ed83.jpg,1,1,true,3,new_val,false
fashionpedia,train2020,14916,6a2759663e4d67c49047fe1dc04749cb.jpg,1,1,true,3,train,true
fashionpedia,train2020,14918,ed9f73ea5150c7871fa9ab71e2808929.jpg,1,1,true,1,train,true
fashionpedia,train2020,14923,209f80d360a04d04bafd11dc42d75dc5.jpg,1,1,true,2,train,true
fashionpedia,train2020,14931,720651f5ed25043cd01c14d6d29e948f.jpg,1,1,true,1,new_val,false
fashionpedia,train2020,14932,1d17c0eb7626d75e905f7e438777e1c5.jpg,1,1,true,1,train,true
fashionpedia,train2020,14936,e4d75cc640bd7af72825d463b493b099.jpg,1,1,true,2,new_val,false
fashionpedia,train2020,14944,f1f22d1f3a18d84918fa623923d8f615.jpg,1,1,true,2,new_val,false
fashionpedia,train2020,14946,e4f9c05b251c6d3b2281fedf90ec6920.jpg,1,1,true,2,train,true
fashionpedia,train2020,14953,51dab2d578d56b6a0c6aa5907b242f73.jpg,1,1,true,1,train,true
fashionpedia,train2020,14956,9bb49f6cb91283db48e5c989a65ad127.jpg,1,1,true,1,train,true
fashionpedia,train2020,14959,ad80b53e8563f767c61424402406d73b.jpg,1,1,true,2,new_val,false
fashionpedia,train2020,14961,971179a18eb960d1f60be401c58d0db7.jpg,1,1,true,2,train,true
fashionpedia,train2020,14962,e0af59e8e58bfcb1428668b1cc74a01b.jpg,1,1,true,2,train,true
fashionpedia,train2020,14966,5105c639dbb3ab793ecbdc013a093e84.jpg,1,1,true,1,train,true
fashionpedia,train2020,14969,eefa4778c1217dbf1ece72561d669c60.jpg,1,1,true,2,new_val,false
fashionpedia,train2020,14973,c77c95c7f66d82161355328680608299.jpg,1,1,true,3,train,true
fashionpedia,train2020,14980,6cd4ac5e24fe8b534e496c9c9319b499.jpg,1,1,true,3,train,true
fashionpedia,train2020,14985,c08b78c9381d3e6c7c4789458a4180ba.jpg,1,1,true,3,new_val,false
fashionpedia,train2020,14987,e79662d4f0525f260f3340e3db654b2d.jpg,1,1,true,3,train,true
fashionpedia,train2020,14988,12c53924ffe0f108a7d6755bb61e08e8.jpg,1,1,true,3,train,true
fashionpedia,train2020,14994,b518baec344d5b1f671859c994539ec4.jpg,1,1,true,2,train,true
fashionpedia,train2020,14995,515fd4d8d9c599852a39584c75301b78.jpg,1,1,true,2,train,true
fashionpedia,train2020,14998,5faa93a5135f7d9b0c4a32d6a0a3bc82.jpg,1,1,true,2,train,true
fashionpedia,train2020,15000,f960442bb1de95316c88f5dad0451bfb.jpg,1,1,true,1,train,true
fashionpedia,train2020,15003,c970fed88cafdf12cf1e71ee726f15d3.jpg,1,1,true,3,new_val,false
fashionpedia,train2020,15008,92080c0ec2a711a1d22a3e5f983e326c.jpg,1,1,true,1,train,true
fashionpedia,train2020,15009,b8164df76720b5fc107008608f0727f5.jpg,1,1,true,1,train,true
fashionpedia,train2020,15011,db74bb5dc7ca3c0136d233d0bbed4d4d.jpg,1,1,true,4,train,true
fashionpedia,train2020,15020,de535efc86390d2916e1cba06b8771a9.jpg,1,1,true,2,train,true
fashionpedia,train2020,15028,b5eb022f65ebff4235ecbb107c13a013.jpg,1,1,true,1,train,true
fashionpedia,train2020,15033,159f2d1af9168c1e20ac4cce08ab7d3b.jpg,1,1,true,2,new_val,false
fashionpedia,train2020,15036,028257618ac3205ec643ebbe83e4e20b.jpg,1,1,true,1,new_val,false
fashionpedia,train2020,15037,d769ff0060a24a058864aaec7f7d5ad4.jpg,1,1,true,3,train,true
fashionpedia,train2020,15038,e6124b8e84e66112e1576f40d44415fe.jpg,1,1,true,1,train,true
fashionpedia,train2020,15042,9f9043b8e4cbab67b5cc651ca0e67587.jpg,1,1,true,1,train,true
fashionpedia,train2020,15045,ec75da7bce977ab4b2d77224ad0ed08d.jpg,1,1,true,3,train,true
fashionpedia,train2020,15052,58bf95d1a9752a540bcd332ae71a52bd.jpg,1,1,true,2,train,true
fashionpedia,train2020,15053,5e93b037bbacc340f64a11b82f8f138f.jpg,1,1,true,1,train,true
fashionpedia,train2020,15055,5adcbeee334012236203092c92c867ec.jpg,1,1,true,1,train,true
fashionpedia,train2020,15056,311c7a9497e7807a09f5afa589ea2516.jpg,1,1,true,3,train,true
fashionpedia,train2020,15058,52116ad597a4127d31c46f3fbe517969.jpg,1,1,true,2,train,true
fashionpedia,train2020,15061,a0eabcc7657a7799a2e1cf1f129461fc.jpg,1,1,true,2,train,true
fashionpedia,train2020,15062,bb6686f125c97a6ecb8ac9b44b66733d.jpg,1,1,true,2,train,true
fashionpedia,train2020,15079,7a1f5cad4990cfc7c1ab2c4a0313678a.jpg,1,1,true,2,train,true
fashionpedia,train2020,15088,000aac3870ea7c59ca0333ffa5327323.jpg,1,1,true,2,train,true
fashionpedia,train2020,15091,89bac7da2c4aaafdd35a209458f35682.jpg,1,1,true,2,train,true
fashionpedia,train2020,15093,d3174a37920075f41214171316beeb6e.jpg,1,1,true,2,train,true
fashionpedia,train2020,15099,942b54e6f452307fb019e62432bad3b3.jpg,1,1,true,2,train,true
fashionpedia,train2020,15100,922d0d9d6235c4a6c985f9b9b754da16.jpg,1,1,true,3,train,true
fashionpedia,train2020,15104,60cfbbd127ea6167144ed2fc942dcb74.jpg,1,1,true,2,train,true
fashionpedia,train2020,15107,97707980329e4d6fb0c3fa1c4afc0834.jpg,1,1,true,2,new_val,false
fashionpedia,train2020,15110,adbb3bbbfdb6e4403dec1d9d544f3597.jpg,1,1,true,2,train,true
fashionpedia,train2020,15117,ae64f8c99ae9ca1b606015d673f83345.jpg,1,1,true,2,new_val,false
fashionpedia,train2020,15118,17d53477d34108d3031e39bce24bb143.jpg,1,1,true,3,new_val,false
fashionpedia,train2020,15120,05209b98d00a84a9b0b862be3a69f493.jpg,1,1,true,2,new_val,false
fashionpedia,train2020,15123,038017d4fb473d8d5128dca301e7f3c1.jpg,1,1,true,2,train,true
fashionpedia,train2020,15124,0305bb25202bbb6361d82d1b65e7c920.jpg,1,1,true,2,train,true
fashionpedia,train2020,15126,9fd68c41f6d8b08752317c14fa057107.jpg,1,1,true,2,train,true
fashionpedia,train2020,15127,c7ff01e6554e25bb31bf946dac66c0cb.jpg,1,1,true,1,train,true
fashionpedia,train2020,15129,593762634855b835a2d3bce3f2a6238a.jpg,1,1,true,1,train,true
