dataset,official_split,image_id,original_filename,source_shard,augmentation_round,selected,valid_crop_count,usage_split,used_for_training
fashionpedia,train2020,15131,711959e43dd0f0cd7925b47ec1f5af83.jpg,2,2,true,3,train,true
fashionpedia,train2020,15134,5d9c3a545c8b26186387b16da9520fa9.jpg,2,2,true,1,train,true
fashionpedia,train2020,15138,d4516b433caa673747f35c19ed94d370.jpg,2,2,true,2,train,true
fashionpedia,train2020,15140,85aa54b09dcb3bd82d01365541a75add.jpg,2,2,true,3,train,true
fashionpedia,train2020,15141,10c0cdba6b6947b6d3305cef3456eee3.jpg,2,2,true,2,train,true
fashionpedia,train2020,15143,43f41d0bcfb0c03f6c20c292e9bf7459.jpg,2,2,true,2,train,true
fashionpedia,train2020,15148,24ec05fdfc3cd2afe30a55d2bb628bfd.jpg,2,2,true,1,train,true
fashionpedia,train2020,15152,a71ee283b20365130f85fa928f36a788.jpg,2,2,true,1,train,true
fashionpedia,train2020,15156,cfe801c7dbecab54fba8d89e181faf8c.jpg,2,2,true,2,train,true
fashionpedia,train2020,15158,ddd880d190a45f276d49db0fee01cd24.jpg,2,2,true,1,train,true
fashionpedia,train2020,15159,c0915e9b18b4911899eedc25376a90bf.jpg,2,2,true,1,train,true
fashionpedia,train2020,15163,bcf0910bb19dc9c818768bff248aa29f.jpg,2,2,true,1,train,true
fashionpedia,train2020,15165,68eb04486d1017bf45bc0c1ef5bf109e.jpg,2,2,true,2,train,true
fashionpedia,train2020,15168,0960679121f1469d3732cb9b344a2412.jpg,2,2,true,2,train,true
fashionpedia,train2020,15175,6995bedc0113de65175045345accc965.jpg,2,2,true,4,train,true
fashionpedia,train2020,15178,367a42f303b92ae1cea315cd11f1dae6.jpg,2,2,true,1,train,true
fashionpedia,train2020,15195,a1b572932e4b865a90e631bb39d4eb3d.jpg,2,2,true,3,train,true
fashionpedia,train2020,15202,a97d0c08cc77a52518e61294e5667184.jpg,2,2,true,2,train,true
fashionpedia,train2020,15204,fff36676cdac2dd8d057783f0e9f24cc.jpg,2,2,true,3,train,true
fashionpedia,train2020,15210,50d629531cc8360bbbcc40cc2d98abf4.jpg,2,2,true,2,train,true
fashionpedia,train2020,15211,18858b8d06c0c55f4e066bd1aede2319.jpg,2,2,true,1,train,true
fashionpedia,train2020,15212,6dc0089ececfe7cbd98289c6e94b8149.jpg,2,2,true,3,train,true
fashionpedia,train2020,15221,ecdd29cec65a2480bde99aa770864e14.jpg,2,2,true,1,train,true
fashionpedia,train2020,15223,004add927302571a7067932d553909e3.jpg,2,2,true,2,train,true
fashionpedia,train2020,15233,d3f49da5dbb207d7ea763c619884511c.jpg,2,2,true,2,train,true
fashionpedia,train2020,15234,33b47e9615014c2c8a66b641d61b7072.jpg,2,2,true,2,train,true
fashionpedia,train2020,15239,be65af3de593a0b14f982c3ecfeffdb1.jpg,2,2,true,2,train,true
fashionpedia,train2020,15247,a73e3668ff2df729c41f006104df0faa.jpg,2,2,true,2,train,true
fashionpedia,train2020,15250,932f4df2b73de705d80ef1743e699406.jpg,2,2,true,2,train,true
fashionpedia,train2020,15256,9320969d954baf5c674cffc077406a77.jpg,2,2,true,2,train,true
fashionpedia,train2020,15277,b3c88fca22a1d58ff3993db635d75a9e.jpg,2,2,true,3,train,true
fashionpedia,train2020,15299,bbdeea7864e5e6588fb90d9efa3733a8.jpg,2,2,true,1,train,true
fashionpedia,train2020,15305,36303303cc1dcf1885e480cda1e13a7e.jpg,2,2,true,3,train,true
fashionpedia,train2020,15315,d0e07355452d29d433366592dc941a9a.jpg,2,2,true,2,train,true
fashionpedia,train2020,15319,e3a8e9038ab4aab2d82489423d38e7c0.jpg,2,2,true,2,train,true
fashionpedia,train2020,15326,56997d330e5cd54759016e9bbbaaba04.jpg,2,2,true,1,train,true
fashionpedia,train2020,15327,8f7351a63c1362c6bdebca75c1c355e7.jpg,2,2,true,1,train,true
fashionpedia,train2020,15339,4313623aa2bf526dc42a5428fdc003e6.jpg,2,2,true,2,train,true
fashionpedia,train2020,15344,c47685f388babc99ad598e515e5371b4.jpg,2,2,true,3,train,true
fashionpedia,train2020,15348,94724a82b7d3927845988bb770cbd119.jpg,2,2,true,2,train,true
fashionpedia,train2020,15355,59a0bdeda1210cbccf7c79d9bc06558a.jpg,2,2,true,2,train,true
fashionpedia,train2020,15357,5c3423cb9da1a004df1891c38d34ef3d.jpg,2,2,true,2,train,true
fashionpedia,train2020,15358,cfc42e4f1adfbf43138212fa49708e3c.jpg,2,2,true,1,train,true
fashionpedia,train2020,15378,c5a703dc64ca4deb51c440beac404656.jpg,2,2,true,3,train,true
fashionpedia,train2020,15389,1fea2e38fe6ffad97cd33ae44ef86bfd.jpg,2,2,true,2,train,true
fashionpedia,train2020,15391,2af21ac718e7c0e8136dc4efc3110d96.jpg,2,2,true,2,train,true
fashionpedia,train2020,15394,560c745295a419157358027162fc6157.jpg,2,2,true,1,train,true
fashionpedia,train2020,15411,86d9e4615d1225346d223700bf6b0de2.jpg,2,2,true,2,train,true
fashionpedia,train2020,15412,20c27b9450a72b35818e9a5c82489627.jpg,2,2,true,2,train,true
fashionpedia,train2020,15414,3238036b9602949b76946b586d618314.jpg,2,2,true,2,train,true
fashionpedia,train2020,15441,2be8aceca55292593e6f971ffba59ebb.jpg,2,2,true,3,train,true
fashionpedia,train2020,15455,db1a29e7deb893c212560a2aa9917802.jpg,2,2,true,3,train,true
fashionpedia,train2020,15462,dc4516205a5e8c906b5ba512903f87cd.jpg,2,2,true,2,train,true
fashionpedia,train2020,15476,ead08255b12a823ee7ac436530efc996.jpg,2,2,true,3,train,true
fashionpedia,train2020,15509,f205bb1a8952487440eee9d423c28a94.jpg,2,2,true,4,train,true
fashionpedia,train2020,15513,205f49feedfafeef2994cd9cdf7e00b9.jpg,2,2,true,1,train,true
fashionpedia,train2020,15524,8851da4d5d3b58739e3da730ed286de3.jpg,2,2,true,1,train,true
fashionpedia,train2020,15534,a338a082c0e3a079a48c7a930f20a7b7.jpg,2,2,true,3,train,true
fashionpedia,train2020,15542,1cc4f3281fe3d3af541583172f506c47.jpg,2,2,true,2,train,true
fashionpedia,train2020,15544,54d9177fa2e6ab23b13b87823867b2c9.jpg,2,2,true,2,train,true
fashionpedia,train2020,15551,9ecf7d41d152aaa8b77bf11573fb6426.jpg,2,2,true,1,train,true
fashionpedia,train2020,15554,43085a8a1b9caf4b0705a9db44bbeded.jpg,2,2,true,2,train,true
fashionpedia,train2020,15563,5761149f299dc125c6d391141e3cb575.jpg,2,2,true,1,train,true
fashionpedia,train2020,15574,62a91f891db700449eb56491718b4b43.jpg,2,2,true,4,train,true
fashionpedia,train2020,15592,223494ac0f3aa588076c0625e8ff03ca.jpg,2,2,true,1,train,true
fashionpedia,train2020,15609,d873390a9376d90b86774903123c64f8.jpg,2,2,true,2,train,true
fashionpedia,train2020,15613,26fffa80120a921292ca90eaa0f282bd.jpg,2,2,true,1,train,true
fashionpedia,train2020,15615,01caa10aa8440a20c53ade1c86ece1a9.jpg,2,2,true,2,train,true
fashionpedia,train2020,15621,60cffc061ab848af21b9216df02aa5b5.jpg,2,2,true,2,train,true
fashionpedia,train2020,15625,c6cd4430da84112f4df013e438d3a671.jpg,2,2,true,1,train,true
fashionpedia,train2020,15627,3538583856387f254ab5b881b452f56b.jpg,2,2,true,2,train,true
fashionpedia,train2020,15637,af96347f0bb8dacb76776c0e042e61eb.jpg,2,2,true,1,train,true
fashionpedia,train2020,15639,f3066cb24e2456b683005ca11acb43fc.jpg,2,2,true,2,train,true
fashionpedia,train2020,15640,9f2488aeb03a9edbb89d7d703e123270.jpg,2,2,true,1,train,true
fashionpedia,train2020,15647,1fa272c58e63293762e698c6beb74b10.jpg,2,2,true,1,train,true
fashionpedia,train2020,15652,5b90b68ac4dbd0528f23eb5ff79c2e48.jpg,2,2,true,1,train,true
fashionpedia,train2020,15662,5e9e3a0eeae60683808e5ca134781f7f.jpg,2,2,true,4,train,true
fashionpedia,train2020,15664,2661cd5e9eaca62a15ba63b3d9e58be0.jpg,2,2,true,2,train,true
fashionpedia,train2020,15666,43602779f9ea14b78e552fd08fe73b39.jpg,2,2,true,2,train,true
fashionpedia,train2020,15669,2e818fc5a96fc601fb8d4b52f3e50b4c.jpg,2,2,true,1,train,true
fashionpedia,train2020,15671,7e1cbaf75535ce1d41aa4e5ad14f64a4.jpg,2,2,true,1,train,true
fashionpedia,train2020,15672,a0b127184c5bfadad84759e22676b8e7.jpg,2,2,true,2,train,true
fashionpedia,train2020,15679,26534ee1a9306a51151616b3b94636a3.jpg,2,2,true,1,train,true
fashionpedia,train2020,15688,2f9eb4e5591b9a4c6b33bbb2a20c2030.jpg,2,2,true,2,train,true
fashionpedia,train2020,15694,2965e6a4576bf8536dbeff185d2b2cf0.jpg,2,2,true,1,train,true
fashionpedia,train2020,15696,37391d5cb4697872b10892cef55a5d0f.jpg,2,2,true,2,train,true
fashionpedia,train2020,15700,3e63abe998c6678b481a442425b3084e.jpg,2,2,true,2,train,true
fashionpedia,train2020,15706,985b8ed6bd6c7d7e12935bd9e4823592.jpg,2,2,true,2,train,true
fashionpedia,train2020,15710,294546842048052d99dc42580f66c5ea.jpg,2,2,true,2,train,true
fashionpedia,train2020,15713,62d156ae6d569164112cce955e7bc259.jpg,2,2,true,1,train,true
fashionpedia,train2020,15715,de352013f30b5a74e7d2e54eedd21574.jpg,2,2,true,2,train,true
fashionpedia,train2020,15719,41a54777671aa04354893a77e192f72e.jpg,2,2,true,2,train,true
fashionpedia,train2020,15722,ca14cae418d42c1bf278dfbc24a1f216.jpg,2,2,true,4,train,true
fashionpedia,train2020,15723,e8cf1434d343761349254138e335f405.jpg,2,2,true,1,train,true
fashionpedia,train2020,15730,d31df237b9ddfe3e631e2ee5c6730a03.jpg,2,2,true,1,train,true
fashionpedia,train2020,15734,78b1889e5526eb9d4de5298081210acc.jpg,2,2,true,2,train,true
fashionpedia,train2020,15740,90bbdc597c03deefcea729ea16b16e1c.jpg,2,2,true,2,train,true
fashionpedia,train2020,15746,058b3914ca7fae47e74e77937238bc99.jpg,2,2,true,2,train,true
fashionpedia,train2020,15747,7ddbd17016535b31c3a9e5da3128f698.jpg,2,2,true,2,train,true
fashionpedia,train2020,15751,169bdc425038f4804eddcbc8323345c7.jpg,2,2,true,3,train,true
fashionpedia,train2020,15752,75d25fc7410096300d88a7cb30069d74.jpg,2,2,true,1,train,true
fashionpedia,train2020,15756,ead9b6e9a0655cf2bfb6a4f31449b132.jpg,2,2,true,2,train,true
fashionpedia,train2020,15757,95714b37a450c1bd9580337793d3d76c.jpg,2,2,true,2,train,true
fashionpedia,train2020,15761,6751deca3bb523c20d75dace81228b65.jpg,2,2,true,2,train,true
fashionpedia,train2020,15762,f2170b5854cd3a210f9850b1edda8af0.jpg,2,2,true,3,train,true
fashionpedia,train2020,15765,521f9b4228e4180052443759fc5c5f40.jpg,2,2,true,3,train,true
fashionpedia,train2020,15773,b29b8fc7e0d88e905b9639ac1ef229f4.jpg,2,2,true,2,train,true
fashionpedia,train2020,15775,a0daa8c3bb4fe2d718656887c1911fa2.jpg,2,2,true,2,train,true
fashionpedia,train2020,15778,bd54e0ecea0fdc3f5dbac7712dae2d5f.jpg,2,2,true,3,train,true
fashionpedia,train2020,15779,dbceb496e3a64e0adcef54b54020b773.jpg,2,2,true,1,train,true
fashionpedia,train2020,15780,74b64c892658674010e49ee6738752a9.jpg,2,2,true,1,train,true
fashionpedia,train2020,15784,719880ce159b3100feb16f02042615f3.jpg,2,2,true,2,train,true
fashionpedia,train2020,15792,9125c7c29aa2d4364488f2bebfc9ad7f.jpg,2,2,true,2,train,true
fashionpedia,train2020,15801,604f66c8e211b1df698e89a83c3f3299.jpg,2,2,true,1,train,true
fashionpedia,train2020,15804,55260fc6fdcad5958f0aa0d075135fda.jpg,2,2,true,3,train,true
fashionpedia,train2020,15810,88a891568a3667acb1e87ba04880b6eb.jpg,2,2,true,2,train,true
fashionpedia,train2020,15821,5e323e7ddec4d2a521b30d683f4130e2.jpg,2,2,true,2,train,true
fashionpedia,train2020,15822,51838c76f62bef8f55d5c66beb5e1607.jpg,2,2,true,2,train,true
fashionpedia,train2020,15826,3fbfe885ca143f0841406d3b8311ed5f.jpg,2,2,true,3,train,true
fashionpedia,train2020,15832,ac3ffd91df1bf1314ee728096d320157.jpg,2,2,true,3,train,true
fashionpedia,train2020,15833,c4de2b876ec948225e74b727ba459521.jpg,2,2,true,3,train,true
fashionpedia,train2020,15842,571f8c9f11b790999bf207e09c222cbe.jpg,2,2,true,2,train,true
fashionpedia,train2020,15855,052009c4e56cdf013af0dc726b3a6cf2.jpg,2,2,true,1,train,true
fashionpedia,train2020,15863,05584082eb8fbf025861b0a0377a4f19.jpg,2,2,true,1,train,true
fashionpedia,train2020,15864,30bd13d6bdd55a02d7cb2ec9ce6931e3.jpg,2,2,true,3,train,true
fashionpedia,train2020,15879,6cd4f7de2692638847746496c3278182.jpg,2,2,true,3,train,true
fashionpedia,train2020,15896,f18dda6cd6ff864446a310d22ca0ff22.jpg,2,2,true,2,train,true
fashionpedia,train2020,15898,d82b2c74a9ad94140fc386dc176ec110.jpg,2,2,true,2,train,true
fashionpedia,train2020,15903,0c536db657f5ba273043ca9956a52ae0.jpg,2,2,true,1,train,true
fashionpedia,train2020,15904,6badf740c097614a9e7e6233364fc0f9.jpg,2,2,true,2,train,true
fashionpedia,train2020,15927,4af265da15b7af2f127b28e18f652c50.jpg,2,2,true,3,train,true
fashionpedia,train2020,15928,70c85cb8954bc7039967435e671efba0.jpg,2,2,true,1,train,true
fashionpedia,train2020,15929,d94a435efecf9af91393934ba63bba3d.jpg,2,2,true,2,train,true
fashionpedia,train2020,15932,314fed0d160b8e53ea08bb5b8c0c5d80.jpg,2,2,true,1,train,true
fashionpedia,train2020,15933,de7b98f6a94471fada9ccbfed4ca7409.jpg,2,2,true,2,train,true
fashionpedia,train2020,15943,755ec8a4ed11e377ea773f80feb5be8d.jpg,2,2,true,2,train,true
fashionpedia,train2020,15951,91eef557a2d1019968db8bc0d5e6f4d5.jpg,2,2,true,2,train,true
fashionpedia,train2020,15957,0dbc93e78364d9c93850c8f8c6d2b72d.jpg,2,2,true,2,train,true
fashionpedia,train2020,15966,3d50a06296e781d4ac1d99e319a58384.jpg,2,2,true,1,train,true
fashionpedia,train2020,15970,ce95b85c661915b9fafa25b81ca9ef82.jpg,2,2,true,1,train,true
fashionpedia,train2020,15981,d4b2dd4b064c67c262c648796e93ccf3.jpg,2,2,true,2,train,true
fashionpedia,train2020,15991,c89ece0a9fedfad6de181205dad7522a.jpg,2,2,true,1,train,true
fashionpedia,train2020,15993,26bca999a1665892f904168c8a84ee90.jpg,2,2,true,2,train,true
fashionpedia,train2020,16007,577d28e64ca10fb37b43c8ec1ad2815a.jpg,2,2,true,2,train,true
fashionpedia,train2020,16009,eac0ebc831eeb117fb36c86452b6c5f5.jpg,2,2,true,2,train,true
fashionpedia,train2020,16018,04573e75d85a67fadc0a39265dfbfe2a.jpg,2,2,true,1,train,true
fashionpedia,train2020,16023,7970d4a1ea9bcd39eefb5b7afb07c0cd.jpg,2,2,true,2,train,true
fashionpedia,train2020,16030,7935a9d043f3b9201c9763cb7e3ec1da.jpg,2,2,true,1,train,true
fashionpedia,train2020,16032,78e802460ecbfda33375352002c1696e.jpg,2,2,true,2,train,true
fashionpedia,train2020,16036,a7ebb18d7f36869e9953d2626fbc966d.jpg,2,2,true,2,train,true
fashionpedia,train2020,16045,96b379e45578a41f1f6d0940c30f0659.jpg,2,2,true,2,train,true
fashionpedia,train2020,16057,033d084b3233c89aa7d94a6336433f55.jpg,2,2,true,2,train,true
fashionpedia,train2020,16061,8ba44a6c895f1a53788656751d67c022.jpg,2,2,true,1,train,true
fashionpedia,train2020,16064,926b513271f403ec1390498dc497a725.jpg,2,2,true,2,train,true
fashionpedia,train2020,16070,8d87a0f0db65e3dc357dec701fc9e288.jpg,2,2,true,3,train,true
fashionpedia,train2020,16071,9520b2f13b44f55e16a8a0bbb5dbb234.jpg,2,2,true,2,train,true
fashionpedia,train2020,16074,ec137052c7ab1b83eb722b05f47b98bd.jpg,2,2,true,3,train,true
fashionpedia,train2020,16076,7aa425176c7c21f648b04cfdf94c421f.jpg,2,2,true,2,train,true
fashionpedia,train2020,16090,54c55bd3f699a378e68520304b6c08df.jpg,2,2,true,2,train,true
fashionpedia,train2020,16092,bafb787c28383d007844dd0fb6049368.jpg,2,2,true,2,train,true
fashionpedia,train2020,16093,f4eb81ef1bd772c8c306559f57f816ee.jpg,2,2,true,1,train,true
fashionpedia,train2020,16094,5c13b4c1777af1108d852d5ac2359477.jpg,2,2,true,2,train,true
fashionpedia,train2020,16096,0efef69fa4f99cfaa9bee9b679f22dc3.jpg,2,2,true,3,train,true
fashionpedia,train2020,16099,09d23b1a1806d3ca7f1af97ee2d3c48e.jpg,2,2,true,2,train,true
fashionpedia,train2020,16118,04a3e7dd505c7e3fd63df877f864dcfd.jpg,2,2,true,1,train,true
fashionpedia,train2020,16126,048b16c3e08c404a4e24e01bde701001.jpg,2,2,true,2,train,true
fashionpedia,train2020,16135,581b820b5b4172ab305d7fd85487fdcd.jpg,2,2,true,1,train,true
fashionpedia,train2020,16138,0cb795d6ea1cb74611e6bb4dc64fee15.jpg,2,2,true,1,train,true
fashionpedia,train2020,16144,73f8a848673cf30325f1b466cedb86be.jpg,2,2,true,1,train,true
fashionpedia,train2020,16146,84c3322754483204f75545ed79c7f167.jpg,2,2,true,1,train,true
fashionpedia,train2020,16152,8ca2397535a08e0d9ee47dd5c8b1cabc.jpg,2,2,true,1,train,true
fashionpedia,train2020,16156,ae075e2ba47763a5f61c82dc625d6d63.jpg,2,2,true,1,train,true
fashionpedia,train2020,16161,2aafead004c58e4b0876d73d1c802790.jpg,2,2,true,2,train,true
fashionpedia,train2020,16162,d29200531961b85f63d06fd735273da9.jpg,2,2,true,1,train,true
fashionpedia,train2020,16164,b41e754ab83bee9b56adf0e699c51a50.jpg,2,2,true,2,train,true
fashionpedia,train2020,16167,07600d2c6d6d9c412ed49c947d6e7326.jpg,2,2,true,1,train,true
fashionpedia,train2020,16172,c1e15906ad4f0aefd8d3f94623e0801c.jpg,2,2,true,2,train,true
fashionpedia,train2020,16176,ad498d1336084209d2145ed4cef74b6b.jpg,2,2,true,2,train,true
fashionpedia,train2020,16185,5f0107022d43473ba961eb49cc501c95.jpg,2,2,true,2,train,true
fashionpedia,train2020,16190,b0e93d9839733ccc83e6f2d38c6fde2f.jpg,2,2,true,1,train,true
fashionpedia,train2020,16192,b745d75ae7bbecd6c3e83043bc9855c5.jpg,2,2,true,2,train,true
fashionpedia,train2020,16196,5ab0b63eb66a72bbfcb370a27be74287.jpg,2,2,true,1,train,true
fashionpedia,train2020,16197,5d01ab1a9cff4388b9791a72ff9bd73e.jpg,2,2,true,1,train,true
fashionpedia,train2020,16201,e4fff017a87098a45881466188353273.jpg,2,2,true,3,train,true
fashionpedia,train2020,16202,117f7d2606202cae4113cca65ecd9dba.jpg,2,2,true,3,train,true
fashionpedia,train2020,16204,6e5d2888855f3294ae0d5400e65b153a.jpg,2,2,true,1,train,true
fashionpedia,train2020,16209,dd8c7639eb0a958e9b6359da4ac2d012.jpg,2,2,true,2,train,true
fashionpedia,train2020,16215,331df1664f1aa54810ea3f3443ff1b68.jpg,2,2,true,2,train,true
fashionpedia,train2020,16233,3825c562b7abb41f6e16dca01795bb10.jpg,2,2,true,1,train,true
fashionpedia,train2020,16240,995001ab27fb4def1f3517ca4817de5d.jpg,2,2,true,1,train,true
fashionpedia,train2020,16241,8cf03f7fdf9520f3fc5e5e5b1bdb9676.jpg,2,2,true,2,train,true
fashionpedia,train2020,16244,5f0ca0dac777d8ae8ff248bc72d9ff92.jpg,2,2,true,2,train,true
fashionpedia,train2020,16245,b50da6e50286241cdfcfefad51aa5921.jpg,2,2,true,1,train,true
fashionpedia,train2020,16253,ed045730d4654a1d71d34e7ea752e183.jpg,2,2,true,1,train,true
fashionpedia,train2020,16256,d6e841f89bc7c48b49154a89953f0303.jpg,2,2,true,1,train,true
fashionpedia,train2020,16258,06f4a7a883598398c0961d099af0364a.jpg,2,2,true,2,train,true
fashionpedia,train2020,16259,7c1ed4fbfa4a2785dd5aa10bd63c7e93.jpg,2,2,true,2,train,true
fashionpedia,train2020,16266,258d8060d05556afe7440ac9aa6b374a.jpg,2,2,true,1,train,true
fashionpedia,train2020,16268,ca91e09391e6357f1fc4382e5a1b959d.jpg,2,2,true,2,train,true
fashionpedia,train2020,16271,753548c4b8b6547c0ae0269bf25b0aab.jpg,2,2,true,2,train,true
fashionpedia,train2020,16272,61fcbb4cf5f9d8471c6c97c205a3ee25.jpg,2,2,true,3,train,true
fashionpedia,train2020,16276,21e4a38be9177c18e6eda0cd9dca485e.jpg,2,2,true,2,train,true
fashionpedia,train2020,16280,74386977a46402f7e55702f5bdfa396a.jpg,2,2,true,2,train,true
fashionpedia,train2020,16301,58c1643a484eaf6b11bdeef540c69d3e.jpg,2,2,true,1,train,true
fashionpedia,train2020,16302,ef2e7e835f13f4b630ab226ba89ae5af.jpg,2,2,true,3,train,true
fashionpedia,train2020,16304,97a2de44b039b83d8807d5fe318f7932.jpg,2,2,true,2,train,true
fashionpedia,train2020,16306,f3446a14aa6ed75fb34fb8a35684fb52.jpg,2,2,true,2,train,true
fashionpedia,train2020,16315,d954cba99803f2610c4ce3ecda3653d4.jpg,2,2,true,1,train,true
fashionpedia,train2020,16316,107ba00021f7528637115e707ccc5a92.jpg,2,2,true,2,train,true
fashionpedia,train2020,16332,7eac01a8810e84facdc0513b8e9b2095.jpg,2,2,true,1,train,true
fashionpedia,train2020,16333,3c020dcbc5f347ebaa8eb9b867e9dcd3.jpg,2,2,true,2,train,true
fashionpedia,train2020,16348,8acb4f31d859c32616c8eaca772b7c98.jpg,2,2,true,1,train,true
fashionpedia,train2020,16353,d4d3ed672edca43d2d84fc33f805ff4c.jpg,2,2,true,3,train,true
fashionpedia,train2020,16355,4b6b56c6db9b2ad46639554ab281f2be.jpg,2,2,true,2,train,true
fashionpedia,train2020,16358,758895e297454df2e2d753156de76101.jpg,2,2,true,2,train,true
fashionpedia,train2020,16361,7641c2fb25c33cfa17350704ebb5d5c0.jpg,2,2,true,3,train,true
fashionpedia,train2020,16367,d8db8088b197516cc649127a251b92b3.jpg,2,2,true,3,train,true
fashionpedia,train2020,16375,f6601cde98eca2f926925437005b7ec1.jpg,2,2,true,2,train,true
fashionpedia,train2020,16380,1b4ee7a2b7321cfc018615e1977bf994.jpg,2,2,true,2,train,true
fashionpedia,train2020,16396,ad80c9ef6cb493a4fc7e46be3d79803d.jpg,2,2,true,2,train,true
fashionpedia,train2020,16397,2afa931a8cb9eb8f793ff9d6f097d5fc.jpg,2,2,true,1,train,true
fashionpedia,train2020,16400,742b472c9daa4a9164c7636f34dfba37.jpg,2,2,true,2,train,true
fashionpedia,train2020,16405,0dd7c0ea555fb717fd2c90ba565aca1c.jpg,2,2,true,1,train,true
fashionpedia,train2020,16407,5481193531c4442966cd5d6a7b8890b0.jpg,2,2,true,3,train,true
fashionpedia,train2020,16414,a473e72b1240a90bd3a4d9296c702f4f.jpg,2,2,true,2,train,true
fashionpedia,train2020,16420,ffc105abc4f37e1bc139934f70c0aa96.jpg,2,2,true,2,train,true
fashionpedia,train2020,16426,c917ad8a0f5e7f4c9e4785db240d5b63.jpg,2,2,true,3,train,true
fashionpedia,train2020,16428,694b45e7186944890baef4888f5b1bad.jpg,2,2,true,1,train,true
fashionpedia,train2020,16430,7fff59cb3f9ab31276230ba4485be2f4.jpg,2,2,true,3,train,true
fashionpedia,train2020,16433,85aa1adedacc1d8472601a9fef4a54a7.jpg,2,2,true,3,train,true
fashionpedia,train2020,16436,000b3a87508b0fa185fbd53ecbe2e4c6.jpg,2,2,true,1,train,true
fashionpedia,train2020,16445,390b6dd4e169aa0f7dc045885c632585.jpg,2,2,true,1,train,true
fashionpedia,train2020,16451,dd04ee06add8b90316e13df016f2d71f.jpg,2,2,true,3,train,true
fashionpedia,train2020,16463,22f6e7c701e4090f0c7fd50ad6e242f2.jpg,2,2,true,3,train,true
fashionpedia,train2020,16468,46ffe207b8f2c33a2b237faea488e64a.jpg,2,2,true,2,train,true
fashionpedia,train2020,16474,ef9c83d91bf2ac51148001f8523f5c9f.jpg,2,2,true,3,train,true
fashionpedia,train2020,16480,073c09066ede4bb5adb070603a7bfd33.jpg,2,2,true,1,train,true
fashionpedia,train2020,16501,20f8d340c61a1bc888fbdda1a2e02731.jpg,2,2,true,1,train,true
fashionpedia,train2020,16510,43a3d7fdc91ea9bc815fba205f77abd9.jpg,2,2,true,1,train,true
fashionpedia,train2020,16520,ac6f324977e7cf7e93020b180ff054bb.jpg,2,2,true,1,train,true
fashionpedia,train2020,16523,96a9c766377de39c00a70e5b68d184ee.jpg,2,2,true,2,train,true
fashionpedia,train2020,16524,61662647316ffd25a82c1a11a71053a5.jpg,2,2,true,2,train,true
fashionpedia,train2020,16525,bee8bd227d62003abed76200cd642545.jpg,2,2,true,1,train,true
fashionpedia,train2020,16527,59118ddd59f325a2238adfaa386cc237.jpg,2,2,true,3,train,true
fashionpedia,train2020,16543,d4357714578c0a43113dfb7a4aee3f41.jpg,2,2,true,1,train,true
fashionpedia,train2020,16547,d9c8898f0b0715c04117e8b160338817.jpg,2,2,true,1,train,true
fashionpedia,train2020,16554,cfab23a52db473aef3aae1f1e5a503fa.jpg,2,2,true,1,train,true
fashionpedia,train2020,16556,9742f10612336ba0f10764d24e172c56.jpg,2,2,true,2,train,true
fashionpedia,train2020,16562,860e2108db41eef620e55c3d0ece12bd.jpg,2,2,true,3,train,true
fashionpedia,train2020,16563,b99191917e403d62b130e45acd0a7e17.jpg,2,2,true,2,train,true
fashionpedia,train2020,16577,47661189ee141ec04b68c2ed6e8436fd.jpg,2,2,true,1,train,true
fashionpedia,train2020,16579,a44f494491b782b3e42dcd62d8d8fde2.jpg,2,2,true,2,train,true
fashionpedia,train2020,16580,797ba5d178b376d769811553c0b6ed8f.jpg,2,2,true,2,train,true
fashionpedia,train2020,16587,c4020d4dae4d0fce9f5a8d9176af6383.jpg,2,2,true,2,train,true
fashionpedia,train2020,16591,fe3a8d384beefe9b6f202446abdbfc92.jpg,2,2,true,1,train,true
fashionpedia,train2020,16601,02bfc391526810ddbde1a2cf4abb10af.jpg,2,2,true,2,train,true
fashionpedia,train2020,16603,3cf5db5d03beb20e175549e005bd2603.jpg,2,2,true,2,train,true
fashionpedia,train2020,16609,3d7fdabde2ae9e536690d162d2292aef.jpg,2,2,true,3,train,true
fashionpedia,train2020,16612,0790ec9dca33506943c2b00f34eaf74d.jpg,2,2,true,1,train,true
fashionpedia,train2020,16616,417eb2a1c78dabcd973d22d6b7a29b6e.jpg,2,2,true,2,train,true
fashionpedia,train2020,16625,17501f799656d69b080782649c54b50e.jpg,2,2,true,1,train,true
fashionpedia,train2020,16645,9c5f9db2b3a80addac2f658de83556fb.jpg,2,2,true,1,train,true
fashionpedia,train2020,16657,c1f10f019bae6a4a735ba986f968271e.jpg,2,2,true,1,train,true
fashionpedia,train2020,16669,fc21d81fb821d214b4f4f1d7f553475d.jpg,2,2,true,2,train,true
fashionpedia,train2020,16670,b1a46f4e0f0009eb06057ebff0ce84b4.jpg,2,2,true,1,train,true
fashionpedia,train2020,16688,1d8481265cdb4546e826ff769d5411b1.jpg,2,2,true,2,train,true
fashionpedia,train2020,16692,10f12310bbf164990c8806d71cbdb9e3.jpg,2,2,true,3,train,true
fashionpedia,train2020,16696,12dabc435982509fe42f90bcc3181e52.jpg,2,2,true,3,train,true
fashionpedia,train2020,16701,d3a7dd061c95c9b9b9df1f4b2e7e271d.jpg,2,2,true,2,train,true
fashionpedia,train2020,16705,007aa0ae2365228066c5b29e2f21de0c.jpg,2,2,true,1,train,true
fashionpedia,train2020,16706,0a9e6480e69adc65962d4898e807bcfc.jpg,2,2,true,2,train,true
fashionpedia,train2020,16713,97cc1b0e8a032c224502d7518a984380.jpg,2,2,true,1,train,true
fashionpedia,train2020,16714,4d7a0c7eab7c7d8646bfb5714d39a477.jpg,2,2,true,2,train,true
fashionpedia,train2020,16719,19ac5060cd438e7cc78031144189e438.jpg,2,2,true,2,train,true
fashionpedia,train2020,16720,3b8a14abf413b90efd8c5ce4c1e8ffa1.jpg,2,2,true,1,train,true
fashionpedia,train2020,16725,c03fcce12eaa5be4cb8e48561feaa375.jpg,2,2,true,3,train,true
fashionpedia,train2020,16726,a07163c02743298246fd026c3b2fb836.jpg,2,2,true,2,train,true
fashionpedia,train2020,16731,d8f14a9697bbdffdad45a267ad330795.jpg,2,2,true,1,train,true
fashionpedia,train2020,16733,1099662bdd2e2a6dc3b397a2d652f15e.jpg,2,2,true,1,train,true
fashionpedia,train2020,16736,f3267591cbe4957b68101846aeadba40.jpg,2,2,true,1,train,true
fashionpedia,train2020,16739,b8da7f79686e0cbfa9ae729d384d08b0.jpg,2,2,true,2,train,true
fashionpedia,train2020,16740,6e2c2bed33e7771c38bd30662971553a.jpg,2,2,true,3,train,true
fashionpedia,train2020,16744,4bdda6ee9dc6ff10326bab63fc5898fd.jpg,2,2,true,3,train,true
fashionpedia,train2020,16751,4fa11a4c2ef18273c55f78591da2aa3f.jpg,2,2,true,2,train,true
fashionpedia,train2020,16755,3038e459aa8b1d417e669af3da31f036.jpg,2,2,true,3,train,true
fashionpedia,train2020,16765,9d3f311701ff9e657afb71b1aba95a4d.jpg,2,2,true,3,train,true
fashionpedia,train2020,16766,47b0756cc34fac9de13ca75a95619970.jpg,2,2,true,2,train,true
fashionpedia,train2020,16769,3c1c77301038dae5d45e3e583435d7bf.jpg,2,2,true,2,train,true
fashionpedia,train2020,16773,4d419dbe09ceb6dff1ab4eb6a303d135.jpg,2,2,true,2,train,true
fashionpedia,train2020,16777,009447b79fce7da1ee19a54401517cde.jpg,2,2,true,3,train,true
fashionpedia,train2020,16779,cc35e3b72bffa592e702b2c797d35816.jpg,2,2,true,1,train,true
fashionpedia,train2020,16781,894d32379b9f8e71d271fd199480aab6.jpg,2,2,true,1,train,true
fashionpedia,train2020,16785,60fdf8c95953dfb915445fcc5712da3d.jpg,2,2,true,1,train,true
fashionpedia,train2020,16786,4850da424daeda09e1bbe0f3d3fea526.jpg,2,2,true,2,train,true
fashionpedia,train2020,16788,33cb9148dfc0bceb1ac971308d4b35c8.jpg,2,2,true,1,train,true
fashionpedia,train2020,16791,07dbd09a8d5820e3c534dabb078b2d18.jpg,2,2,true,2,train,true
fashionpedia,train2020,16792,84b61174acadb3a01259fea251a54f6f.jpg,2,2,true,1,train,true
fashionpedia,train2020,16798,104a445008186921cfdb6918bd2c1cc3.jpg,2,2,true,1,train,true
fashionpedia,train2020,16799,535dcc4af3027ba56a2c5633c501a18a.jpg,2,2,true,2,train,true
fashionpedia,train2020,16801,a66bd3e72d7eb5464d27e0df41dde0d5.jpg,2,2,true,1,train,true
fashionpedia,train2020,16804,c073448ff7fea41af4f6bddba76d0718.jpg,2,2,true,1,train,true
fashionpedia,train2020,16805,03798333bc43278f7dbf47691300ac03.jpg,2,2,true,1,train,true
fashionpedia,train2020,16811,97c49fbcf0f028919e81dfc7836135da.jpg,2,2,true,2,train,true
fashionpedia,train2020,16812,a64a1e7477271f1b03eb6c80ae4f877e.jpg,2,2,true,2,train,true
fashionpedia,train2020,16814,4a3f34b2968cfbcfb0fe2c1415a5b427.jpg,2,2,true,2,train,true
fashionpedia,train2020,16825,5288f555e1dccdd64e0a7d182e0d5c16.jpg,2,2,true,1,train,true
fashionpedia,train2020,16827,fce2a398333efb833494773054cd085b.jpg,2,2,true,2,train,true
fashionpedia,train2020,16832,e66bcfa07c2b8c25c59c969286f86d2e.jpg,2,2,true,2,train,true
fashionpedia,train2020,16843,cc03b9f585a0ba551221d904a09cde65.jpg,2,2,true,1,train,true
fashionpedia,train2020,16849,fc258c73304469d3a578b4cc5bca14ae.jpg,2,2,true,2,train,true
fashionpedia,train2020,16861,f07809b2e139051c9f5eb5c7f5659561.jpg,2,2,true,2,train,true
fashionpedia,train2020,16863,93e985aa6a311b7fd80cc01e766896d2.jpg,2,2,true,3,train,true
fashionpedia,train2020,16872,723d621c0ea9edc7f768b642d65be334.jpg,2,2,true,2,train,true
fashionpedia,train2020,16873,203c5bf510942a65674090e763dc28da.jpg,2,2,true,2,train,true
fashionpedia,train2020,16882,4e6530cddf462e7ae3c776ccf6e66961.jpg,2,2,true,2,train,true
fashionpedia,train2020,16888,1b9bd81bf8b55794a990063741274f0b.jpg,2,2,true,3,train,true
fashionpedia,train2020,16893,ac32b7122e67e77ce1b48bbba4d90460.jpg,2,2,true,2,train,true
fashionpedia,train2020,16901,5ed7dbfd5a9101c50220a21d5a83fa4c.jpg,2,2,true,4,train,true
fashionpedia,train2020,16905,f2772b91720882421dd4bf4f14654885.jpg,2,2,true,1,train,true
fashionpedia,train2020,16914,1c3ec70682efd2d93c363f4e8b8b7da1.jpg,2,2,true,3,train,true
fashionpedia,train2020,16917,c6267096df243076b47575415f0ceb0c.jpg,2,2,true,3,train,true
fashionpedia,train2020,16918,92983297371968929a688ddb0fe2d0dc.jpg,2,2,true,2,train,true
fashionpedia,train2020,16923,381c39863cba02dff5b5fb3c23d6a88a.jpg,2,2,true,2,train,true
fashionpedia,train2020,16927,4c271020715daffc24922c0e3e8d16aa.jpg,2,2,true,1,train,true
fashionpedia,train2020,16939,ee4ee8a02344c3b61c12dbbd6b19ce9b.jpg,2,2,true,1,train,true
fashionpedia,train2020,16943,6e88c9907252b75f594d3223822550ef.jpg,2,2,true,2,train,true
fashionpedia,train2020,16945,9325f58b0cf366b76cb47d6670437ccc.jpg,2,2,true,2,train,true
fashionpedia,train2020,16960,5cb73844e8f01866b000c4721f2e2447.jpg,2,2,true,1,train,true
fashionpedia,train2020,16976,2edaf536a4cdeb9b57c2158dbfda4820.jpg,2,2,true,2,train,true
fashionpedia,train2020,16979,3925ccb9b43fda27216eaed64f3d56ac.jpg,2,2,true,1,train,true
fashionpedia,train2020,16980,6e94ccdcdb157b57837bd88bc60cf340.jpg,2,2,true,1,train,true
fashionpedia,train2020,16983,17a47cb7a80d654449096912f8c81419.jpg,2,2,true,1,train,true
fashionpedia,train2020,16987,3402e2b4f88f627440170f9966e96f15.jpg,2,2,true,1,train,true
fashionpedia,train2020,16991,cb9a644e84c203620178e08c32580b92.jpg,2,2,true,3,train,true
fashionpedia,train2020,16994,6a717c87b086893afe012f6fc2cfb7e8.jpg,2,2,true,2,train,true
fashionpedia,train2020,16995,71baca61409af5fd012c9810dca8992b.jpg,2,2,true,3,train,true
fashionpedia,train2020,16997,9755605a4530d05ff5212fa80674f99d.jpg,2,2,true,2,train,true
fashionpedia,train2020,16999,5faa9965482f767f3795c96e78cf9cf5.jpg,2,2,true,1,train,true
fashionpedia,train2020,17001,481168b463f968f9ddcd1d4b5012d97b.jpg,2,2,true,3,train,true
fashionpedia,train2020,17003,47439a391fee0f86c274cda33cbce80c.jpg,2,2,true,3,train,true
fashionpedia,train2020,17006,9fa2426f4301f2a05957c4a5e6d17c51.jpg,2,2,true,3,train,true
fashionpedia,train2020,17013,a5f87d14fd28a0c7b2e8b7d31d9dcbd6.jpg,2,2,true,2,train,true
fashionpedia,train2020,17016,f61d979d7b5b0b6bdbc7a25349e32a0c.jpg,2,2,true,1,train,true
fashionpedia,train2020,17019,b927142c18690b55bd6661840b0a1667.jpg,2,2,true,2,train,true
fashionpedia,train2020,17023,8813142634a4937a55ef35f0a3acc898.jpg,2,2,true,3,train,true
fashionpedia,train2020,17025,5aad4870edceca1e2571f8b91b61eeb6.jpg,2,2,true,2,train,true
fashionpedia,train2020,17027,4a9f77690468734d38d7c5ea73306fe9.jpg,2,2,true,1,train,true
fashionpedia,train2020,17029,5d08918eb6abb37ef5f25fdcd9f16ca5.jpg,2,2,true,1,train,true
fashionpedia,train2020,17033,ad5634dfb6d4859aef38fd4bdd5f0380.jpg,2,2,true,2,train,true
fashionpedia,train2020,17034,a3def4388dd3b1147cdbb6a75144824d.jpg,2,2,true,2,train,true
fashionpedia,train2020,17035,3c0a92402a4982a00973c73e70a155f8.jpg,2,2,true,3,train,true
fashionpedia,train2020,17036,8d177e3a2ddbeaee55c2d9eb727ebc96.jpg,2,2,true,2,train,true
fashionpedia,train2020,17041,849faf4c1bfb6fa6d118cf8406547123.jpg,2,2,true,2,train,true
fashionpedia,train2020,17044,3770f128fd2e215436c54c570962e666.jpg,2,2,true,2,train,true
fashionpedia,train2020,17045,06fd2d4f33917d7244897eb1aad28231.jpg,2,2,true,4,train,true
fashionpedia,train2020,17046,a5eba6e0deb87a87581817e697e25ae1.jpg,2,2,true,1,train,true
fashionpedia,train2020,17055,99f88be671d654e27e6f144f2009dfef.jpg,2,2,true,6,train,true
fashionpedia,train2020,17060,fa1db035f8e8ec67ac043817960f666e.jpg,2,2,true,3,train,true
fashionpedia,train2020,17061,5d9d3b9c0b8f125f2b7bba709cea20a3.jpg,2,2,true,2,train,true
fashionpedia,train2020,17063,fbb9d14d60da217f0eaf44ef912589dd.jpg,2,2,true,2,train,true
fashionpedia,train2020,17064,57ecac70fccb66b1bfb7054b7203b99d.jpg,2,2,true,1,train,true
fashionpedia,train2020,17065,d04e0b6fcfcf371bd9e4b10d31d636a9.jpg,2,2,true,3,train,true
fashionpedia,train2020,17086,3c40fc10ab2ddc36f9f88ae97cb2393d.jpg,2,2,true,1,train,true
fashionpedia,train2020,17089,45e7f6b3a78ef788ed5b028bb1577aed.jpg,2,2,true,1,train,true
fashionpedia,train2020,17093,cde75324e48c951a7250a86e4a77744d.jpg,2,2,true,3,train,true
fashionpedia,train2020,17110,3a0295fc64a2d467c8fb2e136100c9e3.jpg,2,2,true,2,train,true
fashionpedia,train2020,17115,1bd7270caa574c1da5cd4cc5de77e0c3.jpg,2,2,true,1,train,true
fashionpedia,train2020,17140,55e8e99a27d51058efa0e3b46f611a9b.jpg,2,2,true,1,train,true
fashionpedia,train2020,17143,43b45fe50c209cd9eed4d29bcb90b6e3.jpg,2,2,true,1,train,true
fashionpedia,train2020,17150,53f5e18f8b7e4641ac8fe0f74cdae904.jpg,2,2,true,3,train,true
fashionpedia,train2020,17151,91a05b15e08d4aac5b3f9cc0255275be.jpg,2,2,true,3,train,true
fashionpedia,train2020,17159,81945214664c3e605a1964a7c9ce0e44.jpg,2,2,true,3,train,true
fashionpedia,train2020,17165,b51bc1434ab3a2ac526c830c1f6c80ac.jpg,2,2,true,1,train,true
fashionpedia,train2020,17173,3c1bf4f4a5510a2cd5fb65a221c98699.jpg,2,2,true,1,train,true
fashionpedia,train2020,17181,23dd7fda849142c4a5aedaa83b2fd969.jpg,2,2,true,1,train,true
fashionpedia,train2020,17196,9a9901e2fadd1d9d5a12ee57539e796c.jpg,2,2,true,2,train,true
fashionpedia,train2020,17203,6f9c264b2d05bcaa2c2b558f2169b59a.jpg,2,2,true,3,train,true
fashionpedia,train2020,17205,b7851440ba2173626b8a5a438d03dafb.jpg,2,2,true,3,train,true
fashionpedia,train2020,17206,359c5aa5cda2095ab37c0601a6bf82c7.jpg,2,2,true,2,train,true
fashionpedia,train2020,17209,2542757494f7fcb6b8134142b61874b6.jpg,2,2,true,2,train,true
fashionpedia,train2020,17211,b15416c704864e7fc06d15ce664d371e.jpg,2,2,true,1,train,true
fashionpedia,train2020,17212,730eb521108c22266154ba81bd5f5ded.jpg,2,2,true,2,train,true
fashionpedia,train2020,17219,da98c9a1095f87cb3e1b5de6c665e74c.jpg,2,2,true,1,train,true
fashionpedia,train2020,17233,474c575056521b6a0b3d412e02178751.jpg,2,2,true,2,train,true
fashionpedia,train2020,17234,d393ee0497ba0e46e4b49328768a5698.jpg,2,2,true,2,train,true
fashionpedia,train2020,17235,631ccec50380cbdc16c271ed3ae3355d.jpg,2,2,true,2,train,true
fashionpedia,train2020,17241,5ccbe2fe393cde74e48f6b2c2b860fdc.jpg,2,2,true,3,train,true
fashionpedia,train2020,17244,1f601d25e5d1194bd423e65bb7abeff8.jpg,2,2,true,3,train,true
fashionpedia,train2020,17251,a2f89081cb1163f7a00aa1ffbb51ab61.jpg,2,2,true,2,train,true
fashionpedia,train2020,17256,c89cfa6085ca65dba295b5d1f8542633.jpg,2,2,true,1,train,true
fashionpedia,train2020,17262,5c56d92e9206bf23747b1579986ff71a.jpg,2,2,true,2,train,true
fashionpedia,train2020,17274,ee02f9df3d9b47abc5e8963c57e0b3fd.jpg,2,2,true,2,train,true
fashionpedia,train2020,17277,ce431ef9ca95fa28d7aaa9f3b71a7bf2.jpg,2,2,true,3,train,true
fashionpedia,train2020,17284,637f829e03323ea3390d844b4f7014f8.jpg,2,2,true,3,train,true
fashionpedia,train2020,17303,1223a6654294ff7bebc3523159159505.jpg,2,2,true,2,train,true
fashionpedia,train2020,17335,8b009185d867bdd9919932636932523a.jpg,2,2,true,2,train,true
fashionpedia,train2020,17336,35ab717888578a4b59ae6c0d0b3de4e9.jpg,2,2,true,2,train,true
fashionpedia,train2020,17338,0779febb09d76bb27f766b70f65437ac.jpg,2,2,true,2,train,true
fashionpedia,train2020,17348,2eca3cf41a1277744a4eecad0394c034.jpg,2,2,true,1,train,true
fashionpedia,train2020,17368,c34235cd08be60b00bcbdc7d9976eea0.jpg,2,2,true,1,train,true
fashionpedia,train2020,17373,3f2dba4470b656b27ceeb25a7cd0c4ff.jpg,2,2,true,2,train,true
fashionpedia,train2020,17377,e1d868de149b71906c429be73d2f81dd.jpg,2,2,true,1,train,true
fashionpedia,train2020,17384,ce00bde4f45c08a3eb3c1b4dd9e342e1.jpg,2,2,true,2,train,true
fashionpedia,train2020,17387,19de02f6b77d0d4e5dc4fe2966b7346b.jpg,2,2,true,1,train,true
fashionpedia,train2020,17388,ae52bd43c5ef8170efb8bef7932d0da4.jpg,2,2,true,1,train,true
fashionpedia,train2020,17394,1e06c75ae0b9cbf6497244d890bb061a.jpg,2,2,true,2,train,true
fashionpedia,train2020,17397,802e507b583f88512d1e3b16bb547630.jpg,2,2,true,2,train,true
fashionpedia,train2020,17400,4d472259f25050dc7feca2c865c27b28.jpg,2,2,true,2,train,true
fashionpedia,train2020,17426,e2f22029a3309d90568c328244880ded.jpg,2,2,true,3,train,true
fashionpedia,train2020,17429,e401150e2bc7e51769f837b61f6b1051.jpg,2,2,true,2,train,true
fashionpedia,train2020,17431,d98d72eb48c7e92f004057fef2c611b4.jpg,2,2,true,1,train,true
fashionpedia,train2020,17435,01e750d0a0e552daca7c71b16da91390.jpg,2,2,true,1,train,true
fashionpedia,train2020,17436,1082aa2b8edf5e07e2ce3045255bc49a.jpg,2,2,true,3,train,true
fashionpedia,train2020,17437,a71b132d82a41cd63f066414a56390f7.jpg,2,2,true,2,train,true
fashionpedia,train2020,17438,4ce126064b2697f9abca97b4d73a535e.jpg,2,2,true,1,train,true
fashionpedia,train2020,17441,3c860a29c21eb7a599387c71d761124f.jpg,2,2,true,1,train,true
fashionpedia,train2020,17454,a6a97352ff536aff75b3bb853d218d5a.jpg,2,2,true,1,train,true
fashionpedia,train2020,17455,72cfb838b7d4f074753149899995ac3e.jpg,2,2,true,1,train,true
fashionpedia,train2020,17456,511d1da7e5471f6a2c164aa2f77fb953.jpg,2,2,true,2,train,true
fashionpedia,train2020,17467,4a50932e3c8956d3c875461a32f0044e.jpg,2,2,true,2,train,true
fashionpedia,train2020,17481,8b6df6784a6ab71f6ec13343c81340c0.jpg,2,2,true,3,train,true
fashionpedia,train2020,17493,e4cf549473958edc3df6ccb9c9f07647.jpg,2,2,true,2,train,true
fashionpedia,train2020,17494,9271a8d9bcf22325fe112569d4197cb0.jpg,2,2,true,2,train,true
fashionpedia,train2020,17496,2d407c78fee148c45fef8f81b5664306.jpg,2,2,true,1,train,true
fashionpedia,train2020,17507,cc74c8b9cbeab6863d23cf32d2602f85.jpg,2,2,true,1,train,true
fashionpedia,train2020,17513,02e5a34637554d29b9b99c7656a35362.jpg,2,2,true,3,train,true
fashionpedia,train2020,17520,576e136591cc1cf906aa3a922ba273d2.jpg,2,2,true,3,train,true
fashionpedia,train2020,17526,6b08111c2258af53991a6dd7987624aa.jpg,2,2,true,2,train,true
fashionpedia,train2020,17539,11a603cbf1f7ee9b9609826fc373c489.jpg,2,2,true,2,train,true
fashionpedia,train2020,17565,528b6291060f688b2d5601e0bed60830.jpg,2,2,true,1,train,true
fashionpedia,train2020,17569,e35df3262d0c1593f687a3d5bb6b39e2.jpg,2,2,true,3,train,true
fashionpedia,train2020,17572,86ccfc8186c65e08898d447a0d556974.jpg,2,2,true,1,train,true
fashionpedia,train2020,17592,969e54b62c797dfc02b397c72a1499ee.jpg,2,2,true,3,train,true
fashionpedia,train2020,17597,7dccb2948f0176b8d4943bd15bdafb03.jpg,2,2,true,2,train,true
fashionpedia,train2020,17605,e48d2524a2be8c671a0b2ca90a0c45f0.jpg,2,2,true,2,train,true
fashionpedia,train2020,17612,1452d139e18aa754404fa0de395fba90.jpg,2,2,true,2,train,true
fashionpedia,train2020,17626,615c668f5418ef6698b8216391b9c7ee.jpg,2,2,true,2,train,true
fashionpedia,train2020,17628,6b036e3965ede59c266bbc22698c5541.jpg,2,2,true,2,train,true
fashionpedia,train2020,17629,681404bb46925f17caf213ffa01f1b81.jpg,2,2,true,2,train,true
fashionpedia,train2020,17640,fb61901371a86fea58aac2a177837a5b.jpg,2,2,true,2,train,true
fashionpedia,train2020,17641,683cb1e2b42ebd71fc4a13d7a8ae19a9.jpg,2,2,true,2,train,true
fashionpedia,train2020,17642,0c5f8fe77740929771088127edff9926.jpg,2,2,true,3,train,true
fashionpedia,train2020,17654,761fe0a23e77544e97618c5e2b2d7a58.jpg,2,2,true,1,train,true
fashionpedia,train2020,17661,2fbe9fc7133b20781040a10655612951.jpg,2,2,true,1,train,true
fashionpedia,train2020,17670,05746c2a1570627de6d34ca4bc7259cf.jpg,2,2,true,1,train,true
fashionpedia,train2020,17673,a85599c6a4769dfa52ea2a158a250d0b.jpg,2,2,true,1,train,true
fashionpedia,train2020,17674,94a350dd57c1b4e3c8b5396635e1bdcc.jpg,2,2,true,2,train,true
fashionpedia,train2020,17675,8674c026de36e8fabb4b58b58247091b.jpg,2,2,true,1,train,true
fashionpedia,train2020,17679,e712acb6e96d0fb080927da5f17d4b95.jpg,2,2,true,3,train,true
fashionpedia,train2020,17685,b8452afe24a9a9d21d8f8f1f21dc66c3.jpg,2,2,true,3,train,true
fashionpedia,train2020,17697,39e06e9b0a71156f29f11ca861fddd2c.jpg,2,2,true,2,train,true
fashionpedia,train2020,17701,320c110aeffaf4ad173b9ae13b38bb24.jpg,2,2,true,1,train,true
fashionpedia,train2020,17702,2a9ebad34956ebec83905cbba284a6b3.jpg,2,2,true,1,train,true
fashionpedia,train2020,17707,5c65b0b193423df496da3dfb9329fcd8.jpg,2,2,true,3,train,true
fashionpedia,train2020,17719,37749dbe3bc12eefefe988743d93feff.jpg,2,2,true,2,train,true
fashionpedia,train2020,17720,6e82de4ac63a7a643f7b0b34ff311e61.jpg,2,2,true,2,train,true
fashionpedia,train2020,17722,6c5102bb3720babc1d00e18d3c327259.jpg,2,2,true,1,train,true
fashionpedia,train2020,17739,0e161354f14ca7ab2cf521c5970c829d.jpg,2,2,true,1,train,true
fashionpedia,train2020,17741,720a91612658e8d4a5d080b1fe6fd74a.jpg,2,2,true,2,train,true
fashionpedia,train2020,17743,9ae0e62d88f7f420cf797b619b7557cd.jpg,2,2,true,3,train,true
fashionpedia,train2020,17745,d8203504afbd0fb3e3c0263d8dfd9b88.jpg,2,2,true,4,train,true
fashionpedia,train2020,17749,07837a2035b4ebeaa0b198e17e8a2a4d.jpg,2,2,true,1,train,true
fashionpedia,train2020,17752,1ea4b7597a3479a9559888bbdcd428e9.jpg,2,2,true,3,train,true
fashionpedia,train2020,17755,33a9c26e847008cfed37b5de75222a73.jpg,2,2,true,2,train,true
fashionpedia,train2020,17756,191010c235f3e941444da16f0c099132.jpg,2,2,true,1,train,true
fashionpedia,train2020,17761,ba21323fe363100347466f6c49d026f8.jpg,2,2,true,3,train,true
fashionpedia,train2020,17768,667898445750677ff3d58cd9b7444472.jpg,2,2,true,1,train,true
fashionpedia,train2020,17779,cfe31a087e61114e25414dba9618e659.jpg,2,2,true,2,train,true
fashionpedia,train2020,17785,0e63cf7314fcc776aa94dabb143435ce.jpg,2,2,true,2,train,true
fashionpedia,train2020,17794,f6cf9a4bc6f8ad8694103dd8850728f3.jpg,2,2,true,1,train,true
fashionpedia,train2020,17797,12297102305386eeed7575d577b333d0.jpg,2,2,true,4,train,true
fashionpedia,train2020,17809,64c57bf5da47d4565d0ee00532e116ae.jpg,2,2,true,1,train,true
fashionpedia,train2020,17818,85afdf415b68707ad1f875e1e38d8767.jpg,2,2,true,1,train,true
fashionpedia,train2020,17820,87221ecf71752edeacc335ff35ff8d15.jpg,2,2,true,1,train,true
fashionpedia,train2020,17822,9e298e382e063e5b4add7799f535bf6a.jpg,2,2,true,1,train,true
fashionpedia,train2020,17831,d119d5b083966482370348c54d505838.jpg,2,2,true,2,train,true
fashionpedia,train2020,17874,b571c85422d831a407b0d66e3b188562.jpg,2,2,true,1,train,true
fashionpedia,train2020,17884,d03665c460f3105c925a6ed58606ac8d.jpg,2,2,true,1,train,true
fashionpedia,train2020,17898,b62d7df7c5dc23d93efe909960dcde52.jpg,2,2,true,4,train,true
fashionpedia,train2020,17905,a4f5fb64550c38bb60c8f0d5e8d245b1.jpg,2,2,true,2,train,true
fashionpedia,train2020,17911,685c82462984abadfcb3f9bc1549b9e0.jpg,2,2,true,3,train,true
fashionpedia,train2020,17921,781dd3d984842d2f32cca87da8136843.jpg,2,2,true,1,train,true
fashionpedia,train2020,17925,0234ee456f4ad2dfee4538d98a583d20.jpg,2,2,true,2,train,true
fashionpedia,train2020,17928,e7cf59d79e012331055192a3136422fa.jpg,2,2,true,2,train,true
fashionpedia,train2020,17935,049b7601533fcc4268014a03f2049d80.jpg,2,2,true,2,train,true
fashionpedia,train2020,17938,7058cf6083ba8bbff2feff2bbfd85fcb.jpg,2,2,true,3,train,true
fashionpedia,train2020,17952,49ffa91e04473c5da66c90e9de713736.jpg,2,2,true,2,train,true
fashionpedia,train2020,17956,9fe31af86b1691c37cc710ee09b6854d.jpg,2,2,true,2,train,true
fashionpedia,train2020,17963,4c7a923dab0a3237effed0d6b3da4d3d.jpg,2,2,true,1,train,true
fashionpedia,train2020,17965,a0786bd37640c4ddc7f32a9a83481850.jpg,2,2,true,3,train,true
fashionpedia,train2020,17977,e9b23e6e929900bbbbb29be5affa0ae5.jpg,2,2,true,1,train,true
fashionpedia,train2020,17978,939e77f6287d36aad0c6632e87eab490.jpg,2,2,true,2,train,true
fashionpedia,train2020,17989,05a928e5f9c35f068af8366d4dec8ec6.jpg,2,2,true,2,train,true
fashionpedia,train2020,17999,f42cc0d0d083a5de190a0e95dfd2b469.jpg,2,2,true,3,train,true
fashionpedia,train2020,18000,f79993ef98971b2f183641d15f1a18fc.jpg,2,2,true,2,train,true
fashionpedia,train2020,18004,2b0e8dc539fa05f7b3b05ac432f0926b.jpg,2,2,true,1,train,true
fashionpedia,train2020,18009,24326b9427f9777ce18ac74d0d9a939d.jpg,2,2,true,4,train,true
fashionpedia,train2020,18012,4443180d63513c48a2468ed25587556f.jpg,2,2,true,2,train,true
fashionpedia,train2020,18021,bee6816e2cfbc9606b31b27578b8a5f3.jpg,2,2,true,1,train,true
fashionpedia,train2020,18024,2e206e4070dff29f74a1c3cdc82cab10.jpg,2,2,true,3,train,true
fashionpedia,train2020,18026,b0ad00f1c86d1fb91a10a070f347a734.jpg,2,2,true,2,train,true
fashionpedia,train2020,18028,d5658fa60645df2c31003415704d2f6d.jpg,2,2,true,1,train,true
fashionpedia,train2020,18039,18e9832acf855372b3fd9c1587667b4c.jpg,2,2,true,2,train,true
fashionpedia,train2020,18047,460f8507039b49f6bfadaf06d5870f9f.jpg,2,2,true,1,train,true
fashionpedia,train2020,18048,a89d25745ef9d8003f47e185d0dbbf5e.jpg,2,2,true,1,train,true
fashionpedia,train2020,18053,42a4855bdca421b7927cfbe25a00aee3.jpg,2,2,true,1,train,true
fashionpedia,train2020,18054,c7fed89d2ba0a7e82da666483915115c.jpg,2,2,true,2,train,true
fashionpedia,train2020,18056,7e7f9341edefcd4060f8acbb7e7f2183.jpg,2,2,true,1,train,true
fashionpedia,train2020,18062,5ec9258276b0288d5d97a071fb7314c1.jpg,2,2,true,2,train,true
fashionpedia,train2020,18063,aef28c5356eb9b86282bb28af5ba70bf.jpg,2,2,true,2,train,true
fashionpedia,train2020,18068,d75531efcd264bac98dc55d7eb839784.jpg,2,2,true,1,train,true
fashionpedia,train2020,18070,e52a4e21e099502fcddbf651e858f797.jpg,2,2,true,2,train,true
fashionpedia,train2020,18071,5fb55f61b7416a2251ec9ef32baa86f7.jpg,2,2,true,3,train,true
fashionpedia,train2020,18073,d5eae8b21910fc2750c9fa8e40fdc13a.jpg,2,2,true,2,train,true
fashionpedia,train2020,18081,2ecca3bdd9fc48b2310a2c9bbc68a9c7.jpg,2,2,true,1,train,true
fashionpedia,train2020,18101,b53225a951a8a613d553aa3858a16b7e.jpg,2,2,true,1,train,true
fashionpedia,train2020,18112,6a271ed33f6c92c40a1da92df2eb3c35.jpg,2,2,true,1,train,true
fashionpedia,train2020,18118,02abb35004257d0856ceb23a52650ec2.jpg,2,2,true,1,train,true
fashionpedia,train2020,18119,6500b45e78b02d8f4a84dadaf3ab2d4d.jpg,2,2,true,3,train,true
fashionpedia,train2020,18123,8924081f01f0597f0aea006a62272e5e.jpg,2,2,true,1,train,true
fashionpedia,train2020,18131,cfd6be79123183cb4773de6bb2ff9d14.jpg,2,2,true,1,train,true
fashionpedia,train2020,18136,5f556504c1f12b5f9cd2a38f8b7bbd66.jpg,2,2,true,1,train,true
fashionpedia,train2020,18143,a9164e738375bc63b3e24a41704d90f5.jpg,2,2,true,2,train,true
fashionpedia,train2020,18145,ea56257d397ff458bdae309fa5b1f23b.jpg,2,2,true,2,train,true
fashionpedia,train2020,18148,5d632dd6fb31f3d660488dc9bbfe5e1b.jpg,2,2,true,3,train,true
fashionpedia,train2020,18156,b99dd5f52b768bbe1071462edd1e8655.jpg,2,2,true,1,train,true
fashionpedia,train2020,18167,13a145c7ea08193e8dfb7f849182ac23.jpg,2,2,true,2,train,true
fashionpedia,train2020,18176,86ae36bb4739225985e041c7389c871a.jpg,2,2,true,2,train,true
fashionpedia,train2020,18177,0629a8824c58b9d07be4ab3cf144d146.jpg,2,2,true,2,train,true
fashionpedia,train2020,18182,dbd64d4a22c5ea0a5e60db02b6cc72e3.jpg,2,2,true,3,train,true
fashionpedia,train2020,18188,731a2a2d476e4790a69ca2b3e35e8b74.jpg,2,2,true,5,train,true
fashionpedia,train2020,18194,266512b26708822542ab12c31480720e.jpg,2,2,true,1,train,true
fashionpedia,train2020,18196,da9029150a11409ad242251f34a960ae.jpg,2,2,true,2,train,true
fashionpedia,train2020,18199,807b049924ccc9aaf26191c50001f72a.jpg,2,2,true,2,train,true
fashionpedia,train2020,18214,fdfe7ab8edd87763c015dccfb86106e2.jpg,2,2,true,2,train,true
fashionpedia,train2020,18216,a4fea538eebfda574bf1f505dd216bb0.jpg,2,2,true,2,train,true
fashionpedia,train2020,18229,62f3a9b89f909e63e147956bb9c54d1b.jpg,2,2,true,2,train,true
fashionpedia,train2020,18236,52bc7a5f591f755e85a396fc4835cb29.jpg,2,2,true,2,train,true
fashionpedia,train2020,18248,6f1f565580a36763baaa917083c3be41.jpg,2,2,true,2,train,true
fashionpedia,train2020,18252,aa46d1b4d28661bf61f50afe26df7ed3.jpg,2,2,true,1,train,true
fashionpedia,train2020,18254,eeaa866b8633bedc8034bce163670339.jpg,2,2,true,1,train,true
fashionpedia,train2020,18265,2af476eec85fa14a0c25dd6f439d3157.jpg,2,2,true,2,train,true
fashionpedia,train2020,18269,e649c426c07e5efb6a9452e25e64110b.jpg,2,2,true,2,train,true
fashionpedia,train2020,18281,84021330435dfd741736f6ea8a28ea59.jpg,2,2,true,2,train,true
fashionpedia,train2020,18283,0ea51ddbfee88cc11a2b34ab09fe1488.jpg,2,2,true,2,train,true
fashionpedia,train2020,18284,228adea48dda055e39f816bd5f3c1ba2.jpg,2,2,true,1,train,true
fashionpedia,train2020,18288,c9fbbe49951267e50d6e17bd0a561839.jpg,2,2,true,3,train,true
fashionpedia,train2020,18289,610a8d3c896a76eb2fdccfe0dc8510dd.jpg,2,2,true,2,train,true
fashionpedia,train2020,18292,c3cfa49b27cc1c0faa51d18cdcd44fb5.jpg,2,2,true,2,train,true
fashionpedia,train2020,18298,e49695ae7eff7e0e6cb4ea3dbfc97745.jpg,2,2,true,1,train,true
fashionpedia,train2020,18314,f7c5de64fb2d5ed37965dd9a827a85f5.jpg,2,2,true,1,train,true
fashionpedia,train2020,18316,6df6882cdc1df67b43cb53dc9f5c2e45.jpg,2,2,true,3,train,true
fashionpedia,train2020,18321,82c13b08d53ad0131cecb29b474680fa.jpg,2,2,true,3,train,true
fashionpedia,train2020,18324,5bf1474209ddaba63bbc0e43feddc946.jpg,2,2,true,2,train,true
fashionpedia,train2020,18333,349fcc0213e5e442cb8f7ecd9dfcf0e7.jpg,2,2,true,1,train,true
fashionpedia,train2020,18379,1926c3f553866b068907d044906beccb.jpg,2,2,true,2,train,true
fashionpedia,train2020,18384,8629b633cd108010f9e250b804ece2cd.jpg,2,2,true,1,train,true
fashionpedia,train2020,18393,15fe1bafd75f6e3798ace2be0b0b535a.jpg,2,2,true,1,train,true
fashionpedia,train2020,18394,e627cdd00279821ee8392ade480a5087.jpg,2,2,true,3,train,true
fashionpedia,train2020,18396,498afc3508d5630210f7ca9826206c76.jpg,2,2,true,2,train,true
fashionpedia,train2020,18403,b18f16a1eaa097cabcd063fc7e57ff50.jpg,2,2,true,3,train,true
fashionpedia,train2020,18404,60ef701cf3a242dd28fccb5e98a5198a.jpg,2,2,true,1,train,true
fashionpedia,train2020,18413,f2a76680ee4120c91b10e01c4891ab94.jpg,2,2,true,4,train,true
fashionpedia,train2020,18416,bbf01363641139192064a54d44a5f7a5.jpg,2,2,true,1,train,true
fashionpedia,train2020,18421,61199d01cb5264af98f6d4f24e762ae4.jpg,2,2,true,1,train,true
fashionpedia,train2020,18435,0088d8bc8596ac65575d149a3a2bb7dc.jpg,2,2,true,2,train,true
fashionpedia,train2020,18448,f974a1e603700879e59e144e89a73692.jpg,2,2,true,2,train,true
fashionpedia,train2020,18449,409d0263a72abdad2af97d85131f9761.jpg,2,2,true,3,train,true
fashionpedia,train2020,18454,38c5dbc5f25a96e8dd670315f4b53f1d.jpg,2,2,true,1,train,true
fashionpedia,train2020,18471,210a108a52962cbe518cc5ac78e31ae3.jpg,2,2,true,2,train,true
fashionpedia,train2020,18476,822884b58c9f536454c8621502e24fbe.jpg,2,2,true,1,train,true
fashionpedia,train2020,18477,0079b4be69d070def0dfe653ae4b56e2.jpg,2,2,true,1,train,true
fashionpedia,train2020,18478,48a1b3694139e5acd2fb4ef928ba76a6.jpg,2,2,true,1,train,true
fashionpedia,train2020,18496,6ddcdc6082393660563db8abe2517708.jpg,2,2,true,1,train,true
fashionpedia,train2020,18499,b193aaa523b0da19023d43985c5ba157.jpg,2,2,true,2,train,true
fashionpedia,train2020,18503,21c198c4c8bf571c953421f27656fa9c.jpg,2,2,true,1,train,true
fashionpedia,train2020,18504,c3e4822368fbf8ca2f673a8b9b2fad5b.jpg,2,2,true,2,train,true
fashionpedia,train2020,18505,c7ae41c8b3b9b2254e9a0727b9a0c827.jpg,2,2,true,1,train,true
fashionpedia,train2020,18511,78cbc93b14dd71dd3c87eca72b523875.jpg,2,2,true,3,train,true
fashionpedia,train2020,18522,08db2a39ee4e25370fddbed7ce071596.jpg,2,2,true,2,train,true
fashionpedia,train2020,18534,7a141a9263f0d6da1b48855ff258863b.jpg,2,2,true,1,train,true
fashionpedia,train2020,18535,e7b86b6663f64bea492caac15ff3c09a.jpg,2,2,true,2,train,true
fashionpedia,train2020,18537,58e7776d74b8e2bd78604ebe163eb70a.jpg,2,2,true,1,train,true
fashionpedia,train2020,18542,137d104c26ca1216b9f75789c729c29e.jpg,2,2,true,2,train,true
fashionpedia,train2020,18549,7fa5d79ccc66414549fffa18c4f64274.jpg,2,2,true,2,train,true
fashionpedia,train2020,18556,9384a17b60d65df6659b764dedefb3f2.jpg,2,2,true,2,train,true
fashionpedia,train2020,18561,fcfa6554b1ab39dedb278e166c4742fb.jpg,2,2,true,4,train,true
fashionpedia,train2020,18563,04ae41af0c304b68e17685817f59cbbf.jpg,2,2,true,2,train,true
fashionpedia,train2020,18567,ea3d03f03cf7cd409004a3216846afde.jpg,2,2,true,2,train,true
fashionpedia,train2020,18569,0bf6e3f1b43b0ebc8fe25385ef6e0421.jpg,2,2,true,1,train,true
fashionpedia,train2020,18572,b900454d95baac14606b2997ff41203d.jpg,2,2,true,2,train,true
fashionpedia,train2020,18582,cdb4f574dcc01b3f228d7d4355df2bb7.jpg,2,2,true,2,train,true
fashionpedia,train2020,18587,7687ab8dc715995f82d712daebc8a553.jpg,2,2,true,2,train,true
fashionpedia,train2020,18597,48680fd60c5c5b38a4afb9accb8ed3dc.jpg,2,2,true,1,train,true
fashionpedia,train2020,18604,60aa1cc4734027b0fcede3e068bac0f4.jpg,2,2,true,1,train,true
fashionpedia,train2020,18614,bf7c48699c128a15548f9c56e060993a.jpg,2,2,true,2,train,true
fashionpedia,train2020,18624,62d1fd527334d572d64fa10a419b372a.jpg,2,2,true,1,train,true
fashionpedia,train2020,18626,c6212843a2f5cb6ad7ee09a1eff02b6e.jpg,2,2,true,2,train,true
fashionpedia,train2020,18634,75ad120730d3beee1d3d0225558e106f.jpg,2,2,true,2,train,true
fashionpedia,train2020,18641,2121330506d189b737fc4372cb555d66.jpg,2,2,true,2,train,true
fashionpedia,train2020,18643,418f3051c10359c03d3f7ffabe35cb6a.jpg,2,2,true,1,train,true
fashionpedia,train2020,18644,8f1c9889676a552d15039b592dc9a986.jpg,2,2,true,2,train,true
fashionpedia,train2020,18646,40e3481bf0546049d3e4e336643a2dcb.jpg,2,2,true,1,train,true
fashionpedia,train2020,18661,055ae878e59c774c7e0ee5211db51d52.jpg,2,2,true,3,train,true
fashionpedia,train2020,18667,0f1d90f8a44d714d8c644a4514a8ab5f.jpg,2,2,true,3,train,true
fashionpedia,train2020,18671,f2aee430f9be5df240d5bf626a8a0bde.jpg,2,2,true,1,train,true
fashionpedia,train2020,18672,0163795f5a1cb5b5adbd166a084e457a.jpg,2,2,true,1,train,true
fashionpedia,train2020,18673,9de0a89b9afd3964a5e0014c049a1ec2.jpg,2,2,true,3,train,true
fashionpedia,train2020,18676,bb94c93208fa2efe2e243e3a271020ec.jpg,2,2,true,1,train,true
fashionpedia,train2020,18686,ba6aaa0411288b8ae281eef0d18ea92a.jpg,2,2,true,1,train,true
fashionpedia,train2020,18694,80c9593d71e0e8a291a93884a7974ba8.jpg,2,2,true,1,train,true
fashionpedia,train2020,18702,e911e320789708ac554d47406342cfb7.jpg,2,2,true,1,train,true
fashionpedia,train2020,18708,bc54065aae2ef92c2f57a922ade6c7a2.jpg,2,2,true,3,train,true
fashionpedia,train2020,18713,bba92b8aad5b628ae4a6c7c9b00e9c0a.jpg,2,2,true,1,train,true
fashionpedia,train2020,18715,abb1f5e513b1d0b40a4c5fb2a506d1c8.jpg,2,2,true,1,train,true
fashionpedia,train2020,18719,c763ca11a0840cc309a068bdfc0cbaeb.jpg,2,2,true,3,train,true
fashionpedia,train2020,18726,c7c53a7b8901856c9630e4aab911a3c6.jpg,2,2,true,2,train,true
fashionpedia,train2020,18732,418cd78a6d91ac327b2f20f6a17d8dd9.jpg,2,2,true,2,train,true
fashionpedia,train2020,18733,87dffc16272dfd1430f57f8a9d4b9657.jpg,2,2,true,1,train,true
fashionpedia,train2020,18746,1f8405abcce0d329b86e007f7e30e75f.jpg,2,2,true,1,train,true
fashionpedia,train2020,18749,63072f599b5ef93b13f2025702c71a25.jpg,2,2,true,2,train,true
fashionpedia,train2020,18750,b6669b3ba8b6e30d69b2feb809caa32c.jpg,2,2,true,3,train,true
fashionpedia,train2020,18755,265263299dd383a3a4ad2d798d611d1a.jpg,2,2,true,3,train,true
fashionpedia,train2020,18756,830af9443c4cf4ef529b22f7e9427e25.jpg,2,2,true,3,train,true
fashionpedia,train2020,18770,7beb07bb51798579c8c79f46a2dd2757.jpg,2,2,true,2,train,true
fashionpedia,train2020,18774,a5a34293883f56137ac35ec0f7b66d94.jpg,2,2,true,2,train,true
fashionpedia,train2020,18788,6e278f41388f53e58563d5787fc42d2c.jpg,2,2,true,2,train,true
fashionpedia,train2020,18790,fc431123d173170a939a2aa15688bd77.jpg,2,2,true,1,train,true
fashionpedia,train2020,18792,bd17ba6e9208c9d8196130df06b22b9c.jpg,2,2,true,3,train,true
fashionpedia,train2020,18793,9e425399daa9a7284a38a8b6c6268685.jpg,2,2,true,2,train,true
fashionpedia,train2020,18795,a882233b07faace2c4adff8670b9526e.jpg,2,2,true,1,train,true
fashionpedia,train2020,18797,b7df5a99f7c33a974892a6d2fad925cc.jpg,2,2,true,2,train,true
fashionpedia,train2020,18800,721077ef8d04d70e4a3f4f2f7c84d1a6.jpg,2,2,true,1,train,true
fashionpedia,train2020,18814,a6cbe77e2523d7d8c88bfb2d20f7dbec.jpg,2,2,true,2,train,true
fashionpedia,train2020,18817,3d68955dc495c50c8c0e25e87b140585.jpg,2,2,true,2,train,true
fashionpedia,train2020,18842,9348c1a73e6ab100c4c5ceb8188bc8c3.jpg,2,2,true,1,train,true
fashionpedia,train2020,18849,1fd514da2db67c36b37fec9068630737.jpg,2,2,true,3,train,true
fashionpedia,train2020,18851,405f5bff5f73e7bd5a0add6aac7a87e8.jpg,2,2,true,2,train,true
fashionpedia,train2020,18871,a80310d90edc6d53cd12adb3f8dbaf12.jpg,2,2,true,3,train,true
fashionpedia,train2020,18887,3168996719d4402998ae3fd627d490c7.jpg,2,2,true,4,train,true
fashionpedia,train2020,18888,3e8cb6617410c31e4b29fe0372b2e24f.jpg,2,2,true,2,train,true
fashionpedia,train2020,18893,863885e85a1aacdfdc74bdfc03873653.jpg,2,2,true,1,train,true
fashionpedia,train2020,18907,7d4de40b75a34d7c44b9297f34e04a3e.jpg,2,2,true,1,train,true
fashionpedia,train2020,18911,0a9f00d110e15615e6a21b65717e02fe.jpg,2,2,true,2,train,true
fashionpedia,train2020,18914,b8e21a5d00ef3e0c9c56f31afcfc742a.jpg,2,2,true,1,train,true
fashionpedia,train2020,18915,20b8be7aecf95b1e7e5b62cc56ed19f6.jpg,2,2,true,1,train,true
fashionpedia,train2020,18919,914fcb7de1868c2f4131801560058910.jpg,2,2,true,2,train,true
fashionpedia,train2020,18922,f24374e1419a8bf66f360877602db59a.jpg,2,2,true,1,train,true
fashionpedia,train2020,18954,71eb884f1ea8a545de1c7804dd968a54.jpg,2,2,true,1,train,true
fashionpedia,train2020,18957,90ba8e1eda72ce78304f41299822dcef.jpg,2,2,true,1,train,true
fashionpedia,train2020,18961,fcc0159c1034f46971bf6ba240e65328.jpg,2,2,true,1,train,true
fashionpedia,train2020,18962,056dcc4a136f2db5a2d775b66af0ba8f.jpg,2,2,true,1,train,true
fashionpedia,train2020,18966,41d6a16eb07a3d981422a7e6bbbb325e.jpg,2,2,true,3,train,true
fashionpedia,train2020,18971,613da66e89ed032f7590638e7614d252.jpg,2,2,true,1,train,true
fashionpedia,train2020,18976,7f6924ad6958d10a77bdf3b348ad18a0.jpg,2,2,true,4,train,true
fashionpedia,train2020,18994,7e387bdc716e42d90ab1f3bc3b158f7e.jpg,2,2,true,1,train,true
fashionpedia,train2020,19006,b424d922edf51026d86c8cab26061b7d.jpg,2,2,true,1,train,true
fashionpedia,train2020,19010,a5ddad162aa0ff640da4b29fae615817.jpg,2,2,true,1,train,true
fashionpedia,train2020,19031,99a41d5cd5ed80e7c565653c27c260da.jpg,2,2,true,1,train,true
fashionpedia,train2020,19041,f6359a7646af2aa3bef5ab1ff583a674.jpg,2,2,true,2,train,true
fashionpedia,train2020,19053,99a9efd2b99af7a008e8429dd65997e0.jpg,2,2,true,2,train,true
fashionpedia,train2020,19061,8992df204197758b39acaf5f1f8cab99.jpg,2,2,true,1,train,true
fashionpedia,train2020,19069,37adce7622aa5b5305892c11046a23ae.jpg,2,2,true,2,train,true
fashionpedia,train2020,19072,b830fa3d9788c0fb9fa5fabb65ea5467.jpg,2,2,true,2,train,true
fashionpedia,train2020,19082,9f98c5425e9f04d3c7def0bb2af2771d.jpg,2,2,true,2,train,true
fashionpedia,train2020,19084,6b0bd3a8acce12fead1c34905b9080d2.jpg,2,2,true,3,train,true
fashionpedia,train2020,19086,56957c22cfbc7df62afd3119bbe3bc88.jpg,2,2,true,1,train,true
fashionpedia,train2020,19101,4f423230aeee6d70264a5f0eecd2b0c9.jpg,2,2,true,1,train,true
fashionpedia,train2020,19109,33e506747c2347719a8680489da73b45.jpg,2,2,true,2,train,true
fashionpedia,train2020,19110,804cdd1feedb7d7e0ad029f249199836.jpg,2,2,true,1,train,true
fashionpedia,train2020,19117,b5d14f57b5ec163bd3ff8b166905b170.jpg,2,2,true,4,train,true
fashionpedia,train2020,19130,ae1d6dc21afc5ad9185aed1203602ddd.jpg,2,2,true,1,train,true
fashionpedia,train2020,19132,32b164d1ca5aaa46fe711c0afbe33065.jpg,2,2,true,1,train,true
fashionpedia,train2020,19135,390f3a16cddf9271f82a875eaa5f7bc3.jpg,2,2,true,2,train,true
fashionpedia,train2020,19148,7773d1dfa89ae9e47e55cc970d8943bc.jpg,2,2,true,2,train,true
fashionpedia,train2020,19151,e6bf3603640a083662d7a7ff799bf976.jpg,2,2,true,1,train,true
fashionpedia,train2020,19154,dffe4b5d498a0822ab9679201ba63d88.jpg,2,2,true,1,train,true
fashionpedia,train2020,19167,4041a67ee6c0bc8b09515432be188e25.jpg,2,2,true,1,train,true
fashionpedia,train2020,19194,ddf5ec2ff78bda7cc9db5949fc739cfc.jpg,2,2,true,1,train,true
fashionpedia,train2020,19200,031f835c65a068c3f2520d27c84c24a5.jpg,2,2,true,1,train,true
fashionpedia,train2020,19201,3e752b0bdce05f2bae36e566ccdf0b0d.jpg,2,2,true,2,train,true
fashionpedia,train2020,19205,3a18d1b7c033f03f24729209ce6f20c6.jpg,2,2,true,2,train,true
fashionpedia,train2020,19209,8c998508c808dbf2bc29f8a0fe388fa2.jpg,2,2,true,1,train,true
fashionpedia,train2020,19222,7199980c284f38d470def102301387f3.jpg,2,2,true,1,train,true
fashionpedia,train2020,19224,ce20abc095df9a533a4c263b2a490967.jpg,2,2,true,2,train,true
fashionpedia,train2020,19225,316a8bdcc2b2ed3a8ada97425399b440.jpg,2,2,true,1,train,true
fashionpedia,train2020,19239,4bd0f4b6828192661a54abf874daff13.jpg,2,2,true,1,train,true
fashionpedia,train2020,19242,d8d229dbfb04b19180c64ff953611125.jpg,2,2,true,2,train,true
fashionpedia,train2020,19243,88e6ec32b261ff4299cda3e0024b88ef.jpg,2,2,true,3,train,true
fashionpedia,train2020,19245,2b8d0c01b3fecf97af50bd822c3e4267.jpg,2,2,true,2,train,true
fashionpedia,train2020,19249,0692ece69f717ac91db04136eea0807b.jpg,2,2,true,1,train,true
fashionpedia,train2020,19251,515984390a90c8a3b411b7a4fa9f9964.jpg,2,2,true,1,train,true
fashionpedia,train2020,19254,8944459fae5ecd26741aa3390b905581.jpg,2,2,true,1,train,true
fashionpedia,train2020,19256,d348fa5372cd494eeb10dffba3405239.jpg,2,2,true,2,train,true
fashionpedia,train2020,19259,cabef718db63b3689a127d8aef98b45d.jpg,2,2,true,3,train,true
fashionpedia,train2020,19266,ae5f892adaaf33cb77c4b5a5ec8cf3fd.jpg,2,2,true,1,train,true
fashionpedia,train2020,19267,ae6d417ca6df687e7e5a2c8945d8348e.jpg,2,2,true,1,train,true
fashionpedia,train2020,19269,4ab7cd8d88eb2d2eea3f2c7625cc1e31.jpg,2,2,true,3,train,true
fashionpedia,train2020,19276,3872948020085447c2beedb43d989c89.jpg,2,2,true,2,train,true
fashionpedia,train2020,19285,c3c2e7a933070a01664ab30462b4c351.jpg,2,2,true,2,train,true
fashionpedia,train2020,19290,2420a838486811ac3d1a12a94a33be47.jpg,2,2,true,2,train,true
fashionpedia,train2020,19299,f0809c968c34e21b25ef28da489b68fd.jpg,2,2,true,1,train,true
fashionpedia,train2020,19304,844286161a039755ed02bcf4b1545136.jpg,2,2,true,3,train,true
fashionpedia,train2020,19305,1eafaa4c97e510a8c391ab08899b5e5e.jpg,2,2,true,3,train,true
fashionpedia,train2020,19308,4e1f89efeea7348b1e338c632a3e34b0.jpg,2,2,true,1,train,true
fashionpedia,train2020,19320,68b5c367b3083a50eef5d4e4b88ef485.jpg,2,2,true,1,train,true
fashionpedia,train2020,19323,10535a6ebd404d74ada0c32f0ad66fc9.jpg,2,2,true,2,train,true
fashionpedia,train2020,19324,70708ce83d62ca27602fd8b94e6d86ba.jpg,2,2,true,2,train,true
fashionpedia,train2020,19337,40e13ebcfa281567c92fc9842510abea.jpg,2,2,true,3,train,true
fashionpedia,train2020,19339,79d39e67828102cddf1877019af311ba.jpg,2,2,true,2,train,true
fashionpedia,train2020,19342,a18bac2fe49f45b23f0c5709a49a4d8d.jpg,2,2,true,2,train,true
fashionpedia,train2020,19347,c11e4bff5906429dbf6cb647b90ed798.jpg,2,2,true,1,train,true
fashionpedia,train2020,19356,f38e33bcd3b7b191f9db168b79579547.jpg,2,2,true,1,train,true
fashionpedia,train2020,19359,3942354a3dce8b49b6a0b7101dcdb09b.jpg,2,2,true,2,train,true
fashionpedia,train2020,19362,dcd0b4b9f151d6342f7f13d01a204242.jpg,2,2,true,1,train,true
fashionpedia,train2020,19367,eaad56e87e1c42f9b53202c419694abf.jpg,2,2,true,1,train,true
fashionpedia,train2020,19377,268bd1ed7b73d6750f6c9f264242ef4b.jpg,2,2,true,1,train,true
fashionpedia,train2020,19380,57f83ca96bced0408871440f281f3ad2.jpg,2,2,true,1,train,true
fashionpedia,train2020,19381,9c0dface6af739ad8e79cfb124c9c645.jpg,2,2,true,2,train,true
fashionpedia,train2020,19385,4c921bca3d59eff0181c8ec4f537c561.jpg,2,2,true,1,train,true
fashionpedia,train2020,19387,9f4301e41ed06d397c63bb41244ea758.jpg,2,2,true,1,train,true
fashionpedia,train2020,19388,f67d4c2318dfb10031f4d3a40e767467.jpg,2,2,true,1,train,true
fashionpedia,train2020,19408,7af475d15becab2935b92a2c03e92e57.jpg,2,2,true,2,train,true
fashionpedia,train2020,19409,744987cb27668b50a79ac9a06d4f2c55.jpg,2,2,true,1,train,true
fashionpedia,train2020,19420,32192f5b1aa0e71e1b70ec7bc6b0812b.jpg,2,2,true,2,train,true
fashionpedia,train2020,19426,8a63e46207099cfbc45d6db95e810774.jpg,2,2,true,2,train,true
fashionpedia,train2020,19429,9c0a32d380b588df6754dc80df1ed853.jpg,2,2,true,2,train,true
fashionpedia,train2020,19432,a0406c97932cc3cb23c6cefb17750cb3.jpg,2,2,true,1,train,true
fashionpedia,train2020,19443,324ab0502d3e3e9158456e9e1c3152cb.jpg,2,2,true,1,train,true
fashionpedia,train2020,19445,1621c076000150b18c1172ed77741f39.jpg,2,2,true,1,train,true
fashionpedia,train2020,19451,83509399cd99197f112dc397c4bf5a0a.jpg,2,2,true,1,train,true
fashionpedia,train2020,19452,3845c05a1546100316c826bac31f4f42.jpg,2,2,true,1,train,true
fashionpedia,train2020,19456,10a0616d92347da9b82b8b5c7407f515.jpg,2,2,true,2,train,true
fashionpedia,train2020,19460,ca3d24fd0764b4f5dfdcd2199889c665.jpg,2,2,true,2,train,true
fashionpedia,train2020,19468,bc17437d94db3efd3cebd8feaf4ce1f1.jpg,2,2,true,1,train,true
fashionpedia,train2020,19483,595651bd1e7815aee787fb378d2a04e6.jpg,2,2,true,3,train,true
fashionpedia,train2020,19487,243b07abb1ffd79b7afe782b5d4b5fcc.jpg,2,2,true,2,train,true
fashionpedia,train2020,19488,bdc5cc8b0cb5517108b57c6acd03b401.jpg,2,2,true,1,train,true
fashionpedia,train2020,19492,55b96456241983e6b33c4d0c3c143e24.jpg,2,2,true,1,train,true
fashionpedia,train2020,19494,29ebb68851197f1ef4af35812da31254.jpg,2,2,true,2,train,true
fashionpedia,train2020,19514,12befe9e6142edd245e5fd910e2894c0.jpg,2,2,true,3,train,true
fashionpedia,train2020,19524,4302c2e183642d5991293c8ebd7eaeda.jpg,2,2,true,2,train,true
fashionpedia,train2020,19531,80950c7508dc828c68b3c5d771556030.jpg,2,2,true,2,train,true
fashionpedia,train2020,19536,2d5e632f4ac3b5bf6a5c3610e4566c30.jpg,2,2,true,3,train,true
fashionpedia,train2020,19543,49fb4cf87ed31e2d0ac6932716427537.jpg,2,2,true,2,train,true
fashionpedia,train2020,19545,90115ddef1af4b5eab820db8422fe693.jpg,2,2,true,3,train,true
fashionpedia,train2020,19546,c826dc635609682cdc9538499a08bdd4.jpg,2,2,true,3,train,true
fashionpedia,train2020,19561,7b6ff239574b9b3807480f34f9dc2dff.jpg,2,2,true,2,train,true
fashionpedia,train2020,19576,e3783635b133c081417c5a52794bef2b.jpg,2,2,true,2,train,true
fashionpedia,train2020,19586,cfefa75e0d65d9a29e5566588b736ac2.jpg,2,2,true,1,train,true
fashionpedia,train2020,19601,d390baa695d466e576e7329e8c0e3e85.jpg,2,2,true,1,train,true
fashionpedia,train2020,19604,0fa31037b0d01fad5a3f2f97b1b20919.jpg,2,2,true,2,train,true
fashionpedia,train2020,19612,ddf5be0e364eb1450bb54e8af419f314.jpg,2,2,true,3,train,true
fashionpedia,train2020,19615,ee2446c84a60466b0794b793793fb477.jpg,2,2,true,2,train,true
fashionpedia,train2020,19622,e31575c1ae71b096a55ca95eb3766952.jpg,2,2,true,2,train,true
fashionpedia,train2020,19623,38adba0b1cf784c8dcbf8fcedb0490f3.jpg,2,2,true,3,train,true
fashionpedia,train2020,19628,67997cb6dd8fd82e28c69002d8c25cd9.jpg,2,2,true,3,train,true
fashionpedia,train2020,19637,f553a62310ac3d956235a23729b5ce45.jpg,2,2,true,2,train,true
fashionpedia,train2020,19642,472fd41c885693b79ff3b04f703676a1.jpg,2,2,true,2,train,true
fashionpedia,train2020,19650,d6307a0f22e2fece66aa5cf3a3b890fa.jpg,2,2,true,1,train,true
fashionpedia,train2020,19651,38dc76511471cfe27c61d37062fe0c4b.jpg,2,2,true,1,train,true
fashionpedia,train2020,19663,f60a078c2adb5e2ed7984643b1a3d6ad.jpg,2,2,true,2,train,true
fashionpedia,train2020,19675,5f4f63603bebde45331dafda5c34ce71.jpg,2,2,true,2,train,true
fashionpedia,train2020,19680,50d41799a079adeea0536de01abb0dfa.jpg,2,2,true,1,train,true
fashionpedia,train2020,19685,a1ed916a0802f2ab37357c5e55122cad.jpg,2,2,true,3,train,true
fashionpedia,train2020,19709,c5a24da70fb56f69c7ca7c3048236a52.jpg,2,2,true,2,train,true
fashionpedia,train2020,19714,f0911d55606f06b92475507d6472eb75.jpg,2,2,true,1,train,true
fashionpedia,train2020,19715,cd299948376cd880fa5d57449d9832b9.jpg,2,2,true,3,train,true
fashionpedia,train2020,19723,7d18bbd9c93f366f837be69cbafa8b61.jpg,2,2,true,1,train,true
fashionpedia,train2020,19724,925179d0a50e8c8bc52ad6376448907b.jpg,2,2,true,2,train,true
fashionpedia,train2020,19729,e0602694b2abe54e16a1948043498db9.jpg,2,2,true,1,train,true
fashionpedia,train2020,19746,a3b45faa467e1718ce6a9cef22780a26.jpg,2,2,true,2,train,true
fashionpedia,train2020,19747,926c2d9bdcbb986857f1c44a9ec297f8.jpg,2,2,true,2,train,true
fashionpedia,train2020,19755,ae5bc3b40ba09ad00af9a1fe46f9f346.jpg,2,2,true,2,train,true
fashionpedia,train2020,19765,f304a1fa73b958b8bcb6597ed28ea2ef.jpg,2,2,true,3,train,true
fashionpedia,train2020,19773,c7f2d47c0a9e858603dd21650e34f224.jpg,2,2,true,1,train,true
fashionpedia,train2020,19783,9684681e29ce0d37c937e51f85773479.jpg,2,2,true,4,train,true
fashionpedia,train2020,19799,af4d8f395795d5ab45ff98a6f37a12e1.jpg,2,2,true,2,train,true
fashionpedia,train2020,19802,db0caf65ae88ba098150573c419192c3.jpg,2,2,true,1,train,true
fashionpedia,train2020,19805,66ee3ed6b2c526ce3411d0d2151510ca.jpg,2,2,true,1,train,true
fashionpedia,train2020,19813,4353b183d557f7caaae903d26d1066bf.jpg,2,2,true,1,train,true
fashionpedia,train2020,19820,f22e7c7bc77727ac5287e48230d07c27.jpg,2,2,true,2,train,true
fashionpedia,train2020,19822,500f973c204dc5ec94d56a3e5bf76518.jpg,2,2,true,4,train,true
fashionpedia,train2020,19842,8db40b9f0e9834b4f23bdbdb66f25115.jpg,2,2,true,3,train,true
fashionpedia,train2020,19849,d0d80609713e0a25ccefb47eb372401d.jpg,2,2,true,2,train,true
fashionpedia,train2020,19850,fe38a3ab8539bf39c1da418591660b77.jpg,2,2,true,2,train,true
fashionpedia,train2020,19865,fdbc2b4d0c66de1c9805bf766aa1e992.jpg,2,2,true,1,train,true
fashionpedia,train2020,19867,a031a2d715dc839ebbd56d6090bc9f93.jpg,2,2,true,2,train,true
fashionpedia,train2020,19880,83e89721dd3cac8bef3c7a7b17d7a7dc.jpg,2,2,true,2,train,true
fashionpedia,train2020,19891,051304baf10af948afc409fed4e15be3.jpg,2,2,true,2,train,true
fashionpedia,train2020,19897,f2ae67f98b6c143c19eb7619f7962004.jpg,2,2,true,3,train,true
fashionpedia,train2020,19908,05f1fa0979631372ab6f8f5729710e6e.jpg,2,2,true,2,train,true
fashionpedia,train2020,19912,67e805c8555b97f43e5b493c4feb082f.jpg,2,2,true,2,train,true
fashionpedia,train2020,19928,f26d88ffcd70edc8984c024f2de1ca39.jpg,2,2,true,2,train,true
fashionpedia,train2020,19938,6c469f73e5b1cedcde697edbe780cb37.jpg,2,2,true,1,train,true
fashionpedia,train2020,19946,18d365bec876123b9eba47e03e08110d.jpg,2,2,true,1,train,true
fashionpedia,train2020,19947,3086ab57aa51e6cd170a50a52d80fe81.jpg,2,2,true,2,train,true
fashionpedia,train2020,19948,88c060ff022e196161488396a8ce075a.jpg,2,2,true,3,train,true
fashionpedia,train2020,19951,ca8ad27a452a17464f03298ed2bd4378.jpg,2,2,true,3,train,true
fashionpedia,train2020,19965,c22cdc7e0b8d4625d99b8b64835f7e1f.jpg,2,2,true,3,train,true
fashionpedia,train2020,19978,472a7ccef23734581fecf17508557410.jpg,2,2,true,1,train,true
fashionpedia,train2020,20006,bf54ba5f2d8013ec602e60fc5dc4bb4a.jpg,2,2,true,2,train,true
fashionpedia,train2020,20010,af1138887d2e459c2b1a736c95a1e122.jpg,2,2,true,1,train,true
fashionpedia,train2020,20011,16aa321c09958267c792fc88c180b20b.jpg,2,2,true,1,train,true
fashionpedia,train2020,20020,bb021f1890dee0d090ff61e50b418e31.jpg,2,2,true,2,train,true
fashionpedia,train2020,20024,454f48191f556c7f39263992de58e537.jpg,2,2,true,1,train,true
fashionpedia,train2020,20029,6637eb4938271f21663d0fad7b211efb.jpg,2,2,true,2,train,true
fashionpedia,train2020,20031,5f192822abd2481ae489714245e55798.jpg,2,2,true,2,train,true
fashionpedia,train2020,20046,24367c95288a4661f72ebb89144ffd80.jpg,2,2,true,2,train,true
fashionpedia,train2020,20059,f00063729f8a344cf7d8ce9c545d7bea.jpg,2,2,true,1,train,true
fashionpedia,train2020,20060,fe18d4611d3273552b66b92f3912fffe.jpg,2,2,true,2,train,true
fashionpedia,train2020,20090,213c755978246c2e9ea3fac8af5a04ad.jpg,2,2,true,2,train,true
fashionpedia,train2020,20097,872b107bf4b36df374e1c8f04ed0722f.jpg,2,2,true,1,train,true
fashionpedia,train2020,20110,a14567a3ada895edcb3f26c5d9556459.jpg,2,2,true,2,train,true
fashionpedia,train2020,20122,0631144d96989b2ba75266e139d16aae.jpg,2,2,true,3,train,true
fashionpedia,train2020,20123,0a24da1402ac61e0ddbdbaadd0030c4f.jpg,2,2,true,2,train,true
fashionpedia,train2020,20124,132957c18ca698810c34648fc99c6986.jpg,2,2,true,1,train,true
fashionpedia,train2020,20132,3a5d3be2b7da57a058beba945557ac7a.jpg,2,2,true,1,train,true
fashionpedia,train2020,20136,3ed1f46742a4b60adff02362636c6c77.jpg,2,2,true,3,train,true
fashionpedia,train2020,20137,6cfac4401be2792f3ba9c357e602d890.jpg,2,2,true,2,train,true
fashionpedia,train2020,20138,47ebda43430c06b9760b27e85c018e35.jpg,2,2,true,1,train,true
fashionpedia,train2020,20142,5cde8b3ab8fe32e83a9108e4403a557c.jpg,2,2,true,2,train,true
fashionpedia,train2020,20157,cae2d9be30879b41f9e6dbeb7776e913.jpg,2,2,true,1,train,true
fashionpedia,train2020,20166,ad427731563febb1a95745b7cd8690ca.jpg,2,2,true,1,train,true
fashionpedia,train2020,20171,d115a9349cd5e7c207aa7b4ae47ea1af.jpg,2,2,true,2,train,true
fashionpedia,train2020,20174,b37fc0ce2f16fd114e98bcd9ad0b6691.jpg,2,2,true,2,train,true
fashionpedia,train2020,20188,f2c7e21bc7f68f7452a905de3936d8fe.jpg,2,2,true,1,train,true
fashionpedia,train2020,20191,7942d48ebe665b0d8a0e715446c11993.jpg,2,2,true,3,train,true
fashionpedia,train2020,20192,04013fdcf5c4cf9ad07657f9e03650c0.jpg,2,2,true,3,train,true
fashionpedia,train2020,20194,6e9e92a86062d0ab323a73a1e5f3f453.jpg,2,2,true,4,train,true
fashionpedia,train2020,20196,86307f40aa91fc4280e9401f7e8795a9.jpg,2,2,true,1,train,true
fashionpedia,train2020,20205,5aecf574e8093bc17719d4aa6eaa36ee.jpg,2,2,true,1,train,true
fashionpedia,train2020,20206,cf8a2e870bd48867ea9a33d8e34981b2.jpg,2,2,true,2,train,true
fashionpedia,train2020,20208,4ef46d6552f33483ec35dbd8b0e8fafc.jpg,2,2,true,1,train,true
fashionpedia,train2020,20215,7b33e5b74cfd66edc4435d9499634247.jpg,2,2,true,4,train,true
fashionpedia,train2020,20222,5e01db05a4e8ba5cad64a8c44c382157.jpg,2,2,true,2,train,true
fashionpedia,train2020,20240,13b1a95cfb44b4808d1538d794dcfb9c.jpg,2,2,true,2,train,true
fashionpedia,train2020,20249,13231627b32af426ddc8d914f01ef55e.jpg,2,2,true,1,train,true
fashionpedia,train2020,20254,ffe4f3ce004fdd1e691f48d6281211a2.jpg,2,2,true,3,train,true
fashionpedia,train2020,20260,9414f4f855779b94755eba415eea4224.jpg,2,2,true,1,train,true
fashionpedia,train2020,20276,36cedeea7ef1f80c968ea44af7be5264.jpg,2,2,true,3,train,true
fashionpedia,train2020,20288,0707c6582307577e9161fd5379441dbc.jpg,2,2,true,1,train,true
fashionpedia,train2020,20299,3af06464d97fcca65c8267088046349c.jpg,2,2,true,1,train,true
fashionpedia,train2020,20301,38f19045a679a792a2283203e1495d08.jpg,2,2,true,1,train,true
fashionpedia,train2020,20304,16044c8696fe99e5af4a44d943687a28.jpg,2,2,true,2,train,true
fashionpedia,train2020,20306,1f826649bf6b210907dc736f21f51b0f.jpg,2,2,true,2,train,true
fashionpedia,train2020,20317,de42c0ae369944922b0552b15315a474.jpg,2,2,true,2,train,true
fashionpedia,train2020,20337,6af201baeae908d2972f7cc129336fad.jpg,2,2,true,2,train,true
fashionpedia,train2020,20344,3cfe6d850d9686b3b0fbde73190e7462.jpg,2,2,true,2,train,true
fashionpedia,train2020,20347,3d3863d45b1e7d8859e34c907f113d8c.jpg,2,2,true,1,train,true
fashionpedia,train2020,20367,679975c2b6c310d0bb9d857ae1726317.jpg,2,2,true,1,train,true
fashionpedia,train2020,20369,b21e27354ffa3151990051ba5dd907d9.jpg,2,2,true,1,train,true
fashionpedia,train2020,20373,6bc4a2e0de11b3f1fe72195e35a98c2d.jpg,2,2,true,1,train,true
fashionpedia,train2020,20378,93becb06e3394c66e6888fb5a09a10b8.jpg,2,2,true,2,train,true
fashionpedia,train2020,20380,bf6492593d7380cb896591bac6ae3b64.jpg,2,2,true,2,train,true
fashionpedia,train2020,20393,873387d7537ee51718382e02d67e6959.jpg,2,2,true,1,train,true
fashionpedia,train2020,20396,d28120c3a86a4253b20f8875811a542d.jpg,2,2,true,3,train,true
fashionpedia,train2020,20411,636bace5976686c953c8338c08252693.jpg,2,2,true,2,train,true
fashionpedia,train2020,20423,ebce7226787f84efa998c37cb6329392.jpg,2,2,true,1,train,true
fashionpedia,train2020,20440,125501e10969c9dfba79d0e4c536695d.jpg,2,2,true,1,train,true
fashionpedia,train2020,20446,59ce52950b5140eda1f315a08405c4ae.jpg,2,2,true,1,train,true
fashionpedia,train2020,20454,65b86c5dd21d1b6605dd894d6bef8bfa.jpg,2,2,true,2,train,true
fashionpedia,train2020,20466,6f5d89747733db823258503940645644.jpg,2,2,true,1,train,true
fashionpedia,train2020,20469,a74b7db7bea0b072f470041afdc8d3ca.jpg,2,2,true,2,train,true
fashionpedia,train2020,20471,b9b304a516c482b9037c894d063f1623.jpg,2,2,true,1,train,true
fashionpedia,train2020,20481,42e4153b7615e70bb81eef87ba96e892.jpg,2,2,true,2,train,true
fashionpedia,train2020,20483,0ccefbbdbda172aa85b8e6600b5d724a.jpg,2,2,true,1,train,true
fashionpedia,train2020,20488,991ac50b1dbd14e8e8a5897a7ec200d4.jpg,2,2,true,2,train,true
fashionpedia,train2020,20491,6bcaa09bdfaefde9e1eacb2096290ea6.jpg,2,2,true,1,train,true
fashionpedia,train2020,20493,b865570c8f49f322773d11465dae0feb.jpg,2,2,true,2,train,true
fashionpedia,train2020,20498,e3915a750cbd1bc6f2114d08c7aebbc2.jpg,2,2,true,1,train,true
fashionpedia,train2020,20504,4e7e41ad722004e6989b14963e599682.jpg,2,2,true,3,train,true
fashionpedia,train2020,20510,b1495d3f17906800ed287902ef3dcf2a.jpg,2,2,true,2,train,true
fashionpedia,train2020,20514,bbae51b2742a53728246abcdee54c26b.jpg,2,2,true,1,train,true
fashionpedia,train2020,20518,82432d9094f0630008e45a2b6de5df9a.jpg,2,2,true,1,train,true
fashionpedia,train2020,20533,d9d2b5a1028d7a74d0c6b202a97ee306.jpg,2,2,true,1,train,true
fashionpedia,train2020,20535,875d070088e06d96eac8d7f34aa5c0f3.jpg,2,2,true,3,train,true
fashionpedia,train2020,20546,30805040461cafe97583e17aca9949bc.jpg,2,2,true,1,train,true
fashionpedia,train2020,20548,928547c1873e287a7b31ba149e3cccac.jpg,2,2,true,2,train,true
fashionpedia,train2020,20549,6a71e82ddf6df3621931077c6051fa4e.jpg,2,2,true,2,train,true
fashionpedia,train2020,20551,43a1c4e1469a84f3d6601dc6bd0fd9b5.jpg,2,2,true,2,train,true
fashionpedia,train2020,20555,95c81747b6c892260b486a447a960c06.jpg,2,2,true,2,train,true
fashionpedia,train2020,20557,bf12266ac2fb3e811b309de06c559b54.jpg,2,2,true,3,train,true
fashionpedia,train2020,20560,6e775795c2f89bc5fa28653b6f879957.jpg,2,2,true,2,train,true
fashionpedia,train2020,20566,bcdcd67aaada915760c3fa4e841ee506.jpg,2,2,true,1,train,true
fashionpedia,train2020,20573,f4b663d81aa1c0672d8769142b932221.jpg,2,2,true,2,train,true
fashionpedia,train2020,20594,d56dd26b88f56a8bb6a5011454b7869b.jpg,2,2,true,3,train,true
fashionpedia,train2020,20598,e36fe0defff2d582746d893063e62e7b.jpg,2,2,true,2,train,true
fashionpedia,train2020,20602,77da96205e2a5d63dbe8e7a9b22dc2cd.jpg,2,2,true,2,train,true
fashionpedia,train2020,20604,fd9a02d27ca93b5f5da82ff1b987c898.jpg,2,2,true,1,train,true
fashionpedia,train2020,20607,782c726ca40b6a9149729ce627a6dc82.jpg,2,2,true,3,train,true
fashionpedia,train2020,20615,224ac87b32f5dbe706f89306e9c70a1f.jpg,2,2,true,1,train,true
fashionpedia,train2020,20620,1175c509cca694368681c8b0a48920e6.jpg,2,2,true,1,train,true
fashionpedia,train2020,20633,02143f0df9dc292482d2c1f6089f6e2c.jpg,2,2,true,2,train,true
fashionpedia,train2020,20640,8b2d59fd3b547f581b3d7297d423c4e1.jpg,2,2,true,3,train,true
fashionpedia,train2020,20644,c5f75cc30aff09c181dac518204d526c.jpg,2,2,true,2,train,true
fashionpedia,train2020,20649,7b78a9db94f746aec8926a5aaf7d54fb.jpg,2,2,true,3,train,true
fashionpedia,train2020,20664,7aed8dba119f6ffdadcad7d2991b3bae.jpg,2,2,true,1,train,true
fashionpedia,train2020,20666,a4a852de337ad8346aae4da042a60a38.jpg,2,2,true,3,train,true
fashionpedia,train2020,20669,e63bd338201e5b1e5ab94225a8999e5b.jpg,2,2,true,2,train,true
fashionpedia,train2020,20671,07bd32aaa30ae87f3477d92a02757101.jpg,2,2,true,2,train,true
fashionpedia,train2020,20676,8f9d77dc5131ca1aaf4f6dd7a0d58d21.jpg,2,2,true,3,train,true
fashionpedia,train2020,20677,90d0704db68cc5b80d91a21dad37c18b.jpg,2,2,true,2,train,true
fashionpedia,train2020,20680,47c58ca85218ddcc2db3e4f4000bddd3.jpg,2,2,true,3,train,true
fashionpedia,train2020,20685,7953de48813d39b10f1ef7b8fca57cb8.jpg,2,2,true,2,train,true
fashionpedia,train2020,20706,6071de9904b601b4a58179326f0864c8.jpg,2,2,true,1,train,true
fashionpedia,train2020,20713,34084aecf9e252e2153d176ed192aa07.jpg,2,2,true,1,train,true
fashionpedia,train2020,20715,00ed8bb8edce60d4b3c8fbf6f82dfc66.jpg,2,2,true,3,train,true
fashionpedia,train2020,20716,aa762308db1bfb92b3e3ba24348c0d42.jpg,2,2,true,1,train,true
fashionpedia,train2020,20720,fb3db58f853e6e8c38fb1ccbc707c369.jpg,2,2,true,1,train,true
fashionpedia,train2020,20730,41d836d9989cfcd7c7b9e71350e84fbf.jpg,2,2,true,2,train,true
fashionpedia,train2020,20745,a8297f7cd02d895d1b7fa106a3306b63.jpg,2,2,true,3,train,true
fashionpedia,train2020,20756,6b3fcc08f5b624467eb4071bbbb619c1.jpg,2,2,true,2,train,true
fashionpedia,train2020,20762,dceca7a72d35f67c1820fc0ab7a025b9.jpg,2,2,true,1,train,true
fashionpedia,train2020,20763,a5345a6a0cad0deb72200906825ca39d.jpg,2,2,true,1,train,true
fashionpedia,train2020,20764,974db3d4c1cf6cf149f8c3f89ca1809f.jpg,2,2,true,2,train,true
fashionpedia,train2020,20770,8d0c6b3a726a4228ac687a7bd9be6131.jpg,2,2,true,2,train,true
fashionpedia,train2020,20777,3fbd8f68205bcb20e170a774f732ef83.jpg,2,2,true,2,train,true
fashionpedia,train2020,20779,6fb4f10d1f8061ef4f4d383e535bebc7.jpg,2,2,true,2,train,true
fashionpedia,train2020,20780,76f3174a9cd2f5f25f0b2aaaed587924.jpg,2,2,true,3,train,true
fashionpedia,train2020,20788,e52d82933a3b7f6ffda429e0089e08bd.jpg,2,2,true,1,train,true
fashionpedia,train2020,20803,bf2c45bdf90cf31c140b48e5214e7280.jpg,2,2,true,2,train,true
fashionpedia,train2020,20821,a120fc6c71fbc772b2126f46c0dfdfac.jpg,2,2,true,1,train,true
fashionpedia,train2020,20831,35f5052685e2791ac403265231fab5c7.jpg,2,2,true,2,train,true
fashionpedia,train2020,20840,3c8b43ed0e4886c0a2738c39f0544b1c.jpg,2,2,true,4,train,true
fashionpedia,train2020,20859,f9c73ae68870ac538b9002beebd640ca.jpg,2,2,true,2,train,true
fashionpedia,train2020,20860,ef79b466b2a7805517aadf551d1051e8.jpg,2,2,true,3,train,true
fashionpedia,train2020,20871,0ce032f15fb1cad52a74e003845012d7.jpg,2,2,true,3,train,true
fashionpedia,train2020,20894,d1f06b8b4006cacc6e36bc67716cf57c.jpg,2,2,true,1,train,true
fashionpedia,train2020,20904,8bcd6d5b63fd53eb31bfaa001b3c0e13.jpg,2,2,true,4,train,true
fashionpedia,train2020,20909,d72bf73a022c837b3173fcb63b944c11.jpg,2,2,true,1,train,true
fashionpedia,train2020,20915,8abbfddd515156673e43b462fc82063f.jpg,2,2,true,2,train,true
fashionpedia,train2020,20916,fee35bc1ae80841d1c6f78123f909152.jpg,2,2,true,1,train,true
fashionpedia,train2020,20935,b385b1aee1bcb12efe07c5beee416be0.jpg,2,2,true,3,train,true
fashionpedia,train2020,20939,d5f986250779f3cb54aff4e66f07df3d.jpg,2,2,true,3,train,true
fashionpedia,train2020,20952,ad06f41aca47fbe0b3f6db61de86667e.jpg,2,2,true,1,train,true
fashionpedia,train2020,20966,2fb91f9419fc1f4f0e740f21ef0a7f83.jpg,2,2,true,1,train,true
fashionpedia,train2020,20976,3507ccd6ba707dac47fb3f23d8d3fece.jpg,2,2,true,3,train,true
fashionpedia,train2020,20979,6345bdb02b2d6aea818c258f569a3035.jpg,2,2,true,2,train,true
fashionpedia,train2020,20980,4cbac5ae007492dcc75f672c632ba2b4.jpg,2,2,true,2,train,true
fashionpedia,train2020,20983,dbce9140ae8459118d4cd1347e9bcf63.jpg,2,2,true,2,train,true
fashionpedia,train2020,20986,4fbdefb8a7d807b0ad0047c823c0a295.jpg,2,2,true,2,train,true
fashionpedia,train2020,20991,03c200ace12c430237613e4ccbf876e5.jpg,2,2,true,2,train,true
fashionpedia,train2020,20999,be3258a6fe1d771233b177783895a49c.jpg,2,2,true,2,train,true
fashionpedia,train2020,21003,7030538dd6e7886baed76f67a8d1b855.jpg,2,2,true,3,train,true
fashionpedia,train2020,21005,e3d7c43039e2b89ee92fa6ae11af2896.jpg,2,2,true,1,train,true
fashionpedia,train2020,21023,7bcb06785fef45032d5a3443c67e83fc.jpg,2,2,true,1,train,true
fashionpedia,train2020,21025,72d90108932db382d7849f88d72bcaf7.jpg,2,2,true,2,train,true
fashionpedia,train2020,21027,3fa1bc15d7ab884c602d19cd77e8f67a.jpg,2,2,true,1,train,true
fashionpedia,train2020,21031,9ac039eff5ee8b16a9e884bf071fdb5f.jpg,2,2,true,2,train,true
fashionpedia,train2020,21039,074d2bba738c93bd3d48a8a42b42635b.jpg,2,2,true,2,train,true
fashionpedia,train2020,21041,7e793193d347e268743b0240e95582b7.jpg,2,2,true,1,train,true
fashionpedia,train2020,21050,08f777fb1d3af2ca834022f42a3d9b6f.jpg,2,2,true,1,train,true
fashionpedia,train2020,21057,22eeb2818928b9ce19b760c69d9499f1.jpg,2,2,true,3,train,true
fashionpedia,train2020,21058,3957dba848ee166d8181ac5cccff3984.jpg,2,2,true,1,train,true
fashionpedia,train2020,21062,8d0b48e5621187a0be3c794226167bb3.jpg,2,2,true,2,train,true
fashionpedia,train2020,21065,c3ab083a29cb824630f49a409199f3d6.jpg,2,2,true,1,train,true
fashionpedia,train2020,21066,ccb1d4fc379cab8e28525c809de58a9d.jpg,2,2,true,1,train,true
fashionpedia,train2020,21070,322004582bd811591b36f10c890debc8.jpg,2,2,true,2,train,true
fashionpedia,train2020,21072,7d9ca4d503d351054dce76f973cc99f4.jpg,2,2,true,2,train,true
fashionpedia,train2020,21092,0f38ce55c9db1e1dac6e10ec3c5a73cc.jpg,2,2,true,2,train,true
fashionpedia,train2020,21109,4a3a90842da76940efba9d2893535ceb.jpg,2,2,true,3,train,true
fashionpedia,train2020,21112,5e4c70a6cee24240d882e94228fb2585.jpg,2,2,true,2,train,true
fashionpedia,train2020,21117,6cfb99e530fe1a3eaec650c808cf65b1.jpg,2,2,true,1,train,true
fashionpedia,train2020,21124,4ecfbab1c42b91a762e5510f0fab12ac.jpg,2,2,true,1,train,true
fashionpedia,train2020,21132,4c4ce475d6ee11d4d571a78dc444d623.jpg,2,2,true,2,train,true
fashionpedia,train2020,21137,a3409c41b401fe07dee8e3d71651246b.jpg,2,2,true,1,train,true
fashionpedia,train2020,21140,64237d75b8709a0558c963cba5b1925a.jpg,2,2,true,2,train,true
fashionpedia,train2020,21141,c275191a5deddcb41413e42bd7338ac0.jpg,2,2,true,4,train,true
fashionpedia,train2020,21146,4e176be7292ec69766ad8eab093e10f6.jpg,2,2,true,2,train,true
fashionpedia,train2020,21152,27f6ef8d0b60bd4279e47b6614fb8543.jpg,2,2,true,4,train,true
fashionpedia,train2020,21153,c4b281ed3822ab302e0c7b30e3e36cc0.jpg,2,2,true,3,train,true
fashionpedia,train2020,21162,03c27c47179ccf0073230f6461a50696.jpg,2,2,true,2,train,true
fashionpedia,train2020,21181,f62cbdcc69d6b575ef40219d73d6c4bd.jpg,2,2,true,2,train,true
fashionpedia,train2020,21185,0e1b21eae46e468ccb7962c9c4d1065f.jpg,2,2,true,1,train,true
fashionpedia,train2020,21186,c3eb06813ee4720888180b95fa0da862.jpg,2,2,true,2,train,true
fashionpedia,train2020,21188,3c77eaa46cff7122bf313e81e015f5d1.jpg,2,2,true,3,train,true
fashionpedia,train2020,21192,b63620fb08385f05626a86c8f4b552f3.jpg,2,2,true,2,train,true
fashionpedia,train2020,21196,08e1ad09d4dcbf760612867cea4e0560.jpg,2,2,true,2,train,true
fashionpedia,train2020,21201,9340fab1df2ce4d6aff88eef808af0d9.jpg,2,2,true,2,train,true
fashionpedia,train2020,21217,fe0bdb181e8fe64f6f37a6b80a8595ea.jpg,2,2,true,3,train,true
fashionpedia,train2020,21218,34e10e39c91a638dbaebe01ea8bc3243.jpg,2,2,true,3,train,true
fashionpedia,train2020,21221,2ceb0cf923954f7e5a40ff6292b77762.jpg,2,2,true,2,train,true
fashionpedia,train2020,21224,8f7f9a11392d85b3de50370fbdf16751.jpg,2,2,true,2,train,true
fashionpedia,train2020,21232,c204ca11e376db2287981ec69c5818d4.jpg,2,2,true,1,train,true
fashionpedia,train2020,21239,24293be7f25bb0c53363cb0f51e6a4c5.jpg,2,2,true,3,train,true
fashionpedia,train2020,21252,af2bffd5ce2402f83592229b732bd20c.jpg,2,2,true,2,train,true
fashionpedia,train2020,21258,531f8c88fc434ce064cb7a60fe1cd347.jpg,2,2,true,1,train,true
fashionpedia,train2020,21260,99a75bcec83a5b50571aea26683f4dc9.jpg,2,2,true,3,train,true
fashionpedia,train2020,21263,2c7e019efd723c3c6a2ab0cd4cb9bfee.jpg,2,2,true,2,train,true
fashionpedia,train2020,21264,a1dbc3cef78218105f93a4555981985b.jpg,2,2,true,2,train,true
fashionpedia,train2020,21279,5e29aa0203f3abde740b038cdf6bd52b.jpg,2,2,true,4,train,true
fashionpedia,train2020,21280,006588bfc246a67c7d3afdf5201a26d2.jpg,2,2,true,1,train,true
fashionpedia,train2020,21281,50976504c07c6d1bcd0715295951b094.jpg,2,2,true,2,train,true
fashionpedia,train2020,21282,2590f7725135a06c1daaab348ad7c150.jpg,2,2,true,2,train,true
fashionpedia,train2020,21294,6ebb24f2df3a25635569d15526fb7d29.jpg,2,2,true,2,train,true
fashionpedia,train2020,21301,26edf9a8204315ed425c0424ba406f37.jpg,2,2,true,2,train,true
fashionpedia,train2020,21303,13d84684c14c9353bf0285d3a2a1cf53.jpg,2,2,true,3,train,true
fashionpedia,train2020,21305,8edb6f055628338ac9cce5b9d4cdd217.jpg,2,2,true,2,train,true
fashionpedia,train2020,21316,bea2f347b6c03d5ce428645941449e51.jpg,2,2,true,3,train,true
fashionpedia,train2020,21320,c0799800f02d711583b3cc56457db953.jpg,2,2,true,1,train,true
fashionpedia,train2020,21324,a8315eeba3f9ff9ca2fe563b432dd34c.jpg,2,2,true,2,train,true
fashionpedia,train2020,21326,1bee8d9eea0e16d81fc1ae765b3131b9.jpg,2,2,true,1,train,true
fashionpedia,train2020,21327,6b43f10238107007517a9c933b7b993d.jpg,2,2,true,3,train,true
fashionpedia,train2020,21328,834cd0aab8c9a7702c9f9027bf7ca34b.jpg,2,2,true,2,train,true
fashionpedia,train2020,21336,0040ad3ac8fdb92067d063a93d9b8d3a.jpg,2,2,true,2,train,true
fashionpedia,train2020,21344,2183b638a5c91b4fd2399568218ae1cf.jpg,2,2,true,2,train,true
fashionpedia,train2020,21349,49c99ccd56b4cda49ee20ef9478634b5.jpg,2,2,true,2,train,true
fashionpedia,train2020,21372,2d2a6ead3ca90ecb0659be51fee8bc07.jpg,2,2,true,1,train,true
fashionpedia,train2020,21374,ee137a602993cc4bfdeb851cf46ad878.jpg,2,2,true,2,train,true
fashionpedia,train2020,21379,b4d0fef30643a19ddad441cade5939cb.jpg,2,2,true,1,train,true
fashionpedia,train2020,21386,ce2c9a01e304eaa50b740b361a44f877.jpg,2,2,true,3,train,true
fashionpedia,train2020,21398,41316e44d83ed52b8756f898a9f0ac5e.jpg,2,2,true,3,train,true
fashionpedia,train2020,21399,9534a8b0d8175dc399fb7347bad07edb.jpg,2,2,true,2,train,true
fashionpedia,train2020,21402,ed6a9cf3aa64a1d13b91e0b75d82638f.jpg,2,2,true,2,train,true
fashionpedia,train2020,21403,c415c6a614bbc43cf11cc67844acd80a.jpg,2,2,true,2,train,true
fashionpedia,train2020,21404,7cb4437de44ecfd7a08d58aa9abb897b.jpg,2,2,true,3,train,true
fashionpedia,train2020,21412,6d3de2da5312c865f8f2c8ca614d8a55.jpg,2,2,true,3,train,true
fashionpedia,train2020,21413,2ada34592d11ee3fc8195d70182697b2.jpg,2,2,true,4,train,true
fashionpedia,train2020,21421,f9977839bd35cb3df3b81707e8248bf5.jpg,2,2,true,3,train,true
fashionpedia,train2020,21425,7e32a9f48a2260a0cac5f4591cb05b47.jpg,2,2,true,3,train,true
fashionpedia,train2020,21438,0f51e0fa0b81d9b243b25dbb231c25b4.jpg,2,2,true,2,train,true
fashionpedia,train2020,21445,c455080a9bfd4ced420683fb74828a9c.jpg,2,2,true,2,train,true
fashionpedia,train2020,21447,6b109b311b72634f939ebd8632a88672.jpg,2,2,true,1,train,true
fashionpedia,train2020,21450,8762411c088f5d67ad5224107c01250d.jpg,2,2,true,1,train,true
fashionpedia,train2020,21453,fcd4b2048d2013527ee98c89d118154b.jpg,2,2,true,3,train,true
fashionpedia,train2020,21464,0dc858d70cada7aa76cdf8660a82444c.jpg,2,2,true,4,train,true
fashionpedia,train2020,21466,c957eaaad74fc9152394786788967ec0.jpg,2,2,true,1,train,true
fashionpedia,train2020,21467,28d4827203f7962eba3ad140b6f6192a.jpg,2,2,true,1,train,true
fashionpedia,train2020,21476,f3e131a0308d5fd01ea20672ad31661e.jpg,2,2,true,2,train,true
fashionpedia,train2020,21477,859c7161dfe27fb4d1b383790271c657.jpg,2,2,true,2,train,true
fashionpedia,train2020,21480,b349ba8a0c2189050435e430a407ea90.jpg,2,2,true,2,train,true
fashionpedia,train2020,21487,4cd289cd851c3e34b3777a65a0eb624c.jpg,2,2,true,2,train,true
fashionpedia,train2020,21495,aa9a9ccfa7682b4e9afe5434092bc463.jpg,2,2,true,2,train,true
fashionpedia,train2020,21501,79d7daba8b524493ae802e3be77d8b0a.jpg,2,2,true,2,train,true
fashionpedia,train2020,21512,852ff5cbf6fcef4b244ff66104ae27b3.jpg,2,2,true,2,train,true
fashionpedia,train2020,21521,f571f64f5f6005cdf4e017ec6ce46192.jpg,2,2,true,3,train,true
fashionpedia,train2020,21526,29284ffaad4691d9053c9b5235a5d382.jpg,2,2,true,2,train,true
fashionpedia,train2020,21537,ef55f32bad4cc13f7aee4ad065650bb9.jpg,2,2,true,2,train,true
fashionpedia,train2020,21538,c00c8cdc4674ba28121fb691d818b2ba.jpg,2,2,true,3,train,true
fashionpedia,train2020,21540,958f138b9a3197e6272682ad8ac25ad2.jpg,2,2,true,1,train,true
fashionpedia,train2020,21544,740afa02d7396f239e42ba81b2f00b3d.jpg,2,2,true,2,train,true
fashionpedia,train2020,21564,9707606fba49de3b526bb4e2e02dbf2b.jpg,2,2,true,3,train,true
fashionpedia,train2020,21568,02aa4b46ee9084230858d5a987df5de1.jpg,2,2,true,1,train,true
fashionpedia,train2020,21570,16c1362a2cbb81d6aab3d1ef981d5b8b.jpg,2,2,true,1,train,true
fashionpedia,train2020,21573,e5e272096854ed254886d6f5aaf8ffd5.jpg,2,2,true,2,train,true
fashionpedia,train2020,21575,2be2c99003796ff9d8c9cc41f6a11929.jpg,2,2,true,2,train,true
fashionpedia,train2020,21593,04b0faafa2fd74464608562d7e1fca95.jpg,2,2,true,1,train,true
fashionpedia,train2020,21594,1133d37bd17abf74ec82093f8e1e6d5b.jpg,2,2,true,2,train,true
fashionpedia,train2020,21601,8acf9b50ace6e607d052b18cf626c0ad.jpg,2,2,true,2,train,true
fashionpedia,train2020,21603,2477c14396322960283eac847cd1de93.jpg,2,2,true,1,train,true
fashionpedia,train2020,21604,fc2dbfdd6a66de14c41bd23345d172ff.jpg,2,2,true,2,train,true
fashionpedia,train2020,21610,4eafa650c2f88c6457df7d64abfb3594.jpg,2,2,true,1,train,true
fashionpedia,train2020,21613,0ea47fe627541a70185bef9988ff5624.jpg,2,2,true,2,train,true
fashionpedia,train2020,21622,2cb153425688011287028dad5e3ec562.jpg,2,2,true,3,train,true
fashionpedia,train2020,21625,dd16ebad3d36b36f4275aa8ccffc6534.jpg,2,2,true,2,train,true
fashionpedia,train2020,21627,82e4d94bea1da98ffd8a8d652add55a2.jpg,2,2,true,3,train,true
fashionpedia,train2020,21634,7ee43ee4eeb97c80b0bee91b879e36de.jpg,2,2,true,1,train,true
fashionpedia,train2020,21636,0ed24725c66c32a1e41b6e8a9824dbc9.jpg,2,2,true,2,train,true
fashionpedia,train2020,21642,e5903055682f156943122081f735894c.jpg,2,2,true,1,train,true
fashionpedia,train2020,21644,bf79847e43c6d2508074a5012f846844.jpg,2,2,true,2,train,true
fashionpedia,train2020,21649,404884e7612974dd33a942645bc37f6b.jpg,2,2,true,1,train,true
fashionpedia,train2020,21656,1991e61c8a65e8aabd3f38e7465dbdd1.jpg,2,2,true,1,train,true
fashionpedia,train2020,21667,06648048bfc61889ac2fb7d3e8b6a92d.jpg,2,2,true,2,train,true
fashionpedia,train2020,21674,1632606206ac7bf0357b724012fec7d6.jpg,2,2,true,2,train,true
fashionpedia,train2020,21679,ca4b6a99d8ef60817be5363024de3468.jpg,2,2,true,2,train,true
fashionpedia,train2020,21682,996ecfb0f00799fe7bfe4c521b19a1a0.jpg,2,2,true,1,train,true
fashionpedia,train2020,21697,902244015cbb4f2efbf36fc2c8ad1622.jpg,2,2,true,1,train,true
fashionpedia,train2020,21702,8cd678ccfdcfd6f0abee6da03cce707f.jpg,2,2,true,1,train,true
fashionpedia,train2020,21705,f57b16711597d1da4c6c22c57af8a35a.jpg,2,2,true,2,train,true
fashionpedia,train2020,21707,301e81f0c0db4b64873399ed688248e3.jpg,2,2,true,2,train,true
fashionpedia,train2020,21708,91c56f0d076cd7a46df1604c4404e9e9.jpg,2,2,true,1,train,true
fashionpedia,train2020,21713,912fc4cf0078f935bdc7f2490eceaa8e.jpg,2,2,true,1,train,true
fashionpedia,train2020,21721,ac3d0023734519d3da61b4f9ea84147e.jpg,2,2,true,1,train,true
fashionpedia,train2020,21732,edf9134768d53367fd360664e738e6d5.jpg,2,2,true,3,train,true
fashionpedia,train2020,21740,1dad153abdb9dca72b67665e99ce95ad.jpg,2,2,true,1,train,true
fashionpedia,train2020,21741,f643c82d532d7b5fd6d2da75ca837f7b.jpg,2,2,true,3,train,true
fashionpedia,train2020,21742,657b14002853b39e6479afba97c90240.jpg,2,2,true,3,train,true
fashionpedia,train2020,21744,a373418dc488b45d76ce6a887c3dfc3a.jpg,2,2,true,1,train,true
fashionpedia,train2020,21750,b066f834d0fed23666c642ac134dc19c.jpg,2,2,true,1,train,true
fashionpedia,train2020,21757,ff61c018f9fcad7e0f58841e02c9dbc5.jpg,2,2,true,2,train,true
fashionpedia,train2020,21761,3172ca27023cedd92cdbf0f8a6be1382.jpg,2,2,true,1,train,true
fashionpedia,train2020,21769,cf45b999fc8f18403820d00347eb10ee.jpg,2,2,true,3,train,true
fashionpedia,train2020,21777,673ceda8978091a1a3fab284b5a468de.jpg,2,2,true,3,train,true
fashionpedia,train2020,21783,5b39eaf351113596e6acf84ee53c5953.jpg,2,2,true,1,train,true
fashionpedia,train2020,21786,484bb6bb7f2dad5ca9e73c9a7339cf0a.jpg,2,2,true,2,train,true
fashionpedia,train2020,21792,91d37f51fe51a98df27be10cbe4ab54c.jpg,2,2,true,1,train,true
fashionpedia,train2020,21796,11b223efc0c21c879e213e7652038a82.jpg,2,2,true,1,train,true
fashionpedia,train2020,21818,83b11085f62dbdccbd5b506ae0ea54e1.jpg,2,2,true,2,train,true
fashionpedia,train2020,21836,fde0c8d038c624cc72e822f00272edd5.jpg,2,2,true,3,train,true
fashionpedia,train2020,21839,3fe938ade7f7aabb992eeeb679ef58ac.jpg,2,2,true,2,train,true
fashionpedia,train2020,21840,95e86011edf9421ba7e4022e29030863.jpg,2,2,true,1,train,true
fashionpedia,train2020,21857,9b58c45a0844dc4fbc714e125657dbc7.jpg,2,2,true,4,train,true
fashionpedia,train2020,21865,eff990daac3ddb54436bad2cc950abb3.jpg,2,2,true,3,train,true
fashionpedia,train2020,21880,d201f65837469677da649514f6fb4f89.jpg,2,2,true,2,train,true
fashionpedia,train2020,21887,c1e3bae316cd66f276d1ecd8e05648b4.jpg,2,2,true,3,train,true
fashionpedia,train2020,21892,63999291c4c45d69002cbd064624def9.jpg,2,2,true,1,train,true
fashionpedia,train2020,21893,7c0924ae976ff2ff2394a30182964b33.jpg,2,2,true,3,train,true
fashionpedia,train2020,21898,fecaa7e70e28bde194b4dc5dc52fe310.jpg,2,2,true,2,train,true
fashionpedia,train2020,21923,c3e039c6a2fbddda1842b6a18261095a.jpg,2,2,true,2,train,true
fashionpedia,train2020,21924,e607c8208fb9fee12443a10cb9e1c19c.jpg,2,2,true,2,train,true
fashionpedia,train2020,21929,d59288afba93644706f36b5565d6903d.jpg,2,2,true,3,train,true
fashionpedia,train2020,21936,c31a29c2ecdd99374e96fbe79763a26c.jpg,2,2,true,2,train,true
fashionpedia,train2020,21937,29ef5de986963ccc8d23fdc461d93eef.jpg,2,2,true,1,train,true
fashionpedia,train2020,21945,8bf2de9de9b745c596dd9aa73a57a090.jpg,2,2,true,1,train,true
fashionpedia,train2020,21948,5d15c781a451cdecc084afcb6968a45b.jpg,2,2,true,2,train,true
fashionpedia,train2020,21954,13c3218eeb1f4f995b69f7ec232570e3.jpg,2,2,true,1,train,true
fashionpedia,train2020,21970,469098f271b1191530819a096d7b52b3.jpg,2,2,true,2,train,true
fashionpedia,train2020,21974,bbc74a077df125464df03d00898895e0.jpg,2,2,true,3,train,true
fashionpedia,train2020,21989,314b4fd9e4c58c714ef1e5c03af3eb4c.jpg,2,2,true,1,train,true
fashionpedia,train2020,21992,bd1df10a4d6cfd38cc8b1cb1189cd5ce.jpg,2,2,true,2,train,true
fashionpedia,train2020,21993,caf06e14edc2e91d9b85bd485fd8f7b9.jpg,2,2,true,2,train,true
fashionpedia,train2020,21996,fdfc6ec21d05c6a7ea08e3273d942953.jpg,2,2,true,2,train,true
fashionpedia,train2020,22001,5b5fde7f829ee4061b26346755f29e4a.jpg,2,2,true,1,train,true
fashionpedia,train2020,22007,e4e6745ef68b019bae22e757c87d7f4f.jpg,2,2,true,3,train,true
fashionpedia,train2020,22008,445b28b546e02a2c014e2211fdae08c9.jpg,2,2,true,2,train,true
fashionpedia,train2020,22009,62ba0a5aa3a45efd1535e287b88fbfb2.jpg,2,2,true,2,train,true
fashionpedia,train2020,22011,ea7bd43804aa208226d4ce32f8349224.jpg,2,2,true,1,train,true
fashionpedia,train2020,22020,ffd29ffcbee5a12c1b62b89012670aae.jpg,2,2,true,1,train,true
fashionpedia,train2020,22033,a965c509cde3cf89575431fc4498f814.jpg,2,2,true,1,train,true
fashionpedia,train2020,22037,44cf2811ce70b8e7e5285ca086dbdd51.jpg,2,2,true,3,train,true
fashionpedia,train2020,22040,6a7ff1ab1a317367775cdd3e88f37c95.jpg,2,2,true,2,train,true
fashionpedia,train2020,22046,c41c7bb083aa9df96dbc7004c655aa08.jpg,2,2,true,2,train,true
fashionpedia,train2020,22054,c8df63cbb25ccb6aa98a3116ac5ee1f4.jpg,2,2,true,1,train,true
fashionpedia,train2020,22072,564bf8ad40b5c9b3950dedc64524b2e5.jpg,2,2,true,1,train,true
fashionpedia,train2020,22075,ac633578dc480ea485f678be95a28a33.jpg,2,2,true,3,train,true
fashionpedia,train2020,22088,7c0ea92c8f86e5c7004dd65bdc825959.jpg,2,2,true,2,train,true
fashionpedia,train2020,22095,3cf298b27b7d39a4cfa982bc54fdbcf0.jpg,2,2,true,2,train,true
fashionpedia,train2020,22096,3fcd9c9515be0626a5703b2739d428ae.jpg,2,2,true,3,train,true
fashionpedia,train2020,22098,1ffbb9e557cc61d9557521830453e6e6.jpg,2,2,true,3,train,true
fashionpedia,train2020,22107,e3c3b1b777dcd6bdf83f9cb6da0a841b.jpg,2,2,true,1,train,true
fashionpedia,train2020,22109,a4e906c9abbb0fe44ac3bf1ed148061f.jpg,2,2,true,2,train,true
fashionpedia,train2020,22113,9c13b32091823cbb22ca86bb0a0d26bf.jpg,2,2,true,2,train,true
fashionpedia,train2020,22114,8c754bcc21c02180ff4c5d462527c568.jpg,2,2,true,2,train,true
fashionpedia,train2020,22122,18447effefdcfaf2c4fb879aa61af676.jpg,2,2,true,2,train,true
fashionpedia,train2020,22126,8529e05f0cbe8305c1b80f87a486d6ac.jpg,2,2,true,2,train,true
fashionpedia,train2020,22128,d9ddd7f481e5cdd1ef040c0f23e3191f.jpg,2,2,true,1,train,true
fashionpedia,train2020,22133,d16c6b249c08ed35ec4ae9f51cddfb2c.jpg,2,2,true,2,train,true
fashionpedia,train2020,22147,27ad14a60e8dfbb954a523882e4abfb5.jpg,2,2,true,2,train,true
fashionpedia,train2020,22152,70879065dee696814d162bee5b51fac8.jpg,2,2,true,2,train,true
fashionpedia,train2020,22163,10e7387fc957d068bad219157f8cb6da.jpg,2,2,true,3,train,true
fashionpedia,train2020,22174,b4abcb38532e24fbd702caec5cf2a327.jpg,2,2,true,2,train,true
fashionpedia,train2020,22175,12fb38b85eb875375fde7c0967ee95da.jpg,2,2,true,1,train,true
fashionpedia,train2020,22181,1e19ac778f4b579ca48d6c8fea69b7e0.jpg,2,2,true,2,train,true
fashionpedia,train2020,22183,53364a40a4893f2b5c01db1ea10b7a5d.jpg,2,2,true,3,train,true
fashionpedia,train2020,22185,b7a89d8205f0d0a991c00185a2b16f03.jpg,2,2,true,2,train,true
fashionpedia,train2020,22207,b80a140943f8ec555890f73b913e6061.jpg,2,2,true,3,train,true
fashionpedia,train2020,22210,0cc40c7b52e434bae8ab4bb871466e64.jpg,2,2,true,1,train,true
fashionpedia,train2020,22214,b32c5733254c6fe4f29a32da7b719e89.jpg,2,2,true,1,train,true
fashionpedia,train2020,22217,ab62ab72e58b22dfecb780c5bc795295.jpg,2,2,true,3,train,true
fashionpedia,train2020,22218,20c4c3ee365b7b8b9b813176899d8bcc.jpg,2,2,true,3,train,true
fashionpedia,train2020,22222,9b6f932b3b4698d7d12aa2e75e405f4a.jpg,2,2,true,2,train,true
fashionpedia,train2020,22224,18844eb4a800e73d6acc4271aa0cb8c6.jpg,2,2,true,3,train,true
fashionpedia,train2020,22225,b15d228fbc5c1e9eea1ab36867a4cb38.jpg,2,2,true,2,train,true
fashionpedia,train2020,22226,87b14eaab3c76ad0495f5f129c906fe7.jpg,2,2,true,2,train,true
fashionpedia,train2020,22231,d735ba7ddab0760571d1092a4de67545.jpg,2,2,true,2,train,true
fashionpedia,train2020,22235,c7956e0414039569307a7abf17db700e.jpg,2,2,true,2,train,true
fashionpedia,train2020,22236,05f837ebabc21aaeb1eb7b1342890249.jpg,2,2,true,1,train,true
fashionpedia,train2020,22251,048b0bba9164f3f4616e3ad2f24ce765.jpg,2,2,true,3,train,true
fashionpedia,train2020,22253,a9e46f47304c661be2515d0733239861.jpg,2,2,true,1,train,true
fashionpedia,train2020,22263,4f41d5194aee937289dfc710b57cd10b.jpg,2,2,true,2,train,true
fashionpedia,train2020,22274,46a7426cb276bd248bb2e5ef10a3e6a7.jpg,2,2,true,3,train,true
fashionpedia,train2020,22284,1fcde4919993d37395bb48e0a6973e1b.jpg,2,2,true,2,train,true
fashionpedia,train2020,22291,fdc3cdc02c25d338971ce45ef0c2eec5.jpg,2,2,true,1,train,true
fashionpedia,train2020,22292,b0996948f6bdc4de9ac5cbc71d3f3822.jpg,2,2,true,1,train,true
fashionpedia,train2020,22299,fa2ad72b96fb2913eaa5df25ee294586.jpg,2,2,true,1,train,true
fashionpedia,train2020,22305,c2776695bced90601646a3bc766ce161.jpg,2,2,true,1,train,true
fashionpedia,train2020,22309,c9d0538c9f0b464cd2fe7fdd70363fb4.jpg,2,2,true,2,train,true
fashionpedia,train2020,22311,929ece71759cfd3f4b1723c2b86e2b65.jpg,2,2,true,2,train,true
fashionpedia,train2020,22322,13580a79bb1db7a507ca85611692f02d.jpg,2,2,true,2,train,true
fashionpedia,train2020,22327,39bb5ec569bb7c096602c2ac83dad72e.jpg,2,2,true,1,train,true
fashionpedia,train2020,22328,aea96f88f6f260a96fede2a5d21f5919.jpg,2,2,true,3,train,true
fashionpedia,train2020,22330,eda4cec0da22cced78be441dfdd55543.jpg,2,2,true,1,train,true
fashionpedia,train2020,22332,97ccfa980a9a7bd32cda5d9c1709f536.jpg,2,2,true,3,train,true
fashionpedia,train2020,22333,bb20c4f1a037b6fcdf52edc574da7042.jpg,2,2,true,2,train,true
fashionpedia,train2020,22335,967a62a1811cfc2aa9da071debf9b32f.jpg,2,2,true,1,train,true
fashionpedia,train2020,22343,7ed38cb0da33c243e3a82f9916ea4322.jpg,2,2,true,2,train,true
fashionpedia,train2020,22345,5869da76520c0569043cb8f6b18c63c1.jpg,2,2,true,2,train,true
fashionpedia,train2020,22346,b0e14b50032c01657ba5c1e6b1895470.jpg,2,2,true,2,train,true
fashionpedia,train2020,22352,ae62e7dc446a2acd4f319aa41c9deb28.jpg,2,2,true,2,train,true
fashionpedia,train2020,22366,a839e4ebba53bd503631f7b397f01c40.jpg,2,2,true,1,train,true
fashionpedia,train2020,22368,ce5ebfc8c2f16e37db87494f8f340f1f.jpg,2,2,true,1,train,true
fashionpedia,train2020,22382,7c4c65656b6528c75cb207b20eb3cc7e.jpg,2,2,true,1,train,true
fashionpedia,train2020,22389,8105ce784909f206328cf71e78137bcf.jpg,2,2,true,3,train,true
fashionpedia,train2020,22400,35f815f0bf0fc1a23be228f8ab11ada9.jpg,2,2,true,1,train,true
fashionpedia,train2020,22401,55f53fd1b05d44a1c5911df5a4265bfc.jpg,2,2,true,1,train,true
fashionpedia,train2020,22412,8c6f727ac1cfa7b76d1e96b0a02a3061.jpg,2,2,true,1,train,true
fashionpedia,train2020,22417,f605e9401c0485d7de6e9b77afed64e5.jpg,2,2,true,2,train,true
fashionpedia,train2020,22421,87cd9b02d3f56909a451b11312f92f9b.jpg,2,2,true,2,train,true
fashionpedia,train2020,22431,274485689aed43b16e306ecefa35bd02.jpg,2,2,true,2,train,true
fashionpedia,train2020,22433,775a27c3e647dd7cbd54706da370a0df.jpg,2,2,true,1,train,true
fashionpedia,train2020,22436,7fd0d412dbde456d7bbf9cc3d31a2e80.jpg,2,2,true,2,train,true
fashionpedia,train2020,22442,47af27bd5db4021286e9a60281ce5912.jpg,2,2,true,1,train,true
fashionpedia,train2020,22457,5ced4cfa7714fafc85a4c25037d57144.jpg,2,2,true,3,train,true
fashionpedia,train2020,22459,5eb61ca4e16a4d15910db9409b3654ea.jpg,2,2,true,2,train,true
fashionpedia,train2020,22460,b86191df3dfb7afd02994686c032abfa.jpg,2,2,true,2,train,true
fashionpedia,train2020,22466,d12e9ba3ef473218c75d50db1a1d15df.jpg,2,2,true,2,train,true
fashionpedia,train2020,22476,4e1e4ad1240525ca4abf5bf4bb52875d.jpg,2,2,true,1,train,true
fashionpedia,train2020,22482,a53fecc0fa2e1ef32b0f7d6cf56ed74a.jpg,2,2,true,1,train,true
fashionpedia,train2020,22484,091056d8d4e1d6fbf625b4fe6c066c27.jpg,2,2,true,3,train,true
fashionpedia,train2020,22492,f98bcc680dad5551f0800123e9089860.jpg,2,2,true,4,train,true
fashionpedia,train2020,22493,d3bdc2af932eee3729fc685bc1181175.jpg,2,2,true,1,train,true
fashionpedia,train2020,22499,3e1a2a2a8e0ce1acfe9b5e41d768adaf.jpg,2,2,true,1,train,true
fashionpedia,train2020,22501,c499ff07846f8c3f92dfdcc98813ef65.jpg,2,2,true,1,train,true
fashionpedia,train2020,22519,d944f8c2e6321c4385e42b707ce4ad55.jpg,2,2,true,2,train,true
fashionpedia,train2020,22523,e18fb08aa576be68a1335590a8c77c07.jpg,2,2,true,2,train,true
fashionpedia,train2020,22531,cba5fec8403b50f482b2dc57624b047b.jpg,2,2,true,1,train,true
fashionpedia,train2020,22534,d132f428e1e55ea1b6aeac48c188a870.jpg,2,2,true,2,train,true
fashionpedia,train2020,22542,ca9483eb3cf2f78f81f49fa25d1cbb6d.jpg,2,2,true,1,train,true
fashionpedia,train2020,22543,e555ea5a8554c3fdc3f5ae496157668f.jpg,2,2,true,2,train,true
fashionpedia,train2020,22550,e170e605b61e57556087c1933c04724e.jpg,2,2,true,2,train,true
fashionpedia,train2020,22557,170d20ef7126c004316742458bcca19f.jpg,2,2,true,1,train,true
fashionpedia,train2020,22568,a2d2802338b8f32eb0c60264761eccc3.jpg,2,2,true,2,train,true
fashionpedia,train2020,22582,49ed000db905674940346bcd648e2126.jpg,2,2,true,2,train,true
fashionpedia,train2020,22599,77f34a86575308dd09517cb53d01f9bc.jpg,2,2,true,2,train,true
fashionpedia,train2020,22603,fa075d603e631d04c9871dbb00ed0a14.jpg,2,2,true,2,train,true
fashionpedia,train2020,22606,22505c325a932bfeaef6e71f14f1903c.jpg,2,2,true,3,train,true
fashionpedia,train2020,22630,7594d0dcecf0a3c29775d18081f50864.jpg,2,2,true,2,train,true
fashionpedia,train2020,22648,7b418ccccae475b0ca111d04bb056a7b.jpg,2,2,true,1,train,true
fashionpedia,train2020,22650,7fbad3031dd76337e727a61d22c3853e.jpg,2,2,true,1,train,true
fashionpedia,train2020,22652,c5c6f2b0e849ed43d3f86f8496f4f7b2.jpg,2,2,true,3,train,true
fashionpedia,train2020,22656,a4605ae571e3b05fa4d5c8c6178c322c.jpg,2,2,true,2,train,true
fashionpedia,train2020,22659,53601e85f6d9492289ce9504659fc0ad.jpg,2,2,true,4,train,true
fashionpedia,train2020,22660,1aeb1454bdf5e5a4c17f6e76337f0ca7.jpg,2,2,true,2,train,true
fashionpedia,train2020,22664,2b97da9c82a556278ddc135eb673f005.jpg,2,2,true,3,train,true
fashionpedia,train2020,22666,ee4ab34ec3f6e3e7bd10423c74c42d8d.jpg,2,2,true,2,train,true
fashionpedia,train2020,22669,9c72741eb86aa47476b4e6e45da2635f.jpg,2,2,true,2,train,true
fashionpedia,train2020,22670,609761e1da46d1dbc6397798001963fc.jpg,2,2,true,2,train,true
fashionpedia,train2020,22671,407a3715939ab4b843066010e9412964.jpg,2,2,true,2,train,true
fashionpedia,train2020,22678,172ff4901a6a10014e64beb73ec7b853.jpg,2,2,true,1,train,true
fashionpedia,train2020,22690,c769f3c01e4af83d978808b7452520ab.jpg,2,2,true,1,train,true
fashionpedia,train2020,22693,ff0c12c7e53961891d3930a0a61c698e.jpg,2,2,true,3,train,true
fashionpedia,train2020,22707,72105b48e0d2f2990b7806ec20812c65.jpg,2,2,true,1,train,true
fashionpedia,train2020,22715,4980a2f7fa0bf98815de45fe522c4a1d.jpg,2,2,true,3,train,true
fashionpedia,train2020,22717,a9cfa5673764571f70247cfb3f3e3d5e.jpg,2,2,true,4,train,true
fashionpedia,train2020,22724,2cff9c7e9d4eb71be75091940cc58156.jpg,2,2,true,3,train,true
fashionpedia,train2020,22725,8e0a1e930a82c7844384ecc9e9ca9910.jpg,2,2,true,3,train,true
fashionpedia,train2020,22728,affbb3a75e1b9ec19e7fd7873e9cf1b2.jpg,2,2,true,3,train,true
fashionpedia,train2020,22731,9736e3b04731c1260f3343a338b52fd1.jpg,2,2,true,3,train,true
fashionpedia,train2020,22734,d951c8b97bc20fd39630e36ccf62c0c3.jpg,2,2,true,2,train,true
fashionpedia,train2020,22738,c662b42ee4b809d93e5cfe88e7bb93e5.jpg,2,2,true,1,train,true
fashionpedia,train2020,22745,df7d1bcb2c4071960104976f36d249f6.jpg,2,2,true,1,train,true
fashionpedia,train2020,22746,587292a96761a6967877bf9806af20ce.jpg,2,2,true,1,train,true
fashionpedia,train2020,22755,5283c2da1bafb55c3ee674cd789d04bb.jpg,2,2,true,2,train,true
fashionpedia,train2020,22764,c3c72a4755fdfd775a663f8799fafd15.jpg,2,2,true,1,train,true
fashionpedia,train2020,22767,16811ef6bf9ce1cfe95f8e0519d5876e.jpg,2,2,true,2,train,true
fashionpedia,train2020,22779,406b9353220c5157db137860cbec402b.jpg,2,2,true,1,train,true
fashionpedia,train2020,22780,628f00ac98ed79220af531e1947882a3.jpg,2,2,true,2,train,true
fashionpedia,train2020,22788,dbe10bf3b14a3d8d4d46ad58d2688d30.jpg,2,2,true,1,train,true
fashionpedia,train2020,22790,d923451bfa19ab071b1f8123633b0733.jpg,2,2,true,2,train,true
fashionpedia,train2020,22810,5d7c3f4c8245f9829bdaff6e4ee6fcf6.jpg,2,2,true,2,train,true
fashionpedia,train2020,22811,0236ab903f304f6890bbce35370d4b94.jpg,2,2,true,1,train,true
fashionpedia,train2020,22812,63148d1d1f96368311918cb6c3e22e9a.jpg,2,2,true,3,train,true
fashionpedia,train2020,22822,99b941dfc04c67e25bdc32be1bfc35a6.jpg,2,2,true,2,train,true
fashionpedia,train2020,22823,0661c8705bb3bfda67b59841e8e86662.jpg,2,2,true,4,train,true
fashionpedia,train2020,22825,06cc9f3225fcd4efb238a39915bc3a65.jpg,2,2,true,2,train,true
fashionpedia,train2020,22829,4a568024d03bf92051a3ac2e2578ea27.jpg,2,2,true,2,train,true
fashionpedia,train2020,22843,3de5ea5f68ad86c0880ea28f2aeca581.jpg,2,2,true,3,train,true
fashionpedia,train2020,22844,1b74179d4b5bc04c57f092627332c942.jpg,2,2,true,2,train,true
fashionpedia,train2020,22858,a481ec5cb16763dc04a7d5037105bf26.jpg,2,2,true,2,train,true
fashionpedia,train2020,22861,d222c848faf82278bc6e6434669bb7fc.jpg,2,2,true,2,train,true
fashionpedia,train2020,22864,3578f066e17008f30255a32ccf0f7fd7.jpg,2,2,true,1,train,true
fashionpedia,train2020,22865,e1a14fadb28fc4a02a585bd712c5c70d.jpg,2,2,true,2,train,true
fashionpedia,train2020,22867,8f3beb14f53fe83f880e492dc5f40a50.jpg,2,2,true,1,train,true
fashionpedia,train2020,22868,a0b2f2b01d96773a049449e94c1af80a.jpg,2,2,true,2,train,true
fashionpedia,train2020,22877,9414841c42b5dcb720edc0ec4d183bd3.jpg,2,2,true,1,train,true
fashionpedia,train2020,22879,bfedd4cd0176f8aa6eb097799eb3fce6.jpg,2,2,true,2,train,true
fashionpedia,train2020,22895,661f3a0d0fe76ef011cab880163aee26.jpg,2,2,true,1,train,true
fashionpedia,train2020,22897,724b27e0d28d5d4f02678ebc3a383740.jpg,2,2,true,1,train,true
fashionpedia,train2020,22898,1ca251dd13b5d8eb01d1f165fe8f6fc9.jpg,2,2,true,2,train,true
fashionpedia,train2020,22900,4f9d8db3d45fd9e6bb8bc3f64b5c477b.jpg,2,2,true,2,train,true
fashionpedia,train2020,22902,df75d22dd46c8ec1c8304169bb8c837a.jpg,2,2,true,1,train,true
fashionpedia,train2020,22916,3e86480321a11eaef7cbc6409c022976.jpg,2,2,true,3,train,true
fashionpedia,train2020,22924,2344d106f0eeaf8dfd4ad521500f6683.jpg,2,2,true,4,train,true
fashionpedia,train2020,22931,c83cb03aae85402dd01f1044a817f288.jpg,2,2,true,3,train,true
fashionpedia,train2020,22934,37ba20b1d743289f7e46bea1c3061d7f.jpg,2,2,true,2,train,true
fashionpedia,train2020,22952,7c2f1b8c60a3f371c69387d767421b2b.jpg,2,2,true,2,train,true
fashionpedia,train2020,22953,1b137e06c02325498fc204e05fabe2ef.jpg,2,2,true,2,train,true
fashionpedia,train2020,22956,7ce72ced1cbc43953c803f98d6ea10b2.jpg,2,2,true,1,train,true
fashionpedia,train2020,22959,310c2b058d6f60fe88334767e1e2b50f.jpg,2,2,true,2,train,true
fashionpedia,train2020,22962,3fdfccab0e379579ad0f538fc99d484b.jpg,2,2,true,1,train,true
fashionpedia,train2020,22967,3adfb5a7c763acdd31c5c5d967128262.jpg,2,2,true,2,train,true
fashionpedia,train2020,22972,7f6fdc83e0c3e570eec8e9004442cacd.jpg,2,2,true,1,train,true
fashionpedia,train2020,22977,670edbe2efb0f56c939d1366980901cf.jpg,2,2,true,1,train,true
fashionpedia,train2020,22978,16f67364b87eb61892cf7b24f81c662e.jpg,2,2,true,1,train,true
fashionpedia,train2020,22990,fd71d330dbfff1b69dedd22587ca8d31.jpg,2,2,true,3,train,true
fashionpedia,train2020,22998,0d4e5deaf341b071b3e93fbedafa7930.jpg,2,2,true,1,train,true
fashionpedia,train2020,23000,55080b1989b88420f1d354d121508eda.jpg,2,2,true,1,train,true
fashionpedia,train2020,23003,9bcaca146eeee9c74edb767926b152a1.jpg,2,2,true,1,train,true
fashionpedia,train2020,23004,20693586d753063aa85f8709aa46ba75.jpg,2,2,true,3,train,true
fashionpedia,train2020,23005,9a11e2746455f79132c6f0c024d5467f.jpg,2,2,true,2,train,true
fashionpedia,train2020,23006,7751c84f39bd9742bcf1a76fff0cc477.jpg,2,2,true,2,train,true
fashionpedia,train2020,23007,5145689f1ae4131ebec1e2d1d59fa673.jpg,2,2,true,3,train,true
fashionpedia,train2020,23010,ba3b6d1359ba8d6ee18cfb919b736a57.jpg,2,2,true,1,train,true
fashionpedia,train2020,23012,19c502afd2cc17bbf10ed71914235ea9.jpg,2,2,true,2,train,true
fashionpedia,train2020,23013,3a0ca54b0f2061398263349eb9047bfe.jpg,2,2,true,1,train,true
fashionpedia,train2020,23014,1ea5411b6979fa75b49249e9b459cf38.jpg,2,2,true,1,train,true
fashionpedia,train2020,23024,807a8e1add5853a635d8781ebf763b69.jpg,2,2,true,3,train,true
fashionpedia,train2020,23028,f6ddd4b5d3f6fd0f381a2f222f5b9a23.jpg,2,2,true,3,train,true
fashionpedia,train2020,23054,2f3ac1ec0cd6d6527ceb1356f36f9921.jpg,2,2,true,1,train,true
fashionpedia,train2020,23061,8c3cc165f4c6ba4ff4d45459138b09ce.jpg,2,2,true,3,train,true
fashionpedia,train2020,23063,d6872be4df3129eced6556c157eeac5e.jpg,2,2,true,3,train,true
fashionpedia,train2020,23064,797065d8de72dc28ec7f53e0e5ce3f17.jpg,2,2,true,4,train,true
fashionpedia,train2020,23072,16729ea88a7c23e36af133c040279e10.jpg,2,2,true,1,train,true
fashionpedia,train2020,23076,9a76ca474997e66449b22b7495bdf71a.jpg,2,2,true,3,train,true
fashionpedia,train2020,23079,fc855b5d99dbebe1574a32f4e6f1b5b1.jpg,2,2,true,2,train,true
fashionpedia,train2020,23080,89a2ebfdf219c29c3099b05b98e618f6.jpg,2,2,true,1,train,true
fashionpedia,train2020,23082,4b84e82d20cb99bc63ebb3a34edcd64b.jpg,2,2,true,2,train,true
fashionpedia,train2020,23092,9c3ac0c179d368d84b2de16bb42216a4.jpg,2,2,true,3,train,true
fashionpedia,train2020,23099,0ff616fc58b804fa034efd74a1363a6c.jpg,2,2,true,1,train,true
fashionpedia,train2020,23103,9f26f07b59b06d579083fa881be62b2e.jpg,2,2,true,2,train,true
fashionpedia,train2020,23110,7a119d3354fe968427829d7b2a3ade72.jpg,2,2,true,1,train,true
fashionpedia,train2020,23111,51bf860b2e701a9820c091a980a2887b.jpg,2,2,true,5,train,true
fashionpedia,train2020,23128,f6aebf26563ed274c7d686048a9f93f0.jpg,2,2,true,2,train,true
fashionpedia,train2020,23131,cb733f6dde6bbc77689b4c6c60ebf7b6.jpg,2,2,true,3,train,true
fashionpedia,train2020,23136,6aa39e1f6312afeae44f5e5b0e296874.jpg,2,2,true,2,train,true
fashionpedia,train2020,23140,1afb1387b170e306ca3644da763c4eb2.jpg,2,2,true,2,train,true
fashionpedia,train2020,23142,218b087289cc95c9b07665d169eae0ec.jpg,2,2,true,3,train,true
fashionpedia,train2020,23146,953522ffde0cc1520ed193641e60ddaf.jpg,2,2,true,2,train,true
fashionpedia,train2020,23150,91eec708515dcd1564ff0545d3997761.jpg,2,2,true,2,train,true
fashionpedia,train2020,23155,bf18f8af1c65f135686484ce2985347d.jpg,2,2,true,2,train,true
fashionpedia,train2020,23157,73c6ad7c35c6f018fe5ee6580302d7ee.jpg,2,2,true,1,train,true
fashionpedia,train2020,23160,42889dc728281a2b1e2921444ae83e90.jpg,2,2,true,3,train,true
fashionpedia,train2020,23162,a8522c83419776ed824a01069fcba186.jpg,2,2,true,1,train,true
fashionpedia,train2020,23165,fa41e4a96249c0b8ed90389733c081d8.jpg,2,2,true,2,train,true
fashionpedia,train2020,23170,8e3e24d56af2d73b589d7177134e1c5e.jpg,2,2,true,3,train,true
fashionpedia,train2020,23173,0a08c317830b8891668442ff800b17c0.jpg,2,2,true,1,train,true
fashionpedia,train2020,23175,109ef8ca1b5e1ac6fcdc58c6fadea091.jpg,2,2,true,1,train,true
fashionpedia,train2020,23185,683a1ddbcb74ae48f6be525856904f35.jpg,2,2,true,1,train,true
fashionpedia,train2020,23187,2fd02949181b7af106d2c0ccfd7c73e2.jpg,2,2,true,1,train,true
fashionpedia,train2020,23192,36ad6baedc26bb97ef52d53201726444.jpg,2,2,true,2,train,true
fashionpedia,train2020,23194,3f7548c72178ae955a7e2f665ec8a9b9.jpg,2,2,true,2,train,true
fashionpedia,train2020,23195,be812a73880b01de6368b9632757e8cd.jpg,2,2,true,2,train,true
fashionpedia,train2020,23200,2f2ed1c286595314ea5ac9e68c75a6e1.jpg,2,2,true,1,train,true
fashionpedia,train2020,23202,f0b36e9d133116e0ec2b4fea47d4a243.jpg,2,2,true,2,train,true
fashionpedia,train2020,23210,cf59da7ae565b50262faafd143401182.jpg,2,2,true,4,train,true
fashionpedia,train2020,23217,3683aba7c00fea34a7eba6d57820c403.jpg,2,2,true,3,train,true
fashionpedia,train2020,23222,b8714f798ccfbbbea93f5968e9288919.jpg,2,2,true,1,train,true
fashionpedia,train2020,23225,5af4ca1b82358545e87c25cbb85743dc.jpg,2,2,true,3,train,true
fashionpedia,train2020,23226,cfb57d8614fa6da9a0b568616a0cd984.jpg,2,2,true,2,train,true
fashionpedia,train2020,23227,4532e907d016cdf4881cc9196f002dc6.jpg,2,2,true,1,train,true
fashionpedia,train2020,23247,b63b9ed1ec3cf6d01b1d90616e8089fb.jpg,2,2,true,2,train,true
fashionpedia,train2020,23248,2160b259616da3094c8aa3d24e7d1144.jpg,2,2,true,2,train,true
fashionpedia,train2020,23263,1329a22a11abd6809649d0de8fe11964.jpg,2,2,true,2,train,true
fashionpedia,train2020,23264,2c794e724616ab00a6534707fc40507e.jpg,2,2,true,2,train,true
fashionpedia,train2020,23265,80fa830b3f2167f3c25363e7388d7bdc.jpg,2,2,true,3,train,true
fashionpedia,train2020,23278,35fc13a76cf873fb96541e503169db2f.jpg,2,2,true,3,train,true
fashionpedia,train2020,23285,d44c9f1c70071d1df5539322ef871a58.jpg,2,2,true,1,train,true
fashionpedia,train2020,23291,3bf58d867113f151086fd438c7f2994f.jpg,2,2,true,2,train,true
fashionpedia,train2020,23296,58a6613ff9d23b00c921b16f70b32003.jpg,2,2,true,3,train,true
fashionpedia,train2020,23303,6624ffcc3c60ed5fabf903c6ec315ddf.jpg,2,2,true,2,train,true
fashionpedia,train2020,23317,0e59e08d193eb1f398c67648f785052a.jpg,2,2,true,3,train,true
fashionpedia,train2020,23329,52b81b312e1cf5502d51d92b3ec30fb4.jpg,2,2,true,3,train,true
fashionpedia,train2020,23345,de78b209d4dfe0335f86f12350001be2.jpg,2,2,true,1,train,true
fashionpedia,train2020,23350,3c61c8ba258b52fa8b56f44338c914e6.jpg,2,2,true,2,train,true
fashionpedia,train2020,23351,2d7126f721481ccf6a0e266b08e37934.jpg,2,2,true,2,train,true
fashionpedia,train2020,23352,5b2cee6e7b77fe35d8217df831ab452a.jpg,2,2,true,2,train,true
fashionpedia,train2020,23360,dcc905a0639f3c83047a43458c486ed2.jpg,2,2,true,2,train,true
fashionpedia,train2020,23375,db5e2012abd2ae6fb96bb1326052f223.jpg,2,2,true,2,train,true
fashionpedia,train2020,23382,79f8539f9a6f0b96df723014e20b2f96.jpg,2,2,true,2,train,true
fashionpedia,train2020,23391,65047d1ac90b3c82c30ec7a1a997ed99.jpg,2,2,true,2,train,true
fashionpedia,train2020,23396,1750b238137b49fb2b34a6393a8f78f2.jpg,2,2,true,2,train,true
fashionpedia,train2020,23403,29207295a6f3755d1d4c4e8352f4f21f.jpg,2,2,true,1,train,true
fashionpedia,train2020,23414,5f9d482616b034edddf124e285d9f59e.jpg,2,2,true,2,train,true
fashionpedia,train2020,23418,f2eac7de192e7ef83def757876ea8c9a.jpg,2,2,true,1,train,true
fashionpedia,train2020,23423,9716879f62be0cb76620335f68702e8c.jpg,2,2,true,3,train,true
fashionpedia,train2020,23431,29d83d51836a363b8304bf636e457cca.jpg,2,2,true,2,train,true
fashionpedia,train2020,23432,72b1fef16fae8457df2f7c02383ae557.jpg,2,2,true,1,train,true
fashionpedia,train2020,23436,412a04a9580353c5c6f36a66d9f040af.jpg,2,2,true,1,train,true
fashionpedia,train2020,23441,f970dcc7226647a760316e727bdfc432.jpg,2,2,true,2,train,true
fashionpedia,train2020,23448,0b1351bc4e5942ac6a671636572d8a69.jpg,2,2,true,2,train,true
fashionpedia,train2020,23467,cc149868eff0d4f4e6946fcf60cff87b.jpg,2,2,true,2,train,true
fashionpedia,train2020,23473,5d58a1f7a101de2e4cfda2f7d95ad1e4.jpg,2,2,true,2,train,true
fashionpedia,train2020,23483,a9223964268308aa282ba4b656f4337a.jpg,2,2,true,1,train,true
fashionpedia,train2020,23492,9e6dce109cf1ea4a4758577cc789f701.jpg,2,2,true,2,train,true
fashionpedia,train2020,23503,90e6e4b666051c6349d2a99bb408d9b2.jpg,2,2,true,1,train,true
fashionpedia,train2020,23508,76993c6df100eb7f851342b952a4b628.jpg,2,2,true,1,train,true
fashionpedia,train2020,23512,8e26f9a9061ddeddedee4db8c19a50dc.jpg,2,2,true,1,train,true
fashionpedia,train2020,23515,5ca5dc10004bf2a162b6c5300ab91222.jpg,2,2,true,4,train,true
fashionpedia,train2020,23536,3b0d47e039dd78c489e1174add45d5d9.jpg,2,2,true,1,train,true
fashionpedia,train2020,23537,8039a8b70d17a00bcdcd1ad0dad6bce0.jpg,2,2,true,1,train,true
fashionpedia,train2020,23544,d4af44c70710ac99084ca60de3b5d845.jpg,2,2,true,3,train,true
fashionpedia,train2020,23546,9449679c17b5a732f455d9c615747abe.jpg,2,2,true,2,train,true
fashionpedia,train2020,23550,9f7668472342d13de5a4a89da6651551.jpg,2,2,true,2,train,true
fashionpedia,train2020,23551,c1959d7375c9d8007452c4433cebb6b8.jpg,2,2,true,1,train,true
fashionpedia,train2020,23558,e7e15b71d0007867586690dc8425d916.jpg,2,2,true,3,train,true
fashionpedia,train2020,23562,072e226820a710b64435e4cd59705419.jpg,2,2,true,1,train,true
fashionpedia,train2020,23581,d728bbbe8168dbd7e3ed60307b4bfe62.jpg,2,2,true,1,train,true
fashionpedia,train2020,23586,307777a5daaa55bd37a462cad4fe67d5.jpg,2,2,true,3,train,true
fashionpedia,train2020,23587,72710cd4ab263b84b85a2483b1e9c2bc.jpg,2,2,true,3,train,true
fashionpedia,train2020,23591,21d4a0e325fc054404ab77fee58cb893.jpg,2,2,true,2,train,true
fashionpedia,train2020,23593,b11c28276f091e654943c0b3b94f3d2b.jpg,2,2,true,2,train,true
fashionpedia,train2020,23594,73e86e5d360c4aba1362bc90edd072bd.jpg,2,2,true,2,train,true
fashionpedia,train2020,23614,2d6d4b0d3a678759fc5e01843361d8a7.jpg,2,2,true,1,train,true
fashionpedia,train2020,23620,6b51fdb36d1132497d1246ec86c75764.jpg,2,2,true,2,train,true
fashionpedia,train2020,23621,3bb8b0c51f40eab30542991db62e2b40.jpg,2,2,true,2,train,true
fashionpedia,train2020,23627,4d9dc9bb0c283e513ab0a3b0b93b6b46.jpg,2,2,true,2,train,true
fashionpedia,train2020,23630,e54924bc8d14719567ee42bdd498ba75.jpg,2,2,true,1,train,true
fashionpedia,train2020,23633,67f4f78b26c1a57660b4e75c68ce9138.jpg,2,2,true,3,train,true
fashionpedia,train2020,23636,2a555cb346b4a75c8318274ca097acff.jpg,2,2,true,1,train,true
fashionpedia,train2020,23643,0c1cc736dbebdaafa0958d3a1e261ecf.jpg,2,2,true,2,train,true
fashionpedia,train2020,23660,3c5c3be98a01c383a0aa521c2ed9c174.jpg,2,2,true,3,train,true
fashionpedia,train2020,23662,a27d1dd414f44e79cff09f7519358431.jpg,2,2,true,1,train,true
fashionpedia,train2020,23663,579dc6a37f5a2f5904aca9f05d5bfd2b.jpg,2,2,true,3,train,true
fashionpedia,train2020,23673,0a154bd349f4dff7c2a2d7ac84fa6fd8.jpg,3,2,true,3,train,true
fashionpedia,train2020,23678,b9548ebb4a5de659763337cdb64a42d8.jpg,3,2,true,1,train,true
fashionpedia,train2020,23689,33bfe5f09ada403fc8043594ca13a9b3.jpg,3,2,true,2,train,true
fashionpedia,train2020,23691,f7ca171bf1fa5824fc71ffc271801dfe.jpg,3,2,true,2,train,true
fashionpedia,train2020,23695,b90b8899440727b41424cc901527f020.jpg,3,2,true,2,train,true
fashionpedia,train2020,23698,0118bf2682ea34328273569ec4f170d3.jpg,3,2,true,3,train,true
fashionpedia,train2020,23701,9c8032089029cf14730e4a77d76b5566.jpg,3,2,true,2,train,true
fashionpedia,train2020,23722,6ee46a2f59fd7f6de7ccf189613beb1b.jpg,3,2,true,3,train,true
fashionpedia,train2020,23727,41733764e480ccd811311322d307844e.jpg,3,2,true,1,train,true
fashionpedia,train2020,23732,b3ad830631c8682f66be1a63bd66d325.jpg,3,2,true,4,train,true
fashionpedia,train2020,23733,47f8e6377eed54ea80e85e9e2ae46fd4.jpg,3,2,true,1,train,true
fashionpedia,train2020,23734,f8781fae7a9760561e4cce213140b0b5.jpg,3,2,true,4,train,true
fashionpedia,train2020,23736,7191afab1116518abf356d11c9bf1be3.jpg,3,2,true,1,train,true
fashionpedia,train2020,23738,80dd2a0ed50824350e453fa6e86ac8fa.jpg,3,2,true,2,train,true
fashionpedia,train2020,23744,d06db7427f19fde4c16b496fa0ff75df.jpg,3,2,true,2,train,true
fashionpedia,train2020,23757,61b12a5e8d777a8009339e476ddbb315.jpg,3,2,true,3,train,true
fashionpedia,train2020,23763,c39af4332cc7bdef9bf61eed1c467f55.jpg,3,2,true,2,train,true
fashionpedia,train2020,23770,a268ae9775fe5442a9c93fae90f86432.jpg,3,2,true,2,train,true
fashionpedia,train2020,23780,d230ad771bece8e1ce903e58096cdf11.jpg,3,2,true,2,train,true
fashionpedia,train2020,23783,4e39f95dba10b82055f38cafb928a61c.jpg,3,2,true,2,train,true
fashionpedia,train2020,23785,30d4a99e0b4cdedfe7788bab0e4dfd66.jpg,3,2,true,2,train,true
fashionpedia,train2020,23796,3e0565af6b91ed522b65c33fd8cdaabc.jpg,3,2,true,2,train,true
fashionpedia,train2020,23797,078a59862de16b784f59260b64593d50.jpg,3,2,true,2,train,true
fashionpedia,train2020,23808,bb0d8857dc0bab30cb979ba4a6d4ac7d.jpg,3,2,true,2,train,true
fashionpedia,train2020,23810,311da4a877c92b64ef17e29aaa76e938.jpg,3,2,true,1,train,true
fashionpedia,train2020,23816,ae82bd8fd067b060c87ba797d94bcf74.jpg,3,2,true,2,train,true
fashionpedia,train2020,23820,d68dee82663cb95d0d8b81f7dda47be3.jpg,3,2,true,2,train,true
fashionpedia,train2020,23829,b434457fa3fa8628695a2ca2c8a67cbe.jpg,3,2,true,2,train,true
fashionpedia,train2020,23838,bde8a2d56d56c11c6e1805b020ae0b81.jpg,3,2,true,1,train,true
fashionpedia,train2020,23839,36f3f4fc16cdc1b16173e238c06be174.jpg,3,2,true,2,train,true
fashionpedia,train2020,23855,84dd9f88996d8b9596e9b35157c659b1.jpg,3,2,true,2,train,true
fashionpedia,train2020,23860,7dd91a1958826f155dc1a3104984fde8.jpg,3,2,true,2,train,true
fashionpedia,train2020,23863,8da8fe9f23310bcc6e01054cf91e8aeb.jpg,3,2,true,1,train,true
fashionpedia,train2020,23867,ea9a1d99d00ce2c40c9366176178e966.jpg,3,2,true,1,train,true
fashionpedia,train2020,23883,a6278b193504c9394c8656994e29f206.jpg,3,2,true,2,train,true
fashionpedia,train2020,23886,24bff6f8f5b8c6471dc3773a53920f4d.jpg,3,2,true,4,train,true
fashionpedia,train2020,23897,ff346c6515b7ae72dd8f50efd45ac106.jpg,3,2,true,1,train,true
fashionpedia,train2020,23900,e766c5dd61bdb4768b0df13f8b3ab191.jpg,3,2,true,1,train,true
fashionpedia,train2020,23907,ff28e7574006451dfcf40fc20dda688a.jpg,3,2,true,1,train,true
fashionpedia,train2020,23908,0630d652c242a0490fac3630f36aebc2.jpg,3,2,true,2,train,true
fashionpedia,train2020,23917,4ae4886ab801cbb7690ca94cf75df17f.jpg,3,2,true,2,train,true
fashionpedia,train2020,23927,4464d57fd47fab5587b0f8d8d8f1dad4.jpg,3,2,true,2,train,true
fashionpedia,train2020,23934,e4efd7c3060c4f1cead3513c55b09ee8.jpg,3,2,true,3,train,true
fashionpedia,train2020,23936,c59a17abe381fabbda76c19b638335c4.jpg,3,2,true,2,train,true
fashionpedia,train2020,23938,b9f9d42f402581f8a2086cc5fbb29100.jpg,3,2,true,1,train,true
fashionpedia,train2020,23939,0e9e08be0ec05ec3ec52606a79ee39db.jpg,3,2,true,2,train,true
fashionpedia,train2020,23953,ed4fa0d4320a9474fcdbf9f260d5ccd9.jpg,3,2,true,2,train,true
fashionpedia,train2020,23962,96142ee924adf22d3ccc0296132fb9c2.jpg,3,2,true,1,train,true
fashionpedia,train2020,23965,d99df14ed6fef2621a92098a289d163c.jpg,3,2,true,3,train,true
fashionpedia,train2020,23969,71cf3af4bcbc0e62dfe9c38d22e4c80f.jpg,3,2,true,1,train,true
fashionpedia,train2020,23978,d85e7437c05d695acdceb0275333491e.jpg,3,2,true,2,train,true
fashionpedia,train2020,23979,e57d3c9efaa8a77b4ee73a00e20b9aff.jpg,3,2,true,2,train,true
fashionpedia,train2020,23987,33353f7bb314fb1b566e5c9e697037f6.jpg,3,2,true,2,train,true
fashionpedia,train2020,23989,fa54179c7f20b7b008cfe80a604d3fae.jpg,3,2,true,1,train,true
fashionpedia,train2020,23990,ae1a89734bf254570d7dbd8ebf7ae275.jpg,3,2,true,2,train,true
fashionpedia,train2020,24000,6d4f342d8fda13701aa52e4748b502e9.jpg,3,2,true,2,train,true
fashionpedia,train2020,24008,9dbf8b888b3a5eca34999887c1c97989.jpg,3,2,true,5,train,true
fashionpedia,train2020,24009,79599561e12e232552d19f2d9a77e569.jpg,3,2,true,2,train,true
fashionpedia,train2020,24011,af00e950e19670b845bee4f73c702f76.jpg,3,2,true,2,train,true
fashionpedia,train2020,24012,fc322d27baf286950ad3a97051bf0d2d.jpg,3,2,true,1,train,true
fashionpedia,train2020,24013,f4c226e68f48b630dfd5b8f032c281f3.jpg,3,2,true,2,train,true
fashionpedia,train2020,24015,dcfa3c39aeb65694bf01ab6a75a6a9b7.jpg,3,2,true,4,train,true
fashionpedia,train2020,24018,8f28b307219c7f81f5e2a92ca379f482.jpg,3,2,true,1,train,true
fashionpedia,train2020,24019,8808d842f7aacce9a87ab749a8f3b5e6.jpg,3,2,true,2,train,true
fashionpedia,train2020,24020,ae3ce289670a9c6466b51ec67346ffed.jpg,3,2,true,1,train,true
fashionpedia,train2020,24025,1c6416e1f433fc9e572b8cef7a87b0ec.jpg,3,2,true,2,train,true
fashionpedia,train2020,24028,8baf212beb54c9a4c85d499c3174424a.jpg,3,2,true,2,train,true
fashionpedia,train2020,24042,002037fce71bdd9046a125e6e7afc0e0.jpg,3,2,true,1,train,true
fashionpedia,train2020,24045,ef26feb1a178ba74772d59e7a9ded842.jpg,3,2,true,2,train,true
fashionpedia,train2020,24050,f1e0dbcfa3e44402c5a259bad4370535.jpg,3,2,true,1,train,true
fashionpedia,train2020,24071,518e7f9316f0b58a387535554a85c66f.jpg,3,2,true,1,train,true
fashionpedia,train2020,24080,c04bb5a3a9a18f6e86c6a62d2f07d209.jpg,3,2,true,3,train,true
fashionpedia,train2020,24081,eafd7ed85eca568c9e3130d216453cb0.jpg,3,2,true,2,train,true
fashionpedia,train2020,24084,93984e6e8aaed872da103fb0b0a12e84.jpg,3,2,true,3,train,true
fashionpedia,train2020,24091,f5af0e398304e2c22f21aea9e7feadad.jpg,3,2,true,1,train,true
fashionpedia,train2020,24100,9a43a8730bf90da5f26293c2b033563b.jpg,3,2,true,1,train,true
fashionpedia,train2020,24105,1ac59e603b3953da8460c0d086eb1cff.jpg,3,2,true,1,train,true
fashionpedia,train2020,24106,55f5955afcf7b368a0341c57b4485a87.jpg,3,2,true,1,train,true
fashionpedia,train2020,24111,0039366c35ed742e5bfc6a278b699720.jpg,3,2,true,3,train,true
fashionpedia,train2020,24113,55c4ae6204b91b74bdbd629e77299a16.jpg,3,2,true,2,train,true
fashionpedia,train2020,24120,b2b6b456dba72c2e5de226dc4e4e27e8.jpg,3,2,true,2,train,true
fashionpedia,train2020,24123,23d9585857054409c0ae4688c4ef656a.jpg,3,2,true,1,train,true
fashionpedia,train2020,24126,12924731eb13349bedce4fe111dc13a9.jpg,3,2,true,1,train,true
fashionpedia,train2020,24130,090def986b975204bda8368e8b3c335e.jpg,3,2,true,1,train,true
fashionpedia,train2020,24138,d23ef3313daa3c3d00f3216b6df4745c.jpg,3,2,true,2,train,true
fashionpedia,train2020,24140,b2631886263f4957957a7deae6066cf1.jpg,3,2,true,3,train,true
fashionpedia,train2020,24143,df2ec4e63b7c945facf6fc3b6692b8e7.jpg,3,2,true,2,train,true
fashionpedia,train2020,24151,5fdd50d0e6f450663b3014519f84765d.jpg,3,2,true,2,train,true
fashionpedia,train2020,24158,d26c4550310e82a9460197eb39dd77da.jpg,3,2,true,2,train,true
fashionpedia,train2020,24162,0e9820d551e6fd6a7c19e465915af4ec.jpg,3,2,true,2,train,true
fashionpedia,train2020,24167,dee91622b26c4623aaa3f40ff94f36bb.jpg,3,2,true,2,train,true
fashionpedia,train2020,24182,fd7d6f1103aae23fbad8eda7a89ca227.jpg,3,2,true,2,train,true
fashionpedia,train2020,24190,2b6b22a725aed331b97fa7082f1b75e2.jpg,3,2,true,1,train,true
fashionpedia,train2020,24194,9a857ec86b2e65c838e66f6cb759a979.jpg,3,2,true,3,train,true
fashionpedia,train2020,24201,dc01577764dfda80b9bdb569179da6c4.jpg,3,2,true,2,train,true
fashionpedia,train2020,24208,fbb117b1eb62ec90e45d16362765087b.jpg,3,2,true,3,train,true
fashionpedia,train2020,24210,9fecdeae095b0f231f89d09468eebde1.jpg,3,2,true,5,train,true
fashionpedia,train2020,24215,c73c78e518b5181d1b6bc81c68a697bb.jpg,3,2,true,2,train,true
fashionpedia,train2020,24229,d119aa22ce5ef9b1f2dd63b9e59a6469.jpg,3,2,true,1,train,true
fashionpedia,train2020,24231,49207f44b619d56bb1336fe905e5ae10.jpg,3,2,true,3,train,true
fashionpedia,train2020,24232,404d81b9c8007c3ccae4d3654f005f50.jpg,3,2,true,3,train,true
fashionpedia,train2020,24234,8898ca5eba82b2206b0eb90d8d0dc46c.jpg,3,2,true,1,train,true
fashionpedia,train2020,24238,4bcc5108cb81655921a66532b5f25b19.jpg,3,2,true,2,train,true
fashionpedia,train2020,24242,c54bf45bc4a125b2a47a557681c10520.jpg,3,2,true,2,train,true
fashionpedia,train2020,24243,93aa3d46a3ce3d8db80b358e5f0e761d.jpg,3,2,true,1,train,true
fashionpedia,train2020,24244,91b51823bdba5924931b39675bc57dc9.jpg,3,2,true,2,train,true
fashionpedia,train2020,24253,568f792a1c93ebbc918b64fbd2102a44.jpg,3,2,true,2,train,true
fashionpedia,train2020,24276,0a7ffd1741053f1ff4723a0fda4d5eed.jpg,3,2,true,2,train,true
fashionpedia,train2020,24284,ba6fb1ed1327d4a15e31863aa4eff374.jpg,3,2,true,2,train,true
fashionpedia,train2020,24296,9a0eb9c183adf13547dda2893ed8954d.jpg,3,2,true,1,train,true
fashionpedia,train2020,24299,4ff60b6bfa55f6c6a28991fe3669f0b2.jpg,3,2,true,3,train,true
fashionpedia,train2020,24300,41cb617b6e48901318e6deac8d439a1b.jpg,3,2,true,1,train,true
fashionpedia,train2020,24305,f2585c78567ff99c15ca54371e31401d.jpg,3,2,true,3,train,true
fashionpedia,train2020,24312,091c815792087c147e62ba8797fc47f8.jpg,3,2,true,2,train,true
fashionpedia,train2020,24320,89640854d09021da3646b73b1eb5e79d.jpg,3,2,true,2,train,true
fashionpedia,train2020,24322,caf1e3261fba6421f38bd90d905db94f.jpg,3,2,true,2,train,true
fashionpedia,train2020,24327,937669db8460a22965c68f763691b0f5.jpg,3,2,true,4,train,true
fashionpedia,train2020,24330,6b7a62b641cee9868df007c9b2a0cb21.jpg,3,2,true,1,train,true
fashionpedia,train2020,24338,cbf8dfc99c879649a755cf725247dd7e.jpg,3,2,true,2,train,true
fashionpedia,train2020,24343,3444944312f72249734b396327ef3932.jpg,3,2,true,2,train,true
fashionpedia,train2020,24348,60e1a866ab8bd5bd43d3c01b68189635.jpg,3,2,true,1,train,true
fashionpedia,train2020,24349,e4567ed2ea4ffa8de439ee6f9e9501e8.jpg,3,2,true,2,train,true
fashionpedia,train2020,24378,9a3d8380641a2e69e0dbda05fd140301.jpg,3,2,true,2,train,true
fashionpedia,train2020,24380,bafc9065d37f1409f6c7cc7172082f68.jpg,3,2,true,1,train,true
fashionpedia,train2020,24386,c594f4b60767edb278c60ac91dfd1c9d.jpg,3,2,true,2,train,true
fashionpedia,train2020,24387,fdd2cc9c6a49e6c2a2dbd1f2bb4a8042.jpg,3,2,true,3,train,true
fashionpedia,train2020,24393,100babfe98db5cdd4289d7c1ec605635.jpg,3,2,true,1,train,true
fashionpedia,train2020,24401,e57df4e75bac6d77c29f61dd9dc23240.jpg,3,2,true,3,train,true
fashionpedia,train2020,24411,1c22692c863807b61b67b78a05aa2046.jpg,3,2,true,3,train,true
fashionpedia,train2020,24420,8e63a9741b5f94b30df5c1518276f824.jpg,3,2,true,1,train,true
fashionpedia,train2020,24430,29eeb803a58e3db6a40ff37c2df9dff7.jpg,3,2,true,1,train,true
fashionpedia,train2020,24437,a755faf55da4a6bb3dabac5525d29860.jpg,3,2,true,2,train,true
fashionpedia,train2020,24454,be9ee07aa7f44a8f8b0f77cb987e6924.jpg,3,2,true,1,train,true
fashionpedia,train2020,24466,de8448c93718a0c0e1d83ad67a58fa88.jpg,3,2,true,1,train,true
fashionpedia,train2020,24470,7ac6d27937d43ddf8e3ac774cbda66ad.jpg,3,2,true,2,train,true
fashionpedia,train2020,24477,e025ec57c898ad12c6365102b01d58eb.jpg,3,2,true,1,train,true
fashionpedia,train2020,24486,26170d017c53455988b422878ce16b83.jpg,3,2,true,1,train,true
fashionpedia,train2020,24499,65741811b133eb70868454afd945e319.jpg,3,2,true,1,train,true
fashionpedia,train2020,24512,3224007ad25498038271f7a071856880.jpg,3,2,true,2,train,true
fashionpedia,train2020,24513,751000010269b9e60aad6d693bd04cb3.jpg,3,2,true,2,train,true
fashionpedia,train2020,24520,dc29cd2c55e1cd024ea4545753bfad93.jpg,3,2,true,2,train,true
fashionpedia,train2020,24526,2884b6eb39ed544acf20e6004a7ecdef.jpg,3,2,true,3,train,true
fashionpedia,train2020,24529,4a355228ab5a2bb08f95c93d90bb99f0.jpg,3,2,true,3,train,true
fashionpedia,train2020,24532,7f77f10192f3b4b61f19c882129d5b2f.jpg,3,2,true,3,train,true
fashionpedia,train2020,24537,1639d48edd4dba5d34502a6cfafe2980.jpg,3,2,true,2,train,true
fashionpedia,train2020,24538,4d1a8c1562460f69043ed4e6031c2ed2.jpg,3,2,true,1,train,true
fashionpedia,train2020,24548,ecd214d634a4ac1da330254cb15cc6cd.jpg,3,2,true,2,train,true
fashionpedia,train2020,24550,1c6e7bd248bfa3fe2caf1e537262a4d9.jpg,3,2,true,1,train,true
fashionpedia,train2020,24557,af590a759d5973a70dabca5b0079b95e.jpg,3,2,true,1,train,true
fashionpedia,train2020,24558,0c61dcbd7270f40b5d92637e61640b22.jpg,3,2,true,4,train,true
fashionpedia,train2020,24563,f0a70abee74b35dd4e97ebed74499a92.jpg,3,2,true,2,train,true
fashionpedia,train2020,24589,48f5a4b8850ae78217514d0ca9e89453.jpg,3,2,true,3,train,true
fashionpedia,train2020,24590,e747b6ceb83f4c51c0be7a3eb95ca81d.jpg,3,2,true,1,train,true
fashionpedia,train2020,24594,1971d3a1c6a624196784d25c67f4752f.jpg,3,2,true,1,train,true
fashionpedia,train2020,24600,43fddabe77c28794bc82d82481b5572a.jpg,3,2,true,1,train,true
fashionpedia,train2020,24602,6cd5eb5f9e151f3db6886f383bf7e1e5.jpg,3,2,true,1,train,true
fashionpedia,train2020,24608,3b305bfc4d6ca24cd9a968f8dc2a52f0.jpg,3,2,true,2,train,true
fashionpedia,train2020,24613,5f66e338b5e95b7ef0f1bcd72cc7d8e7.jpg,3,2,true,3,train,true
fashionpedia,train2020,24624,20bcc982aff30fc061d89e3801a06f1f.jpg,3,2,true,3,train,true
fashionpedia,train2020,24626,e4d231b088a6ac09bbc1355b67ead4db.jpg,3,2,true,3,train,true
fashionpedia,train2020,24641,e25d95454d5c17235aefe96f28e1de1b.jpg,3,2,true,2,train,true
fashionpedia,train2020,24644,354d84204e48e1593fa4f1cc123dc85e.jpg,3,2,true,2,train,true
fashionpedia,train2020,24650,ec8af9c6cdd3cf5c9c8aa731375c6908.jpg,3,2,true,2,train,true
fashionpedia,train2020,24668,67a99bf9329bee3c21a8a68af971c938.jpg,3,2,true,2,train,true
fashionpedia,train2020,24677,527512a0cfff5e9af75adbe785d66620.jpg,3,2,true,2,train,true
fashionpedia,train2020,24691,32f0b1cf9430b37f1b615ef347493dd5.jpg,3,2,true,1,train,true
fashionpedia,train2020,24695,65d2cbadb825dde67937e5e370a98781.jpg,3,2,true,1,train,true
fashionpedia,train2020,24698,293139d0110b6a9f4bca800d208462ab.jpg,3,2,true,2,train,true
fashionpedia,train2020,24702,92d6ccfa7d3619f7f28a4b347fea5ff3.jpg,3,2,true,2,train,true
fashionpedia,train2020,24707,13ef6c7655152dbd34951ca930be038d.jpg,3,2,true,3,train,true
fashionpedia,train2020,24715,f30a8115ac9c0a281245d83312afdecb.jpg,3,2,true,1,train,true
fashionpedia,train2020,24722,843871e0d34eba265d010174ae9675d5.jpg,3,2,true,1,train,true
fashionpedia,train2020,24733,586b42267796b23553513f7e5dacafda.jpg,3,2,true,1,train,true
fashionpedia,train2020,24741,9f54e869d7e7993377fefce228069cee.jpg,3,2,true,2,train,true
fashionpedia,train2020,24743,e2d2fb941e6bbcff40a07e7cb7eba337.jpg,3,2,true,1,train,true
fashionpedia,train2020,24744,be4efeedeac2ac9f5442f25943801f78.jpg,3,2,true,3,train,true
fashionpedia,train2020,24750,b708f822608b3175341676b31441478d.jpg,3,2,true,2,train,true
fashionpedia,train2020,24757,b8c6e2fb958e2cee4f3327b2d6055fde.jpg,3,2,true,1,train,true
fashionpedia,train2020,24759,10a7ebf1e575beff6941b0704ee293b0.jpg,3,2,true,3,train,true
fashionpedia,train2020,24767,3446ca9f2f2ad011796f2d6ac860df1a.jpg,3,2,true,1,train,true
fashionpedia,train2020,24773,2ec163613b0a9189aaddc8bb4bbbc8e9.jpg,3,2,true,1,train,true
fashionpedia,train2020,24788,e84b453dce649c6d4c673644b26b73d1.jpg,3,2,true,0,selected_no_valid_crop,false
fashionpedia,train2020,24792,938dfdc752912489c1a7f91a924346e3.jpg,3,2,true,2,train,true
fashionpedia,train2020,24801,62da76bf8a1563322339fcecb1cc035f.jpg,3,2,true,4,train,true
fashionpedia,train2020,24806,d6f25566dc794e537c537c1c027e3370.jpg,3,2,true,2,train,true
fashionpedia,train2020,24807,e1ee1c84d27fd416ea7dae1e6736f575.jpg,3,2,true,2,train,true
fashionpedia,train2020,24825,77ce5a5abfd7bb19ded549ec235dc6a4.jpg,3,2,true,2,train,true
fashionpedia,train2020,24826,7f01eeaf18fbcdfd9dd0117ae6dc4aec.jpg,3,2,true,1,train,true
fashionpedia,train2020,24839,619bc06fcab7ff0a192dc360e43ab12b.jpg,3,2,true,2,train,true
fashionpedia,train2020,24851,394cf1929558cd5ae2cf32f4b99a9307.jpg,3,2,true,1,train,true
fashionpedia,train2020,24853,44a6254f78883f9c39badb96ab8712fd.jpg,3,2,true,1,train,true
fashionpedia,train2020,24856,66624cfd21eccb21b2cd5142eff8bbd5.jpg,3,2,true,1,train,true
fashionpedia,train2020,24866,d69473c01c9ef66c79732ba805062264.jpg,3,2,true,3,train,true
fashionpedia,train2020,24880,fe2c27c3d4a4cc24c43327f44758ac43.jpg,3,2,true,2,train,true
fashionpedia,train2020,24886,8a682808c2116470c627dfcaf81ed5d5.jpg,3,2,true,1,train,true
fashionpedia,train2020,24888,ef729e4ac9bfb2201992f6b0efbee29e.jpg,3,2,true,1,train,true
fashionpedia,train2020,24892,2219300f12ef61b4e33081b9769a43fc.jpg,3,2,true,2,train,true
fashionpedia,train2020,24895,e256f38eb691f6ed691f66aa03f5c758.jpg,3,2,true,1,train,true
fashionpedia,train2020,24901,a17a4bbd86ceb5cb0a5213f1dd42fe33.jpg,3,2,true,1,train,true
fashionpedia,train2020,24907,d0f6e85d17ceaf5deaa12ee5162de4ca.jpg,3,2,true,2,train,true
fashionpedia,train2020,24908,fcc894a1edab6c3e275356e505cd153b.jpg,3,2,true,2,train,true
fashionpedia,train2020,24912,a2c2dca48f41cb319d9acd650e3eb1fd.jpg,3,2,true,3,train,true
fashionpedia,train2020,24916,3ee26db7e4b37c2e34205f5701fe1c5c.jpg,3,2,true,2,train,true
fashionpedia,train2020,24926,0aa55eac7d3adef2b957cb0f4ffa0363.jpg,3,2,true,1,train,true
fashionpedia,train2020,24933,27629db05cb458c1d3a110c32f8f078c.jpg,3,2,true,1,train,true
fashionpedia,train2020,24940,d7ee2f2f6d07f9c257185be6cbd463c0.jpg,3,2,true,2,train,true
fashionpedia,train2020,24942,c3b2b10b066d3d84c211bb65410dcec9.jpg,3,2,true,2,train,true
fashionpedia,train2020,24943,64bb215439291df21710bb9908611daf.jpg,3,2,true,1,train,true
fashionpedia,train2020,24948,65ff9f98a9129892892f82bf1b933c9a.jpg,3,2,true,1,train,true
fashionpedia,train2020,24949,a9708eae896b0527e076077cf48d10e7.jpg,3,2,true,3,train,true
fashionpedia,train2020,24952,0ef72436fc2c89077e62e4ca1b03cb60.jpg,3,2,true,1,train,true
fashionpedia,train2020,24953,9535d96d6259081fc5a3692d5dcca682.jpg,3,2,true,2,train,true
fashionpedia,train2020,24954,56af22fce6d10681066dbecb86d826b0.jpg,3,2,true,3,train,true
fashionpedia,train2020,24975,6bd9373c29a0dfd5b4ee636292af0e29.jpg,3,2,true,3,train,true
fashionpedia,train2020,24983,81c0e0d287a0ce0dd7eadbad39de7ae7.jpg,3,2,true,1,train,true
fashionpedia,train2020,24984,c6b5c3cfa8f7247c9456e01b7c824f3f.jpg,3,2,true,2,train,true
fashionpedia,train2020,24994,9879c527f2d7905bd10707ac9bca2c7d.jpg,3,2,true,3,train,true
fashionpedia,train2020,24996,07224b418160d254da9bef7c16fcfa52.jpg,3,2,true,1,train,true
fashionpedia,train2020,25014,f4ceb6719d9be78c7f999304dd062bd9.jpg,3,2,true,3,train,true
fashionpedia,train2020,25015,54327681a7f74bd7a4ebc5f250045bf6.jpg,3,2,true,1,train,true
fashionpedia,train2020,25019,7dd89d0430e930991f225de4ab1d9f01.jpg,3,2,true,3,train,true
fashionpedia,train2020,25020,0fe4636d2d6a34e33394271fe0c962c8.jpg,3,2,true,1,train,true
fashionpedia,train2020,25021,a8ada222e7cbefb184cd94385fab17a1.jpg,3,2,true,1,train,true
fashionpedia,train2020,25029,ebbdbaba83852b5bfceff19a3f85235f.jpg,3,2,true,1,train,true
fashionpedia,train2020,25035,e528c8da0240a852f3a0cc672bb823c3.jpg,3,2,true,2,train,true
fashionpedia,train2020,25037,98a8f26b81fa19dfd8db66f1a1cab521.jpg,3,2,true,1,train,true
fashionpedia,train2020,25041,441449a8bca778d4b9236b62ef529e01.jpg,3,2,true,1,train,true
fashionpedia,train2020,25049,9a2a0ba8012f757de6fa0e4ded15b03d.jpg,3,2,true,1,train,true
fashionpedia,train2020,25055,66406980af0a89793c6b5b9ddf5ec07f.jpg,3,2,true,3,train,true
fashionpedia,train2020,25057,d54fff085b1eda9f8e9906722ef9e8ee.jpg,3,2,true,1,train,true
fashionpedia,train2020,25065,fca51558c240f8471849416161032d07.jpg,3,2,true,3,train,true
fashionpedia,train2020,25070,e3618a534c8ad1ffb2dd5847edb7ca61.jpg,3,2,true,1,train,true
fashionpedia,train2020,25079,fc1c434866807cb371586394b7ea1598.jpg,3,2,true,1,train,true
fashionpedia,train2020,25082,2c07f779cddffd7c011f33ed2c47266c.jpg,3,2,true,3,train,true
fashionpedia,train2020,25094,98af188eec4b4aaf66513b03bed59ea5.jpg,3,2,true,1,train,true
fashionpedia,train2020,25096,b5d10c91f564f49eb682ae3c664bf8d1.jpg,3,2,true,2,train,true
fashionpedia,train2020,25098,1bf24b2d8bb0e20d8f0c843bb8e7ab50.jpg,3,2,true,3,train,true
fashionpedia,train2020,25109,a66e15e515a8edf71faf815ca959b86e.jpg,3,2,true,1,train,true
fashionpedia,train2020,25114,1d24bf20f3a6495ee342adbc0170adbf.jpg,3,2,true,2,train,true
fashionpedia,train2020,25116,d4cda0c4953fff50aecab2a80052c43c.jpg,3,2,true,1,train,true
fashionpedia,train2020,25118,09ad578be5c4671658a23c5424e360f6.jpg,3,2,true,2,train,true
fashionpedia,train2020,25119,f430163fb4790464ea7fb60a2d6c2c74.jpg,3,2,true,2,train,true
fashionpedia,train2020,25124,3c7d152927694dffa2e052575c9da1d8.jpg,3,2,true,1,train,true
fashionpedia,train2020,25147,4077733a745d334775740bd4206bf361.jpg,3,2,true,1,train,true
fashionpedia,train2020,25152,a6e7a4137d03b1d9e1763cb803724607.jpg,3,2,true,1,train,true
fashionpedia,train2020,25155,73590264e161005f76bdff5753fbe87d.jpg,3,2,true,2,train,true
fashionpedia,train2020,25162,91ac0dd02a37e1852bbdb85541d7c40f.jpg,3,2,true,2,train,true
fashionpedia,train2020,25163,5869549488cdaa257699e163733990c5.jpg,3,2,true,3,train,true
fashionpedia,train2020,25171,1f58bf335c730ffd2c4d5aa6fddea0ca.jpg,3,2,true,3,train,true
fashionpedia,train2020,25172,2938003142de06b30953608fd456aaba.jpg,3,2,true,1,train,true
fashionpedia,train2020,25183,392495bb869764e784218c07cd768ed1.jpg,3,2,true,2,train,true
fashionpedia,train2020,25210,dfaebb8eecbd1ba8865e92e972e67db6.jpg,3,2,true,2,train,true
fashionpedia,train2020,25211,c8b872e7aec69ef77de9376a3edbe38f.jpg,3,2,true,1,train,true
fashionpedia,train2020,25217,03732d448d7d84134c8a99a61a61670f.jpg,3,2,true,3,train,true
fashionpedia,train2020,25228,34f0ecea8878019cf9f3508c74230a6b.jpg,3,2,true,2,train,true
fashionpedia,train2020,25231,b38feb4c5bcc850fe3c712d9344c1058.jpg,3,2,true,2,train,true
fashionpedia,train2020,25233,367611f134cd9fcd69cda6f0b2ddbc41.jpg,3,2,true,2,train,true
fashionpedia,train2020,25240,921490cfef4067f4ea2e86c160d97f9a.jpg,3,2,true,1,train,true
fashionpedia,train2020,25243,e56f78f842f6463dfe457b57c57a2880.jpg,3,2,true,2,train,true
fashionpedia,train2020,25253,b6e15004cc278981b356f0c6e33be9ca.jpg,3,2,true,2,train,true
fashionpedia,train2020,25266,399fe045f9f870bc934dcfcbc671ce24.jpg,3,2,true,1,train,true
fashionpedia,train2020,25269,f92797106d23c50a4fa0d936df5702e2.jpg,3,2,true,2,train,true
fashionpedia,train2020,25275,498889504b09d7ec5dabb7e8883abf14.jpg,3,2,true,1,train,true
fashionpedia,train2020,25280,a1043418e993f04fe0f6fe423dbf9956.jpg,3,2,true,2,train,true
fashionpedia,train2020,25282,05cab76a29396d2db5225e937342c9e6.jpg,3,2,true,2,train,true
fashionpedia,train2020,25283,8ea81d3a0343bbc3b638ab6ea775c363.jpg,3,2,true,2,train,true
fashionpedia,train2020,25285,e6b33f40164946fbde7853d7201a5dcf.jpg,3,2,true,2,train,true
fashionpedia,train2020,25287,0dcc42e5b9f860ec460dce9e45780dcd.jpg,3,2,true,3,train,true
fashionpedia,train2020,25291,a638e002db4ed5db18582db598ce2843.jpg,3,2,true,2,train,true
fashionpedia,train2020,25295,b950a5a2da0cddbf5f10c77929c5474f.jpg,3,2,true,2,train,true
fashionpedia,train2020,25300,d872dd8c67516cf700b1f5a4b46daf3a.jpg,3,2,true,4,train,true
fashionpedia,train2020,25301,200ebc70f7c0e5b5e0acbc416075d12f.jpg,3,2,true,1,train,true
fashionpedia,train2020,25302,267103bd2c7549cf3feea173d9e07364.jpg,3,2,true,3,train,true
fashionpedia,train2020,25305,f3b81c00d0167ccead8127867c88c6d4.jpg,3,2,true,2,train,true
fashionpedia,train2020,25306,d78ca2fe555414a4734f2b24e15db181.jpg,3,2,true,2,train,true
fashionpedia,train2020,25308,c461704d92742125ecac867af99be9fb.jpg,3,2,true,2,train,true
fashionpedia,train2020,25311,46f60d1910f0ac03dfd79900f8283b0b.jpg,3,2,true,1,train,true
fashionpedia,train2020,25318,445a9f7d98e19b29931339c4fa368b02.jpg,3,2,true,2,train,true
fashionpedia,train2020,25319,94944810707678e643914598c066b69e.jpg,3,2,true,3,train,true
fashionpedia,train2020,25322,0ddc95c74196464e66d2a4b265ea4c2d.jpg,3,2,true,1,train,true
fashionpedia,train2020,25323,5c419218feb3c356af6a3f13bd6f6750.jpg,3,2,true,3,train,true
fashionpedia,train2020,25331,de1b3d864edbb3e36ad92ad98155ffad.jpg,3,2,true,1,train,true
fashionpedia,train2020,25336,a95345bc5cf2d5c854853144d135aad8.jpg,3,2,true,2,train,true
fashionpedia,train2020,25339,fd9a7e0c04aab597f88dd6dbb6ce2fc9.jpg,3,2,true,3,train,true
fashionpedia,train2020,25344,8848ab0c7a7e7154ac4233fa55a0358c.jpg,3,2,true,1,train,true
fashionpedia,train2020,25368,a8943387d3b77cf7a9585cff175e3619.jpg,3,2,true,2,train,true
fashionpedia,train2020,25371,6738823d185081f48a20ecdb94fc704e.jpg,3,2,true,3,train,true
fashionpedia,train2020,25373,327e5aa6b1b32ca1e692fc4621c96023.jpg,3,2,true,2,train,true
fashionpedia,train2020,25375,6a4517ee51202c2464685c5b5231449d.jpg,3,2,true,3,train,true
fashionpedia,train2020,25378,eee949b4466e54a1fb904039de1c2f95.jpg,3,2,true,3,train,true
fashionpedia,train2020,25382,4f28390fee663a5131fedf0e64f74bf6.jpg,3,2,true,3,train,true
fashionpedia,train2020,25385,5b2ae881630605acca2e9aec612d29c7.jpg,3,2,true,2,train,true
fashionpedia,train2020,25404,538a099855f1df795c4ae36254cfefed.jpg,3,2,true,1,train,true
fashionpedia,train2020,25417,be52da2a21e7981571687cb45b5d9685.jpg,3,2,true,1,train,true
fashionpedia,train2020,25419,7c623d68a5c2db06787ae37b319bb7c1.jpg,3,2,true,1,train,true
fashionpedia,train2020,25420,62ca52f518df1bd19a41ed295e2cf8f5.jpg,3,2,true,1,train,true
fashionpedia,train2020,25423,988236800e1f8a6582d700c2dcd02a56.jpg,3,2,true,2,train,true
fashionpedia,train2020,25426,9d1eb12bc8a1696f38f42a23114d1549.jpg,3,2,true,2,train,true
fashionpedia,train2020,25433,27544cdb1c42e5076eb9db17dffaeded.jpg,3,2,true,1,train,true
fashionpedia,train2020,25435,09d118e5663128e418c292e5e5e0c708.jpg,3,2,true,1,train,true
fashionpedia,train2020,25443,1645af4148da82b81b6766dcff00034c.jpg,3,2,true,1,train,true
fashionpedia,train2020,25450,b1d6a6e1edc6e00fd15503443572ee0a.jpg,3,2,true,1,train,true
fashionpedia,train2020,25454,8dc8af1f752fdb47b438c90368f353da.jpg,3,2,true,3,train,true
fashionpedia,train2020,25455,f83150cb6a835f897a6a8eaedd0c4101.jpg,3,2,true,2,train,true
fashionpedia,train2020,25457,f1ea2b7c3fd611207480aac5e5cec379.jpg,3,2,true,2,train,true
fashionpedia,train2020,25464,e20f5cb9c23fd568637abfb494840beb.jpg,3,2,true,1,train,true
fashionpedia,train2020,25469,37d487a4efa56d0e828a0f634c09d02f.jpg,3,2,true,1,train,true
fashionpedia,train2020,25475,4c70abac77796c931e808e7ba7293849.jpg,3,2,true,2,train,true
fashionpedia,train2020,25482,0facd6d4f95ec6b6bffb4bd450cccf15.jpg,3,2,true,1,train,true
fashionpedia,train2020,25483,ed68a84aed849b57aba4bc49cc39923d.jpg,3,2,true,3,train,true
fashionpedia,train2020,25492,6cd0f42d6254921a57977fbb773cb719.jpg,3,2,true,3,train,true
fashionpedia,train2020,25494,ece14f639e7782e2fe0b2b649e78066f.jpg,3,2,true,1,train,true
fashionpedia,train2020,25495,4308b0c3790f8718902aeca56abc30da.jpg,3,2,true,1,train,true
fashionpedia,train2020,25501,d70fe6a5825bd97d435a0ab0fe553256.jpg,3,2,true,1,train,true
fashionpedia,train2020,25512,18c828e04a9b8193bab8fae0c2e15827.jpg,3,2,true,1,train,true
fashionpedia,train2020,25523,a64b820f0407869ab6945e436e5ddb20.jpg,3,2,true,1,train,true
fashionpedia,train2020,25528,c0eed9f267ab258785844d0152d35221.jpg,3,2,true,2,train,true
fashionpedia,train2020,25545,17a8112470373adb8b191f6e89d8590c.jpg,3,2,true,1,train,true
fashionpedia,train2020,25546,7699edd20e988aaa81e92e205e736fed.jpg,3,2,true,1,train,true
fashionpedia,train2020,25550,2f55d8ea3853bfe6009404994ea3b4ae.jpg,3,2,true,3,train,true
fashionpedia,train2020,25552,9363869b17c84fd5c964a9313729a981.jpg,3,2,true,2,train,true
fashionpedia,train2020,25557,b43f5ce106b71dc164b7333de46487ee.jpg,3,2,true,1,train,true
fashionpedia,train2020,25558,b438e70eaf13334f4d8776bc73ca0eee.jpg,3,2,true,2,train,true
fashionpedia,train2020,25567,cfda1a66ae5a9210c140a8757e6b2f02.jpg,3,2,true,3,train,true
fashionpedia,train2020,25572,afcd223dc5013c63d3185628594ae6af.jpg,3,2,true,1,train,true
fashionpedia,train2020,25580,c06e6c6c45853e09ae966a8be11b559d.jpg,3,2,true,1,train,true
fashionpedia,train2020,25604,229358cc1598521e37be4c113ff5b9df.jpg,3,2,true,1,train,true
fashionpedia,train2020,25609,26af5cbe365b72eb38e66bd522bfd2b7.jpg,3,2,true,2,train,true
fashionpedia,train2020,25621,245ca5f4bc0a3ca8b9766538cb753a6f.jpg,3,2,true,2,train,true
fashionpedia,train2020,25632,28fc010df1628651ca325d98b7763576.jpg,3,2,true,2,train,true
fashionpedia,train2020,25633,2820694f14a23a75d615112b4da7b506.jpg,3,2,true,2,train,true
fashionpedia,train2020,25639,14552c0e04209138fce1cce713e105c1.jpg,3,2,true,2,train,true
fashionpedia,train2020,25647,03e2041fde455e51f701bde022e69da6.jpg,3,2,true,1,train,true
fashionpedia,train2020,25659,192667fd4f986bf37ad238cfb6905329.jpg,3,2,true,2,train,true
fashionpedia,train2020,25660,a7f454cacf8c2669cee89aa36c3c947d.jpg,3,2,true,1,train,true
fashionpedia,train2020,25667,22bf8df2b4575ab8c91c4db489f7161f.jpg,3,2,true,1,train,true
fashionpedia,train2020,25671,def958b7fa296e195e82b16b54d71b46.jpg,3,2,true,2,train,true
fashionpedia,train2020,25673,dc923ed9991542cbd649e1260c22121a.jpg,3,2,true,1,train,true
fashionpedia,train2020,25680,52d4ee16581205fefc2a40990b9a3823.jpg,3,2,true,1,train,true
fashionpedia,train2020,25683,b231b1c6c8598291addab0fed698815c.jpg,3,2,true,2,train,true
fashionpedia,train2020,25687,b29e42d51403f96a512dfa04cc9f189a.jpg,3,2,true,2,train,true
fashionpedia,train2020,25688,a6865abd1d7a422210fb9b184d29e8b6.jpg,3,2,true,1,train,true
fashionpedia,train2020,25692,8fdc384351344ce85270eead7b8936a4.jpg,3,2,true,1,train,true
fashionpedia,train2020,25695,4c29d617a37fa6a0eaff53cf48c443f2.jpg,3,2,true,2,train,true
fashionpedia,train2020,25696,aece56335e5ea457f7a2c62a53f5a5fd.jpg,3,2,true,1,train,true
fashionpedia,train2020,25699,8f6f7c2050717228eea35670653dbb09.jpg,3,2,true,2,train,true
fashionpedia,train2020,25707,1880cd97f154be36c0690732e0be8868.jpg,3,2,true,1,train,true
fashionpedia,train2020,25710,d1e0504f811bffd8e77339ae7e370ad2.jpg,3,2,true,1,train,true
fashionpedia,train2020,25721,ad1c0b2ba1924b57aaca1455b177fee3.jpg,3,2,true,1,train,true
fashionpedia,train2020,25724,14d4cbc0a822bf6d936c3aea314b288e.jpg,3,2,true,2,train,true
fashionpedia,train2020,25727,098b51025d199dab4f4c5a254d6dc15a.jpg,3,2,true,2,train,true
fashionpedia,train2020,25735,df221563790f2776b567e22d41195c51.jpg,3,2,true,1,train,true
fashionpedia,train2020,25743,ef0669c0906fd5b89800dacf41baa51f.jpg,3,2,true,3,train,true
fashionpedia,train2020,25751,b2bca1bb308668f121063b157c883737.jpg,3,2,true,1,train,true
fashionpedia,train2020,25763,a696e60da3f061a00a0999e8d2d16b51.jpg,3,2,true,4,train,true
fashionpedia,train2020,25781,f322a1ba542cb5fbbb80ead66bf48b4a.jpg,3,2,true,1,train,true
fashionpedia,train2020,25783,413d83d50879bd27cdfd71561cb9a91e.jpg,3,2,true,3,train,true
fashionpedia,train2020,25784,5943add0ba98f6b6dfcc3d11b27c0226.jpg,3,2,true,2,train,true
fashionpedia,train2020,25788,900d8ae67a4767ee2c819952f83895fa.jpg,3,2,true,2,train,true
fashionpedia,train2020,25789,a29afba47d025d645c02793a7fce4c1c.jpg,3,2,true,2,train,true
fashionpedia,train2020,25790,35c88ec7af0c03ef72cbd2d5a32af263.jpg,3,2,true,2,train,true
fashionpedia,train2020,25794,c9f28f5d6b424127a997a9cd22a07056.jpg,3,2,true,1,train,true
fashionpedia,train2020,25798,b10112977304fcd9b8da30935c138cf0.jpg,3,2,true,2,train,true
fashionpedia,train2020,25800,37145f6fa6d6b3d6a60f507bc6f63bc5.jpg,3,2,true,3,train,true
fashionpedia,train2020,25805,3bd79542daf5f9fcc350a0b2d9704b29.jpg,3,2,true,2,train,true
fashionpedia,train2020,25812,cada9b20fa3d8dba537fd001ac66d44d.jpg,3,2,true,1,train,true
fashionpedia,train2020,25826,d5e14587aa3bf9fb2c09900b668aef3d.jpg,3,2,true,1,train,true
fashionpedia,train2020,25835,9796ef05ff42fcf7447f65b6ffc2b6f7.jpg,3,2,true,1,train,true
fashionpedia,train2020,25851,43e6199fa4c434f4609003daafab7029.jpg,3,2,true,1,train,true
fashionpedia,train2020,25859,089176efa45d5789b381322ade6df638.jpg,3,2,true,3,train,true
fashionpedia,train2020,25861,3ded0ca6ff570be8deb5af7cceb1d51d.jpg,3,2,true,1,train,true
fashionpedia,train2020,25882,e92cdc0de8e2998532f2969d6fb612b6.jpg,3,2,true,1,train,true
fashionpedia,train2020,25887,e0be1d26d98053ab798c48c20475972d.jpg,3,2,true,1,train,true
fashionpedia,train2020,25891,ad5354b7703e1d92257a3543c133580a.jpg,3,2,true,1,train,true
fashionpedia,train2020,25899,ada34958ef06dde21a3cec9949b60078.jpg,3,2,true,1,train,true
fashionpedia,train2020,25900,89392da3e377722c9664d4a5014d674d.jpg,3,2,true,1,train,true
fashionpedia,train2020,25902,8aa25ce965c3a23dee31bcdabb4ac062.jpg,3,2,true,2,train,true
fashionpedia,train2020,25907,e72d9fd25211d20139899a9268f2a788.jpg,3,2,true,1,train,true
fashionpedia,train2020,25917,db65c4412b25090d79a21034f04c46c4.jpg,3,2,true,1,train,true
fashionpedia,train2020,25918,499a9c03fefe97d31165d94ce1300cc9.jpg,3,2,true,2,train,true
fashionpedia,train2020,25930,a914c216f79dbc7090b13f5a1c8155f8.jpg,3,2,true,2,train,true
fashionpedia,train2020,25944,126c850934d8aaf6c9f64e7fd94165ea.jpg,3,2,true,3,train,true
fashionpedia,train2020,25947,b7a041c5fa645d4aae15a0e286a16d64.jpg,3,2,true,1,train,true
fashionpedia,train2020,25973,3207e4d8255830dc0415df8d3acb9cd3.jpg,3,2,true,1,train,true
fashionpedia,train2020,25980,0831bac15354f64377925fe102b8b432.jpg,3,2,true,1,train,true
fashionpedia,train2020,25981,8d30aeed124e9a994f51147277c544d3.jpg,3,2,true,1,train,true
fashionpedia,train2020,25992,10a1bca978a90b6f77ffe6a1626b31af.jpg,3,2,true,4,train,true
fashionpedia,train2020,25997,1b126c5a99ecf78c0f33276085894503.jpg,3,2,true,3,train,true
fashionpedia,train2020,26007,4bb30c71a5f5b63c6086472212858522.jpg,3,2,true,1,train,true
fashionpedia,train2020,26015,7dd923cfb5d23b4df7e269cd040f4799.jpg,3,2,true,1,train,true
fashionpedia,train2020,26016,e056dbe58f7878b35751276caaac4c49.jpg,3,2,true,5,train,true
fashionpedia,train2020,26020,7988a82f00dbd30a0feb8637253605e4.jpg,3,2,true,3,train,true
fashionpedia,train2020,26023,68ba0a9717a6eb9be270d6b9540c899b.jpg,3,2,true,1,train,true
fashionpedia,train2020,26027,5259e70212630ffd3476a03eeba99e27.jpg,3,2,true,3,train,true
fashionpedia,train2020,26033,630b4ccaf83d9e5f4a44da043789b75c.jpg,3,2,true,1,train,true
fashionpedia,train2020,26041,6f61a2519054e5658917d2538784ab3c.jpg,3,2,true,1,train,true
fashionpedia,train2020,26043,1f293bd308721be2a41776ec28d924ad.jpg,3,2,true,3,train,true
fashionpedia,train2020,26049,dd303e066bf76e762d76a09c0cd73050.jpg,3,2,true,1,train,true
fashionpedia,train2020,26055,89ea682a2b84474100ab41faa6e42721.jpg,3,2,true,2,train,true
fashionpedia,train2020,26066,1ff78ee2dfd85980446ee01926fa7b52.jpg,3,2,true,1,train,true
fashionpedia,train2020,26071,3f64e10a029a937092db64c95094ca92.jpg,3,2,true,1,train,true
fashionpedia,train2020,26072,cc086c13b65b6a9a49ebcc048570a96d.jpg,3,2,true,1,train,true
fashionpedia,train2020,26078,c976d7cee6a1d57736f08647508dfc67.jpg,3,2,true,1,train,true
fashionpedia,train2020,26084,05948fa4e241dd276b2a98c80cc43ec2.jpg,3,2,true,1,train,true
fashionpedia,train2020,26103,f967a2f9e69968b04f70344ba0bae8f1.jpg,3,2,true,4,train,true
fashionpedia,train2020,26120,1efcb7994eaccb4964d8a51ab1ad34e7.jpg,3,2,true,1,train,true
fashionpedia,train2020,26130,4f1c33842abdf034d64c64545cea296c.jpg,3,2,true,1,train,true
fashionpedia,train2020,26137,37b27e3bbae127095d8a15f27fedad3b.jpg,3,2,true,2,train,true
fashionpedia,train2020,26139,f92553afa66d217cb5fe762ccd51c0ac.jpg,3,2,true,3,train,true
fashionpedia,train2020,26166,61ec4db2f0e1cbaea2ea510d8ad11aa8.jpg,3,2,true,4,train,true
fashionpedia,train2020,26167,4b296a7fe1288776c5747ff29d413b3a.jpg,3,2,true,2,train,true
fashionpedia,train2020,26170,f32e0f2d76aa48686c5ccf49a8b9d15f.jpg,3,2,true,2,train,true
fashionpedia,train2020,26172,6f29944787ce045d0520549f8ced6751.jpg,3,2,true,1,train,true
fashionpedia,train2020,26177,6bb4bcb0baaa5015d93c42f6c1cee344.jpg,3,2,true,1,train,true
fashionpedia,train2020,26185,9cd315630fb854d6e1be1ef36a9363bb.jpg,3,2,true,1,train,true
fashionpedia,train2020,26190,e0f572367a3f2c534c97bff8ef9a3d9f.jpg,3,2,true,2,train,true
fashionpedia,train2020,26203,2a674545485921a4fb3f90848e8621f3.jpg,3,2,true,2,train,true
fashionpedia,train2020,26205,9e9d3c6507f5e37bf45167490d67875d.jpg,3,2,true,1,train,true
fashionpedia,train2020,26207,50949c49f976ea21bdb4f38b1c152a40.jpg,3,2,true,2,train,true
fashionpedia,train2020,26215,5f418254592c7ea20a19022cd344d294.jpg,3,2,true,1,train,true
fashionpedia,train2020,26224,5118ff9354fff88b3d4dbb4756d056fd.jpg,3,2,true,1,train,true
fashionpedia,train2020,26228,238391c0795932389809ddee6b66529c.jpg,3,2,true,1,train,true
fashionpedia,train2020,26232,78818f4c8063862e082e42c812ff6bfe.jpg,3,2,true,3,train,true
fashionpedia,train2020,26234,e581a401c0e65b3fb7466176fffc2333.jpg,3,2,true,2,train,true
fashionpedia,train2020,26249,1e82dac8d7eaa916a42fdce31eafa159.jpg,3,2,true,1,train,true
fashionpedia,train2020,26258,b4458173ebed1e53cc396fe0c41904b5.jpg,3,2,true,1,train,true
fashionpedia,train2020,26259,d11fdc57a4139e147b9140f4b260ca70.jpg,3,2,true,2,train,true
fashionpedia,train2020,26261,2783d5974546c8eff9c8089c38fbd085.jpg,3,2,true,1,train,true
fashionpedia,train2020,26265,46339fc53b14ca0f4be86259a0119e0b.jpg,3,2,true,2,train,true
fashionpedia,train2020,26270,8859b3b87a8fae32477d6b2f2190e9b4.jpg,3,2,true,2,train,true
fashionpedia,train2020,26272,20ab13874d61611a638660af49e7cabb.jpg,3,2,true,1,train,true
fashionpedia,train2020,26300,8ce8340051e67024bc7ffc989941c12f.jpg,3,2,true,1,train,true
fashionpedia,train2020,26308,aa66de442cac685251f3085edb0c411a.jpg,3,2,true,3,train,true
fashionpedia,train2020,26319,8ec4479d5dd8de5ec6f448c3101a466e.jpg,3,2,true,2,train,true
fashionpedia,train2020,26321,751a72e947a50e9d7178fe4789584a6d.jpg,3,2,true,3,train,true
fashionpedia,train2020,26326,9ffb99fe0cdf3636d2a2faa27ce5edf2.jpg,3,2,true,1,train,true
fashionpedia,train2020,26331,2cb54d866e333be8d9019989a32b38e5.jpg,3,2,true,1,train,true
fashionpedia,train2020,26336,2053c399fc8172f64dd97057e6a7298c.jpg,3,2,true,1,train,true
fashionpedia,train2020,26340,1fef550f269368a455ec1d6ef1678b5b.jpg,3,2,true,2,train,true
fashionpedia,train2020,26349,e2d7249723df72a97eba7266e41940e5.jpg,3,2,true,1,train,true
fashionpedia,train2020,26373,96ebd6b2e95dad41f861bcd33c3ba57f.jpg,3,2,true,1,train,true
fashionpedia,train2020,26377,12fb2ff8792404c5fec1d281018153f8.jpg,3,2,true,1,train,true
fashionpedia,train2020,26380,a66eb37effdfa0803716946496e18016.jpg,3,2,true,2,train,true
fashionpedia,train2020,26382,1459415c51ed23c197d56461d6d660fe.jpg,3,2,true,1,train,true
fashionpedia,train2020,26386,25a1c4c79cb53a03d064aa0013827bb4.jpg,3,2,true,1,train,true
fashionpedia,train2020,26403,82818617d070e1af5c0cb532ae97482e.jpg,3,2,true,1,train,true
fashionpedia,train2020,26404,f270ca0ddb77c0ec5cddc811d6c26739.jpg,3,2,true,1,train,true
fashionpedia,train2020,26418,c9452e6575f9b31dac6da0cb8056b30c.jpg,3,2,true,2,train,true
fashionpedia,train2020,26422,ae60a03611fcabaadc7e7264b3f35940.jpg,3,2,true,1,train,true
fashionpedia,train2020,26425,f0b2ab74fc3d640aaebc742530a29a03.jpg,3,2,true,3,train,true
fashionpedia,train2020,26426,b0b55667952e0d95c55ed53f4097755b.jpg,3,2,true,1,train,true
fashionpedia,train2020,26446,92d4b6482c10135dc944e9960fd8b849.jpg,3,2,true,2,train,true
fashionpedia,train2020,26448,62179f9666c808d73a96330c127c3b4a.jpg,3,2,true,2,train,true
fashionpedia,train2020,26459,e414506b27e50edd15976daaddd11b23.jpg,3,2,true,1,train,true
fashionpedia,train2020,26468,29a5c65542c953819e68aa7cb032a5ee.jpg,3,2,true,1,train,true
fashionpedia,train2020,26478,a7371d3dd73057788022dad1ff8369eb.jpg,3,2,true,1,train,true
fashionpedia,train2020,26484,3c55b72f36a8198f727500f6c38cb2c6.jpg,3,2,true,3,train,true
fashionpedia,train2020,26490,9ccaf09272feff9119faf38c5b7bcf56.jpg,3,2,true,2,train,true
fashionpedia,train2020,26491,eaae4040b87f2e5c7df4fcd5c92124b9.jpg,3,2,true,1,train,true
fashionpedia,train2020,26498,530aa099d6931bc56ce1cf7ec1f9b3b7.jpg,3,2,true,3,train,true
fashionpedia,train2020,26502,7b654f63a7f731d086944a23b89f3c61.jpg,3,2,true,2,train,true
fashionpedia,train2020,26508,ab6ee9aea0fed70fb6bd9f6b56bbb794.jpg,3,2,true,3,train,true
fashionpedia,train2020,26519,bb1059f6a752d6e391edb2effdf52834.jpg,3,2,true,2,train,true
fashionpedia,train2020,26530,3c1f7c51e9ab888dec4c463834c5017e.jpg,3,2,true,1,train,true
fashionpedia,train2020,26535,ed9bc618cf72b6dad27084dce38a9c17.jpg,3,2,true,2,train,true
fashionpedia,train2020,26537,0e69979f52f8fc088020bda7de9c0bab.jpg,3,2,true,2,train,true
fashionpedia,train2020,26539,4572b365aca4a8bfbce38551aca0a357.jpg,3,2,true,2,train,true
fashionpedia,train2020,26540,bfe38bf0e3dfc2756f887bf9c4c24318.jpg,3,2,true,1,train,true
fashionpedia,train2020,26552,840fe4936925320c206e0bbfaa1bf9be.jpg,3,2,true,2,train,true
fashionpedia,train2020,26562,8d253661569a8d041e5fe6b6bd8b943a.jpg,3,2,true,2,train,true
fashionpedia,train2020,26569,cfa13a732f981b1dcee21a42009462fd.jpg,3,2,true,2,train,true
fashionpedia,train2020,26578,0a4d12577220e6024193a9543202453e.jpg,3,2,true,3,train,true
fashionpedia,train2020,26587,8c3d59d0cfad286c5d75752ae798bf60.jpg,3,2,true,1,train,true
fashionpedia,train2020,26593,fbda485594fa19126b3d4282374a6900.jpg,3,2,true,2,train,true
fashionpedia,train2020,26594,b7c7d87b6ea7464a1e2e28f05b5fcc40.jpg,3,2,true,2,train,true
fashionpedia,train2020,26596,7a3331945a3d0a0ffc65d0e150921e6b.jpg,3,2,true,1,train,true
fashionpedia,train2020,26600,609ebacaa2dde0a0bc162af58af34369.jpg,3,2,true,2,train,true
fashionpedia,train2020,26612,cd424058b0dc61f0b75f817ffec32429.jpg,3,2,true,2,train,true
fashionpedia,train2020,26615,138c20b4cd9096747d966d69d9139f00.jpg,3,2,true,1,train,true
fashionpedia,train2020,26618,85618960459f846bd47c4e6cbc65fcb7.jpg,3,2,true,1,train,true
fashionpedia,train2020,26619,896990ecd3fc56a3b17252656098bff4.jpg,3,2,true,1,train,true
fashionpedia,train2020,26632,74a9b32242ec797a063053c6c050ee61.jpg,3,2,true,1,train,true
fashionpedia,train2020,26640,ae8426cd7c64cf8287200e828d103bdf.jpg,3,2,true,1,train,true
fashionpedia,train2020,26642,677094e338cfd4b515bac79b088d5bfb.jpg,3,2,true,2,train,true
fashionpedia,train2020,26645,48a3353348c818f746632e1e7a9eb5c6.jpg,3,2,true,3,train,true
fashionpedia,train2020,26648,e8b930bbf0c284ca33157eab1deeb135.jpg,3,2,true,1,train,true
fashionpedia,train2020,26649,1f58dcf931b4a61dee67473ef17af845.jpg,3,2,true,1,train,true
fashionpedia,train2020,26660,81b9b789b05170f1a1af5e83c1065b18.jpg,3,2,true,1,train,true
fashionpedia,train2020,26665,7aec476f4e3b12b8b2a66c1eb9d27c97.jpg,3,2,true,1,train,true
fashionpedia,train2020,26667,d588109d916d3b706e82377b770d4c43.jpg,3,2,true,1,train,true
fashionpedia,train2020,26674,75cf3e283a16e57c5dedb96c9223b80e.jpg,3,2,true,1,train,true
fashionpedia,train2020,26675,a22e806c2b91b6fc787b281f2cef8244.jpg,3,2,true,1,train,true
fashionpedia,train2020,26680,60ffb610e02c822614eb4bcbb9470e11.jpg,3,2,true,2,train,true
fashionpedia,train2020,26684,5789411ef625d64e82f0719ba40fc634.jpg,3,2,true,1,train,true
fashionpedia,train2020,26690,c3a2e05f3ccf32148abd19ba9de922bf.jpg,3,2,true,4,train,true
fashionpedia,train2020,26698,52590a49df56d1b7601d993d04b96928.jpg,3,2,true,1,train,true
fashionpedia,train2020,26699,9657e336090f168e10c80a07598d5442.jpg,3,2,true,1,train,true
fashionpedia,train2020,26702,b9ed76821729752ad501fc88acfc859d.jpg,3,2,true,2,train,true
fashionpedia,train2020,26709,9480e00f2531d0b1c551c17a1a361075.jpg,3,2,true,1,train,true
fashionpedia,train2020,26711,912bc358222b4909ccae9f1bab0dfe91.jpg,3,2,true,2,train,true
fashionpedia,train2020,26724,db7de704c25ab9f1ca6541996bfdd1ae.jpg,3,2,true,2,train,true
fashionpedia,train2020,26739,f8bd3954943b5c1d3d4b6f2204fa4f50.jpg,3,2,true,2,train,true
fashionpedia,train2020,26741,98146ddcd7836b90c841aa91b360df19.jpg,3,2,true,1,train,true
fashionpedia,train2020,26770,d23953427828464054c4edb96f66df4d.jpg,3,2,true,1,train,true
fashionpedia,train2020,26783,bc50a5b8851b7e96c09ab5ec93c85ca3.jpg,3,2,true,1,train,true
fashionpedia,train2020,26784,6b71ad95a298fc81ae368e93c7218846.jpg,3,2,true,2,train,true
fashionpedia,train2020,26786,88190b693a83b374a3c3dfc288a821ac.jpg,3,2,true,1,train,true
fashionpedia,train2020,26797,d309281baac72ee2b39349688f8b8235.jpg,3,2,true,2,train,true
fashionpedia,train2020,26802,7c96c33ec732b936eff3790ef66c72b1.jpg,3,2,true,1,train,true
fashionpedia,train2020,26809,f97f4bac12152c3e24109df7bfd9315c.jpg,3,2,true,2,train,true
fashionpedia,train2020,26813,d3a105b5f8ff3035f5a83dcf7d89f85b.jpg,3,2,true,2,train,true
fashionpedia,train2020,26828,7e7e848422e8ab2493f8e942ccbc0491.jpg,3,2,true,3,train,true
fashionpedia,train2020,26829,b9e55db263f46dda2b6e37b5bb00801c.jpg,3,2,true,1,train,true
fashionpedia,train2020,26835,61d18d59295dd754c0f9f55b2a9d6cc7.jpg,3,2,true,4,train,true
fashionpedia,train2020,26836,5f85510fcbe0ca1e322d2f435359e283.jpg,3,2,true,1,train,true
fashionpedia,train2020,26840,15da215ea963849a30a35c8ffd8ad287.jpg,3,2,true,1,train,true
fashionpedia,train2020,26842,ca8e01b0159870e48366767c6b9126ac.jpg,3,2,true,4,train,true
fashionpedia,train2020,26846,7c242f0f0a164602901a3ddb19b9684b.jpg,3,2,true,3,train,true
fashionpedia,train2020,26852,83d363f0f135e63a5dce497bc00a5239.jpg,3,2,true,1,train,true
fashionpedia,train2020,26853,edb34e85cc863a2a283331c7f989d54f.jpg,3,2,true,2,train,true
fashionpedia,train2020,26857,cebf57f928b7dcdf41c10a6cfce9fc84.jpg,3,2,true,2,train,true
fashionpedia,train2020,26859,482a3c79e9b7e78ae70d8b56b4021918.jpg,3,2,true,0,selected_no_valid_crop,false
fashionpedia,train2020,26867,40e56a1593944621a1b2df7aff8d6458.jpg,3,2,true,3,train,true
fashionpedia,train2020,26872,e2ef76dd87ee16cb82dadf7319edd326.jpg,3,2,true,1,train,true
fashionpedia,train2020,26873,df8af555b7400955f75661eb77199fb3.jpg,3,2,true,3,train,true
fashionpedia,train2020,26879,2c5482c6613c288e74107dc9e564f658.jpg,3,2,true,3,train,true
fashionpedia,train2020,26893,c20de8963c074fd45f98b1de7e1e4181.jpg,3,2,true,2,train,true
fashionpedia,train2020,26901,1b5f491b855e2cef0763572e7e79f5b1.jpg,3,2,true,1,train,true
fashionpedia,train2020,26903,2b2fa0fb8365bb073601fee23dce0e97.jpg,3,2,true,3,train,true
fashionpedia,train2020,26904,d6166491206d81c78a91effa22c34735.jpg,3,2,true,3,train,true
fashionpedia,train2020,26906,f6ee533e408e25174a5592ec35a67254.jpg,3,2,true,1,train,true
fashionpedia,train2020,26917,e40e020abf410a8c2adc873ceff45e39.jpg,3,2,true,3,train,true
fashionpedia,train2020,26924,b9cf64dd60e3a1f137d8d1a2b703a2bc.jpg,3,2,true,4,train,true
fashionpedia,train2020,26929,9fe4f057a44d74630cb484efc09a119d.jpg,3,2,true,2,train,true
fashionpedia,train2020,26930,7fab9935436fc44af42e05ae0c7640ab.jpg,3,2,true,1,train,true
fashionpedia,train2020,26933,47d91bb6eb16e3d91efe05cb03bf18e4.jpg,3,2,true,1,train,true
fashionpedia,train2020,26941,8ebb1ff5fa5d13f8ce15bcaca276b4c1.jpg,3,2,true,1,train,true
fashionpedia,train2020,26946,06a98bbdfa64287b63118adf4e8cf089.jpg,3,2,true,2,train,true
fashionpedia,train2020,26951,afa83c63356e66298dfaf5b655f583a8.jpg,3,2,true,1,train,true
fashionpedia,train2020,26960,0054673ece075b3af4c695fc8b8fa237.jpg,3,2,true,1,train,true
fashionpedia,train2020,26966,556396ef46742457920a4f2fd4267f9c.jpg,3,2,true,3,train,true
fashionpedia,train2020,26967,37d18bf2fb4ac8118a504dff3ee250de.jpg,3,2,true,2,train,true
fashionpedia,train2020,26991,0f92d107cf17679f4e0f7be1ab495bac.jpg,3,2,true,3,train,true
fashionpedia,train2020,26995,8be425496cd69ce4d553704dc3dabba9.jpg,3,2,true,1,train,true
fashionpedia,train2020,27002,c71d2c32af4d9a968e8b5956537bb234.jpg,3,2,true,3,train,true
fashionpedia,train2020,27009,613a99c6ee41c21133914293200ccaaa.jpg,3,2,true,3,train,true
fashionpedia,train2020,27012,7dbf7972e4ed6fddedc8c5358a5ee033.jpg,3,2,true,1,train,true
fashionpedia,train2020,27015,9d801fec92fa4957bb3dd274e548c950.jpg,3,2,true,1,train,true
fashionpedia,train2020,27018,715145503f1a552ef21b2fb7547aa413.jpg,3,2,true,1,train,true
fashionpedia,train2020,27035,d1365fa2834a8c6a65056d6d6d1d4454.jpg,3,2,true,3,train,true
fashionpedia,train2020,27048,0145c9e498f116948f028bd6803ad578.jpg,3,2,true,1,train,true
fashionpedia,train2020,27055,df1d350af4ce86ed2a573a111fb9cc5f.jpg,3,2,true,1,train,true
fashionpedia,train2020,27057,b940c58a356266876bc118b27b52c5d4.jpg,3,2,true,3,train,true
fashionpedia,train2020,27070,59a90738f86d547255ec0ebfa8be2d8f.jpg,3,2,true,2,train,true
fashionpedia,train2020,27080,71ca8d951c6e42e8ce8900cf96127bd5.jpg,3,2,true,3,train,true
fashionpedia,train2020,27084,8a9a6daf55e42b35170d8f74ed350106.jpg,3,2,true,1,train,true
fashionpedia,train2020,27086,0df013fd95465b4c598d26b19bfce846.jpg,3,2,true,2,train,true
fashionpedia,train2020,27092,5f8029efd3ce8e3b2e79802470ac3fbe.jpg,3,2,true,1,train,true
fashionpedia,train2020,27100,b900dc78126fdd705ad7146f0e53ec58.jpg,3,2,true,1,train,true
fashionpedia,train2020,27102,ea050e74aa04bfef66158a4f56c284f1.jpg,3,2,true,3,train,true
fashionpedia,train2020,27111,0651994502a119b004e05f26aa0013ff.jpg,3,2,true,2,train,true
fashionpedia,train2020,27121,67ebae79f757d96ad9474ac7e95440d1.jpg,3,2,true,1,train,true
fashionpedia,train2020,27133,e4336d0a19116b15638b2de2c36ad876.jpg,3,2,true,1,train,true
fashionpedia,train2020,27135,aeb65ac75b78d02f943800bfd1a8b204.jpg,3,2,true,1,train,true
fashionpedia,train2020,27155,5603b9d536cbc8868ea93fe88d51881b.jpg,3,2,true,1,train,true
fashionpedia,train2020,27156,ee157b5de0637b0064cf66ec35cd400d.jpg,3,2,true,1,train,true
fashionpedia,train2020,27157,3fbc6b435b80ec51b9890511290a2732.jpg,3,2,true,1,train,true
fashionpedia,train2020,27196,d71526c843c906e657c53a010da388ff.jpg,3,2,true,3,train,true
fashionpedia,train2020,27197,f06ac41a01684204a7a4e1268dcb5b69.jpg,3,2,true,1,train,true
fashionpedia,train2020,27203,90750807262692484149cb5ef2ebab34.jpg,3,2,true,2,train,true
fashionpedia,train2020,27212,a6662d863defc1e8419c105357bbc353.jpg,3,2,true,1,train,true
fashionpedia,train2020,27221,017eddbdc42dba4c270ba2cb727a52b8.jpg,3,2,true,1,train,true
fashionpedia,train2020,27224,414e9070fe78dd2a627049ee38d1c3a4.jpg,3,2,true,1,train,true
fashionpedia,train2020,27225,5008958e2bee3827f4d48c62be8ef9f7.jpg,3,2,true,1,train,true
fashionpedia,train2020,27234,b732d03919fc04a4e6011f5afbf3520e.jpg,3,2,true,2,train,true
fashionpedia,train2020,27235,17b586f4b76b0a58217ff96c1887d82e.jpg,3,2,true,1,train,true
fashionpedia,train2020,27253,d35428cdecdc99354a5c14b128e0b9b4.jpg,3,2,true,2,train,true
fashionpedia,train2020,27256,4259104c1c8b1c8cb0e3bcee792f1704.jpg,3,2,true,1,train,true
fashionpedia,train2020,27257,669b3e647f5aa230d3f094ef23c900f2.jpg,3,2,true,3,train,true
fashionpedia,train2020,27266,c91f612347d2ba3c50b039b663d19214.jpg,3,2,true,2,train,true
fashionpedia,train2020,27279,192c9ecde6b792e87779498df2bbaef9.jpg,3,2,true,1,train,true
fashionpedia,train2020,27285,67aa2a97bbd190e71772188eb12a3240.jpg,3,2,true,1,train,true
fashionpedia,train2020,27290,a7e8d810039afcd8c7edb233a0b15a20.jpg,3,2,true,3,train,true
fashionpedia,train2020,27297,62f3ce08cf4f9dde0a3eff0fd7c055d4.jpg,3,2,true,2,train,true
fashionpedia,train2020,27314,7d661cbd8dcdad1de17daab3979e3a30.jpg,3,2,true,1,train,true
fashionpedia,train2020,27315,3961c9ef7fae7d21b0675361c3dc667d.jpg,3,2,true,1,train,true
fashionpedia,train2020,27319,176348af09d8264cb166fc3d7b4dd102.jpg,3,2,true,3,train,true
fashionpedia,train2020,27321,c88c47cf3a8b7aa7d8275b0f278d90d8.jpg,3,2,true,1,train,true
fashionpedia,train2020,27329,82fb1dc31db7b4ab5ea172e800ffd3d0.jpg,3,2,true,2,train,true
fashionpedia,train2020,27333,d9aad7e5897fca96bc9be547bdfa223b.jpg,3,2,true,2,train,true
fashionpedia,train2020,27335,4ba5f147f69f13bad7fae01e48cc456b.jpg,3,2,true,1,train,true
fashionpedia,train2020,27351,ee2b809eaf91fe21438c209020f2fbf8.jpg,3,2,true,2,train,true
fashionpedia,train2020,27360,4b9e7d7c21aebbf3e4640daa0dab1f08.jpg,3,2,true,3,train,true
fashionpedia,train2020,27361,1bcc0959089ad3ce89564be31f1e55b1.jpg,3,2,true,1,train,true
fashionpedia,train2020,27365,c7ea3d0a99ffaa49590ac6aa2b4bdc84.jpg,3,2,true,1,train,true
fashionpedia,train2020,27391,8bc5315e3bd529481bd3caa727725010.jpg,3,2,true,3,train,true
fashionpedia,train2020,27402,e97e85286b694d3f428a3b54428e1b36.jpg,3,2,true,1,train,true
fashionpedia,train2020,27418,e18d757bcc84c6578505adbb71a96179.jpg,3,2,true,1,train,true
fashionpedia,train2020,27423,299c024fb5671caa921ed7b91b62b1c4.jpg,3,2,true,2,train,true
fashionpedia,train2020,27426,acbbfab2fb42047b900b7578df350d5c.jpg,3,2,true,1,train,true
fashionpedia,train2020,27429,f1878a72a4b65eb342c44fe2ab21ea6e.jpg,3,2,true,1,train,true
fashionpedia,train2020,27440,dd16e2d0ec9aacffc6943d5efde36d94.jpg,3,2,true,3,train,true
fashionpedia,train2020,27452,8a6cc03691db590724e5ee641d7c2b11.jpg,3,2,true,2,train,true
fashionpedia,train2020,27456,889d62e24f63983de71b8b2fa31df898.jpg,3,2,true,3,train,true
fashionpedia,train2020,27457,516a683d3353801e885cb32b768bb11e.jpg,3,2,true,2,train,true
fashionpedia,train2020,27476,3d717074cffba1ddb2934a4ad2e0c418.jpg,3,2,true,2,train,true
fashionpedia,train2020,27480,075e25b09a6f7075476785af1dff986d.jpg,3,2,true,2,train,true
fashionpedia,train2020,27484,d8d0559beb2b3cfe48618ec7d68ababc.jpg,3,2,true,3,train,true
fashionpedia,train2020,27488,80db0ee866f1d9f24e2f541da5cdb8da.jpg,3,2,true,2,train,true
fashionpedia,train2020,27495,132c7b367b9957a3f0e558645afc7c74.jpg,3,2,true,2,train,true
fashionpedia,train2020,27507,1f3d734b7eb33667ec762d13f0c922c8.jpg,3,2,true,1,train,true
fashionpedia,train2020,27514,1d4ca7ad721f36a5f156595f8289cc6c.jpg,3,2,true,1,train,true
fashionpedia,train2020,27520,ef4eb28f001d53889a87dbc2607b374a.jpg,3,2,true,1,train,true
fashionpedia,train2020,27529,a2ec3cb091874d6501aac4ec609e6e72.jpg,3,2,true,1,train,true
fashionpedia,train2020,27537,fc8107bd1a5aca814b4900b4acffbbbf.jpg,3,2,true,1,train,true
fashionpedia,train2020,27547,b66ec03fffff939f90fd65f9218618cf.jpg,3,2,true,1,train,true
fashionpedia,train2020,27548,b9854b01f405e4d7dd77b2ade909337c.jpg,3,2,true,1,train,true
fashionpedia,train2020,27558,7231630384655866063db050f3eee36e.jpg,3,2,true,2,train,true
fashionpedia,train2020,27560,e46f1d156b2c93ba5672f45a7d098aa4.jpg,3,2,true,1,train,true
fashionpedia,train2020,27610,65b0e1371fff486d2362411ff8a0ce7c.jpg,3,2,true,2,train,true
fashionpedia,train2020,27616,9cc724e5c3146085f0dc015720e8dae7.jpg,3,2,true,2,train,true
fashionpedia,train2020,27618,e452b038a11a607d85707e72135483fb.jpg,3,2,true,3,train,true
fashionpedia,train2020,27619,f155520d7792e63ee52e6512d9fea01c.jpg,3,2,true,1,train,true
fashionpedia,train2020,27641,dc35ed6fe5ecfed6a7973a65829d8a5a.jpg,3,2,true,1,train,true
fashionpedia,train2020,27664,945c5c605aeb1f236c75f0f60eaae861.jpg,3,2,true,1,train,true
fashionpedia,train2020,27666,95826f80326ccaa681f9269856031d08.jpg,3,2,true,1,train,true
fashionpedia,train2020,27670,99f785510f2371fb57afc97c1d9c95ca.jpg,3,2,true,2,train,true
fashionpedia,train2020,27672,e4ab185e591dffd017b1732d069f5723.jpg,3,2,true,1,train,true
fashionpedia,train2020,27679,5eb66418becdd21056148ddaffd9c6e1.jpg,3,2,true,3,train,true
fashionpedia,train2020,27686,4e1d488a3011b2b83c7a937ff75094e9.jpg,3,2,true,3,train,true
fashionpedia,train2020,27707,c0a19f2e6169a5df0834afe7d5d9e5b2.jpg,3,2,true,3,train,true
fashionpedia,train2020,27712,cc9245aa4a6701c3f8a3e807ad38578d.jpg,3,2,true,1,train,true
fashionpedia,train2020,27714,d2e06c0968aaf63a73c0b4c809861165.jpg,3,2,true,3,train,true
fashionpedia,train2020,27718,b5d4563a5ea2bc64357b19288319948c.jpg,3,2,true,1,train,true
fashionpedia,train2020,27732,d459442cefb085e85751fe18a02601f7.jpg,3,2,true,1,train,true
fashionpedia,train2020,27738,29ac8c94f677b0182314a56730015cff.jpg,3,2,true,2,train,true
fashionpedia,train2020,27748,d648bb634a437ad110c33b0617d6c872.jpg,3,2,true,1,train,true
fashionpedia,train2020,27751,2b5f03a080b439c6d728f9b0f6d8b9b5.jpg,3,2,true,1,train,true
fashionpedia,train2020,27753,1af7e7c9cc3adcf786cd76a86e28bd44.jpg,3,2,true,4,train,true
fashionpedia,train2020,27756,9cf26766b302a191195844adc7da740d.jpg,3,2,true,2,train,true
fashionpedia,train2020,27759,98365ca0fea6aa73db73b30af3febc04.jpg,3,2,true,1,train,true
fashionpedia,train2020,27763,1e2c94626e2b700aceae14440475699e.jpg,3,2,true,2,train,true
fashionpedia,train2020,27764,ed4fc246f28d710176edfa1e76921727.jpg,3,2,true,1,train,true
fashionpedia,train2020,27765,d8587f971edcec1cf21d0eb88affce2d.jpg,3,2,true,1,train,true
fashionpedia,train2020,27769,1feb792a73710a5058e4fb43d2d9b401.jpg,3,2,true,2,train,true
fashionpedia,train2020,27770,50720a415bbae1fa89075bf9f11fbb1e.jpg,3,2,true,3,train,true
fashionpedia,train2020,27771,f5d25e48cb07c00f6b4749341afd4fe9.jpg,3,2,true,3,train,true
fashionpedia,train2020,27784,52577e808c5eebeeabca949534b2c7ff.jpg,3,2,true,1,train,true
fashionpedia,train2020,27786,48a85131c7327b034e771e724542c261.jpg,3,2,true,2,train,true
fashionpedia,train2020,27789,5e6ca80b017280370be86736adb40949.jpg,3,2,true,2,train,true
fashionpedia,train2020,27791,2e4c396829ffa386dda19c9a7c8197f3.jpg,3,2,true,1,train,true
fashionpedia,train2020,27795,9367406d5955445668289dea13f816a9.jpg,3,2,true,1,train,true
fashionpedia,train2020,27799,58a54665e4c25b75f6f98865640bcfba.jpg,3,2,true,2,train,true
fashionpedia,train2020,27810,6c8027af424342bc400e35794865d1ad.jpg,3,2,true,1,train,true
fashionpedia,train2020,27824,6bf7ea43752ec3b3703ffa26865905c4.jpg,3,2,true,2,train,true
fashionpedia,train2020,27826,f14eca604a70faec8c8d5e6682f4d87a.jpg,3,2,true,3,train,true
fashionpedia,train2020,27829,6e39b130ab342ab1acb1bc3669394685.jpg,3,2,true,1,train,true
fashionpedia,train2020,27843,95957ca602d6b61871923ff3ee42e46d.jpg,3,2,true,1,train,true
fashionpedia,train2020,27854,f57ef8d47560748a5f31092d45fe450a.jpg,3,2,true,1,train,true
fashionpedia,train2020,27857,9afe835d8f39dd4d38cf2a691d022ded.jpg,3,2,true,1,train,true
fashionpedia,train2020,27862,a895205ed90261a60b78348437ee20b9.jpg,3,2,true,3,train,true
fashionpedia,train2020,27865,0303019ab30170c9ffc70205bae3c56f.jpg,3,2,true,2,train,true
fashionpedia,train2020,27876,ce999c7bb78a8901447effc0bb7d9705.jpg,3,2,true,1,train,true
fashionpedia,train2020,27885,dcc58f49315e8905e277c5aa93f22724.jpg,3,2,true,1,train,true
fashionpedia,train2020,27886,780e5d55a29495271a5796d5dda9e5ff.jpg,3,2,true,2,train,true
fashionpedia,train2020,27897,9ac8d39135aa1fc20a93a1de961a93d0.jpg,3,2,true,2,train,true
fashionpedia,train2020,27898,f817b207f899917be5d5f7d1f2d3e159.jpg,3,2,true,1,train,true
fashionpedia,train2020,27900,9ad738aa91ef0d2deb4422917526c004.jpg,3,2,true,2,train,true
fashionpedia,train2020,27902,b43627e9b847f01885abb9d502c204f2.jpg,3,2,true,2,train,true
fashionpedia,train2020,27904,c4c4810b635a9e286d1c46a45825a790.jpg,3,2,true,2,train,true
fashionpedia,train2020,27906,5ddf58260c366ff7a78e64cd8769e411.jpg,3,2,true,2,train,true
fashionpedia,train2020,27913,7c73709d30953fe4ad95b702ed1f2282.jpg,3,2,true,1,train,true
fashionpedia,train2020,27915,b4712400f94d41c49dd12423399c88d4.jpg,3,2,true,1,train,true
fashionpedia,train2020,27920,2eb21704d7bb496c3a03d21d00fd000e.jpg,3,2,true,3,train,true
fashionpedia,train2020,27922,c6be22330ff4b4fe5424386933074c9a.jpg,3,2,true,2,train,true
fashionpedia,train2020,27930,44ea85bc7d88be932369b5ac4df6c908.jpg,3,2,true,1,train,true
fashionpedia,train2020,27933,5d09edefc2282ad301bbb02c2532c29a.jpg,3,2,true,1,train,true
fashionpedia,train2020,27941,898b307dd72d1172fac4529cd8e4ca45.jpg,3,2,true,1,train,true
fashionpedia,train2020,27947,8d947a9c0739ce89182d210eb0e51f29.jpg,3,2,true,1,train,true
fashionpedia,train2020,27951,2484521281295e7d34e0434de0045a7a.jpg,3,2,true,1,train,true
fashionpedia,train2020,27961,9a9c4776268223797b61a67980f2e0d2.jpg,3,2,true,2,train,true
fashionpedia,train2020,27963,5e69838019909cdfd9cd278a3db7f788.jpg,3,2,true,1,train,true
fashionpedia,train2020,27981,8bbb837b3f22fdef98afddb2a7eaff3b.jpg,3,2,true,2,train,true
fashionpedia,train2020,27989,0800c254a44376b6bd10335c699e31f1.jpg,3,2,true,3,train,true
fashionpedia,train2020,28012,2a6aa6d2521d4e5a2aea0698c35f7883.jpg,3,2,true,2,train,true
fashionpedia,train2020,28021,21e16adf0f8afbe11a6f03ec236f53eb.jpg,3,2,true,3,train,true
fashionpedia,train2020,28031,1be398f6d844ba246591fe5372728d16.jpg,3,2,true,1,train,true
fashionpedia,train2020,28033,7f472c71033afe45776a7b850a42ffdc.jpg,3,2,true,3,train,true
fashionpedia,train2020,28036,d49d076ce7fc3e9310cf91609c5f0caf.jpg,3,2,true,1,train,true
fashionpedia,train2020,28039,4948704ed4809f2f2aa584926364f5c9.jpg,3,2,true,1,train,true
fashionpedia,train2020,28041,75a04aeb628e07ab484461410e89af96.jpg,3,2,true,1,train,true
fashionpedia,train2020,28046,8372f24e5f77bf1b37462ea6c27f87d9.jpg,3,2,true,1,train,true
fashionpedia,train2020,28048,08d550a3aa25b2939eb61df0440d43a1.jpg,3,2,true,1,train,true
fashionpedia,train2020,28051,6b635ca3bef471cab38081dd18e037ad.jpg,3,2,true,2,train,true
fashionpedia,train2020,28058,821bf40eb753505476b11413b48b5140.jpg,3,2,true,1,train,true
fashionpedia,train2020,28060,1dca6c618483fff37fccbcf999c2db7e.jpg,3,2,true,2,train,true
fashionpedia,train2020,28075,6cd413944529d3f0099ba3889832c32c.jpg,3,2,true,2,train,true
fashionpedia,train2020,28079,d302c5929e4f8eac25053e356c61e6a5.jpg,3,2,true,4,train,true
fashionpedia,train2020,28090,dc2509e765a29d13fc13006bbea5d189.jpg,3,2,true,2,train,true
fashionpedia,train2020,28099,ebb2fa08f6f4548c4abe0d9086ccdcda.jpg,3,2,true,2,train,true
fashionpedia,train2020,28100,a1ae4a30524c105708a46732b794d34e.jpg,3,2,true,2,train,true
fashionpedia,train2020,28110,018efec527512494632bb23f8842dc37.jpg,3,2,true,2,train,true
fashionpedia,train2020,28114,9ab3dd479f76f803c27ff5ffa9b72a50.jpg,3,2,true,3,train,true
fashionpedia,train2020,28116,989ecb8381c2ecfe9515eb788142684a.jpg,3,2,true,2,train,true
fashionpedia,train2020,28117,eab0b58793bbf619bc18e1a0e650e0e6.jpg,3,2,true,3,train,true
fashionpedia,train2020,28142,6d2199271a6ffb518ad69cd174cfd2db.jpg,3,2,true,1,train,true
fashionpedia,train2020,28147,1fe188c62602645a2f990dbe50ff80bb.jpg,3,2,true,1,train,true
fashionpedia,train2020,28153,afacc695c925434806328d8a019130fa.jpg,3,2,true,2,train,true
fashionpedia,train2020,28158,a54dbfcac9d3a940fdcc5844bbfae7fb.jpg,3,2,true,2,train,true
fashionpedia,train2020,28160,6323b53a3ad3b985820d8f6f3adabffd.jpg,3,2,true,1,train,true
fashionpedia,train2020,28161,6e5ded270da96c863bcebfa0d594b845.jpg,3,2,true,1,train,true
fashionpedia,train2020,28162,804abd49ea842cecb860a1a0a10a40a0.jpg,3,2,true,1,train,true
fashionpedia,train2020,28165,7cd1aed2b29b9548d59d86e1289df5af.jpg,3,2,true,3,train,true
fashionpedia,train2020,28168,265ef3af8d735b81ad8c9d4a337c89c7.jpg,3,2,true,1,train,true
fashionpedia,train2020,28177,1bf8c16a1fa27b6394b9dd9c2772357f.jpg,3,2,true,1,train,true
fashionpedia,train2020,28183,543b758d140dcc4150c627f68b2399f8.jpg,3,2,true,3,train,true
fashionpedia,train2020,28191,698026393c5baa2397423596a4a4d37e.jpg,3,2,true,2,train,true
fashionpedia,train2020,28198,efc53723386a852861d55737313c13af.jpg,3,2,true,1,train,true
fashionpedia,train2020,28204,dddef01c46ec0ced4fccf30249dc727e.jpg,3,2,true,2,train,true
fashionpedia,train2020,28216,0826bab79a621eaa6afd873cbe41c174.jpg,3,2,true,1,train,true
fashionpedia,train2020,28223,4921c0fa6b934f542346ccec06e65560.jpg,3,2,true,3,train,true
fashionpedia,train2020,28224,7fe0866d28e8fc9c832a940a1a63203e.jpg,3,2,true,2,train,true
fashionpedia,train2020,28234,cc5071810b89ca4db98d8d4d16d3f02b.jpg,3,2,true,1,train,true
fashionpedia,train2020,28238,1302f77dab1206c1080ce89c8c74a9a5.jpg,3,2,true,1,train,true
fashionpedia,train2020,28239,bd32200d0faa7b7ad9b748024df83744.jpg,3,2,true,1,train,true
fashionpedia,train2020,28240,6e72840eed7c13570ff6c519458d426d.jpg,3,2,true,1,train,true
fashionpedia,train2020,28246,2e9786c1d3e6ffed8e69b3487c6a4bfb.jpg,3,2,true,2,train,true
fashionpedia,train2020,28249,2d71feffedb86dd8ec34f6e12265318e.jpg,3,2,true,2,train,true
fashionpedia,train2020,28250,4babc55ae29656040c2f8a8ac5ad6ca2.jpg,3,2,true,0,selected_no_valid_crop,false
fashionpedia,train2020,28260,311970e7564edd7df7397fce95a9b540.jpg,3,2,true,1,train,true
fashionpedia,train2020,28270,0e2130fd227f4f2640ab4f8f84ee2929.jpg,3,2,true,1,train,true
fashionpedia,train2020,28273,9bcd125cc8ccf7ce490e75f3999cced5.jpg,3,2,true,2,train,true
fashionpedia,train2020,28275,e3e54545392a1038fffaca5a670a7fbc.jpg,3,2,true,1,train,true
fashionpedia,train2020,28279,40756dcfd5cecc5e612ccdd999a3a763.jpg,3,2,true,2,train,true
fashionpedia,train2020,28282,be8ff1e82c56bdfff261016411e66d41.jpg,3,2,true,2,train,true
fashionpedia,train2020,28292,48fe536840781ae4c2d5add5352d5ad1.jpg,3,2,true,3,train,true
fashionpedia,train2020,28298,f6c3c1b48bf4926609f9ff94053dc2e0.jpg,3,2,true,1,train,true
fashionpedia,train2020,28300,a5e88399a4f1557d45cd9e964ddd66ac.jpg,3,2,true,1,train,true
fashionpedia,train2020,28303,3627a99de1beb9c74946b4b8ddab5fab.jpg,3,2,true,2,train,true
fashionpedia,train2020,28310,3ebed35f008af62abec375b6e0bf85b9.jpg,3,2,true,1,train,true
fashionpedia,train2020,28312,1a6704a6ac6c98d707eb34413c1ead75.jpg,3,2,true,1,train,true
fashionpedia,train2020,28317,774e1efa8385116876adfabd1c1ef096.jpg,3,2,true,3,train,true
fashionpedia,train2020,28318,710a4ee513bbd15bc4e58f161947d2ae.jpg,3,2,true,2,train,true
fashionpedia,train2020,28327,83da29f1d75c07ba2d0b753853a8c630.jpg,3,2,true,1,train,true
fashionpedia,train2020,28329,0b13557ac48ed58a03f65c1937021c88.jpg,3,2,true,1,train,true
fashionpedia,train2020,28335,362b1d22ef042f13c3ea23f27e51565a.jpg,3,2,true,1,train,true
fashionpedia,train2020,28337,66c0b32a57730520d8727faaffde564e.jpg,3,2,true,2,train,true
fashionpedia,train2020,28340,4e0da98feac16f348e6c12657625dbfc.jpg,3,2,true,3,train,true
fashionpedia,train2020,28345,19f90e9a8a341f1c6d4a63520395d5ea.jpg,3,2,true,4,train,true
fashionpedia,train2020,28355,e09404ba9f6e5518be57bb074356d96f.jpg,3,2,true,1,train,true
fashionpedia,train2020,28372,8ab232090adc882c0dfc13cdb327348e.jpg,3,2,true,1,train,true
fashionpedia,train2020,28374,f936916b69015cf753fd7bfd2010618c.jpg,3,2,true,1,train,true
fashionpedia,train2020,28377,7e266b03551ce70c1bf4ee01d447c88b.jpg,3,2,true,3,train,true
fashionpedia,train2020,28381,652079bb1b5bbd5d612fb0d5fcec71ba.jpg,3,2,true,1,train,true
fashionpedia,train2020,28394,992d1e95b3588f3e0060ff62d0a27039.jpg,3,2,true,3,train,true
fashionpedia,train2020,28400,574dda9c4663c2c0ba5379d718b68b46.jpg,3,2,true,1,train,true
fashionpedia,train2020,28417,73972461600162bbf4de2e0524d0b7c8.jpg,3,2,true,1,train,true
fashionpedia,train2020,28425,05293339021b1d238aefbcff65d61f6c.jpg,3,2,true,1,train,true
fashionpedia,train2020,28436,b7adc76152d3da9f47a7c836cafa58a4.jpg,3,2,true,3,train,true
fashionpedia,train2020,28439,e6d1f38b94aac0bfe781b352ac25f8bf.jpg,3,2,true,2,train,true
fashionpedia,train2020,28457,030d4875ffcb273b5341b829296be5f3.jpg,3,2,true,1,train,true
fashionpedia,train2020,28468,0cd489f33d6fbf78db72b0fb81174370.jpg,3,2,true,1,train,true
fashionpedia,train2020,28470,d84e3f9d47cc261d416cf6b00279a234.jpg,3,2,true,1,train,true
fashionpedia,train2020,28471,f485c7f2750485923d6fc58ff7688918.jpg,3,2,true,1,train,true
fashionpedia,train2020,28478,6db8e8edbd0d260732734ad9fc5bb9b0.jpg,3,2,true,2,train,true
fashionpedia,train2020,28479,ea46d34b93b6482c1649a8c1a66210a5.jpg,3,2,true,2,train,true
fashionpedia,train2020,28481,fdf5b7d6e2e5cc050dd6bd50c1c1d05f.jpg,3,2,true,3,train,true
fashionpedia,train2020,28489,a85b6933916a98e8b3aa70e13cd216ad.jpg,3,2,true,1,train,true
fashionpedia,train2020,28492,390fc39b09afe381f4ef3afa12cc6f1d.jpg,3,2,true,1,train,true
fashionpedia,train2020,28493,063c21061a630de5f9397cf3102562f2.jpg,3,2,true,4,train,true
fashionpedia,train2020,28495,707efc5a8dd47c19b705d2add2d3d40f.jpg,3,2,true,2,train,true
fashionpedia,train2020,28496,fa2c14f41eea4b82fbcb2922511f80e4.jpg,3,2,true,1,train,true
fashionpedia,train2020,28501,dff6580d85aadd967836193e5836428e.jpg,3,2,true,1,train,true
fashionpedia,train2020,28512,a2bc5c2e796a717b9bb034eba03b2d9d.jpg,3,2,true,1,train,true
fashionpedia,train2020,28519,4f5813becfb75c9e3c972dfb842c0748.jpg,3,2,true,1,train,true
fashionpedia,train2020,28527,fde49e5ccb3c066f3ce8af4805b332ec.jpg,3,2,true,1,train,true
fashionpedia,train2020,28549,b7d38c2b6e7eed3c1e1cd5c8163e2e13.jpg,3,2,true,2,train,true
fashionpedia,train2020,28553,95e9d286742a952e1f9033e1b34525be.jpg,3,2,true,1,train,true
fashionpedia,train2020,28555,4f781a7aa1d93f5ab761b829ff6d4507.jpg,3,2,true,1,train,true
fashionpedia,train2020,28557,a3f2bc360318364de8a2a4d6a33daa8c.jpg,3,2,true,2,train,true
fashionpedia,train2020,28563,7ac0a669273b839201ee80ddda06c559.jpg,3,2,true,2,train,true
fashionpedia,train2020,28568,d5b07965ee690cbfd4d7a96b509d9ae9.jpg,3,2,true,1,train,true
fashionpedia,train2020,28573,87fad4ca5289e17080250d3adaafb873.jpg,3,2,true,2,train,true
fashionpedia,train2020,28593,79d879d7e7d0cfc13cc294335d0a9882.jpg,3,2,true,1,train,true
fashionpedia,train2020,28594,905cbc3003fd227c2195ea8d4bb28baa.jpg,3,2,true,1,train,true
fashionpedia,train2020,28599,b3800b12d4b61896eb4c92d75e0a1629.jpg,3,2,true,1,train,true
fashionpedia,train2020,28603,d2d59b31d254e50bee45908d26370c25.jpg,3,2,true,1,train,true
fashionpedia,train2020,28604,7c569aa381eb1de78cd4e16a9051e71f.jpg,3,2,true,2,train,true
fashionpedia,train2020,28605,02bbc2c5b3f22cbd3d3afa5d2d6c3385.jpg,3,2,true,4,train,true
fashionpedia,train2020,28609,86640872377697e8a87c01336e239e4d.jpg,3,2,true,1,train,true
fashionpedia,train2020,28615,c645909213302e9558426a8a7f36784e.jpg,3,2,true,1,train,true
fashionpedia,train2020,28626,c35dc32e788590389deec383d602e015.jpg,3,2,true,1,train,true
fashionpedia,train2020,28627,e04bea3c3ccb3c50b9019b36162e86b7.jpg,3,2,true,3,train,true
fashionpedia,train2020,28646,d119450cca78ac7c6dad9ad0f2a94511.jpg,3,2,true,1,train,true
fashionpedia,train2020,28647,65a0676fde52ded8e60abec7de45d418.jpg,3,2,true,1,train,true
fashionpedia,train2020,28666,fb607386dd384e6b0d53ef878bbffc55.jpg,3,2,true,3,train,true
fashionpedia,train2020,28674,aab67347639d5c4ede10a9798c3c424c.jpg,3,2,true,1,train,true
fashionpedia,train2020,28676,54a5ebd5fb6f93c0e65f93236430deaa.jpg,3,2,true,2,train,true
fashionpedia,train2020,28677,7d8a7ca25a424696b095e680ffda26ec.jpg,3,2,true,3,train,true
fashionpedia,train2020,28697,6e8eff118e0be297e0cde77227c839b6.jpg,3,2,true,3,train,true
fashionpedia,train2020,28703,ceb033af6fc3214b9c081b36d9b776fc.jpg,3,2,true,3,train,true
fashionpedia,train2020,28707,c04f35043b879612ac12e962c18a8d6f.jpg,3,2,true,1,train,true
fashionpedia,train2020,28709,9a4d6de9fd6b5bbf85dc6bf8e64f7e36.jpg,3,2,true,2,train,true
fashionpedia,train2020,28711,d07b1eba997c97cf5d79a3b5dfec781d.jpg,3,2,true,1,train,true
fashionpedia,train2020,28714,859efe4e63bf8ed2785cbf709ed614b5.jpg,3,2,true,1,train,true
fashionpedia,train2020,28728,4ef22640d5f51c7fd00199d2f9b63b3e.jpg,3,2,true,1,train,true
fashionpedia,train2020,28736,3426b424cb47c330cd7ed2317e667ee7.jpg,3,2,true,1,train,true
fashionpedia,train2020,28737,678552ea1102120962239af227be0cd4.jpg,3,2,true,1,train,true
fashionpedia,train2020,28743,c526b9c63923922e6a5ba3d87744a526.jpg,3,2,true,3,train,true
fashionpedia,train2020,28760,9467db5b3b0b1c07b23479bb05a7e75b.jpg,3,2,true,3,train,true
fashionpedia,train2020,28761,af96a9c1b117f6274f933617d68587f3.jpg,3,2,true,2,train,true
fashionpedia,train2020,28767,ec64ca383dba56d75cee7876abaa6af8.jpg,3,2,true,1,train,true
fashionpedia,train2020,28776,f66af3b39258912634d69a7522c8a0b9.jpg,3,2,true,1,train,true
fashionpedia,train2020,28779,5db87d7af968b72b676b0042708c80cb.jpg,3,2,true,2,train,true
fashionpedia,train2020,28786,d7b6b6c8f1df1e606064f069fbe02822.jpg,3,2,true,2,train,true
fashionpedia,train2020,28790,4958358f359df64a412fc9faca49afb3.jpg,3,2,true,1,train,true
fashionpedia,train2020,28791,1ec2853da9bbef9d420398cd450fedc2.jpg,3,2,true,2,train,true
fashionpedia,train2020,28793,0d07e85cb929c3ae1d573aa89c46f50d.jpg,3,2,true,4,train,true
fashionpedia,train2020,28797,b46daf26a8b8036969e38ed66d04f034.jpg,3,2,true,2,train,true
fashionpedia,train2020,28800,7c110fc1a25c6654f4a3694245c2a80c.jpg,3,2,true,3,train,true
fashionpedia,train2020,28808,eccf2a935001ca59b5b161b35573d638.jpg,3,2,true,1,train,true
fashionpedia,train2020,28811,a1fee6985ce98b58d6f9e6883647aa98.jpg,3,2,true,1,train,true
fashionpedia,train2020,28831,31474bc7f2d0f99b3b44854d25b468fb.jpg,3,2,true,1,train,true
fashionpedia,train2020,28845,87370cd732061c66f15a96d952b44e3d.jpg,3,2,true,1,train,true
fashionpedia,train2020,28854,ccb79cbd32d6cc2c3a22e71571f6d106.jpg,3,2,true,1,train,true
fashionpedia,train2020,28856,83fa363a71cd94053f40877f4c936992.jpg,3,2,true,1,train,true
fashionpedia,train2020,28858,c0cd0f56843df80f0d412a2f62948f23.jpg,3,2,true,1,train,true
fashionpedia,train2020,28869,f86cdf74c51a8b33af366ba32753abe7.jpg,3,2,true,1,train,true
fashionpedia,train2020,28885,b48b76574ab3e93513c14da763d5d11f.jpg,3,2,true,2,train,true
fashionpedia,train2020,28888,3168a419954de57a33a59cf3533b6bbb.jpg,3,2,true,1,train,true
fashionpedia,train2020,28894,021fb3407e190f65dd9a6857b8699122.jpg,3,2,true,2,train,true
fashionpedia,train2020,28903,0885695b30d4f23313bfbeb32f6bfdf2.jpg,3,2,true,1,train,true
fashionpedia,train2020,28905,761b7765ff7764b9c8894c3989dfaa7c.jpg,3,2,true,2,train,true
fashionpedia,train2020,28907,61a3b62902c590e8d2a539da3cb98a5d.jpg,3,2,true,2,train,true
fashionpedia,train2020,28918,3de59bf360e7a8bddfb5d1d27803de89.jpg,3,2,true,1,train,true
fashionpedia,train2020,28930,283e62b1528518fcc00f17d62f6a60ce.jpg,3,2,true,1,train,true
fashionpedia,train2020,28944,c1213861b499c478d8698c1681968523.jpg,3,2,true,1,train,true
fashionpedia,train2020,28949,4d477bfad61db9aea9fab24a19c8d0fd.jpg,3,2,true,1,train,true
fashionpedia,train2020,28955,9d3c55d01836797562433e7259845811.jpg,3,2,true,1,train,true
fashionpedia,train2020,28959,eb0b4aec28838b01b635ae2d906319fd.jpg,3,2,true,1,train,true
fashionpedia,train2020,28964,2a3e8b8298653e00704512a70e5e7996.jpg,3,2,true,3,train,true
fashionpedia,train2020,28965,8157c28ae30836213de62d82fbc83024.jpg,3,2,true,1,train,true
fashionpedia,train2020,28972,3851628ab9ba04746fd7757f70c68f20.jpg,3,2,true,1,train,true
fashionpedia,train2020,28974,af3d0435f5c053aa7c07eac0d58a5af2.jpg,3,2,true,1,train,true
fashionpedia,train2020,28978,b08f2880d2a20040821c9321f2315920.jpg,3,2,true,1,train,true
fashionpedia,train2020,28979,4cbe52fb4e040a8dc7bc67d29e1611cf.jpg,3,2,true,1,train,true
fashionpedia,train2020,28980,60385bf0e785852082a67fe1fa97f726.jpg,3,2,true,3,train,true
fashionpedia,train2020,28982,4d20b8e32c2b8e81afd01d6cf4316253.jpg,3,2,true,1,train,true
fashionpedia,train2020,28984,c725024e5121953b1ec843092ba8615c.jpg,3,2,true,3,train,true
fashionpedia,train2020,28987,b737e560459a37450e8ae2454a527a6c.jpg,3,2,true,3,train,true
fashionpedia,train2020,29008,6e39481c05c0acebe906513369b70ea6.jpg,3,2,true,3,train,true
fashionpedia,train2020,29012,105e7040e4cdd7554fd7faf042ac88b4.jpg,3,2,true,1,train,true
fashionpedia,train2020,29021,016cff28a4e7fd521fb8b49cef62cbc3.jpg,3,2,true,1,train,true
fashionpedia,train2020,29024,4dae0fd2ad740d21c38806e18ee1bc05.jpg,3,2,true,1,train,true
fashionpedia,train2020,29032,d4337206ca01d651777a1dea2559bdba.jpg,3,2,true,1,train,true
fashionpedia,train2020,29035,bd35abc689b356651d74cc89765b05b4.jpg,3,2,true,1,train,true
fashionpedia,train2020,29038,3344a8407c5c0c87f30f7c48818c6867.jpg,3,2,true,1,train,true
fashionpedia,train2020,29048,8a31e7b435c06f8499a8dfa81316fcd2.jpg,3,2,true,2,train,true
fashionpedia,train2020,29050,80580411ba6e3238fcdbc654193d3dc9.jpg,3,2,true,3,train,true
fashionpedia,train2020,29056,f7b3b943f25ae307a0211cdfff81804b.jpg,3,2,true,1,train,true
fashionpedia,train2020,29060,bb490db42eef132e060236073f8f1f7c.jpg,3,2,true,1,train,true
fashionpedia,train2020,29070,3878509389cf3141a5bc797635254c51.jpg,3,2,true,1,train,true
fashionpedia,train2020,29071,d2618c2d9b2e7f5f257a967302f64a90.jpg,3,2,true,1,train,true
fashionpedia,train2020,29074,4df152414a301ef8762d985edc6c7d59.jpg,3,2,true,1,train,true
fashionpedia,train2020,29078,d8aa18c842b80e42546dc4c8156951cf.jpg,3,2,true,3,train,true
fashionpedia,train2020,29106,bb86bd40db68744ef59c97dc1def659e.jpg,3,2,true,1,train,true
fashionpedia,train2020,29122,0eb015074788f503ec6442914d2f1c71.jpg,3,2,true,1,train,true
fashionpedia,train2020,29123,7f6e1339e30a5dd79a69c8fd5ea7f1b5.jpg,3,2,true,3,train,true
fashionpedia,train2020,29124,296a093047de55ead535709bef890d49.jpg,3,2,true,1,train,true
fashionpedia,train2020,29139,ac1279372fe43166f4bb9d320cfb765b.jpg,3,2,true,2,train,true
fashionpedia,train2020,29145,4a9d21d3757225d69a8575c2f1108d65.jpg,3,2,true,3,train,true
fashionpedia,train2020,29150,28d3b25cd0d38880cfe0dab612b1dea2.jpg,3,2,true,1,train,true
fashionpedia,train2020,29153,74527821efb944ed72d756160fca9e84.jpg,3,2,true,3,train,true
fashionpedia,train2020,29162,2b151dc7e1600538699d3dbe534ffd2f.jpg,3,2,true,3,train,true
fashionpedia,train2020,29165,ed0b80d5b8a1a6cd023555b1695c5037.jpg,3,2,true,2,train,true
fashionpedia,train2020,29169,b9b9cc621d4646f7a66cde20345fe48c.jpg,3,2,true,1,train,true
fashionpedia,train2020,29178,a4b913a811583844751c69ddd2185820.jpg,3,2,true,1,train,true
fashionpedia,train2020,29180,3746660f58831cc60b2679ed20ebde5d.jpg,3,2,true,1,train,true
fashionpedia,train2020,29186,3de15383b7b0c3b6bdabc3935b9f5272.jpg,3,2,true,1,train,true
fashionpedia,train2020,29210,ea7208fbf7480498af9d3ced085593d5.jpg,3,2,true,1,train,true
fashionpedia,train2020,29213,c24d04e5332e4b53b6d70710b46d4549.jpg,3,2,true,3,train,true
fashionpedia,train2020,29217,d99e1ecc5cdfc7cd9b014b863fba632e.jpg,3,2,true,1,train,true
fashionpedia,train2020,29219,327c8a53c61cb1b0ca6da26dd12e8a83.jpg,3,2,true,3,train,true
fashionpedia,train2020,29222,fc84e39e5b65b9e207accbe78381114e.jpg,3,2,true,1,train,true
fashionpedia,train2020,29228,32069a0da6010252c91215b8963cd7f7.jpg,3,2,true,2,train,true
fashionpedia,train2020,29244,6c10b76ea3548a294372348d4364921c.jpg,3,2,true,1,train,true
fashionpedia,train2020,29246,410de430b55193f09c9e5bebcb4f58b8.jpg,3,2,true,1,train,true
fashionpedia,train2020,29253,cf3410e13ab5113614292cf1f6a7617a.jpg,3,2,true,1,train,true
fashionpedia,train2020,29254,a78cb035154068ef1e72c792cdd835ef.jpg,3,2,true,1,train,true
fashionpedia,train2020,29262,ed366eac525f72a0863090207f2c8c4d.jpg,3,2,true,2,train,true
fashionpedia,train2020,29271,057835daba46c1866474e18fcd74fc0e.jpg,3,2,true,1,train,true
fashionpedia,train2020,29273,2a929857b7521a0ecd046c16f27b2090.jpg,3,2,true,2,train,true
fashionpedia,train2020,29275,a3982a968111a3b975fe6ecba17ec0d6.jpg,3,2,true,2,train,true
fashionpedia,train2020,29277,05cc721156863b740eb533559f5f6aba.jpg,3,2,true,3,train,true
fashionpedia,train2020,29283,6dd3c9556376cfb682e4f02602baf1ce.jpg,3,2,true,1,train,true
fashionpedia,train2020,29287,4c745f01a42bba7e185521e4ceebe723.jpg,3,2,true,1,train,true
fashionpedia,train2020,29293,c8e7c8d4c9eabe42b4d9bffee1c4c35a.jpg,3,2,true,2,train,true
fashionpedia,train2020,29295,4f7180a705fc127cef1c4e9ae0174014.jpg,3,2,true,1,train,true
fashionpedia,train2020,29299,06f1f955a840573a19012d7fc2d9ee5d.jpg,3,2,true,3,train,true
fashionpedia,train2020,29308,d55f1c09432047cdd6d472d438b0b281.jpg,3,2,true,1,train,true
fashionpedia,train2020,29312,28c1583595512a3d6b156747a86cfbe4.jpg,3,2,true,3,train,true
fashionpedia,train2020,29326,78e3375da26b4e4c5b63d95e7eb0579b.jpg,3,2,true,1,train,true
fashionpedia,train2020,29330,2c40daa732770f2b06d63f359e41324f.jpg,3,2,true,1,train,true
fashionpedia,train2020,29331,77a3b835f8becfae4a04e766b4464a6f.jpg,3,2,true,1,train,true
fashionpedia,train2020,29332,ad254a6219d3e637329691e110fd0ae1.jpg,3,2,true,2,train,true
fashionpedia,train2020,29337,7d854997081894797467897cd8ee4364.jpg,3,2,true,2,train,true
fashionpedia,train2020,29342,83e79fd4d15b8b1dfdf266ce061aeb6b.jpg,3,2,true,1,train,true
fashionpedia,train2020,29353,b7d7a06ea6b128bb296de2287932fc7f.jpg,3,2,true,1,train,true
fashionpedia,train2020,29378,02f6c36c2a99353edadbeb93931346f8.jpg,3,2,true,1,train,true
fashionpedia,train2020,29381,7958034336813d0564606c1005221fe9.jpg,3,2,true,1,train,true
fashionpedia,train2020,29401,98775317faceda4a9b26f8273855ced9.jpg,3,2,true,2,train,true
fashionpedia,train2020,29406,3a5d7517925d8f5353918d62f080e67c.jpg,3,2,true,4,train,true
fashionpedia,train2020,29411,77db09004f6bd828f0552c8d705fcd73.jpg,3,2,true,1,train,true
fashionpedia,train2020,29418,e58dcb4868d2cec513dbfa9e81015126.jpg,3,2,true,3,train,true
fashionpedia,train2020,29426,4ffcfcaeb3afa7d366696d197f01d067.jpg,3,2,true,2,train,true
fashionpedia,train2020,29431,559fba11cac3cf77f3dfc4d10863cbf0.jpg,3,2,true,1,train,true
fashionpedia,train2020,29436,1c69c9c44e9f5cb4e88712abf1339256.jpg,3,2,true,1,train,true
fashionpedia,train2020,29437,36d953805b955c9bd1116124065315a3.jpg,3,2,true,1,train,true
fashionpedia,train2020,29445,d1e2e611a497f5b88e6ae44e5cc6bb3f.jpg,3,2,true,2,train,true
fashionpedia,train2020,29449,2edbd09e8b0030e32ffaae365514b606.jpg,3,2,true,1,train,true
fashionpedia,train2020,29450,668790534e6137b137ff05b7e01edf04.jpg,3,2,true,3,train,true
fashionpedia,train2020,29452,0a657c09b2f668075d758bdaaf0bb6f8.jpg,3,2,true,1,train,true
fashionpedia,train2020,29456,f9fc35243c2c7592c2d5858be342a34d.jpg,3,2,true,4,train,true
fashionpedia,train2020,29460,65f4f7a1f958327bd2b4c1f7651f74e3.jpg,3,2,true,2,train,true
fashionpedia,train2020,29464,ac62cfa62d76300fe7c5350ba9ec84e9.jpg,3,2,true,1,train,true
fashionpedia,train2020,29470,7fd4f9e6b81fb3d26d08d0e39f2f6be9.jpg,3,2,true,1,train,true
fashionpedia,train2020,29472,44ed0319df18c3abc124d0da4ff70cd9.jpg,3,2,true,1,train,true
fashionpedia,train2020,29473,0df3eb7ca47f7a0d00515a144b2ebe4b.jpg,3,2,true,3,train,true
fashionpedia,train2020,29474,25277ff88fd4b57ab226ab41b33881fe.jpg,3,2,true,2,train,true
fashionpedia,train2020,29476,8842d3684daedc771c7fc85079c58b7b.jpg,3,2,true,3,train,true
fashionpedia,train2020,29477,491117d0ebb1289050cfc524f083541f.jpg,3,2,true,2,train,true
fashionpedia,train2020,29485,d2d369767d11a4c4821826629f87a1f8.jpg,3,2,true,3,train,true
fashionpedia,train2020,29488,8502af61d9a1eab86d949d8473cbf8b6.jpg,3,2,true,1,train,true
fashionpedia,train2020,29495,954b94d63a49e31cf66ef07a3297e0ea.jpg,3,2,true,1,train,true
fashionpedia,train2020,29501,0e765cb7e434ebcd3d7156163ce1b669.jpg,3,2,true,1,train,true
fashionpedia,train2020,29503,66bb1c5dd68e5fb2fe9d57c0fa42f8d2.jpg,3,2,true,2,train,true
fashionpedia,train2020,29517,a59820983915009949fadcf232dc7717.jpg,3,2,true,1,train,true
fashionpedia,train2020,29518,bb665ab9c05b7e8b4a5340e867ed2371.jpg,3,2,true,1,train,true
fashionpedia,train2020,29523,d38b8c57d1328136364c34360de2444f.jpg,3,2,true,3,train,true
fashionpedia,train2020,29524,6f504c43b27982f481e3cee063a7b20d.jpg,3,2,true,1,train,true
fashionpedia,train2020,29525,71d6f994994e113305c356111a80df8c.jpg,3,2,true,1,train,true
fashionpedia,train2020,29543,fa481a3f153f06fc108e55fa96aed13f.jpg,3,2,true,1,train,true
fashionpedia,train2020,29547,0b4b46aaa5e7b2f1799f7bddf8f20863.jpg,3,2,true,1,train,true
fashionpedia,train2020,29548,027e979d604d960df698e25a62c719de.jpg,3,2,true,4,train,true
fashionpedia,train2020,29550,c1693e29b75a39cf698a700b6ce42fc2.jpg,3,2,true,1,train,true
fashionpedia,train2020,29555,298c30bdbffda379233648ffa7282102.jpg,3,2,true,1,train,true
fashionpedia,train2020,29564,76d5c1310b39bcd6db783852d2171324.jpg,3,2,true,1,train,true
fashionpedia,train2020,29568,bd97869466596c118b3668c7eaec64c5.jpg,3,2,true,1,train,true
fashionpedia,train2020,29577,63de1bdc637d5868b5ca9cf11018e46c.jpg,3,2,true,2,train,true
fashionpedia,train2020,29591,d6edc82765d362283662e0ba952d377a.jpg,3,2,true,3,train,true
fashionpedia,train2020,29611,7f77b2d9e938d45d056f003f5e0b59ac.jpg,3,2,true,1,train,true
fashionpedia,train2020,29639,6874190f272a1ce960cc2a2c9e0f8c62.jpg,3,2,true,2,train,true
fashionpedia,train2020,29658,f1e3c99c5952de5ff0754592efffdfd6.jpg,3,2,true,1,train,true
fashionpedia,train2020,29677,ec61dbb85861c6409014afd0200ed8cf.jpg,3,2,true,3,train,true
fashionpedia,train2020,29678,7b9b4f839b0bb59d9ac6f87f9726fc73.jpg,3,2,true,1,train,true
fashionpedia,train2020,29681,011b63573f6d2e7ea6eaaca179dae44d.jpg,3,2,true,3,train,true
fashionpedia,train2020,29684,cbc0a87b53ec521f025c7a115f4de962.jpg,3,2,true,1,train,true
fashionpedia,train2020,29685,088cd69ec6878ff5c617b0989c841556.jpg,3,2,true,2,train,true
fashionpedia,train2020,29688,7b2caf491471caacbe8b36d4b6a6fa20.jpg,3,2,true,3,train,true
fashionpedia,train2020,29689,0dc9aed6624d63834290c56668e215b9.jpg,3,2,true,3,train,true
fashionpedia,train2020,29694,643fedc91aac16792c7f8a1d59b4aad0.jpg,3,2,true,2,train,true
fashionpedia,train2020,29698,3e872ae49dc4cfe81edb262f9dfd39f0.jpg,3,2,true,1,train,true
fashionpedia,train2020,29707,bbfd2db27ebebd027a2b8bc7cd5086e9.jpg,3,2,true,3,train,true
fashionpedia,train2020,29710,05754424124027bd9dc0aad318a618a2.jpg,3,2,true,1,train,true
fashionpedia,train2020,29715,22afe89aeb00612817f88736e7a45c1d.jpg,3,2,true,1,train,true
fashionpedia,train2020,29718,2b935837e16fc38716ea18ca2170257e.jpg,3,2,true,2,train,true
fashionpedia,train2020,29724,e6134252b563fe37826f995cd9e0bb17.jpg,3,2,true,2,train,true
fashionpedia,train2020,29725,2a0b5589af506a3f65295848c8afd4db.jpg,3,2,true,2,train,true
fashionpedia,train2020,29733,e88076843296ebbd5088d4e689c4e65b.jpg,3,2,true,2,train,true
fashionpedia,train2020,29736,26e9e76d8028802020fafd3d276d0d02.jpg,3,2,true,3,train,true
fashionpedia,train2020,29739,3e940df0cdf9443f7ffee23aec5060a0.jpg,3,2,true,1,train,true
fashionpedia,train2020,29740,6d6905b7c06a2ac561cd1964dca07e40.jpg,3,2,true,2,train,true
fashionpedia,train2020,29768,1358630675b46a7c08997780179c7d11.jpg,3,2,true,3,train,true
fashionpedia,train2020,29772,3287567ee460c9f9ee02496eadd92021.jpg,3,2,true,1,train,true
fashionpedia,train2020,29773,9b6d269ea5ff5b99c76fa61ed13ebb2e.jpg,3,2,true,1,train,true
fashionpedia,train2020,29784,b57702b3f866ff9aa4fdcd48b2cbcf8d.jpg,3,2,true,1,train,true
fashionpedia,train2020,29788,adb92b695113a357722cb3ecbbf25dc4.jpg,3,2,true,1,train,true
fashionpedia,train2020,29794,eb4bc51e297272c1fb469844ac2f9733.jpg,3,2,true,2,train,true
fashionpedia,train2020,29796,83b5bb09cfc5986fb02d046448977ab5.jpg,3,2,true,1,train,true
fashionpedia,train2020,29801,9c87aaa3483bee5961c79a279ee5750b.jpg,3,2,true,2,train,true
fashionpedia,train2020,29802,edbedef6b0492f8a417b2d25f8b559ec.jpg,3,2,true,1,train,true
fashionpedia,train2020,29805,867621b19ae8f8f77f0d5b5a3ea47697.jpg,3,2,true,1,train,true
fashionpedia,train2020,29806,9f0f5e0ca125a40b3b7607980e084288.jpg,3,2,true,2,train,true
fashionpedia,train2020,29810,28621183ba6fa2bdfad045490c3aba93.jpg,3,2,true,2,train,true
fashionpedia,train2020,29811,7564793e6a84acc2b6874d9991e2233e.jpg,3,2,true,3,train,true
fashionpedia,train2020,29816,29407da3826348d0b0fa97ad8d7b9f66.jpg,3,2,true,1,train,true
fashionpedia,train2020,29817,89cc17e3cf33207d3ca6c982c2d92efd.jpg,3,2,true,1,train,true
fashionpedia,train2020,29819,fbd8e4feb56f242a9d767cda2a1690a4.jpg,3,2,true,2,train,true
fashionpedia,train2020,29821,a7c798585bcea6535a6ac1ca35b82c4f.jpg,3,2,true,3,train,true
fashionpedia,train2020,29822,fc5041cea17ceeb33f3ef0598f7943cc.jpg,3,2,true,1,train,true
fashionpedia,train2020,29823,df7ed8ee0d88182abb305a9fbdc92624.jpg,3,2,true,2,train,true
fashionpedia,train2020,29850,7711283f1035f35a64a13f873da5c311.jpg,3,2,true,1,train,true
fashionpedia,train2020,29855,b437682b6b5a0591d229eb0612170df9.jpg,3,2,true,1,train,true
fashionpedia,train2020,29875,db24938095cd10b9e5443fd65b613b80.jpg,3,2,true,3,train,true
fashionpedia,train2020,29885,bed0cbceb4de619ec396e274612aed11.jpg,3,2,true,2,train,true
fashionpedia,train2020,29886,27a52bbc12c2d1af1fb0f7bd32dcae73.jpg,3,2,true,2,train,true
fashionpedia,train2020,29896,c5d9091f29cdd557a766594844cc39df.jpg,3,2,true,2,train,true
fashionpedia,train2020,29900,1ce6f8a2625365eafe455aa61e895aa5.jpg,3,2,true,2,train,true
fashionpedia,train2020,29904,9c6d875e74b65e75d1af3df4288cebd6.jpg,3,2,true,2,train,true
fashionpedia,train2020,29905,1f9a517a9b88f8c5e0d34779625e9cdc.jpg,3,2,true,1,train,true
fashionpedia,train2020,29908,a0efbe6308f369f0f138d6ac2b745ec6.jpg,3,2,true,3,train,true
fashionpedia,train2020,29928,cffb11e62afeec362ca09f5b73598493.jpg,3,2,true,1,train,true
fashionpedia,train2020,29933,3821d6691d7b0b13ce3adf743639347d.jpg,3,2,true,2,train,true
fashionpedia,train2020,29934,1b8dece33d3e38e9edafc227b059cb50.jpg,3,2,true,1,train,true
fashionpedia,train2020,29937,68508a54b491fe2a992e4116ad91b6ff.jpg,3,2,true,3,train,true
fashionpedia,train2020,29949,77d4c1d9cd2bae6f3851e8fc104edcdf.jpg,3,2,true,1,train,true
fashionpedia,train2020,29954,2907b88897f52a83bf550d4697a37978.jpg,3,2,true,2,train,true
fashionpedia,train2020,29956,0b9f5a08e4c3c6d8b9f563954376188a.jpg,3,2,true,1,train,true
fashionpedia,train2020,29959,ea40764ed5d647fe39a1fe99fee8d2c3.jpg,3,2,true,1,train,true
fashionpedia,train2020,29971,26faaf4b467aa922843bef3de587561b.jpg,3,2,true,2,train,true
fashionpedia,train2020,29990,625b8939a840485c3166228e5eacf066.jpg,3,2,true,1,train,true
fashionpedia,train2020,29992,9b3ee9627e524dc8056997eb69f40c03.jpg,3,2,true,1,train,true
fashionpedia,train2020,30002,e555528302349d679ca3e963717f685b.jpg,3,2,true,1,train,true
fashionpedia,train2020,30009,aaf6792ddd0dd0236b6da42abe8c682c.jpg,3,2,true,1,train,true
fashionpedia,train2020,30013,d932095ece04cf22b038f2764ffdedec.jpg,3,2,true,2,train,true
fashionpedia,train2020,30018,67506911870a7afb8497208bf5aa626b.jpg,3,2,true,1,train,true
fashionpedia,train2020,30028,dec2ad78129f63039925396eb8ed48d1.jpg,3,2,true,2,train,true
fashionpedia,train2020,30035,f3aeaa22924efaf9f711082bbb681fcf.jpg,3,2,true,2,train,true
fashionpedia,train2020,30045,0651728242ca4811098bbfa5a52c531b.jpg,3,2,true,3,train,true
fashionpedia,train2020,30049,61685e9c648639a940d69553dad57517.jpg,3,2,true,2,train,true
fashionpedia,train2020,30061,7bc667b2d51d7be497eebf6d38550d65.jpg,3,2,true,1,train,true
fashionpedia,train2020,30068,2e40ee1c0b8a919688714f7e53e24861.jpg,3,2,true,3,train,true
fashionpedia,train2020,30077,d940a2fbf365047494dd83d9dddc1227.jpg,3,2,true,2,train,true
fashionpedia,train2020,30094,a3550c423bfe754bed05f16d10be0f64.jpg,3,2,true,1,train,true
fashionpedia,train2020,30099,edad1411846bd9d502bdc27405dc14d3.jpg,3,2,true,1,train,true
fashionpedia,train2020,30111,d3d01d46546f32257c4a5ea6851baf1f.jpg,3,2,true,2,train,true
fashionpedia,train2020,30114,8d07935473bb503b4a55f0b47e65c527.jpg,3,2,true,1,train,true
fashionpedia,train2020,30116,657bfe480a80641841329a028cf3220c.jpg,3,2,true,4,train,true
fashionpedia,train2020,30133,b483b145d7ffde2b08558557b4523265.jpg,3,2,true,2,train,true
fashionpedia,train2020,30139,99b5eeb830ae20f5da1640c892f914a5.jpg,3,2,true,1,train,true
fashionpedia,train2020,30141,3d1d4ac364266df99821674599cd4a6a.jpg,3,2,true,1,train,true
fashionpedia,train2020,30146,71e3e09f27b13bd34b160e3651862523.jpg,3,2,true,1,train,true
fashionpedia,train2020,30162,7f1f10d13863b0eae9b90d1ade1ca6b3.jpg,3,2,true,1,train,true
fashionpedia,train2020,30165,79da5ca2aa20730f08ac17f3ae449205.jpg,3,2,true,2,train,true
fashionpedia,train2020,30175,74722d2b97660e75c42ad4f5e203f644.jpg,3,2,true,1,train,true
fashionpedia,train2020,30178,0f22ce024edb2c7936858b043b05947a.jpg,3,2,true,3,train,true
fashionpedia,train2020,30186,9aa9a6b733c032b17827c17a2f7fd25a.jpg,3,2,true,1,train,true
fashionpedia,train2020,30216,12650155dc9f165b4f9072eedfa808ce.jpg,3,2,true,4,train,true
fashionpedia,train2020,30218,639b27f89cb826e03dfd56493ed8502d.jpg,3,2,true,1,train,true
fashionpedia,train2020,30219,8e7dad3019ddec676b0d10b99f0ce536.jpg,3,2,true,3,train,true
fashionpedia,train2020,30226,b7d80a8eb6d6d0b6a4a9fa316e58914b.jpg,3,2,true,3,train,true
fashionpedia,train2020,30229,aa0ea4d99610fb1f11d50f4a240160e8.jpg,3,2,true,3,train,true
fashionpedia,train2020,30236,ac5e21bf712453d9133999839fa5d04a.jpg,3,2,true,2,train,true
fashionpedia,train2020,30237,b26a72f1c81793139ad386d65abc1020.jpg,3,2,true,1,train,true
fashionpedia,train2020,30241,d6704ca4bd7080373ba0efbd1e1fd3cb.jpg,3,2,true,2,train,true
fashionpedia,train2020,30244,a7766d660ec34b608d23bbb788d68907.jpg,3,2,true,2,train,true
fashionpedia,train2020,30249,f6563ac04668979e709cf7581c40e9d0.jpg,3,2,true,2,train,true
fashionpedia,train2020,30259,5914fab273752922f50f2eba7006a0ec.jpg,3,2,true,2,train,true
fashionpedia,train2020,30262,e67aa8f997e24539dfc21244a18127e3.jpg,3,2,true,2,train,true
fashionpedia,train2020,30263,72076cff79eed7642355595488a78c52.jpg,3,2,true,1,train,true
fashionpedia,train2020,30267,3cbd1caaf1de395fb5067b1a1325533b.jpg,3,2,true,1,train,true
fashionpedia,train2020,30271,cad28dea27c58cedd8d424d288789494.jpg,3,2,true,1,train,true
fashionpedia,train2020,30275,4c4dd2764262736e24df47e9bb5a935f.jpg,3,2,true,1,train,true
fashionpedia,train2020,30276,72f352cdd3eefee11913fc201a21ae50.jpg,3,2,true,3,train,true
fashionpedia,train2020,30282,767843797e05cc6ee95db4a6722f8aaa.jpg,3,2,true,1,train,true
fashionpedia,train2020,30284,bf416f5f3e05c2b88e71babb20f65fa7.jpg,3,2,true,3,train,true
fashionpedia,train2020,30286,67bbf18b1e8add681a837494e5886755.jpg,3,2,true,1,train,true
fashionpedia,train2020,30287,4115cab5222d976d21eec788cbeda623.jpg,3,2,true,3,train,true
fashionpedia,train2020,30296,e99b3e76a8dae8ac0b2610011f3c459b.jpg,3,2,true,1,train,true
fashionpedia,train2020,30303,8028dc45328a4499d9c7066d18e4d644.jpg,3,2,true,2,train,true
fashionpedia,train2020,30304,7e709d487f03950e2d5e6e920c8b28b3.jpg,3,2,true,1,train,true
fashionpedia,train2020,30308,7f659dc10d6e072b844527478cb5e581.jpg,3,2,true,3,train,true
fashionpedia,train2020,30315,61f039b92e010469ecf3444a664322d6.jpg,3,2,true,3,train,true
fashionpedia,train2020,30326,456315f9ceadf94ba0a0cde375536f03.jpg,3,2,true,1,train,true
fashionpedia,train2020,30327,c3ce5b8874b7923c326ca9f13e1810bb.jpg,3,2,true,1,train,true
fashionpedia,train2020,30328,34bdae5f8731b42c1cae92c25193884d.jpg,3,2,true,1,train,true
fashionpedia,train2020,30331,3b1ccddef343359eba50eba9b04d6aa5.jpg,3,2,true,3,train,true
fashionpedia,train2020,30332,abe9ab3c38d4404d748243f49f9faddf.jpg,3,2,true,1,train,true
fashionpedia,train2020,30333,9175a1397d147dedb02ac75295a4d138.jpg,3,2,true,2,train,true
fashionpedia,train2020,30336,15d4be7fd871f4ef2abd00b0ddc27f5f.jpg,3,2,true,3,train,true
fashionpedia,train2020,30343,159f3f122e945a4ffae412ce2df011a2.jpg,3,2,true,3,train,true
fashionpedia,train2020,30346,d3a2d76c666322dfa117eef760573b25.jpg,3,2,true,2,train,true
fashionpedia,train2020,30347,2379594f9a6f87bf3321dca899144f9f.jpg,3,2,true,2,train,true
fashionpedia,train2020,30362,ea45862ee9e6efacc15969da585f7e1d.jpg,3,2,true,2,train,true
fashionpedia,train2020,30364,d8820d5c378f1b59af4688aade2521eb.jpg,3,2,true,2,train,true
fashionpedia,train2020,30365,169b3a702b54ac8927081e9cb4a7f21f.jpg,3,2,true,1,train,true
fashionpedia,train2020,30382,e289cd8765df8ea32c045ca691241d2d.jpg,3,2,true,3,train,true
fashionpedia,train2020,30391,6a731b4147dfd90394cccd7b0c13b675.jpg,3,2,true,2,train,true
fashionpedia,train2020,30402,cec4540298ba49e650885e566e12842d.jpg,4,2,true,1,train,true
fashionpedia,train2020,30404,4cddbb0a90efd45ea32de3036f0b5e16.jpg,4,2,true,2,train,true
fashionpedia,train2020,30406,ac1a3b2bd95dee286849d0d34f4d63c1.jpg,4,2,true,1,train,true
fashionpedia,train2020,30412,bad1e97afae09399ee8b536f7b3f033a.jpg,4,2,true,2,train,true
fashionpedia,train2020,30416,4cabb870d4f89c39147e05095cc8baf0.jpg,4,2,true,1,train,true
fashionpedia,train2020,30429,ecd903fa0994505e4a3fea1383f83da8.jpg,4,2,true,1,train,true
fashionpedia,train2020,30432,43726e28b3fff1c3ae3f3fe3c20cb91c.jpg,4,2,true,4,train,true
fashionpedia,train2020,30433,b9638356b0aef07914da87605f003e77.jpg,4,2,true,2,train,true
fashionpedia,train2020,30439,fca9c570e98556bb8c40835c55cba67d.jpg,4,2,true,1,train,true
fashionpedia,train2020,30448,4ce1dec55a9925faafcbc55d4372e851.jpg,4,2,true,1,train,true
fashionpedia,train2020,30473,05c2b72735d8f76281c92bd4922e053f.jpg,4,2,true,3,train,true
fashionpedia,train2020,30487,15b08b06453f51e7d494146458a11046.jpg,4,2,true,1,train,true
fashionpedia,train2020,30494,eed60b547dad602033eab69173eafb7e.jpg,4,2,true,1,train,true
fashionpedia,train2020,30501,9cbacd0387420e32ba1ad79d87809944.jpg,4,2,true,1,train,true
fashionpedia,train2020,30523,5c8be40edc65e78e7dce3659ba4206c6.jpg,4,2,true,1,train,true
fashionpedia,train2020,30543,3105030b5dcb35b2b81abfcffe3d36ad.jpg,4,2,true,1,train,true
fashionpedia,train2020,30548,24166e251895db1eeba9df4c05e487cf.jpg,4,2,true,3,train,true
fashionpedia,train2020,30551,62331ee5a79064bc5f542d5bb375103c.jpg,4,2,true,1,train,true
fashionpedia,train2020,30559,01b8b2a3022ee029fd54f1fc680d0fb8.jpg,4,2,true,2,train,true
fashionpedia,train2020,30566,7bdb0fd620314d3c57cdf94c157899b8.jpg,4,2,true,2,train,true
fashionpedia,train2020,30581,6a798ddc68682464c7da18a2124e4f3f.jpg,4,2,true,4,train,true
fashionpedia,train2020,30588,96994d6710c21df9ec2d54a79c8aa371.jpg,4,2,true,4,train,true
fashionpedia,train2020,30595,7040aef4b408da2023e0f10faa39b747.jpg,4,2,true,3,train,true
fashionpedia,train2020,30617,b7190eb33c2e220c083056a2303ec674.jpg,4,2,true,1,train,true
fashionpedia,train2020,30626,8a4c88d32294d545b1e63abd45b9d5e1.jpg,4,2,true,2,train,true
fashionpedia,train2020,30631,201b7ec9f5188a7e1d259dcbb47f0c1b.jpg,4,2,true,2,train,true
fashionpedia,train2020,30638,b87c1592a35b0756937a45f7c6409c88.jpg,4,2,true,1,train,true
fashionpedia,train2020,30641,eed1e4abcc7500f440e0114a5d7480fa.jpg,4,2,true,2,train,true
fashionpedia,train2020,30643,be951f395f874be5dd838f158636f6f2.jpg,4,2,true,2,train,true
fashionpedia,train2020,30649,98b2f99ee157c3b17c3aee854eb49de0.jpg,4,2,true,1,train,true
fashionpedia,train2020,30670,b34e93e81c0160c0bfcb8419d8c03831.jpg,4,2,true,3,train,true
fashionpedia,train2020,30674,d7d98a32689b0482de152d9349b5ba1a.jpg,4,2,true,1,train,true
fashionpedia,train2020,30677,59ae9587e1b1f319b4d9fef2dc5ed680.jpg,4,2,true,3,train,true
fashionpedia,train2020,30687,423b9132d76792ca406ebb9787a034d1.jpg,4,2,true,1,train,true
fashionpedia,train2020,30688,af54aecd8a615b1598688600265e6eb7.jpg,4,2,true,1,train,true
fashionpedia,train2020,30697,f80693b7b9ca17d56412a06c87ef98a2.jpg,4,2,true,3,train,true
fashionpedia,train2020,30702,28c1a2bd55ae8e5bee60a12325aedaf7.jpg,4,2,true,2,train,true
fashionpedia,train2020,30703,d2bc277541b6c27bcd2e2f46459097f9.jpg,4,2,true,1,train,true
fashionpedia,train2020,30716,ac32cdb67c6878abb04e5292704809b2.jpg,4,2,true,3,train,true
fashionpedia,train2020,30717,f0ab60b13675fda05d67b7c59741d7ff.jpg,4,2,true,1,train,true
fashionpedia,train2020,30722,38da7aa03610bd36ceb3bef412ce7c68.jpg,4,2,true,2,train,true
fashionpedia,train2020,30767,99ca4ab17ef6bf8c390d35e98a95793b.jpg,4,2,true,1,train,true
fashionpedia,train2020,30771,7e89a05308b6264ed0ec885334346c62.jpg,4,2,true,3,train,true
fashionpedia,train2020,30773,dcbc5e22306d2682d436245ec178724f.jpg,4,2,true,2,train,true
fashionpedia,train2020,30783,f8bdfda4109b65d40417f16549c0db6d.jpg,4,2,true,1,train,true
fashionpedia,train2020,30784,eaa58d9601f39c0f0822ae672a3f58b5.jpg,4,2,true,2,train,true
fashionpedia,train2020,30785,8c7d28d6cee930626b4768cbab4f04c2.jpg,4,2,true,1,train,true
fashionpedia,train2020,30803,3afe8bc7e6d555201ba443b1dea52639.jpg,4,2,true,4,train,true
fashionpedia,train2020,30812,223dd7cb40eed80c29945c66ed0b3b69.jpg,4,2,true,2,train,true
fashionpedia,train2020,30815,a057a816f4105bc31594b7fcffec925c.jpg,4,2,true,3,train,true
fashionpedia,train2020,30818,3a87f5175eedc0dc2d03952d5df56be3.jpg,4,2,true,1,train,true
fashionpedia,train2020,30822,35f1d5086a3eb123c8c06b2fa4f94ad2.jpg,4,2,true,3,train,true
fashionpedia,train2020,30827,78692426c96956d0c82a44bdce8d68f0.jpg,4,2,true,2,train,true
fashionpedia,train2020,30831,9ef0d7890199a25df9969f3879d13f37.jpg,4,2,true,4,train,true
fashionpedia,train2020,30861,00c4b33afaa515501c4896868482ecc0.jpg,4,2,true,1,train,true
fashionpedia,train2020,30869,53b853526508dd58d686791b45a2d00a.jpg,4,2,true,3,train,true
fashionpedia,train2020,30870,499c188cdc1e7b4afe49f3741843c65c.jpg,4,2,true,1,train,true
fashionpedia,train2020,30872,348090922469d69938178af875f6ed64.jpg,4,2,true,1,train,true
fashionpedia,train2020,30877,a473fe244ad195c68e34c00e762c0c4e.jpg,4,2,true,1,train,true
fashionpedia,train2020,30878,b4aaaac16d0aeb33e8644a9107d1c027.jpg,4,2,true,3,train,true
fashionpedia,train2020,30889,7b36ffa802e24a0f8200eada7a50fdad.jpg,4,2,true,3,train,true
fashionpedia,train2020,30894,3c65165c0b44f1d6f174654333c49ba0.jpg,4,2,true,1,train,true
fashionpedia,train2020,30896,915c31edba49c87be6ae14aa7394c6bb.jpg,4,2,true,1,train,true
fashionpedia,train2020,30901,c1de97af6407ebde41ef6b6f923adb66.jpg,4,2,true,1,train,true
fashionpedia,train2020,30903,df887836f3fc80b78d1811931f4044ec.jpg,4,2,true,1,train,true
fashionpedia,train2020,30908,b866fc06660856e1b00afdd3b3c55082.jpg,4,2,true,1,train,true
fashionpedia,train2020,30909,108311251c097b22bda848b451714704.jpg,4,2,true,1,train,true
fashionpedia,train2020,30912,1906adf044740ce8b6c5f005d4be7d23.jpg,4,2,true,2,train,true
fashionpedia,train2020,30917,9ecaed344b9ed249f5613e8a51e8f8ea.jpg,4,2,true,1,train,true
fashionpedia,train2020,30924,4fcad60c9c2d33f0e30248c06f8929fa.jpg,4,2,true,1,train,true
fashionpedia,train2020,30925,d1dcaec92a948db4f4ae6aec96b9623b.jpg,4,2,true,2,train,true
fashionpedia,train2020,30928,af3c0e6bb7b83e0f76d0098d4f783d04.jpg,4,2,true,2,train,true
fashionpedia,train2020,30929,dbb951ac271d11bb7a872084067f3149.jpg,4,2,true,3,train,true
fashionpedia,train2020,30931,3a3dc2f5a644d66530678aa80edc854c.jpg,4,2,true,1,train,true
fashionpedia,train2020,30956,e04605cf86369258a6a02669b117e7d8.jpg,4,2,true,2,train,true
fashionpedia,train2020,30958,e4467db5e48b82148ad40c43b5e4ab48.jpg,4,2,true,1,train,true
fashionpedia,train2020,30960,7223e9bf40926770e05cb3ffac449a72.jpg,4,2,true,2,train,true
fashionpedia,train2020,30965,6abaab27c3b3bbf00364032f4c3f698e.jpg,4,2,true,2,train,true
fashionpedia,train2020,30976,d7a7373814ef014be177a12823bb4ca0.jpg,4,2,true,1,train,true
fashionpedia,train2020,30983,5acb6114a2fa81dfb5b9fc068a935d5e.jpg,4,2,true,1,train,true
fashionpedia,train2020,31006,b09c86f17d372f23fade52641c5ee500.jpg,4,2,true,1,train,true
fashionpedia,train2020,31011,30178d1d68b54b7c938d773558270272.jpg,4,2,true,3,train,true
fashionpedia,train2020,31022,26807149dd4dadd65d2dd5a5789f09e1.jpg,4,2,true,2,train,true
fashionpedia,train2020,31023,6a6529be70b2b2e507d7d48805e1f7aa.jpg,4,2,true,3,train,true
fashionpedia,train2020,31024,c460baee8fb2c97823d8c463f48b2fb6.jpg,4,2,true,2,train,true
fashionpedia,train2020,31028,1b50f69e1a15d4e3cdcba7537609c897.jpg,4,2,true,1,train,true
fashionpedia,train2020,31030,d3d622ce8d417609ac6206a4146787b6.jpg,4,2,true,2,train,true
fashionpedia,train2020,31039,aa216b8d1fae7d283aea9cc5349162dc.jpg,4,2,true,1,train,true
fashionpedia,train2020,31046,d6309732d2e2efdc452e42da2a703877.jpg,4,2,true,2,train,true
fashionpedia,train2020,31054,060ea1e37487362226e87e723d099cf6.jpg,4,2,true,1,train,true
fashionpedia,train2020,31063,5b0be104426468cd64728718486dc828.jpg,4,2,true,1,train,true
fashionpedia,train2020,31073,d38325732eda179f33701a0e1f348680.jpg,4,2,true,1,train,true
fashionpedia,train2020,31080,210a500ed765d18e93abfc63d6564ec7.jpg,4,2,true,1,train,true
fashionpedia,train2020,31089,16916011927569686f3e057528ca469d.jpg,4,2,true,1,train,true
fashionpedia,train2020,31094,dfee8c620f3d49887cbbbed6eaafeecd.jpg,4,2,true,1,train,true
fashionpedia,train2020,31099,c4a7642a2e41b10262ebc0163125f4ca.jpg,4,2,true,1,train,true
fashionpedia,train2020,31104,8f06c23c4169ecf268100c52ba2c737f.jpg,4,2,true,1,train,true
fashionpedia,train2020,31112,4fab0404e9bf6ecfe437d72eae974b92.jpg,4,2,true,2,train,true
fashionpedia,train2020,31114,d6b6dbb36777c4887189fb32033984e6.jpg,4,2,true,1,train,true
fashionpedia,train2020,31116,eaaae965584dd6587b6ad7ff7e672939.jpg,4,2,true,1,train,true
fashionpedia,train2020,31125,375e81ea8f82d583224753b06a56da6d.jpg,4,2,true,3,train,true
fashionpedia,train2020,31128,8487cb9b4f45149181022bec191ed8f9.jpg,4,2,true,1,train,true
fashionpedia,train2020,31129,1a0fdd54d30fa95718c2179a5e507163.jpg,4,2,true,2,train,true
fashionpedia,train2020,31132,311d6b4a2f1cc9272b40f3d8116fad0f.jpg,4,2,true,1,train,true
fashionpedia,train2020,31133,2dcf0d55fa4b0a0285eeebf1130c3765.jpg,4,2,true,1,train,true
fashionpedia,train2020,31138,8be47a4db963f708b4f6c466ab800540.jpg,4,2,true,1,train,true
fashionpedia,train2020,31145,f0e5c966260f017837198a9dd5920e10.jpg,4,2,true,1,train,true
fashionpedia,train2020,31146,5730c79bb9531806cc202cb000b930d7.jpg,4,2,true,3,train,true
fashionpedia,train2020,31156,5c0e371263133233f22f57e603af3987.jpg,4,2,true,3,train,true
fashionpedia,train2020,31163,ece516f11f22e3a974f9fa6c01a26da2.jpg,4,2,true,2,train,true
fashionpedia,train2020,31175,316f7450c7a343bd7252605fc2331e15.jpg,4,2,true,3,train,true
fashionpedia,train2020,31184,59b2e5d91a08baf1014bb4339bd257b2.jpg,4,2,true,1,train,true
fashionpedia,train2020,31185,09c3c99e591fd9c6bcf8a5d945e36e13.jpg,4,2,true,3,train,true
fashionpedia,train2020,31186,63e8f8314fcdd9a7e92213e8f89f942b.jpg,4,2,true,2,train,true
fashionpedia,train2020,31188,1f2ed546eb73853d2711fddee80ab06d.jpg,4,2,true,4,train,true
fashionpedia,train2020,31192,a67c99a63d08904e33c771aec72ef16f.jpg,4,2,true,2,train,true
fashionpedia,train2020,31194,d2725fdb54a86a75f374915fa2b8f28b.jpg,4,2,true,1,train,true
fashionpedia,train2020,31205,4bf21687cd689c3d9045de1e76f0e69c.jpg,4,2,true,1,train,true
fashionpedia,train2020,31207,3695fd6da6c1b88a6a3ca2a8f119db57.jpg,4,2,true,1,train,true
fashionpedia,train2020,31208,ee408391dea7a0d30d709e2c448a1c2a.jpg,4,2,true,2,train,true
fashionpedia,train2020,31209,e4bd4041522808109e0dfe0e35ae6a9a.jpg,4,2,true,1,train,true
fashionpedia,train2020,31221,003ad8a37d2190bd944a8968fb0906e2.jpg,4,2,true,1,train,true
fashionpedia,train2020,31230,57f8a9f497ed3bc9dd2f93d155a47972.jpg,4,2,true,3,train,true
fashionpedia,train2020,31235,d4efaafed77ee83f9b8b30dd53359b0a.jpg,4,2,true,2,train,true
fashionpedia,train2020,31237,ddc3944484f8706ac2f4847b634c1252.jpg,4,2,true,2,train,true
fashionpedia,train2020,31241,db82afecb77f3090b06df98a7ea39edb.jpg,4,2,true,2,train,true
fashionpedia,train2020,31249,7c8d04bce0d7fdf17374d87b2cfbf94a.jpg,4,2,true,3,train,true
fashionpedia,train2020,31253,8b81e84a3af71d7891471c0b9a46a263.jpg,4,2,true,2,train,true
fashionpedia,train2020,31257,67eb49b227df78d57c92a25688188a28.jpg,4,2,true,1,train,true
fashionpedia,train2020,31267,4614ac83a00791d55db59f693c005b03.jpg,4,2,true,1,train,true
fashionpedia,train2020,31272,b69f1b5e5d7603f0d82161448eb237a8.jpg,4,2,true,1,train,true
fashionpedia,train2020,31274,2d80a153b5afaf1869525c9960f48d06.jpg,4,2,true,4,train,true
fashionpedia,train2020,31276,a72c0f4a1e1c3f9046dd5a75745143c4.jpg,4,2,true,1,train,true
fashionpedia,train2020,31278,314420be99f0be05231ca63594efc87a.jpg,4,2,true,1,train,true
fashionpedia,train2020,31282,1aaadd3c26c5a47e95212e0ee9e63599.jpg,4,2,true,1,train,true
fashionpedia,train2020,31288,a0a38a309de62b059fb7936498fa7a70.jpg,4,2,true,1,train,true
fashionpedia,train2020,31310,1d1b1f323a93513d33a0321413a2b37d.jpg,4,2,true,2,train,true
fashionpedia,train2020,31313,a4dea03ff0a41125b4336d618db7a8f3.jpg,4,2,true,2,train,true
fashionpedia,train2020,31321,411f6944451ddecea9cc147d535dbfdb.jpg,4,2,true,2,train,true
fashionpedia,train2020,31322,68b2bb036d277aad73ba81b9fe21e62a.jpg,4,2,true,1,train,true
fashionpedia,train2020,31323,263809d91e56e1870d785c19f9690af4.jpg,4,2,true,2,train,true
fashionpedia,train2020,31325,3abe7aeaf689113d2e7fb1570803d088.jpg,4,2,true,1,train,true
fashionpedia,train2020,31347,372b10b2aefbce4354e4b9e07a360748.jpg,4,2,true,3,train,true
fashionpedia,train2020,31350,caa4de8162012c7a0165285d09e1147a.jpg,4,2,true,3,train,true
fashionpedia,train2020,31352,dbb1b3c7862c2ac8f41bb57794c065cf.jpg,4,2,true,1,train,true
fashionpedia,train2020,31355,e7893cb66e993f68c7e669530824f9c8.jpg,4,2,true,1,train,true
fashionpedia,train2020,31356,ed90c864bf5ac4a0559683e3e63c5c0c.jpg,4,2,true,1,train,true
fashionpedia,train2020,31362,fe422b922f585acb7f6cdba51b86d9de.jpg,4,2,true,3,train,true
fashionpedia,train2020,31401,04d1a4425880a381e9ab8716e675a37e.jpg,4,2,true,1,train,true
fashionpedia,train2020,31403,62b2e6cb8f915524df25baba320068e5.jpg,4,2,true,3,train,true
fashionpedia,train2020,31405,805a28ddd1b6f9bf46283672945652ca.jpg,4,2,true,1,train,true
fashionpedia,train2020,31408,e931f1872135114f0e7cc1e2fe818190.jpg,4,2,true,1,train,true
fashionpedia,train2020,31411,3bf09e807864233aea4b7f68d2419b31.jpg,4,2,true,1,train,true
fashionpedia,train2020,31428,2a324f8bdae1a00729eb174a36a8d96c.jpg,4,2,true,2,train,true
fashionpedia,train2020,31432,28cb94e497f7fca3378f4751f7284202.jpg,4,2,true,2,train,true
fashionpedia,train2020,31440,32e5230a52b1bec29172c80bd5605f7e.jpg,4,2,true,1,train,true
fashionpedia,train2020,31443,526a27443dd62f50ddf39dd3f1a2211b.jpg,4,2,true,3,train,true
fashionpedia,train2020,31444,bb35085f7e98a9c9aa931464bccfce16.jpg,4,2,true,1,train,true
fashionpedia,train2020,31455,0081580df39aa7cc74f70ede71460984.jpg,4,2,true,1,train,true
fashionpedia,train2020,31458,53a0c1896f30176f74722b255d8ef66a.jpg,4,2,true,2,train,true
fashionpedia,train2020,31462,02d37d3dbb43790542416ca05f648a77.jpg,4,2,true,1,train,true
fashionpedia,train2020,31475,82accd67f56903110303f6b441d7c6fe.jpg,4,2,true,2,train,true
fashionpedia,train2020,31476,dea18509b6c3be8eecd80dafc6ebd377.jpg,4,2,true,2,train,true
fashionpedia,train2020,31478,385d1b2d44587a35e0d6a8b1770fd4cc.jpg,4,2,true,2,train,true
fashionpedia,train2020,31485,19da183e48c3dd4b3dd5555c141c953c.jpg,4,2,true,1,train,true
fashionpedia,train2020,31488,74be2185cde82cc14b7d4af3e085dd77.jpg,4,2,true,3,train,true
fashionpedia,train2020,31491,c448b20f7f718a22f14e4e35e1a2497d.jpg,4,2,true,1,train,true
fashionpedia,train2020,31499,8eb380299f7a9c499048367bb755d894.jpg,4,2,true,3,train,true
fashionpedia,train2020,31510,5378836ab731fc41eda505c6d0dffcd0.jpg,4,2,true,1,train,true
fashionpedia,train2020,31515,701322832a2c63a6fd9098701ceb5f63.jpg,4,2,true,3,train,true
fashionpedia,train2020,31529,f9f7fcf4aa8f38e1579ec5d52f0916e3.jpg,4,2,true,2,train,true
fashionpedia,train2020,31530,f677f8043f77d3116772311c2621236d.jpg,4,2,true,1,train,true
fashionpedia,train2020,31534,a4f017e2b79f6870cad8f56432a1d835.jpg,4,2,true,1,train,true
fashionpedia,train2020,31535,f6451c58ec6c5f6ebe4d8c8e1e388d65.jpg,4,2,true,3,train,true
fashionpedia,train2020,31541,c656b4afde74231640b599afd9540914.jpg,4,2,true,1,train,true
fashionpedia,train2020,31549,82f3730166b100deeeeccd11b5596251.jpg,4,2,true,3,train,true
fashionpedia,train2020,31553,d92fe876cb3908ca8275d931b2aca37b.jpg,4,2,true,3,train,true
fashionpedia,train2020,31568,b7f14b2cbf9153c764b89a6840462c9b.jpg,4,2,true,2,train,true
fashionpedia,train2020,31574,cafb7063f23f2f265a92eda34c82187e.jpg,4,2,true,1,train,true
fashionpedia,train2020,31578,7afceac11ce1da62c1ab6b7a52ab815e.jpg,4,2,true,4,train,true
fashionpedia,train2020,31594,1da30b053ba6b5fb78a6213e8c832db9.jpg,4,2,true,1,train,true
fashionpedia,train2020,31619,c49117c62639fc50d28791e7efadc977.jpg,4,2,true,1,train,true
fashionpedia,train2020,31633,da013cfe02871173fab2ae3595ec997a.jpg,4,2,true,2,train,true
fashionpedia,train2020,31641,7147116835d1bb56004288055ea168ff.jpg,4,2,true,1,train,true
fashionpedia,train2020,31646,240bd5a7392db4766204f5a84655fb8f.jpg,4,2,true,3,train,true
fashionpedia,train2020,31659,23e00a32ec6dd94052802d39febf3e40.jpg,4,2,true,3,train,true
fashionpedia,train2020,31664,b0d0f3eb5657ca8dceb4cffa3d63008e.jpg,4,2,true,2,train,true
fashionpedia,train2020,31668,fe523baaa7a68d388836d658fe2ba029.jpg,4,2,true,4,train,true
fashionpedia,train2020,31681,86b8d2882481b153926c07b1baef2f7b.jpg,4,2,true,3,train,true
fashionpedia,train2020,31703,20726f6de97f6656573f03c3b8c7fca5.jpg,4,2,true,1,train,true
fashionpedia,train2020,31707,8086b833d8870e34b07870f9440072dd.jpg,4,2,true,1,train,true
fashionpedia,train2020,31715,c77d389989246069d47904bfef9317e3.jpg,4,2,true,4,train,true
fashionpedia,train2020,31723,d282a70d90386c7ed66f8656416c09dc.jpg,4,2,true,1,train,true
fashionpedia,train2020,31733,7a0119a0ffe96d4000d04b072eb6cbfb.jpg,4,2,true,1,train,true
fashionpedia,train2020,31740,43180056081fe07dc2a7419b87acf4f8.jpg,4,2,true,1,train,true
fashionpedia,train2020,31743,766e26282b4055cb08841b59217d38cd.jpg,4,2,true,1,train,true
fashionpedia,train2020,31777,7e0b9d735b868d4178104314b940893a.jpg,4,2,true,1,train,true
fashionpedia,train2020,31790,eba411c3610da5e3c9c299cdf1b5000f.jpg,4,2,true,1,train,true
fashionpedia,train2020,31794,b766138d8cc333de51dc1c5e7071a1f7.jpg,4,2,true,2,train,true
fashionpedia,train2020,31812,633335df0d3fdc4a129f992733520d69.jpg,4,2,true,1,train,true
fashionpedia,train2020,31815,180d21d13fca5027d15937366c2446e4.jpg,4,2,true,1,train,true
fashionpedia,train2020,31817,097d37a78a395cdc2bf65c65a6dee065.jpg,4,2,true,1,train,true
fashionpedia,train2020,31820,f93d3efa1afbb621c8119df8cf0f2f94.jpg,4,2,true,1,train,true
fashionpedia,train2020,31834,2a8f8ec4a305e5dd8056749194838db2.jpg,4,2,true,2,train,true
fashionpedia,train2020,31836,86464b071d6815ae2be3a79f986c52a4.jpg,4,2,true,2,train,true
fashionpedia,train2020,31847,a4da2d459bf0b9fb251c3c35d949a0fb.jpg,4,2,true,3,train,true
fashionpedia,train2020,31860,eb3967d3c0fc58ca401376d980b76429.jpg,4,2,true,2,train,true
fashionpedia,train2020,31876,40ff9e6025522548185970f36152083c.jpg,4,2,true,1,train,true
fashionpedia,train2020,31889,0d9fbd8432dd8e0b86ea211d42d361fe.jpg,4,2,true,2,train,true
fashionpedia,train2020,31896,87d1210f53c6af2af04c21de71c31030.jpg,4,2,true,3,train,true
fashionpedia,train2020,31905,dfdfc88c8b79c32adcd13a7f5f8f5483.jpg,4,2,true,2,train,true
fashionpedia,train2020,31915,378210f19c1a3f3903b3657011ff2345.jpg,4,2,true,3,train,true
fashionpedia,train2020,31922,66b7417a1ce8716dac2885c8b9814315.jpg,4,2,true,1,train,true
fashionpedia,train2020,31927,79352f2b04e57ce9e412b5f76d4e9928.jpg,4,2,true,2,train,true
fashionpedia,train2020,31933,80ea8c22654155235270891cc9550178.jpg,4,2,true,1,train,true
fashionpedia,train2020,31935,b703f758ac0703db924e2ff51f3bf8a0.jpg,4,2,true,2,train,true
fashionpedia,train2020,31940,67f4da70491d09091f5dbed610a6b5fc.jpg,4,2,true,1,train,true
fashionpedia,train2020,31946,2281f02fc841a39a06f4d87ef23067f8.jpg,4,2,true,1,train,true
fashionpedia,train2020,31950,ab1947ffcdd6f3716b1222a8db278a5b.jpg,4,2,true,1,train,true
fashionpedia,train2020,31969,7b6a18c63345d2ae22a25bf1b21a35fd.jpg,4,2,true,1,train,true
fashionpedia,train2020,31980,e22dad32142159b8c8bb7885e9b48e5e.jpg,4,2,true,2,train,true
fashionpedia,train2020,31981,5f87203b73d26ea72fcdb591e8ae3e57.jpg,4,2,true,3,train,true
fashionpedia,train2020,31991,84f1ba3fa982fb82d27378d0114bef3c.jpg,4,2,true,1,train,true
fashionpedia,train2020,31994,011ea8ad74020b797bb70dff32eb965d.jpg,4,2,true,1,train,true
fashionpedia,train2020,31995,08ab90d16e91ba03a945d93f33d4f7ee.jpg,4,2,true,3,train,true
fashionpedia,train2020,31998,91e9fdb26e8123815d57679c957d954c.jpg,4,2,true,1,train,true
fashionpedia,train2020,32000,edf102bb127684687bedcda683f064bf.jpg,4,2,true,3,train,true
fashionpedia,train2020,32010,b5fd9e1d36f242b43d9e779ad13a344a.jpg,4,2,true,2,train,true
fashionpedia,train2020,32011,ee166c5de961d809600d8a47a8284e7e.jpg,4,2,true,2,train,true
fashionpedia,train2020,32021,bd167af8199fad967671c8f8f01fc965.jpg,4,2,true,3,train,true
fashionpedia,train2020,32023,82f215ace3afc3483c341feb192e4199.jpg,4,2,true,1,train,true
fashionpedia,train2020,32054,46613428627c2f523bb113506db16411.jpg,4,2,true,3,train,true
fashionpedia,train2020,32055,d7b9d218fdda1f89886c64823719fdab.jpg,4,2,true,2,train,true
fashionpedia,train2020,32059,f6de9304dfd6e1629a0355c1fe5f25c1.jpg,4,2,true,1,train,true
fashionpedia,train2020,32066,483cc5a802a3ff556db87820d7cca93f.jpg,4,2,true,1,train,true
fashionpedia,train2020,32069,9cbb99d4594aad85ba900a53daf41e7a.jpg,4,2,true,1,train,true
fashionpedia,train2020,32071,556201aacc5428405d255a0a27858570.jpg,4,2,true,3,train,true
fashionpedia,train2020,32075,66453e1c5e79dc8b0c2be51e57c3d9be.jpg,4,2,true,1,train,true
fashionpedia,train2020,32088,3ec0d2b04e17dffcf5afc84e616dd0dc.jpg,4,2,true,2,train,true
fashionpedia,train2020,32091,a5b21df41ed0a424ad57b1501ea17c59.jpg,4,2,true,2,train,true
fashionpedia,train2020,32100,e44587bdf0de2d334f835e71314b506e.jpg,4,2,true,3,train,true
fashionpedia,train2020,32105,be518c0e11b82426d481f5ba049ba84a.jpg,4,2,true,2,train,true
fashionpedia,train2020,32115,06d57ebc64a2b091e727c7a1b1526b24.jpg,4,2,true,2,train,true
fashionpedia,train2020,32123,e31d1b03317c1db988927a1d6d53ff3d.jpg,4,2,true,1,train,true
fashionpedia,train2020,32125,6d95352206af5e3fa827bde7d15c239b.jpg,4,2,true,1,train,true
fashionpedia,train2020,32138,640cf7714a67cf6094e2862a7dcc26ec.jpg,4,2,true,1,train,true
fashionpedia,train2020,32142,2103c05eec69197dfa3d2ec7d75528e1.jpg,4,2,true,2,train,true
fashionpedia,train2020,32144,fd5d477deafbb69d6f5f0e7f917e1b82.jpg,4,2,true,1,train,true
fashionpedia,train2020,32145,64d4b3131d4c43a79c6e628ee58c1717.jpg,4,2,true,1,train,true
fashionpedia,train2020,32163,090d42ab16d9cdb9d6c82e11aaa1bb53.jpg,4,2,true,1,train,true
fashionpedia,train2020,32173,008b823f145bd1223e8f8267e1f082f9.jpg,4,2,true,1,train,true
fashionpedia,train2020,32177,41d1ed632e62dca4d9f3f47e53d56265.jpg,4,2,true,2,train,true
fashionpedia,train2020,32183,1735990d609831ccc06e04c632fbe402.jpg,4,2,true,3,train,true
fashionpedia,train2020,32207,3e2896f2645d0c8da719ab5264b77643.jpg,4,2,true,2,train,true
fashionpedia,train2020,32212,4dedd096d6e5cb23ffb5427176c8ae44.jpg,4,2,true,2,train,true
fashionpedia,train2020,32217,1169e1e48e3173d7be5883b2d5abdb30.jpg,4,2,true,2,train,true
fashionpedia,train2020,32230,9c09c335aca283e2dcfcdf7351f44dc4.jpg,4,2,true,3,train,true
fashionpedia,train2020,32233,3ab139f86137560bccdc6674e3730f4c.jpg,4,2,true,3,train,true
fashionpedia,train2020,32236,4394beaca6a129eb9d50ab64e4b410b2.jpg,4,2,true,2,train,true
fashionpedia,train2020,32242,d7deb4946a26644d91f068bd23df3c45.jpg,4,2,true,1,train,true
fashionpedia,train2020,32243,fe46c5c25db1cf2f0a05bd7496a96816.jpg,4,2,true,1,train,true
fashionpedia,train2020,32266,fe713d3e9a045171c1ee3356132e0c7e.jpg,4,2,true,1,train,true
fashionpedia,train2020,32269,afbb5676b4e2d7d18c6a394bb40c4778.jpg,4,2,true,1,train,true
fashionpedia,train2020,32276,29e1e91852765b523191e2c8f39d284f.jpg,4,2,true,2,train,true
fashionpedia,train2020,32277,55323075fbca22768935b392e8333a34.jpg,4,2,true,2,train,true
fashionpedia,train2020,32283,1649b6e31fb31bc622419e999ecf0dc5.jpg,4,2,true,1,train,true
fashionpedia,train2020,32285,88ed1071dcd588d31183edde55c18202.jpg,4,2,true,1,train,true
fashionpedia,train2020,32290,dd061cf689e2064fc1775f866f62b6fa.jpg,4,2,true,1,train,true
fashionpedia,train2020,32308,52eea46f0d4cce79a005880ffd6a045b.jpg,4,2,true,2,train,true
fashionpedia,train2020,32311,e02e53199e396624ce8ac2b44fdd8fc2.jpg,4,2,true,3,train,true
fashionpedia,train2020,32315,1e83dee04627c1dc3b27f04811410bc8.jpg,4,2,true,2,train,true
fashionpedia,train2020,32318,85c562d0d92ea7e7fb720f4ac887d05b.jpg,4,2,true,1,train,true
fashionpedia,train2020,32325,908de0126ac5246de5c1551b44b45c0f.jpg,4,2,true,1,train,true
fashionpedia,train2020,32330,e8051707e8385b8f2b0f65b26f8cfefa.jpg,4,2,true,1,train,true
fashionpedia,train2020,32333,1a22aa102053e6289f5ae8460b200c9e.jpg,4,2,true,3,train,true
fashionpedia,train2020,32334,ec846941d167001d9ed33098a72829a9.jpg,4,2,true,1,train,true
fashionpedia,train2020,32340,6d7e1ced12f2a325bd8146434f3dcd81.jpg,4,2,true,1,train,true
fashionpedia,train2020,32342,1f2bcb73c7cf7f1c2be579d0b79b6acc.jpg,4,2,true,3,train,true
fashionpedia,train2020,32346,9a813fd78d6de8dfd435cd04f3147ffe.jpg,4,2,true,1,train,true
fashionpedia,train2020,32347,50a9f0695004cd34b3c8dc4feacced51.jpg,4,2,true,2,train,true
fashionpedia,train2020,32358,2d9d2d04bf4f454efcd28537f48be283.jpg,4,2,true,4,train,true
fashionpedia,train2020,32360,3ad0e7a273f5c8875c421e152bea9919.jpg,4,2,true,1,train,true
fashionpedia,train2020,32366,a6ba00d5d69e646f35f228d238fcf05e.jpg,4,2,true,1,train,true
fashionpedia,train2020,32371,7d31d2a1f9ce6268d44a50de46f2b9b2.jpg,4,2,true,1,train,true
fashionpedia,train2020,32374,7500c10613081fbc4371ddb7e401dbe7.jpg,4,2,true,1,train,true
fashionpedia,train2020,32376,ed5f90539d2ffb83e155f795c68cbbb2.jpg,4,2,true,3,train,true
fashionpedia,train2020,32379,24f2bf0cf7df10c9ec7f534cd0e3d934.jpg,4,2,true,3,train,true
fashionpedia,train2020,32381,7c3211ddedd30ee9b28a24493ae6946e.jpg,4,2,true,1,train,true
fashionpedia,train2020,32397,34d9cd3e6d7630e6db4e3bf7d3747325.jpg,4,2,true,2,train,true
fashionpedia,train2020,32406,6ce5b46337fb164f15dd8fdd34c991a9.jpg,4,2,true,2,train,true
fashionpedia,train2020,32407,16518c31248988d1cea0d5074410e680.jpg,4,2,true,1,train,true
fashionpedia,train2020,32411,6b61b6a114754f1a8d8f624fa27f3f77.jpg,4,2,true,4,train,true
fashionpedia,train2020,32420,00999096208fbd3fc77ebf2f1e5a01dd.jpg,4,2,true,1,train,true
fashionpedia,train2020,32424,246a158422efcfe7d6d7a5760e328a9d.jpg,4,2,true,1,train,true
fashionpedia,train2020,32425,f66e28af0fbff4969475ed5d927b92c1.jpg,4,2,true,2,train,true
fashionpedia,train2020,32428,48dd285f07f0eac484e2fbdae2149e99.jpg,4,2,true,2,train,true
fashionpedia,train2020,32429,bd070828cee5abb6c87bd033cb1f47c3.jpg,4,2,true,2,train,true
fashionpedia,train2020,32437,f343362145fe61a419aa149a2b0be170.jpg,4,2,true,1,train,true
fashionpedia,train2020,32438,5533a0a3cde96bea0489298695f9d459.jpg,4,2,true,2,train,true
fashionpedia,train2020,32442,0e312966658966fc267a795582af1f41.jpg,4,2,true,2,train,true
fashionpedia,train2020,32445,35279b499554815b8bd6322771e3ad14.jpg,4,2,true,3,train,true
fashionpedia,train2020,32449,088d9feff92093827d12d2be24937b26.jpg,4,2,true,2,train,true
fashionpedia,train2020,32466,d3602308d5894f1a6ee0632a98321ca3.jpg,4,2,true,1,train,true
fashionpedia,train2020,32483,d91783659cdfeeb2493e0cfc49b23407.jpg,4,2,true,2,train,true
fashionpedia,train2020,32486,dec1fa82ea2264cc3308795c6f03ecb7.jpg,4,2,true,3,train,true
fashionpedia,train2020,32493,cafac82ac781706b0221c62e3c4c0aa2.jpg,4,2,true,1,train,true
fashionpedia,train2020,32494,5dc8b691b2e9e5998e5096a7110ba237.jpg,4,2,true,2,train,true
fashionpedia,train2020,32508,3806e81cb2237ae2f2f4434319108f4f.jpg,4,2,true,2,train,true
fashionpedia,train2020,32516,90c8ddc167ea73d2e1a57326a30e823c.jpg,4,2,true,2,train,true
fashionpedia,train2020,32517,674fce0bd473fe3de44e1b4187a60920.jpg,4,2,true,1,train,true
fashionpedia,train2020,32527,a962adb06d773407baaef2f7fb46044e.jpg,4,2,true,2,train,true
fashionpedia,train2020,32528,09f4a2d1db27b1886bdbaabdbbda92bf.jpg,4,2,true,3,train,true
fashionpedia,train2020,32531,c742d3c4123bbeb9ae21359ffd63eaf6.jpg,4,2,true,1,train,true
fashionpedia,train2020,32532,5681564af1ac3fd43604128fbdc65ecd.jpg,4,2,true,1,train,true
fashionpedia,train2020,32533,c1fe8be2006893b2db3022f2c1cd9822.jpg,4,2,true,2,train,true
fashionpedia,train2020,32534,ce77d24dc30f5f2b0fe560d37472fa2d.jpg,4,2,true,1,train,true
fashionpedia,train2020,32540,6e50e8dd2d8c6b681c530a44dbc411a7.jpg,4,2,true,2,train,true
fashionpedia,train2020,32547,bf6e5933d146cdefea9c5c56435c94de.jpg,4,2,true,1,train,true
fashionpedia,train2020,32548,ca7141c1ebd13ecaaf9d1f62e331190e.jpg,4,2,true,2,train,true
fashionpedia,train2020,32551,7401599d1f6f448193c4fc00012aa132.jpg,4,2,true,1,train,true
fashionpedia,train2020,32554,6b788036c1eb4b09ef38984bde6e7bae.jpg,4,2,true,3,train,true
fashionpedia,train2020,32563,10d4496eb60be3caf3c004c1b5db61da.jpg,4,2,true,2,train,true
fashionpedia,train2020,32574,b8934bc6f8ff1f8bdedaf3ecd0043db0.jpg,4,2,true,1,train,true
fashionpedia,train2020,32578,27c62273ba52177d1a85d2534553ff0f.jpg,4,2,true,2,train,true
fashionpedia,train2020,32587,a7669afb1e55fa92c3df34c0bafb611a.jpg,4,2,true,1,train,true
fashionpedia,train2020,32591,9c0da7f2cb44558a740c82769c73baaf.jpg,4,2,true,3,train,true
fashionpedia,train2020,32609,30f6ec53ff620ba81d3aaf5f81e0a68f.jpg,4,2,true,3,train,true
fashionpedia,train2020,32619,568fe5c3fe5cc3f66a90073199098a78.jpg,4,2,true,1,train,true
fashionpedia,train2020,32630,d82c32baa2930b1410c56a31de1afa09.jpg,4,2,true,1,train,true
fashionpedia,train2020,32632,ea32fe397823eea03218666159a1eca4.jpg,4,2,true,2,train,true
fashionpedia,train2020,32638,8447c60ab0b9ed4379e29955208e0841.jpg,4,2,true,1,train,true
fashionpedia,train2020,32658,75ab2e1e1cb74731fcbbc4ca9f8db300.jpg,4,2,true,2,train,true
fashionpedia,train2020,32659,319f756136cb1fe1ae411314d1aec9e1.jpg,4,2,true,2,train,true
fashionpedia,train2020,32668,a0223d0d0c4317ca0fd6849415d8c3b3.jpg,4,2,true,2,train,true
fashionpedia,train2020,32670,164cbb2c7fb28621977f6592d3a6de5f.jpg,4,2,true,3,train,true
fashionpedia,train2020,32689,a114fa103a03949fc82534a708b53050.jpg,4,2,true,2,train,true
fashionpedia,train2020,32690,9aa4296b09aed8f457ac847514891dbe.jpg,4,2,true,2,train,true
fashionpedia,train2020,32695,61bbefe9c672bb556cee048f0a755a3a.jpg,4,2,true,3,train,true
fashionpedia,train2020,32700,b1f85fe807c47d7f88d4c10f7c765c51.jpg,4,2,true,1,train,true
fashionpedia,train2020,32704,4aa29bd70e6c4576b824c611b0791e91.jpg,4,2,true,1,train,true
fashionpedia,train2020,32706,b51046b657642d5231f5f7726d6687db.jpg,4,2,true,1,train,true
fashionpedia,train2020,32708,87ace26cc498d293d882121d1752b921.jpg,4,2,true,1,train,true
fashionpedia,train2020,32709,77877f687c2152d0388c0c3c6d7d71e9.jpg,4,2,true,1,train,true
fashionpedia,train2020,32710,a61c4abea8256959513ba4ec9e72060c.jpg,4,2,true,3,train,true
fashionpedia,train2020,32714,67e9a8ff0c3af9283543988d8b59b855.jpg,4,2,true,4,train,true
fashionpedia,train2020,32715,8541230a1c0597e933ced01cc80073c9.jpg,4,2,true,1,train,true
fashionpedia,train2020,32716,06c8f88baa34932bad2b4500072d7677.jpg,4,2,true,1,train,true
fashionpedia,train2020,32719,facae9108c50e7d4c950f57e513167c3.jpg,4,2,true,1,train,true
fashionpedia,train2020,32723,5d5f267665cdc254268a97626fcd7269.jpg,4,2,true,1,train,true
fashionpedia,train2020,32731,d91b90314dfb085fd136a633f14106e8.jpg,4,2,true,1,train,true
fashionpedia,train2020,32736,e950f2e2a6faea875a84f0a5b85684e1.jpg,4,2,true,1,train,true
fashionpedia,train2020,32739,1df244de7a26846307981cf9f30812d0.jpg,4,2,true,1,train,true
fashionpedia,train2020,32741,69ec50e6e0a517bc3bbe4a14e8f89304.jpg,4,2,true,4,train,true
fashionpedia,train2020,32746,0c5fa86ca670d0ae6dbca2063ce27274.jpg,4,2,true,2,train,true
fashionpedia,train2020,32747,f816343c10f8b89c772299038eb79b64.jpg,4,2,true,1,train,true
fashionpedia,train2020,32751,14c25d7acb467ad42ab83c381472f7be.jpg,4,2,true,3,train,true
fashionpedia,train2020,32763,cb62490a7114309226f1d21ed80272b2.jpg,4,2,true,2,train,true
fashionpedia,train2020,32777,96b17bdd8fb11245bddd55b1e5c1e5e4.jpg,4,2,true,1,train,true
fashionpedia,train2020,32781,ffa52a33c743c48512a85169251c9ffa.jpg,4,2,true,3,train,true
fashionpedia,train2020,32800,1924810ef9c8031aac144b1ef1ff392c.jpg,4,2,true,1,train,true
fashionpedia,train2020,32807,287116cff520510b848a8517fa2eeda2.jpg,4,2,true,3,train,true
fashionpedia,train2020,32809,cc4bfe035af41ed4f9ab9729b82a2faa.jpg,4,2,true,2,train,true
fashionpedia,train2020,32811,2d9b93e45158d68b5ba44a6ed66f32b2.jpg,4,2,true,1,train,true
fashionpedia,train2020,32822,ed766fb9e828ead3d8dd03e4c90a4aa0.jpg,4,2,true,2,train,true
fashionpedia,train2020,32829,f701d7225a3e287bf10ce7e32ff9691e.jpg,4,2,true,1,train,true
fashionpedia,train2020,32831,02b3166997b108860ed3568159af0cb1.jpg,4,2,true,2,train,true
fashionpedia,train2020,32833,39358f7c9b8c2ac108c9ca9bbca3a305.jpg,4,2,true,3,train,true
fashionpedia,train2020,32840,d0a3d51d7b0068883a86ad1510209b8a.jpg,4,2,true,1,train,true
fashionpedia,train2020,32842,5c0d2e2364ef131e0dab6b7e58c6914f.jpg,4,2,true,2,train,true
fashionpedia,train2020,32843,f95cb593c4c4bfb24fd7cbc4d81a8d46.jpg,4,2,true,2,train,true
fashionpedia,train2020,32844,a813dc7a4466a3de9b4ecf4dc87045ac.jpg,4,2,true,2,train,true
fashionpedia,train2020,32847,72cc064245dc5b5ba31e3d0a22c83674.jpg,4,2,true,1,train,true
fashionpedia,train2020,32865,b0e409d292ba141314916defe1619299.jpg,4,2,true,3,train,true
fashionpedia,train2020,32867,565938793a0081055aa75bb79918d068.jpg,4,2,true,1,train,true
fashionpedia,train2020,32871,ef0e26c9764c089ea77892cbc62ec67d.jpg,4,2,true,3,train,true
fashionpedia,train2020,32878,4beb3bc510e041ecae28da4b9943884e.jpg,4,2,true,2,train,true
fashionpedia,train2020,32892,95c9bf280adcd45e9a1f46956d0a8acd.jpg,4,2,true,2,train,true
fashionpedia,train2020,32894,b90755f856ac0b07318fe36ce174f6c4.jpg,4,2,true,3,train,true
fashionpedia,train2020,32909,2bde776c204784df908fb3381c23ce2d.jpg,4,2,true,2,train,true
fashionpedia,train2020,32915,fc2cf3d7f9e7235a25eec8c6b1faa58e.jpg,4,2,true,1,train,true
fashionpedia,train2020,32916,5609acaef2269325ec076fd6043f6d96.jpg,4,2,true,1,train,true
fashionpedia,train2020,32922,a63114d107a452aea2a731ae7f20e1a2.jpg,4,2,true,1,train,true
fashionpedia,train2020,32929,2b028451ee6e7a3fdee38e02937e583b.jpg,4,2,true,3,train,true
fashionpedia,train2020,32931,a80a80112b70ff0d7fed4f119f6bbff7.jpg,4,2,true,3,train,true
fashionpedia,train2020,32932,4b2024bf487d5cac3cff2ef6d5fd9361.jpg,4,2,true,2,train,true
fashionpedia,train2020,32937,1e4c3719775203f67dd0262a70ec7f72.jpg,4,2,true,2,train,true
fashionpedia,train2020,32952,ed661e6f0cc365f7e3f9546a75a70dce.jpg,4,2,true,2,train,true
fashionpedia,train2020,32959,dd4f0bce51a15b37e6b6b9dcb4d4e356.jpg,4,2,true,1,train,true
fashionpedia,train2020,32962,07bb2aba2ce1d9c1d16836fa31c7bbad.jpg,4,2,true,1,train,true
fashionpedia,train2020,32964,461c0dc18650f2106a4ed4666272c76b.jpg,4,2,true,2,train,true
fashionpedia,train2020,32969,0a3950d9598aa09e7d59f9de113ffa6b.jpg,4,2,true,3,train,true
fashionpedia,train2020,32972,254e1bcdfb2c33c99e032edf5607cb39.jpg,4,2,true,2,train,true
fashionpedia,train2020,32978,4a1b18893bcc03b05625c48ef64ef57d.jpg,4,2,true,2,train,true
fashionpedia,train2020,32990,4cba2bb07206113694054af129f30d18.jpg,4,2,true,2,train,true
fashionpedia,train2020,33005,f2b9575d0a363a6bf8e4a6918d596bdc.jpg,4,2,true,3,train,true
fashionpedia,train2020,33021,11a94dd595e1f9957b896fb49f3156bf.jpg,4,2,true,1,train,true
fashionpedia,train2020,33031,3568c8cda165fccc4292b301955fb700.jpg,4,2,true,3,train,true
fashionpedia,train2020,33033,92a7043e2e964c73c2af38d17e88f899.jpg,4,2,true,2,train,true
fashionpedia,train2020,33038,48a28b17c696a65dcdff522f13aa6d91.jpg,4,2,true,1,train,true
fashionpedia,train2020,33040,e613dc2e04bb9ec7cacb1391bdb0fc3e.jpg,4,2,true,3,train,true
fashionpedia,train2020,33044,b20a4408be80ab8a77839ced1a4a658d.jpg,4,2,true,3,train,true
fashionpedia,train2020,33072,6407d86cc5c6c9bd9b938e21dcd04b06.jpg,4,2,true,1,train,true
fashionpedia,train2020,33073,6f1544af50ea0e3901bf322564928ae9.jpg,4,2,true,1,train,true
fashionpedia,train2020,33075,1c53cd47b00e1942ea29e48120e2678f.jpg,4,2,true,1,train,true
fashionpedia,train2020,33076,54ab600a480ebb7e57e57a1f4bb2989d.jpg,4,2,true,2,train,true
fashionpedia,train2020,33077,62a7dee57f8de2c2d8387df6745377b0.jpg,4,2,true,1,train,true
fashionpedia,train2020,33089,9c43ca650d7c48728b77c462ed1c0ae7.jpg,4,2,true,3,train,true
fashionpedia,train2020,33094,45d695fffa5414668e57cdac288d399b.jpg,4,2,true,3,train,true
fashionpedia,train2020,33100,a758e1ce70f15c1ba857b70947a009d5.jpg,4,2,true,3,train,true
fashionpedia,train2020,33102,dfb8328fcbddeb3fa72d9496328c331c.jpg,4,2,true,2,train,true
fashionpedia,train2020,33103,ec847b64152224e890efb60a2c30e095.jpg,4,2,true,1,train,true
fashionpedia,train2020,33109,dd769574cc67045b1490be08b981b719.jpg,4,2,true,1,train,true
fashionpedia,train2020,33122,f78203802ca20824c902cdd4a82fa0b2.jpg,4,2,true,1,train,true
fashionpedia,train2020,33134,18d61323bd8b93ea0809d810d96639ac.jpg,4,2,true,1,train,true
fashionpedia,train2020,33149,f5dd63286db40ea922701fc3c977822b.jpg,4,2,true,1,train,true
fashionpedia,train2020,33151,d8ab25726e21eb27ca3b0cc8d79f20ec.jpg,4,2,true,1,train,true
fashionpedia,train2020,33166,d23b37a579c8e81bc3e8ad09e460a9bb.jpg,4,2,true,1,train,true
fashionpedia,train2020,33170,319d04dce7d8255166da11f1f2d492e1.jpg,4,2,true,1,train,true
fashionpedia,train2020,33181,b9bbc78ff9ef28af55c397921ac450ec.jpg,4,2,true,1,train,true
fashionpedia,train2020,33183,0512e37c3f7a22a0c441bcb5b97dbb36.jpg,4,2,true,1,train,true
fashionpedia,train2020,33228,d3668fc2a542583d21600e51e4a25bbf.jpg,4,2,true,3,train,true
fashionpedia,train2020,33237,f5534c405f1255e0e1affae48d1c5735.jpg,4,2,true,2,train,true
fashionpedia,train2020,33242,379c1fdbaffb21f52ed653d2324bf45c.jpg,4,2,true,1,train,true
fashionpedia,train2020,33247,a7db5d748a9423d2cef593e6ce66dc19.jpg,4,2,true,3,train,true
fashionpedia,train2020,33252,2a53f0ab0e6b18ca5b9dbf6352aedebb.jpg,4,2,true,2,train,true
fashionpedia,train2020,33256,39a4b452bc5530fc4d4fd427b18d7712.jpg,4,2,true,1,train,true
fashionpedia,train2020,33260,dfc37b4c1db45239210a47ff85e5a0e3.jpg,4,2,true,1,train,true
fashionpedia,train2020,33271,621764dd7863642dd11c59433103ea61.jpg,4,2,true,1,train,true
fashionpedia,train2020,33279,f9c510585fc5bf5c78f4a9efba99eeea.jpg,4,2,true,2,train,true
fashionpedia,train2020,33286,0587b130ac05e24b6dcec105f15c37c4.jpg,4,2,true,1,train,true
fashionpedia,train2020,33292,050209411e38fb7ee82f45d1c5e819e2.jpg,4,2,true,2,train,true
fashionpedia,train2020,33307,64a7f1a6b6ce0752dce5fccc9126b2c2.jpg,4,2,true,1,train,true
fashionpedia,train2020,33308,c7f73210e21c48c9c0112d6e1d2fe471.jpg,4,2,true,1,train,true
fashionpedia,train2020,33314,d6699c7e9d97d865171435a874985fdb.jpg,4,2,true,1,train,true
fashionpedia,train2020,33323,e28796f9a6522891d798f4dece534b70.jpg,4,2,true,1,train,true
fashionpedia,train2020,33329,9d3dab713793d9a674b443c91985f9a5.jpg,4,2,true,2,train,true
fashionpedia,train2020,33331,7a39bb05db50cd68602726d0ef8e04cf.jpg,4,2,true,1,train,true
fashionpedia,train2020,33338,b2f1169ddbe3988a87f4cf35443a6000.jpg,4,2,true,2,train,true
fashionpedia,train2020,33342,ed59c63ff419564a0091bf4dba0db57b.jpg,4,2,true,1,train,true
fashionpedia,train2020,33347,b51900e71f9323859430687815c11a33.jpg,4,2,true,2,train,true
fashionpedia,train2020,33351,934d362e528b5fdf80e39f1b4a8ddfd6.jpg,4,2,true,1,train,true
fashionpedia,train2020,33359,db7dc7a324c118907f3009d231225048.jpg,4,2,true,1,train,true
fashionpedia,train2020,33371,2e364459f87fd678be42d1ae76403fb5.jpg,4,2,true,1,train,true
fashionpedia,train2020,33372,2ca5e1f7417d199a81f773ffc86d8ef8.jpg,4,2,true,2,train,true
fashionpedia,train2020,33373,19c28c055bf541cf66897b8cc357037f.jpg,4,2,true,1,train,true
fashionpedia,train2020,33382,f3066b02932fbc939c22e9c3bb8e942a.jpg,4,2,true,1,train,true
fashionpedia,train2020,33387,c343555083f34c048cc666e241ac4609.jpg,4,2,true,4,train,true
fashionpedia,train2020,33396,b1c11e390ddf099e94531460cd05b2a3.jpg,4,2,true,4,train,true
fashionpedia,train2020,33399,abbbdedecfc24c128f8db7e125cfd419.jpg,4,2,true,2,train,true
fashionpedia,train2020,33408,493dbab8c3083ccb1d79f77555accf0c.jpg,4,2,true,3,train,true
fashionpedia,train2020,33413,3287540e3e4cc9c0f986b7581cd35586.jpg,4,2,true,1,train,true
fashionpedia,train2020,33419,7b5709977144adee48be0462cd85ebfa.jpg,4,2,true,3,train,true
fashionpedia,train2020,33426,55888ee00ead081a20f41b13f8970977.jpg,4,2,true,2,train,true
fashionpedia,train2020,33432,1db122869591b10375f1d467722cc769.jpg,4,2,true,2,train,true
fashionpedia,train2020,33434,9cdda438cf5666ce4dc859e002458c2f.jpg,4,2,true,2,train,true
fashionpedia,train2020,33450,efb2fd3ac4939b39a4feeca8cef2c2bd.jpg,4,2,true,2,train,true
fashionpedia,train2020,33458,2bca3bc73e87ee418b9bc97549a54539.jpg,4,2,true,1,train,true
fashionpedia,train2020,33460,f392495a6934f1189fab05eeb50e6fd9.jpg,4,2,true,1,train,true
fashionpedia,train2020,33464,d10a46356d066fefb4298117c90ff904.jpg,4,2,true,1,train,true
fashionpedia,train2020,33467,f4832c9f86b961f6fa60dcd03a301eec.jpg,4,2,true,1,train,true
fashionpedia,train2020,33468,06b7fcd484675abffa88a5c85c8d45c7.jpg,4,2,true,3,train,true
fashionpedia,train2020,33470,5674765897b3409c0b305d18ee93989c.jpg,4,2,true,1,train,true
fashionpedia,train2020,33480,b56e3249c78ba8dd0a1f6a17b17edfbf.jpg,4,2,true,1,train,true
fashionpedia,train2020,33484,7f6ce21580a79d4f4ef520d68a1e3ee2.jpg,4,2,true,2,train,true
fashionpedia,train2020,33497,46231549355b470b9fa7dbee558595e4.jpg,4,2,true,1,train,true
fashionpedia,train2020,33500,da58e46faa4354e7b96adb0b41599965.jpg,4,2,true,1,train,true
fashionpedia,train2020,33501,17ba61dbb48e5e2f737c5c5e604ce8eb.jpg,4,2,true,1,train,true
fashionpedia,train2020,33509,c91c7ab80c87e0e5db6f8dae6426039c.jpg,4,2,true,2,train,true
fashionpedia,train2020,33510,c0e85cbafb441cf1174c1adfe6f40c54.jpg,4,2,true,2,train,true
fashionpedia,train2020,33519,d682af157a5024240739c9f6de410f1a.jpg,4,2,true,1,train,true
fashionpedia,train2020,33530,c45b3c5b7de1effb09a9c80fe5c5bd6f.jpg,4,2,true,1,train,true
fashionpedia,train2020,33531,3fb553a3ff2d92773011454766e6e3d0.jpg,4,2,true,1,train,true
fashionpedia,train2020,33540,c12513a75474aa1cd8e59d9b5bcf7ac4.jpg,4,2,true,3,train,true
fashionpedia,train2020,33541,76b72b84d371023186576c979dee66b9.jpg,4,2,true,2,train,true
fashionpedia,train2020,33556,07be542734abfc2aebc56aa1f366a113.jpg,4,2,true,1,train,true
fashionpedia,train2020,33583,7629537133cc78169233295aa7313109.jpg,4,2,true,1,train,true
fashionpedia,train2020,33584,7c47972e425f420d8fec07cbe98e0bb9.jpg,4,2,true,2,train,true
fashionpedia,train2020,33587,3d17d7260c5d9e3bf9553cdf5fe6b8eb.jpg,4,2,true,2,train,true
fashionpedia,train2020,33590,19d8fade57b11b56162481e527fe4c97.jpg,4,2,true,1,train,true
fashionpedia,train2020,33591,00d5f77e5c2b1bf6efc2a9b9fd7d7fd6.jpg,4,2,true,2,train,true
fashionpedia,train2020,33595,0f3337bcf10785573be847663245d706.jpg,4,2,true,1,train,true
fashionpedia,train2020,33600,9b5ffb81ada25b40d1b8914734fde985.jpg,4,2,true,2,train,true
fashionpedia,train2020,33603,b64798ae7d2eaa0f8cd6f338c78041c0.jpg,4,2,true,2,train,true
fashionpedia,train2020,33610,75a5b2233e45b3f493ae12c02deba20d.jpg,4,2,true,2,train,true
fashionpedia,train2020,33614,812964501ca6766f2c0ce5a8d7c39c88.jpg,4,2,true,2,train,true
fashionpedia,train2020,33617,735813582806de6258f4460a38d1a310.jpg,4,2,true,2,train,true
fashionpedia,train2020,33626,89df7c28f4acfa5decac217fb9fbee9c.jpg,4,2,true,3,train,true
fashionpedia,train2020,33628,4b3633b82822771b025bf3c831102f93.jpg,4,2,true,1,train,true
fashionpedia,train2020,33645,4ae7cccb23e2a06c250debb8a2d1a973.jpg,4,2,true,4,train,true
fashionpedia,train2020,33647,d5bc40454acd719e26cd4b92b320e41d.jpg,4,2,true,1,train,true
fashionpedia,train2020,33648,1482279533f0c13de617a05a07c2cfc5.jpg,4,2,true,1,train,true
fashionpedia,train2020,33665,f453373759326a19643d70444f8c6aea.jpg,4,2,true,1,train,true
fashionpedia,train2020,33668,3048367eed140dd333a9184d2f758955.jpg,4,2,true,1,train,true
fashionpedia,train2020,33680,3b24a617a0abe070bb3b888cafe31f06.jpg,4,2,true,1,train,true
fashionpedia,train2020,33684,77f5a90a28d75571a1ae7fae53c24fbc.jpg,4,2,true,1,train,true
fashionpedia,train2020,33687,62a21d4f7b388932093bf91777fa04d1.jpg,4,2,true,3,train,true
fashionpedia,train2020,33690,5ef5aca93142d851fe770217a79dd659.jpg,4,2,true,2,train,true
fashionpedia,train2020,33696,f905591dc22e9a2e566cb23dd7f6232a.jpg,4,2,true,1,train,true
fashionpedia,train2020,33699,11b20731f75ae68141f215af15eb1356.jpg,4,2,true,1,train,true
fashionpedia,train2020,33702,fa15a133ba634f20e55a191a83cadd57.jpg,4,2,true,1,train,true
fashionpedia,train2020,33707,bd86bc827b1b066e087bbac842b29c95.jpg,4,2,true,1,train,true
fashionpedia,train2020,33709,5dd2b32b265a424ff049bdc705868cc9.jpg,4,2,true,2,train,true
fashionpedia,train2020,33713,46e6f6f42eefda803b4a489a88b59346.jpg,4,2,true,2,train,true
fashionpedia,train2020,33717,f5e890b2a5ec6d24f98424f72b9ff56e.jpg,4,2,true,1,train,true
fashionpedia,train2020,33720,a4a4c91344db21da33daa4180464ea24.jpg,4,2,true,2,train,true
fashionpedia,train2020,33724,6030debda6c28aacb184f44467ff28f4.jpg,4,2,true,1,train,true
fashionpedia,train2020,33735,46d4674b701a9df098c2bc87d7951f2f.jpg,4,2,true,2,train,true
fashionpedia,train2020,33743,c4a1d41231deae1f733b625fc6e5b5df.jpg,4,2,true,1,train,true
fashionpedia,train2020,33745,ccd4fd03cc8ae466376ca9491c6b4724.jpg,4,2,true,3,train,true
fashionpedia,train2020,33759,dc77c211ef3f6410167308f770041255.jpg,4,2,true,2,train,true
fashionpedia,train2020,33760,7c21326ec69bc08072abcc8f2087084a.jpg,4,2,true,1,train,true
fashionpedia,train2020,33761,32fbd2c48932a110c4740090d24893d2.jpg,4,2,true,2,train,true
fashionpedia,train2020,33782,032a4c1c40e391c8ed72efa26af12e84.jpg,4,2,true,2,train,true
fashionpedia,train2020,33788,da6325db0eaeafcc6180eb7e3c37b3a4.jpg,4,2,true,1,train,true
fashionpedia,train2020,33791,3bd79791c73e064b7745f9e9a639b0be.jpg,4,2,true,1,train,true
fashionpedia,train2020,33792,21cfdfc99e765818b4dddc513e52e823.jpg,4,2,true,2,train,true
fashionpedia,train2020,33800,1504f0fb82ef9de99279bbd89f571ba2.jpg,4,2,true,3,train,true
fashionpedia,train2020,33811,ec7752c4445664d6a594779d0cba33a6.jpg,4,2,true,2,train,true
fashionpedia,train2020,33831,53fbe23351dc6727bd3a7dd44a1d3791.jpg,4,2,true,2,train,true
fashionpedia,train2020,33835,38fd32edcddd133b80f7717c6b534142.jpg,4,2,true,1,train,true
fashionpedia,train2020,33844,761a4fbff642051c24bd57b8c58a0e17.jpg,4,2,true,1,train,true
fashionpedia,train2020,33846,2a9bf91b529078c4506d2e0dd97c808e.jpg,4,2,true,1,train,true
fashionpedia,train2020,33854,e954250bc8f906f692f05131c54969f9.jpg,4,2,true,3,train,true
fashionpedia,train2020,33862,1542adfc77c87c8f9b63a8dd452056af.jpg,4,2,true,1,train,true
fashionpedia,train2020,33863,82d9e27dec4bc0c175bfa3e85a616fb3.jpg,4,2,true,1,train,true
fashionpedia,train2020,33866,75c6b5f01927a38c70c2ae5b71c08f49.jpg,4,2,true,1,train,true
fashionpedia,train2020,33870,8d91906b724e00f804fd243ca8494e90.jpg,4,2,true,1,train,true
fashionpedia,train2020,33874,8179c52c2f974f0da55be5693ee883b1.jpg,4,2,true,1,train,true
fashionpedia,train2020,33894,12b2d75665adfcfd1663a045936fdea8.jpg,4,2,true,1,train,true
fashionpedia,train2020,33903,9ee5d879191c74df93eee6c23b001337.jpg,4,2,true,2,train,true
fashionpedia,train2020,33914,50065bd24d77914723b6336c5624cecf.jpg,4,2,true,1,train,true
fashionpedia,train2020,33915,fa5c6d304163052761d4453c693c202d.jpg,4,2,true,2,train,true
fashionpedia,train2020,33919,9cd8303a79ffcfc2166737689d103592.jpg,4,2,true,4,train,true
fashionpedia,train2020,33930,d26e9a281d050245df7bad001f70b01b.jpg,4,2,true,2,train,true
fashionpedia,train2020,33932,d78359fc1a2602916b58ac42755ea0c9.jpg,4,2,true,1,train,true
fashionpedia,train2020,33936,76db2431433ae2727f8ce2e1989b1320.jpg,4,2,true,1,train,true
fashionpedia,train2020,33944,fc7c5cf653638d4420fad1a4742c1109.jpg,4,2,true,2,train,true
fashionpedia,train2020,33946,d6f7ac6abbcc7530805128c95e35c8a4.jpg,4,2,true,2,train,true
fashionpedia,train2020,33951,f726b96f7c2a91eea63489adae156b20.jpg,4,2,true,3,train,true
fashionpedia,train2020,33955,83a2a8051f9218a424b60f8a531c0c58.jpg,4,2,true,1,train,true
fashionpedia,train2020,33962,583ee2aa005cf41c2be160eccfc0a227.jpg,4,2,true,3,train,true
fashionpedia,train2020,33971,8883c562028e021288e7c07770d2dd2b.jpg,4,2,true,3,train,true
fashionpedia,train2020,33973,96ff01271be96660323c33a4b338459d.jpg,4,2,true,4,train,true
fashionpedia,train2020,33988,d385422b9d93b0ea99881ab05ee7581d.jpg,4,2,true,1,train,true
fashionpedia,train2020,33990,37c04d2ad13b00cc95f3040e26656ea5.jpg,4,2,true,1,train,true
fashionpedia,train2020,33991,eb7967ec45df17fadffae1e9b84a1c03.jpg,4,2,true,1,train,true
fashionpedia,train2020,33993,e8d1d56b276de35e327f10d84b4a0cbb.jpg,4,2,true,1,train,true
fashionpedia,train2020,33994,956a08e7d6a2fd59c9f419494236fc54.jpg,4,2,true,3,train,true
fashionpedia,train2020,33997,6a0ec77209e9e9b718a2e629ea6e1464.jpg,4,2,true,1,train,true
fashionpedia,train2020,34002,b284fb8462fa480a1f92686a3dac0b1a.jpg,4,2,true,1,train,true
fashionpedia,train2020,34015,d6e2504365046d79dbcf54a39d89e079.jpg,4,2,true,1,train,true
fashionpedia,train2020,34024,df1391a6aaea330e8fecc38f60c297f2.jpg,4,2,true,1,train,true
fashionpedia,train2020,34025,d28e2870cdd78f5fe550478cea1c7004.jpg,4,2,true,1,train,true
fashionpedia,train2020,34032,c3a91d6a94138cd64c1fc491ce8f0f68.jpg,4,2,true,1,train,true
fashionpedia,train2020,34043,19547038693fe84d95d9b791c6531d21.jpg,4,2,true,1,train,true
fashionpedia,train2020,34044,01ba043e720dabf925412da94e8a08ef.jpg,4,2,true,2,train,true
fashionpedia,train2020,34045,a9504077269b7217c1a321e8e676220f.jpg,4,2,true,3,train,true
fashionpedia,train2020,34060,1bc0e121f1037dbcb0b5f9c00874fd68.jpg,4,2,true,1,train,true
fashionpedia,train2020,34067,a6f0a3151e8e16fc0b8f25c9f69b3544.jpg,4,2,true,3,train,true
fashionpedia,train2020,34091,80b4eae19666941f6a05ad55e7bd9994.jpg,4,2,true,1,train,true
fashionpedia,train2020,34096,4e6822b2a311bf556aa5cef939a670eb.jpg,4,2,true,1,train,true
fashionpedia,train2020,34098,2b76f76ee47cdc8996d45ee3a8fa5810.jpg,4,2,true,1,train,true
fashionpedia,train2020,34100,102fd29331fd90e55741af23bd26e5b3.jpg,4,2,true,2,train,true
fashionpedia,train2020,34102,1d97aca3184d61af6d7d8846d71bab90.jpg,4,2,true,2,train,true
fashionpedia,train2020,34108,ff3034992f8983355f3abb522c200773.jpg,4,2,true,2,train,true
fashionpedia,train2020,34110,40e501f2bdb0a900ff61e6f192a5a740.jpg,4,2,true,1,train,true
fashionpedia,train2020,34121,55487d801892edb279f984ac371d7673.jpg,4,2,true,1,train,true
fashionpedia,train2020,34122,bc692d5b38bacda7d792f0b649fe8435.jpg,4,2,true,1,train,true
fashionpedia,train2020,34125,9efb6f5f38f93d889daa4ba1a5775a5c.jpg,4,2,true,1,train,true
fashionpedia,train2020,34131,2f105cd31bc6f5cfe79119671a813321.jpg,4,2,true,2,train,true
fashionpedia,train2020,34152,f47fca0a433b4d601ea35627c8442062.jpg,4,2,true,1,train,true
fashionpedia,train2020,34155,a130d0978e2491d474588f2d75c4c3d9.jpg,4,2,true,1,train,true
fashionpedia,train2020,34157,31d44e39f31097f5f274a3a011e4c06e.jpg,4,2,true,2,train,true
fashionpedia,train2020,34161,341cf6dfd5db30dcdaac2c37db68ac01.jpg,4,2,true,1,train,true
fashionpedia,train2020,34163,7b2b6c01fa56362f8c6b21ee13f04bcb.jpg,4,2,true,1,train,true
fashionpedia,train2020,34164,37a38ea6170d7acaca2e2e0ec987bab4.jpg,4,2,true,1,train,true
fashionpedia,train2020,34177,71366fff94c66bc8bb283598761cf7c5.jpg,4,2,true,1,train,true
fashionpedia,train2020,34180,c3ffe7c871eef1838d10ea8dac96a993.jpg,4,2,true,2,train,true
fashionpedia,train2020,34192,8463e0f1fbd394b76ec6b2cfd6e6e5fd.jpg,4,2,true,1,train,true
fashionpedia,train2020,34220,829cfb1166da5f08950c22f221a09f79.jpg,4,2,true,1,train,true
fashionpedia,train2020,34221,b5f32674c2c0bfab358e75d17ec9b95b.jpg,4,2,true,1,train,true
fashionpedia,train2020,34224,6d9d0db1541d266faab31696d36aa9ea.jpg,4,2,true,2,train,true
fashionpedia,train2020,34226,a4b2cb199aaf5741851b4fe239de8f71.jpg,4,2,true,2,train,true
fashionpedia,train2020,34239,c27b489f01a5ef71535fe0a53923b39b.jpg,4,2,true,1,train,true
fashionpedia,train2020,34263,939f77bb0e89b47dd6d36e4f2147db44.jpg,4,2,true,1,train,true
fashionpedia,train2020,34264,e341d84d568f782bcc4d6c93a8858b42.jpg,4,2,true,1,train,true
fashionpedia,train2020,34271,ccb9ed0d1718ceb62756692f315b1e55.jpg,4,2,true,3,train,true
fashionpedia,train2020,34272,01adf1865fbc438970d76157944c7853.jpg,4,2,true,2,train,true
fashionpedia,train2020,34273,9c57ed1e9b6a8ba5c619590edf8128b3.jpg,4,2,true,2,train,true
fashionpedia,train2020,34275,7a8aa131773ee058fdd332cf1c73e8a9.jpg,4,2,true,3,train,true
fashionpedia,train2020,34276,d2d5ba143be192a9644dec749689821b.jpg,4,2,true,1,train,true
fashionpedia,train2020,34281,00689c9d05028aad72aa2a9dfccbd491.jpg,4,2,true,2,train,true
fashionpedia,train2020,34300,22b5369773bf920cebca37e4e2db7d53.jpg,4,2,true,2,train,true
fashionpedia,train2020,34325,2da4bf5547913cc2ee0f650e91be17c4.jpg,4,2,true,2,train,true
fashionpedia,train2020,34332,9ddbf905cc1cfa36986d822ac03f5b9b.jpg,4,2,true,1,train,true
fashionpedia,train2020,34342,98c0ac954bd1eeaed997751982da542a.jpg,4,2,true,1,train,true
fashionpedia,train2020,34345,ac80ad3fcffd5a2bc101ee5ded6c184c.jpg,4,2,true,2,train,true
fashionpedia,train2020,34350,efd2a3252ce59c97c638ae56c8ddf3e2.jpg,4,2,true,2,train,true
fashionpedia,train2020,34365,12dfa437c30bef28be229821a3b0fe68.jpg,4,2,true,1,train,true
fashionpedia,train2020,34367,fd0ebd9a69dac68a7c3fb41e35cc2f94.jpg,4,2,true,1,train,true
fashionpedia,train2020,34378,6eb8259a2e699610e538c3c58e9f0984.jpg,4,2,true,1,train,true
fashionpedia,train2020,34412,8d4b18c9da931874b9ea5f98199e5648.jpg,4,2,true,1,train,true
fashionpedia,train2020,34419,70cc64872abe189865229c595731b06e.jpg,4,2,true,2,train,true
fashionpedia,train2020,34420,01098396b79639e29db8de146c2d0064.jpg,4,2,true,3,train,true
fashionpedia,train2020,34433,b245bc83172abaf149a8fd6420f2b94e.jpg,4,2,true,2,train,true
fashionpedia,train2020,34446,f72d1036eaa887fc66ba260406930853.jpg,4,2,true,1,train,true
fashionpedia,train2020,34449,db5b85338125ef69d17a9db97d3b361c.jpg,4,2,true,3,train,true
fashionpedia,train2020,34450,f5c13ab4ed01cc7efd808da48b8a5457.jpg,4,2,true,2,train,true
fashionpedia,train2020,34454,42e7b1d0b819904768809a823b1a265b.jpg,4,2,true,2,train,true
fashionpedia,train2020,34463,72fb21f6a1c07f345fbbd3425adc0f2d.jpg,4,2,true,2,train,true
fashionpedia,train2020,34465,518d74bb5573853227933e82488eafa2.jpg,4,2,true,1,train,true
fashionpedia,train2020,34470,6574f3372b53948137068d8c5281dc18.jpg,4,2,true,1,train,true
fashionpedia,train2020,34481,2f033d319c92993065a67aa85d7202cb.jpg,4,2,true,2,train,true
fashionpedia,train2020,34484,68818790d54668367eddbc92d44ef382.jpg,4,2,true,3,train,true
fashionpedia,train2020,34486,fe8228d6938cf30aa2ee538ca389cdc2.jpg,4,2,true,3,train,true
fashionpedia,train2020,34497,00473602960c93da09d4a56c0600a07b.jpg,4,2,true,1,train,true
fashionpedia,train2020,34502,095fbb2ed91301d91a6476c5f4a5cb44.jpg,4,2,true,1,train,true
fashionpedia,train2020,34505,025bd90e8b019edd16c498385ef1f1c2.jpg,4,2,true,3,train,true
fashionpedia,train2020,34514,28a42eb96e3e9bbf87742939023cc046.jpg,4,2,true,3,train,true
fashionpedia,train2020,34525,e34b1f4a526d34cf953974d2181dcdd9.jpg,4,2,true,1,train,true
fashionpedia,train2020,34528,134813a73832b05533ba02e5d30e3cfd.jpg,4,2,true,1,train,true
fashionpedia,train2020,34541,d96faeecfcc2925d4e93b00001ad28ba.jpg,4,2,true,2,train,true
fashionpedia,train2020,34554,91aff61cb492cffbc3c15d63fa298fab.jpg,4,2,true,3,train,true
fashionpedia,train2020,34571,531f1289a15816cf8e6bec351ccd4df8.jpg,4,2,true,3,train,true
fashionpedia,train2020,34577,591783cd159869af4ee255ce52f4a379.jpg,4,2,true,1,train,true
fashionpedia,train2020,34583,a080f1825c9d68cdfc2d01aec5c338e2.jpg,4,2,true,1,train,true
fashionpedia,train2020,34584,cc76c6c7b467164df4986d40bba5e85f.jpg,4,2,true,1,train,true
fashionpedia,train2020,34588,48b0f9f0cf71508b2dd611de8bf59550.jpg,4,2,true,1,train,true
fashionpedia,train2020,34595,11490015dddafdf797fc5d4b235b6589.jpg,4,2,true,2,train,true
fashionpedia,train2020,34599,4b62d20073346ee98d5b22166193b7ed.jpg,4,2,true,2,train,true
fashionpedia,train2020,34604,06ead7cbefeeb9077b690dd5c4748fad.jpg,4,2,true,2,train,true
fashionpedia,train2020,34616,0be181c592166002d493f65f59e4833b.jpg,4,2,true,1,train,true
fashionpedia,train2020,34617,4298657c90e0fec8278bf823ef76f784.jpg,4,2,true,2,train,true
fashionpedia,train2020,34619,afbfa56616e05c47befa2824bcf5d89f.jpg,4,2,true,3,train,true
fashionpedia,train2020,34620,0c67f6bf74301bff97e8c31bd058462c.jpg,4,2,true,1,train,true
fashionpedia,train2020,34629,4a63c1d32b0db90bc7f2435b0e679f79.jpg,4,2,true,2,train,true
fashionpedia,train2020,34639,db4160cb85be324b9d88ae4009f29fcf.jpg,4,2,true,4,train,true
fashionpedia,train2020,34648,94871a1ae481d255312ccbe42bd440cb.jpg,4,2,true,1,train,true
fashionpedia,train2020,34650,5a797ee0b7c9c15293525e2ab8cbd54b.jpg,4,2,true,1,train,true
fashionpedia,train2020,34659,8925e467a1c0342c737cb89c75134301.jpg,4,2,true,2,train,true
fashionpedia,train2020,34667,716a61c4a09d7ddcd8bbf2aa419c0665.jpg,4,2,true,1,train,true
fashionpedia,train2020,34676,6fb4e15f2edeab481a2b050e48b72f2a.jpg,4,2,true,2,train,true
fashionpedia,train2020,34692,922cf905b2b4d9359d6df3309a8ccddd.jpg,4,2,true,2,train,true
fashionpedia,train2020,34699,5970e1a2493fe0bc4d975589d47a6077.jpg,4,2,true,3,train,true
fashionpedia,train2020,34705,bc365de0952a5e42a209d1c444f96eeb.jpg,4,2,true,3,train,true
fashionpedia,train2020,34717,1e26020fa16ee4cb94fd1f115dc9ab33.jpg,4,2,true,2,train,true
fashionpedia,train2020,34724,423d0c406c223f6b3a89c89ee0361fd4.jpg,4,2,true,1,train,true
fashionpedia,train2020,34730,25728b76e9e85b3a0a933a8aba18c204.jpg,4,2,true,1,train,true
fashionpedia,train2020,34732,ae03fe7dcd1417150f7d336ab2d9ba20.jpg,4,2,true,1,train,true
fashionpedia,train2020,34744,4ddc2f3ea38d9db4971519fd361f9790.jpg,4,2,true,1,train,true
fashionpedia,train2020,34748,9bd2bec968a8161f7673a32c2f125a2b.jpg,4,2,true,1,train,true
fashionpedia,train2020,34767,547dc60f1fe777c22f1f57eabd01ff59.jpg,4,2,true,1,train,true
fashionpedia,train2020,34773,67630a84b50a5cdb9980f0a4e40a1f1a.jpg,4,2,true,1,train,true
fashionpedia,train2020,34777,d9d9463ef98ed824eb968a01b22a5010.jpg,4,2,true,2,train,true
fashionpedia,train2020,34785,05c3786c3b8f0b660cedeb6d84373697.jpg,4,2,true,1,train,true
fashionpedia,train2020,34792,a9b01d08c85772ffefc4b9bae38d9099.jpg,4,2,true,1,train,true
fashionpedia,train2020,34804,d89e7a6d85805f8cbad73c445bdd8211.jpg,4,2,true,1,train,true
fashionpedia,train2020,34820,0cc70556e13abb3219c14ac881ee511b.jpg,4,2,true,1,train,true
fashionpedia,train2020,34822,45bfc7122b94c75a3599d9443b74c43b.jpg,4,2,true,1,train,true
fashionpedia,train2020,34845,17a8cee475314c5b85f163d09bdab224.jpg,4,2,true,1,train,true
fashionpedia,train2020,34851,a70c57379dedd822a66716ca9501dde3.jpg,4,2,true,2,train,true
fashionpedia,train2020,34864,0d69e05fb9d059c55b2cc5f194ae4dc4.jpg,4,2,true,2,train,true
fashionpedia,train2020,34878,1d0e2442b7911e77885a4bc5d33332cd.jpg,4,2,true,2,train,true
fashionpedia,train2020,34890,2b9bbfcec086869e57a0c4f41a14a809.jpg,4,2,true,2,train,true
fashionpedia,train2020,34899,6ebf72f6e3851d782a6bcb530f01ff8b.jpg,4,2,true,3,train,true
fashionpedia,train2020,34903,fdf35229337dfe4abd8ea5bd0088a7d1.jpg,4,2,true,1,train,true
fashionpedia,train2020,34911,a2bcfcc2dfab56bb33d6c547fe6d39e2.jpg,4,2,true,1,train,true
fashionpedia,train2020,34915,b4d838920d1623cdaa49cfd4b63a93dd.jpg,4,2,true,2,train,true
fashionpedia,train2020,34919,681cd9993aa053082fe207ff18c79566.jpg,4,2,true,1,train,true
fashionpedia,train2020,34925,98ad68ffabd4424d2a64052e050c545a.jpg,4,2,true,2,train,true
fashionpedia,train2020,34931,1e4ba32df03519f03d4a4b4ebe031031.jpg,4,2,true,3,train,true
fashionpedia,train2020,34932,7fda1d13817d8346ce937d762c0bb561.jpg,4,2,true,1,train,true
fashionpedia,train2020,34936,2df00ecc9ca82ba7dab2e05a1cc77b5d.jpg,4,2,true,3,train,true
fashionpedia,train2020,34940,e6f82e57f0b3db9634ec617c0f317665.jpg,4,2,true,2,train,true
fashionpedia,train2020,34959,c41430f7493df5b8d60360a998a1e30c.jpg,4,2,true,2,train,true
fashionpedia,train2020,34975,13abf0e4a728c54cba5c62744a37af1f.jpg,4,2,true,1,train,true
fashionpedia,train2020,34983,9fd7aedef8ade90896c8d7324b72f993.jpg,4,2,true,2,train,true
fashionpedia,train2020,34989,201181e1a3a8e8b7d8ad65f6b393754b.jpg,4,2,true,1,train,true
fashionpedia,train2020,34993,7255b94def41e31fa49376d6ca67b6ee.jpg,4,2,true,1,train,true
fashionpedia,train2020,34997,480c6131d690961b2446fc3e0ee2a0db.jpg,4,2,true,1,train,true
fashionpedia,train2020,35000,4191ccf66dc7838d480c43b9718f850b.jpg,4,2,true,1,train,true
fashionpedia,train2020,35001,2083ae5163a63de284d7a863f69356d4.jpg,4,2,true,1,train,true
fashionpedia,train2020,35007,b9ec78c27f409184ef4c3b883921e771.jpg,4,2,true,2,train,true
fashionpedia,train2020,35009,ea12064fde2accfcbe75cfb83b5ea09c.jpg,4,2,true,4,train,true
fashionpedia,train2020,35012,b2979a3fc4bb002c2ebe17e61a93400e.jpg,4,2,true,1,train,true
fashionpedia,train2020,35018,e11dc0a7d914f605d1bbf468f5795f46.jpg,4,2,true,1,train,true
fashionpedia,train2020,35022,f6b1bdcd5cc1123f61514494633c0261.jpg,4,2,true,2,train,true
fashionpedia,train2020,35024,cda2886088d25ee7bd785306e8a44581.jpg,4,2,true,1,train,true
fashionpedia,train2020,35036,a45f5623f19ae6982ddd79f1adfc0d2b.jpg,4,2,true,4,train,true
fashionpedia,train2020,35048,eb288098830de15b9c713a164eff6869.jpg,4,2,true,1,train,true
fashionpedia,train2020,35049,155c9dfc95ba70201cebec4eb67b2c89.jpg,4,2,true,1,train,true
fashionpedia,train2020,35050,0058f13eef5b1a66e42666bbbb834ca9.jpg,4,2,true,1,train,true
fashionpedia,train2020,35057,88b806d37cb157569a9ca753caeada40.jpg,4,2,true,1,train,true
fashionpedia,train2020,35060,b88bead9266f55666b82c6f1e2f34e54.jpg,4,2,true,1,train,true
fashionpedia,train2020,35067,7660a4488029009130039fb68eb7996e.jpg,4,2,true,1,train,true
fashionpedia,train2020,35068,ffed4d2a46f54337b99357dac5783564.jpg,4,2,true,1,train,true
fashionpedia,train2020,35071,0cad4ca56fe18be24d3e197be76a7f1b.jpg,4,2,true,1,train,true
fashionpedia,train2020,35076,205ad402e69f3bea85b5ca058bb6f12d.jpg,4,2,true,1,train,true
fashionpedia,train2020,35077,5e715dbd3196ea6750cb9108b3949260.jpg,4,2,true,1,train,true
fashionpedia,train2020,35084,dd232298147f927331240ed72b13899f.jpg,4,2,true,2,train,true
fashionpedia,train2020,35091,2f7122ca34a9b152b2253f10b09c4da5.jpg,4,2,true,2,train,true
fashionpedia,train2020,35107,a2fcaad6fd53693c9998f386c2167ea6.jpg,4,2,true,3,train,true
fashionpedia,train2020,35109,81fe8896be7eb461e6c2fdad248793b3.jpg,4,2,true,2,train,true
fashionpedia,train2020,35114,3e984b70a021c58f9522beadbb842ecf.jpg,4,2,true,2,train,true
fashionpedia,train2020,35115,cd3738c0dd8bcbd7caa0dcbb066f9817.jpg,4,2,true,1,train,true
fashionpedia,train2020,35119,c999459c7b34bb48b6ace493dcbfb0d7.jpg,4,2,true,3,train,true
fashionpedia,train2020,35120,8082d41e586be3dc8d62589a500b44da.jpg,4,2,true,2,train,true
fashionpedia,train2020,35123,7bb59d8498ca330cb474283a43870ade.jpg,4,2,true,1,train,true
fashionpedia,train2020,35135,25b030198e988f633f19a0e31615e388.jpg,4,2,true,1,train,true
fashionpedia,train2020,35137,ccacf046a9b04fd1048ceab2bead3c40.jpg,4,2,true,2,train,true
fashionpedia,train2020,35143,477e17c06cfad82a9da14625d5f8facb.jpg,4,2,true,2,train,true
fashionpedia,train2020,35157,c05438805b3b2655fe6097af8099bfd2.jpg,4,2,true,1,train,true
fashionpedia,train2020,35167,f230f0254e412f39f2295384808e99be.jpg,4,2,true,2,train,true
fashionpedia,train2020,35172,5b0b6aeb118ae103bf642ae9abbb2636.jpg,4,2,true,1,train,true
fashionpedia,train2020,35175,d286c214937564a75cfb8a5de7972be8.jpg,4,2,true,2,train,true
fashionpedia,train2020,35188,1ad72de2995d381e250afce3ec4b8549.jpg,4,2,true,1,train,true
fashionpedia,train2020,35191,1e485e96b96af3fdb7f50a0c8c9e30b0.jpg,4,2,true,1,train,true
fashionpedia,train2020,35194,4ede9f871f19a0edf1f7858402ec7a88.jpg,4,2,true,1,train,true
fashionpedia,train2020,35203,9b4aba53362403ce09781978b40107ff.jpg,4,2,true,2,train,true
fashionpedia,train2020,35204,88fcfa0fe239a7c932101b24dfd33d3d.jpg,4,2,true,2,train,true
fashionpedia,train2020,35207,645546ac040328af53e06c2c20d27ed2.jpg,4,2,true,1,train,true
fashionpedia,train2020,35208,254e593bfb630f8be1b4948fa6022caa.jpg,4,2,true,1,train,true
fashionpedia,train2020,35214,05f256dd1f6d4b62d7132487613d1ac5.jpg,4,2,true,2,train,true
fashionpedia,train2020,35217,90368135a0ae250bb4f4180ea3223253.jpg,4,2,true,3,train,true
fashionpedia,train2020,35220,978958ca899fc0bc2f11e09c2bc084fd.jpg,4,2,true,1,train,true
fashionpedia,train2020,35225,1e734965a69a844dadaa544d570b0e1d.jpg,4,2,true,3,train,true
fashionpedia,train2020,35233,36739ec6d472311a7b21430ba10aae18.jpg,4,2,true,1,train,true
fashionpedia,train2020,35243,7ecf88410eab032275fd85514600a459.jpg,4,2,true,1,train,true
fashionpedia,train2020,35244,ce8d608d370166f56f101b453a434059.jpg,4,2,true,3,train,true
fashionpedia,train2020,35245,f1c4d5aee48e0cc191578ffc71b13dc9.jpg,4,2,true,2,train,true
fashionpedia,train2020,35248,b0ae5ba5694ca4207733fb18f08429ae.jpg,4,2,true,1,train,true
fashionpedia,train2020,35261,45c7269f44c15acfba8a7fa932f8c07b.jpg,4,2,true,1,train,true
fashionpedia,train2020,35264,788d09aecf0acbd25eebfff52642da9d.jpg,4,2,true,2,train,true
fashionpedia,train2020,35265,eaf9dbcfbc3d7701f71a720d828e37ae.jpg,4,2,true,2,train,true
fashionpedia,train2020,35272,a1681e671690173e63d31494fe39cdfa.jpg,4,2,true,3,train,true
fashionpedia,train2020,35275,b16cffb2901b110fb1483178298bd7c0.jpg,4,2,true,3,train,true
fashionpedia,train2020,35280,4eae5c6d24a099b2202cac17b1a474e2.jpg,4,2,true,1,train,true
fashionpedia,train2020,35281,6ec478c5c690f0e9379ab9bbd25821fb.jpg,4,2,true,2,train,true
fashionpedia,train2020,35282,8d3294d7f8cbab70ee1aff779d2f2dae.jpg,4,2,true,1,train,true
fashionpedia,train2020,35283,a9eed436271cf08ed2dcbc2430cfb707.jpg,4,2,true,2,train,true
fashionpedia,train2020,35301,d2d8f4a987b2dda0b339a8e5141df618.jpg,4,2,true,1,train,true
fashionpedia,train2020,35309,bed4d5b649820b8b6b981dc7fa822c41.jpg,4,2,true,2,train,true
fashionpedia,train2020,35314,09ec14c282a080ca96e924894f49c2aa.jpg,4,2,true,3,train,true
fashionpedia,train2020,35335,14dce3946d9f2379dfd12c90ade1ada1.jpg,4,2,true,1,train,true
fashionpedia,train2020,35336,2507c199e5cfd714eb0ae48b34342747.jpg,4,2,true,2,train,true
fashionpedia,train2020,35342,3bc7a0af9ab97d301b7731ed4fef8c75.jpg,4,2,true,2,train,true
fashionpedia,train2020,35343,237c1c180866207c0ace42204b425914.jpg,4,2,true,1,train,true
fashionpedia,train2020,35347,bf1ac4318d1875b4340c9180cd97e7ca.jpg,4,2,true,1,train,true
fashionpedia,train2020,35362,c8a9b7ea1ab34ebb0ef249448a7ee99d.jpg,4,2,true,2,train,true
fashionpedia,train2020,35372,842e445ae6200e407b987bfb20902d12.jpg,4,2,true,2,train,true
fashionpedia,train2020,35376,ffd7077c30443a0d3f1cb1e0588bf41c.jpg,4,2,true,2,train,true
fashionpedia,train2020,35377,1ad8134681872ae090427a275a3c8e9a.jpg,4,2,true,1,train,true
fashionpedia,train2020,35382,bbb55db3d715341078c1d2b2fc3dccc9.jpg,4,2,true,1,train,true
fashionpedia,train2020,35383,6fec6ceea8599d917107aba939e7e8bb.jpg,4,2,true,2,train,true
fashionpedia,train2020,35391,334f6cb766ff5edce012e8b5e3aa6883.jpg,4,2,true,1,train,true
fashionpedia,train2020,35392,ecd5ca7a7e3992cca9115d38f7cd8bbd.jpg,4,2,true,1,train,true
fashionpedia,train2020,35414,4d82f920f0b42d88e4be8c36677b64d9.jpg,4,2,true,1,train,true
fashionpedia,train2020,35417,c2d4cbf35e0dbb493359a9d3843061a1.jpg,4,2,true,2,train,true
fashionpedia,train2020,35430,fe2782bcaa56ac46eaa66e7d95927598.jpg,4,2,true,1,train,true
fashionpedia,train2020,35432,d921ff7caeeafbec05b89e12c4e6bb8f.jpg,4,2,true,1,train,true
fashionpedia,train2020,35433,d6cdb5485a4c7009e26ac8c48c9c9771.jpg,4,2,true,2,train,true
fashionpedia,train2020,35435,da37ce71232d64941b4fa974320df9ef.jpg,4,2,true,3,train,true
fashionpedia,train2020,35436,0daa443365ecd93f536055623460d0b6.jpg,4,2,true,2,train,true
fashionpedia,train2020,35437,0bb11f9290551dc5ba2c416a36d8a3f0.jpg,4,2,true,2,train,true
fashionpedia,train2020,35451,9270b6ad5f41432f88f283c7fc0ce64e.jpg,4,2,true,1,train,true
fashionpedia,train2020,35453,0b523fbbd1176de145fe5ca1e609c1af.jpg,4,2,true,1,train,true
fashionpedia,train2020,35458,79f481cd8d7468cfa04c40d6ae66a4ac.jpg,4,2,true,1,train,true
fashionpedia,train2020,35471,7f451c33302977214817656785726b6c.jpg,4,2,true,3,train,true
fashionpedia,train2020,35475,cf309dae49e01d3b2e34e823b427f4d6.jpg,4,2,true,1,train,true
fashionpedia,train2020,35485,cb889fa05136a025e095fa4c6f6cfb73.jpg,4,2,true,2,train,true
fashionpedia,train2020,35487,e2ac0172410b291f5a908421604c70b5.jpg,4,2,true,3,train,true
fashionpedia,train2020,35500,2787a7a84d2534c532a3ea2f854a2820.jpg,4,2,true,1,train,true
fashionpedia,train2020,35504,33b01c511bde76619a3deccf1db0126f.jpg,4,2,true,4,train,true
fashionpedia,train2020,35510,417af00e2acb7c4e236c94da71ccf06d.jpg,4,2,true,3,train,true
fashionpedia,train2020,35512,0cf3ab0d4a9ee635e44ee6647e68a0a5.jpg,4,2,true,3,train,true
fashionpedia,train2020,35544,106ba1a75d70dc91430660a3192b2138.jpg,4,2,true,1,train,true
fashionpedia,train2020,35546,5619f76186d6f44a2bd1c75b289d5d35.jpg,4,2,true,3,train,true
fashionpedia,train2020,35548,4c333d8056c75893a7354f22bad20f5c.jpg,4,2,true,3,train,true
fashionpedia,train2020,35556,ac2d6d500ee2923cc422ea7f3a38fe67.jpg,4,2,true,1,train,true
fashionpedia,train2020,35558,1e9014468ad33164b493138d01e5fc5d.jpg,4,2,true,1,train,true
fashionpedia,train2020,35561,af1f0e698a140e41c07353104d994959.jpg,4,2,true,1,train,true
fashionpedia,train2020,35567,4366d2d4e4da36aee14faeb5df6d6b1c.jpg,4,2,true,1,train,true
fashionpedia,train2020,35580,86aa95a87e841a950bc286babf61ab86.jpg,4,2,true,3,train,true
fashionpedia,train2020,35584,c3ed20b7bc3912814f7beb4ac70fce28.jpg,4,2,true,3,train,true
fashionpedia,train2020,35589,de1ff9b1f4a9e856f9ae286bffd79e73.jpg,4,2,true,2,train,true
fashionpedia,train2020,35597,c70479f990107c29d5d37619cce0b16b.jpg,4,2,true,1,train,true
fashionpedia,train2020,35604,452ece96f03a95509aaaa6114ec69be3.jpg,4,2,true,2,train,true
fashionpedia,train2020,35608,ef4d986870f0d7dc4d7c16c1740081f9.jpg,4,2,true,1,train,true
fashionpedia,train2020,35611,01ec7dc26b52c85b18d3f67ad1961c78.jpg,4,2,true,4,train,true
fashionpedia,train2020,35612,d5dafc957040de8668560d8ce7973181.jpg,4,2,true,1,train,true
fashionpedia,train2020,35614,ee506140b4f2a1de6e0c2971ae506b9f.jpg,4,2,true,1,train,true
fashionpedia,train2020,35619,6f6ab4570cb19e94bac6745d3f092a0e.jpg,4,2,true,1,train,true
fashionpedia,train2020,35632,d7486ea23e15db961402eed1c39c3c65.jpg,4,2,true,2,train,true
fashionpedia,train2020,35642,72e69b05788b5c0f54a582c5fc00bdd3.jpg,4,2,true,3,train,true
fashionpedia,train2020,35645,66a87f374ec713a77bb90222ada08775.jpg,4,2,true,3,train,true
fashionpedia,train2020,35646,4d97d412eaf3e8c2cd21cd2201c49438.jpg,4,2,true,3,train,true
fashionpedia,train2020,35647,967d2dabe1bc476d82f672e2faccf4e5.jpg,4,2,true,2,train,true
fashionpedia,train2020,35653,b23386023e169daa5d2aee0e30ebd0dd.jpg,4,2,true,1,train,true
fashionpedia,train2020,35670,220f8e0161a279257ddfa9d53ca64410.jpg,4,2,true,1,train,true
fashionpedia,train2020,35672,d189c5a73d8e9c44376f17ba6590ea5d.jpg,4,2,true,2,train,true
fashionpedia,train2020,35691,d46a0406ff658c80928b3faf4c722394.jpg,4,2,true,1,train,true
fashionpedia,train2020,35693,dd583f58ed831acf2b03fcc6e348b468.jpg,4,2,true,1,train,true
fashionpedia,train2020,35721,8fd36b78bd4b37a38123076e897a5098.jpg,4,2,true,2,train,true
fashionpedia,train2020,35723,01dd3209605ded26e55360e9d11974cf.jpg,4,2,true,1,train,true
fashionpedia,train2020,35728,8c411ef2773181ab1a69abc577cd9070.jpg,4,2,true,1,train,true
fashionpedia,train2020,35729,02f88ba2e60176b7e693aa6f718b1b8d.jpg,4,2,true,1,train,true
fashionpedia,train2020,35733,a283673b16892f98ac76e40e2ba0be32.jpg,4,2,true,3,train,true
fashionpedia,train2020,35739,3e6202515d91410052d75dd5a1fd6374.jpg,4,2,true,1,train,true
fashionpedia,train2020,35744,d22a01f9af754f1f8ef4bf346c85b5b6.jpg,4,2,true,1,train,true
fashionpedia,train2020,35761,378a8885bb1f4c6e2e4a2911ee5086b3.jpg,4,2,true,1,train,true
fashionpedia,train2020,35783,e52948ed8671c342f9509835a390f779.jpg,4,2,true,1,train,true
fashionpedia,train2020,35787,37f49018ebde9d8aab96a6e18ac19589.jpg,4,2,true,2,train,true
fashionpedia,train2020,35795,b1c6c1aebc6f45165867549371ef3197.jpg,4,2,true,2,train,true
fashionpedia,train2020,35802,1a2a7090aa067d68db00f790cbff09f2.jpg,4,2,true,3,train,true
fashionpedia,train2020,35803,95afcc21964d58fb95b9f3d8de777c2b.jpg,4,2,true,3,train,true
fashionpedia,train2020,35810,819b3866092fc1d5eb4317d5fade065e.jpg,4,2,true,1,train,true
fashionpedia,train2020,35813,dc0d8e0391cf51bca0f57bf8858a87b9.jpg,4,2,true,1,train,true
fashionpedia,train2020,35815,d4fa30411bf76ab308a13b290dae198c.jpg,4,2,true,1,train,true
fashionpedia,train2020,35824,2d6b5e82eafa60f4721650605036b9ce.jpg,4,2,true,4,train,true
fashionpedia,train2020,35825,1d833e8a50edb53ccb54ad02ca0ecb0f.jpg,4,2,true,4,train,true
fashionpedia,train2020,35826,3bddb4ab4c5919b0ca2437ee88c4d1d8.jpg,4,2,true,1,train,true
fashionpedia,train2020,35831,61a99d8efa13e5c261fba1005bffc68d.jpg,4,2,true,2,train,true
fashionpedia,train2020,35837,74fc6397550fd23c42291ffd8b303128.jpg,4,2,true,1,train,true
fashionpedia,train2020,35843,c5ce1f22dc48e09ae1bcfab43a4ac895.jpg,4,2,true,1,train,true
fashionpedia,train2020,35854,6ff6b8a8024394653ec540b1b8d4f29e.jpg,4,2,true,1,train,true
fashionpedia,train2020,35875,b4dc7d9879cebd1ae3afb2dfb3bc5114.jpg,4,2,true,3,train,true
fashionpedia,train2020,35888,11099af7c4823f614910886a0fefa3a4.jpg,4,2,true,1,train,true
fashionpedia,train2020,35915,de42948bf946dc4a767e2aa7006bd6a2.jpg,4,2,true,1,train,true
fashionpedia,train2020,35926,5eb68201f4b8f6acaf4efbf9dc4f9e78.jpg,4,2,true,2,train,true
fashionpedia,train2020,35927,fa27094bd8d9f2a03c70665702aa23e9.jpg,4,2,true,1,train,true
fashionpedia,train2020,35934,d6d783d54bd5fc6a7d309fc1ae4a86ac.jpg,4,2,true,3,train,true
fashionpedia,train2020,35936,0fbd026eab8ddaab93b7728503e2308e.jpg,4,2,true,3,train,true
fashionpedia,train2020,35937,a2fc7786106baa8ab2004d2e90e5d583.jpg,4,2,true,3,train,true
fashionpedia,train2020,35945,d582d136ab113b28f17230d5995c7b4b.jpg,4,2,true,3,train,true
fashionpedia,train2020,35947,7050337500155c45dfabad23c4ccc77a.jpg,4,2,true,1,train,true
fashionpedia,train2020,35952,c2fb295ca15107eaa01d64c88fe54b7d.jpg,4,2,true,4,train,true
fashionpedia,train2020,35963,a82751aa984aa5b4bd61dbc4926d0752.jpg,4,2,true,1,train,true
fashionpedia,train2020,35964,61dcaed76411889350c2495b322a8dff.jpg,4,2,true,1,train,true
fashionpedia,train2020,35997,7b92721886978cf387d8cdf08a542717.jpg,4,2,true,2,train,true
fashionpedia,train2020,35999,11b8b5fbcdd2bb52d2daa7d9a40f5b3f.jpg,4,2,true,1,train,true
fashionpedia,train2020,36004,a296a7744e9a2f333b0babc66766604a.jpg,4,2,true,2,train,true
fashionpedia,train2020,36005,a1c12110682b5cce59d3925c449a6651.jpg,4,2,true,2,train,true
fashionpedia,train2020,36018,0bf2ab8291f3b80479a25dbca7599016.jpg,4,2,true,3,train,true
fashionpedia,train2020,36019,201156ca2d5548d6cb25367460f4e77b.jpg,4,2,true,3,train,true
fashionpedia,train2020,36025,545b4c0ec760c41a926880e4e168b666.jpg,4,2,true,2,train,true
fashionpedia,train2020,36034,d873042a21ea362578f4b2a1238f53b3.jpg,4,2,true,1,train,true
fashionpedia,train2020,36047,438ba03e4ed378f6e44f7b4787cc1e7c.jpg,4,2,true,2,train,true
fashionpedia,train2020,36051,7e12383d52137be22bca0f527bc2793f.jpg,4,2,true,3,train,true
fashionpedia,train2020,36054,bcbef7e22d5950b254bdf9095703e302.jpg,4,2,true,2,train,true
fashionpedia,train2020,36055,8a1e0a03547561669cd0fafd5cdaa67f.jpg,4,2,true,2,train,true
fashionpedia,train2020,36060,3ed974ad2d365c12932a617d480ba4cd.jpg,4,2,true,2,train,true
fashionpedia,train2020,36064,6e4dfd21fb4b8a74b3b92f105b0d570f.jpg,4,2,true,2,train,true
fashionpedia,train2020,36069,f5e3c9a2535f7196511917116eed80ae.jpg,4,2,true,2,train,true
fashionpedia,train2020,36071,24c0f6e02e5683bccb2e183904904cda.jpg,4,2,true,3,train,true
fashionpedia,train2020,36077,dbc2e08bbde0267b9718d2e6614557e6.jpg,4,2,true,2,train,true
fashionpedia,train2020,36083,38af3225214fe05f74b13f94a54e880d.jpg,4,2,true,3,train,true
fashionpedia,train2020,36090,3fb8f57edfac70f58a69290b202a6bec.jpg,4,2,true,2,train,true
fashionpedia,train2020,36096,05453dcf39dde336dbd3c6601243c5bb.jpg,4,2,true,1,train,true
fashionpedia,train2020,36103,03d801052c73ce19ff0ab9f0f3d42ff9.jpg,4,2,true,1,train,true
fashionpedia,train2020,36108,50bc06e3ffd6d6e4588475eb5005f333.jpg,4,2,true,2,train,true
fashionpedia,train2020,36114,c1a9e1b0ece1b3d492c8009fab4fb4ad.jpg,4,2,true,1,train,true
fashionpedia,train2020,36117,dd5de8cc361e1855c55e1844e4b4b824.jpg,4,2,true,3,train,true
fashionpedia,train2020,36126,05f1a6c23235111afe1ade2e268d6ae5.jpg,4,2,true,2,train,true
fashionpedia,train2020,36130,5f1805e4fd7eebffc5cbdf88df36bead.jpg,4,2,true,3,train,true
fashionpedia,train2020,36132,b15802bfc040d4e457ae4c814a9939cb.jpg,4,2,true,1,train,true
fashionpedia,train2020,36142,47bba2047e6bb5f04ecfcceae92d0936.jpg,4,2,true,1,train,true
fashionpedia,train2020,36149,1942bb38d777621d589b099d9fcef8b5.jpg,4,2,true,1,train,true
fashionpedia,train2020,36161,5e2b57fd9994ae9c0a009628046d5b44.jpg,4,2,true,1,train,true
fashionpedia,train2020,36166,a495e55afbb38d43f65e1fc8acd8b898.jpg,4,2,true,3,train,true
fashionpedia,train2020,36194,0fe1ebf1696b27f2007411374ca5b964.jpg,4,2,true,2,train,true
fashionpedia,train2020,36195,10daf8334068b42185a3792ad8d8017d.jpg,4,2,true,1,train,true
fashionpedia,train2020,36196,15a27f375cef81c29982efe51f77e631.jpg,4,2,true,4,train,true
fashionpedia,train2020,36202,58e0f2a82db3ebe13dcd2cc8ec641415.jpg,4,2,true,2,train,true
fashionpedia,train2020,36206,ca011ae120a05d1a018b7d7e5fc4a62e.jpg,4,2,true,3,train,true
fashionpedia,train2020,36218,e03db5c2ca52a09d654059a574315ede.jpg,4,2,true,2,train,true
fashionpedia,train2020,36219,b4bb9ccf1b55c9e2a98a23e1cf10223b.jpg,4,2,true,1,train,true
fashionpedia,train2020,36221,dd5aa09b5c58b24c2a00044dc352ad6a.jpg,4,2,true,1,train,true
fashionpedia,train2020,36222,a2d679822983466b0b907bd6af08a86f.jpg,4,2,true,1,train,true
fashionpedia,train2020,36223,b13657b298119127c01f129a1fded5f0.jpg,4,2,true,2,train,true
fashionpedia,train2020,36229,014f39c986fde2fa1d052b00e59045a7.jpg,4,2,true,1,train,true
fashionpedia,train2020,36234,a61e5735f0635b67e56710ea52a134ee.jpg,4,2,true,1,train,true
fashionpedia,train2020,36239,5b739e76da879d6ae4eaef33bd651705.jpg,4,2,true,1,train,true
fashionpedia,train2020,36246,3b6bc1f0a7ec554302ed456c2682ffec.jpg,4,2,true,2,train,true
fashionpedia,train2020,36248,1d9b90da62225f0c04f1fbb60dd0bf8f.jpg,4,2,true,2,train,true
fashionpedia,train2020,36262,90141b4c2ca24e7da68e8071469ef72b.jpg,4,2,true,1,train,true
fashionpedia,train2020,36265,927e1e1540081b4bd781a6f17df26033.jpg,4,2,true,4,train,true
fashionpedia,train2020,36266,2b852dcd9232f9014bf96fc9bd4fa43d.jpg,4,2,true,1,train,true
fashionpedia,train2020,36267,c19c2244eb4f5aab4700de5954da33f1.jpg,4,2,true,1,train,true
fashionpedia,train2020,36292,83745ed651e5ca36b4ae7f49a51bf6cf.jpg,4,2,true,2,train,true
fashionpedia,train2020,36298,e50464af76afd979693e5249728ce2d6.jpg,4,2,true,3,train,true
fashionpedia,train2020,36302,4908d50426b133cef6bb564add9855cd.jpg,4,2,true,2,train,true
fashionpedia,train2020,36305,fc97da54a988369cdc00dd513881e669.jpg,4,2,true,2,train,true
fashionpedia,train2020,36311,4647584e9214877c53610a2de96625e8.jpg,4,2,true,2,train,true
fashionpedia,train2020,36324,c55be4778c06e3249befa776419394f4.jpg,4,2,true,1,train,true
fashionpedia,train2020,36329,d6c5f1b065dc1a4efbb6030a4a78e7b2.jpg,4,2,true,1,train,true
fashionpedia,train2020,36330,4ddd5c2fb792c0b7db38fbd423ce8627.jpg,4,2,true,1,train,true
fashionpedia,train2020,36332,09ad125d2f5e5f585eda0730086d4af7.jpg,4,2,true,2,train,true
fashionpedia,train2020,36349,d63284fb83db73efe3561bae155d129d.jpg,4,2,true,3,train,true
fashionpedia,train2020,36355,c08213356cc6b2903cc8334ecff679b5.jpg,4,2,true,1,train,true
fashionpedia,train2020,36359,d1fab9d14098906eb01ff68562702296.jpg,4,2,true,2,train,true
fashionpedia,train2020,36361,cfebc55fa5f5510482d40c0715dcb297.jpg,4,2,true,3,train,true
fashionpedia,train2020,36367,8a05d94d2303613da4d38750005b2979.jpg,4,2,true,3,train,true
fashionpedia,train2020,36371,0aeabf01563be740e8fa8f565aa28bf7.jpg,4,2,true,1,train,true
fashionpedia,train2020,36373,b0f34998be0bfa6d4d9efe6e83024fce.jpg,4,2,true,2,train,true
fashionpedia,train2020,36377,3941cb8da9c7d7c85208bb81d70521ad.jpg,4,2,true,1,train,true
fashionpedia,train2020,36382,409152ffc2131e0f425f3c23db69c432.jpg,4,2,true,2,train,true
fashionpedia,train2020,36384,e6f8ad46265e522136e510b5df535329.jpg,4,2,true,1,train,true
fashionpedia,train2020,36392,15d1cd53154118ed5d650347d21c2bc8.jpg,4,2,true,2,train,true
fashionpedia,train2020,36395,6e2b7e91447ea26f9dae4da7399639d7.jpg,4,2,true,1,train,true
fashionpedia,train2020,36404,1180f296ca122c0fb9f1802aa6ead772.jpg,4,2,true,1,train,true
fashionpedia,train2020,36413,c0bde0bd95940086100be72da5bcba41.jpg,4,2,true,1,train,true
fashionpedia,train2020,36419,20f45e10c31cdd027434b8a6f89cb84a.jpg,4,2,true,2,train,true
fashionpedia,train2020,36422,baea1ea307b2df4851eac18c0d394708.jpg,4,2,true,2,train,true
fashionpedia,train2020,36423,ad9a1d23bfd13b9067cadd08c2c1b622.jpg,4,2,true,2,train,true
fashionpedia,train2020,36426,a06ffbcdff2555eb0e6daca09e7a092b.jpg,4,2,true,3,train,true
fashionpedia,train2020,36428,456b1e2569a1f96912f46c9b0d573860.jpg,4,2,true,1,train,true
fashionpedia,train2020,36435,7c17f5da9df42dcab30f0930dccffa78.jpg,4,2,true,1,train,true
fashionpedia,train2020,36443,a293eac28ea618fefa7cb8882320fd78.jpg,4,2,true,1,train,true
fashionpedia,train2020,36468,689c9eedadaac4be8396f1847d86bc5c.jpg,4,2,true,1,train,true
fashionpedia,train2020,36474,dc67631a61f911eacae2a98317be28a6.jpg,4,2,true,2,train,true
fashionpedia,train2020,36484,7963d277fb100a811190d6b681af996b.jpg,4,2,true,2,train,true
fashionpedia,train2020,36485,babbb717b9417fdae5e4b86e766a1883.jpg,4,2,true,2,train,true
fashionpedia,train2020,36510,26fe28510b97ef86ebbcfe4b5f577f0c.jpg,4,2,true,4,train,true
fashionpedia,train2020,36522,d5ae7eccf7cdc77fb21e7d8df56d1d6b.jpg,4,2,true,1,train,true
fashionpedia,train2020,36530,8e384f832dcda47d3e7c3bbc5003eeca.jpg,4,2,true,2,train,true
fashionpedia,train2020,36541,d8b4e814d87aa1e337ef3d653f313d25.jpg,4,2,true,3,train,true
fashionpedia,train2020,36554,2f1562ca759d73746ef718d067184a11.jpg,4,2,true,2,train,true
fashionpedia,train2020,36565,e2c4a6e5110e9ae0aaba7e8869db73f4.jpg,4,2,true,1,train,true
fashionpedia,train2020,36566,000cd2e13d1bdd28f480304d7bb9e1ca.jpg,4,2,true,2,train,true
fashionpedia,train2020,36580,094107601540b546e28e75704af92dc2.jpg,4,2,true,1,train,true
fashionpedia,train2020,36586,276c6a4b8b10cf2c12472d335bf7ffa3.jpg,4,2,true,1,train,true
fashionpedia,train2020,36599,a135d1d5eb61707c895b5556166b0449.jpg,4,2,true,1,train,true
fashionpedia,train2020,36606,8e2a8eeed77d81b5da64af20188b6b50.jpg,4,2,true,3,train,true
fashionpedia,train2020,36609,5258973bb4385faef73a134174dd6077.jpg,4,2,true,2,train,true
fashionpedia,train2020,36610,a06726f41800a25c7ab0f1416a649751.jpg,4,2,true,3,train,true
fashionpedia,train2020,36617,4d101e13e2b8edc3ad3016631035423e.jpg,4,2,true,3,train,true
fashionpedia,train2020,36621,227a5f6bfd1bc04c96020e9c10d26d83.jpg,4,2,true,1,train,true
fashionpedia,train2020,36626,bd7b10c1b6c18dd4ed8d075fd5671c6c.jpg,4,2,true,2,train,true
fashionpedia,train2020,36628,b8457ae46b3077a83a0de542c2c19073.jpg,4,2,true,1,train,true
fashionpedia,train2020,36629,f69459f653bf0a475f7003c64ad87484.jpg,4,2,true,1,train,true
fashionpedia,train2020,36630,38ff3421d63688d2a9919cd98baa7ae4.jpg,4,2,true,3,train,true
fashionpedia,train2020,36631,2eb0a99c941e30cde44a0868b6f9a29b.jpg,4,2,true,1,train,true
fashionpedia,train2020,36643,fded2aad23422e0136326d750393a5e9.jpg,4,2,true,1,train,true
fashionpedia,train2020,36646,d062ac4491dfa91cbbcb48cc6459e498.jpg,4,2,true,2,train,true
fashionpedia,train2020,36654,fb4aaf9e090cd04c3acb8dfc6e108a1f.jpg,4,2,true,3,train,true
fashionpedia,train2020,36655,188f05dcc0ad9089f769fbf7c5992a72.jpg,4,2,true,3,train,true
fashionpedia,train2020,36656,0ef8e8e0b90c7626483672074dee3d03.jpg,4,2,true,1,train,true
fashionpedia,train2020,36671,f582bbded4c4cfffb01e862bf34dc382.jpg,4,2,true,1,train,true
fashionpedia,train2020,36672,ce9c042ca2600ffadc0a0a4a00f820e2.jpg,4,2,true,4,train,true
fashionpedia,train2020,36679,6d843b08c44097733737d0f7aa3b1de7.jpg,4,2,true,1,train,true
fashionpedia,train2020,36685,60fa64ad4dddaa0d27247b8d3aafa592.jpg,4,2,true,2,train,true
fashionpedia,train2020,36693,d5e153f48bd0b7cdccf0dc30f1171855.jpg,4,2,true,1,train,true
fashionpedia,train2020,36701,6ee902436cd61ba25a67b72e0c1dabe0.jpg,4,2,true,1,train,true
fashionpedia,train2020,36702,eb23b5c953450ce248c22572036fc482.jpg,4,2,true,1,train,true
fashionpedia,train2020,36707,a9500d4c18ddc24f94621754e5449f44.jpg,4,2,true,1,train,true
fashionpedia,train2020,36708,cd585ece40717448d978135eac8097d4.jpg,4,2,true,1,train,true
fashionpedia,train2020,36719,a74c0a85926ac7f7959e2dff87ba0a07.jpg,4,2,true,1,train,true
fashionpedia,train2020,36725,5acd6425d806875521c4497003215be3.jpg,4,2,true,3,train,true
fashionpedia,train2020,36733,68624f83f36e5d0b67f9b92669130d97.jpg,4,2,true,2,train,true
fashionpedia,train2020,36742,7b9e10baf6b4b214f9a328c594ed1af5.jpg,4,2,true,1,train,true
fashionpedia,train2020,36748,a7de483ee93791629be2d6cdcce683d7.jpg,4,2,true,2,train,true
fashionpedia,train2020,36754,2ba4aca2c71f6ea0c5f28ca929bc0de9.jpg,4,2,true,1,train,true
fashionpedia,train2020,36759,2ceaa7e44c96e4bb444530576c801c03.jpg,4,2,true,1,train,true
fashionpedia,train2020,36771,0d587c0ef7b01bf920fdb3693856dc69.jpg,4,2,true,3,train,true
fashionpedia,train2020,36773,99c9f3f0a885535be7a30440b9f5bb1e.jpg,4,2,true,1,train,true
fashionpedia,train2020,36778,705317b0ca130c17d2f42faa96468a53.jpg,4,2,true,1,train,true
fashionpedia,train2020,36781,123b9c01706b43ea91c6974cb58db7b8.jpg,4,2,true,1,train,true
fashionpedia,train2020,36783,3a95300d7cedf3fd25aac146366dde6a.jpg,4,2,true,2,train,true
fashionpedia,train2020,36790,7fae69e3aacaf2ae73254f95a354be74.jpg,4,2,true,4,train,true
fashionpedia,train2020,36791,f4591e17584e87f5ae145946468488a1.jpg,4,2,true,3,train,true
fashionpedia,train2020,36799,c71b33cbf1fdc59e57d082e9c6a52055.jpg,4,2,true,2,train,true
fashionpedia,train2020,36800,fac1a56442b3c51f60235eec5d4e4b4e.jpg,4,2,true,1,train,true
fashionpedia,train2020,36801,0a291eba464fd9b8622c17c620656449.jpg,4,2,true,2,train,true
fashionpedia,train2020,36805,e47c932b18f95cc1a76e4cdc10272748.jpg,4,2,true,2,train,true
fashionpedia,train2020,36813,5bd83bd00d5d52904e07513c04333567.jpg,4,2,true,1,train,true
fashionpedia,train2020,36816,99b465e274cebc2382f57b104f557f20.jpg,4,2,true,3,train,true
fashionpedia,train2020,36823,d797c3ee694636e234d2e1258b813ea0.jpg,4,2,true,1,train,true
fashionpedia,train2020,36824,c737627b4bc6aa0870bf00d20be351da.jpg,4,2,true,2,train,true
fashionpedia,train2020,36841,911083407984731024556eee3e04836a.jpg,4,2,true,2,train,true
fashionpedia,train2020,36855,2c16feb2ed58c1d35c52d36809e4098e.jpg,4,2,true,2,train,true
fashionpedia,train2020,36858,174fc94af115fff5c90fe9f3d15f607a.jpg,4,2,true,1,train,true
fashionpedia,train2020,36863,97aec481cda7722f44435272d101f0d7.jpg,4,2,true,1,train,true
fashionpedia,train2020,36874,af21d044996eb71fdcfb31a7ae9130ae.jpg,4,2,true,2,train,true
fashionpedia,train2020,36875,d76dd279c66ff9641c6df2778a309bee.jpg,4,2,true,1,train,true
fashionpedia,train2020,36885,d280f24febe470ec1b32ef70bc7e07cd.jpg,4,2,true,3,train,true
fashionpedia,train2020,36895,c139495a0d2ee0afc56fe32043402299.jpg,4,2,true,1,train,true
fashionpedia,train2020,36898,40461dc4c059e7f5ff1f5dc368fe4748.jpg,4,2,true,4,train,true
fashionpedia,train2020,36900,b85707055dee0acade069ce5436695d3.jpg,4,2,true,1,train,true
fashionpedia,train2020,36907,96db6ad68d3d41e0023a0f91cb4db5b6.jpg,4,2,true,1,train,true
fashionpedia,train2020,36910,f2eab9a4625b525bac74fd4101bdfffc.jpg,4,2,true,2,train,true
fashionpedia,train2020,36930,afa87ecb4f3826ce90a48253a0480144.jpg,4,2,true,2,train,true
fashionpedia,train2020,36932,c65cfd01a169b8a58b93ad646a6b4ecc.jpg,4,2,true,4,train,true
fashionpedia,train2020,36933,7dd642ef602e3e4591e305cf9123cfd6.jpg,4,2,true,1,train,true
fashionpedia,train2020,36938,b4d9b37e1bf87aedb78ad957a658c2d1.jpg,4,2,true,1,train,true
fashionpedia,train2020,36939,1b37fb7148258d0a73bafb2734dff54b.jpg,4,2,true,2,train,true
fashionpedia,train2020,36947,b5a3db12cceaed3e50f220f982a8d131.jpg,4,2,true,1,train,true
fashionpedia,train2020,36953,9b39732d4ccc0fbf755737a90f9c4e68.jpg,4,2,true,2,train,true
fashionpedia,train2020,36954,8ca68aa42c81f191815e72370d5bc590.jpg,4,2,true,1,train,true
fashionpedia,train2020,36955,7f5aba3511dedca73e448ed5693d0852.jpg,4,2,true,4,train,true
fashionpedia,train2020,36959,7015e0c87f1f370f45f1e310c39dd223.jpg,4,2,true,3,train,true
fashionpedia,train2020,36966,3288c81e49365fed97087292b41ee8df.jpg,4,2,true,2,train,true
fashionpedia,train2020,36980,d74bcdee573d8d7d13dd8e960cd8516a.jpg,4,2,true,1,train,true
fashionpedia,train2020,36988,5de97c8eec3b39cd06d1fc463b80e521.jpg,4,2,true,1,train,true
fashionpedia,train2020,36992,e76dcc20296f753235bd1929d70e57c6.jpg,4,2,true,4,train,true
fashionpedia,train2020,36996,bdc6e5b89842ccc2fc8d8b4441c70699.jpg,4,2,true,1,train,true
fashionpedia,train2020,36997,1bc35bc11bf05fd15461841904e163f1.jpg,4,2,true,3,train,true
fashionpedia,train2020,37005,9e326c540bdc58b92fc2e8492eda27be.jpg,4,2,true,1,train,true
fashionpedia,train2020,37011,440a69b9d3b4d33e7a05d98189b6ebb0.jpg,4,2,true,1,train,true
fashionpedia,train2020,37014,92cb9feed7400ddce51e1a0d627b92ae.jpg,4,2,true,1,train,true
fashionpedia,train2020,37015,238d75a48bf0abfc2a834479f27c36f4.jpg,4,2,true,3,train,true
fashionpedia,train2020,37022,958b208018c4993da4fb6ac7bf45c357.jpg,4,2,true,1,train,true
fashionpedia,train2020,37028,b7c1b3fa410baa58896c037ac6422d97.jpg,4,2,true,2,train,true
fashionpedia,train2020,37031,f178f1e1fa69527656da3925f5ca846a.jpg,4,2,true,2,train,true
fashionpedia,train2020,37041,4f03431064b92b0987090286033c7fc7.jpg,4,2,true,2,train,true
fashionpedia,train2020,37044,0784b515b7a266c0caec9d8a7ee89134.jpg,4,2,true,2,train,true
fashionpedia,train2020,37051,4ed664425c850125d45fa50bac50514a.jpg,4,2,true,1,train,true
fashionpedia,train2020,37052,38c91ff15a088c3e5b02187c7b999004.jpg,4,2,true,2,train,true
fashionpedia,train2020,37059,25f6c102a6bc63f3708e671715f588db.jpg,4,2,true,1,train,true
fashionpedia,train2020,37060,32bc1947709f6bc8bdd437001beac74d.jpg,4,2,true,3,train,true
fashionpedia,train2020,37061,68db40b53172750320989dfd28129760.jpg,4,2,true,2,train,true
fashionpedia,train2020,37075,6bb76303eadf0b706166725227d6f640.jpg,4,2,true,1,train,true
fashionpedia,train2020,37081,24c3b1b2edd00e81d33629087b6aa492.jpg,4,2,true,2,train,true
fashionpedia,train2020,37084,f6dcf054f1d77e20bf73ee30f038ff31.jpg,4,2,true,2,train,true
fashionpedia,train2020,37094,8c9f6b163737da3308cab6845694f74c.jpg,5,2,true,1,train,true
fashionpedia,train2020,37097,773d2c6ac4a03cea81235fddeedb9d05.jpg,5,2,true,2,train,true
fashionpedia,train2020,37098,40de2a135cabc13e77e322947c990f48.jpg,5,2,true,2,train,true
fashionpedia,train2020,37112,1364733e1f3a69952c688f05c35652ee.jpg,5,2,true,1,train,true
fashionpedia,train2020,37114,f9a1f16e76e3adad3ce2ed9fe0c7a03f.jpg,5,2,true,2,train,true
fashionpedia,train2020,37124,821d3f97f7aee86ada68018d1331037c.jpg,5,2,true,2,train,true
fashionpedia,train2020,37129,19ba7337ecc5b0f0b64098005e0910d2.jpg,5,2,true,1,train,true
fashionpedia,train2020,37133,f749ed5fd5820b53ca8ea69816aadfaa.jpg,5,2,true,1,train,true
fashionpedia,train2020,37139,bc4896faa8354b5bf5de02f876cab2f4.jpg,5,2,true,2,train,true
fashionpedia,train2020,37140,6b2681053544b9cb1655bed4e16a3ee7.jpg,5,2,true,1,train,true
fashionpedia,train2020,37146,592c94e8c8a56ee854de58af5c9ee9cb.jpg,5,2,true,1,train,true
fashionpedia,train2020,37157,1bedd286e32bb28129230ca711d6de47.jpg,5,2,true,2,train,true
fashionpedia,train2020,37159,9b77e433490771fd53538a9b2185baa3.jpg,5,2,true,3,train,true
fashionpedia,train2020,37170,6e5175726c44451800a89666d7e6513f.jpg,5,2,true,1,train,true
fashionpedia,train2020,37175,45a896e7853344071c3e15fc09a3c66d.jpg,5,2,true,2,train,true
fashionpedia,train2020,37177,e653481fedca24065e9c04bb0a94d006.jpg,5,2,true,1,train,true
fashionpedia,train2020,37178,c196d90f97261d904c286b5888801733.jpg,5,2,true,2,train,true
fashionpedia,train2020,37186,6928219e97b4b84b463274fde846a96b.jpg,5,2,true,3,train,true
fashionpedia,train2020,37188,4534dc82a6fa7162248f9c6c8d431b3e.jpg,5,2,true,3,train,true
fashionpedia,train2020,37209,6b678df73fd336f3c7c287b8f0523dc6.jpg,5,2,true,1,train,true
fashionpedia,train2020,37218,f0767f95f37f3609401a9c0c210bf7f1.jpg,5,2,true,2,train,true
fashionpedia,train2020,37228,c7a4a3801f6838098e0d1efd2e460264.jpg,5,2,true,5,train,true
fashionpedia,train2020,37233,0c829b143f14729a4ecbf02febf5a769.jpg,5,2,true,1,train,true
fashionpedia,train2020,37239,f27b0f685d9b622d7ff36bdd97f72831.jpg,5,2,true,3,train,true
fashionpedia,train2020,37248,85f5bf8f7e667deb38d2cc0fdf246caf.jpg,5,2,true,2,train,true
fashionpedia,train2020,37251,e2d4a937dbc0235aa22732166aa0e959.jpg,5,2,true,3,train,true
fashionpedia,train2020,37263,42396d78c3f6834c464d919dccc52e79.jpg,5,2,true,1,train,true
fashionpedia,train2020,37273,69ee86f19ea0819cec434976b83eed02.jpg,5,2,true,1,train,true
fashionpedia,train2020,37281,9d462ea1c254b4c05f59eabbd35fa9f2.jpg,5,2,true,3,train,true
fashionpedia,train2020,37285,3cf933b52306981ad813f083cab3e7d5.jpg,5,2,true,3,train,true
fashionpedia,train2020,37303,f74b03a8bf181b26e380ee4d8b55da8a.jpg,5,2,true,1,train,true
fashionpedia,train2020,37312,ecf241287624f41f28d37f1846395695.jpg,5,2,true,1,train,true
fashionpedia,train2020,37318,be62a2741accfc079a3d6ff01bd39270.jpg,5,2,true,1,train,true
fashionpedia,train2020,37321,e3531b78b72faf6e287ac7804584edae.jpg,5,2,true,2,train,true
fashionpedia,train2020,37331,ba1e2a68b632f1dce6cf3285d34a5b7c.jpg,5,2,true,1,train,true
fashionpedia,train2020,37338,c688865d1518652dd1372b2e9127278f.jpg,5,2,true,1,train,true
fashionpedia,train2020,37339,9c18a43f75cd5a036d54ae694e15c6a1.jpg,5,2,true,3,train,true
fashionpedia,train2020,37352,b742be156a402a7a7553e2ce9191b8f6.jpg,5,2,true,1,train,true
fashionpedia,train2020,37355,ef79ef80b70429b6bae61a074bdfc0ee.jpg,5,2,true,3,train,true
fashionpedia,train2020,37357,2e9237f8c38b2c8803a6cec58188ec08.jpg,5,2,true,2,train,true
fashionpedia,train2020,37358,9f51e8fdf64550234910be83cc97f4cb.jpg,5,2,true,3,train,true
fashionpedia,train2020,37360,e83c0232d657884b738f9c925e13b7dc.jpg,5,2,true,1,train,true
fashionpedia,train2020,37361,47c1b74f6ee84511a59e822635edcce5.jpg,5,2,true,2,train,true
fashionpedia,train2020,37366,4424ab564dc772179671940ce31f9508.jpg,5,2,true,1,train,true
fashionpedia,train2020,37370,8ca3bf1aa0a0c2aca12d905d53808b2d.jpg,5,2,true,3,train,true
fashionpedia,train2020,37373,da5bce1a954765828688bf1a6eae2b1b.jpg,5,2,true,3,train,true
fashionpedia,train2020,37380,e166253e2a2c7478438ff4002dba5bb4.jpg,5,2,true,3,train,true
fashionpedia,train2020,37402,42eab34a1bf1f6b032451a849a975735.jpg,5,2,true,1,train,true
fashionpedia,train2020,37403,5331fbf2cc474ed81e593701b25c25a0.jpg,5,2,true,1,train,true
fashionpedia,train2020,37407,5f2fb747eab3ec656600218990fc1cbc.jpg,5,2,true,1,train,true
fashionpedia,train2020,37411,02f94bcfd51bd1167016ab03a897bcd6.jpg,5,2,true,1,train,true
fashionpedia,train2020,37416,1b3dde170b72caacec947652c0566243.jpg,5,2,true,2,train,true
fashionpedia,train2020,37421,eb67a36d4a958fb297a32493a7999ff9.jpg,5,2,true,2,train,true
fashionpedia,train2020,37428,cb0de4667680519f4f97fe5246b3d2fd.jpg,5,2,true,1,train,true
fashionpedia,train2020,37430,8795e5c87850b7cabde6e4eccc0ab5d4.jpg,5,2,true,1,train,true
fashionpedia,train2020,37458,e65ea7f4cc60c54c09b2e7b3c9e578ed.jpg,5,2,true,1,train,true
fashionpedia,train2020,37464,1ae57b40fdfdb47d4611ce43a717e8b3.jpg,5,2,true,1,train,true
fashionpedia,train2020,37466,ee331ddfdd05e3e0a8a3bba059fcb079.jpg,5,2,true,2,train,true
fashionpedia,train2020,37473,8a048996e6ebc9932208cb58828bca4a.jpg,5,2,true,2,train,true
fashionpedia,train2020,37483,a8479bbfa7dd7da0c9a3037f1bd722fc.jpg,5,2,true,1,train,true
fashionpedia,train2020,37486,c78015383054f617f9613802d980d5b4.jpg,5,2,true,2,train,true
fashionpedia,train2020,37487,328de86c5c2df96783a0ff6d00eaf5a0.jpg,5,2,true,1,train,true
fashionpedia,train2020,37510,ed9e075262046159e89a19b47572030e.jpg,5,2,true,1,train,true
fashionpedia,train2020,37514,de831cadd9e5e80f434e14a62e3de086.jpg,5,2,true,2,train,true
fashionpedia,train2020,37526,a61e6bca95befeee9cae5b623b1cbab1.jpg,5,2,true,2,train,true
fashionpedia,train2020,37531,42c6b90863672978deb6d783fbbb3be9.jpg,5,2,true,1,train,true
fashionpedia,train2020,37560,915e402296aad75b85f0b4c3f8e8a490.jpg,5,2,true,1,train,true
fashionpedia,train2020,37561,b29ac46119aa400e910d92b8877488ad.jpg,5,2,true,1,train,true
fashionpedia,train2020,37562,65401cc6d24d4532cc2632ae8fe87dd1.jpg,5,2,true,3,train,true
fashionpedia,train2020,37565,06b8274ba965d37dc4bc4902446461ce.jpg,5,2,true,1,train,true
fashionpedia,train2020,37569,912a50ebb94d838ce2bd718e0bd6e1c1.jpg,5,2,true,3,train,true
fashionpedia,train2020,37576,5e52d0c16d1d058071f12648397f8b94.jpg,5,2,true,2,train,true
fashionpedia,train2020,37581,c17a8e30a160933b3d73a413b1bcb29a.jpg,5,2,true,1,train,true
fashionpedia,train2020,37583,72df13f5aeb0aa9cb3b074fbdd3823ac.jpg,5,2,true,2,train,true
fashionpedia,train2020,37584,8f0489ce05efcaf7f74cc911082689c7.jpg,5,2,true,2,train,true
fashionpedia,train2020,37593,d0ed7b3640f26f633c015d53a5432538.jpg,5,2,true,1,train,true
fashionpedia,train2020,37603,6ee825f485eb82a28d84c83a0ecb75fb.jpg,5,2,true,2,train,true
fashionpedia,train2020,37604,c8d0527ce68ed647101c9e530bae6bd8.jpg,5,2,true,2,train,true
fashionpedia,train2020,37609,e26fe4e8d52a65debc44991de92adb08.jpg,5,2,true,1,train,true
fashionpedia,train2020,37611,46c1e11f69c0c78c1a6c9c7651c7fd75.jpg,5,2,true,1,train,true
fashionpedia,train2020,37634,b85fc91353dbbd4f80cc66d512de0fb6.jpg,5,2,true,1,train,true
fashionpedia,train2020,37636,4bee46554f5596673c0a8e3c9291fd2a.jpg,5,2,true,1,train,true
fashionpedia,train2020,37640,8eaf9244ed8110ad9edc0823c27d161a.jpg,5,2,true,1,train,true
fashionpedia,train2020,37645,51baf98330d6406c33a0c6b3aac089ad.jpg,5,2,true,2,train,true
fashionpedia,train2020,37658,f31111cd67592bfa6047248c07210919.jpg,5,2,true,3,train,true
fashionpedia,train2020,37665,20a80eaa382fcab9e630f539e86e2c49.jpg,5,2,true,3,train,true
fashionpedia,train2020,37674,d8dde63021f1e79c21e8661837e62a94.jpg,5,2,true,1,train,true
fashionpedia,train2020,37682,553fe40c6b444cdfa656b76abee95345.jpg,5,2,true,3,train,true
fashionpedia,train2020,37694,e1d90636cf0c9cd70a9bfa67a6938459.jpg,5,2,true,4,train,true
fashionpedia,train2020,37703,b284dbe5b1c312b2eb296c21a5dc6662.jpg,5,2,true,4,train,true
fashionpedia,train2020,37713,ea7bf988cbb013c462af56f6ad201e75.jpg,5,2,true,4,train,true
fashionpedia,train2020,37720,4d122609b912ccb33310f28a72ab6c8e.jpg,5,2,true,1,train,true
fashionpedia,train2020,37725,6d171ac9c6597c65c61e2648ba07e105.jpg,5,2,true,1,train,true
fashionpedia,train2020,37743,2eb567e4a8825f8b28ec21bfa4e65c61.jpg,5,2,true,1,train,true
fashionpedia,train2020,37750,6536d73c62e30724f0778f60c766c790.jpg,5,2,true,4,train,true
fashionpedia,train2020,37754,8bca87b630bfe16ff6f2fc4adb6f86ee.jpg,5,2,true,3,train,true
fashionpedia,train2020,37763,ce5af9696ac092bebae2236ef46efb08.jpg,5,2,true,1,train,true
fashionpedia,train2020,37771,3c54f3783b24f4c66a33c52514cc98f8.jpg,5,2,true,1,train,true
fashionpedia,train2020,37782,9663c1faf83a01ab5af097928b1d70d5.jpg,5,2,true,2,train,true
fashionpedia,train2020,37792,b3dc749d36de5fa52030a846eea8dc69.jpg,5,2,true,1,train,true
fashionpedia,train2020,37802,3411d69e2a07cb3b70852a351fc41a73.jpg,5,2,true,1,train,true
fashionpedia,train2020,37803,dadce68b3d55b9f9d9e1a852b71190b0.jpg,5,2,true,1,train,true
fashionpedia,train2020,37811,bc67e92e647908d19387eba0f5a9135d.jpg,5,2,true,1,train,true
fashionpedia,train2020,37812,709ccec6e432e589f382acfaa2cc9feb.jpg,5,2,true,1,train,true
fashionpedia,train2020,37839,4758ea975a86c4a7ecc3e0c58e1dd3c6.jpg,5,2,true,2,train,true
fashionpedia,train2020,37840,15f8b3e2191c95c5fb738b11713b5adb.jpg,5,2,true,1,train,true
fashionpedia,train2020,37845,0561ea24154f9990ac63b7ce64241842.jpg,5,2,true,2,train,true
fashionpedia,train2020,37850,ae27dcf353b5d73c3c30df9dbd864d5e.jpg,5,2,true,3,train,true
fashionpedia,train2020,37867,a2bf891c98c42abd22e2add7212ff5f8.jpg,5,2,true,1,train,true
fashionpedia,train2020,37870,abf13c648f9b9709c14b980f00e74862.jpg,5,2,true,2,train,true
fashionpedia,train2020,37871,879c906eba126167851b09efa0e4d5c9.jpg,5,2,true,2,train,true
fashionpedia,train2020,37883,76cdf8957d59ab317be27f7535e9422f.jpg,5,2,true,3,train,true
fashionpedia,train2020,37901,7a802893b6450cf75d1fde5d89896cf8.jpg,5,2,true,1,train,true
fashionpedia,train2020,37902,27b28c332cbdab87d32fae8c7c2f336b.jpg,5,2,true,1,train,true
fashionpedia,train2020,37908,d36aa34d342fa86d1edf1e95acbda3c8.jpg,5,2,true,1,train,true
fashionpedia,train2020,37909,1f5059f9e7424d7bdb54f66a599f944d.jpg,5,2,true,3,train,true
fashionpedia,train2020,37915,c66912937a28ea8cd68c858a7c434f64.jpg,5,2,true,1,train,true
fashionpedia,train2020,37918,18476d55f807831213d18a3ebd391442.jpg,5,2,true,1,train,true
fashionpedia,train2020,37924,c6001a519699a33e6d717ac23eab5ff5.jpg,5,2,true,3,train,true
fashionpedia,train2020,37933,a46d2ca9fb4bd4317c129955c48fdd02.jpg,5,2,true,1,train,true
fashionpedia,train2020,37936,fa7aa486e40056ea732f5b0e1c008920.jpg,5,2,true,1,train,true
fashionpedia,train2020,37938,02f861ce7c8412907c9c9fd0201463ad.jpg,5,2,true,1,train,true
fashionpedia,train2020,37940,8c9f3af367e2040e0cec2763018bc3b0.jpg,5,2,true,3,train,true
fashionpedia,train2020,37950,704d9028d23fc5b39ddce6c7a03fdfb5.jpg,5,2,true,1,train,true
fashionpedia,train2020,37953,3d1fbe606dbacc81b12aad2d7b328845.jpg,5,2,true,2,train,true
fashionpedia,train2020,37957,9128d884a812e47d1f0514c381ce68b3.jpg,5,2,true,3,train,true
fashionpedia,train2020,37960,9af9f178c60bd204db27df6ee96f9c3e.jpg,5,2,true,1,train,true
fashionpedia,train2020,37966,dbb5389c00b968f09bee8d40b248ee4e.jpg,5,2,true,2,train,true
fashionpedia,train2020,37973,c2031e3e9acf558d9f745b1969525f02.jpg,5,2,true,1,train,true
fashionpedia,train2020,37976,283d10a45d20fe1817cd684920b6025d.jpg,5,2,true,1,train,true
fashionpedia,train2020,37977,a85f6e0dc55cf742e56860fa91db4045.jpg,5,2,true,1,train,true
fashionpedia,train2020,37984,b505ed8882ea9cd830f62bb35efb2241.jpg,5,2,true,1,train,true
fashionpedia,train2020,37987,af5f6c03321312b92644cce693d45a98.jpg,5,2,true,2,train,true
fashionpedia,train2020,37988,86e40994362593263537fc78f5adf424.jpg,5,2,true,2,train,true
fashionpedia,train2020,37997,0b9eeeba97b430c72883bdb789b20db8.jpg,5,2,true,2,train,true
fashionpedia,train2020,38004,5aa22c2d7ec3f9c67117c9fae5ab722c.jpg,5,2,true,3,train,true
fashionpedia,train2020,38006,d8f9520d8c84f6ec86d973dc5ee501b9.jpg,5,2,true,2,train,true
fashionpedia,train2020,38028,7b45b67677b1d4773b03e4637015853c.jpg,5,2,true,2,train,true
fashionpedia,train2020,38041,5702a2e98860762a5a14206703f2108f.jpg,5,2,true,1,train,true
fashionpedia,train2020,38049,2ff1f0c3f5ef9012bf1d36d579589de4.jpg,5,2,true,1,train,true
fashionpedia,train2020,38051,225817254a2f21bda925bdad41d98c10.jpg,5,2,true,1,train,true
fashionpedia,train2020,38052,4031b10c7ca8da376b0f019f5062ed62.jpg,5,2,true,2,train,true
fashionpedia,train2020,38061,9e7ebe588f7eb350818b1a354bdcfbd9.jpg,5,2,true,2,train,true
fashionpedia,train2020,38064,5913a4ab45bbb02e66a55b517f449a56.jpg,5,2,true,1,train,true
fashionpedia,train2020,38071,e1b2eaf2207a09c4edda8712dd48e552.jpg,5,2,true,2,train,true
fashionpedia,train2020,38093,0179e09700e15af2bac19ec13493dc49.jpg,5,2,true,1,train,true
fashionpedia,train2020,38094,5c8f385a17564f1e62bb9bb08d165405.jpg,5,2,true,2,train,true
fashionpedia,train2020,38096,f9d5117720f78d70bc5dae05d1d97477.jpg,5,2,true,2,train,true
fashionpedia,train2020,38104,d7290021d191e0389eab66ea8023045b.jpg,5,2,true,1,train,true
fashionpedia,train2020,38106,12772b7b70cc37b05b2b2c67b7e96f20.jpg,5,2,true,1,train,true
fashionpedia,train2020,38108,e5ee1a8d7afe9cd4775bb5013fc85768.jpg,5,2,true,3,train,true
fashionpedia,train2020,38121,b57f50a5e5fd6a147d18a4e128d41ef7.jpg,5,2,true,2,train,true
fashionpedia,train2020,38137,045a1fcfbb4ee06b25620d5d3d668c32.jpg,5,2,true,2,train,true
fashionpedia,train2020,38139,2109c8df7b7dc1188129c31451177067.jpg,5,2,true,3,train,true
fashionpedia,train2020,38142,ab32bd6b04ada4ffeb7262b827a1e20b.jpg,5,2,true,1,train,true
fashionpedia,train2020,38146,cf2e10b00431d717c852b9fd39fb4e10.jpg,5,2,true,3,train,true
fashionpedia,train2020,38155,54414b376054e3561627a3feef17d624.jpg,5,2,true,2,train,true
fashionpedia,train2020,38158,59b9912e716f3eac26245d22351b0105.jpg,5,2,true,2,train,true
fashionpedia,train2020,38166,66a90e915c79e86fa60e3c6684f78601.jpg,5,2,true,1,train,true
fashionpedia,train2020,38169,7febd756c74b5021ca5db329b8dc6ed6.jpg,5,2,true,1,train,true
fashionpedia,train2020,38171,69e7dfaa2cec9583136b4903adb0608b.jpg,5,2,true,1,train,true
fashionpedia,train2020,38178,f5421c341a035a6af9d0e28f90001424.jpg,5,2,true,1,train,true
fashionpedia,train2020,38180,99ffff1ecfe150c87663008e2b6f4972.jpg,5,2,true,1,train,true
fashionpedia,train2020,38186,0c47504e33bbaa6edc7cf685be6e7f8e.jpg,5,2,true,3,train,true
fashionpedia,train2020,38189,11d59f0d9c30e5e1361be82ae6f0fc66.jpg,5,2,true,1,train,true
fashionpedia,train2020,38214,61e10920340de712164725408fbe9fc6.jpg,5,2,true,1,train,true
fashionpedia,train2020,38218,daa4980d797a3e75a5cd0edd53045a9a.jpg,5,2,true,1,train,true
fashionpedia,train2020,38227,caecf14c825face5dbe0118dbd9c39ce.jpg,5,2,true,3,train,true
fashionpedia,train2020,38228,26e191e8cf0fc206b82d86cc07aa26d9.jpg,5,2,true,1,train,true
fashionpedia,train2020,38232,1d719259062df10d59bc4f28e1b918f0.jpg,5,2,true,1,train,true
fashionpedia,train2020,38247,55bfc26aae3ba54597e1d24d85adf9e1.jpg,5,2,true,4,train,true
fashionpedia,train2020,38251,6d0da1f774f74200bb8273744b51d9fa.jpg,5,2,true,1,train,true
fashionpedia,train2020,38256,f9b07c8c22354cf510085474e74000b0.jpg,5,2,true,3,train,true
fashionpedia,train2020,38262,cf9670807d95237a9ad8afa08cf24302.jpg,5,2,true,1,train,true
fashionpedia,train2020,38268,2189d77ba2da3c4408646e50e8bc4069.jpg,5,2,true,2,train,true
fashionpedia,train2020,38272,73ab7d129d6f8011ce1af9795d1d33c6.jpg,5,2,true,2,train,true
fashionpedia,train2020,38280,1ea3071cb4494017bea72b260f442c37.jpg,5,2,true,2,train,true
fashionpedia,train2020,38290,c254ef9214631fb2d28eaace35ccbd40.jpg,5,2,true,2,train,true
fashionpedia,train2020,38305,f4db8a8ab9a1d075b2f3ab35c891ffb7.jpg,5,2,true,1,train,true
fashionpedia,train2020,38316,86b3e97e2573a7572ca90d801ff339df.jpg,5,2,true,1,train,true
fashionpedia,train2020,38317,4d4341ae54fc73e9dedb132cf609bebd.jpg,5,2,true,3,train,true
fashionpedia,train2020,38320,672d0772cb09cf1ec125d8cfb81511fa.jpg,5,2,true,1,train,true
fashionpedia,train2020,38326,7a07519e603b1abf8676ebe58c019103.jpg,5,2,true,4,train,true
fashionpedia,train2020,38329,565c7950edc42114346721e01e24674d.jpg,5,2,true,1,train,true
fashionpedia,train2020,38337,2f0c9ca5a4fc3802579c366c7abc6524.jpg,5,2,true,1,train,true
fashionpedia,train2020,38341,2b3b6c5be044f284b3d9a15032544d59.jpg,5,2,true,1,train,true
fashionpedia,train2020,38350,4ddacb48a6e2089d67425f7ece0e4474.jpg,5,2,true,3,train,true
fashionpedia,train2020,38355,2385c96fe19007b4846fbe9682fff5ba.jpg,5,2,true,1,train,true
fashionpedia,train2020,38360,8b4f4ce2ec90e82ea06cb60914e6524d.jpg,5,2,true,1,train,true
fashionpedia,train2020,38366,24d7fb824e40c7b10cd96208efef4d56.jpg,5,2,true,3,train,true
fashionpedia,train2020,38370,abf789a9de656278ba7c3f2b1eeee974.jpg,5,2,true,2,train,true
fashionpedia,train2020,38375,d960077a1cf70a6546b55bde5a77a399.jpg,5,2,true,1,train,true
fashionpedia,train2020,38378,254df423441634e709b088e631cb01d8.jpg,5,2,true,2,train,true
fashionpedia,train2020,38397,76081c1184cc3c4838fa2bc3df771333.jpg,5,2,true,1,train,true
fashionpedia,train2020,38400,4b0d04194c9a242955dc4e19340bf45a.jpg,5,2,true,2,train,true
fashionpedia,train2020,38402,cbf35d7d68b4b7ac87229f9d9f78a75a.jpg,5,2,true,2,train,true
fashionpedia,train2020,38409,5d1d248ac237f3fb74f6f9cc82494d14.jpg,5,2,true,1,train,true
fashionpedia,train2020,38426,242767a439c5870ed1e9a8f2ab85a174.jpg,5,2,true,1,train,true
fashionpedia,train2020,38431,76f7e2b1cb254228c13225e5fd7874b9.jpg,5,2,true,2,train,true
fashionpedia,train2020,38433,b375fe4349f0eb23b5577fcb7a7e90bd.jpg,5,2,true,1,train,true
fashionpedia,train2020,38442,c5dfbd801ecd1059a7f5c87c108988cc.jpg,5,2,true,2,train,true
fashionpedia,train2020,38443,61f9da8ddec233386811e38bff7e9fa9.jpg,5,2,true,1,train,true
fashionpedia,train2020,38461,b9ce2b2d16efd3091ef622a226a93a9c.jpg,5,2,true,1,train,true
fashionpedia,train2020,38462,dc9c471936cd02064a59ac31de23b026.jpg,5,2,true,1,train,true
fashionpedia,train2020,38467,b7df9d693c3d47af060ca51c753d8c66.jpg,5,2,true,1,train,true
fashionpedia,train2020,38471,34963746eb7bf32466d646bd4890d267.jpg,5,2,true,1,train,true
fashionpedia,train2020,38480,bb27f80a7e934fe2975f5925e311942b.jpg,5,2,true,1,train,true
fashionpedia,train2020,38485,1aede24d2824b6c5e7c6c2a0f8a4cb7b.jpg,5,2,true,2,train,true
fashionpedia,train2020,38496,15b7e2b6109d4a77ee9be96bdef3de48.jpg,5,2,true,1,train,true
fashionpedia,train2020,38506,d68bff9bc623268b12633dc8e243441c.jpg,5,2,true,3,train,true
fashionpedia,train2020,38518,5519c5de23fa9818391724f29cf8e8cd.jpg,5,2,true,1,train,true
fashionpedia,train2020,38523,f14795e46ceaba62afe37984d54a0dab.jpg,5,2,true,1,train,true
fashionpedia,train2020,38534,1e40122263ff0cb21658048bef77256d.jpg,5,2,true,2,train,true
fashionpedia,train2020,38539,1dadfcbd5809d9b2f88424e626004202.jpg,5,2,true,3,train,true
fashionpedia,train2020,38540,15e70a7147aee225b892b20c7afbbf21.jpg,5,2,true,3,train,true
fashionpedia,train2020,38551,77a6dcfc9dc63a263796d1768934c0ed.jpg,5,2,true,1,train,true
fashionpedia,train2020,38555,851f0e31823a6a1d82399014bd706f40.jpg,5,2,true,3,train,true
fashionpedia,train2020,38560,1756f71d10032bd55dd1350e11dcf033.jpg,5,2,true,3,train,true
fashionpedia,train2020,38563,35fc7979b407abbe5a5c8825955a0db9.jpg,5,2,true,1,train,true
fashionpedia,train2020,38569,ddd723a7026a2fd43085f5933c7f9a50.jpg,5,2,true,2,train,true
fashionpedia,train2020,38592,2c525b0d95c3c3b92c8088939d056399.jpg,5,2,true,3,train,true
fashionpedia,train2020,38598,f23c75cc131337c1c22609e34bc39574.jpg,5,2,true,2,train,true
fashionpedia,train2020,38605,6dc17d9effb634502634334a9be22691.jpg,5,2,true,1,train,true
fashionpedia,train2020,38608,4a95fe152b4655bd522011874a8baa30.jpg,5,2,true,1,train,true
fashionpedia,train2020,38610,535030f95c6099bbf42bc6b2837396a4.jpg,5,2,true,3,train,true
fashionpedia,train2020,38620,d7ea32b27db31df7bb3e1ed8a29db2df.jpg,5,2,true,2,train,true
fashionpedia,train2020,38628,001d7807a696231045860eaee97e825b.jpg,5,2,true,3,train,true
fashionpedia,train2020,38629,7c008240d51ca92dd3d970fb7f248889.jpg,5,2,true,1,train,true
fashionpedia,train2020,38641,12857227e153378d85ef21849e64d65b.jpg,5,2,true,2,train,true
fashionpedia,train2020,38644,3c8735f6b45326daf02942d67de36985.jpg,5,2,true,1,train,true
fashionpedia,train2020,38649,a77f57a9d43b98a5fe37a02cf5f2e4a5.jpg,5,2,true,3,train,true
fashionpedia,train2020,38650,ff703a690cbffd20b217626de2e0b441.jpg,5,2,true,2,train,true
fashionpedia,train2020,38662,5e7bbac2225e4dbb8124b8f833423dac.jpg,5,2,true,4,train,true
fashionpedia,train2020,38663,ee7f166afe76b69a2ce6c73b44c7483f.jpg,5,2,true,3,train,true
fashionpedia,train2020,38665,c9acfd4915b3d1da3ddf58f1cf5f190a.jpg,5,2,true,3,train,true
fashionpedia,train2020,38690,be86c7f0fc9f6daaddc6eed3379f4a33.jpg,5,2,true,3,train,true
fashionpedia,train2020,38691,d3e0781412a76a26fad9550dc06fc8a1.jpg,5,2,true,1,train,true
fashionpedia,train2020,38696,6ded716c6314544d9bfed0b8aa867287.jpg,5,2,true,1,train,true
fashionpedia,train2020,38702,06c16c2e04279042ce946a9123d20454.jpg,5,2,true,3,train,true
fashionpedia,train2020,38714,92345f6dd40873a63716eecf95f053bb.jpg,5,2,true,4,train,true
fashionpedia,train2020,38725,10300ab12ccb5cec11855d54008e58aa.jpg,5,2,true,1,train,true
fashionpedia,train2020,38727,cb00e0b2f753c137118889d1e35371db.jpg,5,2,true,2,train,true
fashionpedia,train2020,38728,743f01b5a4196170ed490bc39f2cf229.jpg,5,2,true,3,train,true
fashionpedia,train2020,38739,e1d172ceacee4aeb02b9ec3686267314.jpg,5,2,true,1,train,true
fashionpedia,train2020,38746,0f9dfc12d5c61cce8f99350ed5e286a8.jpg,5,2,true,4,train,true
fashionpedia,train2020,38747,3b5780023814341a919d915decdc0099.jpg,5,2,true,1,train,true
fashionpedia,train2020,38751,7c9f38457cbc8383f8493e10e32a8560.jpg,5,2,true,1,train,true
fashionpedia,train2020,38752,626077acc29a465bf58fcea179a0246b.jpg,5,2,true,2,train,true
fashionpedia,train2020,38764,674aac35a232b5770c64767f544794db.jpg,5,2,true,1,train,true
fashionpedia,train2020,38768,81d6291cbddb144e40975378c36d8a9e.jpg,5,2,true,3,train,true
fashionpedia,train2020,38769,f37dd1cd37f08bdcc5b59ad97da67e57.jpg,5,2,true,1,train,true
fashionpedia,train2020,38781,fdbeaffc52d803c8aca0fd78a4a14b00.jpg,5,2,true,2,train,true
fashionpedia,train2020,38798,de835a158d278b76be5301b6dd87e5e2.jpg,5,2,true,3,train,true
fashionpedia,train2020,38801,c86008a455b9de99a7498f187d63bd56.jpg,5,2,true,1,train,true
fashionpedia,train2020,38803,e1a5352cca786b771874a22265dfd95c.jpg,5,2,true,2,train,true
fashionpedia,train2020,38808,745532f20c634f83b1eeb37757a55b99.jpg,5,2,true,1,train,true
fashionpedia,train2020,38812,38cbe4e7a1d32fc04215f63b6763baa5.jpg,5,2,true,1,train,true
fashionpedia,train2020,38813,010db49ecc226102e63815fcf5627319.jpg,5,2,true,1,train,true
fashionpedia,train2020,38814,96686ad5eb4f97ae1b2a941e19ae4e09.jpg,5,2,true,1,train,true
fashionpedia,train2020,38817,44a083459a3b10080481973c0bae13f1.jpg,5,2,true,1,train,true
fashionpedia,train2020,38819,d941ccc29cd7543ec7a73914a00385c7.jpg,5,2,true,1,train,true
fashionpedia,train2020,38828,785460916b39acde992bb27d1d328273.jpg,5,2,true,2,train,true
fashionpedia,train2020,38834,af293edafa477ec8fa6768ad0b292896.jpg,5,2,true,3,train,true
fashionpedia,train2020,38845,598dccfacab949225237041bf5bc20a3.jpg,5,2,true,1,train,true
fashionpedia,train2020,38846,c4d01c20b9474c78314bc18d23839c7f.jpg,5,2,true,1,train,true
fashionpedia,train2020,38851,2c808cc523edc5aebf913e9a816739db.jpg,5,2,true,1,train,true
fashionpedia,train2020,38862,7714cb7d65dcdf87b5a254bd09dca5b5.jpg,5,2,true,1,train,true
fashionpedia,train2020,38864,1d91902c3ace49317d6c2c0ab4377666.jpg,5,2,true,3,train,true
fashionpedia,train2020,38865,81635a4a4d7c88c561abcde2ee77ea18.jpg,5,2,true,2,train,true
fashionpedia,train2020,38868,353f72f5f1bdc49cfe6567ae0e12f2dc.jpg,5,2,true,1,train,true
fashionpedia,train2020,38874,25e0de6e23c3a901138999f550ff64e2.jpg,5,2,true,2,train,true
fashionpedia,train2020,38880,706fc93745ac363dc3225e2cbf2aa33d.jpg,5,2,true,1,train,true
fashionpedia,train2020,38889,8e46b7cc909933cc7e9508c86e08d483.jpg,5,2,true,1,train,true
fashionpedia,train2020,38890,2bd2bc5377ae52764e26b0f2e1c06681.jpg,5,2,true,3,train,true
fashionpedia,train2020,38891,fc9cf5a88ea9876fcc59758e9a729b9b.jpg,5,2,true,3,train,true
fashionpedia,train2020,38892,d2ea5ee4306a380bc6a02bf91580acf4.jpg,5,2,true,2,train,true
fashionpedia,train2020,38895,993a0723871a879aeafde7bee5398a2e.jpg,5,2,true,1,train,true
fashionpedia,train2020,38896,7c07ebaddd7f42ee0697900d89d3432e.jpg,5,2,true,1,train,true
fashionpedia,train2020,38899,7e699a96e9927325b62027b3e844909b.jpg,5,2,true,1,train,true
fashionpedia,train2020,38902,82be2160aa4ce9adc3f9db8d3f65df71.jpg,5,2,true,1,train,true
fashionpedia,train2020,38906,5448a62a89674794f4ce487a66be7cf6.jpg,5,2,true,1,train,true
fashionpedia,train2020,38907,f76996fe0311e633e6bed7504e3c2d4b.jpg,5,2,true,1,train,true
fashionpedia,train2020,38920,c2626746a20c9ec4d65720c1c4548924.jpg,5,2,true,2,train,true
fashionpedia,train2020,38923,92b4cff4d6bc944738c49be9e19ea386.jpg,5,2,true,1,train,true
fashionpedia,train2020,38928,78e6643328a8294d06bf5180d1893859.jpg,5,2,true,3,train,true
fashionpedia,train2020,38932,5fcd2f561035be0aaeca593b31477003.jpg,5,2,true,3,train,true
fashionpedia,train2020,38935,b53bbdb6698bf1c2c45b95150df91f8b.jpg,5,2,true,4,train,true
fashionpedia,train2020,38956,736e6508d6c01cc05f94a913578d06ef.jpg,5,2,true,1,train,true
fashionpedia,train2020,38960,f3c67062c6ed59c6af9721069c62ca29.jpg,5,2,true,1,train,true
fashionpedia,train2020,38965,72e78c5a0e7ebbc4763470bdd6dfa9ca.jpg,5,2,true,1,train,true
fashionpedia,train2020,38971,c6a81ececb30f41bd2bf3520c2617683.jpg,5,2,true,3,train,true
fashionpedia,train2020,38976,96f70253e5ea2605de0b8c9fc45f81e4.jpg,5,2,true,1,train,true
fashionpedia,train2020,38977,829c3829fa4a52e6c5330902fcdf0609.jpg,5,2,true,4,train,true
fashionpedia,train2020,38979,2c86bcfe601b4803c69d3eecb1011c2a.jpg,5,2,true,4,train,true
fashionpedia,train2020,38981,dbf8fe3f25f38f281314768a1d77b7a1.jpg,5,2,true,1,train,true
fashionpedia,train2020,38982,9e61926bddbdb10b702f0522e19a4188.jpg,5,2,true,3,train,true
fashionpedia,train2020,38983,e48d52de2e248afffbc469e24b1c18da.jpg,5,2,true,1,train,true
fashionpedia,train2020,38985,6ea1450d5402ce0bd2cddc130b03733d.jpg,5,2,true,1,train,true
fashionpedia,train2020,38986,5ce12a5e54996f84984dd50c66b3a266.jpg,5,2,true,3,train,true
fashionpedia,train2020,38987,8f3100f060357f0b89085d2a1f55c4eb.jpg,5,2,true,3,train,true
fashionpedia,train2020,38988,37ca103bd9d6c3f30e1d84fa74761c96.jpg,5,2,true,3,train,true
fashionpedia,train2020,38989,8a813a52cb9ae30705751065d7c2a712.jpg,5,2,true,3,train,true
fashionpedia,train2020,38991,f8856cf1b3bd39861cb9f95337cd0992.jpg,5,2,true,3,train,true
fashionpedia,train2020,38997,4d46006e76fdad5ab92b7af3d0db5a27.jpg,5,2,true,1,train,true
fashionpedia,train2020,38998,6dcfd1bd3fb2625931c7d3a7f37cc41b.jpg,5,2,true,1,train,true
fashionpedia,train2020,39008,b741701ee78fbde4ddc51dc896518264.jpg,5,2,true,1,train,true
fashionpedia,train2020,39009,b07f321a1747c7c984df867769e2a444.jpg,5,2,true,2,train,true
fashionpedia,train2020,39010,5ee4f280f9337d2ccd7b7226c7fb7c1a.jpg,5,2,true,3,train,true
fashionpedia,train2020,39020,cde4894dea06aa4d5de11d9465182657.jpg,5,2,true,3,train,true
fashionpedia,train2020,39025,57a3ae16c27450776534db946e618e50.jpg,5,2,true,2,train,true
fashionpedia,train2020,39032,c2d83bcf05eee89545856d09f8f70a65.jpg,5,2,true,3,train,true
fashionpedia,train2020,39037,f7d2ff9797772658a53abaad0494f9a9.jpg,5,2,true,1,train,true
fashionpedia,train2020,39038,ebf32845d4901e4e71ef5a4594256b98.jpg,5,2,true,3,train,true
fashionpedia,train2020,39039,6437168e2356c5a3267a68b71708f7ef.jpg,5,2,true,2,train,true
fashionpedia,train2020,39042,0338530ca518db2d680f76f5cbe7f0c8.jpg,5,2,true,3,train,true
fashionpedia,train2020,39047,5013d6282edd6e0ff36bcfa86790c554.jpg,5,2,true,1,train,true
fashionpedia,train2020,39052,506af0f7514bf57e8f3ad0c1d57321e8.jpg,5,2,true,1,train,true
fashionpedia,train2020,39054,8017bb81fae3ceace53e0d92374a370a.jpg,5,2,true,2,train,true
fashionpedia,train2020,39061,dd6d754d01da93bc208e268fe85414b2.jpg,5,2,true,1,train,true
fashionpedia,train2020,39062,a51386c99d81279142d86bfda7ac68df.jpg,5,2,true,3,train,true
fashionpedia,train2020,39071,91666b3bb28f3ade6a18b8aecc816cac.jpg,5,2,true,2,train,true
fashionpedia,train2020,39078,33fd8b1ae18793ec8e36c7c7c86a889d.jpg,5,2,true,1,train,true
fashionpedia,train2020,39090,d961256e1dbe407c82570fe518257b20.jpg,5,2,true,4,train,true
fashionpedia,train2020,39100,a303e2b277086d4648eb5ad89be8acd6.jpg,5,2,true,4,train,true
fashionpedia,train2020,39103,134fcc70b1df261e5cce1388675fad16.jpg,5,2,true,2,train,true
fashionpedia,train2020,39106,9e599c4412fb1ef922740a6ebdbfe4a3.jpg,5,2,true,1,train,true
fashionpedia,train2020,39107,a9a1aba256def33ed2a1c6a929102ae2.jpg,5,2,true,1,train,true
fashionpedia,train2020,39108,6c5a18f9834e07df1618f760ec6db6db.jpg,5,2,true,1,train,true
fashionpedia,train2020,39110,122f879efbb349c3587371f16497c752.jpg,5,2,true,3,train,true
fashionpedia,train2020,39115,e3839fd7e6fce8695a54d4691cc2a048.jpg,5,2,true,1,train,true
fashionpedia,train2020,39118,06fe85de21ce78cb154450df90718d6b.jpg,5,2,true,3,train,true
fashionpedia,train2020,39121,a650c88fe4164e57922199ce518e4a0b.jpg,5,2,true,1,train,true
fashionpedia,train2020,39122,9e776bd6d408096030e932743e1e2c64.jpg,5,2,true,1,train,true
fashionpedia,train2020,39124,3463f1110493bbd53036447decfb1634.jpg,5,2,true,3,train,true
fashionpedia,train2020,39129,02666b66d2419c9f004143c7a4299dcf.jpg,5,2,true,1,train,true
fashionpedia,train2020,39131,106ec72949d5e5dc0344ed57540af06c.jpg,5,2,true,3,train,true
fashionpedia,train2020,39136,beaa48f9652c3ce42df46910ce8788d4.jpg,5,2,true,3,train,true
fashionpedia,train2020,39150,9a9310cf0b3e4418107c17543ff2a202.jpg,5,2,true,3,train,true
fashionpedia,train2020,39153,b04d4eb98e30a45c4b09c7ef3f976ee9.jpg,5,2,true,1,train,true
fashionpedia,train2020,39154,be893970c1acbe4603927326a580fa55.jpg,5,2,true,2,train,true
fashionpedia,train2020,39156,a5fa757683fc4dc1e088573df9551136.jpg,5,2,true,2,train,true
fashionpedia,train2020,39158,2ed68500d0467dfada0ea88da8276c07.jpg,5,2,true,2,train,true
fashionpedia,train2020,39160,878401dccb59883e4c84dcc6a4663395.jpg,5,2,true,3,train,true
fashionpedia,train2020,39162,d9d95bac6f0ff1e09630e9ccc70389a2.jpg,5,2,true,1,train,true
fashionpedia,train2020,39171,56c657f7c63642491b28e0f0efb252ce.jpg,5,2,true,2,train,true
fashionpedia,train2020,39175,92c476ac2ea667a575f4e506241f7cda.jpg,5,2,true,3,train,true
fashionpedia,train2020,39180,41e06375dcc42163a2fbc1da6e88cca9.jpg,5,2,true,3,train,true
fashionpedia,train2020,39181,49f38f95e321da8f6959c83bbe1ef207.jpg,5,2,true,2,train,true
fashionpedia,train2020,39182,e45a8b3ade4998b67612ab832f37d834.jpg,5,2,true,3,train,true
fashionpedia,train2020,39183,4c58ac620b28136f26679676026bdd80.jpg,5,2,true,1,train,true
fashionpedia,train2020,39185,2a6f2c3b73d24da7b16503def8b7efb8.jpg,5,2,true,2,train,true
fashionpedia,train2020,39186,f72146e289c37bc1cb2fa6135df15547.jpg,5,2,true,1,train,true
fashionpedia,train2020,39189,299bbac8161cdc965f134c9163488051.jpg,5,2,true,2,train,true
fashionpedia,train2020,39192,751ca9bba83407e27bd25aa5930591dc.jpg,5,2,true,3,train,true
fashionpedia,train2020,39193,d7231c943ed4b2ba5dfe688e78bb56aa.jpg,5,2,true,1,train,true
fashionpedia,train2020,39194,2aa160207df1892bfce8b7d5e20c2814.jpg,5,2,true,3,train,true
fashionpedia,train2020,39196,adc50b733430b71d201b79f9284312a5.jpg,5,2,true,3,train,true
fashionpedia,train2020,39197,dee580ebfd38889510593df619bbe9b8.jpg,5,2,true,4,train,true
fashionpedia,train2020,39212,324e0a8dcb4d74e5c5b4fdb1d1e13959.jpg,5,2,true,1,train,true
fashionpedia,train2020,39216,07cf3870edb5c2a1879f13007888f878.jpg,5,2,true,3,train,true
fashionpedia,train2020,39224,ce28ca8e920281ad76db3da169300885.jpg,5,2,true,1,train,true
fashionpedia,train2020,39232,cae7f307b4836f71a013677f44ee4148.jpg,5,2,true,2,train,true
fashionpedia,train2020,39237,40e848ff191e970acb96386e6ce2f5b8.jpg,5,2,true,1,train,true
fashionpedia,train2020,39240,473b48cfb6814558940a688063aaf402.jpg,5,2,true,3,train,true
fashionpedia,train2020,39241,5238d1b653d99d7c4212914a3baf820e.jpg,5,2,true,1,train,true
fashionpedia,train2020,39248,ca9cc6c2b72a0a21be010019438de00e.jpg,5,2,true,3,train,true
fashionpedia,train2020,39249,1d7900647cf935a6ba38264bf7eb4d2b.jpg,5,2,true,2,train,true
fashionpedia,train2020,39255,d757b904d01404c68e7ca5453c10a2b6.jpg,5,2,true,2,train,true
fashionpedia,train2020,39259,75c29707b476affc019e47e8ae582ee9.jpg,5,2,true,2,train,true
fashionpedia,train2020,39272,9898694a564cf532b26c701336e2b6ed.jpg,5,2,true,1,train,true
fashionpedia,train2020,39282,bea30ec9e40778981b0285d00d92926e.jpg,5,2,true,1,train,true
fashionpedia,train2020,39285,5e3b3b73630b303de327061e33a77a5c.jpg,5,2,true,3,train,true
fashionpedia,train2020,39294,0fd21b1a7128f4f93d9179b7b1e9df98.jpg,5,2,true,2,train,true
fashionpedia,train2020,39295,ff349939e98daf578eeb2d0480bf62db.jpg,5,2,true,4,train,true
fashionpedia,train2020,39303,327449a6d28ac670f005d711454c5ff8.jpg,5,2,true,2,train,true
fashionpedia,train2020,39310,b2a7530c3a3da104ea07f3e78bc514aa.jpg,5,2,true,2,train,true
fashionpedia,train2020,39319,4cdf072ad509eadaffaa82fff9ae0613.jpg,5,2,true,1,train,true
fashionpedia,train2020,39323,3d16538d9f2c5870aef007a291663056.jpg,5,2,true,3,train,true
fashionpedia,train2020,39324,80dc23c719fdaf362561c0382884f39c.jpg,5,2,true,3,train,true
fashionpedia,train2020,39326,47691095aa23c5dac0f6706bee280c0b.jpg,5,2,true,1,train,true
fashionpedia,train2020,39328,fd71396788725bb988c9cd3689fcde68.jpg,5,2,true,4,train,true
fashionpedia,train2020,39339,37201d4e6a475f2c5c93da95a5d00cc6.jpg,5,2,true,1,train,true
fashionpedia,train2020,39343,caf4447cc4519d7454d540e952ea32cc.jpg,5,2,true,3,train,true
fashionpedia,train2020,39344,6796c287610c133e67448a230e72f4f1.jpg,5,2,true,3,train,true
fashionpedia,train2020,39349,7882bd00ff9de96f27461e992b88ac16.jpg,5,2,true,3,train,true
fashionpedia,train2020,39355,c29a99578b9c2fb5faae6d0170333181.jpg,5,2,true,2,train,true
fashionpedia,train2020,39360,b2187ed23e560cec5ae4db300723af15.jpg,5,2,true,1,train,true
fashionpedia,train2020,39371,8cd67ef18e3b80ec9f0eaf4104a4b1dd.jpg,5,2,true,2,train,true
fashionpedia,train2020,39377,2e4c579010df78d8a454dafc5221cb05.jpg,5,2,true,1,train,true
fashionpedia,train2020,39383,978793d8ffef309778e4c4a33ba24cca.jpg,5,2,true,5,train,true
fashionpedia,train2020,39398,8357276d4d66d27209b67e9da2c033e4.jpg,5,2,true,3,train,true
fashionpedia,train2020,39409,304abba8c99d01ef935d7baec123a212.jpg,5,2,true,2,train,true
fashionpedia,train2020,39411,7b8940d4a1c4016158fcd8a3e5b193a5.jpg,5,2,true,2,train,true
fashionpedia,train2020,39416,7bf8f9cf79727f95b8502cd24066b4c2.jpg,5,2,true,2,train,true
fashionpedia,train2020,39427,1bfd3ac54fafb12b8b265ed2fa2a3304.jpg,5,2,true,1,train,true
fashionpedia,train2020,39431,88dcaa5bd5badadc0730b6ce2062c544.jpg,5,2,true,1,train,true
fashionpedia,train2020,39436,862c283c6cb685168b22a3e540f1d234.jpg,5,2,true,2,train,true
fashionpedia,train2020,39441,0629ee3a37cda99779abe8b0bcc8d0ad.jpg,5,2,true,3,train,true
fashionpedia,train2020,39446,f575ba4ac1809152aba41c9b0d8891c9.jpg,5,2,true,3,train,true
fashionpedia,train2020,39451,21692968b84daf012fb430983065fd56.jpg,5,2,true,4,train,true
fashionpedia,train2020,39459,3fd4b0d6e6f38f205a71403edb1c5a29.jpg,5,2,true,2,train,true
fashionpedia,train2020,39468,1346daf7f6cee762c90ead2532140514.jpg,5,2,true,1,train,true
fashionpedia,train2020,39495,c3401acde6f74ced52a80f6cd610cbe5.jpg,5,2,true,2,train,true
fashionpedia,train2020,39497,af211d9f824b68b739eb8212620e6010.jpg,5,2,true,1,train,true
fashionpedia,train2020,39500,93827c8cf6469c4842f2d5cf198ba0af.jpg,5,2,true,2,train,true
fashionpedia,train2020,39504,20fc1ee352e1d50e03b3fe543bb84882.jpg,5,2,true,2,train,true
fashionpedia,train2020,39506,e379c3894c9074ca926e30559479862d.jpg,5,2,true,1,train,true
fashionpedia,train2020,39507,600fc127f6e6583900c9406529dbc392.jpg,5,2,true,2,train,true
fashionpedia,train2020,39511,7f4fff801a907e2cfec000e940d9e29f.jpg,5,2,true,4,train,true
fashionpedia,train2020,39513,b9618037ec7cd0d299e3f1b69bb2175e.jpg,5,2,true,1,train,true
fashionpedia,train2020,39521,61859ca0ee1440ab49b8754abdca245d.jpg,5,2,true,2,train,true
fashionpedia,train2020,39522,8265dcec0b304b31177b2c57adb84f1b.jpg,5,2,true,3,train,true
fashionpedia,train2020,39526,70460814577a7fe0cd1278eb90744704.jpg,5,2,true,3,train,true
fashionpedia,train2020,39532,01683214a5a4013cb1777c62160a4530.jpg,5,2,true,2,train,true
fashionpedia,train2020,39539,02822181f94b2250a47afa33fcc71941.jpg,5,2,true,1,train,true
fashionpedia,train2020,39544,885cf868b2466e7072ba89c5373acb67.jpg,5,2,true,1,train,true
fashionpedia,train2020,39545,d09281c1fd3bd487a99bf8838b5df074.jpg,5,2,true,1,train,true
fashionpedia,train2020,39546,b1fe9a3f11024df5250c58f6b3aeea30.jpg,5,2,true,1,train,true
fashionpedia,train2020,39550,2887a72b50238b72394fbbd1fa49b3df.jpg,5,2,true,3,train,true
fashionpedia,train2020,39552,0e59bac2b7f5c9e88e6a19111aef9dd5.jpg,5,2,true,1,train,true
fashionpedia,train2020,39556,d6a01738bb1e335d8ec5c0ac35b2ca31.jpg,5,2,true,2,train,true
fashionpedia,train2020,39558,33cd5022bf9087480bc5dd026a977650.jpg,5,2,true,1,train,true
fashionpedia,train2020,39561,24f53279facada7b3de43e17e99d2012.jpg,5,2,true,2,train,true
fashionpedia,train2020,39563,5e7831fae6749dedded4015545d070d4.jpg,5,2,true,1,train,true
fashionpedia,train2020,39570,f26ba89689e8311b326bfe8dd6c8559a.jpg,5,2,true,1,train,true
fashionpedia,train2020,39575,31990be57d2a5f4d5ade0848fa7e448e.jpg,5,2,true,1,train,true
fashionpedia,train2020,39585,0426c4b4fcc532ab8f69cac6b5684e02.jpg,5,2,true,3,train,true
fashionpedia,train2020,39591,7313f1ab7162129c6e3fb7b6ce2d02da.jpg,5,2,true,1,train,true
fashionpedia,train2020,39592,3ae91ab8e4f65099caece7f43ef22bbe.jpg,5,2,true,1,train,true
fashionpedia,train2020,39596,a9cc53b4c1a814d548acb850d8f72431.jpg,5,2,true,2,train,true
fashionpedia,train2020,39599,37d7833363e422823164be2e67f6085f.jpg,5,2,true,2,train,true
fashionpedia,train2020,39600,a67a21784592e094221fa3a0306cf66c.jpg,5,2,true,1,train,true
fashionpedia,train2020,39604,f67f5ab4dd0c69506f1fea61c4fa2921.jpg,5,2,true,2,train,true
fashionpedia,train2020,39605,cdf37d3050f8f5e0612354d1e5480a4e.jpg,5,2,true,1,train,true
fashionpedia,train2020,39609,73c53ec7890b4a92890d2dcdb29f12ae.jpg,5,2,true,2,train,true
fashionpedia,train2020,39610,d52cba769bc2f075cfa7c928d260c568.jpg,5,2,true,1,train,true
fashionpedia,train2020,39611,96a01e0938e743d0f5004f106f55d34c.jpg,5,2,true,4,train,true
fashionpedia,train2020,39613,41eb9e4aa8ecb4a77046795ceb22c629.jpg,5,2,true,3,train,true
fashionpedia,train2020,39621,962aa746e63c8bccf8cfe4e95f64d652.jpg,5,2,true,1,train,true
fashionpedia,train2020,39623,2f5da957c9641a975d0383183db50e09.jpg,5,2,true,1,train,true
fashionpedia,train2020,39638,d073ceeba8db9fdafd71b1b1ab2bcf83.jpg,5,2,true,1,train,true
fashionpedia,train2020,39640,6c790a1a93ee534804948e7702ca39ba.jpg,5,2,true,2,train,true
fashionpedia,train2020,39645,dfd6220ef668a8f1fa5fa655b66f1a9a.jpg,5,2,true,2,train,true
fashionpedia,train2020,39647,7ba38901738f221cfca7fcbdf7710b89.jpg,5,2,true,3,train,true
fashionpedia,train2020,39665,c971fb9bf02a861ba1b4496279ce40b7.jpg,5,2,true,2,train,true
fashionpedia,train2020,39667,d56aedb95a4f7cd1c26ca16de2cbe71a.jpg,5,2,true,3,train,true
fashionpedia,train2020,39677,d4353aaa47eaeb72c750f2afcb50080b.jpg,5,2,true,1,train,true
fashionpedia,train2020,39678,3f4f33f00740ef6503bf368fb4cebfcd.jpg,5,2,true,2,train,true
fashionpedia,train2020,39682,9cd6b4e33dc85a4e235175a070e8b682.jpg,5,2,true,1,train,true
fashionpedia,train2020,39683,ba5594678709c78618204ef898413e29.jpg,5,2,true,1,train,true
fashionpedia,train2020,39699,6ed327c4477eb8da136836686b48eaa2.jpg,5,2,true,1,train,true
fashionpedia,train2020,39700,1ade5c1be6cadf06a23e401e1a7c5185.jpg,5,2,true,1,train,true
fashionpedia,train2020,39704,0266c5a97b98873303862929e880208c.jpg,5,2,true,4,train,true
fashionpedia,train2020,39715,0ed35d609152b8daa0b355295721ca0b.jpg,5,2,true,1,train,true
fashionpedia,train2020,39730,6777a55ac142f16699de0bf0df4f7e6b.jpg,5,2,true,2,train,true
fashionpedia,train2020,39734,78abce4066247c09a4b830a2f3510458.jpg,5,2,true,3,train,true
fashionpedia,train2020,39737,269727408890ebef6769d91887256c8b.jpg,5,2,true,3,train,true
fashionpedia,train2020,39740,effcc6d39d2212b350ec0288517eb5b8.jpg,5,2,true,2,train,true
fashionpedia,train2020,39741,cff8965e539dae1a50e08f869454a146.jpg,5,2,true,1,train,true
fashionpedia,train2020,39753,a12b8d095429fc567fb084069735404b.jpg,5,2,true,2,train,true
fashionpedia,train2020,39761,f4603cfad69c08d4b32548714499e9d6.jpg,5,2,true,1,train,true
fashionpedia,train2020,39764,5de754136785169fa3fa6e677867eb34.jpg,5,2,true,1,train,true
fashionpedia,train2020,39767,10f26925a840b8f77199ddf501e55f2c.jpg,5,2,true,2,train,true
fashionpedia,train2020,39770,fef64659ba57f49eda3e670cae530af7.jpg,5,2,true,1,train,true
fashionpedia,train2020,39774,349f8103347306b73e59cd2e4ddf3bba.jpg,5,2,true,1,train,true
fashionpedia,train2020,39790,2cb6c571ac4ef49eaabfa8d82fab7858.jpg,5,2,true,1,train,true
fashionpedia,train2020,39793,c485ba37b69da81d749bb5a1682e0780.jpg,5,2,true,1,train,true
fashionpedia,train2020,39796,d8229a357a98d6a7dc2a9502ff11077c.jpg,5,2,true,1,train,true
fashionpedia,train2020,39799,0babfde1cabaa7f285a29d301585da8f.jpg,5,2,true,2,train,true
fashionpedia,train2020,39800,a26fcbb98885cf24e71e04022613d9b4.jpg,5,2,true,3,train,true
fashionpedia,train2020,39804,77cc129e9ebbdbcdca2c1d7f3bdec876.jpg,5,2,true,3,train,true
fashionpedia,train2020,39813,74dbd5cf3c6d17eaef817b8cb075c3e5.jpg,5,2,true,3,train,true
fashionpedia,train2020,39821,7b0ee7ff40e3f01e3bad95217477bd41.jpg,5,2,true,1,train,true
fashionpedia,train2020,39828,715edaa63600d811aad2955f4f7771e3.jpg,5,2,true,5,train,true
fashionpedia,train2020,39830,fcc85a1bce108ef03f98c80af95e68e9.jpg,5,2,true,2,train,true
fashionpedia,train2020,39838,381b56f1813fee1f422fe11714ff4bad.jpg,5,2,true,1,train,true
fashionpedia,train2020,39844,c9dd159f72dc64c1bf3e9e8b9e64d72d.jpg,5,2,true,3,train,true
fashionpedia,train2020,39847,6ed6056a553836b561b9a904ada37dce.jpg,5,2,true,1,train,true
fashionpedia,train2020,39851,077cf1b775d9c5dee7f02fa7f1090687.jpg,5,2,true,4,train,true
fashionpedia,train2020,39852,e5a85919f6136760d35704fc06f943d0.jpg,5,2,true,2,train,true
fashionpedia,train2020,39853,809fcbef4d3339f750450f909ae5b24e.jpg,5,2,true,1,train,true
fashionpedia,train2020,39860,5928aeae73eddea9226b1f587f36e71e.jpg,5,2,true,3,train,true
fashionpedia,train2020,39862,37efd8b52f72763c603f92ce1600037a.jpg,5,2,true,1,train,true
fashionpedia,train2020,39863,99e2da6e19732367bb65a18a731f0baa.jpg,5,2,true,1,train,true
fashionpedia,train2020,39867,a3f05e302fc62aecb8ff3737deaab05e.jpg,5,2,true,2,train,true
fashionpedia,train2020,39872,7acb34cc808e32e453b18c9512ce79f4.jpg,5,2,true,1,train,true
fashionpedia,train2020,39878,ae4f60411274f9dec693eedd1eeb495d.jpg,5,2,true,1,train,true
fashionpedia,train2020,39881,b7c93e455ce509a75184616794a79633.jpg,5,2,true,2,train,true
fashionpedia,train2020,39884,154d13c58174bf0b4ce1a2cdc44975f4.jpg,5,2,true,2,train,true
fashionpedia,train2020,39892,bc1be9bfd4df98c780b730001ad86fe4.jpg,5,2,true,1,train,true
fashionpedia,train2020,39895,bd44999128a164e9e881ebfa4a26f626.jpg,5,2,true,1,train,true
fashionpedia,train2020,39908,56e63c5d27b5ee7e4b9c06626d7696ab.jpg,5,2,true,2,train,true
fashionpedia,train2020,39915,d39b8f238e6f4b9ff65293db31ed5a8d.jpg,5,2,true,3,train,true
fashionpedia,train2020,39918,d9f5cb4dec022556338eb6aa72002b33.jpg,5,2,true,4,train,true
fashionpedia,train2020,39922,a5aa013ce0ca7cd118a7e8bbb51ab810.jpg,5,2,true,1,train,true
fashionpedia,train2020,39927,ed2d29d41ceaf0486fecfde92200be86.jpg,5,2,true,2,train,true
fashionpedia,train2020,39933,70319e324c53529b491afd90749fba29.jpg,5,2,true,4,train,true
fashionpedia,train2020,39938,03d226bcdf81e9b6accf8e78487d4c30.jpg,5,2,true,3,train,true
fashionpedia,train2020,39942,77c3e8a0a9b89db56d42dd4b81ca2c10.jpg,5,2,true,2,train,true
fashionpedia,train2020,39943,2b62797706d91e2eee32ba0e00b214b7.jpg,5,2,true,2,train,true
fashionpedia,train2020,39952,aed4095741e6019a525944d505bd8198.jpg,5,2,true,1,train,true
fashionpedia,train2020,39955,e871f53b7f3e675a7dbea8f59de758e2.jpg,5,2,true,1,train,true
fashionpedia,train2020,39960,8db9852a4e6ef36f2786ad711c69c195.jpg,5,2,true,3,train,true
fashionpedia,train2020,39961,ad5d65f54498631d4ebbf2b11d3a5494.jpg,5,2,true,1,train,true
fashionpedia,train2020,39968,26e84b9125df3fa78b6a6a958f9ad2ae.jpg,5,2,true,1,train,true
fashionpedia,train2020,39971,1dea88063e8c68c56cf5a3960d54aca0.jpg,5,2,true,2,train,true
fashionpedia,train2020,39975,8c055b5de9faa380724e65bcfb84fa60.jpg,5,2,true,2,train,true
fashionpedia,train2020,39976,bc93c10c977a2d666293e98e211fb5fc.jpg,5,2,true,2,train,true
fashionpedia,train2020,39989,3b3bb8a2dd44ec4f94c231a7eee33a71.jpg,5,2,true,2,train,true
fashionpedia,train2020,39993,a148f9905b7ef02f34d8b247a8f7dbda.jpg,5,2,true,4,train,true
fashionpedia,train2020,39996,d819b40412ba463ff8b001307fd92daa.jpg,5,2,true,3,train,true
fashionpedia,train2020,39998,b74783905c4bfbf9c5dcb18b63c27b8d.jpg,5,2,true,1,train,true
fashionpedia,train2020,40009,57b855e36d4757a0cd1db2549699335f.jpg,5,2,true,2,train,true
fashionpedia,train2020,40011,7bf82125ca3cd9235a7dc8d0969b01a1.jpg,5,2,true,2,train,true
fashionpedia,train2020,40012,60bb415ffcfe91fe9bc616d699f533e2.jpg,5,2,true,4,train,true
fashionpedia,train2020,40017,4c02a4226cf17e9e7e04aa649c1705cf.jpg,5,2,true,1,train,true
fashionpedia,train2020,40020,6a68c2caf1e2469ad1ce760e9b4a6ec5.jpg,5,2,true,2,train,true
fashionpedia,train2020,40031,9db6dc5d3a9dacf0dcf9aa3abe13819e.jpg,5,2,true,1,train,true
fashionpedia,train2020,40036,5b5c9ccd1a913406312ce1870637f761.jpg,5,2,true,1,train,true
fashionpedia,train2020,40037,b01be0b553b17e6b4fb4b9fb8610043b.jpg,5,2,true,3,train,true
fashionpedia,train2020,40038,9279f5f7f4978083bbe35e17f3472eb6.jpg,5,2,true,2,train,true
fashionpedia,train2020,40041,4fb9641796826f929ba07d849e901ac9.jpg,5,2,true,1,train,true
fashionpedia,train2020,40043,775b303fb28bf3bd7cac29ae410cb86f.jpg,5,2,true,2,train,true
fashionpedia,train2020,40057,c466f5cd28191a2d596c3598e4680f7e.jpg,5,2,true,1,train,true
fashionpedia,train2020,40067,14a0cbaa22b77f80f2ac521c77ca36c4.jpg,5,2,true,2,train,true
fashionpedia,train2020,40074,4df58656c396889362c4ec00efe5f4fb.jpg,5,2,true,1,train,true
fashionpedia,train2020,40087,78b71c578ed3d810ddc3e3dcff88ecc5.jpg,5,2,true,1,train,true
fashionpedia,train2020,40091,b96cc19edc75f71ffabd42ae6966bdc6.jpg,5,2,true,3,train,true
fashionpedia,train2020,40095,b02deba15b7adaca23a144636ac6688b.jpg,5,2,true,2,train,true
fashionpedia,train2020,40096,0e3f339fbe708350be1b0c08a3e05ea9.jpg,5,2,true,4,train,true
fashionpedia,train2020,40102,17fe96906f83d3588311f6f625fce5f5.jpg,5,2,true,1,train,true
fashionpedia,train2020,40113,41b12b7cce4dd21450910b8a592752b5.jpg,5,2,true,1,train,true
fashionpedia,train2020,40114,a6ebfc953d568df6f1716913f0f026ff.jpg,5,2,true,1,train,true
fashionpedia,train2020,40115,0b35540003db0256e0c73149bc746ca2.jpg,5,2,true,2,train,true
fashionpedia,train2020,40120,23d29404ba8b9022f6459da979bc779a.jpg,5,2,true,2,train,true
fashionpedia,train2020,40136,a86365835a9b64a097ed05555f927bc0.jpg,5,2,true,3,train,true
fashionpedia,train2020,40138,95ced36792856bd89fd4e5adae3353b8.jpg,5,2,true,3,train,true
fashionpedia,train2020,40142,992f36757f547179fb884bb87e611056.jpg,5,2,true,3,train,true
fashionpedia,train2020,40143,7394071c1cc86f650f41df5a888ef4c4.jpg,5,2,true,3,train,true
fashionpedia,train2020,40150,2dd41a86f6f73bcd473a945e8f603d5f.jpg,5,2,true,3,train,true
fashionpedia,train2020,40152,d0996b8e950ee9af62fd38c1d426fba1.jpg,5,2,true,1,train,true
fashionpedia,train2020,40165,92992f074e93ef75b64927fdfc110e0d.jpg,5,2,true,1,train,true
fashionpedia,train2020,40169,9b933e9987a3c45be9420e5c292dae06.jpg,5,2,true,2,train,true
fashionpedia,train2020,40172,d6c1b3525ce7f0528b7e2c7e9407d8bd.jpg,5,2,true,2,train,true
fashionpedia,train2020,40185,6a3e696f4d27734edaf7938b5be662fe.jpg,5,2,true,1,train,true
fashionpedia,train2020,40189,c3b9cdfb3e9cb4339ddc3e67f78d8535.jpg,5,2,true,1,train,true
fashionpedia,train2020,40196,861bfebd0e813621361b35b1039e298d.jpg,5,2,true,3,train,true
fashionpedia,train2020,40199,d8f48dc4fd335593d947a678a6888f8f.jpg,5,2,true,1,train,true
fashionpedia,train2020,40228,062a2a916db7dc0332dd06f7259afa09.jpg,5,2,true,2,train,true
fashionpedia,train2020,40229,02dcbd23f80fb3d8f7f930e29de3e329.jpg,5,2,true,1,train,true
fashionpedia,train2020,40251,e5cacf070f479da8fef47bf4ae6a6ff6.jpg,5,2,true,1,train,true
fashionpedia,train2020,40254,eac101d3bcabb4563031c93d3a2c3f3c.jpg,5,2,true,2,train,true
fashionpedia,train2020,40258,6fb3920bd5bcc68a9e075c25f15702bc.jpg,5,2,true,3,train,true
fashionpedia,train2020,40259,0e660ab97365a589fdabe3b7a4cc4d67.jpg,5,2,true,1,train,true
fashionpedia,train2020,40269,5c0b30ae3aafff771e8e938a85fdad40.jpg,5,2,true,1,train,true
fashionpedia,train2020,40274,252e1c19fdb80a5724bc2788c2c57732.jpg,5,2,true,3,train,true
fashionpedia,train2020,40277,a18c8a224e2fa44252195a18ee287deb.jpg,5,2,true,1,train,true
fashionpedia,train2020,40283,ecad4bbc85ea10d6ff4d297a413dc0b7.jpg,5,2,true,1,train,true
fashionpedia,train2020,40297,8fec8cd3941d886e2a7dad11a18e62fd.jpg,5,2,true,1,train,true
fashionpedia,train2020,40298,9b07b449816d30210ac74d1a2be67e48.jpg,5,2,true,1,train,true
fashionpedia,train2020,40299,836f6932917b85ab6248e84ed2234d3f.jpg,5,2,true,1,train,true
fashionpedia,train2020,40300,7e94ef203a00e6c5c3689195877a2e9b.jpg,5,2,true,1,train,true
fashionpedia,train2020,40304,c460d647d77e7bcb3a7cf35fa4012a6f.jpg,5,2,true,1,train,true
fashionpedia,train2020,40313,28bd44ac93e549e1ac22db5d4870fc3f.jpg,5,2,true,1,train,true
fashionpedia,train2020,40316,66a259a48310f9f92f90df513107f6a6.jpg,5,2,true,1,train,true
fashionpedia,train2020,40322,565d2031ea14228235c10de9cef8578d.jpg,5,2,true,2,train,true
fashionpedia,train2020,40336,0b7ddd7e911276fb2cf9e90010d67bb7.jpg,5,2,true,1,train,true
fashionpedia,train2020,40341,1286a4cb7597b4e28c933faab765f9c9.jpg,5,2,true,2,train,true
fashionpedia,train2020,40345,5d1846ebbbef999ddba5efedb95fde86.jpg,5,2,true,2,train,true
fashionpedia,train2020,40355,13e852827ae015a9b880539b49fc3e61.jpg,5,2,true,1,train,true
fashionpedia,train2020,40366,25564f5f6cbf0fa8a6f323f515028c4f.jpg,5,2,true,3,train,true
fashionpedia,train2020,40373,cae1fcae5944b6f73c00649634c8f6c3.jpg,5,2,true,1,train,true
fashionpedia,train2020,40374,9e1fa7b31b757f8b6ede3db7a5473c7d.jpg,5,2,true,1,train,true
fashionpedia,train2020,40382,41fc27a8637b20ed672c07297aa8e06c.jpg,5,2,true,1,train,true
fashionpedia,train2020,40385,a05479b03c38cc3e00f851076a27aa3c.jpg,5,2,true,2,train,true
fashionpedia,train2020,40393,1d4dc9ecf4bfc152fd887379e6f898f7.jpg,5,2,true,1,train,true
fashionpedia,train2020,40405,157267450d7b32d4ba0f5c31e0f1f75c.jpg,5,2,true,2,train,true
fashionpedia,train2020,40406,126538d17dd03e2a468a614a8f2f3e46.jpg,5,2,true,1,train,true
fashionpedia,train2020,40407,17bc7851846503e0d93e5f9ab04c57e8.jpg,5,2,true,1,train,true
fashionpedia,train2020,40409,122852193c253c17e606afb29fbb3a49.jpg,5,2,true,3,train,true
fashionpedia,train2020,40417,5ddba07530e7a44538eeab6a51d3331d.jpg,5,2,true,1,train,true
fashionpedia,train2020,40426,fee262aaf216474a76aedb0beae1df09.jpg,5,2,true,2,train,true
fashionpedia,train2020,40427,633f85aef4d4502c5594b424db65680c.jpg,5,2,true,3,train,true
fashionpedia,train2020,40430,c11f95d591ffd7ec74d806fee2df5dda.jpg,5,2,true,1,train,true
fashionpedia,train2020,40434,28d70bae94e32e58d16435b2e073c00c.jpg,5,2,true,3,train,true
fashionpedia,train2020,40436,ede60ea9398308e1d70dcadcef176581.jpg,5,2,true,1,train,true
fashionpedia,train2020,40437,4da87ae1c1228c26443a5aed5afb9bea.jpg,5,2,true,3,train,true
fashionpedia,train2020,40442,f4d226c04d4e58ee766a932b407f4822.jpg,5,2,true,1,train,true
fashionpedia,train2020,40449,c436d1989d4ace50e36704cf3c91941a.jpg,5,2,true,1,train,true
fashionpedia,train2020,40463,b7f28bf793eb6bf98fa92878f0472587.jpg,5,2,true,1,train,true
fashionpedia,train2020,40466,5e206de174300911da176626076ea8a4.jpg,5,2,true,2,train,true
fashionpedia,train2020,40475,230d61ea062bbc03ce01a2be4d3db88a.jpg,5,2,true,1,train,true
fashionpedia,train2020,40505,4cbbd4af9c36c17b0167af2de0d6adf8.jpg,5,2,true,2,train,true
fashionpedia,train2020,40516,2502d84d32cc40273a998f49222139e1.jpg,5,2,true,1,train,true
fashionpedia,train2020,40518,9cd1fc00a721514b7c34d38ed7afedff.jpg,5,2,true,2,train,true
fashionpedia,train2020,40530,cc02babfce703c513f8b3a3ec13b768a.jpg,5,2,true,4,train,true
fashionpedia,train2020,40531,61062701ccc9a24200ff1a8b6286f6ea.jpg,5,2,true,2,train,true
fashionpedia,train2020,40536,9f61b1f2167b66d8b941e4b23db09df0.jpg,5,2,true,1,train,true
fashionpedia,train2020,40545,1fbeb98f452bd0ea4340e8a272afa628.jpg,5,2,true,2,train,true
fashionpedia,train2020,40547,de1b05af3c8592a00fd570050276b43b.jpg,5,2,true,4,train,true
fashionpedia,train2020,40549,be3c9be19c15910c4b36cecd539d6f4f.jpg,5,2,true,2,train,true
fashionpedia,train2020,40556,1363054fa2fde9b454fe4bf0e0999d15.jpg,5,2,true,1,train,true
fashionpedia,train2020,40557,8ea7fa6434a0d3c33b96d9204cad6810.jpg,5,2,true,1,train,true
fashionpedia,train2020,40559,3da35b7b78b81a271f23dedf3572e68d.jpg,5,2,true,1,train,true
fashionpedia,train2020,40562,c5772568138c716a8cfb115418d60337.jpg,5,2,true,2,train,true
fashionpedia,train2020,40564,4847c0bf5205fb113b8cc29815bee15f.jpg,5,2,true,1,train,true
fashionpedia,train2020,40565,e98e1b0a8e9e1dbf592a1b232a7033cd.jpg,5,2,true,1,train,true
fashionpedia,train2020,40570,3adb105893a49da09c2df4cdc9624fec.jpg,5,2,true,3,train,true
fashionpedia,train2020,40574,c186da14566da9c731a5abb25f94ff1a.jpg,5,2,true,1,train,true
fashionpedia,train2020,40575,d97e21da94a85570979f127fccb837de.jpg,5,2,true,3,train,true
fashionpedia,train2020,40588,cec298dbfa3174cee04c87171cf299eb.jpg,5,2,true,1,train,true
fashionpedia,train2020,40604,4f0d7b458568c9b3cae9eb87c7684214.jpg,5,2,true,2,train,true
fashionpedia,train2020,40616,66fca3b61dcc431a4ef50c90fc52cde4.jpg,5,2,true,4,train,true
fashionpedia,train2020,40617,7d82d245cd7a99421622787427a8b562.jpg,5,2,true,1,train,true
fashionpedia,train2020,40628,01fb96ae8d10d9a1dd1ae083b58031b4.jpg,5,2,true,3,train,true
fashionpedia,train2020,40631,a7c5f574af729aa5663ed38048563705.jpg,5,2,true,2,train,true
fashionpedia,train2020,40634,9a6715e7cf76a8e1fe828a5d346879ac.jpg,5,2,true,1,train,true
fashionpedia,train2020,40635,e1931ac42467d4abd515c2ea24856159.jpg,5,2,true,3,train,true
fashionpedia,train2020,40636,6592d2d2c7a2114b36982c4e4f3f170a.jpg,5,2,true,3,train,true
fashionpedia,train2020,40638,82339b41252d686af8dbc36eb743bf60.jpg,5,2,true,1,train,true
fashionpedia,train2020,40639,defd7dabf193e2c2f3b9044b97335536.jpg,5,2,true,1,train,true
fashionpedia,train2020,40642,eb5f5be395fdd9253312d39d81684b19.jpg,5,2,true,1,train,true
fashionpedia,train2020,40645,79cb087de4c7a9a1563b06fb02af92a1.jpg,5,2,true,3,train,true
fashionpedia,train2020,40654,95931f0df1f902a79ee6c9a67725d00c.jpg,5,2,true,3,train,true
fashionpedia,train2020,40656,e73d62254e590d36126413574349e902.jpg,5,2,true,2,train,true
fashionpedia,train2020,40657,8ce0184752d7959829189cabbcf16fa8.jpg,5,2,true,2,train,true
fashionpedia,train2020,40669,04ac60162837cfb29158458968292e16.jpg,5,2,true,1,train,true
fashionpedia,train2020,40672,cec96b6f90b28ed3cb12a3df3a4836f8.jpg,5,2,true,1,train,true
fashionpedia,train2020,40680,67f5991f183acc683696db3b0a7f02ec.jpg,5,2,true,1,train,true
fashionpedia,train2020,40684,b0dc48b7f570aa7f5fd1ec2f4e38a41d.jpg,5,2,true,1,train,true
fashionpedia,train2020,40686,d9db0aa65c921121d898a6b7c1ea1e3d.jpg,5,2,true,1,train,true
fashionpedia,train2020,40688,085cd039ee4f242e435c0355182edbc2.jpg,5,2,true,1,train,true
fashionpedia,train2020,40692,d3cfde4478a2827e4987fbc95c08adc9.jpg,5,2,true,2,train,true
fashionpedia,train2020,40696,0fcdb67e3eb8b6d6d080c55b767bd9b2.jpg,5,2,true,3,train,true
fashionpedia,train2020,40699,6331b8f06d4ba6aca3f742220632d842.jpg,5,2,true,1,train,true
fashionpedia,train2020,40700,82cdf602afe62f8b517a7739cc5cd604.jpg,5,2,true,1,train,true
fashionpedia,train2020,40704,801a8e4560cfff2fab8a938d2e26bc27.jpg,5,2,true,2,train,true
fashionpedia,train2020,40713,676e9f159f7cb1da6e14125d97605a21.jpg,5,2,true,1,train,true
fashionpedia,train2020,40720,1b7228eba2ed3c0c1481288f1f552083.jpg,5,2,true,1,train,true
fashionpedia,train2020,40721,f40c751c18211926d9fe47fc653d91f5.jpg,5,2,true,2,train,true
fashionpedia,train2020,40733,7ba200f7add00c3c2299ccab101e2129.jpg,5,2,true,2,train,true
fashionpedia,train2020,40735,925f3b5a019138fdc9630f632b2b7e32.jpg,5,2,true,1,train,true
fashionpedia,train2020,40736,b3cbbdb71d96325a3810adc040955b00.jpg,5,2,true,2,train,true
fashionpedia,train2020,40738,5aa3372cc2ed69aa6749c293375fb770.jpg,5,2,true,1,train,true
fashionpedia,train2020,40739,9de2da69122cdcb7cbd6cbd8c7a53445.jpg,5,2,true,3,train,true
fashionpedia,train2020,40740,413d490c9beed2d41e601359ea52433c.jpg,5,2,true,2,train,true
fashionpedia,train2020,40742,448948405f843b7bb83722266e8104ca.jpg,5,2,true,3,train,true
fashionpedia,train2020,40743,c6ad833485fd226e8d5ae657ae0b3b42.jpg,5,2,true,1,train,true
fashionpedia,train2020,40751,1da45e82ba3557ed0214efcfb8a63247.jpg,5,2,true,3,train,true
fashionpedia,train2020,40758,dea9f937194dcf56d96d998e47494051.jpg,5,2,true,2,train,true
fashionpedia,train2020,40761,6afb4ab55b79294342b704d08913afe0.jpg,5,2,true,2,train,true
fashionpedia,train2020,40771,0f5f95414aff7664cca0054dae8d4447.jpg,5,2,true,1,train,true
fashionpedia,train2020,40773,209293d3e9751ead3330990db3c3a5aa.jpg,5,2,true,1,train,true
fashionpedia,train2020,40774,2a557d7ea7f10247e1482ecb79c080a5.jpg,5,2,true,1,train,true
fashionpedia,train2020,40775,dd224c3ee7619cb8360e1d97db36c647.jpg,5,2,true,1,train,true
fashionpedia,train2020,40778,897171f149489bb4edfcafae182be22e.jpg,5,2,true,2,train,true
fashionpedia,train2020,40780,c64bc4d8d5e4ae192c005b62ed17c773.jpg,5,2,true,1,train,true
fashionpedia,train2020,40782,1c2d00df3b7a7bc5e66ad460f9b7f0c7.jpg,5,2,true,2,train,true
fashionpedia,train2020,40786,f0dd8d4ac7e466a7a233905f8db38a1c.jpg,5,2,true,1,train,true
fashionpedia,train2020,40788,844cfcabc22799a699a9d31e4ba3451f.jpg,5,2,true,2,train,true
fashionpedia,train2020,40789,cb22d5a99ca02713b17afcab27cf27ac.jpg,5,2,true,1,train,true
fashionpedia,train2020,40791,f7dfd1382124c9cc973fe6209bf5e99e.jpg,5,2,true,3,train,true
fashionpedia,train2020,40806,490b587f5cdde5e0ecc0a19bcae78a86.jpg,5,2,true,3,train,true
fashionpedia,train2020,40817,c03c1fdb4ce1ba2e3db1423f28e20e67.jpg,5,2,true,1,train,true
fashionpedia,train2020,40821,65e1e3c92f94ebc65c4aff1d446a3155.jpg,5,2,true,2,train,true
fashionpedia,train2020,40822,3792167cf7ccda0145159af2f24c2064.jpg,5,2,true,1,train,true
fashionpedia,train2020,40826,e4e8355fb48f9981c4c0dc8aa20aac1a.jpg,5,2,true,4,train,true
fashionpedia,train2020,40828,9a78956abafa66bc9f0c4288c8e16caa.jpg,5,2,true,3,train,true
fashionpedia,train2020,40829,383ab6ba2f4985cc10363fb931347dd4.jpg,5,2,true,2,train,true
fashionpedia,train2020,40830,5ea791ada69e79be9c951929850d6530.jpg,5,2,true,3,train,true
fashionpedia,train2020,40833,e2e7eac905ef8f2e6eba79a62250a979.jpg,5,2,true,3,train,true
fashionpedia,train2020,40840,08a0de7423f49ea3ec858dff2f5b279e.jpg,5,2,true,4,train,true
fashionpedia,train2020,40841,0bf00bd723d87c5f979ab37a92bccbe9.jpg,5,2,true,1,train,true
fashionpedia,train2020,40844,989c644bd0df40557a626cee0ac48722.jpg,5,2,true,3,train,true
fashionpedia,train2020,40846,3fcbfb453a1d02221eca398f8787df7e.jpg,5,2,true,2,train,true
fashionpedia,train2020,40847,00c19f69957fe22c1b64789e3d506e6b.jpg,5,2,true,2,train,true
fashionpedia,train2020,40862,056b06b4594a4c672161c2e2f610b4be.jpg,5,2,true,1,train,true
fashionpedia,train2020,40864,801a91b1778586f7d87b4d4e3f24653c.jpg,5,2,true,1,train,true
fashionpedia,train2020,40876,f7c105938301d65bcc70981d39c910b2.jpg,5,2,true,2,train,true
fashionpedia,train2020,40877,d89ca89e517b1d245848099248ac95bf.jpg,5,2,true,1,train,true
fashionpedia,train2020,40879,b28d4a8e8ae601094cf389c4c476f1b9.jpg,5,2,true,2,train,true
fashionpedia,train2020,40891,869a25e2874d300386aa2082b38fab59.jpg,5,2,true,2,train,true
fashionpedia,train2020,40903,0ae3077e9e879d38cd59ccf637b0ca9f.jpg,5,2,true,4,train,true
fashionpedia,train2020,40904,f4c6063800932732a2fa7178429cb59a.jpg,5,2,true,1,train,true
fashionpedia,train2020,40917,0a0f94b4e785bb2326dd1832303ce8de.jpg,5,2,true,1,train,true
fashionpedia,train2020,40920,a9544c07efe43216426b831652c2d26f.jpg,5,2,true,2,train,true
fashionpedia,train2020,40931,d2735067d4a5cb839d7e36ff976f6fe5.jpg,5,2,true,2,train,true
fashionpedia,train2020,40940,2ebc67a0fb991f23b5e3c458f354313d.jpg,5,2,true,2,train,true
fashionpedia,train2020,40941,bd5acb14857732841d5af7ee25d32003.jpg,5,2,true,1,train,true
fashionpedia,train2020,40944,9aa946cf92ed0a401f449218b07f05eb.jpg,5,2,true,3,train,true
fashionpedia,train2020,40947,ccb86ecf5e310738cb3272ee6c7cdab5.jpg,5,2,true,1,train,true
fashionpedia,train2020,40949,2e6350bf5ee83784135ed45523867d07.jpg,5,2,true,2,train,true
fashionpedia,train2020,40950,7f1b178e872f4a92505d62349eddb9b6.jpg,5,2,true,1,train,true
fashionpedia,train2020,40959,624ee5ccef99d1cd3d8911db05758444.jpg,5,2,true,1,train,true
fashionpedia,train2020,40961,1816db7aaf543ca8e4a14c15145e5ca8.jpg,5,2,true,1,train,true
fashionpedia,train2020,40962,dd38f583e6c9a6d4d427c2a281558c61.jpg,5,2,true,3,train,true
fashionpedia,train2020,40964,f9a2d489913c7a7d61ae90f7e21adce0.jpg,5,2,true,2,train,true
fashionpedia,train2020,40971,9fa440b400eb20c66bf535e87ddaa97c.jpg,5,2,true,1,train,true
fashionpedia,train2020,40978,2933e797db4068b0e0cd84e88ba554bb.jpg,5,2,true,1,train,true
fashionpedia,train2020,40981,3f2c80f35614ffa29f22bd542c2f1f41.jpg,5,2,true,2,train,true
fashionpedia,train2020,40985,43bdb27a493de984a98cce2ee8eda41d.jpg,5,2,true,1,train,true
fashionpedia,train2020,40992,aa3e04e38ee564319094d8a9354e200e.jpg,5,2,true,3,train,true
fashionpedia,train2020,41006,017d0e0aa2b32962980eed824e5a1850.jpg,5,2,true,2,train,true
fashionpedia,train2020,41008,d7463c45324b1154285d6d2e4fc72073.jpg,5,2,true,2,train,true
fashionpedia,train2020,41012,fbe39014a350272a1d2f8a50585594f2.jpg,5,2,true,3,train,true
fashionpedia,train2020,41023,9eaeccf971db596f421a35b1a174cde1.jpg,5,2,true,2,train,true
fashionpedia,train2020,41026,e72a91de37f68a85018870f1f071b090.jpg,5,2,true,1,train,true
fashionpedia,train2020,41029,e10f95933361647a5d1b42618cb77e56.jpg,5,2,true,1,train,true
fashionpedia,train2020,41030,046a783d794ef7e713faaca7216d3422.jpg,5,2,true,1,train,true
fashionpedia,train2020,41036,43312f2a08b95ab424a344af816c3d4d.jpg,5,2,true,1,train,true
fashionpedia,train2020,41040,8f575bcf0155156d47622b613aded834.jpg,5,2,true,1,train,true
fashionpedia,train2020,41043,125135168b9cb0201d88dd07f56f215e.jpg,5,2,true,2,train,true
fashionpedia,train2020,41045,2d7509ba8f8b98434022ab417423e654.jpg,5,2,true,4,train,true
fashionpedia,train2020,41049,f873fb9f71bdf58bacdada32b4c64527.jpg,5,2,true,1,train,true
fashionpedia,train2020,41057,6e3a82d168e92ce92c97badc1d3ad287.jpg,5,2,true,1,train,true
fashionpedia,train2020,41059,79de35d3476d1dc6eb4cfd75a2f289e6.jpg,5,2,true,2,train,true
fashionpedia,train2020,41061,95fafb7d2eb4a301c91069e32127f01f.jpg,5,2,true,1,train,true
fashionpedia,train2020,41064,c93b7b7b9a6b4b45147f14fb3304c679.jpg,5,2,true,1,train,true
fashionpedia,train2020,41066,98ec0060567332a0f2bcd09668e5de0f.jpg,5,2,true,1,train,true
fashionpedia,train2020,41071,52af5f2dd1aa6cc164bbad98e02a6fa4.jpg,5,2,true,2,train,true
fashionpedia,train2020,41075,53661c6d802da0302e9df362f44e5ee3.jpg,5,2,true,2,train,true
fashionpedia,train2020,41078,cb388b77c78978c23f27bc9aae6c1e6b.jpg,5,2,true,1,train,true
fashionpedia,train2020,41086,f8f178fdcb48cccc9345181c39d12f3f.jpg,5,2,true,1,train,true
fashionpedia,train2020,41097,4677596ad8c06dbc6f946e5a5627d526.jpg,5,2,true,1,train,true
fashionpedia,train2020,41099,8b081f7f85e4356cbcb6bd8057d2691e.jpg,5,2,true,3,train,true
fashionpedia,train2020,41101,b83a1bb44af9b891b28f71dcda854974.jpg,5,2,true,1,train,true
fashionpedia,train2020,41102,83e05ee65335e1fbae9fcbce9461a728.jpg,5,2,true,2,train,true
fashionpedia,train2020,41105,d73404a23268028d9b575c0270547709.jpg,5,2,true,1,train,true
fashionpedia,train2020,41114,21965143cd155bd7511e8eea6e5dbb14.jpg,5,2,true,1,train,true
fashionpedia,train2020,41116,7d04e7845191f59c36082e9609bc2f49.jpg,5,2,true,1,train,true
fashionpedia,train2020,41118,b88abf3bb0906277bf3c81e6f5a316ca.jpg,5,2,true,1,train,true
fashionpedia,train2020,41129,d0c87b45da0549731b04c851bec2aafd.jpg,5,2,true,3,train,true
fashionpedia,train2020,41139,3e5be324b75a33dd7feadedf370ec89a.jpg,5,2,true,1,train,true
fashionpedia,train2020,41147,23e73fe4a9c3999ecbbbd8b3c2ac4d0d.jpg,5,2,true,1,train,true
fashionpedia,train2020,41148,a5d26a20e23f4f3658228ff6ffc68631.jpg,5,2,true,1,train,true
fashionpedia,train2020,41150,91fb0545b3002431e0ed2a59225aa0db.jpg,5,2,true,1,train,true
fashionpedia,train2020,41154,7ce16fa34c6e3d45897f6f306ee1e483.jpg,5,2,true,1,train,true
fashionpedia,train2020,41165,bc2cf5fd91559ac3e7d720b9559d0643.jpg,5,2,true,2,train,true
fashionpedia,train2020,41168,8553bdc9ed26781165ca5ef3270acd8a.jpg,5,2,true,2,train,true
fashionpedia,train2020,41177,97603f03479290b75ea8bd1d0d6df9e0.jpg,5,2,true,2,train,true
fashionpedia,train2020,41182,236a9f5cd2df98e37cd84a1e636d10fe.jpg,5,2,true,3,train,true
fashionpedia,train2020,41185,f1484270d4ba16f1f3b284a13055a992.jpg,5,2,true,1,train,true
fashionpedia,train2020,41187,87b1661421abc1c00e3cb3b75b8660cf.jpg,5,2,true,2,train,true
fashionpedia,train2020,41200,3af7599e31f30a4418c4983ffb5d9c86.jpg,5,2,true,2,train,true
fashionpedia,train2020,41202,cad71c3403e34892deb8e6c04a82670b.jpg,5,2,true,2,train,true
fashionpedia,train2020,41204,a035c9cdb30645509066e15821678980.jpg,5,2,true,2,train,true
fashionpedia,train2020,41209,5d07ee9129340e4f7fba85e4382ec991.jpg,5,2,true,1,train,true
fashionpedia,train2020,41212,7c2cdc7dce7a12271deebda77b67124f.jpg,5,2,true,1,train,true
fashionpedia,train2020,41213,f4ddab0651c57b24f45a07200d431dc3.jpg,5,2,true,2,train,true
fashionpedia,train2020,41216,77db49832a17d4b3b81c2188c4eba4c8.jpg,5,2,true,3,train,true
fashionpedia,train2020,41233,0dd7b45b77c55ad3862e297b2488bb5b.jpg,5,2,true,2,train,true
fashionpedia,train2020,41236,949d222a82b8fa20dfa170a2f4439849.jpg,5,2,true,1,train,true
fashionpedia,train2020,41240,9a83734cb14d8f18e770f684ee2a44bc.jpg,5,2,true,1,train,true
fashionpedia,train2020,41247,eb965ae6285367cea06a77fc76a601bb.jpg,5,2,true,1,train,true
fashionpedia,train2020,41248,db026d29b9fb55497c8ed86621768a6b.jpg,5,2,true,3,train,true
fashionpedia,train2020,41253,e4e55002c1d25e2116aef30f3aebfd1d.jpg,5,2,true,1,train,true
fashionpedia,train2020,41262,b55b626936338a5ec4c4540c912ec412.jpg,5,2,true,1,train,true
fashionpedia,train2020,41268,220ed8e98ff78c6b449b89ea4ca93e12.jpg,5,2,true,3,train,true
fashionpedia,train2020,41269,95c8137201cf1a00763c7cbe49942cc8.jpg,5,2,true,2,train,true
fashionpedia,train2020,41280,3ad16e1aaf9be827168156eff6063d91.jpg,5,2,true,2,train,true
fashionpedia,train2020,41288,6d92b2aaa94ab71d8a14082d90af9b09.jpg,5,2,true,1,train,true
fashionpedia,train2020,41289,cd65cbdf9539b8a751baa44d2c818d1a.jpg,5,2,true,1,train,true
fashionpedia,train2020,41301,b42c56e786adc1804b5f362d54d70c8d.jpg,5,2,true,1,train,true
fashionpedia,train2020,41305,11f2aec45cf10dbb22dda90dfad04448.jpg,5,2,true,1,train,true
fashionpedia,train2020,41314,dd5fdb92f8b03011a01e35d046edbf27.jpg,5,2,true,1,train,true
fashionpedia,train2020,41319,4a59c376e5de234e70f15802886f53be.jpg,5,2,true,1,train,true
fashionpedia,train2020,41320,c5bf5c7c2845270ba90f8eedc35cf551.jpg,5,2,true,1,train,true
fashionpedia,train2020,41322,7f6c71dacd1940257fbd99df41255152.jpg,5,2,true,3,train,true
fashionpedia,train2020,41329,6ef5ddf10d8d137afbf3d4b79b999ddb.jpg,5,2,true,1,train,true
fashionpedia,train2020,41342,6163aec89e9890e0934cb0cb443ca135.jpg,5,2,true,1,train,true
fashionpedia,train2020,41346,130bdade10506e9e06e9964b215d5241.jpg,5,2,true,2,train,true
fashionpedia,train2020,41351,e06a63ecced717ce99318b0de9ef8e75.jpg,5,2,true,2,train,true
fashionpedia,train2020,41352,fdba073aeed70b02e8b28e7c2021fe6f.jpg,5,2,true,2,train,true
fashionpedia,train2020,41356,1102163302b2e7dc4f5f09970e6696eb.jpg,5,2,true,2,train,true
fashionpedia,train2020,41364,b8d55a99068e36dd5b310b2afb1117af.jpg,5,2,true,2,train,true
fashionpedia,train2020,41378,e68d8fb5451da46d1941e0bce696bdb1.jpg,5,2,true,3,train,true
fashionpedia,train2020,41384,3b67036281ce84d95f00136066cce3ba.jpg,5,2,true,1,train,true
fashionpedia,train2020,41385,bbb7d796b8423f176294ceb41116269c.jpg,5,2,true,3,train,true
fashionpedia,train2020,41386,24114fb8fca4373e1c79c7d7fc12c0ed.jpg,5,2,true,1,train,true
fashionpedia,train2020,41388,26ac84693f3d90e6930fd5fc0ebaa1ea.jpg,5,2,true,1,train,true
fashionpedia,train2020,41395,3aeda6136bfde18e1478129fe92d4214.jpg,5,2,true,3,train,true
fashionpedia,train2020,41398,167afa31ff02fa5e2028a081a2af24e2.jpg,5,2,true,2,train,true
fashionpedia,train2020,41403,72f8c5b7ba155acf74ff42d25fb34a8c.jpg,5,2,true,2,train,true
fashionpedia,train2020,41404,83b92cbdea21ecda5e2782f8f8a732b9.jpg,5,2,true,1,train,true
fashionpedia,train2020,41409,9113b8df7e93f896562677927f0091fd.jpg,5,2,true,1,train,true
fashionpedia,train2020,41419,97a4a6617089c4407ce1b38a5d5119d6.jpg,5,2,true,2,train,true
fashionpedia,train2020,41424,3df84079813a4a6b65ca1e72be0d14ce.jpg,5,2,true,1,train,true
fashionpedia,train2020,41429,9c50c6f192119b45519a1f903ea60ae9.jpg,5,2,true,2,train,true
fashionpedia,train2020,41442,9063d490eca6c35f89bc2f5eb031173a.jpg,5,2,true,2,train,true
fashionpedia,train2020,41444,6678e2dfc64333ca14f4085f46e2e135.jpg,5,2,true,3,train,true
fashionpedia,train2020,41447,df82be4ef1096c763804ae0f689dcced.jpg,5,2,true,1,train,true
fashionpedia,train2020,41450,6421aec8d593d5673d01a705e6852fe1.jpg,5,2,true,4,train,true
fashionpedia,train2020,41451,9cb1766876206670da6009382e8b85a3.jpg,5,2,true,2,train,true
fashionpedia,train2020,41453,2b9c96bf0417abf6fbc5c0dc3e911dc5.jpg,5,2,true,1,train,true
fashionpedia,train2020,41454,feaf787ed5294af244355180288deb55.jpg,5,2,true,1,train,true
fashionpedia,train2020,41459,9b36fe5f3c61026d60dea174eea899f7.jpg,5,2,true,2,train,true
fashionpedia,train2020,41461,de712d19cccb503d4c4dcbc0b4996b04.jpg,5,2,true,2,train,true
fashionpedia,train2020,41464,7fe003de79ec515067f7974a9ec6b651.jpg,5,2,true,1,train,true
fashionpedia,train2020,41470,e2e63c2dada4eea1edf0d0e7cc67a9a0.jpg,5,2,true,3,train,true
fashionpedia,train2020,41475,bb1b4674aa791541ae2f564edb3dab21.jpg,5,2,true,1,train,true
fashionpedia,train2020,41483,c7af1c7dde71b81b9a8880dbde70fc20.jpg,5,2,true,1,train,true
fashionpedia,train2020,41486,19e362492deb48ac5e9df01b1fc41b3d.jpg,5,2,true,1,train,true
fashionpedia,train2020,41490,f3c1800f22f0af169d19ad6da53bc37a.jpg,5,2,true,1,train,true
fashionpedia,train2020,41492,ac396e42858a89dbb4452cc75e151fbe.jpg,5,2,true,2,train,true
fashionpedia,train2020,41497,c6e9ffa4fd3865962aad264abad49425.jpg,5,2,true,3,train,true
fashionpedia,train2020,41498,9b9e3d130a60fe1c6e004db89ba20f4a.jpg,5,2,true,2,train,true
fashionpedia,train2020,41504,c021255087785454ca3b08e0f99b70eb.jpg,5,2,true,2,train,true
fashionpedia,train2020,41510,57ec45d24c84722c723f9aab64cafdcb.jpg,5,2,true,3,train,true
fashionpedia,train2020,41519,d205af78e74c4c0f14507a1d397adfb3.jpg,5,2,true,1,train,true
fashionpedia,train2020,41522,f234f93484ccafbe1803fdda0244516b.jpg,5,2,true,3,train,true
fashionpedia,train2020,41524,6658210702626809c918cdbd9727d0c1.jpg,5,2,true,3,train,true
fashionpedia,train2020,41530,72980eef8eef838cde3ed3138553f15c.jpg,5,2,true,1,train,true
fashionpedia,train2020,41531,1b1bdc66b5f2f19af88ed2160fa6db51.jpg,5,2,true,1,train,true
fashionpedia,train2020,41532,9dbf98c851a6a0d63a78dd2223f61ea0.jpg,5,2,true,3,train,true
fashionpedia,train2020,41535,1c7007cb022c8c0ca141b7b34eac4718.jpg,5,2,true,1,train,true
fashionpedia,train2020,41540,025a5889f1d51ea4ef8670b2ad584260.jpg,5,2,true,2,train,true
fashionpedia,train2020,41548,cdc36a3449fd45d2d9ba02affd940593.jpg,5,2,true,2,train,true
fashionpedia,train2020,41550,e3e5997b0074e3a5d42ba0386ee30f35.jpg,5,2,true,1,train,true
fashionpedia,train2020,41555,a812717d696b6a2d4fc617e1432a63f7.jpg,5,2,true,2,train,true
fashionpedia,train2020,41561,1a363baf19788c5a30a74bff35573cd4.jpg,5,2,true,2,train,true
fashionpedia,train2020,41569,249b4ca64bcd3cbae918668a008bccaf.jpg,5,2,true,1,train,true
fashionpedia,train2020,41572,2d2ab9a54ad7c1ac1e9d4e997171fbaa.jpg,5,2,true,2,train,true
fashionpedia,train2020,41574,277abb578bc65f4945b2ab1e5679b4d5.jpg,5,2,true,1,train,true
fashionpedia,train2020,41576,c59d7edfa73aa1ddc1da69ff7514b686.jpg,5,2,true,3,train,true
fashionpedia,train2020,41593,884d9badc6833358f85e113859deb21c.jpg,5,2,true,4,train,true
fashionpedia,train2020,41594,48457fe8826a2a877f6ded87866fbcfb.jpg,5,2,true,3,train,true
fashionpedia,train2020,41598,2f2afbae89db26b01aabcd05dedf9dd4.jpg,5,2,true,4,train,true
fashionpedia,train2020,41604,1684d3dba393f3e8a5d1f9341779d206.jpg,5,2,true,3,train,true
fashionpedia,train2020,41612,e5da7dce4f4f859cea913e1f007f0865.jpg,5,2,true,1,train,true
fashionpedia,train2020,41628,38794c95d00f5fda567dab3695a1a796.jpg,5,2,true,2,train,true
fashionpedia,train2020,41629,66f71cc2b20864dd73acc30e1e22a0a0.jpg,5,2,true,3,train,true
fashionpedia,train2020,41633,a842910eb08308017e57ac8d58797968.jpg,5,2,true,2,train,true
fashionpedia,train2020,41635,85469576f408c612064296e41ffc0979.jpg,5,2,true,1,train,true
fashionpedia,train2020,41637,f780fe1207a2e01ba4233c6c506456dd.jpg,5,2,true,1,train,true
fashionpedia,train2020,41639,a37ff36e254c5eee4fdcd7516ee3779e.jpg,5,2,true,4,train,true
fashionpedia,train2020,41640,cd3bc563b77135419bd914389a63e53c.jpg,5,2,true,3,train,true
fashionpedia,train2020,41649,78906c4e985e524c5f3b09f61c7067f6.jpg,5,2,true,3,train,true
fashionpedia,train2020,41655,b9a09265b567567d9873cd4bcd76a4de.jpg,5,2,true,1,train,true
fashionpedia,train2020,41659,1a2209cc260988743905a802c7a1f4c4.jpg,5,2,true,2,train,true
fashionpedia,train2020,41662,b21770b468200d94ddf635e1efc4bcdf.jpg,5,2,true,1,train,true
fashionpedia,train2020,41665,a99adbe76db85e610b74d8dff819aa3b.jpg,5,2,true,3,train,true
fashionpedia,train2020,41667,d3aa665200c17346e1a2c86ca458cba2.jpg,5,2,true,1,train,true
fashionpedia,train2020,41672,d37151ec9a8393bd006c962ef71c3bf0.jpg,5,2,true,1,train,true
fashionpedia,train2020,41675,84242bbb0ccbfa0f0c87c71823fb33b3.jpg,5,2,true,3,train,true
fashionpedia,train2020,41682,b468b741689d1ebe4edf822da4a0a227.jpg,5,2,true,3,train,true
fashionpedia,train2020,41684,e7bd6085e367b31ed4e39fec0f28d3cf.jpg,5,2,true,2,train,true
fashionpedia,train2020,41685,960a5ca6fefb6031c70e03b474956f26.jpg,5,2,true,1,train,true
fashionpedia,train2020,41687,da5f3237df0fda1ca7756bb19bb66c7f.jpg,5,2,true,1,train,true
fashionpedia,train2020,41691,8853d7659f44d013ae851cdb7f603d1b.jpg,5,2,true,1,train,true
fashionpedia,train2020,41702,8d3d26315edcc5698a28058214ca9736.jpg,5,2,true,1,train,true
fashionpedia,train2020,41705,a52f1356bbaae6d295eadafaf08962eb.jpg,5,2,true,1,train,true
fashionpedia,train2020,41711,93a86af112dbeed60e021e69a3c973c7.jpg,5,2,true,1,train,true
fashionpedia,train2020,41719,af7c275a0e314c0b59d965c044c98612.jpg,5,2,true,1,train,true
fashionpedia,train2020,41726,16b8b916cf2dc815c4dff35667c2e616.jpg,5,2,true,4,train,true
fashionpedia,train2020,41734,726883110b6f203ba7629741ef154b86.jpg,5,2,true,1,train,true
fashionpedia,train2020,41751,10dd0c7cd4146ff5c5680560de602f19.jpg,5,2,true,2,train,true
fashionpedia,train2020,41754,fd67d44526b59c7e8b2570bc722ce019.jpg,5,2,true,1,train,true
fashionpedia,train2020,41758,8ac1f8a5a80347b777d20a58282bd4e4.jpg,5,2,true,4,train,true
fashionpedia,train2020,41776,d3d05cfc6ebdc6f54833b81b43e43cff.jpg,5,2,true,2,train,true
fashionpedia,train2020,41783,4939528ec376daa54ce3317d60283951.jpg,5,2,true,1,train,true
fashionpedia,train2020,41784,d15e0a69549fcae02a7790665e19d47e.jpg,5,2,true,1,train,true
fashionpedia,train2020,41799,00573a530f2e9e4c203681547e259f52.jpg,5,2,true,3,train,true
fashionpedia,train2020,41810,8b28c170839a35a296b09997ab532a3e.jpg,5,2,true,1,train,true
fashionpedia,train2020,41819,9ea6a4858ff341ef8f7dfc7e9bfcab98.jpg,5,2,true,2,train,true
fashionpedia,train2020,41821,df194b1d9bbbe16a91e2852cafa60469.jpg,5,2,true,1,train,true
fashionpedia,train2020,41825,4944559fe11b20a19b91a6f33e0cb917.jpg,5,2,true,1,train,true
fashionpedia,train2020,41828,3750b822375ee7fa5ac23099eb462bb6.jpg,5,2,true,2,train,true
fashionpedia,train2020,41829,6a829c4219a5fb46eb581c5ef9f09eee.jpg,5,2,true,1,train,true
fashionpedia,train2020,41830,7b9e991c8d95862256842fa3358d3524.jpg,5,2,true,2,train,true
fashionpedia,train2020,41834,53c30fb24a39d2b221b50e9add6a3374.jpg,5,2,true,3,train,true
fashionpedia,train2020,41836,9e3604b06df7b52af8080f68b4e7758d.jpg,5,2,true,1,train,true
fashionpedia,train2020,41839,389fc5e52e8107468158e587a6d14657.jpg,5,2,true,1,train,true
fashionpedia,train2020,41842,a10c83acb25f59652559772b952f871e.jpg,5,2,true,1,train,true
fashionpedia,train2020,41853,f7de33a1664f9460a4c21ff62840cca8.jpg,5,2,true,1,train,true
fashionpedia,train2020,41856,e5bfd6411d8b389892e4729b0d56c358.jpg,5,2,true,2,train,true
fashionpedia,train2020,41861,4ffa4c1aa3673ca035014218fcb143c2.jpg,5,2,true,1,train,true
fashionpedia,train2020,41863,41aa683da2dfcd47bb237c6927e617b0.jpg,5,2,true,1,train,true
fashionpedia,train2020,41865,c70a97271cb72e2c5e5a3787ac507dcc.jpg,5,2,true,1,train,true
fashionpedia,train2020,41867,afac1b1e96299e5ce0e480954eefaa4c.jpg,5,2,true,1,train,true
fashionpedia,train2020,41869,6963bc73936c879f38d52dfe61b74a91.jpg,5,2,true,3,train,true
fashionpedia,train2020,41872,5a52b9806c0eefa986439927e212535c.jpg,5,2,true,2,train,true
fashionpedia,train2020,41873,c01434fb04e63d623d8235ac34b4dcb3.jpg,5,2,true,1,train,true
fashionpedia,train2020,41874,112f372564b3adb3a6c1801ac2af68b9.jpg,5,2,true,2,train,true
fashionpedia,train2020,41878,b115068c4d69fb05f16103336c16231a.jpg,5,2,true,0,selected_no_valid_crop,false
fashionpedia,train2020,41883,bf2705b9ef9ab03b87176f8f69b5bf7a.jpg,5,2,true,3,train,true
fashionpedia,train2020,41893,ff77259da945e9085619ac92c9a96063.jpg,5,2,true,3,train,true
fashionpedia,train2020,41899,5b2732389c687aa77753448a8e5caf0d.jpg,5,2,true,2,train,true
fashionpedia,train2020,41909,bd248e9f199b4b859859a44eac08af15.jpg,5,2,true,3,train,true
fashionpedia,train2020,41930,991ec19fe54db1dbcbd7b7f7751e0aea.jpg,5,2,true,1,train,true
fashionpedia,train2020,41936,d7e265dea84e01e158b53531ede978c0.jpg,5,2,true,1,train,true
fashionpedia,train2020,41938,36c7e1ffd20f075c8f4d9cab56f1d4c1.jpg,5,2,true,1,train,true
fashionpedia,train2020,41939,e71131b4897be892100783b390fb03db.jpg,5,2,true,4,train,true
fashionpedia,train2020,41951,a1186ca8d51f819ee47ccda75217872f.jpg,5,2,true,1,train,true
fashionpedia,train2020,41954,b0fb5fe0c678c194d3679462e7dfffd6.jpg,5,2,true,2,train,true
fashionpedia,train2020,41955,46bf7a6c8071a5912a2dd627b28a9caf.jpg,5,2,true,3,train,true
fashionpedia,train2020,41960,dd22cbfbe60090314b6d75497bf80eb9.jpg,5,2,true,5,train,true
fashionpedia,train2020,41961,cb48e47b15bb62a301e68d99d3c10a30.jpg,5,2,true,2,train,true
fashionpedia,train2020,41962,d4f5692e6e0c6962cbe040c5c0b7be1c.jpg,5,2,true,3,train,true
fashionpedia,train2020,41963,474349821ed73cc8fe17d3795842fea3.jpg,5,2,true,1,train,true
fashionpedia,train2020,41964,9c6377dce599a0835ee00b94b5e15293.jpg,5,2,true,2,train,true
fashionpedia,train2020,41967,91383cda2eeff84e10eabe8618b1294e.jpg,5,2,true,1,train,true
fashionpedia,train2020,41978,d268035fc1b2e4ddb661a8c009930392.jpg,5,2,true,1,train,true
fashionpedia,train2020,41984,daba640e45236329f9d45fd2bdc9e798.jpg,5,2,true,2,train,true
fashionpedia,train2020,41992,08f1a2ab4f35ead0d53d2bc3f4143b3f.jpg,5,2,true,2,train,true
fashionpedia,train2020,41993,5779b14a25ba64ebf6807ac5fe0af94a.jpg,5,2,true,3,train,true
fashionpedia,train2020,41998,6af4d5747f7038b79e2836ab2a9ae770.jpg,5,2,true,2,train,true
fashionpedia,train2020,42000,ef69fabfa7a8296134a52e6b0e12db65.jpg,5,2,true,1,train,true
fashionpedia,train2020,42008,7a27e4ed930ac5e7b783a883ed289b80.jpg,5,2,true,1,train,true
fashionpedia,train2020,42010,adba00d14fb14dead445d62b4bf17802.jpg,5,2,true,2,train,true
fashionpedia,train2020,42018,dd2dc6511cdbc21a8e54c9de729f4dc3.jpg,5,2,true,2,train,true
fashionpedia,train2020,42025,d12a68388834b46f4a5d9b6ebdbb350b.jpg,5,2,true,1,train,true
fashionpedia,train2020,42037,c2737fc1450aa0c8858603ab901e2f95.jpg,5,2,true,2,train,true
fashionpedia,train2020,42042,a72ce3aac411637f14eadc151bb213bc.jpg,5,2,true,1,train,true
fashionpedia,train2020,42046,dc7a6cf48f2618173720337c3c3608b5.jpg,5,2,true,1,train,true
fashionpedia,train2020,42051,2c1206290612fe5090e9efb96fe3f6a0.jpg,5,2,true,2,train,true
fashionpedia,train2020,42056,9702f30261515e0ef538881f1415c306.jpg,5,2,true,2,train,true
fashionpedia,train2020,42059,e7ba0549b51bd45909cd21d74c6ec819.jpg,5,2,true,2,train,true
fashionpedia,train2020,42061,7e0edcf9644ccc98495cfecf55141b3e.jpg,5,2,true,1,train,true
fashionpedia,train2020,42063,08d0afd9c71c78944b96805d7f59195d.jpg,5,2,true,2,train,true
fashionpedia,train2020,42067,42ab21f6fee288a8476dc416f3bb1437.jpg,5,2,true,1,train,true
fashionpedia,train2020,42077,3585f1e24b50dbf1e61db4c9db4acd47.jpg,5,2,true,2,train,true
fashionpedia,train2020,42079,3058c75112666ba6bd7f0d7233cfc1e3.jpg,5,2,true,2,train,true
fashionpedia,train2020,42084,9c5e9df93aca338901abfb395a77b89c.jpg,5,2,true,1,train,true
fashionpedia,train2020,42086,e8841e3fb4bdf4886f07ae96e59760cf.jpg,5,2,true,3,train,true
fashionpedia,train2020,42089,a7afacf15b8158c8267f31b9cbca5e26.jpg,5,2,true,3,train,true
fashionpedia,train2020,42094,58aaa8103d960a8be238014ed8408942.jpg,5,2,true,1,train,true
fashionpedia,train2020,42095,873c3c6eaad8fc5213cae5f75f7317dc.jpg,5,2,true,4,train,true
fashionpedia,train2020,42102,34715fdae0d3e233dbf864774fd236fc.jpg,5,2,true,2,train,true
fashionpedia,train2020,42103,722ec71308372f3aa7224a58898e0c8c.jpg,5,2,true,1,train,true
fashionpedia,train2020,42107,261f8670bc08740fecfa807f8abd7014.jpg,5,2,true,4,train,true
fashionpedia,train2020,42113,4af36c21c83e2676824e199e05a9ae3a.jpg,5,2,true,1,train,true
fashionpedia,train2020,42116,248ffa3277ff47d3c6cbe183f406dd69.jpg,5,2,true,1,train,true
fashionpedia,train2020,42122,507372445922e677b2554f80ff88ee11.jpg,5,2,true,2,train,true
fashionpedia,train2020,42135,ac82ea7d3be378ea1a0c5675a114c808.jpg,5,2,true,2,train,true
fashionpedia,train2020,42136,415ff51e85a2dae7986e076caad9ad3d.jpg,5,2,true,2,train,true
fashionpedia,train2020,42142,b5601e99e8373a2c88c561f370233746.jpg,5,2,true,3,train,true
fashionpedia,train2020,42146,d777d07ea3a8c8bb9533b26fe0f2a826.jpg,5,2,true,1,train,true
fashionpedia,train2020,42149,2cc04cfdb763e831addd83b51fe47960.jpg,5,2,true,1,train,true
fashionpedia,train2020,42155,1e0bbcf51ff1f66946e81b93460a9860.jpg,5,2,true,2,train,true
fashionpedia,train2020,42161,9bbcd0087ad6352e819301606fa8a288.jpg,5,2,true,1,train,true
fashionpedia,train2020,42165,20108edecfb9c1e3a500bdd76eeb880e.jpg,5,2,true,2,train,true
fashionpedia,train2020,42178,f74aee4f1f2877b9fc067fc95e93ac36.jpg,5,2,true,2,train,true
fashionpedia,train2020,42183,cd33a219e8f523eaa1472db0d90000bc.jpg,5,2,true,1,train,true
fashionpedia,train2020,42187,cd7f9ca77e4fa68097f72fb433aedb83.jpg,5,2,true,1,train,true
fashionpedia,train2020,42188,067ca029f5b1191acc7ebdfa9f7cc7b2.jpg,5,2,true,2,train,true
fashionpedia,train2020,42189,8ca144251c11ce89eb985ed85f3dbf05.jpg,5,2,true,1,train,true
fashionpedia,train2020,42190,de696baa2452bccbd04c3b653d037087.jpg,5,2,true,2,train,true
fashionpedia,train2020,42191,f294bc3c7d17431514b75717780ebed9.jpg,5,2,true,1,train,true
fashionpedia,train2020,42198,af5c20a510df765685161b859fcbec59.jpg,5,2,true,2,train,true
fashionpedia,train2020,42199,aa3b62810b70af37c869153425808776.jpg,5,2,true,2,train,true
fashionpedia,train2020,42205,c8a29fb49a131e4567b2cb183653a43e.jpg,5,2,true,2,train,true
fashionpedia,train2020,42209,3f09ce9ccae3b49a781f2aca62555217.jpg,5,2,true,2,train,true
fashionpedia,train2020,42211,eb23cab266a78d69c250f9986518d80d.jpg,5,2,true,1,train,true
fashionpedia,train2020,42216,060ad410f447b8af6726d259e575567d.jpg,5,2,true,1,train,true
fashionpedia,train2020,42217,60d1047a6d15a8fd724f2adf5ba34971.jpg,5,2,true,2,train,true
fashionpedia,train2020,42222,53131d80cb373591dfe14b8c35ed2e76.jpg,5,2,true,2,train,true
fashionpedia,train2020,42228,c800360e9b9d26265ad42a3840d96ba4.jpg,5,2,true,2,train,true
fashionpedia,train2020,42229,7eed0336ea30d3f1eec4e80c489bb36c.jpg,5,2,true,1,train,true
fashionpedia,train2020,42230,50879796cb156e554940041d5ce184a7.jpg,5,2,true,1,train,true
fashionpedia,train2020,42239,7e3752b797c905d0a61c8999d5333ff3.jpg,5,2,true,1,train,true
fashionpedia,train2020,42243,d435f3bf9a3330d4d5882df609f1bb2a.jpg,5,2,true,1,train,true
fashionpedia,train2020,42251,61e740472e7c0a8bc7073caad69ed71f.jpg,5,2,true,2,train,true
fashionpedia,train2020,42256,d97d0ca8efc2811c6820224f85b6441a.jpg,5,2,true,1,train,true
fashionpedia,train2020,42260,b722e89cb13e4b1f81e43fd877d2403b.jpg,5,2,true,1,train,true
fashionpedia,train2020,42264,3a54cf30fcda735e57827832b146ee9b.jpg,5,2,true,1,train,true
fashionpedia,train2020,42271,a5f97ce29f1984c1169aae031751d369.jpg,5,2,true,1,train,true
fashionpedia,train2020,42278,01ed7eabb51313eb438ce5b8027857a4.jpg,5,2,true,1,train,true
fashionpedia,train2020,42294,6926a6eb8092580655b4835c710d8517.jpg,5,2,true,1,train,true
fashionpedia,train2020,42295,563c40bcf328c42613f76a47d9d4b032.jpg,5,2,true,1,train,true
fashionpedia,train2020,42298,f6bc83408e66cbb4014cd8bfee1e70a5.jpg,5,2,true,3,train,true
fashionpedia,train2020,42302,7991ad97a40fbe4dbfed6e5967572e0d.jpg,5,2,true,1,train,true
fashionpedia,train2020,42313,4ae1a68f5e4b696880423d483a5a5c7b.jpg,5,2,true,1,train,true
fashionpedia,train2020,42320,84166660d4fcd557396798796bdd6b1d.jpg,5,2,true,4,train,true
fashionpedia,train2020,42324,001039acb67251508b1b32fd37a49f43.jpg,5,2,true,1,train,true
fashionpedia,train2020,42325,c943f919dca32bc4e6f8b93156c876d8.jpg,5,2,true,2,train,true
fashionpedia,train2020,42327,04fe2f3e8f6e78e0a0d2a82f06597485.jpg,5,2,true,1,train,true
fashionpedia,train2020,42329,f13bac93da13444f529aa1c821731161.jpg,5,2,true,1,train,true
fashionpedia,train2020,42334,0665080bce02b7631da197ccdb05e9d6.jpg,5,2,true,3,train,true
fashionpedia,train2020,42355,9dc7ea556a5d0ccc17a14bd516651338.jpg,5,2,true,3,train,true
fashionpedia,train2020,42357,d51b8b78a8da99ae7f8b9e5024497ff2.jpg,5,2,true,3,train,true
fashionpedia,train2020,42358,71b57db2aa3b118a163c2391fef67e63.jpg,5,2,true,1,train,true
fashionpedia,train2020,42361,bf7442c3270d40d371c9bffe86d13043.jpg,5,2,true,2,train,true
fashionpedia,train2020,42364,0ef11ccb83eef258d4c05cd61d042235.jpg,5,2,true,1,train,true
fashionpedia,train2020,42370,a60dddf164569911b5bbb281ce344d45.jpg,5,2,true,3,train,true
fashionpedia,train2020,42378,df7908f3a828937ef5bfeff6686d2e6f.jpg,5,2,true,2,train,true
fashionpedia,train2020,42384,71a6f9a127b591f5e17aff8ee16d7dbd.jpg,5,2,true,3,train,true
fashionpedia,train2020,42389,0bfe12abaa5a1126228c75bc30e50008.jpg,5,2,true,1,train,true
fashionpedia,train2020,42398,faff60cf3d688ccec5708264a7894c06.jpg,5,2,true,1,train,true
fashionpedia,train2020,42403,6e702b3989d0477135e671fb814ac826.jpg,5,2,true,3,train,true
fashionpedia,train2020,42406,20a7bcfc6987559e4d8250c5826edd76.jpg,5,2,true,2,train,true
fashionpedia,train2020,42410,cada1d87424b82d4fe6d4411cd9cc03a.jpg,5,2,true,1,train,true
fashionpedia,train2020,42429,51d87a746753fd4dffa9f4a29a3d0cce.jpg,5,2,true,1,train,true
fashionpedia,train2020,42432,cd06200b001b8ebccfb9dd4b5911a81d.jpg,5,2,true,2,train,true
fashionpedia,train2020,42440,e8ebf37c35c7fbe10f9d8f4d5782f966.jpg,5,2,true,2,train,true
fashionpedia,train2020,42447,20fb431f90485a639f7f1348e5e9d08f.jpg,5,2,true,1,train,true
fashionpedia,train2020,42448,8ed9f1a5c705ec5e0e8368d73d30e413.jpg,5,2,true,2,train,true
fashionpedia,train2020,42459,98a904dfea37965afc4a1adb57d81179.jpg,5,2,true,1,train,true
fashionpedia,train2020,42464,69f1c7b3864803d7ae6562b676f7f6a2.jpg,5,2,true,3,train,true
fashionpedia,train2020,42483,9eea390630e30d9dec400ddaacbbbb65.jpg,5,2,true,1,train,true
fashionpedia,train2020,42486,3c6e51cbb6761240a81e785d31b9d9f2.jpg,5,2,true,1,train,true
fashionpedia,train2020,42508,0aa7b5899a2eb393d79d30fcb4bfae4c.jpg,5,2,true,1,train,true
fashionpedia,train2020,42514,caab021260d9813df0b9d7e35187906f.jpg,5,2,true,3,train,true
fashionpedia,train2020,42515,d52c896381e845b4dcdd9f7779e97256.jpg,5,2,true,2,train,true
fashionpedia,train2020,42518,a7cbae92a05fbd1e65db3ffec36da30a.jpg,5,2,true,3,train,true
fashionpedia,train2020,42519,8ffcbfde97eb3b2a68de4df1192a8e85.jpg,5,2,true,1,train,true
fashionpedia,train2020,42520,ddfc53128a2b36dee31d93330644af18.jpg,5,2,true,3,train,true
fashionpedia,train2020,42522,5b3eb6e91f9f7ea76d470f7619baec3e.jpg,5,2,true,3,train,true
fashionpedia,train2020,42525,0d65de0b9db4958782335010a0379d32.jpg,5,2,true,1,train,true
fashionpedia,train2020,42547,8f5fadb8afd824d0fc2cfb8901830687.jpg,5,2,true,1,train,true
fashionpedia,train2020,42551,0d603e1b930e4360b15a742db25a619e.jpg,5,2,true,3,train,true
fashionpedia,train2020,42553,d2d024668331b2e03256ef9bb61690e3.jpg,5,2,true,1,train,true
fashionpedia,train2020,42555,6ac3df9a6647252cf3540cc82ddbbbd2.jpg,5,2,true,3,train,true
fashionpedia,train2020,42557,6384d6fbfe38d3dad6f5195c760188aa.jpg,5,2,true,1,train,true
fashionpedia,train2020,42560,ab41dade72ea15b156b65c7140392d13.jpg,5,2,true,0,selected_no_valid_crop,false
fashionpedia,train2020,42561,dc85658b227b219eba34ba36238f1b90.jpg,5,2,true,1,train,true
fashionpedia,train2020,42565,63ec2a259c6b9f8867e9640a77c69761.jpg,5,2,true,1,train,true
fashionpedia,train2020,42569,618efece40c695d25561c011452eb704.jpg,5,2,true,2,train,true
fashionpedia,train2020,42571,e1cafe7e2340e9a80fa6603f1432b33c.jpg,5,2,true,3,train,true
fashionpedia,train2020,42572,b6191452dd0405ff019f6b0d5fa42cf4.jpg,5,2,true,3,train,true
fashionpedia,train2020,42573,1caf625107a6508eaa2ac63e9a4b8424.jpg,5,2,true,1,train,true
fashionpedia,train2020,42578,473b550446e944935fe07243bd3ea3ac.jpg,5,2,true,1,train,true
fashionpedia,train2020,42583,705828f0e30626c0be24f002a6ac196f.jpg,5,2,true,1,train,true
fashionpedia,train2020,42595,405fabd07add9887eac0f118c91d6110.jpg,5,2,true,1,train,true
fashionpedia,train2020,42599,59611e301418559c64dc80d8c3a71230.jpg,5,2,true,1,train,true
fashionpedia,train2020,42607,9f7bc3bd723d0f6529fb2bd13753df12.jpg,5,2,true,1,train,true
fashionpedia,train2020,42609,7e042a13be21b37ccc25001f5c28b275.jpg,5,2,true,3,train,true
fashionpedia,train2020,42617,f68a6d3a550632d54c07e51174e61076.jpg,5,2,true,2,train,true
fashionpedia,train2020,42629,9666b742bd284677bb7db3651cc47acb.jpg,5,2,true,1,train,true
fashionpedia,train2020,42641,550bc2993d0774c9df517c1f6ba83189.jpg,5,2,true,3,train,true
fashionpedia,train2020,42644,82ae826028c254ae2478426b883146f0.jpg,5,2,true,2,train,true
fashionpedia,train2020,42646,873204681062afc0d8420d8bb532a485.jpg,5,2,true,2,train,true
fashionpedia,train2020,42652,d57425538a8287b6d3e46c260c1a569f.jpg,5,2,true,1,train,true
fashionpedia,train2020,42656,fefb6ba02a7582a0fd979007b553ceb2.jpg,5,2,true,2,train,true
fashionpedia,train2020,42658,eb26f33f5b32e5fe1b0262b25917cd50.jpg,5,2,true,1,train,true
fashionpedia,train2020,42669,0233cab939119b9f3684200287bb6073.jpg,5,2,true,2,train,true
fashionpedia,train2020,42670,d02ce80bca68834c31fcd477fb67e1b9.jpg,5,2,true,1,train,true
fashionpedia,train2020,42673,b2ef2dc5df0c300869499b784f3445ed.jpg,5,2,true,1,train,true
fashionpedia,train2020,42683,73526deb9337ee74041170c2fe3f8a4b.jpg,5,2,true,3,train,true
fashionpedia,train2020,42692,219c27e95a5065da13dad9804d1a861a.jpg,5,2,true,1,train,true
fashionpedia,train2020,42694,ce3d3c795152b1a6799b8bbd1b291f93.jpg,5,2,true,1,train,true
fashionpedia,train2020,42697,93076dc28633504bbde3bf2ec2104c5f.jpg,5,2,true,2,train,true
fashionpedia,train2020,42711,3e9b4b9658988ba43b08145fb78b4d93.jpg,5,2,true,1,train,true
fashionpedia,train2020,42714,7160c3cdf8f54190a9f78642c2705bdf.jpg,5,2,true,1,train,true
fashionpedia,train2020,42718,1cdf907300111f274bf98f6a1da33dd5.jpg,5,2,true,2,train,true
fashionpedia,train2020,42738,3a23c1f989e1e985e445b61630024468.jpg,5,2,true,1,train,true
fashionpedia,train2020,42746,783a3665288bcac18c867c0c3bcd7dd8.jpg,5,2,true,1,train,true
fashionpedia,train2020,42748,4e91fec0a6c0a507b0151aca0a096e4a.jpg,5,2,true,1,train,true
fashionpedia,train2020,42751,ceebc660d5a3d25f23646ab90cafb406.jpg,5,2,true,2,train,true
fashionpedia,train2020,42753,ac703ce9231d36b991f337765b567bbd.jpg,5,2,true,2,train,true
fashionpedia,train2020,42754,189653957ea2264bd79886a8e6638724.jpg,5,2,true,2,train,true
fashionpedia,train2020,42773,f7cdd4749292beef81025ca07af6fe52.jpg,5,2,true,2,train,true
fashionpedia,train2020,42777,a1be6729a4a6094afb4c779fd92bafaa.jpg,5,2,true,1,train,true
fashionpedia,train2020,42779,72008ea53fd9d21c6fe8bb0d2a21d3c1.jpg,5,2,true,2,train,true
fashionpedia,train2020,42780,02e84e3556b3d27d00168c01cd67d6d8.jpg,5,2,true,1,train,true
fashionpedia,train2020,42790,ab1abef4f2743f9f98b7c4e07cf3bdfe.jpg,5,2,true,2,train,true
fashionpedia,train2020,42797,84c7b2d0f440f9ef84baa47cfc86efd2.jpg,5,2,true,1,train,true
fashionpedia,train2020,42805,9834259687fa8a374e64449760822881.jpg,5,2,true,4,train,true
fashionpedia,train2020,42811,cc0b41208f93d6a9122318fabb5d0742.jpg,5,2,true,1,train,true
fashionpedia,train2020,42817,f098cc4e5a2947dbc5eeaf71f7c82ef9.jpg,5,2,true,2,train,true
fashionpedia,train2020,42820,5bd5b8d84ee56a48b045ac6393083b55.jpg,5,2,true,1,train,true
fashionpedia,train2020,42823,f71b63f79cca689defd140ec4ea82b42.jpg,5,2,true,1,train,true
fashionpedia,train2020,42830,ab649730940e8989f8d3e134924d565b.jpg,5,2,true,1,train,true
fashionpedia,train2020,42831,5601a520d24c77a526f6eebe6546f2d8.jpg,5,2,true,1,train,true
fashionpedia,train2020,42838,68d873c2648093422f431d7b74cb0f53.jpg,5,2,true,2,train,true
fashionpedia,train2020,42847,ed5407af3187519799514fea10844230.jpg,5,2,true,2,train,true
fashionpedia,train2020,42848,17de909c8c669476aa81ec366c809bcb.jpg,5,2,true,1,train,true
fashionpedia,train2020,42849,362c2a9ac316da51f8a8d5f5d5bae411.jpg,5,2,true,1,train,true
fashionpedia,train2020,42854,5d018d35027c91188894a174710a3861.jpg,5,2,true,3,train,true
fashionpedia,train2020,42856,ff57700ee2ce218a4054f039ef8d105c.jpg,5,2,true,2,train,true
fashionpedia,train2020,42858,9a100440be46932cb2c40298b70fddd8.jpg,5,2,true,1,train,true
fashionpedia,train2020,42860,be29aef587d8c9ddb497f0ac41a7c909.jpg,5,2,true,1,train,true
fashionpedia,train2020,42865,becf9678e2d4d812e9859029ae264fdf.jpg,5,2,true,3,train,true
fashionpedia,train2020,42876,ed07f9233e9b569569cb41755b91a7ae.jpg,5,2,true,2,train,true
fashionpedia,train2020,42883,8477907f169e9bcf8d33a6884d1da786.jpg,5,2,true,1,train,true
fashionpedia,train2020,42884,bad4a27bca494e859d257de10e893e1e.jpg,5,2,true,3,train,true
fashionpedia,train2020,42886,f9f980ed64ce37bdaa282f3c8e7a64f1.jpg,5,2,true,2,train,true
fashionpedia,train2020,42887,d88e5e679d60d691093f4b7be759fba1.jpg,5,2,true,1,train,true
fashionpedia,train2020,42891,b957df531171ba77bdb06a286915eddf.jpg,5,2,true,2,train,true
fashionpedia,train2020,42894,3e1f545fd39a972a66dc09a81edb0dcd.jpg,5,2,true,1,train,true
fashionpedia,train2020,42906,fe1678f7f35c73d90312f2835765892c.jpg,5,2,true,1,train,true
fashionpedia,train2020,42907,ce02c5c03b8d7945bd4f4dbb352bd5f7.jpg,5,2,true,1,train,true
fashionpedia,train2020,42911,7d8333c8550d2197c69a72db1ed19aa4.jpg,5,2,true,4,train,true
fashionpedia,train2020,42916,7e9c24b0a4165e8f10706ea87cbb0534.jpg,5,2,true,1,train,true
fashionpedia,train2020,42957,3700cc1af5afc764a44bbffb0e02d460.jpg,5,2,true,1,train,true
fashionpedia,train2020,42965,0ca613830684668f8eab0a8cbd16b278.jpg,5,2,true,1,train,true
fashionpedia,train2020,42969,7f1513f2aabeeb45cb361db837c8fcfc.jpg,5,2,true,2,train,true
fashionpedia,train2020,42972,cb4f2da37fd742b81bcc58c1bb7d540e.jpg,5,2,true,3,train,true
fashionpedia,train2020,42976,af97b6a82e393a5c2dabf4c00e3a9802.jpg,5,2,true,2,train,true
fashionpedia,train2020,42980,0343b65a4751204838136fea5e8b6373.jpg,5,2,true,1,train,true
fashionpedia,train2020,42990,a08e1c761a9150c76f0564c4342e6011.jpg,5,2,true,2,train,true
fashionpedia,train2020,43009,c6cad867e9cb275263c29e9e50a6c2f9.jpg,5,2,true,1,train,true
fashionpedia,train2020,43011,1b7285704a70d18ba3bfff2b98b8a86c.jpg,5,2,true,1,train,true
fashionpedia,train2020,43014,c9f0456d73597e2942b3a9179028ac56.jpg,5,2,true,1,train,true
fashionpedia,train2020,43037,1e1bb9bcd99d5362d29191df67f61d8d.jpg,5,2,true,2,train,true
fashionpedia,train2020,43039,4ef57ef1d8e53f6f694b7f310fc2517b.jpg,5,2,true,4,train,true
fashionpedia,train2020,43063,cd94a8093a196ef5586a192e0f48b09f.jpg,5,2,true,1,train,true
fashionpedia,train2020,43065,2910e9418ef90dabccc7592427080bb0.jpg,5,2,true,1,train,true
fashionpedia,train2020,43077,4fbf3f528a46e7662d1f139cf74d694b.jpg,5,2,true,1,train,true
fashionpedia,train2020,43093,7aa3f4cea8632ebd4d854062f693d631.jpg,5,2,true,1,train,true
fashionpedia,train2020,43112,55091c5c186cd69a69d54ddb4d3b0e67.jpg,5,2,true,2,train,true
fashionpedia,train2020,43122,51e5418e0fcfb6bc02524b285f9e59ed.jpg,5,2,true,1,train,true
fashionpedia,train2020,43125,bb0447cd83ebfab0306b2058da4da0e2.jpg,5,2,true,1,train,true
fashionpedia,train2020,43127,66100367de26f6ab2e58acf6f759b313.jpg,5,2,true,1,train,true
fashionpedia,train2020,43130,46e50ef964158432b448cf530dbb6dd3.jpg,5,2,true,2,train,true
fashionpedia,train2020,43134,c7271dec06f34076c4096eced771ad62.jpg,5,2,true,1,train,true
fashionpedia,train2020,43142,e3d124fe89b6674515638e56d1c20a41.jpg,5,2,true,1,train,true
fashionpedia,train2020,43147,cec9ba50bdfcefe9a17c6b32beabec7a.jpg,5,2,true,1,train,true
fashionpedia,train2020,43159,9ba5c587ccaaa7d0123f2189163f85f9.jpg,5,2,true,1,train,true
fashionpedia,train2020,43169,a3c9e34c8825e310a0cd12eb8d54fa49.jpg,5,2,true,1,train,true
fashionpedia,train2020,43171,d7f2ec8b6e5502afb82170142799fc11.jpg,5,2,true,1,train,true
fashionpedia,train2020,43175,a07e909aef11a1d9777901a0867fa44c.jpg,5,2,true,3,train,true
fashionpedia,train2020,43180,55ecedffd8aab4fd49ba80caefa85ae7.jpg,5,2,true,1,train,true
fashionpedia,train2020,43182,fddfef3f3490af782ddddc7fea12a346.jpg,5,2,true,1,train,true
fashionpedia,train2020,43183,37548615b0673e9241b6c4c22b298d77.jpg,5,2,true,1,train,true
fashionpedia,train2020,43189,ff943feb34677ab7380b172f5a879061.jpg,5,2,true,1,train,true
fashionpedia,train2020,43191,58e6ef63fbf84615690ab6d574754b43.jpg,5,2,true,1,train,true
fashionpedia,train2020,43218,7ae33b571d6c78956a442764e173b5c3.jpg,5,2,true,1,train,true
fashionpedia,train2020,43223,292485b4022f1f54232bf903cfb0f34e.jpg,5,2,true,2,train,true
fashionpedia,train2020,43227,2288a23c4c6bb5d5e353f99477fd286f.jpg,5,2,true,1,train,true
fashionpedia,train2020,43232,7d9ead4fdb671eb583404cd7ff785a77.jpg,5,2,true,3,train,true
fashionpedia,train2020,43236,49802e4df99a258dee24a528cf3bec58.jpg,5,2,true,2,train,true
fashionpedia,train2020,43237,916a93622906117b7418a28533b2b7ae.jpg,5,2,true,5,train,true
fashionpedia,train2020,43242,cc0cb541d0c3be2c4d218b3bdd43d12e.jpg,5,2,true,2,train,true
fashionpedia,train2020,43245,88925464f26d0fd22f11f27fe95b9ba2.jpg,5,2,true,2,train,true
fashionpedia,train2020,43246,41bd8d15d3a668c24058a4dc2738f845.jpg,5,2,true,1,train,true
fashionpedia,train2020,43247,0445f6d5663deedb7a505b132f793d7a.jpg,5,2,true,1,train,true
fashionpedia,train2020,43257,72919cec56ab143e900a43f2081bf4cd.jpg,5,2,true,1,train,true
fashionpedia,train2020,43265,782ef7ee845d1d4d2fd435cd1b9ae1f1.jpg,5,2,true,1,train,true
fashionpedia,train2020,43270,b3b5d7087c13d66e9d3a8610bf467e4c.jpg,5,2,true,2,train,true
fashionpedia,train2020,43277,54fda4802b2fcfeb5e3fdd61227a2499.jpg,5,2,true,3,train,true
fashionpedia,train2020,43287,bcac0abc04c57f914ae083ffc508c765.jpg,5,2,true,3,train,true
fashionpedia,train2020,43288,c0481c46f59b7777a2e4604c91c1ee24.jpg,5,2,true,1,train,true
fashionpedia,train2020,43302,cb6d4e6ebe4ba90f1e772865105e714c.jpg,5,2,true,1,train,true
fashionpedia,train2020,43308,a681500ece666e6b316ec6bb5f54150e.jpg,5,2,true,2,train,true
fashionpedia,train2020,43310,b5922ee76e91f1f9c21dfdb05e8843bb.jpg,5,2,true,2,train,true
fashionpedia,train2020,43322,bedc6e3aee9a12ce0ce6cbaae703b952.jpg,5,2,true,1,train,true
fashionpedia,train2020,43324,83a24c02e4ac90623ab7eed9a9848a7c.jpg,5,2,true,2,train,true
fashionpedia,train2020,43325,c9b4f20897cd9867f5a6b6e867102f56.jpg,5,2,true,2,train,true
fashionpedia,train2020,43342,2c23cf4c06b2c71880c9d8bd4fe226eb.jpg,5,2,true,1,train,true
fashionpedia,train2020,43354,026a9d4e51588f0973eea33bb81c512a.jpg,5,2,true,2,train,true
fashionpedia,train2020,43355,683457b92e513682f09c4524cdf1149e.jpg,5,2,true,2,train,true
fashionpedia,train2020,43398,2ed47db58fcc28f77e23cd09a42d3d9a.jpg,5,2,true,2,train,true
fashionpedia,train2020,43411,9ba8b4ac05591fb129561dda2db4bb9e.jpg,5,2,true,2,train,true
fashionpedia,train2020,43412,491b9dcfbed0568251ecb6cf0382e379.jpg,5,2,true,2,train,true
fashionpedia,train2020,43415,52b2f81dbd0780f462a9b060c1a79c5b.jpg,5,2,true,3,train,true
fashionpedia,train2020,43430,eab4e06f78481f32da29e58b35f979b5.jpg,5,2,true,1,train,true
fashionpedia,train2020,43431,b0004005789c99a6f96b6fe0c8b22995.jpg,5,2,true,1,train,true
fashionpedia,train2020,43436,7a6143e8903bae8e6dcedcb4347c1489.jpg,5,2,true,1,train,true
fashionpedia,train2020,43444,eace32719c07e4e10bb3956f1d4641dc.jpg,5,2,true,2,train,true
fashionpedia,train2020,43457,3e5647b57fbf5c39944787965cf6a46c.jpg,5,2,true,2,train,true
fashionpedia,train2020,43463,4699d0b44c00c471e0db48552000a7ac.jpg,5,2,true,2,train,true
fashionpedia,train2020,43473,96240eacb670434c1c3ab3760bbbc1fd.jpg,5,2,true,1,train,true
fashionpedia,train2020,43474,ee8d4698f7e6a1a7a9ff08e153c9ef59.jpg,5,2,true,1,train,true
fashionpedia,train2020,43475,3803421f5ef144d49f75e94a28f7cc23.jpg,5,2,true,1,train,true
fashionpedia,train2020,43483,6d6b6a2c336253e8521a5167ed6bd3c7.jpg,5,2,true,1,train,true
fashionpedia,train2020,43485,9cb185f0715b662d857cad31d94b61a8.jpg,5,2,true,3,train,true
fashionpedia,train2020,43488,7c7516a9890b5fc50f6b89eeb4e1e439.jpg,5,2,true,3,train,true
fashionpedia,train2020,43490,1bc9d70a15ab5667d3576961dc2c6ff1.jpg,5,2,true,1,train,true
fashionpedia,train2020,43493,a2ff5d830218e553af2751891cbb3411.jpg,5,2,true,1,train,true
fashionpedia,train2020,43497,8510452c52159991b06abdfa218721c4.jpg,5,2,true,1,train,true
fashionpedia,train2020,43520,49eead427e7bad5a9c329fd7e21e0d4f.jpg,5,2,true,3,train,true
fashionpedia,train2020,43529,fee9ea29f695f6f590dbaf3ecc99351b.jpg,5,2,true,2,train,true
fashionpedia,train2020,43537,bfb2c6552c81f1f3e53b0e7fc5ac5c3a.jpg,5,2,true,2,train,true
fashionpedia,train2020,43541,e1e1c43dfa18e4f42c9cf6ec20602ed4.jpg,5,2,true,2,train,true
fashionpedia,train2020,43556,75a84523b33ab077f734eba3e766f7e6.jpg,5,2,true,3,train,true
fashionpedia,train2020,43575,38bc59f7ce9cbb23a3664a6fda8d2ca8.jpg,5,2,true,2,train,true
fashionpedia,train2020,43577,1fb400d9e35c89f55dd5b3f5bbbe2bc1.jpg,5,2,true,1,train,true
fashionpedia,train2020,43583,48ad41a64577005b4fa57fc767e873ad.jpg,5,2,true,3,train,true
fashionpedia,train2020,43588,b814661055e532818e6f21b65a3194aa.jpg,5,2,true,3,train,true
fashionpedia,train2020,43593,d088cf85d52a3ab12a43dfffb4c37154.jpg,5,2,true,2,train,true
fashionpedia,train2020,43594,be0e0b465ee7b1da90c4a667b0d63fbd.jpg,5,2,true,1,train,true
fashionpedia,train2020,43607,21750a2191c770f725a82de8ac391af8.jpg,5,2,true,1,train,true
fashionpedia,train2020,43616,2794aa0267c7d654fc0f41fff0011503.jpg,5,2,true,2,train,true
fashionpedia,train2020,43624,286eb36d285bddde382b404d63bf07d9.jpg,5,2,true,3,train,true
fashionpedia,train2020,43627,b96116b70db96fad265ddd1acfe4829f.jpg,5,2,true,1,train,true
fashionpedia,train2020,43632,8f175e8cd48addd8a8d22a00311f09f7.jpg,5,2,true,2,train,true
fashionpedia,train2020,43634,d21df3d291a691bd1ce813f7b4bf707d.jpg,5,2,true,1,train,true
fashionpedia,train2020,43636,5d2b7b6d7e26c5053dbaf8905480f4ea.jpg,5,2,true,1,train,true
fashionpedia,train2020,43642,0295d4318e9cdc2991c179b586ea3acf.jpg,5,2,true,1,train,true
fashionpedia,train2020,43643,95459427f24d490839a6b9ac606eb1cd.jpg,5,2,true,1,train,true
fashionpedia,train2020,43663,a30cbfda95cd366b6a685e027e83faf8.jpg,5,2,true,2,train,true
fashionpedia,train2020,43666,217d5bc8291a706f7d5788636b39d1c1.jpg,5,2,true,2,train,true
fashionpedia,train2020,43671,bb9fa1fd80f874a6705df7227fc5b6f1.jpg,5,2,true,2,train,true
fashionpedia,train2020,43675,492aa3b7f5d2216f85497cc70371b8ff.jpg,5,2,true,1,train,true
fashionpedia,train2020,43676,99793c79afcccee3e71a471d9fd17473.jpg,5,2,true,1,train,true
fashionpedia,train2020,43691,ac2f1cbc8a551e1bb9f6bd97010b559d.jpg,5,2,true,1,train,true
fashionpedia,train2020,43693,d26f9491331a81d1739980f3cba76056.jpg,5,2,true,1,train,true
fashionpedia,train2020,43695,c10e965782484c55e5e2b8c38a68fe55.jpg,5,2,true,1,train,true
fashionpedia,train2020,43697,775911324dd35bc65b04cda738f76f5e.jpg,5,2,true,2,train,true
fashionpedia,train2020,43704,992d5477d3e6af9ac79c0484aa538add.jpg,5,2,true,2,train,true
fashionpedia,train2020,43709,81b8a2df6a45db2a909d684858293d0e.jpg,5,2,true,2,train,true
fashionpedia,train2020,43710,1686b93fe11afe14993c8d5afdb140c4.jpg,5,2,true,1,train,true
fashionpedia,train2020,43717,47c530f08b38d8b447389554e14eb013.jpg,5,2,true,2,train,true
fashionpedia,train2020,43724,e8bdf38c706b9f08885f852fe0d1c8c1.jpg,5,2,true,2,train,true
fashionpedia,train2020,43752,c40d31d5b711b675bc66773c78bf2622.jpg,5,2,true,1,train,true
fashionpedia,train2020,43759,90d07a808ad3f6f895347af7d54d1af3.jpg,5,2,true,3,train,true
fashionpedia,train2020,43765,a08f6fbd699a0ca2abcd1cd0bcf884f1.jpg,5,2,true,1,train,true
fashionpedia,train2020,43768,1311fc36bf19ab5b46af544ed9be542b.jpg,5,2,true,2,train,true
fashionpedia,train2020,43769,b72d5933f15df00597c8740822ca1745.jpg,5,2,true,1,train,true
fashionpedia,train2020,43776,2421fd2c4cfe450afe75b63c0e7d71e5.jpg,5,2,true,3,train,true
fashionpedia,train2020,43777,cf965fe1dba5a7cc9e060ebbe6bfab9f.jpg,5,2,true,1,train,true
fashionpedia,train2020,43781,4fed4a84da339890dbf4671e98581580.jpg,5,2,true,2,train,true
fashionpedia,train2020,43786,521e69eac7e4c1b7514be5be79452bfd.jpg,5,2,true,2,train,true
fashionpedia,train2020,43798,90eb86ba1abb2f8d57039f229a039f68.jpg,6,2,true,1,train,true
fashionpedia,train2020,43801,ea1b7b9c69d9e3250cc2062bdf903b5c.jpg,6,2,true,1,train,true
fashionpedia,train2020,43802,cbe46e3b1e6aa0a9da50dd6e19dd93b7.jpg,6,2,true,1,train,true
fashionpedia,train2020,43805,586b210acf1b2510b80831a2dd010fdc.jpg,6,2,true,2,train,true
fashionpedia,train2020,43812,79148f585538ec1a75a5830a7a274b6d.jpg,6,2,true,1,train,true
fashionpedia,train2020,43814,80b1dcc3caff5cb0b333a16aa0b36756.jpg,6,2,true,1,train,true
fashionpedia,train2020,43815,b29f6fcf51c69b4ef032333fd51d4b97.jpg,6,2,true,3,train,true
fashionpedia,train2020,43819,d83da80be5bcd9dbda8d15bdf0ed3990.jpg,6,2,true,1,train,true
fashionpedia,train2020,43825,f36c38a8c82e1e3fa75cd3e3d7b009ba.jpg,6,2,true,1,train,true
fashionpedia,train2020,43834,dfcbf4ce81d699fe002a006d32666156.jpg,6,2,true,2,train,true
fashionpedia,train2020,43843,977563749b2ce8e2e2278834aabb049f.jpg,6,2,true,2,train,true
fashionpedia,train2020,43847,b195fbce10c73d0c63537df716107dcd.jpg,6,2,true,2,train,true
fashionpedia,train2020,43850,64a6a7240c5b62d4015f54e4f75ceca4.jpg,6,2,true,1,train,true
fashionpedia,train2020,43861,42263ba4ec70e6835e039777d2ca05ba.jpg,6,2,true,4,train,true
fashionpedia,train2020,43867,b0e0a5f92a20aac881fbc564ece456eb.jpg,6,2,true,2,train,true
fashionpedia,train2020,43886,3b105532c877fe789b5014706449377a.jpg,6,2,true,1,train,true
fashionpedia,train2020,43888,4103685e877ca466a96fa9d0bed6b0e8.jpg,6,2,true,3,train,true
fashionpedia,train2020,43895,934e99d85a0a3298540d43525b59a4ee.jpg,6,2,true,2,train,true
fashionpedia,train2020,43896,34786b9867cffd76b9f0f2f799936e80.jpg,6,2,true,3,train,true
fashionpedia,train2020,43898,75921e2d55ddc0f21bc0fbc906c57128.jpg,6,2,true,3,train,true
fashionpedia,train2020,43899,2e57e783a7cbdd0f7fe3b88cc20cc782.jpg,6,2,true,1,train,true
fashionpedia,train2020,43904,593b337ca3e4a77a6aa7b964a0df652c.jpg,6,2,true,1,train,true
fashionpedia,train2020,43906,6a6d6428a31701e5e6f3ef3acc6fe600.jpg,6,2,true,1,train,true
fashionpedia,train2020,43908,d153de87381ce09340a0fec6d8fad977.jpg,6,2,true,2,train,true
fashionpedia,train2020,43911,9218cd644b60d9af663cce7c96f7de4c.jpg,6,2,true,1,train,true
fashionpedia,train2020,43939,5b51776ef6a73d74434b010b01a01cbc.jpg,6,2,true,2,train,true
fashionpedia,train2020,43943,a28f112fc9fbfe472e819524e856e25c.jpg,6,2,true,2,train,true
fashionpedia,train2020,43965,a2b858b1db9d521611b6fe387128be3f.jpg,6,2,true,2,train,true
fashionpedia,train2020,43969,4ecae0eba0892c01f85434d82d0c7775.jpg,6,2,true,2,train,true
fashionpedia,train2020,43975,2238d2c568dd318cc5cc4907e48a9048.jpg,6,2,true,3,train,true
fashionpedia,train2020,43984,f0df769ccb2db466138bc24a294b80a8.jpg,6,2,true,1,train,true
fashionpedia,train2020,43987,a2bc18d937effa344634407d38ee491d.jpg,6,2,true,1,train,true
fashionpedia,train2020,43995,ec84ec31fc79b17b65f9231d7ec14698.jpg,6,2,true,2,train,true
fashionpedia,train2020,43998,634e750f9655592aad05ae6840b9ed68.jpg,6,2,true,3,train,true
fashionpedia,train2020,43999,fde5a907d6eb6ec8052ab5cd11b3f37f.jpg,6,2,true,3,train,true
fashionpedia,train2020,44001,b5c5478532c8c3f3a9ac32602d392398.jpg,6,2,true,2,train,true
fashionpedia,train2020,44012,3f99debca7c5b91e32a699697e9ac6db.jpg,6,2,true,1,train,true
fashionpedia,train2020,44014,490d0d618cf18785aab63ef7c938db24.jpg,6,2,true,1,train,true
fashionpedia,train2020,44022,6b4d9f68a4f5f2764f3ad113654dda08.jpg,6,2,true,1,train,true
fashionpedia,train2020,44029,ebd36fede8eda5b4a506bcd11adc05f3.jpg,6,2,true,1,train,true
fashionpedia,train2020,44032,6b545c0eec87611ef801dffb7d2e8af7.jpg,6,2,true,2,train,true
fashionpedia,train2020,44037,43254ca047eb08717bd94e511e1585c3.jpg,6,2,true,3,train,true
fashionpedia,train2020,44044,1d12da3ad2b65d7cc93bedd6e85f68ee.jpg,6,2,true,3,train,true
fashionpedia,train2020,44051,4de96f6c0dab577326310af13c0c5a2f.jpg,6,2,true,1,train,true
fashionpedia,train2020,44057,f1111e3c8152d0feef18ca4c4f72d709.jpg,6,2,true,1,train,true
fashionpedia,train2020,44058,c6edbfdb3a1b3b008a7af60b1a523434.jpg,6,2,true,1,train,true
fashionpedia,train2020,44059,fd4c53e330ca16f94e52b96655a08c75.jpg,6,2,true,1,train,true
fashionpedia,train2020,44066,eb4bc31ffd7dc153c18c8e2bd2d00e08.jpg,6,2,true,1,train,true
fashionpedia,train2020,44067,21e915678406a0dc2682d3927d8aac0f.jpg,6,2,true,1,train,true
fashionpedia,train2020,44069,bde47b0b7c9f41884e4cfbda6b4fae9f.jpg,6,2,true,1,train,true
fashionpedia,train2020,44090,63da2772feff46193c30e2c10c2cb65b.jpg,6,2,true,1,train,true
fashionpedia,train2020,44102,bbbef1006aa3f7ba61f1c68ab77fc8e5.jpg,6,2,true,1,train,true
fashionpedia,train2020,44135,91a153e217115dff9c09e8f17db7387d.jpg,6,2,true,3,train,true
fashionpedia,train2020,44147,d784428518495bcdda08108e1f216568.jpg,6,2,true,2,train,true
fashionpedia,train2020,44148,0355d897ac6952eec3a83a0429dddfb3.jpg,6,2,true,1,train,true
fashionpedia,train2020,44155,06ce98624c1d695f9c6eeaa8151bb049.jpg,6,2,true,1,train,true
fashionpedia,train2020,44159,a1ab45cde8311ad0670995350b956389.jpg,6,2,true,1,train,true
fashionpedia,train2020,44165,d5c03722f52752b51d4b75c3c1e9bcfe.jpg,6,2,true,1,train,true
fashionpedia,train2020,44182,3fd244145f7d141af3ed5c3e1d935146.jpg,6,2,true,1,train,true
fashionpedia,train2020,44186,3f6876b6555011ced933f600ebe16539.jpg,6,2,true,1,train,true
fashionpedia,train2020,44195,eced54a63b427a7207dc16e2f969f079.jpg,6,2,true,2,train,true
fashionpedia,train2020,44199,42d5c0572d7775348a79f3e6d55dc743.jpg,6,2,true,2,train,true
fashionpedia,train2020,44204,939497a27f6777dbb5a29d278b2cb809.jpg,6,2,true,1,train,true
fashionpedia,train2020,44207,68a44b4976ec58b37eb25138a66b1598.jpg,6,2,true,2,train,true
fashionpedia,train2020,44212,97cbe39dc4e6bb5bb50ea826b2ac92f3.jpg,6,2,true,2,train,true
fashionpedia,train2020,44222,c6c4f8ebaa41adc6838197781cf77f23.jpg,6,2,true,3,train,true
fashionpedia,train2020,44225,778379612dcd34bd1d3cfa9faa97df79.jpg,6,2,true,2,train,true
fashionpedia,train2020,44232,b1d4b9b0d7b0a562c1b94c4ffba30855.jpg,6,2,true,1,train,true
fashionpedia,train2020,44243,db14af485edb1c44ab84bf882dbc6b18.jpg,6,2,true,2,train,true
fashionpedia,train2020,44253,6cdfe7a5cb8c9490aa6a573f00df4650.jpg,6,2,true,2,train,true
fashionpedia,train2020,44254,d78b1ac3c10be3f7a2b8cac2dc324a6c.jpg,6,2,true,3,train,true
fashionpedia,train2020,44257,cbb995137a5ae61a42f4af674049c7f8.jpg,6,2,true,1,train,true
fashionpedia,train2020,44258,036b61924edd558367d308a05e940a29.jpg,6,2,true,1,train,true
fashionpedia,train2020,44273,6d633e3419dc54317de14f07c26c6711.jpg,6,2,true,2,train,true
fashionpedia,train2020,44276,eb2171aa2f8d805b44b86fba99f86dff.jpg,6,2,true,1,train,true
fashionpedia,train2020,44279,6d5a28c2ae8b8837994f77d39077dc19.jpg,6,2,true,2,train,true
fashionpedia,train2020,44282,8d48c2cfb4298d92ac65919987859b41.jpg,6,2,true,3,train,true
fashionpedia,train2020,44287,02b6c73a193a3011a51c53c2ba3e6622.jpg,6,2,true,3,train,true
fashionpedia,train2020,44288,6272189d59d38fa24d0d0508c029fb6b.jpg,6,2,true,2,train,true
fashionpedia,train2020,44300,7b30924a524f3e7d25dd6a802fb415a2.jpg,6,2,true,1,train,true
fashionpedia,train2020,44304,239486052bc5144ba420fced488137f4.jpg,6,2,true,1,train,true
fashionpedia,train2020,44311,aa5be482ba8827e4878a9241faec5f72.jpg,6,2,true,2,train,true
fashionpedia,train2020,44317,780a40a06936d59ffe337c9dc8b81abb.jpg,6,2,true,1,train,true
fashionpedia,train2020,44333,995896c7d0368fbe3af255c878b28fe1.jpg,6,2,true,1,train,true
fashionpedia,train2020,44341,c26dc64ae68df83822b81d5b446ec774.jpg,6,2,true,1,train,true
fashionpedia,train2020,44345,848536821086791e9dc3cf912f1aa7cc.jpg,6,2,true,1,train,true
fashionpedia,train2020,44357,3321d1522812647956621a5bd2ea6d48.jpg,6,2,true,1,train,true
fashionpedia,train2020,44358,63e3ddaede29ad780c122b002b4c74ab.jpg,6,2,true,4,train,true
fashionpedia,train2020,44364,2346260c4f2eccfad697d18807cf138b.jpg,6,2,true,1,train,true
fashionpedia,train2020,44372,fe7ddbbae91821c7c8da34d1ff4d7076.jpg,6,2,true,2,train,true
fashionpedia,train2020,44374,7e80398cb41038f7484c17b70e856e9e.jpg,6,2,true,2,train,true
fashionpedia,train2020,44382,5cf150c13e2b839e8ff880f5a3d03fde.jpg,6,2,true,4,train,true
fashionpedia,train2020,44386,27a1f7e912a0966c01bf7ef68e745bcf.jpg,6,2,true,1,train,true
fashionpedia,train2020,44394,0a9375b000d1a2b4d0f1891afaea0893.jpg,6,2,true,2,train,true
fashionpedia,train2020,44423,fde81d8132b2c70f39798f11186997bd.jpg,6,2,true,2,train,true
fashionpedia,train2020,44430,d3d934808b0e65d39f66599e8d9f1146.jpg,6,2,true,1,train,true
fashionpedia,train2020,44432,c564f60871aa97544f292a861c72ca23.jpg,6,2,true,1,train,true
fashionpedia,train2020,44433,7d8e955a0af213b57a25c47da839cf06.jpg,6,2,true,1,train,true
fashionpedia,train2020,44434,887fa24255751cee959f6929b2f1b84b.jpg,6,2,true,2,train,true
fashionpedia,train2020,44435,2a03ca596d994aed34c6d80159f3e38f.jpg,6,2,true,1,train,true
fashionpedia,train2020,44440,90d0b297d2e151969c4c554b3ca771ee.jpg,6,2,true,3,train,true
fashionpedia,train2020,44451,a211a2ca599e4b84d8edbafdb0e6a7b3.jpg,6,2,true,1,train,true
fashionpedia,train2020,44462,9d2098e6251b58e6f0f40b04185731b3.jpg,6,2,true,2,train,true
fashionpedia,train2020,44467,c3b98b7ccb2f2038daaf172636b0bc7d.jpg,6,2,true,4,train,true
fashionpedia,train2020,44469,156299b78e52f5935b113deb8f25a37e.jpg,6,2,true,1,train,true
fashionpedia,train2020,44470,efc08bbcc30ce2804f50c73ff07cffec.jpg,6,2,true,4,train,true
fashionpedia,train2020,44490,36668e4317ee27e2f3cf6ab0b313348d.jpg,6,2,true,2,train,true
fashionpedia,train2020,44491,14f694baeaf911ed6154465af88b5066.jpg,6,2,true,2,train,true
fashionpedia,train2020,44492,6ea161df6add75b924b3876bb990d85c.jpg,6,2,true,4,train,true
fashionpedia,train2020,44505,4ce08b832d9f9d6a47574dea14804f96.jpg,6,2,true,2,train,true
fashionpedia,train2020,44511,97e2cc52b84a2a79941aa6c94632b75b.jpg,6,2,true,1,train,true
fashionpedia,train2020,44522,735f8e76792692c0c5b8ddc207fbbfea.jpg,6,2,true,1,train,true
fashionpedia,train2020,44536,f7a6edf9eadf7ca71bb4e53a7c951d4c.jpg,6,2,true,2,train,true
fashionpedia,train2020,44539,863cb640d64afa05bec52f9007c8d812.jpg,6,2,true,3,train,true
fashionpedia,train2020,44540,482f22d060be1ed0c5c023e6661f7211.jpg,6,2,true,2,train,true
fashionpedia,train2020,44541,19aa235e8d860442aeb2d5e0c3cd3005.jpg,6,2,true,3,train,true
fashionpedia,train2020,44545,7785178e43f146779f1899c2aa47cb81.jpg,6,2,true,2,train,true
fashionpedia,train2020,44555,84ef12fd92b30aec1b93c3d6a1146753.jpg,6,2,true,1,train,true
fashionpedia,train2020,44567,ba3113e5b1a6482a4f059e21bc8817fe.jpg,6,2,true,1,train,true
fashionpedia,train2020,44581,b3fe5620531258357de104aede7a0286.jpg,6,2,true,1,train,true
fashionpedia,train2020,44585,2a385df27d229a5be5999d5e87e6c293.jpg,6,2,true,2,train,true
fashionpedia,train2020,44589,cf64661e6c856ebc821d567f10655d1d.jpg,6,2,true,1,train,true
fashionpedia,train2020,44592,9926e7367b2c014a248d536b9c45eaaf.jpg,6,2,true,3,train,true
fashionpedia,train2020,44619,8210573bb9469972a806e55cf2bc3509.jpg,6,2,true,1,train,true
fashionpedia,train2020,44625,917f582658c8cd8422dbfbdd2d2c416b.jpg,6,2,true,1,train,true
fashionpedia,train2020,44631,1b3869390b13480a9804b5f322eaa4e7.jpg,6,2,true,2,train,true
fashionpedia,train2020,44638,03794e8e63a82ec9f4c79e9f1b7177ec.jpg,6,2,true,1,train,true
fashionpedia,train2020,44639,b0d558acb05dfd15c9eb3363f5d01798.jpg,6,2,true,2,train,true
fashionpedia,train2020,44645,b814aab9278887e0b5772fa42cf984b2.jpg,6,2,true,1,train,true
fashionpedia,train2020,44649,fc0ed2808bdcfeb82ff820121aa4cc75.jpg,6,2,true,1,train,true
fashionpedia,train2020,44650,f4aaae940180c7ade212c22baeb88fcb.jpg,6,2,true,1,train,true
fashionpedia,train2020,44651,71790a907ebffafe38b439a876f0b153.jpg,6,2,true,2,train,true
fashionpedia,train2020,44652,cd0dac8b651367d9a5bbaba3ef914cdf.jpg,6,2,true,1,train,true
fashionpedia,train2020,44653,8bc84cf29b94e277d297dba5b673e43f.jpg,6,2,true,2,train,true
fashionpedia,train2020,44654,9f5c165f09f5b18184e64debc350b76a.jpg,6,2,true,2,train,true
fashionpedia,train2020,44663,c6f9f8b7dbda226f41f2020809f527c2.jpg,6,2,true,1,train,true
fashionpedia,train2020,44668,c18774c012840c59a2ee987a9281bfac.jpg,6,2,true,1,train,true
fashionpedia,train2020,44673,7f667c053b25307a6441eea50040d05a.jpg,6,2,true,2,train,true
fashionpedia,train2020,44683,6b1f0dc1a7e4e60912e841e00bd02b77.jpg,6,2,true,3,train,true
fashionpedia,train2020,44696,e4e2bfacd5516138d35213224a92a0b2.jpg,6,2,true,1,train,true
fashionpedia,train2020,44702,11f95d6f7f5687134201e3d503aa98b6.jpg,6,2,true,2,train,true
fashionpedia,train2020,44703,8e6a6a8ea57b78bc666e643724801294.jpg,6,2,true,1,train,true
fashionpedia,train2020,44717,a4ef2e5794781ad79d40c06431a1c4ee.jpg,6,2,true,1,train,true
fashionpedia,train2020,44718,fcc50f8b1362042b4acad74a4b4ae4ed.jpg,6,2,true,1,train,true
fashionpedia,train2020,44719,b2a02da2595687693b59680f0b8d1aed.jpg,6,2,true,2,train,true
fashionpedia,train2020,44727,6b12f30dbca76f21c4b365e3b5d9fc56.jpg,6,2,true,2,train,true
fashionpedia,train2020,44728,f34b0fa5368714973de136fb89feddff.jpg,6,2,true,2,train,true
fashionpedia,train2020,44730,fa5e67e901b8e4863491cc71757f6aa6.jpg,6,2,true,1,train,true
fashionpedia,train2020,44742,fd1c2f484f74fb441a69804c3512ef6e.jpg,6,2,true,3,train,true
fashionpedia,train2020,44753,452a2a5eed8e527f57a595b7f921a3a5.jpg,6,2,true,1,train,true
fashionpedia,train2020,44760,e724268760b945522b84768bab7e804f.jpg,6,2,true,1,train,true
fashionpedia,train2020,44763,7ce11ea26142a828e255e156f1614c5a.jpg,6,2,true,3,train,true
fashionpedia,train2020,44778,6142f48a8af7132cd55213e95baeb069.jpg,6,2,true,3,train,true
fashionpedia,train2020,44780,848497b412eeaa0ccb8492e34f693af4.jpg,6,2,true,1,train,true
fashionpedia,train2020,44788,6dc43b1879be9b83c3d0f9ad57ed8b71.jpg,6,2,true,1,train,true
fashionpedia,train2020,44789,06b98aef71874b35d2d88f72de1652e8.jpg,6,2,true,1,train,true
fashionpedia,train2020,44797,960e279c2aa58f4ded19bdc122f12f5b.jpg,6,2,true,3,train,true
fashionpedia,train2020,44808,406486e6d2bb71c68caa8d132f90018a.jpg,6,2,true,1,train,true
fashionpedia,train2020,44816,72dea95a7ec44f549d4fa75c3f2d649b.jpg,6,2,true,1,train,true
fashionpedia,train2020,44820,32e307b1a5111518718502da266cadc8.jpg,6,2,true,3,train,true
fashionpedia,train2020,44826,6f2568e40716255c763375a7fe36a122.jpg,6,2,true,2,train,true
fashionpedia,train2020,44832,7bcfff0e5f94af87749c50fe7ea64bf1.jpg,6,2,true,3,train,true
fashionpedia,train2020,44833,b7a3eed0679a998402528807bc893165.jpg,6,2,true,1,train,true
fashionpedia,train2020,44838,cfd391a92a418e174f58fc09de39c22c.jpg,6,2,true,1,train,true
fashionpedia,train2020,44846,226bd65dfdd13aa7ecfa810db71b18f1.jpg,6,2,true,1,train,true
fashionpedia,train2020,44850,538d5e5781f5f96921c7322736e3dba0.jpg,6,2,true,2,train,true
fashionpedia,train2020,44857,a023a9c4e2d43e2dddf51db06bf906b2.jpg,6,2,true,1,train,true
fashionpedia,train2020,44862,84849173c051254eb40efc1847679cb3.jpg,6,2,true,1,train,true
fashionpedia,train2020,44870,869a90e20e9db776e3836bcdff03538a.jpg,6,2,true,3,train,true
fashionpedia,train2020,44881,cc886909adb203d53a0eba0b194da0c7.jpg,6,2,true,2,train,true
fashionpedia,train2020,44889,d720d147bfcf06bbe69ba7fe48134f66.jpg,6,2,true,3,train,true
fashionpedia,train2020,44892,0b8bd0fada41c81aa3e8f740707456a9.jpg,6,2,true,1,train,true
fashionpedia,train2020,44906,d8e32088864da9f3c7ff1af2b605a260.jpg,6,2,true,3,train,true
fashionpedia,train2020,44913,1b1995eb80e328a6ddacd1e9da63722e.jpg,6,2,true,2,train,true
fashionpedia,train2020,44914,b6b75431785d3ecb8261edd173633fad.jpg,6,2,true,3,train,true
fashionpedia,train2020,44926,5a65c1252e1648869c84b1922f830d8f.jpg,6,2,true,1,train,true
fashionpedia,train2020,44928,38a77297b55fe64da31458c733a2ade5.jpg,6,2,true,1,train,true
fashionpedia,train2020,44940,7bb7f5eba4ed4eb78927486e048cb64d.jpg,6,2,true,3,train,true
fashionpedia,train2020,44941,cfe7a05e1fee998edb0998c721f5e528.jpg,6,2,true,1,train,true
fashionpedia,train2020,44956,d7d91c1d11be1631a6e1f15d097d9ac3.jpg,6,2,true,1,train,true
fashionpedia,train2020,44958,14c91ca72ca9dc560d024c1cb48552d3.jpg,6,2,true,3,train,true
fashionpedia,train2020,44962,a50f9c6f16d1c74a338d1400a55078c0.jpg,6,2,true,2,train,true
fashionpedia,train2020,44963,589a7fd798ac43ab71ab18bd7de4f75e.jpg,6,2,true,1,train,true
fashionpedia,train2020,44973,5311e7716703b3e711893174f9dacbe8.jpg,6,2,true,1,train,true
fashionpedia,train2020,44982,ef9ce5942d25cd35da60e953b9318411.jpg,6,2,true,4,train,true
fashionpedia,train2020,44996,95e7375c84f58c46c481d350ab9d729b.jpg,6,2,true,1,train,true
fashionpedia,train2020,44999,78a5d811bcea8d9f3af21276554266c4.jpg,6,2,true,1,train,true
fashionpedia,train2020,45003,1c2ca929354d0c3fdee088eedde2ddcb.jpg,6,2,true,1,train,true
fashionpedia,train2020,45010,90bb5a1b4498670201e0d3420ef11639.jpg,6,2,true,3,train,true
fashionpedia,train2020,45015,e2d61daacab66eb44916cdc101b02865.jpg,6,2,true,3,train,true
fashionpedia,train2020,45017,b709e44d9abd5d36179aedda72e7155a.jpg,6,2,true,1,train,true
fashionpedia,train2020,45018,20649ef69911a808c3d739438f831f14.jpg,6,2,true,2,train,true
fashionpedia,train2020,45021,d03a54446b39c5755fc582050aaa5e2c.jpg,6,2,true,1,train,true
fashionpedia,train2020,45023,4ab1b6f367fa1ea0131bb9da129f5e45.jpg,6,2,true,2,train,true
fashionpedia,train2020,45029,4cbb4c6b974701db42c103c0e055ec3c.jpg,6,2,true,3,train,true
fashionpedia,train2020,45038,d530136387782390c351cc3921b0a380.jpg,6,2,true,4,train,true
fashionpedia,train2020,45043,28082a7e5cf1e12ba4947e9a872a3d6e.jpg,6,2,true,3,train,true
fashionpedia,train2020,45046,87c5404688544ab9f63ea427592a8563.jpg,6,2,true,1,train,true
fashionpedia,train2020,45047,50526b84792d79b1e82f94b8bed2e881.jpg,6,2,true,1,train,true
fashionpedia,train2020,45052,462f931b19c4ae0ab075be75a2349cc8.jpg,6,2,true,2,train,true
fashionpedia,train2020,45055,88ec6dd5fa791f05c0c94c72562102e6.jpg,6,2,true,2,train,true
fashionpedia,train2020,45059,2821e1bee837bdf20117f9cad3747337.jpg,6,2,true,1,train,true
fashionpedia,train2020,45066,376daccce160ec8b02ac75f4dc2c7a4e.jpg,6,2,true,1,train,true
fashionpedia,train2020,45072,98b12489b3f32c00c711dea7a18bfe4e.jpg,6,2,true,2,train,true
fashionpedia,train2020,45073,e66d46106e1b24e0a8160b3615394d33.jpg,6,2,true,4,train,true
fashionpedia,train2020,45075,428cb8876bbdaa6e5ae3b6c2f54f39e2.jpg,6,2,true,3,train,true
fashionpedia,train2020,45082,fab5690d597de2ed71e3a7628c1d1d73.jpg,6,2,true,2,train,true
fashionpedia,train2020,45084,16aacecfededc31caa4f0f35adb5321b.jpg,6,2,true,1,train,true
fashionpedia,train2020,45085,499385e9540ff2adde34eb2ef7c87add.jpg,6,2,true,1,train,true
fashionpedia,train2020,45093,d43897317da5208f68bc42efb71a2a82.jpg,6,2,true,2,train,true
fashionpedia,train2020,45094,0f525b54a2158422a36ee50044d99fbc.jpg,6,2,true,1,train,true
fashionpedia,train2020,45095,96c12e81609dcb8ee7de2154a8accd3f.jpg,6,2,true,2,train,true
fashionpedia,train2020,45106,b711797f3e7cdb8b7dd23a0be4f15feb.jpg,6,2,true,2,train,true
fashionpedia,train2020,45108,08bf0cb5f81ba542e97e2b92931a372f.jpg,6,2,true,1,train,true
fashionpedia,train2020,45110,352ca9c518866a448e172a57ddfe2f07.jpg,6,2,true,1,train,true
fashionpedia,train2020,45120,3f0385172fbad610d6eaad3f3ea6b593.jpg,6,2,true,1,train,true
fashionpedia,train2020,45122,c15d07ab4b8c49922d3977e225e66e51.jpg,6,2,true,1,train,true
fashionpedia,train2020,45125,62262607930b5e211c652b64f34f3738.jpg,6,2,true,1,train,true
fashionpedia,train2020,45128,a07b98baaf2f4f736fbcdc82960f11c2.jpg,6,2,true,2,train,true
fashionpedia,train2020,45133,dfbc9bfc3555f0e86cc91330886d62b3.jpg,6,2,true,2,train,true
fashionpedia,train2020,45135,0c6d20899bc14c568cabf97a52307eb5.jpg,6,2,true,1,train,true
fashionpedia,train2020,45140,95081e40ab7fdbc2b95b5db79011430b.jpg,6,2,true,4,train,true
fashionpedia,train2020,45149,51c8bec7afe888bf874e1aadd378b41a.jpg,6,2,true,2,train,true
fashionpedia,train2020,45152,8204aa46d0dd9426afdd969f0ef13e20.jpg,6,2,true,2,train,true
fashionpedia,train2020,45153,1a1898cc3aae676a3a50bb1efbca6c50.jpg,6,2,true,2,train,true
fashionpedia,train2020,45154,620af4887b98a110d8c935807f6f4773.jpg,6,2,true,1,train,true
fashionpedia,train2020,45160,f7cbcde3d9a67c8e979cba12fd3a780c.jpg,6,2,true,1,train,true
fashionpedia,train2020,45163,72b68ceabfeeece95630eb037345a43f.jpg,6,2,true,2,train,true
fashionpedia,train2020,45170,5aab5652b1cb6ccc597d5d4231c3c7a8.jpg,6,2,true,2,train,true
fashionpedia,train2020,45172,fb8e0c463ab51aa2071d2b8d16a5f59a.jpg,6,2,true,1,train,true
fashionpedia,train2020,45174,f2dc25685c97c4643448c6d68a14a7b0.jpg,6,2,true,2,train,true
fashionpedia,train2020,45175,c1500de7ff61142ca43d6be2ef2cce6f.jpg,6,2,true,3,train,true
fashionpedia,train2020,45180,72af9776211474942eb3d43834014df2.jpg,6,2,true,1,train,true
fashionpedia,train2020,45192,70a9b066b796288db75a5a34d0721720.jpg,6,2,true,3,train,true
fashionpedia,train2020,45201,245e92ea4a90241cb3124367c7f68e0e.jpg,6,2,true,1,train,true
fashionpedia,train2020,45203,6623317e80305595467d6975383e667a.jpg,6,2,true,1,train,true
fashionpedia,train2020,45209,738a26629b559db4c7e418dfd7ded99e.jpg,6,2,true,1,train,true
fashionpedia,train2020,45210,6a75e355b280151dcd454b4c3fbd6668.jpg,6,2,true,2,train,true
fashionpedia,train2020,45222,3fdd1d88f2c41bcaca8b79002f4487e9.jpg,6,2,true,2,train,true
fashionpedia,train2020,45225,7790ae1a5bb3ac4d016905cf30c09459.jpg,6,2,true,1,train,true
fashionpedia,train2020,45228,c38da7eb03e1467feed43625f6d53915.jpg,6,2,true,1,train,true
fashionpedia,train2020,45229,7ab89f175fd1c67b3572fbef7fff04c3.jpg,6,2,true,2,train,true
fashionpedia,train2020,45243,cb343b924f973285cb3c9c51248dde26.jpg,6,2,true,2,train,true
fashionpedia,train2020,45246,4a7e3d956fd8375f6a26e69ab860a782.jpg,6,2,true,1,train,true
fashionpedia,train2020,45251,671ca5d23dc2df0fa7b46cace6fb9d19.jpg,6,2,true,1,train,true
fashionpedia,train2020,45254,76bc057d5b3262761a67b23daf405616.jpg,6,2,true,1,train,true
fashionpedia,train2020,45259,8aa397c8c39b9478a2c411fc94a328fe.jpg,6,2,true,3,train,true
fashionpedia,train2020,45262,a493b374a51eca0f5525abf7169dcf9d.jpg,6,2,true,2,train,true
fashionpedia,train2020,45265,0f381c8b38ff790c17f5d5f61fca7aae.jpg,6,2,true,2,train,true
fashionpedia,train2020,45269,e3f91eca188999035669d2170db656f9.jpg,6,2,true,1,train,true
fashionpedia,train2020,45278,021bfac7c6b9d94b5811fe9380609c97.jpg,6,2,true,2,train,true
fashionpedia,train2020,45282,ceb05c095ffcee767aee41f739ae0616.jpg,6,2,true,1,train,true
fashionpedia,train2020,45283,68308b076e7cc5a11812bfaa03658dad.jpg,6,2,true,1,train,true
fashionpedia,train2020,45285,75dc6e195790b476cbcb1ac673b7e937.jpg,6,2,true,3,train,true
fashionpedia,train2020,45293,0bf0d32e84a7ccf86a1c675c767dfc5c.jpg,6,2,true,1,train,true
fashionpedia,train2020,45298,3fcd813b57b36a95ecbded3a62c20167.jpg,6,2,true,2,train,true
fashionpedia,train2020,45299,9bc67fedd01f02e7ea11de1911891d9c.jpg,6,2,true,1,train,true
fashionpedia,train2020,45308,a21f2a519d0d97b47f9f86ddac9e6467.jpg,6,2,true,3,train,true
fashionpedia,train2020,45316,ab0c0cf5ae59ce1efc7cacb6df6572a3.jpg,6,2,true,1,train,true
fashionpedia,train2020,45323,05a87436df62a61860ad9f5d04515b4f.jpg,6,2,true,2,train,true
fashionpedia,train2020,45331,da5e3fa036c0425077164d58b2d47e45.jpg,6,2,true,3,train,true
fashionpedia,train2020,45338,26f4d472d0d2ea39ada7697cce98c4a3.jpg,6,2,true,1,train,true
fashionpedia,train2020,45347,82feef810a933a7cb035b3ba37934deb.jpg,6,2,true,4,train,true
fashionpedia,train2020,45353,2ceee0e035a83a2c6d2d2e0c34f48429.jpg,6,2,true,3,train,true
fashionpedia,train2020,45361,1bb775481ad9718ff161c47e32d3dd49.jpg,6,2,true,2,train,true
fashionpedia,train2020,45362,f3c2ad808e0b551919bc0ad9e7f47895.jpg,6,2,true,3,train,true
fashionpedia,train2020,45365,0f684ed72cd6360d7955f51532136013.jpg,6,2,true,3,train,true
fashionpedia,train2020,45368,4c08fb89bb938070f4d635938f875e50.jpg,6,2,true,2,train,true
fashionpedia,train2020,45369,cfed321388bf365d9f59a1c77a1a7275.jpg,6,2,true,1,train,true
fashionpedia,train2020,45374,992dc6f19f321fefb029767daa665079.jpg,6,2,true,3,train,true
fashionpedia,train2020,45375,df9684d18f01bc2f1731831b8176d670.jpg,6,2,true,1,train,true
fashionpedia,train2020,45376,99cd66867af33f8974258a780e94fa2f.jpg,6,2,true,1,train,true
fashionpedia,train2020,45380,9721a92d917ae40e5cb754b77d0e39c4.jpg,6,2,true,1,train,true
fashionpedia,train2020,45382,3098aa9b9fca513e203e1f047494ab5c.jpg,6,2,true,3,train,true
fashionpedia,train2020,45387,eb7c293253ec3e10a975ea2d6f10a919.jpg,6,2,true,2,train,true
fashionpedia,train2020,45393,7cdc90264e949f164e6cae26b7989e1c.jpg,6,2,true,1,train,true
fashionpedia,train2020,45399,40b71bae05288eb1cbec262ae45f0764.jpg,6,2,true,1,train,true
fashionpedia,train2020,45404,511e18c76c26f61cee145277ecc5ab51.jpg,6,2,true,2,train,true
fashionpedia,train2020,45415,da88af3c2ed25c8acbe9294abaa76477.jpg,6,2,true,1,train,true
fashionpedia,train2020,45416,ab42082a55c3664ddbd4440a49d34a7b.jpg,6,2,true,1,train,true
fashionpedia,train2020,45421,18b71fb0cac8e26770f48d5489de1162.jpg,6,2,true,1,train,true
fashionpedia,train2020,45422,86629774da5198cb43e805e582649bab.jpg,6,2,true,3,train,true
fashionpedia,train2020,45444,14c7cd7405b0f3f93b843c3b56c51862.jpg,6,2,true,1,train,true
fashionpedia,train2020,45447,e8b383e33c1855fa3a111358573b0322.jpg,6,2,true,2,train,true
fashionpedia,train2020,45452,efa81f12be12471dd91827cfb74404a9.jpg,6,2,true,1,train,true
fashionpedia,train2020,45464,67c2c3b5c52b6c86f52f7d47998690ec.jpg,6,2,true,3,train,true
fashionpedia,train2020,45471,50abf2b1ad4db667072a351fc046581e.jpg,6,2,true,2,train,true
fashionpedia,train2020,45474,8db65578e1d427e9558c40e7be2a9057.jpg,6,2,true,1,train,true
fashionpedia,train2020,45475,3603bbd9b45191ed0402c3cd542aae1d.jpg,6,2,true,4,train,true
fashionpedia,train2020,45479,221e9ad9ad971190b4e08a5cba7a905f.jpg,6,2,true,2,train,true
fashionpedia,train2020,45481,bb96b457b6ac86c79e0b06caf9c36e19.jpg,6,2,true,1,train,true
fashionpedia,train2020,45486,8d31911349493026cdc2697bf3d947e8.jpg,6,2,true,1,train,true
fashionpedia,train2020,45497,1e9c38474e9811b4e2677d0f65e8cff2.jpg,6,2,true,1,train,true
fashionpedia,train2020,45510,cf3f0b530564a58b14a8accbb041db24.jpg,6,2,true,1,train,true
fashionpedia,train2020,45517,eb8cfb187d3a4751839b990a468b552b.jpg,6,2,true,1,train,true
fashionpedia,train2020,45518,53501c824a1a72752e464acb902e7353.jpg,6,2,true,1,train,true
fashionpedia,train2020,45540,a723ffc7ae67022d0fd82a710265a68f.jpg,6,2,true,1,train,true
fashionpedia,train2020,45542,c39aef64891c3eb36abf22cef927799e.jpg,6,2,true,1,train,true
fashionpedia,train2020,45547,ff45580a757ceb6ea358b6a429c28dc1.jpg,6,2,true,2,train,true
fashionpedia,train2020,45548,67c791ca8fcce2d5f58929926d2bb47b.jpg,6,2,true,1,train,true
fashionpedia,train2020,45554,11121435a67788732dc52f6e81fea7e6.jpg,6,2,true,1,train,true
fashionpedia,train2020,45558,3f17a0747466cacaac9743ec964af47c.jpg,6,2,true,2,train,true
fashionpedia,train2020,45560,fc88a145d623c3a270930b3d54a37363.jpg,6,2,true,1,train,true
fashionpedia,train2020,45562,bde88e1aca5c94341231b02771fba2a3.jpg,6,2,true,2,train,true
fashionpedia,train2020,45570,1817b93b2a6ab6e19ff7906f61aa08f7.jpg,6,2,true,3,train,true
fashionpedia,train2020,45571,d56ba30ed9420a3890284bf67384d68e.jpg,6,2,true,1,train,true
fashionpedia,train2020,45573,dfb91d8b88dba69df8f0b495d2336808.jpg,6,2,true,1,train,true
fashionpedia,train2020,45575,cfb3d09b53a16c3d2edb97e22dca19e3.jpg,6,2,true,2,train,true
fashionpedia,train2020,45576,7b41c232199f6812b54c958f4e9719df.jpg,6,2,true,2,train,true
fashionpedia,train2020,45583,01b1dcb223c23f9c5d76e70b47b597a0.jpg,6,2,true,1,train,true
fashionpedia,train2020,45587,713220521ab4169d052f1a6981d3d404.jpg,6,2,true,1,train,true
fashionpedia,train2020,45589,56bebc8e12e5e33a49a7af83378dfedd.jpg,6,2,true,1,train,true
fashionpedia,train2020,45592,e9e75c1d47217b6023ebfc9b52330d95.jpg,6,2,true,3,train,true
fashionpedia,train2020,45601,f27cfc94c12ca6852d55a084a206cef6.jpg,6,2,true,2,train,true
fashionpedia,train2020,45609,56a48cd3d93cfdb4681434a9d75002ea.jpg,6,2,true,1,train,true
fashionpedia,train2020,45620,faf06f4c8178747896ba67ae38130527.jpg,6,2,true,1,train,true
fashionpedia,train2020,45636,4bb116f92d6a732c18d0f84fe0a9adfd.jpg,6,2,true,1,train,true
fashionpedia,train2020,45652,d16e3ebd0af128118d94c127be6930bd.jpg,6,2,true,3,train,true
fashionpedia,train2020,45657,b37310771835535e621e8376a8b0482f.jpg,6,2,true,1,train,true
fashionpedia,train2020,45660,37de4c2ed65d1ea878f56cbab36f6d3d.jpg,6,2,true,4,train,true
fashionpedia,train2020,45661,06277a86ea283e03e3e8e1d5ae7143e9.jpg,6,2,true,4,train,true
fashionpedia,train2020,45662,a88003dd07073d72bb8140045c14749e.jpg,6,2,true,4,train,true
fashionpedia,train2020,45668,07742c1e8e0468f9eb90bfa823c39dd6.jpg,6,2,true,1,train,true
fashionpedia,train2020,45672,91fd5daad20c2f9a0d547fb23fd30102.jpg,6,2,true,1,train,true
fashionpedia,train2020,45673,21020b5f29ea52317799d3abdd7a1c47.jpg,6,2,true,2,train,true
fashionpedia,train2020,45675,3a90e8ae348480152ebf11322eced2cd.jpg,6,2,true,3,train,true
fashionpedia,train2020,45677,c95f23e44484d237d77b1441cb4f4209.jpg,6,2,true,1,train,true
fashionpedia,train2020,45681,537367e461cac32742611a53a295860f.jpg,6,2,true,2,train,true
fashionpedia,train2020,45686,1a69207aaf4006bc176690ef5dde62bd.jpg,6,2,true,1,train,true
fashionpedia,train2020,45692,a724e57950117943284dc8cbd5784394.jpg,6,2,true,2,train,true
fashionpedia,train2020,45694,1b3a7c1fe25949e85b7dbfd255d432f4.jpg,6,2,true,3,train,true
fashionpedia,train2020,45700,aef96b9891873e0b4536abe0867eb867.jpg,6,2,true,3,train,true
fashionpedia,train2020,45702,b681199e84e829c62581f22f9664d286.jpg,6,2,true,3,train,true
fashionpedia,train2020,45705,bb62f663db4f092a4de4d1058a2d5afd.jpg,6,2,true,1,train,true
fashionpedia,train2020,45706,df3e68fecdbb9062d82b42c1b3860bef.jpg,6,2,true,1,train,true
fashionpedia,train2020,45707,f7b8c3b44903f0bdc7946cfcb962854e.jpg,6,2,true,4,train,true
fashionpedia,train2020,45717,d673c9969daca09e791abcdb1bc31bb1.jpg,6,2,true,1,train,true
fashionpedia,train2020,45721,cef970d2622e66b62fa0ee820bab0cec.jpg,6,2,true,2,train,true
fashionpedia,train2020,45724,0903a59da50b453c85d2b1c7ada8c199.jpg,6,2,true,1,train,true
fashionpedia,train2020,45725,4c3c57f3adb8e28fd139b72cc6e68858.jpg,6,2,true,1,train,true
fashionpedia,train2020,45727,85fde55c6288e74cf134dfa42c8b78e8.jpg,6,2,true,2,train,true
fashionpedia,train2020,45729,506941a7480ffb6fcd4361573b8a2753.jpg,6,2,true,1,train,true
fashionpedia,train2020,45731,c1f9d7d9800a74adaf4de22bdd009f62.jpg,6,2,true,2,train,true
fashionpedia,train2020,45733,f948cb491e6830cc51748d04e3d2ca69.jpg,6,2,true,2,train,true
fashionpedia,train2020,45736,a8194755456dccb6ea4bcfbe020a9384.jpg,6,2,true,3,train,true
fashionpedia,train2020,45737,741c05f42796c04a92edf4554b80ffd5.jpg,6,2,true,1,train,true
fashionpedia,train2020,45741,ec5fc4a2c631f4b16f639062206097b1.jpg,6,2,true,1,train,true
fashionpedia,train2020,45743,ef7ad5e27778faccd5cf27615f8d22e8.jpg,6,2,true,1,train,true
fashionpedia,train2020,45755,cbc57c08f5b36f579cbc511f2c052475.jpg,6,2,true,2,train,true
fashionpedia,train2020,45760,049fc1c9155c58071a07a60655625776.jpg,6,2,true,2,train,true
fashionpedia,train2020,45763,92c053233f1dea11e17eec210bd3da9f.jpg,6,2,true,2,train,true
fashionpedia,train2020,45767,5324ffc298134e6d11a9b6ae50c73326.jpg,6,2,true,3,train,true
fashionpedia,train2020,45770,feb2b9264131f86bc30d821581ff152f.jpg,6,2,true,1,train,true
fashionpedia,train2020,45775,5c2aa99da41b44931226c504a2cb6d8c.jpg,6,2,true,2,train,true
fashionpedia,train2020,45778,c87dc057068ad4ef0c3a280ee473dd13.jpg,6,2,true,1,train,true
fashionpedia,train2020,45782,75c6d602d479d466434baf502037ca59.jpg,6,2,true,1,train,true
fashionpedia,train2020,45797,8db1c883f84e525c6da74cce64b1d3ec.jpg,6,2,true,3,train,true
fashionpedia,train2020,45800,830b9fb276faf91f5f73076b4e0c9b11.jpg,6,2,true,3,train,true
fashionpedia,train2020,45812,f169d6e7c8b1f2059bb284ccb2cc7f92.jpg,6,2,true,3,train,true
fashionpedia,train2020,45815,57164ed3235e99ca0ed18cb4bdad1ce2.jpg,6,2,true,3,train,true
fashionpedia,train2020,45826,8fc93c56ad7dea97e4c8b38c2b216d5d.jpg,6,2,true,1,train,true
fashionpedia,train2020,45830,d473e584eac6f2dabb68a3800c03e313.jpg,6,2,true,1,train,true
fashionpedia,train2020,45836,c791314cbf930c9bd6a4adb06305a4d3.jpg,6,2,true,3,train,true
fashionpedia,train2020,45839,85c342c4e93be3dbe2681cb343db6fed.jpg,6,2,true,2,train,true
fashionpedia,train2020,45842,264ccc3e980ba3454b063ee7750cbe3c.jpg,6,2,true,1,train,true
fashionpedia,train2020,45844,4524d0c2dee7e55c0a7b2e071fe7099b.jpg,6,2,true,3,train,true
fashionpedia,train2020,45857,967d407172a7788abccab6f209a521a0.jpg,6,2,true,3,train,true
fashionpedia,train2020,45862,dcbc43077597a42cbaae75e6daa27a46.jpg,6,2,true,2,train,true
fashionpedia,train2020,45864,8e14f0b22c9fa4f67db6fb53a913feab.jpg,6,2,true,1,train,true
fashionpedia,train2020,45865,5b6816880f8fb3c6d425d7e4d2244748.jpg,6,2,true,3,train,true
fashionpedia,train2020,45873,3487c2099b83e4e2f36980aa9d439fa2.jpg,6,2,true,2,train,true
fashionpedia,train2020,45874,59aaf898e05e206acaa05f7cde284b33.jpg,6,2,true,1,train,true
fashionpedia,train2020,45890,022de341651057fc50dd76a1991bd141.jpg,6,2,true,2,train,true
fashionpedia,train2020,45892,9386f225605be4f368f276e579fa85ea.jpg,6,2,true,1,train,true
fashionpedia,train2020,45893,82ef419932367aa27c71b8536314e731.jpg,6,2,true,1,train,true
fashionpedia,train2020,45894,aca685bf94f72676c77dafc110106d05.jpg,6,2,true,4,train,true
fashionpedia,train2020,45900,940f01b146d2e0f74192af9584ffa692.jpg,6,2,true,4,train,true
fashionpedia,train2020,45902,a35c0564ee460823b889c29bb49af342.jpg,6,2,true,1,train,true
fashionpedia,train2020,45911,8b3694aa0bd4c91392a88d8a153ff8da.jpg,6,2,true,2,train,true
fashionpedia,train2020,45921,cd08d0cf005cc7f46b5d26d8095690ad.jpg,6,2,true,1,train,true
fashionpedia,train2020,45932,50d9affeb3a8919c48ea361024da4548.jpg,6,2,true,1,train,true
fashionpedia,train2020,45939,386de8d119b2ac9897f4109313cd4ebe.jpg,6,2,true,3,train,true
fashionpedia,train2020,45947,06a1cc276d0f888428da4c9b4801b33b.jpg,6,2,true,2,train,true
fashionpedia,train2020,45948,4c09d67fbe7253488b590fc3d24a0ae7.jpg,6,2,true,2,train,true
fashionpedia,train2020,45949,cd1a723976e7f823de21f4a47318651f.jpg,6,2,true,2,train,true
fashionpedia,train2020,45950,57bf66d428abb2a64479c45355fc83d5.jpg,6,2,true,1,train,true
fashionpedia,train2020,45956,cd19cf11e60bffbad712be58c18b0634.jpg,6,2,true,1,train,true
fashionpedia,train2020,45972,546d456091d190746cad27a446b20b47.jpg,6,2,true,1,train,true
fashionpedia,train2020,45976,4c5cdadb5423b8d9b31f66cff7df1b88.jpg,6,2,true,2,train,true
fashionpedia,train2020,45981,c9ee748b85b4d251e7377ff7340171af.jpg,6,2,true,1,train,true
fashionpedia,train2020,45986,2da631bc4a2b3a80045977961f8dff31.jpg,6,2,true,1,train,true
fashionpedia,train2020,46017,ee60b7b16d5a3040673b5f59484cd72f.jpg,6,2,true,1,train,true
fashionpedia,train2020,46022,392771c38a2535e264ab455a2c166a9b.jpg,6,2,true,1,train,true
fashionpedia,train2020,46025,e402b1d3d020605399a51c8c7e9906b5.jpg,6,2,true,1,train,true
fashionpedia,train2020,46037,f7e7f527731a0fd832f65b5df1d27299.jpg,6,2,true,1,train,true
fashionpedia,train2020,46052,377a61d036053d7f9c85d9527e55290e.jpg,6,2,true,2,train,true
fashionpedia,train2020,46064,35b39890f97b743f5b0225f649e51862.jpg,6,2,true,1,train,true
fashionpedia,train2020,46066,0f609392c920490d8dd3d83633d05bbf.jpg,6,2,true,3,train,true
fashionpedia,train2020,46073,ec038cb8d0c1ceab6ddeaca440c9963b.jpg,6,2,true,4,train,true
fashionpedia,train2020,46089,86d5d1652aa75cae4bfcffbdc0f3b079.jpg,6,2,true,1,train,true
fashionpedia,train2020,46090,476a15194dfa876ec393b45f4df83ff2.jpg,6,2,true,1,train,true
fashionpedia,train2020,46100,529be0fd26c615ca3b0a26d6f9397f0f.jpg,6,2,true,2,train,true
fashionpedia,train2020,46107,f539249d638e48921dab64820fb32db6.jpg,6,2,true,2,train,true
fashionpedia,train2020,46108,e92d8791d3ff49e8a46111f89154c609.jpg,6,2,true,2,train,true
fashionpedia,train2020,46134,df6922647065d775fe0aa4425f482fa4.jpg,6,2,true,1,train,true
fashionpedia,train2020,46137,bc1a1c9770b3d1f939b4fa2aee8c1af8.jpg,6,2,true,2,train,true
fashionpedia,train2020,46139,ef51fc6996533ade059ae1f5819349f2.jpg,6,2,true,1,train,true
fashionpedia,train2020,46147,617bb988ed3c326993eab0ee4ef17ea9.jpg,6,2,true,4,train,true
fashionpedia,train2020,46148,396a6d3f674e8a96f65df40df95a7a77.jpg,6,2,true,1,train,true
fashionpedia,train2020,46149,191a14e0dd9b1a140c1536f9d8de84fb.jpg,6,2,true,1,train,true
fashionpedia,train2020,46168,6a1b81a712a77ecce1b10ddb13397c6f.jpg,6,2,true,1,train,true
fashionpedia,train2020,46177,28cbc63e39c174b966e202a9e42f241e.jpg,6,2,true,1,train,true
fashionpedia,train2020,46183,e7f180392f39abe906cede4236409e5d.jpg,6,2,true,2,train,true
fashionpedia,train2020,46184,a58ab423c7c3acd511a2e930778859d9.jpg,6,2,true,1,train,true
fashionpedia,train2020,46186,3be3088fd99e6e9304818529e9af36ce.jpg,6,2,true,3,train,true
fashionpedia,train2020,46204,5378e5aa5d74a32e1f2824b719ceb7c8.jpg,6,2,true,6,train,true
fashionpedia,train2020,46205,a5bac9b57b417ef5753f17bceef64415.jpg,6,2,true,2,train,true
fashionpedia,train2020,46206,92f19048a549e2fa6c658dd87a92084f.jpg,6,2,true,2,train,true
fashionpedia,train2020,46207,2f49174e867d0a731edbcb42ed603940.jpg,6,2,true,3,train,true
fashionpedia,train2020,46210,923869bba6ea327f88ae06e4d53599dc.jpg,6,2,true,3,train,true
fashionpedia,train2020,46212,6cbbe2bda313552f76cb366da6690a22.jpg,6,2,true,3,train,true
fashionpedia,train2020,46213,7abe48185e538c46956951d9651349e4.jpg,6,2,true,2,train,true
fashionpedia,train2020,46214,b88f16a4eb259859396c01eefb474fdd.jpg,6,2,true,2,train,true
fashionpedia,train2020,46223,a3999fa86b506f816e1195790d4a6b85.jpg,6,2,true,2,train,true
fashionpedia,train2020,46230,d4730b736d0a959daee8ac6bfeca3561.jpg,6,2,true,1,train,true
fashionpedia,train2020,46231,a3d77df21894f58b7f1fbc2137499639.jpg,6,2,true,1,train,true
fashionpedia,train2020,46244,76166e321dd4d80d982d28f79ec73996.jpg,6,2,true,1,train,true
fashionpedia,train2020,46246,995d6719d5156e2ecf697a06500cfdbb.jpg,6,2,true,2,train,true
fashionpedia,train2020,46248,16e44e93c63e7b11294b781009def94a.jpg,6,2,true,3,train,true
fashionpedia,train2020,46249,99daf31f5ff39305146e51851afe911e.jpg,6,2,true,1,train,true
fashionpedia,train2020,46253,5ac5f67693ab8b1dd781f0da00628cf8.jpg,6,2,true,4,train,true
fashionpedia,train2020,46260,0d16fca3f6aa58b785b02494581fec7e.jpg,6,2,true,3,train,true
fashionpedia,train2020,46264,b98549b4697def558e1a549a829b97a3.jpg,6,2,true,3,train,true
fashionpedia,train2020,46267,014cfa8e74760e2f66c6739d41a490f3.jpg,6,2,true,2,train,true
fashionpedia,train2020,46268,631f9ec27b8f9d2c140eda949cad9fbb.jpg,6,2,true,4,train,true
fashionpedia,train2020,46271,51950504eea68eab6202c3f21b92dc5d.jpg,6,2,true,1,train,true
fashionpedia,train2020,46276,f51d2f2407803b0bd2e1037e7c124267.jpg,6,2,true,2,train,true
fashionpedia,train2020,46284,1639409ee3e990b47c592688f56a0c40.jpg,6,2,true,3,train,true
fashionpedia,train2020,46292,f4f964fc3d06d2990c04caa8fc0e5295.jpg,6,2,true,1,train,true
fashionpedia,train2020,46298,14495fa1389e145a61307abf0e9f3211.jpg,6,2,true,1,train,true
fashionpedia,train2020,46308,4004cf75cdb6372d606f2b5813b21704.jpg,6,2,true,2,train,true
fashionpedia,train2020,46313,f186d77202e18462443a8c7ffc449919.jpg,6,2,true,2,train,true
fashionpedia,train2020,46316,dcfce757103904b178d238942b3eabe9.jpg,6,2,true,2,train,true
fashionpedia,train2020,46319,2dadd1dc873864e1dad0b33e865460f1.jpg,6,2,true,1,train,true
fashionpedia,train2020,46322,2bcda37098a0d9b9a897c4fbf7abc6cb.jpg,6,2,true,1,train,true
fashionpedia,train2020,46335,1c930f14905ec7c6c75a03d3443c1462.jpg,6,2,true,1,train,true
fashionpedia,train2020,46350,fcd74c188d0448963d67260d667114a6.jpg,6,2,true,1,train,true
fashionpedia,train2020,46353,395e75051af0fc6e42bb0c7d2b97a22c.jpg,6,2,true,1,train,true
fashionpedia,train2020,46364,fff132f7ce55db363a1afc4fda330ffc.jpg,6,2,true,3,train,true
fashionpedia,train2020,46370,22d409340034f9da01706e1cdf2ac238.jpg,6,2,true,1,train,true
fashionpedia,train2020,46371,12ed001cfc12955430d1d6ca9ab9d977.jpg,6,2,true,1,train,true
fashionpedia,train2020,46374,27278da071eff13e65fb92d803ed856b.jpg,6,2,true,2,train,true
fashionpedia,train2020,46376,a2f676ff5d5479d51a129f9ab7a6f02d.jpg,6,2,true,2,train,true
fashionpedia,train2020,46382,ad6e1d2e14cf7eb15ac6f3b00eb167cb.jpg,6,2,true,3,train,true
fashionpedia,train2020,46385,d706f026f24985440548332405b9aff4.jpg,6,2,true,1,train,true
fashionpedia,train2020,46392,09935be6ab91885ef1dd8e1f0d65309b.jpg,6,2,true,1,train,true
fashionpedia,train2020,46393,eceb52e37f1277d2638cb49d88147c76.jpg,6,2,true,1,train,true
fashionpedia,train2020,46400,c65917dd34f75f3daf30638b4775c1f0.jpg,6,2,true,2,train,true
fashionpedia,train2020,46404,b0f498c8abc026de25ff64a49be16742.jpg,6,2,true,1,train,true
fashionpedia,train2020,46406,b8519bde82bd44c21247fbcca6c3900c.jpg,6,2,true,2,train,true
fashionpedia,train2020,46411,cfd304e36da9d742649e6ba93dda0bd8.jpg,6,2,true,2,train,true
fashionpedia,train2020,46415,8c746c0f11eae7565b1d6b2d7cf80345.jpg,6,2,true,3,train,true
fashionpedia,train2020,46419,b0d7795151bb4e43cc4cddd1e9026c28.jpg,6,2,true,4,train,true
fashionpedia,train2020,46423,49f046b9b27b4f79df185e4a148b4ce4.jpg,6,2,true,1,train,true
fashionpedia,train2020,46426,c9893b8055f803895bb4a3cacb99f07f.jpg,6,2,true,1,train,true
fashionpedia,train2020,46439,a493b34927b1c50bf5bcb33096116689.jpg,6,2,true,2,train,true
fashionpedia,train2020,46440,8254a984e1674b5c6997428b5e3983b6.jpg,6,2,true,3,train,true
fashionpedia,train2020,46447,4e39c2c46f648bdc7b511f82864ee4e0.jpg,6,2,true,2,train,true
fashionpedia,train2020,46453,ebea7a03d3f7fedea237f017133b3d4c.jpg,6,2,true,1,train,true
fashionpedia,train2020,46464,6169a94a2d8991ea80202fe304e18a22.jpg,6,2,true,1,train,true
fashionpedia,train2020,46465,34f7ee33ddcc889b01f1aabb067bc2ea.jpg,6,2,true,2,train,true
fashionpedia,train2020,46467,ce82bb95f416d7a8be81499365f43d19.jpg,6,2,true,1,train,true
fashionpedia,train2020,46473,7d4a004808bf6d5122da08346ab95ef6.jpg,6,2,true,1,train,true
fashionpedia,train2020,46474,b8b6b1cd544a17676b4fa842fcb555f9.jpg,6,2,true,1,train,true
fashionpedia,train2020,46481,654bdae6af9eefbddf8cbd57ff80ad7d.jpg,6,2,true,2,train,true
fashionpedia,train2020,46482,e4bdbc8ba0b42b75259a868fbc03e4eb.jpg,6,2,true,1,train,true
fashionpedia,train2020,46483,2b4f2343b817df927b3e4b77586f348a.jpg,6,2,true,3,train,true
fashionpedia,train2020,46489,bbe6421af7241a406f786d42a3458d10.jpg,6,2,true,2,train,true
fashionpedia,train2020,46490,c7a17932b30bd6c85cc7eacb8079e3c4.jpg,6,2,true,2,train,true
fashionpedia,train2020,46492,bee9579119ab0fc605609aff9c954890.jpg,6,2,true,1,train,true
fashionpedia,train2020,46499,159b7dfa9ad3d6b33e895320dadc1e39.jpg,6,2,true,1,train,true
fashionpedia,train2020,46501,a876fb491dc8bbea2f499bc7242d822f.jpg,6,2,true,1,train,true
fashionpedia,train2020,46521,6943dbe8516c3393f3c0e08affdae26a.jpg,6,2,true,1,train,true
fashionpedia,train2020,46525,c4520d2deb1dc549661bd05207f6bd62.jpg,6,2,true,2,train,true
fashionpedia,train2020,46532,9b8a0f81c95a9fb675581384560a5726.jpg,6,2,true,0,selected_no_valid_crop,false
fashionpedia,train2020,46535,b16dc8a575f56d4367e89b09b9f293b8.jpg,6,2,true,1,train,true
fashionpedia,train2020,46537,b7edccd48ca1e688ca6fb1386e4274e7.jpg,6,2,true,1,train,true
fashionpedia,train2020,46540,5772301b86093098245721433be278a2.jpg,6,2,true,1,train,true
fashionpedia,train2020,46544,d573f3a5ce03383b520fa7a7f4f00cc2.jpg,6,2,true,1,train,true
fashionpedia,train2020,46555,6df0f2200908a5668540fa59e7f7d0d0.jpg,6,2,true,2,train,true
fashionpedia,train2020,46560,0de9ea7d233e6699385ebb450741ba8f.jpg,6,2,true,1,train,true
fashionpedia,train2020,46569,5940c3c3daa37f5f586a513d881fefab.jpg,6,2,true,2,train,true
fashionpedia,train2020,46578,34da129f12f75b10f41b0ff7d1dd5275.jpg,6,2,true,1,train,true
fashionpedia,train2020,46583,3919538781ca01bb1e7bc73db5b9ff60.jpg,6,2,true,1,train,true
fashionpedia,train2020,46587,ec620e1247ec596d7e6e71301cc98fa2.jpg,6,2,true,1,train,true
fashionpedia,train2020,46594,283eba9334ab59a1ad2df9d513993958.jpg,6,2,true,3,train,true
fashionpedia,train2020,46601,6299fddad4ce5d215324c739c8734625.jpg,6,2,true,1,train,true
fashionpedia,train2020,46614,05587a7f8e263f34ad27176362330b83.jpg,6,2,true,2,train,true
fashionpedia,train2020,46621,cf54b5a1644334b918a5a0ce9ff27002.jpg,6,2,true,1,train,true
fashionpedia,train2020,46624,15d2bdf350ce192b17f7ab680ba9b243.jpg,6,2,true,1,train,true
fashionpedia,train2020,46625,33ee042af6d3fb2fd642d1dc161fd45e.jpg,6,2,true,2,train,true
fashionpedia,train2020,46635,a849604e1edacb87d309c182db58f8e3.jpg,6,2,true,1,train,true
fashionpedia,train2020,46636,bdfaf90350be93e0d83b0eb0e759cfde.jpg,6,2,true,2,train,true
fashionpedia,train2020,46639,41fb2097bbcc592cf362ebf561eab5de.jpg,6,2,true,2,train,true
fashionpedia,train2020,46641,5c7aa290d0525d0041b20cef35969d86.jpg,6,2,true,1,train,true
fashionpedia,train2020,46643,eece6a2b4574b8497bfa541726dfe5e5.jpg,6,2,true,1,train,true
fashionpedia,train2020,46647,73b75853c4b7ee85b529ec1f24a60d19.jpg,6,2,true,2,train,true
fashionpedia,train2020,46652,a6bfb11f363de74174643a8f92c1cf7e.jpg,6,2,true,3,train,true
fashionpedia,train2020,46659,3dc0d29bfd92fe97efdd65725176ad5a.jpg,6,2,true,1,train,true
fashionpedia,train2020,46663,5416d839c5de1a54559b3a03a0990930.jpg,6,2,true,1,train,true
fashionpedia,train2020,46665,01ad2721049b0ced2d93a5b3d8365421.jpg,6,2,true,1,train,true
fashionpedia,train2020,46669,bc3ff2aeb3261cc0a0cc6bcf280926b9.jpg,6,2,true,1,train,true
fashionpedia,train2020,46672,4fbf6def544a8ff50481de26a7938c07.jpg,6,2,true,3,train,true
fashionpedia,train2020,46675,5cbfafc69188a60f3b8c8c5bcadce0f8.jpg,6,2,true,4,train,true
fashionpedia,train2020,46680,b432d9d6924ffa1506d337f74b793734.jpg,6,2,true,1,train,true
fashionpedia,train2020,46683,ff521bb9ca9adda7887f7bc399793647.jpg,6,2,true,3,train,true
fashionpedia,train2020,46687,d900d8a0ed90b9842545c6636db73bd8.jpg,6,2,true,4,train,true
fashionpedia,train2020,46688,eed9762434e7744463990f7e0e91ef23.jpg,6,2,true,1,train,true
fashionpedia,train2020,46689,864deb800f07cc0a1b2147e76aba1a88.jpg,6,2,true,1,train,true
fashionpedia,train2020,46693,ab04cfa1579226305227d98b06ef2f04.jpg,6,2,true,1,train,true
fashionpedia,train2020,46694,6b1e5e270c41829b460b637354a40043.jpg,6,2,true,3,train,true
fashionpedia,train2020,46696,98cf316e27f1a431878ad572df8ecd7b.jpg,6,2,true,3,train,true
fashionpedia,train2020,46698,c442d31c332e3e9ea9b516ce8bed2bf6.jpg,6,2,true,1,train,true
fashionpedia,train2020,46703,363daec4243db49f4c152218c95b4e4d.jpg,6,2,true,2,train,true
fashionpedia,train2020,46705,371e39300bd69e309513fb4b0b90e82e.jpg,6,2,true,1,train,true
fashionpedia,train2020,46712,f3c42b55fff23ba4cfb1be7df04686ea.jpg,6,2,true,1,train,true
fashionpedia,train2020,46719,49a33e147f410ad71686f58f330fcfd3.jpg,6,2,true,1,train,true
fashionpedia,train2020,46722,fdaf5e548b7d61d768dc6a0fadb55aa5.jpg,6,2,true,2,train,true
fashionpedia,train2020,46728,06c363aecc6aa90e55a07936dfd2238a.jpg,6,2,true,2,train,true
fashionpedia,train2020,46731,94ecd7466e8f27240b38fb7373a066d9.jpg,6,2,true,4,train,true
fashionpedia,train2020,46732,04f98a2dd957ab22f4aac1504fcc6a97.jpg,6,2,true,2,train,true
fashionpedia,train2020,46735,aba440f656b35c7e4a21ccf14187e49c.jpg,6,2,true,2,train,true
fashionpedia,train2020,46737,a3ab9d66adc5a1d58aed889a91fd1895.jpg,6,2,true,1,train,true
fashionpedia,train2020,46743,73a36039390821fc1567ff83db971410.jpg,6,2,true,2,train,true
fashionpedia,train2020,46748,afd155e10e202f360f3d88d9715b2b50.jpg,6,2,true,3,train,true
fashionpedia,train2020,46758,4099c5b173eb7328c65ca280e9ad43e0.jpg,6,2,true,3,train,true
fashionpedia,train2020,46763,5fe46e1296230d819f59974940036c70.jpg,6,2,true,3,train,true
fashionpedia,train2020,46768,5778272c44a063d2788d3f9511b798bd.jpg,6,2,true,3,train,true
fashionpedia,train2020,46771,af53e57c6c2b071db094357435ddd4db.jpg,6,2,true,1,train,true
fashionpedia,train2020,46774,750030778f7c91baa6db2ee6e164259a.jpg,6,2,true,3,train,true
fashionpedia,train2020,46776,a933a9c3f58d0b8da300a8cb6e7bcfd7.jpg,6,2,true,4,train,true
fashionpedia,train2020,46778,2eb40fd7e09b1a6993cbee750284b7d1.jpg,6,2,true,1,train,true
fashionpedia,train2020,46782,ab217338e37d1c411417d31a4ca50656.jpg,6,2,true,1,train,true
fashionpedia,train2020,46787,ef51d854042fa93a94826a27bd69001a.jpg,6,2,true,1,train,true
fashionpedia,train2020,46795,0f90175e1431f55e69fcfba2b9cfa451.jpg,6,2,true,1,train,true
fashionpedia,train2020,46798,fc4ea0d58f23b7e87e87217049502084.jpg,6,2,true,1,train,true
fashionpedia,train2020,46799,8ef06b3156c818b1ca8b6debbd56cb8a.jpg,6,2,true,2,train,true
fashionpedia,train2020,46802,34aad8f6d241db68adfdaece024d83ee.jpg,6,2,true,1,train,true
fashionpedia,train2020,46810,9eddd982df5eef98fd1c8be111ea92f4.jpg,6,2,true,1,train,true
fashionpedia,train2020,46811,6635469b9edfec7f4b3779f642762f82.jpg,6,2,true,1,train,true
fashionpedia,train2020,46814,e1f55ddf8e8d72c36597877fac1204b8.jpg,6,2,true,1,train,true
fashionpedia,train2020,46821,43e8aa6477e89b93ff57a6644fb82416.jpg,6,2,true,1,train,true
fashionpedia,train2020,46822,2ce5780a42266cebe9506c4b0834a6b1.jpg,6,2,true,2,train,true
fashionpedia,train2020,46823,6c246af0d9cd01b5b7dd1da2d94f214b.jpg,6,2,true,1,train,true
fashionpedia,train2020,46826,37bf5c40c62b2e259b65d97cd210c3db.jpg,6,2,true,1,train,true
fashionpedia,train2020,46827,fbf49e727b4e814bd100a8b3da4e7e6a.jpg,6,2,true,3,train,true
fashionpedia,train2020,46847,69358d12b6ba026a39b15ae5189ff03b.jpg,6,2,true,1,train,true
fashionpedia,train2020,46848,410c95e58ae6b7d60b7e9522b8c357c4.jpg,6,2,true,1,train,true
fashionpedia,train2020,46852,489d4a5b71eee0b4fe9028c2a0242653.jpg,6,2,true,2,train,true
fashionpedia,train2020,46855,3396345bef69db443d6d9db01341cdbe.jpg,6,2,true,1,train,true
fashionpedia,train2020,46857,2452845d7e64f0c82fa8e1cc8705ae42.jpg,6,2,true,2,train,true
fashionpedia,train2020,46859,8b36f16951ca6b27569fc92f22d36247.jpg,6,2,true,1,train,true
fashionpedia,train2020,46860,cda3e1e3d731c330fb9c8eefb86cd99c.jpg,6,2,true,1,train,true
fashionpedia,train2020,46862,861ddd2ef36f503c63bf2183d7ea0e23.jpg,6,2,true,2,train,true
fashionpedia,train2020,46869,dabb5424c0397f97fa2e746de2d27a27.jpg,6,2,true,1,train,true
fashionpedia,train2020,46877,aea15a8f0c0ebed08f3f708ffeddd250.jpg,6,2,true,1,train,true
fashionpedia,train2020,46883,4a74b1be5b168c5ac14275316ede995c.jpg,6,2,true,1,train,true
fashionpedia,train2020,46885,3b0c357baa75d048a3de82f22e99f127.jpg,6,2,true,1,train,true
fashionpedia,train2020,46890,0272586e10208b14db79674d3cbbb014.jpg,6,2,true,1,train,true
fashionpedia,train2020,46892,c318a49315c5ca298dbef7d3b633595a.jpg,6,2,true,1,train,true
fashionpedia,train2020,46900,69444b2d66b516c815d941ebfaffbda6.jpg,6,2,true,2,train,true
fashionpedia,train2020,46902,87706bb6ede4b987dd694f4cb0c2d47b.jpg,6,2,true,3,train,true
fashionpedia,train2020,46906,57ddbba6f21b5f33fe1b9b7621e9e698.jpg,6,2,true,3,train,true
fashionpedia,train2020,46912,9292ed9a3b5661b8e21eeeeb098d71cf.jpg,6,2,true,1,train,true
fashionpedia,train2020,46913,4c80da6bab8688ca6755f89b166f028d.jpg,6,2,true,3,train,true
fashionpedia,train2020,46920,731a70a46d24d2c789fb7d707cb203ca.jpg,6,2,true,3,train,true
fashionpedia,train2020,46926,c465f8aca7b1dad2bb1dbb4903ff1cc5.jpg,6,2,true,3,train,true
fashionpedia,train2020,46929,4dbef73e953865b9badde083fa5a3b46.jpg,6,2,true,3,train,true
fashionpedia,train2020,46935,d3d090329bf788330219b412cb0d9af8.jpg,6,2,true,1,train,true
fashionpedia,train2020,46938,d61548226dc88a94e79bcd14c143c7df.jpg,6,2,true,3,train,true
fashionpedia,train2020,46945,9d8f5d61e9083cd8f943a04b7c788f91.jpg,6,2,true,1,train,true
fashionpedia,train2020,46947,f0aaf3d6cf59b0a7b609370c0b7d962a.jpg,6,2,true,2,train,true
fashionpedia,train2020,46960,774d1b3c6e1bb8369dbfb9c9cdd9a8b2.jpg,6,2,true,4,train,true
fashionpedia,train2020,46961,2712311dd02d39b741b0305333efd34e.jpg,6,2,true,4,train,true
fashionpedia,train2020,46974,e3266e086b38eb7bc3d9ff3373e405c6.jpg,6,2,true,2,train,true
fashionpedia,train2020,46985,e834ecb502b1ec716eb68be33c21cd92.jpg,6,2,true,2,train,true
fashionpedia,train2020,46988,1b1126d7845d1270834ec19b4757fe52.jpg,6,2,true,4,train,true
fashionpedia,train2020,46991,49c372a72f48774659da5e2df8fd3842.jpg,6,2,true,2,train,true
fashionpedia,train2020,46995,df559a8d78cbb2f8b027afab3f580540.jpg,6,2,true,2,train,true
fashionpedia,train2020,46997,019e2c641c466ce685460beb11e55845.jpg,6,2,true,2,train,true
fashionpedia,train2020,47014,ed12a2185f165be433ec10b6d317096b.jpg,6,2,true,1,train,true
fashionpedia,train2020,47016,0252d46373c10843d52f9183d39e811b.jpg,6,2,true,2,train,true
fashionpedia,train2020,47025,72cfd7b4c47418fb3eb69935c64167c1.jpg,6,2,true,1,train,true
fashionpedia,train2020,47027,6983c59861ec45533642fb679783b3d2.jpg,6,2,true,2,train,true
fashionpedia,train2020,47029,f67eeee1c5cda8baa3a93ab9c7570cac.jpg,6,2,true,1,train,true
fashionpedia,train2020,47031,0f6ff6066489017c55664bcc6d56ff6f.jpg,6,2,true,1,train,true
fashionpedia,train2020,47037,8023130065ea6439fec4fa5c209adb4b.jpg,6,2,true,1,train,true
fashionpedia,train2020,47039,f45976c42ef58ad160d3fb819f1957c1.jpg,6,2,true,3,train,true
fashionpedia,train2020,47043,fe78c44b94db67d6a7d15ba794e59ddb.jpg,6,2,true,1,train,true
fashionpedia,train2020,47044,a0e8e48afe03aa2acc96352b79bbc227.jpg,6,2,true,1,train,true
fashionpedia,train2020,47047,e0b5c996bee55848113212b22c1c4bf8.jpg,6,2,true,1,train,true
fashionpedia,train2020,47051,bf135836c89370d737c95dc712e1bdda.jpg,6,2,true,1,train,true
fashionpedia,train2020,47057,cfb56be3eed3cfd37c0207c6aaa99b94.jpg,6,2,true,2,train,true
fashionpedia,train2020,47059,8dbbaa48c6a4ac434c950c14e1b5d683.jpg,6,2,true,2,train,true
fashionpedia,train2020,47066,872827ef035949ec5af68d4a5c2b4462.jpg,6,2,true,1,train,true
fashionpedia,train2020,47076,20a2160e47429ffbe3b552e47af3bf00.jpg,6,2,true,2,train,true
fashionpedia,train2020,47079,87de4ed1b614f7538f6a7e486a30e8ae.jpg,6,2,true,2,train,true
fashionpedia,train2020,47082,ed66525b4fa242ddb3df3675ceaec44d.jpg,6,2,true,1,train,true
fashionpedia,train2020,47090,38884304e32b0f3f5d27c6793e94d836.jpg,6,2,true,1,train,true
fashionpedia,train2020,47097,1d86ea50d7988fbedc681df03425871b.jpg,6,2,true,2,train,true
fashionpedia,train2020,47109,1d509d3b59e0bd894beeacd1f97ad158.jpg,6,2,true,2,train,true
fashionpedia,train2020,47111,47304cc6a25a1c0294fce6c39484f052.jpg,6,2,true,2,train,true
fashionpedia,train2020,47115,49986d7c548a65a68a918fd0267b1d31.jpg,6,2,true,4,train,true
fashionpedia,train2020,47120,b35f2db2a616be47f6d339deeda24fb4.jpg,6,2,true,4,train,true
fashionpedia,train2020,47121,8f62d4814b3ef2447ffe869daaa89e8a.jpg,6,2,true,1,train,true
fashionpedia,train2020,47135,bf500854154a4ca17f05407851445c00.jpg,6,2,true,1,train,true
fashionpedia,train2020,47138,faff2d6261f5258a65bd0399928bd01f.jpg,6,2,true,2,train,true
fashionpedia,train2020,47155,a0c6c3a94ad708c8910db31ba24dd6ca.jpg,6,2,true,1,train,true
fashionpedia,train2020,47156,ba5c114e89a39d4b335b096b490be881.jpg,6,2,true,3,train,true
fashionpedia,train2020,47157,7a093077b7aa8e5a418381fd3749774b.jpg,6,2,true,1,train,true
fashionpedia,train2020,47161,8b1a7306d10b6616e71b513d5a49ce03.jpg,6,2,true,3,train,true
fashionpedia,train2020,47165,f843ccf8633346f1fe6a579373c15719.jpg,6,2,true,1,train,true
fashionpedia,train2020,47172,96f9f73b2f75334907be245e9d2cd0f1.jpg,6,2,true,1,train,true
fashionpedia,train2020,47179,e9bb61b1e59b17e7eade63fe19836a69.jpg,6,2,true,1,train,true
fashionpedia,train2020,47183,269fba233e74eef1939cf06c7ce1bc2a.jpg,6,2,true,1,train,true
fashionpedia,train2020,47185,b1b8f747cc3be6df9628ac189c3d6fb4.jpg,6,2,true,1,train,true
fashionpedia,train2020,47188,9065472ef488c54cfb5d858e11f3ddf9.jpg,6,2,true,1,train,true
fashionpedia,train2020,47193,e786a06c7264499081810a7f28cfb381.jpg,6,2,true,3,train,true
fashionpedia,train2020,47196,6c1cc9f19089230dc6816f9c408d2e22.jpg,6,2,true,1,train,true
fashionpedia,train2020,47199,5f297c6e30c7baadaba2848e906bee17.jpg,6,2,true,2,train,true
fashionpedia,train2020,47210,0078f8ea19fbd181e4f51ba4769a1504.jpg,6,2,true,1,train,true
fashionpedia,train2020,47214,35acd0f6e8b81475dedf4c61a75f8fac.jpg,6,2,true,1,train,true
fashionpedia,train2020,47218,d9b4b0046682409f9d7e83fcd76e42e3.jpg,6,2,true,2,train,true
fashionpedia,train2020,47229,b1a5534564c2c9e4cc0942d73481660a.jpg,6,2,true,1,train,true
fashionpedia,train2020,47245,c761788dd7c6f6c6e006eb72dca086f5.jpg,6,2,true,1,train,true
fashionpedia,train2020,47250,d5550338ed4a35c24f4face5c28ed43a.jpg,6,2,true,1,train,true
fashionpedia,train2020,47253,5b9cd98ad78c33d899fe46ac9902be57.jpg,6,2,true,1,train,true
fashionpedia,train2020,47256,e2f51fff68c0aef51de3f55cde46d38b.jpg,6,2,true,1,train,true
fashionpedia,train2020,47260,60a663faa26e835cdc894975eae32fef.jpg,6,2,true,1,train,true
fashionpedia,train2020,47264,bbc0cc96fabe1bb082a2cba43b199c1d.jpg,6,2,true,1,train,true
fashionpedia,train2020,47271,53162e4818b3c8680157b4daf8861652.jpg,6,2,true,1,train,true
fashionpedia,train2020,47272,38d82bd4484a2128ca97a77e99c426b8.jpg,6,2,true,1,train,true
fashionpedia,train2020,47274,4005ddda891d6f28e07a9e4e06848474.jpg,6,2,true,3,train,true
fashionpedia,train2020,47275,9f44dafc21d52a97f6ecc6891483804a.jpg,6,2,true,4,train,true
fashionpedia,train2020,47277,44b98e38f76651d9331aaed55a128e8a.jpg,6,2,true,2,train,true
fashionpedia,train2020,47278,9a78a831475886174e1f9862f6c3f4d3.jpg,6,2,true,1,train,true
fashionpedia,train2020,47280,28401961e6855b619489370b3db58191.jpg,6,2,true,2,train,true
fashionpedia,train2020,47287,d60c182b6a51c9864b339617098a5105.jpg,6,2,true,1,train,true
fashionpedia,train2020,47296,0b1dd61052cf2afa543f827089615961.jpg,6,2,true,3,train,true
fashionpedia,train2020,47302,536a5681f086ef8a2b20ddaf5bd5d7cc.jpg,6,2,true,1,train,true
fashionpedia,train2020,47303,dc747d2b69e6dae63a2f0a034c6b475c.jpg,6,2,true,1,train,true
fashionpedia,train2020,47306,f212b2cca99579722e66f469a1c8cc5e.jpg,6,2,true,2,train,true
fashionpedia,train2020,47314,78bf7d2ed3b22d4f99e30ab900983488.jpg,6,2,true,2,train,true
fashionpedia,train2020,47328,ea0ab76a080790cdc6e02feac34496f6.jpg,6,2,true,2,train,true
fashionpedia,train2020,47334,7f534af595bc7244e9c89c61c6b36762.jpg,6,2,true,4,train,true
fashionpedia,train2020,47338,42fe2964ed553fe32c27722759b769a1.jpg,6,2,true,2,train,true
fashionpedia,train2020,47346,ae8992eb64959341291dd2c8f0f0fb02.jpg,6,2,true,2,train,true
fashionpedia,train2020,47352,8db2c5b49b77571769d40a7488b9a221.jpg,6,2,true,2,train,true
fashionpedia,train2020,47360,7509177dc1f3d7fba3d2a49367b60047.jpg,6,2,true,3,train,true
fashionpedia,train2020,47362,c458fcde049b24d2e3a7032a0accac09.jpg,6,2,true,1,train,true
fashionpedia,train2020,47364,151da45ac37e14832ba5f274a87d3619.jpg,6,2,true,1,train,true
fashionpedia,train2020,47374,a1eaf894c1b5426932ec6b1a1bc9885e.jpg,6,2,true,2,train,true
fashionpedia,train2020,47381,3044e58d34822e047d6fbd5b9cc299c3.jpg,6,2,true,4,train,true
fashionpedia,train2020,47384,db6f2280cd2f8b4991b4481cbdf0b520.jpg,6,2,true,1,train,true
fashionpedia,train2020,47385,fc27b520cb1173173f0a9b7afd92bd62.jpg,6,2,true,1,train,true
fashionpedia,train2020,47390,590d0f35c21400a188684db5fe6638e6.jpg,6,2,true,2,train,true
fashionpedia,train2020,47393,cd6936dd0454717e06d86d391eb98a90.jpg,6,2,true,3,train,true
fashionpedia,train2020,47394,fd84b3b232d2e05dd1e8d3fdd48a2aab.jpg,6,2,true,2,train,true
fashionpedia,train2020,47395,0fe858fd191ddf059a7c1f2ff2ae2780.jpg,6,2,true,2,train,true
fashionpedia,train2020,47397,63b153ddba69a653c95ab4cd252b9007.jpg,6,2,true,3,train,true
fashionpedia,train2020,47398,0b1d5eab412cadf6131b8873df488a50.jpg,6,2,true,1,train,true
fashionpedia,train2020,47404,277037a10432482fd3b00fb6a68c5888.jpg,6,2,true,2,train,true
fashionpedia,train2020,47408,560ceedfed1d2a9e1f519942a7965197.jpg,6,2,true,4,train,true
fashionpedia,train2020,47412,0ea84e774e74921cd6c57cc4eceed997.jpg,6,2,true,1,train,true
fashionpedia,train2020,47415,bc8a7556069fd1b514a4b8a93b660fe1.jpg,6,2,true,1,train,true
fashionpedia,train2020,47417,255bce0a80edea141538dbf336b2dc79.jpg,6,2,true,2,train,true
fashionpedia,train2020,47423,9a19f96d88a052fd5d6aa97d6f6b1008.jpg,6,2,true,1,train,true
fashionpedia,train2020,47430,17b83f30a78fe51e93646ab4a2336aa2.jpg,6,2,true,1,train,true
fashionpedia,train2020,47435,9bd88f53f7b705b6d7a74e9ca21ce9a0.jpg,6,2,true,2,train,true
fashionpedia,train2020,47441,a8883aef64f6e82b9d871bd94b94b033.jpg,6,2,true,3,train,true
fashionpedia,train2020,47444,1fded4f854dfb8f95476fd427f026df2.jpg,6,2,true,1,train,true
fashionpedia,train2020,47447,b0b8dd434c842c1939dff6bbe9f18f7a.jpg,6,2,true,3,train,true
fashionpedia,train2020,47448,b5a3fbab86cde0c5cc703cfefe16423b.jpg,6,2,true,2,train,true
fashionpedia,train2020,47451,0cc6faafbce46ec9bbae01e7ae91d0e2.jpg,6,2,true,1,train,true
fashionpedia,train2020,47453,745805a482aef637ef4f5850870aae54.jpg,6,2,true,1,train,true
fashionpedia,train2020,47468,31b841aa6eb26e3e6bec927076bee75d.jpg,6,2,true,2,train,true
fashionpedia,train2020,47473,84aca9ab721ebfc5d56d8a53a7a891c1.jpg,6,2,true,4,train,true
fashionpedia,train2020,47477,a6e4f57b156ccd8ef3af7e666482c8de.jpg,6,2,true,1,train,true
fashionpedia,train2020,47484,a63cf4a8a9b022909a7eabdc8284796a.jpg,6,2,true,1,train,true
fashionpedia,train2020,47491,38524d6b93d9b37a18463f7a11e339c5.jpg,6,2,true,3,train,true
fashionpedia,train2020,47499,4c4772bbe13af7b2ffcf2902a4db0fe3.jpg,6,2,true,1,train,true
fashionpedia,train2020,47500,a1b258f9048182b084d263da97a6af78.jpg,6,2,true,3,train,true
fashionpedia,train2020,47503,0eab5503e75a65afedd9604db8ba4f1b.jpg,6,2,true,1,train,true
fashionpedia,train2020,47508,77fc8f5802da2efafd5291aeef8f1703.jpg,6,2,true,1,train,true
fashionpedia,train2020,47518,4b50c99bc7ddfaa3038e5343159a3e94.jpg,6,2,true,2,train,true
fashionpedia,train2020,47521,fecb902b30e4d0542348be3004465e95.jpg,6,2,true,2,train,true
fashionpedia,train2020,47525,9a98cb3aad8ced78452ec11306cadbad.jpg,6,2,true,2,train,true
fashionpedia,train2020,47540,3b2d71e0d09530de1077ed66e467dc50.jpg,6,2,true,3,train,true
fashionpedia,train2020,47544,475e7ce7aedb12f6b181748a6b623cfc.jpg,6,2,true,1,train,true
fashionpedia,train2020,47546,592beb55709f05fc9cb3170bd0854f2f.jpg,6,2,true,1,train,true
fashionpedia,train2020,47547,a7af3da25205ad062d3da92676862f34.jpg,6,2,true,2,train,true
fashionpedia,train2020,47557,7d6916a0f8c72e45e6ff7bdacca82702.jpg,6,2,true,1,train,true
fashionpedia,train2020,47560,abfb6f2b3ec3ff6b7449af399b9a9a07.jpg,6,2,true,2,train,true
fashionpedia,train2020,47565,7871d8e012854aba7cb45384a76147bf.jpg,6,2,true,2,train,true
fashionpedia,train2020,47578,8cb50e40a7dc0c4d007fe168d338b2c8.jpg,6,2,true,1,train,true
fashionpedia,train2020,47587,f3b0862ca90dd4e41e1603868af5ea93.jpg,6,2,true,3,train,true
fashionpedia,train2020,47588,a0b9e12ebb089a414ac48f2f1e89c2cb.jpg,6,2,true,3,train,true
fashionpedia,train2020,47590,3a91e8791786f27cdf68fc1a3480525c.jpg,6,2,true,2,train,true
fashionpedia,train2020,47597,3630b3a51ff89a45130fed8fee8cf76a.jpg,6,2,true,2,train,true
fashionpedia,train2020,47602,158325f26130bd612ab861827bcbe053.jpg,6,2,true,1,train,true
fashionpedia,train2020,47603,49c5f59e87427a159e66b0b7a6f4a40d.jpg,6,2,true,3,train,true
fashionpedia,train2020,47615,b907c2c96e1259ff8c7f6fcff18f9fc1.jpg,6,2,true,1,train,true
fashionpedia,train2020,47619,6cc435925e8239bf31521ba0326314cf.jpg,6,2,true,1,train,true
fashionpedia,train2020,47624,31b7681e00794ec7d9db4973863069b0.jpg,6,2,true,1,train,true
fashionpedia,train2020,47625,3eb0967c7d22729dde1b30f15bedf5ef.jpg,6,2,true,1,train,true
fashionpedia,train2020,47636,22d8da04eb62e763bc608763b78770b5.jpg,6,2,true,2,train,true
fashionpedia,train2020,47638,920292b0b021abf4f63b18bdf3159345.jpg,6,2,true,1,train,true
fashionpedia,train2020,47640,e211c95f22ab062abdf0b7ae48cadace.jpg,6,2,true,1,train,true
fashionpedia,train2020,47647,b47a5e3b6d8e216de1d2a0eed427265d.jpg,6,2,true,3,train,true
fashionpedia,train2020,47650,cc88966703e41b42f86965da8ab31f58.jpg,6,2,true,3,train,true
fashionpedia,train2020,47662,7666dc3de1e1302e7631341551c483ea.jpg,6,2,true,2,train,true
fashionpedia,train2020,47663,9688b798df1b0cfbb92440310d0cd137.jpg,6,2,true,2,train,true
fashionpedia,train2020,47664,0af23cc5cdcc3343504fd77e0e8a177d.jpg,6,2,true,1,train,true
fashionpedia,train2020,47670,0c51e03da7d734f7137ddd4c3f32e872.jpg,6,2,true,3,train,true
fashionpedia,train2020,47676,56ac5310d165574c1f6299aa441c5a2e.jpg,6,2,true,1,train,true
fashionpedia,train2020,47678,f124e02e185a1209a2fb16f90deb2c18.jpg,6,2,true,3,train,true
fashionpedia,train2020,47680,481d27e617b3da49afcca60980bd50f4.jpg,6,2,true,1,train,true
fashionpedia,train2020,47681,eae0119a60c1953dbbef0c1302265d70.jpg,6,2,true,3,train,true
fashionpedia,train2020,47692,86ff5af1ea6674677bd188c6498bf671.jpg,6,2,true,1,train,true
fashionpedia,train2020,47693,faef30e5a82bc270b19d468356dcddbd.jpg,6,2,true,4,train,true
fashionpedia,train2020,47694,edc046267bd1a07048f62baf376566a1.jpg,6,2,true,2,train,true
fashionpedia,train2020,47696,6c1242263bc253e12da4fd30267633cc.jpg,6,2,true,5,train,true
fashionpedia,train2020,47703,8ea669ce3b3fd2f078aea6903de5be8e.jpg,6,2,true,1,train,true
fashionpedia,train2020,47706,915c3797f4707f5296fa4109949d663b.jpg,6,2,true,2,train,true
fashionpedia,train2020,47707,09b6a4730d9d7356d62f42b5d0e29c06.jpg,6,2,true,3,train,true
fashionpedia,train2020,47713,0b2543d99bca622ad4716efa9cb3086b.jpg,6,2,true,2,train,true
fashionpedia,train2020,47716,03e786ada0e5bf1235e90f1b529ea648.jpg,6,2,true,2,train,true
fashionpedia,train2020,47721,85b432e1be810338996f8f4123f39a11.jpg,6,2,true,3,train,true
fashionpedia,train2020,47733,fe48c3729f18629161321aeb6ebe0b65.jpg,6,2,true,1,train,true
fashionpedia,train2020,47734,679a4191476a8f3865164d53687deed5.jpg,6,2,true,1,train,true
fashionpedia,train2020,47735,628c83feea4ae337bec0c62030bbf662.jpg,6,2,true,1,train,true
fashionpedia,train2020,47736,fadefcd2721a3825e319cca2f0a4220a.jpg,6,2,true,1,train,true
fashionpedia,train2020,47737,e4cffbdc3f3cffeeb5c630dcee5dae7b.jpg,6,2,true,1,train,true
fashionpedia,train2020,47738,13ba3ab7e342e64cf913b41d61e5f450.jpg,6,2,true,3,train,true
fashionpedia,train2020,47740,8bd4255f8dc82a31e32c896a16f3e799.jpg,6,2,true,3,train,true
fashionpedia,train2020,47742,f7e5a1b5c5bf616cc7dac33969d669ef.jpg,6,2,true,1,train,true
fashionpedia,train2020,47743,8ff62138057fc800c48d1c580b829fc7.jpg,6,2,true,2,train,true
fashionpedia,train2020,47748,9ddcc56b3213a26270603bdf31d5de84.jpg,6,2,true,1,train,true
fashionpedia,train2020,47755,5d8442ae823f3bbda05046897327beae.jpg,6,2,true,2,train,true
fashionpedia,train2020,47757,a4177446346423b5e5aa79536e0a4995.jpg,6,2,true,2,train,true
fashionpedia,train2020,47771,362cda9ebd7ce3ae9a7bf38a1ea7ce8e.jpg,6,2,true,1,train,true
fashionpedia,train2020,47789,431afd5ef42f6666f2e3821dfb41b8ea.jpg,6,2,true,1,train,true
fashionpedia,train2020,47794,f1377385e6f8001eb49e935349724e9e.jpg,6,2,true,1,train,true
fashionpedia,train2020,47795,c23f4ecbf6aa77d768c82e46b6ead719.jpg,6,2,true,1,train,true
fashionpedia,train2020,47811,c439d60f1c4008647e5517a866f4c45c.jpg,6,2,true,3,train,true
fashionpedia,train2020,47823,fffe20b555b98c3c1f26c8dfff275cbc.jpg,6,2,true,3,train,true
fashionpedia,train2020,47831,1c01bb4bca01355ef4912c9a70517968.jpg,6,2,true,1,train,true
fashionpedia,train2020,47832,1e194cf6616bf180771ef47b60f9c282.jpg,6,2,true,2,train,true
fashionpedia,train2020,47839,a5a46fd45494837955548232de15fa2e.jpg,6,2,true,1,train,true
fashionpedia,train2020,47840,9256360ef399577152667babc587c025.jpg,6,2,true,1,train,true
fashionpedia,train2020,47847,6f4bb03aa48837c8f09d99eae27d89d2.jpg,6,2,true,3,train,true
fashionpedia,train2020,47850,2eeb2ffcbdf5c88ad2adadca38cd6528.jpg,6,2,true,2,train,true
fashionpedia,train2020,47855,e32f4800798f865307ba07bd9c312c41.jpg,6,2,true,1,train,true
fashionpedia,train2020,47856,d1a12012bd42e7c0b704bbf2e1ef5554.jpg,6,2,true,1,train,true
fashionpedia,train2020,47865,31cdf9c998336df540c3f36acf4507c7.jpg,6,2,true,4,train,true
fashionpedia,train2020,47869,726155e789b2ce750e97402386fad236.jpg,6,2,true,2,train,true
fashionpedia,train2020,47875,793859f553cd67ebd825b0be85907099.jpg,6,2,true,3,train,true
fashionpedia,train2020,47882,f9696b51015baf896a1b13ff3ed28752.jpg,6,2,true,2,train,true
fashionpedia,train2020,47885,3d93731e7fd3d314b9fd2477a4c261ca.jpg,6,2,true,1,train,true
fashionpedia,train2020,47886,49880684511a7d3924bb541b0a4b0c53.jpg,6,2,true,1,train,true
fashionpedia,train2020,47887,2c2d5dc5967f0ef0a3b79fa424b3114c.jpg,6,2,true,1,train,true
fashionpedia,train2020,47904,5c75255ba61ab1c01170ebd47c96e9c4.jpg,6,2,true,1,train,true
fashionpedia,train2020,47909,0cd5d0f59097403858dce9e2fd571c15.jpg,6,2,true,1,train,true
fashionpedia,train2020,47915,dddad810f7bcdbc483871e7b6dd5cd76.jpg,6,2,true,3,train,true
fashionpedia,train2020,47921,66f20c610d93433c4e531d039cdcdf68.jpg,6,2,true,4,train,true
fashionpedia,train2020,47924,266e137ed789e0f9056907fa6d698286.jpg,6,2,true,3,train,true
fashionpedia,train2020,47926,872f387bb273f7437e702387bd4e2068.jpg,6,2,true,1,train,true
fashionpedia,train2020,47931,2ff151aaf5f7c0c3e5b4fea318dbe677.jpg,6,2,true,1,train,true
fashionpedia,train2020,47942,ee977d668ce1f286a8441e52df19c5a4.jpg,6,2,true,2,train,true
fashionpedia,train2020,47943,b1d71586f6b8f23b95ab90dc3d102c6a.jpg,6,2,true,2,train,true
fashionpedia,train2020,47961,4c0365e72f2ad9f56873ea3687d2578c.jpg,6,2,true,1,train,true
fashionpedia,train2020,47970,999bd61d2fe9ad0e89dddb33a12b2dc2.jpg,6,2,true,4,train,true
fashionpedia,train2020,47977,02c38fe477301e4495c9b8c40d29c6a2.jpg,6,2,true,1,train,true
fashionpedia,train2020,47983,3cc2bd687473dadf3a9bef4caef88124.jpg,6,2,true,1,train,true
fashionpedia,train2020,47985,d77218b64a267e09981b4df13ebd3854.jpg,6,2,true,2,train,true
fashionpedia,train2020,48007,1880f296e5402b65f65872a34a9ca876.jpg,6,2,true,3,train,true
fashionpedia,train2020,48008,2b22829ead3f876f3a54c21b4d149f70.jpg,6,2,true,1,train,true
fashionpedia,train2020,48017,06dac1b506ec05404d3598d649763ffa.jpg,6,2,true,1,train,true
fashionpedia,train2020,48024,87904f2e4fa16e40a0b6edc9d2b68ea2.jpg,6,2,true,1,train,true
fashionpedia,train2020,48025,c3b8e498ecc2685b29a60be200220e3e.jpg,6,2,true,1,train,true
fashionpedia,train2020,48027,85fd05f51253e9f23a72da582e94946c.jpg,6,2,true,3,train,true
fashionpedia,train2020,48030,5aadc9454ba0b59743c6783d1c7d58e4.jpg,6,2,true,1,train,true
fashionpedia,train2020,48032,4b7d5ea0f273f62cec521caa79c33e65.jpg,6,2,true,2,train,true
fashionpedia,train2020,48036,7236cb488d640744e702da350b1a3c3e.jpg,6,2,true,2,train,true
fashionpedia,train2020,48037,5be4f0b001c7fc5d1ddc8239c3e71ce9.jpg,6,2,true,2,train,true
fashionpedia,train2020,48040,a14bfbf9453ec83eef9bf3126d2f074b.jpg,6,2,true,1,train,true
fashionpedia,train2020,48042,4a66fb05691c59bac0c980d1ad0f5924.jpg,6,2,true,1,train,true
fashionpedia,train2020,48046,077a998ec80b1b6d939198f2136111a2.jpg,6,2,true,3,train,true
fashionpedia,train2020,48048,7f39cc8792556c165359807d98abcc28.jpg,6,2,true,2,train,true
fashionpedia,train2020,48052,c8fb688392c6cfdc8e34f82d99630558.jpg,6,2,true,1,train,true
fashionpedia,train2020,48058,8d749e6cba36624c80e81128c42d5750.jpg,6,2,true,1,train,true
fashionpedia,train2020,48067,d121bccf39217d8d7322469b21af9f69.jpg,6,2,true,2,train,true
fashionpedia,train2020,48070,1cdfb00fccbd448da3f640c837170358.jpg,6,2,true,3,train,true
fashionpedia,train2020,48101,6b9dfdab3b327d4473258f1a226a28fb.jpg,6,2,true,1,train,true
fashionpedia,train2020,48103,50aa7d7fa444650f50ac82876b6eb712.jpg,6,2,true,1,train,true
fashionpedia,train2020,48105,95e83d4026a67ec831efa29b607e02b6.jpg,6,2,true,2,train,true
fashionpedia,train2020,48107,aa4b76bc72704b656f3575bbc0949642.jpg,6,2,true,2,train,true
fashionpedia,train2020,48108,06ee887905ed651667d68ba6e8ec77f3.jpg,6,2,true,3,train,true
fashionpedia,train2020,48111,e40614cd2261d4ff682f2e16b74c972b.jpg,6,2,true,2,train,true
fashionpedia,train2020,48115,bcc33f90e6eca425081d8d6673d022f7.jpg,6,2,true,2,train,true
fashionpedia,train2020,48123,86c5eb0a5868f9274b6117bd9b68e6d4.jpg,6,2,true,4,train,true
fashionpedia,train2020,48124,b45d8f3568fd4314a2b61f6365b108a2.jpg,6,2,true,1,train,true
fashionpedia,train2020,48125,ba0092dd70f8c66873a8a233f6968e6c.jpg,6,2,true,3,train,true
fashionpedia,train2020,48141,d2a2c14e0f8397bbe349817eca3af99d.jpg,6,2,true,3,train,true
fashionpedia,train2020,48145,207dbfc9fff57b70d70f9eb74be352e6.jpg,6,2,true,3,train,true
fashionpedia,train2020,48147,7190b7b054bfa6ff819ea880a96dd040.jpg,6,2,true,2,train,true
fashionpedia,train2020,48154,982c29a0a1716cebb155d7298e471dda.jpg,6,2,true,2,train,true
fashionpedia,train2020,48163,01228569719fd0cb5ea572e86390ae75.jpg,6,2,true,1,train,true
fashionpedia,train2020,48168,d588754011120b0717865dc14f5d5c8d.jpg,6,2,true,1,train,true
fashionpedia,train2020,48169,6b3d9e3a4eb8dee9cfd9a438cd5dfe3e.jpg,6,2,true,1,train,true
fashionpedia,train2020,48173,8bb71c2babe449013605efa4751a4cf7.jpg,6,2,true,1,train,true
fashionpedia,train2020,48174,7adf8ad6014de2c79b5c0dc04701da07.jpg,6,2,true,1,train,true
fashionpedia,train2020,48179,5fb823fa7f3d1fabd5b3fa868761b2ac.jpg,6,2,true,3,train,true
fashionpedia,train2020,48180,9bc0a658bf8d5c7190b889984c672618.jpg,6,2,true,4,train,true
fashionpedia,train2020,48183,69c40e26d74bac8c9c56984ef7d29b06.jpg,6,2,true,2,train,true
fashionpedia,train2020,48193,faf4656821ccd5eccc82b87c51ae924d.jpg,6,2,true,1,train,true
fashionpedia,train2020,48194,3c7f8861d012e764469397a273160dc6.jpg,6,2,true,2,train,true
fashionpedia,train2020,48207,1338fbd50f3d881d6c8cc2f9a1d303c8.jpg,6,2,true,1,train,true
fashionpedia,train2020,48208,34c3794f94e5eed3e086e045e9efb494.jpg,6,2,true,1,train,true
fashionpedia,train2020,48209,5810a0f0a009755b2e9b56f787fc48b4.jpg,6,2,true,4,train,true
fashionpedia,train2020,48211,780260692d2de42a7e94e85bf531e690.jpg,6,2,true,3,train,true
fashionpedia,train2020,48222,25b74547eabfd6d62984e382629b6342.jpg,6,2,true,1,train,true
fashionpedia,train2020,48228,2062da30cc9ab95bcea6a6a904f8326e.jpg,6,2,true,3,train,true
fashionpedia,train2020,48231,67f4da157fd6e14ba336455cd1d265b4.jpg,6,2,true,1,train,true
fashionpedia,train2020,48234,46df48553ebe655366f95e0bbd577047.jpg,6,2,true,3,train,true
fashionpedia,train2020,48245,a6255d81b00df5ec1026558794aa9d71.jpg,6,2,true,1,train,true
fashionpedia,train2020,48251,2eafe42961226d4a390a87dfdf089458.jpg,6,2,true,1,train,true
fashionpedia,train2020,48260,47159cab59b995e445f0f7a29b2f2b1c.jpg,6,2,true,1,train,true
fashionpedia,train2020,48265,3303c5ac787355132a38b97e8269d1b7.jpg,6,2,true,3,train,true
fashionpedia,train2020,48268,da0e0f34191d6c2f04c0fb8a03b3fce2.jpg,6,2,true,1,train,true
fashionpedia,train2020,48269,cfa2a5fc97e7b315eef907efbf0841df.jpg,6,2,true,1,train,true
fashionpedia,train2020,48272,a425485af5a0965baf380f43c9c7993e.jpg,6,2,true,2,train,true
fashionpedia,train2020,48285,32491d357f13f93dfae7a0779a4b9c04.jpg,6,2,true,2,train,true
fashionpedia,train2020,48288,16348df7d3b0616b58e0987eda48eb5d.jpg,6,2,true,1,train,true
fashionpedia,train2020,48295,7522ef707e35e18efba7ae5363f18c0d.jpg,6,2,true,3,train,true
fashionpedia,train2020,48306,7c10c4e7727531ed44d5530c59467f91.jpg,6,2,true,4,train,true
fashionpedia,train2020,48309,02f2544ee18bff535a2c535f23a51166.jpg,6,2,true,1,train,true
fashionpedia,train2020,48312,6ac1a22d5e6c4094575f30d55e018f39.jpg,6,2,true,2,train,true
fashionpedia,train2020,48322,1b6216e04e3d49252c889669b0877c8d.jpg,6,2,true,1,train,true
fashionpedia,train2020,48332,505606795d443281311296ae84d8f1ef.jpg,6,2,true,2,train,true
fashionpedia,train2020,48334,5a184bffbc3f317c440f310190b63c57.jpg,6,2,true,1,train,true
fashionpedia,train2020,48343,43504ca8ec75c42dbf94ca457d20d433.jpg,6,2,true,1,train,true
fashionpedia,train2020,48344,6516ae8a940795ed6f8222e5ea3f6674.jpg,6,2,true,1,train,true
fashionpedia,train2020,48351,21a990a2a74ff0efde4107ddaa2c116c.jpg,6,2,true,3,train,true
fashionpedia,train2020,48354,ab67922a5165cbca8baae85e31d6982b.jpg,6,2,true,3,train,true
fashionpedia,train2020,48357,4c68bff01c7c57d564414983d19efffe.jpg,6,2,true,1,train,true
fashionpedia,train2020,48364,c087a7db0ebce84fbb575009fed60c92.jpg,6,2,true,1,train,true
fashionpedia,train2020,48366,9e0f60160d08601563e787cce6624c5b.jpg,6,2,true,1,train,true
fashionpedia,train2020,48372,3423c74f6f966fe88ea49177fd211580.jpg,6,2,true,3,train,true
fashionpedia,train2020,48381,b7deee988b12e1867d7e981914359e6c.jpg,6,2,true,1,train,true
fashionpedia,train2020,48386,b6135ed92c5cb3c27baff83f01fd2d10.jpg,6,2,true,3,train,true
fashionpedia,train2020,48389,521d720f47fd00f58ea918d69cd3d4f5.jpg,6,2,true,2,train,true
fashionpedia,train2020,48392,8bcb4c98de4a357bab2ae82421955b4c.jpg,6,2,true,1,train,true
fashionpedia,train2020,48393,76ab11c0e4e7402ae9f45affd77ba6f4.jpg,6,2,true,2,train,true
fashionpedia,train2020,48394,18bc563449cf29f8d5ff04fbd070c40d.jpg,6,2,true,4,train,true
fashionpedia,train2020,48399,978044ae7cd435211e5f73275783c1db.jpg,6,2,true,2,train,true
fashionpedia,train2020,48410,0491397641b332bfd74d653ba384f506.jpg,6,2,true,3,train,true
fashionpedia,train2020,48416,68e4b24ea9e58a82b487f5dbf62fa8a7.jpg,6,2,true,2,train,true
fashionpedia,train2020,48425,4f333f2bf0775a8e590650cc7871c426.jpg,6,2,true,1,train,true
fashionpedia,train2020,48431,4c86c3b7b7bd0311ce2432eb725a63c1.jpg,6,2,true,1,train,true
fashionpedia,train2020,48435,89cccb7bd38976385aee5ee5fd27cf4d.jpg,6,2,true,2,train,true
fashionpedia,train2020,48436,1027d394d466b84a93b549264cb5335f.jpg,6,2,true,1,train,true
fashionpedia,train2020,48446,8c8d464b3c7b726fa2b458be171a8e4d.jpg,6,2,true,2,train,true
fashionpedia,train2020,48453,f08abc73a82adca2bbb2304c62991458.jpg,6,2,true,3,train,true
fashionpedia,train2020,48456,376f4bb56f6e891d6e074ef0eed873b3.jpg,6,2,true,1,train,true
fashionpedia,train2020,48458,541baac62c42e33da009a857d5095cba.jpg,6,2,true,2,train,true
fashionpedia,train2020,48465,f1f16ce7ffab40c3a44a36327e22c7cd.jpg,6,2,true,1,train,true
fashionpedia,train2020,48472,5d435b982e5025697920e3118da520c6.jpg,6,2,true,1,train,true
fashionpedia,train2020,48476,39b31e7987eb4e29d4beabc2fa456af1.jpg,6,2,true,3,train,true
fashionpedia,train2020,48477,0a4a0ca461b21a6d45f830659cdcfa11.jpg,6,2,true,2,train,true
fashionpedia,train2020,48480,65ef11eb0b239f22e060048e538c6d93.jpg,6,2,true,1,train,true
fashionpedia,train2020,48481,8761e06c4f7eb5a1505847f09a2eb415.jpg,6,2,true,1,train,true
fashionpedia,train2020,48486,b5b1a4a02be6daecf51970094970b1eb.jpg,6,2,true,1,train,true
fashionpedia,train2020,48489,19af19d251c946ae70450b25a4213504.jpg,6,2,true,1,train,true
fashionpedia,train2020,48493,31bacc7c23cfaed8041e80d250e7eb0b.jpg,6,2,true,1,train,true
fashionpedia,train2020,48530,d1a019eab55c4c59fc9fb605baf10959.jpg,6,2,true,1,train,true
fashionpedia,train2020,48531,99bc728f9f8f9caccbb8ec88806325c6.jpg,6,2,true,1,train,true
fashionpedia,train2020,48533,cdd5f61aa1d215989f9b2f48b9a12b68.jpg,6,2,true,2,train,true
fashionpedia,train2020,48537,7fa0742a4574d767f00b3309e4492a15.jpg,6,2,true,3,train,true
fashionpedia,train2020,48544,6b16e61da0b1421504127683427bbe84.jpg,6,2,true,1,train,true
fashionpedia,train2020,48554,acecff90cf2194f2c620862b52fedd36.jpg,6,2,true,3,train,true
fashionpedia,train2020,48556,5fcbba8dc05c3d408aa6453a7899d29f.jpg,6,2,true,2,train,true
fashionpedia,train2020,48565,09d8a01340c8048277f413c8a9a893f8.jpg,6,2,true,2,train,true
fashionpedia,train2020,48570,5df48263b3a041524177ff3e4e378ba4.jpg,6,2,true,1,train,true
fashionpedia,train2020,48571,ced54b52896f0845680d3236d4f8a03d.jpg,6,2,true,2,train,true
fashionpedia,train2020,48573,86b50d0f39ac46cdf31c3b10bcf81142.jpg,6,2,true,1,train,true
fashionpedia,train2020,48581,a911e0a0cc9a86687b903d64358e2eb0.jpg,6,2,true,2,train,true
fashionpedia,train2020,48588,070cc1a88895dee78421cc40dc8dafee.jpg,6,2,true,1,train,true
fashionpedia,train2020,48599,4cffd7c0c9ac91946c1385c1caeead4f.jpg,6,2,true,1,train,true
fashionpedia,train2020,48606,05d39ac286e17f8a1e63a55bd8ce114e.jpg,6,2,true,3,train,true
fashionpedia,train2020,48610,1c9063a96d89b9b3874403aac207a6cb.jpg,6,2,true,1,train,true
fashionpedia,train2020,48613,a7ddb2052355f32f011d20299f46c5f4.jpg,6,2,true,2,train,true
fashionpedia,train2020,48618,dc2ff67be4f5b27eb23a7a2b3661132a.jpg,6,2,true,2,train,true
fashionpedia,train2020,48625,028805bd2e003e1103fe553853167ed4.jpg,6,2,true,1,train,true
fashionpedia,train2020,48626,bf5f8ee9f3ff8edd6fb12612ae76fc5a.jpg,6,2,true,2,train,true
fashionpedia,train2020,48631,9148e8c82175b82e2c11136754a9ea42.jpg,6,2,true,4,train,true
fashionpedia,train2020,48634,344c72d161fbe4c717d608c4ba4bd43f.jpg,6,2,true,2,train,true
fashionpedia,train2020,48637,9f55002e314eec239a01152248e70faa.jpg,6,2,true,1,train,true
fashionpedia,train2020,48645,2bfbd8e1a3b0808cf3851c9e2c852abb.jpg,6,2,true,1,train,true
fashionpedia,train2020,48653,50eb683c71c51488f50cb10bae09f942.jpg,6,2,true,1,train,true
fashionpedia,train2020,48657,da367e5d5d574f0d3b47eb09f9b1b6b3.jpg,6,2,true,1,train,true
fashionpedia,train2020,48659,94f03a1ad10d2b1d682442b2a0dae4be.jpg,6,2,true,2,train,true
fashionpedia,train2020,48661,a3f048f51cedc8517deabbf29b07529d.jpg,6,2,true,1,train,true
fashionpedia,train2020,48663,bc7957aba1cd94fc583d3e2a8d2453de.jpg,6,2,true,1,train,true
fashionpedia,train2020,48667,db3da6ee9d6e1c263d66e14510910879.jpg,6,2,true,2,train,true
fashionpedia,train2020,48670,3bb6dc7d40bb858429318031a89c188e.jpg,6,2,true,1,train,true
fashionpedia,train2020,48671,1ebe9d0efd13307dbd26844a07384c40.jpg,6,2,true,1,train,true
fashionpedia,train2020,48676,968d3996bfad339ce86e2689a2aea316.jpg,6,2,true,3,train,true
fashionpedia,train2020,48678,2b1735c5d3446a33e6f1a0adeb7b5c88.jpg,6,2,true,1,train,true
fashionpedia,train2020,48690,1570f4653c1d0cdf66a51bf39a55a733.jpg,6,2,true,1,train,true
fashionpedia,train2020,48697,1cd0252ce23d214eaa76a6615260faea.jpg,6,2,true,2,train,true
fashionpedia,train2020,48703,44501ebc059f48f689f8fa8ae0571707.jpg,6,2,true,2,train,true
fashionpedia,train2020,48704,1a1190e9a4e72e21c2a5437d048e95bf.jpg,6,2,true,2,train,true
fashionpedia,train2020,48705,f4ce9a03b547c06ea2ec1297666bea6a.jpg,6,2,true,1,train,true
fashionpedia,train2020,48708,b4611a91c7236a0c967665e6bfd18303.jpg,6,2,true,1,train,true
fashionpedia,train2020,48714,f6cd38308091915bb0d53e11e1d06509.jpg,6,2,true,2,train,true
fashionpedia,train2020,48715,eb60c48a5c308462d6809ab289ce2396.jpg,6,2,true,3,train,true
fashionpedia,train2020,48716,175dee701ebd346e037ab9172bcc7580.jpg,6,2,true,1,train,true
fashionpedia,train2020,48721,08b66a8d4d4a17b75b1c5544cfb80e23.jpg,6,2,true,2,train,true
fashionpedia,train2020,48728,656122206402e23e5e35dde486839700.jpg,6,2,true,1,train,true
fashionpedia,train2020,48730,eaef56ae8d3bef2376eb988b0c30e7d2.jpg,6,2,true,1,train,true
fashionpedia,train2020,48732,c9276d4f1fd4e439efe3185662a57ed3.jpg,6,2,true,1,train,true
fashionpedia,train2020,48735,0e3836cd2d36367c07bc7064ff3d5ddc.jpg,6,2,true,4,train,true
fashionpedia,train2020,48740,35885420b851fc9bbc89746756ed66b9.jpg,6,2,true,1,train,true
fashionpedia,train2020,48742,2993c14bfbe34ca7f6021b4d5918b80a.jpg,6,2,true,1,train,true
fashionpedia,train2020,48745,00e850dd37d50c8f843153c7d91d4bef.jpg,6,2,true,2,train,true
fashionpedia,train2020,48748,6e5520b6e0fa7c3bf68a264db2a59f2e.jpg,6,2,true,3,train,true
fashionpedia,train2020,48754,bba3c925b4be07112b985b974f24ad9f.jpg,6,2,true,3,train,true
fashionpedia,train2020,48770,2edc036e5b8c25d80dbb267657036906.jpg,6,2,true,1,train,true
fashionpedia,train2020,48780,146a1d4e731158599485e108016aef2a.jpg,6,2,true,3,train,true
fashionpedia,train2020,48782,7d9f9938c7f938095f860f5ad3cbfc08.jpg,6,2,true,1,train,true
fashionpedia,train2020,48784,6bb48a71de0ebb720c2c833554fc1177.jpg,6,2,true,2,train,true
fashionpedia,train2020,48787,6f6790b5d9927a475e580c1e2274330a.jpg,6,2,true,1,train,true
fashionpedia,train2020,48791,6b7bba961417bb2b0079b1fdfc108992.jpg,6,2,true,1,train,true
fashionpedia,train2020,48799,08e021c99b559b5874df8392a226dc9c.jpg,6,2,true,1,train,true
fashionpedia,train2020,48802,4e6af1f233957b91de59224095846932.jpg,6,2,true,2,train,true
fashionpedia,train2020,48807,7cb7fd95f1d85231db40f1cf1ba571c5.jpg,6,2,true,1,train,true
fashionpedia,train2020,48810,a99b14d27bff6fc1d0d484c446aa7042.jpg,6,2,true,1,train,true
fashionpedia,train2020,48818,e6bdb3903732dc96008930b993c6ebec.jpg,6,2,true,1,train,true
fashionpedia,train2020,48819,b3b0cee3145826221aebb773c5ec7e63.jpg,6,2,true,3,train,true
fashionpedia,train2020,48826,19395e41f97f4518c642deec51c06495.jpg,6,2,true,3,train,true
fashionpedia,train2020,48839,154b16c5136671365e9180b0d5e2621e.jpg,6,2,true,2,train,true
fashionpedia,train2020,48841,9931157002cab84899d05f2594a22ba9.jpg,6,2,true,1,train,true
fashionpedia,train2020,48844,7240e41c65f2c657fc6949cc75711269.jpg,6,2,true,1,train,true
fashionpedia,train2020,48850,ff6c3b819ec5914c34bd317f17f4b023.jpg,6,2,true,2,train,true
fashionpedia,train2020,48852,4addfd387eff9514d9b8deeee284ef24.jpg,6,2,true,1,train,true
fashionpedia,train2020,48854,4145b0db009aaaf3c18b1d62418baa35.jpg,6,2,true,1,train,true
fashionpedia,train2020,48869,e85f69e62400eacf0779ce50843ab384.jpg,6,2,true,1,train,true
fashionpedia,train2020,48872,2f5162def530905aac64647e168d08a2.jpg,6,2,true,2,train,true
fashionpedia,train2020,48876,567470a1e774dbed847039050c39ccc1.jpg,6,2,true,1,train,true
fashionpedia,train2020,48877,d721fb967b6370a8bdb7200a505b6ceb.jpg,6,2,true,1,train,true
fashionpedia,train2020,48879,8f372e40656b3251c7c143a4a97473e4.jpg,6,2,true,2,train,true
fashionpedia,train2020,48882,b973c78370eb1e0091336dec73962f06.jpg,6,2,true,1,train,true
fashionpedia,train2020,48885,55289357a9fbb29008b3ed2f7fca69f4.jpg,6,2,true,1,train,true
fashionpedia,train2020,48898,5ab81fa55eea4ff98d8055b750be918d.jpg,6,2,true,3,train,true
fashionpedia,train2020,48899,9d7b9379cc0f5a6e7b113c55889a559c.jpg,6,2,true,1,train,true
fashionpedia,train2020,48908,e2813c43f98dd0fb7aae7e205656978d.jpg,6,2,true,3,train,true
fashionpedia,train2020,48921,8a5384daf18fb977654ce6b0a8a2b819.jpg,6,2,true,1,train,true
fashionpedia,train2020,48929,d935608920eef838d18a537e1c87ed3e.jpg,6,2,true,1,train,true
fashionpedia,train2020,48935,b4f224c2bbd8a0ad7a8d623cd3f5c125.jpg,6,2,true,1,train,true
fashionpedia,train2020,48937,c838d9bdbfd8132a2514bf0ef1045457.jpg,6,2,true,3,train,true
fashionpedia,train2020,48957,0f4cac64c408c18be9047de624e1ab90.jpg,6,2,true,1,train,true
fashionpedia,train2020,48961,7b81b09ed7f76d05338324524b491f3a.jpg,6,2,true,2,train,true
fashionpedia,train2020,48963,4ca9d45aa8c9b38335ab2f0811ab7397.jpg,6,2,true,1,train,true
fashionpedia,train2020,48964,0e86ae5364eb279258dea18edd9b2c58.jpg,6,2,true,2,train,true
fashionpedia,train2020,48965,d80b9bc0b28582822c05c9d0c62bb683.jpg,6,2,true,1,train,true
fashionpedia,train2020,48978,22e8fb74ca64c03b523abf57f9f53026.jpg,6,2,true,3,train,true
fashionpedia,train2020,48981,5bf876a81d1ffcb75422cd2882e4b03b.jpg,6,2,true,2,train,true
fashionpedia,train2020,48986,6e0f6369b270405fa1ff3e775a3719df.jpg,6,2,true,1,train,true
fashionpedia,train2020,48987,a2baeab57c3c28c1a475c72a6d42e48e.jpg,6,2,true,2,train,true
fashionpedia,train2020,48988,a178c032b6457299f9067e9d1b464001.jpg,6,2,true,1,train,true
fashionpedia,train2020,48989,99669feb0defcd5083c8efa6d2637f8b.jpg,6,2,true,2,train,true
fashionpedia,train2020,48997,97c939f25dd2b1730c93691d61f06cd6.jpg,6,2,true,2,train,true
fashionpedia,train2020,48999,85fe7b5a0ae14917c5a027a6ae382322.jpg,6,2,true,3,train,true
fashionpedia,train2020,49001,136b04691bc4322cb5e4ce142f71ec4f.jpg,6,2,true,2,train,true
fashionpedia,train2020,49005,749f7900c378782a9db8a07aca14a208.jpg,6,2,true,2,train,true
fashionpedia,train2020,49012,ab15742e04472d8126dcc0a6345dd372.jpg,6,2,true,2,train,true
fashionpedia,train2020,49014,27628c40b8b626c2bde0d3ea3318d064.jpg,6,2,true,2,train,true
fashionpedia,train2020,49026,938541d7d32da7b831bb39699d48638b.jpg,6,2,true,1,train,true
fashionpedia,train2020,49032,78df22db671c6f3c200a57bd8f628603.jpg,6,2,true,2,train,true
fashionpedia,train2020,49052,0065e8a9202794fe86c932275bf85366.jpg,6,2,true,1,train,true
fashionpedia,train2020,49058,03f5022a6fe0a02f5067db87523293ec.jpg,6,2,true,2,train,true
fashionpedia,train2020,49059,0f7499d2da766dbe2f25dd65c1c4b354.jpg,6,2,true,2,train,true
fashionpedia,train2020,49063,8a4e72e5dd181f35a94b58d56c0e07b3.jpg,6,2,true,1,train,true
fashionpedia,train2020,49064,41c629757adf9fa3e7721c0a9418fe2d.jpg,6,2,true,1,train,true
fashionpedia,train2020,49076,9e046a8d92d78b588fc5922518707ee3.jpg,6,2,true,1,train,true
fashionpedia,train2020,49077,9708af1abda1b45e35d4f2837a29b392.jpg,6,2,true,1,train,true
fashionpedia,train2020,49079,1db09edbfc0e6ff1caf0136fc63eeb7c.jpg,6,2,true,1,train,true
fashionpedia,train2020,49080,19808385da9b5da655e70c830da8d7eb.jpg,6,2,true,2,train,true
fashionpedia,train2020,49086,67b16a9ae2d1ac657db09588f8b592d9.jpg,6,2,true,1,train,true
fashionpedia,train2020,49093,305a8e927ea9d0eebf8dfa669c7b891d.jpg,6,2,true,1,train,true
fashionpedia,train2020,49097,c53515596e6ad82705c4070a36be1ca4.jpg,6,2,true,1,train,true
fashionpedia,train2020,49099,cce397c491c12874e38aeb6b90df2d53.jpg,6,2,true,2,train,true
fashionpedia,train2020,49101,167803366b3ea6b5ec9ef98013bb3ed0.jpg,6,2,true,1,train,true
fashionpedia,train2020,49105,27909eb371854e0cdb4eb4b8e512b57d.jpg,6,2,true,2,train,true
fashionpedia,train2020,49115,bec8fad945511ec32b8cd9a8b2ea78c9.jpg,6,2,true,2,train,true
fashionpedia,train2020,49117,2fbbdc71fead680656e468fb295b0bf2.jpg,6,2,true,2,train,true
fashionpedia,train2020,49121,e5717af44285a3bc974e3bd8476c71ea.jpg,6,2,true,2,train,true
fashionpedia,train2020,49123,1a96b7c778460f7eb57ad253397919d2.jpg,6,2,true,1,train,true
fashionpedia,train2020,49128,9c9e4e331d3053d6d81a41a5fc4f90be.jpg,6,2,true,1,train,true
fashionpedia,train2020,49129,d4625117d8402dd0b4de02818eb8a022.jpg,6,2,true,1,train,true
fashionpedia,train2020,49130,3b973b7e8b7e40ca9ac5d7933723d79b.jpg,6,2,true,1,train,true
fashionpedia,train2020,49134,366d7a9fe57415b23373d978b29ad8e2.jpg,6,2,true,1,train,true
fashionpedia,train2020,49137,b30eeee6152da0d2de2333230b031c02.jpg,6,2,true,1,train,true
fashionpedia,train2020,49145,7504a1e5ecf5487a86fd2aa071862998.jpg,6,2,true,2,train,true
fashionpedia,train2020,49151,f9e2270fbf71ffe1857d441d08e535a7.jpg,6,2,true,1,train,true
fashionpedia,train2020,49153,24f3d3f56cf3378a18944169ae7a9155.jpg,6,2,true,3,train,true
fashionpedia,train2020,49155,3d580db148d7843b188022c2eb6b22ae.jpg,6,2,true,1,train,true
fashionpedia,train2020,49157,348023fc6a2eef8fdc40892e2fdb49b7.jpg,6,2,true,1,train,true
fashionpedia,train2020,49160,4b30614d62da12729b571411f8cdde2e.jpg,6,2,true,1,train,true
fashionpedia,train2020,49162,e9e8af0a1f6b1a70f7fe3bd4b0d2a8fd.jpg,6,2,true,1,train,true
fashionpedia,train2020,49165,a54798bf81f065b8fe248b7200285412.jpg,6,2,true,2,train,true
fashionpedia,train2020,49168,7223f6322a4b0c94071169fed26557db.jpg,6,2,true,2,train,true
fashionpedia,train2020,49171,d6eee6d384fcc8aeae5be1a308cdfe77.jpg,6,2,true,3,train,true
fashionpedia,train2020,49177,261a911072c04c5a972f1e83fd6e0973.jpg,6,2,true,1,train,true
fashionpedia,train2020,49181,bb8fb1bee52b9a1db41648edc6225ac3.jpg,6,2,true,1,train,true
fashionpedia,train2020,49192,8617b2102bb25fbb0a93fb7f11e6397c.jpg,6,2,true,1,train,true
fashionpedia,train2020,49195,70f578e64c26ba43ebd14f8bbbeb91e6.jpg,6,2,true,1,train,true
fashionpedia,train2020,49211,9f8c6a627d22a2c8aa0bfd85f7699552.jpg,6,2,true,1,train,true
fashionpedia,train2020,49214,0fb073fe6d73deba3d28e86ae6e7f320.jpg,6,2,true,2,train,true
fashionpedia,train2020,49219,d5e55f9a43638b3415a7700667727b4e.jpg,6,2,true,3,train,true
fashionpedia,train2020,49220,1e99985f43ea2131557e6b77c47f8711.jpg,6,2,true,3,train,true
fashionpedia,train2020,49229,27f374a092e2224a4068e616e1db3e04.jpg,6,2,true,1,train,true
fashionpedia,train2020,49231,b17d9ae017a52f878c0c72191655a55b.jpg,6,2,true,3,train,true
fashionpedia,train2020,49234,c5aaabb8ba507cb2e0125b2efac7b9ca.jpg,6,2,true,3,train,true
fashionpedia,train2020,49236,a59013d3e5a5a504a9f59f69bcf31586.jpg,6,2,true,3,train,true
fashionpedia,train2020,49237,f0e925d5b4c056bb3f0b6c9f0258d416.jpg,6,2,true,1,train,true
fashionpedia,train2020,49239,be033c3ce6eaab423b8fc3afc83f7701.jpg,6,2,true,2,train,true
fashionpedia,train2020,49242,b930c2734adeffcc08f6a9ff0c05acbb.jpg,6,2,true,3,train,true
fashionpedia,train2020,49246,e74fb435305fbc8454a976304ff3bfbf.jpg,6,2,true,3,train,true
fashionpedia,train2020,49248,62cc0eaef7b773ca988bf9197249261d.jpg,6,2,true,2,train,true
fashionpedia,train2020,49260,2030432ecece40ec4f8591ba2942fa37.jpg,6,2,true,3,train,true
fashionpedia,train2020,49261,a08e833505d703b89fe5432fbf4233ab.jpg,6,2,true,2,train,true
fashionpedia,train2020,49262,00ebd9bce869b275ab358f6702e73f30.jpg,6,2,true,1,train,true
fashionpedia,train2020,49264,5072c5782cbf49861898042621582159.jpg,6,2,true,1,train,true
fashionpedia,train2020,49265,851dd72c4f1a2f50af5ab5f6228670c5.jpg,6,2,true,3,train,true
fashionpedia,train2020,49266,7aedf019809c649853ca61b6c340c254.jpg,6,2,true,2,train,true
fashionpedia,train2020,49276,ad69a7f38d71f7196214f3759119eca8.jpg,6,2,true,1,train,true
fashionpedia,train2020,49279,2146b1d5e4e073854bcfa3b82b703ca6.jpg,6,2,true,3,train,true
fashionpedia,train2020,49280,5745f7d40e9f400e77137647e1a41fa7.jpg,6,2,true,2,train,true
fashionpedia,train2020,49282,452a18d00292e4ba5e12cb600814768b.jpg,6,2,true,4,train,true
fashionpedia,train2020,49283,f7d81f69d8720903e138e439b6ee9d47.jpg,6,2,true,3,train,true
fashionpedia,train2020,49284,619511854818d344232335afd4c4cf2c.jpg,6,2,true,4,train,true
fashionpedia,train2020,49287,09e3a574866cc978d71f8c03569791fe.jpg,6,2,true,1,train,true
fashionpedia,train2020,49299,64e7eea746d18b51cb69384e572c43ac.jpg,6,2,true,1,train,true
fashionpedia,train2020,49306,557b7f7303bf1efab982cab417848326.jpg,6,2,true,2,train,true
fashionpedia,train2020,49308,3663bc3f0c0ab4fc7951931d005f834e.jpg,6,2,true,3,train,true
fashionpedia,train2020,49312,d3be7b77a2df8d71cd1a00ae92f1eda6.jpg,6,2,true,1,train,true
fashionpedia,train2020,49313,da3ddd276bb975818e9b6e6f98a24aeb.jpg,6,2,true,2,train,true
fashionpedia,train2020,49314,5294d822199209c3e1253bcdf4a26d39.jpg,6,2,true,1,train,true
fashionpedia,train2020,49317,1da965b945c533b974ecd30e864d6ee5.jpg,6,2,true,1,train,true
fashionpedia,train2020,49323,26825b3911acb4e326a8736f0858a3d0.jpg,6,2,true,1,train,true
fashionpedia,train2020,49327,e21c0bf7d542744875594fc0899bf4fb.jpg,6,2,true,1,train,true
fashionpedia,train2020,49332,8c840b9805e118e68c67fab9f08bc630.jpg,6,2,true,2,train,true
fashionpedia,train2020,49344,b101cb55fd127191c6836c28b9e1caa9.jpg,6,2,true,1,train,true
fashionpedia,train2020,49359,b7bdf3f828083a77aa8b0009a0e66662.jpg,6,2,true,3,train,true
fashionpedia,train2020,49360,8046830555c884be6e84d1a2eae71ae6.jpg,6,2,true,2,train,true
fashionpedia,train2020,49362,9f8fe9b495e8cdf21177fa75a8695d1e.jpg,6,2,true,1,train,true
fashionpedia,train2020,49363,69833abf14a8793736cba64f2c40d2dc.jpg,6,2,true,1,train,true
fashionpedia,train2020,49364,beccad3966b60d903893dc09eb7543c8.jpg,6,2,true,2,train,true
fashionpedia,train2020,49368,5310a712238eaada8a96bfa2bc605486.jpg,6,2,true,2,train,true
fashionpedia,train2020,49385,98a09c470ab619c26217e7fc27653961.jpg,6,2,true,1,train,true
fashionpedia,train2020,49397,28e5fc2d4de49c5cdcaf4552c3414db4.jpg,6,2,true,3,train,true
fashionpedia,train2020,49401,d7067cacf0063e58fd867e7144969beb.jpg,6,2,true,1,train,true
fashionpedia,train2020,49406,eb6d6b38ceaa3b0a4fd235820173e5f5.jpg,6,2,true,2,train,true
fashionpedia,train2020,49407,d57562ebfdaadae92c94273f2cde4e2c.jpg,6,2,true,1,train,true
fashionpedia,train2020,49411,2410752e5abb3197416acea4d58ed5b7.jpg,6,2,true,3,train,true
fashionpedia,train2020,49416,811c05c1c1d70cd071e35f543b642319.jpg,6,2,true,2,train,true
fashionpedia,train2020,49418,85eb60e2547fe1ca222bcf3593fa63f9.jpg,6,2,true,1,train,true
fashionpedia,train2020,49420,be662d8e144e3742da4063550d45b37e.jpg,6,2,true,1,train,true
fashionpedia,train2020,49430,91cbc44a00cd948580d1f71f23abfa5d.jpg,6,2,true,1,train,true
fashionpedia,train2020,49442,55ba888a8be4607965af2663c10d082c.jpg,6,2,true,2,train,true
fashionpedia,train2020,49451,38624731591d9369072366eff5f7be47.jpg,6,2,true,1,train,true
fashionpedia,train2020,49452,ae68d345d2b3d41b527100ede2d2ec95.jpg,6,2,true,2,train,true
fashionpedia,train2020,49465,10b8cb10db7d2b27e426c8a9b33e083a.jpg,6,2,true,1,train,true
fashionpedia,train2020,49477,309758fdd4b946573ed06a5ca5a65e1a.jpg,6,2,true,1,train,true
fashionpedia,train2020,49480,22b35a25fc6651dce053cd910038a3d7.jpg,6,2,true,3,train,true
fashionpedia,train2020,49489,b3d3e8ee0928bdeba95375bc57946e87.jpg,6,2,true,2,train,true
fashionpedia,train2020,49493,825616968081272f98486fcdea5c4455.jpg,6,2,true,1,train,true
fashionpedia,train2020,49495,b8d6a6fd95bdd06ce41cc1576bd1ae87.jpg,6,2,true,1,train,true
fashionpedia,train2020,49499,24ae9b63cd60b7bdf71fe06f5f1462be.jpg,6,2,true,2,train,true
fashionpedia,train2020,49501,93d415c9ea8da3ab378a33fcc4a5fd0c.jpg,6,2,true,3,train,true
fashionpedia,train2020,49505,40d5f1ef50f450ecbac5111965902685.jpg,6,2,true,2,train,true
fashionpedia,train2020,49506,0c6c53badbcb8469dffe536d018eb0a1.jpg,6,2,true,1,train,true
fashionpedia,train2020,49509,47320e7dbce7f015ef89a6e58337ccf2.jpg,6,2,true,1,train,true
fashionpedia,train2020,49514,b063c95bb19353ce03481035c94f0511.jpg,6,2,true,1,train,true
fashionpedia,train2020,49515,ab8a92978c80f75d7f7135eb7550082b.jpg,6,2,true,3,train,true
fashionpedia,train2020,49518,f28457d99d95732d0aa4cda285c43e29.jpg,6,2,true,2,train,true
fashionpedia,train2020,49519,dfdb5d465085d08207b95bb119457d08.jpg,6,2,true,1,train,true
fashionpedia,train2020,49524,76e01e8588ea5fb6bb700d442bcbde50.jpg,6,2,true,1,train,true
fashionpedia,train2020,49531,e29c35631d3347307c6120bdc6f4030a.jpg,6,2,true,1,train,true
fashionpedia,train2020,49536,27e510e520a73551fcee72e59c533003.jpg,6,2,true,3,train,true
fashionpedia,train2020,49542,5e35f74a7713b56f10404864e7d2b431.jpg,6,2,true,2,train,true
fashionpedia,train2020,49547,025200ad487f2930aaf09e04c18f2f12.jpg,6,2,true,2,train,true
fashionpedia,train2020,49555,0398623cc7d64e2a302dd6b4a043561c.jpg,6,2,true,2,train,true
fashionpedia,train2020,49562,8c39626c76bb6fd9a97e1d07db213978.jpg,6,2,true,2,train,true
fashionpedia,train2020,49566,aec6256a6df853eb14a2d682154bbbfa.jpg,6,2,true,2,train,true
fashionpedia,train2020,49568,7a8e2eb037cb28c832b3ca816e5f290f.jpg,6,2,true,1,train,true
fashionpedia,train2020,49572,226f2a263aa4d02a158e7ebd4533131c.jpg,6,2,true,2,train,true
fashionpedia,train2020,49585,9daad31fe296e9dc75150a8375c748a2.jpg,6,2,true,1,train,true
fashionpedia,train2020,49588,cb9aeb24a13f24268f49764c3a1e10f4.jpg,6,2,true,4,train,true
fashionpedia,train2020,49594,7bc2df0aa996e82583586901de81a91d.jpg,6,2,true,2,train,true
fashionpedia,train2020,49599,395b81c1c23666d26c41c68a46945e48.jpg,6,2,true,2,train,true
fashionpedia,train2020,49602,34153147210bcd1c3713d906cce8379b.jpg,6,2,true,3,train,true
fashionpedia,train2020,49619,2f87b3dfb67eb393fd36c4664d07a45f.jpg,6,2,true,1,train,true
fashionpedia,train2020,49625,90c76ec621bfe5e146f6bf7867738519.jpg,6,2,true,1,train,true
fashionpedia,train2020,49633,e3c155a65cc4faf0506e8beee1684476.jpg,6,2,true,1,train,true
fashionpedia,train2020,49639,b14d88f69cbbc71c2d50079c49ce5c8c.jpg,6,2,true,1,train,true
fashionpedia,train2020,49640,7a52f69442a0c566bb6955bc5a14e3ce.jpg,6,2,true,2,train,true
fashionpedia,train2020,49644,dc3a91112d1c529d1c9e2a61c2c4ac9a.jpg,6,2,true,3,train,true
fashionpedia,train2020,49646,3333c74782ae019915dd47b827851980.jpg,6,2,true,3,train,true
fashionpedia,train2020,49648,31bd5de04cda2760d2a4bfa8c6b0e50e.jpg,6,2,true,1,train,true
fashionpedia,train2020,49656,da7c3bc8fcdf4a8407ebb0c71a3d2366.jpg,6,2,true,1,train,true
fashionpedia,train2020,49658,93684de747790f851d8bc8ffaf1987e8.jpg,6,2,true,1,train,true
fashionpedia,train2020,49661,417b16560eec32c46aba5fc04dd5dca9.jpg,6,2,true,1,train,true
fashionpedia,train2020,49664,233ad61fcaa29d0d6fe10e127ebb1c24.jpg,6,2,true,3,train,true
fashionpedia,train2020,49665,babc2019c1b98e067537e4abcc001b35.jpg,6,2,true,1,train,true
fashionpedia,train2020,49667,a30a51918584dd0dcae0dcb85e558e5f.jpg,6,2,true,2,train,true
fashionpedia,train2020,49678,305f0cb5d358130d200abfe0d89cfecb.jpg,6,2,true,1,train,true
fashionpedia,train2020,49684,d4f27c89f7df27d3593592e6066f2d3e.jpg,6,2,true,2,train,true
fashionpedia,train2020,49685,0dd6cabfbe0e8d1785ff7740eb7495b4.jpg,6,2,true,1,train,true
fashionpedia,train2020,49689,6f9bbe2f1ed1f026270e73132ae3aece.jpg,6,2,true,1,train,true
fashionpedia,train2020,49691,d83521be76f11fcbc8aeb60ed6e0d40e.jpg,6,2,true,4,train,true
fashionpedia,train2020,49694,590683372d3a4ee68b7599e85a26a88d.jpg,6,2,true,1,train,true
fashionpedia,train2020,49703,8734a7841a0b5e13580e20007a16ae30.jpg,6,2,true,4,train,true
fashionpedia,train2020,49704,a552c9dbe9814b12a39f42e615191d7d.jpg,6,2,true,2,train,true
fashionpedia,train2020,49712,afa6e5d1ceb2adf3ef89fb3acd72ea5a.jpg,6,2,true,1,train,true
fashionpedia,train2020,49716,dc0d6d933ec0643562b9e7197b77a27d.jpg,6,2,true,1,train,true
fashionpedia,train2020,49720,65939078706d62c2a2c696d995d6fe60.jpg,6,2,true,2,train,true
fashionpedia,train2020,49721,c8e9f3993ec57e7774a2f16f1a81e608.jpg,6,2,true,1,train,true
fashionpedia,train2020,49725,e90e593f31d662866f6f05ba1f398b8f.jpg,6,2,true,1,train,true
fashionpedia,train2020,49726,e645962fb3482e0756b77b71dfbc205a.jpg,6,2,true,3,train,true
fashionpedia,train2020,49727,655560d6960a1660026b0d2213a5bd45.jpg,6,2,true,1,train,true
fashionpedia,train2020,49729,b0bd07701c06abb302029f30ebc07acc.jpg,6,2,true,3,train,true
fashionpedia,train2020,49735,2a6f1fc3d92aaa8f55d35dc66c16929e.jpg,6,2,true,1,train,true
fashionpedia,train2020,49737,6f3d61823233fe19df00c02c4c1ce2bc.jpg,6,2,true,3,train,true
fashionpedia,train2020,49740,a66031d2b2827029cd560d29a76ee157.jpg,6,2,true,3,train,true
fashionpedia,train2020,49746,5fa916f6ee0d46ab595b03f0952e074f.jpg,6,2,true,1,train,true
fashionpedia,train2020,49749,b948d898ca2e37ec47c06ca4b282bb26.jpg,6,2,true,1,train,true
fashionpedia,train2020,49753,7532e50ae33a1106984aeb982ba66011.jpg,6,2,true,1,train,true
fashionpedia,train2020,49756,f2f5ddc7a475d7b22187af299e794b81.jpg,6,2,true,2,train,true
fashionpedia,train2020,49762,479a2f08aec3da3e2c0404136e8b2325.jpg,6,2,true,1,train,true
fashionpedia,train2020,49765,80f46ab4745373bab644644dc6e345c9.jpg,6,2,true,2,train,true
fashionpedia,train2020,49774,29ed56d4a59576fd9efef27e596212c5.jpg,6,2,true,1,train,true
fashionpedia,train2020,49785,8dd96e6d1b6afccfd54cc7f4eabb6a24.jpg,6,2,true,1,train,true
fashionpedia,train2020,49804,1812fa30c54bdc54761624d75123a0b5.jpg,6,2,true,1,train,true
fashionpedia,train2020,49812,fa3cde029b82e2f0ec7215a9c0788c9e.jpg,6,2,true,2,train,true
fashionpedia,train2020,49823,cc23480ef061b48c2939c713ef7c9741.jpg,6,2,true,1,train,true
fashionpedia,train2020,49825,35c6880cb084b9523050b041e6ab60a9.jpg,6,2,true,1,train,true
fashionpedia,train2020,49838,fd0252e3fed11b47dc822f2c02f14085.jpg,6,2,true,2,train,true
fashionpedia,train2020,49843,69e65c4f511d319dbd0d058a67dca812.jpg,6,2,true,1,train,true
fashionpedia,train2020,49863,5b77550bf04e31cda854e98d8c2009f6.jpg,6,2,true,3,train,true
fashionpedia,train2020,49864,fc03e51e570574e4cc9826da43a2e33b.jpg,6,2,true,1,train,true
fashionpedia,train2020,49865,659eeab162f8c5e2a23eed57b2a5e53d.jpg,6,2,true,1,train,true
fashionpedia,train2020,49880,aee1770ca0524dfbf0fb4517162b07ac.jpg,6,2,true,2,train,true
fashionpedia,train2020,49895,a96e8efad580f0bd6affd0e7af6a0c4a.jpg,6,2,true,1,train,true
fashionpedia,train2020,49906,58b1a6a95ce2acf12fdb4470856e94f3.jpg,6,2,true,3,train,true
fashionpedia,train2020,49912,16208edbfc4055a0349dc5d693d3057f.jpg,6,2,true,3,train,true
fashionpedia,train2020,49919,8d6a2007f38512ac5b3f80f4f12440df.jpg,6,2,true,3,train,true
fashionpedia,train2020,49920,8bc579cee84bfbcb93ef280e58787d52.jpg,6,2,true,1,train,true
fashionpedia,train2020,49932,f43dc61abf869feba7d2879c0013ba3e.jpg,6,2,true,2,train,true
fashionpedia,train2020,49952,03afa1140600bc647dd82912cbd4ec95.jpg,6,2,true,3,train,true
fashionpedia,train2020,49953,8273386ac9516992466647e9a9305eed.jpg,6,2,true,1,train,true
fashionpedia,train2020,49969,c2fce53d97569e34237d51edcfd9ebcb.jpg,6,2,true,1,train,true
fashionpedia,train2020,49976,bf20f41b28cf36e6cec3d77a656763e4.jpg,6,2,true,1,train,true
fashionpedia,train2020,49980,02bd43e1b0f372db269e6366b27f692c.jpg,6,2,true,1,train,true
fashionpedia,train2020,49985,91ce4860c70be524c597a5f7c46e725e.jpg,6,2,true,2,train,true
fashionpedia,train2020,49990,86fd7bb84abdb70db69fab2a7539e96b.jpg,6,2,true,2,train,true
fashionpedia,train2020,49999,77970b6e9ab631ac3bce55edc7bf1da2.jpg,6,2,true,1,train,true
fashionpedia,train2020,50008,ebb2b0dd48dc25f919f57ff2a2e7312a.jpg,6,2,true,0,selected_no_valid_crop,false
fashionpedia,train2020,50011,938deef9a0cec608691f28f8b4aa9965.jpg,6,2,true,1,train,true
fashionpedia,train2020,50020,b7f101e74493d0a367fb1c65f8b21c78.jpg,6,2,true,1,train,true
fashionpedia,train2020,50021,3e14729611b65660b52e494a827e6d88.jpg,6,2,true,1,train,true
fashionpedia,train2020,50024,66eaea62b60752d229c6b016d330a986.jpg,6,2,true,3,train,true
fashionpedia,train2020,50029,173d1de1875c5126e1e2d4895aead389.jpg,6,2,true,2,train,true
fashionpedia,train2020,50033,f76a64ebcb9f4c03870e259124f734c5.jpg,6,2,true,2,train,true
fashionpedia,train2020,50036,063c98836066e59c7165f393d21b485b.jpg,6,2,true,1,train,true
fashionpedia,train2020,50037,9925fb85ff3640de11c941bdd12131c4.jpg,6,2,true,3,train,true
fashionpedia,train2020,50041,33c9b9b2d18ef551b0d2eacc0ac677f4.jpg,6,2,true,1,train,true
fashionpedia,train2020,50052,664683c288c2a057ee3bbb7c3f9f1a0c.jpg,6,2,true,3,train,true
fashionpedia,train2020,50065,fdb0993fd4f8c1570ed4606c7db42864.jpg,6,2,true,1,train,true
fashionpedia,train2020,50073,e5cbf50829e95613d1ac0a3e4cbe8670.jpg,6,2,true,3,train,true
fashionpedia,train2020,50079,6e97af2f8c7c623af9180fd65ae6fca1.jpg,6,2,true,1,train,true
fashionpedia,train2020,50094,0b9d85e840b3791a988e499990811253.jpg,6,2,true,1,train,true
fashionpedia,train2020,50097,56048b0453f9750586cf6d962d5bb8cc.jpg,6,2,true,3,train,true
fashionpedia,train2020,50102,b65a814267876c6e172cc68c46c3308d.jpg,6,2,true,1,train,true
fashionpedia,train2020,50108,16971e8be35a5a2be6f6dd9ceb9638c9.jpg,6,2,true,1,train,true
fashionpedia,train2020,50109,c2e6f22a43a27e2971e6c07e9cc2a112.jpg,6,2,true,2,train,true
fashionpedia,train2020,50118,a14acd22f9fb6999640c99466f138347.jpg,6,2,true,1,train,true
fashionpedia,train2020,50121,7b429527a5e3aa663ce85250bec9fd31.jpg,6,2,true,1,train,true
fashionpedia,train2020,50124,f4034e5d4a52ae9fb3c3689d09f7cd2f.jpg,6,2,true,3,train,true
fashionpedia,train2020,50125,0fd9663c8f46963e65cfbb9a80461811.jpg,6,2,true,2,train,true
fashionpedia,train2020,50126,c9a55b0d5e335fc129134d96ccf1ddc1.jpg,6,2,true,3,train,true
fashionpedia,train2020,50131,ebc600633e1517db5e777418b18d74d7.jpg,6,2,true,1,train,true
fashionpedia,train2020,50136,09340eb9e5ac770aacbfb4971d74a1da.jpg,6,2,true,1,train,true
fashionpedia,train2020,50143,f749916132724c9ba8b8f810d33b538d.jpg,6,2,true,3,train,true
fashionpedia,train2020,50146,b15f49df2579ede198412e9b2870ea9c.jpg,6,2,true,2,train,true
fashionpedia,train2020,50154,b35efc4fbeba68ad69b31db83a203c6d.jpg,6,2,true,1,train,true
fashionpedia,train2020,50155,a949d0f43dd8f6218eb4b9d13df56a6b.jpg,6,2,true,2,train,true
fashionpedia,train2020,50165,96c44a49938b7d6a62eb229d63fcb58d.jpg,6,2,true,2,train,true
fashionpedia,train2020,50169,dab57a6a773f85ff6ce612ae25b6abc5.jpg,6,2,true,1,train,true
fashionpedia,train2020,50171,759183457184862e48b70d25636d73a9.jpg,6,2,true,3,train,true
fashionpedia,train2020,50175,3fddfc18ceabe0d9a4109d25cd66ec70.jpg,6,2,true,1,train,true
fashionpedia,train2020,50177,fba22bdd6eb845f17ce8ba8b60be2577.jpg,6,2,true,2,train,true
fashionpedia,train2020,50185,b1760ac929031bbee0711f1dde87d467.jpg,6,2,true,3,train,true
fashionpedia,train2020,50186,ff3c229ab653661ecd5c857ef20e77db.jpg,6,2,true,2,train,true
fashionpedia,train2020,50189,ec78cd71a0577fb4438693641d03cfb5.jpg,6,2,true,1,train,true
fashionpedia,train2020,50190,969c3b42bcace4a5db03b732582b6b65.jpg,6,2,true,4,train,true
fashionpedia,train2020,50192,1d9f7db1f96f705847facfa0c30dfd93.jpg,6,2,true,1,train,true
fashionpedia,train2020,50193,dfb463f02608e0ee7665c1ab450439c9.jpg,6,2,true,2,train,true
fashionpedia,train2020,50197,50a1b93abdf6bf1cb9524e395011a1ed.jpg,6,2,true,1,train,true
fashionpedia,train2020,50223,aea61829b9e7a9bdd9f8a09b950d59a4.jpg,6,2,true,1,train,true
fashionpedia,train2020,50225,9154c2c802ee7b8f0bad463746c499cf.jpg,6,2,true,1,train,true
fashionpedia,train2020,50233,a773c646afe2f4634f5970c9e89c5939.jpg,6,2,true,1,train,true
fashionpedia,train2020,50235,0986fc5f920088ffaabc883980bbce83.jpg,6,2,true,1,train,true
fashionpedia,train2020,50239,e1ba721290f3cd4ed7db063e68d61b35.jpg,6,2,true,2,train,true
fashionpedia,train2020,50249,3d289c5cbd8ddf89ca1ad4864aa81736.jpg,6,2,true,1,train,true
fashionpedia,train2020,50261,75b671ff37909e7546f947f481b9a3b3.jpg,6,2,true,1,train,true
fashionpedia,train2020,50262,03d1952dad67b748e36f952e8a6dbcf2.jpg,6,2,true,2,train,true
fashionpedia,train2020,50264,b41eb01d28e4ead98aeb25433ca1a174.jpg,6,2,true,3,train,true
fashionpedia,train2020,50265,f50a9e857e10c84482ae39b36361ca68.jpg,6,2,true,2,train,true
fashionpedia,train2020,50269,da01f7f1adb2e1830fcb64ee8f325917.jpg,6,2,true,3,train,true
fashionpedia,train2020,50271,2a173f1031fb302c74db04711b45338a.jpg,6,2,true,2,train,true
fashionpedia,train2020,50274,98ea724d81ce61ca7f265d1658a51e0d.jpg,6,2,true,4,train,true
fashionpedia,train2020,50280,a5dd08caa63e3eab64f17f61c6d6250b.jpg,6,2,true,3,train,true
fashionpedia,train2020,50287,d2fa25e693ca565da551dc91348585af.jpg,6,2,true,3,train,true
fashionpedia,train2020,50288,ed21cb4f07ee87064a3203c18fd4cce1.jpg,6,2,true,5,train,true
fashionpedia,train2020,50290,4998a21140e013cb78cf1d9625cfa92f.jpg,6,2,true,1,train,true
fashionpedia,train2020,50293,fdac4a043089fbde678e31bfa754eb59.jpg,6,2,true,2,train,true
fashionpedia,train2020,50299,e5839283b4e8a08127d0096f117f4060.jpg,6,2,true,2,train,true
fashionpedia,train2020,50303,b667888ff0e525f3b9dea22b5eacc895.jpg,6,2,true,3,train,true
fashionpedia,train2020,50308,ab5fc06f56ff0ee1dca64bd320d7c3f5.jpg,6,2,true,2,train,true
fashionpedia,train2020,50319,ddcfe6ddee8546a6341baec87cbe0ee9.jpg,6,2,true,2,train,true
fashionpedia,train2020,50321,531632ced090dc044cd217881a1eeb49.jpg,6,2,true,2,train,true
fashionpedia,train2020,50325,438a712e085609cefee00b241d548295.jpg,6,2,true,1,train,true
fashionpedia,train2020,50327,6e92317ea24aab5df4440320cbcf89ce.jpg,6,2,true,2,train,true
fashionpedia,train2020,50328,fd10b64ae8c69cafe90a29737d27e15e.jpg,6,2,true,3,train,true
fashionpedia,train2020,50336,86d8927c0c6e4788efb5d5973b94ed15.jpg,6,2,true,1,train,true
fashionpedia,train2020,50337,c1de2c39552774a5cc4939c736cc36de.jpg,6,2,true,1,train,true
fashionpedia,train2020,50339,51fe31fb1c754136a7fd510919889a49.jpg,6,2,true,4,train,true
fashionpedia,train2020,50342,7edbf1e8cd0d3847f2ada1bf2b345e6c.jpg,6,2,true,1,train,true
fashionpedia,train2020,50344,d7dcf13dffa94f4c3b62a8d7f819cc53.jpg,6,2,true,1,train,true
fashionpedia,train2020,50346,0a183b21ee97de18b2d370f8fe31140b.jpg,6,2,true,1,train,true
fashionpedia,train2020,50352,96dffe97b8efc21fa3e86c1eefad7494.jpg,6,2,true,3,train,true
fashionpedia,train2020,50361,2aef0c42498fb5183e570b109da0cf0c.jpg,6,2,true,1,train,true
fashionpedia,train2020,50365,73cdf5234aee8b06334f82f731ffb806.jpg,6,2,true,2,train,true
fashionpedia,train2020,50369,a9b2fbbbfd0fa42ad0a93d6f829c396a.jpg,6,2,true,1,train,true
fashionpedia,train2020,50371,e3c69597ecc33c0eb4f7b3d0f30cfb1a.jpg,6,2,true,2,train,true
fashionpedia,train2020,50372,44218e6dbc83431ebbf6b079cc0b1902.jpg,6,2,true,2,train,true
fashionpedia,train2020,50377,9c89cbc891b33ffd9e03d3ae4a435048.jpg,6,2,true,1,train,true
fashionpedia,train2020,50380,c9f89f66a7531e99d5ad7bd105dbdc92.jpg,6,2,true,1,train,true
fashionpedia,train2020,50387,eb4fed95a02518fec4612553f70ceb94.jpg,6,2,true,3,train,true
fashionpedia,train2020,50389,fccf9663a970db01d11ebd97c18f3b0f.jpg,6,2,true,1,train,true
fashionpedia,train2020,50392,202a3b0437301b7989abcc6902d49cd4.jpg,6,2,true,1,train,true
fashionpedia,train2020,50404,62d503e70957cdf12b53156e408aaa70.jpg,6,2,true,1,train,true
fashionpedia,train2020,50406,20c6224d06a193b3e4c0d39f0f9550fd.jpg,6,2,true,2,train,true
fashionpedia,train2020,50411,7300cab9711b3a30189fe62564e69077.jpg,6,2,true,2,train,true
fashionpedia,train2020,50413,adddd729b784626144cd0d55d4a14e69.jpg,6,2,true,1,train,true
fashionpedia,train2020,50415,b7e2fc20e6933d3499ebc8abf5d0c19e.jpg,6,2,true,1,train,true
fashionpedia,train2020,50420,bc9e9924cee9b5834c49b406cd117f7b.jpg,6,2,true,1,train,true
fashionpedia,train2020,50421,cbaf9db1eeb21f48b1a95c0818012883.jpg,6,2,true,2,train,true
fashionpedia,train2020,50422,be6b88d36618b44fffd0e6e5a941599d.jpg,6,2,true,1,train,true
fashionpedia,train2020,50424,baa36d2035dde0edbdb02da7ebae90e0.jpg,6,2,true,3,train,true
fashionpedia,train2020,50426,95fc1102660e20bb6bfd3ead8d0cff9e.jpg,6,2,true,1,train,true
fashionpedia,train2020,50429,0613e222472955d271c70834a45fc09a.jpg,6,2,true,1,train,true
fashionpedia,train2020,50433,5129b82947a6cb6ed4f158a1e5216bee.jpg,6,2,true,1,train,true
fashionpedia,train2020,50438,5a7f299ff47cf59bcbf68005930a3f14.jpg,6,2,true,3,train,true
fashionpedia,train2020,50441,a477c8d21a42e4789a534359c3f1567f.jpg,6,2,true,1,train,true
fashionpedia,train2020,50446,6d4eb2f1d1a37c6318758ce0406a63db.jpg,6,2,true,3,train,true
fashionpedia,train2020,50450,51609063c546bbbe387e73dbcdf2c0b1.jpg,6,2,true,1,train,true
fashionpedia,train2020,50453,bcd4415affe93799109524ab869e30ab.jpg,6,2,true,3,train,true
fashionpedia,train2020,50455,4c28922be1689a2d02bbd06e9ab4e758.jpg,6,2,true,1,train,true
fashionpedia,train2020,50458,d0c9cd6e87ae6b5f86d3f0120f3a5f25.jpg,6,2,true,3,train,true
fashionpedia,train2020,50463,a7c4c554db2606957b5229e3835a5501.jpg,6,2,true,2,train,true
fashionpedia,train2020,50489,85780ae6182f2ec2ce057cdfabb1f169.jpg,6,2,true,2,train,true
fashionpedia,train2020,50492,d4c925fd30f60c28b55fe9373fe58611.jpg,6,2,true,1,train,true
fashionpedia,train2020,50494,ed50da1e2f5a506cbbbcc92299c9b20c.jpg,6,2,true,2,train,true
fashionpedia,train2020,50495,0017af9f7fa8ce9e7558bb924cec324e.jpg,6,2,true,2,train,true
fashionpedia,train2020,50502,1ecc856792cf1a8a4f9796c6274420a9.jpg,6,2,true,2,train,true
fashionpedia,train2020,50506,c54bba52f66679274695de25105cd871.jpg,6,2,true,3,train,true
fashionpedia,train2020,50525,1a38cf39ee6e64481e4a22293d46cadd.jpg,6,2,true,2,train,true
fashionpedia,train2020,50530,32d71f1d77543d2f040f233b7f5f7914.jpg,6,2,true,1,train,true
