dataset,official_split,image_id,original_filename,source_shard,augmentation_round,selected,contributed_labels,selection_score,valid_crop_count,usage_split,used_for_training
fashionpedia,train2020,42,5bc33064dd30da52ce2eee53711fae1d.jpg,0,3,true,category|코트|pattern|체크|silhouette|A라인,4.048,2,train,true
fashionpedia,train2020,45,c04df0898bfb278bcc69647987618f5b.jpg,0,3,true,category|점프수트|pattern|스트라이프,5.898,1,train,true
fashionpedia,train2020,50,3a5205276ec5c2ba1822ea2e6ec67ef7.jpg,0,3,true,detail|프릴·러플|lower_fit|플레어핏,2.653,2,train,true
fashionpedia,train2020,87,4de15769ac8d8e72234625198cb7a8b8.jpg,0,3,true,upper_fit|오버핏|collar|셔츠 칼라,7.733,1,train,true
fashionpedia,train2020,97,a074114bee0bc0a8c6d9ebec0ce0f341.jpg,0,3,true,pattern|스트라이프|sleeve_shape|캡 소매|lower_fit|플레어핏,3.892,2,train,true
fashionpedia,train2020,114,fe98e7f2ec02fbee771a7ea532b0bdf4.jpg,0,3,true,upper_fit|오버핏|silhouette|A라인,7.844,1,train,true
fashionpedia,train2020,117,b9efea801a10759c8ca8879b9d5fe4e2.jpg,0,3,true,detail|리본|silhouette|A라인|detail|플리츠|pattern|플로럴,5.666,2,train,true
fashionpedia,train2020,123,638fff742022c96d6c46cc1aad14ca29.jpg,0,3,true,detail|리본|silhouette|비대칭,2.803,1,train,true
fashionpedia,train2020,125,ec9312fb2483a640d531cb80740c4c9f.jpg,0,3,true,silhouette|A라인|detail|플리츠|sleeve_shape|캡 소매,4.21,2,train,true
fashionpedia,train2020,133,3bae9393bed8bec399f60fde839097dc.jpg,0,3,true,detail|리본|silhouette|X라인|lower_fit|플레어핏,4.109,1,train,true
fashionpedia,train2020,141,505bab9dae018322c5066cbb9b9e289c.jpg,0,3,true,pattern|스트라이프|detail|리본|lower_fit|플레어핏,4.105,1,train,true
fashionpedia,train2020,145,958917f1f2cded4451225750dd58575e.jpg,0,3,true,neckline|홀터넥|silhouette|A라인,6.098,1,train,true
fashionpedia,train2020,152,c72f0ed8458110b9021de55e337e7a87.jpg,0,3,true,neckline|보트넥|silhouette|A라인|pattern|플로럴,4.058,1,train,true
fashionpedia,train2020,161,1778ef2e431def5bb842fd66321232ad.jpg,0,3,true,neckline|보트넥|detail|프릴·러플,2.766,2,train,true
fashionpedia,train2020,183,4f0547a0f0b708de817be1ddedc4651f.jpg,0,3,true,category|베스트,5.835,3,train,true
fashionpedia,train2020,186,96dac1f4cf304d026097b30304596b6e.jpg,0,3,true,detail|프릴·러플|neckline|V넥,2.62,1,train,true
fashionpedia,train2020,195,3ca95c329ba98bee8b2e1768a351cb9e.jpg,0,3,true,upper_fit|오버핏,6.4,2,train,true
fashionpedia,train2020,259,ab10a83366e60996c430d9f43a35f0f1.jpg,0,3,true,silhouette|X라인|lower_length|미디·7부 기장|detail|프릴·러플|pattern|플로럴|lower_fit|플레어핏,6.535,1,train,true
fashionpedia,train2020,260,fc75076b0ed7794d4ade93f2e33f7aa8.jpg,0,3,true,pattern|애니멀,4.8,2,train,true
fashionpedia,train2020,268,5beede43550e86f25fb8bd2d2d8eeadd.jpg,0,3,true,upper_fit|오버핏|neckline|V넥,7.625,1,train,true
fashionpedia,train2020,281,c5041972311d276ed363a49cbc7e5477.jpg,0,3,true,detail|프릴·러플|silhouette|A라인|pattern|플로럴,4.081,1,train,true
fashionpedia,train2020,288,f7bc07b2ca89362972e5bcd73bf8a9df.jpg,0,3,true,pattern|스트라이프|upper_fit|오버핏,7.762,1,train,true
fashionpedia,train2020,294,329e2638a04990f852490d70dee8a6a6.jpg,0,3,true,collar|스탠드 칼라,5.388,2,train,true
fashionpedia,train2020,303,3acd8b9e0a052786b72165afb53d7e54.jpg,0,3,true,category|코트|collar|라펠 칼라|lower_length|무릎 기장|pattern|도트,9.313,2,train,true
fashionpedia,train2020,304,2818b3b4b6299fd60fbd9f4dff9182f9.jpg,0,3,true,upper_fit|오버핏,6.4,2,train,true
fashionpedia,train2020,308,d795132cb51e8484b74afe62850348d8.jpg,0,3,true,detail|프릴·러플|silhouette|A라인|neckline|V넥,4.064,1,train,true
fashionpedia,train2020,309,834185084ba9caf93ee04a15e8770fdb.jpg,0,3,true,pattern|스트라이프|neckline|V넥|sleeve_shape|캡 소매|lower_fit|플레어핏,5.116,2,train,true
fashionpedia,train2020,332,2a104e341af8d3e3ecc29e26e30769f8.jpg,0,3,true,collar|스탠드 칼라,5.388,4,train,true
fashionpedia,train2020,350,a68c2917836c2f2c810b675f87d6eb65.jpg,0,3,true,upper_fit|오버핏,6.4,2,train,true
fashionpedia,train2020,359,a0983b2ff9ff62092a4b8468a49dbaa7.jpg,0,3,true,neckline|보트넥|lower_fit|플레어핏,2.63,1,train,true
fashionpedia,train2020,368,4c6ef00e4987319288b44699a37981bd.jpg,0,3,true,detail|리본|silhouette|비대칭,2.803,1,train,true
fashionpedia,train2020,379,498c2c71611b32130846451cfed0687a.jpg,0,3,true,lower_fit|슬림핏|pattern|카모,15.79,2,train,true
fashionpedia,train2020,387,2bcdbb2cc7b7b342dfbfb2209bfb20ef.jpg,0,3,true,pattern|스트라이프|detail|프릴·러플,2.757,2,train,true
fashionpedia,train2020,389,f5cf2dae5e38fb87e82c99975ef25233.jpg,0,3,true,sleeve_length|7부 소매|lower_fit|와이드핏|pattern|도트,11.69,2,train,true
fashionpedia,train2020,397,09d50ddeb174a386b302e1d58d3ca3ea.jpg,0,3,true,silhouette|X라인|neckline|라운드넥|sleeve_length|7부 소매|lower_length|무릎 기장|pattern|플로럴|lower_fit|플레어핏,11.823,1,train,true
fashionpedia,train2020,409,fe1eba8741b21844ea2ec218b42651cd.jpg,0,3,true,upper_fit|오버핏,6.4,2,train,true
fashionpedia,train2020,425,578f595c72c72b77d8147ae51a95624e.jpg,0,3,true,upper_fit|오버핏,6.4,2,train,true
fashionpedia,train2020,458,085ce7362c99013bb76dad787fb6f895.jpg,0,3,true,pattern|스트라이프|detail|리본,2.846,2,train,true
fashionpedia,train2020,467,9a253f01e2d4a5158c525d2fff6b6fe7.jpg,0,3,true,detail|리본|detail|플리츠,2.979,2,train,true
fashionpedia,train2020,469,70653873dbee61ac7d8678b2335ec860.jpg,0,3,true,detail|리본|detail|프릴·러플|pattern|플로럴,4.121,2,train,true
fashionpedia,train2020,486,fb54db54d6b90a36fd36bf7cb2e61d50.jpg,0,3,true,silhouette|A라인|pattern|애니멀,6.244,1,train,true
fashionpedia,train2020,496,67262e7cc6cc56ade59818de637886fe.jpg,0,3,true,neckline|보트넥|detail|프릴·러플,2.766,1,train,true
fashionpedia,train2020,512,a5f20497e734c3f0559f70a8991496e9.jpg,0,3,true,lower_fit|슬림핏|lower_fit|와이드핏|category|재킷|silhouette|비대칭|collar|라펠 칼라,13.89,5,train,true
fashionpedia,train2020,529,32cde452622a2e9e12001cd5af234d80.jpg,0,3,true,collar|스탠드 칼라|lower_length|무릎 기장|silhouette|A라인,8.284,1,train,true
fashionpedia,train2020,551,07c5cfc18407fa9ac266c5eea5f97936.jpg,0,3,true,upper_fit|오버핏,6.4,2,train,true
fashionpedia,train2020,553,5c37238519be004cf4185c092c6f15d0.jpg,0,3,true,upper_fit|오버핏|lower_length|미디·7부 기장|collar|셔츠 칼라,9.008,1,train,true
fashionpedia,train2020,556,b82447298f9a18597da5d51ce84df7f2.jpg,0,3,true,category|점프수트|pattern|플로럴,5.778,1,train,true
fashionpedia,train2020,558,e087f54ccf4daaeb2e9def9196298196.jpg,0,3,true,neckline|보트넥|pattern|도트,2.699,2,train,true
fashionpedia,train2020,574,335c638bcc33fd6bae842b5c905f494f.jpg,0,3,true,detail|리본|lower_fit|플레어핏,2.743,2,train,true
fashionpedia,train2020,585,68de1cb45a93796a49b01cfabb9dda3f.jpg,0,3,true,neckline|라운드넥|lower_fit|와이드핏|upper_fit|여유핏|category|재킷|detail|플리츠|collar|라펠 칼라,11.868,3,train,true
fashionpedia,train2020,590,f221fc0f57c57b099a176fc49c2089d9.jpg,0,3,true,neckline|라운드넥|lower_length|미디·7부 기장|detail|스팽글,8.297,1,train,true
fashionpedia,train2020,599,dfa3027b976f2efc518060ef8a7f0dca.jpg,0,3,true,pattern|스트라이프|silhouette|A라인|sleeve_shape|캡 소매,4.077,1,train,true
fashionpedia,train2020,618,bc1dda5b8b9a8ff91bbdd73215d5ed8b.jpg,0,3,true,upper_fit|오버핏,6.4,2,train,true
fashionpedia,train2020,646,e130cc08c319d822a9b7c9514ab18639.jpg,0,3,true,upper_fit|오버핏,6.4,1,train,true
fashionpedia,train2020,661,9d6e1fbebe8d4f6dda1a8adffc1c822e.jpg,0,3,true,category|셔츠|lower_length|미디·7부 기장|detail|리본|lower_length|무릎 기장|pattern|플로럴|lower_fit|플레어핏,11.762,3,train,true
fashionpedia,train2020,668,fef367c985934e16530a1113206dcc65.jpg,0,3,true,neckline|터틀넥,5.058,1,train,true
fashionpedia,train2020,698,a1b1aff939747768ee4f5d2a7c281b51.jpg,0,3,true,category|쇼츠|detail|플리츠|pattern|플로럴,3.897,2,train,true
fashionpedia,train2020,712,d87926a6ce54b855ad65b5357f084f29.jpg,0,3,true,category|코트|pattern|체크|silhouette|A라인,4.048,2,train,true
fashionpedia,train2020,714,b8d3ddedf356e71586917df604d33f9d.jpg,0,3,true,silhouette|A라인|silhouette|비대칭|pattern|플로럴,4.005,1,train,true
fashionpedia,train2020,728,fa112f3c95b64e6e26b889dac05c201e.jpg,0,3,true,pattern|스트라이프|detail|리본,2.846,2,train,true
fashionpedia,train2020,731,affa2961cbb315e118c90d63b9a619f5.jpg,0,3,true,upper_fit|오버핏,6.4,2,train,true
fashionpedia,train2020,763,2b329bf2b77a83e564eb7827ff6eeb60.jpg,0,3,true,neckline|보트넥|silhouette|A라인|pattern|플로럴,4.058,1,train,true
fashionpedia,train2020,779,b2d9bd50189ef857d23fe3dacfaa3362.jpg,0,3,true,silhouette|A라인|collar|스탠드 칼라,6.832,1,train,true
fashionpedia,train2020,784,07cb4721fd91bf59bebd9cdacd2024ed.jpg,0,3,true,neckline|라운드넥|upper_fit|오버핏|lower_length|미디·7부 기장|detail|리본,10.456,2,train,true
fashionpedia,train2020,791,89878f1bad1eba790ce5d435462fb0f7.jpg,0,3,true,neckline|라운드넥|upper_fit|오버핏,7.698,3,train,true
fashionpedia,train2020,797,a32642ff2a7ebb281130e7db03e9e389.jpg,0,3,true,pattern|스트라이프|silhouette|A라인|pattern|플로럴,4.048,1,train,true
fashionpedia,train2020,820,fcf546aa8e12b75da8c0c9a9abe3fedd.jpg,0,3,true,neckline|라운드넥|silhouette|O라인|lower_length|무릎 기장,20.75,1,train,true
fashionpedia,train2020,825,61fc28bd6ce7610faa01ca04ce5d8896.jpg,0,3,true,collar|셔츠 칼라|upper_fit|오버핏,7.733,1,train,true
fashionpedia,train2020,827,209293aae524e3d183cb64090aba7f1d.jpg,0,3,true,neckline|보트넥|detail|플리츠,2.866,1,train,true
fashionpedia,train2020,830,444b6b3502e9a47509dff7c5d79860a2.jpg,0,3,true,neckline|보트넥|detail|플리츠,2.866,2,train,true
fashionpedia,train2020,831,80e91fcb88437fa76dddd883bb6201f5.jpg,0,3,true,category|코트|neckline|V넥|lower_fit|플레어핏,3.793,2,train,true
fashionpedia,train2020,833,1053c1cce0b0416dd7e29cac410dd8bf.jpg,0,3,true,lower_fit|슬림핏|category|코트|material|가죽|collar|라펠 칼라,18.244,2,train,true
fashionpedia,train2020,846,4d6c0340201691e427d63247b60e271f.jpg,0,3,true,detail|스팽글,5.725,3,train,true
fashionpedia,train2020,852,6839716041623137af7f8431bb04e43c.jpg,0,3,true,category|코트|lower_fit|와이드핏|collar|라펠 칼라,7.497,3,train,true
fashionpedia,train2020,866,3b77fd5e4c7439f11a69e12312b7cc2e.jpg,0,3,true,neckline|보트넥|detail|플리츠|pattern|플로럴,4.108,1,train,true
fashionpedia,train2020,874,bd1be8eb690eaa5af7bb3915d6e36317.jpg,0,3,true,detail|프릴·러플|neckline|V넥,2.62,1,train,true
fashionpedia,train2020,882,40a17927a3da0f72f21536a1c1a6af36.jpg,0,3,true,category|가디건|neckline|V넥,2.518,2,train,true
fashionpedia,train2020,889,325e62352ae1e49ac82366bb8e0e9382.jpg,0,3,true,category|코트|material|퍼·플리스,5.648,2,train,true
fashionpedia,train2020,914,6fe4dce03b7e2e184b75e50ca2916557.jpg,0,3,true,category|코트|material|퍼·플리스|sleeve_length|7부 소매|lower_length|무릎 기장,8.531,1,train,true
fashionpedia,train2020,916,e96e8735633868c9f88e43fdf2b70ba4.jpg,0,3,true,category|베스트,5.835,2,train,true
fashionpedia,train2020,922,d2b907750d687401599892d795e3d193.jpg,0,3,true,pattern|스트라이프|detail|플리츠,2.857,1,train,true
fashionpedia,train2020,935,a135b0d8edf094cc5caeea8bcb2829d9.jpg,0,3,true,category|점프수트|pattern|플로럴,5.778,2,train,true
fashionpedia,train2020,947,42538d16a831c36463a65f57966c6f9e.jpg,0,3,true,neckline|V넥|sleeve_shape|벨 소매,6.558,1,train,true
fashionpedia,train2020,989,9330fccc663ab9ddeaf9d0cc0763be82.jpg,0,3,true,pattern|체크|detail|프릴·러플,2.689,1,train,true
fashionpedia,train2020,996,b72f11f890c904568c3e09a5b3cb0f0c.jpg,0,3,true,detail|리본|detail|프릴·러플,2.879,1,train,true
fashionpedia,train2020,1008,e801dcff103b2f4c37ec817052ad7c73.jpg,0,3,true,neckline|보트넥|silhouette|비대칭,2.691,2,train,true
fashionpedia,train2020,1040,3b6bf301449082cec1d6b5fdc6299a5e.jpg,0,3,true,lower_length|미디·7부 기장|detail|플리츠|silhouette|X라인|lower_fit|플레어핏,5.394,1,train,true
fashionpedia,train2020,1056,3cac48ade8e80309cfebbee12b6064d3.jpg,0,3,true,upper_fit|오버핏,6.4,1,train,true
fashionpedia,train2020,1063,301c3e2a366509a092132f0abf941deb.jpg,0,3,true,detail|플리츠|sleeve_shape|캡 소매,2.766,2,train,true
fashionpedia,train2020,1070,47c89d3a9953f76c1a62e51ff20b354e.jpg,0,3,true,detail|리본|detail|플리츠|lower_fit|플레어핏,4.238,2,train,true
fashionpedia,train2020,1090,9482c09e2c7cf61ac888da550b1cd062.jpg,0,3,true,category|셔츠|lower_length|미디·7부 기장|lower_length|무릎 기장|pattern|플로럴|lower_fit|플레어핏|collar|라펠 칼라,11.518,2,train,true
fashionpedia,train2020,1095,851272ca2859fee6e06bd6b4762a6146.jpg,0,3,true,pattern|스트라이프|detail|플리츠,2.857,1,train,true
fashionpedia,train2020,1101,3bcaf86d1726c480339cfa317fc9cd8b.jpg,0,3,true,neckline|보트넥|detail|플리츠|pattern|플로럴,4.108,2,train,true
fashionpedia,train2020,1111,090226016789ef35c5c42559c02f0cee.jpg,0,3,true,detail|플리츠|pattern|도트,2.823,1,train,true
fashionpedia,train2020,1119,13ca4528a35059d1b74c585481449ea7.jpg,0,3,true,detail|리본|silhouette|A라인|pattern|플로럴,4.171,1,train,true
fashionpedia,train2020,1139,7df5aa94cbe1023c8c60f2b8809fff3a.jpg,0,3,true,upper_fit|오버핏,6.4,3,train,true
fashionpedia,train2020,1192,798b2f1b35b2978db2bf60ff199037f9.jpg,0,3,true,category|코트|detail|플리츠,2.804,3,train,true
fashionpedia,train2020,1217,e24feb000e7ecccd522e8a1e7185bcae.jpg,0,3,true,upper_fit|오버핏|pattern|플로럴,7.642,2,train,true
fashionpedia,train2020,1222,5c76aed05adf1e3f7c75f503e1dca57f.jpg,0,3,true,category|쇼츠|neckline|보트넥,2.532,2,train,true
fashionpedia,train2020,1223,f3722a2faf38a1817764e9e025e46e1a.jpg,0,3,true,neckline|홀터넥,4.653,1,train,true
fashionpedia,train2020,1236,ce7a0367f6d52c6a9cfe2a8b5aec308c.jpg,0,3,true,pattern|체크|detail|리본,2.778,2,train,true
fashionpedia,train2020,1244,5ed62fa27dbc822aa416295a968c9889.jpg,0,3,true,pattern|스트라이프|upper_fit|오버핏|detail|플리츠,9.257,1,train,true
fashionpedia,train2020,1256,fd044712414e4939262c710666735869.jpg,0,3,true,neckline|보트넥|silhouette|비대칭,2.691,2,train,true
fashionpedia,train2020,1326,9464b26bedb04bf270c299519ac650a0.jpg,0,3,true,pattern|스트라이프|lower_length|미디·7부 기장|silhouette|A라인|detail|플리츠|neckline|V넥,6.8,2,train,true
fashionpedia,train2020,1342,dd000b8cb430c3941ce1279f92648828.jpg,0,3,true,upper_fit|오버핏,6.4,1,train,true
fashionpedia,train2020,1346,6a399810f326f479c9f855d56f75b95b.jpg,0,3,true,pattern|체크|silhouette|비대칭,2.613,2,train,true
fashionpedia,train2020,1355,20c2547a6c42528f5120e241d7084b14.jpg,0,3,true,upper_fit|오버핏,6.4,2,train,true
fashionpedia,train2020,1363,3263a575ffe8b2fd66a15104e9a6f308.jpg,0,3,true,upper_fit|오버핏,6.4,2,train,true
fashionpedia,train2020,1373,9084fda7230e8cd3f483db789493eb15.jpg,0,3,true,detail|프릴·러플|neckline|V넥,2.62,4,train,true
fashionpedia,train2020,1377,4f16b963c3cc181616a14131533dbffa.jpg,0,3,true,pattern|스트라이프|detail|리본|silhouette|A라인,4.291,1,train,true
fashionpedia,train2020,1380,0f8eeeccfbe5608926930b1c2ec289af.jpg,0,3,true,category|베스트,5.835,2,train,true
fashionpedia,train2020,1385,8ad8a0b5a3183881cde24451def4d9cc.jpg,0,3,true,lower_fit|슬림핏|neckline|라운드넥|sleeve_length|7부 소매|upper_fit|오버핏|lower_length|무릎 기장|silhouette|A라인,13.148,3,train,true
fashionpedia,train2020,1398,5eb8cedacac3d3af2c494fad34561a32.jpg,0,3,true,collar|셔츠 칼라|pattern|플로럴|upper_fit|오버핏,8.975,1,train,true
fashionpedia,train2020,1415,84003d9ad099a4f78f109a23b3d50d26.jpg,0,3,true,detail|프릴·러플|detail|플리츠,2.89,1,train,true
fashionpedia,train2020,1427,f8c27c4b4037ec8cb0b289c9f64bc213.jpg,0,3,true,lower_fit|슬림핏|lower_fit|와이드핏|category|재킷|silhouette|비대칭|collar|라펠 칼라,13.89,2,train,true
fashionpedia,train2020,1430,99e7933fe444d6b825fd9866b0effc3a.jpg,0,3,true,neckline|라운드넥|sleeve_shape|퍼프 소매|lower_length|무릎 기장,8.957,1,train,true
fashionpedia,train2020,1437,96deb99bf4633e572a57a7eda2b8d598.jpg,0,3,true,pattern|플로럴|category|점프수트,5.778,1,train,true
fashionpedia,train2020,1445,994a674c8bba21b525cd57006dcc8359.jpg,0,3,true,detail|프릴·러플|neckline|V넥|lower_fit|플레어핏,3.878,2,train,true
fashionpedia,train2020,1458,3230abc4d9e5085b6218d503b13fed7b.jpg,0,3,true,category|코트|detail|플리츠,2.804,3,train,true
fashionpedia,train2020,1478,67727d56793120870020d185a079b843.jpg,0,3,true,upper_fit|오버핏,6.4,2,train,true
fashionpedia,train2020,1490,661185e21403708b1f0c5bc8571515f4.jpg,0,3,true,silhouette|O라인|lower_fit|스트레이트핏|lower_length|무릎 기장|detail|플리츠,22.438,1,train,true
fashionpedia,train2020,1499,bea3bb844d1d96c5b5d7fedeb614cb4c.jpg,0,3,true,upper_fit|오버핏,6.4,2,train,true
fashionpedia,train2020,1509,b4b0bd48aa57d467782eefd0f2268292.jpg,0,3,true,neckline|터틀넥,5.058,2,train,true
fashionpedia,train2020,1522,dc28a89401e4c373ae453d6d68401ba8.jpg,0,3,true,category|쇼츠|category|셔츠|lower_length|미디·7부 기장|lower_length|무릎 기장|upper_fit|여유핏|category|베스트|collar|셔츠 칼라|collar|라펠 칼라,15.155,3,train,true
fashionpedia,train2020,1531,9e2ba9556a7418a9e67852fb4552ee16.jpg,0,3,true,neckline|V넥|silhouette|비대칭,2.544,1,train,true
fashionpedia,train2020,1539,7538333b64a87200817ec04c8fac5e1d.jpg,0,3,true,neckline|보트넥|lower_fit|와이드핏,6.319,2,train,true
fashionpedia,train2020,1544,9e711bcb05910fb419cbbbbc34dc7168.jpg,0,3,true,detail|프릴·러플|neckline|V넥,2.62,1,train,true
fashionpedia,train2020,1562,141290f02a08b604ac2230b1b85759a6.jpg,0,3,true,upper_fit|오버핏,6.4,1,train,true
fashionpedia,train2020,1576,2eaab0eb994ed1a19bd43244600a2fdc.jpg,0,3,true,lower_length|미디·7부 기장|lower_length|무릎 기장|pattern|도트,8.039,1,train,true
fashionpedia,train2020,1585,353637bc69036406ba3bafea952f96ed.jpg,0,3,true,pattern|스트라이프|sleeve_length|7부 소매|lower_length|미디·7부 기장|upper_fit|여유핏|category|베스트,11.486,3,train,true
fashionpedia,train2020,1623,1507913bd016b2b807c5407952f129af.jpg,0,3,true,pattern|스트라이프|detail|리본|silhouette|비대칭,4.165,2,train,true
fashionpedia,train2020,1656,ac2faebb327e985855a5ec8c9eff0269.jpg,0,3,true,neckline|보트넥|detail|플리츠|pattern|플로럴,4.108,1,train,true
fashionpedia,train2020,1669,8e2b5836b55e1c91d9cd2febd1ed4474.jpg,0,3,true,upper_fit|오버핏|lower_length|무릎 기장|pattern|플로럴,9.094,1,train,true
fashionpedia,train2020,1684,092dd1007ddd1ee315d40088e92e3fa8.jpg,0,3,true,upper_fit|오버핏,6.4,1,train,true
fashionpedia,train2020,1694,4a52e79707907cfb7fdf15a5ee43dad3.jpg,0,3,true,upper_fit|오버핏,6.4,1,train,true
fashionpedia,train2020,1718,0dbe6ebd9c305b68efc4c7b12e4dc9da.jpg,0,3,true,neckline|라운드넥|lower_length|미디·7부 기장|lower_length|무릎 기장|silhouette|A라인|detail|플리츠|pattern|플로럴,8.206,2,train,true
fashionpedia,train2020,1729,dbadacc43b6dc26f7f9fe527bf849fe0.jpg,0,3,true,upper_fit|오버핏|lower_length|무릎 기장|neckline|V넥,9.077,1,train,true
fashionpedia,train2020,1732,a307aaf399dbbfcd6b8e74f3432b9d70.jpg,0,3,true,neckline|스퀘어넥|lower_length|무릎 기장|silhouette|A라인,8.869,1,train,true
fashionpedia,train2020,1749,91416b2d068a5ad275f8819160cbe2ab.jpg,0,3,true,sleeve_shape|벨 소매,5.333,1,train,true
fashionpedia,train2020,1765,ca253e01cbda567b4632ea61929e5684.jpg,0,3,true,category|점프수트|pattern|플로럴,5.778,2,train,true
fashionpedia,train2020,1817,249205bf7bf5f97e92035205b4063999.jpg,0,3,true,lower_fit|와이드핏,4.948,2,train,true
fashionpedia,train2020,1824,1c157f68aecbeaf26a11e661aba96f39.jpg,0,3,true,silhouette|A라인|silhouette|비대칭|sleeve_shape|캡 소매,4.034,1,train,true
fashionpedia,train2020,1842,62c5ee0482df0c308a013264cf6460c3.jpg,0,3,true,pattern|스트라이프|detail|프릴·러플,2.757,2,train,true
fashionpedia,train2020,1854,0fd0b92007124fce60ac01993dcbd1a0.jpg,0,3,true,category|쇼츠|upper_fit|오버핏|pattern|플로럴,8.802,2,train,true
fashionpedia,train2020,1856,06edd1845dd693efbc9c2ffec475e702.jpg,0,3,true,neckline|라운드넥|upper_fit|오버핏|silhouette|A라인,9.142,2,train,true
fashionpedia,train2020,1886,a1dad58e1bbf6d34f1dbe71a8751f31a.jpg,0,3,true,detail|스팽글|lower_fit|플레어핏,6.984,1,train,true
fashionpedia,train2020,1903,d79ee6a7aa77854a98faaa9b72ec6c1e.jpg,0,3,true,pattern|스트라이프|neckline|보트넥,2.733,2,train,true
fashionpedia,train2020,1922,1e09db67ef7b761e2046486a54946fd8.jpg,0,3,true,neckline|홀터넥,4.653,1,train,true
fashionpedia,train2020,1929,cb3b117cf90ce8c5b151870ef0b4f45e.jpg,0,3,true,category|쇼츠|upper_fit|오버핏,7.561,2,train,true
fashionpedia,train2020,1983,f9edc90d9466d1d651fe8505494ec6c0.jpg,0,3,true,category|셔츠|lower_length|미디·7부 기장|lower_fit|와이드핏|collar|스탠드 칼라,12.884,2,train,true
fashionpedia,train2020,1990,c138a41f5c90f574216fe732fc26d517.jpg,0,3,true,category|쇼츠|upper_fit|오버핏,7.561,2,train,true
fashionpedia,train2020,1997,f43508d84412b5990d8c8b1806d783b7.jpg,0,3,true,detail|프릴·러플|detail|플리츠|lower_fit|플레어핏|pattern|도트,13.236,1,train,true
fashionpedia,train2020,2020,b20abd945cc83aa1e3e731f0464624b6.jpg,0,3,true,upper_fit|오버핏,6.4,2,train,true
fashionpedia,train2020,2035,d370f26277acf0ffff00b483bb8cfaa0.jpg,0,3,true,detail|프릴·러플|detail|플리츠,2.89,1,train,true
fashionpedia,train2020,2037,e6b693afef166111021000e7eba24511.jpg,0,3,true,detail|리본|silhouette|A라인|pattern|플로럴,4.171,1,train,true
fashionpedia,train2020,2045,f0d97be82fb32dea83ec9506eec3f407.jpg,0,3,true,detail|플리츠|sleeve_shape|캡 소매|pattern|플로럴,4.008,1,train,true
fashionpedia,train2020,2049,9522707a526ee7ea4d8ad5513c30949c.jpg,0,3,true,detail|플리츠|pattern|플로럴|lower_fit|플레어핏,3.995,1,train,true
fashionpedia,train2020,2058,25936941975a1ca753a791c482fb5aec.jpg,0,3,true,neckline|라운드넥|lower_length|무릎 기장|pattern|도트|silhouette|A라인,9.507,1,train,true
fashionpedia,train2020,2070,09ed020f967422a97aaa4ef79524edf7.jpg,0,3,true,upper_fit|오버핏|lower_length|미디·7부 기장,7.674,3,train,true
fashionpedia,train2020,2088,14fcfc96a9c0eb5eb76ca12c09ebf879.jpg,0,3,true,pattern|스트라이프|silhouette|비대칭|neckline|V넥,3.906,3,train,true
fashionpedia,train2020,2115,3e62f3346e5db15cf99b819ffa0832e4.jpg,0,3,true,lower_fit|슬림핏|sleeve_shape|래글런 소매|pattern|스트라이프|lower_length|미디·7부 기장|upper_fit|여유핏|category|재킷,13.408,3,train,true
fashionpedia,train2020,2130,903a18967c28ce434199cfd393dbce17.jpg,0,3,true,sleeve_shape|퍼프 소매,6.207,3,train,true
fashionpedia,train2020,2132,9049adec3722bb7ec1989986b2c64063.jpg,0,3,true,sleeve_shape|퍼프 소매|lower_length|무릎 기장|silhouette|A라인,9.104,1,train,true
fashionpedia,train2020,2155,f5a8718f9c13471e967be7735f748c48.jpg,0,3,true,pattern|스트라이프|detail|리본|silhouette|A라인,4.291,1,train,true
fashionpedia,train2020,2159,8af2153ec9ec56adc53624c0efbf7043.jpg,0,3,true,pattern|체크|silhouette|비대칭,2.613,2,train,true
fashionpedia,train2020,2163,183665e251d7cb8c7dbf836602a8b16d.jpg,0,3,true,silhouette|O라인|lower_length|무릎 기장|neckline|V넥,20.677,1,train,true
fashionpedia,train2020,2251,7a6b0e49e94fd4c4340048544a2fe5eb.jpg,0,3,true,silhouette|X라인|neckline|라운드넥|lower_length|미디·7부 기장|detail|플리츠|pattern|플로럴|lower_fit|플레어핏,7.933,1,train,true
fashionpedia,train2020,2265,a935ecea1efee66d9f462c92f3e16923.jpg,0,3,true,pattern|스트라이프|lower_fit|와이드핏,6.309,3,train,true
fashionpedia,train2020,2283,b68027dd6de9f01752ac6a2afc145d1a.jpg,0,3,true,lower_length|미디·7부 기장|detail|리본|collar|스탠드 칼라,8.146,2,train,true
fashionpedia,train2020,2304,7f55dc46526a32eeec78659e8e831b22.jpg,0,3,true,lower_fit|슬림핏|lower_fit|와이드핏|lower_fit|스트레이트핏|upper_fit|여유핏|category|재킷|detail|플리츠|pattern|플로럴|collar|라펠 칼라,14.426,3,train,true
fashionpedia,train2020,2322,d22ac7300559327751553b347daf453e.jpg,0,3,true,category|셔츠|lower_length|무릎 기장|detail|플리츠|collar|셔츠 칼라|lower_fit|플레어핏|collar|라펠 칼라,11.83,2,train,true
fashionpedia,train2020,2334,fc7cf959f4392bbba947a6fe236bf852.jpg,0,3,true,detail|프릴·러플|silhouette|A라인|pattern|플로럴,4.081,1,train,true
fashionpedia,train2020,2357,8ca0bcafa0f98ac27fd51acc0e63a664.jpg,0,3,true,pattern|스트라이프|neckline|보트넥|silhouette|A라인,4.178,2,train,true
fashionpedia,train2020,2359,33e006425c4ab228e0d4ef1e5fb9c62b.jpg,0,3,true,detail|프릴·러플|detail|플리츠,2.89,2,train,true
fashionpedia,train2020,2363,a2ad777a7dbc9094571f06a937798d40.jpg,0,3,true,detail|프릴·러플|silhouette|A라인|detail|플리츠,4.334,2,train,true
fashionpedia,train2020,2364,44bb3ba18ba819f86380cb0d2d59b37e.jpg,0,3,true,category|점프수트|neckline|V넥,5.761,1,train,true
fashionpedia,train2020,2365,baf420c3f9ce37959bde096e5d82d133.jpg,0,3,true,sleeve_length|7부 소매|upper_fit|오버핏|lower_length|무릎 기장|silhouette|비대칭,14.559,1,train,true
fashionpedia,train2020,2371,cb143ed3db6c0303faab31bb69704497.jpg,0,3,true,neckline|V넥|category|니트,2.582,2,train,true
fashionpedia,train2020,2392,2c7f2f8bb79170545e05db81cbc6a28f.jpg,0,3,true,sleeve_shape|벨 소매,5.333,2,train,true
fashionpedia,train2020,2405,d20522e2c1a220988b7f181a0bfdc62e.jpg,0,3,true,pattern|체크|detail|플리츠,2.789,2,train,true
fashionpedia,train2020,2408,502bedcb60d24340cc7903857881ef14.jpg,0,3,true,lower_fit|슬림핏|sleeve_shape|퍼프 소매|detail|플리츠|lower_fit|플레어핏,13.86,2,train,true
fashionpedia,train2020,2418,1b11eadf6bbce516b18c231e71f86e20.jpg,0,3,true,lower_length|무릎 기장|silhouette|A라인|pattern|플로럴|pattern|도트,9.451,1,train,true
fashionpedia,train2020,2422,f0cc83ef44ff864f5a3a323c3eafa355.jpg,0,3,true,silhouette|A라인|detail|플리츠|silhouette|비대칭,4.258,3,train,true
fashionpedia,train2020,2433,740eefb42a8f4479605ad982659bfe07.jpg,0,3,true,pattern|스트라이프|neckline|보트넥,2.733,1,train,true
fashionpedia,train2020,2436,df986799a432a9b4ff787ba9ffebd3d4.jpg,0,3,true,upper_fit|오버핏|silhouette|비대칭,7.719,1,train,true
fashionpedia,train2020,2454,ff7f199874aadbb5ad7f5d2c7f7b75de.jpg,0,3,true,upper_fit|오버핏,6.4,1,train,true
fashionpedia,train2020,2460,ce0a64f081270c6cf81af6e350955de3.jpg,0,3,true,detail|플리츠|silhouette|비대칭,2.814,2,train,true
fashionpedia,train2020,2472,24a22f27374f9efb538f5fc0b5e125dc.jpg,0,3,true,neckline|라운드넥|lower_fit|와이드핏|category|재킷|detail|플리츠|collar|셔츠 칼라,10.377,3,train,true
fashionpedia,train2020,2473,ea62008ff4d2bf87ace9e82247cd87b3.jpg,0,3,true,pattern|그래픽|silhouette|A라인|neckline|V넥,4.076,1,train,true
fashionpedia,train2020,2495,ff7e5a7bfb8339b6d4e431097396841b.jpg,0,3,true,neckline|라운드넥|upper_fit|오버핏|lower_length|무릎 기장,9.15,1,train,true
fashionpedia,train2020,2499,d84cd52baa0492ef0aaa2b995fab6928.jpg,0,3,true,neckline|오프숄더|sleeve_length|7부 소매,6.056,1,train,true
fashionpedia,train2020,2520,c804dfdc8c10171af6ee21821fba383c.jpg,0,3,true,sleeve_length|7부 소매|lower_length|무릎 기장|collar|피터팬 칼라|silhouette|A라인|pattern|플로럴,24.627,1,train,true
fashionpedia,train2020,2543,cd81364332325294c7649fc130751b42.jpg,0,3,true,pattern|플로럴|collar|스탠드 칼라,6.63,2,train,true
fashionpedia,train2020,2556,f721bb43fa5f76b70e32e73f5328cd8a.jpg,0,3,true,detail|리본|silhouette|A라인|pattern|플로럴,4.171,1,train,true
fashionpedia,train2020,2561,f7755524078560aa802377424866ac68.jpg,0,3,true,lower_length|무릎 기장|silhouette|A라인|pattern|도트,8.209,2,train,true
fashionpedia,train2020,2583,3840a93ebbd2ad4497c7e8efd871ba39.jpg,0,3,true,detail|프릴·러플|pattern|애니멀|pattern|플로럴,7.437,1,train,true
fashionpedia,train2020,2593,ae1753dc7d396c4ff6019521771aac56.jpg,0,3,true,neckline|보트넥|pattern|도트,2.699,1,train,true
fashionpedia,train2020,2600,9498a23ceb3ef83c1254af9d78876203.jpg,0,3,true,category|코트|sleeve_length|7부 소매|detail|스팽글|collar|라펠 칼라,9.704,3,train,true
fashionpedia,train2020,2609,72cba42c2e864f943af2f191d0bbaa0f.jpg,0,3,true,detail|리본|neckline|V넥,2.709,1,train,true
fashionpedia,train2020,2612,3d7691d692913ee3e51fea9790771f6e.jpg,0,3,true,pattern|스트라이프|sleeve_shape|퍼프 소매|silhouette|A라인|category|재킷,10.316,5,train,true
fashionpedia,train2020,2621,14464ecf786ba978018cf354f2d3236e.jpg,0,3,true,category|가디건|neckline|V넥,2.518,3,train,true
fashionpedia,train2020,2628,e1aaf5f716e0aa99acae5209c8096ef4.jpg,0,3,true,pattern|스트라이프|silhouette|비대칭|lower_fit|플레어핏,3.94,2,train,true
fashionpedia,train2020,2631,e3cc70ca3f5eea4fe7a21bb3f8b51300.jpg,0,3,true,pattern|스트라이프|detail|프릴·러플,2.757,3,train,true
fashionpedia,train2020,2650,8d4c134420e43c2ecff30af2f204e39d.jpg,0,3,true,detail|프릴·러플|detail|플리츠|pattern|플로럴,4.131,1,train,true
fashionpedia,train2020,2652,c5f68962e793c7222c7eba2aeff9449f.jpg,0,3,true,upper_fit|오버핏|lower_length|무릎 기장,7.853,1,train,true
fashionpedia,train2020,2705,10b5181d0bc38a4b9bb32d5d93632618.jpg,0,3,true,collar|스탠드 칼라,5.388,3,train,true
fashionpedia,train2020,2712,b4e08bd053051d3d049110b499fd15d1.jpg,0,3,true,pattern|스트라이프|neckline|라운드넥|upper_fit|오버핏|detail|리본,10.544,1,train,true
fashionpedia,train2020,2720,77671426e85d4e8ed927bd3d6f03b96d.jpg,0,3,true,pattern|체크|neckline|V넥,2.519,2,train,true
fashionpedia,train2020,2721,45c323b17ae040d36f6e35568c23d794.jpg,0,3,true,category|코트|detail|플리츠,2.804,2,train,true
fashionpedia,train2020,2729,033160451ff201ad2de332ae311ce413.jpg,0,3,true,upper_fit|오버핏,6.4,2,train,true
fashionpedia,train2020,2741,d4b702c979605c5f32de36c362557b99.jpg,0,3,true,lower_length|무릎 기장|silhouette|A라인|pattern|도트,8.209,3,train,true
fashionpedia,train2020,2748,42406ad1926bddd4ec36f23c785cb3ff.jpg,0,3,true,silhouette|비대칭|neckline|V넥,2.544,2,train,true
fashionpedia,train2020,2759,fae07b3cd2d660459ffaf72314d89553.jpg,0,3,true,detail|프릴·러플|detail|플리츠,2.89,1,train,true
fashionpedia,train2020,2761,dc776d98b6e44ee82cfef759953612c3.jpg,0,3,true,upper_fit|오버핏|lower_length|미디·7부 기장|lower_length|무릎 기장|silhouette|A라인|neckline|V넥,11.796,2,train,true
fashionpedia,train2020,2768,e1e937e294a09eacffb35ac8ae097400.jpg,0,3,true,detail|리본|neckline|V넥,2.709,2,train,true
fashionpedia,train2020,2769,e715b85d0ebff51ae940143435ee8bf0.jpg,0,3,true,detail|리본|silhouette|A라인|neckline|V넥,4.154,1,train,true
fashionpedia,train2020,2785,447d86ac66c76f8c3cf991030e5fee20.jpg,0,3,true,neckline|라운드넥|upper_fit|오버핏|detail|리본,9.182,3,train,true
fashionpedia,train2020,2806,66e701109c04b4fb622e82b826b0d881.jpg,0,3,true,lower_fit|슬림핏|material|가죽|category|재킷,16.998,2,train,true
fashionpedia,train2020,2828,5fea8cea9fdba2e459c6233544c185a7.jpg,0,3,true,category|쇼츠|category|베스트,6.996,3,train,true
fashionpedia,train2020,2830,1c78a713807c4f4ee92dc9fce6c659ac.jpg,0,3,true,pattern|스트라이프|lower_fit|와이드핏|detail|플리츠,7.804,2,train,true
fashionpedia,train2020,2831,40139cf5e74af42f5ff6a4c64512df47.jpg,0,3,true,category|쇼츠|pattern|도트,2.488,2,train,true
fashionpedia,train2020,2848,42e2fcff99d17db03b56bf8d4ba826be.jpg,0,3,true,detail|프릴·러플|detail|플리츠,2.89,1,train,true
fashionpedia,train2020,2851,4e7acf44f93d02159926ae93af0365e5.jpg,0,3,true,sleeve_shape|래글런 소매|silhouette|A라인|detail|플리츠,4.629,2,train,true
fashionpedia,train2020,2862,5dce8d0e809c375b96f6295bc6269ad1.jpg,0,3,true,neckline|라운드넥|upper_fit|오버핏|silhouette|A라인,9.142,2,train,true
fashionpedia,train2020,2878,0b37f12ea16edd5bda4b346b1f6de5c2.jpg,0,3,true,lower_length|미디·7부 기장|detail|리본|silhouette|A라인|detail|플리츠,5.698,1,train,true
fashionpedia,train2020,2880,338a269ffccba0a279b06bf827f5e0b2.jpg,0,3,true,neckline|V넥|silhouette|비대칭,2.544,1,train,true
fashionpedia,train2020,2899,0b5d54949c19a701101e9ea2a53bee5d.jpg,0,3,true,category|쇼츠|category|셔츠|lower_length|무릎 기장|upper_fit|여유핏|category|베스트|collar|셔츠 칼라,12.641,3,train,true
fashionpedia,train2020,2916,b465431c0992b7c3d6041c664c747e8c.jpg,0,3,true,upper_fit|오버핏,6.4,1,train,true
fashionpedia,train2020,2938,d322d54685821c22b8d7e057c08a0171.jpg,0,3,true,neckline|보트넥|detail|플리츠,2.866,1,train,true
fashionpedia,train2020,3007,f4fd17a75f0fdb527a874f87f9cc5a1a.jpg,0,3,true,category|점프수트,4.536,1,train,true
fashionpedia,train2020,3026,18b1c3a56a8641c9de2feaa67ebdc612.jpg,0,3,true,category|쇼츠|pattern|체크|detail|플리츠,3.95,2,train,true
fashionpedia,train2020,3042,749224dd29a738020f8b90d0b1e0ad67.jpg,0,3,true,category|코트|lower_fit|와이드핏|collar|라펠 칼라,7.497,3,train,true
fashionpedia,train2020,3049,51145dd8cec1ac516be6c97539660f1a.jpg,0,3,true,sleeve_length|7부 소매|detail|후드,6.698,2,train,true
fashionpedia,train2020,3056,ec4b77f23e22b76be9c20cb791d2d824.jpg,0,3,true,category|베스트,5.835,2,train,true
fashionpedia,train2020,3062,1ef78aca4d729e9c7fa5c9a4f1c07cc1.jpg,0,3,true,sleeve_length|7부 소매|upper_fit|오버핏|collar|셔츠 칼라,9.163,1,train,true
fashionpedia,train2020,3077,2fb63e49d77b4dae1f741f8422673e7e.jpg,0,3,true,upper_fit|오버핏,6.4,1,train,true
fashionpedia,train2020,3078,f91288c7409ee87d22527b78a16c7a76.jpg,0,3,true,collar|스탠드 칼라,5.388,3,train,true
fashionpedia,train2020,3079,77819eaacd2fcd99551040e244827133.jpg,0,3,true,sleeve_shape|벌룬 소매|sleeve_length|7부 소매|neckline|보트넥,8.415,2,train,true
fashionpedia,train2020,3084,aae1d3bcf3ee8834a3776b69a23627c5.jpg,0,3,true,category|쇼츠|neckline|보트넥,2.532,2,train,true
fashionpedia,train2020,3089,162a3aeaa9f6b439a83d306952a0af8c.jpg,0,3,true,sleeve_shape|퍼프 소매,6.207,1,train,true
fashionpedia,train2020,3098,68be484702c6d4c2e2a803d8c1b667a9.jpg,0,3,true,category|코트|neckline|라운드넥|lower_fit|와이드핏|collar|라펠 칼라,8.794,3,train,true
fashionpedia,train2020,3146,67ae47bc74c0d933d7eaef0701356c2d.jpg,0,3,true,category|쇼츠|neckline|라운드넥|sleeve_length|7부 소매|upper_fit|오버핏|upper_fit|여유핏|category|재킷,13.177,3,train,true
fashionpedia,train2020,3149,cdaacc7df426b58d05afb445f32cbcc7.jpg,0,3,true,pattern|스트라이프|silhouette|A라인|detail|플리츠,4.301,1,train,true
fashionpedia,train2020,3156,f992871aebde9035f3d49ccdbc919d54.jpg,0,3,true,lower_fit|슬림핏|lower_fit|와이드핏|pattern|도트|category|재킷|collar|라펠 칼라,13.926,3,train,true
fashionpedia,train2020,3158,ab149b76289e29baa763b914e40fd671.jpg,0,3,true,detail|리본|lower_fit|플레어핏,2.743,2,train,true
fashionpedia,train2020,3177,7d55cd0c3a294692cd166b1724849275.jpg,0,3,true,category|코트|lower_length|무릎 기장|collar|스탠드 칼라,8.149,1,train,true
fashionpedia,train2020,3200,cbe98048ebe93f383cfa34c06e696b63.jpg,0,3,true,upper_fit|오버핏,6.4,1,train,true
fashionpedia,train2020,3205,47fa7a034b4e3f5cb1943765d50abc6b.jpg,0,3,true,detail|리본|detail|플리츠,2.979,3,train,true
fashionpedia,train2020,3231,d434749a6ef694970906f876f18ed855.jpg,0,3,true,lower_fit|슬림핏|material|퍼·플리스|silhouette|H라인|lower_fit|스트레이트핏|lower_length|무릎 기장|upper_fit|여유핏|category|재킷|pattern|플로럴,13.787,3,train,true
fashionpedia,train2020,3254,66fcec1ed69c6d23edee2c33e0a8846b.jpg,0,3,true,pattern|스트라이프|silhouette|A라인|pattern|플로럴,4.048,2,train,true
fashionpedia,train2020,3290,3084a1a84d74746ccc7446eb3ffb8c8a.jpg,0,3,true,pattern|체크|detail|플리츠,2.789,2,train,true
fashionpedia,train2020,3296,8005a44978a52ed20c158aa50541e7f4.jpg,0,3,true,detail|리본|silhouette|A라인|pattern|플로럴,4.171,2,train,true
fashionpedia,train2020,3299,e9c2e0e927824ec9bf511d28f973207c.jpg,0,3,true,pattern|체크|category|니트,2.651,3,train,true
fashionpedia,train2020,3308,6adcd7c1cc928547a56519498c6cd400.jpg,0,3,true,category|셔츠|lower_length|미디·7부 기장|lower_fit|와이드핏|collar|셔츠 칼라|pattern|플로럴,10.072,2,train,true
fashionpedia,train2020,3346,1db283190b3a732517e22c343923438a.jpg,0,3,true,detail|프릴·러플|detail|플리츠,2.89,2,train,true
fashionpedia,train2020,3368,85e3a85d2f68cc0016a4557dfd90be2a.jpg,0,3,true,pattern|스트라이프|silhouette|A라인|silhouette|비대칭,4.125,1,train,true
fashionpedia,train2020,3375,dc1443d349885e565492c17bdd08035e.jpg,0,3,true,neckline|V넥|collar|스탠드 칼라,6.612,2,train,true
fashionpedia,train2020,3379,59afbcba62cff0e5f8323e4555e38eea.jpg,0,3,true,detail|플리츠|silhouette|비대칭,2.814,2,train,true
fashionpedia,train2020,3384,40e6552cb32e171b77c80840dbd299c3.jpg,0,3,true,neckline|라운드넥|upper_fit|오버핏|lower_length|무릎 기장|category|재킷,10.454,2,train,true
fashionpedia,train2020,3435,580641970012ef3a73c84551736b10dd.jpg,0,3,true,upper_fit|오버핏,6.4,1,train,true
fashionpedia,train2020,3516,b8f8221eec14dc0dee8832720072608a.jpg,0,3,true,lower_fit|슬림핏|sleeve_length|7부 소매|upper_fit|오버핏|lower_length|무릎 기장|silhouette|비대칭,15.682,2,train,true
fashionpedia,train2020,3534,0499253b7a9c5c0eff5abf80166b5063.jpg,0,3,true,category|점프수트|detail|프릴·러플|lower_fit|와이드핏,10.878,1,train,true
fashionpedia,train2020,3539,ce23131449011d8877d1066ef81193b8.jpg,0,3,true,neckline|홀터넥|pattern|플로럴|lower_fit|플레어핏,7.154,2,train,true
fashionpedia,train2020,3542,ea75bb03f6bc76289d862480beb9896f.jpg,0,3,true,lower_fit|슬림핏|pattern|카모|detail|프릴·러플|detail|플리츠,18.679,2,train,true
fashionpedia,train2020,3545,909d780ba5795af65e2adb1f30164dcb.jpg,0,3,true,neckline|스퀘어넥,5.972,1,train,true
fashionpedia,train2020,3549,cb529a43668a5c334fb10bead8864858.jpg,0,3,true,upper_fit|오버핏|collar|라펠 칼라,7.64,3,train,true
fashionpedia,train2020,3568,0c6b40bcf0ab9d2da137e31e5e38dc1e.jpg,0,3,true,category|쇼츠|detail|프릴·러플,2.555,2,train,true
fashionpedia,train2020,3575,1cb025d3f018cc37f1c24efff58f4189.jpg,0,3,true,detail|리본|sleeve_shape|캡 소매,2.755,1,train,true
fashionpedia,train2020,3598,9b53e91bbcecc686b6fa92f8ae1d507f.jpg,0,3,true,neckline|라운드넥|detail|리본|lower_fit|스트레이트핏|lower_length|무릎 기장|sleeve_shape|퍼프 소매,11.932,1,train,true
fashionpedia,train2020,3600,015cc201854287ea42b2a07e82450fd1.jpg,0,3,true,category|코트|material|퍼·플리스|collar|라펠 칼라|lower_length|무릎 기장,8.34,1,train,true
fashionpedia,train2020,3604,8b840d94157a6c669c02e9b6f21059d7.jpg,0,3,true,detail|프릴·러플|detail|플리츠|pattern|플로럴,4.131,1,train,true
fashionpedia,train2020,3607,471a6ad8e516809db28574ff0f63da89.jpg,0,3,true,neckline|홀터넥|lower_length|미디·7부 기장|silhouette|A라인,7.372,1,train,true
fashionpedia,train2020,3616,17c4227a95a505fa5b20253271de7b1f.jpg,0,3,true,detail|스팽글,5.725,1,train,true
fashionpedia,train2020,3629,4c7db7174c756fdd25b94abb7a24ea11.jpg,0,3,true,detail|리본|detail|프릴·러플,2.879,1,train,true
fashionpedia,train2020,3646,4f3064b8bf19337c8f5638c85ea3e123.jpg,0,3,true,collar|셔츠 칼라|collar|스탠드 칼라,6.721,2,train,true
fashionpedia,train2020,3655,b8aba6db17f3a56b6d8e39d1f2897845.jpg,0,3,true,upper_fit|오버핏|pattern|플로럴,7.642,1,train,true
fashionpedia,train2020,3659,aabe263e172da40ac2caf1ef8e62e851.jpg,0,3,true,category|코트|detail|후드|silhouette|A라인,8.022,3,train,true
fashionpedia,train2020,3668,386fea2d3a0f8fc5e820ecf688468a62.jpg,0,3,true,collar|스탠드 칼라|upper_fit|여유핏|pattern|플로럴|lower_fit|플레어핏,13.249,1,train,true
fashionpedia,train2020,3674,819a52b6bf8a4598434c72673c180741.jpg,0,3,true,pattern|애니멀,4.8,3,train,true
fashionpedia,train2020,3675,ee42385f493e49ea992b95eb6ec2d61f.jpg,0,3,true,upper_fit|오버핏,6.4,2,train,true
fashionpedia,train2020,3699,4bd12c275a321890efa64f762a4923b8.jpg,0,3,true,silhouette|A라인|silhouette|비대칭|sleeve_shape|캡 소매,4.034,1,train,true
fashionpedia,train2020,3715,81e8581165906c8a44743873495011b7.jpg,0,3,true,detail|플리츠|silhouette|X라인|lower_fit|플레어핏,4.12,1,train,true
fashionpedia,train2020,3722,1eb606f51e63997222fd297336e2e4b8.jpg,0,3,true,detail|프릴·러플|sleeve_shape|캡 소매|lower_fit|플레어핏,3.924,2,train,true
fashionpedia,train2020,3727,da3b0ed07fcaafb705fc3135abd3d877.jpg,0,3,true,category|셔츠|collar|셔츠 칼라|lower_fit|플레어핏|detail|리본|detail|플리츠|category|재킷,11.925,3,train,true
fashionpedia,train2020,3743,1dedf8646a9d1b59c21cc0da5360c7f0.jpg,0,3,true,upper_fit|오버핏|collar|라펠 칼라,7.64,1,train,true
fashionpedia,train2020,3766,86ef65d2647f14182c2bee60db7db900.jpg,0,3,true,pattern|체크|lower_fit|와이드핏,6.242,2,train,true
fashionpedia,train2020,3777,cb6ff2589333f3ec00cc37acc039e078.jpg,0,3,true,silhouette|A라인|detail|플리츠|detail|프릴·러플,4.334,1,train,true
fashionpedia,train2020,3784,4dea4e62bf2999531d5715bc0a904395.jpg,0,3,true,sleeve_length|7부 소매|lower_fit|와이드핏|silhouette|A라인|sleeve_shape|벨 소매|pattern|플로럴,14.397,2,train,true
fashionpedia,train2020,3804,3c92c8e4722698cfc624c77fcde8286a.jpg,0,3,true,detail|프릴·러플|detail|플리츠,2.89,1,train,true
fashionpedia,train2020,3811,00ee2c15f43597de35c4542c310c74da.jpg,0,3,true,lower_fit|와이드핏,4.948,2,train,true
fashionpedia,train2020,3815,1186b3da6853bf582a8d91c8eee9c1c0.jpg,0,3,true,detail|프릴·러플|lower_fit|플레어핏,2.653,2,train,true
fashionpedia,train2020,3821,aee9d230b2b0b7d27cba2ee39fc96281.jpg,0,3,true,category|쇼츠|detail|플리츠|collar|스탠드 칼라,8.043,2,train,true
fashionpedia,train2020,3849,f133ce24a265879aa286e1c1002ce780.jpg,0,3,true,detail|프릴·러플|silhouette|A라인|detail|플리츠,4.334,2,train,true
fashionpedia,train2020,3895,184a77844543483af3ad968221fc6c76.jpg,0,3,true,category|쇼츠|upper_fit|오버핏,7.561,2,train,true
fashionpedia,train2020,3919,be0a4c79c7dc025364911afa2021d932.jpg,0,3,true,category|쇼츠|detail|리본|neckline|V넥,3.87,2,train,true
fashionpedia,train2020,3926,ae7274bc289ec3eb6b9c4ce711f920b6.jpg,0,3,true,lower_length|미디·7부 기장|detail|프릴·러플|detail|리본|lower_length|무릎 기장|silhouette|A라인|collar|셔츠 칼라,8.383,1,train,true
fashionpedia,train2020,3930,21c340b3f5fcb6d8c676bc86f1f478c8.jpg,0,3,true,category|코트|upper_fit|오버핏,7.709,2,train,true
fashionpedia,train2020,3931,4f3b81ce6d1df58c97951ab031b737da.jpg,0,3,true,pattern|체크|detail|프릴·러플|detail|플리츠,4.184,2,train,true
fashionpedia,train2020,3945,bbb79f69b1abaf90b6de20a90a7f6d0f.jpg,0,3,true,lower_fit|슬림핏|category|셔츠|pattern|스트라이프|lower_length|미디·7부 기장|silhouette|비대칭|sleeve_shape|캡 소매,15.394,2,train,true
fashionpedia,train2020,3957,12669e555938ea9917affbd1d7283e32.jpg,0,3,true,category|코트|collar|라펠 칼라|pattern|도트|silhouette|A라인,9.305,2,train,true
fashionpedia,train2020,3958,a4e413cb03bb3841fedfa412fba0b74a.jpg,0,3,true,silhouette|X라인|detail|리본|pattern|플로럴|lower_fit|플레어핏,5.351,1,train,true
fashionpedia,train2020,3959,ac0af61edee9f6bc992c023ad0de9221.jpg,0,3,true,category|쇼츠|detail|프릴·러플,2.555,3,train,true
fashionpedia,train2020,3978,7fdc46a02acc7f9bf969ee245a8e30a3.jpg,0,3,true,category|코트|neckline|라운드넥|upper_fit|오버핏|collar|라펠 칼라,10.247,2,train,true
fashionpedia,train2020,3998,3b3213c7a984d5b60ddc6fe4251f1579.jpg,0,3,true,category|쇼츠|neckline|보트넥,2.532,2,train,true
fashionpedia,train2020,4013,677580c372b6e7ae20c0cae58dc3cc39.jpg,0,3,true,lower_fit|슬림핏|silhouette|H라인|collar|라펠 칼라|lower_fit|스트레이트핏|lower_length|무릎 기장|category|재킷|pattern|도트,13.173,2,train,true
fashionpedia,train2020,4045,6d3c404d0361df444b03fd92ffc94840.jpg,0,3,true,detail|프릴·러플|silhouette|A라인|detail|플리츠,4.334,1,train,true
fashionpedia,train2020,4055,60c47e46998cf7b348b56703cd13d8d3.jpg,0,3,true,detail|프릴·러플|silhouette|A라인|pattern|도트,8.151,1,train,true
fashionpedia,train2020,4073,41a5a03ff71e40c8b3440935e58eac74.jpg,0,3,true,detail|프릴·러플|detail|플리츠,2.89,2,train,true
fashionpedia,train2020,4077,3c43afa94423ee8fea1e83442c679c78.jpg,0,3,true,lower_length|미디·7부 기장|neckline|V넥|sleeve_shape|캡 소매|pattern|플로럴|lower_fit|플레어핏,6.271,1,train,true
fashionpedia,train2020,4082,aff5896a6f1ff877be3a253f67d8df28.jpg,0,3,true,detail|프릴·러플|sleeve_shape|캡 소매,2.666,1,train,true
fashionpedia,train2020,4106,1b1e97f16fd7c47b888e8871242dca4d.jpg,0,3,true,pattern|스트라이프|sleeve_shape|캡 소매|pattern|플로럴|lower_fit|플레어핏,5.133,2,train,true
fashionpedia,train2020,4108,41dd53f526d091ebec0734550786d8d3.jpg,0,3,true,detail|프릴·러플|detail|플리츠|neckline|V넥,4.114,1,train,true
fashionpedia,train2020,4131,afff802edc8f96115e3946a5397736f4.jpg,0,3,true,category|쇼츠|detail|스팽글,6.885,2,train,true
fashionpedia,train2020,4140,a959784ab92142ad5a0bc76c4fb09af2.jpg,0,3,true,lower_fit|스트레이트핏|lower_fit|플레어핏|pattern|도트,11.838,1,train,true
fashionpedia,train2020,4166,26cb4569bf016a16f308ea3804cfeada.jpg,0,3,true,sleeve_length|7부 소매|silhouette|A라인|pattern|도트,8.186,2,train,true
fashionpedia,train2020,4167,18c0162b75180fe45306e81e5967853b.jpg,0,3,true,detail|프릴·러플|detail|플리츠,2.89,2,train,true
fashionpedia,train2020,4174,f7701077cc9fb0452813f3b988c1cd0a.jpg,0,3,true,detail|리본|silhouette|A라인|pattern|플로럴,4.171,2,train,true
fashionpedia,train2020,4178,c482009acd984e7c5ca41801c6110c5b.jpg,0,3,true,silhouette|A라인|sleeve_shape|벨 소매,6.778,1,train,true
fashionpedia,train2020,4187,15a740e91da9d241fd47bdcfa833db28.jpg,0,3,true,pattern|스트라이프|lower_fit|와이드핏,6.309,2,train,true
fashionpedia,train2020,4202,90fd0c82c2658b28494b023c66925542.jpg,0,3,true,neckline|라운드넥|upper_fit|오버핏|lower_fit|스트레이트핏|lower_length|무릎 기장,10.641,2,train,true
fashionpedia,train2020,4207,35d4097a35af32048440f7f71be1d33a.jpg,0,3,true,lower_fit|와이드핏,4.948,2,train,true
fashionpedia,train2020,4212,32a7e1ce6747ad450e443914e9b0b8b7.jpg,0,3,true,pattern|스트라이프|detail|리본,2.846,2,train,true
fashionpedia,train2020,4215,5451837b4377a0648df024329af1a520.jpg,0,3,true,detail|프릴·러플|detail|플리츠,2.89,2,train,true
fashionpedia,train2020,4216,0f903b384ffa408aaacec88da1a9a17c.jpg,0,3,true,lower_fit|와이드핏,4.948,2,train,true
fashionpedia,train2020,4233,2032dec1f02c8d7a518255393ba51ac6.jpg,0,3,true,category|코트|upper_fit|오버핏,7.709,2,train,true
fashionpedia,train2020,4241,dafaecaaeea2c43eb7bd385eb8ed9990.jpg,0,3,true,neckline|라운드넥|sleeve_length|7부 소매|upper_fit|오버핏|lower_length|무릎 기장|pattern|플로럴,11.822,1,train,true
fashionpedia,train2020,4244,35ece4a7548ba11d7f93d80aa06a5042.jpg,0,3,true,neckline|오프숄더|detail|리본,6.111,1,train,true
fashionpedia,train2020,4254,c5ddc5b213835169dd2c2977f9cb6b7c.jpg,0,3,true,category|쇼츠|collar|스탠드 칼라,6.548,3,train,true
fashionpedia,train2020,4268,e8c083ab300a44d4704abee614358ee8.jpg,0,3,true,neckline|보트넥|silhouette|비대칭,2.691,2,train,true
fashionpedia,train2020,4294,1a645e05941abfeb5cceb6e6949d1ae8.jpg,0,3,true,silhouette|A라인|detail|플리츠|neckline|V넥,4.164,1,train,true
fashionpedia,train2020,4298,fe1298fad7fe4cca1b5e3ad8a74ce5cd.jpg,0,3,true,lower_fit|와이드핏|detail|플리츠,6.442,2,train,true
fashionpedia,train2020,4301,7d02f491710717a0ac01b8e9702c7bfe.jpg,0,3,true,category|쇼츠|collar|스탠드 칼라,6.548,3,train,true
fashionpedia,train2020,4304,ff79318c0fef09033136fdaa6e22a1aa.jpg,0,3,true,detail|리본|silhouette|A라인|silhouette|비대칭,4.248,1,train,true
fashionpedia,train2020,4307,7312d37043c20695a1d0ed5b6a2e6236.jpg,0,3,true,pattern|스트라이프|detail|프릴·러플|silhouette|A라인|detail|플리츠,5.696,1,train,true
fashionpedia,train2020,4314,65a4ce506b8684dc03af2b106251164c.jpg,0,3,true,pattern|스트라이프|detail|플리츠,2.857,2,train,true
fashionpedia,train2020,4353,4a4ed80758ee3836950d85121430f7ac.jpg,0,3,true,pattern|스트라이프|detail|프릴·러플|detail|플리츠,4.252,2,train,true
fashionpedia,train2020,4364,332d84c80b000620234479307e5c799c.jpg,0,3,true,neckline|터틀넥,5.058,3,train,true
fashionpedia,train2020,4402,cc426e381c7298e6b477970dcbad7728.jpg,0,3,true,detail|리본|detail|플리츠,2.979,3,train,true
fashionpedia,train2020,4414,98251a0a94b674fe5b7dc0c6852e488f.jpg,0,3,true,category|코트|lower_fit|와이드핏|silhouette|A라인,7.701,6,train,true
fashionpedia,train2020,4443,f1dfca43c4724bcff3b606857b0ae5a9.jpg,0,3,true,category|코트|upper_fit|오버핏|lower_length|무릎 기장,9.162,2,train,true
fashionpedia,train2020,4447,ee5cc97e6bb97d641f5a21818447da3a.jpg,0,3,true,upper_fit|오버핏|neckline|V넥,7.625,2,train,true
fashionpedia,train2020,4460,8f0588a7d9aa5c9437132022720bffe2.jpg,0,3,true,upper_fit|오버핏,6.4,2,train,true
fashionpedia,train2020,4509,897842573e34024e12da8dc0263ef2f6.jpg,0,3,true,detail|플리츠|silhouette|비대칭,2.814,2,train,true
fashionpedia,train2020,4523,2fb87e1400e6011336d7f53625ac1cf3.jpg,0,3,true,pattern|카모|neckline|라운드넥,15.964,2,train,true
fashionpedia,train2020,4543,9854398269d447059e323c850e04e22a.jpg,0,3,true,category|코트|detail|스팽글|lower_fit|스트레이트핏|lower_length|무릎 기장,9.978,3,train,true
fashionpedia,train2020,4564,e552928764239f6de89b36b5614d33ef.jpg,0,3,true,neckline|홀터넥,4.653,1,train,true
fashionpedia,train2020,4566,877c605608285e931e3652a654a339dc.jpg,0,3,true,sleeve_length|7부 소매|lower_length|무릎 기장|pattern|도트|collar|라펠 칼라,9.434,1,train,true
fashionpedia,train2020,4578,23ff80c7b63a24cd2e88cfc8671464e4.jpg,0,3,true,category|코트|sleeve_length|7부 소매|pattern|도트,8.051,2,train,true
fashionpedia,train2020,4581,62ec35450cda06eaa9031e7ed6246ed3.jpg,0,3,true,upper_fit|오버핏,6.4,3,train,true
fashionpedia,train2020,4597,e1424c3a4ceb63f6290cf292068044a8.jpg,0,3,true,pattern|스트라이프|category|니트,2.719,2,train,true
fashionpedia,train2020,4602,36664e434ead59c31cf470b13dc6ff62.jpg,0,3,true,detail|프릴·러플|silhouette|비대칭|pattern|플로럴,3.956,1,train,true
fashionpedia,train2020,4610,88721ee1a528fcf23555cb23aa2ea18b.jpg,0,3,true,category|재킷|detail|플리츠|silhouette|비대칭|collar|스탠드 칼라,13.462,2,train,true
fashionpedia,train2020,4613,655c66bc2dec749f5529492279fced6e.jpg,0,3,true,pattern|체크|detail|프릴·러플|silhouette|A라인,4.133,1,train,true
fashionpedia,train2020,4634,abc95a17807b897b22730ffd5935bd49.jpg,0,3,true,lower_length|무릎 기장|silhouette|A라인|neckline|V넥|pattern|도트,9.434,2,train,true
fashionpedia,train2020,4641,0dc9a32c1169e89b4515e8161b0e018a.jpg,0,3,true,category|코트|collar|스탠드 칼라,6.697,1,train,true
fashionpedia,train2020,4658,764afcc1ad0533eaff4dc39109606824.jpg,0,3,true,lower_fit|와이드핏|pattern|플로럴,6.189,2,train,true
fashionpedia,train2020,4665,f82e6c2dc49f2a2ecf4ec3cf6e633664.jpg,0,3,true,detail|리본|lower_fit|와이드핏|collar|셔츠 칼라,7.765,2,train,true
fashionpedia,train2020,4685,6c1e58b226bcd075cdfda491dcad249e.jpg,0,3,true,pattern|스트라이프|detail|플리츠,2.857,3,train,true
fashionpedia,train2020,4698,7714a0dc651ef27b1575579c63813882.jpg,0,3,true,sleeve_length|7부 소매|lower_fit|와이드핏|detail|플리츠,7.872,2,train,true
fashionpedia,train2020,4707,385c1268070b2f2d4b75146975f9fce4.jpg,0,3,true,category|쇼츠|detail|프릴·러플,2.555,2,train,true
fashionpedia,train2020,4746,5a85cb033beae4e753d62f90c2b81737.jpg,0,3,true,pattern|체크|silhouette|비대칭,2.613,2,train,true
fashionpedia,train2020,4814,def9b74bef39221b5a71d4eadc37f8de.jpg,0,3,true,pattern|스트라이프|neckline|라운드넥|lower_length|무릎 기장|silhouette|비대칭|lower_fit|플레어핏,14.423,2,train,true
fashionpedia,train2020,4820,2130b7de410e64274fe26ef5d0571de9.jpg,0,3,true,category|코트|sleeve_length|7부 소매|lower_length|무릎 기장|neckline|터틀넥,9.249,3,train,true
fashionpedia,train2020,4835,d82038a20511788b40a4ef68e9110f68.jpg,0,3,true,pattern|스트라이프|silhouette|A라인|pattern|플로럴,4.048,1,train,true
fashionpedia,train2020,4848,ea0cb704a59cd174f9138638a9367c9a.jpg,0,3,true,upper_fit|오버핏|collar|셔츠 칼라,7.733,1,train,true
fashionpedia,train2020,4851,def52c56bc51e43920759bc1b619cea5.jpg,0,3,true,sleeve_length|7부 소매|collar|스탠드 칼라,6.818,2,train,true
fashionpedia,train2020,4853,1cbfacebe0e91a076dae2a6f059d3c0c.jpg,0,3,true,neckline|보트넥|silhouette|A라인|detail|플리츠,4.311,2,train,true
fashionpedia,train2020,4856,40691e8e4694b3822a8ca3819bab0699.jpg,0,3,true,lower_length|무릎 기장|silhouette|A라인|neckline|V넥|pattern|도트,9.434,1,train,true
fashionpedia,train2020,4860,c4d1a710b898dfcdba9a434d3969a177.jpg,0,3,true,upper_fit|오버핏|lower_length|무릎 기장|detail|플리츠,9.347,1,train,true
fashionpedia,train2020,4875,95fdd0b49d0f3d46184bd269a5befd9f.jpg,0,3,true,upper_fit|오버핏|neckline|V넥,7.625,1,train,true
fashionpedia,train2020,4877,0f9ff356621a7461f54da12fa617590c.jpg,0,3,true,neckline|라운드넥|sleeve_length|7부 소매|detail|후드,7.996,2,train,true
fashionpedia,train2020,4888,9e6673408aedf96c0478e0ccb81be3b5.jpg,0,3,true,collar|스탠드 칼라|lower_length|무릎 기장|sleeve_shape|캡 소매,8.111,1,train,true
fashionpedia,train2020,4890,fc27ef2ee80f12b6e04dafc7d47c244d.jpg,0,3,true,collar|셔츠 칼라|collar|스탠드 칼라,6.721,3,train,true
fashionpedia,train2020,4897,3daba1b0b8a5b99f316a390d4165f781.jpg,0,3,true,pattern|스트라이프|lower_fit|와이드핏,6.309,2,train,true
fashionpedia,train2020,4898,84991f1f21c6da5a6a43f1bb044ee602.jpg,0,3,true,lower_fit|와이드핏|detail|플리츠,6.442,2,train,true
fashionpedia,train2020,4906,c129ecd5c6f25760eb1a309008806758.jpg,0,3,true,category|코트|pattern|스트라이프|neckline|V넥,3.896,2,train,true
fashionpedia,train2020,4924,1181b455162cc1ff16cacbe064f02749.jpg,0,3,true,pattern|스트라이프|detail|프릴·러플|lower_fit|플레어핏,4.015,3,train,true
fashionpedia,train2020,4927,c09fab94bfc8ea5578a98a137eb06fd5.jpg,0,3,true,detail|스팽글,5.725,1,train,true
fashionpedia,train2020,4935,fd18aaf936ebd948e2c9697f00a277c7.jpg,0,3,true,material|퍼·플리스|pattern|스트라이프,5.701,2,train,true
fashionpedia,train2020,4948,a2b8b3d606ee6cae3e4ad7d299c2c308.jpg,0,3,true,sleeve_shape|벨 소매,5.333,4,train,true
fashionpedia,train2020,4955,b23194c8e4da76a3bbd050b7f47f0c08.jpg,0,3,true,pattern|스트라이프|neckline|터틀넥,6.419,2,train,true
fashionpedia,train2020,4995,00c977da2f29f53360fe89e6970e35b1.jpg,0,3,true,category|쇼츠|category|니트,2.518,2,train,true
fashionpedia,train2020,5008,c0d8526099ae7918a20e84313a8262ba.jpg,0,3,true,detail|리본|silhouette|비대칭,2.803,1,train,true
fashionpedia,train2020,5020,49093039a195381a5429c96d7fb48ff2.jpg,0,3,true,pattern|스트라이프|detail|프릴·러플,2.757,2,train,true
fashionpedia,train2020,5030,fe3ff6090269009a7f95a52290350bd3.jpg,0,3,true,pattern|스트라이프|silhouette|A라인|detail|플리츠,4.301,2,train,true
fashionpedia,train2020,5032,2f7137bdd197d26884575439d74d8989.jpg,0,3,true,category|쇼츠|detail|프릴·러플,2.555,2,train,true
fashionpedia,train2020,5126,0847f08374bf6567631766446129dca6.jpg,0,3,true,lower_length|미디·7부 기장|lower_length|무릎 기장|collar|스탠드 칼라,8.114,2,train,true
fashionpedia,train2020,5134,bc260b34ba578514a9178a76eb179bcd.jpg,0,3,true,pattern|스트라이프|detail|플리츠,2.857,1,train,true
fashionpedia,train2020,5143,cc8bf8fb35fc08e42208f0ebc50658ca.jpg,0,3,true,pattern|도트|collar|셔츠 칼라|collar|라펠 칼라,7.885,2,train,true
fashionpedia,train2020,5151,3645a55c1fad0471ba2b0c3f5ff28cf6.jpg,0,3,true,upper_fit|오버핏,6.4,2,train,true
fashionpedia,train2020,5155,f86351d67e2629dc35f1e524915fcd11.jpg,0,3,true,detail|스팽글,5.725,1,train,true
fashionpedia,train2020,5159,c6b7b2871a7b6035f3d67cfc207a669c.jpg,0,3,true,category|셔츠|upper_fit|오버핏|lower_fit|스트레이트핏|category|재킷|collar|셔츠 칼라,11.802,3,train,true
fashionpedia,train2020,5175,32ca7b631476ab1e2c82e17a6f976ae0.jpg,0,3,true,detail|플리츠|neckline|V넥|silhouette|비대칭,4.039,4,train,true
fashionpedia,train2020,5196,51ef6b53a9842a96a17dad19bf15524d.jpg,0,3,true,upper_fit|오버핏|silhouette|비대칭,7.719,1,train,true
fashionpedia,train2020,5197,a9abe4debe6e6ecbd0de7ac8cad57db5.jpg,0,3,true,category|쇼츠|collar|스탠드 칼라,6.548,3,train,true
fashionpedia,train2020,5220,a8be8818a12d6f38103d057c7fab4996.jpg,0,3,true,category|쇼츠|upper_fit|오버핏,7.561,2,train,true
fashionpedia,train2020,5228,3ff29a0280378393948e4d352d66445a.jpg,0,3,true,silhouette|A라인|neckline|V넥|sleeve_shape|캡 소매|pattern|플로럴,5.182,1,train,true
fashionpedia,train2020,5230,f85176dc3649d3b4e1ff61f86ac70114.jpg,0,3,true,detail|리본|detail|플리츠|pattern|플로럴,4.221,2,train,true
fashionpedia,train2020,5236,d88d26bdaa963fa9989715cc5689a167.jpg,0,3,true,pattern|스트라이프|neckline|라운드넥|lower_fit|스트레이트핏|category|재킷|collar|스탠드 칼라,10.842,2,train,true
fashionpedia,train2020,5243,5de17494eea46c4395aa33cf84095ba1.jpg,0,3,true,detail|플리츠|silhouette|비대칭,2.814,2,train,true
fashionpedia,train2020,5257,be352296c7b1b7844e60c65d77a21d95.jpg,0,3,true,lower_fit|와이드핏,4.948,2,train,true
fashionpedia,train2020,5262,ce4fe7c2f3afc61e77eebd783d5a46b7.jpg,0,3,true,detail|프릴·러플|silhouette|A라인|pattern|플로럴,4.081,1,train,true
fashionpedia,train2020,5264,80bfec383cf4590981daca5a9894df4c.jpg,0,3,true,pattern|스트라이프|detail|플리츠|sleeve_shape|캡 소매,4.128,1,train,true
fashionpedia,train2020,5271,d62e8b3dbb94a4ad58a0d3df8e245950.jpg,0,3,true,category|쇼츠|upper_fit|오버핏|lower_length|미디·7부 기장,8.835,2,train,true
fashionpedia,train2020,5283,2631d91e50b48d1e8636b8620683c1e1.jpg,0,3,true,detail|프릴·러플|silhouette|비대칭,2.714,2,train,true
fashionpedia,train2020,5290,6c6e5ded0d894f3e127921a760e8f6a0.jpg,0,3,true,pattern|스트라이프|detail|후드,6.63,2,train,true
fashionpedia,train2020,5291,52be9de9ea228c5c0e2af6ec37ed9b29.jpg,0,3,true,neckline|V넥|silhouette|비대칭,2.544,1,train,true
fashionpedia,train2020,5314,dd6f6d49258b6b1efbd26cf07a651400.jpg,0,3,true,category|점프수트|pattern|스트라이프,5.898,2,train,true
fashionpedia,train2020,5317,fa8f52a5d5628875bd6f390a88507124.jpg,0,3,true,category|쇼츠|neckline|오프숄더,5.787,2,train,true
fashionpedia,train2020,5336,3f6f355edf366c96a8cf33da91b99854.jpg,0,3,true,silhouette|X라인|detail|프릴·러플|detail|플리츠|pattern|플로럴|lower_fit|플레어핏,6.756,1,train,true
fashionpedia,train2020,5351,9d573121c985bf27baf4e6eb562736fa.jpg,0,3,true,lower_fit|와이드핏,4.948,2,train,true
fashionpedia,train2020,5356,1d707db4edd61e8fef0e176ed473c2df.jpg,0,3,true,neckline|스퀘어넥,5.972,1,train,true
fashionpedia,train2020,5372,0c2c1c41abb903b2bdbfaf9d85d79997.jpg,0,3,true,silhouette|A라인|silhouette|비대칭|sleeve_shape|캡 소매,4.034,2,train,true
fashionpedia,train2020,5376,2570e204f7eabb9731357c1e3020e4c2.jpg,0,3,true,silhouette|A라인|neckline|V넥|sleeve_shape|캡 소매|pattern|플로럴,5.182,1,train,true
fashionpedia,train2020,5381,a9da838f0e6cd93f3231f12bd628e914.jpg,0,3,true,neckline|홀터넥|silhouette|A라인|pattern|플로럴,7.34,1,train,true
fashionpedia,train2020,5385,12ab540a6d820a0dbfdd453aa3cbb7cc.jpg,0,3,true,detail|프릴·러플|detail|플리츠|neckline|V넥,4.114,1,train,true
fashionpedia,train2020,5416,5eb3f95d9d9a38e695742222184a7112.jpg,0,3,true,detail|리본|silhouette|A라인|detail|플리츠,4.424,1,train,true
fashionpedia,train2020,5419,86191a66e4307dcfd90dfa97bf890b8b.jpg,0,3,true,silhouette|A라인|collar|스탠드 칼라,6.832,3,train,true
fashionpedia,train2020,5430,3fa6ccbc5c892525b6e5533dd4db2491.jpg,0,3,true,collar|스탠드 칼라,5.388,3,train,true
fashionpedia,train2020,5434,82e3e5d882c09b98b8757990751331fc.jpg,0,3,true,detail|리본|silhouette|A라인|detail|플리츠,4.424,3,train,true
fashionpedia,train2020,5439,e98f31dab4093a3bd782b4008bc4b2d3.jpg,0,3,true,lower_length|무릎 기장|pattern|도트|category|재킷|silhouette|A라인|collar|라펠 칼라,10.752,2,train,true
fashionpedia,train2020,5443,08e3628b9bd460fa1f73f5c796bfe6d6.jpg,0,3,true,pattern|플로럴|collar|스탠드 칼라,6.63,2,train,true
fashionpedia,train2020,5455,e242725579a3dbb5e0d2ff822d0e70e7.jpg,0,3,true,lower_fit|와이드핏|detail|플리츠|pattern|플로럴,7.684,2,train,true
fashionpedia,train2020,5472,2a382b338013815d1b60a9a25b25e452.jpg,0,3,true,pattern|스트라이프|neckline|라운드넥|lower_fit|와이드핏|sleeve_shape|캡 소매,8.878,2,train,true
fashionpedia,train2020,5474,8089fd6de529cece365e96e4bb7520e9.jpg,0,3,true,silhouette|비대칭|detail|플리츠,2.814,1,train,true
fashionpedia,train2020,5476,d50644c4bd6c0243bf545923435bc7f3.jpg,0,3,true,detail|플리츠|silhouette|X라인|lower_fit|플레어핏,4.12,1,train,true
fashionpedia,train2020,5478,404b0d1b58a1af0841e1e46f975118eb.jpg,0,3,true,lower_fit|슬림핏|category|셔츠|silhouette|H라인|lower_fit|스트레이트핏|collar|피터팬 칼라|lower_length|무릎 기장,25.651,2,train,true
fashionpedia,train2020,5482,1464498e6aa6406d5467ab4a06ade426.jpg,0,3,true,pattern|체크|category|셔츠|lower_fit|와이드핏|category|재킷|collar|셔츠 칼라|collar|라펠 칼라,11.393,3,train,true
fashionpedia,train2020,5509,5b1a8caa38702e7f1dd0f8be5ffde036.jpg,0,3,true,collar|스탠드 칼라,5.388,3,train,true
fashionpedia,train2020,5514,46595ad2392701cea821421432fd858c.jpg,0,3,true,detail|플리츠|sleeve_shape|캡 소매,2.766,2,train,true
fashionpedia,train2020,5517,e6d1239b7f5fe405d8fcafa41c5cfc24.jpg,0,3,true,category|쇼츠|collar|스탠드 칼라,6.548,3,train,true
fashionpedia,train2020,5533,cf8d0a2d61645d7b90c358128a8b691a.jpg,0,3,true,pattern|체크|detail|프릴·러플,2.689,1,train,true
fashionpedia,train2020,5535,175671efa55274586ce37879f0f4200e.jpg,0,3,true,detail|리본|silhouette|비대칭,2.803,1,train,true
fashionpedia,train2020,5538,87e683e7c4e07e1d32f49ca55b96e488.jpg,0,3,true,upper_fit|오버핏,6.4,2,train,true
fashionpedia,train2020,5542,9dfefa1912600535f61f900cc2f6fd32.jpg,0,3,true,pattern|스트라이프|detail|리본|silhouette|A라인,4.291,2,train,true
fashionpedia,train2020,5550,ec93d53ee295dd61dd4ae1d4c3810194.jpg,0,3,true,upper_fit|오버핏,6.4,2,train,true
fashionpedia,train2020,5585,cf34a3cdb197d23847342f22b6457050.jpg,0,3,true,lower_fit|와이드핏|lower_fit|스트레이트핏|lower_length|무릎 기장|silhouette|비대칭|pattern|플로럴,14.409,2,train,true
fashionpedia,train2020,5598,a5d816292fd49547c764e82146563e1e.jpg,0,3,true,detail|플리츠|silhouette|X라인|lower_fit|플레어핏,4.12,1,train,true
fashionpedia,train2020,5600,2a8c8e352f0bcb8e513293ae5a33a3ff.jpg,0,3,true,silhouette|A라인|silhouette|비대칭|pattern|플로럴,4.005,1,train,true
fashionpedia,train2020,5610,df179e2c7e03c52a165d6df2ab27f146.jpg,0,3,true,pattern|스트라이프|silhouette|O라인,19.362,1,train,true
fashionpedia,train2020,5614,5e14014906d4a6d551e39ea53d7f081d.jpg,0,3,true,neckline|홀터넥|detail|플리츠,6.148,1,train,true
fashionpedia,train2020,5617,9c12031f355e60a967466fe64370edfd.jpg,0,3,true,category|코트|material|퍼·플리스|neckline|라운드넥|lower_length|무릎 기장|silhouette|A라인,9.843,2,train,true
fashionpedia,train2020,5626,db1379c9ff31a2f4503dc20e47aff7fd.jpg,0,3,true,pattern|스트라이프|neckline|보트넥|detail|리본,4.218,2,train,true
fashionpedia,train2020,5629,32d88229a724654650e1b5301d8f1cb8.jpg,0,3,true,pattern|스트라이프|neckline|보트넥|silhouette|A라인,4.178,1,train,true
fashionpedia,train2020,5644,58ea3acce34499ab91a4c62e97adc9d1.jpg,0,3,true,pattern|스트라이프|neckline|보트넥,2.733,1,train,true
fashionpedia,train2020,5663,f80b5628cfc78f33a264b0a4f312d3bd.jpg,0,3,true,upper_fit|오버핏,6.4,1,train,true
fashionpedia,train2020,5666,efa5e5fcb23665fe346397fd8830872e.jpg,0,3,true,pattern|스트라이프|neckline|라운드넥|upper_fit|오버핏,9.06,1,train,true
fashionpedia,train2020,5669,ead99bb02a21559b68648ebd55089310.jpg,0,3,true,neckline|보트넥|sleeve_shape|캡 소매,2.642,1,train,true
fashionpedia,train2020,5685,34f43904bf8bfae8d6615f4927cff22c.jpg,0,3,true,upper_fit|오버핏,6.4,2,train,true
fashionpedia,train2020,5709,c74e112a4ac66f54b1925c48ce29178b.jpg,0,3,true,upper_fit|오버핏,6.4,2,train,true
fashionpedia,train2020,5734,aec9a53cb61abeaf9d777f27a3f74a4f.jpg,0,3,true,lower_length|미디·7부 기장|lower_fit|와이드핏|detail|플리츠,7.717,2,train,true
fashionpedia,train2020,5735,9cdb2a4abab4b3f1a9d3241c4ba44077.jpg,0,3,true,pattern|체크|neckline|라운드넥|lower_length|미디·7부 기장|lower_fit|와이드핏,8.814,2,train,true
fashionpedia,train2020,5761,4c2f79391e016f5772d08308cced5451.jpg,0,3,true,detail|리본|silhouette|비대칭,2.803,2,train,true
fashionpedia,train2020,5763,126adca271a4c952eee10f1512e10b2d.jpg,0,3,true,silhouette|비대칭|category|니트,2.676,3,train,true
fashionpedia,train2020,5776,90925f68d6d6f50f6db5bd339ec09bf4.jpg,0,3,true,neckline|보트넥|detail|리본,2.856,2,train,true
fashionpedia,train2020,5795,c35efe558371bda4db44c66cbcf86d39.jpg,0,3,true,detail|리본|detail|플리츠,2.979,1,train,true
fashionpedia,train2020,5798,fd606458ca4b3179052d149763582355.jpg,0,3,true,pattern|체크|detail|플리츠|neckline|V넥,4.014,2,train,true
fashionpedia,train2020,5802,994301cab785875cf4c2b059d52024e9.jpg,0,3,true,lower_length|미디·7부 기장|pattern|도트|collar|셔츠 칼라,7.919,2,train,true
fashionpedia,train2020,5815,078027951da8b9624b0e60316ed30df6.jpg,0,3,true,pattern|스트라이프|upper_fit|오버핏,7.762,2,train,true
fashionpedia,train2020,5826,f0505724c9334891258f5ba6b146c21c.jpg,0,3,true,silhouette|A라인|neckline|스퀘어넥,7.416,1,train,true
fashionpedia,train2020,5849,c2931c0c7093eb1e10fbdf2eec352081.jpg,0,3,true,detail|프릴·러플|neckline|V넥,2.62,2,train,true
fashionpedia,train2020,5854,2bc2e6cfd94e8e98565b8f56b08eadb5.jpg,0,3,true,upper_fit|오버핏,6.4,2,train,true
fashionpedia,train2020,5856,a6e8901555b171acc357e0591943f863.jpg,0,3,true,neckline|보트넥|lower_fit|와이드핏,6.319,2,train,true
fashionpedia,train2020,5863,babc5224d890e0c9042f9dadf0397901.jpg,0,3,true,detail|프릴·러플|neckline|V넥,2.62,3,train,true
fashionpedia,train2020,5871,357f9e8e9b38b3527f3be84dbc6e7b8a.jpg,0,3,true,lower_length|미디·7부 기장|lower_fit|와이드핏|silhouette|A라인,7.666,2,train,true
fashionpedia,train2020,5873,fa5ae8a54a13c83f31db9e0e61c96cd3.jpg,0,3,true,neckline|보트넥|detail|플리츠|pattern|플로럴,4.108,1,train,true
fashionpedia,train2020,5900,f935dbdc59433e82bd8ae0f86d33f5a5.jpg,0,3,true,upper_fit|오버핏|collar|라펠 칼라,7.64,2,train,true
fashionpedia,train2020,5952,419e2cbb79d2b79bea695933322ab61e.jpg,0,3,true,category|코트|lower_fit|스트레이트핏|lower_length|무릎 기장|collar|스탠드 칼라,9.64,3,train,true
fashionpedia,train2020,5975,a5fa54bf65577440991f65a9eeebce2f.jpg,0,3,true,neckline|보트넥|collar|스탠드 칼라,6.759,3,train,true
fashionpedia,train2020,5976,647fbfc350ef396a95a44813ba6b0bb1.jpg,0,3,true,pattern|체크|sleeve_shape|캡 소매,2.565,2,train,true
fashionpedia,train2020,5981,df33236b18ef0e346e1628cd47e5dbcf.jpg,0,3,true,sleeve_shape|벌룬 소매|lower_length|미디·7부 기장|lower_length|무릎 기장|silhouette|A라인|collar|셔츠 칼라,11.118,1,train,true
fashionpedia,train2020,6002,7631da9238947390440ab74c4bb098f7.jpg,0,3,true,category|쇼츠|pattern|도트,2.488,2,train,true
fashionpedia,train2020,6014,28b8ebe326d0e2d3e338e1e2aa3ad97c.jpg,0,3,true,lower_length|미디·7부 기장|lower_fit|와이드핏|lower_fit|스트레이트핏|detail|플리츠|pattern|플로럴,10.449,2,train,true
fashionpedia,train2020,6027,1399e60f478e54dcef9467d47f4d0b70.jpg,0,3,true,silhouette|X라인|detail|플리츠|pattern|플로럴|lower_fit|플레어핏,5.361,1,train,true
fashionpedia,train2020,6031,7c93d18e448359bc929e328f7c21dceb.jpg,0,3,true,pattern|그래픽|detail|리본,2.891,1,train,true
fashionpedia,train2020,6059,6d6d4509436f6a7a0b9612bf5907ba7e.jpg,0,3,true,neckline|보트넥|silhouette|A라인|pattern|플로럴,4.058,2,train,true
fashionpedia,train2020,6098,00d34307d278fc5cf1bda783fe5bdbbc.jpg,0,3,true,neckline|V넥|silhouette|비대칭,2.544,1,train,true
fashionpedia,train2020,6111,0e3dd7663468e639ef21b643da319cf0.jpg,0,3,true,pattern|스트라이프|sleeve_length|7부 소매|category|가디건,7.963,3,train,true
fashionpedia,train2020,6118,ccefc3e918ede900a5ca7196bceaf152.jpg,0,3,true,pattern|스트라이프|detail|플리츠|sleeve_shape|캡 소매,4.128,2,train,true
fashionpedia,train2020,6130,80057229f0018766cb68d3b0157ce2e9.jpg,0,3,true,pattern|스트라이프|neckline|보트넥|silhouette|A라인,4.178,1,train,true
fashionpedia,train2020,6158,9c2aefd20683a5c929c1fb80af87f665.jpg,0,3,true,silhouette|A라인|neckline|V넥|pattern|도트,3.997,1,train,true
fashionpedia,train2020,6162,28a06016a470688f38be2a7aaab1cb85.jpg,0,3,true,category|코트|detail|리본,2.794,3,train,true
fashionpedia,train2020,6165,e02678c040f0c0c085b5bc08993c7548.jpg,0,3,true,detail|스팽글,5.725,2,train,true
fashionpedia,train2020,6175,fd4eb64e7f0ca587d908435fb95b2909.jpg,0,3,true,category|셔츠|lower_fit|와이드핏|upper_fit|여유핏|category|가디건,12.978,3,train,true
fashionpedia,train2020,6178,81af6ad5b7a91ebd16906f0269c02796.jpg,0,3,true,detail|플리츠|silhouette|X라인|lower_fit|플레어핏,4.12,1,train,true
fashionpedia,train2020,6188,d9e24f28e888b0f59d09412327064630.jpg,0,3,true,neckline|라운드넥|sleeve_length|7부 소매|lower_length|미디·7부 기장|lower_length|무릎 기장|silhouette|X라인|lower_fit|플레어핏,11.855,1,train,true
fashionpedia,train2020,6199,b21a3ccc8dca9b99475d375acd08757c.jpg,0,3,true,neckline|V넥|collar|스탠드 칼라,6.612,3,train,true
fashionpedia,train2020,6210,f8393e39695fd28419f03b44d8dd2f95.jpg,0,3,true,detail|플리츠|neckline|V넥|sleeve_shape|캡 소매,3.991,2,train,true
fashionpedia,train2020,6220,abd3806ec0d25392d48d7d604fdf8ad6.jpg,0,3,true,detail|리본|detail|플리츠,2.979,2,train,true
fashionpedia,train2020,6223,ad7bfa0ba856a378f0c84873df0a7af2.jpg,0,3,true,pattern|스트라이프|upper_fit|오버핏|neckline|V넥,8.987,1,train,true
fashionpedia,train2020,6250,c73c438f142b8c1e1704c4262950706a.jpg,0,3,true,neckline|보트넥|category|베스트|collar|라펠 칼라,8.446,4,train,true
fashionpedia,train2020,6256,f7d48a72c1db6d1ec5100eabf21d65d6.jpg,0,3,true,pattern|스트라이프|detail|리본,2.846,2,train,true
fashionpedia,train2020,6261,8e63d09edf329991d5def4faa40653e1.jpg,0,3,true,neckline|보트넥|detail|플리츠,2.866,1,train,true
fashionpedia,train2020,6271,a62dd2ea001e7e6f46d1027d98683e19.jpg,0,3,true,sleeve_shape|벌룬 소매,5.614,1,train,true
fashionpedia,train2020,6275,41d6efca09e78a7884cb9d9ba117ee69.jpg,0,3,true,detail|후드|upper_fit|여유핏|category|재킷|silhouette|비대칭,13.433,2,train,true
fashionpedia,train2020,6288,bec16ced3820445c62a58ec9ea809a97.jpg,0,3,true,lower_length|미디·7부 기장|lower_fit|와이드핏,6.222,2,train,true
fashionpedia,train2020,6295,bab4b1271c2933027a87959d7824e5f6.jpg,0,3,true,lower_length|무릎 기장|detail|플리츠|pattern|도트,8.259,1,train,true
fashionpedia,train2020,6304,9dfa77a20a0de65a2fef1b31c6937a52.jpg,0,3,true,pattern|스트라이프|detail|프릴·러플,2.757,1,train,true
fashionpedia,train2020,6317,0f06c01eacfc7703c360767305f19daa.jpg,0,3,true,silhouette|X라인|neckline|V넥|pattern|플로럴|lower_fit|플레어핏,5.091,1,train,true
fashionpedia,train2020,6368,6b415dbf362a665f73aaa3860e0d33cf.jpg,0,3,true,silhouette|A라인|detail|플리츠|silhouette|X라인|lower_fit|플레어핏,5.564,1,train,true
fashionpedia,train2020,6380,f8fdf05663173fa7dc689333e3f21f23.jpg,0,3,true,detail|플리츠|silhouette|X라인|lower_fit|플레어핏,4.12,1,train,true
fashionpedia,train2020,6392,da81a4e8cec1180e0ee9618ce8275ffc.jpg,0,3,true,category|점프수트|lower_fit|와이드핏|pattern|플로럴,10.725,1,train,true
fashionpedia,train2020,6409,9e2b1006d14a5d89ee8c22b05f7ecf87.jpg,0,3,true,detail|리본|silhouette|A라인|pattern|플로럴,4.171,2,train,true
fashionpedia,train2020,6414,8fd927f1d457565f7907742f16ee123e.jpg,0,3,true,neckline|홀터넥|pattern|플로럴,5.895,1,train,true
fashionpedia,train2020,6428,3f635eac85efaa380477e45e64d98897.jpg,0,3,true,silhouette|비대칭|sleeve_shape|캡 소매,2.59,2,train,true
fashionpedia,train2020,6437,5da341aa90229e64e126e9f392b323f3.jpg,0,3,true,upper_fit|오버핏|collar|셔츠 칼라|pattern|플로럴,8.975,1,train,true
fashionpedia,train2020,6443,db7bc97b5b0e65bf6ca9db30fef12426.jpg,0,3,true,neckline|라운드넥|lower_length|무릎 기장|pattern|도트,8.062,1,train,true
fashionpedia,train2020,6464,f42ce58eaa61c10c35f16639cf07ed2a.jpg,0,3,true,silhouette|비대칭|pattern|도트,2.647,1,train,true
fashionpedia,train2020,6466,e57f93b3ddbf646f18b93250602dae48.jpg,0,3,true,pattern|스트라이프|silhouette|A라인|silhouette|비대칭|pattern|플로럴,5.367,1,train,true
fashionpedia,train2020,6474,6da03c3dbb265a8df36498dd6b6eeed7.jpg,0,3,true,detail|프릴·러플|detail|플리츠,2.89,1,train,true
fashionpedia,train2020,6486,56bf507186dbb1b2bb4475e42c241db4.jpg,0,3,true,lower_length|미디·7부 기장|silhouette|A라인|detail|플리츠|silhouette|비대칭,5.533,1,train,true
fashionpedia,train2020,6492,f0217f2db299317b60ebfcf531ef183f.jpg,0,3,true,category|코트|pattern|스트라이프|silhouette|A라인,4.116,2,train,true
fashionpedia,train2020,6505,6fbf53bf63057c0c31a77e27e857e30c.jpg,0,3,true,neckline|홀터넥|detail|플리츠,6.148,1,train,true
fashionpedia,train2020,6531,a0a197f3950631c903916bb33fd108d6.jpg,0,3,true,category|쇼츠|collar|스탠드 칼라,6.548,2,train,true
fashionpedia,train2020,6551,f36d40c7c4f06208025205268f16b10c.jpg,0,3,true,sleeve_length|7부 소매|lower_fit|와이드핏|pattern|플로럴,7.619,2,train,true
fashionpedia,train2020,6554,a7ce6c4224e7e69d6a238279ac6c5963.jpg,0,3,true,category|셔츠|silhouette|H라인|lower_fit|스트레이트핏|category|재킷|silhouette|비대칭|collar|셔츠 칼라|collar|라펠 칼라,13.169,3,train,true
fashionpedia,train2020,6562,de76e740130439ac79caab072e442930.jpg,0,3,true,pattern|체크|detail|플리츠,2.789,1,train,true
fashionpedia,train2020,6564,c612452ba8ace24fc167fe2a7c706894.jpg,0,3,true,collar|셔츠 칼라|sleeve_shape|래글런 소매|neckline|라운드넥|upper_fit|여유핏|category|재킷,12.28,3,train,true
fashionpedia,train2020,6578,0a3b600daae0ef6867921ab0c51c5eba.jpg,0,3,true,sleeve_length|7부 소매|lower_fit|와이드핏|detail|플리츠,7.872,2,train,true
fashionpedia,train2020,6588,9a3f9e20337123e77e1adc8861afb62f.jpg,0,3,true,category|코트|lower_length|무릎 기장|collar|스탠드 칼라,8.149,2,train,true
fashionpedia,train2020,6625,ec9f4ff9c3acdc2d86e8013b4e3bfb17.jpg,0,3,true,silhouette|비대칭|sleeve_shape|캡 소매,2.59,2,train,true
fashionpedia,train2020,6638,d368f143dc6453f4a5b8a19167a4c2c0.jpg,0,3,true,neckline|보트넥|lower_fit|플레어핏,2.63,1,train,true
fashionpedia,train2020,6659,988db34b42a42ef769b164c85706e6e8.jpg,0,3,true,neckline|스퀘어넥,5.972,2,train,true
fashionpedia,train2020,6660,4343deaeedc3e7bcf50892a8a4053a7c.jpg,0,3,true,lower_fit|슬림핏|category|재킷|silhouette|비대칭|collar|스탠드 칼라,13.091,3,train,true
fashionpedia,train2020,6685,67f15e7e7c3dcbcb16d7c0f2c2174703.jpg,0,3,true,detail|프릴·러플|lower_length|무릎 기장|pattern|플로럴|pattern|도트,9.401,1,train,true
fashionpedia,train2020,6690,040ff69672e735eba3a4a52ea0d516fa.jpg,0,3,true,neckline|보트넥|lower_fit|와이드핏,6.319,2,train,true
fashionpedia,train2020,6692,9982fa446d39f45dc60750802368f83c.jpg,0,3,true,category|코트|lower_length|무릎 기장|pattern|도트|collar|라펠 칼라,9.313,3,train,true
fashionpedia,train2020,6697,db0891d16b1ebfa5e0489f1ee39fbb22.jpg,0,3,true,category|쇼츠|neckline|라운드넥|lower_length|무릎 기장|upper_fit|여유핏|category|재킷|collar|스탠드 칼라,12.187,4,train,true
fashionpedia,train2020,6710,1caf743483805f273211adf3cb6f9ffb.jpg,0,3,true,neckline|스퀘어넥,5.972,1,train,true
fashionpedia,train2020,6718,64f7c6c676757a0ccf4f05b3920dd1c7.jpg,0,3,true,detail|플리츠|silhouette|비대칭,2.814,1,train,true
fashionpedia,train2020,6720,6ee6f2d47970aecee2524066acf3a35f.jpg,0,3,true,neckline|라운드넥|upper_fit|오버핏|lower_length|미디·7부 기장|lower_length|무릎 기장|category|재킷|collar|라펠 칼라,12.968,2,train,true
fashionpedia,train2020,6733,0da6d6a47b6098a4ee11f42f36ff289b.jpg,0,3,true,category|코트|pattern|체크|silhouette|A라인,4.048,2,train,true
fashionpedia,train2020,6748,cddc6e2e471f744616d615bfc548831b.jpg,0,3,true,category|코트|pattern|체크|material|퍼·플리스|collar|라펠 칼라,8.182,1,train,true
fashionpedia,train2020,6755,2e308f3234e4aa89058e28a4752e1426.jpg,0,3,true,pattern|스트라이프|collar|스탠드 칼라,6.749,2,train,true
fashionpedia,train2020,6762,0b36c8ce1687092e744bd8b7b3fca6de.jpg,0,3,true,detail|리본|silhouette|A라인|detail|플리츠,4.424,1,train,true
fashionpedia,train2020,6767,5a2ad20e48533a1612448d1c07493639.jpg,0,3,true,lower_fit|와이드핏,4.948,2,train,true
fashionpedia,train2020,6771,9423c31335ab7e230d0e76cbc1bc7e6a.jpg,0,3,true,category|셔츠|silhouette|H라인|category|베스트|collar|셔츠 칼라|lower_fit|슬림핏|lower_fit|스트레이트핏|category|재킷|collar|라펠 칼라,14.851,4,train,true
fashionpedia,train2020,6778,42c8ce5a017d42838b7825a9ade547d9.jpg,0,3,true,category|코트|pattern|체크|silhouette|A라인,4.048,3,train,true
fashionpedia,train2020,6779,ec5b8710a1893c5c3bac17a109ceb939.jpg,0,3,true,sleeve_shape|벌룬 소매,5.614,1,train,true
fashionpedia,train2020,6802,215631b4a0609666c8f537acc685bb9b.jpg,0,3,true,upper_fit|오버핏,6.4,2,train,true
fashionpedia,train2020,6812,3a89ffa021973f2fe0209ec26e008565.jpg,1,3,true,lower_fit|와이드핏|category|재킷|collar|스탠드 칼라,11.639,3,train,true
fashionpedia,train2020,6820,4f5ca9022607c528e4e66e6eed0f5a29.jpg,1,3,true,sleeve_length|7부 소매|neckline|보트넥|lower_fit|와이드핏|lower_length|무릎 기장|silhouette|A라인|upper_fit|여유핏,12.231,3,train,true
fashionpedia,train2020,6834,3e0f28122538e618e083836de79bbcd9.jpg,1,3,true,detail|플리츠|silhouette|비대칭,2.814,2,train,true
fashionpedia,train2020,6838,b8c0e579d75bbe956cbd15420451bd16.jpg,1,3,true,silhouette|X라인|neckline|V넥|pattern|플로럴|lower_fit|플레어핏,5.091,1,train,true
fashionpedia,train2020,6864,ab410f9d6edb12b008c21d3b40b1c739.jpg,1,3,true,neckline|라운드넥|sleeve_length|7부 소매|lower_fit|와이드핏|upper_fit|여유핏|silhouette|비대칭,14.537,2,train,true
fashionpedia,train2020,6866,a3220fdd3fc95646d1e4a2dda7a18ca1.jpg,1,3,true,sleeve_shape|벌룬 소매|neckline|라운드넥|lower_length|미디·7부 기장|pattern|플로럴,9.428,2,train,true
fashionpedia,train2020,6906,196a1df0cab0d2144dc18bab89bb6eab.jpg,1,3,true,neckline|스퀘어넥|detail|플리츠,7.467,1,train,true
fashionpedia,train2020,6914,442c1e7957a92bf439ba9e9d4320b081.jpg,1,3,true,pattern|스트라이프|silhouette|비대칭,2.681,3,train,true
fashionpedia,train2020,6916,f9d29e7203aef08e945e3536f7462f0c.jpg,1,3,true,detail|리본|sleeve_shape|캡 소매,2.755,2,train,true
fashionpedia,train2020,6918,25a415bd9c60f1d02475b098a08369b9.jpg,1,3,true,category|점프수트|silhouette|A라인,5.98,1,train,true
fashionpedia,train2020,6921,9fafd0a2c5d6d9c132b6f2be6067b94a.jpg,1,3,true,pattern|스트라이프|detail|프릴·러플|detail|플리츠,4.252,1,train,true
fashionpedia,train2020,6960,e0a60598746862009fc46aa17100e6e4.jpg,1,3,true,neckline|보트넥|silhouette|A라인|pattern|플로럴,4.058,1,train,true
fashionpedia,train2020,6965,93681a2753102877817f89dd16e8087d.jpg,1,3,true,category|코트|pattern|스트라이프|silhouette|A라인,4.116,2,train,true
fashionpedia,train2020,6969,e6febb80ab20d995ca270abb8b5b1ac7.jpg,1,3,true,silhouette|A라인|detail|플리츠|pattern|플로럴,4.181,1,train,true
fashionpedia,train2020,6972,788fee8d484f37de184d6c47eacf7856.jpg,1,3,true,category|셔츠|pattern|스트라이프|lower_length|무릎 기장|collar|셔츠 칼라|collar|스탠드 칼라,10.81,3,train,true
fashionpedia,train2020,6979,f7c494c4afda366245ffcb2151676bfa.jpg,1,3,true,neckline|라운드넥|upper_fit|오버핏|lower_length|무릎 기장|silhouette|A라인,10.595,1,train,true
fashionpedia,train2020,6980,fc27f25e9e78b96f8589966f091b2292.jpg,1,3,true,category|쇼츠|pattern|플로럴|collar|스탠드 칼라,7.79,2,train,true
fashionpedia,train2020,6991,1907936477f610e19e0bf54556f123e8.jpg,1,3,true,detail|플리츠|category|니트,2.852,2,train,true
fashionpedia,train2020,6997,439c3a0effed47729020c3f19b696c73.jpg,1,3,true,detail|프릴·러플|detail|플리츠,2.89,2,train,true
fashionpedia,train2020,7021,671f097dd53207a7666640272d83efca.jpg,1,3,true,lower_length|미디·7부 기장|silhouette|A라인|detail|플리츠|silhouette|비대칭,5.533,2,train,true
fashionpedia,train2020,7031,92e207e58386311efc2f610860fecc91.jpg,1,3,true,lower_fit|와이드핏,4.948,2,train,true
fashionpedia,train2020,7032,dbafe8750d6bc96303475113ff71a7e7.jpg,1,3,true,neckline|보트넥|silhouette|A라인|pattern|플로럴,4.058,1,train,true
fashionpedia,train2020,7053,78c134cbee983b000a1ce396c04393be.jpg,1,3,true,detail|스팽글|pattern|플로럴,6.967,1,train,true
fashionpedia,train2020,7070,a6d0f6fd711e7dec9fd511e9f1cca06f.jpg,1,3,true,collar|칼라 없음,5.641,1,train,true
fashionpedia,train2020,7075,2753906a8c7b38a4504af7102bcf8ad5.jpg,1,3,true,neckline|보트넥|silhouette|비대칭,2.691,2,train,true
fashionpedia,train2020,7086,9cfbdfb7bb5cdbb8d26eeadadc927e1a.jpg,1,3,true,category|코트|detail|리본,2.794,1,train,true
fashionpedia,train2020,7092,f2b9d5dc127dddd36b113f2719d89a97.jpg,1,3,true,detail|스팽글,5.725,1,train,true
fashionpedia,train2020,7140,5a8fcbde3a59fc6dfc8ac3a58a9b7a6a.jpg,1,3,true,neckline|보트넥|detail|리본,2.856,1,train,true
fashionpedia,train2020,7143,cdfa0cf2f44c8c176a4c65773fa3e5e5.jpg,1,3,true,neckline|스퀘어넥|category|쇼츠,7.132,3,train,true
fashionpedia,train2020,7157,a0401dbddc98de9f2e5f907148120b82.jpg,1,3,true,neckline|홀터넥|silhouette|A라인,6.098,1,train,true
fashionpedia,train2020,7180,b14d0e7abc66f986c37389845b6d13b3.jpg,1,3,true,neckline|스퀘어넥,5.972,1,train,true
fashionpedia,train2020,7207,032ac5cd888fbf10b8cb508b081392d1.jpg,1,3,true,silhouette|H라인|lower_fit|스트레이트핏|lower_length|무릎 기장|neckline|터틀넥|silhouette|비대칭,14.528,2,train,true
fashionpedia,train2020,7213,842f76683e799b685a5bf0b25b88a209.jpg,1,3,true,silhouette|A라인|collar|스탠드 칼라,6.832,2,train,true
fashionpedia,train2020,7217,0702bb4cd287b25002a4fb075fd1f71c.jpg,1,3,true,category|코트|collar|스탠드 칼라,6.697,4,train,true
fashionpedia,train2020,7235,e583fcda1e2b3ba1012fea3b22d9ee85.jpg,1,3,true,neckline|라운드넥|upper_fit|오버핏|lower_length|무릎 기장,9.15,2,train,true
fashionpedia,train2020,7252,3e33ab76827dececf38961624f011c08.jpg,1,3,true,category|쇼츠|neckline|라운드넥|detail|후드|collar|라펠 칼라,8.966,3,train,true
fashionpedia,train2020,7256,7fac6adb5f6910f60d4de85479b9cb2e.jpg,1,3,true,sleeve_length|7부 소매|silhouette|A라인|collar|스탠드 칼라,8.262,2,train,true
fashionpedia,train2020,7280,fdf2d289b61cfcf521d5873c67a60be9.jpg,1,3,true,neckline|보트넥|silhouette|비대칭,2.691,1,train,true
fashionpedia,train2020,7286,56adc0773264d741cfd8f2a6d22464ff.jpg,1,3,true,category|코트|category|셔츠|detail|후드|category|재킷|collar|셔츠 칼라|collar|라펠 칼라,11.729,4,train,true
fashionpedia,train2020,7291,75ec25bfceb1074b77bbf2ffb6fc0b0d.jpg,1,3,true,detail|스팽글|lower_length|무릎 기장|collar|셔츠 칼라,8.511,2,train,true
fashionpedia,train2020,7298,683eb8d2e454b03e939f92c453a700d9.jpg,1,3,true,detail|프릴·러플|detail|플리츠,2.89,2,train,true
fashionpedia,train2020,7300,670cf8fe1f1affa635a0a91dc051f351.jpg,1,3,true,category|코트|detail|후드|collar|셔츠 칼라,7.911,2,train,true
fashionpedia,train2020,7334,38e5d1dbde1a6ee68b63602fb4457286.jpg,1,3,true,pattern|스트라이프|detail|플리츠,2.857,3,train,true
fashionpedia,train2020,7342,395becf91514725f53543dbb61c89edd.jpg,1,3,true,pattern|체크|lower_fit|와이드핏|collar|셔츠 칼라,7.575,2,train,true
fashionpedia,train2020,7355,3272157966409f118bf3d4ca2e74b392.jpg,1,3,true,detail|프릴·러플|detail|플리츠|silhouette|X라인|lower_fit|플레어핏,5.514,1,train,true
fashionpedia,train2020,7364,65172f113798eaf458f16017e8e48fae.jpg,1,3,true,neckline|라운드넥|silhouette|A라인|pattern|도트,8.054,1,train,true
fashionpedia,train2020,7376,04f4552c12ffb14767ab191bf39b7c82.jpg,1,3,true,silhouette|A라인|detail|플리츠|silhouette|비대칭,4.258,1,train,true
fashionpedia,train2020,7408,647c86713e9152e91bdef979d8f756b1.jpg,1,3,true,neckline|보트넥|silhouette|A라인|pattern|플로럴,4.058,1,train,true
fashionpedia,train2020,7411,d9aae69a8f1010ef8295f70c91c98bc9.jpg,1,3,true,silhouette|A라인|detail|플리츠|pattern|플로럴,4.181,2,train,true
fashionpedia,train2020,7432,4972bdfa010fedba5432de520362fa7b.jpg,1,3,true,detail|프릴·러플|detail|플리츠,2.89,1,train,true
fashionpedia,train2020,7463,41bba18cbe417a5de4e6b6490286a682.jpg,1,3,true,sleeve_length|7부 소매|lower_length|미디·7부 기장|lower_length|무릎 기장|pattern|플로럴|collar|스탠드 칼라,10.786,1,train,true
fashionpedia,train2020,7471,f37dc8c379d3682cf3e5b911930fd880.jpg,1,3,true,neckline|홀터넥,4.653,2,train,true
fashionpedia,train2020,7490,db4216d0ba910a367b50360ff3bb085b.jpg,1,3,true,detail|프릴·러플|silhouette|A라인|detail|플리츠,4.334,1,train,true
fashionpedia,train2020,7493,4417c78a5342f6abe5d5f720f1b07cd5.jpg,1,3,true,detail|프릴·러플|silhouette|A라인|pattern|플로럴,4.081,1,train,true
fashionpedia,train2020,7538,c030cb2672df2da677f80c46db680dd5.jpg,1,3,true,upper_fit|오버핏|collar|라펠 칼라,7.64,3,train,true
fashionpedia,train2020,7563,d900f6f7c9837488eae4103500436b83.jpg,1,3,true,detail|프릴·러플|detail|플리츠,2.89,1,train,true
fashionpedia,train2020,7564,a40d3ce50742a377ca07e43994b067e4.jpg,1,3,true,category|셔츠|collar|셔츠 칼라|lower_length|무릎 기장|upper_fit|여유핏|sleeve_shape|캡 소매|lower_fit|플레어핏,15.764,2,train,true
fashionpedia,train2020,7582,7bb86194eb9ed465c0e7fd5ab4be3406.jpg,1,3,true,silhouette|X라인|detail|프릴·러플|pattern|플로럴|lower_fit|플레어핏,5.261,1,train,true
fashionpedia,train2020,7611,20b3eada800ae5d69e079fde18218c7d.jpg,1,3,true,pattern|애니멀,4.8,1,train,true
fashionpedia,train2020,7630,89df2545e2b6661907a2026d0d7e68f9.jpg,1,3,true,silhouette|A라인|neckline|터틀넥,6.502,1,train,true
fashionpedia,train2020,7636,f5072276faee8d0385236b2937d48a33.jpg,1,3,true,silhouette|A라인|detail|스팽글,7.169,1,train,true
fashionpedia,train2020,7677,d643d3ad5d35c866d569ac573bb6ab4f.jpg,1,3,true,detail|스팽글,5.725,1,train,true
fashionpedia,train2020,7678,528ff5a3027c55ac579f626ef26d544a.jpg,1,3,true,collar|셔츠 칼라|collar|스탠드 칼라,6.721,3,train,true
fashionpedia,train2020,7681,210192a18312067f034adb50d85bc042.jpg,1,3,true,lower_fit|슬림핏|sleeve_length|7부 소매|category|재킷|silhouette|비대칭|collar|스탠드 칼라,14.521,3,train,true
fashionpedia,train2020,7686,c117da2541232ccb881e9ea39b385e9f.jpg,1,3,true,neckline|보트넥|pattern|플로럴|lower_fit|플레어핏,3.872,2,train,true
fashionpedia,train2020,7701,43dadb6cbf730b24983bfd0b4a5d8cab.jpg,1,3,true,neckline|라운드넥|upper_fit|오버핏|lower_length|무릎 기장,9.15,1,train,true
fashionpedia,train2020,7713,f37c350511e6a7c29f389b1725d3d883.jpg,1,3,true,neckline|라운드넥|upper_fit|오버핏|lower_length|무릎 기장,9.15,1,train,true
fashionpedia,train2020,7735,9826a2524ce1f0cc7916364bec152b77.jpg,1,3,true,detail|프릴·러플|neckline|V넥,2.62,1,train,true
fashionpedia,train2020,7759,6d05a66d3bc674e9c84bf379c61b4391.jpg,1,3,true,category|코트|pattern|스트라이프|silhouette|A라인,4.116,3,train,true
fashionpedia,train2020,7776,a8f98824068b327b4172cbeaf48757f3.jpg,1,3,true,lower_fit|와이드핏|lower_fit|스트레이트핏|category|점프수트,10.974,1,train,true
fashionpedia,train2020,7792,8bffa7f94ca82e4cabd8f339080b08bb.jpg,1,3,true,neckline|보트넥|detail|리본,2.856,1,train,true
fashionpedia,train2020,7803,c8990bf96b773405c9d08779f08c2fb6.jpg,1,3,true,silhouette|A라인|detail|플리츠|pattern|플로럴,4.181,2,train,true
fashionpedia,train2020,7804,be01fd9a8272ad05554fb2219a34f115.jpg,1,3,true,sleeve_shape|벌룬 소매|category|코트|lower_fit|스트레이트핏|upper_fit|여유핏|collar|셔츠 칼라,11.332,2,train,true
fashionpedia,train2020,7813,a9ca3fb4d7cee78698d5f07e3fdf7d55.jpg,1,3,true,upper_fit|오버핏|detail|플리츠|collar|셔츠 칼라,9.228,2,train,true
fashionpedia,train2020,7836,1b60689c9a8e4ae0b2f74bd70f33658a.jpg,1,3,true,category|베스트,5.835,2,train,true
fashionpedia,train2020,7847,c6f90809519b475ffa4e7729c7a816e9.jpg,1,3,true,upper_fit|오버핏,6.4,1,train,true
fashionpedia,train2020,7849,80e33b6383ca71d593697f2644c3f758.jpg,1,3,true,lower_length|미디·7부 기장|lower_length|무릎 기장|neckline|V넥|pattern|도트,9.264,1,train,true
fashionpedia,train2020,7853,643b05467b60cadd6ab894af4906451b.jpg,1,3,true,lower_fit|슬림핏|collar|폴로 칼라,13.487,2,train,true
fashionpedia,train2020,7897,e732db1217e3ea98cee0a24bfce570dc.jpg,1,3,true,category|쇼츠|neckline|보트넥,2.532,2,train,true
fashionpedia,train2020,7900,6aacbaae50b811f692dab294cff5786a.jpg,1,3,true,upper_fit|오버핏,6.4,2,train,true
fashionpedia,train2020,7901,8c43ccca40edbb17872639bc1673054d.jpg,1,3,true,category|코트|neckline|라운드넥|upper_fit|오버핏|lower_length|미디·7부 기장|lower_length|무릎 기장,11.734,2,train,true
fashionpedia,train2020,7907,a9f2abad9eb50df6bab50294c974d2f2.jpg,1,3,true,category|쇼츠|detail|프릴·러플|detail|플리츠,4.05,2,train,true
fashionpedia,train2020,7909,d2dab2bcff0416c8bcfae6a4ad7a3eab.jpg,1,3,true,detail|프릴·러플|sleeve_shape|캡 소매,2.666,1,train,true
fashionpedia,train2020,7910,4834a9e94bd246b5828e317accc9dd54.jpg,1,3,true,pattern|스트라이프|silhouette|A라인|sleeve_shape|캡 소매|pattern|플로럴,5.319,2,train,true
fashionpedia,train2020,7922,ce51f04cb3d4f29d2102584b53702132.jpg,1,3,true,lower_fit|와이드핏|detail|플리츠|collar|라펠 칼라,7.682,3,train,true
fashionpedia,train2020,7923,f69f85e3c00478adfa348efa46677f2c.jpg,1,3,true,neckline|보트넥|silhouette|A라인|detail|플리츠,4.311,1,train,true
fashionpedia,train2020,7924,54ba3ea5780617ccb7b70e2ffccd9ef2.jpg,1,3,true,collar|스탠드 칼라|silhouette|A라인|collar|라펠 칼라,8.072,3,train,true
fashionpedia,train2020,7931,880afa6f081c962b837905e18e07c582.jpg,1,3,true,upper_fit|오버핏|collar|셔츠 칼라,7.733,1,train,true
fashionpedia,train2020,7938,ac481dba324f616e8da251c7bd3398b7.jpg,1,3,true,detail|플리츠|silhouette|X라인|lower_fit|플레어핏,4.12,1,train,true
fashionpedia,train2020,7944,4ba506fb58190b1a60f945c4e95e13e6.jpg,1,3,true,upper_fit|오버핏,6.4,2,train,true
fashionpedia,train2020,7952,fb8d44d7bddd6aa496a382a0ecde526f.jpg,1,3,true,detail|프릴·러플|detail|플리츠,2.89,1,train,true
fashionpedia,train2020,7958,3079ede5663f15e7d4342fe960025fac.jpg,1,3,true,upper_fit|오버핏,6.4,2,train,true
fashionpedia,train2020,8004,a2c2deec05a4ecabd5535c20c67c0158.jpg,1,3,true,neckline|라운드넥|upper_fit|오버핏|lower_fit|스트레이트핏|lower_length|무릎 기장,10.641,2,train,true
fashionpedia,train2020,8009,9557cedfe01d979f0970aef355f1cb32.jpg,1,3,true,category|셔츠|sleeve_length|7부 소매|lower_fit|스트레이트핏|pattern|도트|collar|라펠 칼라,10.747,2,train,true
fashionpedia,train2020,8025,c522bd822220fd0a6490a97b06f65479.jpg,1,3,true,category|코트|detail|플리츠|pattern|플로럴,4.046,4,train,true
fashionpedia,train2020,8033,63a9afb84fd203d1e0c376d4a2bb42ae.jpg,1,3,true,category|코트|detail|후드|lower_length|무릎 기장,8.03,2,train,true
fashionpedia,train2020,8047,9570a91e816485a48279f27dae680b92.jpg,1,3,true,sleeve_length|7부 소매|lower_length|미디·7부 기장|lower_fit|스트레이트핏|lower_length|무릎 기장|pattern|플로럴|collar|스탠드 칼라,12.277,2,train,true
fashionpedia,train2020,8056,ed9bddbf17c171f4bd7e4b6b8512f577.jpg,1,3,true,neckline|V넥|pattern|도트,2.553,1,train,true
fashionpedia,train2020,8072,867684f436cfe137461591da469eb588.jpg,1,3,true,collar|피터팬 칼라|silhouette|A라인,20.503,1,train,true
fashionpedia,train2020,8100,7a7f66ebd16cd64fbaeb349b00bae608.jpg,1,3,true,lower_length|무릎 기장|silhouette|A라인|pattern|도트,8.209,1,train,true
fashionpedia,train2020,8104,938a944323d0b466282883a541c5ef07.jpg,1,3,true,category|코트|material|가죽|lower_length|미디·7부 기장,17.155,3,train,true
fashionpedia,train2020,8106,4d94fd4ba650a975c7bbd66d704daeeb.jpg,1,3,true,lower_length|미디·7부 기장|detail|프릴·러플|collar|피터팬 칼라|pattern|플로럴,22.969,2,train,true
fashionpedia,train2020,8111,5d08efa870a99b3a37f4a1ae5bebd1bd.jpg,1,3,true,detail|리본|silhouette|A라인|silhouette|비대칭,4.248,1,train,true
fashionpedia,train2020,8122,d8425f914f433078370cc0a2f52b8970.jpg,1,3,true,detail|리본|silhouette|X라인|lower_fit|플레어핏,4.109,2,train,true
fashionpedia,train2020,8123,1bcf8921167da076bf3fbb9cbc4821dd.jpg,1,3,true,pattern|스트라이프|collar|스탠드 칼라,6.749,3,train,true
fashionpedia,train2020,8149,15d4dbffabc2f6aea592e33f4fe8554b.jpg,1,3,true,lower_length|미디·7부 기장|detail|리본|detail|프릴·러플|pattern|플로럴,5.395,1,train,true
fashionpedia,train2020,8158,6594109bb3d10dec5e41afcded2a18ed.jpg,1,3,true,category|셔츠|lower_fit|스트레이트핏|category|재킷|pattern|애니멀|collar|셔츠 칼라|collar|라펠 칼라,11.442,3,train,true
fashionpedia,train2020,8163,2953768397ea607dacd765538eafdbdb.jpg,1,3,true,category|코트|detail|리본|silhouette|A라인,4.238,2,train,true
fashionpedia,train2020,8165,53948f842e76021c78df055d9976d775.jpg,1,3,true,lower_fit|와이드핏,4.948,2,train,true
fashionpedia,train2020,8168,285588be896d766f936a9fc64fed553b.jpg,1,3,true,category|쇼츠|neckline|라운드넥|sleeve_length|7부 소매|category|가디건,9.059,3,train,true
fashionpedia,train2020,8175,5363f9939a13a801132369a7833efb5a.jpg,1,3,true,pattern|스트라이프|detail|프릴·러플,2.757,1,train,true
fashionpedia,train2020,8179,22f9251db92a94e9a7aadb2dad837ec9.jpg,1,3,true,neckline|보트넥|detail|플리츠|pattern|플로럴,4.108,1,train,true
fashionpedia,train2020,8180,4b1b4c36aae8795d9cbf087205edd9c9.jpg,1,3,true,category|코트|pattern|스트라이프|upper_fit|오버핏|lower_fit|와이드핏|lower_length|무릎 기장|upper_fit|여유핏,17.056,3,train,true
fashionpedia,train2020,8186,dab8a99f75a9ad5bafd982464ba3bce2.jpg,1,3,true,category|쇼츠|collar|스탠드 칼라,6.548,2,train,true
fashionpedia,train2020,8191,c1d2f3e7679731d99cedd43b073fb552.jpg,1,3,true,pattern|스트라이프|neckline|보트넥,2.733,2,train,true
fashionpedia,train2020,8198,8123d5e7feb276e6e376b8ebb5d8acc2.jpg,1,3,true,neckline|보트넥|detail|스팽글,7.096,1,train,true
fashionpedia,train2020,8212,eb43a1604895e15d7caf7f44472cdedd.jpg,1,3,true,silhouette|A라인|detail|플리츠|pattern|플로럴,4.181,2,train,true
fashionpedia,train2020,8232,0b9772e1e845fbf713ebb27cf67e06dd.jpg,1,3,true,category|코트|detail|리본,2.794,3,train,true
fashionpedia,train2020,8246,71bfe8e1374ea227d3b80174adfc047d.jpg,1,3,true,neckline|라운드넥|upper_fit|오버핏|sleeve_length|7부 소매,9.128,1,train,true
fashionpedia,train2020,8263,13fc7156a6f442b0d47b84a2d70ca19e.jpg,1,3,true,lower_fit|슬림핏|upper_fit|오버핏|silhouette|비대칭|collar|셔츠 칼라,14.133,2,train,true
fashionpedia,train2020,8278,cededaf768d744c2cde384a13ef3a6a5.jpg,1,3,true,neckline|보트넥|lower_length|무릎 기장|silhouette|A라인|sleeve_shape|벨 소매,9.601,1,train,true
fashionpedia,train2020,8281,b283051582d8f0de913fa639b2e04a22.jpg,1,3,true,neckline|오프숄더,4.626,1,train,true
fashionpedia,train2020,8283,3adf38ed3916090850ab896e0222aef1.jpg,1,3,true,neckline|보트넥|detail|플리츠|pattern|플로럴|lower_fit|플레어핏,5.367,1,train,true
fashionpedia,train2020,8300,5c0aefeb999dac7281a9b0e1fae89842.jpg,1,3,true,category|코트|detail|리본|pattern|플로럴,4.035,3,train,true
fashionpedia,train2020,8325,3d12b49ed4191145b8f1dbddea2da8de.jpg,1,3,true,category|쇼츠|collar|스탠드 칼라,6.548,2,train,true
fashionpedia,train2020,8332,2a9fac49d551df240618d37f430ad612.jpg,1,3,true,pattern|체크|detail|프릴·러플|detail|플리츠,4.184,2,train,true
fashionpedia,train2020,8363,f378af6487935381c2389b9b7e91bb18.jpg,1,3,true,neckline|라운드넥|sleeve_length|7부 소매|lower_length|미디·7부 기장|lower_length|무릎 기장|detail|플리츠|pattern|플로럴,8.191,1,train,true
fashionpedia,train2020,8367,50ce61a048b59b515c63eb72923bd120.jpg,1,3,true,silhouette|A라인|pattern|스트라이프|silhouette|비대칭,4.125,1,train,true
fashionpedia,train2020,8464,2675135b4d919d3d5847fa45dac4672c.jpg,1,3,true,pattern|스트라이프|detail|플리츠|pattern|도트,8.169,1,train,true
fashionpedia,train2020,8480,926dbc9afb510cc5643e30bd44ff00ef.jpg,1,3,true,category|쇼츠|detail|프릴·러플|detail|플리츠,4.05,2,train,true
fashionpedia,train2020,8488,1052abc7bd7d8a0f8d02a8c9a67414e8.jpg,1,3,true,pattern|체크|detail|프릴·러플,2.689,1,train,true
fashionpedia,train2020,8495,d0fd12a789e0e6b4715d15d6ccb84b8b.jpg,1,3,true,sleeve_shape|퍼프 소매|detail|프릴·러플,7.602,1,train,true
fashionpedia,train2020,8548,b7c082374bba0dc89d797b362c50c016.jpg,1,3,true,collar|스탠드 칼라,5.388,3,train,true
fashionpedia,train2020,8564,84910b6fa7843f7562965f6f79a06cd3.jpg,1,3,true,neckline|홀터넥,4.653,1,train,true
fashionpedia,train2020,8576,7f722ca5e05ba919a685b208a0927831.jpg,1,3,true,pattern|스트라이프|upper_fit|오버핏,7.762,1,train,true
fashionpedia,train2020,8614,abef59b388d2e802d368beb009906c3f.jpg,1,3,true,pattern|체크|category|셔츠|upper_fit|오버핏|upper_fit|여유핏|category|재킷|collar|셔츠 칼라|collar|라펠 칼라,14.43,3,train,true
fashionpedia,train2020,8618,877e814dbd120543e51fec1be072be16.jpg,1,3,true,upper_fit|오버핏|collar|셔츠 칼라,7.733,2,train,true
fashionpedia,train2020,8620,cddb4c356570a3526369f4024dbaa41b.jpg,1,3,true,neckline|라운드넥|lower_length|미디·7부 기장|lower_fit|스트레이트핏|lower_length|무릎 기장|pattern|도트,10.827,1,train,true
fashionpedia,train2020,8623,6862cbfe6325998f71864ab778fd4ba6.jpg,1,3,true,category|쇼츠|collar|칼라 없음,6.802,2,train,true
fashionpedia,train2020,8672,87311d522d4cb9a7a0212b60e0874618.jpg,1,3,true,silhouette|A라인|detail|플리츠|sleeve_shape|캡 소매,4.21,1,train,true
fashionpedia,train2020,8681,e75403910455ab0da43c2e11b46dd80b.jpg,1,3,true,neckline|라운드넥|lower_length|미디·7부 기장|collar|스탠드 칼라,7.96,3,train,true
fashionpedia,train2020,8693,97149fb3ecc9ce2f147b3c4074542ce8.jpg,1,3,true,detail|리본|silhouette|A라인|neckline|V넥,4.154,1,train,true
fashionpedia,train2020,8716,860caf48f36a6350a45849007c298dd8.jpg,1,3,true,pattern|스트라이프|lower_fit|와이드핏,6.309,2,train,true
fashionpedia,train2020,8717,a8e87111ede741e60806f4fd9b3a94a1.jpg,1,3,true,pattern|체크|detail|플리츠,2.789,3,train,true
fashionpedia,train2020,8727,0166ff9a6bdb06a6d5bb432d80d9e25a.jpg,1,3,true,category|코트|collar|라펠 칼라|neckline|터틀넥,7.606,2,train,true
fashionpedia,train2020,8769,bcbefd4c9125a5e3581674e4445c15a5.jpg,1,3,true,neckline|홀터넥|pattern|플로럴,5.895,2,train,true
fashionpedia,train2020,8779,4d27b8e7b9fe3abc7695e81c8dbd32ea.jpg,1,3,true,upper_fit|오버핏|lower_length|무릎 기장|silhouette|비대칭,9.172,1,train,true
fashionpedia,train2020,8819,9c79a3c05d0da490f3fca35f6f25c30c.jpg,1,3,true,sleeve_length|7부 소매|lower_fit|와이드핏|collar|셔츠 칼라,7.711,3,train,true
fashionpedia,train2020,8826,810971395fd46d39397592fe4a730a8b.jpg,1,3,true,category|코트|upper_fit|오버핏|neckline|V넥,8.934,2,train,true
fashionpedia,train2020,8839,fbe862ae50ed2ccc5649df1fb75d90e6.jpg,1,3,true,detail|프릴·러플|detail|플리츠,2.89,1,train,true
fashionpedia,train2020,8841,3f19f007e342f40ca86dd5dd0cc66284.jpg,1,3,true,neckline|라운드넥|lower_fit|스트레이트핏|lower_length|무릎 기장|pattern|도트,9.553,2,train,true
fashionpedia,train2020,8848,b86bcc82115445c7d04aa517d09213b8.jpg,1,3,true,pattern|스트라이프|detail|플리츠,2.857,2,train,true
fashionpedia,train2020,8863,4faae23852604b3beabf9008cee5c976.jpg,1,3,true,silhouette|A라인|detail|플리츠|pattern|플로럴,4.181,1,train,true
fashionpedia,train2020,8874,ad2a97261d63c0dc941df743f3d23629.jpg,1,3,true,silhouette|A라인|neckline|홀터넥|pattern|플로럴,7.34,1,train,true
fashionpedia,train2020,8881,a7f2c244cfd8b8ac180b81e29def17da.jpg,1,3,true,neckline|보트넥|detail|플리츠|pattern|플로럴,4.108,1,train,true
fashionpedia,train2020,8888,2c5303a142d7a52a67f1807e5eaa2ddd.jpg,1,3,true,pattern|스트라이프|detail|플리츠,2.857,1,train,true
fashionpedia,train2020,8905,e95801f46d2ba693d160419922d3662a.jpg,1,3,true,neckline|라운드넥|upper_fit|오버핏|lower_length|미디·7부 기장,8.972,2,train,true
fashionpedia,train2020,8913,7f3a551fad9b9e14bb8908e7ef18f9fb.jpg,1,3,true,detail|프릴·러플|neckline|V넥,2.62,2,train,true
fashionpedia,train2020,8923,add9e42262864c872463881f0eb80b1c.jpg,1,3,true,pattern|체크|silhouette|A라인|detail|플리츠,4.233,2,train,true
fashionpedia,train2020,8933,9d501c23010ed5ae3878662852d44e3e.jpg,1,3,true,category|쇼츠|collar|칼라 없음,6.802,2,train,true
fashionpedia,train2020,8944,62e1f182805ce974aac543383a940db1.jpg,1,3,true,detail|스팽글,5.725,1,train,true
fashionpedia,train2020,8964,49150cd9e9a044acbe3c05bbe75d4557.jpg,1,3,true,detail|프릴·러플|neckline|터틀넥|pattern|플로럴,7.694,2,train,true
fashionpedia,train2020,8999,66de6e475c0882b4ec437a62a0dbc25c.jpg,1,3,true,detail|플리츠|pattern|플로럴|lower_fit|플레어핏,3.995,1,train,true
fashionpedia,train2020,9006,fa595826f8781c7b83b237ebd733d951.jpg,1,3,true,category|코트|upper_fit|오버핏|lower_length|미디·7부 기장|lower_length|무릎 기장,10.436,3,train,true
fashionpedia,train2020,9010,a5c5914f6566e5145289964dc0529643.jpg,1,3,true,neckline|보트넥|silhouette|A라인|silhouette|비대칭,4.135,1,train,true
fashionpedia,train2020,9025,a501102ba57980c9386e97c9b9b74005.jpg,1,3,true,lower_fit|슬림핏|neckline|라운드넥|lower_fit|와이드핏|upper_fit|여유핏|detail|플리츠|silhouette|비대칭,15.725,2,train,true
fashionpedia,train2020,9033,1bb714675234119d6a1016314d73e76f.jpg,1,3,true,detail|리본|silhouette|비대칭,2.803,2,train,true
fashionpedia,train2020,9053,520dc2b1de877ad9d4226c729baf7e83.jpg,1,3,true,pattern|스트라이프|detail|후드,2.679,2,train,true
fashionpedia,train2020,9070,93ceff0edfc80b0157c3dd20fd961923.jpg,1,3,true,pattern|체크|neckline|보트넥,2.665,1,train,true
fashionpedia,train2020,9101,d0df784edcc456a134f05a7bf93ad7c6.jpg,1,3,true,collar|스탠드 칼라,5.388,3,train,true
fashionpedia,train2020,9162,bb12e51dc9421d130775dac0eb305691.jpg,1,3,true,silhouette|비대칭|detail|플리츠,2.814,1,train,true
fashionpedia,train2020,9171,0179e65dfa2e2954c32498588a98cebf.jpg,1,3,true,pattern|스트라이프|silhouette|A라인|pattern|플로럴,4.048,1,train,true
fashionpedia,train2020,9176,f5d8766eb0e64ab7313b5c17d030779a.jpg,1,3,true,pattern|체크|lower_fit|와이드핏|collar|라펠 칼라,7.481,2,train,true
fashionpedia,train2020,9189,f6e8828c9255d29ebfaf1995651be29c.jpg,1,3,true,category|코트|lower_fit|와이드핏|pattern|플로럴,7.499,3,train,true
fashionpedia,train2020,9191,fd1f20af00cb3bb563bd7aa44fced169.jpg,1,3,true,pattern|스트라이프|silhouette|A라인|pattern|도트,8.118,1,train,true
fashionpedia,train2020,9194,252869234c61ae276a8dfad8d507d1e3.jpg,1,3,true,sleeve_shape|캡 소매|detail|플리츠|neckline|V넥,3.991,1,train,true
fashionpedia,train2020,9195,9ab386c7a86d764a22ad43b5ef254235.jpg,1,3,true,pattern|스트라이프|lower_fit|스트레이트핏|pattern|도트|silhouette|A라인,9.609,2,train,true
fashionpedia,train2020,9208,d56bfbc011c42e66384f1e1549b25f79.jpg,1,3,true,detail|플리츠|silhouette|비대칭,2.814,2,train,true
fashionpedia,train2020,9215,7fdedc05a8322039fc939fe371b69006.jpg,1,3,true,pattern|스트라이프|lower_fit|와이드핏|collar|라펠 칼라,7.549,2,train,true
fashionpedia,train2020,9237,a22d18408b91579abe2c1439cb5e0877.jpg,1,3,true,pattern|스트라이프|lower_fit|와이드핏,6.309,2,train,true
fashionpedia,train2020,9262,616d765fecd4364f6ea0373e36306a5d.jpg,1,3,true,detail|프릴·러플|neckline|V넥,2.62,1,train,true
fashionpedia,train2020,9282,5559c0c61ecc6821cb19c6d496876d9a.jpg,1,3,true,detail|후드|detail|플리츠|lower_fit|플레어핏,11.798,2,train,true
fashionpedia,train2020,9285,34236697b1f790ba5ad4f5d52abfe745.jpg,1,3,true,pattern|스트라이프|lower_fit|와이드핏,6.309,2,train,true
fashionpedia,train2020,9319,380695bed00f45c98b332a02269e2c84.jpg,1,3,true,pattern|스트라이프|detail|프릴·러플,2.757,2,train,true
fashionpedia,train2020,9323,ab72bbd0dab5b2b414273d1bee2b10cf.jpg,1,3,true,category|점프수트,4.536,1,train,true
fashionpedia,train2020,9325,2928e40d66580561226326d400ea0594.jpg,1,3,true,pattern|스트라이프|lower_length|미디·7부 기장|lower_fit|와이드핏,7.584,2,train,true
fashionpedia,train2020,9335,46301be5e7eddae3183c2c6fb38b0c21.jpg,1,3,true,neckline|라운드넥|lower_length|무릎 기장|silhouette|A라인|pattern|플로럴|pattern|도트,10.749,1,train,true
fashionpedia,train2020,9378,469d928410987849bcbe5b1b3f1ab951.jpg,1,3,true,lower_fit|와이드핏|neckline|V넥,6.172,2,train,true
fashionpedia,train2020,9392,53acc4b539177d87f2769868c070e76d.jpg,1,3,true,detail|프릴·러플|neckline|V넥,2.62,1,train,true
fashionpedia,train2020,9408,adfe1e7cf0588ccaf83055ba2574c446.jpg,1,3,true,pattern|스트라이프|detail|플리츠,2.857,1,train,true
fashionpedia,train2020,9439,35de223305fee891da158e7a7e27f8bb.jpg,1,3,true,neckline|V넥|silhouette|비대칭,2.544,1,train,true
fashionpedia,train2020,9463,7170b237cadb93c396b083be8106b389.jpg,1,3,true,neckline|보트넥|lower_fit|와이드핏|silhouette|비대칭,7.638,2,train,true
fashionpedia,train2020,9489,976f852f68b15337717a423e2aacd048.jpg,1,3,true,neckline|터틀넥,5.058,2,train,true
fashionpedia,train2020,9520,25d9bf4dcc995cd6222b2f6f431df13c.jpg,1,3,true,category|쇼츠|collar|폴로 칼라,13.524,2,train,true
fashionpedia,train2020,9523,a11c02be4eec8746ce31ca66b211fcf7.jpg,1,3,true,pattern|체크|neckline|V넥,2.519,3,train,true
fashionpedia,train2020,9535,e4df39a4352b5226ccf47b5d96c78e30.jpg,1,3,true,detail|프릴·러플|detail|플리츠,2.89,1,train,true
fashionpedia,train2020,9558,994178d2f8acee453589747cf0f8a652.jpg,1,3,true,lower_length|미디·7부 기장|lower_length|무릎 기장|pattern|도트,8.039,1,train,true
fashionpedia,train2020,9589,027c0ad5eca53fc2570012428623b0f9.jpg,1,3,true,category|쇼츠|category|니트,2.518,2,train,true
fashionpedia,train2020,9607,e4d5ace2afd253a04dad65fc236358c5.jpg,1,3,true,upper_fit|오버핏|lower_fit|와이드핏|upper_fit|여유핏,12.932,2,train,true
fashionpedia,train2020,9638,4ad152db453a26194ac53216dd9f0d60.jpg,1,3,true,pattern|스트라이프|lower_fit|와이드핏|neckline|V넥,7.534,2,train,true
fashionpedia,train2020,9647,b5ebbd65f2e36eb0a0fdad6314319ac5.jpg,1,3,true,category|셔츠|collar|피터팬 칼라,20.333,2,train,true
fashionpedia,train2020,9657,a0ee7af5ddbf36122b1fc58f7644b790.jpg,1,3,true,neckline|스퀘어넥|sleeve_length|7부 소매|category|재킷|collar|라펠 칼라,9.945,3,train,true
fashionpedia,train2020,9671,c84c3409f2da98f74e7e6279d4bb234e.jpg,1,3,true,pattern|스트라이프|detail|프릴·러플|detail|플리츠,4.252,2,train,true
fashionpedia,train2020,9693,3babe892271bf0f639ae9e350f90fa24.jpg,1,3,true,detail|리본|detail|플리츠,2.979,1,train,true
fashionpedia,train2020,9713,a1a561d84711b4bbe63f8db4f8c254a1.jpg,1,3,true,neckline|보트넥|lower_fit|와이드핏,6.319,2,train,true
fashionpedia,train2020,9736,3d4832f1fbf272c512bd172346467772.jpg,1,3,true,category|쇼츠|neckline|보트넥,2.532,2,train,true
fashionpedia,train2020,9745,1874544733f9b11f236154d77faf87c9.jpg,1,3,true,neckline|보트넥|detail|리본,2.856,1,train,true
fashionpedia,train2020,9750,99b27109cb95474c7485a74645f4af24.jpg,1,3,true,detail|프릴·러플|detail|플리츠,2.89,1,train,true
fashionpedia,train2020,9784,1d95b56bdd592ffdb25c02cf0f4301d7.jpg,1,3,true,sleeve_shape|퍼프 소매,6.207,1,train,true
fashionpedia,train2020,9785,8417c8b605925e959fb77569c70e2b18.jpg,1,3,true,detail|프릴·러플|pattern|도트,2.723,1,train,true
fashionpedia,train2020,9811,cc10c6464349313548180a903fccb62b.jpg,1,3,true,sleeve_shape|벌룬 소매|detail|리본|silhouette|A라인,8.543,1,train,true
fashionpedia,train2020,9817,8d216e53d4cc4ee41ebb158840e663fa.jpg,1,3,true,pattern|스트라이프|neckline|보트넥|silhouette|A라인,4.178,2,train,true
fashionpedia,train2020,9821,a8355141a04ed37d271a54b009fa8378.jpg,1,3,true,lower_fit|와이드핏,4.948,2,train,true
fashionpedia,train2020,9827,25f79405544a8177a3a5d487d989a09a.jpg,1,3,true,pattern|스트라이프|neckline|보트넥,2.733,2,train,true
fashionpedia,train2020,9840,7299fe2d86e24d82f4ae5f15659ab2e1.jpg,1,3,true,detail|플리츠|silhouette|비대칭,2.814,1,train,true
fashionpedia,train2020,9858,cd40dfa95b90b37c31cc9772a8ee32e5.jpg,1,3,true,detail|플리츠|neckline|V넥|pattern|도트,8.032,1,train,true
fashionpedia,train2020,9899,0d6bb87e14e2331aca38d53c9e493ab4.jpg,1,3,true,neckline|터틀넥,5.058,1,train,true
fashionpedia,train2020,9905,39c1a48a78a8dccfdcc24c7826bcbee2.jpg,1,3,true,detail|플리츠|silhouette|비대칭,2.814,1,train,true
fashionpedia,train2020,9954,90f039c6277091df507719ce891a4d9c.jpg,1,3,true,sleeve_length|7부 소매|collar|스탠드 칼라,6.818,2,train,true
fashionpedia,train2020,10034,c664cbc05f8eca79ceba9344f1a67f28.jpg,1,3,true,category|코트|detail|플리츠,2.804,2,train,true
fashionpedia,train2020,10096,c38462f4be1f889af48eb0d105a0f709.jpg,1,3,true,lower_fit|슬림핏|pattern|체크|lower_length|미디·7부 기장|sleeve_shape|퍼프 소매|collar|라펠 칼라|lower_fit|스트레이트핏|category|재킷,13.932,2,train,true
fashionpedia,train2020,10100,11bfcc6dc46e9ae2f09a1724a2d560c8.jpg,1,3,true,category|쇼츠|silhouette|X라인|pattern|플로럴|lower_fit|플레어핏,5.027,2,train,true
fashionpedia,train2020,10120,db9155ed6f41a9d707ec971eb9e9403e.jpg,1,3,true,detail|프릴·러플|detail|플리츠,2.89,1,train,true
fashionpedia,train2020,10132,26f43c482c880c433a0b5791db35f88e.jpg,1,3,true,category|셔츠|lower_length|미디·7부 기장|lower_length|무릎 기장|category|재킷|collar|셔츠 칼라|lower_fit|플레어핏|collar|라펠 칼라,12.912,3,train,true
fashionpedia,train2020,10173,a4cf02f5c73f61b9902baa8c2b6caecd.jpg,1,3,true,neckline|보트넥|detail|프릴·러플,2.766,1,train,true
fashionpedia,train2020,10200,e9ac2db08479ba1158a9e1632ad947b5.jpg,1,3,true,detail|리본|detail|플리츠,2.979,1,train,true
fashionpedia,train2020,10207,8c9171cc52ae888dc6ea60475689de4b.jpg,1,3,true,material|가죽|silhouette|비대칭,19.848,1,train,true
fashionpedia,train2020,10218,5155ba4c2b210de57f661e014bc07cde.jpg,1,3,true,pattern|체크|detail|플리츠,2.789,2,train,true
fashionpedia,train2020,10231,162a81e5d965cac2d21b5bca0f4383e3.jpg,1,3,true,upper_fit|오버핏,6.4,2,train,true
fashionpedia,train2020,10257,8ab7b06c214076a244513d8d88c52f4c.jpg,1,3,true,detail|플리츠|silhouette|비대칭,2.814,1,train,true
fashionpedia,train2020,10274,8867558f0aafe93dcb4cf32f6751ecec.jpg,1,3,true,pattern|체크|detail|플리츠|lower_fit|플레어핏,4.048,2,train,true
fashionpedia,train2020,10292,fb976f33f3e7777ae4383d7564747570.jpg,1,3,true,sleeve_length|7부 소매|pattern|도트|silhouette|A라인,8.186,2,train,true
fashionpedia,train2020,10293,71ce42f0ef73bb819d442e03d41a1788.jpg,1,3,true,detail|플리츠|silhouette|X라인|lower_fit|플레어핏,4.12,1,train,true
fashionpedia,train2020,10318,4a80c165449a4dc60ed1e76b0005d2f9.jpg,1,3,true,detail|프릴·러플|neckline|V넥,2.62,1,train,true
fashionpedia,train2020,10341,230a9455da2855cab28144c8b919875f.jpg,1,3,true,neckline|터틀넥,5.058,3,train,true
fashionpedia,train2020,10370,6ba251725808b3d0ddcec9ab8510c954.jpg,1,3,true,detail|플리츠|pattern|도트,2.823,1,train,true
fashionpedia,train2020,10387,6ab73838896c41cb87ccd7d42e3aa0f1.jpg,1,3,true,category|코트|pattern|체크|silhouette|A라인,4.048,2,train,true
fashionpedia,train2020,10403,0e5bf2c115ddfa7935b64ffded75f8c0.jpg,1,3,true,collar|라펠 칼라|silhouette|A라인|collar|스탠드 칼라,8.072,2,train,true
fashionpedia,train2020,10406,173ce320064193b5a63509495729bda5.jpg,1,3,true,pattern|스트라이프|lower_fit|플레어핏|detail|플리츠,4.115,1,train,true
fashionpedia,train2020,10492,8b8fa7a4cedad5a03270f06b3b2f6eff.jpg,1,3,true,pattern|스트라이프|silhouette|A라인|sleeve_shape|캡 소매,4.077,1,train,true
fashionpedia,train2020,10520,5ed6d172f06f2605e52a97d0f3ece3ca.jpg,1,3,true,silhouette|A라인|detail|플리츠|pattern|플로럴,4.181,2,train,true
fashionpedia,train2020,10521,173bcbb18722ccb5114ae2db005f877c.jpg,1,3,true,detail|플리츠|neckline|V넥|sleeve_shape|캡 소매,3.991,2,train,true
fashionpedia,train2020,10536,c86d19025ca010fb8b9991dba9aac15c.jpg,1,3,true,upper_fit|오버핏|category|코트,7.709,1,train,true
fashionpedia,train2020,10549,2812d42ff456afe63c7922dc6782a09b.jpg,1,3,true,pattern|스트라이프|lower_length|미디·7부 기장|silhouette|A라인|neckline|V넥,5.305,2,train,true
fashionpedia,train2020,10601,8513598cdc6d191216c6b6f7486c61ad.jpg,1,3,true,collar|스탠드 칼라,5.388,2,train,true
fashionpedia,train2020,10690,3197f6ade4ddc0b6b871943ff288cac8.jpg,1,3,true,collar|스탠드 칼라,5.388,2,train,true
fashionpedia,train2020,10711,1a9e965678f9482cd10b00e634050cc5.jpg,1,3,true,neckline|보트넥|detail|플리츠,2.866,2,train,true
fashionpedia,train2020,10721,3df9e09f4735167f3d2785e3f09af8ea.jpg,1,3,true,category|코트|neckline|라운드넥|lower_length|미디·7부 기장|lower_length|무릎 기장|silhouette|X라인|lower_fit|플레어핏,11.735,2,train,true
fashionpedia,train2020,10752,69498e788ce6860296682f0ddf75ee93.jpg,1,3,true,neckline|스퀘어넥,5.972,1,train,true
fashionpedia,train2020,10768,d3604cd54f018cfe25cb77ab556ef00e.jpg,1,3,true,sleeve_length|7부 소매|lower_fit|와이드핏,6.378,3,train,true
fashionpedia,train2020,10769,7a9c31788998807edb095e5ac716d996.jpg,1,3,true,category|코트|detail|플리츠,2.804,2,train,true
fashionpedia,train2020,10789,287393f7156912ccddb62510c15bfad9.jpg,1,3,true,detail|리본|lower_fit|플레어핏,2.743,2,train,true
fashionpedia,train2020,10793,2a868b86eb6f7cbae6c0816487260d00.jpg,1,3,true,detail|플리츠|silhouette|비대칭|pattern|플로럴,4.056,2,train,true
fashionpedia,train2020,10800,e5310148588a1bdc82585093c416dfd6.jpg,1,3,true,pattern|체크|lower_fit|와이드핏,6.242,2,train,true
fashionpedia,train2020,10823,93965150d33a1a45fd50411b8bd993fd.jpg,1,3,true,detail|플리츠|silhouette|비대칭|silhouette|X라인|lower_fit|플레어핏|collar|라펠 칼라,14.412,1,train,true
fashionpedia,train2020,10829,7266b640a09da00c2854dc479283c074.jpg,1,3,true,detail|프릴·러플|neckline|V넥,2.62,1,train,true
fashionpedia,train2020,10833,d359fd5a12d1ac7493c0f2f17a3d81c7.jpg,1,3,true,lower_length|미디·7부 기장|lower_fit|와이드핏,6.222,2,train,true
fashionpedia,train2020,10842,23e3e4f734b2eb425325143ab741ba9e.jpg,1,3,true,category|코트|material|퍼·플리스|lower_length|미디·7부 기장|collar|셔츠 칼라,8.256,3,train,true
fashionpedia,train2020,10875,720a7a0440aa49ad63f63010107d8fd0.jpg,1,3,true,sleeve_length|7부 소매|pattern|플로럴|collar|스탠드 칼라,8.059,2,train,true
fashionpedia,train2020,10921,07590af91ff708687ac8c21cdf111926.jpg,1,3,true,collar|칼라 없음,5.641,1,train,true
fashionpedia,train2020,10935,3a34dce90d287452d0235aead308b802.jpg,1,3,true,lower_fit|슬림핏|pattern|카모|category|재킷|collar|셔츠 칼라,18.426,3,train,true
fashionpedia,train2020,10944,574cd2ad6b40a48a32f1b4640f05edf5.jpg,1,3,true,detail|프릴·러플|silhouette|A라인|silhouette|비대칭,4.158,1,train,true
fashionpedia,train2020,10960,ddd369a992b6781866dfac0ba1e9781d.jpg,1,3,true,neckline|보트넥|detail|플리츠,2.866,1,train,true
fashionpedia,train2020,10963,9cba481590be5be301d1c43220670b8f.jpg,1,3,true,neckline|오프숄더|detail|프릴·러플|pattern|플로럴,7.263,1,train,true
fashionpedia,train2020,10967,569cd46ccfbb3691574e7e5281f2eb93.jpg,1,3,true,detail|리본|silhouette|비대칭,2.803,2,train,true
fashionpedia,train2020,10968,f9633749641995381ff42d72352bafe2.jpg,1,3,true,neckline|터틀넥,5.058,1,train,true
fashionpedia,train2020,10970,44df18f99270fd58b0fa119f21c1bd78.jpg,1,3,true,neckline|라운드넥|lower_length|무릎 기장|silhouette|A라인|pattern|도트,9.507,1,train,true
fashionpedia,train2020,10989,309970220dea1eca36d3754fefcb7e4d.jpg,1,3,true,category|코트|silhouette|A라인|detail|플리츠,4.249,2,train,true
fashionpedia,train2020,10990,fb33396db8608199b4aab4ec397eba97.jpg,1,3,true,category|코트|pattern|스트라이프|neckline|라운드넥|detail|후드|lower_fit|스트레이트핏|silhouette|H라인|upper_fit|여유핏,13.564,3,train,true
fashionpedia,train2020,11006,505a15b8de4afe044f37d39eaa86d9d7.jpg,1,3,true,category|셔츠|lower_fit|와이드핏|upper_fit|여유핏|collar|스탠드 칼라,13.195,2,train,true
fashionpedia,train2020,11010,b2193271ffae19b0dcaf9db6a896a93a.jpg,1,3,true,pattern|스트라이프|detail|플리츠,2.857,2,train,true
fashionpedia,train2020,11017,99259e6585443b14d48db2eb71ee7109.jpg,1,3,true,detail|프릴·러플|detail|플리츠,2.89,1,train,true
fashionpedia,train2020,11039,afa40984e3759302d9a9c4ab905fa028.jpg,1,3,true,neckline|홀터넥|pattern|스트라이프,6.015,1,train,true
fashionpedia,train2020,11042,87a7e0c6841c18fd66cbaf15af6400b3.jpg,1,3,true,category|쇼츠|silhouette|비대칭,2.48,2,train,true
fashionpedia,train2020,11085,75435777fb693fc7a1aeca4f3fae4f99.jpg,1,3,true,collar|스탠드 칼라,5.388,3,train,true
fashionpedia,train2020,11103,fe7b31d5f0f5b0b20199abd27fe98f6c.jpg,1,3,true,silhouette|X라인|pattern|스트라이프|pattern|플로럴|lower_fit|플레어핏,5.228,1,train,true
fashionpedia,train2020,11126,4a48fc06aa44cc1b5150a87851c6598c.jpg,1,3,true,pattern|체크|pattern|그래픽,2.701,2,train,true
fashionpedia,train2020,11157,114647ced37fb22a2555bb9dbdafab1c.jpg,1,3,true,detail|플리츠|collar|스탠드 칼라,6.883,1,train,true
fashionpedia,train2020,11179,21dde63df8ba28b9858727c41463f00e.jpg,1,3,true,lower_fit|슬림핏|sleeve_length|7부 소매|lower_length|무릎 기장|neckline|V넥|lower_fit|플레어핏|pattern|도트,15.577,2,train,true
fashionpedia,train2020,11183,483666a6e44d5f62770be4f4c3fc683e.jpg,1,3,true,pattern|체크|neckline|V넥,2.519,2,train,true
fashionpedia,train2020,11186,9207074d2225c8b8c51c65ac91b8d318.jpg,1,3,true,category|코트|detail|후드,6.578,2,train,true
fashionpedia,train2020,11197,c76ace6d1a906da573a4c9fa7c7f4e3c.jpg,1,3,true,category|코트|sleeve_length|7부 소매|lower_fit|스트레이트핏|upper_fit|여유핏|collar|칼라 없음,11.456,3,train,true
fashionpedia,train2020,11199,d0c14188313179dac499039ddc274bc1.jpg,1,3,true,pattern|스트라이프|detail|프릴·러플,2.757,2,train,true
fashionpedia,train2020,11248,3641ab43f8ed856bf4690e0231480b33.jpg,1,3,true,detail|플리츠|silhouette|X라인|lower_fit|플레어핏,4.12,1,train,true
fashionpedia,train2020,11257,f013b8867ac5fdd21c1b55a6e79656be.jpg,1,3,true,silhouette|X라인|detail|프릴·러플|pattern|플로럴|lower_fit|플레어핏,5.261,1,train,true
fashionpedia,train2020,11258,03d53c62a09aaffb2220f1fa16c804f3.jpg,1,3,true,category|점프수트,4.536,1,train,true
fashionpedia,train2020,11277,b43e09d8db463850c8c33ba770411fa6.jpg,1,3,true,pattern|스트라이프|detail|프릴·러플|lower_fit|플레어핏,4.015,2,train,true
fashionpedia,train2020,11282,4e8aa5c988407e8edd5207a1ce855f13.jpg,1,3,true,pattern|플로럴|collar|칼라 없음,6.883,3,train,true
fashionpedia,train2020,11291,63b318d5a9e8bbd37b6459e7bcb9d49c.jpg,1,3,true,category|셔츠|lower_length|미디·7부 기장|detail|프릴·러플|lower_fit|스트레이트핏|sleeve_shape|벨 소매,10.768,2,train,true
fashionpedia,train2020,11293,46fb3ab85b5417aaf436702223e486c3.jpg,1,3,true,detail|프릴·러플|neckline|V넥,2.62,2,train,true
fashionpedia,train2020,11314,825893d4149f4726bd75b9d5ee1ca443.jpg,1,3,true,category|코트|neckline|라운드넥|collar|라펠 칼라|lower_length|무릎 기장|pattern|도트,10.611,2,train,true
fashionpedia,train2020,11322,69425b6b1822188bafe25fe0bf21b136.jpg,1,3,true,category|코트|lower_fit|와이드핏|collar|라펠 칼라,7.497,2,train,true
fashionpedia,train2020,11347,11ba4fa8574b0239880ca10f359bc7ea.jpg,1,3,true,upper_fit|오버핏|lower_length|무릎 기장|collar|셔츠 칼라,9.186,0,selected_no_valid_crop,false
fashionpedia,train2020,11353,8803e9140f82a0ca513da113e95b2c28.jpg,1,3,true,pattern|체크|detail|플리츠,2.789,2,train,true
fashionpedia,train2020,11374,b1f1c3c43d5c6b9dc1c3876e06818346.jpg,1,3,true,sleeve_shape|래글런 소매|category|재킷|collar|셔츠 칼라|collar|라펠 칼라,10.637,3,train,true
fashionpedia,train2020,11383,93bf6a0eb87df547ef63c9a36baa8722.jpg,1,3,true,lower_length|미디·7부 기장|collar|스탠드 칼라,6.662,1,train,true
fashionpedia,train2020,11399,20c84b24d7dd355ad99bd9f1106df5a1.jpg,1,3,true,pattern|스트라이프|lower_fit|와이드핏,6.309,2,train,true
fashionpedia,train2020,11423,f114871c3b2fd9a0e4cddcf766d4f2f7.jpg,1,3,true,category|쇼츠|detail|플리츠|pattern|플로럴,3.897,2,train,true
fashionpedia,train2020,11433,04cb1e3f1864155ea6febde53e207a71.jpg,1,3,true,pattern|체크|silhouette|비대칭,2.613,2,train,true
fashionpedia,train2020,11436,095eb9aff31ec831a57be33a39099e38.jpg,1,3,true,pattern|스트라이프|neckline|보트넥,2.733,2,train,true
fashionpedia,train2020,11455,8e52c1d8bee48e46f90b225af9c37da8.jpg,1,3,true,neckline|스퀘어넥|category|쇼츠,7.132,2,train,true
fashionpedia,train2020,11464,971662c3162c9f0ca2c694bbf1868403.jpg,1,3,true,neckline|라운드넥|lower_fit|와이드핏|upper_fit|여유핏|silhouette|비대칭,13.107,2,train,true
fashionpedia,train2020,11474,f7a0a1da84d2f4a1f4832b502650aec8.jpg,1,3,true,neckline|V넥|silhouette|비대칭,2.544,1,train,true
fashionpedia,train2020,11493,6c8798c9f701827b03e43e93cf084e3a.jpg,1,3,true,detail|프릴·러플|silhouette|비대칭,2.714,2,train,true
fashionpedia,train2020,11520,219dc771cdcc3af6bc6f7f11c1becb5f.jpg,1,3,true,category|코트|material|퍼·플리스,5.648,1,train,true
fashionpedia,train2020,11529,f189ba459e901bf121f5a60558f9bc3b.jpg,1,3,true,neckline|보트넥|detail|리본,2.856,2,train,true
fashionpedia,train2020,11540,936ce63d6191b4846f31070ad68388ba.jpg,1,3,true,collar|칼라 없음,5.641,3,train,true
fashionpedia,train2020,11554,3c48b301948938459516a99e412b9067.jpg,1,3,true,pattern|스트라이프|silhouette|비대칭|lower_fit|플레어핏,3.94,2,train,true
fashionpedia,train2020,11565,e70b8f25678acd91acf4df90adacaa0b.jpg,1,3,true,collar|스탠드 칼라,5.388,3,train,true
fashionpedia,train2020,11566,40992eb5a0f9b966d76e58ad2f0c078f.jpg,1,3,true,detail|프릴·러플|pattern|도트,2.723,1,train,true
fashionpedia,train2020,11569,3e259103b4336759b568bb8316188d96.jpg,1,3,true,sleeve_length|7부 소매|pattern|플로럴|pattern|도트,7.984,1,train,true
fashionpedia,train2020,11570,7f14e8d58c10f63184f451602ecdd01d.jpg,1,3,true,detail|프릴·러플|lower_fit|플레어핏,2.653,1,train,true
fashionpedia,train2020,11578,f581116bc8af186ba2943f1dd41c559c.jpg,1,3,true,neckline|오프숄더|pattern|스트라이프,5.988,1,train,true
fashionpedia,train2020,11581,a87326e3908df3d0dde173d13d17a822.jpg,1,3,true,lower_fit|슬림핏|category|코트|lower_length|미디·7부 기장|lower_fit|스트레이트핏|silhouette|H라인|upper_fit|여유핏|silhouette|비대칭|pattern|플로럴,14.552,3,train,true
fashionpedia,train2020,11584,5dac1738b04351ea751e14241ff86263.jpg,1,3,true,detail|리본|detail|플리츠|lower_fit|플레어핏,4.238,2,train,true
fashionpedia,train2020,11623,160d74da382070d73f84cab371dcf64b.jpg,1,3,true,pattern|스트라이프|detail|플리츠,2.857,1,train,true
fashionpedia,train2020,11634,a532f6627fa392771bf30135f2a961cf.jpg,1,3,true,neckline|보트넥|detail|플리츠|pattern|플로럴,4.108,1,train,true
fashionpedia,train2020,11644,77d2683d1a294ae57bb03914d5d7aa72.jpg,1,3,true,category|점프수트,4.536,2,train,true
fashionpedia,train2020,11664,52ee7e7e4ad13c6a7eddd03ad01d3cfa.jpg,1,3,true,category|셔츠|pattern|스트라이프|lower_fit|스트레이트핏|category|베스트|collar|셔츠 칼라,11.296,3,train,true
fashionpedia,train2020,11685,0b08db05ffc4bb743e19f6ddd6ebb66d.jpg,1,3,true,neckline|V넥|silhouette|비대칭,2.544,1,train,true
fashionpedia,train2020,11691,6fb36d9203fe4ffbac4735b9f56d2592.jpg,1,3,true,lower_length|미디·7부 기장|lower_fit|와이드핏,6.222,2,train,true
fashionpedia,train2020,11697,44a4adca73e04f6677b6077e0e5a460b.jpg,1,3,true,pattern|스트라이프|lower_length|미디·7부 기장|lower_fit|와이드핏,7.584,2,train,true
fashionpedia,train2020,11727,e0d83f7485c8cde64e48c12607b114d5.jpg,1,3,true,detail|후드|detail|리본,6.753,2,train,true
fashionpedia,train2020,11776,16505fe9868ae92381eb7ef1166b6571.jpg,1,3,true,category|쇼츠|pattern|애니멀,5.96,3,train,true
fashionpedia,train2020,11777,b4d25c53a0ea9d92cdec355a1f0cf117.jpg,1,3,true,category|코트|lower_fit|와이드핏,6.257,3,train,true
fashionpedia,train2020,11783,10b5a50816acfffe1c7ca93563bd0a73.jpg,1,3,true,category|코트|material|퍼·플리스|neckline|라운드넥|lower_length|무릎 기장|silhouette|A라인,9.843,2,train,true
fashionpedia,train2020,11798,076613c064ba9496c0eff87603b7bc82.jpg,1,3,true,detail|플리츠|neckline|V넥|sleeve_shape|캡 소매,3.991,2,train,true
fashionpedia,train2020,11808,6e0ba73725977f0bd95623e0a4279b39.jpg,1,3,true,detail|프릴·러플|detail|플리츠|silhouette|비대칭,4.209,2,train,true
fashionpedia,train2020,11823,e2e70e465ce051a6779469cdb5e8b9db.jpg,1,3,true,pattern|체크|detail|플리츠,2.789,1,train,true
fashionpedia,train2020,11844,d234882aaa24f59430928780934b2d2f.jpg,1,3,true,detail|플리츠|silhouette|비대칭,2.814,1,train,true
fashionpedia,train2020,11855,5327f47355c4fdf1f02d5003abdef5a6.jpg,1,3,true,lower_fit|슬림핏|category|셔츠|lower_length|미디·7부 기장|lower_fit|와이드핏|sleeve_shape|퍼프 소매|upper_fit|여유핏|collar|셔츠 칼라,17.745,2,train,true
fashionpedia,train2020,11941,663a8ea1bc23a17025f24cabb0b9f7a8.jpg,1,3,true,neckline|라운드넥|lower_fit|와이드핏|detail|플리츠,7.74,2,train,true
fashionpedia,train2020,11942,ebf76fbaa6ec1d074c860f6d1ec0be10.jpg,1,3,true,neckline|보트넥|silhouette|비대칭,2.691,1,train,true
fashionpedia,train2020,11977,f70200601f23dd7cadf23c239b993615.jpg,1,3,true,pattern|스트라이프|detail|플리츠|silhouette|비대칭,4.176,2,train,true
fashionpedia,train2020,11978,c56ff25aba8f8be91894650f29fddb09.jpg,1,3,true,detail|리본|detail|프릴·러플|detail|플리츠,4.374,1,train,true
fashionpedia,train2020,12044,68f17a57324451a822e41040d32aa8e7.jpg,1,3,true,neckline|보트넥|detail|플리츠,2.866,1,train,true
fashionpedia,train2020,12045,d994904aaec72399c79634b27ea6b0ea.jpg,1,3,true,category|코트|pattern|스트라이프|neckline|라운드넥|upper_fit|오버핏|lower_fit|스트레이트핏,11.86,2,train,true
fashionpedia,train2020,12081,c89949d3137b836e5ad657abefaf99b9.jpg,1,3,true,pattern|스트라이프|detail|리본,2.846,2,train,true
fashionpedia,train2020,12108,fa650a05b7e6e709f4b627fc11a948ad.jpg,1,3,true,category|쇼츠|category|니트,2.518,2,train,true
fashionpedia,train2020,12119,bc349b9a979522372f13570ce109e43a.jpg,1,3,true,neckline|V넥|silhouette|비대칭,2.544,2,train,true
fashionpedia,train2020,12146,8738d41ba395c2d171e323cc3b3d37a2.jpg,1,3,true,neckline|터틀넥|silhouette|비대칭,6.377,2,train,true
fashionpedia,train2020,12154,ff7b3c3ef100821fc5cbed5ea706eace.jpg,1,3,true,neckline|보트넥|detail|리본,2.856,1,train,true
fashionpedia,train2020,12187,3535dec60331956c793b8289be3ad29b.jpg,1,3,true,category|코트|lower_length|무릎 기장|collar|스탠드 칼라,8.149,1,train,true
fashionpedia,train2020,12191,08d3eb7695eb4b719ddf32ed0c837c84.jpg,1,3,true,detail|리본|sleeve_shape|퍼프 소매|collar|셔츠 칼라,9.024,1,train,true
fashionpedia,train2020,12239,c8070e5f3997d7718a6bbddf8347c2e5.jpg,1,3,true,detail|플리츠|silhouette|X라인|lower_fit|플레어핏,4.12,1,train,true
fashionpedia,train2020,12244,25c21e773ff09485323eb65d6c944088.jpg,1,3,true,silhouette|비대칭|pattern|도트,2.647,1,train,true
fashionpedia,train2020,12245,2ce4eed5d5cb9fd233374941c55c3c95.jpg,1,3,true,silhouette|X라인|silhouette|비대칭|pattern|플로럴|lower_fit|플레어핏,5.186,1,train,true
fashionpedia,train2020,12259,ce6df7022eab471b2081a9ba9e600483.jpg,1,3,true,lower_length|미디·7부 기장|collar|라펠 칼라|lower_length|무릎 기장|silhouette|비대칭|silhouette|X라인|lower_fit|플레어핏,15.643,1,train,true
fashionpedia,train2020,12324,a66f90f7a05b7ad0a62ed6c944427652.jpg,1,3,true,neckline|보트넥|silhouette|A라인|pattern|플로럴,4.058,1,train,true
fashionpedia,train2020,12334,be06a871d8485507bb095de659b2247e.jpg,1,3,true,pattern|스트라이프|silhouette|A라인|detail|플리츠|neckline|V넥,5.526,2,train,true
fashionpedia,train2020,12349,a3dd95b80a4020ace98f4f9925f7cf80.jpg,1,3,true,neckline|라운드넥|sleeve_length|7부 소매|pattern|도트,8.04,1,train,true
fashionpedia,train2020,12367,c06f34dd40092fe1e58b8f3afd1d7523.jpg,1,3,true,pattern|스트라이프|detail|리본,2.846,1,train,true
fashionpedia,train2020,12390,acad06a80b80740df10b5db2e00961ce.jpg,1,3,true,category|코트|category|쇼츠|neckline|V넥,3.695,3,train,true
fashionpedia,train2020,12399,8d8fe3a9002f6652ca64d6a6c24a0030.jpg,1,3,true,pattern|스트라이프|detail|프릴·러플,2.757,2,train,true
fashionpedia,train2020,12412,bc2f77975ddad825ac7030183c85202c.jpg,1,3,true,detail|프릴·러플|silhouette|X라인|lower_fit|플레어핏,4.019,1,train,true
fashionpedia,train2020,12425,3bf704d44d0f03b3599196fb460234b3.jpg,1,3,true,pattern|스트라이프|neckline|보트넥|silhouette|A라인|detail|플리츠,5.673,1,train,true
fashionpedia,train2020,12475,ab634db4992cae1eed844899e4ac79f9.jpg,1,3,true,detail|후드|lower_length|무릎 기장|silhouette|A라인,8.165,2,train,true
fashionpedia,train2020,12518,6641f6cb8018d41efbfe52307a2245f2.jpg,1,3,true,pattern|체크|detail|플리츠,2.789,3,train,true
fashionpedia,train2020,12544,11a4e7757aea941d37986f94d672ed12.jpg,1,3,true,category|쇼츠|neckline|보트넥,2.532,2,train,true
fashionpedia,train2020,12553,7a21a86f63a493195bde03f6b656464a.jpg,1,3,true,sleeve_length|7부 소매|silhouette|A라인|collar|스탠드 칼라,8.262,1,train,true
fashionpedia,train2020,12557,a26043ba710d8a4b619fcccfa88cfd98.jpg,1,3,true,detail|플리츠|neckline|V넥|silhouette|비대칭,4.039,1,train,true
fashionpedia,train2020,12591,2dadd1ef68a0293e501a9bdce16f5c50.jpg,1,3,true,detail|프릴·러플|neckline|V넥,2.62,1,train,true
fashionpedia,train2020,12596,1e5726030ed7008d7bd2df02e376ac3b.jpg,1,3,true,collar|스탠드 칼라,5.388,3,train,true
fashionpedia,train2020,12610,79820e2c952c01f9021bb20afc3574f3.jpg,1,3,true,pattern|스트라이프|detail|플리츠,2.857,2,train,true
fashionpedia,train2020,12612,0cae00a22debdea7121a4568c42f78e4.jpg,1,3,true,pattern|스트라이프|lower_fit|와이드핏,6.309,2,train,true
fashionpedia,train2020,12615,338a10c808b2bf3ed2818131f214193b.jpg,1,3,true,detail|리본|detail|플리츠,2.979,3,train,true
fashionpedia,train2020,12634,94b889fba1c9c6aa6dc080ab2b796f14.jpg,1,3,true,category|쇼츠|pattern|체크|detail|플리츠,3.95,3,train,true
fashionpedia,train2020,12648,d94fdd7c3ca4284269ccec8cb3d0b13f.jpg,1,3,true,pattern|스트라이프|silhouette|A라인|detail|플리츠,4.301,2,train,true
fashionpedia,train2020,12654,02fa306772093914e61d5ea38ebc3731.jpg,1,3,true,lower_fit|와이드핏|upper_fit|여유핏|detail|플리츠|silhouette|비대칭,13.304,2,train,true
fashionpedia,train2020,12671,67221d3dc0e1217305af11e9494521d2.jpg,1,3,true,pattern|스트라이프|detail|프릴·러플,2.757,2,train,true
fashionpedia,train2020,12677,5229557b07f3725d40e378d6e6229198.jpg,1,3,true,neckline|오프숄더|lower_length|미디·7부 기장,5.901,1,train,true
fashionpedia,train2020,12691,44349f2b37a81a53a9213521aaccde2c.jpg,1,3,true,category|베스트|collar|라펠 칼라,7.075,3,train,true
fashionpedia,train2020,12716,828dee3b054ab79e47418988d168f72c.jpg,1,3,true,detail|프릴·러플|detail|플리츠|sleeve_shape|벨 소매,8.223,1,train,true
fashionpedia,train2020,12718,12a0ec2e4a48b397943ed43792aa35f7.jpg,1,3,true,sleeve_shape|벌룬 소매|detail|플리츠|neckline|V넥,8.334,2,train,true
fashionpedia,train2020,12723,718f901b905c6ba2b127d2001fe07487.jpg,1,3,true,detail|리본|lower_fit|와이드핏|detail|플리츠,7.927,2,train,true
fashionpedia,train2020,12740,1092ef3bd60a4e2e803707855881382f.jpg,1,3,true,neckline|라운드넥|silhouette|A라인|pattern|도트,8.054,2,train,true
fashionpedia,train2020,12743,23a7a360a5a21b1482f555508aee17fb.jpg,1,3,true,category|코트|category|쇼츠|pattern|체크,3.764,3,train,true
fashionpedia,train2020,12750,2338333fe0495425af57b88235b8c342.jpg,1,3,true,lower_fit|슬림핏|lower_length|미디·7부 기장|lower_length|무릎 기장|silhouette|비대칭|silhouette|X라인|lower_fit|플레어핏,15.527,2,train,true
fashionpedia,train2020,12826,259f5a5f8d93e5e7913e9bf38377f4cb.jpg,1,3,true,neckline|보트넥|detail|플리츠,2.866,1,train,true
fashionpedia,train2020,12843,95d556e282a05f915c6e0e7d27025150.jpg,1,3,true,category|쇼츠|detail|플리츠|pattern|도트,7.967,2,train,true
fashionpedia,train2020,12865,93f33c7025df7ac6e72dad4b0d7beb8f.jpg,1,3,true,detail|플리츠|sleeve_shape|캡 소매,2.766,2,train,true
fashionpedia,train2020,12894,d302d4be16df08ef878cd152b849205d.jpg,1,3,true,collar|셔츠 칼라|neckline|라운드넥|detail|후드,7.899,2,train,true
fashionpedia,train2020,12929,f623f0c52b9a4db6b492a5c45ec2004e.jpg,1,3,true,category|쇼츠|collar|스탠드 칼라,6.548,2,train,true
fashionpedia,train2020,12956,d531676a439dfbefb1c1973043f89aa6.jpg,1,3,true,detail|플리츠|pattern|도트,2.823,2,train,true
fashionpedia,train2020,12980,accb1aaf62e48c14430df4121af0007c.jpg,1,3,true,neckline|스퀘어넥|pattern|플로럴,7.214,1,train,true
fashionpedia,train2020,12986,108ba8085cc686f211b4df5af366cbba.jpg,1,3,true,material|퍼·플리스,4.339,2,train,true
fashionpedia,train2020,13008,a5d5cbaa1b3153b45124b25415f2e00c.jpg,1,3,true,neckline|V넥|pattern|도트,2.553,1,train,true
fashionpedia,train2020,13027,00537270eaf902da127c7ac9157a4db1.jpg,1,3,true,neckline|라운드넥|lower_fit|와이드핏|upper_fit|여유핏|category|재킷|collar|셔츠 칼라|pattern|플로럴,11.709,3,train,true
fashionpedia,train2020,13034,0811fbd32e1ae88861a21f3fc55396d2.jpg,1,3,true,pattern|스트라이프|detail|플리츠,2.857,2,train,true
fashionpedia,train2020,13091,5d50d7a63c3b31604bbb74bd3ab666f9.jpg,1,3,true,detail|플리츠|silhouette|X라인|lower_fit|플레어핏,4.12,1,train,true
fashionpedia,train2020,13116,e52b36a6563a4ea9b33e2da1ed7a9e1a.jpg,1,3,true,silhouette|비대칭|neckline|V넥,2.544,1,train,true
fashionpedia,train2020,13123,20134098ad0191ad01163a21c8520bdb.jpg,1,3,true,lower_fit|와이드핏,4.948,2,train,true
fashionpedia,train2020,13127,9cf5a83eab1c94d24f3c0fe7dd2e82d5.jpg,1,3,true,silhouette|A라인|detail|플리츠|neckline|V넥,4.164,2,train,true
fashionpedia,train2020,13134,856750e73fa9ae96c3b8be00664cebb9.jpg,1,3,true,category|코트|detail|플리츠,2.804,2,train,true
fashionpedia,train2020,13139,637d43c7a8717d1a7ca39f0d7b2d857d.jpg,1,3,true,neckline|보트넥|detail|프릴·러플,2.766,1,train,true
fashionpedia,train2020,13147,1442667c6b3b75c344ef8176f604a80a.jpg,1,3,true,category|코트|lower_length|미디·7부 기장|silhouette|H라인|lower_fit|스트레이트핏|lower_length|무릎 기장|silhouette|비대칭|collar|라펠 칼라,13.294,3,train,true
fashionpedia,train2020,13178,3b7896b4efd995147225c2b5edb834f7.jpg,1,3,true,silhouette|X라인|pattern|스트라이프|pattern|플로럴|lower_fit|플레어핏,5.228,1,train,true
fashionpedia,train2020,13191,6b3dfa8c0946b5d7e6b36c293e6c1a06.jpg,1,3,true,silhouette|비대칭|lower_fit|플레어핏,2.578,1,train,true
fashionpedia,train2020,13194,eb905d1b7fc7b0eac9adea12bee291bc.jpg,1,3,true,category|코트|category|쇼츠|neckline|V넥,3.695,3,train,true
fashionpedia,train2020,13200,571c1f149d30e29ddfde3e4efad80668.jpg,1,3,true,detail|플리츠|silhouette|비대칭,2.814,1,train,true
fashionpedia,train2020,13212,ba2faa58092809e759c3b9f3eab66431.jpg,1,3,true,pattern|체크|category|셔츠|pattern|도트|category|재킷|collar|셔츠 칼라|collar|라펠 칼라,11.757,3,train,true
fashionpedia,train2020,13252,ecbff636aa7aef09818e765b0ee2ee05.jpg,1,3,true,lower_fit|슬림핏|lower_length|미디·7부 기장|lower_fit|와이드핏|pattern|도트|upper_fit|여유핏,14.242,2,train,true
fashionpedia,train2020,13271,28f21d11e9bb0ca2bafbc760735de7fd.jpg,1,3,true,silhouette|X라인|detail|플리츠|pattern|플로럴|lower_fit|플레어핏,5.361,1,train,true
fashionpedia,train2020,13294,dfc5c591b06d094d834d190256b38c87.jpg,1,3,true,lower_fit|와이드핏|detail|플리츠|collar|셔츠 칼라,7.776,2,train,true
fashionpedia,train2020,13320,d945897cbb58df4de24bb01b33b640b5.jpg,1,3,true,silhouette|비대칭|sleeve_shape|캡 소매,2.59,1,train,true
fashionpedia,train2020,13380,38efbcce617e421ea4d77076eeddd4c7.jpg,1,3,true,pattern|스트라이프|detail|프릴·러플|silhouette|비대칭,4.076,2,train,true
fashionpedia,train2020,13404,3bae3cc1f5e808e9e8ab24498bb142bb.jpg,1,3,true,lower_length|미디·7부 기장|lower_fit|와이드핏,6.222,2,train,true
fashionpedia,train2020,13418,7fc190fd1712e9b9f499f6ee32542434.jpg,1,3,true,pattern|스트라이프|neckline|보트넥,2.733,1,train,true
fashionpedia,train2020,13419,b0996b1ce7ef57656f4c5d06bb7bddd7.jpg,1,3,true,collar|셔츠 칼라|pattern|스트라이프|neckline|라운드넥|category|재킷|silhouette|X라인|lower_fit|플레어핏,11.697,2,train,true
fashionpedia,train2020,13462,29aa7abe3c5ed57061e97a40e5540cee.jpg,1,3,true,category|점프수트|neckline|V넥,5.761,1,train,true
fashionpedia,train2020,13484,0cc9eafbfa809a326c28df47f031c953.jpg,1,3,true,category|쇼츠|neckline|V넥|sleeve_shape|캡 소매,3.656,2,train,true
fashionpedia,train2020,13490,627be0949ca2f48eb14bec7e43468832.jpg,1,3,true,silhouette|X라인|neckline|V넥|pattern|플로럴|lower_fit|플레어핏,5.091,1,train,true
fashionpedia,train2020,13504,759758a40613f3141b1b0c1d91d7bb06.jpg,1,3,true,category|코트|pattern|도트|silhouette|A라인|collar|라펠 칼라,9.305,2,train,true
fashionpedia,train2020,13519,10038820db014beb01d1d55e8c794868.jpg,1,3,true,detail|프릴·러플|neckline|V넥|lower_fit|플레어핏,3.878,2,train,true
fashionpedia,train2020,13533,f18ff9c1a031029136de05f62f7cd69c.jpg,1,3,true,detail|리본|silhouette|X라인|lower_fit|플레어핏,4.109,1,train,true
fashionpedia,train2020,13536,369259b4402270944cc66c2466450c96.jpg,1,3,true,detail|리본|lower_fit|와이드핏|neckline|V넥,7.657,3,train,true
fashionpedia,train2020,13544,27127969cfbb50b6e2b4eabfd1bd6f96.jpg,1,3,true,collar|셔츠 칼라|detail|리본|lower_fit|플레어핏|pattern|도트,13.164,2,train,true
fashionpedia,train2020,13550,d1271d0d107e9f70d6e882306e527ea7.jpg,1,3,true,category|코트|neckline|라운드넥|collar|라펠 칼라|pattern|도트|silhouette|A라인,10.603,2,train,true
fashionpedia,train2020,13553,16fc6f79a04bed59865f3709b4b80d65.jpg,1,3,true,pattern|스트라이프|lower_fit|와이드핏|collar|셔츠 칼라,7.643,2,train,true
fashionpedia,train2020,13567,6b02737f7864b69a2b083daddcaf357c.jpg,1,3,true,detail|프릴·러플|detail|플리츠|pattern|플로럴,4.131,1,train,true
fashionpedia,train2020,13603,b5a3d143b0b3df15707ed168643ed6b3.jpg,1,3,true,collar|스탠드 칼라,5.388,3,train,true
fashionpedia,train2020,13607,552c9532d3a7e8ef392b6c12cd89c62a.jpg,1,3,true,pattern|스트라이프|detail|플리츠,2.857,2,train,true
fashionpedia,train2020,13618,452b1e71f290a5829e40175e3f7d6c00.jpg,1,3,true,category|셔츠|collar|피터팬 칼라|silhouette|A라인,21.777,2,train,true
fashionpedia,train2020,13623,906875b199f20314a8db6fc2c9b779c6.jpg,1,3,true,pattern|스트라이프|detail|리본|silhouette|A라인,4.291,1,train,true
fashionpedia,train2020,13625,5dd271cd3d99d5595bdb74d3e9ee7178.jpg,1,3,true,neckline|보트넥|silhouette|비대칭,2.691,2,train,true
fashionpedia,train2020,13641,89014cfe20e1ded52fd6796319031fc0.jpg,1,3,true,category|점프수트|silhouette|A라인,5.98,1,train,true
fashionpedia,train2020,13668,985ac8f87f5274c1c81112332b7e3c57.jpg,1,3,true,pattern|스트라이프|detail|플리츠,2.857,1,train,true
fashionpedia,train2020,13684,2f9e937a2d7526a873212bb2653f3927.jpg,1,3,true,category|쇼츠|category|셔츠|sleeve_length|7부 소매|pattern|도트|collar|셔츠 칼라,10.51,2,train,true
fashionpedia,train2020,13711,2d3d9663d28876f6a937a6c392cbace6.jpg,1,3,true,upper_fit|오버핏|silhouette|비대칭,7.719,1,train,true
fashionpedia,train2020,13717,bf25d82ed2f7e2331c74d6bd798c9c7d.jpg,1,3,true,upper_fit|오버핏|collar|셔츠 칼라,7.733,2,train,true
fashionpedia,train2020,13722,74ddbf2292c8d341f8176b4b7a6d09a3.jpg,1,3,true,detail|리본|detail|플리츠,2.979,2,train,true
fashionpedia,train2020,13736,a698a1df968461b1e64e736e5314fbaf.jpg,1,3,true,upper_fit|오버핏,6.4,1,train,true
fashionpedia,train2020,13744,7dfcb545c60ad415cadf91eabd519181.jpg,1,3,true,lower_fit|와이드핏|neckline|V넥|collar|라펠 칼라,7.412,3,train,true
fashionpedia,train2020,13760,1b7ac1770c388a4c8d298b3f7a60791e.jpg,1,3,true,pattern|스트라이프|upper_fit|오버핏,7.762,1,train,true
fashionpedia,train2020,13780,261571a0a03e568f293c6df2c8449042.jpg,1,3,true,silhouette|비대칭|sleeve_shape|캡 소매,2.59,2,train,true
fashionpedia,train2020,13792,a1aa354a24c99c94c53b1c57e6b1c116.jpg,1,3,true,neckline|보트넥|detail|프릴·러플,2.766,2,train,true
fashionpedia,train2020,13809,984ea8ce6e4a05dc9694694b899db475.jpg,1,3,true,detail|리본|detail|플리츠,2.979,2,train,true
fashionpedia,train2020,13830,9a5adb27aa51b9a40ac20b8e980469a5.jpg,1,3,true,neckline|보트넥|detail|플리츠,2.866,2,train,true
fashionpedia,train2020,13845,f9333a549e25441ee405846025a6b71f.jpg,1,3,true,neckline|보트넥|detail|리본,2.856,3,train,true
fashionpedia,train2020,13848,031795c46cf33f47ef3bb86f02a07397.jpg,1,3,true,detail|리본|silhouette|비대칭,2.803,2,train,true
fashionpedia,train2020,13856,4a620e7169a06ee3b6f7446394529963.jpg,1,3,true,detail|리본|pattern|도트,2.812,1,train,true
fashionpedia,train2020,13880,4b6535865ead41a1a113f0072ec0e859.jpg,1,3,true,silhouette|H라인|lower_fit|스트레이트핏|silhouette|비대칭|sleeve_shape|캡 소매|pattern|플로럴,14.344,1,train,true
fashionpedia,train2020,13893,da637d883df1f7c4de2367a3ab3ea886.jpg,1,3,true,lower_length|미디·7부 기장|silhouette|A라인|sleeve_shape|벨 소매|pattern|플로럴,9.294,1,train,true
fashionpedia,train2020,13903,80c3c92328d7d8aa65fdca5dce203b06.jpg,1,3,true,lower_fit|와이드핏|detail|리본,6.432,3,train,true
fashionpedia,train2020,13911,f45091e615b6de770ccd98005bc08125.jpg,1,3,true,neckline|보트넥|detail|플리츠,2.866,1,train,true
fashionpedia,train2020,13922,10c689c6fec02e7d150f8edb119ce7a5.jpg,1,3,true,sleeve_length|7부 소매|upper_fit|오버핏|neckline|V넥,9.055,1,train,true
fashionpedia,train2020,13933,ffa1cd32eb4cfb89d92454f196c2a81a.jpg,1,3,true,pattern|스트라이프|neckline|보트넥,2.733,1,train,true
fashionpedia,train2020,13934,2bac24d392ff9249427b4fbda327621b.jpg,1,3,true,category|점프수트|neckline|라운드넥|lower_fit|와이드핏,10.781,1,train,true
fashionpedia,train2020,13939,349999efddc09884042368ca6aeffa4b.jpg,1,3,true,lower_fit|슬림핏|category|코트|upper_fit|오버핏|lower_length|미디·7부 기장|lower_length|무릎 기장|collar|라펠 칼라,12.799,3,train,true
fashionpedia,train2020,13953,ca5d8a3f4ec14e86596cdd0befc779e2.jpg,1,3,true,detail|스팽글,5.725,1,train,true
fashionpedia,train2020,13966,5d07c0a06ae2d53ccc8e2b512542284d.jpg,1,3,true,detail|플리츠|silhouette|비대칭|silhouette|X라인|lower_fit|플레어핏,5.439,1,train,true
fashionpedia,train2020,13981,f856338e5292de0b276f8f228a8ca657.jpg,1,3,true,collar|라펠 칼라|lower_fit|스트레이트핏|upper_fit|여유핏|category|재킷|detail|플리츠|lower_fit|플레어핏,12.149,2,train,true
fashionpedia,train2020,13992,82603e6fa83a3215403651636d0fec69.jpg,1,3,true,neckline|라운드넥|lower_length|무릎 기장|collar|칼라 없음,8.392,3,train,true
fashionpedia,train2020,13997,f264b7e1eeb954cbdb7f05daa02463ee.jpg,1,3,true,pattern|스트라이프|lower_fit|와이드핏,6.309,2,train,true
fashionpedia,train2020,14003,a8ec48c5e21299bb69295534102a0309.jpg,1,3,true,detail|플리츠|collar|칼라 없음,7.136,2,train,true
fashionpedia,train2020,14022,9b9133aaa13abddcd44786b50350ba75.jpg,1,3,true,category|점프수트|lower_fit|와이드핏|lower_fit|스트레이트핏|upper_fit|여유핏|detail|플리츠,14.054,1,train,true
fashionpedia,train2020,14057,d94fb85c412e4dc1dca1c5ae943b1916.jpg,1,3,true,detail|리본|neckline|터틀넥,6.542,3,train,true
fashionpedia,train2020,14059,8cd31e3b3d64872a3bb969d21aee3204.jpg,1,3,true,pattern|카모|silhouette|H라인|lower_fit|스트레이트핏,17.408,2,train,true
fashionpedia,train2020,14068,077363d4343e431bf62e82e49f5a4c3c.jpg,1,3,true,neckline|보트넥|detail|플리츠,2.866,1,train,true
fashionpedia,train2020,14069,b56e4d701be23bd07dd8c62d0841f9ca.jpg,1,3,true,detail|프릴·러플|sleeve_shape|캡 소매,2.666,2,train,true
fashionpedia,train2020,14079,33ea900a3eaa866dcf58de08e6f5a71a.jpg,1,3,true,neckline|라운드넥|lower_length|무릎 기장|collar|스탠드 칼라,8.138,2,train,true
fashionpedia,train2020,14103,eb297971d2de28ef62a15e2f34720687.jpg,1,3,true,silhouette|A라인|detail|플리츠|neckline|V넥|pattern|플로럴,5.406,2,train,true
fashionpedia,train2020,14113,770847ff2be45ac21c01525c2fc1ac60.jpg,1,3,true,detail|리본|detail|플리츠,2.979,1,train,true
fashionpedia,train2020,14115,a3d5e362b3542502d31594638d2a150f.jpg,1,3,true,silhouette|A라인|collar|스탠드 칼라,6.832,1,train,true
fashionpedia,train2020,14121,29d1979e6b1be46fc89e878076bcd84f.jpg,1,3,true,pattern|스트라이프|lower_length|미디·7부 기장|detail|프릴·러플|detail|플리츠,5.526,1,train,true
fashionpedia,train2020,14125,1cc87ed5bb99933f9bcd1ca6b56c1c15.jpg,1,3,true,lower_length|미디·7부 기장|lower_fit|와이드핏|silhouette|비대칭,7.541,2,train,true
fashionpedia,train2020,14133,99435fae1771e85f5b030026b8c15420.jpg,1,3,true,pattern|스트라이프|neckline|보트넥|detail|플리츠,4.228,2,train,true
fashionpedia,train2020,14159,220c42775cb5c01b54b39fe2e90eb151.jpg,1,3,true,pattern|스트라이프|neckline|보트넥,2.733,2,train,true
fashionpedia,train2020,14160,381a724a91b0b84f47d94bbf879ee03c.jpg,1,3,true,category|코트|lower_length|미디·7부 기장|collar|스탠드 칼라,7.971,2,train,true
fashionpedia,train2020,14163,11c432b435ca9160fcca293f8e721b8b.jpg,1,3,true,category|코트|detail|플리츠,2.804,2,train,true
fashionpedia,train2020,14204,14be463ec49f3e8b37467ed59598fc2b.jpg,1,3,true,silhouette|A라인|detail|플리츠|pattern|그래픽,4.346,1,train,true
fashionpedia,train2020,14206,c86835144ec8ecf085dc2151f8199699.jpg,1,3,true,collar|스탠드 칼라,5.388,3,train,true
fashionpedia,train2020,14235,eb305bc043e3ee83f83572f93e57999f.jpg,1,3,true,category|쇼츠|neckline|보트넥,2.532,2,train,true
fashionpedia,train2020,14243,da6e44a7682f3f39f0fea0557ff0e30b.jpg,1,3,true,category|쇼츠|neckline|라운드넥|upper_fit|오버핏,8.858,2,train,true
fashionpedia,train2020,14251,b592aef8280706b5469d77d42e14e956.jpg,1,3,true,pattern|스트라이프|silhouette|A라인|silhouette|비대칭,4.125,1,train,true
fashionpedia,train2020,14256,5dc1a72455de307239764bba51d0fd61.jpg,1,3,true,detail|프릴·러플|silhouette|A라인|silhouette|비대칭|pattern|플로럴,5.4,2,train,true
fashionpedia,train2020,14285,ec19c013cda1e6cda10cae0c09ff0f24.jpg,1,3,true,detail|리본|detail|플리츠,2.979,2,train,true
fashionpedia,train2020,14287,3ca733ad4f6dc387804f513cadd58a93.jpg,1,3,true,category|쇼츠|pattern|스트라이프|sleeve_shape|캡 소매,3.793,2,train,true
fashionpedia,train2020,14304,3b78c802438f0ef0f0bc107202e7f249.jpg,1,3,true,pattern|스트라이프|detail|프릴·러플,2.757,1,train,true
fashionpedia,train2020,14312,58f17ed6fbd717fbdfccba51b10bee01.jpg,1,3,true,category|코트|neckline|라운드넥|upper_fit|오버핏|lower_length|무릎 기장|silhouette|A라인,11.904,2,train,true
fashionpedia,train2020,14322,5692d556efcb126f649431970080edb1.jpg,1,3,true,category|코트|upper_fit|오버핏|collar|라펠 칼라,8.949,2,train,true
fashionpedia,train2020,14333,0a4445f827f962d1841db34903f326d6.jpg,1,3,true,detail|프릴·러플|lower_fit|플레어핏,2.653,2,train,true
fashionpedia,train2020,14346,a27444910d42b0f3f77e62d44bcb8800.jpg,1,3,true,detail|스팽글,5.725,2,train,true
fashionpedia,train2020,14366,93dae725a015f9e0f78a59edf9cf2a0c.jpg,1,3,true,detail|플리츠|sleeve_shape|캡 소매,2.766,1,train,true
fashionpedia,train2020,14367,af0a98caf6c9f53308ebbd913036a50c.jpg,1,3,true,pattern|스트라이프|silhouette|A라인|silhouette|비대칭,4.125,2,train,true
fashionpedia,train2020,14382,6389e5205be50b6e16f152cd04098cb6.jpg,1,3,true,neckline|보트넥|detail|플리츠,2.866,1,train,true
fashionpedia,train2020,14385,d3bd5f938985c310c0a881e19aeb5ab0.jpg,1,3,true,neckline|라운드넥|lower_length|무릎 기장|pattern|도트,8.062,1,train,true
fashionpedia,train2020,14396,ee787a2825d38ccbeb91b0dbced41528.jpg,1,3,true,silhouette|A라인|neckline|V넥|sleeve_shape|캡 소매|pattern|플로럴,5.182,1,train,true
fashionpedia,train2020,14397,fd9d68b6f458ad7c69a586d541efb2ef.jpg,1,3,true,category|셔츠|neckline|라운드넥|sleeve_length|7부 소매|upper_fit|오버핏|collar|셔츠 칼라,11.736,2,train,true
fashionpedia,train2020,14403,c4f791c341e9fda9604b65819aab65d8.jpg,1,3,true,pattern|체크|detail|프릴·러플,2.689,2,train,true
fashionpedia,train2020,14409,47c09796a5c46506e1304301813c7854.jpg,1,3,true,detail|프릴·러플|silhouette|A라인|neckline|V넥,4.064,1,train,true
fashionpedia,train2020,14417,6a76b56e8b9b1106db4139fdbc4bdf57.jpg,1,3,true,detail|프릴·러플|silhouette|A라인|detail|플리츠,4.334,2,train,true
fashionpedia,train2020,14418,e2e63c86b9cdaf545b65708612a2e18f.jpg,1,3,true,upper_fit|오버핏,6.4,1,train,true
fashionpedia,train2020,14435,4b325d89ffea46efe0bbb69cfca1bcb7.jpg,1,3,true,category|코트|lower_fit|스트레이트핏|lower_length|무릎 기장|neckline|터틀넥,9.31,3,train,true
fashionpedia,train2020,14441,13941f6c4b69442def1636cce570b86d.jpg,1,3,true,detail|프릴·러플|detail|플리츠|silhouette|비대칭,4.209,1,train,true
fashionpedia,train2020,14454,18b09e4fb4b61e6fe9ae3201d475cedb.jpg,1,3,true,category|코트|material|퍼·플리스,5.648,2,train,true
fashionpedia,train2020,14477,17eb86961bb02821802d8e000ed7a672.jpg,1,3,true,sleeve_length|7부 소매|lower_fit|와이드핏|collar|라펠 칼라,7.617,3,train,true
fashionpedia,train2020,14492,6b6108c6b9a8f67f06e1947141cf5eb9.jpg,1,3,true,detail|프릴·러플|detail|플리츠,2.89,1,train,true
fashionpedia,train2020,14494,a9dfe84e64684ca14c2a658e1c0ecdea.jpg,1,3,true,silhouette|X라인|lower_length|미디·7부 기장|lower_length|무릎 기장|detail|플리츠|pattern|플로럴|lower_fit|플레어핏|collar|라펠 칼라,13.104,1,train,true
fashionpedia,train2020,14505,c1cfa09d7e9d85ea2c87f809008cdc48.jpg,1,3,true,neckline|라운드넥|silhouette|A라인|pattern|도트,8.054,1,train,true
fashionpedia,train2020,14510,f9e95883d672bd59b74d1a29a35a34c7.jpg,1,3,true,neckline|스퀘어넥,5.972,1,train,true
fashionpedia,train2020,14511,5c589f893454b26ab20aa45c11944549.jpg,1,3,true,category|코트|upper_fit|오버핏|lower_length|무릎 기장,9.162,3,train,true
fashionpedia,train2020,14530,9522fadc4b3a93fd5330ba9633a1c987.jpg,1,3,true,lower_fit|슬림핏|sleeve_length|7부 소매|lower_length|미디·7부 기장|pattern|도트|category|재킷|pattern|플로럴|collar|라펠 칼라,12.924,3,train,true
fashionpedia,train2020,14535,d522de8aa9db7c0adc0f8f572dd50fd6.jpg,1,3,true,category|코트|pattern|스트라이프|silhouette|A라인,4.116,3,train,true
fashionpedia,train2020,14554,489111d83ca0ffc18ef74af16bef2e22.jpg,1,3,true,neckline|홀터넥,4.653,1,train,true
fashionpedia,train2020,14561,748a16b98e9c5179992b833559ab8a13.jpg,1,3,true,detail|프릴·러플|detail|플리츠,2.89,1,train,true
fashionpedia,train2020,14580,ea4032f18462bb2b09586ad7617875d2.jpg,1,3,true,category|쇼츠|detail|리본|detail|프릴·러플,4.04,2,train,true
fashionpedia,train2020,14587,4eda475b08f8440786ad91c1cb5d8191.jpg,1,3,true,neckline|보트넥|silhouette|A라인|detail|플리츠,4.311,1,train,true
fashionpedia,train2020,14599,f37911ef74eebcf6ac0dd191259bf067.jpg,1,3,true,detail|플리츠|silhouette|비대칭,2.814,2,train,true
fashionpedia,train2020,14603,951d61b4963467323abd933a0d2b484a.jpg,1,3,true,pattern|스트라이프|category|니트,2.719,2,train,true
fashionpedia,train2020,14604,9437480605a195e36d32b3afc82831ab.jpg,1,3,true,silhouette|A라인|detail|플리츠|sleeve_shape|캡 소매,4.21,2,train,true
fashionpedia,train2020,14646,a0ef4b55c0ea4d7ee14368c62704be79.jpg,1,3,true,lower_fit|와이드핏,4.948,2,train,true
fashionpedia,train2020,14653,7d764d77c911f8457d3112024cf81c0d.jpg,1,3,true,neckline|V넥|pattern|도트,2.553,1,train,true
fashionpedia,train2020,14683,3646f68a8e8de3e21fac81445d46311f.jpg,1,3,true,category|코트|neckline|라운드넥|sleeve_length|7부 소매|lower_length|미디·7부 기장|lower_length|무릎 기장|silhouette|A라인|pattern|플로럴,9.45,2,train,true
fashionpedia,train2020,14686,1d4b07859342e76872073b89e119d5ae.jpg,1,3,true,pattern|스트라이프|lower_fit|와이드핏,6.309,2,train,true
fashionpedia,train2020,14689,91c8b6662084c8f6ef7b083f3c00ec87.jpg,1,3,true,category|셔츠|lower_fit|와이드핏|pattern|도트|collar|셔츠 칼라,12.867,2,train,true
fashionpedia,train2020,14693,97e931804202965c7a5d06f40b25560d.jpg,1,3,true,sleeve_shape|벌룬 소매|sleeve_length|7부 소매|lower_length|미디·7부 기장|detail|프릴·러플|lower_length|무릎 기장,11.165,1,train,true
fashionpedia,train2020,14695,9e19377e8204d092ba8225bc04dff2aa.jpg,1,3,true,detail|플리츠|sleeve_shape|캡 소매|silhouette|X라인|lower_fit|플레어핏,5.391,2,train,true
fashionpedia,train2020,14698,7edc4b10d7436489ebf53a1cab5cff8d.jpg,1,3,true,category|코트|pattern|체크|neckline|V넥,3.828,2,train,true
fashionpedia,train2020,14699,83cafc7ba96d312bb5b248525f3f62df.jpg,1,3,true,category|점프수트|silhouette|A라인|neckline|V넥,7.205,1,train,true
fashionpedia,train2020,14707,ff1a825795283935235c38cd36755c1b.jpg,1,3,true,neckline|라운드넥|sleeve_length|7부 소매|upper_fit|오버핏|pattern|플로럴,10.37,1,train,true
fashionpedia,train2020,14724,3576297cddfcc1ccb5e467c77284e3f3.jpg,1,3,true,pattern|체크|detail|리본|silhouette|A라인,4.223,1,train,true
fashionpedia,train2020,14730,30280ad71fcb1aba95b129220accc198.jpg,1,3,true,sleeve_length|7부 소매|silhouette|A라인|category|재킷|detail|플리츠|collar|스탠드 칼라,11.06,2,train,true
fashionpedia,train2020,14785,f57a9bd71538fe0227c6b3638708d3c1.jpg,1,3,true,detail|스팽글|silhouette|A라인,7.169,2,train,true
fashionpedia,train2020,14787,c2eecc8bd1ec4be07208edd51305e44d.jpg,1,3,true,category|점프수트|lower_fit|와이드핏|detail|플리츠|collar|라펠 칼라,12.218,1,train,true
fashionpedia,train2020,14792,3ea3be023766410d12ed0c7113171430.jpg,1,3,true,pattern|스트라이프|detail|프릴·러플|silhouette|A라인|silhouette|비대칭,5.52,1,train,true
fashionpedia,train2020,14821,0f662f551ecb8773403d64cbfdb133a9.jpg,1,3,true,pattern|스트라이프|silhouette|X라인|lower_fit|플레어핏,3.986,1,train,true
fashionpedia,train2020,14832,3909c3e25a886db6105a16c937c34f13.jpg,1,3,true,detail|플리츠|silhouette|X라인|lower_fit|플레어핏,4.12,1,train,true
fashionpedia,train2020,14846,b744b9a581f81522ef24378c29cd91ab.jpg,1,3,true,pattern|체크|silhouette|A라인|detail|플리츠,4.233,1,train,true
fashionpedia,train2020,14855,5d3c40950054871bf48a8715f039333c.jpg,1,3,true,silhouette|X라인|detail|플리츠|pattern|플로럴|lower_fit|플레어핏,5.361,1,train,true
fashionpedia,train2020,14869,ce5fc6cdf14e3c05d68eaa85b1c309bd.jpg,1,3,true,collar|스탠드 칼라,5.388,2,train,true
fashionpedia,train2020,14886,42a9e8e3944d63f02187a38d6949d6e7.jpg,1,3,true,category|쇼츠|pattern|스트라이프|detail|플리츠,4.017,2,train,true
fashionpedia,train2020,14922,c3a015d3004346d804f727c13c94eb82.jpg,1,3,true,neckline|라운드넥|sleeve_length|7부 소매|category|가디건,7.899,2,train,true
fashionpedia,train2020,14955,23b84c8d95a5e73d7e49ea9b45a5d85b.jpg,1,3,true,silhouette|X라인|detail|플리츠|pattern|플로럴|lower_fit|플레어핏,5.361,1,train,true
fashionpedia,train2020,14957,39c7db3d56daaa948a470f01bd412c07.jpg,1,3,true,category|쇼츠|upper_fit|오버핏,7.561,2,train,true
fashionpedia,train2020,14958,2fae8ac6a93676173d3a39235c0a3101.jpg,1,3,true,detail|플리츠|silhouette|비대칭|silhouette|X라인|lower_fit|플레어핏,13.172,1,train,true
fashionpedia,train2020,14974,b2bad0cbed87124ed8ef2f069b1beb28.jpg,1,3,true,neckline|라운드넥|upper_fit|오버핏|detail|리본|lower_fit|스트레이트핏,10.673,2,train,true
fashionpedia,train2020,14977,9ca8654f0cef5e4acf17c6cafac31e28.jpg,1,3,true,pattern|플로럴|collar|스탠드 칼라,6.63,3,train,true
fashionpedia,train2020,14990,fdd536599a530daff849dfb8291dbced.jpg,1,3,true,silhouette|비대칭|detail|플리츠,2.814,1,train,true
fashionpedia,train2020,15001,87b6251340010665082e14cba0fe54ec.jpg,1,3,true,detail|플리츠|neckline|V넥|pattern|플로럴,3.962,1,train,true
fashionpedia,train2020,15006,2f9b37c9124cbfb87f5244baf065f47c.jpg,1,3,true,silhouette|A라인|pattern|애니멀,6.244,1,train,true
fashionpedia,train2020,15026,a4848d6e171d0315da1245275c86bf46.jpg,1,3,true,category|코트|lower_length|무릎 기장|collar|스탠드 칼라,8.149,3,train,true
fashionpedia,train2020,15035,2a0e16cbe31cd9ba9bfb279b99c956f1.jpg,1,3,true,silhouette|A라인|collar|스탠드 칼라,6.832,1,train,true
fashionpedia,train2020,15054,3851f538d44b7797b63e70876a577780.jpg,1,3,true,neckline|보트넥|detail|프릴·러플,2.766,2,train,true
fashionpedia,train2020,15080,af15948a1e3a1113c94f65ef3df65714.jpg,1,3,true,lower_length|미디·7부 기장|lower_fit|스트레이트핏|pattern|도트|pattern|플로럴,9.319,2,train,true
fashionpedia,train2020,15092,6a6321e4d2d4df412e9ea4a3313e053a.jpg,1,3,true,lower_fit|슬림핏|lower_fit|스트레이트핏|category|베스트|silhouette|비대칭|collar|라펠 칼라,14.965,3,train,true
fashionpedia,train2020,15101,68a6e77f39b179789d857429a888f155.jpg,1,3,true,detail|플리츠|silhouette|X라인|lower_fit|플레어핏,4.12,1,train,true
fashionpedia,train2020,15114,1abb6ddb0adb881dcd09cf5d51c79908.jpg,1,3,true,detail|프릴·러플|lower_fit|플레어핏,2.653,1,train,true
fashionpedia,train2020,15137,6bb2b531f463e2c37940c29f5f785627.jpg,2,3,true,sleeve_shape|벌룬 소매,5.614,2,train,true
fashionpedia,train2020,15139,36fb7cc2d0ca31e491b4d7ca2dc4fdf0.jpg,2,3,true,lower_fit|슬림핏|category|셔츠|sleeve_length|7부 소매|silhouette|H라인|lower_fit|스트레이트핏|silhouette|비대칭|collar|셔츠 칼라,13.18,2,train,true
fashionpedia,train2020,15154,016851f753fbf1d53882c449353d2a70.jpg,2,3,true,sleeve_shape|벨 소매|silhouette|X라인|lower_fit|플레어핏,7.958,1,train,true
fashionpedia,train2020,15157,3edf2409090fd7ee1717fb99b82b9f02.jpg,2,3,true,pattern|플로럴|collar|칼라 없음,6.883,1,train,true
fashionpedia,train2020,15169,a9ce9c226adb879f594ce9b49b906f49.jpg,2,3,true,category|코트|material|퍼·플리스|neckline|라운드넥|collar|셔츠 칼라,8.279,3,train,true
fashionpedia,train2020,15171,aa155bb0b44b599ba8216a4e11c04f13.jpg,2,3,true,category|점프수트|pattern|플로럴,5.778,1,train,true
fashionpedia,train2020,15193,770c4343bb433af21fdd3ccecdf559fb.jpg,2,3,true,category|코트|detail|후드,6.578,1,train,true
fashionpedia,train2020,15208,c1cd367235411175fd717d648c418c66.jpg,2,3,true,neckline|홀터넥|silhouette|A라인|detail|플리츠,7.592,1,train,true
fashionpedia,train2020,15215,f26f8e21b6ad87f5c1f9ea09c4fe3f6a.jpg,2,3,true,neckline|라운드넥|lower_length|미디·7부 기장|silhouette|A라인|category|가디건|pattern|플로럴,10.429,2,train,true
fashionpedia,train2020,15217,f2898f2b71cde32c761504eb1bfa64de.jpg,2,3,true,category|점프수트|sleeve_length|7부 소매|pattern|플로럴,7.208,1,train,true
fashionpedia,train2020,15222,0298459b657b02a335529e7df32d8d45.jpg,2,3,true,silhouette|H라인|lower_fit|스트레이트핏|sleeve_length|민소매,14.742,1,train,true
fashionpedia,train2020,15224,601d1f799b02ee5ebd1a4b59b45d7df4.jpg,2,3,true,material|퍼·플리스,4.339,2,train,true
fashionpedia,train2020,15249,23b00f54c63fbddd8b1cdad86850727f.jpg,2,3,true,upper_fit|오버핏,6.4,1,train,true
fashionpedia,train2020,15253,902a5208011e2f28ad8a5be6a84f392f.jpg,2,3,true,sleeve_shape|벨 소매,5.333,3,train,true
fashionpedia,train2020,15263,c8b8370a96a2c0e9a908d427a8580c50.jpg,2,3,true,pattern|도트|silhouette|A라인|collar|셔츠 칼라,8.09,2,train,true
fashionpedia,train2020,15267,e6ba2f781bd35ce63e01f774948de028.jpg,2,3,true,category|쇼츠|category|셔츠|material|가죽|category|재킷|collar|셔츠 칼라,19.643,3,train,true
fashionpedia,train2020,15271,54a18d046759fe669866137b7eb90b9d.jpg,2,3,true,material|퍼·플리스,4.339,2,train,true
fashionpedia,train2020,15272,2add4ecd9b48828548449eacd7368b3f.jpg,2,3,true,category|쇼츠|neckline|오프숄더,5.787,2,train,true
fashionpedia,train2020,15274,a131a0ea7ebc4b9029882828692ab792.jpg,2,3,true,detail|스팽글,5.725,3,train,true
fashionpedia,train2020,15302,4881652e0503c6bac4d6016b059f22ee.jpg,2,3,true,lower_fit|와이드핏,4.948,3,train,true
fashionpedia,train2020,15317,d3c2c2b2c11eb29412e7d97123075cca.jpg,2,3,true,neckline|홀터넥|detail|플리츠,6.148,1,train,true
fashionpedia,train2020,15334,567f326ebc380640531de2b5084dd1e8.jpg,2,3,true,neckline|라운드넥|detail|후드|lower_fit|스트레이트핏|category|재킷|collar|라펠 칼라,10.6,3,train,true
fashionpedia,train2020,15341,06161d9f6353335785c2381e57d44885.jpg,2,3,true,detail|리본|neckline|V넥,2.709,2,train,true
fashionpedia,train2020,15353,2819a9b8cd1d240c7def002eeb5cfd83.jpg,2,3,true,neckline|홀터넥|detail|플리츠|lower_fit|플레어핏,7.407,2,train,true
fashionpedia,train2020,15356,e2720ea6aaee6b28ff03a43aefccdddb.jpg,2,3,true,sleeve_shape|벨 소매|pattern|플로럴,6.575,1,train,true
fashionpedia,train2020,15362,02d5bed7de4f4f5567add26f50ecc8d0.jpg,2,3,true,lower_fit|슬림핏|silhouette|X라인|neckline|라운드넥|category|재킷|collar|칼라 없음|lower_fit|플레어핏,15.766,2,train,true
fashionpedia,train2020,15363,a8a9d3bf280c20848c0e3eff14245456.jpg,2,3,true,lower_length|미디·7부 기장|pattern|애니멀,6.074,2,train,true
fashionpedia,train2020,15375,aea0cbe8b00d6c32126709de427c6fab.jpg,2,3,true,pattern|스트라이프|silhouette|A라인|sleeve_shape|캡 소매,4.077,1,train,true
fashionpedia,train2020,15377,2549b851b6ce01d842c85c00f6b64d6f.jpg,2,3,true,pattern|스트라이프|detail|리본,2.846,3,train,true
fashionpedia,train2020,15381,20eac225edcba6b95fab95899237996b.jpg,2,3,true,neckline|보트넥|detail|리본,2.856,2,train,true
fashionpedia,train2020,15403,9f18695e8b4ae73b8ba007802c882598.jpg,2,3,true,category|셔츠|pattern|스트라이프|sleeve_length|7부 소매|category|재킷|collar|칼라 없음,11.011,3,train,true
fashionpedia,train2020,15404,a6b8f72fe7e133b4ba26952ae428993a.jpg,2,3,true,neckline|라운드넥|sleeve_length|7부 소매|upper_fit|오버핏,9.128,2,train,true
fashionpedia,train2020,15438,2a7561131927cbcd640f00c99b18dc80.jpg,2,3,true,neckline|터틀넥,5.058,1,train,true
fashionpedia,train2020,15444,9120e62c124ac6a9777d8119f12151ad.jpg,2,3,true,neckline|스퀘어넥,5.972,1,train,true
fashionpedia,train2020,15447,0bc679a271ddca5e8685f4e902b48602.jpg,2,3,true,neckline|V넥|sleeve_shape|캡 소매,2.496,1,train,true
fashionpedia,train2020,15452,95fcfb70762e5789bc6d8b676ff1a1a4.jpg,2,3,true,sleeve_shape|퍼프 소매|pattern|플로럴,7.449,1,train,true
fashionpedia,train2020,15465,2e6db7d1a84b1f577c97515b4927ba08.jpg,2,3,true,pattern|스트라이프|sleeve_shape|퍼프 소매,7.569,1,train,true
fashionpedia,train2020,15467,61936b0255317ac31b854fcd2375c5fd.jpg,2,3,true,neckline|스퀘어넥|category|코트|sleeve_length|7부 소매|lower_length|미디·7부 기장|lower_length|무릎 기장,11.438,2,train,true
fashionpedia,train2020,15469,6ea79fba086c9fb8809db24fa8bd70d8.jpg,2,3,true,pattern|체크|sleeve_length|7부 소매|category|가디건,7.895,2,train,true
fashionpedia,train2020,15484,6df2798c007794c9dff4fd19f118a7de.jpg,2,3,true,silhouette|A라인|category|베스트|pattern|플로럴,8.521,2,train,true
fashionpedia,train2020,15495,64aec868f631c03b11cea74c993be509.jpg,2,3,true,category|쇼츠|neckline|오프숄더,5.787,2,train,true
fashionpedia,train2020,15496,ddaa85d310ddfb6b3c594e4bd1e27f19.jpg,2,3,true,material|퍼·플리스,4.339,2,train,true
fashionpedia,train2020,15499,569c408bb84eadcf7ca033a6144dd200.jpg,2,3,true,silhouette|A라인|sleeve_shape|벨 소매|pattern|플로럴,8.019,1,train,true
fashionpedia,train2020,15510,33184e3f52741f2b547a131719ee6340.jpg,2,3,true,detail|리본|neckline|터틀넥,6.542,2,train,true
fashionpedia,train2020,15516,9861162630c8456344e5a5a280ea655e.jpg,2,3,true,pattern|애니멀,4.8,1,train,true
fashionpedia,train2020,15521,669c20f27c9503275a4c6e4e1c62d609.jpg,2,3,true,lower_length|무릎 기장|silhouette|A라인|category|재킷|upper_fit|여유핏|sleeve_shape|벨 소매,11.118,2,train,true
fashionpedia,train2020,15522,f74d70146f95c1adecf2c05c4e10a0a8.jpg,2,3,true,lower_fit|슬림핏|neckline|라운드넥|silhouette|O라인|category|재킷|detail|플리츠,23.219,2,train,true
fashionpedia,train2020,15529,4619e98e92a1a983e5570c2b07ff1f88.jpg,2,3,true,neckline|홀터넥,4.653,1,train,true
fashionpedia,train2020,15546,20660c8f38fecccd1aeed843e749ba7b.jpg,2,3,true,neckline|오프숄더,4.626,2,train,true
fashionpedia,train2020,15573,2aef879d3a1c161c78052b68715a4f0b.jpg,2,3,true,lower_length|미디·7부 기장|silhouette|비대칭|collar|셔츠 칼라|silhouette|X라인|lower_fit|플레어핏,14.285,1,train,true
fashionpedia,train2020,15581,df3351ad8fb6c6c100a5137f3594048a.jpg,2,3,true,silhouette|A라인|sleeve_shape|벨 소매|neckline|V넥,8.002,1,train,true
fashionpedia,train2020,15582,5326094824726eef30c4a32b017377c6.jpg,2,3,true,lower_fit|플레어핏|pattern|도트,2.587,1,train,true
fashionpedia,train2020,15587,697c49dc8488c4ea6e8c53983d8dc431.jpg,2,3,true,category|쇼츠|pattern|애니멀,5.96,2,train,true
fashionpedia,train2020,15591,07e1e1b3b4bf44c62218f02c43807911.jpg,2,3,true,neckline|터틀넥,5.058,3,train,true
fashionpedia,train2020,15599,24eb250bc571f3274d41c8fb3ed872b7.jpg,2,3,true,silhouette|O라인|lower_fit|스트레이트핏,19.491,1,train,true
fashionpedia,train2020,15620,613f98072f1a4fcebb17af2efcf078c5.jpg,2,3,true,neckline|터틀넥,5.058,2,train,true
fashionpedia,train2020,15622,0426a5f4256dec87908e8e97de7aa4c7.jpg,2,3,true,category|코트|upper_fit|오버핏|lower_length|미디·7부 기장|lower_length|무릎 기장|collar|라펠 칼라,11.676,2,train,true
fashionpedia,train2020,15623,75ab0de0d47b83a25efcbf4b965ec5e8.jpg,2,3,true,detail|프릴·러플|silhouette|A라인|pattern|플로럴,4.081,1,train,true
fashionpedia,train2020,15641,9e7803ef7e5d3f6ace28e43f9b26db31.jpg,2,3,true,neckline|터틀넥,5.058,1,train,true
fashionpedia,train2020,15642,285deab35961100658cc963f1ea32db5.jpg,2,3,true,lower_fit|슬림핏|pattern|카모|detail|플리츠,17.285,2,train,true
fashionpedia,train2020,15670,771033ea2b8bd4f31783e22de435f1c7.jpg,2,3,true,lower_length|미디·7부 기장|pattern|도트|pattern|플로럴,7.828,2,train,true
fashionpedia,train2020,15673,79cb9c5c71600d1dbb7540e1db62b5a6.jpg,2,3,true,category|코트|collar|스탠드 칼라,6.697,1,train,true
fashionpedia,train2020,15678,81fb7622b73d394b296259d678be93ed.jpg,2,3,true,lower_fit|슬림핏|category|셔츠|lower_length|무릎 기장|upper_fit|여유핏|category|가디건|collar|셔츠 칼라|collar|라펠 칼라,13.179,3,train,true
fashionpedia,train2020,15680,83bd85f0384e1c63a48ab077892ec64f.jpg,2,3,true,neckline|오프숄더|detail|리본,6.111,2,train,true
fashionpedia,train2020,15682,19b1b62a8c20c1b032a95e0e324a0d11.jpg,2,3,true,sleeve_length|7부 소매|category|가디건|collar|셔츠 칼라,7.934,3,train,true
fashionpedia,train2020,15685,d0ea95898f63532e56e3aba442d19890.jpg,2,3,true,collar|스탠드 칼라,5.388,1,train,true
fashionpedia,train2020,15689,b452efe26c1313c453b5d258ee202b02.jpg,2,3,true,material|퍼·플리스|detail|리본|collar|라펠 칼라,7.063,1,train,true
fashionpedia,train2020,15698,d52ce815171e4abb583bc02c741586a7.jpg,2,3,true,neckline|스퀘어넥,5.972,1,train,true
fashionpedia,train2020,15708,6b7b0af06cbab665bc69b1c0519f472c.jpg,2,3,true,detail|스팽글|silhouette|A라인|detail|플리츠,8.664,1,train,true
fashionpedia,train2020,15709,b0bef0f702e75781ffa325dc689bc563.jpg,2,3,true,neckline|터틀넥,5.058,2,train,true
fashionpedia,train2020,15735,99463085784851970028c776d36f04d8.jpg,2,3,true,neckline|홀터넥|lower_fit|플레어핏,5.912,2,train,true
fashionpedia,train2020,15766,3c06a788e9ac24da7576f3faa649367d.jpg,2,3,true,neckline|홀터넥|lower_length|무릎 기장|silhouette|X라인|lower_fit|플레어핏,12.506,1,train,true
fashionpedia,train2020,15787,bb5241a4135f454b4786dc8cd300e3c4.jpg,2,3,true,category|베스트,5.835,3,train,true
fashionpedia,train2020,15793,45d101d36b58e57dfb61cbdd7e2e1c78.jpg,2,3,true,pattern|스트라이프|detail|프릴·러플,2.757,2,train,true
fashionpedia,train2020,15794,56c1aa49c990604e4d9838d1ac65fc09.jpg,2,3,true,pattern|카모|sleeve_length|7부 소매|collar|셔츠 칼라,17.43,1,train,true
fashionpedia,train2020,15795,94e2dcbc0f29b9cbab9b159fcb34ae5e.jpg,2,3,true,neckline|V넥|sleeve_shape|캡 소매,2.496,1,train,true
fashionpedia,train2020,15799,daa4cd90829ec25722602977f8f74475.jpg,2,3,true,neckline|라운드넥|sleeve_shape|퍼프 소매|lower_length|무릎 기장|silhouette|A라인,10.402,1,train,true
fashionpedia,train2020,15802,440ee8a23f94b7702030fa72f57bd5e9.jpg,2,3,true,sleeve_shape|퍼프 소매|neckline|V넥|pattern|플로럴,8.674,1,train,true
fashionpedia,train2020,15807,1016c14cbd2fb355050771b5cecd93d5.jpg,2,3,true,category|쇼츠|pattern|그래픽,2.567,2,train,true
fashionpedia,train2020,15819,d95ef75df24da22d7f09f53803c2be17.jpg,2,3,true,category|점프수트,4.536,1,train,true
fashionpedia,train2020,15825,f3b27e62aaebd85fa4b7b11525b990ae.jpg,2,3,true,category|쇼츠|detail|후드,2.478,2,train,true
fashionpedia,train2020,15838,ff526d49db684c552bad724a55254fb8.jpg,2,3,true,lower_fit|스트레이트핏|silhouette|A라인|category|베스트|collar|셔츠 칼라,10.104,2,train,true
fashionpedia,train2020,15846,4fd598e5ce0252fdafc1e87297b89cab.jpg,2,3,true,lower_fit|슬림핏|category|셔츠|lower_length|무릎 기장|sleeve_shape|캡 소매|lower_fit|플레어핏,13.969,2,train,true
fashionpedia,train2020,15856,bbaaed6a5643083d11db6c6839ce162c.jpg,2,3,true,sleeve_shape|벨 소매,5.333,1,train,true
fashionpedia,train2020,15902,4f83ca87898eb8b9a33ed6c53e309132.jpg,2,3,true,sleeve_shape|퍼프 소매|collar|라펠 칼라,7.446,1,train,true
fashionpedia,train2020,15909,5601d2b3137fc85dd1aaa4b96ebe4dfc.jpg,2,3,true,sleeve_length|민소매,12.0,2,train,true
fashionpedia,train2020,15913,48ce3f477a527f9cce2419dceb83e651.jpg,2,3,true,pattern|스트라이프|detail|스팽글|lower_length|무릎 기장,8.539,2,train,true
fashionpedia,train2020,15915,090c63b6fc2afc1fe4d92d8ff287e09d.jpg,2,3,true,pattern|체크|neckline|보트넥|silhouette|A라인,4.11,3,train,true
fashionpedia,train2020,15916,c3106081aee9c2e4f81a5a3f7bb00a40.jpg,2,3,true,category|코트|neckline|라운드넥|lower_length|미디·7부 기장|lower_length|무릎 기장|detail|플리츠|collar|칼라 없음,12.47,2,train,true
fashionpedia,train2020,15918,d8ad552325f219b3b648b55c66d8f7d3.jpg,2,3,true,category|코트|neckline|터틀넥,6.367,2,train,true
fashionpedia,train2020,15925,1028f125d53a9a6f7c5154101d99627d.jpg,2,3,true,pattern|스트라이프|neckline|보트넥,2.733,1,train,true
fashionpedia,train2020,15941,32e748914ab1701ca5d0e817ae608464.jpg,2,3,true,detail|스팽글,5.725,2,train,true
fashionpedia,train2020,15950,17c908af4933ed36e36ff871dc959333.jpg,2,3,true,neckline|홀터넥,4.653,2,train,true
fashionpedia,train2020,15952,dca8def272737fc255a7bea99a780c9a.jpg,2,3,true,category|쇼츠|neckline|오프숄더,5.787,2,train,true
fashionpedia,train2020,15954,c4f95aa24049ade0a951a0b24e8f7e88.jpg,2,3,true,pattern|스트라이프|detail|프릴·러플|silhouette|A라인,4.201,2,train,true
fashionpedia,train2020,15960,3ca7f11bfd92e51a3925d36b64d41af1.jpg,2,3,true,neckline|라운드넥|sleeve_length|7부 소매|collar|스탠드 칼라,8.115,3,train,true
fashionpedia,train2020,15972,f2f05fc8d36aa9b2d14d9a0eed30416a.jpg,2,3,true,pattern|체크|category|쇼츠,2.455,2,train,true
fashionpedia,train2020,15983,1905a4c284195494763b68352233b38a.jpg,2,3,true,neckline|라운드넥|detail|리본|silhouette|A라인|pattern|도트,9.538,1,train,true
fashionpedia,train2020,15990,1925f335c7736fa1b7eb584e979daabe.jpg,2,3,true,sleeve_length|7부 소매|collar|칼라 없음,7.071,2,train,true
fashionpedia,train2020,16005,4f933a531097d2f30cc133fa92b7b637.jpg,2,3,true,neckline|라운드넥|silhouette|A라인|category|베스트,8.577,2,train,true
fashionpedia,train2020,16011,5e29e0f4da8cc29a2b38a9cb7af7478b.jpg,2,3,true,neckline|보트넥|lower_length|미디·7부 기장|detail|리본|silhouette|A라인,5.574,1,train,true
fashionpedia,train2020,16014,6f87b657809f0e0d69931a92a1ee5776.jpg,2,3,true,neckline|홀터넥|silhouette|A라인|pattern|플로럴,7.34,1,train,true
fashionpedia,train2020,16015,36e817caad591421d8ed2632b7956ba8.jpg,2,3,true,neckline|홀터넥,4.653,1,train,true
fashionpedia,train2020,16038,b8d44cd40e7c877325146150421adae1.jpg,2,3,true,collar|셔츠 칼라|collar|칼라 없음,6.974,3,train,true
fashionpedia,train2020,16039,b8d79f72dd293ca82b11a3aeafe9cdd7.jpg,2,3,true,detail|프릴·러플|silhouette|X라인|lower_fit|플레어핏,4.019,1,train,true
fashionpedia,train2020,16046,76dc9ae31b569763067ec56d8cd745cc.jpg,2,3,true,sleeve_shape|벌룬 소매|category|쇼츠|sleeve_length|7부 소매|collar|셔츠 칼라,9.538,2,train,true
fashionpedia,train2020,16049,f73758c81f593f24789235b2377edb0a.jpg,2,3,true,pattern|스트라이프|silhouette|A라인|silhouette|비대칭,4.125,1,train,true
fashionpedia,train2020,16072,4f50052d55b153b1e6bccbe84bb58d15.jpg,2,3,true,sleeve_length|7부 소매|sleeve_shape|벨 소매|lower_fit|플레어핏,8.022,2,train,true
fashionpedia,train2020,16078,53e3585cdb1012debd1ea25736e6cb83.jpg,2,3,true,pattern|애니멀,4.8,2,train,true
fashionpedia,train2020,16114,fa135050090a28e2e404e4aeebec6278.jpg,2,3,true,pattern|스트라이프|pattern|그래픽,2.769,2,train,true
fashionpedia,train2020,16115,adc93d986d4adf3ccea18a55e351f09b.jpg,2,3,true,neckline|보트넥|detail|플리츠,2.866,1,train,true
fashionpedia,train2020,16120,797ec4f131d1ed3ebe0590387d7a559e.jpg,2,3,true,neckline|터틀넥,5.058,2,train,true
fashionpedia,train2020,16121,9faf79ea3e0ed4939d7df951600c400a.jpg,2,3,true,upper_fit|오버핏|collar|셔츠 칼라,7.733,1,train,true
fashionpedia,train2020,16123,c97705b2894acfcaad2c9dccbf55a801.jpg,2,3,true,pattern|스트라이프|sleeve_shape|퍼프 소매,7.569,2,train,true
fashionpedia,train2020,16131,7d5595a440226fe54235987ce6a73472.jpg,2,3,true,lower_fit|스트레이트핏|detail|플리츠|sleeve_shape|벨 소매|pattern|플로럴,9.561,2,train,true
fashionpedia,train2020,16142,141375ff0f59862fb6091ac185f6087c.jpg,2,3,true,detail|프릴·러플|detail|리본|silhouette|A라인,4.323,1,train,true
fashionpedia,train2020,16151,f40b3ce7ea03dd20e6c90b70ac1c6829.jpg,2,3,true,detail|리본|sleeve_shape|퍼프 소매|collar|셔츠 칼라,9.024,1,train,true
fashionpedia,train2020,16163,5e0f00d99d80ad9a4b196a503ee22c0f.jpg,2,3,true,lower_fit|와이드핏,4.948,2,train,true
fashionpedia,train2020,16169,62496d6d75c47a89b6e42a5f5feffc4f.jpg,2,3,true,sleeve_shape|벌룬 소매|neckline|V넥,6.839,2,train,true
fashionpedia,train2020,16188,1b20e1e34dd5a05ba2250f8dae433d7f.jpg,2,3,true,neckline|라운드넥|lower_length|무릎 기장|category|가디건,7.921,2,train,true
fashionpedia,train2020,16194,929e752d8c209e05db27554f7914672a.jpg,2,3,true,neckline|보트넥|detail|리본|lower_fit|플레어핏,4.114,2,train,true
fashionpedia,train2020,16198,178cd9c64a9817c247a38eb7f6704414.jpg,2,3,true,neckline|홀터넥,4.653,1,train,true
fashionpedia,train2020,16205,aeaa8421ac28a2c582f4f2a1a3d2fc27.jpg,2,3,true,neckline|스퀘어넥,5.972,1,train,true
fashionpedia,train2020,16208,a52f34259692c5c7e3b05071b8a69afe.jpg,2,3,true,lower_length|미디·7부 기장|lower_length|무릎 기장|sleeve_shape|벨 소매|silhouette|X라인|lower_fit|플레어핏,14.461,1,train,true
fashionpedia,train2020,16214,c2868010cd69c9f6fc39fbd6400b7f29.jpg,2,3,true,category|점프수트|neckline|V넥,5.761,1,train,true
fashionpedia,train2020,16242,5469d86798f1fa69be36a68a126e17f4.jpg,2,3,true,category|쇼츠|pattern|그래픽,2.567,2,train,true
fashionpedia,train2020,16248,5080c2eec9ec0783e2e49406b7351309.jpg,2,3,true,neckline|라운드넥|pattern|애니멀|silhouette|X라인|lower_fit|플레어핏,12.498,1,train,true
fashionpedia,train2020,16264,772750720983d3111a8364ab13fe632c.jpg,2,3,true,lower_length|미디·7부 기장|silhouette|A라인|collar|칼라 없음,8.36,1,train,true
fashionpedia,train2020,16270,10f3e823490150111c3286eda0035ccc.jpg,2,3,true,lower_fit|스트레이트핏|lower_length|무릎 기장|category|재킷|detail|플리츠|collar|칼라 없음,11.383,2,train,true
fashionpedia,train2020,16290,6346b44e131e77214177484af5d3aeef.jpg,2,3,true,category|쇼츠|pattern|그래픽,2.567,2,train,true
fashionpedia,train2020,16291,6cc53caea4edcb1e2e0bb79de5abc034.jpg,2,3,true,silhouette|비대칭|neckline|V넥,2.544,1,train,true
fashionpedia,train2020,16296,c081bdff1c4bf20147aeae3a95b2e899.jpg,2,3,true,pattern|애니멀,4.8,1,train,true
fashionpedia,train2020,16298,d5c3e16128700d6cb4b4a212d570ed75.jpg,2,3,true,pattern|스트라이프|category|점프수트,5.898,1,train,true
fashionpedia,train2020,16300,d5858ee801f5cabd2b331193bd9ff704.jpg,2,3,true,detail|프릴·러플|silhouette|X라인|lower_fit|플레어핏,4.019,1,train,true
fashionpedia,train2020,16309,d00f6500346a365dd468283c2e438cf9.jpg,2,3,true,pattern|그래픽|detail|플리츠,2.902,1,train,true
fashionpedia,train2020,16325,ac762e0c1ab9a496286c8ffafe1b5d87.jpg,2,3,true,category|쇼츠|pattern|도트,2.488,2,train,true
fashionpedia,train2020,16336,e810900b4cc44aded61b8636203ef4b5.jpg,2,3,true,sleeve_shape|래글런 소매|sleeve_length|7부 소매|silhouette|H라인|lower_fit|스트레이트핏|lower_length|무릎 기장|neckline|V넥,13.61,1,train,true
fashionpedia,train2020,16354,e33716e6b6b98523be48b3c7acba96bf.jpg,2,3,true,silhouette|비대칭|neckline|V넥,2.544,2,train,true
fashionpedia,train2020,16362,2496d600aeb2a7dfb788b6c4e618093a.jpg,2,3,true,pattern|애니멀,4.8,2,train,true
fashionpedia,train2020,16370,e590174a4592bf7a5aff7642c8ebcdc4.jpg,2,3,true,detail|플리츠|neckline|V넥|pattern|플로럴,3.962,1,train,true
fashionpedia,train2020,16378,9472b3344c25bcec306233638ce1a8ab.jpg,2,3,true,pattern|체크|category|셔츠|lower_fit|스트레이트핏|category|재킷|collar|셔츠 칼라|collar|스탠드 칼라,12.084,3,train,true
fashionpedia,train2020,16379,0cde96dc58ba59b878f4d8edebf98daa.jpg,2,3,true,sleeve_shape|퍼프 소매|lower_length|무릎 기장|neckline|V넥,8.884,2,train,true
fashionpedia,train2020,16389,600b353bdfaffe9280bcce6508d35e48.jpg,2,3,true,neckline|스퀘어넥|pattern|플로럴,7.214,2,train,true
fashionpedia,train2020,16410,71f645e7db138a21973109c65e4fdd91.jpg,2,3,true,sleeve_shape|벌룬 소매|sleeve_length|7부 소매|neckline|V넥,8.269,2,train,true
fashionpedia,train2020,16413,a901e0835ff9f7ec54b13f822805825f.jpg,2,3,true,neckline|터틀넥,5.058,1,train,true
fashionpedia,train2020,16421,1d5ffdec6b3243e830826d29a99f4b8f.jpg,2,3,true,sleeve_shape|벨 소매|pattern|플로럴,6.575,1,train,true
fashionpedia,train2020,16422,f3e2704a82c810a2e68b77d1dc97f78a.jpg,2,3,true,detail|리본|category|가디건,2.777,3,train,true
fashionpedia,train2020,16441,3f921905161f45c3934225efd5763aba.jpg,2,3,true,pattern|그래픽|silhouette|X라인|lower_fit|플레어핏,4.032,1,train,true
fashionpedia,train2020,16442,51e010c25495b97ddfabd76a85818cc2.jpg,2,3,true,sleeve_shape|퍼프 소매|collar|라펠 칼라,7.446,2,train,true
fashionpedia,train2020,16452,d3a35de69edbb4c00421b4f3e35fe225.jpg,2,3,true,category|코트|detail|플리츠,2.804,2,train,true
fashionpedia,train2020,16453,093f50ea9327b2a6a74b083016614253.jpg,2,3,true,neckline|홀터넥|silhouette|A라인,6.098,1,train,true
fashionpedia,train2020,16457,bf4f43232695c8ef057f09ac38e0ef0e.jpg,2,3,true,lower_length|미디·7부 기장|sleeve_shape|퍼프 소매|silhouette|A라인,8.925,2,train,true
fashionpedia,train2020,16459,1327043cc428d20d482137d7b158a752.jpg,2,3,true,lower_fit|스트레이트핏|sleeve_shape|퍼프 소매|category|재킷|collar|라펠 칼라,10.241,3,train,true
fashionpedia,train2020,16477,166479fc2c8e85b68a7fa0cf7e8acbdb.jpg,2,3,true,sleeve_length|7부 소매|category|재킷|pattern|그래픽|collar|칼라 없음|collar|라펠 칼라,11.021,3,train,true
fashionpedia,train2020,16481,72a6849dc4de42c31f21e2fc86501d34.jpg,2,3,true,neckline|오프숄더,4.626,1,train,true
fashionpedia,train2020,16490,aad8387609de1a776e0e4eecd2c3444f.jpg,2,3,true,category|코트|lower_length|무릎 기장|collar|스탠드 칼라,8.149,1,train,true
fashionpedia,train2020,16509,ae70ea61ffd51567678801823ce1780d.jpg,2,3,true,category|코트|material|퍼·플리스|sleeve_length|7부 소매|lower_length|미디·7부 기장|lower_length|무릎 기장|upper_fit|여유핏,11.39,1,train,true
fashionpedia,train2020,16513,0b69e639ff9e3a0d6f86a24c043d41a8.jpg,2,3,true,sleeve_shape|벌룬 소매|lower_length|미디·7부 기장|silhouette|A라인,8.333,1,train,true
fashionpedia,train2020,16515,a302bb5bfe9734741c740b40831ba004.jpg,2,3,true,pattern|스트라이프|category|베스트,7.197,3,train,true
fashionpedia,train2020,16534,2310dec78cb0e9c0a21831ff4c54ef06.jpg,2,3,true,collar|피터팬 칼라|silhouette|A라인,20.503,1,train,true
fashionpedia,train2020,16538,439823d13a30364ee14efc287f60a4bf.jpg,2,3,true,neckline|터틀넥,5.058,3,train,true
fashionpedia,train2020,16546,ebcf6c5f871a5dc3e6e9f035bf8fba78.jpg,2,3,true,detail|리본|pattern|그래픽,2.891,1,train,true
fashionpedia,train2020,16549,229b918ae3a3ec0fe516e2a54cd640d5.jpg,2,3,true,category|쇼츠|collar|스탠드 칼라,6.548,3,train,true
fashionpedia,train2020,16550,38a3a60bb377f1a2043058fec25b3100.jpg,2,3,true,sleeve_length|7부 소매|silhouette|H라인|lower_fit|스트레이트핏|sleeve_shape|퍼프 소매|category|재킷|collar|라펠 칼라,12.922,2,train,true
fashionpedia,train2020,16557,404da821cac25f738771201703e5978a.jpg,2,3,true,neckline|라운드넥|sleeve_shape|퍼프 소매|pattern|플로럴,8.746,2,train,true
fashionpedia,train2020,16558,67dc007768095e1cbdfcfbc439b97885.jpg,2,3,true,pattern|체크|category|쇼츠,2.455,3,train,true
fashionpedia,train2020,16560,161e1c17cf0be97550954b681ef14d14.jpg,2,3,true,neckline|터틀넥,5.058,1,train,true
fashionpedia,train2020,16564,3933c9090468e0bc0f729d77c4cf7c7c.jpg,2,3,true,lower_fit|와이드핏|pattern|플로럴,6.189,2,train,true
fashionpedia,train2020,16573,76cf05c4675fc4afc0f653ecbaf89cc1.jpg,2,3,true,neckline|라운드넥|lower_length|미디·7부 기장|detail|스팽글|lower_length|무릎 기장,9.749,1,train,true
fashionpedia,train2020,16575,316d02a370cbe481e9ef6b5526b367ad.jpg,2,3,true,pattern|그래픽|neckline|V넥,2.632,1,train,true
fashionpedia,train2020,16584,ee2fb74e56e9f9e3b635d01a130942e0.jpg,2,3,true,silhouette|H라인|lower_fit|스트레이트핏|collar|폴로 칼라,15.106,2,train,true
fashionpedia,train2020,16595,49a739fc9f923217cf3ebdc69078d1f6.jpg,2,3,true,detail|프릴·러플|neckline|V넥,2.62,1,train,true
fashionpedia,train2020,16604,203b22dfe672994c69a5edd4f77d7bef.jpg,2,3,true,material|퍼·플리스|neckline|V넥,5.564,2,train,true
fashionpedia,train2020,16615,88daae154f3536931d14052ebbba915d.jpg,2,3,true,detail|리본|silhouette|비대칭|pattern|플로럴,4.045,3,train,true
fashionpedia,train2020,16618,ad20bae7ed2d462497116decce6cadd7.jpg,2,3,true,category|점프수트|pattern|스트라이프|collar|셔츠 칼라,7.231,1,train,true
fashionpedia,train2020,16630,67797e568b7a91781837469e9732304b.jpg,2,3,true,pattern|스트라이프|detail|플리츠|pattern|플로럴,4.099,1,train,true
fashionpedia,train2020,16631,dfe9844f94e6f35aa800750a1a9b4856.jpg,2,3,true,sleeve_shape|벌룬 소매|detail|리본|pattern|플로럴,8.34,2,train,true
fashionpedia,train2020,16633,565d55a569824eb3d624de9e5795e6a4.jpg,2,3,true,material|퍼·플리스,4.339,2,train,true
fashionpedia,train2020,16641,64e98febcf25e1c3da30324951404b0c.jpg,2,3,true,pattern|스트라이프|neckline|보트넥,2.733,2,train,true
fashionpedia,train2020,16655,e2725efe83c6175a13b8a8eb14764761.jpg,2,3,true,sleeve_length|7부 소매|lower_length|무릎 기장|silhouette|비대칭|silhouette|X라인|lower_fit|플레어핏,14.56,1,train,true
fashionpedia,train2020,16658,38cccf60fba09a6d02accdb1b7389ea0.jpg,2,3,true,collar|칼라 없음,5.641,3,train,true
fashionpedia,train2020,16664,7cfc5caa44719094678e3a1c5af8466e.jpg,2,3,true,category|코트|sleeve_shape|퍼프 소매|lower_length|무릎 기장|collar|셔츠 칼라,10.302,2,train,true
fashionpedia,train2020,16665,02c2f78b1472b541403326f2994d1805.jpg,2,3,true,detail|프릴·러플|detail|플리츠,2.89,2,train,true
fashionpedia,train2020,16675,f3cbadea6dd47876ae81c678a8ba9029.jpg,2,3,true,sleeve_shape|벌룬 소매|collar|셔츠 칼라,6.947,2,train,true
fashionpedia,train2020,16676,8dc0d7fc48e2212a9f792d0a44e721a5.jpg,2,3,true,neckline|오프숄더|sleeve_length|7부 소매,6.056,1,train,true
fashionpedia,train2020,16679,aa0b2c1f3083c533e659996ccce5bec5.jpg,2,3,true,pattern|애니멀,4.8,2,train,true
fashionpedia,train2020,16695,496793fbbe59fd0f41c6c87935921b5f.jpg,2,3,true,detail|플리츠|neckline|V넥|lower_fit|플레어핏,3.978,2,train,true
fashionpedia,train2020,16698,46403727b4cc763f9af8a760617a6278.jpg,2,3,true,pattern|그래픽|neckline|V넥,2.632,1,train,true
fashionpedia,train2020,16700,4614468c93a60b15257f34c8d41396e1.jpg,2,3,true,collar|셔츠 칼라|silhouette|A라인|neckline|터틀넥,7.835,3,train,true
fashionpedia,train2020,16729,97eae21915b38f920f27a29f47c1535c.jpg,2,3,true,detail|리본|sleeve_shape|퍼프 소매,7.691,1,train,true
fashionpedia,train2020,16745,923e9949d35ae5499ce828631ec45df7.jpg,2,3,true,category|코트|material|퍼·플리스,5.648,4,train,true
fashionpedia,train2020,16748,b88cdb6c417915da8ce753a2a6004442.jpg,2,3,true,category|쇼츠|neckline|라운드넥|sleeve_shape|벨 소매|pattern|플로럴,9.033,2,train,true
fashionpedia,train2020,16756,25ac0361b167b75e94648a19ba77b4a1.jpg,2,3,true,lower_fit|슬림핏|sleeve_shape|래글런 소매|silhouette|H라인|lower_fit|스트레이트핏|category|재킷|collar|셔츠 칼라,13.262,4,train,true
fashionpedia,train2020,16760,f16aaf5521394286095231b65918c158.jpg,2,3,true,lower_fit|와이드핏,4.948,2,train,true
fashionpedia,train2020,16770,05862e2154f0535f20b680527edd6f2f.jpg,2,3,true,neckline|라운드넥|lower_length|무릎 기장|category|가디건|pattern|플로럴,9.163,2,train,true
fashionpedia,train2020,16782,27aa6c3c5857fa13737d0bef6c9dc5d6.jpg,2,3,true,neckline|라운드넥|silhouette|A라인|collar|칼라 없음,8.383,3,train,true
fashionpedia,train2020,16789,5b13830b73ed4a35b826241591804852.jpg,2,3,true,category|점프수트,4.536,1,train,true
fashionpedia,train2020,16790,f494432a6526fe73a4703182857cec14.jpg,2,3,true,silhouette|A라인|collar|스탠드 칼라,6.832,2,train,true
fashionpedia,train2020,16803,ff087ef03bd60a5a683dee36d5fc7b31.jpg,2,3,true,neckline|오프숄더|silhouette|X라인|lower_fit|플레어핏,7.251,1,train,true
fashionpedia,train2020,16807,f34e3d7d8425228664dbbca231947d8f.jpg,2,3,true,pattern|스트라이프|neckline|보트넥,2.733,2,train,true
fashionpedia,train2020,16819,9ac62f65068e0080602a24183c3e6571.jpg,2,3,true,detail|리본|neckline|V넥|pattern|플로럴,3.951,1,train,true
fashionpedia,train2020,16823,5a4b32d71705e63aef78675a5c36d9ec.jpg,2,3,true,category|코트|detail|후드|pattern|플로럴|collar|라펠 칼라,9.059,2,train,true
fashionpedia,train2020,16828,e1bdd5bb2e77518f210776a4430d818c.jpg,2,3,true,detail|프릴·러플|silhouette|X라인|lower_fit|플레어핏,4.019,1,train,true
fashionpedia,train2020,16833,8bf528dcc4888f1d0c15a6d10d49d42b.jpg,2,3,true,silhouette|A라인|neckline|터틀넥,6.502,1,train,true
fashionpedia,train2020,16836,d300158a9cff1dfe10ba3b6ea82acfad.jpg,2,3,true,material|퍼·플리스,4.339,1,train,true
fashionpedia,train2020,16837,a29ae8861bcb4019964c80a4cd4eaa28.jpg,2,3,true,pattern|카모|neckline|라운드넥,15.964,2,train,true
fashionpedia,train2020,16854,f63c02b149aeac864581a4138355f60f.jpg,2,3,true,sleeve_shape|벌룬 소매|lower_length|미디·7부 기장|lower_fit|스트레이트핏|lower_length|무릎 기장|collar|셔츠 칼라,11.165,1,train,true
fashionpedia,train2020,16859,726f4e25a7fb1c96702e3614161961c7.jpg,2,3,true,category|코트|category|점프수트,5.845,2,train,true
fashionpedia,train2020,16871,69c7eacd5987e129b291b2c758ac7a04.jpg,2,3,true,sleeve_shape|벨 소매,5.333,2,train,true
fashionpedia,train2020,16874,f57fb11b1c8484d4642295155ba8db7b.jpg,2,3,true,neckline|스퀘어넥|pattern|스트라이프,7.334,1,train,true
fashionpedia,train2020,16877,b5e4a34e6c7a2f6f66d37b7bf0b7d0e5.jpg,2,3,true,category|쇼츠|collar|칼라 없음,6.802,2,train,true
fashionpedia,train2020,16879,a260effb0fda30f73a033a65ea601c8e.jpg,2,3,true,lower_length|무릎 기장|silhouette|A라인|category|재킷|neckline|V넥|collar|스탠드 칼라,10.813,3,train,true
fashionpedia,train2020,16883,fe40ad2dda2757010499be1ba3854829.jpg,2,3,true,neckline|터틀넥,5.058,1,train,true
fashionpedia,train2020,16925,fa7ea51a72543931d9f4896a221ab84f.jpg,2,3,true,silhouette|A라인|pattern|애니멀|pattern|플로럴,7.486,2,train,true
fashionpedia,train2020,16941,b363bb7165f83708e7c0fe43475ad448.jpg,2,3,true,silhouette|X라인|sleeve_shape|벨 소매|pattern|플로럴|lower_fit|플레어핏,12.976,2,train,true
fashionpedia,train2020,16950,dc3901198b86e5a42fbfbc019ca91fc5.jpg,2,3,true,neckline|홀터넥|pattern|플로럴,5.895,1,train,true
fashionpedia,train2020,16954,481c72c1fe16bcaf445c78860d25b2ac.jpg,2,3,true,sleeve_shape|벨 소매,5.333,1,train,true
fashionpedia,train2020,16955,55a3113cbd3f404d6e737f85667a040b.jpg,2,3,true,neckline|홀터넥,4.653,1,train,true
fashionpedia,train2020,16957,d9b363d5c49e9f5d451ba0c79a5ed0de.jpg,2,3,true,category|가디건|pattern|그래픽,2.7,3,train,true
fashionpedia,train2020,16961,0b3c822d8f3f15746f78fa8e7064bba1.jpg,2,3,true,detail|리본|sleeve_shape|퍼프 소매,7.691,1,train,true
fashionpedia,train2020,16964,963eeb6d643916b2706914bd26ca392e.jpg,2,3,true,detail|리본|silhouette|비대칭,2.803,1,train,true
fashionpedia,train2020,16966,2485e3dc5f4c848a189ef635d673bcc4.jpg,2,3,true,category|점프수트|pattern|스트라이프|sleeve_length|7부 소매|lower_fit|스트레이트핏|category|재킷|collar|라펠 칼라,11.362,2,train,true
fashionpedia,train2020,16968,2ceb4715f2b4df7428eee6fb6409887f.jpg,2,3,true,category|셔츠|silhouette|H라인|collar|라펠 칼라|lower_fit|스트레이트핏|category|재킷|category|베스트|collar|셔츠 칼라,13.728,4,train,true
fashionpedia,train2020,16973,51361e6273457358b5ff795e1e0f0188.jpg,2,3,true,detail|스팽글,5.725,1,train,true
fashionpedia,train2020,16974,0d8602636caa87d56e019e4edc3f5acd.jpg,2,3,true,category|코트|category|가디건|collar|라펠 칼라,7.72,3,train,true
fashionpedia,train2020,16975,dc7377f0ae5c93790682f6dd88708d5c.jpg,2,3,true,sleeve_length|7부 소매|sleeve_shape|벨 소매|pattern|플로럴,8.005,1,train,true
fashionpedia,train2020,16992,68e0cb904f8d6852e5de56941e1212b2.jpg,2,3,true,sleeve_length|7부 소매|lower_length|미디·7부 기장|collar|스탠드 칼라,8.092,2,train,true
fashionpedia,train2020,17008,b4d0f103feadea730aa6f6890cd5378b.jpg,2,3,true,neckline|홀터넥,4.653,2,train,true
fashionpedia,train2020,17017,2943da2bd8955ee2bcd2b1ff2ead2b89.jpg,2,3,true,category|쇼츠|sleeve_shape|퍼프 소매,7.367,2,train,true
fashionpedia,train2020,17031,78e0f59a0ba120c7895310c16a96138c.jpg,2,3,true,detail|프릴·러플|lower_fit|플레어핏,2.653,1,train,true
fashionpedia,train2020,17037,332c8f5633b1b75e809abecdbf5c3779.jpg,2,3,true,category|셔츠|detail|리본|lower_fit|스트레이트핏|category|베스트|collar|셔츠 칼라,11.418,3,train,true
fashionpedia,train2020,17038,0d7812e2ce80e1b439e6a4936e6006e5.jpg,2,3,true,category|코트|sleeve_length|7부 소매|sleeve_shape|퍼프 소매|upper_fit|여유핏|collar|라펠 칼라,11.771,3,train,true
fashionpedia,train2020,17040,dcc0c55b8083b14f04a7c99b472bbda1.jpg,2,3,true,pattern|체크|category|셔츠|detail|후드|silhouette|H라인|lower_fit|스트레이트핏|upper_fit|여유핏|collar|셔츠 칼라,13.497,2,train,true
fashionpedia,train2020,17042,6d0c49ba5f2d33ac4280ba62f0aecc3f.jpg,2,3,true,category|쇼츠|pattern|그래픽,2.567,2,train,true
fashionpedia,train2020,17056,e9ddff4f1de0fef914b8a9dc9f7c1ecd.jpg,2,3,true,detail|프릴·러플|silhouette|X라인|lower_fit|플레어핏,4.019,1,train,true
fashionpedia,train2020,17058,96a4c2624ceb2d6d3d83c6d79727c74d.jpg,2,3,true,lower_fit|와이드핏|detail|플리츠,6.442,2,train,true
fashionpedia,train2020,17072,f51fa89e5c8a40659d72c01587ba0f90.jpg,2,3,true,sleeve_shape|퍼프 소매|detail|플리츠|pattern|플로럴,8.944,2,train,true
fashionpedia,train2020,17075,4469f2a6067e4b5da88ec0274ba30219.jpg,2,3,true,pattern|애니멀,4.8,3,train,true
fashionpedia,train2020,17079,213a86d5fb97552a347be564873db006.jpg,2,3,true,pattern|스트라이프|sleeve_length|7부 소매|category|가디건,7.963,3,train,true
fashionpedia,train2020,17094,fc5a29927a7e412e50b0c3a2da512e7a.jpg,2,3,true,neckline|V넥|pattern|그래픽,2.632,2,train,true
fashionpedia,train2020,17101,fcc34c22f181bb5ad1dcd72a917e8da3.jpg,2,3,true,category|코트|lower_length|무릎 기장|sleeve_shape|벨 소매,8.095,2,train,true
fashionpedia,train2020,17114,4274b08c6624f09e4061211115361285.jpg,2,3,true,detail|리본|detail|플리츠,2.979,1,train,true
fashionpedia,train2020,17125,397ea5ac1a155bf9e2a7b73b6cafe0d2.jpg,2,3,true,collar|스탠드 칼라|sleeve_length|7부 소매,6.818,1,train,true
fashionpedia,train2020,17142,d8617f2fe1fa9914c4a0f46c690aea08.jpg,2,3,true,sleeve_length|7부 소매|pattern|애니멀,6.23,2,train,true
fashionpedia,train2020,17156,9045a2307af52574fd5cba304dd38cf3.jpg,2,3,true,detail|플리츠|silhouette|비대칭,2.814,1,train,true
fashionpedia,train2020,17186,8c3b1b597d63f6370282db6eaefbda59.jpg,2,3,true,sleeve_shape|벌룬 소매|detail|리본,7.098,2,train,true
fashionpedia,train2020,17187,4c7350366bc4f9de59b22d06d35cff5d.jpg,2,3,true,collar|라펠 칼라|category|재킷|silhouette|X라인|lower_fit|플레어핏|collar|스탠드 칼라,14.331,2,train,true
fashionpedia,train2020,17191,667a2715669f99e5320be52206bd109b.jpg,2,3,true,neckline|오프숄더,4.626,1,train,true
fashionpedia,train2020,17194,7e23b9e0f7a93cc00703ef33aa389261.jpg,2,3,true,category|코트|pattern|스트라이프|detail|리본,4.155,3,train,true
fashionpedia,train2020,17210,04bf90ad2bd23d1f9cf213862b8cf5be.jpg,2,3,true,neckline|터틀넥,5.058,1,train,true
fashionpedia,train2020,17217,55564257bfc548e5f6f2a68efc194683.jpg,2,3,true,detail|리본|sleeve_shape|캡 소매,2.755,3,train,true
fashionpedia,train2020,17232,82a928c91880e569f817acf0fef47e03.jpg,2,3,true,material|퍼·플리스,4.339,3,train,true
fashionpedia,train2020,17237,661a74866fd8b58b637d3e24dfa188a0.jpg,2,3,true,collar|라펠 칼라|lower_length|무릎 기장|sleeve_shape|벨 소매,8.025,2,train,true
fashionpedia,train2020,17269,43b9e1b7d60a06624753da07a94e01ee.jpg,2,3,true,sleeve_shape|벌룬 소매|sleeve_length|7부 소매,7.044,2,train,true
fashionpedia,train2020,17276,0c0c00d16881f8b7fdb966c87183be14.jpg,2,3,true,neckline|오프숄더|silhouette|A라인|pattern|플로럴,7.313,1,train,true
fashionpedia,train2020,17282,1a60236bcfabeabc256305bfe9eec54b.jpg,2,3,true,pattern|스트라이프|neckline|라운드넥|lower_length|미디·7부 기장|lower_fit|와이드핏|lower_length|무릎 기장|upper_fit|여유핏,11.919,2,train,true
fashionpedia,train2020,17286,ff500ae1c3f3cf4cc4ccee5c40eaf658.jpg,2,3,true,neckline|V넥|collar|칼라 없음,6.866,3,train,true
fashionpedia,train2020,17287,2ac349d88f33cc342ada8e3a3108763e.jpg,2,3,true,detail|프릴·러플|neckline|V넥,2.62,2,train,true
fashionpedia,train2020,17293,9e94d8a21e4dbee61d88320ba59c53a6.jpg,2,3,true,pattern|그래픽|neckline|V넥,2.632,1,train,true
fashionpedia,train2020,17299,eaaee079d3a5296a0f1f30adfe887d33.jpg,2,3,true,detail|리본|lower_fit|플레어핏,2.743,2,train,true
fashionpedia,train2020,17300,d3375f5d457aeded4663c5042fe9f269.jpg,2,3,true,category|점프수트|neckline|V넥,5.761,2,train,true
fashionpedia,train2020,17318,774a3e950854678042dda97e44146736.jpg,2,3,true,detail|플리츠|silhouette|X라인|lower_fit|플레어핏,4.12,1,train,true
fashionpedia,train2020,17321,7c66e4dc863dd329e6a183df62b17610.jpg,2,3,true,collar|칼라 없음,5.641,2,train,true
fashionpedia,train2020,17326,6be181e08abb5c5c68b8c347b6f93703.jpg,2,3,true,silhouette|X라인|lower_length|미디·7부 기장|lower_length|무릎 기장|detail|플리츠|pattern|플로럴|lower_fit|플레어핏,11.864,1,train,true
fashionpedia,train2020,17339,09ba85cb7d9b326be5dc9872be88790b.jpg,2,3,true,category|셔츠|lower_fit|와이드핏|category|재킷|collar|셔츠 칼라|collar|라펠 칼라,10.098,3,train,true
fashionpedia,train2020,17344,ddd927cd4db78a4bc14885638450989e.jpg,2,3,true,category|셔츠|lower_fit|와이드핏|upper_fit|여유핏|category|재킷|collar|셔츠 칼라|pattern|플로럴|collar|라펠 칼라,12.925,3,train,true
fashionpedia,train2020,17345,5e1334c021b3b1f0cad611f0f89b4b36.jpg,2,3,true,category|점프수트|collar|셔츠 칼라|pattern|플로럴,7.111,1,train,true
fashionpedia,train2020,17355,69a1429b4c0a057e402119a63e731561.jpg,2,3,true,neckline|오프숄더,4.626,1,train,true
fashionpedia,train2020,17360,d286f694344b001c3b332cb1d3a94dec.jpg,2,3,true,detail|플리츠|silhouette|X라인|lower_fit|플레어핏,4.12,1,train,true
fashionpedia,train2020,17372,aca62969669a02de90a40822764fcfef.jpg,2,3,true,neckline|홀터넥|lower_length|미디·7부 기장|detail|플리츠,7.422,1,train,true
fashionpedia,train2020,17375,a339bca649007a703489ecc67c91e6d3.jpg,2,3,true,neckline|터틀넥,5.058,3,train,true
fashionpedia,train2020,17376,45aa730c5354a140f24baf888feea42f.jpg,2,3,true,category|베스트|collar|셔츠 칼라,7.168,2,train,true
fashionpedia,train2020,17383,21c541fc58691f9eb0745ddd7c189f16.jpg,2,3,true,pattern|그래픽|silhouette|X라인|lower_fit|플레어핏,4.032,1,train,true
fashionpedia,train2020,17406,c2744cd130fcfeae999ac08969be7b63.jpg,2,3,true,neckline|스퀘어넥,5.972,1,train,true
fashionpedia,train2020,17412,5b168b5bd15acf5a992a98ac61879697.jpg,2,3,true,sleeve_shape|퍼프 소매|detail|플리츠|collar|라펠 칼라,8.941,2,train,true
fashionpedia,train2020,17421,b740e644b04955d6afdc429031cb36be.jpg,2,3,true,neckline|라운드넥|category|베스트|collar|라펠 칼라,8.373,2,train,true
fashionpedia,train2020,17423,8c2fc07f45877d79b7d9f60be16ddb87.jpg,2,3,true,sleeve_shape|퍼프 소매,6.207,1,train,true
fashionpedia,train2020,17432,87caafaf0df8c816961819ec06babf51.jpg,2,3,true,neckline|보트넥|lower_fit|플레어핏,2.63,2,train,true
fashionpedia,train2020,17440,1d2a3346ca561896c03d665d41ae283f.jpg,2,3,true,collar|칼라 없음,5.641,3,train,true
fashionpedia,train2020,17453,037ad94fce4a950c4ae690641631da73.jpg,2,3,true,pattern|스트라이프|pattern|도트,2.69,2,train,true
fashionpedia,train2020,17462,aee62ed518afca486dc06a3fc3d4f1f1.jpg,2,3,true,category|코트|category|셔츠|upper_fit|여유핏|collar|셔츠 칼라|lower_fit|와이드핏|sleeve_length|7부 소매,11.88,4,train,true
fashionpedia,train2020,17469,16e625b2128805a8ffdfa36d15304e47.jpg,2,3,true,category|코트|category|쇼츠|pattern|스트라이프,3.832,3,train,true
fashionpedia,train2020,17482,9084737d4bf8fa4f6510cb1d87a9f06e.jpg,2,3,true,category|쇼츠|category|니트,2.518,2,train,true
fashionpedia,train2020,17489,eb3e848d5f3969eb49f10ef14db11593.jpg,2,3,true,category|코트|lower_length|미디·7부 기장|lower_length|무릎 기장|pattern|도트|collar|라펠 칼라,10.588,2,train,true
fashionpedia,train2020,17495,4bf7ddbba3d1d5a0d0cae780f6b75223.jpg,2,3,true,sleeve_shape|벌룬 소매|lower_length|미디·7부 기장|silhouette|A라인|pattern|플로럴,9.574,1,train,true
fashionpedia,train2020,17512,e23bb106a3b6aa3390193a3a20293a96.jpg,2,3,true,sleeve_length|7부 소매|upper_fit|오버핏|lower_length|미디·7부 기장|lower_fit|스트레이트핏|collar|셔츠 칼라,11.928,2,train,true
fashionpedia,train2020,17514,391f679a7250cbf96c7b173c0c6679da.jpg,2,3,true,pattern|애니멀|lower_fit|플레어핏,6.059,2,train,true
fashionpedia,train2020,17525,dd88d9fd9fce7f51719e277d559d16bc.jpg,2,3,true,neckline|홀터넥,4.653,2,train,true
fashionpedia,train2020,17528,ac157bd065d2828c423c72dc1f2a9a99.jpg,2,3,true,detail|리본|pattern|그래픽,2.891,2,train,true
fashionpedia,train2020,17537,40f9d99d03d64cd632376d0d55555d2f.jpg,2,3,true,pattern|애니멀|neckline|V넥,6.025,1,train,true
fashionpedia,train2020,17540,817bebd76f07eae6e2b834233e561e52.jpg,2,3,true,lower_fit|와이드핏|pattern|플로럴,6.189,2,train,true
fashionpedia,train2020,17542,bde4db7fa5f1288dbd855ba1b372696b.jpg,2,3,true,neckline|스퀘어넥|pattern|그래픽,7.379,1,train,true
fashionpedia,train2020,17562,088f5f2957d7448aadd9327ad32992ee.jpg,2,3,true,detail|리본|lower_fit|스트레이트핏|category|재킷|sleeve_shape|벨 소매|collar|라펠 칼라,10.851,3,train,true
fashionpedia,train2020,17568,aaceaa2fefd68f6662577474e02493ff.jpg,2,3,true,neckline|스퀘어넥,5.972,1,train,true
fashionpedia,train2020,17575,e43562c57797e12a25a5e7279cb15c6d.jpg,2,3,true,category|코트|lower_length|미디·7부 기장|lower_fit|스트레이트핏|lower_length|무릎 기장|pattern|도트,10.839,3,train,true
fashionpedia,train2020,17585,7f281c1b7c24502d18f30f42e3da6e35.jpg,2,3,true,detail|프릴·러플|lower_fit|플레어핏,2.653,2,train,true
fashionpedia,train2020,17588,61478a8c572981a084b2fc6ddcd7399c.jpg,2,3,true,neckline|스퀘어넥|category|쇼츠,7.132,2,train,true
fashionpedia,train2020,17596,97e7e89f04ee506c568e4422d0f7fb51.jpg,2,3,true,detail|스팽글|neckline|V넥,6.95,2,train,true
fashionpedia,train2020,17599,e975a6c4bb601e34073393803c76434e.jpg,2,3,true,neckline|라운드넥|lower_fit|플레어핏|pattern|도트,7.868,2,train,true
fashionpedia,train2020,17613,f446495922141758aa39036c5b1d1247.jpg,2,3,true,sleeve_length|7부 소매|detail|플리츠|neckline|터틀넥|lower_fit|플레어핏,13.017,1,train,true
fashionpedia,train2020,17614,f62d757a7e008efb29afe23c545cde8e.jpg,2,3,true,silhouette|O라인|detail|플리츠,19.495,1,train,true
fashionpedia,train2020,17623,72e2d203aacac9b34994160dfe15a1b8.jpg,2,3,true,detail|프릴·러플|lower_fit|플레어핏,2.653,1,train,true
fashionpedia,train2020,17634,8ac0207297090601b0b14b030cadcc0c.jpg,2,3,true,collar|스탠드 칼라,5.388,3,train,true
fashionpedia,train2020,17635,c66dfaffd25a37d39e236d9981b47c0d.jpg,2,3,true,category|코트|pattern|스트라이프|silhouette|A라인,4.116,2,train,true
fashionpedia,train2020,17639,7cc1ec0a22ba3dafd81e3d16edb810e8.jpg,2,3,true,lower_length|미디·7부 기장|lower_length|무릎 기장|collar|스탠드 칼라,8.114,2,train,true
fashionpedia,train2020,17646,6e5a61848ee06b92040f49653996f776.jpg,2,3,true,category|코트|sleeve_shape|퍼프 소매|lower_length|무릎 기장|neckline|V넥|collar|라펠 칼라,11.433,3,train,true
fashionpedia,train2020,17648,94414ea9fec740c6844c25e144b1d829.jpg,2,3,true,category|점프수트,4.536,2,train,true
fashionpedia,train2020,17682,e955620a3fb287f16e459711955d328f.jpg,2,3,true,lower_fit|슬림핏|category|코트|collar|스탠드 칼라|lower_length|무릎 기장|silhouette|X라인|lower_fit|플레어핏,15.673,3,train,true
fashionpedia,train2020,17684,437e2c0d4f059e709f24755615302fb9.jpg,2,3,true,neckline|스퀘어넥|detail|리본|silhouette|A라인,8.901,1,train,true
fashionpedia,train2020,17704,c3b1e2a11975ab408f9cabae9b0de40b.jpg,2,3,true,lower_length|미디·7부 기장|detail|리본|sleeve_shape|벨 소매,8.092,1,train,true
fashionpedia,train2020,17708,46448c223cd8cede700e00d0893ae7ec.jpg,2,3,true,neckline|오프숄더|lower_length|미디·7부 기장,5.901,1,train,true
fashionpedia,train2020,17716,97f41ba1fd43456fd2a1fe19d849b72f.jpg,2,3,true,detail|프릴·러플|neckline|V넥,2.62,1,train,true
fashionpedia,train2020,17717,247bec84102d2e2538523a0f4b49f7c5.jpg,2,3,true,pattern|플로럴|detail|플리츠|collar|칼라 없음,8.378,1,train,true
fashionpedia,train2020,17727,c30d585cdf7c25a9d896589bf294b0d2.jpg,2,3,true,silhouette|O라인,18.0,1,train,true
fashionpedia,train2020,17762,9dd892cf00eed89f8cf466e29dae6b6a.jpg,2,3,true,neckline|홀터넥|sleeve_length|7부 소매|lower_length|무릎 기장|silhouette|A라인,8.98,1,train,true
fashionpedia,train2020,17763,90bc0440d01432f1c7c5ba64e1568947.jpg,2,3,true,detail|스팽글,5.725,2,train,true
fashionpedia,train2020,17771,b8e6e20224bda883cf173fb652af0775.jpg,2,3,true,category|셔츠|pattern|스트라이프|lower_length|미디·7부 기장|category|베스트|collar|셔츠 칼라|collar|라펠 칼라,12.319,3,train,true
fashionpedia,train2020,17777,bd702f0dc77905980f92324b91b2bb2d.jpg,2,3,true,neckline|홀터넥,4.653,1,train,true
fashionpedia,train2020,17784,db7cb531534bc6f9da14a938b9ad36d1.jpg,2,3,true,silhouette|비대칭|neckline|V넥,2.544,2,train,true
fashionpedia,train2020,17786,085742f6852572164b4f7753fc745ada.jpg,2,3,true,neckline|홀터넥,4.653,1,train,true
fashionpedia,train2020,17787,d0945030c251b89093f24a539c51c9c6.jpg,2,3,true,neckline|오프숄더,4.626,2,train,true
fashionpedia,train2020,17795,05066a615dd5fb32b255f8f5df40f0ca.jpg,2,3,true,category|셔츠|silhouette|H라인|collar|라펠 칼라|lower_fit|스트레이트핏|category|재킷|category|베스트|collar|셔츠 칼라,13.728,4,train,true
fashionpedia,train2020,17803,e8c8156904ce7acad1ba03f6f26301ed.jpg,2,3,true,category|쇼츠|neckline|오프숄더|pattern|플로럴,7.029,2,train,true
fashionpedia,train2020,17806,0e4593735b528e988fe16cd07f521060.jpg,2,3,true,detail|스팽글,5.725,2,train,true
fashionpedia,train2020,17814,d5e377df61ad3a93f7a84737c1135616.jpg,2,3,true,category|코트|silhouette|A라인|detail|플리츠,4.249,3,train,true
fashionpedia,train2020,17815,f47a5a7e87f02cade81590dd93d2fb4f.jpg,2,3,true,sleeve_shape|퍼프 소매,6.207,1,train,true
fashionpedia,train2020,17819,3c726dc46e8d8a052959ece3f7910be5.jpg,2,3,true,category|쇼츠|sleeve_length|7부 소매|pattern|도트,7.902,2,train,true
fashionpedia,train2020,17832,25f5f9c26c8a2f7941c45e43cc80878a.jpg,2,3,true,sleeve_shape|퍼프 소매,6.207,3,train,true
fashionpedia,train2020,17849,9b81f2393a4a3aba60d6d7ee27f8545d.jpg,2,3,true,silhouette|A라인|neckline|터틀넥,6.502,1,train,true
fashionpedia,train2020,17866,a7d66100c938fc99f510211cb273f349.jpg,2,3,true,lower_length|무릎 기장|collar|피터팬 칼라,20.511,1,train,true
fashionpedia,train2020,17871,43582235b2eb159e5ea1b9f6ebaf258b.jpg,2,3,true,pattern|스트라이프|silhouette|비대칭,2.681,1,train,true
fashionpedia,train2020,17890,b0eac34db30bb0748c8cd33ecd36ddb8.jpg,2,3,true,lower_length|미디·7부 기장|lower_fit|와이드핏,6.222,2,train,true
fashionpedia,train2020,17892,7f603a1b34c728b80c7efe6813da1120.jpg,2,3,true,lower_length|무릎 기장|silhouette|X라인|lower_fit|플레어핏|pattern|도트,13.165,1,train,true
fashionpedia,train2020,17893,7669377e379f48853f568bffaafeb52d.jpg,2,3,true,lower_fit|와이드핏,4.948,2,train,true
fashionpedia,train2020,17894,a9b4e8ec7687c1794e175ad53f31a1e8.jpg,2,3,true,detail|프릴·러플|silhouette|A라인|silhouette|비대칭,4.158,1,train,true
fashionpedia,train2020,17895,6e317861631c11d07f6bce54926d6b4a.jpg,2,3,true,lower_length|미디·7부 기장|detail|스팽글|lower_length|무릎 기장|silhouette|X라인|lower_fit|플레어핏,14.852,1,train,true
fashionpedia,train2020,17903,61247ac97f6c25ecdcb99ee305f99c62.jpg,2,3,true,detail|플리츠|sleeve_shape|벨 소매|collar|라펠 칼라,8.068,2,train,true
fashionpedia,train2020,17907,d7583a7e0458cda7cfc83fbcfefba5c7.jpg,2,3,true,collar|스탠드 칼라,5.388,2,train,true
fashionpedia,train2020,17908,f337a9a25d91f98e98b4e55525f0259b.jpg,2,3,true,lower_fit|스트레이트핏|lower_length|무릎 기장|sleeve_shape|퍼프 소매,9.15,2,train,true
fashionpedia,train2020,17909,68b5fc15845596994364933370d814b9.jpg,2,3,true,detail|플리츠|pattern|그래픽,2.902,2,train,true
fashionpedia,train2020,17912,5e3811e457827d92f9878dfe9ae73057.jpg,2,3,true,detail|스팽글,5.725,1,train,true
fashionpedia,train2020,17922,5dd0edb761dfed42f636db62d18df374.jpg,2,3,true,lower_length|미디·7부 기장|sleeve_shape|퍼프 소매|collar|셔츠 칼라,8.814,1,train,true
fashionpedia,train2020,17923,fb3c96721bc69acf9c4e6975b5b202ba.jpg,2,3,true,category|코트|detail|후드|collar|라펠 칼라,7.817,3,train,true
fashionpedia,train2020,17926,47780959f3d0b721ee306ef54b019fc1.jpg,2,3,true,pattern|스트라이프|detail|스팽글,7.087,2,train,true
fashionpedia,train2020,17927,f0519a5d293d222fa87ada91b47e59ed.jpg,2,3,true,sleeve_shape|벌룬 소매,5.614,2,train,true
fashionpedia,train2020,17933,b7ddc8457555459fabbbda73593e73d8.jpg,2,3,true,material|퍼·플리스|detail|플리츠,5.834,2,train,true
fashionpedia,train2020,17934,e9627dfb67ec3452f72ff1ccc6405d61.jpg,2,3,true,category|코트|lower_length|미디·7부 기장|collar|스탠드 칼라,7.971,3,train,true
fashionpedia,train2020,17936,53e2c7270574efc4a915b0256280ba34.jpg,2,3,true,sleeve_length|7부 소매|silhouette|H라인|lower_fit|스트레이트핏|upper_fit|여유핏|category|재킷|neckline|터틀넥|collar|셔츠 칼라,13.451,3,train,true
fashionpedia,train2020,17937,3e63d5cda4d43cb464340df3e7d201cf.jpg,2,3,true,lower_length|미디·7부 기장|lower_fit|스트레이트핏|lower_length|무릎 기장|neckline|터틀넥,9.275,1,train,true
fashionpedia,train2020,17946,8641d29e7f749b859866cf0a21ba11de.jpg,2,3,true,lower_fit|스트레이트핏|silhouette|X라인|lower_fit|플레어핏|pattern|도트,13.204,1,train,true
fashionpedia,train2020,17947,9b88b55467f86688e575ac46aa8b6b17.jpg,2,3,true,neckline|홀터넥,4.653,2,train,true
fashionpedia,train2020,17948,a94a38178e7c238cf4d275599c95ac95.jpg,2,3,true,category|코트|collar|라펠 칼라|lower_fit|스트레이트핏|sleeve_shape|퍼프 소매,10.247,2,train,true
fashionpedia,train2020,17957,57495f24db0f6518cce436ff7e6594c3.jpg,2,3,true,sleeve_shape|벨 소매|pattern|플로럴,6.575,1,train,true
fashionpedia,train2020,17976,d01c43598850b50b55bdefc63ec52d64.jpg,2,3,true,neckline|스퀘어넥|pattern|스트라이프,7.334,1,train,true
fashionpedia,train2020,17979,79c259e18bf823a2dca6b89af839b290.jpg,2,3,true,lower_fit|와이드핏,4.948,2,train,true
fashionpedia,train2020,17991,e06de82565360e6d0967146c2e7d19b1.jpg,2,3,true,detail|리본|neckline|V넥,2.709,1,train,true
fashionpedia,train2020,17998,239632f2aad419f6320645b294b8855a.jpg,2,3,true,neckline|홀터넥|lower_length|미디·7부 기장|pattern|플로럴,7.169,2,train,true
fashionpedia,train2020,18003,f104ed4e8f3c30e2fa8ddfbd3332b413.jpg,2,3,true,pattern|애니멀,4.8,1,train,true
fashionpedia,train2020,18006,c5f9fda223a6f09b99176b79d3c5375a.jpg,2,3,true,detail|리본|silhouette|비대칭,2.803,2,train,true
fashionpedia,train2020,18007,bfff507f5b9b3f8f939972be051478ac.jpg,2,3,true,category|코트|collar|피터팬 칼라|collar|라펠 칼라,21.607,2,train,true
fashionpedia,train2020,18011,15ccf8e1a1b01c8e6f07294a423b00d3.jpg,2,3,true,category|점프수트|detail|리본|pattern|플로럴,7.262,1,train,true
fashionpedia,train2020,18015,34deb6e587e2d91dac4bc6c3ca62c768.jpg,2,3,true,sleeve_length|7부 소매|silhouette|A라인|neckline|터틀넥,7.932,2,train,true
fashionpedia,train2020,18018,8602aad5fa52ab64ae07a3539b070a4d.jpg,2,3,true,pattern|스트라이프|collar|칼라 없음,7.003,2,train,true
fashionpedia,train2020,18023,9ad2e3f74f90b4e834ba25ff09fef3c4.jpg,2,3,true,sleeve_length|7부 소매|collar|칼라 없음,7.071,1,train,true
fashionpedia,train2020,18029,f756128dba5ebaf3674b6bc68e8e31c5.jpg,2,3,true,material|퍼·플리스,4.339,2,train,true
fashionpedia,train2020,18030,a026cf0287d1d8a0703cefcc440a3e4b.jpg,2,3,true,material|퍼·플리스,4.339,3,train,true
fashionpedia,train2020,18058,2736c5ae280abed8f42b34ba6d5d72da.jpg,2,3,true,neckline|터틀넥,5.058,2,train,true
fashionpedia,train2020,18060,fc588ae32c48f785b8e8585899ecbcf4.jpg,2,3,true,category|코트|material|퍼·플리스,5.648,1,train,true
fashionpedia,train2020,18064,dc1819cee5133508a44fd7f1539ea13c.jpg,2,3,true,pattern|애니멀,4.8,2,train,true
fashionpedia,train2020,18066,a9f60a12f73f71db13d787e6be16c29a.jpg,2,3,true,neckline|터틀넥,5.058,3,train,true
fashionpedia,train2020,18072,94b843e7dd3ca35d6b5d73cd17097cb7.jpg,2,3,true,lower_fit|슬림핏|category|셔츠|lower_length|무릎 기장|silhouette|비대칭|collar|셔츠 칼라|lower_fit|플레어핏,15.495,2,train,true
fashionpedia,train2020,18078,e02b0329761964339fa45a9a89161c97.jpg,2,3,true,neckline|라운드넥|lower_length|무릎 기장|category|재킷|sleeve_shape|벨 소매|collar|라펠 칼라,10.627,2,train,true
fashionpedia,train2020,18080,6ab27efe211c7268bd48d516f44626b3.jpg,2,3,true,sleeve_shape|벌룬 소매,5.614,2,train,true
fashionpedia,train2020,18090,75bc1cdfa1a5993ffa8ef22c1090e7db.jpg,2,3,true,neckline|라운드넥|detail|후드|lower_length|미디·7부 기장|lower_length|무릎 기장|category|재킷,10.596,3,train,true
fashionpedia,train2020,18094,5e7df0d0236464888fde1a53a6d11339.jpg,2,3,true,category|코트|lower_length|미디·7부 기장|lower_fit|스트레이트핏|lower_length|무릎 기장|collar|칼라 없음,11.168,2,train,true
fashionpedia,train2020,18097,6095426919c5732904b94a95d233d427.jpg,2,3,true,neckline|스퀘어넥|lower_length|미디·7부 기장|lower_length|무릎 기장,8.699,1,train,true
fashionpedia,train2020,18114,b23465aa7f9ef9e62f3a4a0a1ba700d1.jpg,2,3,true,collar|셔츠 칼라|sleeve_length|7부 소매|upper_fit|오버핏|silhouette|A라인,10.608,2,train,true
fashionpedia,train2020,18115,a763d0aa8c4a1af80a9c12a84b1f9b48.jpg,2,3,true,pattern|스트라이프|neckline|보트넥,2.733,1,train,true
fashionpedia,train2020,18122,8bbf581f8e0070bd50cab84f1c739bc2.jpg,2,3,true,category|코트|material|퍼·플리스|lower_length|미디·7부 기장|lower_length|무릎 기장|collar|라펠 칼라,9.614,3,train,true
fashionpedia,train2020,18134,1b015894a3a1e35f3c59d2a0cf7ed9ac.jpg,2,3,true,category|베스트,5.835,3,train,true
fashionpedia,train2020,18140,33fc51714ed33ae9e6293a8a43ce9368.jpg,2,3,true,sleeve_shape|퍼프 소매,6.207,1,train,true
fashionpedia,train2020,18155,532befe9e662314f66ddb58872df7714.jpg,2,3,true,neckline|라운드넥|lower_fit|스트레이트핏|sleeve_shape|퍼프 소매|pattern|플로럴,10.237,1,train,true
fashionpedia,train2020,18157,0df835ad9a5ff9fd4676391b3704cd48.jpg,2,3,true,sleeve_shape|퍼프 소매,6.207,1,train,true
fashionpedia,train2020,18180,139f60b1dd12c8666a1ee6d9645b28db.jpg,2,3,true,silhouette|A라인|pattern|애니멀,6.244,1,train,true
fashionpedia,train2020,18187,95578fa93b4bdca7115cfaf450beec04.jpg,2,3,true,collar|스탠드 칼라,5.388,3,train,true
fashionpedia,train2020,18192,ca3ca18d381bb8d4fd1f7385e63d80d3.jpg,2,3,true,sleeve_shape|벨 소매|pattern|플로럴,6.575,2,train,true
fashionpedia,train2020,18195,a3f6bcfd71c759495ef4651cfe8afa32.jpg,2,3,true,collar|칼라 없음,5.641,2,train,true
fashionpedia,train2020,18201,66d54c78bf31c407e292853f78d64937.jpg,2,3,true,pattern|스트라이프|category|니트,2.719,3,train,true
fashionpedia,train2020,18211,90275f2d2d121f1b0906cd957f432ceb.jpg,2,3,true,detail|스팽글|lower_length|무릎 기장|silhouette|A라인|collar|라펠 칼라,9.861,1,train,true
fashionpedia,train2020,18218,f71e69c1823525251dc2201172364595.jpg,2,3,true,category|코트|sleeve_shape|벨 소매,6.643,2,train,true
fashionpedia,train2020,18235,4fdcd15d7d7b5d071c6fac8e3881dc1a.jpg,2,3,true,detail|리본|lower_fit|스트레이트핏|lower_length|무릎 기장|silhouette|H라인|sleeve_shape|퍼프 소매|upper_fit|여유핏|detail|플리츠,14.965,2,train,true
fashionpedia,train2020,18238,441ceced1a0d4d766b10479a338e334f.jpg,2,3,true,pattern|스트라이프|neckline|V넥|sleeve_shape|캡 소매,3.858,2,train,true
fashionpedia,train2020,18244,875bd1dcfa35c65b3847db5d786be95f.jpg,2,3,true,lower_length|무릎 기장|category|베스트|collar|라펠 칼라,8.527,2,train,true
fashionpedia,train2020,18259,11568f426badbdc092ac17da5ea42f19.jpg,2,3,true,category|셔츠|upper_fit|여유핏|category|재킷|pattern|애니멀|collar|셔츠 칼라|collar|라펠 칼라,11.536,3,train,true
fashionpedia,train2020,18260,cbb347aa408fb9e6cd9e3b5094a61179.jpg,2,3,true,detail|플리츠|silhouette|X라인|lower_fit|플레어핏,4.12,1,train,true
fashionpedia,train2020,18264,08db5d1e9c28a4d8c9755b080d9e52b8.jpg,2,3,true,sleeve_length|7부 소매|lower_fit|와이드핏,6.378,2,train,true
fashionpedia,train2020,18266,4319ace7eb865bcbda1eda2d04661161.jpg,2,3,true,collar|피터팬 칼라,19.058,1,train,true
fashionpedia,train2020,18270,4d12d5dcc3ab6a67f4245da10b7e655a.jpg,2,3,true,collar|칼라 없음,5.641,3,train,true
fashionpedia,train2020,18276,df87d775cd6ba4b0b5c3f43f1d8ff7ba.jpg,2,3,true,sleeve_shape|벨 소매|neckline|V넥,6.558,2,train,true
fashionpedia,train2020,18278,8bdaaf0eb28858466e5f9bb90ccfb906.jpg,2,3,true,category|가디건|neckline|V넥|collar|라펠 칼라,7.635,3,train,true
fashionpedia,train2020,18279,7d078816f68e643e8bbb8a96076b91b7.jpg,2,3,true,category|코트|material|퍼·플리스,5.648,2,train,true
fashionpedia,train2020,18280,54385f7a792fd117f641a92e6fcac4c3.jpg,2,3,true,neckline|오프숄더|detail|리본,6.111,1,train,true
fashionpedia,train2020,18285,787258aaa44591910492e2101e452a6a.jpg,2,3,true,pattern|플로럴|category|점프수트,5.778,1,train,true
fashionpedia,train2020,18291,84850933f0f0149f4645985ad6bddd55.jpg,2,3,true,sleeve_length|7부 소매|detail|후드|lower_length|미디·7부 기장|lower_fit|스트레이트핏|lower_length|무릎 기장,10.916,2,train,true
fashionpedia,train2020,18294,346a156913ff31c124399cc5a5ea7107.jpg,2,3,true,pattern|그래픽|detail|리본,2.891,1,train,true
fashionpedia,train2020,18295,165bbdee0c9cf0ab7940531806d12446.jpg,2,3,true,neckline|보트넥|pattern|플로럴|lower_fit|플레어핏,3.872,1,train,true
fashionpedia,train2020,18300,048a11e36d2101c05904a0c03f1636f1.jpg,2,3,true,category|코트|neckline|터틀넥,6.367,2,train,true
fashionpedia,train2020,18304,f9f1a4e77186109012d90fa17bfdcb40.jpg,2,3,true,category|코트|neckline|보트넥|lower_length|미디·7부 기장|lower_length|무릎 기장|pattern|그래픽|collar|라펠 칼라,8.054,2,train,true
fashionpedia,train2020,18313,c235443160ddc1578645bcab5e3110cb.jpg,2,3,true,detail|프릴·러플|silhouette|A라인|pattern|플로럴,4.081,1,train,true
fashionpedia,train2020,18326,f7bbf728da06088f2ce1c86945ae6c6f.jpg,2,3,true,detail|프릴·러플|detail|플리츠,2.89,1,train,true
fashionpedia,train2020,18330,ab8fabfc03a16164bcf62e2f816739d9.jpg,2,3,true,collar|스탠드 칼라|pattern|플로럴,6.63,2,train,true
fashionpedia,train2020,18338,875f1a31e892f5fa000d7eb261975b5d.jpg,2,3,true,detail|후드|detail|리본,6.753,1,train,true
fashionpedia,train2020,18354,0b0560c6aae6b6af703f9cb9c17e8128.jpg,2,3,true,neckline|오프숄더|pattern|플로럴,5.868,1,train,true
fashionpedia,train2020,18355,1802c8aae4dac5ca0808b26099ebf521.jpg,2,3,true,pattern|체크|neckline|보트넥,2.665,1,train,true
fashionpedia,train2020,18375,76d97042ffb42d2f4b68f251efe8f8c1.jpg,2,3,true,detail|프릴·러플|detail|플리츠,2.89,1,train,true
fashionpedia,train2020,18385,02c365bd478810fe266aed2982b5506e.jpg,2,3,true,detail|리본|detail|플리츠,2.979,1,train,true
fashionpedia,train2020,18391,36e6eb4a89a8d5f59a1872dd45306690.jpg,2,3,true,lower_length|미디·7부 기장|silhouette|O라인|lower_length|무릎 기장,20.727,1,train,true
fashionpedia,train2020,18423,590f384350eae7db1a3d88d5558ae00d.jpg,2,3,true,category|점프수트,4.536,2,train,true
fashionpedia,train2020,18425,8bfd40a17e751ed27bf2b36e4ff3aa86.jpg,2,3,true,pattern|스트라이프|detail|리본,2.846,1,train,true
fashionpedia,train2020,18427,f73b0d1e74b72f60c24f35c687558df9.jpg,2,3,true,category|점프수트,4.536,1,train,true
fashionpedia,train2020,18430,6b76c679b5e870740d8ccc686d0b6590.jpg,2,3,true,sleeve_shape|퍼프 소매,6.207,1,train,true
fashionpedia,train2020,18431,f4695def4594a07d59d2a35967614129.jpg,2,3,true,category|코트|category|셔츠|lower_length|무릎 기장|collar|셔츠 칼라|neckline|터틀넥,10.427,4,train,true
fashionpedia,train2020,18432,5463ba45c0e53b1209f41b5a29fa8ac9.jpg,2,3,true,detail|스팽글|silhouette|X라인|lower_fit|플레어핏,12.126,1,train,true
fashionpedia,train2020,18451,39153e678ae8e40891f95844d2c97874.jpg,2,3,true,category|코트|collar|라펠 칼라|lower_length|무릎 기장|neckline|터틀넥,9.059,2,train,true
fashionpedia,train2020,18465,8db9e9233e0d1b0063238bc1f9f26eae.jpg,2,3,true,pattern|스트라이프|lower_length|미디·7부 기장|lower_fit|와이드핏,7.584,2,train,true
fashionpedia,train2020,18472,13d1679488c11124a2ee652468ac0157.jpg,2,3,true,pattern|애니멀,4.8,2,train,true
fashionpedia,train2020,18475,925cb59e86db55dfcc6f9514a727efea.jpg,2,3,true,neckline|홀터넥|detail|플리츠|pattern|플로럴,7.39,1,train,true
fashionpedia,train2020,18479,8e7cfe7836ff7bda2b8c059f3c3218fb.jpg,2,3,true,neckline|스퀘어넥|lower_length|미디·7부 기장|lower_fit|스트레이트핏|detail|플리츠,10.232,1,train,true
fashionpedia,train2020,18481,467a8f39fa5efb8d650d345d586e689b.jpg,2,3,true,upper_fit|오버핏|silhouette|H라인|lower_fit|스트레이트핏|upper_fit|여유핏|category|재킷|collar|셔츠 칼라,13.364,3,train,true
fashionpedia,train2020,18495,3ffa77647b8017dcabd4ef912131a73f.jpg,2,3,true,pattern|스트라이프|detail|리본,2.846,1,train,true
fashionpedia,train2020,18514,2386554378eb03a6709d2242c90c6eb6.jpg,2,3,true,sleeve_shape|벨 소매,5.333,1,train,true
fashionpedia,train2020,18528,592d004d9ef30517baa1a45b4815b89f.jpg,2,3,true,pattern|애니멀,4.8,2,train,true
fashionpedia,train2020,18536,6d2ba520c67e82be1ea0f50d71ee8f76.jpg,2,3,true,collar|스탠드 칼라,5.388,4,train,true
fashionpedia,train2020,18555,e6d93300bf6c8e1bb5ed41d947e5e22d.jpg,2,3,true,material|퍼·플리스,4.339,3,train,true
fashionpedia,train2020,18558,490d3c19f9b34c9de2617c73ed2c6310.jpg,2,3,true,neckline|라운드넥|sleeve_shape|퍼프 소매|lower_length|무릎 기장|detail|플리츠,10.452,2,train,true
fashionpedia,train2020,18560,25513243cbdd0802ac6c5f49d69b7ca6.jpg,2,3,true,sleeve_length|7부 소매|category|가디건|neckline|V넥,7.826,2,train,true
fashionpedia,train2020,18578,fb54f306f0e0f844fc92750b3dc8bba1.jpg,2,3,true,pattern|스트라이프|detail|스팽글,7.087,1,train,true
fashionpedia,train2020,18583,9fb234dce01427dbb5d2591014ce6eb2.jpg,2,3,true,neckline|터틀넥,5.058,1,train,true
fashionpedia,train2020,18584,02fde2a8dd23910745dee985ea9c6c65.jpg,2,3,true,lower_fit|슬림핏|category|쇼츠|pattern|카모|lower_fit|스트레이트핏,18.441,2,train,true
fashionpedia,train2020,18591,ab363a553f3610dd61c01f18ff4b613a.jpg,2,3,true,pattern|체크|detail|리본,2.778,2,train,true
fashionpedia,train2020,18593,ad455ff7acfc70101b597d4da4238d67.jpg,2,3,true,category|코트|silhouette|A라인|detail|플리츠,4.249,3,train,true
fashionpedia,train2020,18598,b74c5923aff2c04ea619dcdb85522bb9.jpg,2,3,true,detail|스팽글|detail|플리츠|pattern|플로럴,8.462,1,train,true
fashionpedia,train2020,18600,32e4938591082d0893383d0d9b34af7e.jpg,2,3,true,lower_length|미디·7부 기장|sleeve_shape|벨 소매,6.607,2,train,true
fashionpedia,train2020,18609,34e13b1406bc583949ad9e7c096351fb.jpg,2,3,true,lower_fit|슬림핏|collar|라펠 칼라|category|재킷|collar|칼라 없음|lower_fit|플레어핏,14.342,2,train,true
fashionpedia,train2020,18656,435762b810a64ddc91e45a08101242d8.jpg,2,3,true,neckline|오프숄더|lower_length|미디·7부 기장|lower_length|무릎 기장|silhouette|A라인,8.798,2,train,true
fashionpedia,train2020,18664,7bf7c02b7e46714802c05927c0909c70.jpg,2,3,true,category|코트|category|셔츠|lower_length|미디·7부 기장|collar|칼라 없음|collar|라펠 칼라,10.739,3,train,true
fashionpedia,train2020,18670,40cba884e441cd9cdc791d6b7b80a83c.jpg,2,3,true,category|쇼츠|sleeve_shape|퍼프 소매,7.367,2,train,true
fashionpedia,train2020,18680,743753af540f1860bdbad2bdd5234845.jpg,2,3,true,neckline|터틀넥,5.058,1,train,true
fashionpedia,train2020,18693,03d083ae38935a0d4ab5868a8bf2a68e.jpg,2,3,true,neckline|오프숄더|pattern|스트라이프|sleeve_length|7부 소매,7.418,1,train,true
fashionpedia,train2020,18697,944411f248739f7aee2b5f10420723e0.jpg,2,3,true,neckline|스퀘어넥|pattern|체크|lower_length|무릎 기장|pattern|플로럴,9.96,1,train,true
fashionpedia,train2020,18714,5b7702e17890c44a61d7982a194187b5.jpg,2,3,true,neckline|오프숄더,4.626,1,train,true
fashionpedia,train2020,18725,4250ef1d69086bd2db0448fa7641527d.jpg,2,3,true,sleeve_length|민소매,12.0,1,train,true
fashionpedia,train2020,18728,8ce09aa97cecd22fccfbc4ea9da58ed1.jpg,2,3,true,neckline|스퀘어넥,5.972,1,train,true
fashionpedia,train2020,18741,2c39ec5357173199f732eec7438a34a8.jpg,2,3,true,upper_fit|오버핏|category|재킷|detail|플리츠|pattern|플로럴|collar|라펠 칼라,11.68,2,train,true
fashionpedia,train2020,18751,aee82eebfac7b3cdd006e4d82fa553e6.jpg,2,3,true,neckline|터틀넥,5.058,1,train,true
fashionpedia,train2020,18764,8a6ede419ca1475531e6b845cac2cc97.jpg,2,3,true,lower_length|무릎 기장|silhouette|X라인|lower_fit|플레어핏|pattern|도트,13.165,1,train,true
fashionpedia,train2020,18768,17df1cac75a537b700dc2699549f642a.jpg,2,3,true,neckline|스퀘어넥|lower_length|미디·7부 기장,7.246,1,train,true
fashionpedia,train2020,18783,5677c37ca5617c010d5425e3c4f0c46c.jpg,2,3,true,category|코트|sleeve_length|7부 소매|lower_length|무릎 기장|upper_fit|여유핏|collar|스탠드 칼라,11.164,2,train,true
fashionpedia,train2020,18785,a72291dcdf2758c523cf64764e2a4037.jpg,2,3,true,category|코트|lower_fit|스트레이트핏|lower_length|무릎 기장|pattern|도트|collar|라펠 칼라,10.804,3,train,true
fashionpedia,train2020,18802,695c27c6b9be59e15f9522bb4d2e4f7c.jpg,2,3,true,silhouette|O라인|detail|플리츠,19.495,1,train,true
fashionpedia,train2020,18805,faf123fd594c013eb68932957eabab41.jpg,2,3,true,silhouette|X라인|detail|플리츠|pattern|플로럴|lower_fit|플레어핏,5.361,1,train,true
fashionpedia,train2020,18811,aeb81ae5f47642441211173d800fe172.jpg,2,3,true,silhouette|A라인|detail|플리츠|pattern|플로럴,4.181,1,train,true
fashionpedia,train2020,18822,0619f06167a81fefd03fe66acd161c62.jpg,2,3,true,detail|리본|neckline|터틀넥,6.542,2,train,true
fashionpedia,train2020,18837,7ff75d2f009899c4cb93876c401753f9.jpg,2,3,true,lower_fit|스트레이트핏|detail|스팽글|silhouette|X라인|lower_fit|플레어핏,13.616,1,train,true
fashionpedia,train2020,18838,bb832a579084bb44e64590df0f22ee08.jpg,2,3,true,category|재킷|detail|플리츠|silhouette|비대칭|lower_fit|플레어핏|collar|라펠 칼라,14.349,2,train,true
fashionpedia,train2020,18855,0785db351d3667d325b54de5badf8f88.jpg,2,3,true,category|쇼츠|detail|후드|pattern|플로럴,7.671,3,train,true
fashionpedia,train2020,18867,d1fe1c7729fddd462752567576f3145c.jpg,2,3,true,silhouette|X라인|neckline|보트넥|pattern|플로럴|lower_fit|플레어핏,5.238,1,train,true
fashionpedia,train2020,18870,c62ad5522ae2cce8042ee54682f1a22e.jpg,2,3,true,category|코트|collar|칼라 없음,6.95,2,train,true
fashionpedia,train2020,18873,dd95bd80ec01e79b6ea8afa1bedf2df8.jpg,2,3,true,silhouette|A라인|sleeve_shape|벨 소매|pattern|플로럴,8.019,2,train,true
fashionpedia,train2020,18894,747c0abd445a80cc17d0d6d0cc343d43.jpg,2,3,true,category|코트|material|퍼·플리스|sleeve_length|7부 소매|lower_length|무릎 기장|collar|라펠 칼라,9.77,3,train,true
fashionpedia,train2020,18896,4ad9ca264a5a2e028d614bee0f89a92a.jpg,2,3,true,neckline|라운드넥|collar|칼라 없음|collar|라펠 칼라,8.179,4,train,true
fashionpedia,train2020,18897,66248de0ec3d1e4ba2eabaada47c8f63.jpg,2,3,true,category|베스트|detail|플리츠|collar|셔츠 칼라,8.663,3,train,true
fashionpedia,train2020,18906,c672704939db5fbf592a503389e69633.jpg,2,3,true,detail|플리츠|silhouette|X라인|lower_fit|플레어핏,4.12,1,train,true
fashionpedia,train2020,18913,cdbcaab10f1239d8a6c7f1801fbf0bb1.jpg,2,3,true,pattern|체크|detail|플리츠,2.789,2,train,true
fashionpedia,train2020,18931,039252c59f480016bfc71d40376fcf60.jpg,2,3,true,category|쇼츠|neckline|홀터넥,5.814,2,train,true
fashionpedia,train2020,18956,e607c655c8a4443133e8f32a9bdf6f5e.jpg,2,3,true,sleeve_length|7부 소매|detail|리본|lower_fit|스트레이트핏|sleeve_shape|퍼프 소매|collar|셔츠 칼라,11.945,1,train,true
fashionpedia,train2020,18973,35831e6fdc467c19f1eef00301833637.jpg,2,3,true,sleeve_shape|퍼프 소매|collar|라펠 칼라,7.446,1,train,true
fashionpedia,train2020,18995,2c842c4b0fb2c0f3631308f0a8138faf.jpg,2,3,true,upper_fit|오버핏,6.4,2,train,true
fashionpedia,train2020,18997,0e503ab7361a8f55e835527bcdb61655.jpg,2,3,true,collar|스탠드 칼라,5.388,2,train,true
fashionpedia,train2020,19017,8bb440ff103ef046cac44e405d8fd17d.jpg,2,3,true,detail|스팽글|lower_length|무릎 기장|neckline|V넥,8.402,1,train,true
fashionpedia,train2020,19032,7baca5316d0f52bd7552bc84e6c3781a.jpg,2,3,true,lower_fit|슬림핏|lower_fit|스트레이트핏|sleeve_length|민소매,14.614,2,train,true
fashionpedia,train2020,19042,1b7ac97b79e0bc38fbce9adeb6a2b35f.jpg,2,3,true,pattern|스트라이프|neckline|터틀넥,6.419,1,train,true
fashionpedia,train2020,19077,19322d9981867e37507ca821d4a55a51.jpg,2,3,true,pattern|스트라이프|lower_length|미디·7부 기장|lower_fit|스트레이트핏|pattern|도트,9.439,2,train,true
fashionpedia,train2020,19104,8c5437a0502706a0e22b14ca6b1583ef.jpg,2,3,true,sleeve_shape|퍼프 소매,6.207,1,train,true
fashionpedia,train2020,19134,439dfb7457f1e3c7b61c3205e3170cf8.jpg,2,3,true,category|베스트|detail|플리츠,7.33,2,train,true
fashionpedia,train2020,19145,1d7126963a59f71b84a5b0dfe9b9a7c5.jpg,2,3,true,category|쇼츠|pattern|그래픽,2.567,2,train,true
fashionpedia,train2020,19156,5331b9c08c7efb941f50f4af6c2d3c59.jpg,2,3,true,sleeve_shape|래글런 소매|detail|리본|lower_fit|스트레이트핏,9.736,1,train,true
fashionpedia,train2020,19165,8d6a90abe4c483a910181974a780de71.jpg,2,3,true,sleeve_shape|벨 소매,5.333,3,train,true
fashionpedia,train2020,19170,0b2854710bdaac507e93d363ae84da49.jpg,2,3,true,sleeve_shape|벌룬 소매,5.614,3,train,true
fashionpedia,train2020,19171,51d52943f6795e7d8f8c464041bb93ee.jpg,2,3,true,sleeve_length|7부 소매|detail|스팽글,7.155,3,train,true
fashionpedia,train2020,19172,0590b5008c8fa9045585d78d2aaf2c89.jpg,2,3,true,category|코트|material|퍼·플리스|detail|리본,7.132,2,train,true
fashionpedia,train2020,19181,a9f401a9036f5c14b0cc4901641159ee.jpg,2,3,true,pattern|스트라이프|neckline|라운드넥|detail|스팽글,8.384,2,train,true
fashionpedia,train2020,19184,aff36b5b496d5b52556aa800cb27c0bb.jpg,2,3,true,category|쇼츠|pattern|그래픽,2.567,2,train,true
fashionpedia,train2020,19192,d29d1b88f1f721caff31b6d54fb21f62.jpg,2,3,true,neckline|V넥|pattern|그래픽,2.632,2,train,true
fashionpedia,train2020,19203,7f4f48a566dfc4d6718ebd3590066095.jpg,2,3,true,category|베스트|collar|셔츠 칼라,7.168,1,train,true
fashionpedia,train2020,19226,3d0e90f3ece0a7279881cbd3b1065847.jpg,2,3,true,detail|플리츠|silhouette|X라인|lower_fit|플레어핏,4.12,1,train,true
fashionpedia,train2020,19228,b1a8c59199f5fd01fdd9618a6a3572c5.jpg,2,3,true,detail|프릴·러플|lower_fit|플레어핏,2.653,1,train,true
fashionpedia,train2020,19236,b2cf907d99c86aa63dc098db8484e476.jpg,2,3,true,detail|스팽글,5.725,1,train,true
fashionpedia,train2020,19252,242c3717600898c0eaa48c09ef976243.jpg,2,3,true,sleeve_shape|벌룬 소매|detail|플리츠,7.109,2,train,true
fashionpedia,train2020,19257,fe05e6d28b36fee9b3b9227d613e80b5.jpg,2,3,true,category|코트|category|점프수트,5.845,2,train,true
fashionpedia,train2020,19277,0e55be12edf92c66da358618a48e9fc2.jpg,2,3,true,category|셔츠|category|베스트|collar|셔츠 칼라|lower_fit|슬림핏|neckline|V넥|category|재킷|collar|라펠 칼라,13.334,4,train,true
fashionpedia,train2020,19281,fd2db187a09a811addfaa362c1b7e57e.jpg,2,3,true,sleeve_shape|퍼프 소매|collar|셔츠 칼라|silhouette|X라인|lower_fit|플레어핏,13.941,1,train,true
fashionpedia,train2020,19291,4a0f85674f4a29aeabc8cd44476d68cc.jpg,2,3,true,category|쇼츠|sleeve_length|7부 소매|collar|칼라 없음,8.232,3,train,true
fashionpedia,train2020,19293,87679c6ee344d2c6efd7e6f8728bdc99.jpg,2,3,true,lower_fit|슬림핏|neckline|라운드넥|detail|스팽글|lower_fit|플레어핏,13.181,2,train,true
fashionpedia,train2020,19301,810b7070f23c8e377983ad1e6656f514.jpg,2,3,true,sleeve_shape|벌룬 소매|silhouette|A라인|collar|라펠 칼라,8.298,2,train,true
fashionpedia,train2020,19309,4117b93e3ed0774a73945192d72518b4.jpg,2,3,true,neckline|터틀넥,5.058,1,train,true
fashionpedia,train2020,19311,6eab27dfcebd1782ae67ebfe4d82408a.jpg,2,3,true,neckline|터틀넥,5.058,3,train,true
fashionpedia,train2020,19325,148c547e63b546eac044f83e85adfd05.jpg,2,3,true,detail|스팽글,5.725,1,train,true
fashionpedia,train2020,19336,37322c10595b98d33b80bc30c438ee4b.jpg,2,3,true,detail|리본|lower_fit|플레어핏,2.743,2,train,true
fashionpedia,train2020,19344,c41f0116069f9bdc0f8755a7f12c04e5.jpg,2,3,true,lower_length|미디·7부 기장|detail|리본|collar|칼라 없음,8.4,1,train,true
fashionpedia,train2020,19345,1b06e7431761339479bcc5ab0d95d111.jpg,2,3,true,neckline|홀터넥,4.653,1,train,true
fashionpedia,train2020,19353,d4123c654cc662de1d3c80f3d9b6c776.jpg,2,3,true,material|퍼·플리스,4.339,3,train,true
fashionpedia,train2020,19363,a03ccd911a1af77d244ae94fb692e22a.jpg,2,3,true,detail|프릴·러플|detail|플리츠,2.89,1,train,true
fashionpedia,train2020,19399,f282a99f3ca1859f16c3661068db52db.jpg,2,3,true,detail|프릴·러플|detail|플리츠|pattern|플로럴,4.131,1,train,true
fashionpedia,train2020,19403,55f6b26b668d5e0e9d387132cccfb506.jpg,2,3,true,sleeve_shape|퍼프 소매,6.207,1,train,true
fashionpedia,train2020,19415,2a0b34bce72b46e914ba35d5d3a973a7.jpg,2,3,true,lower_fit|슬림핏|lower_length|미디·7부 기장|lower_length|무릎 기장|category|재킷|lower_fit|플레어핏|collar|스탠드 칼라,15.576,2,train,true
fashionpedia,train2020,19417,0f8a22a3dc28b2a22a23008ffdb637c9.jpg,2,3,true,sleeve_shape|래글런 소매|sleeve_length|7부 소매|silhouette|A라인|category|재킷|upper_fit|여유핏,12.523,2,train,true
fashionpedia,train2020,19437,633d8a1ae51e42fe75078f7e19a99bd0.jpg,2,3,true,pattern|스트라이프|lower_length|미디·7부 기장|category|가디건,7.807,2,train,true
fashionpedia,train2020,19475,18385a57f4ef23b91bd3501e6c6f7a44.jpg,2,3,true,lower_length|무릎 기장|collar|피터팬 칼라|silhouette|A라인,21.955,1,train,true
fashionpedia,train2020,19485,ab82f3716d906381d5b532a3fe663c5f.jpg,2,3,true,category|코트|upper_fit|오버핏,7.709,1,train,true
fashionpedia,train2020,19489,98c9279288d3b0412cbecd81f2fdb484.jpg,2,3,true,sleeve_shape|래글런 소매|neckline|라운드넥|sleeve_length|7부 소매|lower_fit|스트레이트핏,10.979,2,train,true
fashionpedia,train2020,19509,f6c0e6f3e61f10b2212c4380711fa406.jpg,2,3,true,detail|리본|category|니트,2.841,2,train,true
fashionpedia,train2020,19511,8ab9e80772538175c96c70d9aeaceb1e.jpg,2,3,true,category|셔츠|lower_fit|스트레이트핏|category|재킷|collar|셔츠 칼라|collar|스탠드 칼라,10.79,3,train,true
fashionpedia,train2020,19512,9ffce0ede3fef5010f5021c24b15484d.jpg,2,3,true,neckline|홀터넥|pattern|플로럴,5.895,2,train,true
fashionpedia,train2020,19520,aab118314175579a8d6705bbb39cb33b.jpg,2,3,true,category|점프수트,4.536,2,train,true
fashionpedia,train2020,19522,dce7576517cd861c7b67ebb910e8849f.jpg,2,3,true,pattern|스트라이프|neckline|보트넥,2.733,1,train,true
fashionpedia,train2020,19528,aebe2affbd00ad45c6669139e346089a.jpg,2,3,true,pattern|애니멀,4.8,2,train,true
fashionpedia,train2020,19530,d93c9e59d1f1e5f4d3f5f246950ec662.jpg,2,3,true,pattern|스트라이프|silhouette|비대칭,2.681,1,train,true
fashionpedia,train2020,19532,17824fb2975aa36fa813b85090b7677b.jpg,2,3,true,collar|칼라 없음,5.641,3,train,true
fashionpedia,train2020,19548,e2474eb8a4648c18ce191d1a5388c0ba.jpg,2,3,true,lower_fit|슬림핏|category|셔츠|collar|피터팬 칼라|category|재킷|collar|라펠 칼라,23.999,3,train,true
fashionpedia,train2020,19555,eb558c1f4fbbc7728663066ae0bbf142.jpg,2,3,true,pattern|체크|detail|플리츠,2.789,2,train,true
fashionpedia,train2020,19560,56f6291c28bb640b8326de6d1c6678dd.jpg,2,3,true,neckline|스퀘어넥|lower_fit|스트레이트핏|category|재킷|collar|셔츠 칼라,10.1,3,train,true
fashionpedia,train2020,19566,c05c10d8d2656f5ace5e0f90b3cd22ca.jpg,2,3,true,pattern|체크|sleeve_length|7부 소매|lower_fit|스트레이트핏|category|재킷|collar|칼라 없음,11.16,3,train,true
fashionpedia,train2020,19578,d927666eb9c6e01d0dde5f50b542c980.jpg,2,3,true,category|코트|detail|플리츠|sleeve_shape|캡 소매,4.075,2,train,true
fashionpedia,train2020,19581,d3d4205119157794db0f17fee024a747.jpg,2,3,true,neckline|스퀘어넥,5.972,1,train,true
fashionpedia,train2020,19585,370db754ee79de5e1995ec46cffd7986.jpg,2,3,true,lower_fit|슬림핏|category|셔츠|upper_fit|여유핏|category|베스트|collar|셔츠 칼라|collar|라펠 칼라,12.391,3,train,true
fashionpedia,train2020,19588,05df80a8c3caa484479b749a864bd4bc.jpg,2,3,true,pattern|체크|silhouette|H라인|collar|폴로 칼라|lower_fit|스트레이트핏|category|재킷|pattern|플로럴,18.945,3,train,true
fashionpedia,train2020,19589,ca91a063e227aae2e589aefc687bf73f.jpg,2,3,true,detail|리본|pattern|도트,2.812,1,train,true
fashionpedia,train2020,19609,0311183fbc672c633fc258563db8920e.jpg,2,3,true,neckline|라운드넥|detail|스팽글|lower_length|무릎 기장,8.475,2,train,true
fashionpedia,train2020,19626,1975a22097aa9975816304b56d17fbf2.jpg,2,3,true,material|퍼·플리스|neckline|라운드넥|lower_fit|스트레이트핏|category|재킷|collar|라펠 칼라,9.67,2,train,true
fashionpedia,train2020,19627,abaca300f76ecc19241c536d2042335a.jpg,2,3,true,category|점프수트|pattern|스트라이프,5.898,2,train,true
fashionpedia,train2020,19660,0567ca3a0b5b843d44faab364db7f9ae.jpg,2,3,true,pattern|스트라이프|neckline|보트넥,2.733,2,train,true
fashionpedia,train2020,19667,15b5c8e294c2cd1e4ba56ca36ef42428.jpg,2,3,true,category|셔츠|lower_fit|스트레이트핏|pattern|도트|category|재킷|collar|셔츠 칼라|collar|라펠 칼라,11.954,3,train,true
fashionpedia,train2020,19703,33e0194a415fef4bd24e8df884f2506e.jpg,2,3,true,neckline|보트넥|detail|리본,2.856,1,train,true
fashionpedia,train2020,19705,1d06a4013ea87aa2bb005266b473a7ca.jpg,2,3,true,lower_length|미디·7부 기장|lower_fit|와이드핏,6.222,2,train,true
fashionpedia,train2020,19722,83b77928a82562ad48a197a3a7959e56.jpg,2,3,true,neckline|스퀘어넥|pattern|스트라이프|silhouette|A라인,8.778,1,train,true
fashionpedia,train2020,19741,d54f158ef3e6aa734b37700722071734.jpg,2,3,true,category|쇼츠|collar|라펠 칼라|category|베스트,8.235,2,train,true
fashionpedia,train2020,19763,3cd07d5198298f647d6170bc02991c40.jpg,2,3,true,detail|프릴·러플|detail|플리츠,2.89,2,train,true
fashionpedia,train2020,19769,fd7c75b473db54312ded551bfd9e3e06.jpg,2,3,true,sleeve_length|7부 소매|detail|후드|neckline|V넥,7.923,1,train,true
fashionpedia,train2020,19782,f32c9136b4cf7a1a3d37fb80aa40a516.jpg,2,3,true,detail|프릴·러플|silhouette|비대칭,2.714,1,train,true
fashionpedia,train2020,19785,fb30c8fbc753a4b3f387087ed0971210.jpg,2,3,true,pattern|플로럴|category|점프수트,5.778,1,train,true
fashionpedia,train2020,19792,7e1fc4a4757246f3b5c894bd4cf100f8.jpg,2,3,true,neckline|오프숄더,4.626,1,train,true
fashionpedia,train2020,19793,94c8c58a76caf40e904c39dd013da39f.jpg,2,3,true,neckline|보트넥|detail|프릴·러플|lower_fit|플레어핏,4.025,2,train,true
fashionpedia,train2020,19818,180634e6d88c7ddbc9029ffbcec482a6.jpg,2,3,true,neckline|오프숄더|pattern|스트라이프,5.988,2,train,true
fashionpedia,train2020,19828,efc81e21dd04ea267bb57bb91778e875.jpg,2,3,true,pattern|스트라이프|neckline|터틀넥,6.419,2,train,true
fashionpedia,train2020,19833,7f786cc16c108e6e65f55dd5d6cf9e67.jpg,2,3,true,category|쇼츠|lower_length|무릎 기장|category|베스트,8.448,3,train,true
fashionpedia,train2020,19835,0ce4cbd9954ba9821ade0eec7300598b.jpg,2,3,true,category|쇼츠|sleeve_length|7부 소매|category|가디건,7.761,3,train,true
fashionpedia,train2020,19843,ce46781c658a8c8ce689205dd299c79d.jpg,2,3,true,material|퍼·플리스,4.339,1,train,true
fashionpedia,train2020,19857,e5f3fb550070e41217ce6674893943ed.jpg,2,3,true,category|코트|pattern|플로럴|collar|칼라 없음,8.192,2,train,true
fashionpedia,train2020,19862,9519bd7c02549e9622b13fe0036327b2.jpg,2,3,true,category|베스트,5.835,3,train,true
fashionpedia,train2020,19868,c1eba3b245c11c4e035760ec46de2c57.jpg,2,3,true,category|쇼츠|neckline|오프숄더|pattern|플로럴,7.029,2,train,true
fashionpedia,train2020,19877,ccac98f5d1e237879c6985ad95e50cf4.jpg,2,3,true,category|쇼츠|sleeve_shape|캡 소매,2.431,2,train,true
fashionpedia,train2020,19887,854c8ff1c0450451922326f4e0bcc530.jpg,2,3,true,pattern|스트라이프|silhouette|A라인|neckline|V넥,4.031,3,train,true
fashionpedia,train2020,19902,83c3170b3c67c8799025cab9ecb28c72.jpg,2,3,true,lower_fit|슬림핏|collar|폴로 칼라|category|재킷|collar|라펠 칼라,16.03,3,train,true
fashionpedia,train2020,19930,2d5acdbd3a5cda1d1d151836da88fc7e.jpg,2,3,true,pattern|애니멀,4.8,1,train,true
fashionpedia,train2020,19932,f220e4cd3321304a2e02acfd213c924d.jpg,2,3,true,sleeve_shape|벨 소매,5.333,2,train,true
fashionpedia,train2020,19933,12ba7b274069c155391618ac6b794aa5.jpg,2,3,true,detail|스팽글|lower_length|무릎 기장|silhouette|X라인|lower_fit|플레어핏,13.578,1,train,true
fashionpedia,train2020,19963,d453ca3c67dca75d91fcb5a32c77ae6f.jpg,2,3,true,material|퍼·플리스,4.339,1,train,true
fashionpedia,train2020,19964,0c4d1624f69bf496552eb138d0b17538.jpg,2,3,true,pattern|애니멀,4.8,3,train,true
fashionpedia,train2020,19967,78785879390a31e3898edf6bb93f78a8.jpg,2,3,true,collar|라펠 칼라|lower_fit|스트레이트핏|category|가디건|neckline|V넥,9.126,2,train,true
fashionpedia,train2020,19988,b47b15adff6a399d17409c1e2242b0d0.jpg,2,3,true,category|쇼츠|category|니트,2.518,2,train,true
fashionpedia,train2020,20001,f774d09e4e36600525b0e0e497a0d197.jpg,2,3,true,pattern|스트라이프|detail|리본,2.846,1,train,true
fashionpedia,train2020,20012,5cefd32425ca922eb475b632103c9797.jpg,2,3,true,sleeve_shape|벌룬 소매|category|코트|lower_length|무릎 기장,8.376,2,train,true
fashionpedia,train2020,20015,3c8eb73c0fe5db0fc8a14d480671a9b7.jpg,2,3,true,silhouette|O라인|pattern|플로럴,19.242,1,train,true
fashionpedia,train2020,20021,966c8c13ecaa0a3de3d98e4a3da63afa.jpg,2,3,true,material|퍼·플리스,4.339,3,train,true
fashionpedia,train2020,20035,fc736ee243d5e01831c5db39cb38a919.jpg,2,3,true,lower_fit|슬림핏|pattern|스트라이프|silhouette|H라인|lower_fit|스트레이트핏|lower_length|무릎 기장|upper_fit|여유핏|category|가디건,13.435,3,train,true
fashionpedia,train2020,20040,8c273a5026a5d799abc411e134d92365.jpg,2,3,true,pattern|스트라이프|silhouette|A라인|sleeve_shape|캡 소매,4.077,1,train,true
fashionpedia,train2020,20053,800ec189835783beb18c7dfa7435603e.jpg,2,3,true,lower_fit|스트레이트핏|silhouette|X라인|lower_fit|플레어핏|pattern|도트,13.204,1,train,true
fashionpedia,train2020,20054,fbc136d827f3303d0cd3871c1866c18e.jpg,2,3,true,lower_fit|와이드핏|detail|플리츠,6.442,2,train,true
fashionpedia,train2020,20073,4179aa4a9d475320b87845db8cd2ece4.jpg,2,3,true,detail|리본|collar|스탠드 칼라,6.872,3,train,true
fashionpedia,train2020,20093,dc5aefeab6ffc8263e945f7b8a17ecbf.jpg,2,3,true,category|코트|lower_length|무릎 기장|category|가디건|collar|라펠 칼라,9.172,4,train,true
fashionpedia,train2020,20100,234758aa183cbe6eea839bb2f0037900.jpg,2,3,true,detail|리본|detail|플리츠,2.979,1,train,true
fashionpedia,train2020,20101,ba5974ccbe80af95138aa7651000b168.jpg,2,3,true,neckline|오프숄더|detail|리본,6.111,2,train,true
fashionpedia,train2020,20105,63d5627e2750dc4e647281382e3aa21b.jpg,2,3,true,pattern|그래픽|detail|리본|lower_fit|플레어핏,4.15,2,train,true
fashionpedia,train2020,20111,12bfe90177d9bbcf0a91123c8623bcc7.jpg,2,3,true,lower_fit|슬림핏|category|쇼츠|collar|피터팬 칼라,21.342,2,train,true
fashionpedia,train2020,20125,0bf49d058dedc133a88bddcc59b6c6e8.jpg,2,3,true,neckline|스퀘어넥,5.972,1,train,true
fashionpedia,train2020,20131,9c3abe521208550e1e59c984ba1f3806.jpg,2,3,true,upper_fit|오버핏,6.4,2,train,true
fashionpedia,train2020,20134,659063cdef1c8cbc191805eba50bb6bb.jpg,2,3,true,detail|스팽글|neckline|V넥|pattern|플로럴,8.191,1,train,true
fashionpedia,train2020,20146,d109e9fd2f958e3424ea5d92e8950447.jpg,2,3,true,neckline|터틀넥,5.058,1,train,true
fashionpedia,train2020,20156,c3904e168e62b8dacbf065b772942966.jpg,2,3,true,detail|프릴·러플|silhouette|A라인|pattern|플로럴,4.081,2,train,true
fashionpedia,train2020,20168,ef75003bdc57c044dd72f142df736665.jpg,2,3,true,category|점프수트,4.536,1,train,true
fashionpedia,train2020,20172,645fab2b73ec43953b440b83745e1024.jpg,2,3,true,sleeve_shape|벨 소매,5.333,1,train,true
fashionpedia,train2020,20197,6c5301e13470c5906567b2ad4cec8404.jpg,2,3,true,category|코트|neckline|터틀넥|collar|라펠 칼라,7.606,2,train,true
fashionpedia,train2020,20201,6fb16f9b174e8329d837868059edccff.jpg,2,3,true,category|쇼츠|lower_length|무릎 기장|category|베스트|collar|셔츠 칼라,9.781,3,train,true
fashionpedia,train2020,20220,4daa1e62c7ca96851d04483fa4c863f1.jpg,2,3,true,sleeve_shape|퍼프 소매|neckline|V넥,7.432,1,train,true
fashionpedia,train2020,20226,6d53a9787c041ee3f6f5534049e55bf6.jpg,2,3,true,material|가죽,14.572,2,train,true
fashionpedia,train2020,20228,7a2f4476ba788d6a1639592bd69e4e08.jpg,2,3,true,detail|리본|neckline|V넥,2.709,1,train,true
fashionpedia,train2020,20243,d2b2ff0783f2e4749fbd43b6f5aa184c.jpg,2,3,true,category|점프수트,4.536,1,train,true
fashionpedia,train2020,20244,eb630bc86c8b347b6e4f3f947ef03b45.jpg,2,3,true,category|코트|category|쇼츠|pattern|스트라이프,3.832,3,train,true
fashionpedia,train2020,20248,16d8cb99fa3502b7b10fdb2ff9e6b96d.jpg,2,3,true,neckline|라운드넥|collar|라펠 칼라|collar|스탠드 칼라,7.925,3,train,true
fashionpedia,train2020,20264,c68eea0d449adf6fbf14af55623ce1cd.jpg,2,3,true,pattern|플로럴|detail|플리츠|collar|칼라 없음,8.378,3,train,true
fashionpedia,train2020,20267,931c79aca2edabfe1e49d1c71cb5d4bb.jpg,2,3,true,detail|후드|detail|리본,2.801,1,train,true
fashionpedia,train2020,20272,045d00413845a25f20aa0dc650bb477e.jpg,2,3,true,category|점프수트|pattern|스트라이프,5.898,1,train,true
fashionpedia,train2020,20274,e5e23d49aff8c69c79661ec3fea0b665.jpg,2,3,true,lower_length|무릎 기장|silhouette|A라인|collar|스탠드 칼라,8.284,1,train,true
fashionpedia,train2020,20277,8ae5689d44b2dd66ec7f373f26fc8eea.jpg,2,3,true,pattern|스트라이프|detail|프릴·러플,2.757,1,train,true
fashionpedia,train2020,20280,1ad9720e0925b4b2e9243b1312b6f44c.jpg,2,3,true,pattern|애니멀,4.8,3,train,true
fashionpedia,train2020,20285,2aac9fec61b48ab1d8d465347222dfe2.jpg,2,3,true,neckline|스퀘어넥|category|코트|silhouette|A라인,8.726,2,train,true
fashionpedia,train2020,20286,1cf1a45829cfd66d10f00932e4211f88.jpg,2,3,true,neckline|오프숄더|lower_length|미디·7부 기장,5.901,2,train,true
fashionpedia,train2020,20300,fcbf1a2490d9531efc33322b2702912f.jpg,2,3,true,silhouette|A라인|category|베스트|detail|플리츠,8.774,2,train,true
fashionpedia,train2020,20307,9ec0f0d5fbeed47e5b789227f0028751.jpg,2,3,true,neckline|스퀘어넥|pattern|플로럴,7.214,2,train,true
fashionpedia,train2020,20313,ddf2b5baeaf660de5081df30f8e0b07f.jpg,2,3,true,pattern|애니멀,4.8,2,train,true
fashionpedia,train2020,20320,06a06ccd51cc35da2834e58f2adad510.jpg,2,3,true,category|쇼츠|collar|스탠드 칼라,6.548,1,train,true
fashionpedia,train2020,20324,2934809e474770e684a64a579bd918af.jpg,2,3,true,collar|칼라 없음,5.641,3,train,true
fashionpedia,train2020,20348,b1c5c12bfd1ac8bc7441680150c3e5d1.jpg,2,3,true,lower_fit|와이드핏|pattern|그래픽,6.354,2,train,true
fashionpedia,train2020,20361,69d2ebbff0dbbc3f569382cfae7f259e.jpg,2,3,true,pattern|애니멀|neckline|V넥,6.025,2,train,true
fashionpedia,train2020,20363,b7ea953b35710b87dcf2d2e5173efb57.jpg,2,3,true,silhouette|비대칭|neckline|V넥,2.544,1,train,true
fashionpedia,train2020,20370,6cebfe594edd81ba8f95a244d938069f.jpg,2,3,true,pattern|스트라이프|silhouette|X라인|lower_fit|플레어핏,3.986,1,train,true
fashionpedia,train2020,20372,50f5298f2b3962fdf672e359bce605f2.jpg,2,3,true,category|베스트,5.835,3,train,true
fashionpedia,train2020,20375,d5221d8558a7149155342713e9a914a9.jpg,2,3,true,pattern|애니멀,4.8,1,train,true
fashionpedia,train2020,20383,1e8fd46699f6d156e6bbfd43b44378ab.jpg,2,3,true,pattern|체크|category|점프수트|collar|라펠 칼라,7.07,1,train,true
fashionpedia,train2020,20384,8c8e57e3e188e2f984df52097669a8a0.jpg,2,3,true,neckline|오프숄더,4.626,2,train,true
fashionpedia,train2020,20394,e93f63f9cf684624fd82ade2c1336c40.jpg,2,3,true,pattern|스트라이프|category|니트,2.719,3,train,true
fashionpedia,train2020,20399,b4c1148eb862b0a75e5762f5d5ef75bd.jpg,2,3,true,collar|스탠드 칼라,5.388,3,train,true
fashionpedia,train2020,20402,34339b537b6384e7d09110231ac9619a.jpg,2,3,true,neckline|홀터넥,4.653,1,train,true
fashionpedia,train2020,20403,d70a52b96dac42d749a18dc2db421148.jpg,2,3,true,detail|리본|lower_length|무릎 기장|pattern|애니멀|collar|셔츠 칼라,9.07,1,train,true
fashionpedia,train2020,20404,c3f6006aa9b5344a4b500027a4a84289.jpg,2,3,true,material|퍼·플리스|sleeve_length|7부 소매|silhouette|A라인|category|재킷|collar|라펠 칼라,9.756,2,train,true
fashionpedia,train2020,20412,f536d8c3bc78592e68dcc93eb97ca213.jpg,2,3,true,collar|스탠드 칼라|pattern|스트라이프|neckline|라운드넥|sleeve_length|7부 소매|category|재킷,10.781,2,train,true
fashionpedia,train2020,20415,4e981b72eade8bd9221cb1861d882940.jpg,2,3,true,silhouette|비대칭|detail|플리츠,2.814,1,train,true
fashionpedia,train2020,20443,e2dff3ef4e09d5c6389f217a73db57bd.jpg,2,3,true,sleeve_shape|벌룬 소매|collar|셔츠 칼라,6.947,1,train,true
fashionpedia,train2020,20460,8b67eb13769feb1d5a1d4f0f667c78b4.jpg,2,3,true,category|코트|detail|플리츠,2.804,3,train,true
fashionpedia,train2020,20462,f923f491acba322324d9d43f4824bcfe.jpg,2,3,true,category|셔츠|sleeve_length|7부 소매|detail|후드|lower_fit|스트레이트핏|collar|셔츠 칼라,10.797,3,train,true
fashionpedia,train2020,20521,696f4e02bedec7eb4dbf97937774e6e7.jpg,2,3,true,category|코트|collar|칼라 없음,6.95,1,train,true
fashionpedia,train2020,20528,7da0eaadb84446ab92bbef045c394297.jpg,2,3,true,pattern|스트라이프|lower_fit|와이드핏,6.309,2,train,true
fashionpedia,train2020,20532,6104542f36b5079a89efb6a56a2eede7.jpg,2,3,true,category|쇼츠|category|셔츠|category|재킷|pattern|애니멀|collar|셔츠 칼라|collar|라펠 칼라,11.111,3,train,true
fashionpedia,train2020,20539,93d6cd1fd998f7c751c9497f4a12335a.jpg,2,3,true,neckline|스퀘어넥|upper_fit|여유핏|detail|플리츠|lower_fit|플레어핏,14.087,2,train,true
fashionpedia,train2020,20550,4c0543b0c648e0909a08bb386b87d03b.jpg,2,3,true,upper_fit|오버핏|detail|리본,7.884,1,train,true
fashionpedia,train2020,20556,bb95bc50b5e1fb65b4ff6269a1ef1c10.jpg,2,3,true,neckline|라운드넥|sleeve_shape|퍼프 소매|lower_length|무릎 기장,8.957,1,train,true
fashionpedia,train2020,20578,31ff2640dcd9f2a38ab21436eb083946.jpg,2,3,true,category|코트|sleeve_shape|래글런 소매|neckline|V넥,4.224,2,train,true
fashionpedia,train2020,20582,f90b3d2f6eed6325bf82b0c161d7f7c3.jpg,2,3,true,neckline|보트넥|detail|플리츠,2.866,2,train,true
fashionpedia,train2020,20584,80abf57c6bbe37c49c8d1cce89541c3e.jpg,2,3,true,pattern|스트라이프|detail|프릴·러플,2.757,1,train,true
fashionpedia,train2020,20586,1fde37b391e624084c8f5dd43526920d.jpg,2,3,true,lower_length|미디·7부 기장|lower_length|무릎 기장|silhouette|A라인|collar|칼라 없음,9.812,2,train,true
fashionpedia,train2020,20601,288e0501f67c09e68a519e6cd4c02f84.jpg,2,3,true,material|퍼·플리스,4.339,2,train,true
fashionpedia,train2020,20608,b0ed7afd110541fffede417467986273.jpg,2,3,true,neckline|홀터넥,4.653,1,train,true
fashionpedia,train2020,20612,d68c49d965b37f279c46065767ec0c16.jpg,2,3,true,detail|리본|lower_fit|플레어핏,2.743,2,train,true
fashionpedia,train2020,20614,4fadeb43569cb4fe54b970a19c994d0f.jpg,2,3,true,category|코트|sleeve_length|7부 소매|lower_length|무릎 기장|collar|칼라 없음,9.833,1,train,true
fashionpedia,train2020,20622,8b1921d9ebc97c7fcc1fc1a54b79727c.jpg,2,3,true,material|퍼·플리스|detail|리본,5.823,2,train,true
fashionpedia,train2020,20626,9cf87f65981239b5abae7a3be90eaf6a.jpg,2,3,true,collar|폴로 칼라,12.364,1,train,true
fashionpedia,train2020,20634,4c941b3feb1c96140e4f6cb2b0662544.jpg,2,3,true,category|셔츠|lower_fit|스트레이트핏|category|재킷|collar|셔츠 칼라|collar|스탠드 칼라,10.79,3,train,true
fashionpedia,train2020,20642,1cc82d4e32c1a5b389a5438461384746.jpg,2,3,true,neckline|스퀘어넥,5.972,1,train,true
fashionpedia,train2020,20643,6195f57b155371ca560291cce905d6f9.jpg,2,3,true,pattern|체크|sleeve_length|7부 소매|collar|칼라 없음,8.365,3,train,true
fashionpedia,train2020,20645,e6a48a1cbf048cac1d6e3a7b14588b94.jpg,2,3,true,neckline|오프숄더|silhouette|A라인|pattern|플로럴,7.313,1,train,true
fashionpedia,train2020,20655,ea3bfea286419263bac80807be57de31.jpg,2,3,true,pattern|스트라이프|detail|프릴·러플,2.757,1,train,true
fashionpedia,train2020,20656,04d1f22e2ea0076e63a42b1e2b69928f.jpg,2,3,true,material|퍼·플리스|collar|라펠 칼라|lower_length|무릎 기장|category|재킷|detail|플리츠|lower_fit|플레어핏,14.864,3,train,true
fashionpedia,train2020,20660,1fd7306bdf3743b5b67a5c1987102c3c.jpg,2,3,true,category|코트|material|퍼·플리스,5.648,2,train,true
fashionpedia,train2020,20667,6980104374c00e80cc94b132a456bb74.jpg,2,3,true,detail|프릴·러플|neckline|V넥,2.62,1,train,true
fashionpedia,train2020,20668,5dab81a1c37cb0dcaaa745aab8faf2c2.jpg,2,3,true,silhouette|비대칭|detail|플리츠,2.814,1,train,true
fashionpedia,train2020,20688,31053adb98de9abcaa44fe2a05f41854.jpg,2,3,true,detail|리본|silhouette|X라인|lower_fit|플레어핏,4.109,1,train,true
fashionpedia,train2020,20700,0d18f59fe984bcf5ffe62b70cfb5cdd8.jpg,2,3,true,sleeve_shape|퍼프 소매,6.207,1,train,true
fashionpedia,train2020,20710,07afd5ab4b8de5d547c566b9d8b4df04.jpg,2,3,true,neckline|오프숄더|silhouette|X라인|lower_fit|플레어핏,7.251,1,train,true
fashionpedia,train2020,20714,321d6740b305f5e61aef51cbca3f1ffa.jpg,2,3,true,pattern|스트라이프|collar|칼라 없음,7.003,2,train,true
fashionpedia,train2020,20722,6c4e5ca21f34268cffaacd5320ed4ce2.jpg,2,3,true,detail|리본|sleeve_shape|캡 소매,2.755,2,train,true
fashionpedia,train2020,20723,d9b90384a0231261f9a73cf3903afb11.jpg,2,3,true,sleeve_length|7부 소매|lower_length|무릎 기장|collar|칼라 없음,8.524,2,train,true
fashionpedia,train2020,20728,e2b7c10411d664bbdc6d0e313712741c.jpg,2,3,true,sleeve_shape|벌룬 소매,5.614,2,train,true
fashionpedia,train2020,20735,377d228e94fc1a7e27f7a5eb28750995.jpg,2,3,true,material|퍼·플리스,4.339,2,train,true
fashionpedia,train2020,20739,4b2a74640db118a6163751e42cce41e2.jpg,2,3,true,sleeve_shape|벨 소매|pattern|플로럴,6.575,2,train,true
fashionpedia,train2020,20749,c8e27e7c9ba689d89c41b356a4c8e588.jpg,2,3,true,neckline|V넥|lower_length|미디·7부 기장|category|점프수트,7.035,1,train,true
fashionpedia,train2020,20778,0c0b6e58f0ac86767a4a5275dc6c3090.jpg,2,3,true,detail|프릴·러플|lower_fit|플레어핏,2.653,1,train,true
fashionpedia,train2020,20789,fcf1c4904cb6a15618204d4f06be8599.jpg,2,3,true,sleeve_shape|벌룬 소매|sleeve_length|7부 소매|neckline|V넥,8.269,2,train,true
fashionpedia,train2020,20793,de8e29852927125d62fac96dc5441fb0.jpg,2,3,true,category|점프수트|sleeve_length|7부 소매|neckline|V넥,7.191,1,train,true
fashionpedia,train2020,20795,11c0b0dcd10e3df1202ec997ccda1751.jpg,2,3,true,sleeve_length|7부 소매|pattern|애니멀,6.23,3,train,true
fashionpedia,train2020,20802,a8af2784e7c6683d99d1c672d844929c.jpg,2,3,true,collar|피터팬 칼라|silhouette|X라인|lower_fit|플레어핏,25.459,1,train,true
fashionpedia,train2020,20806,ee566aafce7dce1bcd7e49a89fa49d77.jpg,2,3,true,sleeve_shape|벌룬 소매|detail|리본,7.098,3,train,true
fashionpedia,train2020,20813,0c2171dd85479e5d2028a8fa99536849.jpg,2,3,true,lower_fit|스트레이트핏|category|베스트|neckline|V넥|collar|라펠 칼라,9.79,3,train,true
fashionpedia,train2020,20815,d2853a41e5b86ad084b76455f292e172.jpg,2,3,true,category|코트|sleeve_length|7부 소매|pattern|애니멀,7.539,3,train,true
fashionpedia,train2020,20818,e84fd4f1afc59e5d068d3b0af32c1671.jpg,2,3,true,material|퍼·플리스,4.339,3,train,true
fashionpedia,train2020,20820,3c24ca62ee9fddea54e238ae4d8fc5fe.jpg,2,3,true,material|퍼·플리스,4.339,1,train,true
fashionpedia,train2020,20824,0cc2acec6e25625f0a2ef6fb1f082868.jpg,2,3,true,category|쇼츠|pattern|그래픽,2.567,2,train,true
fashionpedia,train2020,20829,1bc74753b6abe84d7b55cee67502c6be.jpg,2,3,true,category|코트|pattern|체크|neckline|V넥,3.828,2,train,true
fashionpedia,train2020,20833,725d6b273389b09a37fba74e69c41c0e.jpg,2,3,true,detail|리본|silhouette|X라인|lower_fit|플레어핏,4.109,1,train,true
fashionpedia,train2020,20834,306bb0995930810d4f9830190ce89c69.jpg,2,3,true,detail|스팽글,5.725,1,train,true
fashionpedia,train2020,20839,bf2d6f4e718395d3efacf9af42502f7d.jpg,2,3,true,category|베스트,5.835,2,train,true
fashionpedia,train2020,20843,b08b77193f6c5ccf10af81bac6816ac1.jpg,2,3,true,silhouette|X라인|neckline|V넥|pattern|플로럴|lower_fit|플레어핏,5.091,1,train,true
fashionpedia,train2020,20849,23c3ff7834f5d636cb7bb1af701526e6.jpg,2,3,true,neckline|홀터넥|detail|프릴·러플|lower_fit|스트레이트핏|lower_length|무릎 기장|pattern|플로럴,10.233,1,train,true
fashionpedia,train2020,20852,766a7fd77049ffcf2235ff3b8ec3f4a0.jpg,2,3,true,collar|스탠드 칼라,5.388,2,train,true
fashionpedia,train2020,20854,ee850d31830acdbb354a7f28b262bc50.jpg,2,3,true,sleeve_length|7부 소매|collar|스탠드 칼라,6.818,3,train,true
fashionpedia,train2020,20855,3866d6ff535b035bdc19c4266d4e08c9.jpg,2,3,true,material|퍼·플리스,4.339,2,train,true
fashionpedia,train2020,20867,ef07ce3ff7a3efb20b8b83a6a330addd.jpg,2,3,true,neckline|스퀘어넥|lower_length|미디·7부 기장,7.246,2,train,true
fashionpedia,train2020,20872,cc38a7b8ce7fe53bd3c020072d5914c8.jpg,2,3,true,category|코트|category|점프수트|sleeve_length|7부 소매|collar|라펠 칼라,8.515,2,train,true
fashionpedia,train2020,20880,b3601353b643073618a201484e2a0e93.jpg,2,3,true,detail|프릴·러플|lower_fit|플레어핏,2.653,1,train,true
fashionpedia,train2020,20882,f0db80a06537c74c09b5403bcc7240d4.jpg,2,3,true,lower_fit|스트레이트핏|category|재킷|neckline|V넥|collar|칼라 없음|collar|라펠 칼라,10.9,4,train,true
fashionpedia,train2020,20887,11debcf7782223a4937c722a2cee4f17.jpg,2,3,true,sleeve_length|7부 소매|collar|라펠 칼라|pattern|도트,7.982,2,train,true
fashionpedia,train2020,20891,3e2ea31174428ac1b5f52482bc09b6cd.jpg,2,3,true,category|코트|pattern|스트라이프|neckline|V넥,3.896,2,train,true
fashionpedia,train2020,20893,8c5d9d23186c32779b6a38a8a41e3baf.jpg,2,3,true,neckline|터틀넥,5.058,2,train,true
fashionpedia,train2020,20908,52347a44481a50920ac0a3aa32d79e15.jpg,2,3,true,lower_fit|슬림핏|sleeve_shape|래글런 소매|silhouette|H라인|lower_fit|스트레이트핏|lower_length|무릎 기장|category|재킷,13.382,2,train,true
fashionpedia,train2020,20918,344a6aaed1d10376c2f8544a285c40c4.jpg,2,3,true,material|퍼·플리스|category|재킷|silhouette|X라인|lower_fit|플레어핏|collar|라펠 칼라,13.282,2,train,true
fashionpedia,train2020,20922,2096a11377cdd3072985b8f52b2e0a04.jpg,2,3,true,sleeve_shape|퍼프 소매,6.207,2,train,true
fashionpedia,train2020,20928,9d9a8415e7b1344539eeba81b68b6e3c.jpg,2,3,true,neckline|라운드넥|lower_length|미디·7부 기장|category|베스트|collar|셔츠 칼라,9.74,3,train,true
fashionpedia,train2020,20941,5d43b661daa7c2e4947d83005cfba568.jpg,2,3,true,detail|스팽글,5.725,1,train,true
fashionpedia,train2020,20942,56a043584d7d1cf26a7e9ed79861930b.jpg,2,3,true,detail|리본|neckline|V넥|pattern|그래픽,4.116,2,train,true
fashionpedia,train2020,20946,df66adeab72d72d6ee2ef54dd3672513.jpg,2,3,true,sleeve_shape|래글런 소매|sleeve_length|7부 소매|lower_length|무릎 기장,9.643,1,train,true
fashionpedia,train2020,20957,13dcfe0cec15445ec2ee80084fe5660d.jpg,2,3,true,neckline|오프숄더,4.626,1,train,true
fashionpedia,train2020,20965,fe5dc519bfdcbd79cd9ba9fa735f1268.jpg,2,3,true,neckline|홀터넥|sleeve_length|7부 소매,6.083,2,train,true
fashionpedia,train2020,20967,49dffe250f28306b4abba95eb4219992.jpg,2,3,true,category|쇼츠|pattern|그래픽,2.567,2,train,true
fashionpedia,train2020,20974,817da3722c6128083e4f1481a77332ce.jpg,2,3,true,detail|리본|detail|플리츠|lower_fit|플레어핏,4.238,2,train,true
fashionpedia,train2020,20996,3bb7d937da905bc6bd4742a07c907457.jpg,2,3,true,silhouette|X라인|neckline|V넥|pattern|플로럴|lower_fit|플레어핏,5.091,1,train,true
fashionpedia,train2020,21040,5d05270c04ddfa86800bbf62214f85c1.jpg,2,3,true,category|코트|material|퍼·플리스,5.648,1,train,true
fashionpedia,train2020,21043,b63400bb9a3ba7e2c4ca0c1c15a88215.jpg,2,3,true,detail|프릴·러플|silhouette|X라인|lower_fit|플레어핏,4.019,2,train,true
fashionpedia,train2020,21044,5818521cb2c7c0bab7de1e125b7a2c86.jpg,2,3,true,detail|리본|sleeve_shape|퍼프 소매|lower_length|무릎 기장,9.144,1,train,true
fashionpedia,train2020,21052,4aad0632bb9db949ccfce7e73cd99c28.jpg,2,3,true,detail|프릴·러플|lower_fit|플레어핏,2.653,2,train,true
fashionpedia,train2020,21056,a9b250b7a029fe050fc3b8ccde387134.jpg,2,3,true,category|코트|lower_length|미디·7부 기장|lower_fit|스트레이트핏|lower_length|무릎 기장|pattern|도트|collar|라펠 칼라,12.078,3,train,true
fashionpedia,train2020,21059,f96080afbffb57cb3bc8c3ebc2ba3b00.jpg,2,3,true,detail|리본|silhouette|X라인|lower_fit|플레어핏,4.109,1,train,true
fashionpedia,train2020,21074,3a6a49f2a73e7bcdd252fb1388f39085.jpg,2,3,true,pattern|카모|neckline|라운드넥|upper_fit|여유핏,17.549,2,train,true
fashionpedia,train2020,21078,02e0e61e9828870674129227de56e45c.jpg,2,3,true,category|점프수트,4.536,1,train,true
fashionpedia,train2020,21080,5f7cf6197ab5c77f7b636c1959211ef3.jpg,2,3,true,pattern|플로럴|category|점프수트,5.778,1,train,true
fashionpedia,train2020,21082,d55e00c065e20118dc5d1a4b887e6070.jpg,2,3,true,category|점프수트,4.536,1,train,true
fashionpedia,train2020,21085,cd27dfe0b9fbf3669084956cb19e77e3.jpg,2,3,true,lower_fit|스트레이트핏|lower_length|무릎 기장|pattern|플로럴|collar|스탠드 칼라,9.573,1,train,true
fashionpedia,train2020,21110,d5d1c59ad1634d93bbaf1bf6289ee5ee.jpg,2,3,true,detail|프릴·러플|silhouette|X라인|lower_fit|플레어핏,4.019,1,train,true
fashionpedia,train2020,21115,e4158743cd44983044b8209eadcd9b11.jpg,2,3,true,pattern|스트라이프|detail|리본,2.846,2,train,true
fashionpedia,train2020,21136,2c41dc7b83ee3ce78cd568c5f58b5afb.jpg,2,3,true,category|코트|sleeve_shape|래글런 소매,2.999,1,train,true
fashionpedia,train2020,21138,f7223d82eceb8b35f324e0478269b278.jpg,2,3,true,neckline|스퀘어넥|pattern|스트라이프|lower_length|무릎 기장,8.786,2,train,true
fashionpedia,train2020,21142,7bdfee560216b978d42336af349ecab5.jpg,2,3,true,category|점프수트,4.536,1,train,true
fashionpedia,train2020,21149,ef70a052b0ff439bcf24b056a4d1733a.jpg,2,3,true,category|코트|material|퍼·플리스,5.648,2,train,true
fashionpedia,train2020,21154,bf708f306e247094f2da521e28e7010a.jpg,2,3,true,neckline|오프숄더|sleeve_length|7부 소매|lower_length|무릎 기장|neckline|V넥,8.734,1,train,true
fashionpedia,train2020,21172,2e5aec4fe61160a05bcc247f0a4619f7.jpg,2,3,true,detail|스팽글,5.725,1,train,true
fashionpedia,train2020,21176,568b15423fbd8a405272c16e48dd3412.jpg,2,3,true,category|코트|sleeve_shape|래글런 소매,2.999,2,train,true
fashionpedia,train2020,21194,7e5c612bd1abc1cd7a7d53d6574bd970.jpg,2,3,true,pattern|스트라이프|detail|프릴·러플,2.757,2,train,true
fashionpedia,train2020,21208,1eea386bfadc1b62e180f395a44f62a7.jpg,2,3,true,sleeve_shape|벌룬 소매|lower_length|무릎 기장|neckline|V넥,8.291,2,train,true
fashionpedia,train2020,21210,fb77a8497b0a41c90274ec164d2c2b9c.jpg,2,3,true,detail|후드|lower_length|미디·7부 기장|neckline|V넥,7.767,2,train,true
fashionpedia,train2020,21214,7dc2463b5e972a01b8c444ddba22cced.jpg,2,3,true,detail|스팽글,5.725,2,train,true
fashionpedia,train2020,21215,cea0b050e750cb3db986638787cd881c.jpg,2,3,true,pattern|체크|detail|플리츠,2.789,1,train,true
fashionpedia,train2020,21229,90ba06fecc093534fb339a45ad3d1272.jpg,2,3,true,lower_length|무릎 기장|pattern|애니멀|silhouette|X라인|lower_fit|플레어핏,12.653,1,train,true
fashionpedia,train2020,21231,0a5c22748d4d87394c2ef4d0cbd3ce0c.jpg,2,3,true,pattern|스트라이프|detail|스팽글|lower_length|무릎 기장,8.539,1,train,true
fashionpedia,train2020,21235,1a3da4e574fc961a7f3ab5df49ccdbf4.jpg,2,3,true,detail|플리츠|category|점프수트,6.031,1,train,true
fashionpedia,train2020,21242,86e2c1b67f0f085b7e51cf1072e983b7.jpg,2,3,true,collar|칼라 없음,5.641,3,train,true
fashionpedia,train2020,21257,3a350f58595a6af79e7c8480b2991903.jpg,2,3,true,sleeve_shape|벌룬 소매|neckline|라운드넥|sleeve_length|7부 소매|lower_fit|스트레이트핏|lower_length|무릎 기장,11.285,2,train,true
fashionpedia,train2020,21278,5f56546cb262959f8b61bb6ef415e2df.jpg,2,3,true,silhouette|X라인|neckline|V넥|pattern|플로럴|lower_fit|플레어핏,5.091,3,train,true
fashionpedia,train2020,21285,54df40c4dc6dd009860d876b3b497070.jpg,2,3,true,neckline|홀터넥|lower_length|미디·7부 기장,5.927,1,train,true
fashionpedia,train2020,21288,21a1d1f09ec88d7781f89d31b1de27ba.jpg,2,3,true,detail|프릴·러플|silhouette|X라인|lower_fit|플레어핏,4.019,1,train,true
fashionpedia,train2020,21293,df843bc57d48cb94b475d7c411d6612f.jpg,2,3,true,lower_length|미디·7부 기장|collar|칼라 없음,6.915,2,train,true
fashionpedia,train2020,21295,42746e68a9fd202dc2bd68af3100375f.jpg,2,3,true,detail|프릴·러플|silhouette|X라인|lower_fit|플레어핏,4.019,1,train,true
fashionpedia,train2020,21298,c8715d726403fadc8b5ec5e5b06c302b.jpg,2,3,true,pattern|애니멀,4.8,3,train,true
fashionpedia,train2020,21304,7cae03db8f033934678c8cfd0a173c2f.jpg,2,3,true,pattern|스트라이프|pattern|그래픽,2.769,2,train,true
fashionpedia,train2020,21313,1ceeecf966f549a40736cd1f94c0d73c.jpg,2,3,true,pattern|체크|detail|후드,2.611,1,train,true
fashionpedia,train2020,21317,d8ba84542b5af522bbee1339bb9f6117.jpg,2,3,true,category|쇼츠|neckline|오프숄더,5.787,2,train,true
fashionpedia,train2020,21319,6a73cfdbe9b7b8385773a034f544d68a.jpg,2,3,true,pattern|스트라이프|pattern|그래픽,2.769,2,train,true
fashionpedia,train2020,21323,f95143e4ae1515b8bf5c2d813aa36bbc.jpg,2,3,true,category|쇼츠|category|니트,2.518,2,train,true
fashionpedia,train2020,21332,8620b9f9b1d60bf42db35a446c751a1a.jpg,2,3,true,category|코트|pattern|스트라이프|neckline|V넥,3.896,3,train,true
fashionpedia,train2020,21334,23900ad7687809cb1c1de7a8619acce3.jpg,2,3,true,detail|리본|silhouette|A라인|pattern|플로럴,4.171,1,train,true
fashionpedia,train2020,21352,60d0d45fb3f3bc0a7259269a2434bb80.jpg,2,3,true,neckline|홀터넥|lower_length|미디·7부 기장|silhouette|A라인,7.372,1,train,true
fashionpedia,train2020,21353,4eba869953b2ea8c4f35230d7b0375ba.jpg,2,3,true,detail|리본|detail|프릴·러플,2.879,2,train,true
fashionpedia,train2020,21355,369e4c7a5b14632f7ecf57bf0d02506c.jpg,2,3,true,detail|리본|lower_fit|스트레이트핏|lower_length|무릎 기장|category|가디건|collar|라펠 칼라,10.838,2,train,true
fashionpedia,train2020,21357,c126ee10be91b237fe9bcc783e7e2f03.jpg,2,3,true,neckline|오프숄더|detail|리본,6.111,1,train,true
fashionpedia,train2020,21361,bd303772faa6fdd42f9d39613d919435.jpg,2,3,true,category|점프수트,4.536,2,train,true
fashionpedia,train2020,21363,a6c43c4387210ab56def2822326d741b.jpg,2,3,true,sleeve_shape|벌룬 소매|detail|플리츠,7.109,2,train,true
fashionpedia,train2020,21378,4252c26365539559cc66ffeb80aed133.jpg,2,3,true,sleeve_shape|래글런 소매|lower_length|무릎 기장|silhouette|A라인,9.657,1,train,true
fashionpedia,train2020,21384,8e0e296de24a5c8aa0499988821588e9.jpg,2,3,true,silhouette|A라인|collar|스탠드 칼라,6.832,1,train,true
fashionpedia,train2020,21388,d45559b8c051cca4b2f13ea35be32f8b.jpg,2,3,true,pattern|체크|pattern|스트라이프,2.656,3,train,true
fashionpedia,train2020,21392,cf8a3ab0b693fd8cb7d79ae74f5f9cab.jpg,2,3,true,lower_fit|슬림핏|sleeve_length|7부 소매|silhouette|H라인|lower_fit|스트레이트핏|category|재킷|pattern|플로럴|collar|칼라 없음,13.482,2,train,true
fashionpedia,train2020,21395,c08ee02b3a92459c585fc526375bb5e2.jpg,2,3,true,detail|스팽글,5.725,1,train,true
fashionpedia,train2020,21400,3f426e91026e4ed7b1b0e69a2131b299.jpg,2,3,true,category|코트|lower_fit|스트레이트핏|lower_length|무릎 기장|collar|칼라 없음,9.894,2,train,true
fashionpedia,train2020,21407,910e40cd699eb58bb0cd43f0001e859e.jpg,2,3,true,detail|프릴·러플|silhouette|X라인|lower_fit|플레어핏,4.019,1,train,true
fashionpedia,train2020,21408,90cd85c5871effb0a251c8f56ad7c5c3.jpg,2,3,true,collar|칼라 없음,5.641,2,train,true
fashionpedia,train2020,21415,cc889d6eb7ac9d57532198345e7bae64.jpg,2,3,true,detail|프릴·러플|lower_fit|플레어핏,2.653,1,train,true
fashionpedia,train2020,21419,1f532999ad0616fb921e98f21d4d5e6c.jpg,2,3,true,silhouette|X라인|silhouette|비대칭|pattern|플로럴|lower_fit|플레어핏,12.919,1,train,true
fashionpedia,train2020,21422,8b0649cf3c604db098788c9938e2bec3.jpg,2,3,true,category|점프수트|neckline|V넥,5.761,1,train,true
fashionpedia,train2020,21424,e7744601d4d71e39a726b56e459e3615.jpg,2,3,true,category|셔츠|lower_fit|스트레이트핏|lower_length|무릎 기장|category|재킷|collar|칼라 없음,11.163,3,train,true
fashionpedia,train2020,21431,0788d522207af8bfb949dd648f3d0968.jpg,2,3,true,detail|프릴·러플|neckline|V넥,2.62,1,train,true
fashionpedia,train2020,21437,9cfd46ecf416656f0331222bc34283af.jpg,2,3,true,category|점프수트|neckline|V넥,5.761,1,train,true
fashionpedia,train2020,21439,ecb66b50c2be16c7d0e80fd4cca06817.jpg,2,3,true,lower_fit|와이드핏,4.948,2,train,true
fashionpedia,train2020,21444,e4b39757f0dfa12aaf76a753978c3b8d.jpg,2,3,true,category|코트|material|퍼·플리스,5.648,3,train,true
fashionpedia,train2020,21465,2ad7f7c1175cefaddae0a7a5d77b627a.jpg,2,3,true,sleeve_length|7부 소매|lower_length|미디·7부 기장|lower_fit|와이드핏|lower_fit|스트레이트핏|neckline|V넥,10.367,2,train,true
fashionpedia,train2020,21471,8d57911ace22895ece4b0b9d17a0b035.jpg,2,3,true,pattern|스트라이프|silhouette|X라인|lower_fit|플레어핏,3.986,1,train,true
fashionpedia,train2020,21472,ba0d84642da158a0e6093a6ca7fc0b25.jpg,2,3,true,category|가디건|neckline|V넥,2.518,3,train,true
fashionpedia,train2020,21482,ca24775f402535f97cb3deedc6e7173d.jpg,2,3,true,pattern|스트라이프|detail|리본,2.846,2,train,true
fashionpedia,train2020,21496,0f3dfe8f84cc0ad1ac8f8d34549ed0b0.jpg,2,3,true,pattern|체크|neckline|V넥,2.519,1,train,true
fashionpedia,train2020,21507,5b37fb9fedb07d9202ec032779025ac5.jpg,2,3,true,detail|스팽글,5.725,1,train,true
fashionpedia,train2020,21516,47d0f5e19e750470adf60ebb0eb18863.jpg,2,3,true,neckline|스퀘어넥|detail|리본|pattern|플로럴,8.698,2,train,true
fashionpedia,train2020,21527,214ea79595d6f9280b24bda6556dff0a.jpg,2,3,true,lower_length|무릎 기장|lower_fit|플레어핏|pattern|도트,11.799,2,train,true
fashionpedia,train2020,21539,658d345c1771449e19b1a7d691f13d69.jpg,2,3,true,category|쇼츠|category|가디건|pattern|플로럴,7.573,2,train,true
fashionpedia,train2020,21543,872dc625bd25ec66a7374a6fb84d93d6.jpg,2,3,true,category|쇼츠|neckline|보트넥,2.532,2,train,true
fashionpedia,train2020,21548,8b448d00150fd6a2bdcc9b895267ba68.jpg,2,3,true,silhouette|X라인|collar|칼라 없음|lower_fit|플레어핏,12.042,1,train,true
fashionpedia,train2020,21549,aeb4467ab2b99822664a3c44a1cb005c.jpg,2,3,true,neckline|V넥|pattern|그래픽,2.632,1,train,true
fashionpedia,train2020,21552,10927ea10d70b1a4c79b5cf71d218564.jpg,2,3,true,lower_fit|스트레이트핏|sleeve_shape|벨 소매|silhouette|X라인|lower_fit|플레어핏,13.225,1,train,true
fashionpedia,train2020,21554,651758bcfc95c3f00d7b50878e7b8d66.jpg,2,3,true,detail|리본|collar|스탠드 칼라,6.872,1,train,true
fashionpedia,train2020,21556,d44e95509fbbfd37d1548a19950fe4f1.jpg,2,3,true,detail|프릴·러플|silhouette|X라인|lower_fit|플레어핏,4.019,1,train,true
fashionpedia,train2020,21559,81728b5324e391c5fef398f4e5976870.jpg,2,3,true,category|코트|material|퍼·플리스,5.648,3,train,true
fashionpedia,train2020,21572,f474af7c104ebe3d108e14dfd34e1ac6.jpg,2,3,true,neckline|라운드넥|detail|후드|detail|리본,8.05,2,train,true
fashionpedia,train2020,21580,3c55b0e0a447d98bbf132eabbcd38f40.jpg,2,3,true,detail|리본|detail|프릴·러플,2.879,2,train,true
fashionpedia,train2020,21583,5140239d6f43c4a36c50021672fdcc41.jpg,2,3,true,category|코트|material|퍼·플리스|sleeve_length|7부 소매|lower_length|미디·7부 기장,8.352,2,train,true
fashionpedia,train2020,21584,64315423f428d8dfe86b438b1e9258aa.jpg,2,3,true,collar|스탠드 칼라,5.388,2,train,true
fashionpedia,train2020,21600,006caf030e08ef6bfa6615272f83ff55.jpg,2,3,true,silhouette|X라인|lower_length|미디·7부 기장|lower_fit|스트레이트핏|lower_length|무릎 기장|pattern|플로럴|lower_fit|플레어핏,11.86,1,train,true
fashionpedia,train2020,21605,f336955b873af119d5d6a5887118b6e5.jpg,2,3,true,detail|프릴·러플|lower_fit|플레어핏,2.653,2,train,true
fashionpedia,train2020,21632,4f1701218e09c8c6c1c792b8f5808354.jpg,2,3,true,silhouette|A라인|collar|칼라 없음,7.086,2,train,true
fashionpedia,train2020,21635,bb15b22291a1d1a745e93873d7211c16.jpg,2,3,true,detail|리본|lower_length|무릎 기장|collar|칼라 없음,8.578,2,train,true
fashionpedia,train2020,21641,eb9468e019991e8646afb697a73a67b8.jpg,2,3,true,category|점프수트|detail|리본|collar|셔츠 칼라,7.354,1,train,true
fashionpedia,train2020,21645,972d20b269ed5e3b509a158349d845f7.jpg,2,3,true,lower_length|미디·7부 기장|lower_length|무릎 기장|sleeve_shape|캡 소매|silhouette|X라인|lower_fit|플레어핏,14.211,1,train,true
fashionpedia,train2020,21653,198b47758d3e425c6bafb02c6c492fef.jpg,2,3,true,silhouette|O라인|lower_length|무릎 기장,19.453,1,train,true
fashionpedia,train2020,21654,77c348bfee3372cd2d24fd885ebf32d0.jpg,2,3,true,detail|스팽글|silhouette|X라인|lower_fit|플레어핏,12.126,2,train,true
fashionpedia,train2020,21655,9c07fe0e0a52d9874b5fc670903bacc3.jpg,2,3,true,category|코트|lower_fit|와이드핏|collar|셔츠 칼라|collar|라펠 칼라,8.83,3,train,true
fashionpedia,train2020,21660,4490c186c063b73eae382d8178d5dc79.jpg,2,3,true,sleeve_length|7부 소매|collar|칼라 없음,7.071,1,train,true
fashionpedia,train2020,21664,60607008d4e9c440ba61560fd7da9961.jpg,2,3,true,category|코트|category|점프수트,5.845,2,train,true
fashionpedia,train2020,21677,e71ddbfc1654a7f33b93a07cb03caed2.jpg,2,3,true,detail|리본|silhouette|A라인|neckline|V넥,4.154,1,train,true
fashionpedia,train2020,21686,69302d55482e90bf7405cee054d2a951.jpg,2,3,true,neckline|홀터넥,4.653,1,train,true
fashionpedia,train2020,21687,151e3bb5eefbd2fa359643ef2630560f.jpg,2,3,true,detail|리본|collar|칼라 없음,7.125,3,train,true
fashionpedia,train2020,21688,7f2e0a48fa68bd980e203b7fc17b2446.jpg,2,3,true,category|코트|detail|리본,2.794,3,train,true
fashionpedia,train2020,21691,dbace9e306a36d59a11ebbccb1689858.jpg,2,3,true,detail|리본|silhouette|비대칭,2.803,2,train,true
fashionpedia,train2020,21710,417b77246f2743b57cf5f39fa81a9899.jpg,2,3,true,category|코트|material|퍼·플리스,5.648,2,train,true
fashionpedia,train2020,21715,57750834fea02c3e90ffaf1d9c63ac0b.jpg,2,3,true,lower_fit|와이드핏|neckline|V넥|collar|라펠 칼라,7.412,3,train,true
fashionpedia,train2020,21717,32c74ac8e2c1d984e945d98bdcc23bb3.jpg,2,3,true,category|코트|detail|리본,2.794,2,train,true
fashionpedia,train2020,21726,b0db8bae31256bea4488baf5dbdcfb4d.jpg,2,3,true,category|코트|detail|후드|lower_fit|스트레이트핏|lower_length|무릎 기장|lower_length|미디·7부 기장|silhouette|H라인|upper_fit|여유핏,13.631,2,train,true
fashionpedia,train2020,21728,30bd4b66610ca254068809970928740e.jpg,2,3,true,collar|칼라 없음,5.641,2,train,true
fashionpedia,train2020,21730,3da8757b24b61450cd67f3ab6fcbee5d.jpg,2,3,true,material|퍼·플리스,4.339,1,train,true
fashionpedia,train2020,21735,5ca27b4fe9ae1b2e63bd596d34f15f8f.jpg,2,3,true,collar|셔츠 칼라|collar|칼라 없음,6.974,3,train,true
fashionpedia,train2020,21738,b2c945e7ca26f296c75bc18a886e719d.jpg,2,3,true,lower_fit|와이드핏|neckline|V넥,6.172,2,train,true
fashionpedia,train2020,21745,745946b5807261ad2d70420504856a5d.jpg,2,3,true,lower_fit|슬림핏|category|코트|neckline|라운드넥|lower_length|미디·7부 기장|lower_length|무릎 기장|pattern|플로럴|collar|칼라 없음,13.34,3,train,true
fashionpedia,train2020,21746,993eea0f4b39bb4c3cd876c9b7476551.jpg,2,3,true,lower_length|미디·7부 기장|collar|스탠드 칼라,6.662,3,train,true
fashionpedia,train2020,21762,b52945f647160e20a1742ff86c566aca.jpg,2,3,true,neckline|오프숄더,4.626,1,train,true
fashionpedia,train2020,21763,3941c93bb5f901d7bd257d06328c7676.jpg,2,3,true,neckline|스퀘어넥|pattern|스트라이프|lower_fit|스트레이트핏|lower_length|무릎 기장,10.277,1,train,true
fashionpedia,train2020,21779,b716d2c00c85272975857a243e2422cf.jpg,2,3,true,category|코트|pattern|그래픽|pattern|플로럴,3.958,3,train,true
fashionpedia,train2020,21780,15eda961e90f7a628824782ef46911ef.jpg,2,3,true,neckline|오프숄더|pattern|스트라이프,5.988,2,train,true
fashionpedia,train2020,21785,9d507f0f515b266183138d86f95cd978.jpg,2,3,true,category|점프수트|pattern|스트라이프,5.898,2,train,true
fashionpedia,train2020,21793,874b0ede24384d17c3e61a9a4ee2952a.jpg,2,3,true,category|쇼츠|category|베스트,6.996,3,train,true
fashionpedia,train2020,21823,a24772226812e7937858e28f77314faa.jpg,2,3,true,neckline|홀터넥,4.653,2,train,true
fashionpedia,train2020,21828,b7a5683cb16b72f670fbbfc34be42745.jpg,2,3,true,neckline|오프숄더|pattern|스트라이프,5.988,1,train,true
fashionpedia,train2020,21830,b60c5a0239f0008488231093a4d014ec.jpg,2,3,true,neckline|오프숄더,4.626,1,train,true
fashionpedia,train2020,21847,903cdf8b03ef843cb296ab3175a5243a.jpg,2,3,true,lower_fit|슬림핏|category|점프수트|pattern|스트라이프|lower_length|미디·7부 기장|silhouette|H라인|lower_fit|스트레이트핏|category|재킷|collar|라펠 칼라,13.58,3,train,true
fashionpedia,train2020,21850,03b09421368fd30ea1fa0b88c3ed92b7.jpg,2,3,true,pattern|스트라이프|pattern|그래픽,2.769,2,train,true
fashionpedia,train2020,21859,cfc5273b6d5af99be1ea8305c16a74fa.jpg,2,3,true,collar|칼라 없음,5.641,2,train,true
fashionpedia,train2020,21863,12b434ddc9c2945b609634ae35506fd8.jpg,2,3,true,neckline|터틀넥|silhouette|X라인|lower_fit|플레어핏,7.682,1,train,true
fashionpedia,train2020,21864,0316aa4594404b4b94241f0bee22a537.jpg,2,3,true,pattern|애니멀|pattern|플로럴,6.042,1,train,true
fashionpedia,train2020,21867,8c12d3e8ba8b7bcc3bbe5fab8d7dcef7.jpg,2,3,true,category|셔츠|collar|라펠 칼라|lower_fit|스트레이트핏|category|재킷|category|베스트,11.144,4,train,true
fashionpedia,train2020,21872,0f1a0903e4b5d9ec39db4ee1e3bebdf0.jpg,2,3,true,neckline|스퀘어넥,5.972,1,train,true
fashionpedia,train2020,21874,1752d768da1a654096056da4f008deae.jpg,2,3,true,neckline|홀터넥|pattern|스트라이프,6.015,2,train,true
fashionpedia,train2020,21876,d2c86d8a933ff5772891d53c350a6c97.jpg,2,3,true,category|쇼츠|category|가디건|collar|셔츠 칼라,7.665,4,train,true
fashionpedia,train2020,21877,469b0acb4dd1f3c5ca6489467a476ef7.jpg,2,3,true,neckline|오프숄더|detail|리본,6.111,2,train,true
fashionpedia,train2020,21878,819d489d465d0fd5c245a7a24dd22704.jpg,2,3,true,lower_length|무릎 기장|category|베스트|collar|셔츠 칼라,8.621,3,train,true
fashionpedia,train2020,21886,4acd764441f5248dac8e8691dafb213d.jpg,2,3,true,lower_length|무릎 기장|category|베스트|collar|셔츠 칼라|pattern|플로럴,9.863,2,train,true
fashionpedia,train2020,21896,24904d18ddc9cc9c1df985da45b75be9.jpg,2,3,true,detail|리본|category|니트,2.841,2,train,true
fashionpedia,train2020,21911,edaf48b0146ccb2941d45e9931a3a03a.jpg,2,3,true,pattern|애니멀,4.8,1,train,true
fashionpedia,train2020,21916,cc9cc70928065997aa893332214bb695.jpg,2,3,true,lower_length|미디·7부 기장|pattern|애니멀,6.074,1,train,true
fashionpedia,train2020,21927,f7071f34e0ee6acf4d8ebb40d91b100d.jpg,2,3,true,detail|리본|pattern|그래픽,2.891,1,train,true
fashionpedia,train2020,21957,642449d552a7c1725a4c531b23ea2040.jpg,2,3,true,pattern|체크|detail|리본,2.778,2,train,true
fashionpedia,train2020,21963,4123ad2bc04bb201c6980b2f47950f21.jpg,2,3,true,neckline|스퀘어넥,5.972,1,train,true
fashionpedia,train2020,21965,8b937c7f094b9965a232a9e2accb4370.jpg,2,3,true,category|코트|detail|플리츠,2.804,3,train,true
fashionpedia,train2020,21973,be0761d1bc62895b7e4fd13628e6d578.jpg,2,3,true,neckline|보트넥|detail|리본,2.856,1,train,true
fashionpedia,train2020,21975,d41cc106bbd2982c901566ea1014544c.jpg,2,3,true,lower_fit|슬림핏|collar|스탠드 칼라|lower_length|무릎 기장|category|재킷|lower_fit|플레어핏,14.302,2,train,true
fashionpedia,train2020,21983,d9146f38dd1678d8a5b49a9c06d881ec.jpg,2,3,true,neckline|홀터넥|lower_length|무릎 기장|silhouette|X라인|lower_fit|플레어핏,21.813,1,train,true
fashionpedia,train2020,21994,f5acb23234f7e09362813182bfaf115f.jpg,2,3,true,sleeve_length|7부 소매|collar|칼라 없음,7.071,2,train,true
fashionpedia,train2020,21995,32e53bbf99efdcba1b3b7d45b2b6338f.jpg,2,3,true,lower_length|미디·7부 기장|detail|스팽글|silhouette|A라인,8.443,1,train,true
fashionpedia,train2020,21999,3a56ee3c6db9ec79af89e6d3987546b3.jpg,2,3,true,neckline|라운드넥|sleeve_length|7부 소매|detail|스팽글,8.453,2,train,true
fashionpedia,train2020,22002,5d278a39e0fc146e06722357a7513b67.jpg,2,3,true,detail|리본|detail|프릴·러플,2.879,3,train,true
fashionpedia,train2020,22016,622be5af23964826a3f7de446eda7849.jpg,2,3,true,pattern|애니멀,4.8,1,train,true
fashionpedia,train2020,22022,45d13f9ff4670a06d3e5cfb0749df8da.jpg,2,3,true,category|셔츠|silhouette|H라인|lower_fit|스트레이트핏|upper_fit|여유핏|category|베스트|collar|셔츠 칼라|collar|라펠 칼라,14.01,3,train,true
fashionpedia,train2020,22038,fa12e820d99dfee123b402fb8b86d34a.jpg,2,3,true,neckline|스퀘어넥,5.972,2,train,true
fashionpedia,train2020,22039,01e013a29e7484d1fa4bbc3589e00036.jpg,2,3,true,neckline|홀터넥,4.653,1,train,true
fashionpedia,train2020,22045,c1532c30f42f0c96c247abe99253a92b.jpg,2,3,true,detail|스팽글|silhouette|X라인|lower_fit|플레어핏,12.126,1,train,true
fashionpedia,train2020,22063,73fbdd307eed3d9f6eb9c0e9ad643208.jpg,2,3,true,pattern|체크|detail|리본|silhouette|A라인,4.223,1,train,true
fashionpedia,train2020,22064,adab5f0bf01e620dd4f1b0696b00b111.jpg,2,3,true,detail|프릴·러플|silhouette|X라인|lower_fit|플레어핏,4.019,1,train,true
fashionpedia,train2020,22065,e5879c9ccaa09469b82a085572fff87b.jpg,2,3,true,silhouette|X라인|detail|리본|pattern|플로럴|lower_fit|플레어핏,5.351,1,train,true
fashionpedia,train2020,22069,9cd6d204b5b6dace18ec1029a48a9bc9.jpg,2,3,true,material|퍼·플리스,4.339,3,train,true
fashionpedia,train2020,22079,af1e0f6b4696ef85e640c2767376de13.jpg,2,3,true,category|점프수트|lower_length|미디·7부 기장|lower_length|무릎 기장|neckline|V넥,8.488,2,train,true
fashionpedia,train2020,22082,e697386379ac7e5a21e211bf5dc8f7d1.jpg,2,3,true,pattern|그래픽|neckline|V넥,2.632,2,train,true
fashionpedia,train2020,22125,f294b637de41a4220fc9b290abbabc83.jpg,2,3,true,category|점프수트|sleeve_length|7부 소매,5.966,2,train,true
fashionpedia,train2020,22127,9d50bc07ba683b7b09c820d6c844d81b.jpg,2,3,true,neckline|V넥|category|니트,2.582,1,train,true
fashionpedia,train2020,22129,800ed77c310dea3d1b68b7e5a08130fb.jpg,2,3,true,category|베스트,5.835,2,train,true
fashionpedia,train2020,22135,6b03e05b42e6eab4bc2258540859115c.jpg,2,3,true,detail|프릴·러플|lower_fit|플레어핏,2.653,2,train,true
fashionpedia,train2020,22187,37a8c98a467a742b95a8db607809eaa3.jpg,2,3,true,category|점프수트|sleeve_length|7부 소매|lower_length|미디·7부 기장,7.24,1,train,true
fashionpedia,train2020,22188,cefe3c9541a871a23e4d1a7707aa0d2b.jpg,2,3,true,neckline|홀터넥,4.653,1,train,true
fashionpedia,train2020,22190,b7bd8cff4a5812238c6a36a3600302e5.jpg,2,3,true,neckline|오프숄더,4.626,1,train,true
fashionpedia,train2020,22193,18ff2a21b4d9451570ab45674434b1d1.jpg,2,3,true,detail|리본|detail|플리츠,2.979,2,train,true
fashionpedia,train2020,22194,168bf1b9a79f3e4be8c9e975d0c05ced.jpg,2,3,true,category|코트|detail|플리츠,2.804,3,train,true
fashionpedia,train2020,22197,d031d767a7319f13f91e6b2c6ea3ac71.jpg,2,3,true,silhouette|A라인|sleeve_length|민소매,13.444,1,train,true
fashionpedia,train2020,22200,3886782e19d1e072b31193eea4a8188c.jpg,2,3,true,detail|프릴·러플|silhouette|X라인|lower_fit|플레어핏,4.019,1,train,true
fashionpedia,train2020,22227,4cc8e05405fa3b0f1ef1c728396318ae.jpg,2,3,true,detail|프릴·러플|sleeve_shape|캡 소매,2.666,2,train,true
fashionpedia,train2020,22240,de6e0fcf19efd9a24ef47045a64514b3.jpg,2,3,true,detail|스팽글|silhouette|X라인|lower_fit|플레어핏,12.126,1,train,true
fashionpedia,train2020,22252,cfd64ba36e1b568dbd145ff8973d4bf5.jpg,2,3,true,sleeve_length|7부 소매|lower_fit|스트레이트핏|pattern|도트|category|재킷|collar|라펠 칼라,10.776,3,train,true
fashionpedia,train2020,22255,bc44cb92239b4e801246f4e04d3d8967.jpg,2,3,true,pattern|그래픽|detail|후드,6.675,2,train,true
fashionpedia,train2020,22257,26dfe6abf9f8c2556ccf18ec8b4b1afc.jpg,2,3,true,silhouette|A라인|pattern|애니멀|collar|라펠 칼라,7.484,3,train,true
fashionpedia,train2020,22260,a4b759282b0b2659524188877b5da1d3.jpg,2,3,true,category|점프수트|lower_length|미디·7부 기장,5.81,1,train,true
fashionpedia,train2020,22282,9a0f57ddfd7eea98087c8b331ef50bfe.jpg,2,3,true,lower_length|무릎 기장|category|베스트|collar|셔츠 칼라,8.621,3,train,true
fashionpedia,train2020,22283,675ff4d1a29df00b1cecfdd9ebb9e7df.jpg,2,3,true,category|쇼츠|pattern|그래픽,2.567,2,train,true
fashionpedia,train2020,22293,776e99f44e6ec28220651e72a8065a6e.jpg,2,3,true,neckline|오프숄더,4.626,1,train,true
fashionpedia,train2020,22295,07a627cf2db6d6e2971204c2494a1e83.jpg,2,3,true,neckline|홀터넥|silhouette|X라인|lower_fit|플레어핏,7.278,1,train,true
fashionpedia,train2020,22297,4de690423fab2cf6f379178414ca2aac.jpg,2,3,true,lower_length|무릎 기장|category|재킷|collar|셔츠 칼라|collar|칼라 없음,9.73,3,train,true
fashionpedia,train2020,22301,75ba1dd04860caf322fde7db6b0af408.jpg,2,3,true,material|퍼·플리스,4.339,1,train,true
fashionpedia,train2020,22308,0166a1390e55a7b18efe4d85f1d99777.jpg,2,3,true,category|쇼츠|pattern|그래픽,2.567,2,train,true
fashionpedia,train2020,22310,0df9949334cc051217eaeadfde1b9200.jpg,2,3,true,collar|스탠드 칼라,5.388,2,train,true
fashionpedia,train2020,22312,b3bc62463db9d52f9c14296fdf8bbf3a.jpg,2,3,true,silhouette|X라인|detail|프릴·러플|pattern|플로럴|lower_fit|플레어핏,5.261,1,train,true
fashionpedia,train2020,22320,35f4ede921d9b1dbb989bb8775e74960.jpg,2,3,true,neckline|라운드넥|lower_fit|스트레이트핏|lower_length|무릎 기장|collar|칼라 없음,9.882,2,train,true
fashionpedia,train2020,22338,52b8db1afa3bd4991d893acec99fff04.jpg,2,3,true,neckline|오프숄더,4.626,1,train,true
fashionpedia,train2020,22342,5f06bcbf2f51ce37309aadbeae90c0d5.jpg,2,3,true,detail|프릴·러플|silhouette|X라인|lower_fit|플레어핏,4.019,1,train,true
fashionpedia,train2020,22356,4362b2a860d6b26ba0bb849b6480ff84.jpg,2,3,true,neckline|홀터넥|lower_length|미디·7부 기장|lower_length|무릎 기장|silhouette|X라인|lower_fit|플레어핏,13.781,1,train,true
fashionpedia,train2020,22373,e73015b19ced0ec087ccc99c3f87d515.jpg,2,3,true,neckline|스퀘어넥|lower_length|미디·7부 기장|lower_length|무릎 기장,8.699,1,train,true
fashionpedia,train2020,22379,936c6aa4f9988d9ff7d86a8b79733992.jpg,2,3,true,category|코트|category|점프수트,5.845,2,train,true
fashionpedia,train2020,22392,c07289398935827c532277743a797d73.jpg,2,3,true,detail|플리츠|silhouette|비대칭,2.814,2,train,true
fashionpedia,train2020,22402,2792f8aff6d88950cd2f1a50e515fd2f.jpg,2,3,true,detail|스팽글,5.725,2,train,true
fashionpedia,train2020,22404,8bb8fd48aaba2ea7d3f9b62f0a393f00.jpg,2,3,true,category|코트|detail|리본,2.794,1,train,true
fashionpedia,train2020,22410,40bd9991ba3a6965e51e590c0e3ef018.jpg,2,3,true,neckline|홀터넥|neckline|V넥,5.878,1,train,true
fashionpedia,train2020,22423,70e07b0d0545c91ea826afd711423939.jpg,2,3,true,pattern|스트라이프|detail|스팽글|silhouette|A라인,8.531,1,train,true
fashionpedia,train2020,22439,f31669ad83b1d98f41c8b35fea47c1b2.jpg,2,3,true,category|셔츠|pattern|스트라이프|lower_length|미디·7부 기장|category|베스트|collar|라펠 칼라,10.986,3,train,true
fashionpedia,train2020,22451,f17708f356d6c12da34e73df97c15716.jpg,2,3,true,detail|리본|sleeve_shape|퍼프 소매,7.691,1,train,true
fashionpedia,train2020,22452,f5996eb32ca496db64f8988cee9a8878.jpg,2,3,true,category|쇼츠|pattern|그래픽,2.567,2,train,true
fashionpedia,train2020,22453,6178c4613b3d64724e3ebfd5df8c13fc.jpg,2,3,true,pattern|체크|neckline|V넥,2.519,1,train,true
fashionpedia,train2020,22465,236be2270cf522847b5b16d9f69bd319.jpg,2,3,true,neckline|터틀넥,5.058,3,train,true
fashionpedia,train2020,22472,96db731660e131aa46fa225a1658f4a4.jpg,2,3,true,category|점프수트|sleeve_length|7부 소매|neckline|V넥,7.191,1,train,true
fashionpedia,train2020,22480,7853f594f8d0a51e1fbf238e73f75054.jpg,2,3,true,silhouette|A라인|sleeve_shape|벨 소매,6.778,2,train,true
fashionpedia,train2020,22487,9acab9b32e3f24b8c025b2a92d2b292c.jpg,2,3,true,sleeve_length|민소매,12.0,1,train,true
fashionpedia,train2020,22504,33388eb9dcfd98573d1679864e51bab0.jpg,2,3,true,category|코트|material|퍼·플리스,5.648,3,train,true
fashionpedia,train2020,22512,c4200760f571d26c90114852b360a16d.jpg,2,3,true,sleeve_shape|벌룬 소매|category|코트|sleeve_length|7부 소매,8.353,3,train,true
fashionpedia,train2020,22522,76a1dc101bc7deecf832811643c338a3.jpg,2,3,true,detail|스팽글,5.725,1,train,true
fashionpedia,train2020,22532,81c145e74a42a293f39768b3d8b8950a.jpg,2,3,true,pattern|스트라이프|detail|리본,2.846,2,train,true
fashionpedia,train2020,22538,deef35b30948499d9457fc3fc5d043e0.jpg,2,3,true,pattern|그래픽|collar|칼라 없음,7.048,3,train,true
fashionpedia,train2020,22569,29f48ae208d686fb50ccf648df895406.jpg,2,3,true,category|베스트,5.835,3,train,true
fashionpedia,train2020,22571,c83316a9084c23b50390f40868855166.jpg,2,3,true,silhouette|A라인|sleeve_length|민소매|collar|셔츠 칼라,14.778,1,train,true
fashionpedia,train2020,22573,e2628a272f5cf1b8a01786aa9970defb.jpg,2,3,true,material|퍼·플리스,4.339,2,train,true
fashionpedia,train2020,22574,03bca82381d69df96f72ea2a39a3c43f.jpg,2,3,true,detail|프릴·러플|neckline|V넥,2.62,1,train,true
fashionpedia,train2020,22589,f8354725fb97754a57352e7bfa54d12b.jpg,2,3,true,detail|리본|silhouette|비대칭,2.803,1,train,true
fashionpedia,train2020,22601,fac4e72bfd130de927798cb984092df2.jpg,2,3,true,silhouette|X라인|lower_fit|플레어핏|collar|스탠드 칼라,11.788,1,train,true
fashionpedia,train2020,22609,fefdc93fd1d62415542e3a4f9857d402.jpg,2,3,true,silhouette|X라인|detail|프릴·러플|pattern|플로럴|lower_fit|플레어핏,5.261,1,train,true
fashionpedia,train2020,22611,db721cd6fb3204de333e11537577420d.jpg,2,3,true,pattern|체크|detail|플리츠,2.789,2,train,true
fashionpedia,train2020,22619,d691e2a8537308690b64418635fc073b.jpg,2,3,true,category|쇼츠|pattern|그래픽,2.567,3,train,true
fashionpedia,train2020,22632,8267eb193f633eb622c37f181722278e.jpg,2,3,true,neckline|오프숄더|lower_length|미디·7부 기장,5.901,1,train,true
fashionpedia,train2020,22635,ce9590f3d9aff2b797a4145d226ec358.jpg,2,3,true,sleeve_length|민소매,12.0,1,train,true
fashionpedia,train2020,22638,79fb8292370dbd17d7601ef40735b4f1.jpg,2,3,true,category|점프수트|sleeve_length|7부 소매,5.966,1,train,true
fashionpedia,train2020,22642,f361a50c7b421a225c4b5bc2cd2d0ec1.jpg,2,3,true,pattern|스트라이프|neckline|보트넥|silhouette|A라인,4.178,1,train,true
fashionpedia,train2020,22645,792a739550ef226549db7f529925b151.jpg,2,3,true,category|점프수트|detail|리본,6.02,1,train,true
fashionpedia,train2020,22653,a3b4d8e77292efaeeb146de3e9eaab31.jpg,2,3,true,pattern|스트라이프|silhouette|A라인|neckline|V넥,4.031,1,train,true
fashionpedia,train2020,22655,02389d8de4ec5f040c639282732b53a1.jpg,2,3,true,category|점프수트|sleeve_length|7부 소매|collar|셔츠 칼라,7.299,1,train,true
fashionpedia,train2020,22658,5e1b367f14040204f6e36c17c986983d.jpg,2,3,true,category|점프수트|detail|리본|lower_fit|스트레이트핏|category|재킷|collar|라펠 칼라,10.054,2,train,true
fashionpedia,train2020,22662,2156bd567a2879b5eb593bc4a40e6f79.jpg,2,3,true,detail|플리츠|silhouette|X라인|lower_fit|플레어핏,4.12,2,train,true
fashionpedia,train2020,22667,f29d1ba418fbf434ab625b326d12e955.jpg,2,3,true,lower_fit|스트레이트핏|lower_length|무릎 기장|category|재킷|collar|칼라 없음|collar|라펠 칼라,11.128,2,train,true
fashionpedia,train2020,22668,e1cb04037bc7ee6416b190254b595100.jpg,2,3,true,category|베스트,5.835,3,train,true
fashionpedia,train2020,22681,61ee051f748e9c7bbf18cadaf64d9b62.jpg,2,3,true,category|점프수트|lower_length|미디·7부 기장,5.81,1,train,true
fashionpedia,train2020,22686,565d16b5fe5d6cf3ab128fd38931ecec.jpg,2,3,true,category|점프수트|lower_length|미디·7부 기장,5.81,2,train,true
fashionpedia,train2020,22700,3be7e0034d3b17c66b47a8700844afa2.jpg,2,3,true,sleeve_length|민소매,12.0,2,train,true
fashionpedia,train2020,22709,9067686794ac17ee6c29656a94e2d956.jpg,2,3,true,detail|프릴·러플|lower_fit|플레어핏,2.653,1,train,true
fashionpedia,train2020,22714,48d6ed4c61e74757cee5bb34a2b0bd64.jpg,2,3,true,neckline|보트넥|detail|리본,2.856,1,train,true
fashionpedia,train2020,22726,18dd7ea3d3397ba0af7606b837b3aa07.jpg,2,3,true,pattern|체크|detail|리본,2.778,2,train,true
fashionpedia,train2020,22729,21262b47b851cabe2cfa3cec51224adf.jpg,2,3,true,neckline|홀터넥|silhouette|A라인,6.098,1,train,true
fashionpedia,train2020,22739,9037ae0054c5fb02ac915eef783e2865.jpg,2,3,true,neckline|홀터넥,4.653,1,train,true
fashionpedia,train2020,22749,351049b822fbbd50c54d4033da1a4566.jpg,2,3,true,category|셔츠|lower_fit|스트레이트핏|collar|라펠 칼라|category|재킷|collar|스탠드 칼라,10.696,3,train,true
fashionpedia,train2020,22754,b366c0cbcea0fdbf1310545d6f83f05a.jpg,2,3,true,category|코트|collar|칼라 없음,6.95,3,train,true
fashionpedia,train2020,22763,150bb0fb65310ffcd37cf4689659a9de.jpg,2,3,true,sleeve_shape|퍼프 소매|silhouette|A라인,7.651,1,train,true
fashionpedia,train2020,22773,375bde9edc2fe3fd784b5a9f453f6141.jpg,2,3,true,neckline|스퀘어넥|lower_length|무릎 기장|detail|플리츠,8.919,1,train,true
fashionpedia,train2020,22781,f517f51c1d8ceb26fe86b5cb264581f2.jpg,2,3,true,neckline|오프숄더,4.626,1,train,true
fashionpedia,train2020,22786,52098910fe0c9acd5080f66d215293bb.jpg,2,3,true,detail|리본|pattern|도트,2.812,2,train,true
fashionpedia,train2020,22787,71c7c44a4ef51972dc9844cc536c6263.jpg,2,3,true,silhouette|O라인|lower_fit|스트레이트핏,19.491,1,train,true
fashionpedia,train2020,22791,052d6a36e2f86f1966cbe1c1f7547f9f.jpg,2,3,true,pattern|그래픽|lower_fit|플레어핏,2.666,2,train,true
fashionpedia,train2020,22795,a642a96722cc1d50d7bbe5b40c0493f2.jpg,2,3,true,detail|플리츠|category|점프수트,6.031,1,train,true
fashionpedia,train2020,22798,813c9f2247cacb8e0e1499ae19f99415.jpg,2,3,true,detail|후드|lower_length|무릎 기장|silhouette|A라인,8.165,1,train,true
fashionpedia,train2020,22799,1d23fdc07fc8c5178ff2ffefc63e30d2.jpg,2,3,true,pattern|스트라이프|silhouette|A라인|pattern|플로럴,4.048,1,train,true
fashionpedia,train2020,22803,b493a767005225164961a6e55c73d952.jpg,2,3,true,pattern|체크|detail|리본,2.778,1,train,true
fashionpedia,train2020,22814,49bdd66b8c73e001c17af3d8a8cb051f.jpg,2,3,true,neckline|V넥|category|점프수트,5.761,1,train,true
fashionpedia,train2020,22821,67d54b76f5dfe78263436915908da86b.jpg,2,3,true,neckline|V넥|pattern|그래픽,2.632,1,train,true
fashionpedia,train2020,22841,024ad80ecd6b9434d5deacb76d80207d.jpg,2,3,true,category|베스트|neckline|V넥,7.06,2,train,true
fashionpedia,train2020,22842,03f4fb6cb70710df81dd42e37cbae973.jpg,2,3,true,category|베스트,5.835,3,train,true
fashionpedia,train2020,22848,f1ba9eaca56b7bfd99471fa62c231c91.jpg,2,3,true,neckline|보트넥|silhouette|A라인|pattern|플로럴,4.058,1,train,true
fashionpedia,train2020,22850,26e17afe775139d66f3e104329f30955.jpg,2,3,true,detail|플리츠|silhouette|X라인|lower_fit|플레어핏,4.12,1,train,true
fashionpedia,train2020,22855,1e85debfd833626d12c2f85be9c7f764.jpg,2,3,true,detail|리본|silhouette|X라인|lower_fit|플레어핏,4.109,1,train,true
fashionpedia,train2020,22856,06c73bffa4a548e6e5316c5f27342dc1.jpg,2,3,true,category|쇼츠|pattern|그래픽,2.567,2,train,true
fashionpedia,train2020,22860,a658bca8a2ee9b2a837fd1d7ea7edefa.jpg,2,3,true,neckline|V넥|pattern|그래픽,2.632,2,train,true
fashionpedia,train2020,22862,b58dc7af2ae6038700cb03d49778803a.jpg,2,3,true,detail|리본|lower_length|무릎 기장|category|가디건,8.108,2,train,true
fashionpedia,train2020,22870,1fb36f9b28cbae32a28c4d50bdd47381.jpg,2,3,true,neckline|V넥|pattern|그래픽,2.632,3,train,true
fashionpedia,train2020,22872,fd9d2002b7949142702afff15389c156.jpg,2,3,true,category|점프수트|sleeve_length|7부 소매,5.966,2,train,true
fashionpedia,train2020,22886,a1caf8b1220e2b936da1a300e3287b4e.jpg,2,3,true,category|셔츠|pattern|스트라이프|collar|피터팬 칼라|category|재킷|collar|라펠 칼라,24.238,4,train,true
fashionpedia,train2020,22890,f1e8f5f9cb5918c722f734cc5260fbcc.jpg,2,3,true,detail|리본|silhouette|X라인|lower_fit|플레어핏,4.109,1,train,true
fashionpedia,train2020,22892,d596d9d038d003a7063429c47f652883.jpg,2,3,true,neckline|스퀘어넥|silhouette|X라인|lower_fit|플레어핏,12.373,1,train,true
fashionpedia,train2020,22896,71c8e336ba737e73533ecc16db9ac2c7.jpg,2,3,true,sleeve_length|7부 소매|detail|후드,6.698,1,train,true
fashionpedia,train2020,22908,53c7ffaa145834036041c57b9c00a186.jpg,2,3,true,silhouette|X라인|detail|스팽글|pattern|플로럴|lower_fit|플레어핏,13.367,1,train,true
fashionpedia,train2020,22910,f806f42db72fed923182b2c6a5f4f5d1.jpg,2,3,true,neckline|라운드넥|lower_length|무릎 기장|sleeve_shape|캡 소매|silhouette|X라인|lower_fit|플레어핏,14.235,1,train,true
fashionpedia,train2020,22925,7035f4b37c09d536dd401d7f182bfbca.jpg,2,3,true,pattern|그래픽|lower_fit|플레어핏,2.666,2,train,true
fashionpedia,train2020,22927,1bbcffa776898f5f259e652c2fd9b74c.jpg,2,3,true,category|점프수트,4.536,1,train,true
fashionpedia,train2020,22947,3ffb76f302755a58a1f42f371625f008.jpg,2,3,true,pattern|스트라이프|neckline|보트넥|detail|플리츠,4.228,2,train,true
fashionpedia,train2020,22949,f66bdb7d13bc539277be59ee359bf3a2.jpg,2,3,true,collar|칼라 없음,5.641,2,train,true
fashionpedia,train2020,22957,29ccf87db69138a5dcc466037861b01d.jpg,2,3,true,neckline|보트넥|lower_fit|플레어핏,2.63,1,train,true
fashionpedia,train2020,22958,c8dd4c51bc29a12e0c7be7b9a628c5a1.jpg,2,3,true,neckline|보트넥|silhouette|X라인|lower_fit|플레어핏,3.996,1,train,true
fashionpedia,train2020,22961,2854452fce66ebab18efbae5b2089caa.jpg,2,3,true,pattern|체크|detail|프릴·러플,2.689,1,train,true
fashionpedia,train2020,22966,57feaeb679d71f831cb502bef3bccd42.jpg,2,3,true,detail|플리츠|pattern|플로럴|lower_fit|플레어핏,3.995,2,train,true
fashionpedia,train2020,22986,095eab0a0a657a5db645f40204b1dbc5.jpg,2,3,true,collar|세일러 칼라,150.0,2,train,true
fashionpedia,train2020,22996,1661e899c3a1890bf5ff1ee373471763.jpg,2,3,true,lower_length|미디·7부 기장|lower_length|무릎 기장|silhouette|X라인|lower_fit|플레어핏|pattern|도트,14.439,1,train,true
fashionpedia,train2020,23011,1288fd6baa5b8787837a1c3879cf684e.jpg,2,3,true,category|코트|material|퍼·플리스|sleeve_length|7부 소매|lower_length|무릎 기장,8.531,1,train,true
fashionpedia,train2020,23016,78107bd53325325c18d2bc1c9825b308.jpg,2,3,true,neckline|라운드넥|lower_length|무릎 기장|silhouette|X라인|lower_fit|플레어핏|pattern|도트,14.463,1,train,true
fashionpedia,train2020,23023,8adf7f0f078cec985380f38ce8ba04b4.jpg,2,3,true,detail|리본|silhouette|X라인|lower_fit|플레어핏,4.109,1,train,true
fashionpedia,train2020,23037,d765fcc186800086599d7226c0d03f6c.jpg,2,3,true,category|코트|material|퍼·플리스,5.648,2,train,true
fashionpedia,train2020,23045,5aad943da8ca9967328877eee08acb91.jpg,2,3,true,detail|리본|detail|플리츠,2.979,2,train,true
fashionpedia,train2020,23058,71ae4860ac75ea825f58ab01be103d90.jpg,2,3,true,detail|리본|silhouette|X라인|lower_fit|플레어핏,4.109,2,train,true
fashionpedia,train2020,23059,70aa76698297adbdb9879fec2cece351.jpg,2,3,true,category|코트|lower_length|무릎 기장|neckline|터틀넥|collar|라펠 칼라,9.059,3,train,true
fashionpedia,train2020,23062,5c79764ba785a23f398982ddd5c9c717.jpg,2,3,true,lower_length|미디·7부 기장|detail|리본|neckline|V넥|silhouette|X라인|lower_fit|플레어핏,6.608,1,train,true
fashionpedia,train2020,23081,e010ae26d23d75104bdc8bc1851e10a8.jpg,2,3,true,category|점프수트|sleeve_length|7부 소매,5.966,1,train,true
fashionpedia,train2020,23084,0a19f1c5075d1f5c664d7dd45e35aa70.jpg,2,3,true,detail|리본|silhouette|X라인|lower_fit|플레어핏,4.109,1,train,true
fashionpedia,train2020,23097,4d12f1fe4767d2a1ca7785beafffeb94.jpg,2,3,true,sleeve_length|7부 소매|lower_length|무릎 기장|category|가디건,8.053,3,train,true
fashionpedia,train2020,23104,9f6e41ce2a3915c8f6b884ee2774cb93.jpg,2,3,true,neckline|보트넥|silhouette|X라인|lower_fit|플레어핏,3.996,1,train,true
fashionpedia,train2020,23108,bcdb1cc0b4f57e3fd2a8340db9dd2590.jpg,2,3,true,pattern|체크|silhouette|A라인|pattern|그래픽,4.145,1,train,true
fashionpedia,train2020,23109,5fed4b76183f95e727be4739840ceaf3.jpg,2,3,true,collar|스탠드 칼라,5.388,2,train,true
fashionpedia,train2020,23125,340d918655a0d14c0c4fa6bd52879d6a.jpg,2,3,true,detail|스팽글|lower_length|무릎 기장|silhouette|X라인|lower_fit|플레어핏,13.578,1,train,true
fashionpedia,train2020,23137,1797e06b6445a59f85831a58a1a2194a.jpg,2,3,true,category|코트|lower_length|무릎 기장|collar|스탠드 칼라,8.149,3,train,true
fashionpedia,train2020,23141,28582ea23a8553ea728f01b949902a90.jpg,2,3,true,material|퍼·플리스|sleeve_length|7부 소매,5.769,3,train,true
fashionpedia,train2020,23144,000c9b4926cd78edd4c19cbc6beba111.jpg,2,3,true,neckline|홀터넥|silhouette|X라인|lower_fit|플레어핏,7.278,1,train,true
fashionpedia,train2020,23151,cff8bf6a29e41605408e5b5246c36836.jpg,2,3,true,collar|칼라 없음,5.641,2,train,true
fashionpedia,train2020,23156,11c4f04f4f2009b63accfeca8ea6881e.jpg,2,3,true,neckline|오프숄더|sleeve_length|7부 소매|lower_length|무릎 기장|silhouette|A라인,8.953,1,train,true
fashionpedia,train2020,23171,1f8d90e209fc1cd3386098c5ee61c6b5.jpg,2,3,true,detail|리본|sleeve_shape|퍼프 소매,7.691,1,train,true
fashionpedia,train2020,23188,ce43c52a8bf9b104e1f6087d3622ec99.jpg,2,3,true,category|쇼츠|category|베스트,6.996,2,train,true
fashionpedia,train2020,23196,24d837db35ab486b4ec882969b83b497.jpg,2,3,true,category|코트|neckline|터틀넥,6.367,2,train,true
fashionpedia,train2020,23201,f25597f93835e72ffb67d082a59caca1.jpg,2,3,true,detail|플리츠|silhouette|X라인|lower_fit|플레어핏,4.12,1,train,true
fashionpedia,train2020,23206,cfed1485bba30aec30e4418e579747a3.jpg,2,3,true,neckline|오프숄더|sleeve_length|7부 소매|detail|리본,7.541,2,train,true
fashionpedia,train2020,23208,ed0f011b038217d4926768aa240c503b.jpg,2,3,true,detail|스팽글,5.725,1,train,true
fashionpedia,train2020,23209,027e0a6867247284150993d60d1849ff.jpg,2,3,true,neckline|스퀘어넥,5.972,1,train,true
fashionpedia,train2020,23214,f3760aebd4e63a4915ddb3a6941297f7.jpg,2,3,true,neckline|V넥|pattern|그래픽,2.632,2,train,true
fashionpedia,train2020,23215,b79a0b8cd0823471cfa3e55410b7d2f7.jpg,2,3,true,material|퍼·플리스,4.339,2,train,true
fashionpedia,train2020,23218,6e91b5ee3fa594eaa9d36598dc5aad2a.jpg,2,3,true,pattern|스트라이프|neckline|보트넥,2.733,1,train,true
fashionpedia,train2020,23237,802965e438f176cb9ead84a7ad4d5804.jpg,2,3,true,neckline|홀터넥|silhouette|A라인,6.098,1,train,true
fashionpedia,train2020,23245,33677b6d4aa55eed91f587aecebfd119.jpg,2,3,true,collar|칼라 없음,5.641,3,train,true
fashionpedia,train2020,23252,8fade17c755ca01f547f535c602c3221.jpg,2,3,true,neckline|터틀넥,5.058,2,train,true
fashionpedia,train2020,23256,6b61246a7d80e8befa65a2a45be41a8f.jpg,2,3,true,category|셔츠|silhouette|H라인|collar|셔츠 칼라|lower_fit|슬림핏|material|가죽|lower_fit|스트레이트핏|category|재킷|collar|라펠 칼라,23.588,3,train,true
fashionpedia,train2020,23261,6ddd85d1a739b4de94f6aefbf7db7223.jpg,2,3,true,detail|스팽글|silhouette|X라인|lower_fit|플레어핏,12.126,1,train,true
fashionpedia,train2020,23270,090240db4434799997d06c0bdeebce88.jpg,2,3,true,category|쇼츠|material|가죽|category|재킷,17.036,3,train,true
fashionpedia,train2020,23273,3405b47a3f41ac17562856afafeaaa45.jpg,2,3,true,neckline|스퀘어넥,5.972,2,train,true
fashionpedia,train2020,23275,bcf69a0fd4b0c82723c060a4ad49087e.jpg,2,3,true,collar|칼라 없음,5.641,2,train,true
fashionpedia,train2020,23283,b864e881f80402c7b180712796715227.jpg,2,3,true,sleeve_shape|래글런 소매|sleeve_length|7부 소매|lower_fit|스트레이트핏,9.681,2,train,true
fashionpedia,train2020,23295,605a5c3a203403857692df64dc9eff7b.jpg,2,3,true,category|점프수트,4.536,1,train,true
fashionpedia,train2020,23299,96609719df04fcce25de6ee7438edbb4.jpg,2,3,true,category|점프수트,4.536,1,train,true
fashionpedia,train2020,23304,e1e969e46e9e1d79e4967b47eb66b246.jpg,2,3,true,category|베스트,5.835,2,train,true
fashionpedia,train2020,23308,fb4ba091fef3f02b66ef0aeac934d321.jpg,2,3,true,sleeve_shape|벨 소매,5.333,1,train,true
fashionpedia,train2020,23311,7f61afae19bdd6917d0fa5dc64719584.jpg,2,3,true,lower_fit|슬림핏|material|가죽,15.695,2,train,true
fashionpedia,train2020,23318,2bd6cd9df7b9be95393b88131985d910.jpg,2,3,true,neckline|터틀넥,5.058,2,train,true
fashionpedia,train2020,23321,2bf836352ddee7200ba0da31b810ef9b.jpg,2,3,true,silhouette|A라인|detail|플리츠|category|니트,4.296,2,train,true
fashionpedia,train2020,23331,2deb35ca06b053ea0f5160b0eb73617b.jpg,2,3,true,sleeve_length|7부 소매|neckline|터틀넥,6.488,2,train,true
fashionpedia,train2020,23344,cbd2bfcaef9c73fb065245b24315c96c.jpg,2,3,true,material|퍼·플리스,4.339,2,train,true
fashionpedia,train2020,23358,186ef8ea295032aac2740001fd53256c.jpg,2,3,true,category|쇼츠|pattern|그래픽,2.567,2,train,true
fashionpedia,train2020,23365,de61b3fbd8937fff1f7a45ff6405669b.jpg,2,3,true,pattern|체크|neckline|V넥|silhouette|X라인|lower_fit|플레어핏,5.144,1,train,true
fashionpedia,train2020,23374,925f3909fb755c5462fc25bfd38927f7.jpg,2,3,true,silhouette|H라인|lower_fit|스트레이트핏|lower_length|무릎 기장|sleeve_length|민소매,16.194,1,train,true
fashionpedia,train2020,23412,bb923faf769e489ee37c6ab7141b639b.jpg,2,3,true,detail|리본|lower_fit|플레어핏,2.743,2,train,true
fashionpedia,train2020,23427,2149c2641f5a56aa9aeb3d4b376db034.jpg,2,3,true,collar|스탠드 칼라,5.388,2,train,true
fashionpedia,train2020,23434,fd5b5fce7cdac811931ba87d8e0b9d57.jpg,2,3,true,lower_fit|와이드핏|collar|셔츠 칼라|collar|라펠 칼라,7.52,3,train,true
fashionpedia,train2020,23445,38329c207ac07cfd3d32bf3b63078bc8.jpg,2,3,true,lower_fit|슬림핏|category|코트|material|가죽|neckline|라운드넥|collar|라펠 칼라,19.542,4,train,true
fashionpedia,train2020,23446,c23e9fa136912c15eceeeb97256c6ee2.jpg,2,3,true,category|코트|material|퍼·플리스|sleeve_length|7부 소매|lower_length|미디·7부 기장|lower_length|무릎 기장,9.805,2,train,true
fashionpedia,train2020,23449,0838a48a7b0bfa789a5181ab0e8f4ee2.jpg,2,3,true,lower_length|미디·7부 기장|collar|스탠드 칼라,6.662,3,train,true
fashionpedia,train2020,23455,5f6173ab808fc0239757d71b7baabcc1.jpg,2,3,true,neckline|라운드넥|detail|리본|lower_fit|스트레이트핏|lower_length|무릎 기장|pattern|도트,11.037,1,train,true
fashionpedia,train2020,23456,bd20768c093392e751c7cbed6f470212.jpg,2,3,true,material|퍼·플리스|sleeve_length|7부 소매,5.769,2,train,true
fashionpedia,train2020,23458,5e16a8a88a38afbde45c7205b89f316e.jpg,2,3,true,category|코트|material|퍼·플리스|lower_length|무릎 기장|collar|라펠 칼라,8.34,1,train,true
fashionpedia,train2020,23460,b4ecb2578ffa11e61aee74de9c42db31.jpg,2,3,true,category|점프수트|lower_length|미디·7부 기장|pattern|플로럴,7.052,1,train,true
fashionpedia,train2020,23470,f78c9db8a93f2875203b46afd147556d.jpg,2,3,true,detail|리본|silhouette|X라인|lower_fit|플레어핏,4.109,1,train,true
fashionpedia,train2020,23477,8e9aea66ade24b9ab9b18f13ada47f3f.jpg,2,3,true,detail|스팽글|lower_length|무릎 기장|neckline|V넥,8.402,1,train,true
fashionpedia,train2020,23491,41d79850c61ac27cb079ca42df9b8bc7.jpg,2,3,true,category|코트|material|퍼·플리스,5.648,1,train,true
fashionpedia,train2020,23494,4534f2a9ddff0129a0a05874b75a6636.jpg,2,3,true,category|점프수트,4.536,1,train,true
fashionpedia,train2020,23496,d29cbf21a0b95d13a8ef1af43b728aa3.jpg,2,3,true,pattern|스트라이프|sleeve_length|7부 소매|detail|후드|lower_length|무릎 기장|category|재킷,10.816,2,train,true
fashionpedia,train2020,23497,0eaff40efcae44d49eaf6bc70f485dc8.jpg,2,3,true,neckline|보트넥|detail|리본|lower_fit|플레어핏,4.114,2,train,true
fashionpedia,train2020,23500,6e6b9b7938a7143038e80a59dd8d3576.jpg,2,3,true,category|점프수트|lower_length|미디·7부 기장|lower_length|무릎 기장|neckline|V넥,8.488,1,train,true
fashionpedia,train2020,23501,9b4ba0da22349f86442687b7f82b4b9a.jpg,2,3,true,lower_fit|슬림핏|category|재킷|sleeve_length|민소매|collar|라펠 칼라,15.666,2,train,true
fashionpedia,train2020,23509,21409539436f77c04c833cc172e72b2f.jpg,2,3,true,silhouette|X라인|neckline|V넥|pattern|플로럴|lower_fit|플레어핏,5.091,1,train,true
fashionpedia,train2020,23511,cf653e2037f924108fcf5e51f81ace9b.jpg,2,3,true,neckline|라운드넥|sleeve_length|7부 소매|category|가디건,7.899,2,train,true
fashionpedia,train2020,23548,59e35435df6b1c1535339e93fb0c5230.jpg,2,3,true,neckline|터틀넥,5.058,2,train,true
fashionpedia,train2020,23557,af6e1f6e9e9a3c9a311edb542cffc023.jpg,2,3,true,category|쇼츠|pattern|그래픽,2.567,2,train,true
fashionpedia,train2020,23566,ac98bc7dbe0375aef00317ab7e7e6a2d.jpg,2,3,true,pattern|체크|pattern|스트라이프|neckline|V넥,3.881,1,train,true
fashionpedia,train2020,23568,9c73361e18e7b9dfecce6108657f3da7.jpg,2,3,true,collar|칼라 없음,5.641,2,train,true
fashionpedia,train2020,23570,83945bb0ce844666b9cbae94882c6b3f.jpg,2,3,true,category|점프수트|sleeve_length|7부 소매|pattern|플로럴,7.208,1,train,true
fashionpedia,train2020,23572,0c8fd2a62b2acfdd1c30dcd1be7e81bf.jpg,2,3,true,detail|스팽글|neckline|V넥,6.95,2,train,true
fashionpedia,train2020,23575,4261c9994816967e79a600f8a90418e0.jpg,2,3,true,neckline|라운드넥|detail|스팽글|lower_length|무릎 기장,8.475,1,train,true
fashionpedia,train2020,23580,06f08f2086279439a8cd0dcba51b747f.jpg,2,3,true,category|베스트,5.835,3,train,true
fashionpedia,train2020,23583,faedc13b7dc498e8ff0e5452727d3608.jpg,2,3,true,category|점프수트|detail|리본,6.02,1,train,true
fashionpedia,train2020,23600,15cd470a73b18a645586115bcd371c45.jpg,2,3,true,neckline|스퀘어넥,5.972,1,train,true
fashionpedia,train2020,23603,17a309a4d2f04dc722170027372dd810.jpg,2,3,true,category|베스트,5.835,2,train,true
fashionpedia,train2020,23631,7fd4d4a8fa965c7dab5714b399773687.jpg,2,3,true,neckline|터틀넥,5.058,2,train,true
fashionpedia,train2020,23634,4562df23024db0c67fb5beef16975714.jpg,2,3,true,neckline|오프숄더|detail|리본,6.111,1,train,true
fashionpedia,train2020,23639,c21cf55e89033a42c1a8f9d57770407a.jpg,2,3,true,category|점프수트|pattern|그래픽,5.943,2,train,true
fashionpedia,train2020,23659,15840e3cdd1245f42624d4cd40a5614f.jpg,2,3,true,sleeve_length|7부 소매|collar|스탠드 칼라,6.818,3,train,true
fashionpedia,train2020,23671,1669e218bb0dcf15c9034efc0d449598.jpg,2,3,true,neckline|오프숄더|pattern|스트라이프,5.988,2,train,true
fashionpedia,train2020,23677,271cb26e1c22905037c09fd76b59e236.jpg,3,3,true,category|코트|category|쇼츠|detail|리본,3.954,3,train,true
fashionpedia,train2020,23680,b69084717a5db502e487b9d1c9e99189.jpg,3,3,true,neckline|오프숄더|sleeve_length|7부 소매,6.056,1,train,true
fashionpedia,train2020,23686,ee70b9198a12baa50dd8c2db78c856eb.jpg,3,3,true,pattern|스트라이프|detail|리본|lower_fit|플레어핏,4.105,2,train,true
fashionpedia,train2020,23703,0509e8092aee2aa59a914bbd6434e42d.jpg,3,3,true,category|코트|sleeve_length|7부 소매|detail|후드|collar|라펠 칼라,9.247,2,train,true
fashionpedia,train2020,23705,c853cbf50182be54699b72b69219ad19.jpg,3,3,true,upper_fit|오버핏,6.4,2,train,true
fashionpedia,train2020,23709,3fc9c4bed917e2dac82bbce47bc065ea.jpg,3,3,true,lower_length|미디·7부 기장|detail|스팽글,6.999,1,train,true
fashionpedia,train2020,23723,fa256421f1e82159f76a7e8462335803.jpg,3,3,true,neckline|홀터넥,4.653,2,train,true
fashionpedia,train2020,23724,6cb6b0952d98b96465b31dc24fa59e52.jpg,3,3,true,category|코트|detail|후드,6.578,2,train,true
fashionpedia,train2020,23726,7bd6b4069c4b87fa4034b063d24e1547.jpg,3,3,true,sleeve_length|7부 소매|collar|스탠드 칼라,6.818,3,train,true
fashionpedia,train2020,23728,9cd5b479497f637cc64c80a8317f697b.jpg,3,3,true,detail|플리츠|neckline|V넥|lower_fit|플레어핏,3.978,3,train,true
fashionpedia,train2020,23741,27aff09e81c7fdb3bfc95650fc1927a7.jpg,3,3,true,material|퍼·플리스,4.339,3,train,true
fashionpedia,train2020,23747,02ccecd8b0285fa3047b332dfcaba710.jpg,3,3,true,neckline|터틀넥,5.058,2,train,true
fashionpedia,train2020,23750,fb90d658ded3b33bdace959deab20fcf.jpg,3,3,true,lower_length|미디·7부 기장|pattern|애니멀,6.074,1,train,true
fashionpedia,train2020,23752,85a3b66c48d0fc83326e6b882c15810a.jpg,3,3,true,detail|프릴·러플|neckline|V넥,2.62,1,train,true
fashionpedia,train2020,23760,a8739e31a5b4086a788965a3d8b1f832.jpg,3,3,true,lower_fit|슬림핏|category|셔츠|detail|리본|sleeve_shape|퍼프 소매|lower_length|무릎 기장|collar|셔츠 칼라,12.875,2,train,true
fashionpedia,train2020,23762,ea20b59163f3b360f62d68e4f132393b.jpg,3,3,true,neckline|오프숄더|sleeve_length|7부 소매|neckline|V넥,7.281,2,train,true
fashionpedia,train2020,23781,ad41aa4be0ef7ce6e87fc9f32b17baaa.jpg,3,3,true,category|코트|lower_length|미디·7부 기장|lower_fit|스트레이트핏|lower_length|무릎 기장|pattern|도트,10.839,3,train,true
fashionpedia,train2020,23794,33fb1ab9391e6e3fbba423ac3e4fefe1.jpg,3,3,true,material|퍼·플리스,4.339,3,train,true
fashionpedia,train2020,23803,7d5cfb578e0332ce9a82261d99482d23.jpg,3,3,true,detail|프릴·러플|lower_fit|플레어핏,2.653,1,train,true
fashionpedia,train2020,23806,4859dde3b5f013b98b6e05cd0b1d4134.jpg,3,3,true,category|점프수트|sleeve_length|7부 소매|lower_length|무릎 기장|pattern|플로럴,8.66,1,train,true
fashionpedia,train2020,23814,3f4877b1c11e66ff799769f886916848.jpg,3,3,true,sleeve_length|7부 소매|lower_length|미디·7부 기장|detail|프릴·러플|silhouette|X라인|lower_fit|플레어핏,6.724,1,train,true
fashionpedia,train2020,23819,1ff9122e64b75bfd65db6fc65cff0928.jpg,3,3,true,neckline|라운드넥|lower_length|미디·7부 기장|lower_length|무릎 기장|detail|플리츠|silhouette|X라인|lower_fit|플레어핏,11.92,1,train,true
fashionpedia,train2020,23822,2df4ffe86adb413322ef6a4c898fda86.jpg,3,3,true,detail|리본|detail|플리츠|lower_fit|플레어핏,4.238,2,train,true
fashionpedia,train2020,23826,61a27b5f80ac4777f5a018e2a6b7c012.jpg,3,3,true,category|쇼츠|detail|프릴·러플,2.555,2,train,true
fashionpedia,train2020,23830,54f74f523bd7ed238d0a00845d76a011.jpg,3,3,true,upper_fit|오버핏,6.4,2,train,true
fashionpedia,train2020,23841,e80d339f5d9765b0eba4bc11d966ebfa.jpg,3,3,true,pattern|애니멀,4.8,1,train,true
fashionpedia,train2020,23843,2d7eb7a787bbcdeab3a7e75cce07fd82.jpg,3,3,true,category|베스트,5.835,3,train,true
fashionpedia,train2020,23846,8513c37a807e0136609fdcb1b7ba85df.jpg,3,3,true,detail|리본|detail|플리츠,2.979,2,train,true
fashionpedia,train2020,23850,44e609ee321ef8cd50180b69e320b38c.jpg,3,3,true,detail|프릴·러플|silhouette|X라인|lower_fit|플레어핏,4.019,1,train,true
fashionpedia,train2020,23857,f87ecf18d1c49bb6a13b2c87321d5ab9.jpg,3,3,true,category|코트|neckline|라운드넥|lower_length|미디·7부 기장|lower_length|무릎 기장|category|가디건,10.505,4,train,true
fashionpedia,train2020,23858,f01efbd45f1c24f60cf7c76d64a80344.jpg,3,3,true,lower_length|미디·7부 기장|collar|스탠드 칼라,6.662,1,train,true
fashionpedia,train2020,23862,92ec1e798508beb8e4874ca83ead470b.jpg,3,3,true,category|코트|detail|리본,2.794,2,train,true
fashionpedia,train2020,23864,97a2c405ebd9bdf2f9c54c0af8e00d77.jpg,3,3,true,neckline|라운드넥|lower_length|무릎 기장|silhouette|A라인|sleeve_shape|벨 소매,9.528,2,train,true
fashionpedia,train2020,23880,85401773e10eb93ae0554a9470da1a25.jpg,3,3,true,neckline|V넥|collar|칼라 없음,6.866,3,train,true
fashionpedia,train2020,23890,e339ff1cf7d684b420d5312ed7085d4d.jpg,3,3,true,lower_length|미디·7부 기장|silhouette|비대칭|silhouette|X라인|lower_fit|플레어핏,12.951,1,train,true
fashionpedia,train2020,23895,25ce8920ccd765cf73904f62ed8f4823.jpg,3,3,true,category|쇼츠|category|베스트|collar|셔츠 칼라,8.329,3,train,true
fashionpedia,train2020,23902,0278523c6fa03f8bbd438ef267774d98.jpg,3,3,true,neckline|V넥|pattern|도트,2.553,1,train,true
fashionpedia,train2020,23905,c69220df0192660fe2e831a613e47055.jpg,3,3,true,pattern|스트라이프|detail|리본,2.846,2,train,true
fashionpedia,train2020,23912,51651995cc51dc6cb3a7c99fa51addc5.jpg,3,3,true,collar|스탠드 칼라,5.388,2,train,true
fashionpedia,train2020,23915,c533b33c7440add9f6e872ee34cae61c.jpg,3,3,true,sleeve_shape|래글런 소매|neckline|V넥,2.915,1,train,true
fashionpedia,train2020,23919,03d8936a7c7d161f33829610804486c8.jpg,3,3,true,pattern|그래픽|neckline|V넥,2.632,2,train,true
fashionpedia,train2020,23921,7b197ceb210f810aec78bea6c23bf36a.jpg,3,3,true,lower_fit|슬림핏|pattern|스트라이프|neckline|라운드넥|sleeve_length|7부 소매|silhouette|O라인|category|재킷,24.516,3,train,true
fashionpedia,train2020,23922,ca9181a663fd39723f2888ecafb68b52.jpg,3,3,true,lower_fit|슬림핏|collar|셔츠 칼라|lower_length|무릎 기장|category|재킷|detail|플리츠|silhouette|비대칭|collar|라펠 칼라,13.223,2,train,true
fashionpedia,train2020,23929,e9fb0ace009a8e631efe8e3ad58dfb18.jpg,3,3,true,sleeve_length|7부 소매|lower_length|무릎 기장|collar|칼라 없음,8.524,2,train,true
fashionpedia,train2020,23931,8801abf68d55e558cb5b31400e76a24d.jpg,3,3,true,category|점프수트|sleeve_length|7부 소매|collar|라펠 칼라,7.206,2,train,true
fashionpedia,train2020,23940,d737e4f8ac978471da74712967e1c7e7.jpg,3,3,true,pattern|스트라이프|detail|플리츠,2.857,2,train,true
fashionpedia,train2020,23943,64084cc2be033cf3847290985938c36a.jpg,3,3,true,sleeve_length|7부 소매|category|가디건|neckline|V넥,7.826,3,train,true
fashionpedia,train2020,23948,cbb5a623ec02e473ccb14139f56dd64b.jpg,3,3,true,category|점프수트|sleeve_length|7부 소매|pattern|플로럴,7.208,3,train,true
fashionpedia,train2020,23955,5b290bba94c82c43126edb5c4a10df18.jpg,3,3,true,neckline|오프숄더,4.626,1,train,true
fashionpedia,train2020,23967,683821de99041e0cd07a3343943bfeda.jpg,3,3,true,pattern|체크|detail|리본,2.778,2,train,true
fashionpedia,train2020,23993,79394488805f4cc9ba44e726de00f944.jpg,3,3,true,neckline|보트넥|lower_fit|플레어핏,2.63,1,train,true
fashionpedia,train2020,23997,b052ed82daf90220ddeaa9eef04ea4fb.jpg,3,3,true,silhouette|H라인|lower_fit|스트레이트핏|lower_length|무릎 기장|neckline|V넥|sleeve_length|민소매,17.419,1,train,true
fashionpedia,train2020,24001,d66cf68c2721dae78f29eca198acb933.jpg,3,3,true,detail|리본|silhouette|X라인|lower_fit|플레어핏,4.109,1,train,true
fashionpedia,train2020,24003,2a0cf927fe3b6a9f0e20c02cdcd62c41.jpg,3,3,true,category|쇼츠|pattern|그래픽,2.567,2,train,true
fashionpedia,train2020,24004,b03dda2581ce1fc8f35750d39bd1f4bb.jpg,3,3,true,neckline|오프숄더|detail|플리츠,6.121,1,train,true
fashionpedia,train2020,24016,71193b8c539508e569bfd4aaf9b42f53.jpg,3,3,true,detail|플리츠|silhouette|비대칭,2.814,2,train,true
fashionpedia,train2020,24017,42e1bec6e93cd8273a68d349bbe3ead7.jpg,3,3,true,lower_fit|슬림핏|category|셔츠|pattern|그래픽|sleeve_length|민소매,15.805,3,train,true
fashionpedia,train2020,24027,aa952aec7140eeb44d86926af1ed0781.jpg,3,3,true,neckline|스퀘어넥|lower_length|무릎 기장,7.425,1,train,true
fashionpedia,train2020,24032,53ba28334cea993798fb43453e0d479d.jpg,3,3,true,pattern|스트라이프|pattern|플로럴|pattern|도트,7.916,1,train,true
fashionpedia,train2020,24043,d181b8d1b1b8a7aecff9040552b470ff.jpg,3,3,true,category|코트|lower_length|미디·7부 기장|lower_length|무릎 기장|neckline|V넥|sleeve_shape|캡 소매|pattern|플로럴,7.774,3,train,true
fashionpedia,train2020,24046,414f739b2e68edc61006922e3e2e0d6b.jpg,3,3,true,detail|프릴·러플|silhouette|X라인|lower_fit|플레어핏,4.019,1,train,true
fashionpedia,train2020,24056,8df8f3550ddc83ce46918184861a9f9c.jpg,3,3,true,detail|스팽글|lower_fit|스트레이트핏|category|재킷|collar|라펠 칼라,9.759,3,train,true
fashionpedia,train2020,24058,dea99f66a078ccf74ef9afab0f2a3629.jpg,3,3,true,detail|프릴·러플|silhouette|X라인|lower_fit|플레어핏,4.019,1,train,true
fashionpedia,train2020,24059,7504144741a7353f7714af1e2dfabaf1.jpg,3,3,true,lower_length|미디·7부 기장|silhouette|X라인|lower_fit|플레어핏|collar|스탠드 칼라,13.062,1,train,true
fashionpedia,train2020,24067,168353d0aacdbc3d9d45b027cccb0d53.jpg,3,3,true,neckline|스퀘어넥|detail|리본|lower_fit|스트레이트핏|lower_length|무릎 기장,10.4,1,train,true
fashionpedia,train2020,24068,31d869b15c03d3251ca12ccccf343bce.jpg,3,3,true,category|베스트|collar|라펠 칼라,7.075,4,train,true
fashionpedia,train2020,24082,6296c02e007cdce4a5fb888cf2842f3f.jpg,3,3,true,neckline|터틀넥,5.058,1,train,true
fashionpedia,train2020,24103,f96f7d02e7e5150fcbd022707a05bb8b.jpg,3,3,true,lower_length|무릎 기장|lower_fit|플레어핏|pattern|도트,11.799,2,train,true
fashionpedia,train2020,24125,0556dd69fa22ca23e438cb8ce944fcb8.jpg,3,3,true,category|쇼츠|pattern|그래픽,2.567,3,train,true
fashionpedia,train2020,24132,836e74d61c975b6dde22190134fa7928.jpg,3,3,true,category|코트|sleeve_length|7부 소매|lower_length|미디·7부 기장|lower_length|무릎 기장|collar|스탠드 칼라,10.854,2,train,true
fashionpedia,train2020,24133,f0aaca4e541527a7b404e8a069178bb9.jpg,3,3,true,sleeve_shape|래글런 소매|sleeve_length|7부 소매|lower_fit|스트레이트핏,9.681,2,train,true
fashionpedia,train2020,24136,b75bc7917f9f9e4729d48b2f4e27d70c.jpg,3,3,true,detail|프릴·러플|lower_fit|플레어핏,2.653,1,train,true
fashionpedia,train2020,24137,1fdc97376fd3cb2d05449b57001a5b50.jpg,3,3,true,sleeve_shape|래글런 소매|sleeve_length|7부 소매|upper_fit|여유핏|lower_fit|플레어핏,14.81,2,train,true
fashionpedia,train2020,24141,2ea38ef382268c71d3185e5fe803ce2b.jpg,3,3,true,category|셔츠|lower_fit|스트레이트핏|category|가디건|neckline|V넥|collar|셔츠 칼라,10.494,3,train,true
fashionpedia,train2020,24142,a2185c8c6a11dc0abfb7fed911774fd6.jpg,3,3,true,neckline|터틀넥,5.058,1,train,true
fashionpedia,train2020,24147,f99b68102c914e61c9a02f6002e69b4c.jpg,3,3,true,detail|리본|pattern|그래픽,2.891,1,train,true
fashionpedia,train2020,24149,d70b64bc3cdebb9466b3d40173563d8e.jpg,3,3,true,category|점프수트,4.536,1,train,true
fashionpedia,train2020,24155,42eb5c1fa9ff6180a5838585cbdb24b2.jpg,3,3,true,pattern|스트라이프|category|니트,2.719,2,train,true
fashionpedia,train2020,24160,fdd9af7532f2ca546e45d06497020666.jpg,3,3,true,neckline|V넥|pattern|도트,2.553,1,train,true
fashionpedia,train2020,24166,7aecaaa96fc928ac635579ca4c828d22.jpg,3,3,true,sleeve_shape|벌룬 소매,5.614,2,train,true
fashionpedia,train2020,24175,f93a1c30ae4d5fae9d35073cd29ddf29.jpg,3,3,true,category|코트|category|점프수트|lower_length|미디·7부 기장|lower_length|무릎 기장|collar|라펠 칼라,9.812,2,train,true
fashionpedia,train2020,24185,572a530815b4020c8e465926c37c1bdd.jpg,3,3,true,category|코트|neckline|라운드넥|lower_length|무릎 기장|collar|칼라 없음,9.701,2,train,true
fashionpedia,train2020,24189,f198a4f62bad2d957666b3346a91a817.jpg,3,3,true,neckline|V넥|category|점프수트,5.761,1,train,true
fashionpedia,train2020,24197,9076bdcb476c93171e3c2a046134cba7.jpg,3,3,true,detail|후드|detail|리본,6.753,2,train,true
fashionpedia,train2020,24205,c6e1e470fa3fbb436cb5b876bc96e04d.jpg,3,3,true,category|코트|detail|리본|pattern|그래픽,4.2,3,train,true
fashionpedia,train2020,24206,b0e880aba263e062801f0648d4718437.jpg,3,3,true,neckline|터틀넥|pattern|플로럴|collar|라펠 칼라,7.539,3,train,true
fashionpedia,train2020,24209,94ff4ad6841569f31cf19fd6e59b7ee3.jpg,3,3,true,neckline|터틀넥,5.058,1,train,true
fashionpedia,train2020,24211,de3e565dc92d842d5e66846104273fe4.jpg,3,3,true,category|쇼츠|category|니트,2.518,2,train,true
fashionpedia,train2020,24233,17f095ec398d0def1ea207a3b80720b1.jpg,3,3,true,pattern|스트라이프|lower_length|무릎 기장|collar|스탠드 칼라,8.202,1,train,true
fashionpedia,train2020,24235,92db5ee33f7e1fa467287d9892fc56d4.jpg,3,3,true,neckline|라운드넥|silhouette|H라인|lower_fit|스트레이트핏|lower_length|무릎 기장|sleeve_length|민소매,17.492,1,train,true
fashionpedia,train2020,24247,c36604d2968a414a35d8b6ee9b255d24.jpg,3,3,true,silhouette|X라인|lower_fit|플레어핏|collar|스탠드 칼라,8.012,1,train,true
fashionpedia,train2020,24248,f8b090ef059097fbcb2a78fa284c641f.jpg,3,3,true,detail|리본|silhouette|X라인|lower_fit|플레어핏,4.109,1,train,true
fashionpedia,train2020,24252,e65abbfab336030bdb1d349571dabb7e.jpg,3,3,true,detail|플리츠|category|니트,2.852,2,train,true
fashionpedia,train2020,24254,0c9d3a835d3b1025213a2ac29e77d54a.jpg,3,3,true,detail|스팽글|silhouette|X라인|lower_fit|플레어핏,12.126,1,train,true
fashionpedia,train2020,24258,95428420441565504d7927d32214c903.jpg,3,3,true,detail|리본|neckline|터틀넥,6.542,1,train,true
fashionpedia,train2020,24271,7286b56e071d8adbd6c6d9b7d07e114e.jpg,3,3,true,category|코트|lower_length|무릎 기장|collar|칼라 없음,8.403,2,train,true
fashionpedia,train2020,24273,0c7549392508921fbabb8a77673aa393.jpg,3,3,true,pattern|스트라이프|detail|리본,2.846,1,train,true
fashionpedia,train2020,24277,9629791d901125f298b10fa0f3ecace2.jpg,3,3,true,category|셔츠|silhouette|H라인|category|가디건|collar|셔츠 칼라|lower_fit|슬림핏|lower_fit|스트레이트핏|neckline|V넥|category|재킷,14.172,4,train,true
fashionpedia,train2020,24283,1cf2055b02c671b40a3d656e47b59276.jpg,3,3,true,detail|프릴·러플|neckline|V넥,2.62,2,train,true
fashionpedia,train2020,24294,db1889068053c653ec14eb71840a2c09.jpg,3,3,true,material|퍼·플리스|pattern|스트라이프,5.701,1,train,true
fashionpedia,train2020,24302,114d6ec4361bea48530dfa754aae9f98.jpg,3,3,true,pattern|스트라이프|neckline|보트넥,2.733,2,train,true
fashionpedia,train2020,24328,b9568ceeb48f65b993a5f3fcaaea6ed5.jpg,3,3,true,detail|프릴·러플|detail|리본,2.879,2,train,true
fashionpedia,train2020,24331,4e6dafeb76ee8a407a5f2668840bb4fc.jpg,3,3,true,category|점프수트|lower_length|미디·7부 기장,5.81,1,train,true
fashionpedia,train2020,24350,45867b0967257bac1227bd662f1604a7.jpg,3,3,true,category|코트|pattern|애니멀,6.109,1,train,true
fashionpedia,train2020,24351,dd4778925ec4b7b5ca242b865c2679dc.jpg,3,3,true,category|쇼츠|pattern|체크|neckline|V넥,3.679,2,train,true
fashionpedia,train2020,24352,a39dae65ce053734d9df87c6ef987dc4.jpg,3,3,true,category|쇼츠|pattern|그래픽,2.567,2,train,true
fashionpedia,train2020,24359,34a26a36a2fe5f56e0558ab561e73e28.jpg,3,3,true,neckline|홀터넥|silhouette|A라인,6.098,1,train,true
fashionpedia,train2020,24366,8e4c23c6ff6753cc67f424f7fdc82fd9.jpg,3,3,true,sleeve_shape|벨 소매,5.333,1,train,true
fashionpedia,train2020,24379,adc94eecb3d37895eeb58534bd007dec.jpg,3,3,true,category|점프수트,4.536,1,train,true
fashionpedia,train2020,24383,517098c55be4ef15807b06d575f3d1d6.jpg,3,3,true,silhouette|X라인|lower_length|미디·7부 기장|detail|리본|lower_length|무릎 기장|pattern|플로럴|lower_fit|플레어핏,11.854,1,train,true
fashionpedia,train2020,24398,8726692c4b0277dfff6eb1bfc793a886.jpg,3,3,true,pattern|스트라이프|detail|리본,2.846,1,train,true
fashionpedia,train2020,24409,2561a4ea83ac41ceffc8c846cb13619f.jpg,3,3,true,sleeve_shape|벌룬 소매|category|쇼츠|sleeve_length|7부 소매,8.204,2,train,true
fashionpedia,train2020,24414,1c4f3e7d611a86845485cdb1c3ab37a5.jpg,3,3,true,detail|플리츠|silhouette|X라인|lower_fit|플레어핏,4.12,1,train,true
fashionpedia,train2020,24421,4a1c2e001354385f14bcb561e6b9f87a.jpg,3,3,true,detail|프릴·러플|silhouette|X라인|lower_fit|플레어핏,4.019,1,train,true
fashionpedia,train2020,24425,75a57f376c7bb8ea80cc87773ce51953.jpg,3,3,true,pattern|스트라이프|neckline|보트넥,2.733,2,train,true
fashionpedia,train2020,24438,e124c1fab314ed76fbdf542f8907ce58.jpg,3,3,true,lower_length|미디·7부 기장|detail|리본|lower_fit|스트레이트핏|lower_length|무릎 기장|silhouette|X라인|lower_fit|플레어핏|pattern|도트,17.415,1,train,true
fashionpedia,train2020,24440,f49b3030d67bf5f844060a909aba45df.jpg,3,3,true,detail|프릴·러플|lower_fit|플레어핏,2.653,1,train,true
fashionpedia,train2020,24444,7f3923607762eb3b0e6120224f7414ff.jpg,3,3,true,category|쇼츠|collar|칼라 없음,6.802,2,train,true
fashionpedia,train2020,24446,4c8efaf4186a157fce87914f7d0dd147.jpg,3,3,true,category|쇼츠|pattern|그래픽,2.567,2,train,true
fashionpedia,train2020,24478,e6443b6a04b6bfc0f66d677a9e2f5e86.jpg,3,3,true,neckline|오프숄더|sleeve_length|7부 소매,6.056,1,train,true
fashionpedia,train2020,24480,8c4ae9712ef2e7aa57766f037bced179.jpg,3,3,true,category|점프수트|sleeve_length|7부 소매|neckline|V넥,7.191,1,train,true
fashionpedia,train2020,24485,a012f75b36d260959fbcc28234792fee.jpg,3,3,true,sleeve_length|민소매,12.0,2,train,true
fashionpedia,train2020,24498,644d63798b4bddf43cafd1b7457be7e4.jpg,3,3,true,category|베스트,5.835,4,train,true
fashionpedia,train2020,24507,85088e03a561d6d2969340085a9960ce.jpg,3,3,true,detail|플리츠|sleeve_shape|캡 소매,2.766,1,train,true
fashionpedia,train2020,24510,eda9b627948e99e46171a4840ec99cd6.jpg,3,3,true,detail|프릴·러플|neckline|V넥,2.62,2,train,true
fashionpedia,train2020,24511,5204acead717f6abc0ad023e54f1b189.jpg,3,3,true,category|점프수트|sleeve_length|7부 소매,5.966,2,train,true
fashionpedia,train2020,24516,97c06f7c020c7d9ce1eef746eba67d34.jpg,3,3,true,detail|스팽글,5.725,1,train,true
fashionpedia,train2020,24518,19bca4360b8c53896337bc6ad1791c85.jpg,3,3,true,pattern|애니멀,4.8,1,train,true
fashionpedia,train2020,24528,88c6f00e8d99a6d53262495efe44ee4f.jpg,3,3,true,detail|리본|detail|프릴·러플,2.879,1,train,true
fashionpedia,train2020,24541,fa043af7c56e6f33a1750405b4aeac06.jpg,3,3,true,sleeve_length|7부 소매|lower_fit|스트레이트핏|detail|스팽글|lower_length|무릎 기장,10.098,1,train,true
fashionpedia,train2020,24555,65f23486fa311f8f0abc6ec88fec3919.jpg,3,3,true,upper_fit|오버핏,6.4,1,train,true
fashionpedia,train2020,24564,15e7782193e30fd8e6def8b1c4c70f28.jpg,3,3,true,pattern|스트라이프|collar|칼라 없음,7.003,3,train,true
fashionpedia,train2020,24570,a0db779977193eb32df66f19403ad2b4.jpg,3,3,true,neckline|오프숄더|silhouette|X라인|lower_fit|플레어핏,7.251,1,train,true
fashionpedia,train2020,24571,7f1b646f74a40cda6eed7748dae9c83f.jpg,3,3,true,category|코트|sleeve_shape|래글런 소매,2.999,2,train,true
fashionpedia,train2020,24583,0dc73d17c483b7afe929c9ad7f447fb0.jpg,3,3,true,pattern|애니멀,4.8,2,train,true
fashionpedia,train2020,24586,300f9524353315edd044bc4219a53024.jpg,3,3,true,pattern|애니멀,4.8,3,train,true
fashionpedia,train2020,24593,fd500a80d62dc43c6ae6103468292c7d.jpg,3,3,true,category|코트|material|퍼·플리스|lower_length|무릎 기장|collar|라펠 칼라,8.34,2,train,true
fashionpedia,train2020,24596,921311f2904d0b1954709c94dc2450ff.jpg,3,3,true,sleeve_shape|벌룬 소매|detail|리본,7.098,2,train,true
fashionpedia,train2020,24601,3374f009277d4dc1d880ea064378ddfc.jpg,3,3,true,sleeve_length|7부 소매|upper_fit|오버핏,7.83,2,train,true
fashionpedia,train2020,24615,6d98534333061ee745ef88f453847c0f.jpg,3,3,true,pattern|체크|neckline|V넥,2.519,1,train,true
fashionpedia,train2020,24630,317dce22d220d5a41847b16ac7714c7a.jpg,3,3,true,neckline|홀터넥|silhouette|A라인,6.098,1,train,true
fashionpedia,train2020,24631,542a190d8dec31e0f94f8cdac8664274.jpg,3,3,true,category|셔츠|silhouette|H라인|lower_fit|스트레이트핏|upper_fit|여유핏|category|가디건|neckline|V넥|collar|셔츠 칼라,13.33,3,train,true
fashionpedia,train2020,24634,8d3288dc4ff866afeee978654ce8eec9.jpg,3,3,true,lower_length|미디·7부 기장|detail|스팽글|silhouette|X라인|lower_fit|플레어핏,13.4,1,train,true
fashionpedia,train2020,24642,1d8c3dbb110d2dfc81a7fea292abd6e1.jpg,3,3,true,pattern|스트라이프|silhouette|X라인|lower_fit|플레어핏,3.986,1,train,true
fashionpedia,train2020,24652,bd18e080cedf82d2f9a2da7b6121cbe2.jpg,3,3,true,category|점프수트|neckline|V넥,5.761,1,train,true
fashionpedia,train2020,24660,18967098109fd482a6eefa45d6e87d97.jpg,3,3,true,sleeve_shape|래글런 소매|detail|리본,3.174,1,train,true
fashionpedia,train2020,24669,5b10189fa66cef67dac3c45d35668a5b.jpg,3,3,true,category|쇼츠|category|니트,2.518,2,train,true
fashionpedia,train2020,24672,4aa73d222e033dab63056f45db79f7d9.jpg,3,3,true,category|코트|detail|후드|collar|라펠 칼라,7.817,3,train,true
fashionpedia,train2020,24687,493d95bc332f2dd635fa074059f4094e.jpg,3,3,true,category|코트|lower_length|미디·7부 기장|detail|플리츠|collar|스탠드 칼라,9.466,3,train,true
fashionpedia,train2020,24694,6d2919502892404ac155648a89dc07de.jpg,3,3,true,category|베스트,5.835,3,train,true
fashionpedia,train2020,24708,eefed7a6d2db64354fe41e99bdc88633.jpg,3,3,true,detail|리본|detail|플리츠,2.979,3,train,true
fashionpedia,train2020,24709,6525572c0485f8d0b0fa2389657187e8.jpg,3,3,true,category|점프수트|detail|리본,6.02,2,train,true
fashionpedia,train2020,24712,14b471d57adcf9173a749d339e7e9b90.jpg,3,3,true,pattern|애니멀,4.8,3,train,true
fashionpedia,train2020,24718,1951bd0eb4fbe8a1eba9a9652c3025f2.jpg,3,3,true,sleeve_length|7부 소매|detail|후드,6.698,3,train,true
fashionpedia,train2020,24737,6b0635121a8f808b1ff255363a8c18a4.jpg,3,3,true,pattern|스트라이프|silhouette|A라인|sleeve_shape|캡 소매,4.077,3,train,true
fashionpedia,train2020,24738,7f92d0d3c9f66fdbda3716bca0938342.jpg,3,3,true,sleeve_length|7부 소매|upper_fit|오버핏,7.83,1,train,true
fashionpedia,train2020,24748,292327479374af73b1f2ad8830ca4872.jpg,3,3,true,pattern|스트라이프|sleeve_length|7부 소매|lower_fit|스트레이트핏|collar|라펠 칼라|category|베스트,11.358,2,train,true
fashionpedia,train2020,24753,e5c3af60d6cf7556e009c0e8c535b6be.jpg,3,3,true,category|코트|lower_length|무릎 기장|collar|칼라 없음,8.403,3,train,true
fashionpedia,train2020,24763,9e3d3f8c048620ce3975e98e2d006a8c.jpg,3,3,true,sleeve_shape|벌룬 소매|sleeve_length|7부 소매|lower_length|무릎 기장,8.497,1,train,true
fashionpedia,train2020,24765,318da2b2e350489a38d7eb83f1efb1bb.jpg,3,3,true,detail|플리츠|silhouette|X라인|lower_fit|플레어핏,4.12,1,train,true
fashionpedia,train2020,24769,735ebe16e269bf28c379fde2d368ade6.jpg,3,3,true,neckline|오프숄더,4.626,1,train,true
fashionpedia,train2020,24771,dc14ff445c0aa2aa3ff22424172d149a.jpg,3,3,true,sleeve_shape|래글런 소매|neckline|라운드넥|lower_fit|스트레이트핏|lower_length|무릎 기장,11.002,1,train,true
fashionpedia,train2020,24776,02cc3d7cf83d7a6d39b73a73ec4214b5.jpg,3,3,true,neckline|오프숄더|pattern|스트라이프,5.988,1,train,true
fashionpedia,train2020,24779,5efd82434f3d75480579d9153f03473c.jpg,3,3,true,sleeve_length|7부 소매|detail|스팽글|lower_length|무릎 기장,8.607,2,train,true
fashionpedia,train2020,24781,9e25ce34fb1f500400375358271b814a.jpg,3,3,true,material|퍼·플리스,4.339,3,train,true
fashionpedia,train2020,24783,e326d60d15f533de0578a56448a82d92.jpg,3,3,true,category|쇼츠|pattern|그래픽,2.567,2,train,true
fashionpedia,train2020,24787,47f26fcfe5233e652c992ff4c7e6503e.jpg,3,3,true,category|쇼츠|sleeve_shape|래글런 소매,2.851,2,train,true
fashionpedia,train2020,24794,6d2b65ade91ab7eab42b3b75fdac293a.jpg,3,3,true,neckline|홀터넥,4.653,1,train,true
fashionpedia,train2020,24843,753e0b7166f73e3287ebc67447ea7b9a.jpg,3,3,true,neckline|V넥|pattern|그래픽,2.632,1,train,true
fashionpedia,train2020,24850,30ae407180358541480d896e40085ee6.jpg,3,3,true,material|퍼·플리스,4.339,1,train,true
fashionpedia,train2020,24857,1a26b3e220b550d07536a540325aa1ad.jpg,3,3,true,pattern|스트라이프|silhouette|비대칭,2.681,2,train,true
fashionpedia,train2020,24861,f62933e3eee95cfd4c0c08acd8087edd.jpg,3,3,true,pattern|체크|detail|리본,2.778,2,train,true
fashionpedia,train2020,24864,10937d662ab49d2bb6722cbe0e5134ea.jpg,3,3,true,detail|리본|category|가디건|collar|라펠 칼라,7.895,3,train,true
fashionpedia,train2020,24871,8a572dd0214e9894aa717f12dbff9cb3.jpg,3,3,true,neckline|보트넥|lower_fit|플레어핏,2.63,1,train,true
fashionpedia,train2020,24873,484e29a81ff1a80eb124024d76febdfe.jpg,3,3,true,collar|칼라 없음,5.641,2,train,true
fashionpedia,train2020,24887,6fbf8c78ddf9a49965889f2843248e2c.jpg,3,3,true,category|점프수트|neckline|V넥|pattern|플로럴,7.003,1,train,true
fashionpedia,train2020,24898,1029409d377b06606912cbf020d356ae.jpg,3,3,true,sleeve_shape|벨 소매,5.333,2,train,true
fashionpedia,train2020,24899,78f2d1c00689824012cba61ef41b5a35.jpg,3,3,true,material|퍼·플리스,4.339,3,train,true
fashionpedia,train2020,24902,a1e89f203e1d7a626baae10d2e09c6fe.jpg,3,3,true,detail|스팽글|silhouette|A라인|neckline|V넥,8.394,1,train,true
fashionpedia,train2020,24917,3ac497e4a14591898a09ac6fe9c4c5b3.jpg,3,3,true,neckline|홀터넥|silhouette|A라인|pattern|플로럴,7.34,1,train,true
fashionpedia,train2020,24918,89a5b40b3cce30b1c028ef643901d069.jpg,3,3,true,neckline|V넥|silhouette|비대칭,2.544,1,train,true
fashionpedia,train2020,24958,948a8e11cb15e1600327e2c1bd068f16.jpg,3,3,true,neckline|오프숄더,4.626,1,train,true
fashionpedia,train2020,24968,52888b80a35e3183b6e7f601496ae95d.jpg,3,3,true,material|퍼·플리스|sleeve_length|7부 소매,5.769,2,train,true
fashionpedia,train2020,24971,9ac5d9a95c877493ea626513537a1ee4.jpg,3,3,true,lower_fit|슬림핏|sleeve_length|7부 소매|lower_length|미디·7부 기장|detail|리본|upper_fit|여유핏|category|재킷|silhouette|비대칭,13.476,2,train,true
fashionpedia,train2020,24979,817930c5bf0acbab4713d9f0e9c6b648.jpg,3,3,true,neckline|보트넥|detail|리본,2.856,2,train,true
fashionpedia,train2020,24981,380eec49d2a65b63e393ab7fd61d640a.jpg,3,3,true,sleeve_shape|벌룬 소매|pattern|플로럴,6.856,2,train,true
fashionpedia,train2020,24987,c4c3babaf0cebef23c97a75f449f98f0.jpg,3,3,true,pattern|스트라이프|detail|플리츠,2.857,3,train,true
fashionpedia,train2020,24998,bc73c57cb3b68864dd21ec5a67b6d14a.jpg,3,3,true,sleeve_length|7부 소매|detail|후드,6.698,4,train,true
fashionpedia,train2020,25025,c9947c5c95ff6081c9aa729895a38c32.jpg,3,3,true,neckline|홀터넥|silhouette|X라인|lower_fit|플레어핏,11.054,1,train,true
fashionpedia,train2020,25026,02cc39537c0e3de9adff2569038efee4.jpg,3,3,true,neckline|스퀘어넥|pattern|스트라이프|lower_length|무릎 기장,8.786,1,train,true
fashionpedia,train2020,25027,bf006cfa299a5feb3c832c06f51a27d8.jpg,3,3,true,silhouette|X라인|neckline|홀터넥|pattern|플로럴|lower_fit|플레어핏,12.296,1,train,true
fashionpedia,train2020,25030,6df4b26a80142e789697c2a3c70a5a8d.jpg,3,3,true,category|코트|pattern|스트라이프|category|니트,4.028,3,train,true
fashionpedia,train2020,25031,2cebaadc31b88cbc11afd5e0f74cc0d7.jpg,3,3,true,neckline|보트넥|pattern|그래픽,2.778,2,train,true
fashionpedia,train2020,25032,c008f0d330ec022eead7c4a16d640584.jpg,3,3,true,sleeve_shape|벌룬 소매,5.614,1,train,true
fashionpedia,train2020,25034,016c33a10e1ac377742c9b0c808e15f4.jpg,3,3,true,pattern|그래픽|detail|리본,2.891,3,train,true
fashionpedia,train2020,25036,60078ba4d973181848d0f234700d5c37.jpg,3,3,true,category|점프수트,4.536,1,train,true
fashionpedia,train2020,25039,a7d3370624a13b09ad0cedb114d6518d.jpg,3,3,true,category|점프수트|sleeve_length|7부 소매,5.966,1,train,true
fashionpedia,train2020,25047,cea0bbc28e772c73f661ffa39911fad9.jpg,3,3,true,material|퍼·플리스,4.339,3,train,true
fashionpedia,train2020,25064,6e8039ccd56f3bfa709d4d1eaac52663.jpg,3,3,true,neckline|스퀘어넥|sleeve_length|7부 소매,7.402,2,train,true
fashionpedia,train2020,25080,a76c8a319f9b706e6b2feb2690e9d267.jpg,3,3,true,detail|스팽글,5.725,1,train,true
fashionpedia,train2020,25085,753fc13853faa977bdc840a156b3ec78.jpg,3,3,true,category|코트|material|퍼·플리스,5.648,3,train,true
fashionpedia,train2020,25088,8eda320e8b364e38b42572edf4b35070.jpg,3,3,true,category|점프수트|pattern|스트라이프|sleeve_length|7부 소매|collar|셔츠 칼라,8.661,2,train,true
fashionpedia,train2020,25090,fd2d0bee3eb186c83151a5e321e1a3c9.jpg,3,3,true,neckline|오프숄더|lower_fit|플레어핏,5.885,2,train,true
fashionpedia,train2020,25093,f56f0b4da371c367cecd26c815b28b3e.jpg,3,3,true,category|쇼츠|sleeve_length|7부 소매|neckline|터틀넥,7.648,2,train,true
fashionpedia,train2020,25104,d77d48fafd9a0ec6d3c29ec8646fb328.jpg,3,3,true,category|베스트,5.835,4,train,true
fashionpedia,train2020,25106,572541a817042a79d1b51bfa9ff756e3.jpg,3,3,true,sleeve_shape|퍼프 소매,6.207,2,train,true
fashionpedia,train2020,25113,41fee45ab0905faa4f20ededf4ff6bb7.jpg,3,3,true,pattern|그래픽|silhouette|X라인|lower_fit|플레어핏,4.032,1,train,true
fashionpedia,train2020,25128,5f29b08c51edc6ebc916618357877aea.jpg,3,3,true,pattern|스트라이프|pattern|그래픽,2.769,2,train,true
fashionpedia,train2020,25130,7533ee93a49b42e9e91b1eedfe42cdc9.jpg,3,3,true,category|쇼츠|upper_fit|오버핏|lower_length|무릎 기장|pattern|플로럴,10.255,2,train,true
fashionpedia,train2020,25134,c10956b26eee83fb2104b77fe82ec472.jpg,3,3,true,lower_fit|스트레이트핏|detail|스팽글|silhouette|X라인|lower_fit|플레어핏,13.616,1,train,true
fashionpedia,train2020,25138,91efb850e8de9a3458f056ba50b58c7b.jpg,3,3,true,neckline|오프숄더|sleeve_length|7부 소매|detail|플리츠,7.551,1,train,true
fashionpedia,train2020,25143,20ad24d34fc6d5caf2ec5160ac743d1b.jpg,3,3,true,detail|리본|pattern|그래픽,2.891,3,train,true
fashionpedia,train2020,25149,5e799c809e91b62319f61a879435fc57.jpg,3,3,true,lower_fit|스트레이트핏|sleeve_shape|퍼프 소매|category|재킷|collar|라펠 칼라,10.241,3,train,true
fashionpedia,train2020,25150,055432a4f9f7f7d7b75b04b88ce4f17a.jpg,3,3,true,sleeve_shape|퍼프 소매,6.207,2,train,true
fashionpedia,train2020,25151,4f706c3505837f8cd2633e81022e9ec4.jpg,3,3,true,neckline|터틀넥,5.058,2,train,true
fashionpedia,train2020,25154,7bf860f10d22cef2eccf40481a0e6a6f.jpg,3,3,true,category|코트|collar|셔츠 칼라|collar|칼라 없음,8.284,2,train,true
fashionpedia,train2020,25157,2e9c55f42ecaeb4fc86ecf0fc1a67dc1.jpg,3,3,true,pattern|그래픽|neckline|V넥,2.632,1,train,true
fashionpedia,train2020,25158,f80172d4f497d63d7700b36c7949181b.jpg,3,3,true,lower_length|미디·7부 기장|lower_length|무릎 기장|collar|스탠드 칼라,8.114,2,train,true
fashionpedia,train2020,25165,080adf28081cbd1b09a04ca2ae50b2f3.jpg,3,3,true,neckline|보트넥|lower_fit|플레어핏,2.63,1,train,true
fashionpedia,train2020,25166,560f28154b14db86f6b0739806f733a2.jpg,3,3,true,pattern|애니멀,4.8,3,train,true
fashionpedia,train2020,25167,fdeb12175be5cd3fcbaa5b8a6f3422b3.jpg,3,3,true,lower_length|무릎 기장|silhouette|A라인|pattern|도트,8.209,1,train,true
fashionpedia,train2020,25168,16e1e1755d142f956cd14d3bbfee7cfc.jpg,3,3,true,category|코트|material|퍼·플리스,5.648,2,train,true
fashionpedia,train2020,25169,3e5271ad445ec70ffb1f927aabad8032.jpg,3,3,true,detail|스팽글,5.725,1,train,true
fashionpedia,train2020,25177,0cd064b7fda84db9a47e5ae87844c98f.jpg,3,3,true,sleeve_length|7부 소매|detail|리본|collar|칼라 없음,8.555,1,train,true
fashionpedia,train2020,25184,faf5f006a9c7415a9d3f25e5add63924.jpg,3,3,true,sleeve_length|7부 소매|lower_fit|와이드핏|collar|라펠 칼라,7.617,3,train,true
fashionpedia,train2020,25186,356180a130d1495739df10c18d69ee76.jpg,3,3,true,neckline|보트넥|lower_fit|플레어핏,2.63,1,train,true
fashionpedia,train2020,25191,e997d2c74fdf5c45632fccba00fd5549.jpg,3,3,true,neckline|라운드넥|category|베스트|pattern|그래픽,8.54,3,train,true
fashionpedia,train2020,25193,4f3ba60302852fce80b01c9a05da6b93.jpg,3,3,true,neckline|터틀넥,5.058,2,train,true
fashionpedia,train2020,25207,0ade6b698f4bbbccf690cb8aa74f390a.jpg,3,3,true,detail|프릴·러플|lower_fit|플레어핏,2.653,2,train,true
fashionpedia,train2020,25209,93518ab4df7f4504f76f83a88b0864c6.jpg,3,3,true,neckline|오프숄더,4.626,1,train,true
fashionpedia,train2020,25218,90512d89569e4fffbae30062a2f7d508.jpg,3,3,true,detail|리본|detail|플리츠,2.979,1,train,true
fashionpedia,train2020,25221,a3ecf08a7ef7855b0a5fdc1fde37d620.jpg,3,3,true,lower_fit|슬림핏|collar|세일러 칼라|detail|플리츠|pattern|플로럴|lower_fit|플레어핏,158.895,2,train,true
fashionpedia,train2020,25230,b9c3e6db327c78ae0c39482f7c1f36a9.jpg,3,3,true,sleeve_length|7부 소매|lower_length|무릎 기장|pattern|도트|category|재킷|collar|셔츠 칼라,10.831,3,train,true
fashionpedia,train2020,25234,296a5685788067d18e7b5375d67b29ca.jpg,3,3,true,category|코트|detail|리본,2.794,3,train,true
fashionpedia,train2020,25239,fcbf0a9feb074b56ca5969843f33cd94.jpg,3,3,true,category|쇼츠|sleeve_shape|래글런 소매|upper_fit|여유핏|category|재킷|pattern|플로럴,12.051,3,train,true
fashionpedia,train2020,25244,c50b83a828820bef6689e7ac00222c06.jpg,3,3,true,silhouette|비대칭|neckline|V넥,2.544,1,train,true
fashionpedia,train2020,25251,7f3c20655b4180072ab800c8692244e4.jpg,3,3,true,pattern|체크|neckline|V넥,2.519,2,train,true
fashionpedia,train2020,25257,c310177b224f72c42b2cf5fe51a92de1.jpg,3,3,true,category|쇼츠|category|니트,2.518,2,train,true
fashionpedia,train2020,25260,a18e27ced107b5b7ee282a5665eb54db.jpg,3,3,true,lower_fit|슬림핏|neckline|스퀘어넥|lower_length|무릎 기장|lower_fit|플레어핏,13.583,2,train,true
fashionpedia,train2020,25261,af2ebfaa607c3f440c0f3e1d5d92974f.jpg,3,3,true,neckline|V넥|pattern|그래픽,2.632,2,train,true
fashionpedia,train2020,25267,244d25a23c7e301daeccad4f2cd891fa.jpg,3,3,true,category|쇼츠|category|셔츠|upper_fit|오버핏|lower_length|무릎 기장|upper_fit|여유핏|category|재킷,13.176,3,train,true
fashionpedia,train2020,25277,771d3b9a538154117ddfee0bef1fdf4b.jpg,3,3,true,silhouette|A라인|neckline|V넥|pattern|그래픽,4.076,1,train,true
fashionpedia,train2020,25293,e81a7345cb06a2ba2fd60d56ee2d059a.jpg,3,3,true,sleeve_length|7부 소매|neckline|터틀넥,6.488,3,train,true
fashionpedia,train2020,25294,08414d4e3f71d10cc2c2c26bdcc2fdff.jpg,3,3,true,sleeve_shape|퍼프 소매|pattern|플로럴,7.449,1,train,true
fashionpedia,train2020,25298,c018a5b381f7a3cb6dac0178b2188aaf.jpg,3,3,true,lower_fit|슬림핏|collar|폴로 칼라|upper_fit|여유핏,15.072,2,train,true
fashionpedia,train2020,25315,9e999286a39c7d9324f8285128d65e58.jpg,3,3,true,category|점프수트,4.536,2,train,true
fashionpedia,train2020,25320,73f6cdd215d700cc6ac502b9dfbdac7d.jpg,3,3,true,material|퍼·플리스,4.339,2,train,true
fashionpedia,train2020,25321,a75d8304d402dae5df214d395ac22137.jpg,3,3,true,neckline|스퀘어넥|sleeve_length|7부 소매,7.402,1,train,true
fashionpedia,train2020,25328,201cf6edb695956ebbef93697eef4652.jpg,3,3,true,lower_length|무릎 기장|silhouette|X라인|lower_fit|플레어핏|pattern|도트,13.165,1,train,true
fashionpedia,train2020,25334,61e6a7c31e7f8c9a2a5bd54917949c64.jpg,3,3,true,neckline|스퀘어넥,5.972,1,train,true
fashionpedia,train2020,25337,6d3f69fa4881ed505fba9535d5ca81b5.jpg,3,3,true,lower_fit|슬림핏|category|셔츠|sleeve_length|7부 소매|collar|피터팬 칼라|category|재킷|collar|라펠 칼라,25.429,3,train,true
fashionpedia,train2020,25343,18a6c608728560ed6e362d3978959a6d.jpg,3,3,true,category|셔츠|lower_fit|와이드핏|upper_fit|여유핏|category|재킷|collar|셔츠 칼라|collar|라펠 칼라,11.683,3,train,true
fashionpedia,train2020,25345,d0db6ab3ca985b9bbfad505f2580b05d.jpg,3,3,true,lower_length|미디·7부 기장|detail|프릴·러플|pattern|도트,7.981,2,train,true
fashionpedia,train2020,25348,0f149146bf7a234ad3ba66d1ababf7e7.jpg,3,3,true,detail|리본|pattern|그래픽,2.891,2,train,true
fashionpedia,train2020,25350,11cb02827c0f88b53ed80716c5686a89.jpg,3,3,true,detail|리본|silhouette|비대칭,2.803,2,train,true
fashionpedia,train2020,25352,c6756b41a111c53a4177f2699a155956.jpg,3,3,true,neckline|보트넥|detail|리본,2.856,2,train,true
fashionpedia,train2020,25357,ecd4ebe8cf16024fa4bb95ad41d62a7b.jpg,3,3,true,detail|프릴·러플|silhouette|X라인|lower_fit|플레어핏,4.019,1,train,true
fashionpedia,train2020,25364,5209d13f1408ccf5d1ec8744aebff5f4.jpg,3,3,true,category|코트|sleeve_length|7부 소매|lower_length|미디·7부 기장|collar|칼라 없음,9.655,2,train,true
fashionpedia,train2020,25379,aed650788bc402b0234421814bb3d5c6.jpg,3,3,true,category|쇼츠|neckline|V넥,2.385,3,train,true
fashionpedia,train2020,25384,35774c4b7db108df9bb693ebfd7a0934.jpg,3,3,true,category|점프수트|neckline|V넥,5.761,1,train,true
fashionpedia,train2020,25389,c24a3da49738cca604931e3e3b41a1d2.jpg,3,3,true,pattern|그래픽|lower_fit|플레어핏,2.666,2,train,true
fashionpedia,train2020,25392,46cf1f4f443535ba841dfbd59d0d5a36.jpg,3,3,true,category|점프수트|detail|플리츠,6.031,2,train,true
fashionpedia,train2020,25400,e929130f7c6a1159ab2b33aaf0cf604c.jpg,3,3,true,category|코트|material|퍼·플리스|pattern|스트라이프,7.01,2,train,true
fashionpedia,train2020,25403,71fe560347a2cda126d85e4476dd8379.jpg,3,3,true,detail|스팽글,5.725,2,train,true
fashionpedia,train2020,25409,5494110cc07e4d77e5fd481dfa1d9a7d.jpg,3,3,true,lower_fit|와이드핏,4.948,2,train,true
fashionpedia,train2020,25424,7ac0c446e2f4e9944c93dccc21c3ce35.jpg,3,3,true,lower_length|무릎 기장|silhouette|A라인|category|가디건,8.068,3,train,true
fashionpedia,train2020,25427,268edc406f3b9d9111ee9458bac605f5.jpg,3,3,true,neckline|오프숄더,4.626,2,train,true
fashionpedia,train2020,25434,bfd890c73a083bb3bd87c6e79a6de9e2.jpg,3,3,true,collar|스탠드 칼라,5.388,3,train,true
fashionpedia,train2020,25436,a85b830044807087d85b5ccafa973a85.jpg,3,3,true,detail|스팽글,5.725,2,train,true
fashionpedia,train2020,25441,b38d3c145a42c32018235028bad1eea8.jpg,3,3,true,collar|칼라 없음,5.641,1,train,true
fashionpedia,train2020,25444,3338c4483cad6cc21524235643ebdcc3.jpg,3,3,true,detail|스팽글|neckline|V넥,6.95,2,train,true
fashionpedia,train2020,25446,b3eb9d7bc709138ac41481153daa328e.jpg,3,3,true,pattern|플로럴|category|점프수트,5.778,1,train,true
fashionpedia,train2020,25447,f03cc17d75784e75bf104f5986462bc8.jpg,3,3,true,pattern|그래픽|neckline|V넥,2.632,4,train,true
fashionpedia,train2020,25449,63c02efe59a67bc907c95066a6d7eea0.jpg,3,3,true,category|셔츠|collar|라펠 칼라|category|재킷|category|베스트|neckline|V넥|collar|셔츠 칼라,12.211,4,train,true
fashionpedia,train2020,25461,5eb034ab6f181bf3512aab29e8b48ee9.jpg,3,3,true,pattern|체크|detail|리본,2.778,2,train,true
fashionpedia,train2020,25471,02be67d11ad3d0667512211789b9f959.jpg,3,3,true,detail|스팽글,5.725,1,train,true
fashionpedia,train2020,25474,067ec31f147c4423d8f6f2c07ed3682f.jpg,3,3,true,pattern|체크|detail|리본,2.778,1,train,true
fashionpedia,train2020,25478,aa240ba26093f615fd21c8d59cb691e2.jpg,3,3,true,material|가죽|category|재킷,15.875,1,train,true
fashionpedia,train2020,25479,a9ebae587aa2c96767c9ff7cad145a1a.jpg,3,3,true,category|점프수트|lower_length|미디·7부 기장,5.81,2,train,true
fashionpedia,train2020,25481,8cb3d0f1b8689ce0790187df4b46867d.jpg,3,3,true,neckline|홀터넥,4.653,2,train,true
fashionpedia,train2020,25486,6c0a3cbed16d63e64d72a7be53fff008.jpg,3,3,true,detail|프릴·러플|lower_fit|플레어핏,2.653,1,train,true
fashionpedia,train2020,25489,8a302f8ce5c2b726b3587439eaf6f7dc.jpg,3,3,true,neckline|스퀘어넥,5.972,1,train,true
fashionpedia,train2020,25499,765ea77ddcfc3f291c201e3976134101.jpg,3,3,true,neckline|스퀘어넥,5.972,1,train,true
fashionpedia,train2020,25503,74dc9ba55a427aa3f965251f111af4b6.jpg,3,3,true,detail|리본|pattern|그래픽,2.891,1,train,true
fashionpedia,train2020,25514,c9dae4f976570124f765065f2fd4ef11.jpg,3,3,true,category|쇼츠|pattern|그래픽,2.567,2,train,true
fashionpedia,train2020,25520,0674ad4373df5ab170f648547a8ce694.jpg,3,3,true,detail|프릴·러플|silhouette|X라인|lower_fit|플레어핏,4.019,1,train,true
fashionpedia,train2020,25534,74c94c6e5f7749ed7c0718fd5e4c97e1.jpg,3,3,true,pattern|스트라이프|collar|폴로 칼라,13.726,1,train,true
fashionpedia,train2020,25540,91a7cd3da15373e4abe2f2023df43d11.jpg,3,3,true,detail|리본|pattern|그래픽,2.891,2,train,true
fashionpedia,train2020,25551,b7d54d8b2dfb24ce18615fc7acdd4c5a.jpg,3,3,true,pattern|그래픽|lower_fit|플레어핏,2.666,1,train,true
fashionpedia,train2020,25554,06cf4f29084d3c4e7227b4da026c9b98.jpg,3,3,true,category|베스트|collar|셔츠 칼라,7.168,1,train,true
fashionpedia,train2020,25559,dd8a9311a9f61efdf7bbd6571dabffc4.jpg,3,3,true,neckline|터틀넥,5.058,3,train,true
fashionpedia,train2020,25573,cbd70f078b9ea2109fcd450d3ab0073c.jpg,3,3,true,detail|프릴·러플|silhouette|A라인|neckline|V넥,4.064,1,train,true
fashionpedia,train2020,25576,8a91150a3dd80bf42278c7119e60ae16.jpg,3,3,true,detail|프릴·러플|neckline|V넥,2.62,2,train,true
fashionpedia,train2020,25582,3b4f29291aeb564d6d78938ad5fd77b5.jpg,3,3,true,detail|리본|silhouette|X라인|lower_fit|플레어핏,4.109,1,train,true
fashionpedia,train2020,25584,d794999cd45867637254807d36605cb3.jpg,3,3,true,collar|스탠드 칼라,5.388,4,train,true
fashionpedia,train2020,25587,b48becb0bac2018ecbbd02ca92942ae8.jpg,3,3,true,sleeve_shape|캡 소매|pattern|그래픽,2.678,1,train,true
fashionpedia,train2020,25593,2d6fd268c281d3cf129ddf46970e9098.jpg,3,3,true,detail|프릴·러플|silhouette|X라인|lower_fit|플레어핏,4.019,1,train,true
fashionpedia,train2020,25602,ea8135dbef2b906d1ac6d9c5bf9a2a4f.jpg,3,3,true,detail|프릴·러플|silhouette|X라인|lower_fit|플레어핏,4.019,1,train,true
fashionpedia,train2020,25603,fc684df5b76896cec42d21efe7efb3f8.jpg,3,3,true,material|퍼·플리스,4.339,2,train,true
fashionpedia,train2020,25610,cd9f1fc559f94c1fdeca86b3bb85d99d.jpg,3,3,true,category|코트|pattern|체크|detail|후드|collar|라펠 칼라,9.111,2,train,true
fashionpedia,train2020,25612,20e59503550b0a65f290254aee1c2662.jpg,3,3,true,category|코트|pattern|체크|pattern|스트라이프,3.965,3,train,true
fashionpedia,train2020,25615,a5b49e8ac75e43aa738b0e5d24a108d9.jpg,3,3,true,pattern|스트라이프|sleeve_shape|퍼프 소매|collar|셔츠 칼라,8.902,1,train,true
fashionpedia,train2020,25631,47568602777ba6356b599bc47874e85e.jpg,3,3,true,category|쇼츠|detail|프릴·러플,2.555,2,train,true
fashionpedia,train2020,25635,353f7857d1041d5e03f28a91d5a603fa.jpg,3,3,true,detail|리본|silhouette|X라인|lower_fit|플레어핏,4.109,1,train,true
fashionpedia,train2020,25669,acabd7e24f892d205dadd7749830f70c.jpg,3,3,true,neckline|라운드넥|sleeve_length|7부 소매|lower_length|미디·7부 기장|lower_fit|스트레이트핏|category|가디건,10.664,3,train,true
fashionpedia,train2020,25676,59dc4c4a948b5816f1f569b53d6a8c53.jpg,3,3,true,detail|프릴·러플|silhouette|X라인|lower_fit|플레어핏,4.019,1,train,true
fashionpedia,train2020,25682,25eea4b3ac9525786c3941dfac5a6d8a.jpg,3,3,true,silhouette|X라인|neckline|보트넥|pattern|플로럴|lower_fit|플레어핏,5.238,1,train,true
fashionpedia,train2020,25691,2f7468bb0707079d35177e9f7db8842a.jpg,3,3,true,sleeve_length|7부 소매|detail|후드|detail|리본,8.183,1,train,true
fashionpedia,train2020,25697,18dd1207afb87a959741f18d3b604bdf.jpg,3,3,true,neckline|V넥|collar|스탠드 칼라,6.612,2,train,true
fashionpedia,train2020,25711,c2b541f48e68a7ba4bb5cafac32c2dce.jpg,3,3,true,lower_length|무릎 기장|silhouette|비대칭|silhouette|X라인|lower_fit|플레어핏,13.13,1,train,true
fashionpedia,train2020,25723,6abcee5e6c3f969a0fd3639ce0b78383.jpg,3,3,true,lower_fit|와이드핏,4.948,1,train,true
fashionpedia,train2020,25733,a16aea97e4e5fd370ccb12768f211fed.jpg,3,3,true,detail|프릴·러플|silhouette|X라인|lower_fit|플레어핏,4.019,1,train,true
fashionpedia,train2020,25734,78650cd8e394934212c4b3af06e366e1.jpg,3,3,true,collar|스탠드 칼라,5.388,1,train,true
fashionpedia,train2020,25740,53dec6dfe73faf0a0dee107006abb29d.jpg,3,3,true,collar|폴로 칼라,12.364,1,train,true
fashionpedia,train2020,25745,a42b107d7c8dc3683f05bdf96620db86.jpg,3,3,true,neckline|터틀넥,5.058,3,train,true
fashionpedia,train2020,25746,92ec76d794d7a27e68bcb5b7133437d3.jpg,3,3,true,detail|플리츠|silhouette|X라인|lower_fit|플레어핏,4.12,1,train,true
fashionpedia,train2020,25758,cbbb1da5dc429f24e34fc11183f4dc11.jpg,3,3,true,category|코트|material|퍼·플리스,5.648,1,train,true
fashionpedia,train2020,25768,b82ed44c132198d6c8274704df69a5c7.jpg,3,3,true,neckline|홀터넥|silhouette|X라인|lower_fit|플레어핏,7.278,1,train,true
fashionpedia,train2020,25771,22db012d9a8569e14c0876f3a7249e4e.jpg,3,3,true,sleeve_length|7부 소매|collar|칼라 없음,7.071,1,train,true
fashionpedia,train2020,25772,a506d9eda555ef40ff141614f57eae7c.jpg,3,3,true,category|코트|collar|셔츠 칼라|collar|스탠드 칼라,8.03,2,train,true
fashionpedia,train2020,25773,674c77b5ef0c04fdcb971df4df8e58de.jpg,3,3,true,collar|라펠 칼라|category|베스트,7.075,1,train,true
fashionpedia,train2020,25774,bfa709a779fe6055948ae1a499f1c0c3.jpg,3,3,true,category|코트|pattern|애니멀,6.109,2,train,true
fashionpedia,train2020,25791,2cd5b932d2525232d2ac094992f083df.jpg,3,3,true,detail|프릴·러플|detail|플리츠,2.89,1,train,true
fashionpedia,train2020,25796,5b70ddb1cffdda8457bdcca9afec3ebe.jpg,3,3,true,category|코트|detail|리본|pattern|플로럴,4.035,2,train,true
fashionpedia,train2020,25801,60cb7b2b295f2fc717a276153e15a261.jpg,3,3,true,category|코트|material|퍼·플리스,5.648,1,train,true
fashionpedia,train2020,25802,07ac5f4c7c0fc3fe60ea32b4dda34ee2.jpg,3,3,true,pattern|스트라이프|pattern|그래픽,2.769,1,train,true
fashionpedia,train2020,25820,ab5c4077e18e3d7cd06922e7f9bfed85.jpg,3,3,true,neckline|V넥|pattern|그래픽,2.632,2,train,true
fashionpedia,train2020,25824,bd5ed66329115048ee56098466168609.jpg,3,3,true,detail|프릴·러플|lower_fit|플레어핏,2.653,1,train,true
fashionpedia,train2020,25830,30f20104685d0c1b07a38ebb6a745af2.jpg,3,3,true,lower_fit|슬림핏|detail|후드|lower_length|미디·7부 기장|lower_length|무릎 기장|silhouette|X라인|lower_fit|플레어핏,15.519,2,train,true
fashionpedia,train2020,25837,91cf59be512913adef9eee2da1b0c269.jpg,3,3,true,pattern|애니멀,4.8,1,train,true
fashionpedia,train2020,25848,3ee41492a4abec5e9573baf9278ad1a7.jpg,3,3,true,detail|스팽글|neckline|V넥,6.95,1,train,true
fashionpedia,train2020,25849,aaf9c914ad49bfb456adb47ff4749499.jpg,3,3,true,detail|프릴·러플|detail|플리츠,2.89,1,train,true
fashionpedia,train2020,25862,ec544c5d883811cef64875a39979892a.jpg,3,3,true,material|퍼·플리스,4.339,3,train,true
fashionpedia,train2020,25870,50be21e4c2d3e4a5cdc59d6921e2f61e.jpg,3,3,true,category|쇼츠|pattern|그래픽,2.567,2,train,true
fashionpedia,train2020,25873,598019a456d91a0a84f18dd8f15e06df.jpg,3,3,true,neckline|홀터넥,4.653,1,train,true
fashionpedia,train2020,25886,3852e9c7cc556a5ea885b783a9639639.jpg,3,3,true,category|코트|material|퍼·플리스,5.648,1,train,true
fashionpedia,train2020,25890,b312e677f54ed546274f46a1b2874f6a.jpg,3,3,true,neckline|홀터넥|silhouette|X라인|lower_fit|플레어핏,7.278,1,train,true
fashionpedia,train2020,25892,84079469fb462c8487f837e97e16856e.jpg,3,3,true,detail|리본|silhouette|X라인|lower_fit|플레어핏,4.109,1,train,true
fashionpedia,train2020,25893,f826870e8869a78e4316b0fbababde09.jpg,3,3,true,neckline|스퀘어넥|silhouette|X라인|lower_fit|플레어핏,12.373,1,train,true
fashionpedia,train2020,25898,d1c6839a70a6961e837e1cc663273f26.jpg,3,3,true,collar|스탠드 칼라|pattern|스트라이프,6.749,1,train,true
fashionpedia,train2020,25910,d02f1085f3a730cdbe32c26dd41d0afc.jpg,3,3,true,sleeve_shape|벨 소매,5.333,1,train,true
fashionpedia,train2020,25923,5e47b5ab120b1c0a9b73f0e79f06798f.jpg,3,3,true,lower_length|미디·7부 기장|collar|스탠드 칼라,6.662,2,train,true
fashionpedia,train2020,25925,0db90e0c38752269c507e73468bf5762.jpg,3,3,true,lower_length|미디·7부 기장|collar|칼라 없음|silhouette|X라인|lower_fit|플레어핏,13.316,1,train,true
fashionpedia,train2020,25926,f43e6dc36eb6e7b8c24c41a1ee722157.jpg,3,3,true,detail|스팽글,5.725,1,train,true
fashionpedia,train2020,25927,89a264ea59032cd3a8c80c18c021637a.jpg,3,3,true,silhouette|비대칭|lower_fit|플레어핏,2.578,1,train,true
fashionpedia,train2020,25933,e2e15b32ef2f03180afeb6f6df3623fd.jpg,3,3,true,sleeve_length|7부 소매|category|가디건|collar|셔츠 칼라,7.934,3,train,true
fashionpedia,train2020,25935,d0d68d5a5f6827d80c731420d99b64c3.jpg,3,3,true,lower_length|미디·7부 기장|detail|리본|lower_fit|스트레이트핏|silhouette|H라인|sleeve_shape|퍼프 소매|category|재킷|collar|라펠 칼라,14.25,2,train,true
fashionpedia,train2020,25939,b23190d389e1bfb951a3aab410890c6b.jpg,3,3,true,silhouette|H라인|lower_fit|스트레이트핏|silhouette|비대칭|silhouette|X라인|lower_fit|플레어핏,14.419,2,train,true
fashionpedia,train2020,25941,11a9c91e0392eb9032e34193df71b204.jpg,3,3,true,pattern|스트라이프|detail|플리츠,2.857,3,train,true
fashionpedia,train2020,25942,4827441d5e42cf86f5cecc05bc789be1.jpg,3,3,true,lower_fit|슬림핏|silhouette|H라인|lower_fit|스트레이트핏|collar|폴로 칼라,16.229,2,train,true
fashionpedia,train2020,25946,9b66dd79cd451041d1897733bde92a49.jpg,3,3,true,neckline|라운드넥|sleeve_length|7부 소매|detail|스팽글|category|재킷|collar|라펠 칼라,10.996,2,train,true
fashionpedia,train2020,25952,5e7d4eeed6605150c5622baf7244d4a0.jpg,3,3,true,silhouette|A라인|detail|플리츠|neckline|V넥,4.164,1,train,true
fashionpedia,train2020,25955,0a1961cabf3afa6ee8d89bbd5f7f0a2f.jpg,3,3,true,pattern|애니멀,4.8,1,train,true
fashionpedia,train2020,25956,e0f60a595a510aee8e750efa36bafa25.jpg,3,3,true,lower_fit|슬림핏|category|쇼츠|pattern|카모|neckline|라운드넥,18.248,2,train,true
fashionpedia,train2020,25965,c448902e078c86bfe51ae571db67b5bd.jpg,3,3,true,material|퍼·플리스|neckline|V넥,5.564,2,train,true
fashionpedia,train2020,25974,1d124593cac65b4f1930d49e4d398866.jpg,3,3,true,neckline|홀터넥|silhouette|X라인|lower_fit|플레어핏,7.278,1,train,true
fashionpedia,train2020,25975,0e6924603ef6f0e19ed5c25c5a571fd7.jpg,3,3,true,category|베스트|neckline|V넥,7.06,1,train,true
fashionpedia,train2020,25977,f87efc0f5404b05a2c19fa105b232ca3.jpg,3,3,true,detail|리본|silhouette|X라인|lower_fit|플레어핏,4.109,2,train,true
fashionpedia,train2020,25978,881054a5a32d62af97fc0ac0ac96b5da.jpg,3,3,true,category|코트|pattern|체크|material|퍼·플리스,6.942,1,train,true
fashionpedia,train2020,25982,3b3f5aa3a342fd627489569374331627.jpg,3,3,true,neckline|보트넥|lower_fit|플레어핏,2.63,1,train,true
fashionpedia,train2020,25983,36a2c3780c000e0cdb52288c619280c7.jpg,3,3,true,pattern|체크|detail|프릴·러플,2.689,3,train,true
fashionpedia,train2020,25986,8a494513ecc4201d65efe45a69622302.jpg,3,3,true,category|코트|material|퍼·플리스,5.648,3,train,true
fashionpedia,train2020,26003,3a41c494463a85ea36d440b6475865a1.jpg,3,3,true,neckline|라운드넥|sleeve_length|7부 소매|detail|후드,7.996,3,train,true
fashionpedia,train2020,26006,5a5b1f7551601acbd6ceb297eea90d3a.jpg,3,3,true,silhouette|X라인|lower_length|무릎 기장|silhouette|비대칭|pattern|플로럴|lower_fit|플레어핏,14.372,1,train,true
fashionpedia,train2020,26022,cfab5821d273c4ceefd0e2f62f9c8ac0.jpg,3,3,true,category|점프수트,4.536,1,train,true
fashionpedia,train2020,26024,fa5b475946cff3452e062565b7d8fe7a.jpg,3,3,true,category|코트|detail|플리츠|pattern|플로럴,4.046,3,train,true
fashionpedia,train2020,26026,f2d3060277d4c1a88d276159fbd36d0c.jpg,3,3,true,detail|리본|sleeve_shape|퍼프 소매,7.691,2,train,true
fashionpedia,train2020,26042,906c01622bdc7d0b8ff09f930dae53b6.jpg,3,3,true,detail|프릴·러플|lower_fit|플레어핏,2.653,1,train,true
fashionpedia,train2020,26046,ccd3cbcf9b7dd23257e4a050a10e90e5.jpg,3,3,true,detail|스팽글|lower_length|무릎 기장|silhouette|X라인|lower_fit|플레어핏,13.578,1,train,true
fashionpedia,train2020,26053,c8258f268cf609fac3a0032e48a88c32.jpg,3,3,true,pattern|스트라이프|detail|프릴·러플,2.757,1,train,true
fashionpedia,train2020,26056,7a074d55034d86850b590899ffdc61b4.jpg,3,3,true,neckline|홀터넥,4.653,1,train,true
fashionpedia,train2020,26077,c0038b70e307e3049afef01f8e0f1413.jpg,3,3,true,collar|스탠드 칼라,5.388,1,train,true
fashionpedia,train2020,26081,417970439927d9f5da0c9c15e5b576e5.jpg,3,3,true,detail|리본|neckline|V넥,2.709,1,train,true
fashionpedia,train2020,26085,f7bc45cb8cbe3d87f48e021f20c364d2.jpg,3,3,true,neckline|스퀘어넥,5.972,1,train,true
fashionpedia,train2020,26098,b9623c17ab94c4239af8873954435958.jpg,3,3,true,category|베스트,5.835,3,train,true
fashionpedia,train2020,26107,0cc9b3f0823bf6530f7740e634c9d1fc.jpg,3,3,true,collar|라펠 칼라|category|베스트|collar|셔츠 칼라,8.408,4,train,true
fashionpedia,train2020,26116,26447179909b33c7089602e11979037c.jpg,3,3,true,category|베스트|neckline|V넥,7.06,3,train,true
fashionpedia,train2020,26117,96bff69089a2560748b927d6442c9b54.jpg,3,3,true,lower_fit|슬림핏|category|셔츠|silhouette|H라인|collar|라펠 칼라|lower_fit|스트레이트핏|category|재킷|category|베스트|collar|셔츠 칼라,14.851,4,train,true
fashionpedia,train2020,26122,ad300e49be8689c36cbf7b9ff4da8fe5.jpg,3,3,true,neckline|라운드넥|lower_length|무릎 기장|silhouette|A라인|category|베스트,10.03,3,train,true
fashionpedia,train2020,26127,842d72d991a242b80ee741c84296976c.jpg,3,3,true,lower_fit|스트레이트핏|silhouette|X라인|lower_fit|플레어핏|pattern|도트,13.204,1,train,true
fashionpedia,train2020,26131,ae34f03a88207f4a0464528fd42c4f8d.jpg,3,3,true,category|가디건|neckline|V넥|collar|셔츠 칼라,7.729,2,train,true
fashionpedia,train2020,26150,49382ee37323e6ec7fe13a8eeafe568d.jpg,3,3,true,neckline|홀터넥|silhouette|X라인|lower_fit|플레어핏,7.278,1,train,true
fashionpedia,train2020,26157,fdf2fe5790935e4fd6466fcb9ce10d5c.jpg,3,3,true,material|퍼·플리스|pattern|스트라이프,5.701,3,train,true
fashionpedia,train2020,26163,5359e691cc57b61ce7eae549b8a7df81.jpg,3,3,true,neckline|보트넥|detail|리본,2.856,1,train,true
fashionpedia,train2020,26174,94329dbd65aae2cfa739ee88c588e474.jpg,3,3,true,category|코트|collar|칼라 없음,6.95,3,train,true
fashionpedia,train2020,26179,855be3ba2e177052a32db0448887939b.jpg,3,3,true,category|코트|collar|칼라 없음,6.95,3,train,true
fashionpedia,train2020,26183,c49c8c20e097347a1aa095614d846ee8.jpg,3,3,true,detail|스팽글|silhouette|X라인|lower_fit|플레어핏,12.126,1,train,true
fashionpedia,train2020,26211,8599977113b8587c7e3af82f3d3ca3bb.jpg,3,3,true,detail|스팽글|lower_length|무릎 기장|silhouette|X라인|lower_fit|플레어핏,13.578,1,train,true
fashionpedia,train2020,26213,7467618f405d6ed8cad0f90fdb0a7773.jpg,3,3,true,neckline|V넥|category|니트,2.582,4,train,true
fashionpedia,train2020,26226,569a1557f9e024e84da2959126090cce.jpg,3,3,true,category|셔츠|sleeve_length|7부 소매|category|베스트|collar|셔츠 칼라|collar|라펠 칼라,11.113,3,train,true
fashionpedia,train2020,26233,30494bc18030c4a9fbc2356937c37180.jpg,3,3,true,pattern|스트라이프|detail|후드,2.679,3,train,true
fashionpedia,train2020,26248,4b47e840b182739a63ec18e4610632c7.jpg,3,3,true,lower_fit|와이드핏,4.948,1,train,true
fashionpedia,train2020,26250,ffdf7c99a22f59ea7280b926a2dea77e.jpg,3,3,true,neckline|홀터넥,4.653,1,train,true
fashionpedia,train2020,26252,88a3047f068bc788fa9c2e4e454a593d.jpg,3,3,true,neckline|보트넥|lower_fit|플레어핏,2.63,1,train,true
fashionpedia,train2020,26253,6a869b17b9e7eda4016ff6af237d9bb8.jpg,3,3,true,neckline|V넥|sleeve_shape|캡 소매|silhouette|X라인|lower_fit|플레어핏,5.12,1,train,true
fashionpedia,train2020,26254,d4f0f584e1c9cd09f49ad6de59a7ff6e.jpg,3,3,true,category|코트|detail|후드|lower_length|무릎 기장,8.03,2,train,true
fashionpedia,train2020,26255,087adda739d01dd2031b5296832d34df.jpg,3,3,true,detail|프릴·러플|lower_fit|플레어핏,2.653,1,train,true
fashionpedia,train2020,26266,d32da7c0fe5719cd675541de310ba622.jpg,3,3,true,silhouette|X라인|neckline|V넥|pattern|플로럴|lower_fit|플레어핏,5.091,1,train,true
fashionpedia,train2020,26273,5311da576c35ca0091cc95606f0b1cf0.jpg,3,3,true,neckline|홀터넥,4.653,2,train,true
fashionpedia,train2020,26284,77d7925da04103319a98097f49005b03.jpg,3,3,true,pattern|그래픽|lower_fit|플레어핏,2.666,1,train,true
fashionpedia,train2020,26299,097cee4183dcaa53be5b9ad64fb7103a.jpg,3,3,true,neckline|터틀넥,5.058,2,train,true
fashionpedia,train2020,26304,4bfbec8c696f4140726111d202183272.jpg,3,3,true,sleeve_shape|벨 소매,5.333,1,train,true
fashionpedia,train2020,26306,516fa22dbb9677807108fec82482d46f.jpg,3,3,true,category|점프수트,4.536,1,train,true
fashionpedia,train2020,26309,84bdfc4d6f584bb693b05120d254bdbb.jpg,3,3,true,detail|프릴·러플|silhouette|X라인|lower_fit|플레어핏,4.019,1,train,true
fashionpedia,train2020,26314,f444e16a742439451be4c2ebfe2a4014.jpg,3,3,true,neckline|오프숄더|pattern|스트라이프,5.988,1,train,true
fashionpedia,train2020,26316,fa4f4ee50ba3051615478659b0164148.jpg,3,3,true,neckline|오프숄더,4.626,1,train,true
fashionpedia,train2020,26322,5903acc875ba52d929ea473f0449cebd.jpg,3,3,true,neckline|홀터넥,4.653,2,train,true
fashionpedia,train2020,26327,f7abbb44b6e8cb74a28c45ebe150fd07.jpg,3,3,true,category|셔츠|lower_fit|스트레이트핏|category|가디건|category|재킷|pattern|플로럴,10.482,4,train,true
fashionpedia,train2020,26338,6861973b40b938893f4981f261ff3d32.jpg,3,3,true,pattern|스트라이프|neckline|보트넥,2.733,1,train,true
fashionpedia,train2020,26346,995659266999350e8bb61496170794d0.jpg,3,3,true,pattern|스트라이프|collar|라펠 칼라|category|가디건|collar|셔츠 칼라,9.106,2,train,true
fashionpedia,train2020,26348,4e74167ec7268377d566940b4ff596e2.jpg,3,3,true,category|쇼츠|neckline|오프숄더,5.787,2,train,true
fashionpedia,train2020,26353,d6f86925b6dd448e58a7f2bf7ac97150.jpg,3,3,true,sleeve_length|7부 소매|silhouette|A라인|pattern|도트,8.186,2,train,true
fashionpedia,train2020,26356,3d4bfc2cbe6bb03c9edd7271f8ba2813.jpg,3,3,true,collar|셔츠 칼라|collar|스탠드 칼라,6.721,3,train,true
fashionpedia,train2020,26362,a4ab7ec2c103300ee65a4bc5575315ab.jpg,3,3,true,detail|프릴·러플|silhouette|X라인|lower_fit|플레어핏,4.019,1,train,true
fashionpedia,train2020,26368,5b2f590c7850a4ae7fa6d2ac19aef0b7.jpg,3,3,true,pattern|체크|neckline|보트넥,2.665,2,train,true
fashionpedia,train2020,26369,4870023a190a716e2d42c3875afd59f0.jpg,3,3,true,detail|플리츠|silhouette|X라인|lower_fit|플레어핏,4.12,1,train,true
fashionpedia,train2020,26385,47b6941e4790b082994d930a42818576.jpg,3,3,true,category|셔츠|category|재킷|detail|플리츠|collar|셔츠 칼라|collar|칼라 없음,11.047,3,train,true
fashionpedia,train2020,26394,805e15e1ae3de3611dfe9bc95e25f9b2.jpg,3,3,true,category|셔츠|lower_length|무릎 기장|category|재킷|collar|칼라 없음|collar|라펠 칼라,10.911,3,train,true
fashionpedia,train2020,26396,9d6d5624c3aa7d81176c0aec46eac91a.jpg,3,3,true,sleeve_shape|캡 소매|pattern|그래픽,2.678,2,train,true
fashionpedia,train2020,26399,43d4dbae60a41c8f98907d9417786bdd.jpg,3,3,true,category|점프수트,4.536,1,train,true
fashionpedia,train2020,26432,5ea3e7533ffa726fe84e322e6aec93e5.jpg,3,3,true,detail|스팽글,5.725,1,train,true
fashionpedia,train2020,26437,d83cabe43f9a57d1a67b191d452829fa.jpg,3,3,true,category|점프수트|detail|리본,6.02,2,train,true
fashionpedia,train2020,26440,db0186ac232673c77c561930e498a303.jpg,3,3,true,category|코트|pattern|스트라이프|category|니트,4.028,3,train,true
fashionpedia,train2020,26442,b5c774dd72f2022ae85a8c64f91f6387.jpg,3,3,true,neckline|홀터넥,4.653,1,train,true
fashionpedia,train2020,26445,88370b33803bb80ac02a4ae624c2a875.jpg,3,3,true,pattern|스트라이프|collar|칼라 없음,7.003,2,train,true
fashionpedia,train2020,26451,06184db526be1802cbc76ab74169c5fd.jpg,3,3,true,category|베스트,5.835,4,train,true
fashionpedia,train2020,26458,437f1340aa2ef80874f71c209ba7474a.jpg,3,3,true,neckline|홀터넥|silhouette|X라인|lower_fit|플레어핏,7.278,1,train,true
fashionpedia,train2020,26470,3d5f5de49c9bf83ffff584948b60db4c.jpg,3,3,true,pattern|체크|detail|리본,2.778,2,train,true
fashionpedia,train2020,26481,4ba4fdcc8ce447d9ccb0e95ee4d6f8bc.jpg,3,3,true,detail|리본|detail|플리츠,2.979,2,train,true
fashionpedia,train2020,26487,6309f64fdd8c1c5240af8565d04d5bfb.jpg,3,3,true,neckline|오프숄더,4.626,1,train,true
fashionpedia,train2020,26495,268b1929f0ef252a7dfbbb2f02c3bb23.jpg,3,3,true,detail|리본|silhouette|X라인|lower_fit|플레어핏,4.109,1,train,true
fashionpedia,train2020,26496,db722af28fea735e5df2cecb74130316.jpg,3,3,true,silhouette|비대칭|lower_fit|플레어핏,2.578,1,train,true
fashionpedia,train2020,26503,1753a81cef6a973fde3d0a97f0c17ac0.jpg,3,3,true,pattern|체크|detail|플리츠|lower_fit|플레어핏,4.048,2,train,true
fashionpedia,train2020,26511,729331efdbf19f40c482034531019158.jpg,3,3,true,sleeve_length|7부 소매|detail|후드,6.698,3,train,true
fashionpedia,train2020,26524,dd01e8c02048536362e9e7d0f253bc0d.jpg,3,3,true,detail|리본|collar|칼라 없음,7.125,2,train,true
fashionpedia,train2020,26531,7df7953a7fa030fbf258aa6735043bfa.jpg,3,3,true,sleeve_length|7부 소매|pattern|애니멀|detail|플리츠,7.725,2,train,true
fashionpedia,train2020,26533,63dd8124bd6958cd0778414f3cecbeca.jpg,3,3,true,neckline|스퀘어넥,5.972,1,train,true
fashionpedia,train2020,26547,3fd4a5991debc762000fdda5bdf82dee.jpg,3,3,true,category|코트|detail|후드|lower_length|미디·7부 기장|lower_length|무릎 기장,9.304,2,train,true
fashionpedia,train2020,26561,31efcfe3c183a93518cd40f462661570.jpg,3,3,true,category|쇼츠|collar|세일러 칼라,151.161,2,train,true
fashionpedia,train2020,26564,2263b74aeca854bfea177ea631a93f77.jpg,3,3,true,pattern|스트라이프|detail|리본,2.846,1,train,true
fashionpedia,train2020,26567,5d75b5dac884ebfa08f5bba9b0ccf6d5.jpg,3,3,true,neckline|스퀘어넥,5.972,1,train,true
fashionpedia,train2020,26573,1e12fadfb789c39bca3102bc874ae504.jpg,3,3,true,category|점프수트|neckline|V넥|pattern|플로럴,7.003,1,train,true
fashionpedia,train2020,26584,2c122de9532d28573a84dffe3c39f1ec.jpg,3,3,true,neckline|V넥|pattern|그래픽,2.632,1,train,true
fashionpedia,train2020,26599,338469816fcc27b683cca0a9c0626b07.jpg,3,3,true,pattern|체크|collar|셔츠 칼라|detail|후드,7.896,3,train,true
fashionpedia,train2020,26606,ecbfafb6c02daa6cdb09fa3c62b7158b.jpg,3,3,true,neckline|보트넥|lower_fit|플레어핏,2.63,1,train,true
fashionpedia,train2020,26623,01cebaf93521ac573dcab6cdca06dd76.jpg,3,3,true,category|코트|detail|후드,6.578,2,train,true
fashionpedia,train2020,26628,f434209848472acbdfa46546981b8df0.jpg,3,3,true,upper_fit|오버핏|collar|셔츠 칼라,7.733,1,train,true
fashionpedia,train2020,26650,db1a0925eab14694c45b25fd6b3f06dc.jpg,3,3,true,category|코트|material|퍼·플리스|lower_fit|스트레이트핏|lower_length|무릎 기장|collar|라펠 칼라,9.831,2,train,true
fashionpedia,train2020,26651,6b7b67bab28d5511f3f3ef501d1ccf1f.jpg,3,3,true,silhouette|A라인|silhouette|X라인|lower_fit|플레어핏,4.069,1,train,true
fashionpedia,train2020,26671,443f645d2a9a2ecfea0599ba41bf59f2.jpg,3,3,true,pattern|스트라이프|silhouette|비대칭,2.681,1,train,true
fashionpedia,train2020,26672,abb150a34d576e20ca2090da50558d53.jpg,3,3,true,pattern|스트라이프|sleeve_length|7부 소매|lower_fit|스트레이트핏|category|가디건,9.454,3,train,true
fashionpedia,train2020,26683,7cd80600df01d2f531aff0e27c3de5a3.jpg,3,3,true,collar|폴로 칼라,12.364,1,train,true
fashionpedia,train2020,26685,877c4c8daeb47743186916360f6cc97e.jpg,3,3,true,silhouette|X라인|lower_fit|플레어핏|pattern|도트,7.937,1,train,true
fashionpedia,train2020,26693,31b742ea83b23ffaf78b428642f103c3.jpg,3,3,true,detail|스팽글,5.725,1,train,true
fashionpedia,train2020,26695,faf3db39c895fdfdf1ad5d173a6c1e94.jpg,3,3,true,category|쇼츠|neckline|홀터넥,5.814,2,train,true
fashionpedia,train2020,26706,512d798fdd84c2a0626ac0d0f45ab70e.jpg,3,3,true,detail|리본|neckline|터틀넥,6.542,2,train,true
fashionpedia,train2020,26712,327a5f73b4192c5f94dd929cdf82600c.jpg,3,3,true,category|쇼츠|pattern|애니멀,5.96,2,train,true
fashionpedia,train2020,26714,576d18e80e4f7f779d0eb9f7447d01ce.jpg,3,3,true,sleeve_shape|벌룬 소매|sleeve_length|7부 소매|lower_length|무릎 기장,8.497,1,train,true
fashionpedia,train2020,26716,bbed18d72a31e044d598e2ca4da9186d.jpg,3,3,true,category|쇼츠|pattern|그래픽,2.567,1,train,true
fashionpedia,train2020,26719,023bf396d37a20ce41648130fa173f2e.jpg,3,3,true,pattern|스트라이프|silhouette|A라인|pattern|그래픽,4.213,1,train,true
fashionpedia,train2020,26727,45432bc4c9be0293d5d53a92b5e353bc.jpg,3,3,true,pattern|체크|detail|리본,2.778,2,train,true
fashionpedia,train2020,26735,02aab1b589c20ec1f527b7269f7ad829.jpg,3,3,true,pattern|체크|neckline|V넥,2.519,1,train,true
fashionpedia,train2020,26738,d9bb5bd6a4ca4bb88730608d85736c75.jpg,3,3,true,category|코트|pattern|도트|collar|라펠 칼라,7.861,3,train,true
fashionpedia,train2020,26750,6677654d307188d9209010f7f1752f0d.jpg,3,3,true,category|셔츠|collar|라펠 칼라|category|재킷|category|베스트|collar|셔츠 칼라,10.986,4,train,true
fashionpedia,train2020,26752,e13acbb300452f18a8fe09e9986c7f02.jpg,3,3,true,pattern|체크|pattern|그래픽,2.701,3,train,true
fashionpedia,train2020,26755,44dc1ea72ef640368077c9aebaf2a685.jpg,3,3,true,detail|프릴·러플|silhouette|X라인|lower_fit|플레어핏,4.019,1,train,true
fashionpedia,train2020,26778,fccab807cc0425d54270718bb8400d97.jpg,3,3,true,pattern|그래픽|category|니트,2.764,1,train,true
fashionpedia,train2020,26789,77791d52339aed8ab852e29a524ba153.jpg,3,3,true,category|코트|detail|후드|lower_length|무릎 기장|collar|라펠 칼라,9.27,4,train,true
fashionpedia,train2020,26791,50bba5cd5ebcf37a2357948d0446554f.jpg,3,3,true,detail|리본|silhouette|X라인|lower_fit|플레어핏,4.109,2,train,true
fashionpedia,train2020,26799,c56801e706b7ef8684e82a54af7528dc.jpg,3,3,true,neckline|오프숄더|silhouette|A라인,6.071,1,train,true
fashionpedia,train2020,26804,920b14a895405d2cf00334e28b7b1631.jpg,3,3,true,neckline|홀터넥,4.653,2,train,true
fashionpedia,train2020,26826,1996907024e00df359614eddcb8f10db.jpg,3,3,true,neckline|홀터넥|silhouette|X라인|lower_fit|플레어핏,11.054,1,train,true
fashionpedia,train2020,26837,45019f4e3ab38af7e44a819f50581a4d.jpg,3,3,true,category|코트|material|퍼·플리스,5.648,1,train,true
fashionpedia,train2020,26843,58562f033153ed9c967cf51c766745ec.jpg,3,3,true,detail|프릴·러플|detail|플리츠,2.89,2,train,true
fashionpedia,train2020,26847,4ba2a48dfe421e83875b703ebaf6b013.jpg,3,3,true,lower_fit|슬림핏|collar|피터팬 칼라,20.182,1,train,true
fashionpedia,train2020,26848,85d1862f94bcf0bdf1c3eeccfb5ec13b.jpg,3,3,true,category|점프수트,4.536,1,train,true
fashionpedia,train2020,26874,4be3ad3b7f7860287f2472184f3f6c40.jpg,3,3,true,pattern|애니멀,4.8,1,train,true
fashionpedia,train2020,26878,1ee98417d5b14724d5b9b3f88396bb70.jpg,3,3,true,neckline|홀터넥|silhouette|X라인|lower_fit|플레어핏,7.278,1,train,true
fashionpedia,train2020,26885,dda083018c3bb51aedddd17b9a75ec98.jpg,3,3,true,detail|리본|neckline|V넥|silhouette|X라인|lower_fit|플레어핏,5.334,1,train,true
fashionpedia,train2020,26888,adc77a04acb397cd4191666c202cb31d.jpg,3,3,true,detail|프릴·러플|detail|플리츠|silhouette|X라인|lower_fit|플레어핏,5.514,1,train,true
fashionpedia,train2020,26890,be9b4194ffa447571f4b06cb3b5f7dae.jpg,3,3,true,pattern|스트라이프|collar|칼라 없음,7.003,1,train,true
fashionpedia,train2020,26892,7753dbc56db792bd16708e89fc40800f.jpg,3,3,true,detail|플리츠|silhouette|X라인|lower_fit|플레어핏,4.12,1,train,true
fashionpedia,train2020,26905,239bc063dcaa120247373855ce2fa143.jpg,3,3,true,neckline|홀터넥|silhouette|A라인,6.098,1,train,true
fashionpedia,train2020,26907,e89dc8d3b3495c58b48ffb564316f786.jpg,3,3,true,collar|셔츠 칼라|category|재킷|sleeve_length|민소매|silhouette|X라인|lower_fit|플레어핏,21.037,2,train,true
fashionpedia,train2020,26908,1f1e01f400aebec9193b8e794b14fec1.jpg,3,3,true,collar|셔츠 칼라|collar|칼라 없음,6.974,3,train,true
fashionpedia,train2020,26918,34d1159bd4c7d7f3d1bd48a93add2ab7.jpg,3,3,true,category|쇼츠|detail|리본|neckline|V넥,3.87,2,train,true
fashionpedia,train2020,26932,e764dd0e7397825127792fab79586f18.jpg,3,3,true,neckline|스퀘어넥,5.972,1,train,true
fashionpedia,train2020,26936,8bf268dc97da11e2c1b77a594023f4c7.jpg,3,3,true,neckline|스퀘어넥|pattern|플로럴,7.214,1,train,true
fashionpedia,train2020,26945,e3b6b7260cfc7ed04a6d8c4476cdc094.jpg,3,3,true,category|코트|material|퍼·플리스|sleeve_length|7부 소매|category|재킷|collar|라펠 칼라,9.621,3,train,true
fashionpedia,train2020,26947,42b3b07f266d672dc7fafe8814f637ba.jpg,3,3,true,category|코트|material|퍼·플리스,5.648,1,train,true
fashionpedia,train2020,26954,be08924c4e884d643b7e5f8225582e14.jpg,3,3,true,collar|폴로 칼라,12.364,1,train,true
fashionpedia,train2020,26958,e415895977e5058a184ac29b84a82c17.jpg,3,3,true,neckline|홀터넥|silhouette|X라인|lower_fit|플레어핏,7.278,1,train,true
fashionpedia,train2020,26968,a00734e0b4ca75baec854a9f7a18dcb1.jpg,3,3,true,category|쇼츠|pattern|그래픽,2.567,2,train,true
fashionpedia,train2020,26983,44523ec77a084cd87f814cac976156c1.jpg,3,3,true,neckline|홀터넥|pattern|플로럴,5.895,1,train,true
fashionpedia,train2020,26988,a0a8a0176e298f74219cdf9a57b3ff5d.jpg,3,3,true,detail|프릴·러플|neckline|V넥,2.62,1,train,true
fashionpedia,train2020,26992,0cd92acf97de3abfcb6497e55ed1b351.jpg,3,3,true,pattern|스트라이프|lower_length|미디·7부 기장|detail|플리츠|lower_fit|플레어핏,5.39,2,train,true
fashionpedia,train2020,26996,7aba3326cd0dd29a731ad92c12e9eaa3.jpg,3,3,true,category|코트|material|퍼·플리스|neckline|V넥,6.873,2,train,true
fashionpedia,train2020,26997,abb6a352f3262aaa37473ad9aff45b4f.jpg,3,3,true,detail|프릴·러플|detail|플리츠,2.89,1,train,true
fashionpedia,train2020,27016,b067207664b61a73f3d0b2d82b56553f.jpg,3,3,true,sleeve_shape|퍼프 소매,6.207,1,train,true
fashionpedia,train2020,27017,1b8995c7c38bb5131d38df2173311312.jpg,3,3,true,category|코트|material|퍼·플리스,5.648,3,train,true
fashionpedia,train2020,27021,5fe8c2b73c07caf5bb9618b679fcd109.jpg,3,3,true,sleeve_shape|래글런 소매|detail|플리츠,3.185,1,train,true
fashionpedia,train2020,27031,88b850b6beb59180c2e533e023337699.jpg,3,3,true,lower_length|미디·7부 기장|detail|프릴·러플|lower_fit|스트레이트핏|lower_length|무릎 기장|silhouette|X라인|lower_fit|플레어핏,12.013,1,train,true
fashionpedia,train2020,27041,8f634fac40f7c27abc1980cb761231b2.jpg,3,3,true,detail|스팽글,5.725,1,train,true
fashionpedia,train2020,27042,d38f311ab19774a46833ff8ab95afb7b.jpg,3,3,true,category|쇼츠|category|가디건,2.453,3,train,true
fashionpedia,train2020,27044,aafca06f15a0d795f5f5b74f1272d9ac.jpg,3,3,true,pattern|스트라이프|neckline|보트넥|detail|리본,4.218,3,train,true
fashionpedia,train2020,27049,4865d5e6c693f0f1c57d480e02ad0672.jpg,3,3,true,detail|리본|silhouette|A라인|category|가디건,8.099,3,train,true
fashionpedia,train2020,27050,04d484566dafece302fafdfc69e0efea.jpg,3,3,true,detail|프릴·러플|silhouette|X라인|lower_fit|플레어핏,4.019,1,train,true
fashionpedia,train2020,27053,4630873ed49d6a8e236ec4b378102851.jpg,3,3,true,sleeve_shape|래글런 소매|detail|리본,3.174,2,train,true
fashionpedia,train2020,27054,0337ae27949221d44583740d5a0b1a8c.jpg,3,3,true,neckline|보트넥|lower_fit|플레어핏,2.63,1,train,true
fashionpedia,train2020,27056,a6ad14a64ceeefdeead4531c6e57f3f6.jpg,3,3,true,detail|리본|silhouette|X라인|lower_fit|플레어핏,4.109,1,train,true
fashionpedia,train2020,27060,3adbfe595b3f7ea35ff1158bba42e849.jpg,3,3,true,pattern|체크|neckline|보트넥,2.665,2,train,true
fashionpedia,train2020,27062,fa8c59cc96a33746e2135b24acce4239.jpg,3,3,true,pattern|체크|detail|플리츠,2.789,2,train,true
fashionpedia,train2020,27090,c97c607e12a9c4830a58b89186ff695c.jpg,3,3,true,detail|플리츠|silhouette|X라인|lower_fit|플레어핏,4.12,1,train,true
fashionpedia,train2020,27099,78229ce3da9165e234eb1cc1208cc95e.jpg,3,3,true,pattern|스트라이프|pattern|그래픽,2.769,2,train,true
fashionpedia,train2020,27114,0228e48a68f7e781031853d08449ca22.jpg,3,3,true,silhouette|O라인|detail|플리츠,19.495,1,train,true
fashionpedia,train2020,27116,0fa7f31fb8d388d75f8e4eaced51e6b5.jpg,3,3,true,sleeve_length|7부 소매|lower_length|미디·7부 기장|silhouette|A라인|collar|칼라 없음,9.79,2,train,true
fashionpedia,train2020,27119,1243819d0c0f938fdfe4605104541dac.jpg,3,3,true,neckline|보트넥|lower_fit|플레어핏,2.63,2,train,true
fashionpedia,train2020,27120,7a42f1f908b179563283086b28bde2a4.jpg,3,3,true,lower_fit|슬림핏|category|코트|material|가죽|lower_length|미디·7부 기장|collar|라펠 칼라,19.518,3,train,true
fashionpedia,train2020,27122,74e8a8e868cffe8bd26c9184c61ad4a4.jpg,3,3,true,neckline|라운드넥|sleeve_length|7부 소매|detail|후드,7.996,2,train,true
fashionpedia,train2020,27127,57aeb0d079527829c1499287ef697964.jpg,3,3,true,detail|플리츠|silhouette|X라인|lower_fit|플레어핏,4.12,1,train,true
fashionpedia,train2020,27130,ccbcf6f250ed6ff341ec168519a96c36.jpg,3,3,true,neckline|V넥|pattern|그래픽,2.632,2,train,true
fashionpedia,train2020,27132,55e8038df65e4ff95ec8ebdc83e50a28.jpg,3,3,true,pattern|스트라이프|pattern|그래픽,2.769,2,train,true
fashionpedia,train2020,27142,84836d1a1959f48bab0b30de33cb5e98.jpg,3,3,true,detail|프릴·러플|lower_fit|플레어핏,2.653,1,train,true
fashionpedia,train2020,27153,7c5c0b2795e5739cb3ea6cf75f7a2389.jpg,3,3,true,collar|셔츠 칼라|detail|후드,6.602,2,train,true
fashionpedia,train2020,27158,0225ade32fc303a3ba13fd1333e829b1.jpg,3,3,true,sleeve_shape|래글런 소매|sleeve_length|7부 소매|detail|리본,9.675,2,train,true
fashionpedia,train2020,27161,8f0ea3adf090f4deec2753765b53455c.jpg,3,3,true,lower_length|미디·7부 기장|silhouette|A라인|pattern|도트,8.031,1,train,true
fashionpedia,train2020,27164,7806a7387985f8887e1109b03e09065b.jpg,3,3,true,neckline|V넥|pattern|그래픽,2.632,2,train,true
fashionpedia,train2020,27171,30133aee6c758612beca6ed21ae26e5b.jpg,3,3,true,lower_fit|슬림핏|category|셔츠|pattern|카모|collar|셔츠 칼라,18.398,2,train,true
fashionpedia,train2020,27179,c990f364f049b31096ca2747be3390ee.jpg,3,3,true,category|셔츠|sleeve_shape|래글런 소매|lower_fit|스트레이트핏|category|재킷|collar|셔츠 칼라,12.163,3,train,true
fashionpedia,train2020,27180,08de8ad9815f2c547fea1c0c298fad00.jpg,3,3,true,collar|스탠드 칼라,5.388,2,train,true
fashionpedia,train2020,27182,01e7dc6b2c1038c86b291513a5b47c48.jpg,3,3,true,lower_fit|슬림핏|collar|폴로 칼라,13.487,1,train,true
fashionpedia,train2020,27185,b6b9ddaee1eeb86e5bdb2667800cde2b.jpg,3,3,true,detail|프릴·러플|silhouette|A라인|detail|플리츠,4.334,1,train,true
fashionpedia,train2020,27198,882e64769acb9d17f52a594e7d8287a3.jpg,3,3,true,detail|리본|neckline|V넥,2.709,1,train,true
fashionpedia,train2020,27200,d0854d2147b76bbe6ce72cf345e830fe.jpg,3,3,true,detail|플리츠|silhouette|X라인|lower_fit|플레어핏,4.12,1,train,true
fashionpedia,train2020,27210,c93a67e1350ff821bb9a28cb69715f4f.jpg,3,3,true,sleeve_shape|벌룬 소매|silhouette|A라인,7.058,2,train,true
fashionpedia,train2020,27227,2c9ca0a5198dd03c445979670b4f4441.jpg,3,3,true,detail|프릴·러플|silhouette|X라인|lower_fit|플레어핏,4.019,1,train,true
fashionpedia,train2020,27233,a7d1f3e15f72c56132d02429e96b35af.jpg,3,3,true,neckline|V넥|pattern|그래픽,2.632,1,train,true
fashionpedia,train2020,27237,482c10083c79793d5760a7b3e3f1c353.jpg,3,3,true,detail|프릴·러플|silhouette|X라인|lower_fit|플레어핏,4.019,1,train,true
fashionpedia,train2020,27238,c6c13d8b2324666665c9da6a8cbb9525.jpg,3,3,true,pattern|애니멀,4.8,1,train,true
fashionpedia,train2020,27247,a97b82934aab9113a00a51640eff17f1.jpg,3,3,true,neckline|홀터넥,4.653,1,train,true
fashionpedia,train2020,27251,c2ca4f83c5ba0c8c6f8dab163a70ef7a.jpg,3,3,true,sleeve_shape|퍼프 소매|silhouette|A라인,7.651,1,train,true
fashionpedia,train2020,27262,9edc9ecaa09ac54e8504e32c8a48c86b.jpg,3,3,true,sleeve_length|7부 소매|detail|리본|pattern|애니멀,7.714,2,train,true
fashionpedia,train2020,27268,90c6496964a3ed0de53f3f85d41be469.jpg,3,3,true,pattern|그래픽|silhouette|X라인|lower_fit|플레어핏,4.032,1,train,true
fashionpedia,train2020,27270,1e784cc4953dd12232921352ce2889c8.jpg,3,3,true,sleeve_length|7부 소매|silhouette|X라인|lower_fit|플레어핏|pattern|도트,13.143,1,train,true
fashionpedia,train2020,27272,ea2d06f76b9ab16dd86a537ab4e850e5.jpg,3,3,true,category|베스트,5.835,3,train,true
fashionpedia,train2020,27273,94d4883586c007ac7b2038de8f790957.jpg,3,3,true,detail|프릴·러플|silhouette|X라인|lower_fit|플레어핏,4.019,1,train,true
fashionpedia,train2020,27275,77f18500e7cfeef4d147c6c077a6319d.jpg,3,3,true,detail|스팽글,5.725,1,train,true
fashionpedia,train2020,27312,0a6e85d65730d04a262989f437225795.jpg,3,3,true,category|베스트,5.835,3,train,true
fashionpedia,train2020,27327,ed8f4012bee66bf95b60887e44060487.jpg,3,3,true,category|점프수트|detail|플리츠,6.031,1,train,true
fashionpedia,train2020,27334,a8db8e45888fcd08b91c46f03963e954.jpg,3,3,true,upper_fit|오버핏,6.4,1,train,true
fashionpedia,train2020,27337,8ce27cd290f830c9c18a18b499120bee.jpg,3,3,true,silhouette|비대칭|neckline|V넥,2.544,2,train,true
fashionpedia,train2020,27345,8b8fd72e124b9c0ece9013ddf825b2cd.jpg,3,3,true,neckline|스퀘어넥,5.972,1,train,true
fashionpedia,train2020,27348,ca2cd003839471dda905cd345d35938e.jpg,3,3,true,lower_length|무릎 기장|pattern|도트|category|재킷|pattern|그래픽|collar|라펠 칼라,10.714,3,train,true
fashionpedia,train2020,27353,72300ddbcaf0198580e3b38202477a34.jpg,3,3,true,lower_fit|슬림핏|pattern|카모,15.79,1,train,true
fashionpedia,train2020,27364,554999d73814baf0019c1fa01703baaf.jpg,3,3,true,pattern|체크|detail|리본,2.778,2,train,true
fashionpedia,train2020,27379,efbaba16831533340e8df0d58cad5ac7.jpg,3,3,true,pattern|플로럴|category|점프수트,5.778,1,train,true
fashionpedia,train2020,27394,ae9fb43f7e5209fc0b75f314ceea04d0.jpg,3,3,true,detail|프릴·러플|lower_fit|플레어핏,2.653,1,train,true
fashionpedia,train2020,27401,c1ac2b825285379217d41dd4eba387e3.jpg,3,3,true,lower_length|미디·7부 기장|detail|플리츠|silhouette|X라인|lower_fit|플레어핏,5.394,1,train,true
fashionpedia,train2020,27411,800f7b7d174dfabddab2a66dd5b04c48.jpg,3,3,true,detail|프릴·러플|silhouette|X라인|lower_fit|플레어핏,4.019,1,train,true
fashionpedia,train2020,27415,79e6fcdd3dffa91a4eedd2463977c181.jpg,3,3,true,category|코트|material|퍼·플리스|collar|라펠 칼라,6.888,3,train,true
fashionpedia,train2020,27419,0addd80857e92202474baa3470d332e0.jpg,3,3,true,detail|리본|silhouette|X라인|lower_fit|플레어핏,4.109,1,train,true
fashionpedia,train2020,27428,525e687fcdc9c0cd901d8ca254784a77.jpg,3,3,true,collar|폴로 칼라,12.364,1,train,true
fashionpedia,train2020,27441,dd51239d09463e1b6ef078b460826ff0.jpg,3,3,true,pattern|체크|detail|플리츠|silhouette|X라인|lower_fit|플레어핏,5.414,1,train,true
fashionpedia,train2020,27447,db2e11d33e6eb96b5a4da49fa870bbe3.jpg,3,3,true,category|쇼츠|detail|프릴·러플,2.555,2,train,true
fashionpedia,train2020,27458,dd7677b7f8b7379b5dc7aa59a1518821.jpg,3,3,true,detail|스팽글,5.725,1,train,true
fashionpedia,train2020,27466,37b8c7976811bd6041badcf0bbe942fe.jpg,3,3,true,silhouette|O라인|lower_length|무릎 기장|collar|라펠 칼라,20.692,1,train,true
fashionpedia,train2020,27470,7a60ad4541c1fba3cadef2eb813ebfc6.jpg,3,3,true,sleeve_shape|벌룬 소매|silhouette|A라인,7.058,1,train,true
fashionpedia,train2020,27473,7b586136f3e95524540e95b162909b11.jpg,3,3,true,detail|프릴·러플|lower_fit|플레어핏,2.653,2,train,true
fashionpedia,train2020,27485,60b2e10db3b779f28e3655a2d326b935.jpg,3,3,true,material|퍼·플리스,4.339,1,train,true
fashionpedia,train2020,27490,f3de96547cc20f3d471f4c4149afbba4.jpg,3,3,true,detail|스팽글|silhouette|X라인|lower_fit|플레어핏,12.126,1,train,true
fashionpedia,train2020,27503,d21d6dc0d8ddbdb9d5b1ad1c8169ec1a.jpg,3,3,true,detail|프릴·러플|lower_fit|플레어핏,2.653,1,train,true
fashionpedia,train2020,27506,3fe36c709e07ad9c725d2ed33a138fc3.jpg,3,3,true,category|셔츠|collar|라펠 칼라|category|재킷|category|베스트|neckline|V넥|collar|셔츠 칼라,12.211,4,train,true
fashionpedia,train2020,27518,8cc9611676d2ee9fe64ec1b253c84f17.jpg,3,3,true,detail|후드|pattern|그래픽,6.675,1,train,true
fashionpedia,train2020,27519,2b5265b3dbaebadb7621ad27d313ed20.jpg,3,3,true,category|가디건|neckline|V넥,2.518,1,train,true
fashionpedia,train2020,27527,7a80821a8d6752a237f57060df792432.jpg,3,3,true,collar|스탠드 칼라,5.388,3,train,true
fashionpedia,train2020,27532,22464b9b3f794a255f07afd993a63338.jpg,3,3,true,category|쇼츠|collar|칼라 없음,6.802,2,train,true
fashionpedia,train2020,27538,859827bbf3b5da646ec9c2ec15c018eb.jpg,3,3,true,neckline|홀터넥,4.653,1,train,true
fashionpedia,train2020,27546,eb2cd3790456d1740883d9d54c792609.jpg,3,3,true,neckline|스퀘어넥|silhouette|X라인|lower_fit|플레어핏,12.373,1,train,true
fashionpedia,train2020,27561,10fceac9d1a287c20f7e15fa9b084659.jpg,3,3,true,category|코트|sleeve_shape|래글런 소매|lower_fit|스트레이트핏|collar|셔츠 칼라,10.894,1,train,true
fashionpedia,train2020,27575,0f13093d63685c8b6f21df48ff51e29c.jpg,3,3,true,neckline|홀터넥|silhouette|A라인,6.098,1,train,true
fashionpedia,train2020,27583,33fb51dbc9c18e0afd689951a483922e.jpg,3,3,true,collar|라펠 칼라|category|재킷|category|베스트|collar|셔츠 칼라,9.711,4,train,true
fashionpedia,train2020,27596,ec7358c5a1fb53f2e36cfe9a6498d880.jpg,3,3,true,category|점프수트,4.536,1,train,true
fashionpedia,train2020,27601,7d10e1f9cbbe703a8c6a7ce35feb93a8.jpg,3,3,true,detail|플리츠|silhouette|X라인|lower_fit|플레어핏,4.12,1,train,true
fashionpedia,train2020,27605,d2db477291c41bad1636d142f29dd38e.jpg,3,3,true,sleeve_shape|벌룬 소매,5.614,1,train,true
fashionpedia,train2020,27617,9f6897f2b5bbeee2934debda647fee6d.jpg,3,3,true,detail|리본|pattern|그래픽,2.891,1,train,true
fashionpedia,train2020,27624,e1ba88cf0953aae7f2262e870a85ce74.jpg,3,3,true,lower_fit|슬림핏|category|쇼츠|pattern|스트라이프|collar|피터팬 칼라,22.704,2,train,true
fashionpedia,train2020,27634,d7808e3044c5973d9c76bb1ce7cfbcf8.jpg,3,3,true,category|코트|upper_fit|오버핏|lower_length|미디·7부 기장|lower_length|무릎 기장,10.436,2,train,true
fashionpedia,train2020,27642,ba42e940b02455cdbfaa0cc04a9af8ae.jpg,3,3,true,lower_fit|와이드핏,4.948,2,train,true
fashionpedia,train2020,27645,93be84af827970293a74ec3012ad995c.jpg,3,3,true,category|코트|lower_fit|와이드핏|collar|라펠 칼라,7.497,3,train,true
fashionpedia,train2020,27652,25d19227c6d0c0ac7d2ab8a9ecc2ca91.jpg,3,3,true,sleeve_length|7부 소매|collar|칼라 없음,7.071,3,train,true
fashionpedia,train2020,27657,9657f469a34e5825caaf2ff34857ba25.jpg,3,3,true,category|코트|pattern|스트라이프|silhouette|비대칭,3.99,2,train,true
fashionpedia,train2020,27659,09a25f89ecea3fc8d17ccb15fe25a2cb.jpg,3,3,true,lower_fit|슬림핏|collar|폴로 칼라,13.487,1,train,true
fashionpedia,train2020,27667,5dce81f786462d41304035cd184b582f.jpg,3,3,true,detail|플리츠|silhouette|X라인|lower_fit|플레어핏,4.12,1,train,true
fashionpedia,train2020,27678,29d1134ea0de9c7b1a2f881a56d6d148.jpg,3,3,true,pattern|스트라이프|silhouette|A라인|neckline|V넥,4.031,1,train,true
fashionpedia,train2020,27680,584081ec5629012d13201b057ce0a1bc.jpg,3,3,true,silhouette|A라인|neckline|터틀넥|pattern|플로럴,7.744,1,train,true
fashionpedia,train2020,27685,4e4acfde095af4cde239d85420f0cda1.jpg,3,3,true,lower_fit|슬림핏|collar|폴로 칼라,13.487,1,train,true
fashionpedia,train2020,27696,b986f9b842ccfa988bc42d893ce895ee.jpg,3,3,true,detail|리본|pattern|그래픽,2.891,1,train,true
fashionpedia,train2020,27700,2d01994fd3ede6e148403702c7d9034a.jpg,3,3,true,detail|스팽글,5.725,1,train,true
fashionpedia,train2020,27704,53849b534c8fef61599e874289f52a07.jpg,3,3,true,sleeve_shape|벨 소매,5.333,1,train,true
fashionpedia,train2020,27726,3b43aed2fb7d31277912c95f0f329ab7.jpg,3,3,true,neckline|홀터넥|silhouette|A라인,6.098,1,train,true
fashionpedia,train2020,27736,eb3c66f69c813e2b509c5c3450755995.jpg,3,3,true,pattern|스트라이프|sleeve_shape|퍼프 소매,7.569,1,train,true
fashionpedia,train2020,27742,59d5391d8a6c9a3a9e67617678e8000f.jpg,3,3,true,sleeve_shape|벌룬 소매|sleeve_length|7부 소매|neckline|V넥,8.269,2,train,true
fashionpedia,train2020,27744,66c31a734ab8f23e03d5feb17b17072f.jpg,3,3,true,neckline|홀터넥|silhouette|X라인|lower_fit|플레어핏,7.278,1,train,true
fashionpedia,train2020,27761,9bcb15c1a5cd53eb2f5918ed13dbf051.jpg,3,3,true,neckline|스퀘어넥|lower_length|무릎 기장|silhouette|X라인|lower_fit|플레어핏,13.825,1,train,true
fashionpedia,train2020,27768,ecb773baa2cc34ca4da2356a1df70e79.jpg,3,3,true,pattern|애니멀,4.8,2,train,true
fashionpedia,train2020,27788,ea889002933fd0689c1bd805505d00ca.jpg,3,3,true,neckline|V넥|category|니트,2.582,1,train,true
fashionpedia,train2020,27790,01ce6c4ee5cd53d8bc824e0aab53559d.jpg,3,3,true,category|가디건|neckline|V넥|collar|셔츠 칼라,7.729,2,train,true
fashionpedia,train2020,27796,b667f8978ba7d8e8ab54ebac58149e4f.jpg,3,3,true,collar|스탠드 칼라|category|셔츠|lower_fit|스트레이트핏|category|재킷|collar|라펠 칼라,10.696,3,train,true
fashionpedia,train2020,27798,5e1e19c4779e3f62f13f36028f16eb5f.jpg,3,3,true,pattern|플로럴|collar|칼라 없음,6.883,1,train,true
fashionpedia,train2020,27801,aeb29c38948bfccded64412eb44aa89e.jpg,3,3,true,category|베스트,5.835,2,train,true
fashionpedia,train2020,27806,2b49829ad681f640e33ad8586e623430.jpg,3,3,true,pattern|애니멀,4.8,1,train,true
fashionpedia,train2020,27808,2b8679fc6ae215d8fdbd87772c759f52.jpg,3,3,true,category|코트|detail|후드,6.578,1,train,true
fashionpedia,train2020,27809,04c2ae44d07f75ac7a4ea4aba64e2467.jpg,3,3,true,detail|스팽글,5.725,1,train,true
fashionpedia,train2020,27815,f76bbbc7abde31a4c92b4c9db0fa0805.jpg,3,3,true,lower_fit|슬림핏|category|셔츠|collar|피터팬 칼라,21.456,1,train,true
fashionpedia,train2020,27827,095e3a8d8c2cd622d528dfe5fb9c409c.jpg,3,3,true,neckline|홀터넥,4.653,1,train,true
fashionpedia,train2020,27852,1706b0a4093565cd0acdcf7be4dd6ba0.jpg,3,3,true,pattern|스트라이프|collar|폴로 칼라,13.726,1,train,true
fashionpedia,train2020,27855,d30b389dd9f38b9e8bf13a42202659ad.jpg,3,3,true,collar|스탠드 칼라|sleeve_length|7부 소매|lower_fit|스트레이트핏|lower_length|무릎 기장,9.761,1,train,true
fashionpedia,train2020,27856,fbad096378794f1c75ffabc7ae7d924a.jpg,3,3,true,silhouette|A라인|category|베스트|pattern|플로럴,8.521,2,train,true
fashionpedia,train2020,27866,42474d914412a90dab25d0857d6592e9.jpg,3,3,true,lower_fit|슬림핏|category|셔츠|silhouette|H라인|lower_fit|스트레이트핏|category|베스트|neckline|V넥|collar|셔츠 칼라,13.533,3,train,true
fashionpedia,train2020,27877,91c0c1e79166b0597ea5f9e2449ff9e1.jpg,3,3,true,neckline|V넥|category|니트,2.582,3,train,true
fashionpedia,train2020,27884,c93fb992eb18bc7e4014729bcd9bb9a0.jpg,3,3,true,detail|스팽글,5.725,1,train,true
fashionpedia,train2020,27903,271a7adee62934412264879b75fd5044.jpg,3,3,true,pattern|체크|category|쇼츠,2.455,1,train,true
fashionpedia,train2020,27912,4cc4e2168f8f4c6d1f2af3e220c2f979.jpg,3,3,true,category|가디건|neckline|V넥|collar|라펠 칼라,7.635,3,train,true
fashionpedia,train2020,27917,28d6dfe2716b283359221678fd24779b.jpg,3,3,true,collar|스탠드 칼라,5.388,3,train,true
fashionpedia,train2020,27921,a0f8bcfb7e3e27178b54bd7c395e901d.jpg,3,3,true,collar|스탠드 칼라,5.388,3,train,true
fashionpedia,train2020,27924,acd4c17911478e8b8c9f5cd3ce9d0f49.jpg,3,3,true,collar|칼라 없음,5.641,1,train,true
fashionpedia,train2020,27928,f23851628c25c802c0060fcbfbe0f37f.jpg,3,3,true,sleeve_shape|래글런 소매|neckline|라운드넥|detail|리본,9.542,2,train,true
fashionpedia,train2020,27929,ab9f8b9d727bc01d8a56c6b8c465c778.jpg,3,3,true,neckline|V넥|pattern|그래픽,2.632,1,train,true
fashionpedia,train2020,27934,ac7146494872616c5b2d4f01b614349e.jpg,3,3,true,category|베스트,5.835,3,train,true
fashionpedia,train2020,27938,42a07e75c73472c0df90917f280f6d75.jpg,3,3,true,lower_fit|슬림핏|pattern|카모,15.79,1,train,true
fashionpedia,train2020,27944,a982609e92929d636022f5b5643b579b.jpg,3,3,true,neckline|오프숄더|silhouette|A라인,6.071,1,train,true
fashionpedia,train2020,27945,34e2afda63db2acddbf4ca9f23bafcb7.jpg,3,3,true,sleeve_length|7부 소매|sleeve_shape|퍼프 소매,7.637,1,train,true
fashionpedia,train2020,27950,e8b10b0d412df357a0926b0ef2ee7e4f.jpg,3,3,true,detail|리본|pattern|그래픽,2.891,1,train,true
fashionpedia,train2020,27955,86d29ee851473472762018505dcbb295.jpg,3,3,true,material|퍼·플리스,4.339,1,train,true
fashionpedia,train2020,27964,f6eef29de6819b0a65d5b1e2a556b02d.jpg,3,3,true,neckline|V넥|pattern|그래픽,2.632,2,train,true
fashionpedia,train2020,27965,173729c1741e7efef5fe73dfa61854d9.jpg,3,3,true,category|쇼츠|pattern|그래픽,2.567,2,train,true
fashionpedia,train2020,27969,db2722294c8006abe3f0dad5a9955efc.jpg,3,3,true,neckline|홀터넥|lower_length|미디·7부 기장|lower_fit|플레어핏,7.186,2,train,true
fashionpedia,train2020,27972,65be071b05d334ee450b136949169c67.jpg,3,3,true,category|코트|material|가죽|silhouette|H라인|lower_fit|스트레이트핏|lower_length|무릎 기장|collar|라펠 칼라,21.315,3,train,true
fashionpedia,train2020,27973,e4edb93c62eb361dbb6d9293a2554057.jpg,3,3,true,detail|리본|category|가디건|collar|라펠 칼라,7.895,1,train,true
fashionpedia,train2020,27975,7cca7f1c8cf31a685bb8a0ddc8ee46a0.jpg,3,3,true,neckline|스퀘어넥|lower_length|미디·7부 기장|pattern|플로럴,8.488,2,train,true
fashionpedia,train2020,28002,196138e86a057d82f7a7aed1ee680fba.jpg,3,3,true,sleeve_shape|퍼프 소매,6.207,1,train,true
fashionpedia,train2020,28005,da770a6bc863fa8b05712cf044cb5a32.jpg,3,3,true,neckline|홀터넥|silhouette|X라인|lower_fit|플레어핏,11.054,1,train,true
fashionpedia,train2020,28008,3d3b755e958c0ea95d690ffa07cec3a0.jpg,3,3,true,sleeve_length|7부 소매|lower_length|미디·7부 기장|category|가디건|silhouette|X라인|lower_fit|플레어핏,14.276,2,train,true
fashionpedia,train2020,28017,6f6d660ceeadf7a41175902ac4b96612.jpg,3,3,true,neckline|홀터넥|silhouette|X라인|lower_fit|플레어핏,7.278,1,train,true
fashionpedia,train2020,28022,cdcbe588556b4a7670d96a23fe5746d0.jpg,3,3,true,detail|리본|silhouette|X라인|lower_fit|플레어핏,4.109,1,train,true
fashionpedia,train2020,28028,5f3fe730427a8c1ac19ff3b5db632344.jpg,3,3,true,collar|스탠드 칼라,5.388,2,train,true
fashionpedia,train2020,28037,d2a9d9f0871c72421b18fa4793d8c834.jpg,3,3,true,category|베스트|neckline|V넥|collar|라펠 칼라,8.3,4,train,true
fashionpedia,train2020,28064,3e03ee051ac2591dc792fa00499d6284.jpg,3,3,true,detail|프릴·러플|silhouette|X라인|lower_fit|플레어핏,4.019,1,train,true
fashionpedia,train2020,28069,b5cd041e13c8336f2d6cee375bb5eab7.jpg,3,3,true,neckline|홀터넥,4.653,1,train,true
fashionpedia,train2020,28074,16f5d68c46cec538794358d17d5bba1f.jpg,3,3,true,detail|프릴·러플|silhouette|X라인|lower_fit|플레어핏,4.019,1,train,true
fashionpedia,train2020,28081,a8dfd111a5ec505927be5cc49ef848ba.jpg,3,3,true,detail|후드|pattern|그래픽,2.724,1,train,true
fashionpedia,train2020,28082,9037634a58377917c6f4bbd30c303ded.jpg,3,3,true,category|코트|material|퍼·플리스|detail|플리츠|collar|라펠 칼라,8.383,3,train,true
fashionpedia,train2020,28091,8ca0cc1b132e5dc530c2b473d26e0a07.jpg,3,3,true,sleeve_shape|래글런 소매|neckline|라운드넥|sleeve_length|7부 소매|category|재킷,10.792,3,train,true
fashionpedia,train2020,28119,bffb395a1083ac93bd8e5afa2d3f4eff.jpg,3,3,true,lower_length|미디·7부 기장|lower_fit|플레어핏|pattern|도트,11.621,1,train,true
fashionpedia,train2020,28120,76d13a7b3e90de19c7f6b9ae593d0421.jpg,3,3,true,category|쇼츠|detail|후드,2.478,3,train,true
fashionpedia,train2020,28125,e291598f2e632626944180896f00baf6.jpg,3,3,true,detail|프릴·러플|silhouette|X라인|lower_fit|플레어핏,4.019,1,train,true
fashionpedia,train2020,28127,a9d8ad7b7f3d0be85ceffbbf93ef3c07.jpg,3,3,true,pattern|체크|category|셔츠|category|재킷|collar|셔츠 칼라|collar|칼라 없음,10.847,2,train,true
fashionpedia,train2020,28132,ccb913e0e7e8d4df47dc8d60460df31e.jpg,3,3,true,detail|플리츠|silhouette|X라인|lower_fit|플레어핏,4.12,1,train,true
fashionpedia,train2020,28133,12445f2736ea9e06c7d10c7625d27941.jpg,3,3,true,collar|폴로 칼라,12.364,1,train,true
fashionpedia,train2020,28136,320b6cd1fac618b0181848f4c813c3d5.jpg,3,3,true,category|가디건|neckline|V넥|collar|셔츠 칼라,7.729,2,train,true
fashionpedia,train2020,28164,27a72859ae4f86dca760519bf9972323.jpg,3,3,true,pattern|스트라이프|detail|플리츠,2.857,3,train,true
fashionpedia,train2020,28169,dc2a2b7f9bf0c33be52f71f8750ff187.jpg,3,3,true,collar|스탠드 칼라,5.388,3,train,true
fashionpedia,train2020,28170,faf1f5d9d6e51a84ce632df317dd5c5c.jpg,3,3,true,lower_fit|슬림핏|category|셔츠|silhouette|H라인|collar|라펠 칼라|lower_fit|스트레이트핏|category|재킷|category|베스트|neckline|V넥,14.743,4,train,true
fashionpedia,train2020,28176,b36e213394ad725e49ee5fdc29d43ace.jpg,3,3,true,lower_fit|와이드핏,4.948,2,train,true
fashionpedia,train2020,28178,9e36858aff3c7a7f67dc701ae0fa4926.jpg,3,3,true,collar|칼라 없음,5.641,1,train,true
fashionpedia,train2020,28181,ed183e13f1da838f10289da493286358.jpg,3,3,true,neckline|스퀘어넥|silhouette|X라인|lower_fit|플레어핏,12.373,1,train,true
fashionpedia,train2020,28196,fed990a29e4270431f268dc766b5795b.jpg,3,3,true,lower_length|미디·7부 기장|sleeve_shape|벨 소매|silhouette|X라인|lower_fit|플레어핏,13.008,1,train,true
fashionpedia,train2020,28197,523a978a2a09742b03e60b89fc4f21f7.jpg,3,3,true,category|코트|lower_length|미디·7부 기장|neckline|터틀넥|collar|라펠 칼라,8.881,2,train,true
fashionpedia,train2020,28211,169b345431540df4d1696c326528ec73.jpg,3,3,true,pattern|스트라이프|collar|칼라 없음,7.003,1,train,true
fashionpedia,train2020,28213,bf6d1112f67442694c60ba8a0a487ad9.jpg,3,3,true,category|셔츠|sleeve_length|7부 소매|lower_fit|스트레이트핏|category|가디건|pattern|플로럴,10.608,3,train,true
fashionpedia,train2020,28219,5246b15b4346ebc5a727230a02d8ffb0.jpg,3,3,true,detail|프릴·러플|lower_fit|플레어핏,2.653,1,train,true
fashionpedia,train2020,28228,656d2cf403908a688c01cb645a560669.jpg,3,3,true,category|코트|neckline|라운드넥|detail|후드|silhouette|A라인,9.32,2,train,true
fashionpedia,train2020,28237,ca56edc1f5b6f778adddf1b52f26d033.jpg,3,3,true,neckline|홀터넥,4.653,1,train,true
fashionpedia,train2020,28244,a933777512b0dc24b59f048840204b86.jpg,3,3,true,detail|스팽글,5.725,2,train,true
fashionpedia,train2020,28263,97ed398cebe0573dd7331be973b52bfe.jpg,3,3,true,detail|프릴·러플|detail|플리츠,2.89,1,train,true
fashionpedia,train2020,28267,81659d98dc75bd911832d5667b42ab5a.jpg,3,3,true,category|코트|detail|후드,6.578,1,train,true
fashionpedia,train2020,28274,b503a4b120211517829a623864a5bc10.jpg,3,3,true,detail|프릴·러플|lower_fit|플레어핏,2.653,1,train,true
fashionpedia,train2020,28280,d06373cced9b8dfcba7422913ec8cfb8.jpg,3,3,true,pattern|체크|category|니트,2.651,1,train,true
fashionpedia,train2020,28293,f085a62203d90d45e5621436bcbc6aed.jpg,3,3,true,collar|스탠드 칼라,5.388,1,train,true
fashionpedia,train2020,28299,27d05f5b38c321bb3a1f89b733d1b98d.jpg,3,3,true,pattern|그래픽|lower_fit|플레어핏,2.666,2,train,true
fashionpedia,train2020,28301,1e96cd7f0e8a85717e8db3b80509050e.jpg,3,3,true,sleeve_length|7부 소매|detail|플리츠|collar|칼라 없음,8.566,3,train,true
fashionpedia,train2020,28338,64e474cfa71fd8c1449f118b5ce13fdd.jpg,3,3,true,category|베스트,5.835,4,train,true
fashionpedia,train2020,28342,71903a846d021da81e37165dbfe79c25.jpg,3,3,true,upper_fit|오버핏|pattern|플로럴,7.642,1,train,true
fashionpedia,train2020,28343,e40b140864df1cc8c79c0adee09df636.jpg,3,3,true,lower_length|미디·7부 기장|lower_length|무릎 기장|neckline|V넥|pattern|도트,9.264,1,train,true
fashionpedia,train2020,28349,836c372f2daafbb21786b3ea6bc2f773.jpg,3,3,true,neckline|홀터넥|silhouette|X라인|lower_fit|플레어핏,7.278,1,train,true
fashionpedia,train2020,28350,f8c708db6a3d911d2324858ced24a621.jpg,3,3,true,lower_length|무릎 기장|silhouette|A라인|sleeve_length|민소매,14.897,1,train,true
fashionpedia,train2020,28352,d5e26eb00342c350cb77dce11fe93aec.jpg,3,3,true,category|코트|material|가죽|collar|라펠 칼라,17.121,3,train,true
fashionpedia,train2020,28393,22bbf4c9fcd5a28e1572759a22b4829f.jpg,3,3,true,detail|리본|silhouette|X라인|lower_fit|플레어핏,4.109,1,train,true
fashionpedia,train2020,28398,77d054d231dafed5f976eace4b564e1d.jpg,3,3,true,neckline|터틀넥,5.058,1,train,true
fashionpedia,train2020,28402,ffc256d93da617d2ac1667338f7b44f0.jpg,3,3,true,pattern|스트라이프|detail|플리츠,2.857,2,train,true
fashionpedia,train2020,28403,9176c06710bc17553f2654fce7d9bc0e.jpg,3,3,true,pattern|그래픽|lower_fit|플레어핏,2.666,2,train,true
fashionpedia,train2020,28414,1c4c6d8eeeb029d7485698ab0c5d8dcd.jpg,3,3,true,category|베스트|collar|셔츠 칼라,7.168,3,train,true
fashionpedia,train2020,28420,cbf084038a24e1d98711d0dcccaaad6e.jpg,3,3,true,silhouette|A라인|neckline|오프숄더,6.071,1,train,true
fashionpedia,train2020,28423,5ade91707eb34ae49a8cf156c9aa9cb0.jpg,3,3,true,detail|리본|silhouette|X라인|lower_fit|플레어핏,4.109,1,train,true
fashionpedia,train2020,28438,c24dfc5f2ed46b81c7c8a8f4111bc937.jpg,3,3,true,category|셔츠|detail|프릴·러플|lower_length|무릎 기장|collar|셔츠 칼라|pattern|플로럴|lower_fit|플레어핏,11.732,2,train,true
fashionpedia,train2020,28441,32f0ca4cdb4d4176f43d4622fcbe0dc3.jpg,3,3,true,pattern|체크|detail|리본,2.778,3,train,true
fashionpedia,train2020,28446,9d849565ac5c75d5d3bb432311687f4d.jpg,3,3,true,detail|프릴·러플|silhouette|X라인|lower_fit|플레어핏,4.019,1,train,true
fashionpedia,train2020,28456,44d243883ceaeb0bae2ffcb5e5155a7d.jpg,3,3,true,collar|칼라 없음,5.641,1,train,true
fashionpedia,train2020,28458,0a4d271c1decc253f0687d837bf5aabf.jpg,3,3,true,detail|스팽글,5.725,2,train,true
fashionpedia,train2020,28459,ea848124e68f4936d70ceb607e4c17aa.jpg,3,3,true,neckline|라운드넥|silhouette|A라인|category|가디건,7.913,3,train,true
fashionpedia,train2020,28487,1cc98c21df822377bf6669267cf0e6b6.jpg,3,3,true,category|코트|sleeve_length|7부 소매|collar|스탠드 칼라,8.127,3,train,true
fashionpedia,train2020,28500,92323adaf3bd247c5d058f4a1e8bcdc0.jpg,3,3,true,neckline|V넥|category|니트,2.582,4,train,true
fashionpedia,train2020,28504,ef490bbfc0c7ef235e8e1089e1ed5025.jpg,3,3,true,pattern|스트라이프|detail|플리츠|lower_fit|플레어핏,4.115,2,train,true
fashionpedia,train2020,28508,761d5ce5ff4bea867c9e0fc2651f4a41.jpg,3,3,true,pattern|스트라이프|pattern|그래픽,2.769,1,train,true
fashionpedia,train2020,28509,d9d89b4041937be251843e20bf06c88f.jpg,3,3,true,detail|프릴·러플|silhouette|X라인|lower_fit|플레어핏,4.019,1,train,true
fashionpedia,train2020,28522,00dede1486489c56683a011283ffce62.jpg,3,3,true,category|셔츠|collar|폴로 칼라,13.638,2,train,true
fashionpedia,train2020,28524,83ba985566bb72e2d0d13285960fd574.jpg,3,3,true,collar|스탠드 칼라,5.388,1,train,true
fashionpedia,train2020,28525,112f584ea248d02e0d5d691e41f627cd.jpg,3,3,true,detail|프릴·러플|silhouette|X라인|lower_fit|플레어핏,4.019,1,train,true
fashionpedia,train2020,28530,f96015f4d924933b2706cf274e26d3c3.jpg,3,3,true,pattern|그래픽|silhouette|X라인|lower_fit|플레어핏,4.032,1,train,true
fashionpedia,train2020,28550,022e29e5ca03800c46ceb3294acc4172.jpg,3,3,true,detail|리본|pattern|그래픽,2.891,2,train,true
fashionpedia,train2020,28558,1374a59a3a6102ef9e6d47fc146fac3b.jpg,3,3,true,detail|스팽글,5.725,1,train,true
fashionpedia,train2020,28566,f4be1840eaf9c4aac55e8cacf21261f8.jpg,3,3,true,detail|플리츠|silhouette|X라인|lower_fit|플레어핏,4.12,1,train,true
fashionpedia,train2020,28570,1b876601e29347b1d9820f3d84a03e94.jpg,3,3,true,sleeve_shape|래글런 소매|neckline|라운드넥|sleeve_length|7부 소매|pattern|그래픽,10.895,1,train,true
fashionpedia,train2020,28572,1398ce0f319b3e9aab70681e47ee04bf.jpg,3,3,true,sleeve_shape|퍼프 소매,6.207,2,train,true
fashionpedia,train2020,28574,9849c2c16319b24ce4f7acc01b816fd1.jpg,3,3,true,category|코트|category|쇼츠|lower_fit|플레어핏,3.728,4,train,true
fashionpedia,train2020,28584,974d6930004fcf1c5d3c5a27373ff765.jpg,3,3,true,category|코트|sleeve_length|7부 소매|collar|스탠드 칼라,8.127,1,train,true
fashionpedia,train2020,28589,00e1237a5df0af757a57719262759d0a.jpg,3,3,true,neckline|스퀘어넥|category|쇼츠,7.132,2,train,true
fashionpedia,train2020,28592,f3f8891f70a3d9403e9ae4f52848830c.jpg,3,3,true,neckline|홀터넥|silhouette|X라인|lower_fit|플레어핏,7.278,1,train,true
fashionpedia,train2020,28596,f90049554e4c89fa360e8900c5facd0a.jpg,3,3,true,pattern|스트라이프|neckline|보트넥,2.733,1,train,true
fashionpedia,train2020,28597,d9dd007e17cab1aeab6de2843fc9916c.jpg,3,3,true,detail|후드|pattern|그래픽,2.724,1,train,true
fashionpedia,train2020,28601,a81b4c4a80013b9586288599f46985ed.jpg,3,3,true,collar|칼라 없음,5.641,1,train,true
fashionpedia,train2020,28621,851b532e0aa795345092567995c67c2f.jpg,3,3,true,lower_fit|슬림핏|category|셔츠|silhouette|H라인|collar|라펠 칼라|lower_fit|스트레이트핏|upper_fit|여유핏|category|재킷|category|베스트,15.103,4,train,true
fashionpedia,train2020,28623,787ce7711ce066fb138568cdd7851513.jpg,3,3,true,silhouette|X라인|lower_fit|플레어핏|pattern|도트,7.937,1,train,true
fashionpedia,train2020,28625,b609ef4f3d415ce561da41b7f0885d17.jpg,3,3,true,detail|프릴·러플|neckline|V넥,2.62,1,train,true
fashionpedia,train2020,28632,a05339ff495bc8e6fe8d97d581e7c034.jpg,3,3,true,detail|프릴·러플|silhouette|X라인|lower_fit|플레어핏,4.019,1,train,true
fashionpedia,train2020,28633,112a043194d5ccc19a698ad0eef41820.jpg,3,3,true,detail|프릴·러플|lower_fit|플레어핏,2.653,1,train,true
fashionpedia,train2020,28636,00c87a3960917e9939005dca18826bb3.jpg,3,3,true,neckline|보트넥|lower_fit|플레어핏,2.63,1,train,true
fashionpedia,train2020,28640,70d6f5723dececdffec313edee966ddc.jpg,3,3,true,neckline|홀터넥|pattern|스트라이프,6.015,2,train,true
fashionpedia,train2020,28641,56d681713e0ddc56d1a8161b7d56ed1c.jpg,3,3,true,detail|프릴·러플|neckline|V넥,2.62,1,train,true
fashionpedia,train2020,28656,31296028004bd927bf11e672961c076f.jpg,3,3,true,category|코트|sleeve_shape|래글런 소매|lower_fit|스트레이트핏|collar|셔츠 칼라,10.894,1,train,true
fashionpedia,train2020,28683,dec6af5377787ffa5de4d8f00290b1d9.jpg,3,3,true,detail|리본|pattern|그래픽,2.891,1,train,true
fashionpedia,train2020,28684,245783f8935c8c7a3211f99cca3dd150.jpg,3,3,true,detail|프릴·러플|lower_fit|플레어핏,2.653,2,train,true
fashionpedia,train2020,28695,c7ca046b418067aa851643cbd385429d.jpg,3,3,true,neckline|오프숄더|silhouette|A라인,6.071,1,train,true
fashionpedia,train2020,28717,ddd66a7bb4fd21159b56f8078014d248.jpg,3,3,true,detail|리본|silhouette|X라인|lower_fit|플레어핏,4.109,1,train,true
fashionpedia,train2020,28718,7a8ade745bd1e52786042691ef225658.jpg,3,3,true,detail|리본|silhouette|X라인|lower_fit|플레어핏,4.109,1,train,true
fashionpedia,train2020,28719,f8093c352461f1987692244fd6327c7c.jpg,3,3,true,category|점프수트,4.536,1,train,true
fashionpedia,train2020,28723,26ff0d2e5f71c877a17d6f9420dc4b88.jpg,3,3,true,neckline|보트넥|lower_fit|플레어핏,2.63,2,train,true
fashionpedia,train2020,28735,9f30b7d5162f0473e90b842455e185a3.jpg,3,3,true,neckline|V넥|pattern|그래픽,2.632,1,train,true
fashionpedia,train2020,28741,c375e6d63e8d325a9e7a6a86b129bb16.jpg,3,3,true,collar|칼라 없음,5.641,1,train,true
fashionpedia,train2020,28748,3c12c2df1b291abf6b0bcbb2c12cda17.jpg,3,3,true,detail|스팽글|lower_fit|플레어핏,6.984,3,train,true
fashionpedia,train2020,28749,818b926c651fc51875fdb74635d2bbc6.jpg,3,3,true,neckline|오프숄더,4.626,2,train,true
fashionpedia,train2020,28750,3199924e2a90538d424c0a8e198254bc.jpg,3,3,true,pattern|체크|neckline|V넥|lower_fit|플레어핏,3.778,2,train,true
fashionpedia,train2020,28755,4369f8e0247549f5f4ce74fb98d8e91f.jpg,3,3,true,detail|프릴·러플|lower_fit|플레어핏,2.653,1,train,true
fashionpedia,train2020,28765,c135eb5c8737e62a7193f13e844a2f82.jpg,3,3,true,pattern|스트라이프|upper_fit|오버핏,7.762,1,train,true
fashionpedia,train2020,28772,4f0a2f9b51659f2bee1e4eacaec12aed.jpg,3,3,true,neckline|홀터넥,4.653,1,train,true
fashionpedia,train2020,28780,cd0b109107aafe85adc4e10855a38508.jpg,3,3,true,lower_fit|스트레이트핏|silhouette|X라인|lower_fit|플레어핏|pattern|도트,13.204,1,train,true
fashionpedia,train2020,28783,075253224bf3cb28e28dcfdcffd2cf90.jpg,3,3,true,detail|스팽글|silhouette|X라인|lower_fit|플레어핏,12.126,1,train,true
fashionpedia,train2020,28806,83fd470c9933373925480f9a033fd0cf.jpg,3,3,true,collar|칼라 없음,5.641,1,train,true
fashionpedia,train2020,28813,1e4f090be89da2a6981b0f3f56e90615.jpg,3,3,true,pattern|스트라이프|collar|폴로 칼라,13.726,3,train,true
fashionpedia,train2020,28816,71255e97be6755f29badbb15b8864542.jpg,3,3,true,category|베스트|neckline|V넥,7.06,1,train,true
fashionpedia,train2020,28825,c98936659dd0c8014bf631b0bde7c0bb.jpg,3,3,true,detail|스팽글,5.725,1,train,true
fashionpedia,train2020,28839,a40f1730bea89f590abe8724b7db7c5f.jpg,3,3,true,detail|프릴·러플|silhouette|X라인|lower_fit|플레어핏,4.019,2,train,true
fashionpedia,train2020,28847,0eaf07f6558f3ae13b5d241dc3477c28.jpg,3,3,true,category|코트|category|점프수트|pattern|플로럴,7.087,2,train,true
fashionpedia,train2020,28863,e86dc7ae63996bb2672621ec3886a3ab.jpg,3,3,true,category|코트|category|점프수트|pattern|스트라이프|lower_length|무릎 기장,8.66,2,train,true
fashionpedia,train2020,28870,6918f03ef5d492eac8afd39fe3243472.jpg,3,3,true,category|점프수트|neckline|V넥,5.761,2,train,true
fashionpedia,train2020,28873,b8e0bc4e8e0da1e26197c9c3e0d9c381.jpg,3,3,true,sleeve_length|7부 소매|detail|스팽글|silhouette|A라인,8.599,1,train,true
fashionpedia,train2020,28880,f131cc5bb20816be0bebf7f3357bb1d5.jpg,3,3,true,neckline|터틀넥,5.058,2,train,true
fashionpedia,train2020,28881,ce271e04ac576c49ae6fd6cbeed133fc.jpg,3,3,true,category|베스트,5.835,4,train,true
fashionpedia,train2020,28900,8fb5c16e87c1d2f8bcfa784c0cd1a4bf.jpg,3,3,true,neckline|보트넥|detail|리본|silhouette|A라인,4.3,3,train,true
fashionpedia,train2020,28911,e7a12bfb4f147caf106b1bce9bc2b0a0.jpg,3,3,true,detail|프릴·러플|lower_fit|플레어핏,2.653,1,train,true
fashionpedia,train2020,28912,f32bf76b6042ca1a09c8033600cdd8ab.jpg,3,3,true,neckline|스퀘어넥,5.972,1,train,true
fashionpedia,train2020,28914,7e75e4d5100ccb8d2f7a87b72c6197a4.jpg,3,3,true,category|쇼츠|pattern|그래픽,2.567,2,train,true
fashionpedia,train2020,28917,7a9ca4c6b9038dd123422876eec9d6a6.jpg,3,3,true,category|코트|neckline|스퀘어넥|lower_length|미디·7부 기장|lower_length|무릎 기장,10.008,3,train,true
fashionpedia,train2020,28933,19e659a25a6bf1741b3cef71f9db2c14.jpg,3,3,true,neckline|터틀넥,5.058,3,train,true
fashionpedia,train2020,28940,852e93039a7b696829a4485a4c82a16c.jpg,3,3,true,lower_length|무릎 기장|silhouette|A라인|collar|스탠드 칼라,8.284,1,train,true
fashionpedia,train2020,28950,43bf245bfcd1af62d2e4df15e43ec701.jpg,3,3,true,detail|프릴·러플|lower_fit|플레어핏,2.653,1,train,true
fashionpedia,train2020,28957,e9e28c3c91302cdb6a3bc1879117d048.jpg,3,3,true,neckline|홀터넥|silhouette|A라인,6.098,1,train,true
fashionpedia,train2020,28973,011c59f7c25d18027f4f9b2b1cffd44a.jpg,3,3,true,material|퍼·플리스|silhouette|A라인,5.783,2,train,true
fashionpedia,train2020,28983,9451d1ceef356ef76a21b9ffc9521a82.jpg,3,3,true,neckline|홀터넥|lower_length|무릎 기장|silhouette|X라인|lower_fit|플레어핏,12.506,1,train,true
fashionpedia,train2020,29003,e0deb38db71bf79afc2b80576f85cfc1.jpg,3,3,true,pattern|스트라이프|silhouette|A라인|pattern|플로럴,4.048,2,train,true
fashionpedia,train2020,29007,2df9a6b23e57086c656d6a59a405289f.jpg,3,3,true,category|점프수트|neckline|V넥,5.761,1,train,true
fashionpedia,train2020,29015,ff9b3db31afc4e36f0f061cb89d325bb.jpg,3,3,true,lower_length|미디·7부 기장|lower_fit|스트레이트핏|lower_length|무릎 기장|detail|플리츠|silhouette|X라인|lower_fit|플레어핏,12.113,1,train,true
fashionpedia,train2020,29017,ad7d92bd9b283af31b8c2de69325fc37.jpg,3,3,true,material|퍼·플리스,4.339,1,train,true
fashionpedia,train2020,29027,621f91beb49bd9b43291d38391138fb7.jpg,3,3,true,neckline|스퀘어넥|detail|리본|lower_length|무릎 기장|silhouette|A라인,10.353,1,train,true
fashionpedia,train2020,29030,2c16086d1a5bef8709d8c37304263803.jpg,3,3,true,neckline|홀터넥,4.653,2,train,true
fashionpedia,train2020,29053,2cf6a9f331e2f38cb427476623e8c308.jpg,3,3,true,neckline|홀터넥|silhouette|X라인|lower_fit|플레어핏,7.278,1,train,true
fashionpedia,train2020,29062,5aac96f3b4d2139cb785964db7a78a96.jpg,3,3,true,neckline|V넥|pattern|그래픽,2.632,2,train,true
fashionpedia,train2020,29079,ec4d2dc60d204bb76494effbb726a71e.jpg,3,3,true,pattern|플로럴|detail|플리츠|category|니트,4.094,3,train,true
fashionpedia,train2020,29095,ad65fb8c5280236ed9bf7da243cf7c39.jpg,3,3,true,detail|플리츠|silhouette|X라인|lower_fit|플레어핏,4.12,1,train,true
fashionpedia,train2020,29098,6515739bcbe872ec608b178a6090ce3f.jpg,3,3,true,pattern|플로럴|collar|칼라 없음,6.883,1,train,true
fashionpedia,train2020,29114,4f149ba7e5fb81343c746da77bbbe544.jpg,3,3,true,sleeve_shape|래글런 소매|neckline|V넥,2.915,1,train,true
fashionpedia,train2020,29118,1a119b5dd4743d3b1bc19899fc677ee3.jpg,3,3,true,pattern|애니멀,4.8,2,train,true
fashionpedia,train2020,29121,5c8b8a37cc9f14d5dc45758117a4b1d5.jpg,3,3,true,lower_length|무릎 기장|silhouette|비대칭|silhouette|X라인|lower_fit|플레어핏,13.13,1,train,true
fashionpedia,train2020,29125,627bde66296981e6e318e63449e4c2bd.jpg,3,3,true,pattern|체크|silhouette|A라인|detail|플리츠,4.233,1,train,true
fashionpedia,train2020,29129,5b3ee9315fd67c35fee112abf6d48dcd.jpg,3,3,true,lower_length|무릎 기장|silhouette|A라인|category|가디건,8.068,2,train,true
fashionpedia,train2020,29131,93e7260f72f5e6f98746aa7c450fda8f.jpg,3,3,true,silhouette|X라인|neckline|V넥|pattern|플로럴|lower_fit|플레어핏,5.091,1,train,true
fashionpedia,train2020,29133,951336f07ec2e4158d8f2eb856bb8714.jpg,3,3,true,lower_length|미디·7부 기장|category|점프수트,5.81,1,train,true
fashionpedia,train2020,29134,357f692d268c69186f75257badbaafa2.jpg,3,3,true,detail|후드|neckline|V넥|collar|라펠 칼라,7.733,2,train,true
fashionpedia,train2020,29140,f1fa64854412566dfd1cb34dba31cb0e.jpg,3,3,true,detail|후드|neckline|V넥,2.542,3,train,true
fashionpedia,train2020,29148,9c02e0b066555d4e219b26afdf4173be.jpg,3,3,true,detail|리본|silhouette|비대칭,2.803,1,train,true
fashionpedia,train2020,29154,9f0f69037b23d6cff57d05ff74ac89fb.jpg,3,3,true,detail|플리츠|silhouette|X라인|lower_fit|플레어핏,4.12,1,train,true
fashionpedia,train2020,29159,506d158fea0e17e8153e41e763fa25e4.jpg,3,3,true,neckline|홀터넥|silhouette|A라인,6.098,1,train,true
fashionpedia,train2020,29170,20c8798de841223cb54bd5376cfbda4c.jpg,3,3,true,category|가디건|neckline|V넥,2.518,1,train,true
fashionpedia,train2020,29172,44c707ce13c82ee7f9a60bf9d5b947eb.jpg,3,3,true,neckline|보트넥|silhouette|A라인|pattern|플로럴,4.058,1,train,true
fashionpedia,train2020,29175,220329e7c6dc92d55ac36b107b1ea1ce.jpg,3,3,true,pattern|체크|neckline|보트넥,2.665,1,train,true
fashionpedia,train2020,29188,be2ae0d8ecead2e34bb1370f7986b46a.jpg,3,3,true,detail|플리츠|category|니트,2.852,2,train,true
fashionpedia,train2020,29194,a5ca458924532cfad5b230d429714380.jpg,3,3,true,neckline|오프숄더,4.626,1,train,true
fashionpedia,train2020,29209,4aa834c234527f491f753f0365f2756c.jpg,3,3,true,sleeve_shape|퍼프 소매|pattern|플로럴,7.449,2,train,true
fashionpedia,train2020,29212,63d60901d637c6bddcd24d128f95e52f.jpg,3,3,true,lower_fit|슬림핏|collar|폴로 칼라,13.487,1,train,true
fashionpedia,train2020,29234,1c7cf641eda63f16f3a05dfef8f1c832.jpg,3,3,true,neckline|V넥|sleeve_shape|벨 소매,6.558,1,train,true
fashionpedia,train2020,29235,7498dd4e5a45368e913f137a4318f4c2.jpg,3,3,true,sleeve_shape|래글런 소매|neckline|라운드넥|sleeve_length|7부 소매,9.488,1,train,true
fashionpedia,train2020,29237,12590782ad4abda68f6d1abb3fe2c3b4.jpg,3,3,true,detail|플리츠|silhouette|X라인|lower_fit|플레어핏,4.12,1,train,true
fashionpedia,train2020,29257,ef58caa68df584fe12e84e9341475a08.jpg,3,3,true,upper_fit|오버핏,6.4,1,train,true
fashionpedia,train2020,29264,1cac8b7b3e70a7aed82382dbbc5d912a.jpg,3,3,true,neckline|오프숄더,4.626,1,train,true
fashionpedia,train2020,29288,6529c63df6d4d62f70b02522f208f1d7.jpg,3,3,true,category|코트|neckline|라운드넥|collar|칼라 없음,8.248,2,train,true
fashionpedia,train2020,29292,49f152738851b9be19b63c08386aa39b.jpg,3,3,true,detail|플리츠|silhouette|X라인|lower_fit|플레어핏,4.12,1,train,true
fashionpedia,train2020,29304,d60f940fb6ed33d969efb2c98708f4a1.jpg,3,3,true,neckline|홀터넥,4.653,1,train,true
fashionpedia,train2020,29322,eda7a8c97f96962f6c6522de18f485da.jpg,3,3,true,neckline|오프숄더|silhouette|X라인|lower_fit|플레어핏,7.251,1,train,true
fashionpedia,train2020,29324,f189bc18c26eb48cd110e331f798431f.jpg,3,3,true,category|쇼츠|pattern|그래픽,2.567,2,train,true
fashionpedia,train2020,29327,59ab288f5166046b68fa1f358894a669.jpg,3,3,true,collar|칼라 없음,5.641,2,train,true
fashionpedia,train2020,29341,8a4b781012fa2183ccf84774a6ebb92e.jpg,3,3,true,category|쇼츠|pattern|그래픽,2.567,2,train,true
fashionpedia,train2020,29344,0b65e37f431dba2e20e8c1ce571578c8.jpg,3,3,true,pattern|스트라이프|category|니트,2.719,2,train,true
fashionpedia,train2020,29352,168e17069c84969f949e3df5ef942384.jpg,3,3,true,sleeve_length|7부 소매|sleeve_shape|벨 소매,6.763,2,train,true
fashionpedia,train2020,29370,d8d0f6c328613d1adc56205c844debc7.jpg,3,3,true,silhouette|비대칭|lower_fit|플레어핏,2.578,1,train,true
fashionpedia,train2020,29372,1ef4e50527dcfd029e1ce4e3591c4b8d.jpg,3,3,true,neckline|홀터넥|silhouette|X라인|lower_fit|플레어핏,7.278,1,train,true
fashionpedia,train2020,29384,edf5de76bd4db7ec201caf452ffd1519.jpg,3,3,true,pattern|애니멀|collar|셔츠 칼라|collar|라펠 칼라,7.373,3,train,true
fashionpedia,train2020,29389,eb3e8a68f8dac86b38eb2e99243b9f4a.jpg,3,3,true,category|쇼츠|category|니트,2.518,2,train,true
fashionpedia,train2020,29398,0dd83b363097b244a9059117350a20f8.jpg,3,3,true,detail|프릴·러플|silhouette|X라인|lower_fit|플레어핏,4.019,1,train,true
fashionpedia,train2020,29413,04f28ac0627b2d67e16870b24c1e7774.jpg,3,3,true,silhouette|X라인|neckline|라운드넥|lower_length|미디·7부 기장|lower_length|무릎 기장|pattern|플로럴|lower_fit|플레어핏,7.891,1,train,true
fashionpedia,train2020,29414,b5621b1edea618b7f85fa35cf07516f9.jpg,3,3,true,pattern|애니멀|silhouette|X라인|lower_fit|플레어핏,7.425,2,train,true
fashionpedia,train2020,29425,400bf6f21d03fcac65a25075bb040c10.jpg,3,3,true,detail|리본|pattern|그래픽,2.891,1,train,true
fashionpedia,train2020,29428,3bc68c4acf3436f3c89c4bf2668e7d40.jpg,3,3,true,detail|리본|detail|플리츠,2.979,2,train,true
fashionpedia,train2020,29433,93d70793cdb9d6b9b9931a1331be87c0.jpg,3,3,true,lower_fit|슬림핏|category|셔츠|collar|라펠 칼라|upper_fit|여유핏|category|재킷|category|베스트|neckline|V넥|collar|셔츠 칼라,14.919,4,train,true
fashionpedia,train2020,29438,eed3f12729a51994a6f06f00a7e893f0.jpg,3,3,true,detail|프릴·러플|silhouette|X라인|lower_fit|플레어핏,4.019,1,train,true
fashionpedia,train2020,29442,e44e2fbfa809a96087580201ab499435.jpg,3,3,true,sleeve_length|7부 소매|lower_length|무릎 기장|category|가디건|collar|라펠 칼라,9.293,4,train,true
fashionpedia,train2020,29443,c480b1ad172972996eb1f4e49b99448e.jpg,3,3,true,neckline|터틀넥,5.058,1,train,true
fashionpedia,train2020,29453,a750d8d4d7dbe34edf1999bc0af97ae2.jpg,3,3,true,neckline|보트넥|pattern|그래픽,2.778,2,train,true
fashionpedia,train2020,29457,1e1cd6c1887a4ed634c1dabecf35661c.jpg,3,3,true,lower_fit|슬림핏|silhouette|H라인|lower_fit|스트레이트핏|collar|폴로 칼라,16.229,2,train,true
fashionpedia,train2020,29459,621fd9df12a2ebc5ef13908811e0b20a.jpg,3,3,true,collar|셔츠 칼라|detail|후드,6.602,1,train,true
fashionpedia,train2020,29463,c0fee9a43b61dac418e4ed78345aacc0.jpg,3,3,true,sleeve_shape|벨 소매|silhouette|X라인|lower_fit|플레어핏,7.958,1,train,true
fashionpedia,train2020,29479,1f0c3c6f76cb184cf97fac9c3aaa0d89.jpg,3,3,true,category|셔츠|upper_fit|오버핏|silhouette|H라인|lower_fit|스트레이트핏|upper_fit|여유핏|category|재킷|collar|셔츠 칼라|collar|라펠 칼라,15.878,3,train,true
fashionpedia,train2020,29484,565722cd497cbf3f6706713f86863fea.jpg,3,3,true,category|점프수트,4.536,2,train,true
fashionpedia,train2020,29512,23c696285c15baab07559099a6370c6c.jpg,3,3,true,neckline|홀터넥,4.653,1,train,true
fashionpedia,train2020,29515,8f7009c4c3e8a311db0562416708c7fd.jpg,3,3,true,material|퍼·플리스|detail|리본,5.823,2,train,true
fashionpedia,train2020,29536,740646be2d4c8a4158752106b1158d3b.jpg,3,3,true,material|퍼·플리스,4.339,1,train,true
fashionpedia,train2020,29538,6059fe75e768db46fea1b396b250a869.jpg,3,3,true,sleeve_shape|벌룬 소매,5.614,2,train,true
fashionpedia,train2020,29551,311d7706cda2798eec4d133c77464722.jpg,3,3,true,neckline|홀터넥,4.653,1,train,true
fashionpedia,train2020,29553,7f11dc9443ed9b18c56dd5214cbe8ac3.jpg,3,3,true,pattern|스트라이프|category|가디건,2.655,1,train,true
fashionpedia,train2020,29561,f5d3936aec9f23041c2d9da699218879.jpg,3,3,true,pattern|체크|pattern|스트라이프,2.656,3,train,true
fashionpedia,train2020,29563,6b798a63f45641f2644ba7aa47a6b52c.jpg,3,3,true,collar|폴로 칼라,12.364,1,train,true
fashionpedia,train2020,29567,f5a0911271d9a6ed11455f9f6ff7eb66.jpg,3,3,true,neckline|V넥|pattern|그래픽,2.632,3,train,true
fashionpedia,train2020,29571,c755e1b89b8bf1654e73ee447c6998c3.jpg,3,3,true,detail|프릴·러플|silhouette|X라인|lower_fit|플레어핏,4.019,1,train,true
fashionpedia,train2020,29572,c5479b058135edb1c03b94210b486be1.jpg,3,3,true,silhouette|X라인|silhouette|A라인|pattern|플로럴|lower_fit|플레어핏,5.311,1,train,true
fashionpedia,train2020,29574,fa412fb78ec94ab051ac0880e255a897.jpg,3,3,true,lower_length|무릎 기장|category|가디건|detail|플리츠|lower_fit|플레어핏,13.153,3,train,true
fashionpedia,train2020,29580,6e5837d89938cdf2cf8ce81ea951e2ed.jpg,3,3,true,collar|스탠드 칼라|pattern|플로럴,6.63,1,train,true
fashionpedia,train2020,29589,e01bb00659830b574bb3c7eaccf1b7ae.jpg,3,3,true,sleeve_length|7부 소매|lower_length|미디·7부 기장|lower_length|무릎 기장|category|재킷|collar|칼라 없음,11.101,2,train,true
fashionpedia,train2020,29590,b327fb27d9532bad2b0b055b5191d128.jpg,3,3,true,detail|스팽글|silhouette|X라인|lower_fit|플레어핏,12.126,1,train,true
fashionpedia,train2020,29604,6c04dc0dec2c4edd96ec7f9d6ff5c850.jpg,3,3,true,detail|프릴·러플|silhouette|X라인|lower_fit|플레어핏,4.019,1,train,true
fashionpedia,train2020,29606,fb6ff72d72c8b362342bcc54d1a6408d.jpg,3,3,true,category|쇼츠|detail|프릴·러플,2.555,2,train,true
fashionpedia,train2020,29615,d3257a965a786bb966b60503b960fd14.jpg,3,3,true,collar|폴로 칼라,12.364,1,train,true
fashionpedia,train2020,29616,2f591d68639defb8683eddb9bba900df.jpg,3,3,true,collar|스탠드 칼라,5.388,3,train,true
fashionpedia,train2020,29617,17ee3bf902ee0bce0f50e24a66c1f1fb.jpg,3,3,true,silhouette|비대칭|lower_fit|플레어핏,2.578,1,train,true
fashionpedia,train2020,29622,10f2ae4cc5146734a649521be94ecd7e.jpg,3,3,true,pattern|스트라이프|pattern|그래픽,2.769,1,train,true
fashionpedia,train2020,29624,82755a14f215c5aab39704d106104f69.jpg,3,3,true,category|점프수트,4.536,1,train,true
fashionpedia,train2020,29627,0f84261884f6c348ce48650346c6cd78.jpg,3,3,true,collar|셔츠 칼라|collar|칼라 없음,6.974,4,train,true
fashionpedia,train2020,29628,c69a11e4ae1a5b9570c3a942b4257411.jpg,3,3,true,category|베스트,5.835,3,train,true
fashionpedia,train2020,29632,67b9ee3166da3436c347fe55ae01189e.jpg,3,3,true,detail|리본|silhouette|비대칭,2.803,1,train,true
fashionpedia,train2020,29634,c6d57ce520480e22ed914e595fd9874a.jpg,3,3,true,neckline|보트넥|lower_fit|플레어핏,2.63,1,train,true
fashionpedia,train2020,29640,17abff5d09af2c5e04c44290b2b9ae8b.jpg,3,3,true,sleeve_shape|퍼프 소매|collar|셔츠 칼라,7.54,1,train,true
fashionpedia,train2020,29665,57c3cb85d7e52060aa8b0fe280b6273c.jpg,3,3,true,category|쇼츠|pattern|그래픽,2.567,2,train,true
fashionpedia,train2020,29669,543ea02bf8b8b18a57e4ebf7073735eb.jpg,3,3,true,category|쇼츠|pattern|그래픽,2.567,2,train,true
fashionpedia,train2020,29702,8ef5e319333a8e527249cea11cf8027f.jpg,3,3,true,pattern|스트라이프|detail|플리츠,2.857,2,train,true
fashionpedia,train2020,29712,cdcd0223041a9b2efee48687e3fde8df.jpg,3,3,true,sleeve_shape|래글런 소매|silhouette|X라인|lower_fit|플레어핏,13.161,1,train,true
fashionpedia,train2020,29713,a8cba11bef50adf09780f7bcfb5a42ab.jpg,3,3,true,sleeve_shape|래글런 소매|detail|리본|lower_length|무릎 기장,9.697,1,train,true
fashionpedia,train2020,29730,fbfc26415a916f7b16d8ebaee4d6d8ee.jpg,3,3,true,neckline|V넥|category|니트,2.582,2,train,true
fashionpedia,train2020,29734,62a8ecea99461c3a4eb055823e77e131.jpg,3,3,true,material|퍼·플리스|pattern|플로럴,5.581,2,train,true
fashionpedia,train2020,29755,4f300d14ee1c2bd86482e036a234a394.jpg,3,3,true,category|셔츠|collar|라펠 칼라|category|재킷|category|베스트|collar|셔츠 칼라,10.986,4,train,true
fashionpedia,train2020,29756,96461936dfc563f988809603aa6d7435.jpg,3,3,true,pattern|애니멀,4.8,2,train,true
fashionpedia,train2020,29758,e6a91a97cb24fcbeb8555297d3827286.jpg,3,3,true,detail|스팽글,5.725,1,train,true
fashionpedia,train2020,29759,35e86cf197be4407e1826789b03862f2.jpg,3,3,true,detail|스팽글,5.725,1,train,true
fashionpedia,train2020,29760,8666c3dfd5ed7447d372d526b6af58af.jpg,3,3,true,lower_length|미디·7부 기장|pattern|애니멀,6.074,2,train,true
fashionpedia,train2020,29763,3ef459b4ce558ce3f8b5f6a7d1ed07ae.jpg,3,3,true,detail|플리츠|silhouette|X라인|lower_fit|플레어핏,4.12,1,train,true
fashionpedia,train2020,29765,43e76a51a5a9c1a9db9fe0f6bfbbd1c6.jpg,3,3,true,category|점프수트|neckline|V넥,5.761,1,train,true
fashionpedia,train2020,29770,e5db97356abe4eb51e76eca672f781ce.jpg,3,3,true,neckline|V넥|category|니트,2.582,3,train,true
fashionpedia,train2020,29776,8ed9d6abefee464ae57bb996652d31d6.jpg,3,3,true,detail|리본|silhouette|X라인|lower_fit|플레어핏,4.109,1,train,true
fashionpedia,train2020,29777,4f88f4ba608143dd91766104ad0d702a.jpg,3,3,true,neckline|V넥|category|니트,2.582,2,train,true
fashionpedia,train2020,29779,953109cc9796efa3d7ad834ffb663cd6.jpg,3,3,true,sleeve_shape|래글런 소매|lower_fit|스트레이트핏|lower_length|무릎 기장,9.704,1,train,true
fashionpedia,train2020,29782,578a298f2f4ea921b88422203e191ff8.jpg,3,3,true,neckline|홀터넥|silhouette|X라인|lower_fit|플레어핏,7.278,1,train,true
fashionpedia,train2020,29793,47fbabd63daa73057fee40c57314c7cc.jpg,3,3,true,neckline|홀터넥|silhouette|X라인|lower_fit|플레어핏,20.36,1,train,true
fashionpedia,train2020,29813,5d4626e150c4d7354d984cb28a958800.jpg,3,3,true,category|베스트,5.835,4,train,true
fashionpedia,train2020,29848,ebf135d4e5e37d0f422c5868fbcf76f9.jpg,3,3,true,pattern|플로럴|lower_fit|플레어핏|detail|플리츠,3.996,1,train,true
fashionpedia,train2020,29849,a2b3187865ca157ebbd9fd058b0dd7e9.jpg,3,3,true,detail|플리츠|silhouette|X라인|lower_fit|플레어핏,4.12,1,train,true
fashionpedia,train2020,29863,d10500258266d3f5deb49c4aa07825d8.jpg,3,3,true,neckline|홀터넥,4.653,1,train,true
fashionpedia,train2020,29867,504802360a3fc6e000ff850cb9739abe.jpg,3,3,true,pattern|플로럴|collar|칼라 없음,6.883,1,train,true
fashionpedia,train2020,29872,f6d23b51cfbaf32e28b06f52d082f79d.jpg,3,3,true,neckline|터틀넥|silhouette|X라인|lower_fit|플레어핏,7.682,1,train,true
fashionpedia,train2020,29880,7f0c2f2fc987f3cf46eece2c6ca0cf0e.jpg,3,3,true,neckline|홀터넥,4.653,1,train,true
fashionpedia,train2020,29887,ab4487aa2fc8cd581c7c2734afffb0a2.jpg,3,3,true,sleeve_length|7부 소매|category|베스트,7.265,3,train,true
fashionpedia,train2020,29889,50e1620154f4f2a516e88e8a27217548.jpg,3,3,true,collar|스탠드 칼라|lower_length|미디·7부 기장|lower_length|무릎 기장,8.114,1,train,true
fashionpedia,train2020,29912,cc2bffcde5f8b88d189e52e3fab16881.jpg,3,3,true,collar|스탠드 칼라,5.388,3,train,true
fashionpedia,train2020,29914,71faacdfed0c07e07cba9c3ffe99ddc0.jpg,3,3,true,detail|플리츠|silhouette|X라인|lower_fit|플레어핏,4.12,1,train,true
fashionpedia,train2020,29915,c6a8326c57fc60bcee6817393687d0e1.jpg,3,3,true,material|가죽|category|재킷|collar|라펠 칼라,17.115,1,train,true
fashionpedia,train2020,29919,a2a4734798b512235553d10a433ce567.jpg,3,3,true,sleeve_shape|퍼프 소매|silhouette|X라인|lower_fit|플레어핏,12.608,1,train,true
fashionpedia,train2020,29948,a2b5c2d4a3155a21a0c6d68359d9bff0.jpg,3,3,true,category|코트|sleeve_length|7부 소매|detail|후드|lower_length|미디·7부 기장|lower_fit|스트레이트핏,10.773,2,train,true
fashionpedia,train2020,29950,3860ef115e7811822067b5ce463ea2df.jpg,3,3,true,sleeve_shape|래글런 소매|neckline|V넥,2.915,1,train,true
fashionpedia,train2020,29955,d10066e5df3baafd9fb67f1df6a15354.jpg,3,3,true,neckline|V넥|pattern|그래픽,2.632,2,train,true
fashionpedia,train2020,29962,89cc22bb98637aa5d023dcf1bb8d6f77.jpg,3,3,true,neckline|홀터넥|silhouette|A라인,6.098,1,train,true
fashionpedia,train2020,29963,047f2691844ccab32a9a6cf45b97e3be.jpg,3,3,true,category|점프수트,4.536,1,train,true
fashionpedia,train2020,29968,9e6864bd4870e321337fda38622947a4.jpg,3,3,true,detail|플리츠|lower_fit|플레어핏|pattern|도트,11.842,2,train,true
fashionpedia,train2020,29976,854987d47176c6dac6ab57238e7b97df.jpg,3,3,true,category|베스트,5.835,4,train,true
fashionpedia,train2020,29988,053f2a1188adec40b02a2383bda6d0e9.jpg,3,3,true,neckline|터틀넥,5.058,1,train,true
fashionpedia,train2020,30007,49b4fa173621cec0adf099b6a8cacb57.jpg,3,3,true,neckline|터틀넥,5.058,3,train,true
fashionpedia,train2020,30021,3ab0167e8847523093f2d37882708a82.jpg,3,3,true,pattern|스트라이프|pattern|그래픽,2.769,1,train,true
fashionpedia,train2020,30023,e83ddcd3079ab0bc8267b0bce007e870.jpg,3,3,true,neckline|스퀘어넥|lower_length|무릎 기장|silhouette|X라인|lower_fit|플레어핏,13.825,1,train,true
fashionpedia,train2020,30051,1e6b2e7e4b9a3eb0264e1437940b78bd.jpg,3,3,true,neckline|보트넥|lower_fit|플레어핏,2.63,2,train,true
fashionpedia,train2020,30057,1c297b39c59fc270fb26e424a0b2d51e.jpg,3,3,true,neckline|라운드넥|detail|후드|pattern|그래픽,7.973,3,train,true
fashionpedia,train2020,30059,59d1db2c2254b6336b23bc657f1eba0a.jpg,3,3,true,neckline|홀터넥|silhouette|A라인,6.098,2,train,true
fashionpedia,train2020,30063,58d1bc53d4efb3e62191cdd74567c199.jpg,3,3,true,neckline|라운드넥|sleeve_length|7부 소매|detail|스팽글|lower_fit|플레어핏,13.487,1,train,true
fashionpedia,train2020,30066,794fe6d91c2d0e551051887cc60ed3bc.jpg,3,3,true,silhouette|비대칭|neckline|V넥,2.544,3,train,true
fashionpedia,train2020,30067,b3d28cf75ccea208f91d746183c85f53.jpg,3,3,true,neckline|오프숄더|lower_length|미디·7부 기장,5.901,1,train,true
fashionpedia,train2020,30078,2a014ad314b1dd7d21f596c030c52314.jpg,3,3,true,pattern|그래픽|silhouette|A라인|pattern|플로럴,4.093,1,train,true
fashionpedia,train2020,30101,9a4420c1101eac767e8dafe4ee4ff22e.jpg,3,3,true,neckline|V넥|pattern|도트,2.553,1,train,true
fashionpedia,train2020,30115,5ac2e8b6c46d74692bd6f4908af57822.jpg,3,3,true,category|베스트|neckline|V넥,7.06,4,train,true
fashionpedia,train2020,30126,2087b25abc39e7c3c4ae0564fcd15101.jpg,3,3,true,pattern|스트라이프|sleeve_length|7부 소매|upper_fit|오버핏,9.192,1,train,true
fashionpedia,train2020,30131,e6517a0d837ab782ef3d7b6fa13e6e80.jpg,3,3,true,lower_length|무릎 기장|silhouette|A라인|neckline|터틀넥|pattern|플로럴,9.196,2,train,true
fashionpedia,train2020,30137,836e172a1b6e8d01ff6bf4dab9d0221e.jpg,3,3,true,pattern|체크|category|쇼츠,2.455,2,train,true
fashionpedia,train2020,30140,3b5af571b1f31529edbe457013673047.jpg,3,3,true,detail|후드|pattern|그래픽,2.724,1,train,true
fashionpedia,train2020,30160,f78b75f262266d1ba005cf8465492f9b.jpg,3,3,true,category|코트|detail|리본|collar|라펠 칼라|category|가디건,9.204,3,train,true
fashionpedia,train2020,30163,06bef0951041f25e0f99f00c968268a1.jpg,3,3,true,category|코트|material|퍼·플리스,5.648,1,train,true
fashionpedia,train2020,30190,b5da026e71d64cb130b86aea12e66fcb.jpg,3,3,true,detail|리본|pattern|그래픽,2.891,2,train,true
fashionpedia,train2020,30196,988f1017456c97f64b65059d74d296e7.jpg,3,3,true,neckline|스퀘어넥|lower_length|미디·7부 기장|detail|리본|category|재킷,10.034,3,train,true
fashionpedia,train2020,30199,7aa95835fac8cd5c904f5daa11a51710.jpg,3,3,true,neckline|스퀘어넥,5.972,1,train,true
fashionpedia,train2020,30200,1bfc05a26d4363e8efaf38337eac0f81.jpg,3,3,true,detail|리본|pattern|그래픽,2.891,3,train,true
fashionpedia,train2020,30227,aaec1364ad324c2d0034332248bbb5e3.jpg,3,3,true,detail|스팽글,5.725,2,train,true
fashionpedia,train2020,30228,1527c4e8c7b0060f4b2acc3ff4ee2745.jpg,3,3,true,pattern|스트라이프|detail|플리츠,2.857,2,train,true
fashionpedia,train2020,30247,767f973ac4c3559ab2c01c139210e5c2.jpg,3,3,true,neckline|스퀘어넥|pattern|플로럴,7.214,1,train,true
fashionpedia,train2020,30254,1804c076bc7b28ea677712a38be4ccab.jpg,3,3,true,detail|스팽글,5.725,1,train,true
fashionpedia,train2020,30255,62f7105882625f0ea9c43639cc450af2.jpg,3,3,true,neckline|스퀘어넥,5.972,1,train,true
fashionpedia,train2020,30257,400fb14043dc699596a5751bd08add7a.jpg,3,3,true,category|점프수트,4.536,1,train,true
fashionpedia,train2020,30260,b788e2f428dbdb40597ffccf716b63d2.jpg,3,3,true,pattern|스트라이프|neckline|보트넥,2.733,2,train,true
fashionpedia,train2020,30266,39288fa7d0b462cc1dbb06a9e8f8dd1f.jpg,3,3,true,detail|프릴·러플|silhouette|X라인|lower_fit|플레어핏,4.019,1,train,true
fashionpedia,train2020,30272,b8b798268f4d5f1fe2ada546b6e1d5e8.jpg,3,3,true,collar|라펠 칼라|category|베스트,7.075,4,train,true
fashionpedia,train2020,30273,7a18bebdfc29660a2dfe8910b9fae3b2.jpg,3,3,true,sleeve_shape|벌룬 소매|lower_fit|플레어핏,6.873,2,train,true
fashionpedia,train2020,30277,e945591fd32578fd16d02f315d01fabd.jpg,3,3,true,neckline|스퀘어넥|lower_length|미디·7부 기장|lower_length|무릎 기장|silhouette|X라인|lower_fit|플레어핏,15.099,1,train,true
fashionpedia,train2020,30291,011ef8a0f05c59889e256dc833951974.jpg,3,3,true,neckline|스퀘어넥|pattern|스트라이프,7.334,1,train,true
fashionpedia,train2020,30300,ec38fc5fd2bf331feeedde0bb8eb3221.jpg,3,3,true,lower_length|무릎 기장|category|가디건|silhouette|X라인|lower_fit|플레어핏,13.024,2,train,true
fashionpedia,train2020,30305,bb42520d4d416d699fc3722f3de41ad6.jpg,3,3,true,pattern|애니멀,4.8,1,train,true
fashionpedia,train2020,30307,b842c1d58b4ac6ec1581dc38ced72433.jpg,3,3,true,category|베스트,5.835,1,train,true
fashionpedia,train2020,30309,8cc88c0e07bc77262d341d2e14f20715.jpg,3,3,true,detail|프릴·러플|detail|리본,2.879,1,train,true
fashionpedia,train2020,30311,b6b860da1bf1252902f2ce50f2a971f0.jpg,3,3,true,pattern|체크|neckline|보트넥,2.665,1,train,true
fashionpedia,train2020,30318,52c8ffb6f69756c523c602749024b193.jpg,3,3,true,neckline|V넥|sleeve_shape|벨 소매,6.558,1,train,true
fashionpedia,train2020,30319,e8b4fab35543eda62ddfcf9a5c9a1271.jpg,3,3,true,category|점프수트|lower_length|미디·7부 기장,5.81,1,train,true
fashionpedia,train2020,30320,5f6496139e72ba6a6c4c4f1f25dc08f8.jpg,3,3,true,category|점프수트|lower_length|미디·7부 기장,5.81,2,train,true
fashionpedia,train2020,30335,6f30bc9fb708f6b4e0f4f9ce225f76c8.jpg,3,3,true,detail|프릴·러플|lower_fit|플레어핏,2.653,2,train,true
fashionpedia,train2020,30339,e877b32fdf0a875e0028abff6141bd43.jpg,3,3,true,detail|프릴·러플|silhouette|X라인|lower_fit|플레어핏,4.019,1,train,true
fashionpedia,train2020,30342,792a2c8625983dd062db2481f1c43c30.jpg,3,3,true,neckline|V넥|category|니트,2.582,1,train,true
fashionpedia,train2020,30349,0270dcf084f019917d31d07b9e480fa6.jpg,3,3,true,neckline|터틀넥,5.058,2,train,true
fashionpedia,train2020,30358,438b05c5f9f8e28ca25b752229981af5.jpg,3,3,true,sleeve_length|7부 소매|category|가디건|collar|셔츠 칼라,7.934,3,train,true
fashionpedia,train2020,30367,cacd687b3c70d67a7b144ca135c3c29a.jpg,3,3,true,detail|프릴·러플|lower_fit|플레어핏,2.653,1,train,true
fashionpedia,train2020,30375,24d37b417bf4561e9f55de5e86d446af.jpg,3,3,true,neckline|보트넥|detail|리본|silhouette|A라인,4.3,1,train,true
fashionpedia,train2020,30377,579590f6cc6d284c467af849482be1d5.jpg,3,3,true,collar|스탠드 칼라,5.388,3,train,true
fashionpedia,train2020,30381,dd579526dc22290fefd5bb6a965e2de8.jpg,3,3,true,neckline|보트넥|silhouette|A라인|pattern|플로럴,4.058,1,train,true
fashionpedia,train2020,30390,fe8039cc1a405e8cbbe6cc9e6a25b54a.jpg,3,3,true,category|쇼츠|pattern|그래픽,2.567,2,train,true
fashionpedia,train2020,30409,bf871fb94101fbc25f39ac873b8be638.jpg,4,3,true,detail|리본|pattern|그래픽,2.891,1,train,true
fashionpedia,train2020,30419,ba0d44e8384df779c159d4bcd0540eff.jpg,4,3,true,sleeve_length|7부 소매|lower_length|미디·7부 기장|neckline|터틀넥|pattern|플로럴,9.004,1,train,true
fashionpedia,train2020,30423,498c123bfc2ebf97fd807574fc622c99.jpg,4,3,true,neckline|홀터넥,4.653,1,train,true
fashionpedia,train2020,30430,dc33d09da58c5c32ca7608ad9cd0ea73.jpg,4,3,true,neckline|홀터넥|lower_length|미디·7부 기장,5.927,1,train,true
fashionpedia,train2020,30434,7e64439c00fddb3bbaaa9ed7f84c5f02.jpg,4,3,true,pattern|스트라이프|detail|플리츠,2.857,1,train,true
fashionpedia,train2020,30437,b9d0f41f49ad2f0883d04606796b22c3.jpg,4,3,true,neckline|스퀘어넥,5.972,1,train,true
fashionpedia,train2020,30442,6ec1b3aa28f65daccc30a142d7ab1332.jpg,4,3,true,neckline|V넥|category|니트,2.582,3,train,true
fashionpedia,train2020,30444,0e0fec4b4c897068cc3afef3b2da0860.jpg,4,3,true,lower_fit|슬림핏|detail|리본|lower_fit|스트레이트핏|lower_length|무릎 기장|silhouette|H라인|category|재킷|collar|칼라 없음,13.747,3,train,true
fashionpedia,train2020,30459,67c8fb2f474e91112ce019a2ced0eef9.jpg,4,3,true,detail|프릴·러플|collar|칼라 없음,7.036,2,train,true
fashionpedia,train2020,30470,f0b773be242aee171c66e49b6c3dfb63.jpg,4,3,true,category|점프수트|pattern|스트라이프,5.898,1,train,true
fashionpedia,train2020,30471,d14632964be65ad22bbda9dbbeae95a6.jpg,4,3,true,pattern|플로럴|lower_fit|와이드핏,6.189,1,train,true
fashionpedia,train2020,30475,6f11d8f24faeb0d22f523a890b4759cd.jpg,4,3,true,neckline|V넥|sleeve_shape|캡 소매|pattern|플로럴,3.738,1,train,true
fashionpedia,train2020,30483,491839313ad86adc0fed4ab7f25d4577.jpg,4,3,true,category|점프수트|neckline|V넥,5.761,2,train,true
fashionpedia,train2020,30484,d671f19faf2e6a6eb3d8752023eb139d.jpg,4,3,true,neckline|라운드넥|lower_length|무릎 기장|category|가디건|pattern|플로럴,9.163,2,train,true
fashionpedia,train2020,30488,ea7f7100c104ce265c405f10c2e5161d.jpg,4,3,true,neckline|스퀘어넥,5.972,1,train,true
fashionpedia,train2020,30499,0d32ac56ff662971e3bb1d3e0573c639.jpg,4,3,true,detail|프릴·러플|neckline|V넥,2.62,1,train,true
fashionpedia,train2020,30513,3e260bd5baaaa58327e441286d60a8f9.jpg,4,3,true,pattern|스트라이프|neckline|보트넥,2.733,2,train,true
fashionpedia,train2020,30522,225c4feede249179572f93f96b46156f.jpg,4,3,true,neckline|라운드넥|category|가디건|detail|플리츠,7.963,2,train,true
fashionpedia,train2020,30539,3000855738c4be105ebb3ec72a71c62c.jpg,4,3,true,pattern|도트|neckline|V넥,2.553,1,train,true
fashionpedia,train2020,30553,fb1ac299190a0915b0ba28ce82c64970.jpg,4,3,true,neckline|홀터넥,4.653,1,train,true
fashionpedia,train2020,30555,3a0d1981c6df95efc8d06203d598f512.jpg,4,3,true,detail|스팽글,5.725,1,train,true
fashionpedia,train2020,30565,39806246bbeed4253a7f8c56c6d61489.jpg,4,3,true,neckline|홀터넥,4.653,1,train,true
fashionpedia,train2020,30567,f6c7006c486a8e4f8adaa6147f4a9b55.jpg,4,3,true,category|베스트|collar|셔츠 칼라,7.168,2,train,true
fashionpedia,train2020,30575,fc3faded24030fe6bd7ce77a34ff754e.jpg,4,3,true,category|베스트|neckline|V넥,7.06,1,train,true
fashionpedia,train2020,30577,a05f5bcb10a9624b6677f7aca3778b0c.jpg,4,3,true,category|점프수트,4.536,1,train,true
fashionpedia,train2020,30605,493c4413c7e058dde9d3c0db89224c61.jpg,4,3,true,neckline|V넥|category|니트,2.582,3,train,true
fashionpedia,train2020,30610,615cb2ee1dd548810dba4b8d3743408d.jpg,4,3,true,pattern|체크|category|셔츠|collar|셔츠 칼라|upper_fit|여유핏|category|재킷|detail|플리츠|lower_fit|플레어핏,13.32,3,train,true
fashionpedia,train2020,30623,48d9e03381cf052aa0ce1759b43817ba.jpg,4,3,true,neckline|홀터넥|lower_length|미디·7부 기장,5.927,2,train,true
fashionpedia,train2020,30632,180676360e95477bc601a41909dbe45e.jpg,4,3,true,category|쇼츠|category|셔츠|sleeve_shape|래글런 소매|lower_length|무릎 기장|upper_fit|여유핏|category|재킷|collar|셔츠 칼라,14.87,3,train,true
fashionpedia,train2020,30633,22e1aea814ecd67e7a82e08dc245093a.jpg,4,3,true,collar|칼라 없음,5.641,1,train,true
fashionpedia,train2020,30639,4630d78404b4a19ee030daeb14729710.jpg,4,3,true,detail|스팽글,5.725,1,train,true
fashionpedia,train2020,30640,90c55e3bb8d893cea6c0c64a0c281aa6.jpg,4,3,true,neckline|라운드넥|sleeve_length|7부 소매|lower_length|미디·7부 기장|lower_length|무릎 기장|category|가디건,10.625,3,train,true
fashionpedia,train2020,30646,6518dd5a86b2a2c47b662ba5a99e038a.jpg,4,3,true,pattern|애니멀,4.8,1,train,true
fashionpedia,train2020,30653,0d79d37901a328020e20b03f0c8ba539.jpg,4,3,true,neckline|홀터넥|detail|플리츠,6.148,1,train,true
fashionpedia,train2020,30662,dc7d4479f70ddec71168cd34d4a0388a.jpg,4,3,true,pattern|애니멀,4.8,1,train,true
fashionpedia,train2020,30665,707bf0e46b8c511d47ec2ab6e693935e.jpg,4,3,true,detail|프릴·러플|silhouette|X라인|lower_fit|플레어핏,4.019,1,train,true
fashionpedia,train2020,30671,17e907001fbb30ced3acd39b52741feb.jpg,4,3,true,category|코트|sleeve_length|7부 소매|lower_length|미디·7부 기장|lower_length|무릎 기장|neckline|터틀넥|collar|라펠 칼라,11.763,3,train,true
fashionpedia,train2020,30675,3841be078f02fecfab81b0156c187982.jpg,4,3,true,lower_fit|슬림핏|collar|폴로 칼라,13.487,1,train,true
fashionpedia,train2020,30679,5e387af2d415f90d05d0eb528f993e6a.jpg,4,3,true,upper_fit|오버핏|pattern|플로럴,7.642,2,train,true
fashionpedia,train2020,30696,75f83e3eec8ab3bcc9e24259d66dbbfb.jpg,4,3,true,neckline|스퀘어넥,5.972,1,train,true
fashionpedia,train2020,30704,8f10656d9b2f7f64bedec73a86a9d069.jpg,4,3,true,neckline|홀터넥,4.653,1,train,true
fashionpedia,train2020,30710,69ecc87f6c59b6c966a10224c7f289da.jpg,4,3,true,lower_fit|슬림핏|collar|폴로 칼라,13.487,2,train,true
fashionpedia,train2020,30711,193d77c251d24889d208264af48f2dac.jpg,4,3,true,pattern|애니멀,4.8,2,train,true
fashionpedia,train2020,30718,d8c24fa9ef85fcf94a080472feda7895.jpg,4,3,true,lower_length|미디·7부 기장|detail|스팽글,6.999,1,train,true
fashionpedia,train2020,30731,d55083eeb335135a5b3d1a9a1a935d41.jpg,4,3,true,neckline|홀터넥|pattern|플로럴,5.895,1,train,true
fashionpedia,train2020,30743,167785a1d4f07a741ed39474145604e2.jpg,4,3,true,neckline|스퀘어넥,5.972,1,train,true
fashionpedia,train2020,30753,77c7dd55c4ba1de2198401112174c1e3.jpg,4,3,true,category|셔츠|collar|라펠 칼라|category|재킷|category|베스트|collar|셔츠 칼라,10.986,4,train,true
fashionpedia,train2020,30763,4f4a2e123fcf6b8cf910e36b02b86f2c.jpg,4,3,true,detail|프릴·러플|lower_fit|플레어핏,2.653,2,train,true
fashionpedia,train2020,30764,ed4e8f3c58dc7a28b26078054eed36aa.jpg,4,3,true,neckline|스퀘어넥,5.972,1,train,true
fashionpedia,train2020,30769,51827bac5ab662a1660c003e67e6a9bc.jpg,4,3,true,sleeve_shape|캡 소매|pattern|그래픽,2.678,1,train,true
fashionpedia,train2020,30794,3c0af2bb489ee192133dce4b04eebb18.jpg,4,3,true,neckline|라운드넥|pattern|그래픽|collar|스탠드 칼라,8.092,3,train,true
fashionpedia,train2020,30796,8a9896adaefc8903f0642db9a619834b.jpg,4,3,true,pattern|스트라이프|neckline|보트넥,2.733,1,train,true
fashionpedia,train2020,30798,cc622bfdff9947a8598fc9dc4442914f.jpg,4,3,true,detail|리본|detail|플리츠,2.979,2,train,true
fashionpedia,train2020,30801,7cb6fc89b36b7bab8bed093b7eeb456f.jpg,4,3,true,pattern|스트라이프|detail|프릴·러플,2.757,2,train,true
fashionpedia,train2020,30804,d55d9c7dc515578478f92d8ad841c086.jpg,4,3,true,material|퍼·플리스,4.339,2,train,true
fashionpedia,train2020,30806,23293ed461b00ed1e595d50dc3cc3aae.jpg,4,3,true,neckline|라운드넥|sleeve_length|7부 소매|lower_length|미디·7부 기장|lower_length|무릎 기장|category|가디건,10.625,3,train,true
fashionpedia,train2020,30810,dc3c6225c98f1d059232013d1bed54d0.jpg,4,3,true,pattern|스트라이프|collar|라펠 칼라|category|가디건,7.772,1,train,true
fashionpedia,train2020,30835,0f3ce1f34f63cf49dbd50999f9532fc6.jpg,4,3,true,pattern|그래픽|category|니트,2.764,1,train,true
fashionpedia,train2020,30843,b40659ad4e3da194853f26fd7398a8ab.jpg,4,3,true,category|점프수트,4.536,1,train,true
fashionpedia,train2020,30844,a816c928974e1b3d0dace1c566be240a.jpg,4,3,true,detail|리본|pattern|그래픽,2.891,1,train,true
fashionpedia,train2020,30845,b1a9af9d03a6f276dc79439fde0c0782.jpg,4,3,true,detail|스팽글,5.725,1,train,true
fashionpedia,train2020,30851,243dcadcc67a5680b65d76273483fb09.jpg,4,3,true,pattern|애니멀|silhouette|X라인|lower_fit|플레어핏,11.201,1,train,true
fashionpedia,train2020,30853,f6bd4a2f3b8ad54410d03e7ddbe22841.jpg,4,3,true,pattern|체크|category|베스트|collar|셔츠 칼라,8.463,3,train,true
fashionpedia,train2020,30860,2893602efc03a0b97d846542cfb0cf1f.jpg,4,3,true,category|코트|material|퍼·플리스,5.648,1,train,true
fashionpedia,train2020,30868,381c69980de4811fcd37e2c0e47c5692.jpg,4,3,true,detail|리본|silhouette|A라인|pattern|플로럴,4.171,1,train,true
fashionpedia,train2020,30882,ecbf3cb77387d59359be741260e89ad3.jpg,4,3,true,sleeve_length|7부 소매|collar|칼라 없음,7.071,2,train,true
fashionpedia,train2020,30883,2253f577a39e910ac6e51283466f92e8.jpg,4,3,true,category|셔츠|detail|리본|upper_fit|여유핏|category|베스트|collar|셔츠 칼라,11.512,3,train,true
fashionpedia,train2020,30884,df0986349dddc064865047c813ca77f3.jpg,4,3,true,upper_fit|오버핏|collar|셔츠 칼라,7.733,1,train,true
fashionpedia,train2020,30891,7b1be27dfcb64dd90a8189555fecc929.jpg,4,3,true,category|가디건|neckline|V넥,2.518,1,train,true
fashionpedia,train2020,30895,7d10c1919d551e08247fa2770d7b8cff.jpg,4,3,true,detail|스팽글,5.725,2,train,true
fashionpedia,train2020,30898,3c128692bc8ae023051c964dbc660e89.jpg,4,3,true,category|셔츠|upper_fit|오버핏|category|재킷|collar|셔츠 칼라|collar|라펠 칼라,11.551,3,train,true
fashionpedia,train2020,30916,fda490ccfd1422aa870a9951f9c09dac.jpg,4,3,true,neckline|보트넥|silhouette|X라인|lower_fit|플레어핏,3.996,1,train,true
fashionpedia,train2020,30927,86b15691ad2c823480b8d138091fe4f1.jpg,4,3,true,neckline|터틀넥,5.058,1,train,true
fashionpedia,train2020,30964,8a1a5c9edf4280c59311d84878351b2d.jpg,4,3,true,detail|프릴·러플|lower_fit|플레어핏,2.653,1,train,true
fashionpedia,train2020,30986,ad7cfa744a0a52674b48e6c87054c36f.jpg,4,3,true,neckline|오프숄더,4.626,3,train,true
fashionpedia,train2020,30992,9f41b2695472fd1e05fe434a0f58a996.jpg,4,3,true,neckline|홀터넥,4.653,1,train,true
fashionpedia,train2020,30997,d3a179c29d78f9562f657fd2908e6ae6.jpg,4,3,true,category|쇼츠|collar|칼라 없음,6.802,3,train,true
fashionpedia,train2020,31002,253ecd54ab51780491aa008abe38493d.jpg,4,3,true,neckline|터틀넥,5.058,1,train,true
fashionpedia,train2020,31009,95ad8e39ae7c5da958aa8773b34c4cd3.jpg,4,3,true,category|베스트|neckline|V넥,7.06,1,train,true
fashionpedia,train2020,31010,b22364b4a1b822d0b363c72cbd1b72fb.jpg,4,3,true,pattern|그래픽|neckline|보트넥,2.778,1,train,true
fashionpedia,train2020,31014,5da49c65ca9445fe6cd87cd8ee022c29.jpg,4,3,true,pattern|체크|upper_fit|오버핏|collar|셔츠 칼라,9.027,1,train,true
fashionpedia,train2020,31017,b6f22c9c6d1c45e09e074aab47503da9.jpg,4,3,true,category|코트|sleeve_shape|래글런 소매,2.999,3,train,true
fashionpedia,train2020,31021,99cb22b849facfe961bedae6fa91f9b6.jpg,4,3,true,neckline|V넥|sleeve_shape|캡 소매|silhouette|X라인|lower_fit|플레어핏,5.12,1,train,true
fashionpedia,train2020,31026,993f6605dcc201f692bb844d95df4e2d.jpg,4,3,true,neckline|홀터넥|pattern|스트라이프,6.015,1,train,true
fashionpedia,train2020,31044,dc77ae21099861d666a2491d2bdda219.jpg,4,3,true,neckline|터틀넥|silhouette|X라인|lower_fit|플레어핏,7.682,1,train,true
fashionpedia,train2020,31045,5e04b22c6a74edf6d22de6dfaaa47ce3.jpg,4,3,true,neckline|보트넥|detail|플리츠,2.866,2,train,true
fashionpedia,train2020,31064,00833002857187d466f2f81e6ddb877d.jpg,4,3,true,category|코트|material|퍼·플리스,5.648,1,train,true
fashionpedia,train2020,31067,88fc0ffab962d80805e14bb2ef05cc61.jpg,4,3,true,detail|스팽글,5.725,1,train,true
fashionpedia,train2020,31068,aaa6bdf06327e514c05fbc842b156e93.jpg,4,3,true,category|쇼츠|pattern|그래픽,2.567,2,train,true
fashionpedia,train2020,31069,3468f9387cbe962f14d8d67c41efb352.jpg,4,3,true,pattern|스트라이프|detail|프릴·러플,2.757,2,train,true
fashionpedia,train2020,31075,3cf351b95c2781424c2cbc8aac87e2be.jpg,4,3,true,pattern|체크|detail|리본,2.778,3,train,true
fashionpedia,train2020,31077,1c50056c371ec2ef5d7cff59398ce8d6.jpg,4,3,true,category|코트|material|퍼·플리스,5.648,3,train,true
fashionpedia,train2020,31085,ab7397077d6b7df612408b3ae680517f.jpg,4,3,true,pattern|체크|neckline|보트넥,2.665,1,train,true
fashionpedia,train2020,31087,b239168144fa38a4e1f47dd606755372.jpg,4,3,true,category|코트|collar|칼라 없음,6.95,1,train,true
fashionpedia,train2020,31097,6eb1fda24e17d298351172147e88e532.jpg,4,3,true,neckline|홀터넥,4.653,1,train,true
fashionpedia,train2020,31109,b728fba36dc31d6c88c89fc430f05dab.jpg,4,3,true,detail|리본|silhouette|X라인|lower_fit|플레어핏,4.109,1,train,true
fashionpedia,train2020,31126,4bb49c29d37a51d92bc8e227984dd08b.jpg,4,3,true,sleeve_shape|벌룬 소매|neckline|V넥,6.839,2,train,true
fashionpedia,train2020,31139,38f4eedefa5270674b86145c83d2c0a0.jpg,4,3,true,detail|리본|lower_fit|스트레이트핏|sleeve_shape|퍼프 소매|collar|라펠 칼라,10.422,1,train,true
fashionpedia,train2020,31148,c64b8139621321cbb6e6d7e394bd84f5.jpg,4,3,true,detail|리본|silhouette|X라인|lower_fit|플레어핏,4.109,1,train,true
fashionpedia,train2020,31150,771a22a148ccb5f44b016839d79306d2.jpg,4,3,true,neckline|홀터넥,4.653,2,train,true
fashionpedia,train2020,31152,a766cb94779a76cd7a066dc463e4c58d.jpg,4,3,true,lower_fit|슬림핏|pattern|스트라이프|upper_fit|여유핏|category|가디건|lower_fit|플레어핏,14.276,4,train,true
fashionpedia,train2020,31154,e3219386bfa78891d064223d4e25c3b4.jpg,4,3,true,neckline|스퀘어넥,5.972,1,train,true
fashionpedia,train2020,31173,b3ec4db19232b02d24c294d897dfdacb.jpg,4,3,true,lower_fit|와이드핏|pattern|플로럴,6.189,1,train,true
fashionpedia,train2020,31193,e326741ec200d8880d74ca7d2b0d0a56.jpg,4,3,true,category|쇼츠|pattern|그래픽,2.567,1,train,true
fashionpedia,train2020,31213,9ca4a51af118ca6698d97f284b8486c1.jpg,4,3,true,neckline|스퀘어넥,5.972,1,train,true
fashionpedia,train2020,31231,c5b35eb7ca97c847950bdbec8d614fdf.jpg,4,3,true,detail|리본|silhouette|X라인|lower_fit|플레어핏,4.109,1,train,true
fashionpedia,train2020,31254,a4fec8cfdc0f229b2065701fea4ef038.jpg,4,3,true,category|코트|collar|칼라 없음,6.95,2,train,true
fashionpedia,train2020,31255,6eaa8ae41e193b4e13afd1b8fe4a20f4.jpg,4,3,true,neckline|스퀘어넥|silhouette|A라인,7.416,1,train,true
fashionpedia,train2020,31263,3385fe9849ab055fe7f8465e557ae6c5.jpg,4,3,true,category|코트|material|퍼·플리스,5.648,2,train,true
fashionpedia,train2020,31277,77a0c1ed5df1c001b193137d049d0f8b.jpg,4,3,true,detail|후드|neckline|V넥,2.542,2,train,true
fashionpedia,train2020,31297,cb9a13db2a78bd766d6c410898ac54c2.jpg,4,3,true,pattern|애니멀,4.8,3,train,true
fashionpedia,train2020,31300,bb68c196769f2dc5274ea868ba77cb86.jpg,4,3,true,neckline|터틀넥,5.058,1,train,true
fashionpedia,train2020,31303,062407040c03cf85920c3d8410b1c5e5.jpg,4,3,true,lower_length|미디·7부 기장|detail|리본|lower_length|무릎 기장|sleeve_shape|퍼프 소매|collar|셔츠 칼라,11.751,1,train,true
fashionpedia,train2020,31307,fc01b90b8e1c7d433a890b453e247f8a.jpg,4,3,true,sleeve_shape|퍼프 소매,6.207,1,train,true
fashionpedia,train2020,31314,9c10e346fb058bae27575469549fd03d.jpg,4,3,true,lower_length|미디·7부 기장|silhouette|A라인|collar|칼라 없음,8.36,1,train,true
fashionpedia,train2020,31315,a7510161712a83b13111113bcb4ae9a7.jpg,4,3,true,detail|스팽글,5.725,1,train,true
fashionpedia,train2020,31317,c5958fa36e6010fef56072a54f05cf29.jpg,4,3,true,category|코트|material|퍼·플리스,5.648,1,train,true
fashionpedia,train2020,31338,f23f08901f51d07c7732b44a05ec7d31.jpg,4,3,true,detail|리본|detail|플리츠,2.979,1,train,true
fashionpedia,train2020,31341,0d33d54af33388fcefd3dbace8e4cdb0.jpg,4,3,true,neckline|터틀넥,5.058,1,train,true
fashionpedia,train2020,31344,4af2fd156f5a51cbe9c6899c138b33e9.jpg,4,3,true,detail|리본|pattern|그래픽,2.891,1,train,true
fashionpedia,train2020,31351,3a4bac591869e2910b1d3f288a7184cf.jpg,4,3,true,pattern|스트라이프|sleeve_length|7부 소매|lower_fit|스트레이트핏|lower_length|무릎 기장|neckline|터틀넥,10.793,2,train,true
fashionpedia,train2020,31366,358a5dd1ee94a3dce87c867d4aec7b5f.jpg,4,3,true,lower_fit|슬림핏|category|셔츠|collar|피터팬 칼라|category|재킷,22.76,2,train,true
fashionpedia,train2020,31368,b617c24e36b0335656e5fbaec4f11085.jpg,4,3,true,neckline|V넥|pattern|그래픽,2.632,1,train,true
fashionpedia,train2020,31374,1f4088cb9eaee1fa62e3ed9baf3bcd12.jpg,4,3,true,pattern|애니멀,4.8,1,train,true
fashionpedia,train2020,31376,9c022ea15de1f73e2c136bdae2c5d78d.jpg,4,3,true,sleeve_shape|래글런 소매|lower_length|무릎 기장|silhouette|A라인,9.657,2,train,true
fashionpedia,train2020,31381,ec9c3400307898eb93d83fcef265c118.jpg,4,3,true,category|코트|material|가죽|collar|라펠 칼라,17.121,1,train,true
fashionpedia,train2020,31384,e92bd7e17702d43bdde891e9f4ff56a0.jpg,4,3,true,category|셔츠|silhouette|H라인|collar|라펠 칼라|lower_fit|스트레이트핏|category|재킷|category|베스트|collar|셔츠 칼라,13.728,4,train,true
fashionpedia,train2020,31416,ca74d5397e51d21e4d5de26f797d1458.jpg,4,3,true,category|코트|sleeve_length|7부 소매|lower_length|무릎 기장|collar|칼라 없음,9.833,2,train,true
fashionpedia,train2020,31420,aa7cd7f566af95dcf497bf6792195546.jpg,4,3,true,neckline|홀터넥|lower_length|미디·7부 기장,5.927,1,train,true
fashionpedia,train2020,31422,5e70559280f3cf6292b046a92414062f.jpg,4,3,true,category|코트|collar|칼라 없음,6.95,2,train,true
fashionpedia,train2020,31427,4ae84fe40897bf255b449acfd4172820.jpg,4,3,true,neckline|홀터넥|silhouette|X라인|lower_fit|플레어핏,7.278,1,train,true
fashionpedia,train2020,31430,86c7fa65acd788371531c437edde9541.jpg,4,3,true,pattern|체크|detail|리본,2.778,1,train,true
fashionpedia,train2020,31431,ca2e4ac4e7016e9ca5f06acc7af8f8a3.jpg,4,3,true,category|코트|category|점프수트,5.845,2,train,true
fashionpedia,train2020,31434,daefe7b8bcc8952c62079ac1df5ba352.jpg,4,3,true,lower_length|미디·7부 기장|category|가디건|neckline|V넥,7.67,3,train,true
fashionpedia,train2020,31445,beebb5eefca451aff2e1f031f5f88c7c.jpg,4,3,true,category|셔츠|lower_fit|스트레이트핏|category|재킷|category|베스트|neckline|V넥|collar|셔츠 칼라,12.462,4,train,true
fashionpedia,train2020,31449,125c35ef07364dee9191bac35457c3b1.jpg,4,3,true,sleeve_shape|벌룬 소매,5.614,1,train,true
fashionpedia,train2020,31457,d3201de4e3bd3196ae2974a3076e70b6.jpg,4,3,true,lower_fit|와이드핏|pattern|플로럴,6.189,1,train,true
fashionpedia,train2020,31465,60ecf54b35fe5102c09942202fea1b2f.jpg,4,3,true,category|코트|material|퍼·플리스,5.648,1,train,true
fashionpedia,train2020,31468,353a08e914ae0d555f4e0bb60a328a75.jpg,4,3,true,category|코트|category|셔츠|material|퍼·플리스|detail|프릴·러플|lower_length|무릎 기장|collar|라펠 칼라,11.009,3,train,true
fashionpedia,train2020,31470,78f5ece22b866e48849b43f207648379.jpg,4,3,true,detail|후드|pattern|그래픽,6.675,1,train,true
fashionpedia,train2020,31472,ea94bcb0a72e2c5cd2202a3f19f39716.jpg,4,3,true,category|점프수트|sleeve_length|7부 소매,5.966,2,train,true
fashionpedia,train2020,31474,2d7cb99823e54db27fb874f2216b553a.jpg,4,3,true,neckline|보트넥|lower_fit|플레어핏,2.63,1,train,true
fashionpedia,train2020,31489,1014809d878981c8cd49aef72579970d.jpg,4,3,true,category|베스트,5.835,1,train,true
fashionpedia,train2020,31493,40ea03b66fa0c5817dca64dea3363fe2.jpg,4,3,true,neckline|오프숄더,4.626,1,train,true
fashionpedia,train2020,31497,adbd4eb12fafd51e24e26333206452cc.jpg,4,3,true,neckline|오프숄더,4.626,1,train,true
fashionpedia,train2020,31498,b858e355fda43958891186217e01f0f9.jpg,4,3,true,category|점프수트|pattern|플로럴,5.778,1,train,true
fashionpedia,train2020,31509,0cac5b79ce4a0c2023eda426e5cc03d0.jpg,4,3,true,category|쇼츠|pattern|그래픽,2.567,2,train,true
fashionpedia,train2020,31514,f3815526ba87c09986ffc5904314c908.jpg,4,3,true,material|퍼·플리스,4.339,3,train,true
fashionpedia,train2020,31528,b7723e80ba31b3b9f7c8aee78cd1c806.jpg,4,3,true,neckline|스퀘어넥,5.972,1,train,true
fashionpedia,train2020,31536,61d328c9f372deb72c12e971c6c4f0e3.jpg,4,3,true,silhouette|A라인|collar|칼라 없음,7.086,2,train,true
fashionpedia,train2020,31539,975827b098cae7b5f9f7b02cd7deb599.jpg,4,3,true,category|셔츠|lower_fit|스트레이트핏|category|베스트|neckline|V넥|collar|셔츠 칼라,11.159,3,train,true
fashionpedia,train2020,31545,3bdd61c69aa4ee8b275ae6c123dbec31.jpg,4,3,true,sleeve_shape|벨 소매|silhouette|X라인|lower_fit|플레어핏,7.958,1,train,true
fashionpedia,train2020,31550,12a350733a6504e4505cab47ecb29e19.jpg,4,3,true,neckline|스퀘어넥,5.972,1,train,true
fashionpedia,train2020,31552,54f4d901b0c27a27637c0a3eb5eaf963.jpg,4,3,true,material|퍼·플리스|category|코트,5.648,1,train,true
fashionpedia,train2020,31554,7b97d3219647775c8ec3ba7fbbfee9b7.jpg,4,3,true,pattern|도트|neckline|V넥,2.553,2,train,true
fashionpedia,train2020,31558,1c76d70c50abd08168cb40a8b9eceb7e.jpg,4,3,true,neckline|스퀘어넥,5.972,1,train,true
fashionpedia,train2020,31559,b59f68295fa58ce85f36c0085ec63d30.jpg,4,3,true,neckline|오프숄더,4.626,1,train,true
fashionpedia,train2020,31571,604462698b93edb533bf1a162db46ad8.jpg,4,3,true,neckline|홀터넥,4.653,1,train,true
fashionpedia,train2020,31575,932e8598959ee1be3298d31736c8bba7.jpg,4,3,true,neckline|스퀘어넥,5.972,1,train,true
fashionpedia,train2020,31580,fa7fe58a5195da9a2d86b2615b487db5.jpg,4,3,true,sleeve_shape|벌룬 소매|silhouette|X라인|lower_fit|플레어핏,12.015,1,train,true
fashionpedia,train2020,31587,f6431313c95d96393a3aacf735e08cd5.jpg,4,3,true,pattern|체크|detail|리본,2.778,2,train,true
fashionpedia,train2020,31596,9d00f44f11afeae59f10fa5bab1b62ff.jpg,4,3,true,pattern|플로럴|collar|스탠드 칼라,6.63,3,train,true
fashionpedia,train2020,31613,40624070b86dba9cd81225b057c0eccd.jpg,4,3,true,lower_fit|슬림핏|collar|폴로 칼라,13.487,1,train,true
fashionpedia,train2020,31615,b52453670e738773378dfbcac008715a.jpg,4,3,true,neckline|홀터넥,4.653,2,train,true
fashionpedia,train2020,31616,cb7d9cafab99726403e3fc17933c4a0f.jpg,4,3,true,sleeve_shape|벌룬 소매,5.614,2,train,true
fashionpedia,train2020,31620,459d8dea58a9c6817a80163d67f726de.jpg,4,3,true,detail|스팽글|silhouette|A라인,7.169,1,train,true
fashionpedia,train2020,31626,b8dc35e1401a1df9fca64a43fc329ec0.jpg,4,3,true,detail|프릴·러플|neckline|V넥,2.62,1,train,true
fashionpedia,train2020,31634,83cb803b083f27609e9a16fddb4a37e0.jpg,4,3,true,category|코트|pattern|애니멀,6.109,2,train,true
fashionpedia,train2020,31635,c2d009f6c0a1d67b2b96858ff633f51f.jpg,4,3,true,detail|스팽글,5.725,1,train,true
fashionpedia,train2020,31638,b747e0aac986d7c421671c5dde3109fe.jpg,4,3,true,category|코트|material|퍼·플리스,5.648,2,train,true
fashionpedia,train2020,31645,e0c39fe317a6884cca33dc1832867b3b.jpg,4,3,true,pattern|애니멀,4.8,3,train,true
fashionpedia,train2020,31648,ef90aa326d38b280ae49bc5f3c180a54.jpg,4,3,true,lower_fit|스트레이트핏|sleeve_shape|퍼프 소매|detail|플리츠,9.193,1,train,true
fashionpedia,train2020,31651,e27df9c38fb92a328e48a50617bfc62b.jpg,4,3,true,sleeve_length|7부 소매|lower_fit|스트레이트핏|category|베스트|collar|라펠 칼라,9.996,2,train,true
fashionpedia,train2020,31652,ea5d2de8ab1fd0ec4b61ed153805d638.jpg,4,3,true,category|쇼츠|pattern|그래픽,2.567,2,train,true
fashionpedia,train2020,31657,6e0fb86a8832bbab93f2bab74142ad70.jpg,4,3,true,detail|스팽글|pattern|플로럴,6.967,1,train,true
fashionpedia,train2020,31658,77fa870b0d76e12d153a79412ef00e96.jpg,4,3,true,neckline|홀터넥|silhouette|X라인|lower_fit|플레어핏,7.278,1,train,true
fashionpedia,train2020,31662,1c58c91474de5b2f1e2efbb851344247.jpg,4,3,true,category|코트|material|가죽|collar|라펠 칼라,17.121,1,train,true
fashionpedia,train2020,31663,0713815f9733881a76564cefc5e41585.jpg,4,3,true,category|코트|category|쇼츠|collar|칼라 없음,8.111,2,train,true
fashionpedia,train2020,31666,d4a84b1aa3b3a7c526167aaf5b29285a.jpg,4,3,true,pattern|스트라이프|lower_length|무릎 기장|collar|칼라 없음,8.456,1,train,true
fashionpedia,train2020,31669,ae73bb003a961a4e81752ba50bc19fcb.jpg,4,3,true,neckline|오프숄더|pattern|플로럴,5.868,1,train,true
fashionpedia,train2020,31680,5475eddd8af154f98dfd91dd8f42454e.jpg,4,3,true,pattern|체크|neckline|보트넥|silhouette|A라인,4.11,1,train,true
fashionpedia,train2020,31686,4d9533ef20139151c76534c78a735d9c.jpg,4,3,true,category|코트|material|퍼·플리스,5.648,1,train,true
fashionpedia,train2020,31690,24199d9a7816ea035e9f5958f3fd6f87.jpg,4,3,true,category|코트|material|퍼·플리스|lower_length|미디·7부 기장|collar|라펠 칼라,8.162,2,train,true
fashionpedia,train2020,31693,05d180e2343c6c4a05a7e28e204d7728.jpg,4,3,true,neckline|스퀘어넥,5.972,1,train,true
fashionpedia,train2020,31700,48dec0194ba265e3dadb4fcf4c63f978.jpg,4,3,true,neckline|라운드넥|sleeve_length|7부 소매|lower_length|미디·7부 기장|category|가디건|pattern|그래픽,10.58,3,train,true
fashionpedia,train2020,31724,8dc1063e7574b6b87eb365590af1bb98.jpg,4,3,true,pattern|그래픽|category|니트,2.764,2,train,true
fashionpedia,train2020,31730,58d14f7d9a4e4dccf720b766e726e7f3.jpg,4,3,true,category|코트|collar|칼라 없음,6.95,2,train,true
fashionpedia,train2020,31734,388adb3361c9fd3d720cf139ed328ca1.jpg,4,3,true,neckline|홀터넥|pattern|플로럴,5.895,1,train,true
fashionpedia,train2020,31742,6d54bcccaaac9db3512f5411150c71b4.jpg,4,3,true,sleeve_length|7부 소매|lower_length|미디·7부 기장|collar|스탠드 칼라,8.092,3,train,true
fashionpedia,train2020,31746,8b4cd0bf093301046f11137824d69527.jpg,4,3,true,category|코트|pattern|도트|collar|셔츠 칼라|collar|라펠 칼라,9.194,3,train,true
fashionpedia,train2020,31751,c265cbab6a72fc283a9020684b929a30.jpg,4,3,true,neckline|터틀넥,5.058,1,train,true
fashionpedia,train2020,31753,39416ef6586a1fb045132340dcded699.jpg,4,3,true,neckline|오프숄더,4.626,1,train,true
fashionpedia,train2020,31754,376b9e8547d78e1cf4486bac5dda6920.jpg,4,3,true,sleeve_length|7부 소매|collar|스탠드 칼라,6.818,2,train,true
fashionpedia,train2020,31765,97b416c0a29167c98a94e4b4875bf635.jpg,4,3,true,neckline|스퀘어넥,5.972,1,train,true
fashionpedia,train2020,31779,8e576d259baf434bee727e714c8dde25.jpg,4,3,true,neckline|오프숄더,4.626,2,train,true
fashionpedia,train2020,31781,20c3ae7efbc5c1a7a2dcd88e5792e023.jpg,4,3,true,pattern|스트라이프|neckline|라운드넥|lower_length|미디·7부 기장|upper_fit|여유핏|detail|플리츠|lower_fit|플레어핏,12.049,2,train,true
fashionpedia,train2020,31782,bc7c0ec01989cbcb57ba48b7006071e0.jpg,4,3,true,collar|라펠 칼라|category|베스트|neckline|V넥,8.3,4,train,true
fashionpedia,train2020,31787,386b5972cc91feef57f56dac771d48df.jpg,4,3,true,detail|프릴·러플|silhouette|X라인|lower_fit|플레어핏,4.019,1,train,true
fashionpedia,train2020,31788,a376314664c4d916c4ad433719334c51.jpg,4,3,true,pattern|애니멀,4.8,3,train,true
fashionpedia,train2020,31801,e5e85342bc89f76c30cd4964eb5553c1.jpg,4,3,true,detail|스팽글|neckline|V넥,6.95,1,train,true
fashionpedia,train2020,31808,7fb10cd4d7359e3aea19b69b89d8a0bd.jpg,4,3,true,category|쇼츠|pattern|그래픽,2.567,2,train,true
fashionpedia,train2020,31809,cf75d1df38e00e5fedeeac39d7eba453.jpg,4,3,true,lower_length|미디·7부 기장|lower_fit|스트레이트핏|category|베스트|neckline|V넥,9.825,3,train,true
fashionpedia,train2020,31822,54dee4c0020c4b8422b1aa2be9f05654.jpg,4,3,true,neckline|오프숄더|detail|리본,6.111,1,train,true
fashionpedia,train2020,31829,7fc4bc8be3b03f534f783c09b447ad65.jpg,4,3,true,neckline|오프숄더|sleeve_length|7부 소매,6.056,2,train,true
fashionpedia,train2020,31832,7e73dbcb7a028f69c558bc60246561b2.jpg,4,3,true,pattern|그래픽|detail|후드,2.724,2,train,true
fashionpedia,train2020,31840,ffa9ee64af28f111006fbdabf6db09e2.jpg,4,3,true,pattern|스트라이프|category|니트,2.719,1,train,true
fashionpedia,train2020,31845,b162361b9b31dd92a3aac8eb5d5761d2.jpg,4,3,true,lower_fit|슬림핏|collar|폴로 칼라,13.487,1,train,true
fashionpedia,train2020,31856,909371f1fb18ec1eead8214f1ffe7229.jpg,4,3,true,neckline|홀터넥,4.653,1,train,true
fashionpedia,train2020,31861,f496bbf4f0463d77ca5f165ae809a637.jpg,4,3,true,detail|프릴·러플|neckline|V넥,2.62,1,train,true
fashionpedia,train2020,31862,8c56d45c51d6c22857b599f1e091f56a.jpg,4,3,true,category|코트|material|퍼·플리스,5.648,1,train,true
fashionpedia,train2020,31877,7dfc59301558294af80224873a7cf6d4.jpg,4,3,true,category|셔츠|lower_length|미디·7부 기장|detail|리본|lower_length|무릎 기장|upper_fit|여유핏|neckline|V넥|lower_fit|플레어핏,13.33,2,train,true
fashionpedia,train2020,31906,376001b0deaff7089f5ef2bf6a74a7b5.jpg,4,3,true,neckline|홀터넥,4.653,1,train,true
fashionpedia,train2020,31910,983acf573f4541adf1ac6fe25ab55392.jpg,4,3,true,neckline|홀터넥,4.653,1,train,true
fashionpedia,train2020,31912,e7e520204b39e2f49ec0c0b3660bcfea.jpg,4,3,true,pattern|스트라이프|category|니트,2.719,2,train,true
fashionpedia,train2020,31920,2a7394d4b8aaa05365cebbbe51dff9ec.jpg,4,3,true,pattern|플로럴|category|점프수트,5.778,1,train,true
fashionpedia,train2020,31930,3b093291bca2e3932ddf8c0e23252ed4.jpg,4,3,true,detail|리본|silhouette|비대칭,2.803,1,train,true
fashionpedia,train2020,31931,88460fa422a5f3a04638f8f7cf834803.jpg,4,3,true,neckline|스퀘어넥|silhouette|X라인|lower_fit|플레어핏,12.373,1,train,true
fashionpedia,train2020,31932,9ce71a80a069bce2aacb3b60ed016c0f.jpg,4,3,true,collar|스탠드 칼라|category|셔츠|lower_fit|스트레이트핏|category|재킷|collar|라펠 칼라,10.696,3,train,true
fashionpedia,train2020,31939,ba75aaa268322aca30994d2048bab4f0.jpg,4,3,true,pattern|스트라이프|detail|플리츠,2.857,2,train,true
fashionpedia,train2020,31942,14a2a4b9c8d612668e75e05ad01c1bf1.jpg,4,3,true,collar|폴로 칼라,12.364,1,train,true
fashionpedia,train2020,31956,c937794823acb7628df0c5c121ec9e50.jpg,4,3,true,category|점프수트|pattern|플로럴,5.778,1,train,true
fashionpedia,train2020,31957,6e4fc473ac9f48ecdf3750e02994db5d.jpg,4,3,true,category|셔츠|silhouette|H라인|category|베스트|collar|셔츠 칼라|lower_fit|슬림핏|lower_fit|스트레이트핏|category|재킷|collar|라펠 칼라,14.851,4,train,true
fashionpedia,train2020,31972,5d0fcde720b16942d665b9589b8f31a0.jpg,4,3,true,lower_fit|슬림핏|category|셔츠|lower_length|미디·7부 기장|upper_fit|여유핏|category|가디건|lower_fit|플레어핏,15.463,4,train,true
fashionpedia,train2020,32004,45eac4eb5dfbab3c9674cee7086b14cf.jpg,4,3,true,neckline|오프숄더|pattern|플로럴,5.868,1,train,true
fashionpedia,train2020,32031,e5fc660b7bf1d95cd8b0d32548bd6fbb.jpg,4,3,true,detail|리본|pattern|그래픽,2.891,1,train,true
fashionpedia,train2020,32033,456f5947a192f475bdcf3f2499bd9fae.jpg,4,3,true,collar|스탠드 칼라,5.388,3,train,true
fashionpedia,train2020,32036,2c8def27cb225777382810edc929eed4.jpg,4,3,true,pattern|애니멀,4.8,2,train,true
fashionpedia,train2020,32040,6fb93796cbf0ae42d58b03b548e78452.jpg,4,3,true,neckline|V넥|pattern|그래픽,2.632,1,train,true
fashionpedia,train2020,32048,6aa814db6e7b930c05075824d486acab.jpg,4,3,true,detail|플리츠|silhouette|X라인|lower_fit|플레어핏,4.12,1,train,true
fashionpedia,train2020,32073,502130b31ee41c1e5935758b87bc7994.jpg,4,3,true,neckline|오프숄더|neckline|V넥,5.851,1,train,true
fashionpedia,train2020,32077,a0c7c55b1affa5e9d0e791f49e474663.jpg,4,3,true,detail|리본|silhouette|X라인|lower_fit|플레어핏,4.109,1,train,true
fashionpedia,train2020,32080,cea347e7562a926b0ea33a2043c0d786.jpg,4,3,true,neckline|홀터넥|lower_length|미디·7부 기장|lower_length|무릎 기장|silhouette|A라인,8.824,1,train,true
fashionpedia,train2020,32093,52221ef3b81d3b0e4cf7c213bee90afe.jpg,4,3,true,pattern|체크|neckline|V넥,2.519,3,train,true
fashionpedia,train2020,32118,5872ede8f8dc6b99648488d8f36cebbe.jpg,4,3,true,pattern|애니멀,4.8,2,train,true
fashionpedia,train2020,32133,c4555433236d61c006c8f1351448b62e.jpg,4,3,true,category|쇼츠|pattern|그래픽,2.567,1,train,true
fashionpedia,train2020,32135,dd51f5c120b7c77fa2c8ab95ff773f9d.jpg,4,3,true,pattern|애니멀,4.8,1,train,true
fashionpedia,train2020,32136,4fdc5a77325d6983dcce91f766336acc.jpg,4,3,true,detail|스팽글|lower_length|무릎 기장|silhouette|X라인|lower_fit|플레어핏,13.578,1,train,true
fashionpedia,train2020,32140,ecad4cf05db0309a00c64791b733d886.jpg,4,3,true,sleeve_shape|벌룬 소매,5.614,1,train,true
fashionpedia,train2020,32148,4a78327842025eda1f4ce86edfba4836.jpg,4,3,true,sleeve_shape|벌룬 소매|pattern|플로럴,6.856,1,train,true
fashionpedia,train2020,32149,458020fba2d56fb83fa51242923dfdee.jpg,4,3,true,collar|칼라 없음,5.641,1,train,true
fashionpedia,train2020,32151,f1d28e08afaeeaf9cc7fa4288d90b39e.jpg,4,3,true,detail|플리츠|silhouette|X라인|lower_fit|플레어핏,4.12,1,train,true
fashionpedia,train2020,32152,d3e1b6fcde63985557a81b34d8dd1a22.jpg,4,3,true,pattern|애니멀,4.8,1,train,true
fashionpedia,train2020,32155,8418d9036f47feb5e97d16fd271b8e70.jpg,4,3,true,detail|후드|pattern|그래픽,2.724,1,train,true
fashionpedia,train2020,32160,2beb9efb9e931096387779c2488ef7f2.jpg,4,3,true,neckline|보트넥|detail|리본,2.856,3,train,true
fashionpedia,train2020,32169,e17f2490920c231626ab46eb98f0ffbd.jpg,4,3,true,neckline|보트넥|silhouette|A라인|pattern|플로럴,4.058,1,train,true
fashionpedia,train2020,32179,08bc8b9f79276db42db311856f18943d.jpg,4,3,true,neckline|보트넥|pattern|그래픽,2.778,1,train,true
fashionpedia,train2020,32181,f30531a4d58a68754ce74db77740b191.jpg,4,3,true,detail|플리츠|neckline|V넥|lower_fit|플레어핏,3.978,2,train,true
fashionpedia,train2020,32186,bb5538f15dca913709055e9224cf2fa2.jpg,4,3,true,detail|스팽글,5.725,1,train,true
fashionpedia,train2020,32194,3f41c1ab8c5a1b386e28e1a7df8b788f.jpg,4,3,true,category|코트|detail|리본|lower_length|무릎 기장|pattern|애니멀,9.046,2,train,true
fashionpedia,train2020,32200,ab09dcb48f459e5e781b654769175aa9.jpg,4,3,true,collar|칼라 없음,5.641,1,train,true
fashionpedia,train2020,32208,85c69b543883b6a6da33ddac66c574d9.jpg,4,3,true,sleeve_shape|퍼프 소매|lower_length|무릎 기장|neckline|V넥,8.884,1,train,true
fashionpedia,train2020,32210,ddfa7468a23a6579edc694fb30b4b3e8.jpg,4,3,true,category|쇼츠|neckline|보트넥,2.532,2,train,true
fashionpedia,train2020,32218,aef153fc96d629a8be3f93db22e08a3d.jpg,4,3,true,detail|후드|detail|플리츠,6.763,3,train,true
fashionpedia,train2020,32224,860df80fb513a39ed3e3484652ebe3d9.jpg,4,3,true,category|쇼츠|pattern|그래픽,2.567,2,train,true
fashionpedia,train2020,32225,aa1402e7119253126ff640f0e0572901.jpg,4,3,true,neckline|스퀘어넥|lower_length|미디·7부 기장|lower_length|무릎 기장|silhouette|A라인,10.143,1,train,true
fashionpedia,train2020,32228,8eb5e7790ccd243693dbcd16c267d191.jpg,4,3,true,detail|프릴·러플|lower_fit|플레어핏,2.653,1,train,true
fashionpedia,train2020,32251,8eccda0c85eb76d9dcd113e6a0b12546.jpg,4,3,true,detail|스팽글,5.725,1,train,true
fashionpedia,train2020,32256,80c093a02be06a77aafdcc3c08fbe922.jpg,4,3,true,neckline|보트넥|lower_fit|플레어핏,2.63,1,train,true
fashionpedia,train2020,32257,8c207c38550984559bcebac00b10b659.jpg,4,3,true,detail|리본|pattern|플로럴|lower_fit|플레어핏,3.985,2,train,true
fashionpedia,train2020,32272,ad56a817803f5f57b558530b92c3276a.jpg,4,3,true,neckline|라운드넥|sleeve_length|7부 소매|lower_length|미디·7부 기장|lower_length|무릎 기장|category|재킷|silhouette|X라인|lower_fit|플레어핏,13.159,2,train,true
fashionpedia,train2020,32282,ca04ad0fcdd4496cfa55cc815be8f5f7.jpg,4,3,true,neckline|V넥|pattern|도트,2.553,1,train,true
fashionpedia,train2020,32286,86163908b5ba0cc36b04bdbd98d3c829.jpg,4,3,true,neckline|보트넥|lower_fit|플레어핏,2.63,1,train,true
fashionpedia,train2020,32292,f0039156f95e32726fec9102763b46e0.jpg,4,3,true,lower_fit|슬림핏|category|셔츠|collar|라펠 칼라|category|재킷|category|베스트|neckline|V넥|collar|셔츠 칼라,13.334,4,train,true
fashionpedia,train2020,32302,a8c4d65545e8c9c92275f41e2e4e6432.jpg,4,3,true,detail|리본|silhouette|X라인|lower_fit|플레어핏,4.109,1,train,true
fashionpedia,train2020,32314,140be82a7d7855c07fd68fe63eab4443.jpg,4,3,true,category|코트|sleeve_shape|래글런 소매|sleeve_length|7부 소매|collar|라펠 칼라,10.739,2,train,true
fashionpedia,train2020,32327,a4848db87152f74ef99a27c58378f248.jpg,4,3,true,detail|스팽글,5.725,1,train,true
fashionpedia,train2020,32328,31d84840870ce183839810b9af1969bf.jpg,4,3,true,detail|스팽글,5.725,1,train,true
fashionpedia,train2020,32339,6c901f59adb1eb786588eb708ae36e20.jpg,4,3,true,sleeve_length|7부 소매|category|가디건|collar|라펠 칼라,7.84,4,train,true
fashionpedia,train2020,32341,5bf8063eefcbe92821e251e81125c5ae.jpg,4,3,true,category|점프수트,4.536,1,train,true
fashionpedia,train2020,32364,6a6b67f462edb5de785fd8e6fb7c279d.jpg,4,3,true,neckline|보트넥|detail|리본,2.856,2,train,true
fashionpedia,train2020,32367,93ce359ef5956a778f4bc6b91f5ad8c0.jpg,4,3,true,neckline|스퀘어넥|silhouette|X라인|lower_fit|플레어핏,12.373,1,train,true
fashionpedia,train2020,32372,b3500d238145bb5b554a1707ed1c3ec8.jpg,4,3,true,category|점프수트,4.536,2,train,true
fashionpedia,train2020,32395,beb139abffe8f645b11f78b1b5b21cb7.jpg,4,3,true,pattern|스트라이프|detail|플리츠,2.857,2,train,true
fashionpedia,train2020,32398,0aa938a191207db542c7045cf36bb63f.jpg,4,3,true,pattern|스트라이프|neckline|보트넥,2.733,2,train,true
fashionpedia,train2020,32405,59d08b1b217f772bcb8ae7d418317393.jpg,4,3,true,category|쇼츠|category|니트,2.518,2,train,true
fashionpedia,train2020,32408,013f88aefdaeb0324356bb46b479ae28.jpg,4,3,true,sleeve_shape|벌룬 소매|lower_length|미디·7부 기장|lower_length|무릎 기장,8.341,2,train,true
fashionpedia,train2020,32415,cfaab5b1efa582ce52e819fb2eb11a4a.jpg,4,3,true,category|가디건|pattern|플로럴|collar|라펠 칼라,7.652,3,train,true
fashionpedia,train2020,32435,4bc1e59bc0f5412fb8ddbef8c0c46d08.jpg,4,3,true,neckline|홀터넥|silhouette|A라인,6.098,1,train,true
fashionpedia,train2020,32440,f2fa9ecf3da8d00302338efa4f87123c.jpg,4,3,true,category|쇼츠|pattern|그래픽,2.567,2,train,true
fashionpedia,train2020,32441,d1bfa0202f9a6b0940db34adb3e72362.jpg,4,3,true,collar|스탠드 칼라|sleeve_length|7부 소매|collar|라펠 칼라,8.057,2,train,true
fashionpedia,train2020,32447,749e1569d7aeba7d3257dc12dcfc3266.jpg,4,3,true,category|코트|category|셔츠|sleeve_length|7부 소매|collar|칼라 없음|collar|라펠 칼라,10.895,3,train,true
fashionpedia,train2020,32448,82fdda8e947baada71c84f204ab0306b.jpg,4,3,true,detail|스팽글,5.725,1,train,true
fashionpedia,train2020,32459,6cd2aa781ea6033b2be039ec87786942.jpg,4,3,true,category|코트|category|쇼츠|collar|라펠 칼라|lower_length|무릎 기장|pattern|도트,10.474,3,train,true
fashionpedia,train2020,32465,6188e22de415355c9262f6a4202cedb1.jpg,4,3,true,sleeve_length|7부 소매|neckline|보트넥|lower_length|미디·7부 기장|silhouette|X라인|lower_fit|플레어핏,6.7,1,train,true
fashionpedia,train2020,32468,e197948d13b9646e1893ed5002ded6f6.jpg,4,3,true,neckline|스퀘어넥,5.972,1,train,true
fashionpedia,train2020,32476,b114548b662afc2299b3571cfa83801e.jpg,4,3,true,category|코트|sleeve_length|7부 소매|collar|라펠 칼라|lower_length|무릎 기장|pattern|도트,10.743,1,train,true
fashionpedia,train2020,32478,a362bb03ec093d8d13d058d5965d0410.jpg,4,3,true,collar|폴로 칼라,12.364,2,train,true
fashionpedia,train2020,32481,6b175d7e82158d229b81060c6c3834bc.jpg,4,3,true,neckline|홀터넥|silhouette|A라인,6.098,1,train,true
fashionpedia,train2020,32489,36d606dfd32b57ecce2be115336a30d5.jpg,4,3,true,neckline|오프숄더|silhouette|X라인|lower_fit|플레어핏,7.251,1,train,true
fashionpedia,train2020,32498,d8b06d5a4cfcd70c0ff64982eb7b5220.jpg,4,3,true,neckline|V넥|category|니트,2.582,1,train,true
fashionpedia,train2020,32501,cfe7c4b1c46413ff64a3bcbe6052241b.jpg,4,3,true,neckline|홀터넥|silhouette|X라인|lower_fit|플레어핏,7.278,1,train,true
fashionpedia,train2020,32502,61f759fb69c0051213ae2854922c814b.jpg,4,3,true,silhouette|O라인,18.0,1,train,true
fashionpedia,train2020,32509,7415683c72ad67e9e8fc7c3afd1da376.jpg,4,3,true,pattern|스트라이프|detail|리본,2.846,2,train,true
fashionpedia,train2020,32510,aa260b1219cbc70c301fc58865b927b7.jpg,4,3,true,neckline|스퀘어넥|silhouette|X라인|lower_fit|플레어핏,12.373,1,train,true
fashionpedia,train2020,32511,36ee0c630ca5c3ed74dc138e3f90b6ea.jpg,4,3,true,detail|리본|silhouette|A라인|category|니트,4.286,2,train,true
fashionpedia,train2020,32521,eeb4289e7725c0fb28fa030f5242831b.jpg,4,3,true,detail|플리츠|pattern|그래픽,2.902,2,train,true
fashionpedia,train2020,32552,142d1fc5efc7d56f990884deec6a4279.jpg,4,3,true,detail|리본|silhouette|A라인|sleeve_shape|캡 소매|pattern|플로럴,5.442,1,train,true
fashionpedia,train2020,32558,ba7028218eb31bd6491d5de65844ed32.jpg,4,3,true,detail|스팽글,5.725,1,train,true
fashionpedia,train2020,32573,8bc0f574a0be9dc448b859738267d761.jpg,4,3,true,category|코트|detail|스팽글|lower_length|무릎 기장|pattern|플로럴,9.729,3,train,true
fashionpedia,train2020,32580,1055c60788d072217ac0c3269c0ad55a.jpg,4,3,true,detail|프릴·러플|lower_fit|플레어핏,2.653,1,train,true
fashionpedia,train2020,32582,447e7985792403c314568fb47a07b54d.jpg,4,3,true,neckline|보트넥|detail|프릴·러플,2.766,1,train,true
fashionpedia,train2020,32583,853a0aeea70a5843202667d25e89c39a.jpg,4,3,true,silhouette|A라인|pattern|애니멀,6.244,1,train,true
fashionpedia,train2020,32584,d3cedce74f28516b43a911adf76a113a.jpg,4,3,true,neckline|오프숄더,4.626,1,train,true
fashionpedia,train2020,32590,3b7ec63d8c4023d2c6079efaa196364f.jpg,4,3,true,pattern|애니멀,4.8,1,train,true
fashionpedia,train2020,32592,608bc4ae9ef0ac02d755187424272192.jpg,4,3,true,sleeve_shape|래글런 소매|pattern|그래픽,3.097,1,train,true
fashionpedia,train2020,32611,2ca878c460f306dc0797add877de0eb5.jpg,4,3,true,upper_fit|오버핏,6.4,3,train,true
fashionpedia,train2020,32612,6a50e1baefcca4a306093372b744d13c.jpg,4,3,true,detail|리본|silhouette|X라인|lower_fit|플레어핏,4.109,1,train,true
fashionpedia,train2020,32615,1a4a0f40187a9a72c0b3bde91c09854a.jpg,4,3,true,detail|프릴·러플|lower_fit|플레어핏,2.653,1,train,true
fashionpedia,train2020,32621,bb7758e2dacf4b93d22ea743ab2dca07.jpg,4,3,true,collar|폴로 칼라,12.364,1,train,true
fashionpedia,train2020,32624,4c0a51fbde14e25d9d11a92ddac04371.jpg,4,3,true,category|코트|material|퍼·플리스,5.648,1,train,true
fashionpedia,train2020,32627,cef049f4c4d7cd3ea65ff5b0d833f0bb.jpg,4,3,true,neckline|홀터넥,4.653,1,train,true
fashionpedia,train2020,32629,b9a0f6110e50f5e5fe03bf5f647d7143.jpg,4,3,true,category|쇼츠|sleeve_shape|캡 소매,2.431,2,train,true
fashionpedia,train2020,32641,0fc49c45850e8f333946b46c17c283b1.jpg,4,3,true,lower_length|미디·7부 기장|lower_length|무릎 기장|category|베스트,8.562,2,train,true
fashionpedia,train2020,32653,a7beab93d58e808d3219974e27cb8d0d.jpg,4,3,true,sleeve_shape|퍼프 소매,6.207,2,train,true
fashionpedia,train2020,32654,669b245dda0652bd206352bad9ff33f5.jpg,4,3,true,silhouette|O라인|lower_length|무릎 기장,19.453,1,train,true
fashionpedia,train2020,32657,3541b9474896c47f9814acde91636147.jpg,4,3,true,detail|리본|lower_length|무릎 기장|category|가디건,8.108,2,train,true
fashionpedia,train2020,32666,8cf43e5c54e4be756b9f495318f29cf2.jpg,4,3,true,pattern|스트라이프|sleeve_length|7부 소매|collar|피터팬 칼라,21.85,1,train,true
fashionpedia,train2020,32667,a01cb1bc30ea322f017e6abbb365c451.jpg,4,3,true,lower_fit|와이드핏,4.948,1,train,true
fashionpedia,train2020,32681,c1e098cfa61111d60abc3a7e6ff523ae.jpg,4,3,true,lower_fit|슬림핏|collar|폴로 칼라,13.487,1,train,true
fashionpedia,train2020,32688,9fdc4afea5535cac8cc835bb63516419.jpg,4,3,true,category|쇼츠|pattern|그래픽,2.567,2,train,true
fashionpedia,train2020,32701,86759329dc7c5631043fa0fb20f4bc5d.jpg,4,3,true,category|쇼츠|pattern|그래픽,2.567,1,train,true
fashionpedia,train2020,32703,b229414e1bc37e00305e62573c387190.jpg,4,3,true,neckline|터틀넥,5.058,1,train,true
fashionpedia,train2020,32725,d46573f01beecc96b7183ea10fcee574.jpg,4,3,true,pattern|스트라이프|collar|폴로 칼라,13.726,1,train,true
fashionpedia,train2020,32729,91d27dfad16f5058fda2f5429f097838.jpg,4,3,true,collar|칼라 없음,5.641,1,train,true
fashionpedia,train2020,32744,4dfb3935a8ae82a62a548dd6b64043df.jpg,4,3,true,category|베스트,5.835,3,train,true
fashionpedia,train2020,32753,cd30361c2b4bc4bd7bcdd80bd4218eee.jpg,4,3,true,detail|프릴·러플|neckline|V넥,2.62,1,train,true
fashionpedia,train2020,32755,2a0a1013848202d826f6ba725e968c0d.jpg,4,3,true,lower_length|미디·7부 기장|lower_length|무릎 기장|category|가디건,7.897,2,train,true
fashionpedia,train2020,32761,716c20cd8c4d077dcfda419c103df956.jpg,4,3,true,pattern|애니멀|neckline|V넥,6.025,1,train,true
fashionpedia,train2020,32772,b240063567db70c07a210afd57d33857.jpg,4,3,true,sleeve_length|7부 소매|detail|후드,6.698,2,train,true
fashionpedia,train2020,32776,10b00ca3331bc1ade6232a48285b124a.jpg,4,3,true,collar|셔츠 칼라|collar|칼라 없음,6.974,3,train,true
fashionpedia,train2020,32790,737d481e869742d7e6122cff03fc6be2.jpg,4,3,true,pattern|체크|detail|리본,2.778,1,train,true
fashionpedia,train2020,32793,b71ac155c67e3d2871fefb19009174b3.jpg,4,3,true,sleeve_length|7부 소매|category|가디건|collar|라펠 칼라,7.84,4,train,true
fashionpedia,train2020,32810,9514ea24882e9bc26f5d43d7b5c64870.jpg,4,3,true,neckline|홀터넥|lower_fit|플레어핏,5.912,1,train,true
fashionpedia,train2020,32813,cfb1c9a3c18ce8dbf395ce76108fab35.jpg,4,3,true,sleeve_shape|벌룬 소매,5.614,1,train,true
fashionpedia,train2020,32815,5213cdad2463b986052815c945940f26.jpg,4,3,true,category|쇼츠|neckline|보트넥,2.532,2,train,true
fashionpedia,train2020,32816,df3a2fa9378e6081ff57f04ac322c3db.jpg,4,3,true,lower_length|미디·7부 기장|detail|플리츠|silhouette|X라인|lower_fit|플레어핏,5.394,1,train,true
fashionpedia,train2020,32817,2d5d5912c161dfbed8c02f648550908b.jpg,4,3,true,detail|리본|lower_fit|스트레이트핏|sleeve_shape|퍼프 소매,9.182,2,train,true
fashionpedia,train2020,32841,5beec943d4dd9ea38477728460d889b6.jpg,4,3,true,lower_fit|슬림핏|collar|폴로 칼라,13.487,1,train,true
fashionpedia,train2020,32856,4c5b21e969879828526daefe8c4630db.jpg,4,3,true,detail|리본|category|니트,2.841,1,train,true
fashionpedia,train2020,32863,b65eb3eba2b36ccf8b7125d733dc86d9.jpg,4,3,true,sleeve_shape|래글런 소매|sleeve_length|7부 소매|lower_length|무릎 기장|silhouette|X라인|lower_fit|플레어핏,16.044,1,train,true
fashionpedia,train2020,32877,561c9fd83d91e242f3fc56532e663a0c.jpg,4,3,true,pattern|그래픽|pattern|도트,2.735,2,train,true
fashionpedia,train2020,32889,4fd79dbc17b24e491b81e96317b7ca74.jpg,4,3,true,lower_fit|슬림핏|sleeve_length|7부 소매|category|재킷|collar|칼라 없음|lower_fit|플레어핏,14.533,2,train,true
fashionpedia,train2020,32900,4a14866a4b7b945c899d0ae343c16bcb.jpg,4,3,true,pattern|스트라이프|upper_fit|오버핏|collar|셔츠 칼라,9.095,1,train,true
fashionpedia,train2020,32901,86a3d029affb71022becc8157a3c73a4.jpg,4,3,true,neckline|라운드넥|lower_length|미디·7부 기장|lower_fit|와이드핏|pattern|플로럴,8.761,3,train,true
fashionpedia,train2020,32904,77388dcce658c07074d32e9ff297c6e1.jpg,4,3,true,neckline|V넥|sleeve_shape|벨 소매,6.558,1,train,true
fashionpedia,train2020,32919,af32bab8f6d0395cc13c1be88610a8f8.jpg,4,3,true,upper_fit|오버핏|collar|셔츠 칼라,7.733,1,train,true
fashionpedia,train2020,32953,e2981e6fa1e2734e760f02b056cb5146.jpg,4,3,true,detail|프릴·러플|lower_fit|플레어핏,2.653,1,train,true
fashionpedia,train2020,32961,a5c4352c025f791af21172131412130e.jpg,4,3,true,detail|프릴·러플|neckline|V넥,2.62,1,train,true
fashionpedia,train2020,32979,1fcb36e8df239c922ceec41079d1748f.jpg,4,3,true,category|베스트|collar|셔츠 칼라,7.168,1,train,true
fashionpedia,train2020,32980,bf770f4c6151ba658d045fd663034d0a.jpg,4,3,true,sleeve_shape|캡 소매|pattern|그래픽,2.678,1,train,true
fashionpedia,train2020,32985,d5f25cdbadbf0810bf78161d67ddb605.jpg,4,3,true,lower_fit|슬림핏|collar|폴로 칼라,13.487,1,train,true
fashionpedia,train2020,32987,360b3338a77939338cf1669079e97f72.jpg,4,3,true,upper_fit|오버핏,6.4,1,train,true
fashionpedia,train2020,32989,3209a4a0b79bd70b7f23eee9f4fb0179.jpg,4,3,true,detail|리본|silhouette|X라인|lower_fit|플레어핏,4.109,1,train,true
fashionpedia,train2020,33001,cfa96b88235dfa75b175044b63143037.jpg,4,3,true,category|쇼츠|lower_fit|스트레이트핏|category|베스트|pattern|플로럴,9.728,3,train,true
fashionpedia,train2020,33007,2dac8e7df18d6572e88702349de1d0c4.jpg,4,3,true,lower_fit|슬림핏|pattern|체크|category|셔츠|silhouette|O라인|collar|셔츠 칼라,23.025,2,train,true
fashionpedia,train2020,33013,453ef630a0daa55adacb5b8ed521aaba.jpg,4,3,true,category|코트|category|가디건|collar|라펠 칼라,7.72,4,train,true
fashionpedia,train2020,33024,7c628bdf323a693dffe4cf6924e5c8a2.jpg,4,3,true,neckline|스퀘어넥,5.972,1,train,true
fashionpedia,train2020,33029,841dfbd8a466ba4935e3ba41de4dfe44.jpg,4,3,true,detail|플리츠|pattern|도트,2.823,1,train,true
fashionpedia,train2020,33037,b918db324ee0aaa929eea963e3630723.jpg,4,3,true,detail|스팽글,5.725,1,train,true
fashionpedia,train2020,33039,d3b7033ea0fa81205318b0a49238690f.jpg,4,3,true,silhouette|A라인|category|가디건|pattern|플로럴,7.857,2,train,true
fashionpedia,train2020,33043,6368c3891f2a035727227361c8a2b457.jpg,4,3,true,detail|프릴·러플|silhouette|X라인|lower_fit|플레어핏,4.019,1,train,true
fashionpedia,train2020,33045,512e200ab429c7f0d4aefca34df5db89.jpg,4,3,true,lower_fit|와이드핏,4.948,3,train,true
fashionpedia,train2020,33046,80885529b4b4b8c1c19664ceddc70cfe.jpg,4,3,true,pattern|스트라이프|pattern|그래픽,2.769,2,train,true
fashionpedia,train2020,33055,f1c1cd575a1c4c24b0e62033d1ae9b09.jpg,4,3,true,pattern|체크|category|셔츠|category|베스트|collar|셔츠 칼라,9.737,2,train,true
fashionpedia,train2020,33060,6727334566326a9b1564805c60c0c1bb.jpg,4,3,true,neckline|홀터넥|silhouette|X라인|lower_fit|플레어핏,7.278,1,train,true
fashionpedia,train2020,33064,ee2c6a2f538fe8aed662757dc1e53ac9.jpg,4,3,true,category|셔츠|pattern|도트|detail|플리츠|lower_fit|플레어핏,13.116,2,train,true
fashionpedia,train2020,33066,e9dd82567c21ecbd1360caeb5774ef83.jpg,4,3,true,neckline|홀터넥,4.653,1,train,true
fashionpedia,train2020,33080,7fbec4d01bac7d2a480b9d7f52184b61.jpg,4,3,true,pattern|스트라이프|collar|칼라 없음|collar|라펠 칼라,8.243,3,train,true
fashionpedia,train2020,33106,a33785b5cca4976e5d2a6b240a77554a.jpg,4,3,true,sleeve_shape|래글런 소매|lower_fit|스트레이트핏|lower_length|무릎 기장|upper_fit|여유핏,11.289,1,train,true
fashionpedia,train2020,33112,b15c7f002f9c1e4db8be7a6f2741b1fd.jpg,4,3,true,neckline|스퀘어넥|lower_length|미디·7부 기장|lower_fit|스트레이트핏|pattern|플로럴,9.979,2,train,true
fashionpedia,train2020,33128,1e68466fba9270088f0b40914022aac6.jpg,4,3,true,collar|스탠드 칼라,5.388,3,train,true
fashionpedia,train2020,33132,3aec233212f0a9c029645ca7bb814d06.jpg,4,3,true,lower_fit|슬림핏|category|셔츠|collar|라펠 칼라|category|재킷|category|베스트|neckline|V넥|collar|셔츠 칼라,13.334,4,train,true
fashionpedia,train2020,33138,b62a138c86cf00bcde6551b02f27dd6c.jpg,4,3,true,lower_length|미디·7부 기장|silhouette|A라인|category|가디건|collar|셔츠 칼라|pattern|플로럴,10.465,3,train,true
fashionpedia,train2020,33139,b5d4379255c0c31293bcb25770f7a1e8.jpg,4,3,true,pattern|애니멀,4.8,1,train,true
fashionpedia,train2020,33143,148ace70c34dc65e063f6b8f6103af14.jpg,4,3,true,neckline|홀터넥,4.653,1,train,true
fashionpedia,train2020,33146,ec5970e1b6d72e98cea67663dac552f2.jpg,4,3,true,lower_fit|슬림핏|category|셔츠|collar|라펠 칼라|category|재킷|category|베스트|neckline|V넥|collar|셔츠 칼라,13.334,4,train,true
fashionpedia,train2020,33159,cb2dd3a695445125d88d90932aec343c.jpg,4,3,true,neckline|스퀘어넥|silhouette|X라인|lower_fit|플레어핏,12.373,1,train,true
fashionpedia,train2020,33164,4f64a29d4c5807f407458798e230aa3b.jpg,4,3,true,neckline|스퀘어넥|sleeve_length|7부 소매|detail|리본,8.886,2,train,true
fashionpedia,train2020,33169,57702aacc82929b3f64aea791461da10.jpg,4,3,true,silhouette|O라인|lower_fit|스트레이트핏|lower_length|무릎 기장,20.943,1,train,true
fashionpedia,train2020,33175,9ca085c0ad37966aea602b66e4e9f232.jpg,4,3,true,pattern|스트라이프|lower_length|무릎 기장|category|가디건,7.985,2,train,true
fashionpedia,train2020,33178,f4f4654778e271c13241800193e591fc.jpg,4,3,true,sleeve_shape|벌룬 소매,5.614,1,train,true
fashionpedia,train2020,33186,a3029dd71a99507d61668fdcf6eb8412.jpg,4,3,true,category|셔츠|silhouette|H라인|category|베스트|collar|셔츠 칼라|lower_fit|슬림핏|lower_fit|스트레이트핏|collar|라펠 칼라,13.548,3,train,true
fashionpedia,train2020,33188,dedbdb9bab480a55e127a0d5864ffccf.jpg,4,3,true,detail|리본|detail|플리츠,2.979,2,train,true
fashionpedia,train2020,33213,b1cac5860cdc8c255a7d126d6f29b181.jpg,4,3,true,lower_length|미디·7부 기장|lower_fit|와이드핏|pattern|플로럴,7.464,2,train,true
fashionpedia,train2020,33214,68e9b71a0d576fb4c0c4395fce8609a8.jpg,4,3,true,neckline|홀터넥,4.653,2,train,true
fashionpedia,train2020,33244,69703a440e3b185405bb7f09ab5fafb7.jpg,4,3,true,lower_length|미디·7부 기장|lower_fit|와이드핏,6.222,2,train,true
fashionpedia,train2020,33245,5df53bc5bb928fcfe0e78d59c0b971be.jpg,4,3,true,category|쇼츠|pattern|그래픽,2.567,2,train,true
fashionpedia,train2020,33249,6b9649a1dbc25d21372416eff8506b29.jpg,4,3,true,detail|플리츠|silhouette|X라인|lower_fit|플레어핏,4.12,1,train,true
fashionpedia,train2020,33251,b27a9636c52799a6de639806168ff6cc.jpg,4,3,true,pattern|스트라이프|pattern|그래픽|lower_fit|플레어핏,4.027,2,train,true
fashionpedia,train2020,33254,9928ed629b0457dae52e55ff0507244f.jpg,4,3,true,neckline|홀터넥|pattern|플로럴,5.895,1,train,true
fashionpedia,train2020,33264,44375fb997e2b64ed5df2df04b1b4304.jpg,4,3,true,detail|프릴·러플|lower_fit|플레어핏,2.653,1,train,true
fashionpedia,train2020,33282,87f8e8eb4958d5f3cfcb7562c7eb2472.jpg,4,3,true,category|쇼츠|pattern|스트라이프|detail|플리츠,4.017,2,train,true
fashionpedia,train2020,33283,51ecbd174ccb4c305bf3080b740ff9b0.jpg,4,3,true,silhouette|X라인|neckline|V넥|pattern|플로럴|lower_fit|플레어핏,5.091,1,train,true
fashionpedia,train2020,33290,b01f35c784851e98c293634202b012f7.jpg,4,3,true,collar|스탠드 칼라,5.388,1,train,true
fashionpedia,train2020,33291,9a679aa0819ccbf114f6966c3adf4b6c.jpg,4,3,true,category|코트|collar|라펠 칼라|detail|플리츠|collar|스탠드 칼라,9.431,3,train,true
fashionpedia,train2020,33297,86baa47012c968c83ba8eb02a0f566a6.jpg,4,3,true,detail|리본|detail|프릴·러플,2.879,1,train,true
fashionpedia,train2020,33299,48dcac970ed14e65112905453d5c2167.jpg,4,3,true,pattern|체크|neckline|V넥,2.519,1,train,true
fashionpedia,train2020,33306,381f1cf2650c8af189975df2c62b121e.jpg,4,3,true,detail|프릴·러플|neckline|V넥,2.62,1,train,true
fashionpedia,train2020,33311,3729d7f48553cf8afb957ebd2ba41a57.jpg,4,3,true,material|퍼·플리스,4.339,2,train,true
fashionpedia,train2020,33316,7f8916c4bd00c310cc325e7134702360.jpg,4,3,true,neckline|V넥|pattern|그래픽,2.632,1,train,true
fashionpedia,train2020,33319,705b48ea7bb0a506853577959fafba2c.jpg,4,3,true,neckline|V넥|pattern|그래픽,2.632,1,train,true
fashionpedia,train2020,33321,cf6df3e661697341e9d4b77e52399dcf.jpg,4,3,true,material|퍼·플리스,4.339,1,train,true
fashionpedia,train2020,33322,b6af099b6387fa82f74130590ad63e8e.jpg,4,3,true,category|코트|collar|셔츠 칼라|collar|칼라 없음,8.284,3,train,true
fashionpedia,train2020,33326,1b8b3e7aa2ad19dadf6c0da9ccf9be22.jpg,4,3,true,detail|스팽글,5.725,2,train,true
fashionpedia,train2020,33332,0dd4eb38ce787443f98682bc1e15ee3d.jpg,4,3,true,detail|리본|silhouette|X라인|lower_fit|플레어핏,4.109,1,train,true
fashionpedia,train2020,33335,608ddf5ba1345c085a0727220b76f520.jpg,4,3,true,pattern|스트라이프|detail|리본,2.846,1,train,true
fashionpedia,train2020,33354,7b95915fa54ecbd23c0861e8de086de5.jpg,4,3,true,pattern|체크|detail|플리츠|lower_fit|플레어핏,4.048,3,train,true
fashionpedia,train2020,33358,f4d5ba248168730e28e3c40fa73849c3.jpg,4,3,true,pattern|스트라이프|detail|플리츠,2.857,1,train,true
fashionpedia,train2020,33362,a6d1a3f9e656024a37795ba4e8c80213.jpg,4,3,true,neckline|스퀘어넥,5.972,1,train,true
fashionpedia,train2020,33363,d8d7e97d803df4d14604f672bcea4d4f.jpg,4,3,true,lower_fit|슬림핏|category|코트|category|셔츠|sleeve_shape|래글런 소매|lower_length|미디·7부 기장|collar|셔츠 칼라|collar|라펠 칼라,14.315,3,train,true
fashionpedia,train2020,33365,4c237e9a7abfab80bc0107378cbeec93.jpg,4,3,true,neckline|홀터넥,4.653,1,train,true
fashionpedia,train2020,33374,3dbde6c368ff3533dbb50c930d5ab06b.jpg,4,3,true,lower_fit|슬림핏|neckline|스퀘어넥|lower_length|미디·7부 기장|lower_length|무릎 기장|lower_fit|플레어핏,14.857,2,train,true
fashionpedia,train2020,33381,67b11353308a5e4660f9a00f3a742992.jpg,4,3,true,category|쇼츠|pattern|도트,2.488,2,train,true
fashionpedia,train2020,33388,e4538989bd978f8c9e04e3f74301b665.jpg,4,3,true,silhouette|X라인|detail|프릴·러플|pattern|플로럴|lower_fit|플레어핏,5.261,1,train,true
fashionpedia,train2020,33392,6ad21231fbc39830a83b530164a3cddf.jpg,4,3,true,category|점프수트,4.536,1,train,true
fashionpedia,train2020,33404,1682516f96921b6fbae1e75880fc5f23.jpg,4,3,true,neckline|오프숄더,4.626,1,train,true
fashionpedia,train2020,33414,4db5e7e16a648f60b810a280dfe8cb1d.jpg,4,3,true,neckline|스퀘어넥|detail|리본,7.456,1,train,true
fashionpedia,train2020,33416,a4c7d0c10b947a83172e855aa95d484e.jpg,4,3,true,collar|라펠 칼라|category|베스트|collar|셔츠 칼라,8.408,4,train,true
fashionpedia,train2020,33436,c0c08a168b7ec83c5ae26db497372480.jpg,4,3,true,detail|스팽글|neckline|V넥,6.95,1,train,true
fashionpedia,train2020,33438,bfe354a71c0d4070161665412db614dd.jpg,4,3,true,category|점프수트|detail|플리츠,6.031,1,train,true
fashionpedia,train2020,33445,9eea2c83752141c7b9dd13215c7a9a6d.jpg,4,3,true,collar|칼라 없음,5.641,2,train,true
fashionpedia,train2020,33452,8d029e6711cec7f7fa25f2affc9cd853.jpg,4,3,true,detail|프릴·러플|silhouette|X라인|lower_fit|플레어핏,4.019,1,train,true
fashionpedia,train2020,33455,1728307cda3a99a6de407059e8ec9433.jpg,4,3,true,silhouette|X라인|neckline|V넥|pattern|플로럴|lower_fit|플레어핏,5.091,1,train,true
fashionpedia,train2020,33457,f4d8855b8ae86f2f07856f2f5460d38c.jpg,4,3,true,pattern|애니멀,4.8,1,train,true
fashionpedia,train2020,33471,ff4ebef70ece56c0fec50a37887d3ac0.jpg,4,3,true,category|코트|material|퍼·플리스,5.648,1,train,true
fashionpedia,train2020,33477,c004c3f5a7b77ad513f0f4224089d873.jpg,4,3,true,neckline|보트넥|detail|리본,2.856,2,train,true
fashionpedia,train2020,33478,cb5d43e46b34c9d51c5254c93fdfeb09.jpg,4,3,true,detail|스팽글,5.725,1,train,true
fashionpedia,train2020,33491,acb2902a3e1213441465f24b1da5ef60.jpg,4,3,true,detail|리본|collar|칼라 없음,7.125,3,train,true
fashionpedia,train2020,33513,8064f42c535a746f2b861ebb90243fea.jpg,4,3,true,neckline|스퀘어넥,5.972,2,train,true
fashionpedia,train2020,33517,ce9cea12c047f888c4b80d72006ec6ae.jpg,4,3,true,neckline|터틀넥,5.058,1,train,true
fashionpedia,train2020,33529,4d3ea05ec9ef1503136dadb188ad4031.jpg,4,3,true,category|코트|detail|후드|lower_length|무릎 기장|collar|라펠 칼라,9.27,3,train,true
fashionpedia,train2020,33534,33e1a549c6f520a97c925b74b20faa1c.jpg,4,3,true,detail|프릴·러플|silhouette|X라인|lower_fit|플레어핏,4.019,1,train,true
fashionpedia,train2020,33538,b131cbbb930dc8390b7e1118357257bf.jpg,4,3,true,lower_length|무릎 기장|silhouette|비대칭|silhouette|X라인|lower_fit|플레어핏,13.13,1,train,true
fashionpedia,train2020,33545,b3c69aef438f131bd4a71cfa244402ae.jpg,4,3,true,collar|칼라 없음,5.641,1,train,true
fashionpedia,train2020,33547,999df7b1c2d464ed6aada2eb93d7d9dd.jpg,4,3,true,category|셔츠|pattern|도트|category|재킷|collar|셔츠 칼라|collar|라펠 칼라,10.463,3,train,true
fashionpedia,train2020,33565,e4c9ce9e6ae1026eb39b44b23e27cdb4.jpg,4,3,true,detail|스팽글,5.725,3,train,true
fashionpedia,train2020,33567,2c2e7c2fa9bf1acc5c563e800acc71ce.jpg,4,3,true,lower_length|미디·7부 기장|sleeve_shape|퍼프 소매|collar|라펠 칼라|silhouette|X라인|lower_fit|플레어핏,15.121,1,train,true
fashionpedia,train2020,33568,05927a3c798601787355d90092683774.jpg,4,3,true,neckline|스퀘어넥|silhouette|X라인|lower_fit|플레어핏,12.373,1,train,true
fashionpedia,train2020,33574,8de4d07a289ab129ceb931de27c572fe.jpg,4,3,true,sleeve_length|7부 소매|collar|칼라 없음,7.071,2,train,true
fashionpedia,train2020,33579,c8afeb12cc6fe9c19fd4c4bab56ba2c9.jpg,4,3,true,detail|프릴·러플|silhouette|X라인|lower_fit|플레어핏,4.019,1,train,true
fashionpedia,train2020,33586,4dc1a9b59daa4a52873ad7d918bfe095.jpg,4,3,true,pattern|그래픽|collar|칼라 없음,7.048,2,train,true
fashionpedia,train2020,33588,19062829d575bf8f9bf8246bd99eab94.jpg,4,3,true,detail|플리츠|category|니트,2.852,2,train,true
fashionpedia,train2020,33592,49ba4fb8105b9d4cdb4b423476564f6c.jpg,4,3,true,pattern|스트라이프|category|가디건|collar|라펠 칼라,7.772,1,train,true
fashionpedia,train2020,33615,c2fccef065573c5d1efc883956d128d0.jpg,4,3,true,detail|리본|silhouette|X라인|lower_fit|플레어핏,4.109,1,train,true
fashionpedia,train2020,33621,3fbcfd5d1364499f09662ebe09083e3a.jpg,4,3,true,pattern|체크|pattern|스트라이프,2.656,1,train,true
fashionpedia,train2020,33623,d5e3998257e5df6e162cc8530750bb47.jpg,4,3,true,pattern|스트라이프|detail|플리츠,2.857,1,train,true
fashionpedia,train2020,33631,c6337f0b271b676fe968b4367576cdcc.jpg,4,3,true,detail|후드|pattern|그래픽,6.675,2,train,true
fashionpedia,train2020,33632,eeb26492f58a916be3a21ff36aea0960.jpg,4,3,true,collar|칼라 없음,5.641,2,train,true
fashionpedia,train2020,33635,b9d994bb93135028d58896cc477bb72d.jpg,4,3,true,pattern|스트라이프|sleeve_length|7부 소매|detail|후드,8.06,3,train,true
fashionpedia,train2020,33636,05adb75d6a1dbdb1c70475ea8c5812a8.jpg,4,3,true,detail|리본|pattern|그래픽,2.891,3,train,true
fashionpedia,train2020,33637,7dc0142691f433c8aa5a0f14cf0f2dbb.jpg,4,3,true,lower_length|미디·7부 기장|lower_length|무릎 기장|lower_fit|플레어핏|pattern|도트,13.073,1,train,true
fashionpedia,train2020,33646,e692086d0082b4b32c90aa1f892c7065.jpg,4,3,true,category|코트|silhouette|A라인|silhouette|비대칭,4.073,2,train,true
fashionpedia,train2020,33650,e314c8029edb8aeaced474025cfdf444.jpg,4,3,true,silhouette|비대칭|lower_fit|플레어핏,2.578,1,train,true
fashionpedia,train2020,33653,da12ec02960e5b84752c8ea71546876c.jpg,4,3,true,pattern|스트라이프|pattern|그래픽,2.769,1,train,true
fashionpedia,train2020,33656,62bd4a89055cf79655db448ede0a682f.jpg,4,3,true,neckline|스퀘어넥|pattern|스트라이프|lower_length|미디·7부 기장|lower_fit|스트레이트핏,10.099,1,train,true
fashionpedia,train2020,33659,a37b996151e3fc6a6191359424b09a98.jpg,4,3,true,pattern|그래픽|silhouette|X라인|lower_fit|플레어핏,4.032,1,train,true
fashionpedia,train2020,33661,81e7493fb5c49acd2638e7bca3520ba7.jpg,4,3,true,neckline|홀터넥,4.653,1,train,true
fashionpedia,train2020,33666,f412680ce7ff76d5c276884092c008f3.jpg,4,3,true,detail|리본|pattern|그래픽,2.891,2,train,true
fashionpedia,train2020,33670,a571855d3d3cf4c5ad912e4cf63974ba.jpg,4,3,true,neckline|홀터넥,4.653,1,train,true
fashionpedia,train2020,33672,7b2ffaf01e0bd6203cc98aaa5c4b8c92.jpg,4,3,true,category|코트|collar|스탠드 칼라|lower_length|무릎 기장|upper_fit|여유핏|pattern|플로럴,10.976,1,train,true
fashionpedia,train2020,33673,a9189b364fb35dbe98eeb005d2113839.jpg,4,3,true,detail|플리츠|neckline|V넥|pattern|그래픽,4.127,2,train,true
fashionpedia,train2020,33675,42f45bbedea17853a9b68fe80a1a468b.jpg,4,3,true,neckline|스퀘어넥|sleeve_length|7부 소매|lower_length|미디·7부 기장|silhouette|H라인|lower_fit|스트레이트핏|lower_length|무릎 기장|detail|플리츠,14.366,1,train,true
fashionpedia,train2020,33685,bf2c94b48ea303ee03d250887a79d137.jpg,4,3,true,sleeve_length|7부 소매|sleeve_shape|벨 소매|pattern|플로럴,8.005,2,train,true
fashionpedia,train2020,33688,7dd3c5565d416589ce12478c4c00141a.jpg,4,3,true,detail|스팽글,5.725,1,train,true
fashionpedia,train2020,33704,e218bdb86680bd0670b841c6668fbb25.jpg,4,3,true,detail|리본|lower_fit|스트레이트핏|lower_length|무릎 기장|detail|플리츠|silhouette|X라인|lower_fit|플레어핏,12.323,1,train,true
fashionpedia,train2020,33706,1dced28016bceb5af49da3ff89831702.jpg,4,3,true,category|쇼츠|pattern|그래픽,2.567,2,train,true
fashionpedia,train2020,33710,e2689c6173dd27a55a16b19385fe044a.jpg,4,3,true,neckline|홀터넥|silhouette|X라인|lower_fit|플레어핏,7.278,1,train,true
fashionpedia,train2020,33712,e7aefeee01434280676253ef26e6de50.jpg,4,3,true,category|셔츠|collar|라펠 칼라|category|베스트|detail|플리츠|lower_fit|플레어핏,14.879,3,train,true
fashionpedia,train2020,33716,1d8ac582d10e3445d1f857abc5e0f781.jpg,4,3,true,detail|프릴·러플|lower_fit|플레어핏,2.653,1,train,true
fashionpedia,train2020,33719,3443d676efb66605a2b365d358da20bb.jpg,4,3,true,category|쇼츠|pattern|그래픽,2.567,1,train,true
fashionpedia,train2020,33725,1bc57852ee2ac507d80d3ebd78eebfd0.jpg,4,3,true,pattern|스트라이프|neckline|보트넥,2.733,1,train,true
fashionpedia,train2020,33726,9534875cd5bfaa8e99cb0377a2b26420.jpg,4,3,true,detail|스팽글,5.725,1,train,true
fashionpedia,train2020,33734,5a47f88473a07155de431b0d4be54f76.jpg,4,3,true,detail|플리츠|silhouette|X라인|lower_fit|플레어핏,4.12,1,train,true
fashionpedia,train2020,33738,b3337c9f7e35dd594f21e23ec29aa6af.jpg,4,3,true,lower_length|미디·7부 기장|silhouette|A라인|detail|플리츠|pattern|플로럴,5.455,2,train,true
fashionpedia,train2020,33739,70b3eb1005cc130733f3069713e633b8.jpg,4,3,true,sleeve_shape|벨 소매,5.333,1,train,true
fashionpedia,train2020,33762,0fa00e774ed845b1be79ea06cb613200.jpg,4,3,true,pattern|스트라이프|neckline|보트넥,2.733,2,train,true
fashionpedia,train2020,33763,a7fc60d5a4c09e9d82b1d8f180e513f5.jpg,4,3,true,category|점프수트,4.536,1,train,true
fashionpedia,train2020,33764,4072e86606e6e0a8be5ea5875fb6f659.jpg,4,3,true,collar|스탠드 칼라,5.388,1,train,true
fashionpedia,train2020,33771,178cbc1884f23285a370fc18b3a63b6a.jpg,4,3,true,category|코트|neckline|라운드넥|sleeve_length|7부 소매|lower_length|미디·7부 기장|lower_length|무릎 기장|pattern|그래픽,8.171,3,train,true
fashionpedia,train2020,33773,7515c9af3c18ef6b4ac155a62372e48d.jpg,4,3,true,collar|칼라 없음,5.641,2,train,true
fashionpedia,train2020,33774,235db7ce03e21d7e5c44a6d9996734f1.jpg,4,3,true,sleeve_shape|벨 소매|pattern|플로럴,6.575,1,train,true
fashionpedia,train2020,33777,9b7260b26bb61f7822f709e7ffee103e.jpg,4,3,true,sleeve_shape|벌룬 소매|pattern|플로럴,6.856,1,train,true
fashionpedia,train2020,33780,5074a886cc6fad56f5ba29d00dd87725.jpg,4,3,true,neckline|홀터넥,4.653,1,train,true
fashionpedia,train2020,33790,547b6d823b7090a7f89ce8ca7aec5d17.jpg,4,3,true,pattern|체크|detail|플리츠|lower_fit|플레어핏,4.048,1,train,true
fashionpedia,train2020,33795,35a3b4d88398078bf0899c2bcf00186a.jpg,4,3,true,detail|후드|pattern|그래픽,6.675,1,train,true
fashionpedia,train2020,33796,1809323822abd5859e89f0c594ddeda6.jpg,4,3,true,category|쇼츠|pattern|그래픽,2.567,1,train,true
fashionpedia,train2020,33802,13f24257bdec250f173d76412bd4de5c.jpg,4,3,true,lower_fit|슬림핏|pattern|스트라이프|collar|폴로 칼라,14.849,2,train,true
fashionpedia,train2020,33804,3236fe7d52131f5c036905f766c13fc2.jpg,4,3,true,lower_length|미디·7부 기장|category|가디건|collar|셔츠 칼라,7.778,2,train,true
fashionpedia,train2020,33816,43123ab4d8bcb3bebe242f5f2d55c265.jpg,4,3,true,neckline|홀터넥,4.653,1,train,true
fashionpedia,train2020,33820,954c60dbdb9f497f6a0c9e8f5de47c9c.jpg,4,3,true,category|셔츠|collar|라펠 칼라|category|재킷|category|베스트|collar|셔츠 칼라,10.986,6,train,true
fashionpedia,train2020,33827,b90e09335bb50b477a02ee0cab06588d.jpg,4,3,true,category|셔츠|category|베스트|collar|셔츠 칼라|category|재킷|collar|라펠 칼라,10.986,4,train,true
fashionpedia,train2020,33836,31b2523c0e2b69cc6117780ea7b68ef1.jpg,4,3,true,category|코트|neckline|터틀넥|collar|라펠 칼라,7.606,3,train,true
fashionpedia,train2020,33838,45c18f050ad52c6a1af9b7d339c2970c.jpg,4,3,true,detail|프릴·러플|lower_fit|플레어핏,2.653,1,train,true
fashionpedia,train2020,33847,77339dc62b442debc2bec5144e918ebd.jpg,4,3,true,detail|리본|silhouette|X라인|lower_fit|플레어핏,4.109,1,train,true
fashionpedia,train2020,33850,16531076ebc4d8de257a586eabdfba15.jpg,4,3,true,detail|플리츠|silhouette|X라인|lower_fit|플레어핏,4.12,1,train,true
fashionpedia,train2020,33868,27abd65eee26d5415e134124e335e82e.jpg,4,3,true,sleeve_shape|벌룬 소매|sleeve_length|7부 소매|lower_length|무릎 기장,8.497,1,train,true
fashionpedia,train2020,33871,803c9d77485cf0991eea29c1b605a074.jpg,4,3,true,pattern|스트라이프|neckline|보트넥,2.733,2,train,true
fashionpedia,train2020,33892,fd9e123415e51d223c7cdbb3066f0076.jpg,4,3,true,detail|플리츠|silhouette|X라인|lower_fit|플레어핏,4.12,1,train,true
fashionpedia,train2020,33899,3b091002417b59e0af233bb14154ed78.jpg,4,3,true,silhouette|X라인|lower_length|무릎 기장|category|재킷|collar|칼라 없음|lower_fit|플레어핏,14.798,2,train,true
fashionpedia,train2020,33902,d44d96285a22069386f55786554a122a.jpg,4,3,true,collar|칼라 없음,5.641,1,train,true
fashionpedia,train2020,33905,0c954f68b00fbed15617864898542e8d.jpg,4,3,true,neckline|터틀넥,5.058,1,train,true
fashionpedia,train2020,33917,813ff3d97c4fd18c084c7ad5398461a4.jpg,4,3,true,neckline|홀터넥|silhouette|X라인|lower_fit|플레어핏,7.278,1,train,true
fashionpedia,train2020,33947,6857557cddbc8b4cb2be7e250e5acc01.jpg,4,3,true,detail|프릴·러플|silhouette|X라인|lower_fit|플레어핏,4.019,1,train,true
fashionpedia,train2020,33949,fef00e6bbab0b651ee7909b03df3b7d5.jpg,4,3,true,detail|리본|detail|프릴·러플|silhouette|A라인,4.323,1,train,true
fashionpedia,train2020,33957,273237b8a244836bd4417d28f2d9283d.jpg,4,3,true,sleeve_length|7부 소매|neckline|터틀넥,6.488,2,train,true
fashionpedia,train2020,33959,61d699423fde51e706ba70242c1f1221.jpg,4,3,true,category|점프수트|neckline|V넥,5.761,2,train,true
fashionpedia,train2020,33964,ebef8223abe988c0821aefae3c6e6e98.jpg,4,3,true,collar|스탠드 칼라,5.388,2,train,true
fashionpedia,train2020,33965,7d70fd10c8e2ebeaa8e54cdd9d195975.jpg,4,3,true,neckline|V넥|pattern|그래픽|lower_fit|플레어핏,3.89,2,train,true
fashionpedia,train2020,33981,1e21defd99ffe5052fde0daa900eec3c.jpg,4,3,true,pattern|애니멀,4.8,2,train,true
fashionpedia,train2020,34017,241791cd0be10c2d824c4fa3aa41c252.jpg,4,3,true,detail|프릴·러플|lower_fit|플레어핏,2.653,1,train,true
fashionpedia,train2020,34018,bf743c4c72927f63f1b0a193f437968d.jpg,4,3,true,pattern|카모|neckline|라운드넥,15.964,2,train,true
fashionpedia,train2020,34027,b8adaa2082b342051d372b498e25d236.jpg,4,3,true,category|코트|category|베스트,7.145,3,train,true
fashionpedia,train2020,34035,9cdfb165fa3a37f9bfc51f66a675f17e.jpg,4,3,true,detail|리본|detail|프릴·러플,2.879,1,train,true
fashionpedia,train2020,34039,b6621612c65dfe04df5d1214e53fafa0.jpg,4,3,true,category|쇼츠|detail|프릴·러플,2.555,2,train,true
fashionpedia,train2020,34047,85f48344df2658c19b0475df338742e5.jpg,4,3,true,category|코트|neckline|터틀넥|collar|라펠 칼라,7.606,3,train,true
fashionpedia,train2020,34048,677136c7a7ef3f5042ece404677af790.jpg,4,3,true,collar|폴로 칼라,12.364,1,train,true
fashionpedia,train2020,34062,fbb6d44543463e7956a6c3f1b9d9c824.jpg,4,3,true,pattern|체크|neckline|V넥,2.519,3,train,true
fashionpedia,train2020,34073,1f3e71d034c75e7c6dd38cd8e80b9e7c.jpg,4,3,true,category|베스트,5.835,3,train,true
fashionpedia,train2020,34076,23e90dbebf525ba53e16170745dc4766.jpg,4,3,true,category|셔츠|collar|라펠 칼라|category|재킷|category|베스트|collar|셔츠 칼라,10.986,4,train,true
fashionpedia,train2020,34079,a52f3a2a30a8e71727bf6c617f5a818c.jpg,4,3,true,pattern|그래픽|neckline|V넥,2.632,3,train,true
fashionpedia,train2020,34081,27ae6ee6ed46e5cc4414ff92b82f2a16.jpg,4,3,true,category|코트|detail|후드|lower_length|미디·7부 기장|lower_fit|스트레이트핏|lower_length|무릎 기장,10.795,2,train,true
fashionpedia,train2020,34083,4f67778358e8d0549c70a6d67288ffc1.jpg,4,3,true,sleeve_shape|퍼프 소매|collar|셔츠 칼라,7.54,1,train,true
fashionpedia,train2020,34089,ea7604b86e4e85f7d5db012ebdf7a978.jpg,4,3,true,neckline|홀터넥|pattern|스트라이프|sleeve_length|7부 소매,7.445,2,train,true
fashionpedia,train2020,34097,ddf78ddf6c1a1403fc0f4aa41f468be2.jpg,4,3,true,sleeve_length|7부 소매|category|가디건|collar|라펠 칼라,7.84,2,train,true
fashionpedia,train2020,34109,942d8c9c30ff8cb645802475333fd158.jpg,4,3,true,lower_length|미디·7부 기장|lower_length|무릎 기장|collar|칼라 없음,8.368,1,train,true
fashionpedia,train2020,34114,64da9ddd073859da50430403d0cd6f51.jpg,4,3,true,neckline|홀터넥,4.653,1,train,true
fashionpedia,train2020,34118,cb5e564322b4990003b6f8e51f070334.jpg,4,3,true,neckline|스퀘어넥|category|쇼츠|sleeve_length|7부 소매,8.562,2,train,true
fashionpedia,train2020,34127,9e48259335fd1b6ccafa6b0664e570f8.jpg,4,3,true,neckline|홀터넥|lower_length|무릎 기장|silhouette|X라인|lower_fit|플레어핏,12.506,1,train,true
fashionpedia,train2020,34135,0e4597957433b509b6d1daf74fef00e1.jpg,4,3,true,silhouette|A라인|silhouette|X라인|lower_fit|플레어핏,4.069,1,train,true
fashionpedia,train2020,34143,7f1f90d52d56515ffb480c0e744178f3.jpg,4,3,true,collar|칼라 없음,5.641,3,train,true
fashionpedia,train2020,34145,315e0d392624862d3f93acb7ee141611.jpg,4,3,true,detail|플리츠|silhouette|X라인|lower_fit|플레어핏,4.12,1,train,true
fashionpedia,train2020,34150,831ba25cfc0cb47c911fe3c17966346e.jpg,4,3,true,neckline|보트넥|silhouette|X라인|lower_fit|플레어핏,3.996,1,train,true
fashionpedia,train2020,34151,501d5756719c91be3a3a1c655c3a17d1.jpg,4,3,true,category|셔츠|collar|라펠 칼라|category|재킷|category|베스트|collar|셔츠 칼라,10.986,4,train,true
fashionpedia,train2020,34182,8f0c66833d141df07098276d25c63a9d.jpg,4,3,true,neckline|오프숄더|lower_length|미디·7부 기장|pattern|플로럴,7.143,2,train,true
fashionpedia,train2020,34188,8d73fd7726a4ea3179c9e338b7945052.jpg,4,3,true,neckline|스퀘어넥,5.972,1,train,true
fashionpedia,train2020,34196,881f659bceec2eef106d3e6c4c531f19.jpg,4,3,true,category|쇼츠|pattern|그래픽,2.567,2,train,true
fashionpedia,train2020,34198,ba2c2552de7e6a4c9300a09933079a80.jpg,4,3,true,category|셔츠|upper_fit|여유핏|category|베스트|collar|셔츠 칼라|collar|라펠 칼라,11.268,3,train,true
fashionpedia,train2020,34208,ee5696523440065eba3a3fd50e8d542f.jpg,4,3,true,detail|플리츠|pattern|플로럴|lower_fit|플레어핏,3.995,2,train,true
fashionpedia,train2020,34212,77f275e7ce0e49d14ba4469c3ff7986c.jpg,4,3,true,sleeve_length|7부 소매|collar|스탠드 칼라,6.818,1,train,true
fashionpedia,train2020,34218,67682e5d725ae345c34271508d634477.jpg,4,3,true,detail|플리츠|silhouette|비대칭|silhouette|X라인|lower_fit|플레어핏,13.172,1,train,true
fashionpedia,train2020,34234,05f15ac466a75c40811e542c07736b65.jpg,4,3,true,detail|스팽글|silhouette|A라인,7.169,1,train,true
fashionpedia,train2020,34238,0c74202e554f82c5c63336520cb4a90f.jpg,4,3,true,detail|프릴·러플|silhouette|X라인|lower_fit|플레어핏,4.019,1,train,true
fashionpedia,train2020,34247,22d149a22ee16f20dc8b504d8522adee.jpg,4,3,true,pattern|스트라이프|pattern|그래픽,2.769,2,train,true
fashionpedia,train2020,34257,cef6e3f50c01136554607ad116563e47.jpg,4,3,true,category|코트|detail|플리츠|category|니트,4.161,3,train,true
fashionpedia,train2020,34260,c2fc97dfeca4c310e131ae8301d69b27.jpg,4,3,true,detail|프릴·러플|silhouette|X라인|lower_fit|플레어핏,4.019,1,train,true
fashionpedia,train2020,34266,726187a0771058ba87fc87f79ef95f7d.jpg,4,3,true,detail|스팽글,5.725,1,train,true
fashionpedia,train2020,34278,a6868d0ae08ffb02c362ac2f407f0bad.jpg,4,3,true,neckline|보트넥|lower_fit|플레어핏,2.63,1,train,true
fashionpedia,train2020,34284,0a696330463b01bbc5b89c51980d33dc.jpg,4,3,true,category|베스트,5.835,1,train,true
fashionpedia,train2020,34288,2cf116194ec09ca66f65b0df1363ba65.jpg,4,3,true,collar|칼라 없음,5.641,1,train,true
fashionpedia,train2020,34290,8c0fe536bebd1f295bbc41d52ba507fe.jpg,4,3,true,neckline|스퀘어넥,5.972,1,train,true
fashionpedia,train2020,34291,64e51ca93ef8cd4b909cdd1268068adb.jpg,4,3,true,neckline|홀터넥,4.653,1,train,true
fashionpedia,train2020,34295,aa5987600550f67587f40cc1ce146d58.jpg,4,3,true,neckline|스퀘어넥,5.972,1,train,true
fashionpedia,train2020,34298,033d13dc689400395f949893d6ffa7a4.jpg,4,3,true,neckline|V넥|category|니트,2.582,3,train,true
fashionpedia,train2020,34299,3cdfa2e0b7a26051f9235e9dfc5f5915.jpg,4,3,true,lower_fit|와이드핏|neckline|V넥,6.172,2,train,true
fashionpedia,train2020,34302,d048c95d49bd7d907535c82220adcae0.jpg,4,3,true,neckline|V넥|category|니트,2.582,1,train,true
fashionpedia,train2020,34309,7e6452f2fb5ca947d7af05e57d265b03.jpg,4,3,true,neckline|V넥|pattern|그래픽,2.632,1,train,true
fashionpedia,train2020,34312,b97492f591380b6104317acdca321a13.jpg,4,3,true,lower_fit|슬림핏|silhouette|H라인|lower_fit|스트레이트핏|collar|폴로 칼라,16.229,2,train,true
fashionpedia,train2020,34313,eb32ed59f52fcdde877fecb549adc042.jpg,4,3,true,sleeve_shape|래글런 소매|neckline|V넥,2.915,1,train,true
fashionpedia,train2020,34318,bcc76a7731100db59a4607830c1b281a.jpg,4,3,true,material|퍼·플리스|category|코트,5.648,1,train,true
fashionpedia,train2020,34323,f7df89891f42b5cc5d4afd8bb443c5c9.jpg,4,3,true,neckline|오프숄더,4.626,1,train,true
fashionpedia,train2020,34329,c90e6b4c08d4c1d9d5c005301aab6bb0.jpg,4,3,true,pattern|스트라이프|detail|플리츠|pattern|플로럴|lower_fit|플레어핏,5.357,1,train,true
fashionpedia,train2020,34338,171a17566486c044f7423706f3194d31.jpg,4,3,true,category|셔츠|collar|피터팬 칼라|upper_fit|여유핏|category|재킷|collar|라펠 칼라,24.461,3,train,true
fashionpedia,train2020,34339,4e47a47a0e3d43d2bfb70772fd9a112a.jpg,4,3,true,sleeve_shape|래글런 소매|neckline|라운드넥|sleeve_length|7부 소매|pattern|그래픽,10.895,1,train,true
fashionpedia,train2020,34347,2a79d87b64f647ee6555766e4e727ff4.jpg,4,3,true,pattern|스트라이프|pattern|그래픽,2.769,2,train,true
fashionpedia,train2020,34349,2f5262a9ab124d007044c70c3bab3640.jpg,4,3,true,pattern|그래픽|sleeve_shape|캡 소매,2.678,2,train,true
fashionpedia,train2020,34358,49455ee603a83502a8e9771a01669eb1.jpg,4,3,true,detail|프릴·러플|silhouette|X라인|lower_fit|플레어핏,4.019,1,train,true
fashionpedia,train2020,34360,82ae16c49445c5cc5dbe55fd3af08c2f.jpg,4,3,true,silhouette|A라인|pattern|애니멀,6.244,2,train,true
fashionpedia,train2020,34371,ccd16579c6d4df9130acc9948b88f028.jpg,4,3,true,detail|스팽글,5.725,1,train,true
fashionpedia,train2020,34372,4268b7560b8b916e2d17ee7dd96bf04f.jpg,4,3,true,neckline|V넥|pattern|그래픽,2.632,1,train,true
fashionpedia,train2020,34375,f3d0161235e60559d34414149d5442b3.jpg,4,3,true,detail|플리츠|pattern|플로럴|lower_fit|플레어핏,3.995,2,train,true
fashionpedia,train2020,34383,c9ecfc42d3901685a65b4d0f98aa6f5f.jpg,4,3,true,lower_length|무릎 기장|detail|플리츠|pattern|도트,8.259,2,train,true
fashionpedia,train2020,34387,67a04933de5c5eaf84b95278b920fcac.jpg,4,3,true,neckline|V넥|category|니트,2.582,2,train,true
fashionpedia,train2020,34389,69e90671cb13c5ae634cf7a254dd8a60.jpg,4,3,true,category|베스트,5.835,3,train,true
fashionpedia,train2020,34393,85ac3a333be6fc1ba22f3be8863789b4.jpg,4,3,true,neckline|홀터넥|lower_length|미디·7부 기장,5.927,2,train,true
fashionpedia,train2020,34395,7d1fd3576e0601ac5785e2e67983bdc1.jpg,4,3,true,category|코트|material|퍼·플리스,5.648,1,train,true
fashionpedia,train2020,34399,ef4790408c0eb4ad41d481796a8d76fd.jpg,4,3,true,neckline|스퀘어넥,5.972,1,train,true
fashionpedia,train2020,34402,20d7f5034acbc58abb6223cff2e5d02c.jpg,4,3,true,neckline|오프숄더|lower_length|미디·7부 기장|detail|리본|lower_length|무릎 기장,8.837,1,train,true
fashionpedia,train2020,34418,3b5cd16a4ca709c2afc26fe37de1231c.jpg,4,3,true,lower_fit|슬림핏|category|코트|material|가죽|silhouette|A라인|collar|라펠 칼라,19.688,1,train,true
fashionpedia,train2020,34426,7a22b2b5bfcd442f5a83e4e6f334453f.jpg,4,3,true,sleeve_shape|래글런 소매|neckline|라운드넥|sleeve_length|7부 소매,9.488,2,train,true
fashionpedia,train2020,34430,e50503ea7645d0011fb2b5bf3331aa98.jpg,4,3,true,neckline|홀터넥,4.653,1,train,true
fashionpedia,train2020,34461,4b5310c9420024e074d5701d1ea47ce6.jpg,4,3,true,category|셔츠|upper_fit|여유핏|category|재킷|category|베스트|neckline|V넥|collar|셔츠 칼라,12.556,4,train,true
fashionpedia,train2020,34464,4d50903fd48a588af4805b9953b7e2e2.jpg,4,3,true,category|점프수트|pattern|스트라이프,5.898,1,train,true
fashionpedia,train2020,34469,260d40c5a7a5c98fd9815a63c2e7a66f.jpg,4,3,true,sleeve_shape|벨 소매,5.333,2,train,true
fashionpedia,train2020,34477,88650399957c98a413a4301cb69f13ed.jpg,4,3,true,sleeve_length|7부 소매|lower_fit|와이드핏|collar|셔츠 칼라|pattern|플로럴,8.953,2,train,true
fashionpedia,train2020,34488,f82de9e93778dae6c42b112a8b4bb246.jpg,4,3,true,lower_fit|스트레이트핏|detail|스팽글|silhouette|X라인|lower_fit|플레어핏,13.616,1,train,true
fashionpedia,train2020,34506,2ed8095e1972b034dab7a3e79186f91e.jpg,4,3,true,detail|프릴·러플|detail|리본,2.879,2,train,true
fashionpedia,train2020,34509,a126c985933442d4ac7ab88ebc86cc90.jpg,4,3,true,detail|리본|silhouette|A라인|sleeve_shape|벨 소매,8.262,1,train,true
fashionpedia,train2020,34513,61f5c06d219ad61357423926f23b7cd1.jpg,4,3,true,category|베스트,5.835,2,train,true
fashionpedia,train2020,34519,35ff984d013b266dea2d6c55e4b01373.jpg,4,3,true,category|셔츠|sleeve_length|7부 소매|lower_fit|스트레이트핏|lower_length|무릎 기장|collar|칼라 없음,11.289,2,train,true
fashionpedia,train2020,34527,5f93627b466ad5eb1b15f897395d1afe.jpg,4,3,true,category|코트|lower_length|미디·7부 기장|lower_length|무릎 기장|neckline|터틀넥|collar|라펠 칼라,10.333,2,train,true
fashionpedia,train2020,34536,3cc6623d269271ea9799a24c2ef29730.jpg,4,3,true,category|코트|neckline|라운드넥|lower_length|미디·7부 기장|lower_length|무릎 기장|pattern|애니멀|collar|셔츠 칼라,11.467,4,train,true
fashionpedia,train2020,34538,21e42c2e16a0850f9c1053d2cbd5b90a.jpg,4,3,true,neckline|보트넥|detail|리본,2.856,1,train,true
fashionpedia,train2020,34544,01d9d7f79c8cebcda23517dec409a375.jpg,4,3,true,category|코트|detail|후드|silhouette|A라인,8.022,1,train,true
fashionpedia,train2020,34551,b2fda5a3e9f1ff2709dfba1a1393cd2b.jpg,4,3,true,category|셔츠|collar|피터팬 칼라|category|재킷|collar|라펠 칼라,22.876,3,train,true
fashionpedia,train2020,34555,9db600a98c82ca5fdb7cf5f85b80e1a9.jpg,4,3,true,detail|플리츠|silhouette|X라인|lower_fit|플레어핏,4.12,1,train,true
fashionpedia,train2020,34562,a894b362326d774a5b9300071f8dc3df.jpg,4,3,true,upper_fit|오버핏|category|재킷|neckline|V넥|collar|셔츠 칼라,10.261,3,train,true
fashionpedia,train2020,34566,b72b3233d023f5078149c2b10e2db07f.jpg,4,3,true,collar|셔츠 칼라|collar|스탠드 칼라,6.721,3,train,true
fashionpedia,train2020,34572,0f239c5265edbe07dc591d22e631b61c.jpg,4,3,true,detail|프릴·러플|silhouette|X라인|lower_fit|플레어핏,4.019,1,train,true
fashionpedia,train2020,34573,8a8f9bfaf4933238e1e997e10b351147.jpg,4,3,true,detail|스팽글,5.725,1,train,true
fashionpedia,train2020,34574,7fc5f1ded1660ec766f3369f08a9aa77.jpg,4,3,true,neckline|홀터넥,4.653,1,train,true
fashionpedia,train2020,34578,85fad45b0983ada8c5c2391c59f35c84.jpg,4,3,true,detail|스팽글,5.725,1,train,true
fashionpedia,train2020,34585,f3a74abc0a833c5b5b69b06d3530b13c.jpg,4,3,true,category|셔츠|collar|라펠 칼라|category|재킷|category|베스트|collar|셔츠 칼라,10.986,4,train,true
fashionpedia,train2020,34598,0de04e941cb24cd60306928863605b12.jpg,4,3,true,pattern|스트라이프|collar|폴로 칼라,13.726,1,train,true
fashionpedia,train2020,34607,7d110478cc2bf2f619f63ee2e6a81ff3.jpg,4,3,true,sleeve_length|7부 소매|lower_length|미디·7부 기장|neckline|터틀넥|silhouette|X라인|lower_fit|플레어핏,14.163,1,train,true
fashionpedia,train2020,34636,e7450731a9cf89f106d9beb8d2f6ad97.jpg,4,3,true,collar|스탠드 칼라,5.388,3,train,true
fashionpedia,train2020,34641,6b11309bbf31a840782facf803a0d057.jpg,4,3,true,category|코트|detail|후드|collar|라펠 칼라|lower_length|무릎 기장|collar|셔츠 칼라,10.603,2,train,true
fashionpedia,train2020,34647,dac45b93ecd730dc34c845892de5d1d7.jpg,4,3,true,category|셔츠|category|재킷|category|베스트|collar|셔츠 칼라|collar|라펠 칼라,10.986,3,train,true
fashionpedia,train2020,34655,eec4b41e648ab4cd45a489a2d2d4a4f0.jpg,4,3,true,lower_fit|슬림핏|category|셔츠|silhouette|H라인|lower_fit|스트레이트핏|lower_length|무릎 기장|category|베스트|collar|셔츠 칼라,13.761,3,train,true
fashionpedia,train2020,34662,b9d24b55bf89286281fc46bdc0ade9bc.jpg,4,3,true,neckline|홀터넥|silhouette|X라인|lower_fit|플레어핏,7.278,1,train,true
fashionpedia,train2020,34671,769d5586bda7262165a114b0e4644fe0.jpg,4,3,true,detail|리본|silhouette|X라인|lower_fit|플레어핏,4.109,1,train,true
fashionpedia,train2020,34672,4539edda7ea7a174abfc2c6993d711b0.jpg,4,3,true,category|셔츠|collar|폴로 칼라,13.638,1,train,true
fashionpedia,train2020,34673,47e17bab30513ba6f8976f50dfb4310d.jpg,4,3,true,collar|스탠드 칼라,5.388,1,train,true
fashionpedia,train2020,34674,f2e14d14ba4aff91835052eff625465e.jpg,4,3,true,pattern|스트라이프|neckline|보트넥,2.733,2,train,true
fashionpedia,train2020,34684,0453d6bb322505ef9f649c927486ef78.jpg,4,3,true,category|점프수트,4.536,1,train,true
fashionpedia,train2020,34691,632bf946ff41904929534437a398df50.jpg,4,3,true,pattern|그래픽|sleeve_shape|캡 소매,2.678,2,train,true
fashionpedia,train2020,34697,be45654f09b3cd280c6f87c0cf8d997b.jpg,4,3,true,silhouette|비대칭|lower_fit|플레어핏,2.578,1,train,true
fashionpedia,train2020,34706,5924c32465060978a388d18a34f2b01f.jpg,4,3,true,neckline|보트넥|lower_fit|플레어핏,2.63,1,train,true
fashionpedia,train2020,34707,2e39bf3be7fda31484ef28e41903fbd3.jpg,4,3,true,neckline|오프숄더|silhouette|X라인|lower_fit|플레어핏,11.027,1,train,true
fashionpedia,train2020,34712,1021b3dacb1dec29305721a3d55fc551.jpg,4,3,true,pattern|스트라이프|detail|리본,2.846,2,train,true
fashionpedia,train2020,34721,c402b4c6a9e5d8f80264f01beb4926fb.jpg,4,3,true,lower_fit|슬림핏|collar|폴로 칼라|category|재킷,14.79,3,train,true
fashionpedia,train2020,34727,f609a2048047b4cea37248f23f10f0e7.jpg,4,3,true,silhouette|O라인|lower_fit|스트레이트핏|lower_length|무릎 기장,20.943,1,train,true
fashionpedia,train2020,34728,97238b8b65f89d763b950a095fce6f2c.jpg,4,3,true,pattern|애니멀,4.8,1,train,true
fashionpedia,train2020,34733,8e694d24af8120c43c1e46b55ffc4c82.jpg,4,3,true,pattern|스트라이프|detail|리본|neckline|V넥,4.071,1,train,true
fashionpedia,train2020,34734,f57c508451dfc42c255b9e04d7f08c1e.jpg,4,3,true,category|코트|neckline|V넥|pattern|그래픽,3.941,3,train,true
fashionpedia,train2020,34735,c1c6be307e59aa28e6c76f5c70383070.jpg,4,3,true,neckline|오프숄더,4.626,2,train,true
fashionpedia,train2020,34738,9b5f5aece5e4fc167259bf6877233bb2.jpg,4,3,true,sleeve_shape|벌룬 소매,5.614,1,train,true
fashionpedia,train2020,34747,91c282c693112987b6c50741ad6beb68.jpg,4,3,true,sleeve_shape|캡 소매|pattern|그래픽,2.678,2,train,true
fashionpedia,train2020,34750,8a08a7792f14fecde885a665f564552f.jpg,4,3,true,silhouette|O라인,18.0,1,train,true
fashionpedia,train2020,34761,068d38d6265a09b73af491f313431a38.jpg,4,3,true,category|코트|collar|스탠드 칼라,6.697,1,train,true
fashionpedia,train2020,34776,148b4a045d69dcbf0cec239f6598d283.jpg,4,3,true,pattern|체크|neckline|V넥|lower_fit|플레어핏,3.778,2,train,true
fashionpedia,train2020,34778,6f6604848b917a1631d8030209aff5a1.jpg,4,3,true,category|코트|category|셔츠|detail|후드|category|재킷|collar|셔츠 칼라|collar|라펠 칼라,11.729,4,train,true
fashionpedia,train2020,34787,d70744e2129abeff05fca9d2af97279a.jpg,4,3,true,detail|리본|sleeve_shape|캡 소매|silhouette|X라인|lower_fit|플레어핏,5.38,1,train,true
fashionpedia,train2020,34788,974e838d1543ac53cd5ac9acd1f38faf.jpg,4,3,true,neckline|라운드넥|sleeve_length|7부 소매|lower_length|미디·7부 기장|silhouette|A라인|sleeve_shape|벨 소매,10.78,1,train,true
fashionpedia,train2020,34791,980ea271ab73fc975db50523ee7f34d5.jpg,4,3,true,detail|프릴·러플|lower_fit|플레어핏,2.653,1,train,true
fashionpedia,train2020,34795,513f46617aa553ff583625d57688e284.jpg,4,3,true,lower_fit|스트레이트핏|silhouette|비대칭|silhouette|X라인|lower_fit|플레어핏,13.168,1,train,true
fashionpedia,train2020,34798,038d628a4e46e3f038e81e4155b4317d.jpg,4,3,true,lower_fit|슬림핏|category|셔츠|collar|라펠 칼라|category|재킷|category|베스트|neckline|V넥|collar|셔츠 칼라,13.334,4,train,true
fashionpedia,train2020,34802,e8241239556aff6a004f89f4af87ad4b.jpg,4,3,true,detail|프릴·러플|silhouette|비대칭,2.714,1,train,true
fashionpedia,train2020,34812,afa9389a3010995367519827ba6d1380.jpg,4,3,true,detail|스팽글|silhouette|X라인|lower_fit|플레어핏,12.126,1,train,true
fashionpedia,train2020,34817,cb276b28d032fe5a0fadf2b219f4b8a9.jpg,4,3,true,pattern|애니멀|neckline|V넥,6.025,1,train,true
fashionpedia,train2020,34825,bb7ccdc98e98b32961fb6e463e131883.jpg,4,3,true,sleeve_shape|퍼프 소매|collar|셔츠 칼라,7.54,1,train,true
fashionpedia,train2020,34827,316feab8562a3a0d3a1a73d5f142b281.jpg,4,3,true,detail|리본|pattern|애니멀|lower_fit|플레어핏,7.543,1,train,true
fashionpedia,train2020,34831,b0281ce91b3a4b634ab46eb3b8129b96.jpg,4,3,true,silhouette|비대칭|neckline|V넥,2.544,1,train,true
fashionpedia,train2020,34836,148332f513274ac7954438e39ebc1091.jpg,4,3,true,detail|리본|neckline|V넥|sleeve_shape|벨 소매,8.042,1,train,true
fashionpedia,train2020,34844,4024218f5ad6847c9e3b103857404d9f.jpg,4,3,true,silhouette|X라인|category|가디건|pattern|플로럴|lower_fit|플레어핏,12.813,2,train,true
fashionpedia,train2020,34863,2b4284d1cc70bb5613b8b0171c0bd6ce.jpg,4,3,true,neckline|홀터넥,4.653,1,train,true
fashionpedia,train2020,34879,4b4d84e679cdd264ba504cc5ed153bb3.jpg,4,3,true,lower_length|무릎 기장|category|가디건|neckline|V넥|collar|라펠 칼라,9.088,2,train,true
fashionpedia,train2020,34886,95bdd71dec80134c6fffab582acc95d0.jpg,4,3,true,detail|리본|collar|스탠드 칼라,6.872,2,train,true
fashionpedia,train2020,34892,b6271f77c34df93af03e962f5c8c66c1.jpg,4,3,true,silhouette|O라인|silhouette|X라인|lower_fit|플레어핏,24.401,1,train,true
fashionpedia,train2020,34897,84ee62bbcc9ef8e4767a425047bd12fd.jpg,4,3,true,lower_length|미디·7부 기장|lower_length|무릎 기장|sleeve_shape|벨 소매|silhouette|X라인|lower_fit|플레어핏,14.461,1,train,true
fashionpedia,train2020,34907,d9bc82f66499b243f58d187feb379a1f.jpg,4,3,true,category|코트|collar|스탠드 칼라,6.697,3,train,true
fashionpedia,train2020,34908,1415e7515c61c48340405b811babc587.jpg,4,3,true,pattern|스트라이프|detail|리본,2.846,1,train,true
fashionpedia,train2020,34912,77fc740516cf215bc84290d7f4ec465f.jpg,4,3,true,silhouette|O라인,18.0,1,train,true
fashionpedia,train2020,34935,793a218ce3667bd2d2324ebe6db41ee5.jpg,4,3,true,detail|프릴·러플|neckline|V넥,2.62,2,train,true
fashionpedia,train2020,34938,16c74276981450d6bf24e4086b63d5da.jpg,4,3,true,lower_fit|슬림핏|category|셔츠|pattern|스트라이프|collar|라펠 칼라|category|재킷|category|베스트|neckline|V넥,13.363,4,train,true
fashionpedia,train2020,34945,78e474acb7c929d8c4a5cf3529ba0bec.jpg,4,3,true,detail|플리츠|pattern|플로럴|lower_fit|플레어핏,3.995,2,train,true
fashionpedia,train2020,34947,89bfa867e5a62175a6b4f2cab327947a.jpg,4,3,true,pattern|스트라이프|detail|플리츠,2.857,2,train,true
fashionpedia,train2020,34954,16317d93d3947d3438acf089b9dd5c7b.jpg,4,3,true,silhouette|X라인|collar|칼라 없음|lower_fit|플레어핏,12.042,1,train,true
fashionpedia,train2020,34955,c05d7648249a1708a6d60a6ae82290ed.jpg,4,3,true,detail|프릴·러플|neckline|V넥,2.62,1,train,true
fashionpedia,train2020,34956,0316382c745afcd0988ee3d4320caf18.jpg,4,3,true,collar|피터팬 칼라|silhouette|X라인|lower_fit|플레어핏,25.459,1,train,true
fashionpedia,train2020,34969,1736c3f29ae1135dadff5119655457be.jpg,4,3,true,neckline|홀터넥,4.653,1,train,true
fashionpedia,train2020,34970,469fd0d3aeedcce8fea1822c3e7d83da.jpg,4,3,true,category|셔츠|collar|폴로 칼라,13.638,3,train,true
fashionpedia,train2020,34971,5e1aa1a303b5d692011b756ed4a8d393.jpg,4,3,true,category|코트|lower_length|무릎 기장|category|가디건,7.933,4,train,true
fashionpedia,train2020,34973,6bbf1ab9b1213fd82e672c4c969b8802.jpg,4,3,true,detail|플리츠|silhouette|X라인|lower_fit|플레어핏,4.12,1,train,true
fashionpedia,train2020,34974,f18c7dac0d1162379e292b0e4b9e22ce.jpg,4,3,true,category|쇼츠|material|퍼·플리스,5.499,3,train,true
fashionpedia,train2020,34991,30df44a43b0d99f461d966103ac33df6.jpg,4,3,true,collar|칼라 없음,5.641,2,train,true
fashionpedia,train2020,35015,242be81a937136a24c958d0e6a0be20b.jpg,4,3,true,pattern|스트라이프|neckline|보트넥,2.733,2,train,true
fashionpedia,train2020,35026,5607799b956c89b548adfc81b349ac63.jpg,4,3,true,material|퍼·플리스,4.339,3,train,true
fashionpedia,train2020,35028,de17beb10a4af6c470fd0ce19e188578.jpg,4,3,true,category|니트|lower_fit|플레어핏,2.616,2,train,true
fashionpedia,train2020,35038,e064588423e1e8a3c67510c36aa101c7.jpg,4,3,true,category|코트|collar|스탠드 칼라,6.697,1,train,true
fashionpedia,train2020,35045,b3a5511d3ec0a18e0a47e1e75858ef9d.jpg,4,3,true,neckline|V넥|pattern|그래픽,2.632,2,train,true
fashionpedia,train2020,35056,a6c35d1707961c5fd03466bab43e7f9c.jpg,4,3,true,lower_fit|와이드핏,4.948,2,train,true
fashionpedia,train2020,35063,e139f3012a9f4c1cfef49951dd7ebec0.jpg,4,3,true,detail|프릴·러플|lower_fit|플레어핏,2.653,2,train,true
fashionpedia,train2020,35072,f4647104a170db3d2d70ab06425467d1.jpg,4,3,true,detail|스팽글|silhouette|X라인|lower_fit|플레어핏,12.126,1,train,true
fashionpedia,train2020,35075,0926e074f7989c0bfd2ae3f8e5a1ccfb.jpg,4,3,true,category|가디건|neckline|V넥,2.518,1,train,true
fashionpedia,train2020,35079,0345f424fa5e6d53820990b6ca385d2a.jpg,4,3,true,sleeve_length|7부 소매|category|베스트|neckline|V넥,8.49,3,train,true
fashionpedia,train2020,35094,5f20fd026e1cd37bd62fe98360ca0261.jpg,4,3,true,neckline|오프숄더|silhouette|X라인|lower_fit|플레어핏,11.027,1,train,true
fashionpedia,train2020,35099,86ee831bbfea306b932a0a89495915a3.jpg,4,3,true,detail|스팽글,5.725,2,train,true
fashionpedia,train2020,35104,02b779b6f989b82016b883db15e0d579.jpg,4,3,true,neckline|터틀넥,5.058,1,train,true
fashionpedia,train2020,35122,9b638d828c0153b9c2747d43f9422895.jpg,4,3,true,neckline|홀터넥,4.653,1,train,true
fashionpedia,train2020,35125,d6938cabfd528511f72c5df5d0751fc2.jpg,4,3,true,detail|리본|silhouette|X라인|lower_fit|플레어핏,4.109,1,train,true
fashionpedia,train2020,35130,52c4dafee8b387b3b4ec73f49bfc2c84.jpg,4,3,true,category|베스트,5.835,3,train,true
fashionpedia,train2020,35133,d82ea651f3eb97be1d51dc376144ddc0.jpg,4,3,true,detail|플리츠|silhouette|X라인|lower_fit|플레어핏,4.12,1,train,true
fashionpedia,train2020,35141,9d01569c6cbe8d9611551d0c873b7eed.jpg,4,3,true,neckline|홀터넥|lower_length|미디·7부 기장|lower_length|무릎 기장|silhouette|A라인,8.824,1,train,true
fashionpedia,train2020,35146,62b6169d1b5db47ab1570a8ef8dd8bed.jpg,4,3,true,pattern|스트라이프|neckline|보트넥,2.733,2,train,true
fashionpedia,train2020,35148,8326afd5a302193de4bede64a7e63113.jpg,4,3,true,sleeve_shape|캡 소매|pattern|그래픽,2.678,1,train,true
fashionpedia,train2020,35150,6e164819bd04dcd28175fa9a38421017.jpg,4,3,true,silhouette|비대칭|lower_fit|플레어핏,2.578,1,train,true
fashionpedia,train2020,35155,6b356759b56aa71ee6c910f977793449.jpg,4,3,true,neckline|홀터넥|silhouette|A라인,6.098,1,train,true
fashionpedia,train2020,35166,84718e928b38b7752184964a2a694600.jpg,4,3,true,sleeve_length|7부 소매|pattern|그래픽|detail|후드,8.105,2,train,true
fashionpedia,train2020,35168,d6e6c52faa5f66c8df56c517531b7ad3.jpg,4,3,true,category|코트|material|퍼·플리스|detail|플리츠,7.143,3,train,true
fashionpedia,train2020,35192,1b648d754d290e890b2a22d00a03d0f9.jpg,4,3,true,category|가디건|neckline|V넥,2.518,1,train,true
fashionpedia,train2020,35201,89867358c07657d8f544cf6a2cae7685.jpg,4,3,true,lower_fit|슬림핏|collar|폴로 칼라,13.487,2,train,true
fashionpedia,train2020,35212,0a5c8cc5c5503256c24fcbb5386c109a.jpg,4,3,true,category|셔츠|collar|라펠 칼라|category|재킷|category|베스트|collar|셔츠 칼라,10.986,4,train,true
fashionpedia,train2020,35213,e575c2c8b9881d19b7723ff591602e09.jpg,4,3,true,silhouette|비대칭|neckline|V넥,2.544,2,train,true
fashionpedia,train2020,35219,a0ba98dffcf5471de3e01049783ec805.jpg,4,3,true,detail|프릴·러플|lower_fit|플레어핏,2.653,1,train,true
fashionpedia,train2020,35232,0322ced93638864f3038551f5ba068fa.jpg,4,3,true,category|코트|material|퍼·플리스,5.648,2,train,true
fashionpedia,train2020,35235,e2c74dcfffb748fd4775c2fc371d545a.jpg,4,3,true,sleeve_length|7부 소매|lower_length|무릎 기장|pattern|애니멀|neckline|V넥,8.907,2,train,true
fashionpedia,train2020,35240,2d59fffc21da5b1488c8e6d8b0125c54.jpg,4,3,true,detail|스팽글|silhouette|X라인|lower_fit|플레어핏,8.349,1,train,true
fashionpedia,train2020,35246,91acba981bc4ea2efee1fa3f8b69eb72.jpg,4,3,true,sleeve_shape|퍼프 소매|silhouette|A라인,7.651,1,train,true
fashionpedia,train2020,35247,171e4fab5593c80a293535e80ded49dc.jpg,4,3,true,sleeve_shape|벌룬 소매|lower_length|미디·7부 기장|collar|라펠 칼라|lower_fit|플레어핏,13.163,1,train,true
fashionpedia,train2020,35250,a5192bb1c85c9cb483b9fdfc8ed42413.jpg,4,3,true,detail|리본|detail|플리츠,2.979,2,train,true
fashionpedia,train2020,35254,9136c168427b1399530811e986961510.jpg,4,3,true,category|쇼츠|pattern|그래픽,2.567,2,train,true
fashionpedia,train2020,35255,0ff9d6b7d1f81fdb66206aa6fae42d41.jpg,4,3,true,sleeve_shape|벌룬 소매|pattern|스트라이프,6.976,2,train,true
fashionpedia,train2020,35266,b1e04379b40f583ba91293e062a81b71.jpg,4,3,true,neckline|홀터넥|lower_length|미디·7부 기장,5.927,2,train,true
fashionpedia,train2020,35277,87dc5594654fc4a8b6f70ce80d39452b.jpg,4,3,true,category|점프수트|pattern|스트라이프|sleeve_length|7부 소매,7.328,2,train,true
fashionpedia,train2020,35288,a4f1089d4c0ebc136d79b570a7a9e938.jpg,4,3,true,category|코트|category|쇼츠|collar|스탠드 칼라,7.857,2,train,true
fashionpedia,train2020,35289,f2c881fcd3faa2d37ef721adf6f52dbe.jpg,4,3,true,neckline|스퀘어넥|pattern|플로럴,7.214,1,train,true
fashionpedia,train2020,35295,12441e0055a5e4a69a96a61ad7fb3e20.jpg,4,3,true,detail|리본|detail|플리츠,2.979,3,train,true
fashionpedia,train2020,35298,73b630300217f5a65eb70a0098b50d12.jpg,4,3,true,lower_fit|슬림핏|pattern|스트라이프|collar|폴로 칼라,14.849,2,train,true
fashionpedia,train2020,35299,535ee1dba74435b4fb465e82210ddab9.jpg,4,3,true,neckline|보트넥|lower_fit|플레어핏,2.63,1,train,true
fashionpedia,train2020,35308,3d33eb48d98baddc7e5caf6e205ddf5b.jpg,4,3,true,detail|리본|silhouette|X라인|lower_fit|플레어핏,4.109,1,train,true
fashionpedia,train2020,35311,7d45891e4f97760bf8292c88a1076025.jpg,4,3,true,neckline|보트넥|lower_fit|플레어핏,2.63,1,train,true
fashionpedia,train2020,35318,2b5ea6e6747464457f8dbf036dd063c8.jpg,4,3,true,neckline|스퀘어넥|detail|리본|lower_length|무릎 기장|silhouette|A라인,10.353,1,train,true
fashionpedia,train2020,35345,9e87ff87ad7d80ec76029d8ce7826809.jpg,4,3,true,detail|스팽글|lower_length|무릎 기장|silhouette|X라인|lower_fit|플레어핏,13.578,1,train,true
fashionpedia,train2020,35346,8d756e674668b61f1d4553f734a08b49.jpg,4,3,true,sleeve_shape|벨 소매|pattern|플로럴,6.575,2,train,true
fashionpedia,train2020,35355,4a3a02e9b06678f13b220323654113bd.jpg,4,3,true,pattern|스트라이프|collar|폴로 칼라,13.726,1,train,true
fashionpedia,train2020,35356,60dfe734e641937b0486b6dd4ea8f76b.jpg,4,3,true,lower_fit|슬림핏|category|셔츠|collar|라펠 칼라|category|재킷|category|베스트|neckline|V넥|collar|셔츠 칼라,13.334,4,train,true
fashionpedia,train2020,35357,b41cbaabaf6a149a2f49ad6c47f1f23d.jpg,4,3,true,sleeve_shape|캡 소매|pattern|그래픽,2.678,1,train,true
fashionpedia,train2020,35363,7acce8bc880b541c41753cf56ed7cfa1.jpg,4,3,true,category|코트|lower_length|미디·7부 기장|detail|후드,7.852,1,train,true
fashionpedia,train2020,35366,ef6ca95be694a883f0b9226a5d3ad11c.jpg,4,3,true,collar|라펠 칼라|category|베스트,7.075,4,train,true
fashionpedia,train2020,35373,944a6789fe8cbcb103c1ecdb8edcadcd.jpg,4,3,true,sleeve_length|7부 소매|lower_fit|스트레이트핏|category|재킷|collar|칼라 없음|collar|라펠 칼라,11.105,3,train,true
fashionpedia,train2020,35386,7adfe07d7083b56fa8410205f6849950.jpg,4,3,true,detail|리본|pattern|그래픽,2.891,1,train,true
fashionpedia,train2020,35387,d046b06bf28b01bae7050473bf54dfd2.jpg,4,3,true,sleeve_shape|벌룬 소매|pattern|스트라이프|collar|라펠 칼라,8.215,1,train,true
fashionpedia,train2020,35395,3a62901c68429c64a1935f0c41048e55.jpg,4,3,true,silhouette|A라인|neckline|스퀘어넥,7.416,1,train,true
fashionpedia,train2020,35396,1c90fe05a0a4ab30faed8f87139e0166.jpg,4,3,true,neckline|스퀘어넥|pattern|체크,7.266,1,train,true
fashionpedia,train2020,35399,59874f0806ae471aa0590a76eb031f80.jpg,4,3,true,detail|플리츠|silhouette|X라인|lower_fit|플레어핏,4.12,1,train,true
fashionpedia,train2020,35426,e1ff78b489f2654904f697ee659faf52.jpg,4,3,true,category|코트|pattern|체크|neckline|V넥,3.828,2,train,true
fashionpedia,train2020,35438,a2d26764eabe6d91a4f8145daf4e66e1.jpg,4,3,true,detail|스팽글,5.725,1,train,true
fashionpedia,train2020,35439,9b7382dc54aa130263109eeacba7652f.jpg,4,3,true,category|코트|detail|후드|lower_length|미디·7부 기장|lower_length|무릎 기장,9.304,3,train,true
fashionpedia,train2020,35448,d976a8d62fbf7f4cdbd46b3bd6ec75b3.jpg,4,3,true,detail|스팽글,5.725,1,train,true
fashionpedia,train2020,35452,adb59763509d5b16cc811a7642565da9.jpg,4,3,true,category|코트|material|퍼·플리스|sleeve_length|7부 소매|lower_length|미디·7부 기장,8.352,3,train,true
fashionpedia,train2020,35457,34d53d5ba265251670ee80863a4321bc.jpg,4,3,true,detail|리본|silhouette|X라인|lower_fit|플레어핏,4.109,1,train,true
fashionpedia,train2020,35464,5ada5b643d1b584584ef3718a87793cf.jpg,4,3,true,neckline|보트넥|detail|리본,2.856,1,train,true
fashionpedia,train2020,35467,9fb2e41204ff9bee86a5cc9403a10193.jpg,4,3,true,collar|스탠드 칼라,5.388,3,train,true
fashionpedia,train2020,35472,1d43ecf99aafc8b8822b8904b99228ef.jpg,4,3,true,detail|리본|pattern|그래픽,2.891,2,train,true
fashionpedia,train2020,35474,9574c559b7ddeb97bd4c15257e03fbc7.jpg,4,3,true,pattern|애니멀,4.8,2,train,true
fashionpedia,train2020,35477,a0f99d17244a0dcce88e53ef80c7cbc8.jpg,4,3,true,category|쇼츠|category|니트,2.518,2,train,true
fashionpedia,train2020,35486,b45264fceab8c61bef53facfcca5de31.jpg,4,3,true,lower_fit|슬림핏|pattern|스트라이프|collar|폴로 칼라,14.849,1,train,true
fashionpedia,train2020,35488,e6c695072512b09b481b772ef6ee7b95.jpg,4,3,true,category|점프수트|lower_length|미디·7부 기장|neckline|V넥,7.035,1,train,true
fashionpedia,train2020,35490,09733d92d6206544a0d827886cb9c3d9.jpg,4,3,true,neckline|홀터넥,4.653,1,train,true
fashionpedia,train2020,35507,36dfa59f88189f2f64da3cbbfcc93ad7.jpg,4,3,true,collar|칼라 없음,5.641,3,train,true
fashionpedia,train2020,35513,c82fabcd7004eadd740a28a4a8da5b3a.jpg,4,3,true,neckline|보트넥|pattern|그래픽,2.778,2,train,true
fashionpedia,train2020,35514,714473358d38888354fdca2cf57d80c1.jpg,4,3,true,detail|리본|pattern|그래픽,2.891,2,train,true
fashionpedia,train2020,35515,2c1513abc93ee75d52a9215826d54e0a.jpg,4,3,true,pattern|스트라이프|detail|리본|category|가디건,8.017,3,train,true
fashionpedia,train2020,35518,6c9a8a2325d1190970952d22c96f8634.jpg,4,3,true,lower_fit|스트레이트핏|detail|스팽글|silhouette|X라인|lower_fit|플레어핏,13.616,1,train,true
fashionpedia,train2020,35520,1ad0fd86f2f3e108b6bd46025b5eee9a.jpg,4,3,true,pattern|스트라이프|pattern|그래픽,2.769,2,train,true
fashionpedia,train2020,35522,5a28356dba1e62ef0bd1bc2d6e6f46c2.jpg,4,3,true,category|쇼츠|pattern|그래픽,2.567,2,train,true
fashionpedia,train2020,35528,868cc2e9f50bd573615ceb1dbb1dc16a.jpg,4,3,true,collar|스탠드 칼라,5.388,1,train,true
fashionpedia,train2020,35541,d5c3be4c09d5d83ae8364e77243c7fea.jpg,4,3,true,category|셔츠|category|재킷|category|베스트|neckline|V넥|collar|셔츠 칼라,10.971,4,train,true
fashionpedia,train2020,35547,94072d00fcaa1c2608cc68797405d2e9.jpg,4,3,true,lower_fit|슬림핏|category|셔츠|collar|라펠 칼라|category|재킷|category|베스트|neckline|V넥|collar|셔츠 칼라,13.334,4,train,true
fashionpedia,train2020,35564,0a3e52fdfb901274accad6825c897499.jpg,4,3,true,collar|폴로 칼라,12.364,1,train,true
fashionpedia,train2020,35571,c0c0b7fca51fc30ccf42eba219fdfafa.jpg,4,3,true,pattern|스트라이프|category|점프수트,5.898,1,train,true
fashionpedia,train2020,35576,008affddf98f57a36f142626a7247e6d.jpg,4,3,true,category|코트|collar|스탠드 칼라,6.697,1,train,true
fashionpedia,train2020,35579,dcc7d3afaaa807e0cff930a0bae7d03d.jpg,4,3,true,category|점프수트|lower_length|미디·7부 기장,5.81,1,train,true
fashionpedia,train2020,35585,70ba38aacc4a5e133c2a1b7bfb24cc3d.jpg,4,3,true,lower_length|미디·7부 기장|collar|칼라 없음|lower_fit|플레어핏,11.95,2,train,true
fashionpedia,train2020,35586,a0b72235a3ea4bc424241ec51e1dcdec.jpg,4,3,true,neckline|터틀넥|pattern|그래픽,6.465,2,train,true
fashionpedia,train2020,35602,f330dcfc3fd700713bc388a3e6c93a39.jpg,4,3,true,silhouette|X라인|lower_length|무릎 기장|collar|칼라 없음|lower_fit|플레어핏,13.494,1,train,true
fashionpedia,train2020,35613,f9f74d590b0f4d8da8ba20a07bc2a596.jpg,4,3,true,pattern|체크|category|셔츠|upper_fit|오버핏|collar|셔츠 칼라,10.302,1,train,true
fashionpedia,train2020,35615,e118794c612922895c8c6cd0bbc1b419.jpg,4,3,true,detail|프릴·러플|silhouette|X라인|lower_fit|플레어핏,4.019,1,train,true
fashionpedia,train2020,35618,97d4634622c4d96d0241c82f60944ddd.jpg,4,3,true,category|코트|detail|후드,6.578,3,train,true
fashionpedia,train2020,35626,e88b166413fe918e5ea7823975cfc969.jpg,4,3,true,detail|리본|detail|프릴·러플,2.879,1,train,true
fashionpedia,train2020,35635,18201c8dd1cbf6477a11eacf175763a0.jpg,4,3,true,category|코트|material|퍼·플리스|sleeve_length|7부 소매,7.078,1,train,true
fashionpedia,train2020,35636,360e869c1af02c3ce07a50389dae3a93.jpg,4,3,true,detail|리본|pattern|그래픽,2.891,3,train,true
fashionpedia,train2020,35638,f5a33d01bc5cb49e0dd7cd3849b84f89.jpg,4,3,true,neckline|오프숄더,4.626,1,train,true
fashionpedia,train2020,35644,c22ecef09a97a42d41ae7df7ef3c267b.jpg,4,3,true,detail|프릴·러플|silhouette|X라인|lower_fit|플레어핏,4.019,1,train,true
fashionpedia,train2020,35652,01fe215369fad14c3ae9a6c1cd65e3e5.jpg,4,3,true,neckline|스퀘어넥,5.972,1,train,true
fashionpedia,train2020,35657,35c93551a8146d5584f083de90ff781a.jpg,4,3,true,detail|프릴·러플|lower_fit|플레어핏,2.653,1,train,true
fashionpedia,train2020,35660,c2719bc9491557feeb0de07a4695da51.jpg,4,3,true,neckline|홀터넥|lower_length|미디·7부 기장|lower_length|무릎 기장|silhouette|X라인|lower_fit|플레어핏,23.087,1,train,true
fashionpedia,train2020,35665,a458c8d76081f8d655b77aeed6c647b5.jpg,4,3,true,category|가디건|silhouette|X라인|lower_fit|플레어핏,11.572,2,train,true
fashionpedia,train2020,35671,e2de12118afcf3b0856da4e768fd3f03.jpg,4,3,true,neckline|스퀘어넥|pattern|그래픽,7.379,1,train,true
fashionpedia,train2020,35680,5f5e001c67338c5fd32284918d5cbd81.jpg,4,3,true,category|셔츠|collar|라펠 칼라|category|재킷|category|베스트|collar|셔츠 칼라,10.986,4,train,true
fashionpedia,train2020,35686,4aa7d55aa1fb31bd1bf9aadc591b20e5.jpg,4,3,true,neckline|홀터넥|lower_fit|플레어핏,5.912,2,train,true
fashionpedia,train2020,35699,deae71d808a910fae8b36eed754e3e5c.jpg,4,3,true,detail|스팽글,5.725,1,train,true
fashionpedia,train2020,35700,cd745f8dd8c6b893eae76477439e128b.jpg,4,3,true,detail|리본|collar|칼라 없음,7.125,3,train,true
fashionpedia,train2020,35702,84f1333321c7c79e70de94c0acae7a7b.jpg,4,3,true,detail|플리츠|silhouette|X라인|lower_fit|플레어핏,4.12,1,train,true
fashionpedia,train2020,35737,b1846a0a3515f43ccd7cfed7707269c7.jpg,4,3,true,detail|프릴·러플|silhouette|X라인|lower_fit|플레어핏,4.019,1,train,true
fashionpedia,train2020,35743,785fbef8aee0aec0facc11d6ecd5a0af.jpg,4,3,true,lower_fit|슬림핏|lower_length|미디·7부 기장|lower_length|무릎 기장|category|가디건|pattern|플로럴|lower_fit|플레어핏,15.297,3,train,true
fashionpedia,train2020,35748,cf1dfc27c0623cbc32b61590bbbf63a9.jpg,4,3,true,neckline|홀터넥|pattern|스트라이프,6.015,1,train,true
fashionpedia,train2020,35768,608f35ab87c0f3a31b688e003f268298.jpg,4,3,true,category|셔츠|pattern|카모|neckline|라운드넥|upper_fit|여유핏|collar|셔츠 칼라,20.157,3,train,true
fashionpedia,train2020,35770,2e2b2fad6bbdba79a3fd88e8fc481f3d.jpg,4,3,true,neckline|보트넥|lower_fit|플레어핏,2.63,1,train,true
fashionpedia,train2020,35774,8899150b6d59e0b230422cf04c0033b5.jpg,4,3,true,detail|스팽글,5.725,1,train,true
fashionpedia,train2020,35788,9f80dd4e4935ee1099c45ee8f1994484.jpg,4,3,true,detail|플리츠|silhouette|X라인|lower_fit|플레어핏,4.12,1,train,true
fashionpedia,train2020,35793,9cd9c138c36f5a72b8eed067f17077eb.jpg,4,3,true,pattern|스트라이프|detail|리본|pattern|플로럴,4.088,2,train,true
fashionpedia,train2020,35798,8d58ce8772ec9c85970a5c8822d9b276.jpg,4,3,true,pattern|스트라이프|lower_fit|스트레이트핏|collar|셔츠 칼라|pattern|도트,9.498,2,train,true
fashionpedia,train2020,35808,5efa8826baf75f281520f6a18bc88883.jpg,4,3,true,neckline|홀터넥|lower_length|미디·7부 기장|silhouette|X라인|lower_fit|플레어핏,12.328,1,train,true
fashionpedia,train2020,35822,22b493251e489a600342e33fbe9c0854.jpg,4,3,true,silhouette|X라인|pattern|플로럴|collar|칼라 없음|lower_fit|플레어핏,13.284,1,train,true
fashionpedia,train2020,35823,77d2b54e523232fbc1161a94362f374c.jpg,4,3,true,category|점프수트,4.536,1,train,true
fashionpedia,train2020,35833,6453ed1ec4426356512f98eed0a4d2b7.jpg,4,3,true,silhouette|A라인|detail|플리츠|pattern|플로럴,4.181,1,train,true
fashionpedia,train2020,35847,44a897adc3ba2b0a6be9559b928accfa.jpg,4,3,true,neckline|오프숄더,4.626,2,train,true
fashionpedia,train2020,35849,0d30e9240fb6ffb42147536ebd6cede9.jpg,4,3,true,detail|후드|neckline|V넥,2.542,4,train,true
fashionpedia,train2020,35857,907c9897f8738baf100d6cf43d87995f.jpg,4,3,true,collar|폴로 칼라,12.364,2,train,true
fashionpedia,train2020,35869,342a7cd63735c00b3ebb8522ee9e8aa0.jpg,4,3,true,neckline|홀터넥,4.653,1,train,true
fashionpedia,train2020,35871,ec7ba94e008bf0ac318939b2ce1a3a6d.jpg,4,3,true,neckline|스퀘어넥,5.972,1,train,true
fashionpedia,train2020,35876,655bc4966de51a222d7a6350dd1b45de.jpg,4,3,true,sleeve_shape|벌룬 소매,5.614,1,train,true
fashionpedia,train2020,35878,fd58a9681add230026460dba33e0705c.jpg,4,3,true,pattern|스트라이프|category|점프수트,5.898,1,train,true
fashionpedia,train2020,35893,841d221a5cbf37425d9c6dd588ef03ea.jpg,4,3,true,neckline|보트넥|lower_fit|플레어핏,2.63,1,train,true
fashionpedia,train2020,35898,4d0bcfd4beefc4f584e790f053b31527.jpg,4,3,true,neckline|오프숄더|silhouette|X라인|lower_fit|플레어핏,7.251,1,train,true
fashionpedia,train2020,35910,456a7720237bde4656eed3975d788c78.jpg,4,3,true,silhouette|X라인|neckline|보트넥|pattern|플로럴|lower_fit|플레어핏,5.238,1,train,true
fashionpedia,train2020,35913,430111fae77f5cd3819792de7a64e324.jpg,4,3,true,neckline|홀터넥|silhouette|X라인|lower_fit|플레어핏,7.278,1,train,true
fashionpedia,train2020,35916,fbb8e85b909892baac2668960ece625b.jpg,4,3,true,category|코트|category|점프수트|lower_length|무릎 기장|collar|셔츠 칼라|collar|라펠 칼라,9.871,2,train,true
fashionpedia,train2020,35939,704b28f0ab9801a25c947840158e7e81.jpg,4,3,true,detail|프릴·러플|neckline|V넥,2.62,1,train,true
fashionpedia,train2020,35942,2d078314d6da18e4d34c7222aa0349e6.jpg,4,3,true,pattern|애니멀,4.8,2,train,true
fashionpedia,train2020,35948,a5e0183996812886a5b74b1b305696b9.jpg,4,3,true,detail|플리츠|silhouette|X라인|lower_fit|플레어핏,4.12,1,train,true
fashionpedia,train2020,35969,02d50a87077d0d598efadc6fa62a1743.jpg,4,3,true,sleeve_shape|벌룬 소매,5.614,2,train,true
fashionpedia,train2020,35970,a2beee6c3f3a786f55e8e7b2b0116907.jpg,4,3,true,silhouette|O라인,18.0,1,train,true
fashionpedia,train2020,35971,df71c8ee7dd6a2c719100d8b7e294f06.jpg,4,3,true,collar|스탠드 칼라,5.388,1,train,true
fashionpedia,train2020,35975,e3f23701b856ffa5ca60b8d0a8e5668c.jpg,4,3,true,silhouette|X라인|collar|칼라 없음|lower_fit|플레어핏,12.042,1,train,true
fashionpedia,train2020,35984,4eb971094109ee6dae86ef08924a7b31.jpg,4,3,true,neckline|V넥|pattern|그래픽,2.632,2,train,true
fashionpedia,train2020,35989,0928f3f6abc8110a6067a98490fc5140.jpg,4,3,true,detail|프릴·러플|silhouette|X라인|lower_fit|플레어핏,4.019,1,train,true
fashionpedia,train2020,35990,bbd0c3f44fbec0453bc247c1b68c4b28.jpg,4,3,true,sleeve_shape|벨 소매,5.333,1,train,true
fashionpedia,train2020,36001,23acd876e59cdb87e7167793b3bcd157.jpg,4,3,true,neckline|스퀘어넥,5.972,1,train,true
fashionpedia,train2020,36003,30c0287ae150bedfd72cdac4b0af5b42.jpg,4,3,true,neckline|V넥|category|니트,2.582,1,train,true
fashionpedia,train2020,36007,6a0fcc29e384f48a13bea3f1780190db.jpg,4,3,true,neckline|홀터넥|silhouette|X라인|lower_fit|플레어핏,7.278,1,train,true
fashionpedia,train2020,36013,183e37e3304cbb3c9ea9e78a95daa491.jpg,4,3,true,neckline|홀터넥|silhouette|X라인|lower_fit|플레어핏,7.278,1,train,true
fashionpedia,train2020,36017,89da0f2359d35248b7fc5516f65dc2ae.jpg,4,3,true,detail|리본|silhouette|X라인|lower_fit|플레어핏,4.109,1,train,true
fashionpedia,train2020,36021,8365af422ecc0a7b1100ccbacb2f6e90.jpg,4,3,true,neckline|홀터넥,4.653,2,train,true
fashionpedia,train2020,36030,4b87aeff64584f0d9b20a0cfa61eddfa.jpg,4,3,true,sleeve_shape|퍼프 소매,6.207,2,train,true
fashionpedia,train2020,36031,5b409f7786f5860c64d53aa8d7a51a7b.jpg,4,3,true,pattern|스트라이프|lower_length|무릎 기장|category|가디건,7.985,2,train,true
fashionpedia,train2020,36036,de0a353438add8eb49f093f1cda2c715.jpg,4,3,true,neckline|스퀘어넥|lower_fit|스트레이트핏|lower_length|무릎 기장|pattern|플로럴,10.157,1,train,true
fashionpedia,train2020,36037,a0094270be1f20031e8ca3e7e783083e.jpg,4,3,true,neckline|보트넥|detail|프릴·러플,2.766,1,train,true
fashionpedia,train2020,36040,9c15ff658916457549ab3b6f73c78e6b.jpg,4,3,true,pattern|체크|category|셔츠|pattern|도트|category|재킷|collar|셔츠 칼라|collar|라펠 칼라,11.757,3,train,true
fashionpedia,train2020,36041,86368a7b13f9bd56b5edbd1a2b31c1a5.jpg,4,3,true,detail|프릴·러플|silhouette|X라인|lower_fit|플레어핏,4.019,1,train,true
fashionpedia,train2020,36043,136a32075ab4cd5afc643364baa6d0e3.jpg,4,3,true,neckline|보트넥|detail|리본,2.856,2,train,true
fashionpedia,train2020,36058,15c4b5bee97bf972ffe13390481157e1.jpg,4,3,true,detail|프릴·러플|lower_fit|플레어핏,2.653,1,train,true
fashionpedia,train2020,36072,6f7988d89b0886359c731e4538cdb131.jpg,4,3,true,silhouette|A라인|neckline|홀터넥,6.098,1,train,true
fashionpedia,train2020,36076,060db8880a766eba7a88548627834979.jpg,4,3,true,category|쇼츠|neckline|보트넥,2.532,2,train,true
fashionpedia,train2020,36081,2c8dc4c1a547470ab52f8cfda4e31266.jpg,4,3,true,neckline|홀터넥,4.653,2,train,true
fashionpedia,train2020,36088,07cb3c461a04eda1d334b4ef6092d60c.jpg,4,3,true,neckline|오프숄더|lower_length|미디·7부 기장|pattern|플로럴,7.143,1,train,true
fashionpedia,train2020,36098,73c4832ef4266ee517d361747b5ac122.jpg,4,3,true,neckline|오프숄더,4.626,1,train,true
fashionpedia,train2020,36113,2ab03bf1dd52da0e64ae6c8a1f9f0b2b.jpg,4,3,true,neckline|보트넥|detail|리본,2.856,1,train,true
fashionpedia,train2020,36129,d92b998efadf368fc310e3e35159b64e.jpg,4,3,true,category|베스트|neckline|V넥|collar|셔츠 칼라,8.393,3,train,true
fashionpedia,train2020,36137,4e36db59714ffb41461f265daffb305b.jpg,4,3,true,neckline|오프숄더|sleeve_length|7부 소매|silhouette|A라인,7.501,1,train,true
fashionpedia,train2020,36139,a2a8db00c0587c162c5eef78d9a0adaf.jpg,4,3,true,detail|프릴·러플|lower_fit|플레어핏,2.653,1,train,true
fashionpedia,train2020,36150,3afbaf92abee634824a9e452e0576bd2.jpg,4,3,true,lower_length|미디·7부 기장|lower_fit|와이드핏|detail|리본,7.706,2,train,true
fashionpedia,train2020,36156,4d178b34a0de85455a181f6f680935a6.jpg,4,3,true,category|코트|material|퍼·플리스,5.648,1,train,true
fashionpedia,train2020,36158,a9aab3fe36ec33ef780d6d1afa3af21a.jpg,4,3,true,silhouette|X라인|neckline|보트넥|pattern|플로럴|lower_fit|플레어핏,5.238,1,train,true
fashionpedia,train2020,36171,5f6f58077e572a3d35e30bb90e81195e.jpg,4,3,true,collar|셔츠 칼라|sleeve_shape|래글런 소매|category|재킷|collar|라펠 칼라,10.637,1,train,true
fashionpedia,train2020,36174,e036d876f2d5763d3ab998dc8e75d8e6.jpg,4,3,true,pattern|그래픽|silhouette|X라인|lower_fit|플레어핏,4.032,1,train,true
fashionpedia,train2020,36180,a3984ca3a3385580aceb36fcbfed9f38.jpg,4,3,true,category|쇼츠|pattern|그래픽,2.567,2,train,true
fashionpedia,train2020,36191,a8153b1ba75b84c21063b4bf574560de.jpg,4,3,true,sleeve_shape|캡 소매|pattern|그래픽,2.678,2,train,true
fashionpedia,train2020,36199,e90c13c2948ee2ce7df2c065e2903c10.jpg,4,3,true,lower_fit|슬림핏|collar|폴로 칼라,13.487,2,train,true
fashionpedia,train2020,36207,5b61c542918d0b1a63e7693b5263cb1a.jpg,4,3,true,pattern|체크|detail|리본|lower_fit|플레어핏,4.037,2,train,true
fashionpedia,train2020,36212,ac3b80d7cb38c1742d8d37065717b273.jpg,4,3,true,pattern|스트라이프|category|니트,2.719,3,train,true
fashionpedia,train2020,36230,098752f4c77c16de1a4cd88fa120c17a.jpg,4,3,true,silhouette|A라인|detail|플리츠|pattern|그래픽,4.346,1,train,true
fashionpedia,train2020,36231,63a001bedbe787e1e5a43b0afe406d68.jpg,4,3,true,collar|폴로 칼라,12.364,1,train,true
fashionpedia,train2020,36245,ce89dfd981d733f40796559366b1b1a7.jpg,4,3,true,collar|칼라 없음,5.641,1,train,true
fashionpedia,train2020,36250,f10e79c739614336fa8ecd8f35586830.jpg,4,3,true,pattern|스트라이프|category|니트,2.719,2,train,true
fashionpedia,train2020,36264,6b150fe907f6d4fb1e65cf12d069e8ab.jpg,4,3,true,neckline|보트넥|pattern|그래픽,2.778,1,train,true
fashionpedia,train2020,36268,0ac2aa7cb1299e97a5fa14df58e4cef7.jpg,4,3,true,category|코트|lower_length|미디·7부 기장|lower_fit|와이드핏,7.531,3,train,true
fashionpedia,train2020,36280,4c835f9e260135214a2d7675ec5391e1.jpg,4,3,true,lower_fit|슬림핏|category|셔츠|collar|라펠 칼라|category|재킷|category|베스트|neckline|V넥|collar|셔츠 칼라,13.334,4,train,true
fashionpedia,train2020,36283,61a5a8a9cc0412f9692cea0154dbdffd.jpg,4,3,true,neckline|라운드넥|detail|후드|silhouette|X라인|lower_fit|플레어핏,12.967,1,train,true
fashionpedia,train2020,36285,6272bd1a151d67af2ca9ca75cecaab24.jpg,4,3,true,detail|프릴·러플|lower_fit|플레어핏,2.653,1,train,true
fashionpedia,train2020,36290,71c2f526fb1b8c69e0b6bd402f3f656b.jpg,4,3,true,neckline|터틀넥,5.058,2,train,true
fashionpedia,train2020,36318,b063bf11e56d48d0a6e82bb91ead6a11.jpg,4,3,true,collar|스탠드 칼라,5.388,2,train,true
fashionpedia,train2020,36319,9a71d764a5d71aacdf1527d58e73de1f.jpg,4,3,true,detail|프릴·러플|neckline|V넥|silhouette|X라인|lower_fit|플레어핏,5.244,1,train,true
fashionpedia,train2020,36322,ea9c1ed5f4f185c6c9b7f5ab62d1858f.jpg,4,3,true,neckline|스퀘어넥,5.972,1,train,true
fashionpedia,train2020,36337,a420f178e99cd62119e2aa3d37b62132.jpg,4,3,true,category|코트|detail|후드,6.578,1,train,true
fashionpedia,train2020,36356,a9c9adc0f9efb197a33edc4f381815eb.jpg,4,3,true,silhouette|비대칭|detail|플리츠,2.814,1,train,true
fashionpedia,train2020,36363,acd592d1cdd25d812fcc4aae6ffe87e1.jpg,4,3,true,neckline|V넥|category|니트,2.582,4,train,true
fashionpedia,train2020,36370,98f800d8b04d4ca5a04a0a32b51ea74b.jpg,4,3,true,category|코트|material|퍼·플리스,5.648,1,train,true
fashionpedia,train2020,36374,bf4544e7bd8404b7b8656dab50195df3.jpg,4,3,true,category|가디건|neckline|V넥|collar|라펠 칼라,7.635,4,train,true
fashionpedia,train2020,36386,8cda751741b6de33e3b5944d069b55b0.jpg,4,3,true,category|코트|material|퍼·플리스,5.648,2,train,true
fashionpedia,train2020,36390,70bdfe30b9fa2933f3e6464b181bacac.jpg,4,3,true,category|점프수트|lower_length|미디·7부 기장,5.81,1,train,true
fashionpedia,train2020,36410,a20b335681fde18953370eb919c773a7.jpg,4,3,true,detail|프릴·러플|silhouette|X라인|lower_fit|플레어핏,4.019,1,train,true
fashionpedia,train2020,36420,0e98688bbe807fab5a4dfdc549839428.jpg,4,3,true,neckline|오프숄더|silhouette|X라인|lower_fit|플레어핏,7.251,1,train,true
fashionpedia,train2020,36429,331fdf4e131d51f8348edcf0edfd3da4.jpg,4,3,true,neckline|보트넥|detail|리본,2.856,2,train,true
fashionpedia,train2020,36442,9c292e2725848b82bfd6d3077ddd24fc.jpg,4,3,true,detail|리본|silhouette|X라인|lower_fit|플레어핏,4.109,1,train,true
fashionpedia,train2020,36449,8d324b8942c1d0c8c13ef4500217f9c3.jpg,4,3,true,sleeve_length|7부 소매|category|베스트,7.265,3,train,true
fashionpedia,train2020,36463,c228975a0ad8b4a50702b93281471acc.jpg,4,3,true,lower_length|미디·7부 기장|detail|스팽글|neckline|V넥,8.224,1,train,true
fashionpedia,train2020,36467,24ebe3468415ced3e455d74ce9497915.jpg,4,3,true,pattern|체크|detail|리본,2.778,3,train,true
fashionpedia,train2020,36469,28dbfdeca2321f94df2528a576a8979d.jpg,4,3,true,collar|폴로 칼라,12.364,1,train,true
fashionpedia,train2020,36479,28744e416e20c190109942cbda14347a.jpg,4,3,true,category|코트|detail|후드|collar|라펠 칼라,7.817,2,train,true
fashionpedia,train2020,36481,68e6b46a3b79b648b7eb35fbf8f1fc76.jpg,4,3,true,neckline|홀터넥,4.653,1,train,true
fashionpedia,train2020,36483,b730beed45357468e817aff29d9d8d4a.jpg,4,3,true,lower_fit|와이드핏|detail|리본,6.432,2,train,true
fashionpedia,train2020,36488,e05d2653899aed50af1eb6fce51dfb65.jpg,4,3,true,neckline|스퀘어넥,5.972,1,train,true
fashionpedia,train2020,36519,0abf1d552934f274544cc24a0d57c79e.jpg,4,3,true,lower_fit|와이드핏|neckline|V넥,6.172,2,train,true
fashionpedia,train2020,36521,24c9d821c7688033e4b20e611bafff8b.jpg,4,3,true,pattern|체크|neckline|V넥,2.519,3,train,true
fashionpedia,train2020,36524,3a40b474b2a6323376aa3da70f848d48.jpg,4,3,true,category|코트|collar|라펠 칼라|category|베스트,8.384,3,train,true
fashionpedia,train2020,36533,76c22c348d6296cf38c2f509653f9bd5.jpg,4,3,true,detail|플리츠|silhouette|X라인|lower_fit|플레어핏,4.12,1,train,true
fashionpedia,train2020,36535,065514755560374f12659c4f14d73ffc.jpg,4,3,true,neckline|홀터넥,4.653,1,train,true
fashionpedia,train2020,36537,af06f231ba2150610dbb1a447c96383d.jpg,4,3,true,neckline|오프숄더,4.626,1,train,true
fashionpedia,train2020,36538,43712788aa82d63059e5c5ae7d1c36dd.jpg,4,3,true,detail|프릴·러플|lower_fit|플레어핏,2.653,1,train,true
fashionpedia,train2020,36539,ceca400cdb4b7913d618829511f06a9e.jpg,4,3,true,neckline|홀터넥,4.653,1,train,true
fashionpedia,train2020,36551,6bc3f0c8d57454117bd0a588cde3393e.jpg,4,3,true,neckline|V넥|collar|스탠드 칼라,6.612,2,train,true
fashionpedia,train2020,36555,74edc56563424da349ba543a406213c4.jpg,4,3,true,detail|프릴·러플|silhouette|X라인|lower_fit|플레어핏,4.019,1,train,true
fashionpedia,train2020,36568,d428f289b71b68233be6118ada099a7f.jpg,4,3,true,category|점프수트|detail|리본,6.02,2,train,true
fashionpedia,train2020,36571,fe9baae40e0f35373f566c8de65730ba.jpg,4,3,true,detail|스팽글|silhouette|X라인|lower_fit|플레어핏,12.126,1,train,true
fashionpedia,train2020,36574,24b5a28aab83d3ad60bf710cba827d78.jpg,4,3,true,category|니트|pattern|체크,2.651,1,train,true
fashionpedia,train2020,36575,3ac90cfd558dcf5513fea7c835be2f09.jpg,4,3,true,detail|프릴·러플|lower_fit|플레어핏,2.653,2,train,true
fashionpedia,train2020,36576,09ad8781b955f1595a995de7a326824c.jpg,4,3,true,lower_fit|스트레이트핏|detail|스팽글|silhouette|X라인|lower_fit|플레어핏,13.616,1,train,true
fashionpedia,train2020,36584,ba773d312f0a8b63ccd21e104309ecc4.jpg,4,3,true,category|점프수트|pattern|체크,5.83,1,train,true
fashionpedia,train2020,36605,5575a346ca2847096c93b135cab3f389.jpg,4,3,true,detail|프릴·러플|lower_fit|플레어핏,2.653,1,train,true
fashionpedia,train2020,36608,cd7231400f34a87a4ed826f05a3f713e.jpg,4,3,true,neckline|오프숄더|silhouette|X라인|lower_fit|플레어핏,7.251,1,train,true
fashionpedia,train2020,36618,6df149c6dc4e2b6c3eb865c41a8a8cfa.jpg,4,3,true,neckline|보트넥|lower_fit|플레어핏,2.63,2,train,true
fashionpedia,train2020,36619,8b16c7f70507961b6d01655bc5e2f114.jpg,4,3,true,category|가디건|neckline|V넥,2.518,3,train,true
fashionpedia,train2020,36625,6a953cfed23c4f194bc4b597140a15ef.jpg,4,3,true,detail|스팽글|silhouette|X라인|lower_fit|플레어핏,12.126,1,train,true
fashionpedia,train2020,36634,178978f8355901e01ca49d21517bd3aa.jpg,4,3,true,pattern|체크|neckline|라운드넥|collar|스탠드 칼라,7.979,3,train,true
fashionpedia,train2020,36640,a2f939be88a6ee201bf18af4b2ade270.jpg,4,3,true,neckline|홀터넥|silhouette|X라인|lower_fit|플레어핏,7.278,1,train,true
fashionpedia,train2020,36644,355c76446809503aa560550f65896ce7.jpg,4,3,true,sleeve_shape|퍼프 소매,6.207,1,train,true
fashionpedia,train2020,36645,404f816ebc4ceed4aba7995e89ce5b25.jpg,4,3,true,pattern|스트라이프|pattern|그래픽,2.769,2,train,true
fashionpedia,train2020,36647,142c04bd5790b9c9fd307488a8d972c5.jpg,4,3,true,silhouette|A라인|pattern|애니멀|pattern|플로럴,7.486,1,train,true
fashionpedia,train2020,36648,2f346d85b09463bf97c3eb1fa30e0228.jpg,4,3,true,category|셔츠|detail|리본|lower_fit|와이드핏|upper_fit|여유핏|collar|셔츠 칼라|pattern|플로럴,11.867,2,train,true
fashionpedia,train2020,36652,f704daef6cd614192c884d56ef1bb586.jpg,4,3,true,detail|리본|silhouette|비대칭|silhouette|X라인|lower_fit|플레어핏,5.428,1,train,true
fashionpedia,train2020,36653,7131d7dfdd5c7ec9e4a36ed8be142908.jpg,4,3,true,category|코트|material|퍼·플리스|silhouette|A라인|collar|라펠 칼라,8.332,1,train,true
fashionpedia,train2020,36659,7090a984829fb0571469f04479caf6d8.jpg,4,3,true,sleeve_shape|래글런 소매|detail|리본,3.174,2,train,true
fashionpedia,train2020,36663,0d55e9741aa487cbfe25a309590cf342.jpg,4,3,true,sleeve_length|7부 소매|lower_length|미디·7부 기장|category|가디건,7.875,2,train,true
fashionpedia,train2020,36667,281f056863d0a41675515bdb14d797d7.jpg,4,3,true,neckline|홀터넥,4.653,1,train,true
fashionpedia,train2020,36669,0bdd6e0c00a1a6a894e3b64d26b296d2.jpg,4,3,true,silhouette|A라인|neckline|터틀넥,6.502,2,train,true
fashionpedia,train2020,36676,928da76ccb2bb4f89beb6c2873f6e86d.jpg,4,3,true,sleeve_shape|벌룬 소매|sleeve_length|7부 소매,7.044,1,train,true
fashionpedia,train2020,36680,4eaf36414211d8c7604fe3af758e9ea3.jpg,4,3,true,detail|리본|pattern|그래픽,2.891,2,train,true
fashionpedia,train2020,36686,60370a3a635cf95525f26cddada1873e.jpg,4,3,true,detail|리본|silhouette|X라인|lower_fit|플레어핏,4.109,1,train,true
fashionpedia,train2020,36696,2ce2e0b57b09f310d97f1a74bf7ccffe.jpg,4,3,true,pattern|플로럴|collar|칼라 없음,6.883,2,train,true
fashionpedia,train2020,36697,36cf1a1c521b56e77c4688a6aa3176e1.jpg,4,3,true,pattern|스트라이프|category|니트,2.719,3,train,true
fashionpedia,train2020,36698,451ed8d58bfd2cac2912c588c6fca6b3.jpg,4,3,true,neckline|홀터넥|silhouette|A라인,6.098,1,train,true
fashionpedia,train2020,36700,9875c2eb0a3b8b88427e2bf1e9c49c69.jpg,4,3,true,detail|프릴·러플|lower_fit|플레어핏,2.653,2,train,true
fashionpedia,train2020,36703,1bf51b26fd8dcb0fb22a0c3b0055fd84.jpg,4,3,true,category|코트|detail|후드|silhouette|A라인,8.022,1,train,true
fashionpedia,train2020,36705,368571b8c2552d9d94b5a5bdd5359d50.jpg,4,3,true,detail|리본|detail|프릴·러플|lower_fit|플레어핏,4.138,2,train,true
fashionpedia,train2020,36711,99e1846df13e615a6faa0b358027d048.jpg,4,3,true,category|쇼츠|pattern|도트,2.488,2,train,true
fashionpedia,train2020,36713,bd184e0c2b007ff9a8028b386ac6989e.jpg,4,3,true,detail|리본|lower_fit|플레어핏,2.743,1,train,true
fashionpedia,train2020,36716,3a32ece87e750c3b348bbcacc303276e.jpg,4,3,true,detail|프릴·러플|lower_fit|플레어핏,2.653,1,train,true
fashionpedia,train2020,36722,9d0437ba5fb96d8b68cd970cbfef69ac.jpg,4,3,true,detail|스팽글|collar|셔츠 칼라,7.058,3,train,true
fashionpedia,train2020,36735,5d72e1553f6ed2f3cd59da4076c23552.jpg,4,3,true,detail|리본|detail|프릴·러플|silhouette|A라인,4.323,2,train,true
fashionpedia,train2020,36750,30bd788d1a9c0c698037129107bca73b.jpg,4,3,true,sleeve_length|7부 소매|lower_length|미디·7부 기장|collar|스탠드 칼라,8.092,3,train,true
fashionpedia,train2020,36763,d48f7bbd5a2e75915eccf73ff6b52eb5.jpg,4,3,true,neckline|홀터넥,4.653,1,train,true
fashionpedia,train2020,36776,16571f6c775ef70e9fd41b8323f360ab.jpg,4,3,true,detail|리본|pattern|그래픽,2.891,2,train,true
fashionpedia,train2020,36780,d0ac906e7ffc2e91bd9f752e4ef1dd06.jpg,4,3,true,category|쇼츠|upper_fit|오버핏,7.561,2,train,true
fashionpedia,train2020,36786,e39ab05df543082f6a87f0295bab0afd.jpg,4,3,true,neckline|오프숄더|silhouette|X라인|lower_fit|플레어핏,7.251,1,train,true
fashionpedia,train2020,36792,b60b70bd021c2ac7b16d64898ff253a3.jpg,4,3,true,neckline|보트넥|silhouette|X라인|lower_fit|플레어핏,3.996,1,train,true
fashionpedia,train2020,36803,35066607fb749ac3d4ee2c9e63fcc3fd.jpg,4,3,true,neckline|라운드넥|silhouette|X라인|lower_fit|플레어핏|pattern|도트,13.011,1,train,true
fashionpedia,train2020,36807,bd2ddea4364b1b3fcf5e9bcd45af9228.jpg,4,3,true,category|코트|detail|플리츠,2.804,1,train,true
fashionpedia,train2020,36811,babf209ef85a80787264b19f94e3895d.jpg,4,3,true,category|점프수트|pattern|스트라이프|collar|라펠 칼라,7.138,3,train,true
fashionpedia,train2020,36814,dd7dc16479a76a18a750665aa5569407.jpg,4,3,true,silhouette|A라인|silhouette|X라인|lower_fit|플레어핏,4.069,1,train,true
fashionpedia,train2020,36820,831466364951ece19a445b74d0bfa4f1.jpg,4,3,true,lower_fit|슬림핏|category|셔츠|sleeve_length|7부 소매|lower_length|무릎 기장|pattern|플로럴|collar|칼라 없음,12.163,2,train,true
fashionpedia,train2020,36828,c99a0bfbfc1f776293d0bbc2c391ed19.jpg,4,3,true,lower_length|무릎 기장|sleeve_shape|벨 소매|collar|셔츠 칼라,8.119,1,train,true
fashionpedia,train2020,36833,eaf27dc7751887671685e35674bf1557.jpg,4,3,true,silhouette|H라인|lower_fit|스트레이트핏|lower_length|무릎 기장|collar|피터팬 칼라,23.253,1,train,true
fashionpedia,train2020,36834,dc0a4038c83f61b42a0a839f4736df6a.jpg,4,3,true,detail|스팽글|silhouette|A라인,7.169,1,train,true
fashionpedia,train2020,36836,8479e3d248fbdce5ada13054d74c8883.jpg,4,3,true,category|가디건|detail|플리츠,2.788,3,train,true
fashionpedia,train2020,36839,18567ba39fab05835e404dae1d6a1c2a.jpg,4,3,true,sleeve_length|민소매|silhouette|X라인|lower_fit|플레어핏,18.401,1,train,true
fashionpedia,train2020,36847,76d04edbd5ca2585d60541f4c7a6de20.jpg,4,3,true,collar|스탠드 칼라|collar|셔츠 칼라|collar|라펠 칼라,7.961,2,train,true
fashionpedia,train2020,36848,d971895df8b3b12e13e3a13045372c65.jpg,4,3,true,category|베스트|neckline|V넥,7.06,2,train,true
fashionpedia,train2020,36849,450a458e53952119ac6dd917ea060bbd.jpg,4,3,true,pattern|스트라이프|collar|폴로 칼라,13.726,1,train,true
fashionpedia,train2020,36852,d94d1d1c1deac0f69a5054a0138802ae.jpg,4,3,true,silhouette|비대칭|lower_fit|플레어핏,2.578,1,train,true
fashionpedia,train2020,36869,6389c1b74bc00ae2123fb05997bf1b17.jpg,4,3,true,pattern|플로럴|neckline|오프숄더,5.868,1,train,true
fashionpedia,train2020,36883,25a8142d254cc8edc14733ff1b383d95.jpg,4,3,true,sleeve_shape|벌룬 소매|pattern|플로럴,6.856,1,train,true
fashionpedia,train2020,36913,cca03a303eaae65ecf34c31286b766cb.jpg,4,3,true,sleeve_shape|퍼프 소매|silhouette|X라인|lower_fit|플레어핏,12.608,1,train,true
fashionpedia,train2020,36914,a16cbad9b96324237b9d4c13e1c4c52d.jpg,4,3,true,neckline|보트넥|lower_fit|플레어핏,2.63,1,train,true
fashionpedia,train2020,36917,f2343c4d48468ff236cb0b8d72ebd5f8.jpg,4,3,true,category|코트|collar|스탠드 칼라,6.697,3,train,true
fashionpedia,train2020,36926,3bf860e18f9a0d19092383195a7db081.jpg,4,3,true,silhouette|A라인|collar|셔츠 칼라|pattern|도트,8.09,1,train,true
fashionpedia,train2020,36940,e6541e5e6593fa2ace2e6ed8ae013eeb.jpg,4,3,true,collar|스탠드 칼라,5.388,1,train,true
fashionpedia,train2020,36943,4867284bd557991e363b0a0837d79979.jpg,4,3,true,collar|폴로 칼라,12.364,1,train,true
fashionpedia,train2020,36952,5ef78756654dcd71e12f105351ac68ae.jpg,4,3,true,lower_fit|슬림핏|sleeve_shape|래글런 소매|silhouette|H라인|lower_fit|스트레이트핏|lower_length|무릎 기장|neckline|V넥,13.303,2,train,true
fashionpedia,train2020,36956,70b0caae9fd67c0bd45a003b3442f7cc.jpg,4,3,true,neckline|라운드넥|detail|후드|silhouette|X라인|lower_fit|플레어핏,12.967,2,train,true
fashionpedia,train2020,36963,879018ed6014f0ff6b87a4c97aa0ca16.jpg,4,3,true,sleeve_length|7부 소매|lower_fit|와이드핏,6.378,2,train,true
fashionpedia,train2020,36971,cde7c85f7cfd89e877b11cb663f4900f.jpg,4,3,true,detail|스팽글,5.725,2,train,true
fashionpedia,train2020,36978,abd22a59a5c9f032e1dfc770259eb146.jpg,4,3,true,category|셔츠|sleeve_length|7부 소매|category|베스트|collar|셔츠 칼라|collar|라펠 칼라,11.113,3,train,true
fashionpedia,train2020,36987,e7bc5a44c2742fab5ad9d678e7fb8502.jpg,4,3,true,lower_length|미디·7부 기장|detail|플리츠|silhouette|X라인|lower_fit|플레어핏,5.394,1,train,true
fashionpedia,train2020,37002,cd984565b4aa4ec6bcd879888294151f.jpg,4,3,true,detail|리본|detail|플리츠|silhouette|X라인|lower_fit|플레어핏,5.604,1,train,true
fashionpedia,train2020,37019,97f38550bea382e5903c65cc2b6ba5aa.jpg,4,3,true,collar|폴로 칼라,12.364,1,train,true
fashionpedia,train2020,37034,f55035f9c7208e3b1f8f069d13269796.jpg,4,3,true,detail|리본|silhouette|X라인|lower_fit|플레어핏,4.109,1,train,true
fashionpedia,train2020,37035,afeeb4a3a398978cc79c715a722cb2ec.jpg,4,3,true,sleeve_shape|퍼프 소매|silhouette|A라인,7.651,1,train,true
fashionpedia,train2020,37043,d5a7cc43ca50f7c32ab36b0946f92edb.jpg,4,3,true,lower_fit|와이드핏|detail|플리츠,6.442,1,train,true
fashionpedia,train2020,37054,f7303e5b824a66239e6afcd87a8ef62f.jpg,4,3,true,neckline|오프숄더|sleeve_length|7부 소매|lower_length|미디·7부 기장,7.331,2,train,true
fashionpedia,train2020,37062,4a7f241edf493c5de21369d35e1696d5.jpg,4,3,true,detail|스팽글,5.725,2,train,true
fashionpedia,train2020,37067,26fc2d4061d7fe31a325dda1665a3d4f.jpg,4,3,true,detail|플리츠|pattern|도트,2.823,1,train,true
fashionpedia,train2020,37073,1b4ff58070e2090c7258fddcf99459fc.jpg,4,3,true,detail|프릴·러플|silhouette|X라인|lower_fit|플레어핏,4.019,1,train,true
fashionpedia,train2020,37100,cda38ad3db04d28d0ec1a8b2cac57c98.jpg,5,3,true,neckline|스퀘어넥,5.972,1,train,true
fashionpedia,train2020,37102,175f93c710a36631a990121f44dacd09.jpg,5,3,true,neckline|홀터넥,4.653,1,train,true
fashionpedia,train2020,37116,69012a4cc39be6085bf4d86f736ccb39.jpg,5,3,true,sleeve_shape|벨 소매|neckline|V넥,6.558,1,train,true
fashionpedia,train2020,37122,f8766ce99a2d503d3d97a4e4caf56cab.jpg,5,3,true,sleeve_shape|래글런 소매|detail|리본,3.174,2,train,true
fashionpedia,train2020,37125,476434645eebf3bd45d2d9ff9ae6e9fe.jpg,5,3,true,category|쇼츠|detail|후드,6.429,2,train,true
fashionpedia,train2020,37132,bf998cd3e13cebe12f9d62ae616b89c3.jpg,5,3,true,category|베스트,5.835,3,train,true
fashionpedia,train2020,37135,cf1feb18fa7bd7dfa00ac490b2690592.jpg,5,3,true,detail|프릴·러플|lower_fit|스트레이트핏|detail|스팽글|silhouette|X라인|lower_fit|플레어핏,15.011,1,train,true
fashionpedia,train2020,37136,1bb5318ad79c62d1488e2e8ae487ea31.jpg,5,3,true,detail|프릴·러플|silhouette|X라인|lower_fit|플레어핏,4.019,1,train,true
fashionpedia,train2020,37144,65a874b8dc8b77801b7dd7c7c86012ed.jpg,5,3,true,neckline|홀터넥|silhouette|X라인|lower_fit|플레어핏,7.278,1,train,true
fashionpedia,train2020,37147,1c7ea6fec13fc6cc14a7e6f4ee1297d6.jpg,5,3,true,category|코트|detail|후드|collar|셔츠 칼라,7.911,3,train,true
fashionpedia,train2020,37162,c453fa52f15c7cfd7662c20f4fe23f04.jpg,5,3,true,pattern|스트라이프|category|니트,2.719,3,train,true
fashionpedia,train2020,37167,450f56bf5be2f7c851358ef8ca580f91.jpg,5,3,true,neckline|터틀넥|detail|플리츠,6.553,2,train,true
fashionpedia,train2020,37173,2ce4ab42790aa8571e8a24d2a938abd4.jpg,5,3,true,neckline|홀터넥,4.653,1,train,true
fashionpedia,train2020,37187,9988a2ea1d783987bba18333d743e9dc.jpg,5,3,true,detail|리본|detail|플리츠,2.979,1,train,true
fashionpedia,train2020,37189,ba45bfb1cf98b0dc09beeccd1b49eb97.jpg,5,3,true,category|가디건|neckline|V넥,2.518,1,train,true
fashionpedia,train2020,37204,91da93129f8fc08f9867a193a828cc11.jpg,5,3,true,category|쇼츠|pattern|그래픽,2.567,3,train,true
fashionpedia,train2020,37214,a46e38ca413bf77cb4fe942dc7e99067.jpg,5,3,true,detail|리본|silhouette|X라인|lower_fit|플레어핏,4.109,2,train,true
fashionpedia,train2020,37215,13d543811aeeb5e50b66eea712d863fc.jpg,5,3,true,detail|프릴·러플|lower_fit|플레어핏,2.653,1,train,true
fashionpedia,train2020,37222,12ab3d5145fdc5f061bdaf9215bc1d19.jpg,5,3,true,detail|플리츠|silhouette|X라인|lower_fit|플레어핏,4.12,1,train,true
fashionpedia,train2020,37223,c311560c60f584047246ca79f1af55b1.jpg,5,3,true,pattern|체크|detail|리본,2.778,1,train,true
fashionpedia,train2020,37225,4e36812423a57c6eb7a235d207db690a.jpg,5,3,true,category|코트|sleeve_shape|래글런 소매|lower_length|미디·7부 기장|collar|라펠 칼라,10.583,3,train,true
fashionpedia,train2020,37227,683cc96e7bd2d44e2e6900a7bcfcbef2.jpg,5,3,true,detail|리본|silhouette|비대칭,2.803,1,train,true
fashionpedia,train2020,37241,ea41b2a0be070a9e87a470bab02ef9f9.jpg,5,3,true,neckline|보트넥|lower_fit|플레어핏,2.63,1,train,true
fashionpedia,train2020,37242,b8402bab0167eb913db561e942c9fe20.jpg,5,3,true,detail|리본|category|점프수트,6.02,1,train,true
fashionpedia,train2020,37246,f89f84ea02f35a46276e3baa491797ed.jpg,5,3,true,silhouette|비대칭|lower_fit|플레어핏,2.578,1,train,true
fashionpedia,train2020,37250,884c665521dd2c535ba447402fbf522d.jpg,5,3,true,collar|스탠드 칼라,5.388,1,train,true
fashionpedia,train2020,37253,666080877fd02643fcbe34129f0db2e5.jpg,5,3,true,pattern|애니멀,4.8,1,train,true
fashionpedia,train2020,37258,01df60a46efa40fef58b7a8b2bfd6707.jpg,5,3,true,sleeve_shape|래글런 소매|pattern|스트라이프,3.052,1,train,true
fashionpedia,train2020,37264,afcf0671281b772ffdda8940a7956dab.jpg,5,3,true,collar|폴로 칼라,12.364,2,train,true
fashionpedia,train2020,37272,8ad280f9af5b4b8ff538f4c6701303b0.jpg,5,3,true,neckline|스퀘어넥|silhouette|X라인|lower_fit|플레어핏,12.373,1,train,true
fashionpedia,train2020,37274,fee0c0d1d8c7647facba3b0b297d416c.jpg,5,3,true,detail|플리츠|silhouette|비대칭|pattern|플로럴,4.056,1,train,true
fashionpedia,train2020,37275,a7ad71ef7f4a5dfe96dfe6216c162575.jpg,5,3,true,neckline|보트넥|detail|리본,2.856,2,train,true
fashionpedia,train2020,37276,73761704fa1260473a4b187a5817291f.jpg,5,3,true,neckline|보트넥|detail|리본,2.856,1,train,true
fashionpedia,train2020,37284,3e2b86a5854089675be4f063c924d7fd.jpg,5,3,true,neckline|오프숄더|sleeve_length|7부 소매|lower_length|미디·7부 기장|lower_fit|스트레이트핏|lower_length|무릎 기장,10.274,1,train,true
fashionpedia,train2020,37289,6d273caa245ea45f90c28ea2c00c667e.jpg,5,3,true,category|코트|material|퍼·플리스,5.648,1,train,true
fashionpedia,train2020,37295,82b5174b08af8e6cf9b5ded867b19647.jpg,5,3,true,category|가디건|neckline|V넥,2.518,1,train,true
fashionpedia,train2020,37306,6a8a3eb5a629fd2ec627b18b10c65b2c.jpg,5,3,true,neckline|홀터넥|silhouette|X라인|lower_fit|플레어핏,7.278,1,train,true
fashionpedia,train2020,37315,e23f3d9d4941341e42c0f78fbd912ff5.jpg,5,3,true,detail|리본|silhouette|X라인|lower_fit|플레어핏,4.109,1,train,true
fashionpedia,train2020,37322,677026eb909512db7bc5a07bb1a530ce.jpg,5,3,true,pattern|그래픽|silhouette|X라인|lower_fit|플레어핏,4.032,1,train,true
fashionpedia,train2020,37334,bf510bff043766575d81cf6830136b08.jpg,5,3,true,category|셔츠|category|재킷|detail|플리츠|collar|셔츠 칼라|collar|칼라 없음,11.047,3,train,true
fashionpedia,train2020,37351,049da7a199dc0fb19b1bb0bb97054e5e.jpg,5,3,true,neckline|홀터넥|silhouette|X라인|lower_fit|플레어핏,7.278,1,train,true
fashionpedia,train2020,37353,1ceef7a88a8164edab7d531ced73bbf6.jpg,5,3,true,detail|리본|silhouette|X라인|lower_fit|플레어핏,4.109,1,train,true
fashionpedia,train2020,37362,e6ce26f03018b31f63fab0b1c899d1d0.jpg,5,3,true,detail|프릴·러플|silhouette|X라인|lower_fit|플레어핏,4.019,1,train,true
fashionpedia,train2020,37383,6f8ee411406f02f84a5f6a1375846292.jpg,5,3,true,neckline|오프숄더|lower_length|미디·7부 기장,5.901,2,train,true
fashionpedia,train2020,37388,843bec0bfdb9be2854f602c35dca8a18.jpg,5,3,true,lower_length|미디·7부 기장|silhouette|A라인|pattern|플로럴|pattern|도트,9.272,1,train,true
fashionpedia,train2020,37397,4b2951e9cadeccf043c0452ec38060f0.jpg,5,3,true,neckline|터틀넥,5.058,1,train,true
fashionpedia,train2020,37401,729700c7b6cde48b6da75f472186799d.jpg,5,3,true,sleeve_shape|벌룬 소매|silhouette|A라인,7.058,1,train,true
fashionpedia,train2020,37405,73b47e2e3e29d31c5a30f9b9e6320a42.jpg,5,3,true,lower_fit|슬림핏|category|코트|lower_length|미디·7부 기장|lower_length|무릎 기장|upper_fit|여유핏|category|가디건|collar|셔츠 칼라|collar|라펠 칼라,14.488,4,train,true
fashionpedia,train2020,37408,64d702c290ea89df03965550a9b7cc23.jpg,5,3,true,pattern|스트라이프|pattern|그래픽,2.769,1,train,true
fashionpedia,train2020,37420,0d4ec216869a395c9f31627872996510.jpg,5,3,true,collar|칼라 없음,5.641,2,train,true
fashionpedia,train2020,37424,d7395a99a7775dc11aa5619ec10eb325.jpg,5,3,true,category|코트|material|퍼·플리스,5.648,1,train,true
fashionpedia,train2020,37443,2ad8de05dd6846fd85b402755cb90a10.jpg,5,3,true,neckline|스퀘어넥|silhouette|X라인|lower_length|무릎 기장|pattern|플로럴|lower_fit|플레어핏,15.067,1,train,true
fashionpedia,train2020,37462,e450f121c9bee7a970e1a2460bfb83da.jpg,5,3,true,category|점프수트,4.536,2,train,true
fashionpedia,train2020,37463,cdd6026c521bfbc7498e4423068542a6.jpg,5,3,true,category|코트|lower_fit|스트레이트핏|lower_length|무릎 기장|collar|칼라 없음,9.894,2,train,true
fashionpedia,train2020,37469,78789f63e72f84b4aad3a3dfda4fda05.jpg,5,3,true,detail|프릴·러플|lower_fit|플레어핏,2.653,1,train,true
fashionpedia,train2020,37482,a56cb613ae53f03c5837173304e3bebe.jpg,5,3,true,detail|리본|sleeve_shape|퍼프 소매,7.691,1,train,true
fashionpedia,train2020,37484,e4d59041603de153cfb2938be0173747.jpg,5,3,true,neckline|V넥|category|니트,2.582,3,train,true
fashionpedia,train2020,37488,5f339b9bb03f15ea73eb964abaa03f42.jpg,5,3,true,neckline|스퀘어넥,5.972,1,train,true
fashionpedia,train2020,37498,ba71a04cd33bd318a8e836237767371a.jpg,5,3,true,pattern|그래픽|lower_fit|플레어핏,2.666,2,train,true
fashionpedia,train2020,37512,29da07c1f9ead142ff198a781d354f3e.jpg,5,3,true,detail|리본|silhouette|비대칭,2.803,1,train,true
fashionpedia,train2020,37515,8e76da17d334abfeefad89bb7e31664f.jpg,5,3,true,detail|프릴·러플|silhouette|X라인|lower_fit|플레어핏,4.019,1,train,true
fashionpedia,train2020,37516,248c26db1b0c118b6749592619e94f25.jpg,5,3,true,neckline|보트넥|lower_fit|플레어핏,2.63,1,train,true
fashionpedia,train2020,37518,cc850468007609bdc455c1dd54113dba.jpg,5,3,true,neckline|오프숄더,4.626,1,train,true
fashionpedia,train2020,37532,5c78281c4d3448558960b84168ccbac1.jpg,5,3,true,material|퍼·플리스,4.339,1,train,true
fashionpedia,train2020,37536,653638127fd7c3170e84c498888e2200.jpg,5,3,true,category|가디건|detail|플리츠|lower_fit|플레어핏|collar|라펠 칼라,12.94,3,train,true
fashionpedia,train2020,37540,1c74b975e5d7d2f3c8e5835ce3aab3a9.jpg,5,3,true,category|코트|pattern|애니멀|neckline|V넥|collar|라펠 칼라,8.574,3,train,true
fashionpedia,train2020,37544,0b28278e42b6832b586bb475a9caca55.jpg,5,3,true,category|코트|material|퍼·플리스,5.648,2,train,true
fashionpedia,train2020,37566,69c4d8f5acd98a68d91bcbfb0892674c.jpg,5,3,true,neckline|오프숄더|silhouette|X라인|lower_fit|플레어핏,7.251,1,train,true
fashionpedia,train2020,37568,44110b47e7aabcb1d26e538adc579832.jpg,5,3,true,silhouette|A라인|pattern|체크|detail|플리츠,4.233,1,train,true
fashionpedia,train2020,37570,44a074b769e5088b459f72761fb93461.jpg,5,3,true,silhouette|비대칭|lower_fit|플레어핏,2.578,1,train,true
fashionpedia,train2020,37571,dba891219d8a5d561a3fea092318d6e6.jpg,5,3,true,neckline|오프숄더,4.626,1,train,true
fashionpedia,train2020,37577,e3225435ad98d582564ca3591faa4c98.jpg,5,3,true,neckline|스퀘어넥,5.972,1,train,true
fashionpedia,train2020,37589,3c19d73a94e57afb9e6a465495dc1294.jpg,5,3,true,pattern|스트라이프|collar|칼라 없음,7.003,2,train,true
fashionpedia,train2020,37591,98f1b69c43f3f725af6bd6c9cde2a1a1.jpg,5,3,true,neckline|보트넥|silhouette|X라인|lower_fit|플레어핏,3.996,1,train,true
fashionpedia,train2020,37592,1fc826d40d4bce060438322300ba01e6.jpg,5,3,true,sleeve_length|7부 소매|lower_length|무릎 기장|collar|칼라 없음,8.524,2,train,true
fashionpedia,train2020,37595,873ec68161f7155f4d58a52a8868358d.jpg,5,3,true,sleeve_shape|퍼프 소매|lower_length|무릎 기장|silhouette|X라인|lower_fit|플레어핏,14.06,1,train,true
fashionpedia,train2020,37596,963b16b2fd92dfc920dcccd66addbd28.jpg,5,3,true,collar|칼라 없음,5.641,3,train,true
fashionpedia,train2020,37601,8c5adb6a919b6ec9350175cd27d02ce3.jpg,5,3,true,silhouette|비대칭|lower_fit|플레어핏,2.578,1,train,true
fashionpedia,train2020,37613,94776f5d0da8ea0f0456d85d25221c20.jpg,5,3,true,neckline|스퀘어넥,5.972,2,train,true
fashionpedia,train2020,37617,879d9d97d758878c0528e7eab38c0b69.jpg,5,3,true,collar|폴로 칼라,12.364,1,train,true
fashionpedia,train2020,37642,57ad353db87ab44616a971c1019ce84d.jpg,5,3,true,category|가디건|neckline|V넥,2.518,1,train,true
fashionpedia,train2020,37654,88a29c39c1e62b5d3a8d3afa2bc5d5d0.jpg,5,3,true,lower_length|미디·7부 기장|category|점프수트,5.81,1,train,true
fashionpedia,train2020,37664,7685ff084b060c704df2af559d7378ef.jpg,5,3,true,pattern|플로럴|category|점프수트,5.778,1,train,true
fashionpedia,train2020,37670,8ae4862f30e4f878492741fc0fc65ce2.jpg,5,3,true,detail|스팽글,5.725,1,train,true
fashionpedia,train2020,37687,073ad56eff2e0856d655f8bb99e596c3.jpg,5,3,true,detail|리본|silhouette|X라인|lower_fit|플레어핏,4.109,2,train,true
fashionpedia,train2020,37688,9aa3dd009c41c77a4f0cd97ade40ae95.jpg,5,3,true,detail|프릴·러플|lower_fit|플레어핏,2.653,1,train,true
fashionpedia,train2020,37707,83e9abd96f4bd54ca4e6f50253f6ba15.jpg,5,3,true,detail|플리츠|silhouette|X라인|lower_fit|플레어핏,4.12,1,train,true
fashionpedia,train2020,37711,5bda6243ec764182d810d8afd9a570aa.jpg,5,3,true,lower_length|미디·7부 기장|detail|플리츠|silhouette|X라인|lower_fit|플레어핏,5.394,1,train,true
fashionpedia,train2020,37714,b8dd64fe8173064e68656c69b9cef95e.jpg,5,3,true,pattern|스트라이프|detail|플리츠,2.857,1,train,true
fashionpedia,train2020,37722,2329077da124ece01e5af76f4a4f607c.jpg,5,3,true,neckline|V넥|pattern|그래픽,2.632,1,train,true
fashionpedia,train2020,37727,1d1c498aae73f240f1da978df49e473d.jpg,5,3,true,collar|칼라 없음,5.641,2,train,true
fashionpedia,train2020,37728,350dd95bdb4ec0a1bf342373327af7f8.jpg,5,3,true,category|점프수트,4.536,1,train,true
fashionpedia,train2020,37732,29da9486469836ab05c37e4bcf9ef1b5.jpg,5,3,true,pattern|체크|detail|리본,2.778,4,train,true
fashionpedia,train2020,37745,5ab96102334468cba71dcfc12d8d37c0.jpg,5,3,true,neckline|오프숄더|silhouette|A라인,6.071,1,train,true
fashionpedia,train2020,37749,128f723a1af2823d68bf3e31961eac44.jpg,5,3,true,detail|리본|silhouette|X라인|lower_fit|플레어핏,4.109,1,train,true
fashionpedia,train2020,37753,f5339596d29e65c4ebe645832ab5e819.jpg,5,3,true,sleeve_length|7부 소매|silhouette|X라인|lower_fit|플레어핏|pattern|도트,13.143,1,train,true
fashionpedia,train2020,37755,3892703cf1e7f6a3cc1892fcb3daedae.jpg,5,3,true,detail|리본|pattern|그래픽,2.891,1,train,true
fashionpedia,train2020,37757,caa9107606994100be6986491349a194.jpg,5,3,true,pattern|스트라이프|silhouette|A라인|pattern|플로럴,4.048,1,train,true
fashionpedia,train2020,37759,e8f81e4302622e08c0753eaf64c9f696.jpg,5,3,true,pattern|애니멀|collar|셔츠 칼라|collar|라펠 칼라,7.373,3,train,true
fashionpedia,train2020,37770,47c24a88500949c52778437b845d23ce.jpg,5,3,true,silhouette|O라인,18.0,1,train,true
fashionpedia,train2020,37787,faa990558e46ccb37b0c4b4762c55979.jpg,5,3,true,pattern|스트라이프|category|니트,2.719,1,train,true
fashionpedia,train2020,37797,56d9bf2a86433ee43c68781348cd9bc4.jpg,5,3,true,neckline|터틀넥,5.058,2,train,true
fashionpedia,train2020,37798,70138adf07e60eb09a495f22e150d103.jpg,5,3,true,category|쇼츠|neckline|홀터넥,5.814,2,train,true
fashionpedia,train2020,37799,bf5438adcd28ad11afa28a47b99c5842.jpg,5,3,true,collar|칼라 없음,5.641,3,train,true
fashionpedia,train2020,37804,9cc9327b29294aab041f977ef1f62380.jpg,5,3,true,collar|칼라 없음|lower_fit|플레어핏|silhouette|X라인,12.042,1,train,true
fashionpedia,train2020,37827,3cf0095147306effa7544c1ba117d8de.jpg,5,3,true,detail|프릴·러플|silhouette|X라인|lower_fit|플레어핏,4.019,1,train,true
fashionpedia,train2020,37828,9beefa4167df0deaee060ad5dfa2be7f.jpg,5,3,true,neckline|V넥|category|니트,2.582,1,train,true
fashionpedia,train2020,37829,79367b6db5d700127137a8ab0a494526.jpg,5,3,true,pattern|그래픽|category|니트,2.764,1,train,true
fashionpedia,train2020,37838,73d9c8c4e97e4bd6f428babdf160d020.jpg,5,3,true,category|셔츠|lower_fit|스트레이트핏|collar|라펠 칼라|category|재킷|collar|스탠드 칼라,10.696,3,train,true
fashionpedia,train2020,37841,90589368c017885dd74cc748e05150e6.jpg,5,3,true,sleeve_shape|퍼프 소매|collar|셔츠 칼라,7.54,1,train,true
fashionpedia,train2020,37849,32fdaec3b62bfc2ea8ecb41c72d4d80f.jpg,5,3,true,category|코트|detail|후드|collar|라펠 칼라,7.817,3,train,true
fashionpedia,train2020,37851,51978713b95bbebfdae192497140c7e8.jpg,5,3,true,category|베스트|neckline|V넥,7.06,3,train,true
fashionpedia,train2020,37854,4e86db656b41eefc352302b210317e64.jpg,5,3,true,pattern|스트라이프|pattern|플로럴|lower_fit|플레어핏,3.862,2,train,true
fashionpedia,train2020,37855,09f7a5fd6008c475433d4ddc6447fdc5.jpg,5,3,true,neckline|스퀘어넥|category|쇼츠,7.132,2,train,true
fashionpedia,train2020,37859,f20eef0275884df087aefc827000488a.jpg,5,3,true,category|점프수트|sleeve_length|7부 소매,5.966,2,train,true
fashionpedia,train2020,37864,4adc101b1deb89f2c00d3072013aa9c0.jpg,5,3,true,neckline|홀터넥|silhouette|X라인|lower_fit|플레어핏,7.278,1,train,true
fashionpedia,train2020,37868,6c6284439b7981e5c07a803121d2d07f.jpg,5,3,true,category|셔츠|collar|라펠 칼라|category|재킷|category|베스트|neckline|V넥,10.878,4,train,true
fashionpedia,train2020,37872,fbbf52a745e032b6fde87fdc99bbc9a1.jpg,5,3,true,category|가디건|neckline|V넥,2.518,4,train,true
fashionpedia,train2020,37877,f4ef388bf14aaeaa76990801070960c9.jpg,5,3,true,sleeve_shape|퍼프 소매,6.207,1,train,true
fashionpedia,train2020,37880,b179430638fa3597926d05a251a4cb79.jpg,5,3,true,neckline|라운드넥|lower_length|무릎 기장|category|가디건,7.921,3,train,true
fashionpedia,train2020,37894,d8eac7c4a9027d3cdfaf4c0cc193716a.jpg,5,3,true,neckline|오프숄더|lower_length|미디·7부 기장,5.901,2,train,true
fashionpedia,train2020,37897,8ca1bfbc30074f4bee99b9d910e21713.jpg,5,3,true,detail|프릴·러플|silhouette|X라인|lower_fit|플레어핏,4.019,1,train,true
fashionpedia,train2020,37899,cb72b2fcfd26f42db082bb7be2704a3f.jpg,5,3,true,silhouette|X라인|silhouette|비대칭|pattern|플로럴|lower_fit|플레어핏,5.186,1,train,true
fashionpedia,train2020,37911,417f8c70236a403e1c0c17b9cbee7c52.jpg,5,3,true,pattern|스트라이프|silhouette|X라인|lower_fit|플레어핏,3.986,1,train,true
fashionpedia,train2020,37921,cc51a9dbabcb0258dfe830008889c5b6.jpg,5,3,true,category|가디건|neckline|V넥,2.518,1,train,true
fashionpedia,train2020,37925,382072b1c55ab557013008160fb10d02.jpg,5,3,true,sleeve_length|7부 소매|lower_fit|스트레이트핏|category|재킷|collar|칼라 없음,9.865,2,train,true
fashionpedia,train2020,37926,44568440824d9257ca2d3be0d21da948.jpg,5,3,true,detail|리본|silhouette|X라인|lower_fit|플레어핏,4.109,1,train,true
fashionpedia,train2020,37928,bc1a6a42a850a799112ee3cff1c61bda.jpg,5,3,true,category|코트|category|셔츠|sleeve_shape|래글런 소매|collar|셔츠 칼라|collar|라펠 칼라,11.917,2,train,true
fashionpedia,train2020,37930,b63bff0c47aaba353c55371caa26c643.jpg,5,3,true,category|코트|lower_length|무릎 기장|collar|칼라 없음,8.403,3,train,true
fashionpedia,train2020,37931,060a7ed10666f5ca64a082eec24478dd.jpg,5,3,true,category|코트|category|점프수트,5.845,2,train,true
fashionpedia,train2020,37934,35c67e0adaa3cae2d5169df93c3ec097.jpg,5,3,true,neckline|홀터넥,4.653,1,train,true
fashionpedia,train2020,37941,4a7d02569e426c516001d470b17eaeeb.jpg,5,3,true,category|베스트,5.835,4,train,true
fashionpedia,train2020,37946,cfafdc3ce27e4ffc0f44cb4967ef39aa.jpg,5,3,true,category|베스트|neckline|V넥,7.06,2,train,true
fashionpedia,train2020,37947,3ecc69eef2483e64e747906508b456d7.jpg,5,3,true,detail|프릴·러플|silhouette|X라인|lower_fit|플레어핏,4.019,1,train,true
fashionpedia,train2020,37948,da8fd997518c123730154e1322015b65.jpg,5,3,true,category|코트|pattern|체크|detail|후드|collar|셔츠 칼라,9.205,4,train,true
fashionpedia,train2020,37963,9b455b2a8e07de7717442f762740aa1a.jpg,5,3,true,category|베스트|neckline|V넥,7.06,1,train,true
fashionpedia,train2020,37980,2015462c12595667062c14678e8bbb54.jpg,5,3,true,sleeve_shape|벌룬 소매,5.614,1,train,true
fashionpedia,train2020,37982,8b087c01f81eeee437ae70266d11dc2f.jpg,5,3,true,detail|플리츠|silhouette|X라인|lower_fit|플레어핏,4.12,1,train,true
fashionpedia,train2020,37998,6cf7e667935fa908008e87613da92283.jpg,5,3,true,detail|프릴·러플|lower_fit|플레어핏,2.653,1,train,true
fashionpedia,train2020,38003,59b6c452fa45f2cfee8249a1bb20f980.jpg,5,3,true,lower_fit|슬림핏|pattern|스트라이프|collar|폴로 칼라,14.849,1,train,true
fashionpedia,train2020,38017,281f3775e465053225c6b6b9d841f8d2.jpg,5,3,true,category|코트|detail|플리츠,2.804,3,train,true
fashionpedia,train2020,38027,956eee91eae0d29a468002afbcad382a.jpg,5,3,true,neckline|V넥|category|니트,2.582,2,train,true
fashionpedia,train2020,38033,810845d4d998619d07fb37728084c469.jpg,5,3,true,detail|프릴·러플|silhouette|X라인|lower_fit|플레어핏,4.019,1,train,true
fashionpedia,train2020,38035,b26df29daa3b60aea637d4beecde1d44.jpg,5,3,true,pattern|스트라이프|sleeve_length|7부 소매|lower_fit|와이드핏|collar|셔츠 칼라,9.073,2,train,true
fashionpedia,train2020,38042,cf16c82418e27bf3b122acb3c06e595d.jpg,5,3,true,category|코트|lower_length|무릎 기장|collar|칼라 없음,8.403,3,train,true
fashionpedia,train2020,38044,4b30c572ae58f6fe25058f499a568655.jpg,5,3,true,sleeve_shape|퍼프 소매|silhouette|X라인|lower_fit|플레어핏,12.608,1,train,true
fashionpedia,train2020,38045,9fbcb21fe7699869efc44e637ac35afa.jpg,5,3,true,neckline|홀터넥|silhouette|X라인|lower_fit|플레어핏,7.278,1,train,true
fashionpedia,train2020,38058,673344cc9f72f093545b3d84c583c8ca.jpg,5,3,true,detail|스팽글,5.725,2,train,true
fashionpedia,train2020,38062,cf4ba425c43329733bfe864d5db4cea5.jpg,5,3,true,silhouette|O라인|lower_fit|스트레이트핏,19.491,1,train,true
fashionpedia,train2020,38067,67ced0feced9be0a93d411a60d5204fc.jpg,5,3,true,pattern|스트라이프|detail|리본,2.846,1,train,true
fashionpedia,train2020,38076,d45ddf61edcc2f91d839a3d243ad129d.jpg,5,3,true,collar|칼라 없음,5.641,1,train,true
fashionpedia,train2020,38088,91f373e32d621280435822898b448df5.jpg,5,3,true,neckline|홀터넥|lower_length|미디·7부 기장|lower_length|무릎 기장|silhouette|X라인|lower_fit|플레어핏,13.781,1,train,true
fashionpedia,train2020,38090,8d60de5844f9d4fc22973a22d01fb23e.jpg,5,3,true,category|점프수트|lower_length|미디·7부 기장|pattern|플로럴,7.052,2,train,true
fashionpedia,train2020,38097,953bca064205786e6898cb163758350e.jpg,5,3,true,silhouette|비대칭|neckline|V넥,2.544,2,train,true
fashionpedia,train2020,38125,6e5c8f7c6c3a8c0f4a5ffd165b14300c.jpg,5,3,true,category|가디건|neckline|V넥|collar|셔츠 칼라,7.729,2,train,true
fashionpedia,train2020,38135,bc1e28ebeb0793678e03a45a9f7915a3.jpg,5,3,true,category|코트|category|쇼츠|neckline|V넥,3.695,3,train,true
fashionpedia,train2020,38140,fde879b3ab6d5f8fb99aacad817dc18f.jpg,5,3,true,category|코트|material|퍼·플리스,5.648,2,train,true
fashionpedia,train2020,38141,6801f7b50a3457738c73afb9342ae30f.jpg,5,3,true,detail|스팽글|detail|플리츠,7.22,1,train,true
fashionpedia,train2020,38145,c614f691adbe36d580d9135a4e752681.jpg,5,3,true,neckline|홀터넥,4.653,1,train,true
fashionpedia,train2020,38163,49b351dfc0c27c3583a4e20b0251a7ba.jpg,5,3,true,neckline|홀터넥,4.653,1,train,true
fashionpedia,train2020,38167,c0ec98f894752704ab2c33960608946b.jpg,5,3,true,sleeve_shape|벌룬 소매|sleeve_length|7부 소매|lower_fit|스트레이트핏|lower_length|무릎 기장|neckline|V넥,11.212,1,train,true
fashionpedia,train2020,38182,b17fea4b61b7632c085eb4e3220746b3.jpg,5,3,true,category|점프수트,4.536,2,train,true
fashionpedia,train2020,38185,27c26d3a7f74ded05858b2fe28146780.jpg,5,3,true,neckline|홀터넥|silhouette|X라인|lower_fit|플레어핏,7.278,1,train,true
fashionpedia,train2020,38190,c96f3ebda3a4b0604b4eccb63c0e28e6.jpg,5,3,true,pattern|스트라이프|pattern|그래픽,2.769,2,train,true
fashionpedia,train2020,38194,e0079ae56083b305b65eeb280f8ee4a8.jpg,5,3,true,sleeve_shape|벌룬 소매,5.614,3,train,true
fashionpedia,train2020,38196,4095df47d85b8527f1450b290baf4208.jpg,5,3,true,neckline|V넥|category|니트,2.582,1,train,true
fashionpedia,train2020,38210,629b49c81096dd5e2d07a621d41ea3f8.jpg,5,3,true,neckline|보트넥|lower_fit|플레어핏,2.63,1,train,true
fashionpedia,train2020,38217,71e99f3e90e52ccbe8f012e4830f5ab0.jpg,5,3,true,sleeve_shape|벌룬 소매,5.614,2,train,true
fashionpedia,train2020,38219,d3db6083cbf97d71e06054ce5bd70171.jpg,5,3,true,neckline|V넥|category|니트,2.582,1,train,true
fashionpedia,train2020,38221,2fdc8723c6804684e5875327fd2b98be.jpg,5,3,true,neckline|V넥|category|니트,2.582,2,train,true
fashionpedia,train2020,38231,13a1df5d877ebd1946c7e5630dcceea4.jpg,5,3,true,detail|프릴·러플|silhouette|X라인|lower_fit|플레어핏,4.019,1,train,true
fashionpedia,train2020,38250,12024095e5085f16db290a13880a3e21.jpg,5,3,true,sleeve_shape|벌룬 소매,5.614,2,train,true
fashionpedia,train2020,38277,a53d462b5072620a4960559705709875.jpg,5,3,true,neckline|V넥|pattern|그래픽,2.632,1,train,true
fashionpedia,train2020,38287,06a31f2371cc124e233cfa3e050b6f0b.jpg,5,3,true,detail|플리츠|silhouette|X라인|lower_fit|플레어핏,4.12,1,train,true
fashionpedia,train2020,38289,16e9ac157659ceafcbbfd774e18373ac.jpg,5,3,true,category|쇼츠|pattern|그래픽,2.567,2,train,true
fashionpedia,train2020,38294,572a81585766f0d00fee41d151d857bb.jpg,5,3,true,detail|리본|silhouette|비대칭,2.803,1,train,true
fashionpedia,train2020,38298,714ea9a893cbc721076274f231bb8240.jpg,5,3,true,neckline|스퀘어넥,5.972,1,train,true
fashionpedia,train2020,38299,ccae7dfe3b4a060c028af56c65aee1d6.jpg,5,3,true,silhouette|A라인|neckline|스퀘어넥|pattern|플로럴,8.658,1,train,true
fashionpedia,train2020,38311,83b005ed8611d8b58798e78d36c36f48.jpg,5,3,true,category|셔츠|collar|라펠 칼라|category|재킷|category|베스트|collar|셔츠 칼라,10.986,4,train,true
fashionpedia,train2020,38315,787a22a32d75253b0e0f3f289d164a25.jpg,5,3,true,detail|리본|category|베스트,7.32,2,train,true
fashionpedia,train2020,38332,086de118897dfc84e80aaad8af51049e.jpg,5,3,true,pattern|스트라이프|lower_fit|와이드핏,6.309,2,train,true
fashionpedia,train2020,38342,84a8dbea3b3c82e1c80b86e74e77b09f.jpg,5,3,true,detail|프릴·러플|lower_fit|플레어핏,2.653,1,train,true
fashionpedia,train2020,38349,54842b9f4087c92347a82712960748f9.jpg,5,3,true,silhouette|H라인|collar|폴로 칼라|lower_fit|스트레이트핏,15.106,2,train,true
fashionpedia,train2020,38364,7bfef23a4bfbad3caeda187e2fbc4e2e.jpg,5,3,true,neckline|스퀘어넥|silhouette|X라인|lower_fit|플레어핏,12.373,1,train,true
fashionpedia,train2020,38376,5d21ad0b8834e8b90100bf4f87fcfe60.jpg,5,3,true,silhouette|A라인|sleeve_shape|캡 소매|pattern|그래픽,4.122,1,train,true
fashionpedia,train2020,38379,1fada6333b3a2f0247e506d4d2480c30.jpg,5,3,true,detail|리본|silhouette|비대칭,2.803,1,train,true
fashionpedia,train2020,38381,e955ed256c6298b25fd547f3e1301385.jpg,5,3,true,sleeve_shape|벌룬 소매|silhouette|A라인,7.058,1,train,true
fashionpedia,train2020,38386,537863c7b7d8e0c62f209883c8cfecee.jpg,5,3,true,detail|프릴·러플|detail|플리츠|lower_fit|플레어핏,4.148,1,train,true
fashionpedia,train2020,38395,6a660f4d6b4383c2633cf7fceb2c835a.jpg,5,3,true,pattern|그래픽|category|쇼츠,2.567,1,train,true
fashionpedia,train2020,38407,1adc176e6ea02de2934d1985a5add613.jpg,5,3,true,neckline|홀터넥,4.653,1,train,true
fashionpedia,train2020,38408,656533fb337d9ee91ba698114ccc4332.jpg,5,3,true,sleeve_shape|벨 소매,5.333,2,train,true
fashionpedia,train2020,38430,120f330bcdaa8e581b26003e4bdeb3ac.jpg,5,3,true,detail|플리츠|silhouette|X라인|lower_fit|플레어핏,4.12,1,train,true
fashionpedia,train2020,38441,4c3369a16507355b2412f0b3c3a9527d.jpg,5,3,true,category|쇼츠|upper_fit|오버핏|lower_length|무릎 기장,9.013,1,train,true
fashionpedia,train2020,38449,377cb2b94fcb51fa8e98c2c9a37e65a7.jpg,5,3,true,detail|스팽글,5.725,1,train,true
fashionpedia,train2020,38455,0eacb9cfe571d960affa34df63d53239.jpg,5,3,true,detail|플리츠|silhouette|X라인|lower_fit|플레어핏,4.12,1,train,true
fashionpedia,train2020,38456,ac05c2c09c6dd4b6896afa77501562a5.jpg,5,3,true,sleeve_length|민소매|neckline|V넥,13.225,1,train,true
fashionpedia,train2020,38469,03e844a8f6247dfb02f75300fc7c8c22.jpg,5,3,true,pattern|체크|sleeve_length|7부 소매|collar|칼라 없음,8.365,1,train,true
fashionpedia,train2020,38484,770ac3d8eed7882a12fda4af379019b2.jpg,5,3,true,neckline|홀터넥|silhouette|A라인,6.098,1,train,true
fashionpedia,train2020,38486,3c5d9368f117755d9c114f8e2919a2b1.jpg,5,3,true,pattern|스트라이프|collar|폴로 칼라,13.726,1,train,true
fashionpedia,train2020,38498,523e410fe8db69f1b90fa88621bc5182.jpg,5,3,true,silhouette|A라인|silhouette|X라인|lower_fit|플레어핏,4.069,1,train,true
fashionpedia,train2020,38516,2c5904deaf69f9e3162593f46cb31ca6.jpg,5,3,true,lower_length|미디·7부 기장|detail|플리츠|silhouette|X라인|lower_fit|플레어핏,5.394,1,train,true
fashionpedia,train2020,38525,593fc13853fa62950554e67cc36bffe0.jpg,5,3,true,lower_length|미디·7부 기장|detail|프릴·러플|lower_fit|스트레이트핏|lower_length|무릎 기장|silhouette|X라인|lower_fit|플레어핏,12.013,1,train,true
fashionpedia,train2020,38533,f0ffb4273005c99c7f1222c14c1ec7d0.jpg,5,3,true,neckline|V넥|category|니트,2.582,3,train,true
fashionpedia,train2020,38541,ce641ff7d2e65bdee5366de864d6beec.jpg,5,3,true,category|쇼츠|neckline|보트넥,2.532,2,train,true
fashionpedia,train2020,38542,d3b56333a55ce3ad93f5b9f6c8cb5197.jpg,5,3,true,neckline|V넥|category|니트,2.582,2,train,true
fashionpedia,train2020,38552,63d5ea5602def99061555e1c1b7b7737.jpg,5,3,true,detail|플리츠|silhouette|X라인|lower_fit|플레어핏,4.12,1,train,true
fashionpedia,train2020,38553,69fa5a9a0061bdb9bed98e9d5bad3280.jpg,5,3,true,lower_fit|스트레이트핏|detail|스팽글|silhouette|X라인|lower_fit|플레어핏,13.616,1,train,true
fashionpedia,train2020,38554,09119cc6c3102d8043ff978730d5bf16.jpg,5,3,true,pattern|애니멀,4.8,1,train,true
fashionpedia,train2020,38562,431cee337c0d5f1cd4d185cf9aed0a8a.jpg,5,3,true,category|점프수트,4.536,1,train,true
fashionpedia,train2020,38574,029719710a0ba5ea59d3e6a183ad9dad.jpg,5,3,true,detail|플리츠|silhouette|X라인|lower_fit|플레어핏,4.12,1,train,true
fashionpedia,train2020,38576,aae1719e0ae292807c7deb8b0c8e36f0.jpg,5,3,true,neckline|홀터넥,4.653,1,train,true
fashionpedia,train2020,38584,5ee689339ce35a4d095bc2958efcf4f8.jpg,5,3,true,pattern|스트라이프|pattern|그래픽,2.769,1,train,true
fashionpedia,train2020,38590,ded8e0792db95492d22af8d15c287bfe.jpg,5,3,true,pattern|스트라이프|collar|폴로 칼라,13.726,2,train,true
fashionpedia,train2020,38597,7743ff0a83866c288d5e5b69b3a62845.jpg,5,3,true,detail|프릴·러플|silhouette|X라인|lower_fit|플레어핏,4.019,1,train,true
fashionpedia,train2020,38600,32356bc2db54869fa878bffb3fb6f4dc.jpg,5,3,true,pattern|플로럴|category|점프수트,5.778,1,train,true
fashionpedia,train2020,38602,0d87209025598b0a5c26c100b5a9f3bd.jpg,5,3,true,detail|프릴·러플|lower_fit|플레어핏,2.653,1,train,true
fashionpedia,train2020,38609,dc263b9d246e44ba7179201229df29ab.jpg,5,3,true,sleeve_length|7부 소매|lower_length|무릎 기장|category|가디건|lower_fit|플레어핏,13.088,3,train,true
fashionpedia,train2020,38612,69bfce32e14227301ceee8dc8572b995.jpg,5,3,true,material|퍼·플리스,4.339,1,train,true
fashionpedia,train2020,38617,9035e748199deddc115fb1314babe899.jpg,5,3,true,sleeve_length|7부 소매|collar|칼라 없음,7.071,1,train,true
fashionpedia,train2020,38618,513fca098e8ca180ed14310d7abb76b2.jpg,5,3,true,neckline|V넥|pattern|그래픽,2.632,1,train,true
fashionpedia,train2020,38632,3d718f7bd4897b330a67c17bc44bf69c.jpg,5,3,true,neckline|보트넥|lower_fit|플레어핏,2.63,1,train,true
fashionpedia,train2020,38634,732763e54eb5a5c8afb5d0078b2d4d35.jpg,5,3,true,collar|폴로 칼라,12.364,1,train,true
fashionpedia,train2020,38647,4850f6d2fbce09a2f97595a8a5428093.jpg,5,3,true,category|베스트|neckline|V넥,7.06,1,train,true
fashionpedia,train2020,38653,9608d2f17faa48504c31fa7a5269cfad.jpg,5,3,true,pattern|애니멀,4.8,1,train,true
fashionpedia,train2020,38655,347479781ac42f132da4c3b015edb15b.jpg,5,3,true,collar|스탠드 칼라,5.388,3,train,true
fashionpedia,train2020,38674,6b124adfd492e9c2ec5cfbb8f35c6329.jpg,5,3,true,detail|프릴·러플|lower_fit|플레어핏,2.653,2,train,true
fashionpedia,train2020,38680,7e4dd81436bd4b04e37e4d3f46e6b94a.jpg,5,3,true,silhouette|H라인|collar|폴로 칼라|lower_fit|스트레이트핏|category|재킷,16.409,3,train,true
fashionpedia,train2020,38682,ede7f65a115c2be64c0ce2c69620dc34.jpg,5,3,true,sleeve_length|7부 소매|collar|라펠 칼라|pattern|도트|category|재킷|silhouette|A라인,10.729,3,train,true
fashionpedia,train2020,38684,d98e6946c7ab2af178a2207c90293030.jpg,5,3,true,detail|리본|detail|플리츠|pattern|플로럴,4.221,2,train,true
fashionpedia,train2020,38697,25a7a680c928b2a6cec0d239fdd1f051.jpg,5,3,true,detail|리본|silhouette|비대칭,2.803,1,train,true
fashionpedia,train2020,38700,24ffddfe479a91af8dece8489bdf5245.jpg,5,3,true,neckline|홀터넥,4.653,1,train,true
fashionpedia,train2020,38709,bbf58aa4a033b1167ca2aad58337c074.jpg,5,3,true,detail|리본|silhouette|X라인|lower_fit|플레어핏,4.109,1,train,true
fashionpedia,train2020,38718,c183764f126b0466aeb4a3d8a4e0a405.jpg,5,3,true,detail|프릴·러플|lower_fit|플레어핏,2.653,1,train,true
fashionpedia,train2020,38738,873fc31b11815fce39ff5b60fde7005b.jpg,5,3,true,neckline|홀터넥|lower_length|미디·7부 기장|lower_length|무릎 기장|silhouette|X라인|lower_fit|플레어핏,13.781,1,train,true
fashionpedia,train2020,38742,4c96a2d5076ba7a7ae7ec06d0b7ae44b.jpg,5,3,true,neckline|V넥|category|니트,2.582,1,train,true
fashionpedia,train2020,38744,d988ddf61954d2c664a27d4d4bab2014.jpg,5,3,true,neckline|터틀넥,5.058,1,train,true
fashionpedia,train2020,38754,c5e7606c92e6016ad4d90a12dd3d7883.jpg,5,3,true,collar|칼라 없음,5.641,1,train,true
fashionpedia,train2020,38761,7ebd56c10b70ef674a3a1af97ab2dda4.jpg,5,3,true,silhouette|X라인|neckline|V넥|pattern|플로럴|lower_fit|플레어핏,5.091,1,train,true
fashionpedia,train2020,38763,97e566672f779973dc1ffcff3cfad592.jpg,5,3,true,neckline|스퀘어넥|lower_fit|스트레이트핏|lower_length|무릎 기장|pattern|플로럴,10.157,1,train,true
fashionpedia,train2020,38766,d02d2f4a4a157013082fb60e657cc8b5.jpg,5,3,true,detail|프릴·러플|silhouette|X라인|lower_fit|플레어핏,4.019,1,train,true
fashionpedia,train2020,38778,75fffb9e6b227c601c50363bb75f90f2.jpg,5,3,true,neckline|보트넥|lower_fit|플레어핏,2.63,1,train,true
fashionpedia,train2020,38779,397a10aa5df0258e7d85b743f1c59b7a.jpg,5,3,true,pattern|스트라이프|pattern|그래픽,2.769,3,train,true
fashionpedia,train2020,38783,db6b96b61ee6a0fe089d5e803cba7333.jpg,5,3,true,category|코트|category|쇼츠|detail|후드,7.738,3,train,true
fashionpedia,train2020,38784,42db0334ed812857ac424a1154bcea5b.jpg,5,3,true,category|셔츠|collar|라펠 칼라|category|재킷|category|베스트|neckline|V넥,10.878,4,train,true
fashionpedia,train2020,38787,282b2a66d54f517dd8a04edfbb0ac74a.jpg,5,3,true,neckline|오프숄더,4.626,1,train,true
fashionpedia,train2020,38794,cc3969288396392727931f24ccad7b6f.jpg,5,3,true,neckline|홀터넥,4.653,1,train,true
fashionpedia,train2020,38800,d404a3e32ea6c0ccf3f0569057336fa9.jpg,5,3,true,lower_fit|슬림핏|sleeve_length|7부 소매|lower_length|미디·7부 기장|category|가디건|silhouette|X라인|lower_fit|플레어핏,15.399,3,train,true
fashionpedia,train2020,38804,cb6c3ce98605194a095384bc145d954b.jpg,5,3,true,neckline|오프숄더|pattern|스트라이프,5.988,1,train,true
fashionpedia,train2020,38810,4225c50777f937e4e045ee21b63ff416.jpg,5,3,true,category|쇼츠|pattern|그래픽,2.567,2,train,true
fashionpedia,train2020,38822,e7d982588aea494a76329af250f765c9.jpg,5,3,true,category|쇼츠|detail|후드,6.429,2,train,true
fashionpedia,train2020,38833,01f7eabba7015529c0e03dd7ef92077b.jpg,5,3,true,neckline|홀터넥|lower_fit|플레어핏,18.994,1,train,true
fashionpedia,train2020,38835,3f7a405b426b985e434cd1c7b2a87786.jpg,5,3,true,neckline|터틀넥,5.058,3,train,true
fashionpedia,train2020,38847,ca2bd25d0fadafa8919f3aadda1af8d6.jpg,5,3,true,collar|스탠드 칼라|pattern|플로럴,6.63,1,train,true
fashionpedia,train2020,38857,94b1f8d5e9a14ba2653f6e6eda17caac.jpg,5,3,true,category|코트|pattern|스트라이프|collar|스탠드 칼라,8.059,3,train,true
fashionpedia,train2020,38858,00cecfb6228cb17cb26406f4eb4054c0.jpg,5,3,true,category|니트|lower_fit|플레어핏,2.616,2,train,true
fashionpedia,train2020,38860,67ad224b263f331650e6d9d45a3ddcb5.jpg,5,3,true,category|셔츠|lower_fit|스트레이트핏|upper_fit|여유핏|category|재킷|collar|셔츠 칼라|collar|스탠드 칼라,12.375,3,train,true
fashionpedia,train2020,38867,c1041c1475386b1f1924fc717ffbf81a.jpg,5,3,true,sleeve_shape|퍼프 소매,6.207,2,train,true
fashionpedia,train2020,38869,581fbc46ec76174a9cc3b0a13a27407d.jpg,5,3,true,detail|리본|silhouette|X라인|lower_fit|플레어핏,4.109,2,train,true
fashionpedia,train2020,38875,9c7c515738f088220ff7d926f43ec624.jpg,5,3,true,category|쇼츠|pattern|도트,2.488,2,train,true
fashionpedia,train2020,38893,5011ae040f8524a57ae2ae948b1a2186.jpg,5,3,true,detail|스팽글|lower_fit|플레어핏,6.984,1,train,true
fashionpedia,train2020,38900,dc08d929df2789f74df11eecb158a9c4.jpg,5,3,true,neckline|보트넥|lower_fit|플레어핏,2.63,1,train,true
fashionpedia,train2020,38903,673dd4834bf1ea5d45dc6b5bcbc8168d.jpg,5,3,true,sleeve_length|7부 소매|collar|칼라 없음|collar|라펠 칼라,8.311,4,train,true
fashionpedia,train2020,38912,d83725fffeb6cfb3e4cc0442d1137020.jpg,5,3,true,neckline|보트넥|lower_fit|플레어핏,2.63,1,train,true
fashionpedia,train2020,38929,998348f2d7bd90a4197f8c127c706040.jpg,5,3,true,pattern|카모|neckline|라운드넥,15.964,2,train,true
fashionpedia,train2020,38931,449763ce81e572c854db0a7fe0a32763.jpg,5,3,true,detail|스팽글,5.725,3,train,true
fashionpedia,train2020,38933,8bf70589c01dd9f11866d227cdd461d8.jpg,5,3,true,silhouette|X라인|neckline|V넥|pattern|플로럴|lower_fit|플레어핏,5.091,1,train,true
fashionpedia,train2020,38942,11aa7d6d43d0848f638b85a098316d68.jpg,5,3,true,silhouette|X라인|detail|리본|pattern|플로럴|lower_fit|플레어핏,5.351,1,train,true
fashionpedia,train2020,38948,3e6caccedd954b63bbb6c63c1e36195e.jpg,5,3,true,neckline|V넥|category|니트|lower_fit|플레어핏,3.841,2,train,true
fashionpedia,train2020,38953,ddd839691ec13eb82fcb944cb2409833.jpg,5,3,true,collar|스탠드 칼라,5.388,2,train,true
fashionpedia,train2020,38958,d16e7a13a19a366911c73fb73f866f0e.jpg,5,3,true,neckline|오프숄더,4.626,1,train,true
fashionpedia,train2020,38959,62904c54daca780e81d5531f077d454a.jpg,5,3,true,neckline|V넥|silhouette|비대칭,2.544,3,train,true
fashionpedia,train2020,38961,dcaefd2d70644c3cca1421ce9fcc93f0.jpg,5,3,true,collar|칼라 없음,5.641,2,train,true
fashionpedia,train2020,38962,920570becb3663972000be37d04e05a4.jpg,5,3,true,lower_length|미디·7부 기장|silhouette|A라인|collar|스탠드 칼라,8.106,2,train,true
fashionpedia,train2020,38967,97daa7f8ae52ba7f537955c9c2c27322.jpg,5,3,true,category|셔츠|silhouette|H라인|lower_fit|스트레이트핏|category|재킷|silhouette|비대칭|collar|셔츠 칼라|collar|라펠 칼라,13.169,3,train,true
fashionpedia,train2020,38969,222111eb3f6f25b09adb32b08097d4ca.jpg,5,3,true,category|점프수트|lower_length|미디·7부 기장|lower_length|무릎 기장|pattern|플로럴,8.505,1,train,true
fashionpedia,train2020,38970,95b416fc45e7803d814bdeedab1b97d6.jpg,5,3,true,pattern|체크|silhouette|비대칭,2.613,1,train,true
fashionpedia,train2020,38980,7cfd1ddf5ef48837d87338816529ece8.jpg,5,3,true,neckline|보트넥|detail|리본,2.856,1,train,true
fashionpedia,train2020,38992,a0759a9ab3d82b3afc1870933ff41556.jpg,5,3,true,lower_fit|슬림핏|lower_length|무릎 기장|category|가디건|silhouette|X라인|lower_fit|플레어핏,14.147,2,train,true
fashionpedia,train2020,38995,922b56133069b0f6d07dad617a74cefa.jpg,5,3,true,detail|리본|pattern|도트,2.812,1,train,true
fashionpedia,train2020,38999,4955eda5cdd203e41b018dc88b5af0f9.jpg,5,3,true,category|셔츠|silhouette|H라인|lower_fit|스트레이트핏|category|재킷|silhouette|비대칭|collar|셔츠 칼라|collar|라펠 칼라,13.169,3,train,true
fashionpedia,train2020,39013,9349c333fea43e68c3cbb28903883039.jpg,5,3,true,detail|리본|silhouette|비대칭,2.803,1,train,true
fashionpedia,train2020,39014,072055c6561a44bdc8dbfc8d401d11da.jpg,5,3,true,detail|스팽글,5.725,1,train,true
fashionpedia,train2020,39016,570bab1c82314add8a18766f8fcff400.jpg,5,3,true,category|점프수트|neckline|V넥,5.761,2,train,true
fashionpedia,train2020,39018,82aeff1ba05db1c0a5246f71e98d3679.jpg,5,3,true,category|코트|pattern|체크|detail|후드,7.872,3,train,true
fashionpedia,train2020,39019,c646b578147b3dc007d5f050d35ee34e.jpg,5,3,true,detail|스팽글|neckline|V넥,6.95,1,train,true
fashionpedia,train2020,39034,ac96f7cc4534cd21068cd99e2384d2ef.jpg,5,3,true,neckline|스퀘어넥,5.972,1,train,true
fashionpedia,train2020,39035,d53e71f15cb3080e06a563d386a22a93.jpg,5,3,true,category|셔츠|silhouette|H라인|lower_fit|스트레이트핏|category|재킷|silhouette|비대칭|collar|셔츠 칼라|collar|라펠 칼라,13.169,3,train,true
fashionpedia,train2020,39066,0e82308b4663778368bfd8fc98b79bb5.jpg,5,3,true,neckline|홀터넥|pattern|스트라이프,6.015,1,train,true
fashionpedia,train2020,39067,dfc5b43feefd95f6bd8cc729c1ce4682.jpg,5,3,true,sleeve_shape|벌룬 소매|sleeve_length|7부 소매,7.044,2,train,true
fashionpedia,train2020,39069,0daaf1a03c6a6a3caaadf95f0f799b4c.jpg,5,3,true,category|셔츠|silhouette|H라인|lower_fit|스트레이트핏|category|재킷|silhouette|비대칭|collar|셔츠 칼라|collar|라펠 칼라,13.169,3,train,true
fashionpedia,train2020,39073,85ae825087735085e54cd7c9387f4122.jpg,5,3,true,category|점프수트|detail|리본|pattern|플로럴,7.262,1,train,true
fashionpedia,train2020,39075,b6421e1fb88b0e6cfd4a61d06b7ab6a9.jpg,5,3,true,category|베스트|neckline|V넥,7.06,1,train,true
fashionpedia,train2020,39076,ae2822b2682ed9499b1375172dd48e71.jpg,5,3,true,detail|리본|pattern|그래픽,2.891,1,train,true
fashionpedia,train2020,39079,d926978edd33fa4e6f20aaef9a7a0292.jpg,5,3,true,neckline|홀터넥,4.653,1,train,true
fashionpedia,train2020,39091,633499c0a8bfb358d1ea67b5577f81be.jpg,5,3,true,lower_fit|스트레이트핏|lower_fit|플레어핏|pattern|도트,11.838,1,train,true
fashionpedia,train2020,39101,c979bfcf3591cd0d5e7e8fa4d373c196.jpg,5,3,true,neckline|보트넥|lower_length|미디·7부 기장|silhouette|X라인|lower_fit|플레어핏,5.27,1,train,true
fashionpedia,train2020,39105,3b7795aed7dad1ced752626eaf144e88.jpg,5,3,true,category|점프수트,4.536,1,train,true
fashionpedia,train2020,39111,9584ee3cb7b8ad7c1a53c23f2ad35928.jpg,5,3,true,collar|피터팬 칼라|silhouette|X라인|lower_fit|플레어핏,25.459,1,train,true
fashionpedia,train2020,39112,3334e43c9e7697d85134a4cae0fff795.jpg,5,3,true,category|코트|lower_length|무릎 기장|collar|스탠드 칼라,8.149,2,train,true
fashionpedia,train2020,39125,a36afb4195be71053545f080d2cf9db2.jpg,5,3,true,lower_fit|스트레이트핏|lower_length|무릎 기장|sleeve_shape|벨 소매|pattern|플로럴,9.518,1,train,true
fashionpedia,train2020,39130,b75d7ab20efc592fe88fbc2f56d1fcf9.jpg,5,3,true,pattern|그래픽|silhouette|X라인|lower_fit|플레어핏,4.032,3,train,true
fashionpedia,train2020,39141,91e57176fb0dfcf59f08c9be3b4727d6.jpg,5,3,true,pattern|체크|sleeve_length|7부 소매|category|재킷|collar|칼라 없음,9.669,1,train,true
fashionpedia,train2020,39151,3d8aa95253a15f64b297be8b92357e26.jpg,5,3,true,sleeve_length|7부 소매|category|가디건|neckline|V넥,7.826,1,train,true
fashionpedia,train2020,39166,7019a8f9cdb8d584ad8edd46f42089e9.jpg,5,3,true,sleeve_shape|벌룬 소매|silhouette|X라인|lower_fit|플레어핏,12.015,1,train,true
fashionpedia,train2020,39172,b8d57b50a32993ba0213856d9213048c.jpg,5,3,true,pattern|체크|pattern|스트라이프|lower_fit|플레어핏,3.915,2,train,true
fashionpedia,train2020,39178,22113566d63618691a8a513214443deb.jpg,5,3,true,detail|리본|lower_fit|와이드핏|collar|라펠 칼라,7.671,2,train,true
fashionpedia,train2020,39179,644557c39348f50f8e44722d0d0a049b.jpg,5,3,true,neckline|스퀘어넥|pattern|스트라이프,7.334,1,train,true
fashionpedia,train2020,39202,98c2513d1077117fa7dbdebf35c729b0.jpg,5,3,true,detail|스팽글,5.725,1,train,true
fashionpedia,train2020,39204,c7210f943ed59ff0a595935e7418ee44.jpg,5,3,true,detail|리본|pattern|그래픽,2.891,1,train,true
fashionpedia,train2020,39219,8b1e4bec464f03193d8d843ea704e6ec.jpg,5,3,true,neckline|보트넥|lower_fit|플레어핏,2.63,1,train,true
fashionpedia,train2020,39223,4ade351245b96b0ee8bdcd6af03bfd99.jpg,5,3,true,material|퍼·플리스|pattern|스트라이프|sleeve_length|7부 소매|lower_fit|스트레이트핏|lower_length|무릎 기장|upper_fit|여유핏|category|재킷,12.962,2,train,true
fashionpedia,train2020,39227,78aeab5100719966435a0f2a74f99115.jpg,5,3,true,neckline|오프숄더,4.626,1,train,true
fashionpedia,train2020,39228,558b532f201daf9035bc80b2e3a462f8.jpg,5,3,true,neckline|V넥|category|니트,2.582,2,train,true
fashionpedia,train2020,39239,ecf895bd1eca0e0659fc0feced4cf018.jpg,5,3,true,sleeve_length|7부 소매|neckline|터틀넥|lower_fit|플레어핏,11.522,1,train,true
fashionpedia,train2020,39244,28aef745fd951c1fb52525d8be187eea.jpg,5,3,true,pattern|스트라이프|pattern|그래픽,2.769,2,train,true
fashionpedia,train2020,39252,69273fdd7f970a47b7e33a71f14ce7d5.jpg,5,3,true,category|셔츠|silhouette|H라인|lower_fit|스트레이트핏|pattern|도트|category|재킷|collar|셔츠 칼라|collar|라펠 칼라,13.205,3,train,true
fashionpedia,train2020,39261,e24ca65a5bb6fb6f825e8da0f809ffbb.jpg,5,3,true,neckline|V넥|category|니트,2.582,3,train,true
fashionpedia,train2020,39265,2d0da07fd35dd80ba3eea4b078e8fcb3.jpg,5,3,true,sleeve_shape|벨 소매,5.333,1,train,true
fashionpedia,train2020,39273,9136846a8b5be8d389a41f1833eff2f5.jpg,5,3,true,neckline|홀터넥,4.653,1,train,true
fashionpedia,train2020,39276,0edd937827a774360d932e961da6490a.jpg,5,3,true,neckline|보트넥|lower_fit|플레어핏,2.63,1,train,true
fashionpedia,train2020,39277,01c05571c82be2c39230b51aa9ac0c41.jpg,5,3,true,lower_fit|슬림핏|pattern|카모,15.79,2,train,true
fashionpedia,train2020,39286,79c9670ea7a19e6a94922210491f4343.jpg,5,3,true,detail|스팽글,5.725,1,train,true
fashionpedia,train2020,39287,9ac29be229bec130a118a4e48c7b5564.jpg,5,3,true,neckline|홀터넥,4.653,1,train,true
fashionpedia,train2020,39291,1bf7ef80f4878d523b453d82b22962e0.jpg,5,3,true,category|코트|sleeve_length|7부 소매|lower_length|미디·7부 기장|lower_length|무릎 기장|neckline|터틀넥,10.524,3,train,true
fashionpedia,train2020,39293,bcf25bef4bb97225f70fb060a435b9f4.jpg,5,3,true,pattern|그래픽|category|니트,2.764,1,train,true
fashionpedia,train2020,39304,5871349a5709ea8c60db944b5f5006e4.jpg,5,3,true,neckline|스퀘어넥,5.972,2,train,true
fashionpedia,train2020,39314,05f912eda1444829262b906900580324.jpg,5,3,true,neckline|보트넥|detail|리본|pattern|플로럴,4.098,3,train,true
fashionpedia,train2020,39327,174d4357968a0c6a57d0419ee292004c.jpg,5,3,true,material|가죽|upper_fit|여유핏|category|재킷|collar|라펠 칼라,18.7,1,train,true
fashionpedia,train2020,39342,0499bec349aa19344fa906f974b9efbd.jpg,5,3,true,neckline|보트넥|pattern|그래픽|pattern|플로럴,4.02,1,train,true
fashionpedia,train2020,39345,a4320c67b508cd3e0c2708d7f0eff2bd.jpg,5,3,true,neckline|홀터넥,4.653,1,train,true
fashionpedia,train2020,39353,28568657159afa25a08e966588438822.jpg,5,3,true,sleeve_shape|퍼프 소매,6.207,1,train,true
fashionpedia,train2020,39361,67c9d638011ef141e5298c81ad32c5c3.jpg,5,3,true,detail|리본|silhouette|비대칭,2.803,1,train,true
fashionpedia,train2020,39370,ab0f216378a5ac0df9310229dadcc3ae.jpg,5,3,true,category|베스트,5.835,2,train,true
fashionpedia,train2020,39375,eb06b059fc0a793ed1fdbb7d17a515e2.jpg,5,3,true,upper_fit|오버핏|collar|셔츠 칼라,7.733,1,train,true
fashionpedia,train2020,39376,23a05bbbf12962ff57c66f4a5ca41858.jpg,5,3,true,pattern|스트라이프|silhouette|H라인|collar|폴로 칼라|lower_fit|스트레이트핏|category|재킷|collar|셔츠 칼라,19.104,3,train,true
fashionpedia,train2020,39381,07fba8d94c8b1d4c1ff1a5eb079dbd21.jpg,5,3,true,category|코트|sleeve_shape|래글런 소매|silhouette|H라인|lower_fit|스트레이트핏|lower_length|무릎 기장|collar|라펠 칼라,13.504,3,train,true
fashionpedia,train2020,39382,5bc6fce2e40d4ef7cffb82d09c2b4b62.jpg,5,3,true,category|쇼츠|pattern|그래픽,2.567,2,train,true
fashionpedia,train2020,39394,3bccdaee1eaa4458f9ee1159ee438866.jpg,5,3,true,detail|스팽글,5.725,1,train,true
fashionpedia,train2020,39404,b4a58b1e4c71dfd326733f6b02d092f3.jpg,5,3,true,sleeve_length|7부 소매|detail|스팽글|silhouette|X라인|lower_fit|플레어핏,13.556,1,train,true
fashionpedia,train2020,39410,0f279d89b6814f65c0140459b93ef737.jpg,5,3,true,neckline|홀터넥,4.653,1,train,true
fashionpedia,train2020,39414,8954d03420494bf3f259249078fc5362.jpg,5,3,true,lower_length|무릎 기장|silhouette|X라인|lower_fit|플레어핏|pattern|도트,13.165,1,train,true
fashionpedia,train2020,39415,740ba9926bc96d2fe614bf2530e0d521.jpg,5,3,true,category|코트|sleeve_length|7부 소매|silhouette|H라인|lower_fit|스트레이트핏|upper_fit|여유핏|collar|칼라 없음|collar|라펠 칼라,13.947,3,train,true
fashionpedia,train2020,39417,9bdb429337a849590d12a7c12455a607.jpg,5,3,true,neckline|스퀘어넥|lower_fit|플레어핏,7.231,1,train,true
fashionpedia,train2020,39420,0447c31267e8737e87f0042caff51ab4.jpg,5,3,true,sleeve_shape|벌룬 소매|neckline|V넥,6.839,1,train,true
fashionpedia,train2020,39423,bbe3b23548361844b45bd4a78756f765.jpg,5,3,true,category|점프수트,4.536,1,train,true
fashionpedia,train2020,39438,8b153e0e66aec78c0b001a5cec7cc1ad.jpg,5,3,true,category|코트|material|퍼·플리스|lower_length|미디·7부 기장|lower_length|무릎 기장|category|재킷|collar|라펠 칼라,10.918,4,train,true
fashionpedia,train2020,39452,f5e04bb9b648f4510347fddd88fa0ed5.jpg,5,3,true,category|코트|lower_length|무릎 기장|collar|칼라 없음,8.403,2,train,true
fashionpedia,train2020,39458,239dc088481abe13791ba8f0436e71f9.jpg,5,3,true,pattern|스트라이프|collar|폴로 칼라,13.726,1,train,true
fashionpedia,train2020,39465,23884a035686262406917bd0a5411411.jpg,5,3,true,pattern|그래픽|silhouette|X라인|lower_fit|플레어핏,4.032,1,train,true
fashionpedia,train2020,39470,fa1807f604713253b2119a3fd2a4daf4.jpg,5,3,true,sleeve_shape|벌룬 소매|silhouette|A라인|pattern|플로럴,8.3,1,train,true
fashionpedia,train2020,39476,3e6eb6fde74938461a27ca93f3fa1d60.jpg,5,3,true,category|베스트|collar|셔츠 칼라,7.168,3,train,true
fashionpedia,train2020,39478,ef992040d3c313d2e9c10f6416da401f.jpg,5,3,true,pattern|스트라이프|collar|스탠드 칼라,6.749,1,train,true
fashionpedia,train2020,39484,46088701dc011f5bb19c63b5b941a12a.jpg,5,3,true,pattern|그래픽|silhouette|X라인|lower_fit|플레어핏,4.032,1,train,true
fashionpedia,train2020,39485,7ce96fe6d01d81b799ac0d515f491ebd.jpg,5,3,true,collar|피터팬 칼라,19.058,1,train,true
fashionpedia,train2020,39523,bf9c78b64949280ec3f6c539479202c6.jpg,5,3,true,detail|스팽글,5.725,1,train,true
fashionpedia,train2020,39538,27de93034fdb883b5771429d4d577ed7.jpg,5,3,true,category|베스트,5.835,2,train,true
fashionpedia,train2020,39547,ce5ac14d9c59ee82d8021facd39db378.jpg,5,3,true,detail|리본|detail|프릴·러플,2.879,1,train,true
fashionpedia,train2020,39572,9c39a24d86fadc49d3e0415c50985527.jpg,5,3,true,category|코트|collar|스탠드 칼라|lower_length|미디·7부 기장,7.971,1,train,true
fashionpedia,train2020,39581,29b786ef6c58ae256c23af22d6f0d662.jpg,5,3,true,pattern|체크|neckline|V넥,2.519,3,train,true
fashionpedia,train2020,39583,14335ec39fc131f8c749e31f199ad271.jpg,5,3,true,detail|스팽글,5.725,1,train,true
fashionpedia,train2020,39587,19fec94fc88dbfc7e4f8f085dc053d27.jpg,5,3,true,sleeve_length|민소매,12.0,1,train,true
fashionpedia,train2020,39597,caaf4c6673009086a3ce9af2a838400a.jpg,5,3,true,pattern|체크|detail|후드,2.611,2,train,true
fashionpedia,train2020,39602,0a2bbd07cd557932cd3c6a27fd54ad5b.jpg,5,3,true,lower_fit|슬림핏|pattern|스트라이프|collar|폴로 칼라,14.849,2,train,true
fashionpedia,train2020,39615,b5575823278097d56772dc8ea709216b.jpg,5,3,true,collar|칼라 없음,5.641,1,train,true
fashionpedia,train2020,39617,7886be0a57526bcea10df69580f8800a.jpg,5,3,true,category|점프수트|lower_length|미디·7부 기장,5.81,1,train,true
fashionpedia,train2020,39619,ac061c28348798df894d60d0a29c5664.jpg,5,3,true,detail|프릴·러플|lower_fit|플레어핏,2.653,1,train,true
fashionpedia,train2020,39624,4a92fd9b5ccdb36ca94863df59868c9d.jpg,5,3,true,sleeve_shape|벌룬 소매|collar|셔츠 칼라,6.947,1,train,true
fashionpedia,train2020,39625,a93a716700689102a2ed386c26115364.jpg,5,3,true,sleeve_length|민소매,12.0,1,train,true
fashionpedia,train2020,39633,4e6bd908a3bf8bfa5c8723ced4fe8d03.jpg,5,3,true,collar|폴로 칼라,12.364,1,train,true
fashionpedia,train2020,39637,efad715dd40420066bf89304c9b01a84.jpg,5,3,true,lower_fit|슬림핏|sleeve_length|7부 소매|lower_length|무릎 기장|category|재킷|collar|칼라 없음|lower_fit|플레어핏,15.985,3,train,true
fashionpedia,train2020,39642,66e167ab2c6d9561ea4d10220fb3e751.jpg,5,3,true,category|베스트|neckline|V넥|collar|셔츠 칼라,8.393,3,train,true
fashionpedia,train2020,39646,8edb7742e3ec2e6ca5936ef1cda5bcab.jpg,5,3,true,silhouette|H라인|collar|폴로 칼라|lower_fit|스트레이트핏|category|재킷|collar|라펠 칼라,17.649,3,train,true
fashionpedia,train2020,39648,17651ea3e5f7ccb2cd3ea55d63672e48.jpg,5,3,true,category|셔츠|lower_fit|스트레이트핏|category|재킷|pattern|애니멀|collar|셔츠 칼라|collar|라펠 칼라,11.442,3,train,true
fashionpedia,train2020,39651,8d72f0d6804d751082299cb243bdd0e4.jpg,5,3,true,neckline|홀터넥|lower_length|무릎 기장|silhouette|X라인|lower_fit|플레어핏,12.506,1,train,true
fashionpedia,train2020,39652,fab7821aae25aff865b20b0d33d86900.jpg,5,3,true,silhouette|H라인|lower_fit|스트레이트핏|collar|피터팬 칼라,21.8,1,train,true
fashionpedia,train2020,39656,34c30f425d27f6a8229ee187210a8825.jpg,5,3,true,sleeve_length|7부 소매|upper_fit|오버핏|collar|셔츠 칼라,9.163,1,train,true
fashionpedia,train2020,39672,9249d4f2d4418b2a13615e8895637762.jpg,5,3,true,neckline|홀터넥|silhouette|A라인,6.098,1,train,true
fashionpedia,train2020,39673,c332d5a9eabedbb271e8ace98187499b.jpg,5,3,true,detail|리본|pattern|그래픽,2.891,1,train,true
fashionpedia,train2020,39674,4fa91408152736c38a39aeaa9f2d3900.jpg,5,3,true,category|셔츠|collar|라펠 칼라|category|재킷|category|베스트|neckline|V넥|collar|셔츠 칼라,12.211,4,train,true
fashionpedia,train2020,39685,76b51fdb71d8c34a9aaff3b18f337f37.jpg,5,3,true,neckline|보트넥|silhouette|A라인|pattern|플로럴,4.058,2,train,true
fashionpedia,train2020,39686,5aaf703d63cfcf28691ca7314f98e9bf.jpg,5,3,true,detail|스팽글|silhouette|X라인|lower_fit|플레어핏,12.126,1,train,true
fashionpedia,train2020,39687,be06e7cdbf65fc3e8ec681d9a018c865.jpg,5,3,true,pattern|스트라이프|detail|플리츠,2.857,2,train,true
fashionpedia,train2020,39694,c917512825b2d1959289a2ec5fb9da0e.jpg,5,3,true,category|베스트,5.835,1,train,true
fashionpedia,train2020,39697,332f765bc3a1ee5c04faf0d9835dcbba.jpg,5,3,true,sleeve_shape|래글런 소매|pattern|스트라이프,3.052,1,train,true
fashionpedia,train2020,39701,f3d9b979a599fdca8a97759cef4cf699.jpg,5,3,true,neckline|홀터넥,4.653,1,train,true
fashionpedia,train2020,39707,b2b0c7a34ea8b77987df456ab3de7248.jpg,5,3,true,detail|스팽글,5.725,1,train,true
fashionpedia,train2020,39708,3591a30bbabcd082247adb39c1fa5afa.jpg,5,3,true,neckline|오프숄더|pattern|스트라이프,5.988,1,train,true
fashionpedia,train2020,39709,f50932d8e8d10229a51df90d233aafb9.jpg,5,3,true,category|점프수트|pattern|스트라이프,5.898,1,train,true
fashionpedia,train2020,39711,478c087cc3bd8975d122b409222f96cd.jpg,5,3,true,category|코트|material|퍼·플리스|lower_length|미디·7부 기장|lower_length|무릎 기장|collar|라펠 칼라,9.614,2,train,true
fashionpedia,train2020,39719,e2c64821d98c8eb303fcee3ac9e42e7d.jpg,5,3,true,pattern|카모,14.666,2,train,true
fashionpedia,train2020,39721,e7f88ef91e050501c102f2cf9e504b10.jpg,5,3,true,neckline|보트넥|pattern|그래픽,2.778,1,train,true
fashionpedia,train2020,39723,bc4687e6feae3d575a0cbd85971e89a5.jpg,5,3,true,detail|스팽글,5.725,1,train,true
fashionpedia,train2020,39739,9837fc7bd13f09d1c79c66c1b0ab6c06.jpg,5,3,true,detail|리본|pattern|그래픽,2.891,1,train,true
fashionpedia,train2020,39763,04c0dd48d11b43bfab3a0651582dd3ad.jpg,5,3,true,category|코트|category|쇼츠|pattern|스트라이프,3.832,3,train,true
fashionpedia,train2020,39776,a108c3b050c36035b452951a3fc3cfc7.jpg,5,3,true,pattern|스트라이프|neckline|보트넥,2.733,1,train,true
fashionpedia,train2020,39778,00291c7acf9ec38b6335f805ddb4beb9.jpg,5,3,true,neckline|홀터넥,4.653,2,train,true
fashionpedia,train2020,39781,d7d72dfa7d294bbe536ba9818c39ca87.jpg,5,3,true,pattern|스트라이프|detail|플리츠,2.857,3,train,true
fashionpedia,train2020,39810,8c68af9d31003ef7707ee0bb4a5a4189.jpg,5,3,true,pattern|스트라이프|collar|폴로 칼라,13.726,1,train,true
fashionpedia,train2020,39819,af11631119752ad4795666e6be73d268.jpg,5,3,true,detail|프릴·러플|lower_length|무릎 기장|silhouette|비대칭|lower_fit|플레어핏,13.158,1,train,true
fashionpedia,train2020,39823,b191d65b7089c0ed1e713793baf1ee8d.jpg,5,3,true,category|쇼츠|sleeve_length|7부 소매|upper_fit|오버핏|pattern|플로럴,10.232,2,train,true
fashionpedia,train2020,39829,d53542992621d79a6a19d8088b05fea5.jpg,5,3,true,neckline|홀터넥|silhouette|A라인,6.098,1,train,true
fashionpedia,train2020,39835,39bcf5d06ccea9abf3139d42411495c3.jpg,5,3,true,category|가디건|collar|셔츠 칼라|pattern|플로럴,7.746,3,train,true
fashionpedia,train2020,39845,a0166a682f4ff136edf80e0cbb071631.jpg,5,3,true,collar|폴로 칼라,12.364,1,train,true
fashionpedia,train2020,39858,8f653af041dc88415712e483efd24e07.jpg,5,3,true,pattern|체크|detail|리본,2.778,1,train,true
fashionpedia,train2020,39864,83388c7390e02c822ac24d633a411c2e.jpg,5,3,true,neckline|터틀넥,5.058,2,train,true
fashionpedia,train2020,39868,42d5dbacbb3eca8bb4d5ea41fb6c2102.jpg,5,3,true,pattern|스트라이프|sleeve_length|7부 소매|lower_fit|스트레이트핏|category|베스트|collar|라펠 칼라,11.358,3,train,true
fashionpedia,train2020,39869,e186ed8dd886463e2eb5b20ffd1e47bf.jpg,5,3,true,sleeve_shape|캡 소매|pattern|그래픽,2.678,1,train,true
fashionpedia,train2020,39874,863d4e264868185729d18fc8ec2624ce.jpg,5,3,true,neckline|터틀넥,5.058,3,train,true
fashionpedia,train2020,39875,e1907aa294c99410df2c66db4ac6a45c.jpg,5,3,true,category|쇼츠|pattern|그래픽,2.567,1,train,true
fashionpedia,train2020,39882,b8751a46b5e4689daf0b60e17126ef0b.jpg,5,3,true,category|셔츠|lower_fit|스트레이트핏|category|재킷|collar|셔츠 칼라|collar|스탠드 칼라,10.79,3,train,true
fashionpedia,train2020,39888,379b7a8d75c639089fca81bffd2714ee.jpg,5,3,true,category|점프수트|neckline|V넥,5.761,1,train,true
fashionpedia,train2020,39889,a0b8570d719a38eb05c226ef217bad9c.jpg,5,3,true,silhouette|X라인|neckline|V넥|pattern|플로럴|lower_fit|플레어핏,5.091,1,train,true
fashionpedia,train2020,39896,572ba60bc7f3fccf5b1f1a7ffbac7609.jpg,5,3,true,neckline|V넥|category|니트,2.582,3,train,true
fashionpedia,train2020,39901,e0081bbf96d50011948fbed027de437c.jpg,5,3,true,collar|칼라 없음,5.641,1,train,true
fashionpedia,train2020,39905,845b8075d6c388fd83a7f03c3066e705.jpg,5,3,true,neckline|터틀넥,5.058,1,train,true
fashionpedia,train2020,39909,2bed08bf067aebdb45fdbf57f995af56.jpg,5,3,true,neckline|오프숄더,4.626,2,train,true
fashionpedia,train2020,39913,4bab0366dadb48c4da96e33006c078ac.jpg,5,3,true,detail|스팽글,5.725,1,train,true
fashionpedia,train2020,39921,1ac48ff853951e465b9872282569cc21.jpg,5,3,true,detail|스팽글,5.725,1,train,true
fashionpedia,train2020,39923,dc60c65a72f9b4c8ec1b377aa037838a.jpg,5,3,true,neckline|보트넥|lower_fit|플레어핏,2.63,1,train,true
fashionpedia,train2020,39924,51bcec79db039ac57caaa2cef8519026.jpg,5,3,true,neckline|스퀘어넥,5.972,1,train,true
fashionpedia,train2020,39925,5a43440baf8eab6ba02fe5dad318c08e.jpg,5,3,true,detail|스팽글,5.725,1,train,true
fashionpedia,train2020,39931,fb5fff4b65b54e1970f8e8bc3f24d976.jpg,5,3,true,collar|셔츠 칼라|collar|칼라 없음,6.974,3,train,true
fashionpedia,train2020,39950,86f39ec76b96a89e10e85345914b7e66.jpg,5,3,true,silhouette|H라인|upper_fit|여유핏|lower_fit|슬림핏|lower_fit|스트레이트핏|category|재킷|neckline|터틀넥|collar|라펠 칼라,13.051,3,train,true
fashionpedia,train2020,39962,8e09cf02845b4e9a9ccaa2ad8bfb0cb4.jpg,5,3,true,lower_fit|스트레이트핏|silhouette|비대칭|silhouette|X라인|lower_fit|플레어핏,13.168,1,train,true
fashionpedia,train2020,39964,c2942894ae703d21a3ad335dc94ac6f0.jpg,5,3,true,category|코트|lower_fit|스트레이트핏|lower_length|무릎 기장|upper_fit|여유핏|pattern|애니멀|collar|라펠 칼라,11.877,3,train,true
fashionpedia,train2020,39965,a9224a51750a39270318f5f364ed2c7a.jpg,5,3,true,category|점프수트,4.536,2,train,true
fashionpedia,train2020,39972,514abc8782b0f06ef384d054e72e6a97.jpg,5,3,true,sleeve_length|7부 소매|pattern|애니멀,6.23,3,train,true
fashionpedia,train2020,39973,bc4ac2face46cb4fdbd3510df6a798be.jpg,5,3,true,silhouette|비대칭|lower_fit|플레어핏,2.578,1,train,true
fashionpedia,train2020,39983,87557e859206e9b73b51fb4c9aed4f4d.jpg,5,3,true,silhouette|O라인|lower_length|무릎 기장,19.453,1,train,true
fashionpedia,train2020,39991,ce55cefb51a278dc73783c1522e3ae53.jpg,5,3,true,collar|스탠드 칼라,5.388,3,train,true
fashionpedia,train2020,39995,8956ce7767cab7c396e6d0454cfd7779.jpg,5,3,true,neckline|스퀘어넥|pattern|스트라이프,7.334,1,train,true
fashionpedia,train2020,39997,365820689cc1d40010aecf27a34f74ce.jpg,5,3,true,neckline|스퀘어넥|silhouette|X라인|lower_length|미디·7부 기장|lower_length|무릎 기장|pattern|플로럴|lower_fit|플레어핏,16.341,1,train,true
fashionpedia,train2020,40024,faa7e6c089f877c8599d8533b023f972.jpg,5,3,true,lower_length|미디·7부 기장|silhouette|H라인|lower_fit|스트레이트핏|lower_length|무릎 기장|collar|피터팬 칼라,24.527,1,train,true
fashionpedia,train2020,40026,e1270d0b52163394b74c3b527e90e6c6.jpg,5,3,true,pattern|스트라이프|lower_length|무릎 기장|sleeve_shape|벨 소매|lower_fit|플레어핏,13.182,1,train,true
fashionpedia,train2020,40029,893e351fda2f0fcab2831b6ff7572c6c.jpg,5,3,true,lower_length|미디·7부 기장|lower_length|무릎 기장|silhouette|A라인|category|재킷|collar|칼라 없음,11.116,2,train,true
fashionpedia,train2020,40032,bbb1b0b1bd3ac0f8e6ecf5d2b38b4b80.jpg,5,3,true,neckline|V넥|category|니트,2.582,1,train,true
fashionpedia,train2020,40046,021bda09b4d3e401fd9cf0b2d6c43504.jpg,5,3,true,pattern|카모|neckline|라운드넥,15.964,1,train,true
fashionpedia,train2020,40047,a8d3da54efa943aaf6048b57c6dadd09.jpg,5,3,true,sleeve_shape|벨 소매,5.333,1,train,true
fashionpedia,train2020,40051,98c2a84f6ca8fbdc66a979afc25cb38e.jpg,5,3,true,category|코트|material|퍼·플리스|collar|라펠 칼라|lower_length|무릎 기장,8.34,1,train,true
fashionpedia,train2020,40066,683e15d8e954f1bddbfb1199c9bf82ef.jpg,5,3,true,detail|리본|silhouette|X라인|lower_fit|플레어핏,4.109,1,train,true
fashionpedia,train2020,40070,001b385ce6556a41698fe91297fe2306.jpg,5,3,true,detail|리본|silhouette|X라인|lower_fit|플레어핏,4.109,1,train,true
fashionpedia,train2020,40071,abf7c21a5b8568e74c7d8c53fd5fae4f.jpg,5,3,true,lower_fit|스트레이트핏|pattern|플로럴|lower_fit|플레어핏|pattern|도트,13.08,1,train,true
fashionpedia,train2020,40089,6df637b5950b1711186444dc7eddd109.jpg,5,3,true,category|코트|detail|후드|lower_length|무릎 기장,8.03,2,train,true
fashionpedia,train2020,40098,cae8912180f9dff7fa6396f1e8e6acc6.jpg,5,3,true,pattern|그래픽|silhouette|X라인|lower_fit|플레어핏,4.032,1,train,true
fashionpedia,train2020,40099,2eb63524f9130c9bd0f36fb02e833023.jpg,5,3,true,sleeve_shape|퍼프 소매,6.207,1,train,true
fashionpedia,train2020,40105,96d425dbe277c5ba94f9626554bd04ae.jpg,5,3,true,neckline|스퀘어넥|pattern|플로럴|lower_fit|플레어핏,12.249,1,train,true
fashionpedia,train2020,40106,6f80ca73754f821d6bdd7685650f5449.jpg,5,3,true,detail|리본|silhouette|A라인|pattern|플로럴,4.171,1,train,true
fashionpedia,train2020,40117,5df77e447847ed03af75e4ffc8850896.jpg,5,3,true,category|코트|material|퍼·플리스|detail|플리츠,7.143,2,train,true
fashionpedia,train2020,40119,b0db284a57a22637066c0233a80c6e62.jpg,5,3,true,category|쇼츠|collar|칼라 없음,6.802,2,train,true
fashionpedia,train2020,40127,9fabf10a6c1cd9e317412aa5a1f286b6.jpg,5,3,true,pattern|애니멀,4.8,2,train,true
fashionpedia,train2020,40139,d3c0deb63a1b9c14fe7ba96e1dc85071.jpg,5,3,true,neckline|보트넥|pattern|그래픽,2.778,2,train,true
fashionpedia,train2020,40146,6ff19b1f247c217fe1a1ee19aaa6f090.jpg,5,3,true,sleeve_shape|래글런 소매|detail|리본,3.174,2,train,true
fashionpedia,train2020,40161,969e67508efbc114095a565b2e111f2e.jpg,5,3,true,pattern|체크|detail|리본,2.778,2,train,true
fashionpedia,train2020,40167,6c8bba5f4f5bfede3245e5437e2d0c3e.jpg,5,3,true,neckline|스퀘어넥,5.972,1,train,true
fashionpedia,train2020,40168,154d9ee34ddc749c672823b452b20ab7.jpg,5,3,true,lower_fit|슬림핏|sleeve_shape|래글런 소매|neckline|라운드넥|sleeve_length|7부 소매|silhouette|H라인|lower_fit|스트레이트핏,13.354,3,train,true
fashionpedia,train2020,40178,90298b2edbe92dc014debc4950c546c9.jpg,5,3,true,sleeve_shape|벨 소매,5.333,1,train,true
fashionpedia,train2020,40186,bbe795d6c059fccefe48ccf777ce02d8.jpg,5,3,true,detail|리본|silhouette|비대칭,2.803,1,train,true
fashionpedia,train2020,40195,00c83df35584c4f2584dd79f463b29b4.jpg,5,3,true,collar|스탠드 칼라|pattern|스트라이프,6.749,1,train,true
fashionpedia,train2020,40197,18847b91e2b036a3629e6dd94800ade8.jpg,5,3,true,sleeve_shape|래글런 소매,1.69,1,train,true
fashionpedia,train2020,40198,df7a21409849a9555c4ef3ba30b91776.jpg,5,3,true,sleeve_length|7부 소매|lower_length|무릎 기장|silhouette|A라인|category|재킷|collar|스탠드 칼라,11.018,2,train,true
fashionpedia,train2020,40212,e50199f8dadf451a51700882987f041a.jpg,5,3,true,pattern|스트라이프|detail|플리츠,2.857,1,train,true
fashionpedia,train2020,40214,f82591afcd1429990f307da0b15c6851.jpg,5,3,true,detail|리본|silhouette|비대칭|lower_fit|플레어핏,4.062,1,train,true
fashionpedia,train2020,40217,22c540ab0df5b22b6f18438af07771a6.jpg,5,3,true,neckline|홀터넥|detail|프릴·러플|lower_fit|플레어핏,7.307,1,train,true
fashionpedia,train2020,40221,d26edbbd55078475b8791b48bd0d39b9.jpg,5,3,true,pattern|그래픽|category|니트,2.764,1,train,true
fashionpedia,train2020,40223,45ec3b556dd0422d14eac92504fa932a.jpg,5,3,true,category|쇼츠|pattern|그래픽,2.567,2,train,true
fashionpedia,train2020,40231,cd33e5b83d526816355a88561f21f9b6.jpg,5,3,true,detail|리본|lower_fit|플레어핏,2.743,2,train,true
fashionpedia,train2020,40237,5042fc139d7581267f59e8ced6251d24.jpg,5,3,true,category|셔츠|lower_fit|스트레이트핏|category|재킷|collar|셔츠 칼라|collar|스탠드 칼라,10.79,3,train,true
fashionpedia,train2020,40242,a0441419fc975b0227a0c5986456f41d.jpg,5,3,true,neckline|스퀘어넥,5.972,1,train,true
fashionpedia,train2020,40245,d08822043dec7254ae6f0f1f4c997cc1.jpg,5,3,true,detail|리본|pattern|그래픽,2.891,1,train,true
fashionpedia,train2020,40253,d79f802ea02e2cbe3788a06f99280b97.jpg,5,3,true,detail|스팽글,5.725,1,train,true
fashionpedia,train2020,40262,48703f375bfe920bc5152a71e7417c25.jpg,5,3,true,pattern|스트라이프|pattern|그래픽,2.769,1,train,true
fashionpedia,train2020,40263,4dfa548731495e80b6e2795a198f015d.jpg,5,3,true,neckline|V넥|category|니트,2.582,2,train,true
fashionpedia,train2020,40270,680fcf0cfead6109ecee86b98262ceda.jpg,5,3,true,collar|스탠드 칼라,5.388,2,train,true
fashionpedia,train2020,40275,c0429b9e9250cb28b3feb9837ff0fc6b.jpg,5,3,true,pattern|스트라이프|category|니트,2.719,1,train,true
fashionpedia,train2020,40279,998111598dfd80ef5ae8f2fb56d8bea6.jpg,5,3,true,collar|피터팬 칼라|pattern|플로럴,20.3,1,train,true
fashionpedia,train2020,40286,5175ab1205785924aefcd4381fa2a820.jpg,5,3,true,neckline|V넥|category|니트,2.582,2,train,true
fashionpedia,train2020,40290,57f5de39e82991d4261c00a5495b2530.jpg,5,3,true,detail|스팽글|lower_fit|플레어핏,6.984,1,train,true
fashionpedia,train2020,40309,f3a4d238dc73578ce0e9f6f8beed1941.jpg,5,3,true,detail|리본|silhouette|X라인|lower_fit|플레어핏,4.109,1,train,true
fashionpedia,train2020,40312,af57939163925a57a9a59f3cf964b7f4.jpg,5,3,true,lower_fit|와이드핏|collar|셔츠 칼라|pattern|플로럴,7.523,2,train,true
fashionpedia,train2020,40334,1db4c4eba29293cae9d7da93eebde98b.jpg,5,3,true,collar|폴로 칼라|pattern|그래픽,13.771,1,train,true
fashionpedia,train2020,40337,d5b287f2fc738dce2c4d6f476192418e.jpg,5,3,true,sleeve_shape|래글런 소매|neckline|라운드넥|sleeve_length|7부 소매,9.488,1,train,true
fashionpedia,train2020,40360,199b17695f4495a1c6a5791c96fd9898.jpg,5,3,true,detail|프릴·러플|lower_fit|플레어핏,2.653,1,train,true
fashionpedia,train2020,40364,3f68b4b319343b0f79e5ba589f8ce928.jpg,5,3,true,lower_length|무릎 기장|silhouette|A라인|pattern|플로럴|collar|스탠드 칼라,9.526,2,train,true
fashionpedia,train2020,40397,f126f5fa7fd6939084fa439a5c194f18.jpg,5,3,true,detail|스팽글,5.725,1,train,true
fashionpedia,train2020,40398,dd27743b0e351d659f15ce822c2a83af.jpg,5,3,true,lower_length|미디·7부 기장|silhouette|O라인,19.274,1,train,true
fashionpedia,train2020,40399,8047cf1d2583599535df4fb7f80a3457.jpg,5,3,true,category|쇼츠|category|베스트|collar|셔츠 칼라,8.329,3,train,true
fashionpedia,train2020,40402,542d864dd602c417916fe0cc854a6275.jpg,5,3,true,neckline|라운드넥|detail|리본|silhouette|O라인|lower_length|무릎 기장|upper_fit|여유핏,23.82,2,train,true
fashionpedia,train2020,40404,2c49a3004a9a8c1ec39a792cea0f50ba.jpg,5,3,true,material|퍼·플리스|pattern|플로럴,5.581,1,train,true
fashionpedia,train2020,40410,5e2f39f2442b7a035619baa4cb12110d.jpg,5,3,true,sleeve_shape|벌룬 소매|neckline|라운드넥|lower_length|미디·7부 기장|lower_length|무릎 기장,9.639,1,train,true
fashionpedia,train2020,40412,a7b1f161a4db0f00328b49af9b0d739e.jpg,5,3,true,neckline|라운드넥|pattern|그래픽|detail|후드,7.973,3,train,true
fashionpedia,train2020,40416,d4d2041ee6e2f9a20ff39168fe997492.jpg,5,3,true,pattern|카모|neckline|라운드넥|silhouette|H라인|lower_fit|스트레이트핏|category|재킷|collar|라펠 칼라,21.249,3,train,true
fashionpedia,train2020,40419,2b757cdbe10db379f2b4e04de1ad77c1.jpg,5,3,true,detail|스팽글,5.725,1,train,true
fashionpedia,train2020,40424,a5fb8419d36b80819a01294dbc5472aa.jpg,5,3,true,neckline|터틀넥,5.058,1,train,true
fashionpedia,train2020,40431,acf0a45193622a3de07811e16b907b97.jpg,5,3,true,category|코트|lower_length|무릎 기장|collar|스탠드 칼라,8.149,2,train,true
fashionpedia,train2020,40438,9c3a0e83b216fe509687dc608d504f64.jpg,5,3,true,lower_fit|와이드핏|pattern|플로럴,6.189,1,train,true
fashionpedia,train2020,40441,0c7f6bf40b3ed6df9406e234a5b373b8.jpg,5,3,true,detail|스팽글|detail|플리츠,7.22,3,train,true
fashionpedia,train2020,40447,f4ad37b436b46ee3c12da656db036657.jpg,5,3,true,silhouette|H라인|lower_fit|스트레이트핏|collar|피터팬 칼라|pattern|플로럴,23.042,1,train,true
fashionpedia,train2020,40453,c947f3d8e773281d9d18b6abf9f1eaa5.jpg,5,3,true,lower_fit|슬림핏|material|가죽|silhouette|H라인|lower_fit|스트레이트핏|lower_length|무릎 기장|neckline|V넥,21.114,2,train,true
fashionpedia,train2020,40455,ea1f42c6e20979a40230b242e5d6bbee.jpg,5,3,true,material|퍼·플리스,4.339,1,train,true
fashionpedia,train2020,40469,4bcb7d811ec523c8e001dd47ff13b115.jpg,5,3,true,category|쇼츠|upper_fit|오버핏|pattern|플로럴,8.802,2,train,true
fashionpedia,train2020,40470,6eb2cec00521100c38af0795a4b4e0ba.jpg,5,3,true,category|쇼츠|category|니트,2.518,2,train,true
fashionpedia,train2020,40504,d86c3354c09d064e1594f5ad5843136f.jpg,5,3,true,lower_fit|슬림핏|neckline|라운드넥|category|가디건|silhouette|X라인|lower_fit|플레어핏,13.993,2,train,true
fashionpedia,train2020,40506,a8c0913e58fc525ea9df1fd3fe32ac14.jpg,5,3,true,neckline|V넥|pattern|체크,2.519,4,train,true
fashionpedia,train2020,40515,4cefcdbc0ad5207ce63aab9885828265.jpg,5,3,true,pattern|스트라이프|detail|프릴·러플|lower_fit|플레어핏,4.015,1,train,true
fashionpedia,train2020,40517,a4b5d4146336cc160cf8eb65aca0550a.jpg,5,3,true,neckline|보트넥|lower_fit|플레어핏,2.63,2,train,true
fashionpedia,train2020,40519,a09758f1773ffc92c7e101f5aa2e1479.jpg,5,3,true,pattern|스트라이프|detail|플리츠|pattern|플로럴,4.099,2,train,true
fashionpedia,train2020,40525,2126be83aac9bd6bdffc0cac0c86b5db.jpg,5,3,true,category|점프수트|pattern|그래픽,5.943,1,train,true
fashionpedia,train2020,40527,0364e3a8ea61de8fe9d4725f13d24c0c.jpg,5,3,true,category|베스트|collar|셔츠 칼라|collar|라펠 칼라,8.408,3,train,true
fashionpedia,train2020,40551,2732297a78c890cad84b5932d9444d49.jpg,5,3,true,collar|피터팬 칼라|silhouette|X라인|lower_fit|플레어핏,25.459,1,train,true
fashionpedia,train2020,40552,d5d7e105ebf065e6b4c124d69cc98e1a.jpg,5,3,true,pattern|애니멀|silhouette|X라인|lower_fit|플레어핏,7.425,1,train,true
fashionpedia,train2020,40560,cf6d07fdc695ee835d06aaaedef650e5.jpg,5,3,true,neckline|스퀘어넥|lower_length|미디·7부 기장|silhouette|X라인|lower_fit|플레어핏,13.647,1,train,true
fashionpedia,train2020,40567,dd4dc72c6cc513d7ac71c24d4ac17de3.jpg,5,3,true,category|코트|lower_length|미디·7부 기장|lower_length|무릎 기장|collar|피터팬 칼라|upper_fit|여유핏,24.679,1,train,true
fashionpedia,train2020,40577,c43b216178f78fcd9407371867094589.jpg,5,3,true,pattern|스트라이프|lower_fit|와이드핏|collar|셔츠 칼라,7.643,3,train,true
fashionpedia,train2020,40578,d99f59acc83c7acbb4425e2643661ee4.jpg,5,3,true,collar|폴로 칼라,12.364,1,train,true
fashionpedia,train2020,40584,64ce9ba1457ad0c5a54ea2b853edc2ab.jpg,5,3,true,pattern|체크|silhouette|A라인|detail|플리츠,4.233,1,train,true
fashionpedia,train2020,40586,ffe011e941a22c02ef0be02a922d44b7.jpg,5,3,true,neckline|V넥|category|니트,2.582,3,train,true
fashionpedia,train2020,40595,d02644e20d5b1127a3269ab8952e60b9.jpg,5,3,true,pattern|스트라이프|pattern|그래픽,2.769,2,train,true
fashionpedia,train2020,40597,1e70562dfd25b2d8cb4383036e327f4f.jpg,5,3,true,category|베스트|neckline|V넥,7.06,1,train,true
fashionpedia,train2020,40602,3562aed1e35e1b2fc87af5a8a541084c.jpg,5,3,true,silhouette|X라인|neckline|V넥|pattern|플로럴|lower_fit|플레어핏,5.091,1,train,true
fashionpedia,train2020,40608,6b007cda672a4a146edebeef883a98f0.jpg,5,3,true,detail|스팽글,5.725,1,train,true
fashionpedia,train2020,40615,134dad83ea82e48ecee2c0a4ad70ff2d.jpg,5,3,true,category|가디건|neckline|V넥|collar|셔츠 칼라,7.729,2,train,true
fashionpedia,train2020,40620,bc10edaf47f85dd790b61a1733750f27.jpg,5,3,true,category|코트|detail|후드|collar|셔츠 칼라,7.911,2,train,true
fashionpedia,train2020,40624,ad7fa2cdecdf111ac9d8a48b0c17f266.jpg,5,3,true,collar|셔츠 칼라|material|퍼·플리스|sleeve_length|7부 소매,7.102,3,train,true
fashionpedia,train2020,40625,39939247095e371636445d5b2fd1f850.jpg,5,3,true,category|점프수트|sleeve_length|7부 소매,5.966,1,train,true
fashionpedia,train2020,40630,ae170bb30f5c0ccd7a8cdc26bcca0e99.jpg,5,3,true,neckline|스퀘어넥|silhouette|X라인|pattern|플로럴|lower_fit|플레어핏,13.615,1,train,true
fashionpedia,train2020,40633,69690bc4b2acc1c37586d903ff7e4b19.jpg,5,3,true,neckline|라운드넥|category|베스트|collar|라펠 칼라,8.373,3,train,true
fashionpedia,train2020,40652,50d4814a03a164233074f3db20b1f10e.jpg,5,3,true,category|코트|lower_length|무릎 기장|upper_fit|여유핏|lower_fit|슬림핏|lower_fit|와이드핏|detail|플리츠|lower_length|미디·7부 기장|collar|라펠 칼라,14.426,3,train,true
fashionpedia,train2020,40655,ed6613357ba73a7a9e6c0fe818fc4d1c.jpg,5,3,true,lower_fit|스트레이트핏|lower_length|무릎 기장|silhouette|비대칭|silhouette|X라인|lower_fit|플레어핏,14.621,1,train,true
fashionpedia,train2020,40662,173c167cfeeee1eaf622c61b15b70d33.jpg,5,3,true,collar|폴로 칼라,12.364,1,train,true
fashionpedia,train2020,40663,b8f118206843bee91f5dde63eba1b715.jpg,5,3,true,silhouette|X라인|neckline|V넥|pattern|플로럴|lower_fit|플레어핏,5.091,1,train,true
fashionpedia,train2020,40674,54b2cd47fe9bec51aa290e46b1bce908.jpg,5,3,true,neckline|홀터넥|silhouette|X라인|lower_fit|플레어핏,11.054,1,train,true
fashionpedia,train2020,40675,4ad7595ff669a4433461b085b0bd1336.jpg,5,3,true,detail|프릴·러플|neckline|V넥|lower_fit|플레어핏,3.878,1,train,true
fashionpedia,train2020,40676,39e31eb0d0b9462d7df2b3697aae1eee.jpg,5,3,true,detail|프릴·러플|neckline|V넥,2.62,1,train,true
fashionpedia,train2020,40677,c677fcaf66108ebafe247212af1f9055.jpg,5,3,true,silhouette|A라인|pattern|애니멀,6.244,1,train,true
fashionpedia,train2020,40678,1a4101b31e969325f0ea7f6d2ca853d7.jpg,5,3,true,sleeve_shape|래글런 소매|pattern|그래픽,3.097,1,train,true
fashionpedia,train2020,40685,7794457a0b40195bf2d7829b2de12773.jpg,5,3,true,neckline|터틀넥,5.058,3,train,true
fashionpedia,train2020,40691,ed684d1f722a3e6fd6644a086a941908.jpg,5,3,true,category|점프수트|pattern|플로럴,5.778,1,train,true
fashionpedia,train2020,40694,a00596cad83e8f145ce7273624fcd9e4.jpg,5,3,true,category|셔츠|material|퍼·플리스|lower_fit|스트레이트핏|category|재킷|collar|셔츠 칼라|collar|라펠 칼라,10.981,3,train,true
fashionpedia,train2020,40697,6dbf8f70d70bc87358e00a8c88406255.jpg,5,3,true,neckline|홀터넥,4.653,1,train,true
fashionpedia,train2020,40701,d573ff9243f7e431ebd2d0b171619640.jpg,5,3,true,category|쇼츠|collar|라펠 칼라|detail|스팽글|lower_fit|스트레이트핏|category|재킷,10.919,3,train,true
fashionpedia,train2020,40702,545c5584dff025e2c08004bac7c65984.jpg,5,3,true,collar|스탠드 칼라|category|셔츠|lower_length|미디·7부 기장|lower_fit|스트레이트핏|category|재킷|collar|라펠 칼라,11.97,3,train,true
fashionpedia,train2020,40708,1ac21ac80ee4c2f23a5055159e5a7825.jpg,5,3,true,detail|스팽글,5.725,1,train,true
fashionpedia,train2020,40716,42c78720bdce24c76d13a5140e614d7b.jpg,5,3,true,category|쇼츠|neckline|오프숄더,5.787,2,train,true
fashionpedia,train2020,40723,70b1b37865ac7d82965b3032d5793a3f.jpg,5,3,true,collar|폴로 칼라,12.364,1,train,true
fashionpedia,train2020,40726,ac7d95ac72d9667fd560525e01ec48fd.jpg,5,3,true,neckline|V넥|sleeve_shape|캡 소매,2.496,2,train,true
fashionpedia,train2020,40731,a6e664ac9141eace18715c9b79d01922.jpg,5,3,true,category|쇼츠|category|니트,2.518,3,train,true
fashionpedia,train2020,40732,4c26277096275e5269b4ce1945df205e.jpg,5,3,true,category|코트|material|퍼·플리스|pattern|플로럴,6.89,3,train,true
fashionpedia,train2020,40744,514f436756e423ad4522d982fd3df42a.jpg,5,3,true,lower_fit|스트레이트핏|lower_length|무릎 기장|silhouette|비대칭|lower_fit|플레어핏,13.255,1,train,true
fashionpedia,train2020,40745,ffcc188053beb2d4266c59530f2d9add.jpg,5,3,true,detail|리본|lower_fit|플레어핏,2.743,1,train,true
fashionpedia,train2020,40747,1e8214ca69b449fa6a9b57dea1166aff.jpg,5,3,true,lower_fit|와이드핏,4.948,3,train,true
fashionpedia,train2020,40762,5a4fe0409c335ce427d2147e6dcac452.jpg,5,3,true,detail|프릴·러플|lower_fit|플레어핏,2.653,2,train,true
fashionpedia,train2020,40763,9e576b775aaf7de78dc59748537e0ef4.jpg,5,3,true,sleeve_shape|래글런 소매|pattern|스트라이프,3.052,1,train,true
fashionpedia,train2020,40768,c25763ef0be42f54a9b1e5875bd27957.jpg,5,3,true,pattern|스트라이프|detail|프릴·러플|silhouette|A라인,4.201,1,train,true
fashionpedia,train2020,40772,c652a0d4f2b049f61d75ecf937986967.jpg,5,3,true,neckline|보트넥|lower_fit|플레어핏,2.63,1,train,true
fashionpedia,train2020,40777,77b0a59fd20afa80c98e11241eaaaa45.jpg,5,3,true,pattern|스트라이프|lower_length|무릎 기장|category|베스트|collar|셔츠 칼라|lower_fit|플레어핏,15.018,2,train,true
fashionpedia,train2020,40784,cea81228a0f22a91051c414ae0c8ec9f.jpg,5,3,true,neckline|오프숄더,4.626,1,train,true
fashionpedia,train2020,40794,f76222a6c40e92e85ff24ba3d9519e1f.jpg,5,3,true,neckline|V넥|category|니트,2.582,1,train,true
fashionpedia,train2020,40797,4852a87e762a35ea79632a2c910c7f66.jpg,5,3,true,sleeve_shape|퍼프 소매|collar|라펠 칼라|lower_length|무릎 기장|silhouette|A라인|category|재킷,11.647,2,train,true
fashionpedia,train2020,40803,6906c5734334a2ebaa80f2afcc4212d0.jpg,5,3,true,sleeve_length|7부 소매|sleeve_shape|벨 소매,6.763,2,train,true
fashionpedia,train2020,40804,1d91557aa6810c860cb5c908ce4eacb4.jpg,5,3,true,lower_length|무릎 기장|neckline|V넥|silhouette|비대칭|lower_fit|플레어핏,12.989,1,train,true
fashionpedia,train2020,40820,ebfe9c315f7eba7ee13ffecfbe52cab8.jpg,5,3,true,collar|칼라 없음,5.641,2,train,true
fashionpedia,train2020,40837,27ea5846b3e4c04af9ee881475fdd02c.jpg,5,3,true,lower_length|미디·7부 기장|detail|스팽글|lower_length|무릎 기장,8.452,2,train,true
fashionpedia,train2020,40838,fc2b7868833800269f26863c22cebe13.jpg,5,3,true,category|쇼츠|pattern|그래픽,2.567,2,train,true
fashionpedia,train2020,40849,44a240eb94fe5df9959db83cc30d59f6.jpg,5,3,true,neckline|라운드넥|detail|스팽글|pattern|플로럴|lower_fit|플레어핏,13.299,1,train,true
fashionpedia,train2020,40863,8417310813e9b4781705b22d7b02267e.jpg,5,3,true,neckline|스퀘어넥,5.972,1,train,true
fashionpedia,train2020,40867,85f752b7280208728535c69a553031cb.jpg,5,3,true,category|코트|sleeve_length|7부 소매|lower_fit|와이드핏|collar|셔츠 칼라,9.02,3,train,true
fashionpedia,train2020,40868,ab0b39fb51fe1a05c9f1050cea17858b.jpg,5,3,true,pattern|스트라이프|pattern|그래픽|silhouette|A라인,4.213,2,train,true
fashionpedia,train2020,40869,4f7867f66a9a57efd488cb9c3cb1ad11.jpg,5,3,true,category|가디건|neckline|V넥,2.518,3,train,true
fashionpedia,train2020,40872,3e7919fc620195b591d6dccdf0493985.jpg,5,3,true,silhouette|X라인|sleeve_length|7부 소매|lower_length|미디·7부 기장|pattern|플로럴|lower_fit|플레어핏,6.571,1,train,true
fashionpedia,train2020,40882,8935401afd5a49297863da441115c848.jpg,5,3,true,lower_fit|슬림핏|collar|폴로 칼라,13.487,1,train,true
fashionpedia,train2020,40884,d7e97296d1536e24432058a7b1d73698.jpg,5,3,true,silhouette|X라인|neckline|V넥|pattern|플로럴|lower_fit|플레어핏,5.091,1,train,true
fashionpedia,train2020,40885,5b7780eadaba9556c2ccb91da0c52862.jpg,5,3,true,category|점프수트|pattern|스트라이프|neckline|V넥,7.123,1,train,true
fashionpedia,train2020,40893,4f79159e576ec911a21e8eb567457c8b.jpg,5,3,true,lower_length|미디·7부 기장|lower_length|무릎 기장|category|가디건,7.897,3,train,true
fashionpedia,train2020,40896,0fb152dd51e2ddedd3d520618ade1ff3.jpg,5,3,true,pattern|애니멀,4.8,1,train,true
fashionpedia,train2020,40905,19b7c97cf398585f9db6ef5c2d9617f0.jpg,5,3,true,category|점프수트,4.536,1,train,true
fashionpedia,train2020,40912,0b25320f74f203c43f00520bedbd214f.jpg,5,3,true,detail|프릴·러플|lower_fit|플레어핏,2.653,1,train,true
fashionpedia,train2020,40929,3d62ceff8f4e55bbe38c70998541a27b.jpg,5,3,true,category|셔츠|silhouette|H라인|collar|라펠 칼라|lower_fit|스트레이트핏|category|재킷|category|베스트|collar|셔츠 칼라,13.728,4,train,true
fashionpedia,train2020,40932,a3990c25a35d27f143a4c67253600f43.jpg,5,3,true,silhouette|X라인|detail|리본|pattern|플로럴|lower_fit|플레어핏,5.351,1,train,true
fashionpedia,train2020,40934,6175a898d800050b93b9d0cafe8429f3.jpg,5,3,true,lower_fit|슬림핏|neckline|라운드넥|silhouette|O라인|collar|라펠 칼라|category|재킷,22.964,2,train,true
fashionpedia,train2020,40942,223f55a9737dd3ecaa6141372bb9e63f.jpg,5,3,true,category|코트|pattern|체크|pattern|스트라이프,3.965,4,train,true
fashionpedia,train2020,40945,a630bc50ec375af4d98e38ae82cd9bb1.jpg,5,3,true,category|쇼츠|pattern|그래픽,2.567,2,train,true
fashionpedia,train2020,40952,e82126230ca0ae94b3da5eea0fe710b0.jpg,5,3,true,category|코트|pattern|애니멀|neckline|V넥,7.334,3,train,true
fashionpedia,train2020,40963,7b31a098b3b30b6c5241e366ea6cb5db.jpg,5,3,true,category|쇼츠|pattern|그래픽,2.567,2,train,true
fashionpedia,train2020,40965,fc026e7d9f63bc8d435f7ea9cb437f65.jpg,5,3,true,silhouette|비대칭|silhouette|X라인|lower_fit|플레어핏,3.944,1,train,true
fashionpedia,train2020,40967,aad1f75ee4cc7b5e036562b5b0f0b6dc.jpg,5,3,true,neckline|스퀘어넥|lower_length|미디·7부 기장,7.246,1,train,true
fashionpedia,train2020,40974,0b9b7039032ce6d13b789aaedd6222be.jpg,5,3,true,category|점프수트|detail|리본,6.02,1,train,true
fashionpedia,train2020,40976,6b145ec4eb24637098cc297b9fdeafca.jpg,5,3,true,lower_length|무릎 기장|silhouette|A라인|sleeve_shape|벨 소매,8.23,1,train,true
fashionpedia,train2020,40987,f203468e15e65892becfcad6f78829ae.jpg,5,3,true,neckline|V넥|category|니트,2.582,1,train,true
fashionpedia,train2020,40989,7944d7d36c0ad8a7f215a73097b68d9c.jpg,5,3,true,detail|스팽글,5.725,1,train,true
fashionpedia,train2020,40996,ccc5554c95618c84f09cfb3b4846d2e3.jpg,5,3,true,category|코트|material|퍼·플리스|collar|셔츠 칼라,6.981,1,train,true
fashionpedia,train2020,41007,19e20f1556220880a6fbe0f3b571d610.jpg,5,3,true,pattern|애니멀,4.8,1,train,true
fashionpedia,train2020,41009,8af00b6b47798f5f3fd5a813207c2db4.jpg,5,3,true,detail|프릴·러플|lower_fit|플레어핏,2.653,1,train,true
fashionpedia,train2020,41018,0883697d9e34187f484214a319eb97b0.jpg,5,3,true,category|쇼츠|pattern|그래픽,2.567,2,train,true
fashionpedia,train2020,41056,65e0e30a9fa6347b51306bbbde259305.jpg,5,3,true,neckline|라운드넥|lower_fit|스트레이트핏|detail|스팽글|lower_length|무릎 기장,9.966,1,train,true
fashionpedia,train2020,41058,f9610ac04fe21d9bd96689b8c6ae1669.jpg,5,3,true,category|코트|pattern|스트라이프|neckline|V넥,3.896,3,train,true
fashionpedia,train2020,41076,9b349021c8ea7dac80779e75888eae04.jpg,5,3,true,detail|리본|collar|칼라 없음,7.125,2,train,true
fashionpedia,train2020,41081,537abdd7a659b41f61c5913490c4f52a.jpg,5,3,true,silhouette|A라인|pattern|애니멀|neckline|V넥,7.469,3,train,true
fashionpedia,train2020,41093,57b2e34deef667e17f31dc67b41b9672.jpg,5,3,true,category|쇼츠|pattern|그래픽,2.567,2,train,true
fashionpedia,train2020,41095,835c8c884a4fae212cf0663b6cae522f.jpg,5,3,true,category|가디건|neckline|V넥|collar|셔츠 칼라,7.729,2,train,true
fashionpedia,train2020,41100,6b9416ce893b4346ae0987f1d6a704bd.jpg,5,3,true,neckline|홀터넥|silhouette|A라인,6.098,1,train,true
fashionpedia,train2020,41103,65bd83daf4526f02e2622cd35812c290.jpg,5,3,true,category|코트|sleeve_length|7부 소매|lower_length|무릎 기장|collar|스탠드 칼라,9.579,2,train,true
fashionpedia,train2020,41110,1f61b441e187dbcb6aad7c4427f21afb.jpg,5,3,true,neckline|오프숄더,4.626,1,train,true
fashionpedia,train2020,41111,1787ceaaac950d604394a770a1847da6.jpg,5,3,true,category|코트|collar|스탠드 칼라,6.697,2,train,true
fashionpedia,train2020,41115,b91e396b6a89232b351cb10cb9a353a6.jpg,5,3,true,collar|스탠드 칼라,5.388,1,train,true
fashionpedia,train2020,41117,0d3c637cef48ceae3a787568645003ab.jpg,5,3,true,sleeve_shape|래글런 소매|neckline|라운드넥|sleeve_length|7부 소매|lower_fit|스트레이트핏,10.979,1,train,true
fashionpedia,train2020,41124,3dd79c7960f0761507dd305012d8e218.jpg,5,3,true,neckline|터틀넥,5.058,3,train,true
fashionpedia,train2020,41128,8f9d69b3f3202dfaaff88ab9652c6036.jpg,5,3,true,category|점프수트|pattern|스트라이프|neckline|라운드넥|lower_length|미디·7부 기장,8.47,2,train,true
fashionpedia,train2020,41133,b0a2f128c74fe288e55623dccec89092.jpg,5,3,true,pattern|그래픽|category|니트,2.764,1,train,true
fashionpedia,train2020,41138,3d91f396c682eef9240467613758879b.jpg,5,3,true,neckline|V넥|silhouette|비대칭|lower_fit|플레어핏,3.803,1,train,true
fashionpedia,train2020,41143,f8f9934895de21b046a3477ccb582c17.jpg,5,3,true,collar|폴로 칼라,12.364,1,train,true
fashionpedia,train2020,41156,4a283f9305f71b86c9528f497a33239b.jpg,5,3,true,pattern|스트라이프|collar|스탠드 칼라,6.749,2,train,true
fashionpedia,train2020,41157,85dc3a80906a5e9a985c8fa8f17db326.jpg,5,3,true,neckline|오프숄더|pattern|그래픽,6.033,1,train,true
fashionpedia,train2020,41159,cb3ddf1a39881e135bc066715e2199cc.jpg,5,3,true,category|코트|sleeve_length|7부 소매|lower_fit|와이드핏|lower_fit|스트레이트핏,9.178,3,train,true
fashionpedia,train2020,41164,db2d66d8c60e04c44ed7fefedfcf925b.jpg,5,3,true,collar|스탠드 칼라|sleeve_length|7부 소매,6.818,1,train,true
fashionpedia,train2020,41172,54a96b448ab5cdd09b730b9b4332af3a.jpg,5,3,true,category|점프수트|pattern|스트라이프,5.898,1,train,true
fashionpedia,train2020,41179,00c3b385d391bce170d34e678ebf6c11.jpg,5,3,true,silhouette|비대칭|lower_fit|플레어핏,2.578,2,train,true
fashionpedia,train2020,41184,3fc6ed658318cd6a95e87f2839cc32ce.jpg,5,3,true,neckline|V넥|category|니트,2.582,1,train,true
fashionpedia,train2020,41189,3ea633c906ebfcdbc8ee98b72c08cc4b.jpg,5,3,true,sleeve_length|7부 소매|collar|스탠드 칼라,6.818,1,train,true
fashionpedia,train2020,41191,3f922d9691d3075fa97ba2249bef488b.jpg,5,3,true,detail|리본|pattern|그래픽,2.891,2,train,true
fashionpedia,train2020,41192,6310dae663c70ac44b46a93fc6356bf8.jpg,5,3,true,neckline|오프숄더|lower_length|무릎 기장|lower_fit|플레어핏,11.114,1,train,true
fashionpedia,train2020,41193,017072599d68c560c3ce924d0b965c74.jpg,5,3,true,sleeve_shape|래글런 소매|neckline|라운드넥|pattern|그래픽|lower_fit|스트레이트핏,10.956,1,train,true
fashionpedia,train2020,41196,9da9d7e437340fa68c347853c0c023c5.jpg,5,3,true,detail|리본|silhouette|X라인|lower_fit|플레어핏,4.109,1,train,true
fashionpedia,train2020,41198,0551b49185805118543daebdecc62e74.jpg,5,3,true,category|코트|material|퍼·플리스|collar|라펠 칼라,6.888,1,train,true
fashionpedia,train2020,41199,795a1ac69b71fd078d3f3d137d35f493.jpg,5,3,true,lower_length|미디·7부 기장|silhouette|A라인|pattern|도트,8.031,1,train,true
fashionpedia,train2020,41208,7ef621254b4e29587a6b44f280c8c07e.jpg,5,3,true,detail|스팽글|lower_length|무릎 기장|silhouette|A라인,8.622,2,train,true
fashionpedia,train2020,41221,f4db62064c00b666249f8475f18bf080.jpg,5,3,true,category|셔츠|detail|스팽글|category|재킷|collar|셔츠 칼라|collar|라펠 칼라,10.876,3,train,true
fashionpedia,train2020,41222,10425875bd8b2176150a27e6f27e1bec.jpg,5,3,true,pattern|그래픽|detail|플리츠,2.902,2,train,true
fashionpedia,train2020,41223,a7cdf915c9ee8cc5935bed2aa4ab1473.jpg,5,3,true,sleeve_shape|퍼프 소매|collar|셔츠 칼라|pattern|플로럴,8.782,1,train,true
fashionpedia,train2020,41224,aaaab4b65a6165fd24f1a845a92c291d.jpg,5,3,true,lower_fit|플레어핏|collar|스탠드 칼라,6.646,2,train,true
fashionpedia,train2020,41231,b97dab85f9037517f758185e1849cb67.jpg,5,3,true,sleeve_length|7부 소매|collar|피터팬 칼라,20.488,1,train,true
fashionpedia,train2020,41246,d9f544794a273dc819826a89f36bb7ea.jpg,5,3,true,neckline|스퀘어넥,5.972,1,train,true
fashionpedia,train2020,41249,6ab4c503ca0bac20f4cbafab2e4f6772.jpg,5,3,true,neckline|라운드넥|sleeve_length|7부 소매|lower_fit|와이드핏|detail|플리츠,9.17,2,train,true
fashionpedia,train2020,41271,4fef9a01bf722f0de6b043ce5e438734.jpg,5,3,true,silhouette|X라인|neckline|V넥|pattern|플로럴|lower_fit|플레어핏,5.091,1,train,true
fashionpedia,train2020,41273,dd2e6c5ddbd61794c8f28d4d0b2cd9e7.jpg,5,3,true,sleeve_shape|퍼프 소매|lower_length|무릎 기장|neckline|V넥,8.884,1,train,true
fashionpedia,train2020,41277,ab9cb05e0318ba20b4f8d0b3f8a26e95.jpg,5,3,true,pattern|스트라이프|collar|폴로 칼라,13.726,1,train,true
fashionpedia,train2020,41286,a3ada59e4e7b331422aeb8da806a9216.jpg,5,3,true,silhouette|X라인|lower_length|무릎 기장|collar|피터팬 칼라|pattern|플로럴|lower_fit|플레어핏,28.154,1,train,true
fashionpedia,train2020,41287,52a7799c34663f44b6c358eb4d43941f.jpg,5,3,true,category|쇼츠|collar|스탠드 칼라,6.548,3,train,true
fashionpedia,train2020,41298,c83afec170c8af7d1b737ffe1d543473.jpg,5,3,true,pattern|체크|category|니트,2.651,1,train,true
fashionpedia,train2020,41309,25c30155142bb0aec0c08132bedffae6.jpg,5,3,true,neckline|스퀘어넥,5.972,1,train,true
fashionpedia,train2020,41326,a7530682cd22165d6e34bfab12500747.jpg,5,3,true,category|셔츠|sleeve_shape|래글런 소매|sleeve_length|7부 소매|category|재킷|collar|셔츠 칼라,12.102,3,train,true
fashionpedia,train2020,41330,1e3eb3482a5f8b69a19b17cbc74f1431.jpg,5,3,true,detail|리본|silhouette|비대칭,2.803,1,train,true
fashionpedia,train2020,41331,c9f4351f9ede810313f3ff302c3ea6c9.jpg,5,3,true,detail|리본|sleeve_shape|퍼프 소매,7.691,2,train,true
fashionpedia,train2020,41339,9183d6297fa7899f617e3f640b0bee6a.jpg,5,3,true,pattern|애니멀,4.8,1,train,true
fashionpedia,train2020,41347,8cf9562152ffdc9ef356663ccc9e1083.jpg,5,3,true,detail|후드|lower_length|미디·7부 기장|detail|플리츠,8.037,3,train,true
fashionpedia,train2020,41358,dfa4beab0e4b490b2651c23fd3629469.jpg,5,3,true,category|가디건|neckline|V넥|collar|셔츠 칼라,7.729,3,train,true
fashionpedia,train2020,41368,632189fa8155ac4acc345f88da49c6be.jpg,5,3,true,pattern|체크|pattern|스트라이프|lower_fit|플레어핏,3.915,1,train,true
fashionpedia,train2020,41375,3db402c23cfa1615d0d3bd0e0a6a8282.jpg,5,3,true,pattern|스트라이프|lower_length|미디·7부 기장|detail|플리츠|lower_fit|플레어핏,5.39,1,train,true
fashionpedia,train2020,41377,d35a7e721216ef7e6e6be80b7dcd4bf8.jpg,5,3,true,neckline|스퀘어넥|lower_length|무릎 기장|pattern|플로럴|lower_fit|플레어핏,13.701,1,train,true
fashionpedia,train2020,41380,4be274eb6ef985da2acd70e4c687d847.jpg,5,3,true,pattern|그래픽|category|니트,2.764,2,train,true
fashionpedia,train2020,41381,3dd06ebc9f79af0f1e95ee0c5bf87f7a.jpg,5,3,true,neckline|V넥|category|니트,2.582,2,train,true
fashionpedia,train2020,41383,94f99b2aef38e2518829cde8f6dc1e9a.jpg,5,3,true,sleeve_length|7부 소매|collar|스탠드 칼라,6.818,2,train,true
fashionpedia,train2020,41387,b3bd416ec1082ee9fab4b3c8f968057f.jpg,5,3,true,neckline|스퀘어넥|lower_length|무릎 기장|silhouette|X라인|lower_fit|플레어핏,13.825,1,train,true
fashionpedia,train2020,41405,38527e498cb75041e40f4b7332bf70e3.jpg,5,3,true,collar|스탠드 칼라,5.388,1,train,true
fashionpedia,train2020,41410,49ab23c803e5b9c0796080e072520cf9.jpg,5,3,true,neckline|V넥|category|니트,2.582,4,train,true
fashionpedia,train2020,41427,4f068dfbed823c612e585faa6ddfe6af.jpg,5,3,true,neckline|스퀘어넥|pattern|플로럴,7.214,1,train,true
fashionpedia,train2020,41431,3e6d9fef544bd648fc70628724f9008e.jpg,5,3,true,category|코트|category|쇼츠|neckline|보트넥,3.841,3,train,true
fashionpedia,train2020,41437,39ffc297d501b24455262a721d9745f3.jpg,5,3,true,pattern|플로럴|collar|칼라 없음,6.883,1,train,true
fashionpedia,train2020,41445,0c86735f6e7a29bc30daf29766073fed.jpg,5,3,true,pattern|애니멀|silhouette|X라인|lower_fit|플레어핏,11.201,1,train,true
fashionpedia,train2020,41452,3f0178008c59d998cf357a23157e3685.jpg,5,3,true,material|퍼·플리스|lower_fit|플레어핏,5.598,2,train,true
fashionpedia,train2020,41455,5c473ec3fb597d5fc2fa527311e1ea95.jpg,5,3,true,neckline|V넥|pattern|그래픽,2.632,1,train,true
fashionpedia,train2020,41458,880cbac793c6a281ae05e91e6b954237.jpg,5,3,true,lower_length|미디·7부 기장|lower_fit|와이드핏,6.222,2,train,true
fashionpedia,train2020,41463,b59ea59ea189a936f379b8a728d564de.jpg,5,3,true,category|쇼츠|upper_fit|오버핏|lower_length|무릎 기장,9.013,2,train,true
fashionpedia,train2020,41469,04f1b6547392f7c26d7b00c29056e005.jpg,5,3,true,sleeve_length|7부 소매|detail|리본|lower_length|무릎 기장|category|가디건,9.538,2,train,true
fashionpedia,train2020,41487,3682ca643b98f9c2c395dfb2084b15d8.jpg,5,3,true,pattern|애니멀|neckline|V넥,6.025,2,train,true
fashionpedia,train2020,41491,1f58f9689ca10d862c50f071f8f270dd.jpg,5,3,true,pattern|그래픽|category|니트,2.764,1,train,true
fashionpedia,train2020,41495,0d5e4a03f916787a54361b85ecd881e4.jpg,5,3,true,pattern|스트라이프|detail|플리츠|category|니트,4.214,2,train,true
fashionpedia,train2020,41496,3434e3c0f671eb7ffe78b5980b1e44f7.jpg,5,3,true,sleeve_shape|벌룬 소매,5.614,2,train,true
fashionpedia,train2020,41500,6cc4e6792aa6034a15f84feea70c5bbe.jpg,5,3,true,pattern|스트라이프|category|니트,2.719,3,train,true
fashionpedia,train2020,41505,0f860d5dce34f6427717bb3879bab5b1.jpg,5,3,true,neckline|라운드넥|detail|프릴·러플|pattern|도트,8.005,1,train,true
fashionpedia,train2020,41516,e0cf07e77caf8baf517ed073d0b24a76.jpg,5,3,true,category|코트|lower_length|무릎 기장|collar|칼라 없음,8.403,3,train,true
fashionpedia,train2020,41517,2b044df443bdf5628a707290d99da9df.jpg,5,3,true,category|코트|material|퍼·플리스,5.648,2,train,true
fashionpedia,train2020,41520,a03bbf9107f7d152ee656c370cd08ef2.jpg,5,3,true,category|코트|material|퍼·플리스|lower_length|무릎 기장|collar|라펠 칼라,8.34,2,train,true
fashionpedia,train2020,41521,43c9623ad24f17d8c298d5f959a42d39.jpg,5,3,true,pattern|스트라이프|category|베스트|collar|셔츠 칼라,8.53,3,train,true
fashionpedia,train2020,41526,ab1f05a653a3d1dec9dfd542af88d4d3.jpg,5,3,true,category|쇼츠|pattern|스트라이프|detail|리본,4.007,2,train,true
fashionpedia,train2020,41528,18333030c8831fc5d9aa7e2408f386f6.jpg,5,3,true,collar|스탠드 칼라,5.388,1,train,true
fashionpedia,train2020,41538,63d0e07ccfd3717ef32fd626219a10e6.jpg,5,3,true,collar|셔츠 칼라|neckline|라운드넥|lower_length|미디·7부 기장|silhouette|A라인|category|재킷|upper_fit|여유핏|pattern|도트,13.55,3,train,true
fashionpedia,train2020,41551,fe5f1449705c38262888acee0c58f848.jpg,5,3,true,detail|프릴·러플|lower_fit|플레어핏,2.653,1,train,true
fashionpedia,train2020,41552,eda271d3e424bcbddf17ba2795ca31ab.jpg,5,3,true,detail|스팽글,5.725,1,train,true
fashionpedia,train2020,41558,dc635bd8c443b9ca53d54a5aa491370b.jpg,5,3,true,collar|스탠드 칼라,5.388,1,train,true
fashionpedia,train2020,41560,d3ae27f81872f90c1161313a0c95433d.jpg,5,3,true,sleeve_shape|퍼프 소매|silhouette|A라인|pattern|플로럴,8.893,1,train,true
fashionpedia,train2020,41565,b2973914f371851ec733f82d9063ae81.jpg,5,3,true,silhouette|X라인|neckline|보트넥|pattern|플로럴|lower_fit|플레어핏,5.238,1,train,true
fashionpedia,train2020,41570,66ac7212d8addf15b8d92ea7bdd123f6.jpg,5,3,true,neckline|스퀘어넥|pattern|스트라이프|lower_length|무릎 기장,8.786,1,train,true
fashionpedia,train2020,41578,fd5e67bcc7abe68917942d545a2773ee.jpg,5,3,true,detail|스팽글,5.725,2,train,true
fashionpedia,train2020,41585,f84f823c4981dc00f5fbdaf75335e3bf.jpg,5,3,true,pattern|스트라이프|neckline|V넥|lower_fit|플레어핏,3.845,1,train,true
fashionpedia,train2020,41608,e914717432e6e5ae252219456c9bf5ec.jpg,5,3,true,detail|프릴·러플|lower_fit|플레어핏,2.653,1,train,true
fashionpedia,train2020,41622,4bb7015126c0ad4dfd18ab972ff0035d.jpg,5,3,true,category|쇼츠|collar|폴로 칼라|lower_length|무릎 기장,14.977,2,train,true
fashionpedia,train2020,41636,36df2995ee6fccca204e0321cdc1e884.jpg,5,3,true,neckline|스퀘어넥|lower_length|무릎 기장|silhouette|A라인,8.869,3,train,true
fashionpedia,train2020,41650,67a7dde90d338610f056692b775cc16f.jpg,5,3,true,pattern|스트라이프|neckline|V넥|category|니트,3.944,2,train,true
fashionpedia,train2020,41658,157acbcfd4a0f33669a5847247ab8151.jpg,5,3,true,pattern|스트라이프|neckline|라운드넥|detail|스팽글,8.384,1,train,true
fashionpedia,train2020,41664,c713556e7fc77812b1ddd4b462c572c9.jpg,5,3,true,collar|폴로 칼라,12.364,1,train,true
fashionpedia,train2020,41668,52218e012102aeddafa00f846f1a11ce.jpg,5,3,true,category|셔츠|sleeve_length|7부 소매|collar|폴로 칼라|silhouette|A라인,16.513,2,train,true
fashionpedia,train2020,41670,5f62908b9eeeb36403d9bf28e5c9f3ca.jpg,5,3,true,neckline|터틀넥|lower_fit|플레어핏,6.316,1,train,true
fashionpedia,train2020,41674,cc6729d0f8fac5b535e5fce8851e6e69.jpg,5,3,true,category|코트|material|퍼·플리스,5.648,3,train,true
fashionpedia,train2020,41676,ab1e7059f087edee914e34df06eed0b8.jpg,5,3,true,category|코트|material|퍼·플리스,5.648,3,train,true
fashionpedia,train2020,41678,01d61798804df95fc556651b25bcdcd0.jpg,5,3,true,pattern|체크|sleeve_shape|캡 소매,2.565,1,train,true
fashionpedia,train2020,41693,a0c505d38069ef79629cb6984adefcf6.jpg,5,3,true,pattern|애니멀,4.8,3,train,true
fashionpedia,train2020,41709,c6cf66fded138b00752de242d16ca272.jpg,5,3,true,collar|칼라 없음,5.641,1,train,true
fashionpedia,train2020,41716,20e556f40dbe11b01fb41ed9a3821ee8.jpg,5,3,true,pattern|스트라이프|silhouette|비대칭,2.681,2,train,true
fashionpedia,train2020,41723,cd37b3e53e7337256e1e16b88a10e4ee.jpg,5,3,true,sleeve_length|7부 소매|sleeve_shape|벨 소매|collar|셔츠 칼라,8.096,1,train,true
fashionpedia,train2020,41739,f39088131bdb980900a57bbae3e9a0f5.jpg,5,3,true,sleeve_length|7부 소매|sleeve_shape|벨 소매,6.763,1,train,true
fashionpedia,train2020,41741,2ec7b5abf895ceb23c398ff9b5bb9564.jpg,5,3,true,detail|스팽글,5.725,1,train,true
fashionpedia,train2020,41743,33cb5e49cc0fdc9e0fd4d7c741763b09.jpg,5,3,true,detail|플리츠|silhouette|X라인|lower_fit|플레어핏,4.12,1,train,true
fashionpedia,train2020,41764,4482fe95251a3731524dd3c453761958.jpg,5,3,true,category|가디건|neckline|V넥,2.518,1,train,true
fashionpedia,train2020,41767,bd9d4f023703918d87ccdb28a2340481.jpg,5,3,true,detail|리본|sleeve_shape|벨 소매,6.817,1,train,true
fashionpedia,train2020,41770,5cf413407d40a2970e9522a08ae55220.jpg,5,3,true,detail|스팽글,5.725,1,train,true
fashionpedia,train2020,41774,5a6af5c3c8dc5f1046638c24273b91e3.jpg,5,3,true,detail|스팽글,5.725,1,train,true
fashionpedia,train2020,41777,2db8150211e0497ae6d5c292bb050fc8.jpg,5,3,true,pattern|애니멀,4.8,1,train,true
fashionpedia,train2020,41780,e920530b5f0da5f3caa52fea16d7b5ce.jpg,5,3,true,category|쇼츠|neckline|보트넥,2.532,2,train,true
fashionpedia,train2020,41787,2d398837aeb536bcbef40499c0cf5055.jpg,5,3,true,neckline|터틀넥,5.058,1,train,true
fashionpedia,train2020,41788,08f9df1a81f3d0efa423f698ace87d35.jpg,5,3,true,neckline|스퀘어넥|lower_fit|스트레이트핏|lower_length|무릎 기장,8.915,2,train,true
fashionpedia,train2020,41791,1f73bffaa1afb95bae0e2b46a018b490.jpg,5,3,true,neckline|스퀘어넥,5.972,1,train,true
fashionpedia,train2020,41800,e59c7cc4c4f23c3b002add12e2a69de8.jpg,5,3,true,neckline|홀터넥,4.653,1,train,true
fashionpedia,train2020,41804,d666ed17edced52dab119296f7b3fa4f.jpg,5,3,true,category|셔츠|collar|스탠드 칼라|lower_fit|스트레이트핏|category|재킷|collar|셔츠 칼라,10.79,4,train,true
fashionpedia,train2020,41806,b1d070b5fc86500184fc779f188a7267.jpg,5,3,true,neckline|V넥|silhouette|비대칭|lower_fit|플레어핏,3.803,1,train,true
fashionpedia,train2020,41807,60a858b6eaac171fe7332f6bd9765f3c.jpg,5,3,true,category|셔츠|sleeve_length|7부 소매|collar|피터팬 칼라,21.763,1,train,true
fashionpedia,train2020,41815,016a83339dc3c46f1cebd59e5d50afda.jpg,5,3,true,neckline|V넥|sleeve_shape|캡 소매|lower_fit|플레어핏,3.755,1,train,true
fashionpedia,train2020,41816,a877086b03deb583cec37205c380fa58.jpg,5,3,true,detail|플리츠|lower_fit|플레어핏,2.754,1,train,true
fashionpedia,train2020,41818,8976ef3068b9fbd05982f172b70c4dea.jpg,5,3,true,collar|셔츠 칼라|category|가디건|pattern|플로럴,7.746,1,train,true
fashionpedia,train2020,41832,02db7436efa09fa288614a2aa785f41c.jpg,5,3,true,lower_length|미디·7부 기장|lower_fit|와이드핏,6.222,2,train,true
fashionpedia,train2020,41846,49500cf1ab0b385ee37c76d90b950213.jpg,5,3,true,sleeve_length|7부 소매|lower_length|미디·7부 기장|upper_fit|여유핏|detail|플리츠|sleeve_shape|벨 소매|lower_fit|플레어핏,16.152,2,train,true
fashionpedia,train2020,41854,d8c0ecaac7dd290fe447fd4189249ba0.jpg,5,3,true,material|퍼·플리스,4.339,1,train,true
fashionpedia,train2020,41868,ebf12d44bff50fbae6657351682dcee9.jpg,5,3,true,lower_length|미디·7부 기장|lower_fit|스트레이트핏|lower_length|무릎 기장|sleeve_shape|벨 소매|neckline|V넥|pattern|플로럴,12.017,1,train,true
fashionpedia,train2020,41875,f0f528502bcb48932dca751f5e0d0754.jpg,5,3,true,neckline|스퀘어넥,5.972,1,train,true
fashionpedia,train2020,41881,57ba6b47776f1f67b5df748e7da8d93b.jpg,5,3,true,category|코트|collar|셔츠 칼라|collar|칼라 없음,8.284,3,train,true
fashionpedia,train2020,41886,2f4559ea03bc9292ec0f3399a6aa8928.jpg,5,3,true,sleeve_shape|퍼프 소매,6.207,1,train,true
fashionpedia,train2020,41897,076557652358e674051d11a5275a9803.jpg,5,3,true,collar|폴로 칼라,12.364,1,train,true
fashionpedia,train2020,41912,6a19925c9ede787a41f0c6ade8f753a9.jpg,5,3,true,pattern|애니멀,4.8,1,train,true
fashionpedia,train2020,41913,2a9e5fc28bb152fce6e4227941e81d2e.jpg,5,3,true,category|코트|detail|리본,2.794,1,train,true
fashionpedia,train2020,41918,2b98b7eeee6826b8c50bf12ac0dc1d68.jpg,5,3,true,silhouette|A라인|pattern|애니멀,6.244,1,train,true
fashionpedia,train2020,41937,e2f3f369595ff035b5912ef2eeba9fdf.jpg,5,3,true,category|코트|category|쇼츠|neckline|V넥,3.695,3,train,true
fashionpedia,train2020,41942,f6307fd00a571b605a13efaff1f305ee.jpg,5,3,true,category|쇼츠|pattern|그래픽,2.567,2,train,true
fashionpedia,train2020,41948,b978c88d2f937a25de49dc7617b62626.jpg,5,3,true,pattern|스트라이프|silhouette|비대칭,2.681,0,selected_no_valid_crop,false
fashionpedia,train2020,41958,2bd70ee95d84005bbbb734ca6c3266ad.jpg,5,3,true,detail|플리츠|neckline|V넥,2.72,2,train,true
fashionpedia,train2020,41999,40c1b112da11968933495dd8df5b130d.jpg,5,3,true,collar|칼라 없음,5.641,1,train,true
fashionpedia,train2020,42041,216718eb1877d8670e92af908ce4437d.jpg,5,3,true,pattern|그래픽|lower_fit|플레어핏,2.666,2,train,true
fashionpedia,train2020,42060,ffdf87a6badb9f2a62198288c5c44e29.jpg,5,3,true,lower_length|무릎 기장|neckline|터틀넥|lower_fit|플레어핏,11.545,1,train,true
fashionpedia,train2020,42064,22a83c1a995c39a846fb14d462877e41.jpg,5,3,true,pattern|그래픽|lower_fit|플레어핏,2.666,1,train,true
fashionpedia,train2020,42074,8c4dc2db48ae3747659c2bfcf8bca04f.jpg,5,3,true,pattern|체크|detail|리본,2.778,3,train,true
fashionpedia,train2020,42081,916b8d158083f020b97e923ef93e6054.jpg,5,3,true,neckline|스퀘어넥|pattern|플로럴,7.214,1,train,true
fashionpedia,train2020,42087,ef8aa93fa2201d4f94375170be07b4d7.jpg,5,3,true,category|점프수트,4.536,1,train,true
fashionpedia,train2020,42091,d0fe495a09cae4cb6bd41d0c399109d5.jpg,5,3,true,neckline|V넥|category|니트,2.582,4,train,true
fashionpedia,train2020,42092,22162e1ffeb51712849fc924d3fb9ebb.jpg,5,3,true,sleeve_length|7부 소매|lower_length|무릎 기장|category|가디건,8.053,2,train,true
fashionpedia,train2020,42099,785fab21e2dba5bc5e916188d6de1a3c.jpg,5,3,true,collar|셔츠 칼라|sleeve_shape|래글런 소매|lower_length|미디·7부 기장|lower_length|무릎 기장|upper_fit|여유핏|lower_fit|플레어핏,17.44,2,train,true
fashionpedia,train2020,42101,324f2b4c1ef5fc0cb0e47393f3653762.jpg,5,3,true,pattern|스트라이프|collar|셔츠 칼라|lower_fit|와이드핏,7.643,3,train,true
fashionpedia,train2020,42105,0e4f01b214df57dbbdd2210459d9272b.jpg,5,3,true,detail|리본|sleeve_shape|퍼프 소매,7.691,2,train,true
fashionpedia,train2020,42111,67572a46355e65de0dec00cd84e8dd78.jpg,5,3,true,neckline|스퀘어넥|lower_length|미디·7부 기장,7.246,1,train,true
fashionpedia,train2020,42115,a4acd0652353d728d485068673ae81f0.jpg,5,3,true,neckline|스퀘어넥|silhouette|X라인|lower_length|무릎 기장|pattern|플로럴|lower_fit|플레어핏,15.067,1,train,true
fashionpedia,train2020,42120,b51643b397e83e075f1eb5c53a17ad67.jpg,5,3,true,neckline|V넥|category|니트,2.582,1,train,true
fashionpedia,train2020,42124,0709ebbfc7998852aab3f405fa8f17a2.jpg,5,3,true,detail|리본|silhouette|비대칭,2.803,1,train,true
fashionpedia,train2020,42125,1fa9318fccc90bfc72720982fbfab47a.jpg,5,3,true,neckline|라운드넥|category|가디건|collar|라펠 칼라,7.708,4,train,true
fashionpedia,train2020,42127,fe71a6cd4413a6ebe61105eb4111cf49.jpg,5,3,true,lower_fit|와이드핏|pattern|플로럴,6.189,1,train,true
fashionpedia,train2020,42129,24f6de44b165a82c950998536e756e8d.jpg,5,3,true,neckline|V넥|category|니트,2.582,1,train,true
fashionpedia,train2020,42130,0c404b4c487dabb373eba85ea8d27e1c.jpg,5,3,true,neckline|보트넥|detail|리본,2.856,1,train,true
fashionpedia,train2020,42134,2fec36ff550f8b89904aa968a474f02e.jpg,5,3,true,detail|스팽글,5.725,1,train,true
fashionpedia,train2020,42138,6b34375714a937f5ebb41803d7b0f92e.jpg,5,3,true,silhouette|O라인|detail|리본,19.484,1,train,true
fashionpedia,train2020,42147,5627e214f3125475a22a1767c04098f6.jpg,5,3,true,detail|프릴·러플|silhouette|A라인|pattern|도트,8.151,2,train,true
fashionpedia,train2020,42148,2cdda52b5fef8cba6b2b67891d16a5b7.jpg,5,3,true,pattern|그래픽|lower_fit|플레어핏,2.666,2,train,true
fashionpedia,train2020,42151,b0ff767c1deacf8d31502e24e6b2f4da.jpg,5,3,true,detail|프릴·러플|silhouette|X라인|lower_fit|플레어핏,4.019,1,train,true
fashionpedia,train2020,42157,43842d3d447e596adab9bbbe22a71a27.jpg,5,3,true,neckline|스퀘어넥,5.972,2,train,true
fashionpedia,train2020,42167,148a4053afb1df4d168c47c3bab460c0.jpg,5,3,true,neckline|라운드넥|sleeve_length|7부 소매|lower_length|미디·7부 기장|collar|라펠 칼라|pattern|도트|category|재킷|detail|플리츠,13.352,3,train,true
fashionpedia,train2020,42168,95053e0c5a05f34b14948bc24652c8fe.jpg,5,3,true,collar|폴로 칼라,12.364,1,train,true
fashionpedia,train2020,42169,410ad9ddf38b2c8cb72c1eda3cfa51c6.jpg,5,3,true,pattern|스트라이프|neckline|보트넥,2.733,2,train,true
fashionpedia,train2020,42177,320bc8e76c3c7c514175ea7c7021bdc1.jpg,5,3,true,neckline|스퀘어넥,5.972,2,train,true
fashionpedia,train2020,42179,2206e2cde29b9c315d9c89a6544e706a.jpg,5,3,true,collar|스탠드 칼라,5.388,1,train,true
fashionpedia,train2020,42207,e77e1a3417d2723d472d2cbf8670c329.jpg,5,3,true,neckline|스퀘어넥,5.972,1,train,true
fashionpedia,train2020,42208,bb348d9f98c9bed494673941a7da3781.jpg,5,3,true,category|점프수트|pattern|플로럴,5.778,1,train,true
fashionpedia,train2020,42214,a725eb327af3ab4ea1c8c5f8210804b9.jpg,5,3,true,detail|리본|pattern|애니멀,6.284,1,train,true
fashionpedia,train2020,42219,e5c13a450278fb8d1dc4b4d6d0fcc17b.jpg,5,3,true,category|코트|detail|후드|lower_length|미디·7부 기장|lower_fit|스트레이트핏|lower_length|무릎 기장|silhouette|H라인|upper_fit|여유핏,13.631,2,train,true
fashionpedia,train2020,42223,693a75a11cd4ebc20c98584a9e2d6b81.jpg,5,3,true,silhouette|X라인|neckline|V넥|pattern|플로럴|lower_fit|플레어핏,5.091,1,train,true
fashionpedia,train2020,42224,9aad35cc4bf73c85e9dd404234df5f77.jpg,5,3,true,neckline|오프숄더|lower_fit|플레어핏,5.885,1,train,true
fashionpedia,train2020,42250,fe098445ee08e61aa661c4144de10411.jpg,5,3,true,neckline|V넥|category|니트,2.582,3,train,true
fashionpedia,train2020,42252,a95749d87ea0bc20ad6d0acb8607e93e.jpg,5,3,true,lower_length|무릎 기장|silhouette|A라인|collar|스탠드 칼라,8.284,1,train,true
fashionpedia,train2020,42261,9bdc75a32676b2f1038ced4fcb1bfc5f.jpg,5,3,true,category|점프수트,4.536,3,train,true
fashionpedia,train2020,42280,ad5715288fc7f9c6579d54ab9da3b0d1.jpg,5,3,true,category|코트|lower_length|미디·7부 기장|collar|라펠 칼라|lower_length|무릎 기장|upper_fit|여유핏|neckline|터틀넥,11.918,2,train,true
fashionpedia,train2020,42290,e2f484a5ea0ba91e3b2e1cd1ac731bc1.jpg,5,3,true,pattern|스트라이프|detail|리본,2.846,2,train,true
fashionpedia,train2020,42305,96c55993584a7b5c92d322568cd7c4bd.jpg,5,3,true,upper_fit|오버핏|pattern|플로럴|lower_fit|플레어핏,12.677,2,train,true
fashionpedia,train2020,42330,b864cb90c2d6f5d5505ea8fc34ecff84.jpg,5,3,true,detail|리본|sleeve_shape|퍼프 소매|collar|라펠 칼라,8.931,1,train,true
fashionpedia,train2020,42337,bfb898f298a626b1c50a81d21d16ce25.jpg,5,3,true,pattern|스트라이프|collar|스탠드 칼라,6.749,3,train,true
fashionpedia,train2020,42338,d06b0816735f7b73b5ea2d9ed106fcbc.jpg,5,3,true,collar|스탠드 칼라|pattern|스트라이프|sleeve_length|7부 소매|lower_fit|스트레이트핏|lower_length|무릎 기장,11.123,1,train,true
fashionpedia,train2020,42341,704201ee5cc1783e15f1641bc246ee02.jpg,5,3,true,lower_length|미디·7부 기장|detail|플리츠|pattern|도트,8.081,2,train,true
fashionpedia,train2020,42343,0269be0620747ecd46cd060a240b81b0.jpg,5,3,true,detail|리본|neckline|V넥,2.709,2,train,true
fashionpedia,train2020,42344,6b3ecf0e5c391ebe7fd3fc89109bee0c.jpg,5,3,true,detail|스팽글|lower_length|무릎 기장|neckline|V넥,8.402,1,train,true
fashionpedia,train2020,42346,9536ffcf26310471c42d603d63ec49f4.jpg,5,3,true,pattern|스트라이프|category|니트,2.719,3,train,true
fashionpedia,train2020,42347,a84824c4802a6cde9646dafe6425ad2c.jpg,5,3,true,neckline|스퀘어넥|silhouette|X라인|pattern|플로럴|lower_fit|플레어핏,13.615,1,train,true
fashionpedia,train2020,42351,bd824597e3f6152175af5fb8ccfbff32.jpg,5,3,true,neckline|스퀘어넥,5.972,1,train,true
fashionpedia,train2020,42353,322ae34797126b616c7c29df9bd10b2d.jpg,5,3,true,category|쇼츠|neckline|오프숄더,5.787,2,train,true
fashionpedia,train2020,42373,0f9eda82ae280c07e770a5790be51715.jpg,5,3,true,category|코트|lower_length|무릎 기장|collar|칼라 없음,8.403,3,train,true
fashionpedia,train2020,42381,8e6d38416e174790c0dcc3bd7613f1fe.jpg,5,3,true,neckline|스퀘어넥,5.972,1,train,true
fashionpedia,train2020,42382,31c6c53149b3779e0fd3cd9ebfd5f989.jpg,5,3,true,neckline|홀터넥|silhouette|A라인,6.098,1,train,true
fashionpedia,train2020,42385,f8570ac3c9329a817b2ac502d6093b73.jpg,5,3,true,neckline|오프숄더|silhouette|X라인|lower_fit|플레어핏,7.251,1,train,true
fashionpedia,train2020,42394,24da7a890e6df68579f58a23a7b98dc0.jpg,5,3,true,lower_length|미디·7부 기장|upper_fit|여유핏|pattern|플로럴|lower_fit|플레어핏|collar|스탠드 칼라,14.523,2,train,true
fashionpedia,train2020,42401,fc20c029623f87afa0206ad0b5d0ac70.jpg,5,3,true,neckline|스퀘어넥|lower_length|미디·7부 기장|lower_length|무릎 기장,8.699,1,train,true
fashionpedia,train2020,42420,30c79fa47e7584a0ec1787ad5a0d899c.jpg,5,3,true,category|쇼츠|upper_fit|오버핏,7.561,2,train,true
fashionpedia,train2020,42421,8a55006f52f5db806bb7515e73658606.jpg,5,3,true,lower_fit|와이드핏,4.948,2,train,true
fashionpedia,train2020,42422,d4489d2440852e04b9284dc073174646.jpg,5,3,true,pattern|스트라이프|category|니트|lower_fit|플레어핏,3.978,2,train,true
fashionpedia,train2020,42439,68e504049045a33fc7dcf152bcd2515e.jpg,5,3,true,neckline|라운드넥|lower_length|미디·7부 기장|lower_length|무릎 기장|pattern|도트,9.336,2,train,true
fashionpedia,train2020,42442,f4b46bb3b1192754729b24e0015665f3.jpg,5,3,true,category|쇼츠|pattern|체크,2.455,2,train,true
fashionpedia,train2020,42445,c5349032aae482840f10aff4e7265f6b.jpg,5,3,true,sleeve_shape|퍼프 소매|collar|셔츠 칼라|pattern|플로럴,8.782,2,train,true
fashionpedia,train2020,42460,dc93bf8d09be2c14cd952d969cc0ab7a.jpg,5,3,true,pattern|스트라이프|neckline|라운드넥|collar|스탠드 칼라,8.047,3,train,true
fashionpedia,train2020,42469,13299fac182ceb8a418684da80208955.jpg,5,3,true,category|셔츠|silhouette|H라인|collar|라펠 칼라|lower_fit|스트레이트핏|category|재킷|category|베스트|collar|셔츠 칼라,13.728,4,train,true
fashionpedia,train2020,42473,19de46a8dcaddbd6cc72e2786c8c16bd.jpg,5,3,true,neckline|V넥|pattern|그래픽,2.632,1,train,true
fashionpedia,train2020,42475,01a75735b178f1a4c73b4644f6c280c1.jpg,5,3,true,collar|칼라 없음,5.641,1,train,true
fashionpedia,train2020,42479,2c96a0442720033e7e747d63ee57dedb.jpg,5,3,true,detail|리본|silhouette|A라인|pattern|플로럴,4.171,1,train,true
fashionpedia,train2020,42492,28921745a61cfa0e8169d6243c99bebd.jpg,5,3,true,pattern|체크|neckline|오프숄더,5.921,2,train,true
fashionpedia,train2020,42497,4f1f0881a8680841fafb2f9cc7fbde49.jpg,5,3,true,collar|폴로 칼라,12.364,1,train,true
fashionpedia,train2020,42498,4c3c4b0cc44059f46b661d323fc88d0e.jpg,5,3,true,detail|스팽글|lower_fit|플레어핏,6.984,1,train,true
fashionpedia,train2020,42501,153646403fe8b4585394de2310c6f802.jpg,5,3,true,neckline|스퀘어넥|detail|리본|category|재킷|collar|라펠 칼라,9.999,3,train,true
fashionpedia,train2020,42502,7d956f0919f2eab63e481e9321ce2028.jpg,5,3,true,pattern|애니멀|pattern|플로럴,6.042,1,train,true
fashionpedia,train2020,42506,16c2062ad329386b77c86da32d8d0711.jpg,5,3,true,sleeve_length|7부 소매|sleeve_shape|벨 소매|lower_fit|플레어핏,11.798,1,train,true
fashionpedia,train2020,42513,f49c10ca18e47baf889180a7c5b5fe87.jpg,5,3,true,neckline|터틀넥,5.058,1,train,true
fashionpedia,train2020,42526,dd27faf8b5c99ba918c6af3ee0c0ffe8.jpg,5,3,true,silhouette|X라인|category|재킷|pattern|플로럴|lower_fit|플레어핏|collar|스탠드 칼라,14.334,2,train,true
fashionpedia,train2020,42528,365d294f10c4eafe42a3e2bb023cd8b9.jpg,5,3,true,collar|스탠드 칼라,5.388,1,train,true
fashionpedia,train2020,42538,c19305b59029030f7aff199b7193765a.jpg,5,3,true,pattern|카모|neckline|라운드넥,15.964,2,train,true
fashionpedia,train2020,42540,962f86132eb8fae3d190aa94462ba3ef.jpg,5,3,true,lower_fit|스트레이트핏|detail|스팽글|lower_fit|플레어핏,12.251,1,train,true
fashionpedia,train2020,42592,c9b8eef9fb35a7063c51f63d01ee6628.jpg,5,3,true,neckline|터틀넥,5.058,1,train,true
fashionpedia,train2020,42597,d4ca0c2b7368496150dad5ba3b81b23b.jpg,5,3,true,category|베스트|collar|셔츠 칼라,7.168,3,train,true
fashionpedia,train2020,42605,368544126db25c9af26d9e4df56c3d49.jpg,5,3,true,sleeve_shape|퍼프 소매,6.207,1,train,true
fashionpedia,train2020,42620,90b747b79921ae0dd987bf68a64deba0.jpg,5,3,true,detail|리본|pattern|그래픽,2.891,2,train,true
fashionpedia,train2020,42650,08f86565444d34d50b6c7e2a10a91d72.jpg,5,3,true,collar|폴로 칼라,12.364,2,train,true
fashionpedia,train2020,42661,79855512de91b5dfcd23fc7da8033258.jpg,5,3,true,pattern|스트라이프|silhouette|A라인|pattern|플로럴,4.048,2,train,true
fashionpedia,train2020,42665,ec59a96779115ec009db91e4a98edeef.jpg,5,3,true,detail|리본|category|니트,2.841,2,train,true
fashionpedia,train2020,42668,b9883aa642aacc4e0505b856b5ba4cbf.jpg,5,3,true,lower_fit|슬림핏|pattern|카모|lower_length|미디·7부 기장|silhouette|A라인,18.508,2,train,true
fashionpedia,train2020,42672,86b2fb8f3f574a3311dc192fd99f62ef.jpg,5,3,true,detail|스팽글,5.725,1,train,true
fashionpedia,train2020,42674,15a4b400f277f731eb3f1da764d8f620.jpg,5,3,true,sleeve_length|7부 소매|lower_fit|스트레이트핏|sleeve_shape|퍼프 소매|pattern|플로럴,10.37,1,train,true
fashionpedia,train2020,42682,dd43b3f2f98eb366c90c93df74b8f8b8.jpg,5,3,true,collar|스탠드 칼라,5.388,1,train,true
fashionpedia,train2020,42707,8ec1555bf11031eeee6b1ac713befdc1.jpg,5,3,true,pattern|스트라이프|pattern|그래픽,2.769,1,train,true
fashionpedia,train2020,42710,1c7e0b9df9472225248ba63d8aa1a00c.jpg,5,3,true,pattern|스트라이프|silhouette|A라인|detail|플리츠,4.301,1,train,true
fashionpedia,train2020,42713,396a97761ee798e43c3704314f9e67db.jpg,5,3,true,category|코트|sleeve_shape|래글런 소매|lower_length|미디·7부 기장|collar|라펠 칼라|upper_fit|여유핏,12.168,1,train,true
fashionpedia,train2020,42716,162b7efe2df690a40e189162a2d17460.jpg,5,3,true,category|코트|material|퍼·플리스,5.648,2,train,true
fashionpedia,train2020,42719,87f6e8c74254e568e9ccfd7a56ddf477.jpg,5,3,true,lower_length|무릎 기장|pattern|애니멀|lower_fit|플레어핏,11.287,2,train,true
fashionpedia,train2020,42720,e2b06c8d1db454653dbac65d0f8be62a.jpg,5,3,true,category|쇼츠|pattern|그래픽,2.567,2,train,true
fashionpedia,train2020,42721,bb3fa3918ad431da2bcd7d49ff236cf3.jpg,5,3,true,silhouette|비대칭|lower_fit|플레어핏,2.578,1,train,true
fashionpedia,train2020,42730,0a9c32619e566f32feab5e28ec24cd50.jpg,5,3,true,pattern|스트라이프|collar|폴로 칼라,13.726,2,train,true
fashionpedia,train2020,42731,635a9da85f926d7bef894930845726df.jpg,5,3,true,pattern|체크|neckline|터틀넥|lower_fit|플레어핏,7.61,2,train,true
fashionpedia,train2020,42736,b7b4c60431ad98ca357e5bea2cd801b1.jpg,5,3,true,pattern|스트라이프|detail|플리츠,2.857,1,train,true
fashionpedia,train2020,42737,7f47bf30e416d8c6d0444982d3f0f49e.jpg,5,3,true,collar|칼라 없음,5.641,1,train,true
fashionpedia,train2020,42742,d158a22d4c80b2611e0cea742eef0929.jpg,5,3,true,sleeve_shape|벌룬 소매|sleeve_length|7부 소매,7.044,2,train,true
fashionpedia,train2020,42747,fd4bbf6927a13c5289dfa509b7a4078b.jpg,5,3,true,collar|스탠드 칼라,5.388,3,train,true
fashionpedia,train2020,42769,833677dd0f35aab21829678ad244fcd9.jpg,5,3,true,neckline|스퀘어넥,5.972,1,train,true
fashionpedia,train2020,42771,5f0db0673c13b693c77f29ead08e1578.jpg,5,3,true,detail|스팽글,5.725,1,train,true
fashionpedia,train2020,42782,325af5048746d34fd2eb7e97925cd13b.jpg,5,3,true,pattern|스트라이프|lower_fit|와이드핏,6.309,2,train,true
fashionpedia,train2020,42785,d9fa25e807553cc55cc35601f3ccb242.jpg,5,3,true,silhouette|A라인|neckline|터틀넥,6.502,1,train,true
fashionpedia,train2020,42796,e44ec032045323a28073f333d4ab7e09.jpg,5,3,true,detail|스팽글,5.725,1,train,true
fashionpedia,train2020,42799,8926dbf2a58e58bb4c421def7dedff65.jpg,5,3,true,category|코트|material|퍼·플리스,5.648,3,train,true
fashionpedia,train2020,42802,925b340d2aa50f9f5a5b2b1d2e5e62ca.jpg,5,3,true,detail|스팽글,5.725,1,train,true
fashionpedia,train2020,42804,50c48ee3c9d1f030c5bbfaa2e84e58dc.jpg,5,3,true,sleeve_length|7부 소매|category|베스트|collar|셔츠 칼라,8.598,3,train,true
fashionpedia,train2020,42810,e2dca8acfaf50d58c90d6b3930730bef.jpg,5,3,true,neckline|스퀘어넥,5.972,1,train,true
fashionpedia,train2020,42812,bc08b3776e71281ec8df9866b2a57d56.jpg,5,3,true,neckline|터틀넥,5.058,1,train,true
fashionpedia,train2020,42814,42c0b87b34c5994ac5ca484f2031ca81.jpg,5,3,true,category|코트|sleeve_length|7부 소매|lower_length|무릎 기장|upper_fit|여유핏|silhouette|X라인|lower_fit|플레어핏,12.177,2,train,true
fashionpedia,train2020,42818,0a53700c223cb93ddfc75e142adeb050.jpg,5,3,true,collar|칼라 없음,5.641,1,train,true
fashionpedia,train2020,42821,751decb39134a634dd4c9bc9fed4c9fd.jpg,5,3,true,detail|스팽글|neckline|V넥,6.95,1,train,true
fashionpedia,train2020,42827,d74adbb501a15fe182527124f7adf5c0.jpg,5,3,true,detail|스팽글,5.725,1,train,true
fashionpedia,train2020,42837,f71d428a0c3fba15c4f0c900b4d5a72c.jpg,5,3,true,collar|스탠드 칼라,5.388,2,train,true
fashionpedia,train2020,42841,d8dd0c8d6af473e06410a6621d364901.jpg,5,3,true,detail|리본|silhouette|비대칭,2.803,1,train,true
fashionpedia,train2020,42844,d2e793d6882de3b92b2766eda30fdd19.jpg,5,3,true,collar|셔츠 칼라|collar|스탠드 칼라,6.721,2,train,true
fashionpedia,train2020,42846,fa7e8e590ad2214f0c39a79f9cd04910.jpg,5,3,true,sleeve_shape|벨 소매,5.333,2,train,true
fashionpedia,train2020,42851,382e7973c3964d71f17f7f516794bee3.jpg,5,3,true,category|코트|neckline|오프숄더|upper_fit|여유핏|lower_fit|플레어핏,12.555,2,train,true
fashionpedia,train2020,42872,15eaab0237a4ef5cfa6565a91717da26.jpg,5,3,true,category|셔츠|pattern|카모|collar|셔츠 칼라,17.274,1,train,true
fashionpedia,train2020,42879,e20a19a9338684065d37157dab80b07e.jpg,5,3,true,category|점프수트,4.536,1,train,true
fashionpedia,train2020,42880,3e3f6b22a073f57ef328f7c918fa9845.jpg,5,3,true,sleeve_shape|래글런 소매|neckline|라운드넥|category|재킷|collar|셔츠 칼라,10.695,3,train,true
fashionpedia,train2020,42881,8d7b29758bc3cbf1e63dc972b30eb3ea.jpg,5,3,true,sleeve_shape|벌룬 소매|sleeve_length|7부 소매|neckline|V넥,8.269,2,train,true
fashionpedia,train2020,42912,9587bb596a7d59e45ec44b7206a336d0.jpg,5,3,true,neckline|홀터넥|lower_fit|플레어핏,5.912,1,train,true
fashionpedia,train2020,42919,f105d4046232b7a86749f11544bab8a1.jpg,5,3,true,category|쇼츠|pattern|그래픽,2.567,2,train,true
fashionpedia,train2020,42924,3e98a82c16b62a0697bc2da8270baa5e.jpg,5,3,true,sleeve_length|7부 소매|collar|스탠드 칼라,6.818,2,train,true
fashionpedia,train2020,42928,380144129f04f09f20792b939f6bc617.jpg,5,3,true,neckline|보트넥|lower_fit|플레어핏,2.63,1,train,true
fashionpedia,train2020,42929,07312a67052d3b3ab0bba733b6a91e06.jpg,5,3,true,category|셔츠|lower_fit|스트레이트핏|category|재킷|collar|셔츠 칼라|collar|스탠드 칼라,10.79,3,train,true
fashionpedia,train2020,42930,5ae72d8fe5b9957a6889767489cf7cff.jpg,5,3,true,detail|리본|silhouette|X라인|lower_fit|플레어핏,4.109,1,train,true
fashionpedia,train2020,42933,c9e9d0410fe13ac3420fb8d47b58cf42.jpg,5,3,true,sleeve_shape|퍼프 소매|lower_length|무릎 기장|silhouette|X라인|lower_fit|플레어핏,14.06,1,train,true
fashionpedia,train2020,42937,9d89e40d2f8b76a13dc769785e898ecd.jpg,5,3,true,sleeve_length|7부 소매|collar|스탠드 칼라,6.818,1,train,true
fashionpedia,train2020,42946,63a7cf47db54e2fc41bfd1708806f46b.jpg,5,3,true,pattern|애니멀,4.8,3,train,true
fashionpedia,train2020,42948,594b389acf1f17061bdbd10c2b840a18.jpg,5,3,true,detail|스팽글,5.725,1,train,true
fashionpedia,train2020,42950,925ceb33b8c82a68ecc77954e080e701.jpg,5,3,true,pattern|스트라이프|detail|리본,2.846,2,train,true
fashionpedia,train2020,42955,2c0f3be53a01a39c11a7fee3fb37f3aa.jpg,5,3,true,neckline|스퀘어넥,5.972,1,train,true
fashionpedia,train2020,42956,01d3616e452c27f307f3a0e46782a620.jpg,5,3,true,category|셔츠|collar|라펠 칼라|category|재킷|category|베스트|neckline|V넥|collar|셔츠 칼라,12.211,4,train,true
fashionpedia,train2020,42960,fec3bed7b375f2633d34dac62d2058cf.jpg,5,3,true,neckline|스퀘어넥|silhouette|X라인|lower_fit|플레어핏,12.373,1,train,true
fashionpedia,train2020,42964,1c56f85595205b1ca8a8bc086480f050.jpg,5,3,true,pattern|스트라이프|collar|폴로 칼라,13.726,1,train,true
fashionpedia,train2020,42967,c89a020758dc4b812772d5450958cb76.jpg,5,3,true,detail|프릴·러플|silhouette|A라인|detail|플리츠,4.334,1,train,true
fashionpedia,train2020,42968,2391d9f24eceed7796f50385bf5d4ac2.jpg,5,3,true,silhouette|X라인|neckline|V넥|pattern|플로럴|lower_fit|플레어핏,5.091,1,train,true
fashionpedia,train2020,42974,3cb7967c2a0e7e7d9256156c75789928.jpg,5,3,true,sleeve_shape|퍼프 소매|silhouette|A라인,7.651,1,train,true
fashionpedia,train2020,42995,0714c35fd695a90b5b662bfc12f288f9.jpg,5,3,true,pattern|스트라이프|neckline|라운드넥|detail|후드,7.928,2,train,true
fashionpedia,train2020,43002,81203e543b7849af9e107089f29f85c9.jpg,5,3,true,detail|스팽글,5.725,1,train,true
fashionpedia,train2020,43017,e5988c257da3858dce439e63609d41d7.jpg,5,3,true,collar|라펠 칼라|category|베스트,7.075,4,train,true
fashionpedia,train2020,43029,fe36a96a91509078919fc4bb33ba323f.jpg,5,3,true,detail|플리츠|silhouette|X라인|lower_fit|플레어핏,4.12,1,train,true
fashionpedia,train2020,43032,3ebfc938fcfcea7fe361dbb35aee07fc.jpg,5,3,true,detail|플리츠|silhouette|X라인|lower_fit|플레어핏,4.12,1,train,true
fashionpedia,train2020,43038,22353ae8d2f3cf7e8f3c1bbb3ee72a13.jpg,5,3,true,category|코트|lower_length|미디·7부 기장|pattern|애니멀|collar|라펠 칼라,8.623,3,train,true
fashionpedia,train2020,43072,56311f0d6a2fc142033a72f84982d143.jpg,5,3,true,lower_length|미디·7부 기장|silhouette|A라인|detail|플리츠|neckline|V넥,5.438,2,train,true
fashionpedia,train2020,43083,811efeb7f4532e83dc8b6acc4310064f.jpg,5,3,true,pattern|스트라이프|lower_fit|스트레이트핏|lower_length|무릎 기장|collar|셔츠 칼라|pattern|도트,10.951,1,train,true
fashionpedia,train2020,43095,7ec64140109f65b144a1313c00331a30.jpg,5,3,true,pattern|그래픽|category|쇼츠,2.567,1,train,true
fashionpedia,train2020,43110,99313a38c6df93802d1a1b1f22fec28f.jpg,5,3,true,neckline|V넥|category|니트,2.582,1,train,true
fashionpedia,train2020,43111,ff97d52bdb30240b22390e21ba623859.jpg,5,3,true,detail|리본|silhouette|A라인|pattern|플로럴,4.171,2,train,true
fashionpedia,train2020,43115,29816da816225114a00679b2a3a845c7.jpg,5,3,true,silhouette|A라인|sleeve_shape|벨 소매,6.778,1,train,true
fashionpedia,train2020,43135,ac1af2957fa0ff9f64670a7bc0ce6ed6.jpg,5,3,true,category|코트|detail|후드|collar|라펠 칼라,7.817,3,train,true
fashionpedia,train2020,43140,13e39494695d28e5bf9df0a803a7a64e.jpg,5,3,true,neckline|보트넥|lower_fit|플레어핏,2.63,1,train,true
fashionpedia,train2020,43143,97f8a8d9417d8ca7f089a77f56043d93.jpg,5,3,true,neckline|보트넥|detail|리본,2.856,1,train,true
fashionpedia,train2020,43149,6d1deb5a9b1655ea4d6ee4d0093b3e3d.jpg,5,3,true,lower_length|미디·7부 기장|collar|칼라 없음,6.915,3,train,true
fashionpedia,train2020,43185,7506d92ba4c5d92b94d0e66d7df9446e.jpg,5,3,true,pattern|스트라이프|collar|스탠드 칼라,6.749,2,train,true
fashionpedia,train2020,43186,98d5de2c813e5d8c1b67bdb7bb887b52.jpg,5,3,true,neckline|V넥|category|니트,2.582,3,train,true
fashionpedia,train2020,43188,377cb40a933793e0d81045d4b164420d.jpg,5,3,true,sleeve_length|7부 소매|lower_length|미디·7부 기장|detail|리본|silhouette|X라인|lower_fit|플레어핏,6.813,1,train,true
fashionpedia,train2020,43192,bf48b573b976012641e5822962cc7aed.jpg,5,3,true,category|셔츠|collar|라펠 칼라|category|재킷|category|베스트|collar|셔츠 칼라,10.986,4,train,true
fashionpedia,train2020,43195,ca406702b00131a9853ce93c900cb876.jpg,5,3,true,lower_fit|슬림핏|category|코트|neckline|라운드넥|lower_length|미디·7부 기장|detail|리본|lower_length|무릎 기장|collar|스탠드 칼라,13.329,3,train,true
fashionpedia,train2020,43198,e1b18bc90642908a11c659eef50804ea.jpg,5,3,true,detail|플리츠|silhouette|X라인|lower_fit|플레어핏,4.12,1,train,true
fashionpedia,train2020,43204,38c7142ce9d5b3e664629bfb0f227371.jpg,5,3,true,detail|플리츠|silhouette|X라인|lower_fit|플레어핏,4.12,1,train,true
fashionpedia,train2020,43205,843467331fded2ed43eb676717664b61.jpg,5,3,true,sleeve_length|7부 소매|lower_fit|스트레이트핏|sleeve_shape|퍼프 소매|pattern|플로럴,10.37,1,train,true
fashionpedia,train2020,43213,c594c76c5e7838620425e339a27b38c6.jpg,5,3,true,category|코트|detail|플리츠|lower_fit|플레어핏,4.063,3,train,true
fashionpedia,train2020,43228,0f0f623665b447a76da31cde6f0cbf41.jpg,5,3,true,pattern|스트라이프|category|가디건|collar|라펠 칼라,7.772,3,train,true
fashionpedia,train2020,43252,473a53f8fc6c59582797111e1f4c976e.jpg,5,3,true,neckline|스퀘어넥|silhouette|X라인|lower_fit|플레어핏,12.373,1,train,true
fashionpedia,train2020,43264,f8d97ecc1799541f44a6e517bc57993e.jpg,5,3,true,sleeve_shape|벌룬 소매|detail|리본,7.098,1,train,true
fashionpedia,train2020,43273,795eb163593f79d77974d56a4c66671a.jpg,5,3,true,pattern|스트라이프|sleeve_length|7부 소매|detail|스팽글,8.517,2,train,true
fashionpedia,train2020,43276,b3b68c85837f584c13eae3df05c308e5.jpg,5,3,true,neckline|오프숄더|lower_length|미디·7부 기장|lower_length|무릎 기장|silhouette|A라인,8.798,1,train,true
fashionpedia,train2020,43284,239549ee29d8090014cf526aded3d6d7.jpg,5,3,true,neckline|보트넥|lower_fit|플레어핏,2.63,1,train,true
fashionpedia,train2020,43290,08f5e900403fd9dc6388b1ebbb00043b.jpg,5,3,true,detail|스팽글|silhouette|A라인,7.169,1,train,true
fashionpedia,train2020,43296,b10dbb37197c0fff2cb6353c75ed74a7.jpg,5,3,true,pattern|체크|detail|플리츠,2.789,1,train,true
fashionpedia,train2020,43297,9a8527396b749f0c8d0ef009c7f82c95.jpg,5,3,true,neckline|V넥|collar|스탠드 칼라,6.612,3,train,true
fashionpedia,train2020,43301,9cbf6342082d98002acd1a39b63f4337.jpg,5,3,true,category|베스트|collar|셔츠 칼라,7.168,3,train,true
fashionpedia,train2020,43312,39d803b625661bce5d108fb08cbac901.jpg,5,3,true,detail|리본|pattern|그래픽,2.891,1,train,true
fashionpedia,train2020,43313,8cc5bb25d3a029df82c60db1a77dbe57.jpg,5,3,true,detail|리본|detail|플리츠,2.979,1,train,true
fashionpedia,train2020,43320,fd634997255a6c1887b6b1ce7ddc5294.jpg,5,3,true,neckline|라운드넥|detail|스팽글|silhouette|A라인,8.467,1,train,true
fashionpedia,train2020,43323,79f6aaafcd9d9bf073ca6660089c3648.jpg,5,3,true,pattern|그래픽|category|니트,2.764,1,train,true
fashionpedia,train2020,43331,2efa9a48faf69afd30738881967cc4f2.jpg,5,3,true,sleeve_length|7부 소매|lower_length|무릎 기장|collar|칼라 없음,8.524,3,train,true
fashionpedia,train2020,43333,982ccec6ba3ff8dd3eee2627f70c4c24.jpg,5,3,true,category|코트|material|퍼·플리스,5.648,3,train,true
fashionpedia,train2020,43345,a01cd0c7614d87d54393e7c01bfc7697.jpg,5,3,true,category|셔츠|collar|라펠 칼라|category|재킷|category|베스트|collar|셔츠 칼라,10.986,4,train,true
fashionpedia,train2020,43347,0a048fc3510904de1cd81e3f9c8ac6a1.jpg,5,3,true,neckline|홀터넥,4.653,1,train,true
fashionpedia,train2020,43371,2a02de2d0cbddc92f4d94b65fde9fbd9.jpg,5,3,true,silhouette|비대칭|lower_fit|플레어핏,2.578,1,train,true
fashionpedia,train2020,43378,d6070041de171b4a140cbfba46d4d893.jpg,5,3,true,lower_length|미디·7부 기장|lower_fit|와이드핏,6.222,2,train,true
fashionpedia,train2020,43389,9648821767044d0a8335f32b7168ece3.jpg,5,3,true,collar|폴로 칼라,12.364,1,train,true
fashionpedia,train2020,43396,2ce72c64cc52f5d04d4d5f3b4a42ed04.jpg,5,3,true,category|코트|sleeve_shape|래글런 소매,2.999,1,train,true
fashionpedia,train2020,43397,728650bfdd59fb4d0e51f3e020914682.jpg,5,3,true,collar|칼라 없음,5.641,1,train,true
fashionpedia,train2020,43421,371180925cb7eeb64516f3ad4c8af522.jpg,5,3,true,detail|리본|detail|플리츠|lower_fit|플레어핏,4.238,2,train,true
fashionpedia,train2020,43445,c6bb2cc5f6575b50f7c5d425e9e57123.jpg,5,3,true,category|셔츠|collar|라펠 칼라|category|재킷|category|베스트|collar|셔츠 칼라,10.986,4,train,true
fashionpedia,train2020,43458,4d3c6817b9adf5148d26361a95ead30e.jpg,5,3,true,sleeve_shape|벨 소매,5.333,1,train,true
fashionpedia,train2020,43484,1053d2847c7347f8c63abfc700c3ec94.jpg,5,3,true,collar|폴로 칼라,12.364,1,train,true
fashionpedia,train2020,43496,f7d717c03348e6e2545429742e7b223d.jpg,5,3,true,collar|폴로 칼라,12.364,2,train,true
fashionpedia,train2020,43503,454020b794566306313a164c39db3dbf.jpg,5,3,true,category|쇼츠|pattern|그래픽,2.567,2,train,true
fashionpedia,train2020,43514,44ac7d524828feef1f3ebff28ba1b654.jpg,5,3,true,detail|리본|silhouette|X라인|lower_fit|플레어핏,4.109,1,train,true
fashionpedia,train2020,43515,232c253db952750792436ceea0da9037.jpg,5,3,true,category|쇼츠|detail|프릴·러플,2.555,2,train,true
fashionpedia,train2020,43519,43e2911644f8d6beaf312ddbec32a73b.jpg,5,3,true,sleeve_shape|벌룬 소매|detail|리본,7.098,2,train,true
fashionpedia,train2020,43530,656fe9de0ce5db80026f8fbfa466406e.jpg,5,3,true,category|쇼츠|sleeve_length|7부 소매|category|가디건,7.761,3,train,true
fashionpedia,train2020,43553,e3afd3f95704cab49105e65548eb8339.jpg,5,3,true,material|가죽|category|재킷|collar|라펠 칼라,17.115,3,train,true
fashionpedia,train2020,43561,b9d1393aa4f4b5b9a39ac72958d13dd5.jpg,5,3,true,pattern|애니멀,4.8,2,train,true
fashionpedia,train2020,43565,31d3f37cd056ab59b769593d4e59ea91.jpg,5,3,true,sleeve_shape|벌룬 소매|lower_length|미디·7부 기장|detail|리본|lower_fit|스트레이트핏|lower_length|무릎 기장|silhouette|H라인|category|재킷,13.87,2,train,true
fashionpedia,train2020,43573,b57d7507d777e780db2ba84646bda97e.jpg,5,3,true,neckline|터틀넥,5.058,1,train,true
fashionpedia,train2020,43605,6a8f38f35827d9b0e2d866047f1571dd.jpg,5,3,true,pattern|스트라이프|neckline|V넥|category|니트,3.944,1,train,true
fashionpedia,train2020,43612,41b464eb5e96ec8ab69a0df20f0ccb5b.jpg,5,3,true,pattern|스트라이프|collar|스탠드 칼라,6.749,2,train,true
fashionpedia,train2020,43620,a9c928e5a4f65b4c2630383eb7176305.jpg,5,3,true,detail|플리츠|pattern|그래픽|lower_fit|플레어핏,4.16,2,train,true
fashionpedia,train2020,43622,69bf06ab38b35da293a58bdb6945679d.jpg,5,3,true,detail|플리츠|silhouette|X라인|lower_fit|플레어핏,4.12,1,train,true
fashionpedia,train2020,43628,202e8c9bc0742df9b570ddf0322e1fa8.jpg,5,3,true,neckline|오프숄더|detail|리본|lower_fit|스트레이트핏|lower_length|무릎 기장|pattern|플로럴,10.296,1,train,true
fashionpedia,train2020,43635,f8119f08ce131e30991c01333c9c2374.jpg,5,3,true,lower_fit|와이드핏,4.948,2,train,true
fashionpedia,train2020,43653,309943d037a0ff4a32b1d401ef09d6b6.jpg,5,3,true,detail|플리츠|pattern|그래픽,2.902,2,train,true
fashionpedia,train2020,43657,a67fc3a37f46149163bc02c7f48ecd17.jpg,5,3,true,category|코트|sleeve_shape|래글런 소매,2.999,1,train,true
fashionpedia,train2020,43672,232bf0c0e930b74e2d789eb08ab69fdb.jpg,5,3,true,category|코트|collar|스탠드 칼라,6.697,1,train,true
fashionpedia,train2020,43678,33c18e6caddfccad67b84200f92fa1dc.jpg,5,3,true,pattern|스트라이프|detail|리본|silhouette|A라인,4.291,1,train,true
fashionpedia,train2020,43682,1b67cc9f00c3c4c02c8afb9fcac727f0.jpg,5,3,true,category|쇼츠|sleeve_length|7부 소매|collar|스탠드 칼라,7.978,2,train,true
fashionpedia,train2020,43683,cb89733a49fae60d7580e1fff60162ad.jpg,5,3,true,neckline|V넥|category|니트,2.582,2,train,true
fashionpedia,train2020,43700,29b8e46e8e91d472a9beea39066cc32a.jpg,5,3,true,neckline|V넥|pattern|그래픽,2.632,2,train,true
fashionpedia,train2020,43708,bc16ade720ead24e3e1e763652749ce5.jpg,5,3,true,collar|칼라 없음,5.641,1,train,true
fashionpedia,train2020,43726,a26e2c961dc7316a7885ff09fcc58662.jpg,5,3,true,collar|칼라 없음,5.641,1,train,true
fashionpedia,train2020,43728,6ca6353bcf802550af1c6a2a88a4d300.jpg,5,3,true,detail|플리츠|silhouette|비대칭,2.814,1,train,true
fashionpedia,train2020,43733,8c74a8fe63a68d8be3a0f75420ab9416.jpg,5,3,true,sleeve_shape|래글런 소매|sleeve_length|7부 소매|lower_length|무릎 기장|silhouette|A라인,11.087,1,train,true
fashionpedia,train2020,43734,e4275ae397ea470b11a6fd6ff1990577.jpg,5,3,true,silhouette|O라인|lower_fit|스트레이트핏,19.491,1,train,true
fashionpedia,train2020,43741,4c0377b7989f43cee192cda775247965.jpg,5,3,true,category|코트|material|퍼·플리스,5.648,2,train,true
fashionpedia,train2020,43743,f49f729c28e9aafef241b3e5d1365ebb.jpg,5,3,true,pattern|스트라이프|category|가디건,2.655,1,train,true
fashionpedia,train2020,43744,b689affcb26d50dfce0252b7a635a630.jpg,5,3,true,lower_fit|슬림핏|category|셔츠|category|가디건|detail|플리츠|collar|셔츠 칼라|lower_fit|플레어핏,15.432,3,train,true
fashionpedia,train2020,43747,acddbd7ed6f3a5aa1bdda6bdfd795376.jpg,5,3,true,pattern|스트라이프|detail|플리츠|lower_fit|플레어핏,4.115,1,train,true
fashionpedia,train2020,43761,905e197302cc77819609cf2922609ec0.jpg,5,3,true,sleeve_length|7부 소매|detail|리본|collar|라펠 칼라|lower_fit|스트레이트핏|silhouette|H라인|category|재킷|collar|스탠드 칼라,13.587,3,train,true
fashionpedia,train2020,43771,845f995c183c09e55106bd910380070b.jpg,5,3,true,pattern|체크|neckline|터틀넥|collar|라펠 칼라,7.591,3,train,true
fashionpedia,train2020,43779,bd228dc27e42483a1c0b84af50c13d36.jpg,5,3,true,detail|리본|silhouette|X라인|lower_fit|플레어핏,4.109,1,train,true
fashionpedia,train2020,43788,bf9aa9d910c0156fc99ae8f7f49b6a92.jpg,5,3,true,detail|플리츠|silhouette|X라인|lower_fit|플레어핏,4.12,1,train,true
fashionpedia,train2020,43790,cec4a33c73c6d5e5eca729b32e2c52e9.jpg,6,3,true,material|가죽|neckline|라운드넥|category|재킷,17.173,2,train,true
fashionpedia,train2020,43792,ca863da00e61d10558809c3574cfd479.jpg,6,3,true,detail|리본|silhouette|A라인|detail|플리츠,4.424,1,train,true
fashionpedia,train2020,43797,27ecf0e74188f7568bb1dec644b7dc5a.jpg,6,3,true,pattern|애니멀,4.8,3,train,true
fashionpedia,train2020,43804,17681f58c450140fe4c90841e66bb189.jpg,6,3,true,detail|리본|lower_fit|스트레이트핏|category|재킷|collar|스탠드 칼라,9.666,2,train,true
fashionpedia,train2020,43810,a0eca17aa5dff88a60b004846c57f864.jpg,6,3,true,pattern|체크|neckline|보트넥,2.665,1,train,true
fashionpedia,train2020,43811,1cfd9e4dbc1d4e47d614675a4f49bea7.jpg,6,3,true,sleeve_shape|벌룬 소매|lower_length|무릎 기장|silhouette|A라인|neckline|V넥,9.736,1,train,true
fashionpedia,train2020,43836,1c5f02d9a468b3f891ea6f9da4ebd746.jpg,6,3,true,category|쇼츠|neckline|보트넥,2.532,2,train,true
fashionpedia,train2020,43838,0a094f76c12d4714d101566332c3032b.jpg,6,3,true,silhouette|A라인|pattern|스트라이프|detail|플리츠,4.301,1,train,true
fashionpedia,train2020,43845,aca2b76b217d832942c542f1a6a56c6d.jpg,6,3,true,detail|리본|pattern|그래픽,2.891,2,train,true
fashionpedia,train2020,43846,29d4e9311b60705617e97af4ae2e275a.jpg,6,3,true,neckline|스퀘어넥|detail|리본,7.456,1,train,true
fashionpedia,train2020,43849,3d052d3fd7cbd2eb2eab03594bafb6be.jpg,6,3,true,category|베스트,5.835,4,train,true
fashionpedia,train2020,43866,e7960f1c77cd3a1690f8600ada1ca6bf.jpg,6,3,true,pattern|스트라이프|category|니트,2.719,3,train,true
fashionpedia,train2020,43871,894cf89f59ed7d093df34fc36283b2ba.jpg,6,3,true,detail|리본|detail|프릴·러플,2.879,1,train,true
fashionpedia,train2020,43878,1ddbadc0055bf22923e0742884e7a42d.jpg,6,3,true,detail|스팽글,5.725,1,train,true
fashionpedia,train2020,43880,2ac4d833e710256003d48c6119bb7e35.jpg,6,3,true,category|코트|collar|칼라 없음,6.95,4,train,true
fashionpedia,train2020,43909,898a1047d8f66e20544cd67dd217ea1d.jpg,6,3,true,detail|리본|lower_fit|플레어핏,2.743,2,train,true
fashionpedia,train2020,43915,2b53b0fa4c7cadd55734a906f23f4eac.jpg,6,3,true,detail|리본|neckline|터틀넥,6.542,1,train,true
fashionpedia,train2020,43917,ac1e5b321ab83abc61005be87fccaac1.jpg,6,3,true,collar|칼라 없음,5.641,2,train,true
fashionpedia,train2020,43919,08a6072cff32f3e79dce1ece22317e0e.jpg,6,3,true,neckline|V넥|pattern|그래픽,2.632,2,train,true
fashionpedia,train2020,43920,9e5f09ef111b23c2c1f1557d9b6b905e.jpg,6,3,true,detail|플리츠|category|니트,2.852,2,train,true
fashionpedia,train2020,43927,6a31b078fefcf96c3397aed4d42a74e1.jpg,6,3,true,category|쇼츠|category|베스트,6.996,3,train,true
fashionpedia,train2020,43947,b754e66a41a0fa0ba3140ce9b0517abb.jpg,6,3,true,category|코트|collar|칼라 없음,6.95,1,train,true
fashionpedia,train2020,43956,4e6a7cb627ab7c80ed89e392b020ee84.jpg,6,3,true,category|점프수트,4.536,1,train,true
fashionpedia,train2020,43958,ad05620ee3cd2956e0b5351e28159965.jpg,6,3,true,detail|스팽글,5.725,1,train,true
fashionpedia,train2020,43966,9772da05c41f1f87a857072d984968ef.jpg,6,3,true,collar|칼라 없음,5.641,2,train,true
fashionpedia,train2020,43977,9e9ed9361fd232d606ccbb68b8eddd95.jpg,6,3,true,category|셔츠|pattern|스트라이프|collar|라펠 칼라|category|재킷|category|베스트|collar|셔츠 칼라,12.348,4,train,true
fashionpedia,train2020,43979,0890b6bb13702dff5bb57995d8f79655.jpg,6,3,true,detail|스팽글|silhouette|X라인|lower_fit|플레어핏,12.126,1,train,true
fashionpedia,train2020,43996,a69f8d36fd6900b474ee5af0629919ff.jpg,6,3,true,neckline|터틀넥,5.058,2,train,true
fashionpedia,train2020,44000,99d0433ef6043d920afdef21f5d71f3c.jpg,6,3,true,pattern|애니멀,4.8,1,train,true
fashionpedia,train2020,44006,a546c78bf6e423ea90ca7b68715edd00.jpg,6,3,true,neckline|터틀넥,5.058,2,train,true
fashionpedia,train2020,44011,a8cce631439fa08b8226477b77505c69.jpg,6,3,true,sleeve_shape|래글런 소매|detail|리본,3.174,2,train,true
fashionpedia,train2020,44021,ed9ccc7b38439b8ec58e9cf7ec0e5a84.jpg,6,3,true,category|셔츠|collar|라펠 칼라|category|재킷|category|베스트|collar|셔츠 칼라,10.986,4,train,true
fashionpedia,train2020,44024,9af09521c59d3c616912302f90c2bab8.jpg,6,3,true,neckline|V넥|pattern|그래픽,2.632,2,train,true
fashionpedia,train2020,44031,1519c38dce5e3f9944bdce0b6bc06a95.jpg,6,3,true,category|코트|lower_length|미디·7부 기장|collar|칼라 없음|collar|라펠 칼라,9.464,3,train,true
fashionpedia,train2020,44084,1b223beb77d553bf7d0bc56d1a42ea5f.jpg,6,3,true,pattern|스트라이프|detail|리본,2.846,2,train,true
fashionpedia,train2020,44085,a07789b5ca50312030838df54954d3b0.jpg,6,3,true,sleeve_shape|벌룬 소매,5.614,1,train,true
fashionpedia,train2020,44088,d17b26e9ebeb6f9772e2c64b77b42ecc.jpg,6,3,true,category|코트|pattern|애니멀,6.109,2,train,true
fashionpedia,train2020,44108,a59559c5088cad6a3e5f9a4033cd70e0.jpg,6,3,true,category|셔츠|collar|라펠 칼라|category|재킷|category|베스트|collar|셔츠 칼라,10.986,4,train,true
fashionpedia,train2020,44111,327014b58c770d80991665ab9061e68f.jpg,6,3,true,category|점프수트|lower_length|미디·7부 기장,5.81,1,train,true
fashionpedia,train2020,44129,fca025dcf76a43feae0bf2e8e9a6c1e2.jpg,6,3,true,category|쇼츠|category|니트,2.518,3,train,true
fashionpedia,train2020,44137,50d0027b0b3520be9be2923adc7efcc9.jpg,6,3,true,sleeve_length|7부 소매|collar|칼라 없음,7.071,3,train,true
fashionpedia,train2020,44138,cf859384f89399fd6fbf20533c28dd71.jpg,6,3,true,neckline|터틀넥|pattern|플로럴,6.3,1,train,true
fashionpedia,train2020,44146,987dd0ac3bc81fe82095ed728e28f627.jpg,6,3,true,lower_fit|슬림핏|pattern|카모,15.79,2,train,true
fashionpedia,train2020,44149,c7a95f37df628986cd0d1fae592c83b6.jpg,6,3,true,category|점프수트|neckline|V넥,5.761,2,train,true
fashionpedia,train2020,44170,f3604a3991e3180d841025fc940b8e85.jpg,6,3,true,silhouette|O라인|lower_length|무릎 기장,19.453,2,train,true
fashionpedia,train2020,44171,0a3b844ecf59d6039f7e4915e5d4ac41.jpg,6,3,true,material|퍼·플리스|sleeve_length|7부 소매|silhouette|A라인,7.213,1,train,true
fashionpedia,train2020,44180,ee9c4183977570bed4318c9e54c58962.jpg,6,3,true,collar|폴로 칼라,12.364,1,train,true
fashionpedia,train2020,44184,8482a1da660792e0573a4af46734f15c.jpg,6,3,true,pattern|스트라이프|detail|리본|silhouette|A라인,4.291,1,train,true
fashionpedia,train2020,44185,e361adca2566ceeeb77908e41a163ced.jpg,6,3,true,pattern|스트라이프|detail|플리츠|lower_fit|플레어핏,4.115,3,train,true
fashionpedia,train2020,44203,ba2729a9d44c2cdcfa733436903b4317.jpg,6,3,true,collar|칼라 없음,5.641,1,train,true
fashionpedia,train2020,44214,612643b7bd70d3ee6649003a9bcbae8e.jpg,6,3,true,collar|칼라 없음,5.641,2,train,true
fashionpedia,train2020,44237,a665b710d6d29b48972dd07222e96080.jpg,6,3,true,neckline|스퀘어넥,5.972,2,train,true
fashionpedia,train2020,44240,65f399f329cb076e635f8b06608f6a07.jpg,6,3,true,category|점프수트|pattern|플로럴,5.778,2,train,true
fashionpedia,train2020,44248,4fd2909530e68a0ccf40ef3d4f8a0a91.jpg,6,3,true,collar|폴로 칼라,12.364,1,train,true
fashionpedia,train2020,44281,8b57f7bfba1d419e009bb9c40a43f063.jpg,6,3,true,neckline|V넥|category|니트,2.582,1,train,true
fashionpedia,train2020,44303,6b6c53a7e5fad99d7780138d25456df5.jpg,6,3,true,detail|스팽글,5.725,1,train,true
fashionpedia,train2020,44307,de5180418d1c347d510be50fccbffa94.jpg,6,3,true,category|점프수트|pattern|플로럴,5.778,1,train,true
fashionpedia,train2020,44313,a5d8e3d58d55ee991bb5044a89e58fa9.jpg,6,3,true,neckline|홀터넥|silhouette|A라인,6.098,1,train,true
fashionpedia,train2020,44321,4ef5c896630b73ce448be043b9ce98d0.jpg,6,3,true,lower_fit|슬림핏|pattern|애니멀|detail|플리츠|lower_fit|플레어핏,12.453,2,train,true
fashionpedia,train2020,44323,3c86de6223ede457dcef2d488b498c38.jpg,6,3,true,detail|스팽글,5.725,2,train,true
fashionpedia,train2020,44328,a6b8ce60f76757965da183605a675b39.jpg,6,3,true,lower_fit|슬림핏|collar|폴로 칼라,13.487,2,train,true
fashionpedia,train2020,44339,ccc8af59daccebfb7c5cbc47d4f96626.jpg,6,3,true,detail|플리츠|silhouette|X라인|lower_fit|플레어핏,4.12,1,train,true
fashionpedia,train2020,44340,f6b64d3c75ef004d2bfad9b3bae79c40.jpg,6,3,true,sleeve_shape|퍼프 소매|lower_length|무릎 기장|silhouette|X라인|lower_fit|플레어핏,14.06,1,train,true
fashionpedia,train2020,44355,647208b93bf4963e6cb7aa61f1ff930e.jpg,6,3,true,detail|스팽글,5.725,1,train,true
fashionpedia,train2020,44359,011b01f1ee336dcd34944ebdbace72b9.jpg,6,3,true,detail|스팽글,5.725,1,train,true
fashionpedia,train2020,44383,43410e6f6b5d6c46dadd815e4d7f0ffc.jpg,6,3,true,pattern|스트라이프|category|니트,2.719,1,train,true
fashionpedia,train2020,44384,ef40cb02ad84e5828d933a31bf71e6b7.jpg,6,3,true,category|코트|detail|후드,6.578,2,train,true
fashionpedia,train2020,44388,192017c57d4717cd3427745e66fbfbc2.jpg,6,3,true,collar|라펠 칼라|category|베스트,7.075,4,train,true
fashionpedia,train2020,44390,26f444c5146feb1cb294f2681cd24d86.jpg,6,3,true,silhouette|X라인|lower_length|무릎 기장|collar|칼라 없음|lower_fit|플레어핏,13.494,1,train,true
fashionpedia,train2020,44403,21f73d804d7050647bfc1e3852a9be26.jpg,6,3,true,neckline|스퀘어넥|sleeve_length|7부 소매,7.402,1,train,true
fashionpedia,train2020,44404,44d613a0d0eb5e3e476c152c55ac6c75.jpg,6,3,true,silhouette|A라인|sleeve_shape|벨 소매,6.778,1,train,true
fashionpedia,train2020,44417,2786733e6af4c8f048fdfc49cd6ea6f1.jpg,6,3,true,pattern|체크|detail|플리츠,2.789,2,train,true
fashionpedia,train2020,44420,6d6a4dec26f7ea1d0408e00caf657ebb.jpg,6,3,true,detail|플리츠|silhouette|X라인|lower_fit|플레어핏,4.12,1,train,true
fashionpedia,train2020,44431,8ee576d5a066aa1b375fe82fd507f623.jpg,6,3,true,pattern|플로럴|category|점프수트,5.778,1,train,true
fashionpedia,train2020,44446,e1fa757d2547d4635388cfaca4a88ba6.jpg,6,3,true,category|점프수트,4.536,1,train,true
fashionpedia,train2020,44448,59fa5f673cd3f3caf5e0abd1cee6c7ac.jpg,6,3,true,category|베스트|detail|플리츠|collar|라펠 칼라,8.57,3,train,true
fashionpedia,train2020,44452,27d07b2772ee5bfa5ad05facf6133336.jpg,6,3,true,category|점프수트,4.536,1,train,true
fashionpedia,train2020,44456,1c768d34691ece089fce66b68d181abe.jpg,6,3,true,lower_length|무릎 기장|silhouette|X라인|lower_fit|플레어핏|pattern|도트,13.165,1,train,true
fashionpedia,train2020,44464,90c5c5f21e561aa00fc14bc5df7e0299.jpg,6,3,true,category|쇼츠|category|니트,2.518,3,train,true
fashionpedia,train2020,44471,c8be0bf9262163e7d871e4dcd39f2694.jpg,6,3,true,category|코트|neckline|터틀넥|collar|라펠 칼라,7.606,3,train,true
fashionpedia,train2020,44474,8aec5391103feee267f4d08a458c6f4c.jpg,6,3,true,detail|플리츠|pattern|그래픽,2.902,3,train,true
fashionpedia,train2020,44481,a7369523aa0a93a2215ecbcec577b6a9.jpg,6,3,true,neckline|터틀넥|silhouette|X라인|lower_fit|플레어핏,11.458,1,train,true
fashionpedia,train2020,44493,29ec4cbe4493cdc4d7bf07e9830aa2d9.jpg,6,3,true,neckline|터틀넥|detail|플리츠,6.553,2,train,true
fashionpedia,train2020,44501,7431347d441fb92914bef920574bcc81.jpg,6,3,true,silhouette|H라인|lower_fit|스트레이트핏|collar|폴로 칼라,15.106,2,train,true
fashionpedia,train2020,44506,a94df4a339f6f341f1f204ffff7c8731.jpg,6,3,true,neckline|스퀘어넥,5.972,1,train,true
fashionpedia,train2020,44507,5e9db2e56b707a2bc89fb02466fc29dd.jpg,6,3,true,silhouette|A라인|detail|플리츠|pattern|플로럴,4.181,1,train,true
fashionpedia,train2020,44523,53bb045ff731c6ad626be01add268efd.jpg,6,3,true,pattern|스트라이프|neckline|보트넥|silhouette|X라인|lower_fit|플레어핏,5.358,1,train,true
fashionpedia,train2020,44531,7338cfe60f5a417d177a4ba166343de3.jpg,6,3,true,neckline|오프숄더|lower_length|미디·7부 기장,5.901,1,train,true
fashionpedia,train2020,44543,13d8973e9705c2306a742a6f79eda47f.jpg,6,3,true,neckline|스퀘어넥|detail|플리츠,7.467,1,train,true
fashionpedia,train2020,44549,cfc1db5080878d6161cefe8e5cc54b41.jpg,6,3,true,pattern|애니멀,4.8,1,train,true
fashionpedia,train2020,44562,ae1304a0250a1b06e5da5124326e339a.jpg,6,3,true,collar|스탠드 칼라,5.388,1,train,true
fashionpedia,train2020,44565,ca745e7a64f1d23dab3cf24c3ea3be0f.jpg,6,3,true,neckline|보트넥|silhouette|A라인|pattern|플로럴,4.058,1,train,true
fashionpedia,train2020,44575,d4b38c501917c62624d0d12de8cf114a.jpg,6,3,true,category|코트|detail|리본,2.794,2,train,true
fashionpedia,train2020,44594,543e69bc92aabcc764095246c958501c.jpg,6,3,true,category|점프수트|sleeve_length|7부 소매|collar|셔츠 칼라,7.299,2,train,true
fashionpedia,train2020,44596,0274e192341821f7dccc460027863af0.jpg,6,3,true,neckline|스퀘어넥,5.972,1,train,true
fashionpedia,train2020,44601,143d63af78970b1b3297ac0bac4a0cf0.jpg,6,3,true,sleeve_shape|벨 소매|neckline|V넥,6.558,1,train,true
fashionpedia,train2020,44615,b1be5c0857a68644bffae4f40291cf9d.jpg,6,3,true,detail|리본|detail|스팽글,7.209,1,train,true
fashionpedia,train2020,44624,f92f50cdd617a7e78da9d6fda739e30b.jpg,6,3,true,neckline|홀터넥,4.653,1,train,true
fashionpedia,train2020,44642,d56a7e951030e9c1b73a9923a68dc3b1.jpg,6,3,true,neckline|V넥|pattern|그래픽,2.632,2,train,true
fashionpedia,train2020,44646,9b6b8e3a255381e40ad2ce936d64267d.jpg,6,3,true,detail|리본|silhouette|X라인|lower_fit|플레어핏,4.109,1,train,true
fashionpedia,train2020,44655,24599d10086f7eefce0be977cfe5af8c.jpg,6,3,true,detail|리본|pattern|애니멀|collar|셔츠 칼라,7.618,2,train,true
fashionpedia,train2020,44658,38a627eb0f5f4fdfb23ce58680d2f9d0.jpg,6,3,true,sleeve_shape|래글런 소매|pattern|스트라이프,3.052,2,train,true
fashionpedia,train2020,44667,b31d6abb8597af63e917e673611a24ca.jpg,6,3,true,detail|스팽글,5.725,1,train,true
fashionpedia,train2020,44674,0b81bdb80e540fe8b58b905ec594718d.jpg,6,3,true,category|코트|category|점프수트|sleeve_length|7부 소매|collar|라펠 칼라,8.515,2,train,true
fashionpedia,train2020,44690,a584aa9aed93fa8d6059261680af5202.jpg,6,3,true,silhouette|X라인|neckline|홀터넥|lower_length|무릎 기장|pattern|플로럴|lower_fit|플레어핏,13.748,1,train,true
fashionpedia,train2020,44698,c499f409029abb3c81e39dd4fc8113c2.jpg,6,3,true,collar|폴로 칼라,12.364,2,train,true
fashionpedia,train2020,44701,70134c95cc47a062b3142857ecfc0023.jpg,6,3,true,collar|스탠드 칼라,5.388,1,train,true
fashionpedia,train2020,44705,7778ad2a8231b7f939b3049c73e4e495.jpg,6,3,true,neckline|스퀘어넥|lower_length|무릎 기장|silhouette|X라인|lower_fit|플레어핏,13.825,1,train,true
fashionpedia,train2020,44712,38fea76d25dcee9904d50e9120de24b0.jpg,6,3,true,category|점프수트|detail|플리츠,6.031,1,train,true
fashionpedia,train2020,44713,7b5c83243fddaed2a04f52a50dc8830a.jpg,6,3,true,category|코트|category|셔츠|lower_length|미디·7부 기장|detail|스팽글|upper_fit|여유핏|collar|셔츠 칼라|collar|라펠 칼라,13.741,3,train,true
fashionpedia,train2020,44716,671869f93ed81c85da4accb2f12ca3a3.jpg,6,3,true,pattern|체크|detail|플리츠|lower_fit|플레어핏,4.048,2,train,true
fashionpedia,train2020,44721,062097f7d4f4480aff0de158e5434a6f.jpg,6,3,true,neckline|홀터넥,4.653,1,train,true
fashionpedia,train2020,44725,1a6626717f440b96ce266e7e02b7247e.jpg,6,3,true,category|베스트,5.835,2,train,true
fashionpedia,train2020,44739,ec39b539bda24e79baad67eac0d87f40.jpg,6,3,true,sleeve_shape|래글런 소매|pattern|그래픽,3.097,1,train,true
fashionpedia,train2020,44741,2fc22cc9e960202c2d7895cc82c7f77e.jpg,6,3,true,neckline|홀터넥|silhouette|X라인|lower_fit|플레어핏,7.278,1,train,true
fashionpedia,train2020,44745,d11a12a6da171f12b8e58981b097767d.jpg,6,3,true,category|쇼츠|pattern|애니멀,5.96,2,train,true
fashionpedia,train2020,44784,7f43f050cfed61aa21c66d8440cbbb76.jpg,6,3,true,collar|스탠드 칼라,5.388,3,train,true
fashionpedia,train2020,44791,0a74f413378449a242dd01d6e35dca2f.jpg,6,3,true,category|코트|pattern|스트라이프|neckline|터틀넥|collar|셔츠 칼라,9.062,3,train,true
fashionpedia,train2020,44800,333b0eea75d72b18a64a937b81ff9108.jpg,6,3,true,neckline|스퀘어넥|silhouette|X라인|lower_fit|플레어핏,12.373,1,train,true
fashionpedia,train2020,44806,3233984dba482e42ae4facbaabc80013.jpg,6,3,true,detail|스팽글,5.725,1,train,true
fashionpedia,train2020,44818,7b75730e1cc4175ec3efc05f739d1d6d.jpg,6,3,true,detail|리본|silhouette|비대칭,2.803,1,train,true
fashionpedia,train2020,44819,9723178bd9522b2f8e43cc36aca3d00f.jpg,6,3,true,detail|플리츠|silhouette|X라인|lower_fit|플레어핏,4.12,2,train,true
fashionpedia,train2020,44825,f2591ed1aeb07fccc44ab5f85b97b00a.jpg,6,3,true,pattern|도트|neckline|V넥,2.553,3,train,true
fashionpedia,train2020,44839,855199bc1a072be8bb29c954657a8e1d.jpg,6,3,true,neckline|V넥|pattern|그래픽,2.632,2,train,true
fashionpedia,train2020,44847,0864c3088b9b75cf9a0ad74ac8616d7f.jpg,6,3,true,category|점프수트,4.536,1,train,true
fashionpedia,train2020,44851,3e98235b9c36f614f2d0f005ce9065fd.jpg,6,3,true,lower_fit|와이드핏,4.948,2,train,true
fashionpedia,train2020,44852,eb145f05ab4a1dbc368b3cfde7bab4c7.jpg,6,3,true,detail|프릴·러플|silhouette|X라인|lower_fit|플레어핏,4.019,1,train,true
fashionpedia,train2020,44853,0b1708df37b146e94c5526842f8b4021.jpg,6,3,true,neckline|라운드넥|silhouette|H라인|lower_fit|스트레이트핏|lower_length|무릎 기장|category|재킷|pattern|플로럴|collar|칼라 없음,13.679,2,train,true
fashionpedia,train2020,44860,575643b9e618a31dc819550842b7e596.jpg,6,3,true,silhouette|A라인|detail|플리츠|silhouette|비대칭,4.258,1,train,true
fashionpedia,train2020,44866,582cac4bfcb8a74adee62b7a248c3195.jpg,6,3,true,category|점프수트,4.536,1,train,true
fashionpedia,train2020,44898,86bcdc0999b7e2aec4dbc4b3725628a7.jpg,6,3,true,sleeve_shape|퍼프 소매|collar|셔츠 칼라,7.54,1,train,true
fashionpedia,train2020,44902,38ae3f93efea4d470fe9a2317952bf92.jpg,6,3,true,detail|스팽글,5.725,1,train,true
fashionpedia,train2020,44931,ef8e322927a71fd46f010ce02a5535f7.jpg,6,3,true,category|코트|material|퍼·플리스,5.648,1,train,true
fashionpedia,train2020,44934,52e0c916e1aeeda389debc84df7375a3.jpg,6,3,true,silhouette|A라인|pattern|플로럴|collar|칼라 없음,8.328,2,train,true
fashionpedia,train2020,44945,785062cd265846c8a3c6909d3dc932d2.jpg,6,3,true,category|코트|material|퍼·플리스|lower_length|미디·7부 기장,6.922,1,train,true
fashionpedia,train2020,44946,81c98f9dff8b64c78851135c9febfa07.jpg,6,3,true,neckline|라운드넥|collar|폴로 칼라,13.661,2,train,true
fashionpedia,train2020,44947,33eae04c97b7464ed78b84db86d7135d.jpg,6,3,true,category|베스트,5.835,3,train,true
fashionpedia,train2020,44948,8c5ffa8c43de67e180c1a2bcf5a10fb4.jpg,6,3,true,neckline|보트넥|lower_fit|플레어핏,2.63,1,train,true
fashionpedia,train2020,44949,cf3f8d43d212fce1efb4ca8fe8c67d1e.jpg,6,3,true,detail|리본|sleeve_shape|캡 소매,2.755,2,train,true
fashionpedia,train2020,44959,8b6065dea336709bf4ab89680da91ac4.jpg,6,3,true,silhouette|X라인|detail|리본|pattern|플로럴|lower_fit|플레어핏,5.351,1,train,true
fashionpedia,train2020,44961,7e19b7ddbe95c80d6f3a97aa13590f50.jpg,6,3,true,detail|리본|pattern|그래픽,2.891,2,train,true
fashionpedia,train2020,44967,506495a49dba153b3c93792111b2e82e.jpg,6,3,true,neckline|오프숄더|detail|리본,6.111,2,train,true
fashionpedia,train2020,44970,addee7f6b38e49a47b26790e7a1961d4.jpg,6,3,true,pattern|체크|detail|리본,2.778,2,train,true
fashionpedia,train2020,44975,d7c360f8751c6953a509ec113e0007c0.jpg,6,3,true,lower_length|미디·7부 기장|silhouette|A라인|detail|플리츠|pattern|그래픽,5.62,2,train,true
fashionpedia,train2020,44977,634d71850acfd4c38ee065adcc39c2bf.jpg,6,3,true,pattern|스트라이프|category|니트,2.719,2,train,true
fashionpedia,train2020,44995,45cb3c00482dd07c40aaf6adead0e20e.jpg,6,3,true,pattern|플로럴|collar|칼라 없음,6.883,2,train,true
fashionpedia,train2020,45012,007fb0d71cfa24fe496363d5198f706d.jpg,6,3,true,category|셔츠|lower_length|미디·7부 기장|lower_length|무릎 기장|upper_fit|여유핏|category|가디건|lower_fit|플레어핏|collar|라펠 칼라,17.031,3,train,true
fashionpedia,train2020,45019,01e562c8cd134e364104eb17bc18995a.jpg,6,3,true,sleeve_shape|래글런 소매|pattern|그래픽,3.097,1,train,true
fashionpedia,train2020,45022,4739f832c3f5bbe102666de203d5d87d.jpg,6,3,true,category|코트|detail|플리츠|lower_fit|플레어핏,4.063,3,train,true
fashionpedia,train2020,45026,34ff38edff03a139b46d6d240c687b0b.jpg,6,3,true,category|코트|collar|스탠드 칼라,6.697,1,train,true
fashionpedia,train2020,45031,a1ab9126ea0c9bc5cb618d850251abf7.jpg,6,3,true,neckline|오프숄더|pattern|플로럴,5.868,1,train,true
fashionpedia,train2020,45036,83366b35a5be53114c2148eeaab90c67.jpg,6,3,true,category|코트|neckline|터틀넥|neckline|V넥,7.592,3,train,true
fashionpedia,train2020,45037,2c1b80e35e74fbe4f4956fb224af698b.jpg,6,3,true,lower_length|미디·7부 기장|lower_length|무릎 기장|collar|피터팬 칼라|silhouette|X라인|lower_fit|플레어핏,28.186,1,train,true
fashionpedia,train2020,45039,233f9416a7fb168c167bf3e07c3569ac.jpg,6,3,true,category|쇼츠|neckline|V넥|pattern|그래픽,3.792,2,train,true
fashionpedia,train2020,45054,3ed26342e64e9f666643bcdfcfb98640.jpg,6,3,true,detail|플리츠|silhouette|비대칭,2.814,1,train,true
fashionpedia,train2020,45056,7d436ded52a76148709bb48d2b4890b2.jpg,6,3,true,upper_fit|오버핏|neckline|V넥,7.625,2,train,true
fashionpedia,train2020,45086,468492ad2a9df515d7fce2be08d45b11.jpg,6,3,true,detail|리본|silhouette|O라인,19.484,1,train,true
fashionpedia,train2020,45097,b176768538449df5ed04ad57ffa81174.jpg,6,3,true,lower_length|무릎 기장|collar|피터팬 칼라|silhouette|X라인|lower_fit|플레어핏,26.912,1,train,true
fashionpedia,train2020,45098,adb896fb0e2238145a810d17bd7367d4.jpg,6,3,true,pattern|스트라이프|sleeve_shape|퍼프 소매|collar|셔츠 칼라,8.902,1,train,true
fashionpedia,train2020,45113,4df0972554c3694b9f1ddf74f6ee3a97.jpg,6,3,true,neckline|홀터넥|pattern|플로럴,5.895,1,train,true
fashionpedia,train2020,45116,27f2171f3dfd05478edd94a7a9bbfcf8.jpg,6,3,true,lower_length|미디·7부 기장|silhouette|O라인|lower_fit|스트레이트핏|lower_length|무릎 기장,22.218,1,train,true
fashionpedia,train2020,45117,413f2e324ba024af79266b4479ff7f61.jpg,6,3,true,collar|칼라 없음,5.641,1,train,true
fashionpedia,train2020,45130,af0717b1930ff587fd2452750a87734d.jpg,6,3,true,lower_length|미디·7부 기장|silhouette|O라인,19.274,1,train,true
fashionpedia,train2020,45132,07288e8ab7a1bb2a78d79f6518542935.jpg,6,3,true,category|셔츠|lower_fit|스트레이트핏|pattern|도트|category|재킷|collar|셔츠 칼라|collar|라펠 칼라,11.954,3,train,true
fashionpedia,train2020,45134,101f8644c108baf2ed8316a558c55ef7.jpg,6,3,true,category|쇼츠|upper_fit|오버핏|lower_length|무릎 기장,9.013,1,train,true
fashionpedia,train2020,45137,5830fed64f3bd4a076748315a7083512.jpg,6,3,true,detail|리본|pattern|그래픽,2.891,1,train,true
fashionpedia,train2020,45142,cc300e2d7fe16bcf4c2d567106344b00.jpg,6,3,true,category|쇼츠|neckline|오프숄더,5.787,2,train,true
fashionpedia,train2020,45143,bbc29b6085ccb9fbf76537dbf38eb172.jpg,6,3,true,category|셔츠|upper_fit|오버핏|silhouette|H라인|lower_fit|스트레이트핏|category|재킷|collar|셔츠 칼라|collar|라펠 칼라,14.293,3,train,true
fashionpedia,train2020,45161,e378539233c34d2a29e3a4de752b5df0.jpg,6,3,true,category|니트|lower_fit|플레어핏,2.616,2,train,true
fashionpedia,train2020,45165,045e1bae9fb99ba24e2715aa92cb2fed.jpg,6,3,true,category|가디건|neckline|V넥|collar|셔츠 칼라,7.729,3,train,true
fashionpedia,train2020,45169,a7ccfa6b782e959de58067d06e61f8aa.jpg,6,3,true,upper_fit|오버핏,6.4,1,train,true
fashionpedia,train2020,45178,7b175ce1d57c1f3b00281cf79359b11a.jpg,6,3,true,neckline|라운드넥|collar|폴로 칼라|category|재킷|pattern|그래픽,16.372,2,train,true
fashionpedia,train2020,45181,fdd0daec3624d1d7acf8048484a7efe2.jpg,6,3,true,detail|리본|pattern|그래픽,2.891,1,train,true
fashionpedia,train2020,45183,4a0b9490e05cc258a90c7169b7955bc7.jpg,6,3,true,neckline|홀터넥|lower_length|미디·7부 기장,5.927,1,train,true
fashionpedia,train2020,45186,3c662ab644e647b909bb6c51896a5e8e.jpg,6,3,true,silhouette|O라인|lower_fit|스트레이트핏|lower_length|무릎 기장,20.943,1,train,true
fashionpedia,train2020,45187,9edd8c2434a298e128c0ddc7b14cf828.jpg,6,3,true,neckline|오프숄더,4.626,1,train,true
fashionpedia,train2020,45198,f6e924ad5c797a05fb99d1148805be6a.jpg,6,3,true,category|코트|lower_length|미디·7부 기장|collar|칼라 없음,8.225,1,train,true
fashionpedia,train2020,45202,691af35d9aa589229bd65e9cca3e83c9.jpg,6,3,true,detail|리본|pattern|애니멀|silhouette|X라인|lower_fit|플레어핏,12.685,1,train,true
fashionpedia,train2020,45204,e6759d143c6672d513e3c064146e1a32.jpg,6,3,true,pattern|그래픽|neckline|V넥,2.632,2,train,true
fashionpedia,train2020,45215,9f6a0861c3151bef3058c328f8624b58.jpg,6,3,true,pattern|스트라이프|category|베스트|collar|셔츠 칼라,8.53,1,train,true
fashionpedia,train2020,45219,75a68244b9be48eee0ee445912dbc1f0.jpg,6,3,true,category|쇼츠|category|니트,2.518,2,train,true
fashionpedia,train2020,45220,ce0720d2346dcf89d31a07eb26c076b8.jpg,6,3,true,category|베스트|neckline|V넥|collar|셔츠 칼라,8.393,3,train,true
fashionpedia,train2020,45221,1e7fdeca8f8f1dbfde14ce399a560238.jpg,6,3,true,lower_length|미디·7부 기장|lower_length|무릎 기장|silhouette|비대칭|silhouette|X라인|lower_fit|플레어핏,14.404,1,train,true
fashionpedia,train2020,45230,a7882efcbd2d0bb1b8ec33ccc5f70619.jpg,6,3,true,lower_length|미디·7부 기장|lower_length|무릎 기장|silhouette|비대칭|lower_fit|플레어핏,13.038,1,train,true
fashionpedia,train2020,45237,d6945b4772e8a87bdbe03e0bb79a3245.jpg,6,3,true,pattern|스트라이프|sleeve_shape|퍼프 소매|collar|셔츠 칼라,8.902,1,train,true
fashionpedia,train2020,45241,30ca869bd707bfd5f4aba8a2af67990b.jpg,6,3,true,category|쇼츠|category|셔츠|upper_fit|오버핏|lower_length|무릎 기장|collar|셔츠 칼라,11.621,2,train,true
fashionpedia,train2020,45245,dfb7ee38b4aecec80b050fdbac7f2c77.jpg,6,3,true,detail|스팽글,5.725,1,train,true
fashionpedia,train2020,45247,b1cc671d80f14801a15b98d3eb520c34.jpg,6,3,true,pattern|애니멀,4.8,1,train,true
fashionpedia,train2020,45248,7a3be877e8b3bd52a8a52d54f5cd77f4.jpg,6,3,true,detail|스팽글|neckline|V넥,6.95,1,train,true
fashionpedia,train2020,45249,e806e5c82e342fccf64f3f5786b6fec5.jpg,6,3,true,sleeve_shape|퍼프 소매|lower_length|무릎 기장|silhouette|A라인,9.104,1,train,true
fashionpedia,train2020,45252,68d621958c271ab914706fab771a6dfd.jpg,6,3,true,detail|리본|sleeve_shape|퍼프 소매|silhouette|A라인,9.136,1,train,true
fashionpedia,train2020,45256,953ba1524e63e84aba822a36832d5847.jpg,6,3,true,lower_length|무릎 기장|upper_fit|여유핏|category|베스트|silhouette|X라인|lower_fit|플레어핏,15.273,2,train,true
fashionpedia,train2020,45260,7a8d445ff868582eaeb62147904086c5.jpg,6,3,true,neckline|홀터넥,4.653,1,train,true
fashionpedia,train2020,45267,636e5f690432c002dca9674cdd691c66.jpg,6,3,true,lower_length|미디·7부 기장|lower_fit|와이드핏|collar|셔츠 칼라,7.555,2,train,true
fashionpedia,train2020,45270,21004ed199b325075b129cf86e959719.jpg,6,3,true,neckline|V넥|silhouette|비대칭,2.544,1,train,true
fashionpedia,train2020,45272,118023bda10690dce38867a51ee61522.jpg,6,3,true,collar|스탠드 칼라,5.388,3,train,true
fashionpedia,train2020,45273,c8e72f4d9d2aeb925a2c94fabbb6cc46.jpg,6,3,true,pattern|스트라이프|upper_fit|오버핏|lower_length|무릎 기장,9.214,1,train,true
fashionpedia,train2020,45280,9a70fa549aa59e852c6d656ea01e3aa4.jpg,6,3,true,neckline|홀터넥,4.653,1,train,true
fashionpedia,train2020,45291,9e636689b5e40a0f1ee41bb8c63920b5.jpg,6,3,true,neckline|오프숄더,4.626,1,train,true
fashionpedia,train2020,45292,b8b34de18250c0aeb3474993f2f8cd13.jpg,6,3,true,pattern|체크|neckline|보트넥,2.665,1,train,true
fashionpedia,train2020,45296,483602e96171a25881015ca0196c0232.jpg,6,3,true,category|쇼츠|upper_fit|오버핏|pattern|플로럴,8.802,3,train,true
fashionpedia,train2020,45303,cb46b2702fba4d32f9157fd7932fe96d.jpg,6,3,true,category|셔츠|pattern|스트라이프|upper_fit|오버핏|category|재킷|collar|셔츠 칼라|collar|라펠 칼라,12.913,3,train,true
fashionpedia,train2020,45310,04962720541626db6ac78e45c7a465c3.jpg,6,3,true,pattern|스트라이프|neckline|라운드넥|collar|스탠드 칼라,8.047,4,train,true
fashionpedia,train2020,45320,b522e2846959b5123d4f45ac6e0c79eb.jpg,6,3,true,detail|리본|lower_fit|스트레이트핏|silhouette|O라인,20.975,1,train,true
fashionpedia,train2020,45326,aae98771092b108b653cac5055a675e6.jpg,6,3,true,silhouette|O라인,18.0,1,train,true
fashionpedia,train2020,45329,7fb788168004b75a42433eff2333dcfa.jpg,6,3,true,detail|리본|sleeve_shape|퍼프 소매,7.691,3,train,true
fashionpedia,train2020,45340,f263c0e538b4cb540b1ca64bff2a616b.jpg,6,3,true,pattern|그래픽|lower_fit|플레어핏,2.666,2,train,true
fashionpedia,train2020,45341,8a3972d3ed75e672db9e764c49d9806f.jpg,6,3,true,pattern|스트라이프|category|니트,2.719,1,train,true
fashionpedia,train2020,45343,6ffc567dc4dd5a54643b0511670dee3a.jpg,6,3,true,detail|플리츠|pattern|플로럴|lower_fit|플레어핏,3.995,2,train,true
fashionpedia,train2020,45349,19e929aca33fb985e909b3264b203b94.jpg,6,3,true,detail|스팽글,5.725,1,train,true
fashionpedia,train2020,45350,709c714451da87a13a81ea83520c124b.jpg,6,3,true,neckline|보트넥|silhouette|X라인|lower_fit|플레어핏,3.996,2,train,true
fashionpedia,train2020,45366,b6f89223596891049851f0f85e60d30a.jpg,6,3,true,collar|폴로 칼라,12.364,1,train,true
fashionpedia,train2020,45367,8158ac66e5c80e58252e5d13ce00c145.jpg,6,3,true,neckline|스퀘어넥,5.972,1,train,true
fashionpedia,train2020,45370,104918c793a7fd5d100958cdd8d54297.jpg,6,3,true,category|코트|sleeve_shape|래글런 소매|neckline|라운드넥|collar|라펠 칼라,10.607,3,train,true
fashionpedia,train2020,45384,ea731c865f120789005191c93a8738e3.jpg,6,3,true,neckline|홀터넥|lower_fit|플레어핏,5.912,1,train,true
fashionpedia,train2020,45390,0036f906cb15e240f113184b5eed8c69.jpg,6,3,true,pattern|스트라이프|pattern|그래픽,2.769,4,train,true
fashionpedia,train2020,45392,606e5f4688856d427887a041b917a58b.jpg,6,3,true,neckline|라운드넥|detail|스팽글|lower_length|무릎 기장|silhouette|A라인,9.92,2,train,true
fashionpedia,train2020,45395,a23910eb5664d4145e1dcbd30adec57a.jpg,6,3,true,neckline|스퀘어넥|lower_length|미디·7부 기장,7.246,2,train,true
fashionpedia,train2020,45396,0a31233f1ae926076dc8f6c5acf8b4b5.jpg,6,3,true,neckline|홀터넥,4.653,1,train,true
fashionpedia,train2020,45401,e728d1256df5148ef25a35640314a612.jpg,6,3,true,neckline|스퀘어넥,5.972,1,train,true
fashionpedia,train2020,45403,41fb8b68de5f032c9f8135d2d6ba0923.jpg,6,3,true,pattern|스트라이프|collar|폴로 칼라,13.726,1,train,true
fashionpedia,train2020,45410,30311473ab942e6c93d956a44900d14f.jpg,6,3,true,detail|스팽글,5.725,3,train,true
fashionpedia,train2020,45424,b1b3e5e5efdf9170d9824b699c74cf88.jpg,6,3,true,category|점프수트,4.536,1,train,true
fashionpedia,train2020,45425,8e7cb760d158991caacd454354930016.jpg,6,3,true,category|쇼츠|pattern|그래픽,2.567,2,train,true
fashionpedia,train2020,45437,559f2900b24601ad66d5c38e4a284e10.jpg,6,3,true,detail|리본|pattern|애니멀,6.284,1,train,true
fashionpedia,train2020,45438,ff4ee441959276cee003489e10030787.jpg,6,3,true,category|쇼츠|sleeve_length|7부 소매|sleeve_shape|벨 소매,7.924,2,train,true
fashionpedia,train2020,45439,dbdae412d62b47548160ab268e758b1f.jpg,6,3,true,neckline|홀터넥,4.653,1,train,true
fashionpedia,train2020,45454,aea225a399de08d53008ff7da883d1c8.jpg,6,3,true,detail|스팽글,5.725,1,train,true
fashionpedia,train2020,45457,91a719c814abd2669a30eb771da1b573.jpg,6,3,true,neckline|라운드넥|sleeve_length|7부 소매|detail|스팽글,8.453,1,train,true
fashionpedia,train2020,45468,400bfafd5c80aaf8d326bb147a3833ce.jpg,6,3,true,category|쇼츠|pattern|스트라이프|neckline|V넥,3.747,3,train,true
fashionpedia,train2020,45469,c40292ff0b0ec1d7b0d5526ac439a06d.jpg,6,3,true,lower_fit|슬림핏|category|셔츠|pattern|카모|collar|셔츠 칼라,18.398,1,train,true
fashionpedia,train2020,45477,37c76d2f89e66b3d72e4bbed51604379.jpg,6,3,true,detail|스팽글,5.725,1,train,true
fashionpedia,train2020,45492,680d006aef5ea3951f9329f57f6c74a9.jpg,6,3,true,pattern|그래픽|detail|플리츠|lower_fit|플레어핏,4.16,2,train,true
fashionpedia,train2020,45500,276344e72ba08814428e93372eb8870d.jpg,6,3,true,category|코트|material|퍼·플리스,5.648,2,train,true
fashionpedia,train2020,45504,bb85563a76ab6b38c7db7c5bc251eb5b.jpg,6,3,true,detail|리본|lower_fit|플레어핏,2.743,1,train,true
fashionpedia,train2020,45509,d29fda7b5d75c2e4708cfef1b1b69af6.jpg,6,3,true,sleeve_shape|퍼프 소매|lower_length|무릎 기장|silhouette|X라인|lower_fit|플레어핏,14.06,1,train,true
fashionpedia,train2020,45511,62c70a07cd778a3010d752c4f1a1bb8c.jpg,6,3,true,neckline|V넥|category|니트,2.582,2,train,true
fashionpedia,train2020,45513,0e5547e63b98d0d3145d70993e5297b0.jpg,6,3,true,collar|폴로 칼라,12.364,1,train,true
fashionpedia,train2020,45522,6e3c46325387258488725660b11dcb52.jpg,6,3,true,collar|셔츠 칼라|sleeve_shape|퍼프 소매|neckline|V넥,8.765,3,train,true
fashionpedia,train2020,45534,26a9625faaf7ab2fe9396dd5e0eeda58.jpg,6,3,true,silhouette|X라인|lower_length|미디·7부 기장|collar|칼라 없음|lower_fit|플레어핏,13.316,1,train,true
fashionpedia,train2020,45537,accd0d868570a63e88013a98d9fe6587.jpg,6,3,true,pattern|스트라이프|detail|리본|silhouette|A라인,4.291,1,train,true
fashionpedia,train2020,45553,ddf6c60a41416847bb3dafd9f7657cad.jpg,6,3,true,neckline|보트넥|detail|리본,2.856,1,train,true
fashionpedia,train2020,45555,16124f97c3b556170d865c3f25b6b233.jpg,6,3,true,silhouette|O라인,18.0,1,train,true
fashionpedia,train2020,45556,bde6206e202901eeedf89f7cb0e3a8cc.jpg,6,3,true,neckline|라운드넥|collar|라펠 칼라|lower_fit|스트레이트핏|sleeve_shape|퍼프 소매|category|재킷,11.538,2,train,true
fashionpedia,train2020,45574,63a68faedf013edc7d77a9fc89c2beb9.jpg,6,3,true,category|셔츠|collar|셔츠 칼라|lower_length|미디·7부 기장|sleeve_shape|퍼프 소매|lower_length|무릎 기장|silhouette|A라인,12.986,2,train,true
fashionpedia,train2020,45584,d2f57c87b44ad115fb500095b95a6ba9.jpg,6,3,true,detail|플리츠|silhouette|X라인|lower_fit|플레어핏,4.12,1,train,true
fashionpedia,train2020,45585,78b9e88383caf72f1a38a69bc0004f75.jpg,6,3,true,neckline|홀터넥|lower_fit|플레어핏,5.912,1,train,true
fashionpedia,train2020,45588,7271df6e4589a8fc2be3acd0fb1a678a.jpg,6,3,true,sleeve_shape|벨 소매,5.333,1,train,true
fashionpedia,train2020,45595,03c1085b49b6d7dd63084a96648f7fea.jpg,6,3,true,collar|스탠드 칼라,5.388,3,train,true
fashionpedia,train2020,45603,bd8d00d981886aeb5395d3b54e186475.jpg,6,3,true,silhouette|A라인|pattern|애니멀,6.244,1,train,true
fashionpedia,train2020,45610,20abbc9efc094136da26f12ea3a2806e.jpg,6,3,true,pattern|스트라이프|neckline|V넥|category|니트,3.944,1,train,true
fashionpedia,train2020,45640,2b3ea2435f1b8459b2755fc95b0078d9.jpg,6,3,true,detail|스팽글,5.725,1,train,true
fashionpedia,train2020,45642,a22e377a7ac95ada8cb274bee1aba858.jpg,6,3,true,category|코트|detail|후드,6.578,3,train,true
fashionpedia,train2020,45644,f4a0ab36fe567dc2919b43aeed800513.jpg,6,3,true,pattern|플로럴|collar|스탠드 칼라,6.63,1,train,true
fashionpedia,train2020,45645,23ba59be531f2a9f72dfb4847da74871.jpg,6,3,true,neckline|터틀넥,5.058,1,train,true
fashionpedia,train2020,45655,b21e642c592c5d2e3d682be67d9aa0e4.jpg,6,3,true,category|쇼츠|pattern|스트라이프|category|니트,3.879,2,train,true
fashionpedia,train2020,45664,d7b0dd684ede6cc9634a37799b129557.jpg,6,3,true,silhouette|X라인|neckline|V넥|pattern|플로럴|lower_fit|플레어핏,5.091,1,train,true
fashionpedia,train2020,45671,8565e4f7bb5c142ed9e3dfef70f4911a.jpg,6,3,true,material|퍼·플리스,4.339,1,train,true
fashionpedia,train2020,45688,16ab4bd68a6680ddf70628ab12296c90.jpg,6,3,true,category|점프수트,4.536,2,train,true
fashionpedia,train2020,45697,572442fcd9dcd7555d94cf6486394b33.jpg,6,3,true,pattern|스트라이프|sleeve_length|7부 소매|lower_length|미디·7부 기장|collar|셔츠 칼라|category|니트,6.756,3,train,true
fashionpedia,train2020,45713,b9e3934752831bb154872bae84b01a34.jpg,6,3,true,pattern|스트라이프|neckline|라운드넥|detail|스팽글|upper_fit|여유핏|lower_fit|플레어핏,15.004,2,train,true
fashionpedia,train2020,45720,07128fb9acb9e307a599827b3c358ff6.jpg,6,3,true,detail|스팽글,5.725,1,train,true
fashionpedia,train2020,45728,593e831aa84b2e67e244c68e4bc1e3c4.jpg,6,3,true,sleeve_shape|퍼프 소매|silhouette|X라인|lower_fit|플레어핏,12.608,1,train,true
fashionpedia,train2020,45746,1d54eb58b0a897886d2cf891e55c4586.jpg,6,3,true,category|베스트|neckline|V넥,7.06,1,train,true
fashionpedia,train2020,45751,e4e6538ebbc9ff279bc3584feb8ff851.jpg,6,3,true,detail|스팽글,5.725,1,train,true
fashionpedia,train2020,45756,b0e5f8782ff95fc852c2476961dc5af2.jpg,6,3,true,category|코트|lower_length|무릎 기장|silhouette|A라인|collar|칼라 없음,9.847,3,train,true
fashionpedia,train2020,45757,7ab084b5d7475b30fadb6f65b87daa8e.jpg,6,3,true,neckline|홀터넥,4.653,1,train,true
fashionpedia,train2020,45761,d3542af8fd34eb0b3807a62238179261.jpg,6,3,true,category|베스트,5.835,1,train,true
fashionpedia,train2020,45766,1d1dcbb9527a655af8e7fec0ce1880cf.jpg,6,3,true,category|셔츠|collar|피터팬 칼라|upper_fit|여유핏,21.918,1,train,true
fashionpedia,train2020,45784,f31546c666aa5327a435c2b28bf8f8c8.jpg,6,3,true,neckline|V넥|pattern|그래픽,2.632,1,train,true
fashionpedia,train2020,45785,b543e23560c341137eec6db5b9346108.jpg,6,3,true,category|점프수트|sleeve_length|7부 소매|collar|셔츠 칼라,7.299,1,train,true
fashionpedia,train2020,45792,1fb9462280bf1faf66a23b16004ef3f9.jpg,6,3,true,lower_length|미디·7부 기장|lower_length|무릎 기장|sleeve_shape|캡 소매|silhouette|X라인|lower_fit|플레어핏,14.211,1,train,true
fashionpedia,train2020,45801,80a52cdb799e3e57bb195202dc0aff93.jpg,6,3,true,neckline|스퀘어넥|lower_length|무릎 기장|pattern|플로럴,8.666,1,train,true
fashionpedia,train2020,45802,c2618ccb37e399cf80418f996b90b843.jpg,6,3,true,sleeve_shape|퍼프 소매|collar|셔츠 칼라,7.54,2,train,true
fashionpedia,train2020,45816,097ec1f287ff4a027a50bb7e6c9ea919.jpg,6,3,true,category|쇼츠|pattern|스트라이프|upper_fit|오버핏|collar|라펠 칼라|category|재킷,11.465,3,train,true
fashionpedia,train2020,45824,c94bef1be00fe68f69bd903a1c3d5232.jpg,6,3,true,neckline|홀터넥|lower_length|무릎 기장|silhouette|A라인|pattern|플로럴,8.792,1,train,true
fashionpedia,train2020,45827,e376d4f281bd377e127c933fa2c3cf5e.jpg,6,3,true,category|쇼츠|pattern|그래픽,2.567,2,train,true
fashionpedia,train2020,45854,97656baf4dec1e270b9cbf32849b518c.jpg,6,3,true,sleeve_shape|래글런 소매|neckline|V넥|pattern|플로럴,9.227,1,train,true
fashionpedia,train2020,45863,d27c33b64e31b62cc4ebab669562ddfc.jpg,6,3,true,lower_fit|스트레이트핏|lower_length|무릎 기장|silhouette|X라인|lower_fit|플레어핏|pattern|도트,14.656,1,train,true
fashionpedia,train2020,45866,5afec0030423c95bd2d85156bc981778.jpg,6,3,true,category|코트|sleeve_shape|래글런 소매|sleeve_length|7부 소매|collar|셔츠 칼라,10.833,2,train,true
fashionpedia,train2020,45868,8296495681aaae288654a6f505a97bda.jpg,6,3,true,pattern|스트라이프|sleeve_length|7부 소매|collar|스탠드 칼라,8.18,2,train,true
fashionpedia,train2020,45875,4715823dac3f5792165b95dfc0071953.jpg,6,3,true,pattern|그래픽|lower_length|미디·7부 기장|neckline|V넥|silhouette|X라인|lower_fit|플레어핏,6.53,1,train,true
fashionpedia,train2020,45882,3a2ea3641882fadc6b708eac82f82c82.jpg,6,3,true,category|코트|sleeve_shape|래글런 소매|lower_length|미디·7부 기장|collar|라펠 칼라|upper_fit|여유핏,12.168,1,train,true
fashionpedia,train2020,45910,687b18707e8160bf967566b9e115a117.jpg,6,3,true,category|쇼츠|pattern|그래픽,2.567,2,train,true
fashionpedia,train2020,45914,687a3b49c58276cce29c25e771450d4f.jpg,6,3,true,category|쇼츠|collar|스탠드 칼라|sleeve_length|7부 소매,7.978,2,train,true
fashionpedia,train2020,45928,86df1b39a6138c0111ee7861f4f99a8f.jpg,6,3,true,detail|리본|detail|플리츠,2.979,1,train,true
fashionpedia,train2020,45929,150dba5d082cdfa7c61c4ae3228b5b29.jpg,6,3,true,neckline|홀터넥,4.653,1,train,true
fashionpedia,train2020,45936,ce68edf3f43fb5168f58fd83bb62ff17.jpg,6,3,true,category|베스트|neckline|V넥|collar|셔츠 칼라,8.393,3,train,true
fashionpedia,train2020,45942,62408a3ba2c2f7d4e5fe8cc225dbfb9c.jpg,6,3,true,neckline|홀터넥,4.653,1,train,true
fashionpedia,train2020,45959,92f45456adb9781b869b4ecc95dc33f3.jpg,6,3,true,neckline|스퀘어넥,5.972,1,train,true
fashionpedia,train2020,45961,400e83be50af89b0c257f562f0e6eb26.jpg,6,3,true,detail|플리츠|neckline|V넥|category|니트,4.077,2,train,true
fashionpedia,train2020,45963,968f282226516c86bed7af22205a389e.jpg,6,3,true,neckline|터틀넥|pattern|플로럴,6.3,2,train,true
fashionpedia,train2020,45965,dc751cb1f8ba80fffe423ac1e3527139.jpg,6,3,true,pattern|그래픽|category|니트,2.764,1,train,true
fashionpedia,train2020,45967,8aefcdfd95d7824360044f0ee9e1a384.jpg,6,3,true,neckline|스퀘어넥,5.972,2,train,true
fashionpedia,train2020,45974,c13e7b71ac360941cb03778fa96764f1.jpg,6,3,true,category|셔츠|sleeve_length|7부 소매|collar|피터팬 칼라,21.763,1,train,true
fashionpedia,train2020,45982,3601e8a1fd21c0cd1358a52df0188bcc.jpg,6,3,true,lower_length|미디·7부 기장|silhouette|A라인|category|가디건|pattern|플로럴|collar|라펠 칼라,10.371,3,train,true
fashionpedia,train2020,45987,aa6305db08d3efb0d0faccd6ab8e8878.jpg,6,3,true,neckline|홀터넥|silhouette|A라인,6.098,1,train,true
fashionpedia,train2020,45989,b93dfd8ce32bb813c427101350f2998c.jpg,6,3,true,category|셔츠|neckline|홀터넥|pattern|스트라이프|lower_length|미디·7부 기장|upper_fit|여유핏|category|재킷|collar|라펠 칼라,12.692,3,train,true
fashionpedia,train2020,46004,13cfe4bdf06b51252cb3c3de0f3e00e1.jpg,6,3,true,silhouette|A라인|detail|플리츠|pattern|플로럴,4.181,2,train,true
fashionpedia,train2020,46005,3e2de1e0c2e81f72fe6eb25735d6a6a4.jpg,6,3,true,neckline|스퀘어넥,5.972,3,train,true
fashionpedia,train2020,46010,ba85be35c488a72f123765899cf99a5f.jpg,6,3,true,category|점프수트|pattern|스트라이프,5.898,1,train,true
fashionpedia,train2020,46011,32a7a7d2bb3d336d9c8e7934404a340b.jpg,6,3,true,category|코트|collar|칼라 없음,6.95,1,train,true
fashionpedia,train2020,46020,438b15dd71d059dbee024351c97b4f6b.jpg,6,3,true,pattern|스트라이프|category|베스트,7.197,3,train,true
fashionpedia,train2020,46035,b1c6e9a4acf9f0b3b11ba4d4dcffff65.jpg,6,3,true,category|셔츠|collar|라펠 칼라|category|재킷|category|베스트|neckline|V넥|collar|셔츠 칼라,12.211,4,train,true
fashionpedia,train2020,46045,1e72dc67ff44dd618fafb320610417fc.jpg,6,3,true,category|쇼츠|neckline|오프숄더,5.787,2,train,true
fashionpedia,train2020,46049,50ee75571f8fb8abf01ee8dc6ebdd8ec.jpg,6,3,true,pattern|체크|neckline|라운드넥|sleeve_shape|퍼프 소매|lower_length|무릎 기장,10.251,1,train,true
fashionpedia,train2020,46051,5a77441a27742854e6567c855d1cdcdd.jpg,6,3,true,neckline|홀터넥|lower_length|미디·7부 기장|silhouette|X라인|lower_fit|플레어핏,8.552,1,train,true
fashionpedia,train2020,46061,cf43a29b3127eb522bd0e18b88b5e6fc.jpg,6,3,true,collar|피터팬 칼라,19.058,1,train,true
fashionpedia,train2020,46092,9c50cd9137fba366ead315aebee090d4.jpg,6,3,true,neckline|오프숄더,4.626,1,train,true
fashionpedia,train2020,46094,4aa373c1d4b47c7e19748c2b42de8668.jpg,6,3,true,collar|폴로 칼라,12.364,1,train,true
fashionpedia,train2020,46097,9824d309b2f098307171b55202996394.jpg,6,3,true,sleeve_length|7부 소매|lower_length|무릎 기장|sleeve_shape|벨 소매,8.216,1,train,true
fashionpedia,train2020,46112,ee18067f73f8397e3544b117247f125c.jpg,6,3,true,category|베스트,5.835,1,train,true
fashionpedia,train2020,46114,6d74dabfbdcddbf908c288e95622f058.jpg,6,3,true,collar|스탠드 칼라,5.388,3,train,true
fashionpedia,train2020,46115,6c44063a0e8017cde46e2ecf39a7d610.jpg,6,3,true,collar|피터팬 칼라,19.058,1,train,true
fashionpedia,train2020,46123,c1b67f7a568c4b1035f0684f70a84354.jpg,6,3,true,silhouette|O라인,18.0,1,train,true
fashionpedia,train2020,46128,4f3be3993cbffdf25593eb61ceb7c170.jpg,6,3,true,material|퍼·플리스|pattern|스트라이프,5.701,2,train,true
fashionpedia,train2020,46129,4a871944ad5e0f516da37c02da8e6915.jpg,6,3,true,silhouette|H라인|collar|폴로 칼라|lower_fit|스트레이트핏|category|재킷|collar|셔츠 칼라,17.742,3,train,true
fashionpedia,train2020,46133,058f5d11f617345379e32822aa9e769d.jpg,6,3,true,pattern|체크|pattern|그래픽,2.701,3,train,true
fashionpedia,train2020,46140,1356d4ec3b09c20b16e7ac5b0f61a043.jpg,6,3,true,pattern|스트라이프|category|니트,2.719,1,train,true
fashionpedia,train2020,46141,c9d04aa8797616670bfe7d0c0faf68cc.jpg,6,3,true,pattern|애니멀|silhouette|X라인|lower_fit|플레어핏|collar|라펠 칼라,12.44,1,train,true
fashionpedia,train2020,46142,24c020c9062979d0862781a9c16aa25b.jpg,6,3,true,lower_fit|스트레이트핏|silhouette|X라인|lower_fit|플레어핏|pattern|도트,13.204,1,train,true
fashionpedia,train2020,46151,f132fd90d822b6004d6d7ad8256165fd.jpg,6,3,true,collar|스탠드 칼라,5.388,1,train,true
fashionpedia,train2020,46152,ca64e6213bf5f346e198d4eddc8b891b.jpg,6,3,true,detail|리본|silhouette|X라인|lower_fit|플레어핏,4.109,1,train,true
fashionpedia,train2020,46162,3ae39274bf30ffedd0df40b86d6ab1b4.jpg,6,3,true,sleeve_shape|퍼프 소매|lower_length|무릎 기장|silhouette|X라인|lower_fit|플레어핏,14.06,1,train,true
fashionpedia,train2020,46182,869797f2263312c746570ebc0adc99c8.jpg,6,3,true,category|코트|category|셔츠|sleeve_shape|래글런 소매|collar|라펠 칼라,10.584,3,train,true
fashionpedia,train2020,46189,bebe914bd34a2117fb21f50812e79fbb.jpg,6,3,true,sleeve_shape|퍼프 소매,6.207,1,train,true
fashionpedia,train2020,46191,b92469f9f5121df17c42e3d31a5db21c.jpg,6,3,true,sleeve_shape|벌룬 소매|category|코트|lower_length|미디·7부 기장|neckline|V넥,9.422,2,train,true
fashionpedia,train2020,46197,a84687d087c7b942309bbd27d2b75d2a.jpg,6,3,true,pattern|그래픽|silhouette|X라인|lower_fit|플레어핏,4.032,1,train,true
fashionpedia,train2020,46201,c0beb439e607c631901e8516315c0df4.jpg,6,3,true,silhouette|X라인|collar|칼라 없음|lower_fit|플레어핏,12.042,1,train,true
fashionpedia,train2020,46222,4511b8c3ff096f9d877d10a487e820f8.jpg,6,3,true,detail|스팽글|lower_length|무릎 기장|silhouette|A라인,8.622,2,train,true
fashionpedia,train2020,46229,d489b40ec4d9aa0fc3e4d8d8887935de.jpg,6,3,true,category|쇼츠|upper_fit|오버핏,7.561,2,train,true
fashionpedia,train2020,46233,339cd7ef1354c59fe73421d4e0af3419.jpg,6,3,true,neckline|V넥|category|니트,2.582,1,train,true
fashionpedia,train2020,46237,fbed9d422dbe6a0d7ff57a2e8bc253ef.jpg,6,3,true,pattern|그래픽|detail|리본,2.891,2,train,true
fashionpedia,train2020,46238,d0f631677e7de060a99be91acb26f6d3.jpg,6,3,true,pattern|스트라이프|category|가디건|collar|셔츠 칼라,7.866,2,train,true
fashionpedia,train2020,46242,4c3a305443a99ad109585507fd307bbe.jpg,6,3,true,sleeve_shape|퍼프 소매|collar|셔츠 칼라,7.54,1,train,true
fashionpedia,train2020,46245,0541d65521d3ef1b94e8ee8fa7cf69fc.jpg,6,3,true,pattern|애니멀,4.8,1,train,true
fashionpedia,train2020,46247,9c75dd7c4b6e5e4f940fb2a24df388ca.jpg,6,3,true,category|셔츠|silhouette|H라인|category|베스트|collar|셔츠 칼라|lower_fit|슬림핏|lower_fit|스트레이트핏|neckline|V넥,13.533,3,train,true
fashionpedia,train2020,46255,1ff36a891f24c10b333c6e112d3da2c7.jpg,6,3,true,sleeve_shape|래글런 소매|neckline|라운드넥|sleeve_length|7부 소매|silhouette|H라인|lower_fit|스트레이트핏|category|재킷,13.534,2,train,true
fashionpedia,train2020,46256,b0d10d0335ffec221410a3d642012404.jpg,6,3,true,pattern|그래픽|silhouette|X라인|lower_fit|플레어핏,4.032,1,train,true
fashionpedia,train2020,46257,ffe31be462c0f3fa586171f7df788887.jpg,6,3,true,neckline|스퀘어넥,5.972,1,train,true
fashionpedia,train2020,46280,719b3371ba62b41413ee0fd589e144c0.jpg,6,3,true,neckline|오프숄더|sleeve_length|7부 소매|lower_length|미디·7부 기장|lower_length|무릎 기장|silhouette|X라인|lower_fit|플레어핏,15.184,1,train,true
fashionpedia,train2020,46286,5f0f51c1915392ddb38e87914e0f0e1c.jpg,6,3,true,sleeve_shape|퍼프 소매|lower_length|무릎 기장|neckline|V넥,8.884,1,train,true
fashionpedia,train2020,46289,4f167ced4d78a1bf5c0b3fe0930d02cb.jpg,6,3,true,detail|스팽글,5.725,1,train,true
fashionpedia,train2020,46291,e4f03620df4e10bb90589f131e3c965a.jpg,6,3,true,pattern|체크|category|니트,2.651,2,train,true
fashionpedia,train2020,46294,eb67c8976f52655e78e3b8cdcf79d45c.jpg,6,3,true,sleeve_length|7부 소매|sleeve_shape|벨 소매,6.763,1,train,true
fashionpedia,train2020,46295,f9c7da652c258f5207edd62ec1e0a596.jpg,6,3,true,category|코트|sleeve_shape|래글런 소매,2.999,1,train,true
fashionpedia,train2020,46300,aa080d2bb3cff2679c3fc07eaa51ea10.jpg,6,3,true,pattern|애니멀,4.8,1,train,true
fashionpedia,train2020,46304,c4d4561f2827b673e1c89224619a2c24.jpg,6,3,true,pattern|스트라이프|detail|플리츠,2.857,1,train,true
fashionpedia,train2020,46305,97ca89c4d6f62bc1207a3bdf92c91612.jpg,6,3,true,category|셔츠|collar|라펠 칼라|category|재킷|category|베스트|neckline|V넥|collar|셔츠 칼라,12.211,4,train,true
fashionpedia,train2020,46314,7c4103999b00fd4f47de06bd15dd8ab0.jpg,6,3,true,pattern|스트라이프|detail|리본|neckline|V넥,4.071,2,train,true
fashionpedia,train2020,46315,ae093616f2efcc431879260d2a79afe1.jpg,6,3,true,category|코트|lower_length|미디·7부 기장|collar|칼라 없음,8.225,2,train,true
fashionpedia,train2020,46321,879be561953e69d7a6f392384ab3f280.jpg,6,3,true,pattern|스트라이프|collar|라펠 칼라|category|가디건,7.772,1,train,true
fashionpedia,train2020,46334,46b7f96dcfdfd6f2cc564180e95b263f.jpg,6,3,true,collar|스탠드 칼라,5.388,1,train,true
fashionpedia,train2020,46341,3c540e5882cf23c32cc77639cc4b313f.jpg,6,3,true,pattern|스트라이프|category|가디건|collar|라펠 칼라,7.772,3,train,true
fashionpedia,train2020,46355,b46732f13b2b931829f49b5b2141b1c7.jpg,6,3,true,neckline|홀터넥,4.653,1,train,true
fashionpedia,train2020,46360,03240b7a5d456f655293cbf8aa53d140.jpg,6,3,true,neckline|홀터넥|lower_length|무릎 기장|silhouette|X라인|lower_fit|플레어핏,12.506,1,train,true
fashionpedia,train2020,46362,81342c015d95de47936cd9bcd9007022.jpg,6,3,true,detail|스팽글,5.725,1,train,true
fashionpedia,train2020,46373,d4b92fb96d0018ea6dcd8dace1a65b1b.jpg,6,3,true,pattern|스트라이프|pattern|그래픽,2.769,2,train,true
fashionpedia,train2020,46379,1d923ccfa830767b04504c4775b3c185.jpg,6,3,true,sleeve_shape|벨 소매,5.333,1,train,true
fashionpedia,train2020,46381,4f3cc42d0f7f0c88df740d3f3be719ed.jpg,6,3,true,silhouette|O라인|neckline|V넥,19.225,1,train,true
fashionpedia,train2020,46386,606ad199a5657287fc947f17647394ac.jpg,6,3,true,sleeve_length|7부 소매|lower_length|무릎 기장|sleeve_shape|벨 소매,8.216,1,train,true
fashionpedia,train2020,46403,84d22cc528699e9080a5202436897f7e.jpg,6,3,true,material|가죽|neckline|라운드넥|collar|라펠 칼라,17.109,1,train,true
fashionpedia,train2020,46408,7ac0279f69a6a0c85f57161f7fcbbedc.jpg,6,3,true,category|점프수트|neckline|V넥,5.761,1,train,true
fashionpedia,train2020,46409,5e7f0128314e00cbafbd31b3cb32fb7f.jpg,6,3,true,pattern|플로럴|collar|칼라 없음,6.883,2,train,true
fashionpedia,train2020,46424,abd3eaa5abfbe852737c6af7c894c639.jpg,6,3,true,category|점프수트,4.536,1,train,true
fashionpedia,train2020,46430,d9e787d044ff5f82489dedf6eb40dfad.jpg,6,3,true,silhouette|O라인|lower_length|무릎 기장,19.453,1,train,true
fashionpedia,train2020,46437,9a1ef311017a59fa57db332fcc488b74.jpg,6,3,true,neckline|오프숄더,4.626,1,train,true
fashionpedia,train2020,46444,cd0acc50298b30d666da983a1947e38d.jpg,6,3,true,sleeve_length|7부 소매|pattern|도트|collar|셔츠 칼라,8.075,2,train,true
fashionpedia,train2020,46456,e1c8345568ade012183dfd67a386a127.jpg,6,3,true,neckline|V넥|pattern|도트,2.553,1,train,true
fashionpedia,train2020,46457,2aa64d7fba74c08f5f2975a1921a2f67.jpg,6,3,true,detail|스팽글,5.725,1,train,true
fashionpedia,train2020,46458,6d070e005e3701aec347963cf7a748b6.jpg,6,3,true,pattern|체크|neckline|보트넥,2.665,1,train,true
fashionpedia,train2020,46461,ed69552a9cd94239c64149c8ca049395.jpg,6,3,true,pattern|그래픽|detail|플리츠,2.902,2,train,true
fashionpedia,train2020,46470,d081f579cb841e83889396cd1ebedf95.jpg,6,3,true,silhouette|X라인|neckline|V넥|pattern|플로럴|lower_fit|플레어핏,5.091,1,train,true
fashionpedia,train2020,46471,74e96bf8bff0c5e7f0ff17a1d7e2efb7.jpg,6,3,true,silhouette|O라인|lower_fit|스트레이트핏,19.491,1,train,true
fashionpedia,train2020,46476,614f163caab359f011bda508c7148d77.jpg,6,3,true,neckline|스퀘어넥|lower_length|미디·7부 기장|lower_length|무릎 기장|silhouette|A라인,10.143,1,train,true
fashionpedia,train2020,46484,95e5a5749675b68241858e263e9a550c.jpg,6,3,true,pattern|체크|lower_length|무릎 기장|collar|피터팬 칼라,21.805,1,train,true
fashionpedia,train2020,46494,57eaac907a2fa71198326f507abf41d9.jpg,6,3,true,neckline|V넥|pattern|도트,2.553,1,train,true
fashionpedia,train2020,46495,73020b0b74dd82d04a5053bccfa016d7.jpg,6,3,true,detail|리본|collar|칼라 없음,7.125,2,train,true
fashionpedia,train2020,46496,9fc85bdae53e36c9dd325dbe9ed6358c.jpg,6,3,true,pattern|체크|lower_length|미디·7부 기장|lower_fit|스트레이트핏|category|재킷|collar|스탠드 칼라,10.75,3,train,true
fashionpedia,train2020,46497,793a254ab02700c62e915d171082d6b2.jpg,6,3,true,neckline|오프숄더,4.626,1,train,true
fashionpedia,train2020,46498,eb2a5989e0780c35f6f85991f7bee173.jpg,6,3,true,neckline|보트넥|detail|플리츠,2.866,2,train,true
fashionpedia,train2020,46505,65c967272254d217924c0e453ddc0a6b.jpg,6,3,true,neckline|홀터넥,4.653,1,train,true
fashionpedia,train2020,46516,e3006c70135278236c30365aae0c971f.jpg,6,3,true,neckline|스퀘어넥,5.972,1,train,true
fashionpedia,train2020,46524,25fc6ed18ce85549d22d54f458765b9a.jpg,6,3,true,neckline|홀터넥|lower_fit|플레어핏,5.912,2,train,true
fashionpedia,train2020,46526,636b11bebc44b0ab4f8afa81c233f310.jpg,6,3,true,neckline|홀터넥|silhouette|A라인,6.098,2,train,true
fashionpedia,train2020,46529,d2538e5e8dbcd147d20b9a5bf836515d.jpg,6,3,true,category|쇼츠|pattern|그래픽,2.567,2,train,true
fashionpedia,train2020,46539,de5d12275ba72e2554fc1f1737387b5c.jpg,6,3,true,neckline|홀터넥|lower_length|미디·7부 기장|lower_length|무릎 기장|silhouette|X라인|lower_fit|플레어핏,13.781,1,train,true
fashionpedia,train2020,46541,85e3ef399ddacde4dcd3b718c5fba8ff.jpg,6,3,true,neckline|V넥|category|니트,2.582,1,train,true
fashionpedia,train2020,46548,21cafd1c11e1fb4a80b883a1d3073e60.jpg,6,3,true,detail|스팽글,5.725,1,train,true
fashionpedia,train2020,46553,78fd541b48459c96b5f6e84f5e321eb8.jpg,6,3,true,category|셔츠|pattern|스트라이프|sleeve_shape|퍼프 소매|collar|셔츠 칼라,10.177,1,train,true
fashionpedia,train2020,46554,b2540786ead0b6dd608d87c9256a1786.jpg,6,3,true,collar|셔츠 칼라|sleeve_shape|래글런 소매|neckline|라운드넥|category|재킷,10.695,3,train,true
fashionpedia,train2020,46557,5d6ba26ebfeb2ed841cfee393b17e957.jpg,6,3,true,detail|스팽글,5.725,1,train,true
fashionpedia,train2020,46561,c9064456995db9d37b4fda749729c95b.jpg,6,3,true,material|퍼·플리스,4.339,2,train,true
fashionpedia,train2020,46573,9d2b007452e07e2788b15f70b2e8e95f.jpg,6,3,true,collar|칼라 없음,5.641,3,train,true
fashionpedia,train2020,46592,072e970e22fa61d64be0004a6b15fe6f.jpg,6,3,true,neckline|라운드넥|sleeve_length|7부 소매|lower_length|미디·7부 기장|lower_length|무릎 기장|upper_fit|여유핏|lower_fit|플레어핏,12.074,2,train,true
fashionpedia,train2020,46596,b26db57fa3e9340a33e84438a9b85de0.jpg,6,3,true,neckline|V넥|pattern|그래픽,2.632,2,train,true
fashionpedia,train2020,46600,ba0f23116ca74e5538a23276793453d2.jpg,6,3,true,category|쇼츠|pattern|도트,2.488,2,train,true
fashionpedia,train2020,46606,95d5367be9279668fc83521aa733b9f4.jpg,6,3,true,pattern|스트라이프|silhouette|A라인|pattern|플로럴,4.048,1,train,true
fashionpedia,train2020,46615,79890536fcf0a88237e55c5cd2d16bf4.jpg,6,3,true,neckline|V넥|pattern|그래픽,2.632,2,train,true
fashionpedia,train2020,46650,b5f971138f456f5bfa8857d31958ef8a.jpg,6,3,true,silhouette|O라인|lower_fit|스트레이트핏,19.491,1,train,true
fashionpedia,train2020,46660,e9178cfc7917fa060c101d251ef89b8b.jpg,6,3,true,neckline|V넥|category|니트,2.582,3,train,true
fashionpedia,train2020,46664,5b016d8212433213d40d9a161e4b3d61.jpg,6,3,true,pattern|스트라이프|lower_fit|와이드핏,6.309,2,train,true
fashionpedia,train2020,46676,bd0b6bb71c931aea599398612a4ae3d9.jpg,6,3,true,sleeve_shape|벌룬 소매|sleeve_length|7부 소매|lower_length|무릎 기장,8.497,1,train,true
fashionpedia,train2020,46679,2ba61404b434b4c0293f8a098305327c.jpg,6,3,true,detail|리본|silhouette|A라인|detail|플리츠,4.424,2,train,true
fashionpedia,train2020,46681,b5b547bb7a84bae65cbe428d81a7f880.jpg,6,3,true,neckline|홀터넥|lower_length|무릎 기장|silhouette|X라인|lower_fit|플레어핏,21.813,1,train,true
fashionpedia,train2020,46685,2177a4a66cd691440c3abb9cb0144638.jpg,6,3,true,sleeve_shape|래글런 소매|lower_length|무릎 기장|silhouette|A라인,9.657,1,train,true
fashionpedia,train2020,46704,ba2e6b5655f1239b4e7e10c4798d72f0.jpg,6,3,true,collar|스탠드 칼라,5.388,1,train,true
fashionpedia,train2020,46708,31ad7384a1d248088b97545ece29e3b7.jpg,6,3,true,category|셔츠|collar|피터팬 칼라,20.333,1,train,true
fashionpedia,train2020,46710,7503968d9bfc8d0c9e9f7b2d7f811d4c.jpg,6,3,true,category|베스트,5.835,1,train,true
fashionpedia,train2020,46711,88d94215adb7dd0b61141c344dbc5992.jpg,6,3,true,neckline|V넥|pattern|그래픽,2.632,1,train,true
fashionpedia,train2020,46713,507b0f9244232226ba74f823be4fe3ce.jpg,6,3,true,detail|스팽글,5.725,1,train,true
fashionpedia,train2020,46716,4ec5e71eac9363c805716fbd1556b02b.jpg,6,3,true,detail|스팽글,5.725,1,train,true
fashionpedia,train2020,46725,013367d8bbf5e14184f4ae0d6240430c.jpg,6,3,true,neckline|터틀넥,5.058,2,train,true
fashionpedia,train2020,46746,1730af2d0a677206f1a953908eca4066.jpg,6,3,true,sleeve_shape|래글런 소매|silhouette|A라인|pattern|플로럴,4.376,2,train,true
fashionpedia,train2020,46749,00d0c910ed8620d7eac5a6758a90f063.jpg,6,3,true,silhouette|O라인|lower_fit|스트레이트핏,19.491,1,train,true
fashionpedia,train2020,46754,6239332232ef01c81facbdd7a6d860cd.jpg,6,3,true,neckline|라운드넥|pattern|그래픽|detail|후드,7.973,3,train,true
fashionpedia,train2020,46757,5294ea03eabf5ad81154d38e3f891df0.jpg,6,3,true,lower_fit|슬림핏|neckline|라운드넥|lower_length|미디·7부 기장|sleeve_shape|캡 소매|silhouette|X라인|lower_fit|플레어핏,15.18,2,train,true
fashionpedia,train2020,46759,2f5a4366c0f7cea87bb90b6a34d3ae96.jpg,6,3,true,detail|스팽글,5.725,1,train,true
fashionpedia,train2020,46764,27a38cb0b517622e9db71798170a32e7.jpg,6,3,true,collar|폴로 칼라,12.364,1,train,true
fashionpedia,train2020,46775,7010d05cdfb7c708ddbb895e7282b4ad.jpg,6,3,true,pattern|체크|pattern|스트라이프|silhouette|A라인,4.1,1,train,true
fashionpedia,train2020,46804,58c15e3a7ed221ca49552a847e4893c3.jpg,6,3,true,collar|스탠드 칼라,5.388,3,train,true
fashionpedia,train2020,46805,e23351e9759fe717a3b9262b9f88c7fa.jpg,6,3,true,detail|리본|silhouette|X라인|lower_fit|플레어핏,4.109,1,train,true
fashionpedia,train2020,46809,8195f8906ce3d1b5fe571f43cfb0d2e9.jpg,6,3,true,detail|후드|pattern|그래픽,2.724,1,train,true
fashionpedia,train2020,46812,c6f5b4be2a0f22067bfcd1322f533afd.jpg,6,3,true,pattern|체크|neckline|오프숄더,5.921,2,train,true
fashionpedia,train2020,46819,16dc2c1d628d98768fe7c32c9dd1a9fc.jpg,6,3,true,neckline|스퀘어넥|pattern|플로럴,7.214,1,train,true
fashionpedia,train2020,46824,44acd4b248957783540f24d6cf2b98e4.jpg,6,3,true,collar|스탠드 칼라|lower_length|미디·7부 기장|lower_length|무릎 기장|pattern|플로럴,9.356,1,train,true
fashionpedia,train2020,46831,00a4ba6f18cc6c5d618b5f0993785210.jpg,6,3,true,silhouette|O라인,18.0,1,train,true
fashionpedia,train2020,46840,c574c1a49cd74f9ff74549740e6fd7a6.jpg,6,3,true,neckline|라운드넥|lower_length|미디·7부 기장|detail|리본|pattern|도트,9.368,2,train,true
fashionpedia,train2020,46841,37503e618c01bc535c23d7b433c1a939.jpg,6,3,true,neckline|스퀘어넥|lower_length|미디·7부 기장|pattern|플로럴,8.488,2,train,true
fashionpedia,train2020,46842,256310fc3e2364914b229c0c7dd350a9.jpg,6,3,true,collar|칼라 없음,5.641,1,train,true
fashionpedia,train2020,46843,9e51ed5d4492e95c91916e1d5cb8d1d3.jpg,6,3,true,sleeve_shape|래글런 소매|detail|리본,3.174,2,train,true
fashionpedia,train2020,46844,862a2ea83952da6623b60327179f8ccd.jpg,6,3,true,sleeve_shape|벌룬 소매|sleeve_length|7부 소매|neckline|V넥,8.269,1,train,true
fashionpedia,train2020,46845,fa142ef5d99b23584b3f4bcf89a22012.jpg,6,3,true,neckline|오프숄더,4.626,1,train,true
fashionpedia,train2020,46858,e2190528cf52549c3789688afe5824cc.jpg,6,3,true,detail|스팽글,5.725,1,train,true
fashionpedia,train2020,46861,66469e4904df579b2fb5dff8e68e1c17.jpg,6,3,true,silhouette|X라인|pattern|플로럴|lower_fit|플레어핏|collar|스탠드 칼라,13.03,1,train,true
fashionpedia,train2020,46865,49f14cec1c83f9838dacc15e1993035f.jpg,6,3,true,neckline|보트넥|lower_fit|플레어핏,2.63,1,train,true
fashionpedia,train2020,46866,9362c81934eed7ae39dc15fb901a3a8c.jpg,6,3,true,neckline|스퀘어넥|lower_length|무릎 기장|silhouette|X라인|lower_fit|플레어핏,13.825,1,train,true
fashionpedia,train2020,46870,46e87afc33653e8d4990afaae61eaa7e.jpg,6,3,true,category|쇼츠|pattern|그래픽,2.567,2,train,true
fashionpedia,train2020,46881,47575ed8b0fd47bc537572264c28dc30.jpg,6,3,true,sleeve_shape|퍼프 소매|silhouette|A라인|detail|플리츠,9.146,2,train,true
fashionpedia,train2020,46882,9fe13e26a9f54ad2c38869cfe620cba0.jpg,6,3,true,collar|스탠드 칼라,5.388,3,train,true
fashionpedia,train2020,46893,9367e6293cf4e29ae0b21eee59ed937b.jpg,6,3,true,neckline|홀터넥|lower_length|미디·7부 기장|silhouette|X라인|lower_fit|플레어핏,12.328,1,train,true
fashionpedia,train2020,46908,d8f2453a85cc1a4ac1e4753f4ffe65f6.jpg,6,3,true,pattern|스트라이프|detail|후드,6.63,1,train,true
fashionpedia,train2020,46917,366d3915dd75178994ad87c3ca3cc4dd.jpg,6,3,true,category|셔츠|sleeve_shape|퍼프 소매|detail|플리츠|collar|셔츠 칼라,10.31,2,train,true
fashionpedia,train2020,46919,a08437d6dc1b826c6843aadaa9ab2da1.jpg,6,3,true,category|코트|material|퍼·플리스|lower_length|미디·7부 기장|collar|라펠 칼라,8.162,1,train,true
fashionpedia,train2020,46921,2db2bba18354d781e2d689cfbdaeabcd.jpg,6,3,true,sleeve_shape|퍼프 소매,6.207,2,train,true
fashionpedia,train2020,46925,7936f966b2efa3b04bc7035a88ed4f3f.jpg,6,3,true,category|코트|material|퍼·플리스,5.648,2,train,true
fashionpedia,train2020,46939,543ebead5cf494701c458d876765d93b.jpg,6,3,true,category|코트|detail|후드|lower_length|미디·7부 기장,7.852,2,train,true
fashionpedia,train2020,46940,d748cde1810e718407fa9e887cc58b66.jpg,6,3,true,lower_length|미디·7부 기장|sleeve_shape|퍼프 소매|lower_length|무릎 기장|silhouette|A라인,10.378,1,train,true
fashionpedia,train2020,46943,bcd19a7cbbb7022978515f514be87f79.jpg,6,3,true,sleeve_shape|래글런 소매|pattern|스트라이프|neckline|라운드넥|sleeve_length|7부 소매,10.85,2,train,true
fashionpedia,train2020,46973,8146b237520e66822d1cb577fab26b1e.jpg,6,3,true,lower_length|무릎 기장|silhouette|A라인|neckline|V넥|sleeve_shape|벨 소매,9.455,1,train,true
fashionpedia,train2020,46977,da4384a70e5b593063e004f95b29bea7.jpg,6,3,true,category|코트|material|퍼·플리스|lower_length|무릎 기장|collar|라펠 칼라,8.34,1,train,true
fashionpedia,train2020,46990,0df49c236fa28c29cbf90d84ac9249d3.jpg,6,3,true,collar|라펠 칼라|lower_length|무릎 기장|collar|스탠드 칼라,8.08,2,train,true
fashionpedia,train2020,46999,06fb66c3c082f6214edb3942fb5f0133.jpg,6,3,true,category|셔츠|collar|라펠 칼라|category|재킷|category|베스트|collar|셔츠 칼라,10.986,4,train,true
fashionpedia,train2020,47011,5733b7fc06dbc12ea059f9863767c3ca.jpg,6,3,true,neckline|터틀넥,5.058,1,train,true
fashionpedia,train2020,47021,21bd8d05d1e8829b7658124c3b4972a4.jpg,6,3,true,neckline|홀터넥|lower_length|무릎 기장|silhouette|X라인|lower_fit|플레어핏,12.506,1,train,true
fashionpedia,train2020,47023,7e67242a11c6891c5d987336f0521de4.jpg,6,3,true,pattern|체크|silhouette|A라인|detail|플리츠,4.233,2,train,true
fashionpedia,train2020,47036,8e49be392f927e384d21808c55877561.jpg,6,3,true,neckline|스퀘어넥|detail|리본,7.456,1,train,true
fashionpedia,train2020,47056,8c158f22d9309e80a51339698ff2bca3.jpg,6,3,true,pattern|애니멀,4.8,1,train,true
fashionpedia,train2020,47058,f968c39058cb30b32a4e377bd069c9c6.jpg,6,3,true,pattern|스트라이프|sleeve_length|7부 소매|lower_fit|와이드핏,7.739,2,train,true
fashionpedia,train2020,47064,34cef088a2ec83a2f4d6d7a16be0031c.jpg,6,3,true,neckline|스퀘어넥,5.972,1,train,true
fashionpedia,train2020,47072,69741c35882f2b6d2b13db1d84c8d35c.jpg,6,3,true,pattern|그래픽|category|니트,2.764,1,train,true
fashionpedia,train2020,47075,9ceab5bf26fa9f6c0a172e87ab6c9418.jpg,6,3,true,category|점프수트|lower_length|미디·7부 기장|lower_fit|스트레이트핏|lower_length|무릎 기장|upper_fit|여유핏|pattern|플로럴,11.58,1,train,true
fashionpedia,train2020,47084,9c4d21d8a35307263d9e030c1eeea635.jpg,6,3,true,neckline|홀터넥,4.653,1,train,true
fashionpedia,train2020,47091,ca0430bed1c602616131e683cd8a1b15.jpg,6,3,true,pattern|애니멀,4.8,2,train,true
fashionpedia,train2020,47093,a11ee6e951ea64ea08ec7a6956b4c814.jpg,6,3,true,category|코트|material|퍼·플리스|lower_length|무릎 기장|collar|라펠 칼라,8.34,1,train,true
fashionpedia,train2020,47112,4790afe5f130eb3cd7cde5e92b850a02.jpg,6,3,true,pattern|스트라이프|collar|폴로 칼라,13.726,1,train,true
fashionpedia,train2020,47136,b392985009ddc181985030af524610f5.jpg,6,3,true,neckline|스퀘어넥|lower_length|무릎 기장|silhouette|A라인|pattern|플로럴,10.111,1,train,true
fashionpedia,train2020,47140,0ddd47fbb3a6dfbd53a7ba5e6741fdf2.jpg,6,3,true,category|점프수트,4.536,1,train,true
fashionpedia,train2020,47142,8c00da1daa495fd9f04ef9204aba9db0.jpg,6,3,true,pattern|도트|detail|플리츠|collar|셔츠 칼라,8.14,3,train,true
fashionpedia,train2020,47150,d9e3d18d39231e2c47c131d5ce2da23c.jpg,6,3,true,neckline|스퀘어넥|lower_fit|스트레이트핏|lower_length|무릎 기장|neckline|V넥,10.14,2,train,true
fashionpedia,train2020,47159,708a07f1c0bf547ff6de11bf40e57f9b.jpg,6,3,true,pattern|체크|category|셔츠|detail|리본|lower_length|무릎 기장|category|가디건,10.676,3,train,true
fashionpedia,train2020,47160,e93cc1762ca510f4261aac9d2a115712.jpg,6,3,true,sleeve_shape|벌룬 소매|neckline|라운드넥|sleeve_length|7부 소매|lower_length|무릎 기장,9.794,1,train,true
fashionpedia,train2020,47162,b00515cb0b2b558bdab8580865f9cbec.jpg,6,3,true,category|점프수트|pattern|스트라이프,5.898,1,train,true
fashionpedia,train2020,47164,823ec6a41441c2cbc6e6a42ebf1914ad.jpg,6,3,true,neckline|스퀘어넥,5.972,1,train,true
fashionpedia,train2020,47176,078141ec7a577444829b79e6525dfc05.jpg,6,3,true,collar|스탠드 칼라,5.388,3,train,true
fashionpedia,train2020,47177,b971c181b23f5291c9830b5af4ba8147.jpg,6,3,true,sleeve_length|7부 소매|collar|칼라 없음,7.071,1,train,true
fashionpedia,train2020,47187,51ea367f40eab0f7e9e318358bb90313.jpg,6,3,true,category|코트|neckline|라운드넥|lower_fit|스트레이트핏|lower_length|무릎 기장|collar|스탠드 칼라,10.938,5,train,true
fashionpedia,train2020,47201,adb46e3e3071fe5ef6f31252b8b56b9b.jpg,6,3,true,lower_length|미디·7부 기장|lower_length|무릎 기장|neckline|터틀넥|silhouette|X라인|lower_fit|플레어핏,14.185,1,train,true
fashionpedia,train2020,47203,d00fb37254c90ad9141d193d175a1a75.jpg,6,3,true,pattern|애니멀,4.8,1,train,true
fashionpedia,train2020,47204,223aece8d25a3b989afa0b4d0ef9b194.jpg,6,3,true,neckline|보트넥|pattern|그래픽,2.778,1,train,true
fashionpedia,train2020,47209,071201431a6de49353b3d54a2f7159b3.jpg,6,3,true,category|쇼츠|pattern|그래픽,2.567,2,train,true
fashionpedia,train2020,47212,b5348943b740575b69ac322358a81eff.jpg,6,3,true,neckline|V넥|category|니트,2.582,1,train,true
fashionpedia,train2020,47223,9d22cecfbc5a577a7ac45ed5de6a808f.jpg,6,3,true,neckline|홀터넥,4.653,1,train,true
fashionpedia,train2020,47225,cf4789ed209025187dae1d4a86161042.jpg,6,3,true,silhouette|X라인|lower_fit|스트레이트핏|category|재킷|collar|칼라 없음|lower_fit|플레어핏,14.836,2,train,true
fashionpedia,train2020,47232,cedb3143ddd18b2c0d4fcdf2006d0620.jpg,6,3,true,silhouette|O라인,18.0,1,train,true
fashionpedia,train2020,47248,4f32b6ca77f5ebd48cc1a040bc15f388.jpg,6,3,true,detail|스팽글,5.725,1,train,true
fashionpedia,train2020,47255,8f0591aac0bac046c5254448e566f9c4.jpg,6,3,true,neckline|오프숄더|pattern|스트라이프,5.988,2,train,true
fashionpedia,train2020,47258,88e6969fccc5f94521b0bdfc5f8ef135.jpg,6,3,true,category|코트|material|퍼·플리스|lower_length|미디·7부 기장|lower_length|무릎 기장|upper_fit|여유핏|collar|라펠 칼라,11.199,3,train,true
fashionpedia,train2020,47259,09fda99d8cc694b1a0111d1324490068.jpg,6,3,true,pattern|스트라이프|neckline|보트넥,2.733,1,train,true
fashionpedia,train2020,47261,f2d886d0cb8d28972db97dcf45db4c8c.jpg,6,3,true,neckline|터틀넥,5.058,3,train,true
fashionpedia,train2020,47263,2418eff7a8e4ec93dd8e05f77ea78bfe.jpg,6,3,true,detail|리본|pattern|그래픽,2.891,2,train,true
fashionpedia,train2020,47276,a4297f409b19799712d112c94d35433a.jpg,6,3,true,collar|스탠드 칼라,5.388,2,train,true
fashionpedia,train2020,47281,f2d5d25ff62ef48331c529bf26e170d4.jpg,6,3,true,pattern|스트라이프|collar|폴로 칼라|upper_fit|여유핏,15.31,1,train,true
fashionpedia,train2020,47283,5274f1fed4e63aa0a889249ef5ef063f.jpg,6,3,true,detail|리본|silhouette|X라인|lower_fit|플레어핏,4.109,1,train,true
fashionpedia,train2020,47284,0b1504dbb03de64dbbe89270c742b346.jpg,6,3,true,sleeve_shape|벌룬 소매|pattern|플로럴,6.856,1,train,true
fashionpedia,train2020,47294,1d67ee9c3e2b9ecce55af0725dfe4ff5.jpg,6,3,true,collar|폴로 칼라,12.364,1,train,true
fashionpedia,train2020,47298,c244abe9dbb197297ed675d2fe5c9c23.jpg,6,3,true,neckline|스퀘어넥|lower_length|미디·7부 기장,7.246,1,train,true
fashionpedia,train2020,47300,f17af5516dcc84f3aa9ca82679eb6c7e.jpg,6,3,true,category|셔츠|silhouette|H라인|category|베스트|collar|셔츠 칼라|lower_fit|슬림핏|lower_fit|스트레이트핏|category|재킷|collar|라펠 칼라,14.851,4,train,true
fashionpedia,train2020,47301,a5aa9c3fab152f236da333eec7c67537.jpg,6,3,true,neckline|홀터넥,4.653,1,train,true
fashionpedia,train2020,47318,2922b7b73f6591dc399b0f03cdd36513.jpg,6,3,true,neckline|홀터넥,4.653,1,train,true
fashionpedia,train2020,47320,4b66082af5861693a29284048efd2908.jpg,6,3,true,collar|폴로 칼라,12.364,1,train,true
fashionpedia,train2020,47331,4f59e3797965cb1dbaea4186af5aff7b.jpg,6,3,true,sleeve_shape|벨 소매,5.333,1,train,true
fashionpedia,train2020,47332,2773cebd0097d89df7ec24f28ed0b0c7.jpg,6,3,true,silhouette|H라인|lower_fit|스트레이트핏|collar|폴로 칼라,15.106,2,train,true
fashionpedia,train2020,47335,bd335e2f739a41a87b0c598472ac1ee4.jpg,6,3,true,category|셔츠|silhouette|H라인|collar|라펠 칼라|lower_fit|스트레이트핏|category|재킷|category|베스트|collar|셔츠 칼라,13.728,4,train,true
fashionpedia,train2020,47336,9100d8d943bc175885be4ddd1267bcd6.jpg,6,3,true,sleeve_length|7부 소매|lower_length|미디·7부 기장|lower_fit|스트레이트핏|lower_length|무릎 기장|category|가디건,10.818,3,train,true
fashionpedia,train2020,47344,981591ce10ad7079affda8a73113ec0d.jpg,6,3,true,neckline|홀터넥|silhouette|A라인,6.098,1,train,true
fashionpedia,train2020,47349,a6cd810b98ade61728ee5d52ca625891.jpg,6,3,true,detail|플리츠|pattern|플로럴|lower_fit|플레어핏,3.995,1,train,true
fashionpedia,train2020,47356,0f3e307a59c81e43cae4bcca0a478e4d.jpg,6,3,true,sleeve_shape|래글런 소매|neckline|라운드넥|sleeve_length|7부 소매,9.488,1,train,true
fashionpedia,train2020,47365,4f35ceca27a7a8d62e86c27ef74d3b96.jpg,6,3,true,collar|스탠드 칼라,5.388,2,train,true
fashionpedia,train2020,47373,975de440d1427ddfeba48a1be5f53ee3.jpg,6,3,true,pattern|그래픽|category|니트,2.764,2,train,true
fashionpedia,train2020,47377,7d0d7d3097879f7fa5ed498b838660a6.jpg,6,3,true,neckline|스퀘어넥,5.972,2,train,true
fashionpedia,train2020,47407,c8c2a38f522b57a0699eb95fea627d9d.jpg,6,3,true,pattern|스트라이프|silhouette|A라인|sleeve_shape|캡 소매,4.077,1,train,true
fashionpedia,train2020,47421,1cba3d5e6199905a070787678b0b2ffc.jpg,6,3,true,neckline|터틀넥,5.058,1,train,true
fashionpedia,train2020,47429,62f2bede86fe0beac193f4decc9267bb.jpg,6,3,true,detail|스팽글,5.725,2,train,true
fashionpedia,train2020,47449,321a8b4c7e47b36837f043c1b97198ac.jpg,6,3,true,category|코트|neckline|라운드넥|sleeve_shape|벨 소매|collar|라펠 칼라,9.18,3,train,true
fashionpedia,train2020,47452,1d8be9ed51b0d0beee317a53daffd05f.jpg,6,3,true,detail|리본|silhouette|X라인|lower_fit|플레어핏,4.109,1,train,true
fashionpedia,train2020,47455,cca02179c99ee4d31754a1cfb53d3194.jpg,6,3,true,category|코트|lower_length|미디·7부 기장|neckline|터틀넥,7.641,2,train,true
fashionpedia,train2020,47456,1edb55366833f94b6edd6c7be36f263d.jpg,6,3,true,category|쇼츠|pattern|그래픽,2.567,1,train,true
fashionpedia,train2020,47465,e6dc2c99b10a4fd48299619d195f1918.jpg,6,3,true,neckline|스퀘어넥|lower_fit|플레어핏,7.231,1,train,true
fashionpedia,train2020,47469,3a1aa15fdd8eb3b38af008493c6327be.jpg,6,3,true,detail|스팽글|silhouette|X라인|lower_fit|플레어핏,12.126,1,train,true
fashionpedia,train2020,47478,47d203263d4cf93a66c2eaa0acd98e73.jpg,6,3,true,neckline|V넥|category|니트,2.582,2,train,true
fashionpedia,train2020,47479,84e67ae73a95bd7e99242be7a5173ada.jpg,6,3,true,pattern|스트라이프|detail|플리츠,2.857,2,train,true
fashionpedia,train2020,47480,6cfe8aa558a19ff3da4ba7afa28b44f9.jpg,6,3,true,detail|리본|silhouette|비대칭,2.803,1,train,true
fashionpedia,train2020,47487,7f3dab3dc5964c9b662506c6c8cd582d.jpg,6,3,true,category|쇼츠|category|니트,2.518,2,train,true
fashionpedia,train2020,47488,2f830f14c0f53371e09ea131822dce9b.jpg,6,3,true,silhouette|A라인|neckline|터틀넥,6.502,2,train,true
fashionpedia,train2020,47492,ea71edf190810bac9c56483239eae59a.jpg,6,3,true,silhouette|O라인|lower_length|무릎 기장,19.453,1,train,true
fashionpedia,train2020,47510,165fbce08e0b5dec403e772f051ad399.jpg,6,3,true,silhouette|A라인|sleeve_length|민소매|collar|셔츠 칼라,14.778,1,train,true
fashionpedia,train2020,47511,dccf648e1173fbf22480e541c79bd42d.jpg,6,3,true,neckline|라운드넥|lower_length|미디·7부 기장|lower_length|무릎 기장|sleeve_shape|캡 소매|lower_fit|플레어핏,14.143,2,train,true
fashionpedia,train2020,47512,7a4845ac679ca78e84fea15f0ebf1a3d.jpg,6,3,true,neckline|스퀘어넥,5.972,1,train,true
fashionpedia,train2020,47516,b22a09f6b91fcd9c286064757ffdfb53.jpg,6,3,true,sleeve_shape|벌룬 소매|sleeve_length|7부 소매,7.044,1,train,true
fashionpedia,train2020,47519,2d8cd1c1f4d708672b93cb9e2cf43252.jpg,6,3,true,neckline|V넥|pattern|그래픽,2.632,2,train,true
fashionpedia,train2020,47523,f3b7f654827bb229166f6c5b3af1f2a1.jpg,6,3,true,neckline|보트넥|lower_fit|플레어핏,2.63,1,train,true
fashionpedia,train2020,47526,5501a9bf5208df13969ad61216b64f0c.jpg,6,3,true,neckline|홀터넥,4.653,1,train,true
fashionpedia,train2020,47534,18e71d7e7dfab38c9e0d1ac1773bfb5f.jpg,6,3,true,detail|프릴·러플|neckline|V넥,2.62,1,train,true
fashionpedia,train2020,47538,5242d74e708f506768f72cccc3075527.jpg,6,3,true,neckline|스퀘어넥|silhouette|X라인|lower_length|무릎 기장|pattern|플로럴|lower_fit|플레어핏,15.067,1,train,true
fashionpedia,train2020,47548,0d279c565828f823f0add6b0d278f70a.jpg,6,3,true,neckline|홀터넥,4.653,1,train,true
fashionpedia,train2020,47564,444071ff7ebcd773aa0be52c717b68b0.jpg,6,3,true,lower_length|미디·7부 기장|pattern|애니멀,6.074,2,train,true
fashionpedia,train2020,47574,6edd53a2ab87b6d563fdbea5afd8a760.jpg,6,3,true,detail|스팽글,5.725,2,train,true
fashionpedia,train2020,47579,6e98562f0c729b3bd9bd080ce44491e8.jpg,6,3,true,category|코트|material|퍼·플리스|collar|라펠 칼라|lower_length|무릎 기장,8.34,1,train,true
fashionpedia,train2020,47583,cc15de2da035c405a319c07b27414402.jpg,6,3,true,lower_length|미디·7부 기장|lower_length|무릎 기장|sleeve_shape|캡 소매|silhouette|X라인|lower_fit|플레어핏,14.211,1,train,true
fashionpedia,train2020,47591,fc85cc80ee116b1bc6b05b13f27005c6.jpg,6,3,true,neckline|라운드넥|sleeve_length|7부 소매|lower_fit|스트레이트핏|category|가디건,9.389,2,train,true
fashionpedia,train2020,47596,16cc6c27c5f3c6135342d941edc4fc54.jpg,6,3,true,sleeve_shape|퍼프 소매|silhouette|A라인,7.651,1,train,true
fashionpedia,train2020,47598,043ca975160014591cf064e8fdc0ace6.jpg,6,3,true,material|퍼·플리스|neckline|V넥,5.564,3,train,true
fashionpedia,train2020,47599,9bc12888f3b9a8e6e1c7329df1a8d3e9.jpg,6,3,true,category|점프수트,4.536,1,train,true
fashionpedia,train2020,47604,bdc892ddc148f860e7fc2f056791faea.jpg,6,3,true,pattern|카모|category|재킷|collar|셔츠 칼라,17.303,3,train,true
fashionpedia,train2020,47605,7945bf39889376dc2f885a9ff40321d5.jpg,6,3,true,upper_fit|오버핏|collar|셔츠 칼라,7.733,1,train,true
fashionpedia,train2020,47611,c9f8a04cc77e5f42cd4aef0a3ad3a106.jpg,6,3,true,pattern|스트라이프|detail|후드,6.63,1,train,true
fashionpedia,train2020,47616,290f68346b9e3a5b137cc8d9da0b50f8.jpg,6,3,true,collar|폴로 칼라,12.364,1,train,true
fashionpedia,train2020,47623,b67d931f913be267465fafb05e6b30a7.jpg,6,3,true,neckline|V넥|collar|스탠드 칼라,6.612,3,train,true
fashionpedia,train2020,47628,b778c2b1a90e22e75bcc334923ea4bf4.jpg,6,3,true,pattern|체크|neckline|라운드넥|silhouette|H라인|lower_fit|스트레이트핏|sleeve_length|민소매,17.334,1,train,true
fashionpedia,train2020,47645,fa1617b9ca8047850d6a3b566b8b8761.jpg,6,3,true,detail|플리츠|lower_fit|플레어핏,2.754,2,train,true
fashionpedia,train2020,47656,0f084b7a8301a29ab1235b0b1259cd52.jpg,6,3,true,neckline|오프숄더,4.626,1,train,true
fashionpedia,train2020,47659,7dae1c89804b31d2f04a85ba27fe6ed0.jpg,6,3,true,collar|폴로 칼라,12.364,1,train,true
fashionpedia,train2020,47666,f7cb885ce456607df9dedbb5ee6510ce.jpg,6,3,true,neckline|홀터넥,4.653,1,train,true
fashionpedia,train2020,47667,cc334d5c9fc51c528f710d3052ddf07b.jpg,6,3,true,neckline|스퀘어넥|pattern|스트라이프,7.334,1,train,true
fashionpedia,train2020,47672,136ab8feab63ef640cacd3b3304a0bfa.jpg,6,3,true,pattern|스트라이프|collar|스탠드 칼라,6.749,2,train,true
fashionpedia,train2020,47674,4662ff54180db38e9e161945438118f4.jpg,6,3,true,category|점프수트,4.536,1,train,true
fashionpedia,train2020,47677,2a7f837b1e122ee974a59112b4791eb6.jpg,6,3,true,silhouette|X라인|lower_fit|플레어핏|pattern|도트,11.713,1,train,true
fashionpedia,train2020,47686,b7b41498d29042904c942c089c84887b.jpg,6,3,true,detail|리본|detail|스팽글,7.209,1,train,true
fashionpedia,train2020,47687,84eee5dfe7e118ef89b1335c2251f257.jpg,6,3,true,neckline|V넥|collar|스탠드 칼라,6.612,3,train,true
fashionpedia,train2020,47695,3a7680c3adbbaa140b34f0113c31b619.jpg,6,3,true,detail|스팽글,5.725,1,train,true
fashionpedia,train2020,47699,cb16cc96984e34cd2bbb52e3270a7920.jpg,6,3,true,neckline|스퀘어넥|pattern|플로럴,7.214,1,train,true
fashionpedia,train2020,47705,eedd0304e2a31d5153a9c6ac1b1e15d0.jpg,6,3,true,neckline|홀터넥|lower_fit|플레어핏,5.912,2,train,true
fashionpedia,train2020,47717,4ff01de0d0157a1c260f119c2fb24db1.jpg,6,3,true,detail|리본|pattern|그래픽,2.891,1,train,true
fashionpedia,train2020,47728,b0877a4ef732ad09d5f439764c65d2dc.jpg,6,3,true,neckline|홀터넥|silhouette|X라인|lower_fit|플레어핏,7.278,1,train,true
fashionpedia,train2020,47729,910d2f8d74bc02fa2fafcc60970d7cfc.jpg,6,3,true,detail|스팽글|lower_fit|플레어핏,6.984,1,train,true
fashionpedia,train2020,47749,7d77df176d50e5338a7e34dc54346fe1.jpg,6,3,true,category|코트|sleeve_shape|래글런 소매,2.999,1,train,true
fashionpedia,train2020,47752,e966ff5c21e5d31efd11ddaace60b864.jpg,6,3,true,lower_fit|스트레이트핏|detail|스팽글|silhouette|X라인|lower_fit|플레어핏,13.616,1,train,true
fashionpedia,train2020,47767,36f3d157cae70ec6bc8a511673877f46.jpg,6,3,true,pattern|스트라이프|upper_fit|오버핏|category|재킷|detail|플리츠|collar|라펠 칼라,11.8,3,train,true
fashionpedia,train2020,47769,279395568ff2ffe8502f5941025aa5fd.jpg,6,3,true,category|베스트,5.835,1,train,true
fashionpedia,train2020,47770,414c2224363354b5a84a23a7c4327fff.jpg,6,3,true,detail|프릴·러플|lower_fit|플레어핏,2.653,1,train,true
fashionpedia,train2020,47778,66c9775c64386b9d3368ecced96e0935.jpg,6,3,true,sleeve_shape|벌룬 소매|neckline|V넥,6.839,2,train,true
fashionpedia,train2020,47779,3120babbc0c36d9dfe800ecac3d9ecd1.jpg,6,3,true,category|셔츠|silhouette|H라인|collar|셔츠 칼라|lower_fit|슬림핏|lower_fit|스트레이트핏|category|재킷|collar|칼라 없음,13.418,3,train,true
fashionpedia,train2020,47782,02ee580ea6f0af3d5c4983f3ccd0d1ae.jpg,6,3,true,sleeve_shape|벌룬 소매,5.614,2,train,true
fashionpedia,train2020,47816,055a870e9d57da59260aca2b5c9b44a4.jpg,6,3,true,category|쇼츠|neckline|오프숄더,5.787,2,train,true
fashionpedia,train2020,47827,a8912b09ae4c18ddcedc9ce4de390c79.jpg,6,3,true,sleeve_shape|벨 소매,5.333,2,train,true
fashionpedia,train2020,47830,7ac72bf54fe1bc2f5ac625471f62761a.jpg,6,3,true,lower_length|미디·7부 기장|detail|스팽글,6.999,2,train,true
fashionpedia,train2020,47836,722e00f2babb644c7f0603c9aca818eb.jpg,6,3,true,neckline|터틀넥,5.058,2,train,true
fashionpedia,train2020,47841,2e8ba266f735e4d5903dc21acccd0ecc.jpg,6,3,true,collar|폴로 칼라,12.364,2,train,true
fashionpedia,train2020,47842,5aacf5ba63dabf8c5b8e30ba204d9e5f.jpg,6,3,true,pattern|스트라이프|detail|후드,6.63,1,train,true
fashionpedia,train2020,47849,0628d1dd92d834fc9ce4956a04d098de.jpg,6,3,true,sleeve_shape|퍼프 소매|collar|셔츠 칼라|pattern|플로럴,8.782,1,train,true
fashionpedia,train2020,47858,05abab87f7dcef5bb27219b12990111e.jpg,6,3,true,category|점프수트|pattern|플로럴,5.778,1,train,true
fashionpedia,train2020,47868,464fa05cc480a636da2172da57a738c1.jpg,6,3,true,collar|스탠드 칼라,5.388,2,train,true
fashionpedia,train2020,47876,e6111a8b7f0888c8286c6028daab24e5.jpg,6,3,true,pattern|스트라이프|neckline|보트넥,2.733,1,train,true
fashionpedia,train2020,47879,3a7d7cdeedbdfd6900c4829c9b369935.jpg,6,3,true,pattern|카모,14.666,2,train,true
fashionpedia,train2020,47881,fab1f77a0749f3717f8683301cdc56ee.jpg,6,3,true,neckline|홀터넥|silhouette|X라인|lower_fit|플레어핏,7.278,1,train,true
fashionpedia,train2020,47892,5c816abf8e2ff6afa92ac421cb12b55d.jpg,6,3,true,category|셔츠|silhouette|H라인|upper_fit|여유핏|category|베스트|collar|셔츠 칼라|lower_fit|스트레이트핏|category|재킷|collar|라펠 칼라,15.313,4,train,true
fashionpedia,train2020,47898,76dfd39ce8c974eba47aec37089fdf00.jpg,6,3,true,neckline|라운드넥|sleeve_length|7부 소매|detail|스팽글,8.453,1,train,true
fashionpedia,train2020,47925,387517d489970354647587aa54b505cf.jpg,6,3,true,detail|프릴·러플|neckline|V넥,2.62,1,train,true
fashionpedia,train2020,47944,5cb84afb52466c3d4dfeeaa5ce1e9cd3.jpg,6,3,true,category|코트|material|퍼·플리스,5.648,1,train,true
fashionpedia,train2020,47946,15fa0da5394ce9045232b4276d8f05bd.jpg,6,3,true,lower_length|미디·7부 기장|lower_fit|와이드핏,6.222,1,train,true
fashionpedia,train2020,47948,b721f57ef6179b08dcfc8d2b24ba97e3.jpg,6,3,true,lower_length|미디·7부 기장|lower_fit|와이드핏|pattern|플로럴,7.464,1,train,true
fashionpedia,train2020,47954,8abf34fa87a6c32c218009b82a25a16e.jpg,6,3,true,material|퍼·플리스,4.339,3,train,true
fashionpedia,train2020,47958,1ed810c7daf11aa9d4a83f53ceb8106f.jpg,6,3,true,category|쇼츠|pattern|그래픽,2.567,2,train,true
fashionpedia,train2020,47960,b0f84d75618fe285bd1655570452f458.jpg,6,3,true,pattern|스트라이프|detail|스팽글|lower_length|무릎 기장|neckline|V넥,9.764,1,train,true
fashionpedia,train2020,47971,b1e42b0e3688728bc3a0f125e406c5de.jpg,6,3,true,detail|리본|category|니트,2.841,1,train,true
fashionpedia,train2020,47972,f51382b3ad478055f39e9aeca7e948b5.jpg,6,3,true,lower_length|무릎 기장|category|가디건|detail|플리츠,8.118,3,train,true
fashionpedia,train2020,47975,6c27bcbd739efde4e27d086e8a28e4cc.jpg,6,3,true,collar|스탠드 칼라,5.388,1,train,true
fashionpedia,train2020,47976,23021871c24307a4b0f862d8adc5ad5e.jpg,6,3,true,sleeve_shape|벌룬 소매,5.614,2,train,true
fashionpedia,train2020,47978,3b21276d079ad7b955361db32ae39619.jpg,6,3,true,silhouette|O라인,18.0,1,train,true
fashionpedia,train2020,47984,5eb36e5ea65b73b5b94e2f2f92d6466c.jpg,6,3,true,category|코트|material|퍼·플리스|lower_length|무릎 기장|collar|라펠 칼라,8.34,3,train,true
fashionpedia,train2020,47990,8fc0330810db3e9ca0c4da7b0e713862.jpg,6,3,true,category|코트|material|퍼·플리스,5.648,1,train,true
fashionpedia,train2020,47999,9e49e79924e70b03c71f54f54d456915.jpg,6,3,true,category|쇼츠|pattern|그래픽,2.567,2,train,true
fashionpedia,train2020,48003,9870812a085d2e29de4ae46f8e950982.jpg,6,3,true,category|베스트|collar|셔츠 칼라,7.168,1,train,true
fashionpedia,train2020,48013,bcae6068899448b16f112c0e639087a6.jpg,6,3,true,detail|리본|lower_fit|스트레이트핏|silhouette|O라인,20.975,1,train,true
fashionpedia,train2020,48026,0e67ee2b9c93bd9d93c49f3da5068b77.jpg,6,3,true,collar|스탠드 칼라,5.388,3,train,true
fashionpedia,train2020,48060,a849a7aba8a9bdb1f4c46be33310fba2.jpg,6,3,true,neckline|홀터넥,4.653,1,train,true
fashionpedia,train2020,48064,6aa6dbee5576290fa785f8d96787ad2e.jpg,6,3,true,neckline|V넥|collar|스탠드 칼라,6.612,2,train,true
fashionpedia,train2020,48066,ed4bb0ddd63f69dd0dc46c4de645f049.jpg,6,3,true,detail|리본|silhouette|X라인|lower_fit|플레어핏,4.109,1,train,true
fashionpedia,train2020,48076,ea5fa472f44fa3dea6b70a454d374ae6.jpg,6,3,true,collar|폴로 칼라,12.364,2,train,true
fashionpedia,train2020,48087,1ed9ecaa49fcf435acd802b75ba4a026.jpg,6,3,true,category|셔츠|collar|라펠 칼라|lower_fit|스트레이트핏|category|재킷|category|베스트|collar|셔츠 칼라,12.477,4,train,true
fashionpedia,train2020,48092,0d0d0070b0fb770e92a48463aa638366.jpg,6,3,true,detail|리본|category|가디건,2.777,1,train,true
fashionpedia,train2020,48096,811a439ae3dbd26ee11d0234a76d16ba.jpg,6,3,true,sleeve_shape|벌룬 소매|pattern|스트라이프|collar|셔츠 칼라,8.309,1,train,true
fashionpedia,train2020,48097,847daf832bc979c6b77c3465a2d7d1fd.jpg,6,3,true,category|코트|material|퍼·플리스,5.648,1,train,true
fashionpedia,train2020,48102,ad0469c988e4c3c9941a649247fbd756.jpg,6,3,true,collar|스탠드 칼라|pattern|스트라이프|lower_length|미디·7부 기장|lower_length|무릎 기장|silhouette|A라인,10.921,1,train,true
fashionpedia,train2020,48104,b0cb77f70516ff27ea33e62d0dfbb4f9.jpg,6,3,true,sleeve_shape|래글런 소매|detail|리본,3.174,1,train,true
fashionpedia,train2020,48113,47531eaa8ed80d2abcf1b64331fdb0bb.jpg,6,3,true,detail|리본|category|니트,2.841,1,train,true
fashionpedia,train2020,48122,b7ff1dad356491e1e0efe7249dede85a.jpg,6,3,true,category|쇼츠|sleeve_length|7부 소매|collar|라펠 칼라|category|재킷|pattern|애니멀,9.933,3,train,true
fashionpedia,train2020,48126,a486587f8ed06429c771891109d266c2.jpg,6,3,true,neckline|홀터넥|lower_length|무릎 기장|silhouette|X라인|lower_fit|플레어핏,12.506,1,train,true
fashionpedia,train2020,48132,9c49a155cba8337b74c8ec165e5e6e9b.jpg,6,3,true,neckline|V넥|silhouette|비대칭,2.544,1,train,true
fashionpedia,train2020,48148,bfb39d52f314f4d887d9894ce127223a.jpg,6,3,true,neckline|홀터넥,4.653,1,train,true
fashionpedia,train2020,48151,508671d3e19ccbd462b45f50f968cffe.jpg,6,3,true,category|점프수트,4.536,1,train,true
fashionpedia,train2020,48166,5fd1be20fddeb29fceef51c01f5779a9.jpg,6,3,true,category|코트|category|점프수트,5.845,2,train,true
fashionpedia,train2020,48170,263605d2d44750d131b3b8ae21664545.jpg,6,3,true,neckline|스퀘어넥|detail|리본,7.456,1,train,true
fashionpedia,train2020,48175,14b95f93c672202d82a5fe7e94278987.jpg,6,3,true,category|코트|lower_fit|스트레이트핏|lower_length|무릎 기장|collar|칼라 없음,9.894,3,train,true
fashionpedia,train2020,48177,d305ed7919253b2b05b54eb583122e25.jpg,6,3,true,neckline|V넥|silhouette|비대칭,2.544,1,train,true
fashionpedia,train2020,48181,9af8fa0980c6c5650cae37d71b11e34c.jpg,6,3,true,category|가디건|pattern|그래픽,2.7,1,train,true
fashionpedia,train2020,48195,f9e72010f11f48f3846b0a650ab66234.jpg,6,3,true,neckline|라운드넥|detail|스팽글|lower_length|무릎 기장,8.475,1,train,true
fashionpedia,train2020,48200,adb0633c4e02ba17fc203d795dbc9bb2.jpg,6,3,true,pattern|그래픽|lower_fit|플레어핏,2.666,2,train,true
fashionpedia,train2020,48206,8fba326782c9693cc06a23ba05733aa3.jpg,6,3,true,pattern|그래픽|category|니트,2.764,3,train,true
fashionpedia,train2020,48210,1e0a40b1e63a923b775bb19976a100ca.jpg,6,3,true,category|셔츠|collar|라펠 칼라|upper_fit|여유핏|category|재킷|category|베스트|neckline|V넥|collar|셔츠 칼라,13.796,4,train,true
fashionpedia,train2020,48221,642f9206c465579aeb066711b3f42155.jpg,6,3,true,silhouette|X라인|neckline|V넥|pattern|플로럴|lower_fit|플레어핏,5.091,1,train,true
fashionpedia,train2020,48225,7f751e77e1eee567d6b20a74430247eb.jpg,6,3,true,detail|스팽글|neckline|V넥,6.95,1,train,true
fashionpedia,train2020,48235,ed60b6c6e1ba11bb7d2b232940a95152.jpg,6,3,true,sleeve_length|7부 소매|sleeve_shape|퍼프 소매|lower_length|무릎 기장|collar|셔츠 칼라,10.423,1,train,true
fashionpedia,train2020,48237,cae7aa3343ffbc36aef673ce6caedba3.jpg,6,3,true,pattern|체크|sleeve_length|7부 소매|collar|라펠 칼라|category|재킷|detail|플리츠|lower_fit|플레어핏,11.797,2,train,true
fashionpedia,train2020,48239,d1588b37f12a6cd2f0f8885eadc98928.jpg,6,3,true,category|쇼츠|pattern|그래픽,2.567,2,train,true
fashionpedia,train2020,48254,1a230a698d857e860151ef3eb8bc42cf.jpg,6,3,true,sleeve_length|7부 소매|lower_length|무릎 기장|pattern|애니멀|neckline|V넥,8.907,1,train,true
fashionpedia,train2020,48292,85ac1a7e66d1809a5a6bc193ff3c4190.jpg,6,3,true,category|코트|material|퍼·플리스,5.648,1,train,true
fashionpedia,train2020,48302,220751f9bc2ead3618f8b6828766d784.jpg,6,3,true,lower_length|미디·7부 기장|collar|라펠 칼라|lower_length|무릎 기장|pattern|도트|silhouette|X라인|lower_fit|플레어핏,15.679,1,train,true
fashionpedia,train2020,48303,293cf780a7a2857e267b1b4805e4938d.jpg,6,3,true,lower_fit|스트레이트핏|lower_length|무릎 기장|silhouette|비대칭|lower_fit|플레어핏,13.255,1,train,true
fashionpedia,train2020,48311,aea9e988c5d016ca68aa5464d8320210.jpg,6,3,true,lower_length|미디·7부 기장|silhouette|A라인|category|베스트,8.554,3,train,true
fashionpedia,train2020,48318,b64ad9fc432c9e85bbed2bc296faa557.jpg,6,3,true,sleeve_length|7부 소매|sleeve_shape|벨 소매,6.763,1,train,true
fashionpedia,train2020,48324,a4001601bc7120090465e2292be697d7.jpg,6,3,true,detail|스팽글,5.725,1,train,true
fashionpedia,train2020,48328,9c181e606843036c90576c1bd6595e68.jpg,6,3,true,collar|스탠드 칼라,5.388,1,train,true
fashionpedia,train2020,48336,d58e97f7f5c12a6ab0b810ea61e26b16.jpg,6,3,true,detail|리본|lower_fit|플레어핏,2.743,2,train,true
fashionpedia,train2020,48341,08b3018d0aec462e1f2073a11891d29c.jpg,6,3,true,silhouette|O라인,18.0,1,train,true
fashionpedia,train2020,48347,260a64cf3a02456249b9222e8bad6c3f.jpg,6,3,true,category|코트|material|퍼·플리스|collar|라펠 칼라,6.888,1,train,true
fashionpedia,train2020,48352,d45dc9e4646a31a45fea560bf45bfaec.jpg,6,3,true,collar|칼라 없음,5.641,1,train,true
fashionpedia,train2020,48360,e675458d1943f39d4821361d52d7de8b.jpg,6,3,true,neckline|V넥|pattern|그래픽,2.632,1,train,true
fashionpedia,train2020,48363,033e8b62b7daabc735b49f33e9f6303f.jpg,6,3,true,pattern|카모|neckline|라운드넥,15.964,2,train,true
fashionpedia,train2020,48376,28cdf0d2f2661b5de26f018611435cf2.jpg,6,3,true,category|코트|collar|스탠드 칼라|lower_length|미디·7부 기장|lower_length|무릎 기장|upper_fit|여유핏|pattern|플로럴,12.25,1,train,true
fashionpedia,train2020,48405,1fe8caa976052d2f325177c7cd83d6f6.jpg,6,3,true,neckline|스퀘어넥,5.972,1,train,true
fashionpedia,train2020,48414,5434a709434c99b831a398d11489ad1a.jpg,6,3,true,pattern|체크|collar|라펠 칼라|collar|스탠드 칼라,7.921,3,train,true
fashionpedia,train2020,48415,337a22c4b7944f71cd8c23c6b1db8297.jpg,6,3,true,category|가디건|neckline|V넥,2.518,1,train,true
fashionpedia,train2020,48429,b9af59911c7612e2670c6f418b0b7c1b.jpg,6,3,true,category|쇼츠|category|니트,2.518,2,train,true
fashionpedia,train2020,48434,5ad831ca7c61a750d1ef9d4f690f7a27.jpg,6,3,true,silhouette|H라인|lower_fit|스트레이트핏|collar|폴로 칼라,15.106,2,train,true
fashionpedia,train2020,48442,376fd25808508538b0be5ca5bb69f27f.jpg,6,3,true,detail|리본|pattern|그래픽,2.891,1,train,true
fashionpedia,train2020,48452,19d5072357e2408f5c572aad28e5bd3c.jpg,6,3,true,collar|스탠드 칼라|sleeve_length|7부 소매|lower_length|무릎 기장|lower_fit|플레어핏,13.305,1,train,true
fashionpedia,train2020,48454,57fb57d8714dce391b110b60b0381949.jpg,6,3,true,collar|스탠드 칼라|sleeve_length|7부 소매|lower_fit|플레어핏,8.076,1,train,true
fashionpedia,train2020,48459,47e4893e216d1d90e1ebc65447327fd8.jpg,6,3,true,pattern|스트라이프|detail|후드,6.63,2,train,true
fashionpedia,train2020,48463,3567bccfa6fe28e3cb0204a94d1e017c.jpg,6,3,true,category|코트|lower_length|미디·7부 기장|collar|라펠 칼라|sleeve_shape|벨 소매,9.156,1,train,true
fashionpedia,train2020,48468,3a8c1a39e8d031c202640d10af158ff4.jpg,6,3,true,neckline|스퀘어넥,5.972,1,train,true
fashionpedia,train2020,48490,08e10585a6beca9a468287bcc4d82c91.jpg,6,3,true,collar|폴로 칼라,12.364,2,train,true
fashionpedia,train2020,48498,36e945a41ced57bc9f4d6b223d84f903.jpg,6,3,true,detail|리본|pattern|그래픽,2.891,2,train,true
fashionpedia,train2020,48499,5b559d1f0409a224a381a2219342f96b.jpg,6,3,true,detail|리본|pattern|그래픽,2.891,1,train,true
fashionpedia,train2020,48504,315e82e37e81370a3f24d7c313f11cbb.jpg,6,3,true,sleeve_length|7부 소매|category|가디건|neckline|V넥,7.826,3,train,true
fashionpedia,train2020,48508,69d520a8831f0c76f068620d701edda6.jpg,6,3,true,detail|리본|silhouette|X라인|lower_fit|플레어핏,4.109,1,train,true
fashionpedia,train2020,48514,12893a9e5b350165d519ef438d2e428e.jpg,6,3,true,collar|칼라 없음,5.641,2,train,true
fashionpedia,train2020,48516,edc694dbb5f35db8af42652652e48a54.jpg,6,3,true,silhouette|비대칭|lower_fit|플레어핏,2.578,1,train,true
fashionpedia,train2020,48532,2a7b2c8c9d919c1391bd77aa36c6da8d.jpg,6,3,true,detail|리본|pattern|그래픽,2.891,2,train,true
fashionpedia,train2020,48549,dcbbbd5edb2fa41a515522662e880ca5.jpg,6,3,true,category|셔츠|collar|라펠 칼라|category|재킷|category|베스트|collar|셔츠 칼라,10.986,4,train,true
fashionpedia,train2020,48550,e44af43e8c8d16b26fb66dde2f4f2165.jpg,6,3,true,category|코트|neckline|라운드넥|detail|후드,7.875,2,train,true
fashionpedia,train2020,48551,3a68e93051146666d6159788840df981.jpg,6,3,true,category|코트|pattern|스트라이프|neckline|보트넥,4.043,3,train,true
fashionpedia,train2020,48563,3ff60d9e95fd3cb62640dc0a6e0f3686.jpg,6,3,true,collar|폴로 칼라|pattern|그래픽,13.771,1,train,true
fashionpedia,train2020,48574,281a871d084fb65468962b9b15e83787.jpg,6,3,true,detail|리본|silhouette|X라인|lower_fit|플레어핏,4.109,1,train,true
fashionpedia,train2020,48576,7d322d192ac60ad103487037fb014993.jpg,6,3,true,detail|스팽글,5.725,1,train,true
fashionpedia,train2020,48577,f679507e8ac12c2ec6ee6da27ee7ee08.jpg,6,3,true,category|코트|material|퍼·플리스,5.648,1,train,true
fashionpedia,train2020,48593,466e5d2f9e1254057099ff0fd3325e48.jpg,6,3,true,sleeve_length|7부 소매|sleeve_shape|벨 소매,6.763,2,train,true
fashionpedia,train2020,48597,6c67728ea082a86e42b36d308a456bce.jpg,6,3,true,detail|스팽글|silhouette|X라인|lower_fit|플레어핏,12.126,1,train,true
fashionpedia,train2020,48602,455911d3aeb704116ddc499fd05ffe9c.jpg,6,3,true,pattern|그래픽|silhouette|X라인|lower_fit|플레어핏,4.032,1,train,true
fashionpedia,train2020,48616,237349d53bebd95bb4b1c0ed04a9a2f7.jpg,6,3,true,detail|리본|silhouette|X라인|lower_fit|플레어핏,4.109,1,train,true
fashionpedia,train2020,48619,c6fd28b8ecd48a592cadab2fe5b0146f.jpg,6,3,true,material|가죽|neckline|라운드넥|sleeve_length|7부 소매|upper_fit|여유핏|category|재킷,20.188,3,train,true
fashionpedia,train2020,48624,5e4c7750d33fb89c3749695e9c859a28.jpg,6,3,true,collar|폴로 칼라,12.364,1,train,true
fashionpedia,train2020,48632,0a365216b17fca0c80f366cdd91f42b8.jpg,6,3,true,sleeve_shape|벌룬 소매|neckline|V넥,6.839,1,train,true
fashionpedia,train2020,48646,9f798350b7f075cd48c247157123442e.jpg,6,3,true,silhouette|X라인|lower_fit|플레어핏|pattern|도트,11.713,1,train,true
fashionpedia,train2020,48655,73929a081e0c5ab4240756ba7d410fc6.jpg,6,3,true,neckline|홀터넥|silhouette|A라인,6.098,1,train,true
fashionpedia,train2020,48668,4fe195142530a4a2aa63efd55af06438.jpg,6,3,true,detail|리본|silhouette|비대칭,2.803,1,train,true
fashionpedia,train2020,48669,d2f5db2b7e1680065f5830c50397653d.jpg,6,3,true,neckline|오프숄더,4.626,1,train,true
fashionpedia,train2020,48677,b93c23c3864e5530fbeddb8fed8aa18e.jpg,6,3,true,category|점프수트,4.536,1,train,true
fashionpedia,train2020,48681,5cb1af0453825791f2b7348b1797ac21.jpg,6,3,true,silhouette|O라인|lower_length|무릎 기장|pattern|플로럴,20.694,1,train,true
fashionpedia,train2020,48686,2837cde13ead351bfb8f8a0418047d6c.jpg,6,3,true,neckline|홀터넥|pattern|플로럴,5.895,1,train,true
fashionpedia,train2020,48687,2592fa256318fc564547aaedc4ad907a.jpg,6,3,true,category|코트|material|퍼·플리스|detail|리본|lower_length|무릎 기장,8.585,1,train,true
fashionpedia,train2020,48688,5fd843fd5563f0f44c55209d2d6a62aa.jpg,6,3,true,collar|스탠드 칼라,5.388,1,train,true
fashionpedia,train2020,48689,52e8e12808270f125e2f2952f3600c3e.jpg,6,3,true,category|점프수트,4.536,1,train,true
fashionpedia,train2020,48698,ae6592d84073e18fb710b5a98a29de02.jpg,6,3,true,detail|플리츠|silhouette|X라인|lower_fit|플레어핏,4.12,1,train,true
fashionpedia,train2020,48718,8197a3d0b420a066d1426a5587be1d1c.jpg,6,3,true,neckline|오프숄더,4.626,1,train,true
fashionpedia,train2020,48723,94ecd9aab0cd9ad96054158945469827.jpg,6,3,true,neckline|오프숄더,4.626,1,train,true
fashionpedia,train2020,48729,38baf92695aedb584c8565fb21c70fbe.jpg,6,3,true,upper_fit|오버핏,6.4,2,train,true
fashionpedia,train2020,48734,3bf81f7b24e092fae5a50e1a23b44a6e.jpg,6,3,true,collar|스탠드 칼라|collar|셔츠 칼라|collar|라펠 칼라,7.961,2,train,true
fashionpedia,train2020,48738,60645ee11d219105097b13b6e70606fe.jpg,6,3,true,category|쇼츠|category|셔츠|sleeve_length|7부 소매|collar|폴로 칼라|category|재킷|collar|라펠 칼라,18.772,3,train,true
fashionpedia,train2020,48741,ff8bee5113bb3a4e3b5b21d857800cdc.jpg,6,3,true,category|코트|silhouette|X라인|pattern|플로럴|lower_fit|플레어핏,5.176,2,train,true
fashionpedia,train2020,48744,8eae52adbebddc4b03a8530070ad2050.jpg,6,3,true,sleeve_length|7부 소매|upper_fit|여유핏|lower_fit|플레어핏|pattern|도트,13.362,2,train,true
fashionpedia,train2020,48746,045f0241982e8c13afd995e48fe58a2a.jpg,6,3,true,detail|스팽글,5.725,1,train,true
fashionpedia,train2020,48751,9143d45ad1a2ff9049b68b469e1b88db.jpg,6,3,true,sleeve_shape|벌룬 소매,5.614,1,train,true
fashionpedia,train2020,48753,d6c8fcf2a0e8b7878ef8bdf52e4cacac.jpg,6,3,true,neckline|홀터넥,4.653,1,train,true
fashionpedia,train2020,48762,69a6c7194fbb853588a3a3d0423906b2.jpg,6,3,true,detail|스팽글,5.725,1,train,true
fashionpedia,train2020,48766,9bfb09b6357e4cb6002c466b07a1be65.jpg,6,3,true,sleeve_length|7부 소매|neckline|V넥|collar|스탠드 칼라,8.042,3,train,true
fashionpedia,train2020,48769,55c34f158d2c380961283399f42f0c0c.jpg,6,3,true,silhouette|X라인|neckline|V넥|pattern|플로럴|lower_fit|플레어핏,5.091,1,train,true
fashionpedia,train2020,48772,9263ddbfc276e5eee9d1dedf16a338ad.jpg,6,3,true,sleeve_length|7부 소매|sleeve_shape|벨 소매,6.763,1,train,true
fashionpedia,train2020,48777,2fd9895be504d916093f33866b1060cf.jpg,6,3,true,category|점프수트|lower_length|미디·7부 기장,5.81,2,train,true
fashionpedia,train2020,48792,cb8ed6368e1e3796c0eb65b4edcfe1a8.jpg,6,3,true,category|셔츠|sleeve_length|7부 소매|lower_length|무릎 기장|category|재킷|pattern|애니멀|collar|라펠 칼라,11.5,3,train,true
fashionpedia,train2020,48793,746064ab2960a9b8a3e84480af53d4c2.jpg,6,3,true,neckline|스퀘어넥,5.972,1,train,true
fashionpedia,train2020,48795,6130cead65bdff3cb8722de67d441a45.jpg,6,3,true,neckline|스퀘어넥|silhouette|X라인|lower_fit|플레어핏,12.373,1,train,true
fashionpedia,train2020,48805,cb5bf8940ee8eaadbd050ddb814c7f21.jpg,6,3,true,pattern|스트라이프|detail|리본,2.846,2,train,true
fashionpedia,train2020,48809,705965b7cefacf7e6120a489825cdfde.jpg,6,3,true,neckline|홀터넥,4.653,1,train,true
fashionpedia,train2020,48812,c3198efbdec0fdcc368ce77106b0c59d.jpg,6,3,true,sleeve_shape|벌룬 소매|detail|리본,7.098,1,train,true
fashionpedia,train2020,48815,0fb7ae08096207894839fe76e6bc0239.jpg,6,3,true,category|코트|material|퍼·플리스|neckline|라운드넥|lower_length|무릎 기장|collar|라펠 칼라,9.638,3,train,true
fashionpedia,train2020,48821,8b2bf7a264b8b6659e8e784825e9cd70.jpg,6,3,true,neckline|V넥|category|니트,2.582,1,train,true
fashionpedia,train2020,48835,b593d9c9a22f3d1c9810efc9e7b12f27.jpg,6,3,true,neckline|V넥|category|니트,2.582,1,train,true
fashionpedia,train2020,48843,4dd220051bc87ed29c802a4c4d8403c1.jpg,6,3,true,lower_length|무릎 기장|upper_fit|여유핏|category|재킷|detail|플리츠|sleeve_shape|벨 소매|collar|셔츠 칼라|collar|라펠 칼라,13.742,3,train,true
fashionpedia,train2020,48847,4c01a8257c6593e8056f2d4f7e1ab84a.jpg,6,3,true,detail|리본|category|가디건,2.777,3,train,true
fashionpedia,train2020,48857,b744fa8316e7bd46c3d3e6ce601e7ccf.jpg,6,3,true,pattern|애니멀,4.8,1,train,true
fashionpedia,train2020,48859,1b7b0ad81b8b169fc84694d8f53f2124.jpg,6,3,true,neckline|보트넥|silhouette|X라인|lower_fit|플레어핏,3.996,1,train,true
fashionpedia,train2020,48863,905debd8389f36da6f147e7f855b7837.jpg,6,3,true,pattern|스트라이프|category|니트,2.719,2,train,true
fashionpedia,train2020,48890,7ea6f72faeec4427cd534fb018b4a097.jpg,6,3,true,neckline|홀터넥,4.653,1,train,true
fashionpedia,train2020,48891,6420a4bddec2d1f318bc959c877668d3.jpg,6,3,true,neckline|홀터넥|silhouette|X라인|lower_fit|플레어핏,7.278,1,train,true
fashionpedia,train2020,48892,d5c293546c54f4304e7efaff85b7b6bd.jpg,6,3,true,collar|폴로 칼라|pattern|그래픽,13.771,1,train,true
fashionpedia,train2020,48893,57b17eb5c21c4c1572ae0f865815fbf2.jpg,6,3,true,pattern|스트라이프|sleeve_length|7부 소매|collar|스탠드 칼라,8.18,2,train,true
fashionpedia,train2020,48918,08102f6f7ce429ea89b841569097b572.jpg,6,3,true,sleeve_shape|래글런 소매|neckline|라운드넥|sleeve_length|7부 소매,9.488,1,train,true
fashionpedia,train2020,48919,460db530e4d1475175786f9f0aa4d6e9.jpg,6,3,true,collar|칼라 없음,5.641,2,train,true
fashionpedia,train2020,48931,52928132a639010288b3599bdccf200f.jpg,6,3,true,neckline|홀터넥|silhouette|A라인,6.098,1,train,true
fashionpedia,train2020,48932,9e91015ac3a0afb66c1cf981c6bbdcb1.jpg,6,3,true,detail|리본|category|니트,2.841,1,train,true
fashionpedia,train2020,48938,48efc1a8b830fd0314007f7f09783524.jpg,6,3,true,category|코트|material|퍼·플리스|collar|셔츠 칼라,6.981,2,train,true
fashionpedia,train2020,48939,afa38f49820fd5f028b5e04197b93770.jpg,6,3,true,category|점프수트,4.536,1,train,true
fashionpedia,train2020,48941,18c22e4febd60c299968537bb35bbd2a.jpg,6,3,true,category|셔츠|lower_fit|스트레이트핏|category|재킷|collar|셔츠 칼라|collar|스탠드 칼라,10.79,3,train,true
fashionpedia,train2020,48956,96e0519694b90b1021218fe309bb147f.jpg,6,3,true,detail|플리츠|collar|칼라 없음,7.136,2,train,true
fashionpedia,train2020,48959,cd78fd855ecf0b8fab1a86f453dc0385.jpg,6,3,true,pattern|스트라이프|neckline|V넥|sleeve_shape|캡 소매,3.858,1,train,true
fashionpedia,train2020,48962,082a0e0fc69d3bbff4d4d7903ace2720.jpg,6,3,true,category|코트|collar|피터팬 칼라,20.368,1,train,true
fashionpedia,train2020,48975,c767c574673e259d9b6280be2eeb02d0.jpg,6,3,true,neckline|보트넥|lower_fit|플레어핏,2.63,2,train,true
fashionpedia,train2020,48976,810dc962a2f4c667048f86df2310a127.jpg,6,3,true,category|점프수트,4.536,1,train,true
fashionpedia,train2020,48980,3717c29a3b28aafcfd43dfe3b158e0e8.jpg,6,3,true,pattern|도트|collar|셔츠 칼라|collar|라펠 칼라,7.885,3,train,true
fashionpedia,train2020,48982,eda4f2383300a64fe779e2f98181b759.jpg,6,3,true,neckline|보트넥|lower_fit|플레어핏,2.63,2,train,true
fashionpedia,train2020,48995,4342fea8937ba0d16c64ab1ab031043b.jpg,6,3,true,category|베스트,5.835,2,train,true
fashionpedia,train2020,49010,69d65eac6b61bab13dafb3b5965b0451.jpg,6,3,true,detail|스팽글|neckline|V넥,6.95,1,train,true
fashionpedia,train2020,49031,844b607bb95613aefe1caaa973db80e1.jpg,6,3,true,pattern|체크|detail|리본,2.778,1,train,true
fashionpedia,train2020,49035,5eacd8a410c26e80294e43ef926cc59c.jpg,6,3,true,pattern|스트라이프|collar|폴로 칼라,13.726,1,train,true
fashionpedia,train2020,49037,0da2bbc191e53596d3e462499bc79262.jpg,6,3,true,category|코트|lower_length|미디·7부 기장|lower_fit|스트레이트핏|neckline|터틀넥|collar|라펠 칼라,10.372,3,train,true
fashionpedia,train2020,49038,123e5112b13ddbbe6706ca5a37d1b89b.jpg,6,3,true,detail|리본|pattern|플로럴|collar|스탠드 칼라,8.114,1,train,true
fashionpedia,train2020,49046,bc77fb7bdee5f6e6d89c2f5ad0842520.jpg,6,3,true,lower_fit|슬림핏|collar|피터팬 칼라,20.182,1,train,true
fashionpedia,train2020,49049,0aab74c7514e5823a871f40640bde3df.jpg,6,3,true,category|코트|sleeve_length|7부 소매|upper_fit|오버핏,9.139,2,train,true
fashionpedia,train2020,49053,3931ab6dbc40e1be4279e2949b693ec3.jpg,6,3,true,detail|스팽글,5.725,1,train,true
fashionpedia,train2020,49070,fef795dca9e54675a34da58d43b55420.jpg,6,3,true,neckline|홀터넥,4.653,1,train,true
fashionpedia,train2020,49071,41cfa69c85c179bdf8d447d9bc8148c2.jpg,6,3,true,neckline|라운드넥|lower_length|미디·7부 기장|pattern|도트,7.884,1,train,true
fashionpedia,train2020,49088,93cf08b89ded08b5297bc81d063869f4.jpg,6,3,true,lower_length|미디·7부 기장|lower_fit|스트레이트핏|lower_length|무릎 기장|silhouette|X라인|lower_fit|플레어핏|pattern|도트,15.93,1,train,true
fashionpedia,train2020,49089,45347689790b256a81b149475251b7ec.jpg,6,3,true,detail|리본|detail|스팽글,7.209,3,train,true
fashionpedia,train2020,49096,e69d7b329fc2906e61d29338188d7a50.jpg,6,3,true,category|코트|upper_fit|오버핏|lower_fit|스트레이트핏|lower_length|무릎 기장,10.653,3,train,true
fashionpedia,train2020,49100,38979e8b49a254e30ce9b803be77a413.jpg,6,3,true,neckline|터틀넥,5.058,1,train,true
fashionpedia,train2020,49102,082a422af29ddab6ddad3749aea2529f.jpg,6,3,true,category|베스트|neckline|V넥,7.06,1,train,true
fashionpedia,train2020,49103,4bb2cc7ed953132dd02b18ee64f54ed2.jpg,6,3,true,sleeve_shape|벌룬 소매|sleeve_length|7부 소매,7.044,1,train,true
fashionpedia,train2020,49107,c8499ab5df4309e3f7485d9bea95c2db.jpg,6,3,true,neckline|홀터넥,4.653,1,train,true
fashionpedia,train2020,49126,810c77a2dc87485ad8b01148d7934e16.jpg,6,3,true,category|셔츠|detail|스팽글|category|재킷|collar|셔츠 칼라|collar|라펠 칼라,10.876,3,train,true
fashionpedia,train2020,49144,b7330ea9d53744aa4028a03cc29dfe2c.jpg,6,3,true,neckline|스퀘어넥,5.972,1,train,true
fashionpedia,train2020,49148,8f46939519303833e06ab57a4ac90fca.jpg,6,3,true,neckline|홀터넥|pattern|플로럴|lower_fit|플레어핏,7.154,1,train,true
fashionpedia,train2020,49152,e6aa133747b4c53caaad8078956c9bab.jpg,6,3,true,category|코트|material|퍼·플리스,5.648,3,train,true
fashionpedia,train2020,49156,777ba9fc95b2da9210cb6ab0ea65abf2.jpg,6,3,true,neckline|홀터넥,4.653,1,train,true
fashionpedia,train2020,49164,3baddcb3bcebf5c838f1aad3042a2cac.jpg,6,3,true,category|셔츠|pattern|스트라이프|collar|셔츠 칼라|lower_fit|스트레이트핏|category|재킷|collar|스탠드 칼라,12.152,4,train,true
fashionpedia,train2020,49167,60bfd3b1fea52c7dffae7bd7f14f9ff6.jpg,6,3,true,sleeve_shape|래글런 소매|sleeve_length|7부 소매|lower_length|미디·7부 기장|lower_fit|스트레이트핏|upper_fit|여유핏,12.54,2,train,true
fashionpedia,train2020,49170,daf32d3826470e47e8bcf4ec54f4e5c5.jpg,6,3,true,lower_fit|와이드핏|pattern|플로럴|collar|라펠 칼라,7.429,3,train,true
fashionpedia,train2020,49174,2b44104bdfa0d2b22c8674329de51cda.jpg,6,3,true,sleeve_shape|벌룬 소매|lower_length|미디·7부 기장|lower_length|무릎 기장|lower_fit|플레어핏,13.376,2,train,true
fashionpedia,train2020,49176,2516a1b733aff35fe2a79f7dafbacf81.jpg,6,3,true,sleeve_shape|퍼프 소매|pattern|플로럴,7.449,1,train,true
fashionpedia,train2020,49188,9a45e95b71e083f3412a469fd1975dad.jpg,6,3,true,neckline|V넥|sleeve_shape|캡 소매,2.496,1,train,true
fashionpedia,train2020,49203,4f2884a3719b08a7f173543e5ffe90f0.jpg,6,3,true,upper_fit|여유핏|lower_fit|플레어핏|pattern|도트,11.932,2,train,true
fashionpedia,train2020,49206,6014927531d35ebdce03db777a3d448a.jpg,6,3,true,category|쇼츠|detail|후드,2.478,2,train,true
fashionpedia,train2020,49215,b8e1c12a1d366b99439653804b145cb7.jpg,6,3,true,detail|프릴·러플|detail|플리츠,2.89,2,train,true
fashionpedia,train2020,49222,647633929e0014f33bd126213c5e0fb9.jpg,6,3,true,neckline|라운드넥|silhouette|X라인|lower_fit|플레어핏|pattern|도트,13.011,1,train,true
fashionpedia,train2020,49227,dde14f0a6851fcc5ee064e0974255bb6.jpg,6,3,true,category|셔츠|lower_fit|스트레이트핏|pattern|도트|category|재킷|collar|셔츠 칼라|collar|라펠 칼라,11.954,3,train,true
fashionpedia,train2020,49235,08315d635a92c8995ac3b6f90adc9788.jpg,6,3,true,neckline|V넥|category|니트|lower_fit|플레어핏,3.841,2,train,true
fashionpedia,train2020,49241,991ffa4eb9ebefb8d461a6ac31650916.jpg,6,3,true,pattern|그래픽|lower_fit|플레어핏,2.666,2,train,true
fashionpedia,train2020,49244,6ca6d11886cf63883e44cfaba8bfebdd.jpg,6,3,true,category|셔츠|silhouette|H라인|lower_fit|스트레이트핏|pattern|도트|category|재킷|collar|셔츠 칼라|collar|라펠 칼라,13.205,3,train,true
fashionpedia,train2020,49250,628f8b7cbfd8f52c3becd207c1722d4c.jpg,6,3,true,category|가디건|pattern|플로럴|detail|리본|lower_fit|스트레이트핏|lower_length|미디·7부 기장,10.662,3,train,true
fashionpedia,train2020,49253,f6bc7557b65ec3b9def0d4b294972d92.jpg,6,3,true,neckline|스퀘어넥|lower_length|무릎 기장|pattern|플로럴,8.666,1,train,true
fashionpedia,train2020,49259,2c7016357d3afdfa24c22145d218e4df.jpg,6,3,true,pattern|카모|neckline|라운드넥,15.964,1,train,true
fashionpedia,train2020,49281,93638584bf961dba601b375150d083e4.jpg,6,3,true,category|코트|collar|셔츠 칼라|material|퍼·플리스|lower_length|미디·7부 기장|lower_fit|스트레이트핏|lower_length|무릎 기장,11.199,2,train,true
fashionpedia,train2020,49298,8fc3dc19929d749bf41fa0f122265586.jpg,6,3,true,sleeve_shape|퍼프 소매|collar|셔츠 칼라|pattern|플로럴,8.782,1,train,true
fashionpedia,train2020,49304,3d1c8fed10ff2454615900165303445a.jpg,6,3,true,collar|셔츠 칼라|pattern|도트|detail|플리츠,8.14,2,train,true
fashionpedia,train2020,49320,63146f763d6bdc52841976ac0c913e79.jpg,6,3,true,lower_fit|스트레이트핏|lower_length|무릎 기장|silhouette|A라인|collar|칼라 없음,10.029,2,train,true
fashionpedia,train2020,49328,9740b45893fba5a432b93d06d9d6fc5b.jpg,6,3,true,collar|스탠드 칼라,5.388,3,train,true
fashionpedia,train2020,49351,a1df8e1323646c3e3dee6ffecfbba7da.jpg,6,3,true,neckline|홀터넥,4.653,1,train,true
fashionpedia,train2020,49361,d5587843bf62b9ccc87651a20fdec930.jpg,6,3,true,lower_length|무릎 기장|category|가디건|silhouette|X라인|lower_fit|플레어핏,13.024,2,train,true
fashionpedia,train2020,49365,e1205728e6c3298a4ee64fbca0383940.jpg,6,3,true,sleeve_shape|벌룬 소매|sleeve_length|7부 소매|detail|리본,8.528,1,train,true
fashionpedia,train2020,49369,3e13f5f055955d085f1b8481ff17feec.jpg,6,3,true,sleeve_length|7부 소매|neckline|터틀넥,6.488,2,train,true
fashionpedia,train2020,49376,5cc9467feb5a09b36fba230f0d2420f6.jpg,6,3,true,sleeve_shape|벌룬 소매|collar|셔츠 칼라,6.947,2,train,true
fashionpedia,train2020,49377,69fdb509db67578e885f598400fd8867.jpg,6,3,true,pattern|스트라이프|upper_fit|오버핏,7.762,2,train,true
fashionpedia,train2020,49389,a924f0fe4a3cc82ac39e5e580dbd60f5.jpg,6,3,true,neckline|오프숄더,4.626,1,train,true
fashionpedia,train2020,49391,be98e2b1c25bef9391a1eac2b46cd7af.jpg,6,3,true,category|베스트,5.835,3,train,true
fashionpedia,train2020,49392,505a59e72d3cc557739c95769bc2e5ad.jpg,6,3,true,category|가디건|silhouette|X라인|lower_fit|플레어핏,7.795,3,train,true
fashionpedia,train2020,49414,28c6539e53cc28b6f702958fbdd2ee8b.jpg,6,3,true,detail|프릴·러플|silhouette|X라인|lower_fit|플레어핏,4.019,1,train,true
fashionpedia,train2020,49419,eababe6332d989f0a4041487ff89daa7.jpg,6,3,true,neckline|스퀘어넥|lower_length|미디·7부 기장|detail|리본|lower_length|무릎 기장,10.183,2,train,true
fashionpedia,train2020,49421,653b40d0ec73cda2902f020bab5c98d9.jpg,6,3,true,sleeve_length|7부 소매|lower_length|미디·7부 기장|lower_fit|스트레이트핏|lower_length|무릎 기장|category|가디건,10.818,3,train,true
fashionpedia,train2020,49425,23159bfe99b5353bf33bb05e46ab966e.jpg,6,3,true,category|점프수트|pattern|스트라이프|neckline|라운드넥|lower_fit|스트레이트핏|lower_length|무릎 기장,10.139,1,train,true
fashionpedia,train2020,49435,840866228412cff4c7a501f290d01b62.jpg,6,3,true,neckline|라운드넥|sleeve_length|7부 소매|detail|후드|lower_fit|스트레이트핏|category|재킷,10.79,4,train,true
fashionpedia,train2020,49443,65e7d18d207062ee530c6bc087c1ec53.jpg,6,3,true,collar|피터팬 칼라|silhouette|X라인|lower_fit|플레어핏,25.459,1,train,true
fashionpedia,train2020,49444,4612923c5497d45e03958b6cb44010e6.jpg,6,3,true,detail|스팽글,5.725,1,train,true
fashionpedia,train2020,49445,032d5cb98b2a0b4b939ca38c5fd8521a.jpg,6,3,true,neckline|라운드넥|lower_length|미디·7부 기장|lower_length|무릎 기장|silhouette|A라인|pattern|도트,10.781,1,train,true
fashionpedia,train2020,49446,d759ea0fd230cd361e6f4bd777738c97.jpg,6,3,true,lower_fit|스트레이트핏|lower_length|무릎 기장|silhouette|비대칭|lower_fit|플레어핏,13.255,1,train,true
fashionpedia,train2020,49460,2fdd21732bbfec4034b92ccbc3656dd8.jpg,6,3,true,pattern|그래픽|detail|리본,2.891,2,train,true
fashionpedia,train2020,49467,0e4cd752aa1c11749cf623999ad73090.jpg,6,3,true,category|가디건|detail|플리츠,2.788,3,train,true
fashionpedia,train2020,49474,dc4574fa5b6f7332dbd4858ca8b1702d.jpg,6,3,true,detail|스팽글,5.725,1,train,true
fashionpedia,train2020,49485,2e2e9c1a700165a0d939de543ce615b8.jpg,6,3,true,neckline|스퀘어넥,5.972,1,train,true
fashionpedia,train2020,49507,d328a82cfb800837cbf46ac721aad3ef.jpg,6,3,true,neckline|홀터넥,4.653,1,train,true
fashionpedia,train2020,49508,10b199368723a735953607408f630de2.jpg,6,3,true,neckline|V넥|category|니트,2.582,1,train,true
fashionpedia,train2020,49511,617e6d47a78b7990c8b8f0963979594f.jpg,6,3,true,detail|스팽글,5.725,1,train,true
fashionpedia,train2020,49512,e39acb7614415f7d1f55d3b305958127.jpg,6,3,true,neckline|홀터넥,4.653,1,train,true
fashionpedia,train2020,49534,c2c4c945966c71220b0fb76c2625e9d9.jpg,6,3,true,detail|스팽글,5.725,1,train,true
fashionpedia,train2020,49538,c549efb0866ef8f659bfd3c74470d6bd.jpg,6,3,true,neckline|라운드넥|silhouette|H라인|lower_fit|스트레이트핏|upper_fit|여유핏|category|가디건|pattern|플로럴|collar|라펠 칼라,13.277,2,train,true
fashionpedia,train2020,49544,bb33d9ac1c9e8650ea20f25728d33fe2.jpg,6,3,true,neckline|스퀘어넥|lower_length|무릎 기장|silhouette|A라인|detail|플리츠,10.364,2,train,true
fashionpedia,train2020,49546,24e4d97d80b4d4415546d4e22db14bb9.jpg,6,3,true,category|베스트|collar|셔츠 칼라,7.168,1,train,true
fashionpedia,train2020,49549,8ac35e15e5bae1bc109b06f2cb2e5eec.jpg,6,3,true,category|셔츠|detail|리본|collar|피터팬 칼라|pattern|플로럴,23.059,1,train,true
fashionpedia,train2020,49564,97f82a8f7b52cd64bd8a52ddcbdd3f76.jpg,6,3,true,sleeve_shape|벌룬 소매|category|코트|sleeve_length|7부 소매|lower_length|무릎 기장,9.806,3,train,true
fashionpedia,train2020,49565,e3706ede080a09f3bec4d3ee70e8d79f.jpg,6,3,true,detail|리본|silhouette|X라인|lower_fit|플레어핏,4.109,1,train,true
fashionpedia,train2020,49571,d07e0a668e4642892de78bd5fc238024.jpg,6,3,true,sleeve_length|7부 소매|lower_length|미디·7부 기장|pattern|도트|collar|셔츠 칼라,9.349,2,train,true
fashionpedia,train2020,49580,88c264473ac849d33885d002b8b8e23d.jpg,6,3,true,category|코트|material|퍼·플리스,5.648,2,train,true
fashionpedia,train2020,49595,5ec56e57de89b5c4ab7b5a796c4fa61c.jpg,6,3,true,detail|리본|pattern|그래픽,2.891,2,train,true
fashionpedia,train2020,49597,6217dbb9e5fb6f4eb863da0b2258bb9b.jpg,6,3,true,lower_length|무릎 기장|upper_fit|여유핏|category|가디건|pattern|플로럴|lower_fit|플레어핏,14.485,2,train,true
fashionpedia,train2020,49611,af96ba6a48017c173d968707bc573d7d.jpg,6,3,true,neckline|터틀넥,5.058,1,train,true
fashionpedia,train2020,49615,10e122244a7071e95f8f0670719c489a.jpg,6,3,true,neckline|보트넥|lower_fit|플레어핏,2.63,1,train,true
fashionpedia,train2020,49626,1733a939c5f7a38dbda50fd8dc8761e8.jpg,6,3,true,sleeve_shape|벌룬 소매,5.614,1,train,true
fashionpedia,train2020,49627,53ab9672689319bfbd8d8b37f73b13e5.jpg,6,3,true,collar|피터팬 칼라|lower_length|무릎 기장|silhouette|X라인|lower_fit|플레어핏,26.912,1,train,true
fashionpedia,train2020,49628,8ce0ac43170a70e594330656b8a81bc7.jpg,6,3,true,collar|폴로 칼라,12.364,1,train,true
fashionpedia,train2020,49638,7179a223ce145716d90ef100b4007b41.jpg,6,3,true,collar|스탠드 칼라,5.388,2,train,true
fashionpedia,train2020,49641,c7a3610c0043ceefdc9fcb7edd06b1c8.jpg,6,3,true,silhouette|O라인,18.0,1,train,true
fashionpedia,train2020,49643,14a9e54a14b7ba4c51fde16e000f2679.jpg,6,3,true,sleeve_shape|캡 소매|pattern|그래픽,2.678,2,train,true
fashionpedia,train2020,49647,21a62490f1be5231ac6c13f4c027c9a1.jpg,6,3,true,sleeve_shape|벌룬 소매,5.614,1,train,true
fashionpedia,train2020,49651,0aa0e20ce3dc61a32c040f3fe08c980a.jpg,6,3,true,lower_length|미디·7부 기장|neckline|터틀넥|pattern|플로럴,7.574,1,train,true
fashionpedia,train2020,49655,6092077e9b273a1d71a0db4d19f72dcb.jpg,6,3,true,category|코트|pattern|애니멀,6.109,2,train,true
fashionpedia,train2020,49657,c291c982b61111b373850e02a90d9977.jpg,6,3,true,category|쇼츠|pattern|그래픽,2.567,2,train,true
fashionpedia,train2020,49660,63e0d0dd66ac6d46eb153b24135116bd.jpg,6,3,true,pattern|스트라이프|collar|세일러 칼라|lower_length|무릎 기장,152.814,1,train,true
fashionpedia,train2020,49669,5f38809162aec5783faac004356c2077.jpg,6,3,true,lower_length|무릎 기장|silhouette|X라인|lower_fit|플레어핏|pattern|도트,13.165,1,train,true
fashionpedia,train2020,49699,9eabdd51cb0c04ae4bdd5d7af20fe65b.jpg,6,3,true,lower_fit|슬림핏|neckline|라운드넥|lower_length|미디·7부 기장|lower_length|무릎 기장|sleeve_shape|캡 소매|lower_fit|플레어핏,15.267,2,train,true
fashionpedia,train2020,49723,0cb8d8f6617c23458d5c234423904e5b.jpg,6,3,true,lower_length|미디·7부 기장|pattern|애니멀,6.074,1,train,true
fashionpedia,train2020,49724,503d26644d205e244811680da12b6b04.jpg,6,3,true,neckline|스퀘어넥|lower_length|미디·7부 기장|lower_length|무릎 기장|pattern|플로럴,9.941,1,train,true
fashionpedia,train2020,49731,03423db3cedd03d668b3859defffe2d0.jpg,6,3,true,neckline|터틀넥,5.058,1,train,true
fashionpedia,train2020,49732,fc579465c4ce34b81b6899c389d57f8a.jpg,6,3,true,pattern|체크|detail|리본,2.778,2,train,true
fashionpedia,train2020,49763,2eda081c4eea26633fa63dd89f390083.jpg,6,3,true,detail|플리츠|sleeve_shape|캡 소매|lower_fit|플레어핏,4.025,2,train,true
fashionpedia,train2020,49770,989ddd78c5ef1ffe19dc549831875d7b.jpg,6,3,true,neckline|V넥|sleeve_shape|캡 소매|lower_fit|플레어핏,3.755,1,train,true
fashionpedia,train2020,49771,4f54ece39f448fc34b7e7f402280aa40.jpg,6,3,true,category|셔츠|pattern|스트라이프|lower_length|미디·7부 기장|category|가디건|collar|셔츠 칼라,10.415,3,train,true
fashionpedia,train2020,49784,8f4a92929a71903528efacfa4b606fc6.jpg,6,3,true,detail|리본|neckline|터틀넥,6.542,2,train,true
fashionpedia,train2020,49791,8ccc4a8055582193a79452fdc3ad6fae.jpg,6,3,true,neckline|라운드넥|lower_fit|스트레이트핏|category|재킷|pattern|애니멀|collar|라펠 칼라,10.132,2,train,true
fashionpedia,train2020,49817,bcd37f5e30e5bdb29a193b117c4cad9d.jpg,6,3,true,category|점프수트|pattern|플로럴,5.778,1,train,true
fashionpedia,train2020,49819,80fdb521d0f80207a03fea13ab1bae0d.jpg,6,3,true,detail|스팽글,5.725,1,train,true
fashionpedia,train2020,49821,ffaed0bacd65eff22b9e5378d2fda54e.jpg,6,3,true,category|재킷|silhouette|X라인|lower_fit|플레어핏|collar|스탠드 칼라,13.092,2,train,true
fashionpedia,train2020,49833,04af99e5cf1ae417eb34de2994bad43c.jpg,6,3,true,pattern|그래픽|lower_fit|플레어핏,2.666,2,train,true
fashionpedia,train2020,49848,195ce895e48b255c8831e390467e4d84.jpg,6,3,true,category|쇼츠|upper_fit|오버핏,7.561,2,train,true
fashionpedia,train2020,49849,db62009adb77723c6f9a29b333279ffe.jpg,6,3,true,neckline|V넥|silhouette|비대칭,2.544,1,train,true
fashionpedia,train2020,49850,194a218e260601798bb657805050d7e1.jpg,6,3,true,neckline|오프숄더,4.626,1,train,true
fashionpedia,train2020,49854,0ce58f880900c114d3c0edf44f5d5cf4.jpg,6,3,true,lower_fit|슬림핏|material|가죽|category|재킷|neckline|V넥,18.223,2,train,true
fashionpedia,train2020,49857,66b3c5829038b23d903a087b9fedb6b1.jpg,6,3,true,collar|피터팬 칼라|silhouette|A라인|pattern|플로럴,21.745,1,train,true
fashionpedia,train2020,49858,22763ba5db79ce1a3f8d0ed1a44af570.jpg,6,3,true,pattern|스트라이프|detail|플리츠,2.857,2,train,true
fashionpedia,train2020,49859,e9686949fbb63add53e1c08a11d6e940.jpg,6,3,true,category|쇼츠|pattern|그래픽,2.567,2,train,true
fashionpedia,train2020,49861,7ca4732108515f92c2ba872d2b4b3580.jpg,6,3,true,sleeve_shape|캡 소매|pattern|그래픽,2.678,2,train,true
fashionpedia,train2020,49874,b4899866fcd61f707bcde5e841082674.jpg,6,3,true,collar|폴로 칼라,12.364,1,train,true
fashionpedia,train2020,49876,32c9b23ecf2615612810eacb832662ce.jpg,6,3,true,detail|플리츠|silhouette|비대칭,2.814,2,train,true
fashionpedia,train2020,49879,69449258f3300690530dcc4225bbe738.jpg,6,3,true,category|점프수트|pattern|플로럴,5.778,1,train,true
fashionpedia,train2020,49884,8501d34334a73a2d7ffb50807af5d581.jpg,6,3,true,category|코트|material|퍼·플리스|detail|플리츠,7.143,2,train,true
fashionpedia,train2020,49888,62b0e7bff72d540e5cb3273a6e28e6bf.jpg,6,3,true,detail|스팽글,5.725,1,train,true
fashionpedia,train2020,49890,2d2998ab27eb7db616147205c66fa7ef.jpg,6,3,true,sleeve_length|7부 소매|detail|스팽글,7.155,2,train,true
fashionpedia,train2020,49891,b200a605ecbf184a9e215e112bf2235d.jpg,6,3,true,detail|프릴·러플|detail|플리츠,2.89,2,train,true
fashionpedia,train2020,49893,a44b5aedff3cf989488def5aa6e7d413.jpg,6,3,true,pattern|도트|collar|셔츠 칼라|collar|라펠 칼라,7.885,3,train,true
fashionpedia,train2020,49900,50047c8e8ee93f3bc750296bceb24fe1.jpg,6,3,true,pattern|체크|detail|리본,2.778,2,train,true
fashionpedia,train2020,49902,46e50815e433d4d39facf2ef7e529b80.jpg,6,3,true,category|코트|material|퍼·플리스,5.648,1,train,true
fashionpedia,train2020,49903,8268f99ff7aa5fce978f104ab8ca2c37.jpg,6,3,true,neckline|보트넥|lower_fit|플레어핏,2.63,1,train,true
fashionpedia,train2020,49908,a4a98d8424af5090f8c22f2be551bc7a.jpg,6,3,true,neckline|스퀘어넥|silhouette|A라인,7.416,1,train,true
fashionpedia,train2020,49909,d9c0d30a852054dff456d9c93c52aa20.jpg,6,3,true,pattern|체크|sleeve_shape|캡 소매,2.565,2,train,true
fashionpedia,train2020,49925,0f4bd88d5a84a03a1e918e8bf8350004.jpg,6,3,true,neckline|보트넥|lower_fit|플레어핏,2.63,1,train,true
fashionpedia,train2020,49928,4af5eea240709176a5a1212653c1afb9.jpg,6,3,true,category|쇼츠|silhouette|A라인|detail|플리츠,4.1,3,train,true
fashionpedia,train2020,49934,8b54bcb7444c37b9fa8e317343da9fa4.jpg,6,3,true,category|코트|sleeve_shape|래글런 소매,2.999,1,train,true
fashionpedia,train2020,49937,a4340f63bd863c62106c84481984df22.jpg,6,3,true,collar|피터팬 칼라,19.058,1,train,true
fashionpedia,train2020,49941,a2d54b34221d7c845ffed1634f23899c.jpg,6,3,true,neckline|오프숄더|lower_fit|플레어핏,5.885,1,train,true
fashionpedia,train2020,49944,db3aaeaab2f86e996c3b255633181e0e.jpg,6,3,true,sleeve_shape|벌룬 소매,5.614,2,train,true
fashionpedia,train2020,49957,5f87757be3c5e4c22f62048931470cca.jpg,6,3,true,neckline|스퀘어넥|category|쇼츠,7.132,2,train,true
fashionpedia,train2020,49958,f4a2fe7477c54edefb5be8494a8a0d1e.jpg,6,3,true,detail|스팽글|lower_length|무릎 기장|lower_fit|플레어핏,12.212,1,train,true
fashionpedia,train2020,49964,21c3293742eaf28555b2d08e6bf0edda.jpg,6,3,true,category|쇼츠|pattern|그래픽,2.567,2,train,true
fashionpedia,train2020,49966,2df3c775c34c119919574ebd031c3bfb.jpg,6,3,true,neckline|오프숄더,4.626,1,train,true
fashionpedia,train2020,49970,720f1601aa2df92b1b26c46e38a445ee.jpg,6,3,true,pattern|그래픽|silhouette|X라인|lower_fit|플레어핏,4.032,2,train,true
fashionpedia,train2020,49987,7592718e102a58720b6ae980e8ea46d7.jpg,6,3,true,detail|스팽글,5.725,1,train,true
fashionpedia,train2020,49994,65966dee61bd7965714cc53987ace42b.jpg,6,3,true,silhouette|X라인|sleeve_shape|퍼프 소매|lower_length|무릎 기장|pattern|플로럴|lower_fit|플레어핏,15.302,1,train,true
fashionpedia,train2020,49998,1cd0fff0dfcf6e9c4c95b38c38ec92f0.jpg,6,3,true,detail|스팽글|lower_length|무릎 기장|silhouette|A라인,8.622,1,train,true
fashionpedia,train2020,50003,96ad2e00410d7d2d32ed4fe622e305d9.jpg,6,3,true,pattern|스트라이프|neckline|라운드넥|sleeve_length|7부 소매|sleeve_shape|벨 소매,9.423,2,train,true
fashionpedia,train2020,50009,765ae207e0229513cbb75b1ad905370e.jpg,6,3,true,pattern|체크|detail|리본,2.778,1,train,true
fashionpedia,train2020,50017,dad7edafe44e3b3767f92739be5be58c.jpg,6,3,true,neckline|스퀘어넥|lower_length|무릎 기장|silhouette|X라인|lower_fit|플레어핏,13.825,1,train,true
fashionpedia,train2020,50030,2a9f1fbdaf61194c439f67eb27e0e2d3.jpg,6,3,true,lower_length|무릎 기장|collar|피터팬 칼라|silhouette|A라인,21.955,1,train,true
fashionpedia,train2020,50035,68acf1acb35ee31e26fff5632a250495.jpg,6,3,true,sleeve_shape|퍼프 소매,6.207,2,train,true
fashionpedia,train2020,50042,ffc84093d5e6da2ef7f55550c93f8760.jpg,6,3,true,neckline|오프숄더,4.626,1,train,true
fashionpedia,train2020,50045,c0ae0b3fae63ca55b2a76703ccc7e338.jpg,6,3,true,detail|리본|silhouette|X라인|lower_fit|플레어핏,4.109,1,train,true
fashionpedia,train2020,50048,59d509e6fabf5f542e95101d5631016e.jpg,6,3,true,category|셔츠|lower_fit|스트레이트핏|category|재킷|collar|셔츠 칼라|collar|스탠드 칼라,10.79,3,train,true
fashionpedia,train2020,50056,b3bb5ac1cd3a6c2f175cf6b6bd8a8b47.jpg,6,3,true,category|코트|category|셔츠|collar|라펠 칼라|lower_length|무릎 기장|collar|스탠드 칼라,10.664,3,train,true
fashionpedia,train2020,50060,f96e9f85f7283e89047ece3432ba36f2.jpg,6,3,true,neckline|스퀘어넥|lower_length|미디·7부 기장|lower_fit|플레어핏,12.281,1,train,true
fashionpedia,train2020,50074,9ece706ecc4982c7a40f24d1c6f1669a.jpg,6,3,true,neckline|스퀘어넥|silhouette|A라인,7.416,1,train,true
fashionpedia,train2020,50078,c6792843ed3238ec7f0a364217b413f5.jpg,6,3,true,collar|스탠드 칼라,5.388,3,train,true
fashionpedia,train2020,50082,096a4696bbaee0d1ed471a160f268956.jpg,6,3,true,collar|칼라 없음,5.641,1,train,true
fashionpedia,train2020,50084,05b6fe78fe6487ebc55a4f186ddd073d.jpg,6,3,true,neckline|보트넥|lower_fit|플레어핏,2.63,1,train,true
fashionpedia,train2020,50089,fddd9e7e2eb5b23a4d29067314d1dc46.jpg,6,3,true,pattern|애니멀,4.8,1,train,true
fashionpedia,train2020,50090,7b8b6f21b611fa81350ef1d922d5113d.jpg,6,3,true,lower_length|미디·7부 기장|collar|피터팬 칼라|silhouette|X라인|lower_fit|플레어핏,26.733,1,train,true
fashionpedia,train2020,50095,840f25e540522f2e9f4f12705289c0cf.jpg,6,3,true,neckline|오프숄더|lower_length|미디·7부 기장|lower_length|무릎 기장|silhouette|X라인|lower_fit|플레어핏,13.754,1,train,true
fashionpedia,train2020,50098,6e7bf4b782799114a20a77404aeb01f4.jpg,6,3,true,category|가디건|neckline|V넥,2.518,1,train,true
fashionpedia,train2020,50116,2456fe1c7045d8faea56ce04e08d498f.jpg,6,3,true,category|코트|sleeve_length|7부 소매|lower_length|미디·7부 기장|lower_length|무릎 기장|sleeve_shape|벨 소매|pattern|플로럴,12.041,2,train,true
fashionpedia,train2020,50119,32bc97a2ce6c759bcecadf10d1e8c7c6.jpg,6,3,true,neckline|보트넥|silhouette|X라인|lower_fit|플레어핏,3.996,1,train,true
fashionpedia,train2020,50127,ee8599496c88f38306325ae2894ff66d.jpg,6,3,true,pattern|스트라이프|detail|플리츠,2.857,1,train,true
fashionpedia,train2020,50135,f610676954d46a476deb6fcd53d5e63e.jpg,6,3,true,category|점프수트,4.536,1,train,true
fashionpedia,train2020,50150,7e0983759e04a5416f13bf12afc1fa31.jpg,6,3,true,detail|플리츠|silhouette|비대칭,2.814,2,train,true
fashionpedia,train2020,50158,5d3e7592ffe59835c0969d93067d39a0.jpg,6,3,true,category|점프수트|pattern|플로럴,5.778,1,train,true
fashionpedia,train2020,50159,850464bb2563e7da1c822a261666d230.jpg,6,3,true,sleeve_length|7부 소매|lower_length|무릎 기장|category|가디건|detail|플리츠,9.548,3,train,true
fashionpedia,train2020,50163,ce0986479ab1638528d0d24704bd9daf.jpg,6,3,true,category|코트|sleeve_length|7부 소매|lower_length|무릎 기장|collar|스탠드 칼라,9.579,1,train,true
fashionpedia,train2020,50194,180555feea6ea1c5ab6708dc9ed0e79b.jpg,6,3,true,collar|폴로 칼라,12.364,2,train,true
fashionpedia,train2020,50196,c4a26e99e1e226f512a18d3b46bd7846.jpg,6,3,true,detail|리본|detail|플리츠,2.979,3,train,true
fashionpedia,train2020,50201,6444627a3e98da42e2bc564cf18e57b1.jpg,6,3,true,lower_length|미디·7부 기장|detail|리본|silhouette|X라인|lower_fit|플레어핏,5.383,1,train,true
fashionpedia,train2020,50206,4c94ef354a92274801a774aeef2a3772.jpg,6,3,true,silhouette|O라인|pattern|플로럴,19.242,1,train,true
fashionpedia,train2020,50211,307c0fa71469f84af2380c19f5770e2b.jpg,6,3,true,sleeve_shape|래글런 소매|detail|리본|lower_length|무릎 기장|neckline|V넥,10.922,2,train,true
fashionpedia,train2020,50214,d32b6162f50b760180d845dc270ed5aa.jpg,6,3,true,neckline|터틀넥,5.058,1,train,true
fashionpedia,train2020,50224,74f4444d74acc25da033a89d5d7122c3.jpg,6,3,true,category|셔츠|category|재킷|category|베스트|neckline|V넥|collar|셔츠 칼라|collar|라펠 칼라,12.211,3,train,true
fashionpedia,train2020,50237,3313ed5e5e72b080268cc66cdf4ddbbc.jpg,6,3,true,neckline|라운드넥|sleeve_length|7부 소매|category|가디건,7.899,3,train,true
fashionpedia,train2020,50242,adfe62ff660f18a699fe2b34e15c7871.jpg,6,3,true,collar|스탠드 칼라,5.388,3,train,true
fashionpedia,train2020,50245,9d84c59b8e3a4ec177c1760b796b649d.jpg,6,3,true,neckline|스퀘어넥,5.972,1,train,true
fashionpedia,train2020,50252,33c9f83650b8c65f00575492c34813e1.jpg,6,3,true,neckline|홀터넥,4.653,1,train,true
fashionpedia,train2020,50267,c8fc683e179432db90d04f0fa6b451d9.jpg,6,3,true,category|점프수트,4.536,1,train,true
fashionpedia,train2020,50278,e1703fcfa547b1c90100a0010001af80.jpg,6,3,true,sleeve_shape|벌룬 소매|detail|리본,7.098,1,train,true
fashionpedia,train2020,50292,7b9878272898ebb5db2ac6dc959fce3c.jpg,6,3,true,neckline|라운드넥|lower_length|미디·7부 기장|category|베스트|neckline|V넥,9.632,3,train,true
fashionpedia,train2020,50297,e70a2655fea44ee3802fccf5cf645e80.jpg,6,3,true,neckline|홀터넥,4.653,1,train,true
fashionpedia,train2020,50304,1f59c897dc47ddf8594fd1a7f67a9a12.jpg,6,3,true,neckline|V넥|pattern|그래픽,2.632,3,train,true
fashionpedia,train2020,50331,bec73e867302eac2a84020ca4020e447.jpg,6,3,true,category|셔츠|collar|라펠 칼라|category|재킷|category|베스트|neckline|V넥|collar|셔츠 칼라,12.211,4,train,true
fashionpedia,train2020,50334,4a44c10c8b40c5e9b7eab0dbc6c1277e.jpg,6,3,true,neckline|라운드넥|lower_length|무릎 기장|sleeve_shape|벨 소매|silhouette|X라인|lower_fit|플레어핏,14.484,1,train,true
fashionpedia,train2020,50356,8939470c3f90f46cd562d573d5566ff8.jpg,6,3,true,lower_length|미디·7부 기장|lower_length|무릎 기장|silhouette|A라인|pattern|애니멀|neckline|V넥,10.196,2,train,true
fashionpedia,train2020,50364,3499121ce405980ecd77b001312f9087.jpg,6,3,true,pattern|스트라이프|detail|리본|silhouette|A라인,4.291,3,train,true
fashionpedia,train2020,50378,1c1eefe7ef63721626cef5c3214094a9.jpg,6,3,true,category|코트|category|쇼츠|pattern|체크,3.764,2,train,true
fashionpedia,train2020,50381,7714ad8242b99c466eacc755e62453fc.jpg,6,3,true,silhouette|X라인|pattern|플로럴|lower_fit|플레어핏|collar|스탠드 칼라,13.03,1,train,true
fashionpedia,train2020,50394,717179dc9263668a6be3316d87b2fdbc.jpg,6,3,true,neckline|스퀘어넥|lower_length|미디·7부 기장,7.246,1,train,true
fashionpedia,train2020,50397,d27ed5032d2e011ede6f4080957c29ea.jpg,6,3,true,category|코트|pattern|그래픽|lower_length|미디·7부 기장|lower_fit|스트레이트핏|neckline|터틀넥,10.539,2,train,true
fashionpedia,train2020,50399,7db2460ad63570fe3cb28f0284c7d30d.jpg,6,3,true,neckline|스퀘어넥,5.972,1,train,true
fashionpedia,train2020,50405,3fbd7d51429c5bf258e2afb8534ddcc5.jpg,6,3,true,pattern|스트라이프|collar|폴로 칼라,13.726,1,train,true
fashionpedia,train2020,50410,12851b14c3c595434a03fe4d453cb82a.jpg,6,3,true,lower_fit|슬림핏|silhouette|H라인|lower_fit|스트레이트핏|upper_fit|여유핏|category|베스트|neckline|V넥|pattern|플로럴,13.752,3,train,true
fashionpedia,train2020,50418,e10d3a3fa9e8d8c220b2f76fc41ee635.jpg,6,3,true,category|코트|pattern|스트라이프|neckline|라운드넥|detail|후드|lower_length|무릎 기장|upper_fit|여유핏,12.275,3,train,true
fashionpedia,train2020,50431,197defd085e5846e1af941d48d417f7a.jpg,6,3,true,neckline|홀터넥|silhouette|A라인,6.098,1,train,true
fashionpedia,train2020,50432,136dab95b4398a9a560e09b7912ae500.jpg,6,3,true,detail|스팽글,5.725,1,train,true
fashionpedia,train2020,50435,e79da2891352ef80dedd061570f79736.jpg,6,3,true,category|코트|material|퍼·플리스|pattern|스트라이프|lower_fit|스트레이트핏|lower_length|무릎 기장|collar|라펠 칼라,11.193,2,train,true
fashionpedia,train2020,50437,20ce4ccf8ea96209eaf3577dcba63b63.jpg,6,3,true,neckline|V넥|silhouette|비대칭,2.544,1,train,true
fashionpedia,train2020,50440,fa6a15e903e7949093f4ec11fcffdb01.jpg,6,3,true,collar|피터팬 칼라|silhouette|A라인|pattern|플로럴,21.745,1,train,true
fashionpedia,train2020,50445,362e4143912453d0eb6828bd4ff1fffd.jpg,6,3,true,category|가디건|neckline|V넥|lower_fit|플레어핏,7.654,2,train,true
fashionpedia,train2020,50449,bf08adcf05ef05548302435ecc27a19f.jpg,6,3,true,category|코트|category|쇼츠|detail|리본,3.954,3,train,true
fashionpedia,train2020,50461,79bcfed2cd4d1896916cd1744f28103b.jpg,6,3,true,lower_fit|플레어핏|pattern|도트,2.587,1,train,true
fashionpedia,train2020,50465,a667e4f9a1eccee928c5b80eedf89e0e.jpg,6,3,true,sleeve_shape|벌룬 소매,5.614,1,train,true
fashionpedia,train2020,50467,c7da60911f6506704b5f25ab7694634b.jpg,6,3,true,pattern|체크|detail|리본,2.778,1,train,true
fashionpedia,train2020,50468,1b14266c890e1b2b34e23f76d768fecd.jpg,6,3,true,category|코트|material|퍼·플리스,5.648,1,train,true
fashionpedia,train2020,50470,560024458b89469d59461f6e06d32fc9.jpg,6,3,true,pattern|애니멀,4.8,2,train,true
fashionpedia,train2020,50490,4a637075fe5498e4b2133c8978316aca.jpg,6,3,true,neckline|V넥|sleeve_shape|캡 소매|lower_fit|플레어핏,3.755,1,train,true
fashionpedia,train2020,50496,54a66e77de2557b9771bb9a513e7cb9d.jpg,6,3,true,detail|리본|category|니트,2.841,2,train,true
fashionpedia,train2020,50500,4533e05d94b4c10c114d00543b22509a.jpg,6,3,true,pattern|스트라이프|collar|스탠드 칼라,6.749,1,train,true
fashionpedia,train2020,50505,c27ecdc73de7595422d64c91e39960d7.jpg,6,3,true,sleeve_shape|벌룬 소매|collar|셔츠 칼라,6.947,3,train,true
fashionpedia,train2020,50508,d53969bf5d7918f14ae8d71b1a1ed234.jpg,6,3,true,sleeve_shape|벨 소매|pattern|플로럴|lower_fit|플레어핏,11.61,1,train,true
fashionpedia,train2020,50514,319f200414b66ac3236a74cdd569ecbb.jpg,6,3,true,detail|플리츠|sleeve_shape|캡 소매|lower_fit|플레어핏,4.025,2,train,true
fashionpedia,train2020,50521,c868cac6204b80a406f0fc11117f234d.jpg,6,3,true,detail|리본|silhouette|X라인|lower_fit|플레어핏,4.109,1,train,true
fashionpedia,train2020,50528,0142a4ba3023f646c7b1efbebd8c4b46.jpg,6,3,true,sleeve_length|7부 소매|lower_fit|스트레이트핏|lower_length|무릎 기장|sleeve_shape|퍼프 소매,10.58,1,train,true
fashionpedia,train2020,50531,217a8c4122165839c6967ab7430ef28b.jpg,6,3,true,lower_length|미디·7부 기장|lower_length|무릎 기장|silhouette|X라인|lower_fit|플레어핏|pattern|도트,14.439,1,train,true
